Copyright 1986-2022 Xilinx, Inc. All Rights Reserved. Copyright 2022-2025 Advanced Micro Devices, Inc. All Rights Reserved.
---------------------------------------------------------------------------------------------------------------------------------------------
| Tool Version : Vivado v.2025.2 (win64) Build 6299465 Fri Nov 14 19:35:11 GMT 2025
| Date         : Sat Sep  5 14:48:39 2026
| Host         : LAPTOP-EPHGQB72 running 64-bit major release  (build 9200)
| Command      : report_timing_summary -file impl_results/artix7_4core_speed3/artix7_timing_summary.rpt -max_paths 10 -report_unconstrained
| Design       : iv_multi_engine_top
| Device       : 7a200t-ffg1156
| Speed File   : -3  PRODUCTION 1.23 2018-06-13
| Design State : Routed
---------------------------------------------------------------------------------------------------------------------------------------------

Timing Summary Report

------------------------------------------------------------------------------------------------
| Timer Settings
| --------------
------------------------------------------------------------------------------------------------

  Enable Multi Corner Analysis               :  Yes
  Enable Pessimism Removal                   :  Yes
  Pessimism Removal Resolution               :  Nearest Common Node
  Enable Input Delay Default Clock           :  No
  Enable Preset / Clear Arcs                 :  No
  Disable Flight Delays                      :  No
  Ignore I/O Paths                           :  No
  Timing Early Launch at Borrowing Latches   :  No
  Borrow Time for Max Delay Exceptions       :  Yes
  Merge Timing Exceptions                    :  Yes
  Inter-SLR Compensation                     :  Conservative

  Corner  Analyze    Analyze    
  Name    Max Paths  Min Paths  
  ------  ---------  ---------  
  Slow    Yes        Yes        
  Fast    Yes        Yes        


------------------------------------------------------------------------------------------------
| Report Methodology
| ------------------
------------------------------------------------------------------------------------------------

No report available as report_methodology has not been run prior. Run report_methodology on the current design for the summary of methodology violations.



check_timing report

Table of Contents
-----------------
1. checking no_clock (0)
2. checking constant_clock (0)
3. checking pulse_width_clock (0)
4. checking unconstrained_internal_endpoints (0)
5. checking no_input_delay (169)
6. checking no_output_delay (130)
7. checking multiple_clock (0)
8. checking generated_clocks (0)
9. checking loops (0)
10. checking partial_input_delay (0)
11. checking partial_output_delay (0)
12. checking latch_loops (0)

1. checking no_clock (0)
------------------------
 There are 0 register/latch pins with no clock.


2. checking constant_clock (0)
------------------------------
 There are 0 register/latch pins with constant_clock.


3. checking pulse_width_clock (0)
---------------------------------
 There are 0 register/latch pins which need pulse_width check


4. checking unconstrained_internal_endpoints (0)
------------------------------------------------
 There are 0 pins that are not constrained for maximum delay.

 There are 0 pins that are not constrained for maximum delay due to constant clock.


5. checking no_input_delay (169)
--------------------------------
 There are 168 input ports with no input delay specified. (HIGH)

 There is 1 input port with no input delay but user has a false path constraint. (MEDIUM)


6. checking no_output_delay (130)
---------------------------------
 There are 130 ports with no output delay specified. (HIGH)

 There are 0 ports with no output delay but user has a false path constraint

 There are 0 ports with no output delay but with a timing clock defined on it or propagating through it


7. checking multiple_clock (0)
------------------------------
 There are 0 register/latch pins with multiple clocks.


8. checking generated_clocks (0)
--------------------------------
 There are 0 generated clocks that are not connected to a clock source.


9. checking loops (0)
---------------------
 There are 0 combinational loops in the design.


10. checking partial_input_delay (0)
------------------------------------
 There are 0 input ports with partial input delay specified.


11. checking partial_output_delay (0)
-------------------------------------
 There are 0 ports with partial output delay specified.


12. checking latch_loops (0)
----------------------------
 There are 0 combinational latch loops in the design through latch input



------------------------------------------------------------------------------------------------
| Design Timing Summary
| ---------------------
------------------------------------------------------------------------------------------------

    WNS(ns)      TNS(ns)  TNS Failing Endpoints  TNS Total Endpoints      WHS(ns)      THS(ns)  THS Failing Endpoints  THS Total Endpoints     WPWS(ns)     TPWS(ns)  TPWS Failing Endpoints  TPWS Total Endpoints  
    -------      -------  ---------------------  -------------------      -------      -------  ---------------------  -------------------     --------     --------  ----------------------  --------------------  
      0.005        0.000                      0               189999        0.058        0.000                      0               189999        3.950        0.000                       0                139950  


All user specified timing constraints are met.


------------------------------------------------------------------------------------------------
| Clock Summary
| -------------
------------------------------------------------------------------------------------------------

Clock  Waveform(ns)       Period(ns)      Frequency(MHz)
-----  ------------       ----------      --------------
aclk   {0.000 5.000}      10.000          100.000         


------------------------------------------------------------------------------------------------
| Intra Clock Table
| -----------------
------------------------------------------------------------------------------------------------

Clock             WNS(ns)      TNS(ns)  TNS Failing Endpoints  TNS Total Endpoints      WHS(ns)      THS(ns)  THS Failing Endpoints  THS Total Endpoints     WPWS(ns)     TPWS(ns)  TPWS Failing Endpoints  TPWS Total Endpoints  
-----             -------      -------  ---------------------  -------------------      -------      -------  ---------------------  -------------------     --------     --------  ----------------------  --------------------  
aclk                0.005        0.000                      0               189999        0.058        0.000                      0               189999        3.950        0.000                       0                139950  


------------------------------------------------------------------------------------------------
| Inter Clock Table
| -----------------
------------------------------------------------------------------------------------------------

From Clock    To Clock          WNS(ns)      TNS(ns)  TNS Failing Endpoints  TNS Total Endpoints      WHS(ns)      THS(ns)  THS Failing Endpoints  THS Total Endpoints  
----------    --------          -------      -------  ---------------------  -------------------      -------      -------  ---------------------  -------------------  


------------------------------------------------------------------------------------------------
| Other Path Groups Table
| -----------------------
------------------------------------------------------------------------------------------------

Path Group    From Clock    To Clock          WNS(ns)      TNS(ns)  TNS Failing Endpoints  TNS Total Endpoints      WHS(ns)      THS(ns)  THS Failing Endpoints  THS Total Endpoints  
----------    ----------    --------          -------      -------  ---------------------  -------------------      -------      -------  ---------------------  -------------------  


------------------------------------------------------------------------------------------------
| User Ignored Path Table
| -----------------------
------------------------------------------------------------------------------------------------

Path Group    From Clock    To Clock    
----------    ----------    --------    
(none)                      aclk          


------------------------------------------------------------------------------------------------
| Unconstrained Path Table
| ------------------------
------------------------------------------------------------------------------------------------

Path Group    From Clock    To Clock    
----------    ----------    --------    
(none)                                    
(none)        aclk                        
(none)                      aclk          


------------------------------------------------------------------------------------------------
| Timing Details
| --------------
------------------------------------------------------------------------------------------------


---------------------------------------------------------------------------------------------------
From Clock:  aclk
  To Clock:  aclk

Setup :            0  Failing Endpoints,  Worst Slack        0.005ns,  Total Violation        0.000ns
Hold  :            0  Failing Endpoints,  Worst Slack        0.058ns,  Total Violation        0.000ns
PW    :            0  Failing Endpoints,  Worst Slack        3.950ns,  Total Violation        0.000ns
---------------------------------------------------------------------------------------------------


Max Delay Paths
--------------------------------------------------------------------------------------
Slack (MET) :             0.005ns  (required time - arrival time)
  Source:                 core_inst_gen[1].u_engine_core/u_iv_top/gen_init_guess.u_init_guess/u_init_divider/div_stage[0].den_pipe[1][6]_i_32__0_psdsp/C
                            (rising edge-triggered cell FDRE clocked by aclk  {rise@0.000ns fall@5.000ns period=10.000ns})
  Destination:            core_inst_gen[1].u_engine_core/u_iv_top/gen_init_guess.u_init_guess/u_init_divider/div_stage[0].rem_pipe_reg[1][19]/D
                            (rising edge-triggered cell FDCE clocked by aclk  {rise@0.000ns fall@5.000ns period=10.000ns})
  Path Group:             aclk
  Path Type:              Setup (Max at Slow Process Corner)
  Requirement:            10.000ns  (aclk rise@10.000ns - aclk rise@0.000ns)
  Data Path Delay:        9.777ns  (logic 3.775ns (38.611%)  route 6.002ns (61.389%))
  Logic Levels:           22  (CARRY4=13 LUT2=2 LUT3=1 LUT5=3 LUT6=3)
  Clock Path Skew:        -0.213ns (DCD - SCD + CPR)
    Destination Clock Delay (DCD):    1.177ns = ( 11.177 - 10.000 ) 
    Source Clock Delay      (SCD):    1.396ns
    Clock Pessimism Removal (CPR):    0.006ns
  Clock Uncertainty:      0.035ns  ((TSJ^2 + TIJ^2)^1/2 + DJ) / 2 + PE
    Total System Jitter     (TSJ):    0.071ns
    Total Input Jitter      (TIJ):    0.000ns
    Discrete Jitter          (DJ):    0.000ns
    Phase Error              (PE):    0.000ns

    Location             Delay type                Incr(ns)  Path(ns)    Netlist Resource(s)
  -------------------------------------------------------------------    -------------------
                         (clock aclk rise edge)       0.000     0.000 r  
                                                      0.000     0.000 r  aclk (IN)
                         net (fo=139949, unset)       1.396     1.396    core_inst_gen[1].u_engine_core/u_iv_top/gen_init_guess.u_init_guess/u_init_divider/aclk
    SLICE_X48Y87         FDRE                                         r  core_inst_gen[1].u_engine_core/u_iv_top/gen_init_guess.u_init_guess/u_init_divider/div_stage[0].den_pipe[1][6]_i_32__0_psdsp/C
  -------------------------------------------------------------------    -------------------
    SLICE_X48Y87         FDRE (Prop_fdre_C_Q)         0.393     1.789 r  core_inst_gen[1].u_engine_core/u_iv_top/gen_init_guess.u_init_guess/u_init_divider/div_stage[0].den_pipe[1][6]_i_32__0_psdsp/Q
                         net (fo=2, routed)           0.445     2.234    core_inst_gen[1].u_engine_core/u_iv_top/gen_init_guess.u_init_guess/u_init_divider/i___993_i_7__4_1[0]
    SLICE_X47Y87         LUT3 (Prop_lut3_I0_O)        0.097     2.331 r  core_inst_gen[1].u_engine_core/u_iv_top/gen_init_guess.u_init_guess/u_init_divider/div_stage[0].den_pipe[1][6]_i_35__0/O
                         net (fo=1, routed)           0.000     2.331    core_inst_gen[1].u_engine_core/u_iv_top/gen_init_guess.u_init_guess/u_init_divider/div_stage[0].den_pipe[1][6]_i_35__0_n_0
    SLICE_X47Y87         CARRY4 (Prop_carry4_S[1]_CO[3])
                                                      0.412     2.743 r  core_inst_gen[1].u_engine_core/u_iv_top/gen_init_guess.u_init_guess/u_init_divider/div_stage[0].den_pipe_reg[1][6]_i_21__0/CO[3]
                         net (fo=1, routed)           0.000     2.743    core_inst_gen[1].u_engine_core/u_iv_top/gen_init_guess.u_init_guess/u_init_divider/div_stage[0].den_pipe_reg[1][6]_i_21__0_n_0
    SLICE_X47Y88         CARRY4 (Prop_carry4_CI_CO[3])
                                                      0.089     2.832 r  core_inst_gen[1].u_engine_core/u_iv_top/gen_init_guess.u_init_guess/u_init_divider/div_stage[0].den_pipe_reg[1][6]_i_12__0/CO[3]
                         net (fo=1, routed)           0.000     2.832    core_inst_gen[1].u_engine_core/u_iv_top/gen_init_guess.u_init_guess/u_init_divider/div_stage[0].den_pipe_reg[1][6]_i_12__0_n_0
    SLICE_X47Y89         CARRY4 (Prop_carry4_CI_CO[3])
                                                      0.089     2.921 r  core_inst_gen[1].u_engine_core/u_iv_top/gen_init_guess.u_init_guess/u_init_divider/div_stage[0].den_pipe_reg[1][6]_i_3__0/CO[3]
                         net (fo=1, routed)           0.000     2.921    core_inst_gen[1].u_engine_core/u_iv_top/gen_init_guess.u_init_guess/u_init_divider/div_stage[0].den_pipe_reg[1][6]_i_3__0_n_0
    SLICE_X47Y90         CARRY4 (Prop_carry4_CI_CO[3])
                                                      0.089     3.010 r  core_inst_gen[1].u_engine_core/u_iv_top/gen_init_guess.u_init_guess/u_init_divider/div_stage[0].den_pipe_reg[1][6]_i_2__0/CO[3]
                         net (fo=1, routed)           0.000     3.010    core_inst_gen[1].u_engine_core/u_iv_top/gen_init_guess.u_init_guess/u_init_divider/div_stage[0].den_pipe_reg[1][6]_i_2__0_n_0
    SLICE_X47Y91         CARRY4 (Prop_carry4_CI_CO[3])
                                                      0.089     3.099 r  core_inst_gen[1].u_engine_core/u_iv_top/gen_init_guess.u_init_guess/u_init_divider/div_stage[0].den_pipe_reg[1][11]_i_2__0/CO[3]
                         net (fo=1, routed)           0.000     3.099    core_inst_gen[1].u_engine_core/u_iv_top/gen_init_guess.u_init_guess/u_init_divider/div_stage[0].den_pipe_reg[1][11]_i_2__0_n_0
    SLICE_X47Y92         CARRY4 (Prop_carry4_CI_CO[3])
                                                      0.089     3.188 r  core_inst_gen[1].u_engine_core/u_iv_top/gen_init_guess.u_init_guess/u_init_divider/div_stage[0].den_pipe_reg[1][15]_i_2__0/CO[3]
                         net (fo=1, routed)           0.000     3.188    core_inst_gen[1].u_engine_core/u_iv_top/gen_init_guess.u_init_guess/u_init_divider/div_stage[0].den_pipe_reg[1][15]_i_2__0_n_0
    SLICE_X47Y93         CARRY4 (Prop_carry4_CI_CO[3])
                                                      0.089     3.277 r  core_inst_gen[1].u_engine_core/u_iv_top/gen_init_guess.u_init_guess/u_init_divider/div_stage[0].den_pipe_reg[1][19]_i_2__0/CO[3]
                         net (fo=1, routed)           0.000     3.277    core_inst_gen[1].u_engine_core/u_iv_top/gen_init_guess.u_init_guess/u_init_divider/div_stage[0].den_pipe_reg[1][19]_i_2__0_n_0
    SLICE_X47Y94         CARRY4 (Prop_carry4_CI_CO[3])
                                                      0.089     3.366 r  core_inst_gen[1].u_engine_core/u_iv_top/gen_init_guess.u_init_guess/u_init_divider/div_stage[0].den_pipe_reg[1][22]_i_2__0/CO[3]
                         net (fo=1, routed)           0.000     3.366    core_inst_gen[1].u_engine_core/u_iv_top/gen_init_guess.u_init_guess/u_init_divider/div_stage[0].den_pipe_reg[1][22]_i_2__0_n_0
    SLICE_X47Y95         CARRY4 (Prop_carry4_CI_O[1])
                                                      0.230     3.596 f  core_inst_gen[1].u_engine_core/u_iv_top/gen_init_guess.u_init_guess/u_init_divider/div_stage[0].den_pipe_reg[1][25]_i_3__1/O[1]
                         net (fo=5, routed)           0.593     4.189    core_inst_gen[1].u_engine_core/u_iv_top/gen_init_guess.u_init_guess/u_init_divider/den_reg_reg[25]
    SLICE_X45Y97         LUT2 (Prop_lut2_I1_O)        0.225     4.414 r  core_inst_gen[1].u_engine_core/u_iv_top/gen_init_guess.u_init_guess/u_init_divider/div_stage[0].den_pipe[1][25]_i_12__0/O
                         net (fo=1, routed)           0.000     4.414    core_inst_gen[1].u_engine_core/u_iv_top/gen_init_guess.u_init_guess/u_init_divider/div_stage[0].den_pipe[1][25]_i_12__0_n_0
    SLICE_X45Y97         CARRY4 (Prop_carry4_S[0]_CO[3])
                                                      0.395     4.809 f  core_inst_gen[1].u_engine_core/u_iv_top/gen_init_guess.u_init_guess/u_init_divider/div_stage[0].den_pipe_reg[1][25]_i_2__1/CO[3]
                         net (fo=60, routed)          0.951     5.760    core_inst_gen[1].u_engine_core/u_iv_top/gen_init_guess.u_init_guess/u_init_divider/denominator_in2
    SLICE_X42Y95         LUT2 (Prop_lut2_I1_O)        0.113     5.873 f  core_inst_gen[1].u_engine_core/u_iv_top/gen_init_guess.u_init_guess/u_init_divider/div_stage[0].den_pipe[1][0]_i_2__2/O
                         net (fo=3, routed)           0.835     6.708    core_inst_gen[1].u_engine_core/u_iv_top/gen_init_guess.u_init_guess/u_init_divider/div_stage[0].den_pipe[1][4]_i_4__4_n_0
    SLICE_X40Y89         LUT6 (Prop_lut6_I1_O)        0.250     6.958 r  core_inst_gen[1].u_engine_core/u_iv_top/gen_init_guess.u_init_guess/u_init_divider/div_stage[29].dbz_pipe_reg[30]_srl30_core_inst_gen_c_28_i_6__4/O
                         net (fo=2, routed)           0.301     7.259    core_inst_gen[1].u_engine_core/u_iv_top/gen_init_guess.u_init_guess/u_init_divider/div_stage[29].dbz_pipe_reg[30]_srl30_core_inst_gen_c_28_i_6__4_n_0
    SLICE_X41Y91         LUT5 (Prop_lut5_I4_O)        0.097     7.356 r  core_inst_gen[1].u_engine_core/u_iv_top/gen_init_guess.u_init_guess/u_init_divider/i___993_i_21__0/O
                         net (fo=1, routed)           0.534     7.890    core_inst_gen[1].u_engine_core/u_iv_top/gen_init_guess.u_init_guess/u_init_divider/i___993_i_21__0_n_0
    SLICE_X40Y94         LUT6 (Prop_lut6_I5_O)        0.097     7.987 f  core_inst_gen[1].u_engine_core/u_iv_top/gen_init_guess.u_init_guess/u_init_divider/i___993_i_1__4_comp_1/O
                         net (fo=42, routed)          0.813     8.800    core_inst_gen[1].u_engine_core/u_iv_top/gen_init_guess.u_init_guess/u_init_divider/i___993_i_1__4_n_0
    SLICE_X53Y92         LUT5 (Prop_lut5_I2_O)        0.097     8.897 f  core_inst_gen[1].u_engine_core/u_iv_top/gen_init_guess.u_init_guess/u_init_divider/div_stage[0].den_pipe[1][11]_i_1__13/O
                         net (fo=4, routed)           0.325     9.222    core_inst_gen[1].u_engine_core/u_iv_top/gen_init_guess.u_init_guess/u_init_divider/den_abs[11]
    SLICE_X50Y94         LUT6 (Prop_lut6_I3_O)        0.097     9.319 r  core_inst_gen[1].u_engine_core/u_iv_top/gen_init_guess.u_init_guess/u_init_divider/i___1020_comp/O
                         net (fo=1, routed)           0.431     9.750    core_inst_gen[1].u_engine_core/u_iv_top/gen_init_guess.u_init_guess/u_init_divider/i___1020_n_0
    SLICE_X49Y94         CARRY4 (Prop_carry4_DI[1]_CO[3])
                                                      0.374    10.124 r  core_inst_gen[1].u_engine_core/u_iv_top/gen_init_guess.u_init_guess/u_init_divider/i___989_i_24/CO[3]
                         net (fo=1, routed)           0.000    10.124    core_inst_gen[1].u_engine_core/u_iv_top/gen_init_guess.u_init_guess/u_init_divider/i___989_i_24_n_0
    SLICE_X49Y95         CARRY4 (Prop_carry4_CI_CO[3])
                                                      0.089    10.213 r  core_inst_gen[1].u_engine_core/u_iv_top/gen_init_guess.u_init_guess/u_init_divider/i___989_i_21/CO[3]
                         net (fo=1, routed)           0.000    10.213    core_inst_gen[1].u_engine_core/u_iv_top/gen_init_guess.u_init_guess/u_init_divider/i___989_i_21_n_0
    SLICE_X49Y96         CARRY4 (Prop_carry4_CI_CO[3])
                                                      0.089    10.302 r  core_inst_gen[1].u_engine_core/u_iv_top/gen_init_guess.u_init_guess/u_init_divider/i___989_i_4/CO[3]
                         net (fo=32, routed)          0.774    11.076    core_inst_gen[1].u_engine_core/u_iv_top/gen_init_guess.u_init_guess/u_init_divider/div_stage[0].rem_ge_den
    SLICE_X49Y100        LUT5 (Prop_lut5_I4_O)        0.097    11.173 r  core_inst_gen[1].u_engine_core/u_iv_top/gen_init_guess.u_init_guess/u_init_divider/i___1033/O
                         net (fo=1, routed)           0.000    11.173    core_inst_gen[1].u_engine_core/u_iv_top/gen_init_guess.u_init_guess/u_init_divider/i___1033_n_0
    SLICE_X49Y100        FDCE                                         r  core_inst_gen[1].u_engine_core/u_iv_top/gen_init_guess.u_init_guess/u_init_divider/div_stage[0].rem_pipe_reg[1][19]/D
  -------------------------------------------------------------------    -------------------

                         (clock aclk rise edge)      10.000    10.000 r  
                                                      0.000    10.000 r  aclk (IN)
                         net (fo=139949, unset)       1.177    11.177    core_inst_gen[1].u_engine_core/u_iv_top/gen_init_guess.u_init_guess/u_init_divider/aclk
    SLICE_X49Y100        FDCE                                         r  core_inst_gen[1].u_engine_core/u_iv_top/gen_init_guess.u_init_guess/u_init_divider/div_stage[0].rem_pipe_reg[1][19]/C
                         clock pessimism              0.006    11.183    
                         clock uncertainty           -0.035    11.148    
    SLICE_X49Y100        FDCE (Setup_fdce_C_D)        0.030    11.178    core_inst_gen[1].u_engine_core/u_iv_top/gen_init_guess.u_init_guess/u_init_divider/div_stage[0].rem_pipe_reg[1][19]
  -------------------------------------------------------------------
                         required time                         11.178    
                         arrival time                         -11.173    
  -------------------------------------------------------------------
                         slack                                  0.005    

Slack (MET) :             0.009ns  (required time - arrival time)
  Source:                 core_inst_gen[1].u_engine_core/u_iv_top/gen_init_guess.u_init_guess/u_init_divider/div_stage[0].den_pipe[1][6]_i_32__0_psdsp/C
                            (rising edge-triggered cell FDRE clocked by aclk  {rise@0.000ns fall@5.000ns period=10.000ns})
  Destination:            core_inst_gen[1].u_engine_core/u_iv_top/gen_init_guess.u_init_guess/u_init_divider/div_stage[0].rem_pipe_reg[1][15]/D
                            (rising edge-triggered cell FDCE clocked by aclk  {rise@0.000ns fall@5.000ns period=10.000ns})
  Path Group:             aclk
  Path Type:              Setup (Max at Slow Process Corner)
  Requirement:            10.000ns  (aclk rise@10.000ns - aclk rise@0.000ns)
  Data Path Delay:        9.775ns  (logic 3.775ns (38.619%)  route 6.000ns (61.381%))
  Logic Levels:           22  (CARRY4=13 LUT2=2 LUT3=1 LUT5=3 LUT6=3)
  Clock Path Skew:        -0.213ns (DCD - SCD + CPR)
    Destination Clock Delay (DCD):    1.177ns = ( 11.177 - 10.000 ) 
    Source Clock Delay      (SCD):    1.396ns
    Clock Pessimism Removal (CPR):    0.006ns
  Clock Uncertainty:      0.035ns  ((TSJ^2 + TIJ^2)^1/2 + DJ) / 2 + PE
    Total System Jitter     (TSJ):    0.071ns
    Total Input Jitter      (TIJ):    0.000ns
    Discrete Jitter          (DJ):    0.000ns
    Phase Error              (PE):    0.000ns

    Location             Delay type                Incr(ns)  Path(ns)    Netlist Resource(s)
  -------------------------------------------------------------------    -------------------
                         (clock aclk rise edge)       0.000     0.000 r  
                                                      0.000     0.000 r  aclk (IN)
                         net (fo=139949, unset)       1.396     1.396    core_inst_gen[1].u_engine_core/u_iv_top/gen_init_guess.u_init_guess/u_init_divider/aclk
    SLICE_X48Y87         FDRE                                         r  core_inst_gen[1].u_engine_core/u_iv_top/gen_init_guess.u_init_guess/u_init_divider/div_stage[0].den_pipe[1][6]_i_32__0_psdsp/C
  -------------------------------------------------------------------    -------------------
    SLICE_X48Y87         FDRE (Prop_fdre_C_Q)         0.393     1.789 r  core_inst_gen[1].u_engine_core/u_iv_top/gen_init_guess.u_init_guess/u_init_divider/div_stage[0].den_pipe[1][6]_i_32__0_psdsp/Q
                         net (fo=2, routed)           0.445     2.234    core_inst_gen[1].u_engine_core/u_iv_top/gen_init_guess.u_init_guess/u_init_divider/i___993_i_7__4_1[0]
    SLICE_X47Y87         LUT3 (Prop_lut3_I0_O)        0.097     2.331 r  core_inst_gen[1].u_engine_core/u_iv_top/gen_init_guess.u_init_guess/u_init_divider/div_stage[0].den_pipe[1][6]_i_35__0/O
                         net (fo=1, routed)           0.000     2.331    core_inst_gen[1].u_engine_core/u_iv_top/gen_init_guess.u_init_guess/u_init_divider/div_stage[0].den_pipe[1][6]_i_35__0_n_0
    SLICE_X47Y87         CARRY4 (Prop_carry4_S[1]_CO[3])
                                                      0.412     2.743 r  core_inst_gen[1].u_engine_core/u_iv_top/gen_init_guess.u_init_guess/u_init_divider/div_stage[0].den_pipe_reg[1][6]_i_21__0/CO[3]
                         net (fo=1, routed)           0.000     2.743    core_inst_gen[1].u_engine_core/u_iv_top/gen_init_guess.u_init_guess/u_init_divider/div_stage[0].den_pipe_reg[1][6]_i_21__0_n_0
    SLICE_X47Y88         CARRY4 (Prop_carry4_CI_CO[3])
                                                      0.089     2.832 r  core_inst_gen[1].u_engine_core/u_iv_top/gen_init_guess.u_init_guess/u_init_divider/div_stage[0].den_pipe_reg[1][6]_i_12__0/CO[3]
                         net (fo=1, routed)           0.000     2.832    core_inst_gen[1].u_engine_core/u_iv_top/gen_init_guess.u_init_guess/u_init_divider/div_stage[0].den_pipe_reg[1][6]_i_12__0_n_0
    SLICE_X47Y89         CARRY4 (Prop_carry4_CI_CO[3])
                                                      0.089     2.921 r  core_inst_gen[1].u_engine_core/u_iv_top/gen_init_guess.u_init_guess/u_init_divider/div_stage[0].den_pipe_reg[1][6]_i_3__0/CO[3]
                         net (fo=1, routed)           0.000     2.921    core_inst_gen[1].u_engine_core/u_iv_top/gen_init_guess.u_init_guess/u_init_divider/div_stage[0].den_pipe_reg[1][6]_i_3__0_n_0
    SLICE_X47Y90         CARRY4 (Prop_carry4_CI_CO[3])
                                                      0.089     3.010 r  core_inst_gen[1].u_engine_core/u_iv_top/gen_init_guess.u_init_guess/u_init_divider/div_stage[0].den_pipe_reg[1][6]_i_2__0/CO[3]
                         net (fo=1, routed)           0.000     3.010    core_inst_gen[1].u_engine_core/u_iv_top/gen_init_guess.u_init_guess/u_init_divider/div_stage[0].den_pipe_reg[1][6]_i_2__0_n_0
    SLICE_X47Y91         CARRY4 (Prop_carry4_CI_CO[3])
                                                      0.089     3.099 r  core_inst_gen[1].u_engine_core/u_iv_top/gen_init_guess.u_init_guess/u_init_divider/div_stage[0].den_pipe_reg[1][11]_i_2__0/CO[3]
                         net (fo=1, routed)           0.000     3.099    core_inst_gen[1].u_engine_core/u_iv_top/gen_init_guess.u_init_guess/u_init_divider/div_stage[0].den_pipe_reg[1][11]_i_2__0_n_0
    SLICE_X47Y92         CARRY4 (Prop_carry4_CI_CO[3])
                                                      0.089     3.188 r  core_inst_gen[1].u_engine_core/u_iv_top/gen_init_guess.u_init_guess/u_init_divider/div_stage[0].den_pipe_reg[1][15]_i_2__0/CO[3]
                         net (fo=1, routed)           0.000     3.188    core_inst_gen[1].u_engine_core/u_iv_top/gen_init_guess.u_init_guess/u_init_divider/div_stage[0].den_pipe_reg[1][15]_i_2__0_n_0
    SLICE_X47Y93         CARRY4 (Prop_carry4_CI_CO[3])
                                                      0.089     3.277 r  core_inst_gen[1].u_engine_core/u_iv_top/gen_init_guess.u_init_guess/u_init_divider/div_stage[0].den_pipe_reg[1][19]_i_2__0/CO[3]
                         net (fo=1, routed)           0.000     3.277    core_inst_gen[1].u_engine_core/u_iv_top/gen_init_guess.u_init_guess/u_init_divider/div_stage[0].den_pipe_reg[1][19]_i_2__0_n_0
    SLICE_X47Y94         CARRY4 (Prop_carry4_CI_CO[3])
                                                      0.089     3.366 r  core_inst_gen[1].u_engine_core/u_iv_top/gen_init_guess.u_init_guess/u_init_divider/div_stage[0].den_pipe_reg[1][22]_i_2__0/CO[3]
                         net (fo=1, routed)           0.000     3.366    core_inst_gen[1].u_engine_core/u_iv_top/gen_init_guess.u_init_guess/u_init_divider/div_stage[0].den_pipe_reg[1][22]_i_2__0_n_0
    SLICE_X47Y95         CARRY4 (Prop_carry4_CI_O[1])
                                                      0.230     3.596 f  core_inst_gen[1].u_engine_core/u_iv_top/gen_init_guess.u_init_guess/u_init_divider/div_stage[0].den_pipe_reg[1][25]_i_3__1/O[1]
                         net (fo=5, routed)           0.593     4.189    core_inst_gen[1].u_engine_core/u_iv_top/gen_init_guess.u_init_guess/u_init_divider/den_reg_reg[25]
    SLICE_X45Y97         LUT2 (Prop_lut2_I1_O)        0.225     4.414 r  core_inst_gen[1].u_engine_core/u_iv_top/gen_init_guess.u_init_guess/u_init_divider/div_stage[0].den_pipe[1][25]_i_12__0/O
                         net (fo=1, routed)           0.000     4.414    core_inst_gen[1].u_engine_core/u_iv_top/gen_init_guess.u_init_guess/u_init_divider/div_stage[0].den_pipe[1][25]_i_12__0_n_0
    SLICE_X45Y97         CARRY4 (Prop_carry4_S[0]_CO[3])
                                                      0.395     4.809 f  core_inst_gen[1].u_engine_core/u_iv_top/gen_init_guess.u_init_guess/u_init_divider/div_stage[0].den_pipe_reg[1][25]_i_2__1/CO[3]
                         net (fo=60, routed)          0.951     5.760    core_inst_gen[1].u_engine_core/u_iv_top/gen_init_guess.u_init_guess/u_init_divider/denominator_in2
    SLICE_X42Y95         LUT2 (Prop_lut2_I1_O)        0.113     5.873 f  core_inst_gen[1].u_engine_core/u_iv_top/gen_init_guess.u_init_guess/u_init_divider/div_stage[0].den_pipe[1][0]_i_2__2/O
                         net (fo=3, routed)           0.835     6.708    core_inst_gen[1].u_engine_core/u_iv_top/gen_init_guess.u_init_guess/u_init_divider/div_stage[0].den_pipe[1][4]_i_4__4_n_0
    SLICE_X40Y89         LUT6 (Prop_lut6_I1_O)        0.250     6.958 r  core_inst_gen[1].u_engine_core/u_iv_top/gen_init_guess.u_init_guess/u_init_divider/div_stage[29].dbz_pipe_reg[30]_srl30_core_inst_gen_c_28_i_6__4/O
                         net (fo=2, routed)           0.301     7.259    core_inst_gen[1].u_engine_core/u_iv_top/gen_init_guess.u_init_guess/u_init_divider/div_stage[29].dbz_pipe_reg[30]_srl30_core_inst_gen_c_28_i_6__4_n_0
    SLICE_X41Y91         LUT5 (Prop_lut5_I4_O)        0.097     7.356 r  core_inst_gen[1].u_engine_core/u_iv_top/gen_init_guess.u_init_guess/u_init_divider/i___993_i_21__0/O
                         net (fo=1, routed)           0.534     7.890    core_inst_gen[1].u_engine_core/u_iv_top/gen_init_guess.u_init_guess/u_init_divider/i___993_i_21__0_n_0
    SLICE_X40Y94         LUT6 (Prop_lut6_I5_O)        0.097     7.987 f  core_inst_gen[1].u_engine_core/u_iv_top/gen_init_guess.u_init_guess/u_init_divider/i___993_i_1__4_comp_1/O
                         net (fo=42, routed)          0.813     8.800    core_inst_gen[1].u_engine_core/u_iv_top/gen_init_guess.u_init_guess/u_init_divider/i___993_i_1__4_n_0
    SLICE_X53Y92         LUT5 (Prop_lut5_I2_O)        0.097     8.897 f  core_inst_gen[1].u_engine_core/u_iv_top/gen_init_guess.u_init_guess/u_init_divider/div_stage[0].den_pipe[1][11]_i_1__13/O
                         net (fo=4, routed)           0.325     9.222    core_inst_gen[1].u_engine_core/u_iv_top/gen_init_guess.u_init_guess/u_init_divider/den_abs[11]
    SLICE_X50Y94         LUT6 (Prop_lut6_I3_O)        0.097     9.319 r  core_inst_gen[1].u_engine_core/u_iv_top/gen_init_guess.u_init_guess/u_init_divider/i___1020_comp/O
                         net (fo=1, routed)           0.431     9.750    core_inst_gen[1].u_engine_core/u_iv_top/gen_init_guess.u_init_guess/u_init_divider/i___1020_n_0
    SLICE_X49Y94         CARRY4 (Prop_carry4_DI[1]_CO[3])
                                                      0.374    10.124 r  core_inst_gen[1].u_engine_core/u_iv_top/gen_init_guess.u_init_guess/u_init_divider/i___989_i_24/CO[3]
                         net (fo=1, routed)           0.000    10.124    core_inst_gen[1].u_engine_core/u_iv_top/gen_init_guess.u_init_guess/u_init_divider/i___989_i_24_n_0
    SLICE_X49Y95         CARRY4 (Prop_carry4_CI_CO[3])
                                                      0.089    10.213 r  core_inst_gen[1].u_engine_core/u_iv_top/gen_init_guess.u_init_guess/u_init_divider/i___989_i_21/CO[3]
                         net (fo=1, routed)           0.000    10.213    core_inst_gen[1].u_engine_core/u_iv_top/gen_init_guess.u_init_guess/u_init_divider/i___989_i_21_n_0
    SLICE_X49Y96         CARRY4 (Prop_carry4_CI_CO[3])
                                                      0.089    10.302 r  core_inst_gen[1].u_engine_core/u_iv_top/gen_init_guess.u_init_guess/u_init_divider/i___989_i_4/CO[3]
                         net (fo=32, routed)          0.772    11.074    core_inst_gen[1].u_engine_core/u_iv_top/gen_init_guess.u_init_guess/u_init_divider/div_stage[0].rem_ge_den
    SLICE_X49Y100        LUT5 (Prop_lut5_I4_O)        0.097    11.171 r  core_inst_gen[1].u_engine_core/u_iv_top/gen_init_guess.u_init_guess/u_init_divider/i___1025/O
                         net (fo=1, routed)           0.000    11.171    core_inst_gen[1].u_engine_core/u_iv_top/gen_init_guess.u_init_guess/u_init_divider/i___1025_n_0
    SLICE_X49Y100        FDCE                                         r  core_inst_gen[1].u_engine_core/u_iv_top/gen_init_guess.u_init_guess/u_init_divider/div_stage[0].rem_pipe_reg[1][15]/D
  -------------------------------------------------------------------    -------------------

                         (clock aclk rise edge)      10.000    10.000 r  
                                                      0.000    10.000 r  aclk (IN)
                         net (fo=139949, unset)       1.177    11.177    core_inst_gen[1].u_engine_core/u_iv_top/gen_init_guess.u_init_guess/u_init_divider/aclk
    SLICE_X49Y100        FDCE                                         r  core_inst_gen[1].u_engine_core/u_iv_top/gen_init_guess.u_init_guess/u_init_divider/div_stage[0].rem_pipe_reg[1][15]/C
                         clock pessimism              0.006    11.183    
                         clock uncertainty           -0.035    11.148    
    SLICE_X49Y100        FDCE (Setup_fdce_C_D)        0.032    11.180    core_inst_gen[1].u_engine_core/u_iv_top/gen_init_guess.u_init_guess/u_init_divider/div_stage[0].rem_pipe_reg[1][15]
  -------------------------------------------------------------------
                         required time                         11.180    
                         arrival time                         -11.171    
  -------------------------------------------------------------------
                         slack                                  0.009    

Slack (MET) :             0.013ns  (required time - arrival time)
  Source:                 i__i_13__8/C
                            (rising edge-triggered cell FDCE clocked by aclk  {rise@0.000ns fall@5.000ns period=10.000ns})
  Destination:            core_inst_gen[3].u_engine_core/u_iv_top/gen_init_guess.u_init_guess/u_init_divider/div_stage[0].rem_pipe_reg[1][27]/D
                            (rising edge-triggered cell FDCE clocked by aclk  {rise@0.000ns fall@5.000ns period=10.000ns})
  Path Group:             aclk
  Path Type:              Setup (Max at Slow Process Corner)
  Requirement:            10.000ns  (aclk rise@10.000ns - aclk rise@0.000ns)
  Data Path Delay:        9.990ns  (logic 4.315ns (43.192%)  route 5.675ns (56.809%))
  Logic Levels:           26  (CARRY4=16 LUT2=4 LUT3=1 LUT4=1 LUT5=1 LUT6=3)
  Clock Path Skew:        -0.025ns (DCD - SCD + CPR)
    Destination Clock Delay (DCD):    1.184ns = ( 11.184 - 10.000 ) 
    Source Clock Delay      (SCD):    1.269ns
    Clock Pessimism Removal (CPR):    0.060ns
  Clock Uncertainty:      0.035ns  ((TSJ^2 + TIJ^2)^1/2 + DJ) / 2 + PE
    Total System Jitter     (TSJ):    0.071ns
    Total Input Jitter      (TIJ):    0.000ns
    Discrete Jitter          (DJ):    0.000ns
    Phase Error              (PE):    0.000ns

    Location             Delay type                Incr(ns)  Path(ns)    Netlist Resource(s)
  -------------------------------------------------------------------    -------------------
                         (clock aclk rise edge)       0.000     0.000 r  
                                                      0.000     0.000 r  aclk (IN)
                         net (fo=139949, unset)       1.269     1.269    aclk
    SLICE_X102Y122       FDCE                                         r  i__i_13__8/C
  -------------------------------------------------------------------    -------------------
    SLICE_X102Y122       FDCE (Prop_fdce_C_Q)         0.393     1.662 r  i__i_13__8/Q
                         net (fo=154, routed)         0.514     2.176    core_inst_gen[3].u_engine_core/u_iv_top/gen_init_guess.u_init_guess/u_init_divider/i___993_i_7__14_0
    SLICE_X103Y120       LUT3 (Prop_lut3_I1_O)        0.097     2.273 r  core_inst_gen[3].u_engine_core/u_iv_top/gen_init_guess.u_init_guess/u_init_divider/div_stage[0].den_pipe[1][6]_i_35__2/O
                         net (fo=1, routed)           0.000     2.273    core_inst_gen[3].u_engine_core/u_iv_top/gen_init_guess.u_init_guess/u_init_divider/div_stage[0].den_pipe[1][6]_i_35__2_n_0
    SLICE_X103Y120       CARRY4 (Prop_carry4_S[1]_CO[3])
                                                      0.412     2.685 r  core_inst_gen[3].u_engine_core/u_iv_top/gen_init_guess.u_init_guess/u_init_divider/div_stage[0].den_pipe_reg[1][6]_i_21__2/CO[3]
                         net (fo=1, routed)           0.000     2.685    core_inst_gen[3].u_engine_core/u_iv_top/gen_init_guess.u_init_guess/u_init_divider/div_stage[0].den_pipe_reg[1][6]_i_21__2_n_0
    SLICE_X103Y121       CARRY4 (Prop_carry4_CI_CO[3])
                                                      0.089     2.774 r  core_inst_gen[3].u_engine_core/u_iv_top/gen_init_guess.u_init_guess/u_init_divider/div_stage[0].den_pipe_reg[1][6]_i_12__2/CO[3]
                         net (fo=1, routed)           0.000     2.774    core_inst_gen[3].u_engine_core/u_iv_top/gen_init_guess.u_init_guess/u_init_divider/div_stage[0].den_pipe_reg[1][6]_i_12__2_n_0
    SLICE_X103Y122       CARRY4 (Prop_carry4_CI_CO[3])
                                                      0.089     2.863 r  core_inst_gen[3].u_engine_core/u_iv_top/gen_init_guess.u_init_guess/u_init_divider/div_stage[0].den_pipe_reg[1][6]_i_3__2/CO[3]
                         net (fo=1, routed)           0.000     2.863    core_inst_gen[3].u_engine_core/u_iv_top/gen_init_guess.u_init_guess/u_init_divider/div_stage[0].den_pipe_reg[1][6]_i_3__2_n_0
    SLICE_X103Y123       CARRY4 (Prop_carry4_CI_CO[3])
                                                      0.089     2.952 r  core_inst_gen[3].u_engine_core/u_iv_top/gen_init_guess.u_init_guess/u_init_divider/div_stage[0].den_pipe_reg[1][6]_i_2__2/CO[3]
                         net (fo=1, routed)           0.000     2.952    core_inst_gen[3].u_engine_core/u_iv_top/gen_init_guess.u_init_guess/u_init_divider/div_stage[0].den_pipe_reg[1][6]_i_2__2_n_0
    SLICE_X103Y124       CARRY4 (Prop_carry4_CI_CO[3])
                                                      0.089     3.041 r  core_inst_gen[3].u_engine_core/u_iv_top/gen_init_guess.u_init_guess/u_init_divider/div_stage[0].den_pipe_reg[1][11]_i_2__2/CO[3]
                         net (fo=1, routed)           0.007     3.048    core_inst_gen[3].u_engine_core/u_iv_top/gen_init_guess.u_init_guess/u_init_divider/div_stage[0].den_pipe_reg[1][11]_i_2__2_n_0
    SLICE_X103Y125       CARRY4 (Prop_carry4_CI_CO[3])
                                                      0.089     3.137 r  core_inst_gen[3].u_engine_core/u_iv_top/gen_init_guess.u_init_guess/u_init_divider/div_stage[0].den_pipe_reg[1][15]_i_2__2/CO[3]
                         net (fo=1, routed)           0.000     3.137    core_inst_gen[3].u_engine_core/u_iv_top/gen_init_guess.u_init_guess/u_init_divider/div_stage[0].den_pipe_reg[1][15]_i_2__2_n_0
    SLICE_X103Y126       CARRY4 (Prop_carry4_CI_CO[3])
                                                      0.089     3.226 r  core_inst_gen[3].u_engine_core/u_iv_top/gen_init_guess.u_init_guess/u_init_divider/div_stage[0].den_pipe_reg[1][19]_i_2__2/CO[3]
                         net (fo=1, routed)           0.000     3.226    core_inst_gen[3].u_engine_core/u_iv_top/gen_init_guess.u_init_guess/u_init_divider/div_stage[0].den_pipe_reg[1][19]_i_2__2_n_0
    SLICE_X103Y127       CARRY4 (Prop_carry4_CI_CO[3])
                                                      0.089     3.315 r  core_inst_gen[3].u_engine_core/u_iv_top/gen_init_guess.u_init_guess/u_init_divider/div_stage[0].den_pipe_reg[1][22]_i_2__2/CO[3]
                         net (fo=1, routed)           0.000     3.315    core_inst_gen[3].u_engine_core/u_iv_top/gen_init_guess.u_init_guess/u_init_divider/div_stage[0].den_pipe_reg[1][22]_i_2__2_n_0
    SLICE_X103Y128       CARRY4 (Prop_carry4_CI_O[0])
                                                      0.159     3.474 f  core_inst_gen[3].u_engine_core/u_iv_top/gen_init_guess.u_init_guess/u_init_divider/div_stage[0].den_pipe_reg[1][25]_i_3__5/O[0]
                         net (fo=5, routed)           0.727     4.202    core_inst_gen[3].u_engine_core/u_iv_top/gen_init_guess.u_init_guess/u_init_divider/den_reg_reg[24]
    SLICE_X104Y130       LUT2 (Prop_lut2_I0_O)        0.224     4.426 r  core_inst_gen[3].u_engine_core/u_iv_top/gen_init_guess.u_init_guess/u_init_divider/div_stage[0].den_pipe[1][25]_i_12__2/O
                         net (fo=1, routed)           0.000     4.426    core_inst_gen[3].u_engine_core/u_iv_top/gen_init_guess.u_init_guess/u_init_divider/div_stage[0].den_pipe[1][25]_i_12__2_n_0
    SLICE_X104Y130       CARRY4 (Prop_carry4_S[0]_CO[3])
                                                      0.379     4.805 f  core_inst_gen[3].u_engine_core/u_iv_top/gen_init_guess.u_init_guess/u_init_divider/div_stage[0].den_pipe_reg[1][25]_i_2__5/CO[3]
                         net (fo=61, routed)          0.888     5.692    core_inst_gen[3].u_engine_core/u_iv_top/gen_init_guess.u_init_guess/u_init_divider/denominator_in2
    SLICE_X105Y126       LUT2 (Prop_lut2_I0_O)        0.107     5.799 r  core_inst_gen[3].u_engine_core/u_iv_top/gen_init_guess.u_init_guess/u_init_divider/div_stage[0].den_pipe[1][4]_i_2__5/O
                         net (fo=3, routed)           0.628     6.427    core_inst_gen[3].u_engine_core/u_iv_top/gen_init_guess.u_init_guess/u_init_divider/div_stage[0].den_pipe[1][4]_i_5__14_n_0
    SLICE_X109Y126       LUT6 (Prop_lut6_I4_O)        0.240     6.667 f  core_inst_gen[3].u_engine_core/u_iv_top/gen_init_guess.u_init_guess/u_init_divider/div_stage[29].dbz_pipe_reg[30]_srl30_core_inst_gen_c_28_i_6__14/O
                         net (fo=2, routed)           0.436     7.103    core_inst_gen[3].u_engine_core/u_iv_top/gen_init_guess.u_init_guess/u_init_divider/div_stage[29].dbz_pipe_reg[30]_srl30_core_inst_gen_c_28_i_6__14_n_0
    SLICE_X103Y130       LUT5 (Prop_lut5_I4_O)        0.097     7.200 f  core_inst_gen[3].u_engine_core/u_iv_top/gen_init_guess.u_init_guess/u_init_divider/i___993_i_21__2/O
                         net (fo=1, routed)           0.174     7.374    core_inst_gen[3].u_engine_core/u_iv_top/gen_init_guess.u_init_guess/u_init_divider/i___993_i_21__2_n_0
    SLICE_X103Y130       LUT6 (Prop_lut6_I5_O)        0.097     7.471 f  core_inst_gen[3].u_engine_core/u_iv_top/gen_init_guess.u_init_guess/u_init_divider/i___993_i_13__5/O
                         net (fo=2, routed)           0.325     7.796    core_inst_gen[3].u_engine_core/u_iv_top/gen_init_guess.u_init_guess/u_init_divider/i___993_i_13__5_n_0
    SLICE_X102Y130       LUT6 (Prop_lut6_I4_O)        0.097     7.893 r  core_inst_gen[3].u_engine_core/u_iv_top/gen_init_guess.u_init_guess/u_init_divider/i___993_i_1__14_comp_1/O
                         net (fo=43, routed)          0.559     8.452    core_inst_gen[3].u_engine_core/u_iv_top/gen_init_guess.u_init_guess/u_init_divider/i___993_i_1__14_n_0
    SLICE_X98Y125        LUT4 (Prop_lut4_I0_O)        0.097     8.549 r  core_inst_gen[3].u_engine_core/u_iv_top/gen_init_guess.u_init_guess/u_init_divider/div_stage[0].den_pipe[1][5]_i_1__14/O
                         net (fo=3, routed)           0.764     9.313    core_inst_gen[3].u_engine_core/u_iv_top/gen_init_guess.u_init_guess/u_init_divider/den_abs[5]
    SLICE_X109Y129       LUT2 (Prop_lut2_I1_O)        0.097     9.410 r  core_inst_gen[3].u_engine_core/u_iv_top/gen_init_guess.u_init_guess/u_init_divider/i___9/O
                         net (fo=1, routed)           0.000     9.410    core_inst_gen[3].u_engine_core/u_iv_top/gen_init_guess.u_init_guess/u_init_divider/i___9_n_0
    SLICE_X109Y129       CARRY4 (Prop_carry4_S[1]_CO[3])
                                                      0.412     9.822 r  core_inst_gen[3].u_engine_core/u_iv_top/gen_init_guess.u_init_guess/u_init_divider/i___1005_i_1/CO[3]
                         net (fo=1, routed)           0.000     9.822    core_inst_gen[3].u_engine_core/u_iv_top/gen_init_guess.u_init_guess/u_init_divider/i___1005_i_1_n_0
    SLICE_X109Y130       CARRY4 (Prop_carry4_CI_CO[3])
                                                      0.089     9.911 r  core_inst_gen[3].u_engine_core/u_iv_top/gen_init_guess.u_init_guess/u_init_divider/i___1013_i_1/CO[3]
                         net (fo=1, routed)           0.000     9.911    core_inst_gen[3].u_engine_core/u_iv_top/gen_init_guess.u_init_guess/u_init_divider/i___1013_i_1_n_0
    SLICE_X109Y131       CARRY4 (Prop_carry4_CI_CO[3])
                                                      0.089    10.000 r  core_inst_gen[3].u_engine_core/u_iv_top/gen_init_guess.u_init_guess/u_init_divider/i___1021_i_1/CO[3]
                         net (fo=1, routed)           0.000    10.000    core_inst_gen[3].u_engine_core/u_iv_top/gen_init_guess.u_init_guess/u_init_divider/i___1021_i_1_n_0
    SLICE_X109Y132       CARRY4 (Prop_carry4_CI_CO[3])
                                                      0.089    10.089 r  core_inst_gen[3].u_engine_core/u_iv_top/gen_init_guess.u_init_guess/u_init_divider/i___1029_i_1/CO[3]
                         net (fo=1, routed)           0.000    10.089    core_inst_gen[3].u_engine_core/u_iv_top/gen_init_guess.u_init_guess/u_init_divider/i___1029_i_1_n_0
    SLICE_X109Y133       CARRY4 (Prop_carry4_CI_CO[3])
                                                      0.089    10.178 r  core_inst_gen[3].u_engine_core/u_iv_top/gen_init_guess.u_init_guess/u_init_divider/i___1037_i_1/CO[3]
                         net (fo=1, routed)           0.000    10.178    core_inst_gen[3].u_engine_core/u_iv_top/gen_init_guess.u_init_guess/u_init_divider/i___1037_i_1_n_0
    SLICE_X109Y134       CARRY4 (Prop_carry4_CI_O[2])
                                                      0.181    10.359 r  core_inst_gen[3].u_engine_core/u_iv_top/gen_init_guess.u_init_guess/u_init_divider/i___1045_i_1/O[2]
                         net (fo=1, routed)           0.654    11.012    core_inst_gen[3].u_engine_core/u_iv_top/gen_init_guess.u_init_guess/u_init_divider/div_stage[0].sub_rem[26]
    SLICE_X110Y134       LUT2 (Prop_lut2_I1_O)        0.247    11.259 r  core_inst_gen[3].u_engine_core/u_iv_top/gen_init_guess.u_init_guess/u_init_divider/div_stage[0].rem_pipe[1][27]_i_1__20/O
                         net (fo=1, routed)           0.000    11.259    core_inst_gen[3].u_engine_core/u_iv_top/gen_init_guess.u_init_guess/u_init_divider/div_stage[0].rem_pipe[1][27]_i_1__20_n_0
    SLICE_X110Y134       FDCE                                         r  core_inst_gen[3].u_engine_core/u_iv_top/gen_init_guess.u_init_guess/u_init_divider/div_stage[0].rem_pipe_reg[1][27]/D
  -------------------------------------------------------------------    -------------------

                         (clock aclk rise edge)      10.000    10.000 r  
                                                      0.000    10.000 r  aclk (IN)
                         net (fo=139949, unset)       1.184    11.184    core_inst_gen[3].u_engine_core/u_iv_top/gen_init_guess.u_init_guess/u_init_divider/aclk
    SLICE_X110Y134       FDCE                                         r  core_inst_gen[3].u_engine_core/u_iv_top/gen_init_guess.u_init_guess/u_init_divider/div_stage[0].rem_pipe_reg[1][27]/C
                         clock pessimism              0.060    11.244    
                         clock uncertainty           -0.035    11.209    
    SLICE_X110Y134       FDCE (Setup_fdce_C_D)        0.064    11.273    core_inst_gen[3].u_engine_core/u_iv_top/gen_init_guess.u_init_guess/u_init_divider/div_stage[0].rem_pipe_reg[1][27]
  -------------------------------------------------------------------
                         required time                         11.273    
                         arrival time                         -11.259    
  -------------------------------------------------------------------
                         slack                                  0.013    

Slack (MET) :             0.036ns  (required time - arrival time)
  Source:                 i__i_13__8/C
                            (rising edge-triggered cell FDCE clocked by aclk  {rise@0.000ns fall@5.000ns period=10.000ns})
  Destination:            core_inst_gen[3].u_engine_core/u_iv_top/gen_init_guess.u_init_guess/u_init_divider/div_stage[0].rem_pipe_reg[1][22]/D
                            (rising edge-triggered cell FDCE clocked by aclk  {rise@0.000ns fall@5.000ns period=10.000ns})
  Path Group:             aclk
  Path Type:              Setup (Max at Slow Process Corner)
  Requirement:            10.000ns  (aclk rise@10.000ns - aclk rise@0.000ns)
  Data Path Delay:        9.935ns  (logic 3.784ns (38.086%)  route 6.151ns (61.914%))
  Logic Levels:           24  (CARRY4=14 LUT2=2 LUT3=2 LUT5=1 LUT6=5)
  Clock Path Skew:        -0.025ns (DCD - SCD + CPR)
    Destination Clock Delay (DCD):    1.184ns = ( 11.184 - 10.000 ) 
    Source Clock Delay      (SCD):    1.269ns
    Clock Pessimism Removal (CPR):    0.060ns
  Clock Uncertainty:      0.035ns  ((TSJ^2 + TIJ^2)^1/2 + DJ) / 2 + PE
    Total System Jitter     (TSJ):    0.071ns
    Total Input Jitter      (TIJ):    0.000ns
    Discrete Jitter          (DJ):    0.000ns
    Phase Error              (PE):    0.000ns

    Location             Delay type                Incr(ns)  Path(ns)    Netlist Resource(s)
  -------------------------------------------------------------------    -------------------
                         (clock aclk rise edge)       0.000     0.000 r  
                                                      0.000     0.000 r  aclk (IN)
                         net (fo=139949, unset)       1.269     1.269    aclk
    SLICE_X102Y122       FDCE                                         r  i__i_13__8/C
  -------------------------------------------------------------------    -------------------
    SLICE_X102Y122       FDCE (Prop_fdce_C_Q)         0.393     1.662 r  i__i_13__8/Q
                         net (fo=154, routed)         0.514     2.176    core_inst_gen[3].u_engine_core/u_iv_top/gen_init_guess.u_init_guess/u_init_divider/i___993_i_7__14_0
    SLICE_X103Y120       LUT3 (Prop_lut3_I1_O)        0.097     2.273 r  core_inst_gen[3].u_engine_core/u_iv_top/gen_init_guess.u_init_guess/u_init_divider/div_stage[0].den_pipe[1][6]_i_35__2/O
                         net (fo=1, routed)           0.000     2.273    core_inst_gen[3].u_engine_core/u_iv_top/gen_init_guess.u_init_guess/u_init_divider/div_stage[0].den_pipe[1][6]_i_35__2_n_0
    SLICE_X103Y120       CARRY4 (Prop_carry4_S[1]_CO[3])
                                                      0.412     2.685 r  core_inst_gen[3].u_engine_core/u_iv_top/gen_init_guess.u_init_guess/u_init_divider/div_stage[0].den_pipe_reg[1][6]_i_21__2/CO[3]
                         net (fo=1, routed)           0.000     2.685    core_inst_gen[3].u_engine_core/u_iv_top/gen_init_guess.u_init_guess/u_init_divider/div_stage[0].den_pipe_reg[1][6]_i_21__2_n_0
    SLICE_X103Y121       CARRY4 (Prop_carry4_CI_CO[3])
                                                      0.089     2.774 r  core_inst_gen[3].u_engine_core/u_iv_top/gen_init_guess.u_init_guess/u_init_divider/div_stage[0].den_pipe_reg[1][6]_i_12__2/CO[3]
                         net (fo=1, routed)           0.000     2.774    core_inst_gen[3].u_engine_core/u_iv_top/gen_init_guess.u_init_guess/u_init_divider/div_stage[0].den_pipe_reg[1][6]_i_12__2_n_0
    SLICE_X103Y122       CARRY4 (Prop_carry4_CI_CO[3])
                                                      0.089     2.863 r  core_inst_gen[3].u_engine_core/u_iv_top/gen_init_guess.u_init_guess/u_init_divider/div_stage[0].den_pipe_reg[1][6]_i_3__2/CO[3]
                         net (fo=1, routed)           0.000     2.863    core_inst_gen[3].u_engine_core/u_iv_top/gen_init_guess.u_init_guess/u_init_divider/div_stage[0].den_pipe_reg[1][6]_i_3__2_n_0
    SLICE_X103Y123       CARRY4 (Prop_carry4_CI_CO[3])
                                                      0.089     2.952 r  core_inst_gen[3].u_engine_core/u_iv_top/gen_init_guess.u_init_guess/u_init_divider/div_stage[0].den_pipe_reg[1][6]_i_2__2/CO[3]
                         net (fo=1, routed)           0.000     2.952    core_inst_gen[3].u_engine_core/u_iv_top/gen_init_guess.u_init_guess/u_init_divider/div_stage[0].den_pipe_reg[1][6]_i_2__2_n_0
    SLICE_X103Y124       CARRY4 (Prop_carry4_CI_CO[3])
                                                      0.089     3.041 r  core_inst_gen[3].u_engine_core/u_iv_top/gen_init_guess.u_init_guess/u_init_divider/div_stage[0].den_pipe_reg[1][11]_i_2__2/CO[3]
                         net (fo=1, routed)           0.007     3.048    core_inst_gen[3].u_engine_core/u_iv_top/gen_init_guess.u_init_guess/u_init_divider/div_stage[0].den_pipe_reg[1][11]_i_2__2_n_0
    SLICE_X103Y125       CARRY4 (Prop_carry4_CI_CO[3])
                                                      0.089     3.137 r  core_inst_gen[3].u_engine_core/u_iv_top/gen_init_guess.u_init_guess/u_init_divider/div_stage[0].den_pipe_reg[1][15]_i_2__2/CO[3]
                         net (fo=1, routed)           0.000     3.137    core_inst_gen[3].u_engine_core/u_iv_top/gen_init_guess.u_init_guess/u_init_divider/div_stage[0].den_pipe_reg[1][15]_i_2__2_n_0
    SLICE_X103Y126       CARRY4 (Prop_carry4_CI_CO[3])
                                                      0.089     3.226 r  core_inst_gen[3].u_engine_core/u_iv_top/gen_init_guess.u_init_guess/u_init_divider/div_stage[0].den_pipe_reg[1][19]_i_2__2/CO[3]
                         net (fo=1, routed)           0.000     3.226    core_inst_gen[3].u_engine_core/u_iv_top/gen_init_guess.u_init_guess/u_init_divider/div_stage[0].den_pipe_reg[1][19]_i_2__2_n_0
    SLICE_X103Y127       CARRY4 (Prop_carry4_CI_CO[3])
                                                      0.089     3.315 r  core_inst_gen[3].u_engine_core/u_iv_top/gen_init_guess.u_init_guess/u_init_divider/div_stage[0].den_pipe_reg[1][22]_i_2__2/CO[3]
                         net (fo=1, routed)           0.000     3.315    core_inst_gen[3].u_engine_core/u_iv_top/gen_init_guess.u_init_guess/u_init_divider/div_stage[0].den_pipe_reg[1][22]_i_2__2_n_0
    SLICE_X103Y128       CARRY4 (Prop_carry4_CI_O[0])
                                                      0.159     3.474 f  core_inst_gen[3].u_engine_core/u_iv_top/gen_init_guess.u_init_guess/u_init_divider/div_stage[0].den_pipe_reg[1][25]_i_3__5/O[0]
                         net (fo=5, routed)           0.727     4.202    core_inst_gen[3].u_engine_core/u_iv_top/gen_init_guess.u_init_guess/u_init_divider/den_reg_reg[24]
    SLICE_X104Y130       LUT2 (Prop_lut2_I0_O)        0.224     4.426 r  core_inst_gen[3].u_engine_core/u_iv_top/gen_init_guess.u_init_guess/u_init_divider/div_stage[0].den_pipe[1][25]_i_12__2/O
                         net (fo=1, routed)           0.000     4.426    core_inst_gen[3].u_engine_core/u_iv_top/gen_init_guess.u_init_guess/u_init_divider/div_stage[0].den_pipe[1][25]_i_12__2_n_0
    SLICE_X104Y130       CARRY4 (Prop_carry4_S[0]_CO[3])
                                                      0.379     4.805 r  core_inst_gen[3].u_engine_core/u_iv_top/gen_init_guess.u_init_guess/u_init_divider/div_stage[0].den_pipe_reg[1][25]_i_2__5/CO[3]
                         net (fo=61, routed)          0.888     5.692    core_inst_gen[3].u_engine_core/u_iv_top/gen_init_guess.u_init_guess/u_init_divider/denominator_in2
    SLICE_X105Y126       LUT2 (Prop_lut2_I0_O)        0.107     5.799 f  core_inst_gen[3].u_engine_core/u_iv_top/gen_init_guess.u_init_guess/u_init_divider/div_stage[0].den_pipe[1][4]_i_2__5/O
                         net (fo=3, routed)           0.628     6.427    core_inst_gen[3].u_engine_core/u_iv_top/gen_init_guess.u_init_guess/u_init_divider/div_stage[0].den_pipe[1][4]_i_5__14_n_0
    SLICE_X109Y126       LUT6 (Prop_lut6_I4_O)        0.240     6.667 r  core_inst_gen[3].u_engine_core/u_iv_top/gen_init_guess.u_init_guess/u_init_divider/div_stage[29].dbz_pipe_reg[30]_srl30_core_inst_gen_c_28_i_6__14/O
                         net (fo=2, routed)           0.436     7.103    core_inst_gen[3].u_engine_core/u_iv_top/gen_init_guess.u_init_guess/u_init_divider/div_stage[29].dbz_pipe_reg[30]_srl30_core_inst_gen_c_28_i_6__14_n_0
    SLICE_X103Y130       LUT5 (Prop_lut5_I4_O)        0.097     7.200 r  core_inst_gen[3].u_engine_core/u_iv_top/gen_init_guess.u_init_guess/u_init_divider/i___993_i_21__2/O
                         net (fo=1, routed)           0.174     7.374    core_inst_gen[3].u_engine_core/u_iv_top/gen_init_guess.u_init_guess/u_init_divider/i___993_i_21__2_n_0
    SLICE_X103Y130       LUT6 (Prop_lut6_I5_O)        0.097     7.471 r  core_inst_gen[3].u_engine_core/u_iv_top/gen_init_guess.u_init_guess/u_init_divider/i___993_i_13__5/O
                         net (fo=2, routed)           0.319     7.790    core_inst_gen[3].u_engine_core/u_iv_top/gen_init_guess.u_init_guess/u_init_divider/i___993_i_13__5_n_0
    SLICE_X102Y130       LUT6 (Prop_lut6_I5_O)        0.097     7.887 r  core_inst_gen[3].u_engine_core/u_iv_top/gen_init_guess.u_init_guess/u_init_divider/i___993_i_6__14/O
                         net (fo=1, routed)           0.672     8.559    core_inst_gen[3].u_engine_core/u_iv_top/gen_init_guess.u_init_guess/u_init_divider/i___993_i_6__14_n_0
    SLICE_X106Y122       LUT6 (Prop_lut6_I4_O)        0.097     8.656 f  core_inst_gen[3].u_engine_core/u_iv_top/gen_init_guess.u_init_guess/u_init_divider/div_stage[0].den_pipe[1][6]_i_1__17_comp/O
                         net (fo=4, routed)           0.457     9.113    core_inst_gen[3].u_engine_core/u_iv_top/gen_init_guess.u_init_guess/u_init_divider/den_abs[6]
    SLICE_X106Y127       LUT6 (Prop_lut6_I3_O)        0.097     9.210 r  core_inst_gen[3].u_engine_core/u_iv_top/gen_init_guess.u_init_guess/u_init_divider/i___1012/O
                         net (fo=1, routed)           0.441     9.651    core_inst_gen[3].u_engine_core/u_iv_top/gen_init_guess.u_init_guess/u_init_divider/i___1012_n_0
    SLICE_X108Y129       CARRY4 (Prop_carry4_DI[3]_CO[3])
                                                      0.292     9.943 r  core_inst_gen[3].u_engine_core/u_iv_top/gen_init_guess.u_init_guess/u_init_divider/i___989_i_25/CO[3]
                         net (fo=1, routed)           0.000     9.943    core_inst_gen[3].u_engine_core/u_iv_top/gen_init_guess.u_init_guess/u_init_divider/i___989_i_25_n_0
    SLICE_X108Y130       CARRY4 (Prop_carry4_CI_CO[3])
                                                      0.092    10.035 r  core_inst_gen[3].u_engine_core/u_iv_top/gen_init_guess.u_init_guess/u_init_divider/i___989_i_24/CO[3]
                         net (fo=1, routed)           0.000    10.035    core_inst_gen[3].u_engine_core/u_iv_top/gen_init_guess.u_init_guess/u_init_divider/i___989_i_24_n_0
    SLICE_X108Y131       CARRY4 (Prop_carry4_CI_CO[3])
                                                      0.092    10.127 r  core_inst_gen[3].u_engine_core/u_iv_top/gen_init_guess.u_init_guess/u_init_divider/i___989_i_21/CO[3]
                         net (fo=1, routed)           0.000    10.127    core_inst_gen[3].u_engine_core/u_iv_top/gen_init_guess.u_init_guess/u_init_divider/i___989_i_21_n_0
    SLICE_X108Y132       CARRY4 (Prop_carry4_CI_CO[3])
                                                      0.092    10.219 r  core_inst_gen[3].u_engine_core/u_iv_top/gen_init_guess.u_init_guess/u_init_divider/i___989_i_4/CO[3]
                         net (fo=32, routed)          0.888    11.107    core_inst_gen[3].u_engine_core/u_iv_top/gen_init_guess.u_init_guess/u_init_divider/div_stage[0].rem_ge_den
    SLICE_X110Y134       LUT3 (Prop_lut3_I1_O)        0.097    11.204 r  core_inst_gen[3].u_engine_core/u_iv_top/gen_init_guess.u_init_guess/u_init_divider/div_stage[0].rem_pipe[1][22]_i_1__20/O
                         net (fo=1, routed)           0.000    11.204    core_inst_gen[3].u_engine_core/u_iv_top/gen_init_guess.u_init_guess/u_init_divider/div_stage[0].rem_pipe[1][22]_i_1__20_n_0
    SLICE_X110Y134       FDCE                                         r  core_inst_gen[3].u_engine_core/u_iv_top/gen_init_guess.u_init_guess/u_init_divider/div_stage[0].rem_pipe_reg[1][22]/D
  -------------------------------------------------------------------    -------------------

                         (clock aclk rise edge)      10.000    10.000 r  
                                                      0.000    10.000 r  aclk (IN)
                         net (fo=139949, unset)       1.184    11.184    core_inst_gen[3].u_engine_core/u_iv_top/gen_init_guess.u_init_guess/u_init_divider/aclk
    SLICE_X110Y134       FDCE                                         r  core_inst_gen[3].u_engine_core/u_iv_top/gen_init_guess.u_init_guess/u_init_divider/div_stage[0].rem_pipe_reg[1][22]/C
                         clock pessimism              0.060    11.244    
                         clock uncertainty           -0.035    11.209    
    SLICE_X110Y134       FDCE (Setup_fdce_C_D)        0.032    11.241    core_inst_gen[3].u_engine_core/u_iv_top/gen_init_guess.u_init_guess/u_init_divider/div_stage[0].rem_pipe_reg[1][22]
  -------------------------------------------------------------------
                         required time                         11.241    
                         arrival time                         -11.204    
  -------------------------------------------------------------------
                         slack                                  0.036    

Slack (MET) :             0.043ns  (required time - arrival time)
  Source:                 i__i_13__8/C
                            (rising edge-triggered cell FDCE clocked by aclk  {rise@0.000ns fall@5.000ns period=10.000ns})
  Destination:            core_inst_gen[3].u_engine_core/u_iv_top/gen_init_guess.u_init_guess/u_init_divider/div_stage[0].rem_pipe_reg[1][29]/D
                            (rising edge-triggered cell FDCE clocked by aclk  {rise@0.000ns fall@5.000ns period=10.000ns})
  Path Group:             aclk
  Path Type:              Setup (Max at Slow Process Corner)
  Requirement:            10.000ns  (aclk rise@10.000ns - aclk rise@0.000ns)
  Data Path Delay:        9.962ns  (logic 4.373ns (43.898%)  route 5.589ns (56.102%))
  Logic Levels:           27  (CARRY4=17 LUT2=4 LUT3=1 LUT4=1 LUT5=1 LUT6=3)
  Clock Path Skew:        -0.024ns (DCD - SCD + CPR)
    Destination Clock Delay (DCD):    1.185ns = ( 11.185 - 10.000 ) 
    Source Clock Delay      (SCD):    1.269ns
    Clock Pessimism Removal (CPR):    0.060ns
  Clock Uncertainty:      0.035ns  ((TSJ^2 + TIJ^2)^1/2 + DJ) / 2 + PE
    Total System Jitter     (TSJ):    0.071ns
    Total Input Jitter      (TIJ):    0.000ns
    Discrete Jitter          (DJ):    0.000ns
    Phase Error              (PE):    0.000ns

    Location             Delay type                Incr(ns)  Path(ns)    Netlist Resource(s)
  -------------------------------------------------------------------    -------------------
                         (clock aclk rise edge)       0.000     0.000 r  
                                                      0.000     0.000 r  aclk (IN)
                         net (fo=139949, unset)       1.269     1.269    aclk
    SLICE_X102Y122       FDCE                                         r  i__i_13__8/C
  -------------------------------------------------------------------    -------------------
    SLICE_X102Y122       FDCE (Prop_fdce_C_Q)         0.393     1.662 r  i__i_13__8/Q
                         net (fo=154, routed)         0.514     2.176    core_inst_gen[3].u_engine_core/u_iv_top/gen_init_guess.u_init_guess/u_init_divider/i___993_i_7__14_0
    SLICE_X103Y120       LUT3 (Prop_lut3_I1_O)        0.097     2.273 r  core_inst_gen[3].u_engine_core/u_iv_top/gen_init_guess.u_init_guess/u_init_divider/div_stage[0].den_pipe[1][6]_i_35__2/O
                         net (fo=1, routed)           0.000     2.273    core_inst_gen[3].u_engine_core/u_iv_top/gen_init_guess.u_init_guess/u_init_divider/div_stage[0].den_pipe[1][6]_i_35__2_n_0
    SLICE_X103Y120       CARRY4 (Prop_carry4_S[1]_CO[3])
                                                      0.412     2.685 r  core_inst_gen[3].u_engine_core/u_iv_top/gen_init_guess.u_init_guess/u_init_divider/div_stage[0].den_pipe_reg[1][6]_i_21__2/CO[3]
                         net (fo=1, routed)           0.000     2.685    core_inst_gen[3].u_engine_core/u_iv_top/gen_init_guess.u_init_guess/u_init_divider/div_stage[0].den_pipe_reg[1][6]_i_21__2_n_0
    SLICE_X103Y121       CARRY4 (Prop_carry4_CI_CO[3])
                                                      0.089     2.774 r  core_inst_gen[3].u_engine_core/u_iv_top/gen_init_guess.u_init_guess/u_init_divider/div_stage[0].den_pipe_reg[1][6]_i_12__2/CO[3]
                         net (fo=1, routed)           0.000     2.774    core_inst_gen[3].u_engine_core/u_iv_top/gen_init_guess.u_init_guess/u_init_divider/div_stage[0].den_pipe_reg[1][6]_i_12__2_n_0
    SLICE_X103Y122       CARRY4 (Prop_carry4_CI_CO[3])
                                                      0.089     2.863 r  core_inst_gen[3].u_engine_core/u_iv_top/gen_init_guess.u_init_guess/u_init_divider/div_stage[0].den_pipe_reg[1][6]_i_3__2/CO[3]
                         net (fo=1, routed)           0.000     2.863    core_inst_gen[3].u_engine_core/u_iv_top/gen_init_guess.u_init_guess/u_init_divider/div_stage[0].den_pipe_reg[1][6]_i_3__2_n_0
    SLICE_X103Y123       CARRY4 (Prop_carry4_CI_CO[3])
                                                      0.089     2.952 r  core_inst_gen[3].u_engine_core/u_iv_top/gen_init_guess.u_init_guess/u_init_divider/div_stage[0].den_pipe_reg[1][6]_i_2__2/CO[3]
                         net (fo=1, routed)           0.000     2.952    core_inst_gen[3].u_engine_core/u_iv_top/gen_init_guess.u_init_guess/u_init_divider/div_stage[0].den_pipe_reg[1][6]_i_2__2_n_0
    SLICE_X103Y124       CARRY4 (Prop_carry4_CI_CO[3])
                                                      0.089     3.041 r  core_inst_gen[3].u_engine_core/u_iv_top/gen_init_guess.u_init_guess/u_init_divider/div_stage[0].den_pipe_reg[1][11]_i_2__2/CO[3]
                         net (fo=1, routed)           0.007     3.048    core_inst_gen[3].u_engine_core/u_iv_top/gen_init_guess.u_init_guess/u_init_divider/div_stage[0].den_pipe_reg[1][11]_i_2__2_n_0
    SLICE_X103Y125       CARRY4 (Prop_carry4_CI_CO[3])
                                                      0.089     3.137 r  core_inst_gen[3].u_engine_core/u_iv_top/gen_init_guess.u_init_guess/u_init_divider/div_stage[0].den_pipe_reg[1][15]_i_2__2/CO[3]
                         net (fo=1, routed)           0.000     3.137    core_inst_gen[3].u_engine_core/u_iv_top/gen_init_guess.u_init_guess/u_init_divider/div_stage[0].den_pipe_reg[1][15]_i_2__2_n_0
    SLICE_X103Y126       CARRY4 (Prop_carry4_CI_CO[3])
                                                      0.089     3.226 r  core_inst_gen[3].u_engine_core/u_iv_top/gen_init_guess.u_init_guess/u_init_divider/div_stage[0].den_pipe_reg[1][19]_i_2__2/CO[3]
                         net (fo=1, routed)           0.000     3.226    core_inst_gen[3].u_engine_core/u_iv_top/gen_init_guess.u_init_guess/u_init_divider/div_stage[0].den_pipe_reg[1][19]_i_2__2_n_0
    SLICE_X103Y127       CARRY4 (Prop_carry4_CI_CO[3])
                                                      0.089     3.315 r  core_inst_gen[3].u_engine_core/u_iv_top/gen_init_guess.u_init_guess/u_init_divider/div_stage[0].den_pipe_reg[1][22]_i_2__2/CO[3]
                         net (fo=1, routed)           0.000     3.315    core_inst_gen[3].u_engine_core/u_iv_top/gen_init_guess.u_init_guess/u_init_divider/div_stage[0].den_pipe_reg[1][22]_i_2__2_n_0
    SLICE_X103Y128       CARRY4 (Prop_carry4_CI_O[0])
                                                      0.159     3.474 f  core_inst_gen[3].u_engine_core/u_iv_top/gen_init_guess.u_init_guess/u_init_divider/div_stage[0].den_pipe_reg[1][25]_i_3__5/O[0]
                         net (fo=5, routed)           0.727     4.202    core_inst_gen[3].u_engine_core/u_iv_top/gen_init_guess.u_init_guess/u_init_divider/den_reg_reg[24]
    SLICE_X104Y130       LUT2 (Prop_lut2_I0_O)        0.224     4.426 r  core_inst_gen[3].u_engine_core/u_iv_top/gen_init_guess.u_init_guess/u_init_divider/div_stage[0].den_pipe[1][25]_i_12__2/O
                         net (fo=1, routed)           0.000     4.426    core_inst_gen[3].u_engine_core/u_iv_top/gen_init_guess.u_init_guess/u_init_divider/div_stage[0].den_pipe[1][25]_i_12__2_n_0
    SLICE_X104Y130       CARRY4 (Prop_carry4_S[0]_CO[3])
                                                      0.379     4.805 f  core_inst_gen[3].u_engine_core/u_iv_top/gen_init_guess.u_init_guess/u_init_divider/div_stage[0].den_pipe_reg[1][25]_i_2__5/CO[3]
                         net (fo=61, routed)          0.888     5.692    core_inst_gen[3].u_engine_core/u_iv_top/gen_init_guess.u_init_guess/u_init_divider/denominator_in2
    SLICE_X105Y126       LUT2 (Prop_lut2_I0_O)        0.107     5.799 r  core_inst_gen[3].u_engine_core/u_iv_top/gen_init_guess.u_init_guess/u_init_divider/div_stage[0].den_pipe[1][4]_i_2__5/O
                         net (fo=3, routed)           0.628     6.427    core_inst_gen[3].u_engine_core/u_iv_top/gen_init_guess.u_init_guess/u_init_divider/div_stage[0].den_pipe[1][4]_i_5__14_n_0
    SLICE_X109Y126       LUT6 (Prop_lut6_I4_O)        0.240     6.667 f  core_inst_gen[3].u_engine_core/u_iv_top/gen_init_guess.u_init_guess/u_init_divider/div_stage[29].dbz_pipe_reg[30]_srl30_core_inst_gen_c_28_i_6__14/O
                         net (fo=2, routed)           0.436     7.103    core_inst_gen[3].u_engine_core/u_iv_top/gen_init_guess.u_init_guess/u_init_divider/div_stage[29].dbz_pipe_reg[30]_srl30_core_inst_gen_c_28_i_6__14_n_0
    SLICE_X103Y130       LUT5 (Prop_lut5_I4_O)        0.097     7.200 f  core_inst_gen[3].u_engine_core/u_iv_top/gen_init_guess.u_init_guess/u_init_divider/i___993_i_21__2/O
                         net (fo=1, routed)           0.174     7.374    core_inst_gen[3].u_engine_core/u_iv_top/gen_init_guess.u_init_guess/u_init_divider/i___993_i_21__2_n_0
    SLICE_X103Y130       LUT6 (Prop_lut6_I5_O)        0.097     7.471 f  core_inst_gen[3].u_engine_core/u_iv_top/gen_init_guess.u_init_guess/u_init_divider/i___993_i_13__5/O
                         net (fo=2, routed)           0.325     7.796    core_inst_gen[3].u_engine_core/u_iv_top/gen_init_guess.u_init_guess/u_init_divider/i___993_i_13__5_n_0
    SLICE_X102Y130       LUT6 (Prop_lut6_I4_O)        0.097     7.893 r  core_inst_gen[3].u_engine_core/u_iv_top/gen_init_guess.u_init_guess/u_init_divider/i___993_i_1__14_comp_1/O
                         net (fo=43, routed)          0.559     8.452    core_inst_gen[3].u_engine_core/u_iv_top/gen_init_guess.u_init_guess/u_init_divider/i___993_i_1__14_n_0
    SLICE_X98Y125        LUT4 (Prop_lut4_I0_O)        0.097     8.549 r  core_inst_gen[3].u_engine_core/u_iv_top/gen_init_guess.u_init_guess/u_init_divider/div_stage[0].den_pipe[1][5]_i_1__14/O
                         net (fo=3, routed)           0.764     9.313    core_inst_gen[3].u_engine_core/u_iv_top/gen_init_guess.u_init_guess/u_init_divider/den_abs[5]
    SLICE_X109Y129       LUT2 (Prop_lut2_I1_O)        0.097     9.410 r  core_inst_gen[3].u_engine_core/u_iv_top/gen_init_guess.u_init_guess/u_init_divider/i___9/O
                         net (fo=1, routed)           0.000     9.410    core_inst_gen[3].u_engine_core/u_iv_top/gen_init_guess.u_init_guess/u_init_divider/i___9_n_0
    SLICE_X109Y129       CARRY4 (Prop_carry4_S[1]_CO[3])
                                                      0.412     9.822 r  core_inst_gen[3].u_engine_core/u_iv_top/gen_init_guess.u_init_guess/u_init_divider/i___1005_i_1/CO[3]
                         net (fo=1, routed)           0.000     9.822    core_inst_gen[3].u_engine_core/u_iv_top/gen_init_guess.u_init_guess/u_init_divider/i___1005_i_1_n_0
    SLICE_X109Y130       CARRY4 (Prop_carry4_CI_CO[3])
                                                      0.089     9.911 r  core_inst_gen[3].u_engine_core/u_iv_top/gen_init_guess.u_init_guess/u_init_divider/i___1013_i_1/CO[3]
                         net (fo=1, routed)           0.000     9.911    core_inst_gen[3].u_engine_core/u_iv_top/gen_init_guess.u_init_guess/u_init_divider/i___1013_i_1_n_0
    SLICE_X109Y131       CARRY4 (Prop_carry4_CI_CO[3])
                                                      0.089    10.000 r  core_inst_gen[3].u_engine_core/u_iv_top/gen_init_guess.u_init_guess/u_init_divider/i___1021_i_1/CO[3]
                         net (fo=1, routed)           0.000    10.000    core_inst_gen[3].u_engine_core/u_iv_top/gen_init_guess.u_init_guess/u_init_divider/i___1021_i_1_n_0
    SLICE_X109Y132       CARRY4 (Prop_carry4_CI_CO[3])
                                                      0.089    10.089 r  core_inst_gen[3].u_engine_core/u_iv_top/gen_init_guess.u_init_guess/u_init_divider/i___1029_i_1/CO[3]
                         net (fo=1, routed)           0.000    10.089    core_inst_gen[3].u_engine_core/u_iv_top/gen_init_guess.u_init_guess/u_init_divider/i___1029_i_1_n_0
    SLICE_X109Y133       CARRY4 (Prop_carry4_CI_CO[3])
                                                      0.089    10.178 r  core_inst_gen[3].u_engine_core/u_iv_top/gen_init_guess.u_init_guess/u_init_divider/i___1037_i_1/CO[3]
                         net (fo=1, routed)           0.000    10.178    core_inst_gen[3].u_engine_core/u_iv_top/gen_init_guess.u_init_guess/u_init_divider/i___1037_i_1_n_0
    SLICE_X109Y134       CARRY4 (Prop_carry4_CI_CO[3])
                                                      0.089    10.267 r  core_inst_gen[3].u_engine_core/u_iv_top/gen_init_guess.u_init_guess/u_init_divider/i___1045_i_1/CO[3]
                         net (fo=1, routed)           0.000    10.267    core_inst_gen[3].u_engine_core/u_iv_top/gen_init_guess.u_init_guess/u_init_divider/i___1045_i_1_n_0
    SLICE_X109Y135       CARRY4 (Prop_carry4_CI_O[0])
                                                      0.159    10.426 r  core_inst_gen[3].u_engine_core/u_iv_top/gen_init_guess.u_init_guess/u_init_divider/div_stage[0].rem_pipe_reg[1][31]_i_2/O[0]
                         net (fo=1, routed)           0.567    10.993    core_inst_gen[3].u_engine_core/u_iv_top/gen_init_guess.u_init_guess/u_init_divider/div_stage[0].sub_rem[28]
    SLICE_X109Y136       LUT2 (Prop_lut2_I1_O)        0.238    11.231 r  core_inst_gen[3].u_engine_core/u_iv_top/gen_init_guess.u_init_guess/u_init_divider/div_stage[0].rem_pipe[1][29]_i_1__20/O
                         net (fo=1, routed)           0.000    11.231    core_inst_gen[3].u_engine_core/u_iv_top/gen_init_guess.u_init_guess/u_init_divider/div_stage[0].rem_pipe[1][29]_i_1__20_n_0
    SLICE_X109Y136       FDCE                                         r  core_inst_gen[3].u_engine_core/u_iv_top/gen_init_guess.u_init_guess/u_init_divider/div_stage[0].rem_pipe_reg[1][29]/D
  -------------------------------------------------------------------    -------------------

                         (clock aclk rise edge)      10.000    10.000 r  
                                                      0.000    10.000 r  aclk (IN)
                         net (fo=139949, unset)       1.185    11.185    core_inst_gen[3].u_engine_core/u_iv_top/gen_init_guess.u_init_guess/u_init_divider/aclk
    SLICE_X109Y136       FDCE                                         r  core_inst_gen[3].u_engine_core/u_iv_top/gen_init_guess.u_init_guess/u_init_divider/div_stage[0].rem_pipe_reg[1][29]/C
                         clock pessimism              0.060    11.245    
                         clock uncertainty           -0.035    11.210    
    SLICE_X109Y136       FDCE (Setup_fdce_C_D)        0.064    11.274    core_inst_gen[3].u_engine_core/u_iv_top/gen_init_guess.u_init_guess/u_init_divider/div_stage[0].rem_pipe_reg[1][29]
  -------------------------------------------------------------------
                         required time                         11.274    
                         arrival time                         -11.231    
  -------------------------------------------------------------------
                         slack                                  0.043    

Slack (MET) :             0.047ns  (required time - arrival time)
  Source:                 i__i_13__8/C
                            (rising edge-triggered cell FDCE clocked by aclk  {rise@0.000ns fall@5.000ns period=10.000ns})
  Destination:            core_inst_gen[3].u_engine_core/u_iv_top/gen_init_guess.u_init_guess/u_init_divider/div_stage[0].rem_pipe_reg[1][30]/D
                            (rising edge-triggered cell FDCE clocked by aclk  {rise@0.000ns fall@5.000ns period=10.000ns})
  Path Group:             aclk
  Path Type:              Setup (Max at Slow Process Corner)
  Requirement:            10.000ns  (aclk rise@10.000ns - aclk rise@0.000ns)
  Data Path Delay:        9.923ns  (logic 3.784ns (38.134%)  route 6.139ns (61.866%))
  Logic Levels:           24  (CARRY4=14 LUT2=3 LUT3=1 LUT5=1 LUT6=5)
  Clock Path Skew:        -0.025ns (DCD - SCD + CPR)
    Destination Clock Delay (DCD):    1.184ns = ( 11.184 - 10.000 ) 
    Source Clock Delay      (SCD):    1.269ns
    Clock Pessimism Removal (CPR):    0.060ns
  Clock Uncertainty:      0.035ns  ((TSJ^2 + TIJ^2)^1/2 + DJ) / 2 + PE
    Total System Jitter     (TSJ):    0.071ns
    Total Input Jitter      (TIJ):    0.000ns
    Discrete Jitter          (DJ):    0.000ns
    Phase Error              (PE):    0.000ns

    Location             Delay type                Incr(ns)  Path(ns)    Netlist Resource(s)
  -------------------------------------------------------------------    -------------------
                         (clock aclk rise edge)       0.000     0.000 r  
                                                      0.000     0.000 r  aclk (IN)
                         net (fo=139949, unset)       1.269     1.269    aclk
    SLICE_X102Y122       FDCE                                         r  i__i_13__8/C
  -------------------------------------------------------------------    -------------------
    SLICE_X102Y122       FDCE (Prop_fdce_C_Q)         0.393     1.662 r  i__i_13__8/Q
                         net (fo=154, routed)         0.514     2.176    core_inst_gen[3].u_engine_core/u_iv_top/gen_init_guess.u_init_guess/u_init_divider/i___993_i_7__14_0
    SLICE_X103Y120       LUT3 (Prop_lut3_I1_O)        0.097     2.273 r  core_inst_gen[3].u_engine_core/u_iv_top/gen_init_guess.u_init_guess/u_init_divider/div_stage[0].den_pipe[1][6]_i_35__2/O
                         net (fo=1, routed)           0.000     2.273    core_inst_gen[3].u_engine_core/u_iv_top/gen_init_guess.u_init_guess/u_init_divider/div_stage[0].den_pipe[1][6]_i_35__2_n_0
    SLICE_X103Y120       CARRY4 (Prop_carry4_S[1]_CO[3])
                                                      0.412     2.685 r  core_inst_gen[3].u_engine_core/u_iv_top/gen_init_guess.u_init_guess/u_init_divider/div_stage[0].den_pipe_reg[1][6]_i_21__2/CO[3]
                         net (fo=1, routed)           0.000     2.685    core_inst_gen[3].u_engine_core/u_iv_top/gen_init_guess.u_init_guess/u_init_divider/div_stage[0].den_pipe_reg[1][6]_i_21__2_n_0
    SLICE_X103Y121       CARRY4 (Prop_carry4_CI_CO[3])
                                                      0.089     2.774 r  core_inst_gen[3].u_engine_core/u_iv_top/gen_init_guess.u_init_guess/u_init_divider/div_stage[0].den_pipe_reg[1][6]_i_12__2/CO[3]
                         net (fo=1, routed)           0.000     2.774    core_inst_gen[3].u_engine_core/u_iv_top/gen_init_guess.u_init_guess/u_init_divider/div_stage[0].den_pipe_reg[1][6]_i_12__2_n_0
    SLICE_X103Y122       CARRY4 (Prop_carry4_CI_CO[3])
                                                      0.089     2.863 r  core_inst_gen[3].u_engine_core/u_iv_top/gen_init_guess.u_init_guess/u_init_divider/div_stage[0].den_pipe_reg[1][6]_i_3__2/CO[3]
                         net (fo=1, routed)           0.000     2.863    core_inst_gen[3].u_engine_core/u_iv_top/gen_init_guess.u_init_guess/u_init_divider/div_stage[0].den_pipe_reg[1][6]_i_3__2_n_0
    SLICE_X103Y123       CARRY4 (Prop_carry4_CI_CO[3])
                                                      0.089     2.952 r  core_inst_gen[3].u_engine_core/u_iv_top/gen_init_guess.u_init_guess/u_init_divider/div_stage[0].den_pipe_reg[1][6]_i_2__2/CO[3]
                         net (fo=1, routed)           0.000     2.952    core_inst_gen[3].u_engine_core/u_iv_top/gen_init_guess.u_init_guess/u_init_divider/div_stage[0].den_pipe_reg[1][6]_i_2__2_n_0
    SLICE_X103Y124       CARRY4 (Prop_carry4_CI_CO[3])
                                                      0.089     3.041 r  core_inst_gen[3].u_engine_core/u_iv_top/gen_init_guess.u_init_guess/u_init_divider/div_stage[0].den_pipe_reg[1][11]_i_2__2/CO[3]
                         net (fo=1, routed)           0.007     3.048    core_inst_gen[3].u_engine_core/u_iv_top/gen_init_guess.u_init_guess/u_init_divider/div_stage[0].den_pipe_reg[1][11]_i_2__2_n_0
    SLICE_X103Y125       CARRY4 (Prop_carry4_CI_CO[3])
                                                      0.089     3.137 r  core_inst_gen[3].u_engine_core/u_iv_top/gen_init_guess.u_init_guess/u_init_divider/div_stage[0].den_pipe_reg[1][15]_i_2__2/CO[3]
                         net (fo=1, routed)           0.000     3.137    core_inst_gen[3].u_engine_core/u_iv_top/gen_init_guess.u_init_guess/u_init_divider/div_stage[0].den_pipe_reg[1][15]_i_2__2_n_0
    SLICE_X103Y126       CARRY4 (Prop_carry4_CI_CO[3])
                                                      0.089     3.226 r  core_inst_gen[3].u_engine_core/u_iv_top/gen_init_guess.u_init_guess/u_init_divider/div_stage[0].den_pipe_reg[1][19]_i_2__2/CO[3]
                         net (fo=1, routed)           0.000     3.226    core_inst_gen[3].u_engine_core/u_iv_top/gen_init_guess.u_init_guess/u_init_divider/div_stage[0].den_pipe_reg[1][19]_i_2__2_n_0
    SLICE_X103Y127       CARRY4 (Prop_carry4_CI_CO[3])
                                                      0.089     3.315 r  core_inst_gen[3].u_engine_core/u_iv_top/gen_init_guess.u_init_guess/u_init_divider/div_stage[0].den_pipe_reg[1][22]_i_2__2/CO[3]
                         net (fo=1, routed)           0.000     3.315    core_inst_gen[3].u_engine_core/u_iv_top/gen_init_guess.u_init_guess/u_init_divider/div_stage[0].den_pipe_reg[1][22]_i_2__2_n_0
    SLICE_X103Y128       CARRY4 (Prop_carry4_CI_O[0])
                                                      0.159     3.474 f  core_inst_gen[3].u_engine_core/u_iv_top/gen_init_guess.u_init_guess/u_init_divider/div_stage[0].den_pipe_reg[1][25]_i_3__5/O[0]
                         net (fo=5, routed)           0.727     4.202    core_inst_gen[3].u_engine_core/u_iv_top/gen_init_guess.u_init_guess/u_init_divider/den_reg_reg[24]
    SLICE_X104Y130       LUT2 (Prop_lut2_I0_O)        0.224     4.426 r  core_inst_gen[3].u_engine_core/u_iv_top/gen_init_guess.u_init_guess/u_init_divider/div_stage[0].den_pipe[1][25]_i_12__2/O
                         net (fo=1, routed)           0.000     4.426    core_inst_gen[3].u_engine_core/u_iv_top/gen_init_guess.u_init_guess/u_init_divider/div_stage[0].den_pipe[1][25]_i_12__2_n_0
    SLICE_X104Y130       CARRY4 (Prop_carry4_S[0]_CO[3])
                                                      0.379     4.805 r  core_inst_gen[3].u_engine_core/u_iv_top/gen_init_guess.u_init_guess/u_init_divider/div_stage[0].den_pipe_reg[1][25]_i_2__5/CO[3]
                         net (fo=61, routed)          0.888     5.692    core_inst_gen[3].u_engine_core/u_iv_top/gen_init_guess.u_init_guess/u_init_divider/denominator_in2
    SLICE_X105Y126       LUT2 (Prop_lut2_I0_O)        0.107     5.799 f  core_inst_gen[3].u_engine_core/u_iv_top/gen_init_guess.u_init_guess/u_init_divider/div_stage[0].den_pipe[1][4]_i_2__5/O
                         net (fo=3, routed)           0.628     6.427    core_inst_gen[3].u_engine_core/u_iv_top/gen_init_guess.u_init_guess/u_init_divider/div_stage[0].den_pipe[1][4]_i_5__14_n_0
    SLICE_X109Y126       LUT6 (Prop_lut6_I4_O)        0.240     6.667 r  core_inst_gen[3].u_engine_core/u_iv_top/gen_init_guess.u_init_guess/u_init_divider/div_stage[29].dbz_pipe_reg[30]_srl30_core_inst_gen_c_28_i_6__14/O
                         net (fo=2, routed)           0.436     7.103    core_inst_gen[3].u_engine_core/u_iv_top/gen_init_guess.u_init_guess/u_init_divider/div_stage[29].dbz_pipe_reg[30]_srl30_core_inst_gen_c_28_i_6__14_n_0
    SLICE_X103Y130       LUT5 (Prop_lut5_I4_O)        0.097     7.200 r  core_inst_gen[3].u_engine_core/u_iv_top/gen_init_guess.u_init_guess/u_init_divider/i___993_i_21__2/O
                         net (fo=1, routed)           0.174     7.374    core_inst_gen[3].u_engine_core/u_iv_top/gen_init_guess.u_init_guess/u_init_divider/i___993_i_21__2_n_0
    SLICE_X103Y130       LUT6 (Prop_lut6_I5_O)        0.097     7.471 r  core_inst_gen[3].u_engine_core/u_iv_top/gen_init_guess.u_init_guess/u_init_divider/i___993_i_13__5/O
                         net (fo=2, routed)           0.319     7.790    core_inst_gen[3].u_engine_core/u_iv_top/gen_init_guess.u_init_guess/u_init_divider/i___993_i_13__5_n_0
    SLICE_X102Y130       LUT6 (Prop_lut6_I5_O)        0.097     7.887 r  core_inst_gen[3].u_engine_core/u_iv_top/gen_init_guess.u_init_guess/u_init_divider/i___993_i_6__14/O
                         net (fo=1, routed)           0.672     8.559    core_inst_gen[3].u_engine_core/u_iv_top/gen_init_guess.u_init_guess/u_init_divider/i___993_i_6__14_n_0
    SLICE_X106Y122       LUT6 (Prop_lut6_I4_O)        0.097     8.656 f  core_inst_gen[3].u_engine_core/u_iv_top/gen_init_guess.u_init_guess/u_init_divider/div_stage[0].den_pipe[1][6]_i_1__17_comp/O
                         net (fo=4, routed)           0.457     9.113    core_inst_gen[3].u_engine_core/u_iv_top/gen_init_guess.u_init_guess/u_init_divider/den_abs[6]
    SLICE_X106Y127       LUT6 (Prop_lut6_I3_O)        0.097     9.210 r  core_inst_gen[3].u_engine_core/u_iv_top/gen_init_guess.u_init_guess/u_init_divider/i___1012/O
                         net (fo=1, routed)           0.441     9.651    core_inst_gen[3].u_engine_core/u_iv_top/gen_init_guess.u_init_guess/u_init_divider/i___1012_n_0
    SLICE_X108Y129       CARRY4 (Prop_carry4_DI[3]_CO[3])
                                                      0.292     9.943 r  core_inst_gen[3].u_engine_core/u_iv_top/gen_init_guess.u_init_guess/u_init_divider/i___989_i_25/CO[3]
                         net (fo=1, routed)           0.000     9.943    core_inst_gen[3].u_engine_core/u_iv_top/gen_init_guess.u_init_guess/u_init_divider/i___989_i_25_n_0
    SLICE_X108Y130       CARRY4 (Prop_carry4_CI_CO[3])
                                                      0.092    10.035 r  core_inst_gen[3].u_engine_core/u_iv_top/gen_init_guess.u_init_guess/u_init_divider/i___989_i_24/CO[3]
                         net (fo=1, routed)           0.000    10.035    core_inst_gen[3].u_engine_core/u_iv_top/gen_init_guess.u_init_guess/u_init_divider/i___989_i_24_n_0
    SLICE_X108Y131       CARRY4 (Prop_carry4_CI_CO[3])
                                                      0.092    10.127 r  core_inst_gen[3].u_engine_core/u_iv_top/gen_init_guess.u_init_guess/u_init_divider/i___989_i_21/CO[3]
                         net (fo=1, routed)           0.000    10.127    core_inst_gen[3].u_engine_core/u_iv_top/gen_init_guess.u_init_guess/u_init_divider/i___989_i_21_n_0
    SLICE_X108Y132       CARRY4 (Prop_carry4_CI_CO[3])
                                                      0.092    10.219 r  core_inst_gen[3].u_engine_core/u_iv_top/gen_init_guess.u_init_guess/u_init_divider/i___989_i_4/CO[3]
                         net (fo=32, routed)          0.876    11.095    core_inst_gen[3].u_engine_core/u_iv_top/gen_init_guess.u_init_guess/u_init_divider/div_stage[0].rem_ge_den
    SLICE_X110Y133       LUT2 (Prop_lut2_I0_O)        0.097    11.192 r  core_inst_gen[3].u_engine_core/u_iv_top/gen_init_guess.u_init_guess/u_init_divider/div_stage[0].rem_pipe[1][30]_i_1__20/O
                         net (fo=1, routed)           0.000    11.192    core_inst_gen[3].u_engine_core/u_iv_top/gen_init_guess.u_init_guess/u_init_divider/div_stage[0].rem_pipe[1][30]_i_1__20_n_0
    SLICE_X110Y133       FDCE                                         r  core_inst_gen[3].u_engine_core/u_iv_top/gen_init_guess.u_init_guess/u_init_divider/div_stage[0].rem_pipe_reg[1][30]/D
  -------------------------------------------------------------------    -------------------

                         (clock aclk rise edge)      10.000    10.000 r  
                                                      0.000    10.000 r  aclk (IN)
                         net (fo=139949, unset)       1.184    11.184    core_inst_gen[3].u_engine_core/u_iv_top/gen_init_guess.u_init_guess/u_init_divider/aclk
    SLICE_X110Y133       FDCE                                         r  core_inst_gen[3].u_engine_core/u_iv_top/gen_init_guess.u_init_guess/u_init_divider/div_stage[0].rem_pipe_reg[1][30]/C
                         clock pessimism              0.060    11.244    
                         clock uncertainty           -0.035    11.209    
    SLICE_X110Y133       FDCE (Setup_fdce_C_D)        0.030    11.239    core_inst_gen[3].u_engine_core/u_iv_top/gen_init_guess.u_init_guess/u_init_divider/div_stage[0].rem_pipe_reg[1][30]
  -------------------------------------------------------------------
                         required time                         11.239    
                         arrival time                         -11.192    
  -------------------------------------------------------------------
                         slack                                  0.047    

Slack (MET) :             0.054ns  (required time - arrival time)
  Source:                 i__i_13__8/C
                            (rising edge-triggered cell FDCE clocked by aclk  {rise@0.000ns fall@5.000ns period=10.000ns})
  Destination:            core_inst_gen[3].u_engine_core/u_iv_top/gen_init_guess.u_init_guess/u_init_divider/div_stage[0].rem_pipe_reg[1][24]/D
                            (rising edge-triggered cell FDCE clocked by aclk  {rise@0.000ns fall@5.000ns period=10.000ns})
  Path Group:             aclk
  Path Type:              Setup (Max at Slow Process Corner)
  Requirement:            10.000ns  (aclk rise@10.000ns - aclk rise@0.000ns)
  Data Path Delay:        9.949ns  (logic 3.798ns (38.173%)  route 6.151ns (61.827%))
  Logic Levels:           24  (CARRY4=14 LUT2=2 LUT3=2 LUT5=1 LUT6=5)
  Clock Path Skew:        -0.025ns (DCD - SCD + CPR)
    Destination Clock Delay (DCD):    1.184ns = ( 11.184 - 10.000 ) 
    Source Clock Delay      (SCD):    1.269ns
    Clock Pessimism Removal (CPR):    0.060ns
  Clock Uncertainty:      0.035ns  ((TSJ^2 + TIJ^2)^1/2 + DJ) / 2 + PE
    Total System Jitter     (TSJ):    0.071ns
    Total Input Jitter      (TIJ):    0.000ns
    Discrete Jitter          (DJ):    0.000ns
    Phase Error              (PE):    0.000ns

    Location             Delay type                Incr(ns)  Path(ns)    Netlist Resource(s)
  -------------------------------------------------------------------    -------------------
                         (clock aclk rise edge)       0.000     0.000 r  
                                                      0.000     0.000 r  aclk (IN)
                         net (fo=139949, unset)       1.269     1.269    aclk
    SLICE_X102Y122       FDCE                                         r  i__i_13__8/C
  -------------------------------------------------------------------    -------------------
    SLICE_X102Y122       FDCE (Prop_fdce_C_Q)         0.393     1.662 r  i__i_13__8/Q
                         net (fo=154, routed)         0.514     2.176    core_inst_gen[3].u_engine_core/u_iv_top/gen_init_guess.u_init_guess/u_init_divider/i___993_i_7__14_0
    SLICE_X103Y120       LUT3 (Prop_lut3_I1_O)        0.097     2.273 r  core_inst_gen[3].u_engine_core/u_iv_top/gen_init_guess.u_init_guess/u_init_divider/div_stage[0].den_pipe[1][6]_i_35__2/O
                         net (fo=1, routed)           0.000     2.273    core_inst_gen[3].u_engine_core/u_iv_top/gen_init_guess.u_init_guess/u_init_divider/div_stage[0].den_pipe[1][6]_i_35__2_n_0
    SLICE_X103Y120       CARRY4 (Prop_carry4_S[1]_CO[3])
                                                      0.412     2.685 r  core_inst_gen[3].u_engine_core/u_iv_top/gen_init_guess.u_init_guess/u_init_divider/div_stage[0].den_pipe_reg[1][6]_i_21__2/CO[3]
                         net (fo=1, routed)           0.000     2.685    core_inst_gen[3].u_engine_core/u_iv_top/gen_init_guess.u_init_guess/u_init_divider/div_stage[0].den_pipe_reg[1][6]_i_21__2_n_0
    SLICE_X103Y121       CARRY4 (Prop_carry4_CI_CO[3])
                                                      0.089     2.774 r  core_inst_gen[3].u_engine_core/u_iv_top/gen_init_guess.u_init_guess/u_init_divider/div_stage[0].den_pipe_reg[1][6]_i_12__2/CO[3]
                         net (fo=1, routed)           0.000     2.774    core_inst_gen[3].u_engine_core/u_iv_top/gen_init_guess.u_init_guess/u_init_divider/div_stage[0].den_pipe_reg[1][6]_i_12__2_n_0
    SLICE_X103Y122       CARRY4 (Prop_carry4_CI_CO[3])
                                                      0.089     2.863 r  core_inst_gen[3].u_engine_core/u_iv_top/gen_init_guess.u_init_guess/u_init_divider/div_stage[0].den_pipe_reg[1][6]_i_3__2/CO[3]
                         net (fo=1, routed)           0.000     2.863    core_inst_gen[3].u_engine_core/u_iv_top/gen_init_guess.u_init_guess/u_init_divider/div_stage[0].den_pipe_reg[1][6]_i_3__2_n_0
    SLICE_X103Y123       CARRY4 (Prop_carry4_CI_CO[3])
                                                      0.089     2.952 r  core_inst_gen[3].u_engine_core/u_iv_top/gen_init_guess.u_init_guess/u_init_divider/div_stage[0].den_pipe_reg[1][6]_i_2__2/CO[3]
                         net (fo=1, routed)           0.000     2.952    core_inst_gen[3].u_engine_core/u_iv_top/gen_init_guess.u_init_guess/u_init_divider/div_stage[0].den_pipe_reg[1][6]_i_2__2_n_0
    SLICE_X103Y124       CARRY4 (Prop_carry4_CI_CO[3])
                                                      0.089     3.041 r  core_inst_gen[3].u_engine_core/u_iv_top/gen_init_guess.u_init_guess/u_init_divider/div_stage[0].den_pipe_reg[1][11]_i_2__2/CO[3]
                         net (fo=1, routed)           0.007     3.048    core_inst_gen[3].u_engine_core/u_iv_top/gen_init_guess.u_init_guess/u_init_divider/div_stage[0].den_pipe_reg[1][11]_i_2__2_n_0
    SLICE_X103Y125       CARRY4 (Prop_carry4_CI_CO[3])
                                                      0.089     3.137 r  core_inst_gen[3].u_engine_core/u_iv_top/gen_init_guess.u_init_guess/u_init_divider/div_stage[0].den_pipe_reg[1][15]_i_2__2/CO[3]
                         net (fo=1, routed)           0.000     3.137    core_inst_gen[3].u_engine_core/u_iv_top/gen_init_guess.u_init_guess/u_init_divider/div_stage[0].den_pipe_reg[1][15]_i_2__2_n_0
    SLICE_X103Y126       CARRY4 (Prop_carry4_CI_CO[3])
                                                      0.089     3.226 r  core_inst_gen[3].u_engine_core/u_iv_top/gen_init_guess.u_init_guess/u_init_divider/div_stage[0].den_pipe_reg[1][19]_i_2__2/CO[3]
                         net (fo=1, routed)           0.000     3.226    core_inst_gen[3].u_engine_core/u_iv_top/gen_init_guess.u_init_guess/u_init_divider/div_stage[0].den_pipe_reg[1][19]_i_2__2_n_0
    SLICE_X103Y127       CARRY4 (Prop_carry4_CI_CO[3])
                                                      0.089     3.315 r  core_inst_gen[3].u_engine_core/u_iv_top/gen_init_guess.u_init_guess/u_init_divider/div_stage[0].den_pipe_reg[1][22]_i_2__2/CO[3]
                         net (fo=1, routed)           0.000     3.315    core_inst_gen[3].u_engine_core/u_iv_top/gen_init_guess.u_init_guess/u_init_divider/div_stage[0].den_pipe_reg[1][22]_i_2__2_n_0
    SLICE_X103Y128       CARRY4 (Prop_carry4_CI_O[0])
                                                      0.159     3.474 f  core_inst_gen[3].u_engine_core/u_iv_top/gen_init_guess.u_init_guess/u_init_divider/div_stage[0].den_pipe_reg[1][25]_i_3__5/O[0]
                         net (fo=5, routed)           0.727     4.202    core_inst_gen[3].u_engine_core/u_iv_top/gen_init_guess.u_init_guess/u_init_divider/den_reg_reg[24]
    SLICE_X104Y130       LUT2 (Prop_lut2_I0_O)        0.224     4.426 r  core_inst_gen[3].u_engine_core/u_iv_top/gen_init_guess.u_init_guess/u_init_divider/div_stage[0].den_pipe[1][25]_i_12__2/O
                         net (fo=1, routed)           0.000     4.426    core_inst_gen[3].u_engine_core/u_iv_top/gen_init_guess.u_init_guess/u_init_divider/div_stage[0].den_pipe[1][25]_i_12__2_n_0
    SLICE_X104Y130       CARRY4 (Prop_carry4_S[0]_CO[3])
                                                      0.379     4.805 r  core_inst_gen[3].u_engine_core/u_iv_top/gen_init_guess.u_init_guess/u_init_divider/div_stage[0].den_pipe_reg[1][25]_i_2__5/CO[3]
                         net (fo=61, routed)          0.888     5.692    core_inst_gen[3].u_engine_core/u_iv_top/gen_init_guess.u_init_guess/u_init_divider/denominator_in2
    SLICE_X105Y126       LUT2 (Prop_lut2_I0_O)        0.107     5.799 f  core_inst_gen[3].u_engine_core/u_iv_top/gen_init_guess.u_init_guess/u_init_divider/div_stage[0].den_pipe[1][4]_i_2__5/O
                         net (fo=3, routed)           0.628     6.427    core_inst_gen[3].u_engine_core/u_iv_top/gen_init_guess.u_init_guess/u_init_divider/div_stage[0].den_pipe[1][4]_i_5__14_n_0
    SLICE_X109Y126       LUT6 (Prop_lut6_I4_O)        0.240     6.667 r  core_inst_gen[3].u_engine_core/u_iv_top/gen_init_guess.u_init_guess/u_init_divider/div_stage[29].dbz_pipe_reg[30]_srl30_core_inst_gen_c_28_i_6__14/O
                         net (fo=2, routed)           0.436     7.103    core_inst_gen[3].u_engine_core/u_iv_top/gen_init_guess.u_init_guess/u_init_divider/div_stage[29].dbz_pipe_reg[30]_srl30_core_inst_gen_c_28_i_6__14_n_0
    SLICE_X103Y130       LUT5 (Prop_lut5_I4_O)        0.097     7.200 r  core_inst_gen[3].u_engine_core/u_iv_top/gen_init_guess.u_init_guess/u_init_divider/i___993_i_21__2/O
                         net (fo=1, routed)           0.174     7.374    core_inst_gen[3].u_engine_core/u_iv_top/gen_init_guess.u_init_guess/u_init_divider/i___993_i_21__2_n_0
    SLICE_X103Y130       LUT6 (Prop_lut6_I5_O)        0.097     7.471 r  core_inst_gen[3].u_engine_core/u_iv_top/gen_init_guess.u_init_guess/u_init_divider/i___993_i_13__5/O
                         net (fo=2, routed)           0.319     7.790    core_inst_gen[3].u_engine_core/u_iv_top/gen_init_guess.u_init_guess/u_init_divider/i___993_i_13__5_n_0
    SLICE_X102Y130       LUT6 (Prop_lut6_I5_O)        0.097     7.887 r  core_inst_gen[3].u_engine_core/u_iv_top/gen_init_guess.u_init_guess/u_init_divider/i___993_i_6__14/O
                         net (fo=1, routed)           0.672     8.559    core_inst_gen[3].u_engine_core/u_iv_top/gen_init_guess.u_init_guess/u_init_divider/i___993_i_6__14_n_0
    SLICE_X106Y122       LUT6 (Prop_lut6_I4_O)        0.097     8.656 f  core_inst_gen[3].u_engine_core/u_iv_top/gen_init_guess.u_init_guess/u_init_divider/div_stage[0].den_pipe[1][6]_i_1__17_comp/O
                         net (fo=4, routed)           0.457     9.113    core_inst_gen[3].u_engine_core/u_iv_top/gen_init_guess.u_init_guess/u_init_divider/den_abs[6]
    SLICE_X106Y127       LUT6 (Prop_lut6_I3_O)        0.097     9.210 r  core_inst_gen[3].u_engine_core/u_iv_top/gen_init_guess.u_init_guess/u_init_divider/i___1012/O
                         net (fo=1, routed)           0.441     9.651    core_inst_gen[3].u_engine_core/u_iv_top/gen_init_guess.u_init_guess/u_init_divider/i___1012_n_0
    SLICE_X108Y129       CARRY4 (Prop_carry4_DI[3]_CO[3])
                                                      0.292     9.943 r  core_inst_gen[3].u_engine_core/u_iv_top/gen_init_guess.u_init_guess/u_init_divider/i___989_i_25/CO[3]
                         net (fo=1, routed)           0.000     9.943    core_inst_gen[3].u_engine_core/u_iv_top/gen_init_guess.u_init_guess/u_init_divider/i___989_i_25_n_0
    SLICE_X108Y130       CARRY4 (Prop_carry4_CI_CO[3])
                                                      0.092    10.035 r  core_inst_gen[3].u_engine_core/u_iv_top/gen_init_guess.u_init_guess/u_init_divider/i___989_i_24/CO[3]
                         net (fo=1, routed)           0.000    10.035    core_inst_gen[3].u_engine_core/u_iv_top/gen_init_guess.u_init_guess/u_init_divider/i___989_i_24_n_0
    SLICE_X108Y131       CARRY4 (Prop_carry4_CI_CO[3])
                                                      0.092    10.127 r  core_inst_gen[3].u_engine_core/u_iv_top/gen_init_guess.u_init_guess/u_init_divider/i___989_i_21/CO[3]
                         net (fo=1, routed)           0.000    10.127    core_inst_gen[3].u_engine_core/u_iv_top/gen_init_guess.u_init_guess/u_init_divider/i___989_i_21_n_0
    SLICE_X108Y132       CARRY4 (Prop_carry4_CI_CO[3])
                                                      0.092    10.219 r  core_inst_gen[3].u_engine_core/u_iv_top/gen_init_guess.u_init_guess/u_init_divider/i___989_i_4/CO[3]
                         net (fo=32, routed)          0.888    11.107    core_inst_gen[3].u_engine_core/u_iv_top/gen_init_guess.u_init_guess/u_init_divider/div_stage[0].rem_ge_den
    SLICE_X110Y134       LUT3 (Prop_lut3_I1_O)        0.111    11.218 r  core_inst_gen[3].u_engine_core/u_iv_top/gen_init_guess.u_init_guess/u_init_divider/div_stage[0].rem_pipe[1][24]_i_1__20/O
                         net (fo=1, routed)           0.000    11.218    core_inst_gen[3].u_engine_core/u_iv_top/gen_init_guess.u_init_guess/u_init_divider/div_stage[0].rem_pipe[1][24]_i_1__20_n_0
    SLICE_X110Y134       FDCE                                         r  core_inst_gen[3].u_engine_core/u_iv_top/gen_init_guess.u_init_guess/u_init_divider/div_stage[0].rem_pipe_reg[1][24]/D
  -------------------------------------------------------------------    -------------------

                         (clock aclk rise edge)      10.000    10.000 r  
                                                      0.000    10.000 r  aclk (IN)
                         net (fo=139949, unset)       1.184    11.184    core_inst_gen[3].u_engine_core/u_iv_top/gen_init_guess.u_init_guess/u_init_divider/aclk
    SLICE_X110Y134       FDCE                                         r  core_inst_gen[3].u_engine_core/u_iv_top/gen_init_guess.u_init_guess/u_init_divider/div_stage[0].rem_pipe_reg[1][24]/C
                         clock pessimism              0.060    11.244    
                         clock uncertainty           -0.035    11.209    
    SLICE_X110Y134       FDCE (Setup_fdce_C_D)        0.064    11.273    core_inst_gen[3].u_engine_core/u_iv_top/gen_init_guess.u_init_guess/u_init_divider/div_stage[0].rem_pipe_reg[1][24]
  -------------------------------------------------------------------
                         required time                         11.273    
                         arrival time                         -11.218    
  -------------------------------------------------------------------
                         slack                                  0.054    

Slack (MET) :             0.059ns  (required time - arrival time)
  Source:                 i__i_13__8/C
                            (rising edge-triggered cell FDCE clocked by aclk  {rise@0.000ns fall@5.000ns period=10.000ns})
  Destination:            core_inst_gen[3].u_engine_core/u_iv_top/gen_init_guess.u_init_guess/u_init_divider/div_stage[0].rem_pipe_reg[1][6]/D
                            (rising edge-triggered cell FDCE clocked by aclk  {rise@0.000ns fall@5.000ns period=10.000ns})
  Path Group:             aclk
  Path Type:              Setup (Max at Slow Process Corner)
  Requirement:            10.000ns  (aclk rise@10.000ns - aclk rise@0.000ns)
  Data Path Delay:        9.904ns  (logic 3.784ns (38.208%)  route 6.120ns (61.792%))
  Logic Levels:           24  (CARRY4=14 LUT2=2 LUT3=2 LUT5=1 LUT6=5)
  Clock Path Skew:        -0.032ns (DCD - SCD + CPR)
    Destination Clock Delay (DCD):    1.177ns = ( 11.177 - 10.000 ) 
    Source Clock Delay      (SCD):    1.269ns
    Clock Pessimism Removal (CPR):    0.060ns
  Clock Uncertainty:      0.035ns  ((TSJ^2 + TIJ^2)^1/2 + DJ) / 2 + PE
    Total System Jitter     (TSJ):    0.071ns
    Total Input Jitter      (TIJ):    0.000ns
    Discrete Jitter          (DJ):    0.000ns
    Phase Error              (PE):    0.000ns

    Location             Delay type                Incr(ns)  Path(ns)    Netlist Resource(s)
  -------------------------------------------------------------------    -------------------
                         (clock aclk rise edge)       0.000     0.000 r  
                                                      0.000     0.000 r  aclk (IN)
                         net (fo=139949, unset)       1.269     1.269    aclk
    SLICE_X102Y122       FDCE                                         r  i__i_13__8/C
  -------------------------------------------------------------------    -------------------
    SLICE_X102Y122       FDCE (Prop_fdce_C_Q)         0.393     1.662 r  i__i_13__8/Q
                         net (fo=154, routed)         0.514     2.176    core_inst_gen[3].u_engine_core/u_iv_top/gen_init_guess.u_init_guess/u_init_divider/i___993_i_7__14_0
    SLICE_X103Y120       LUT3 (Prop_lut3_I1_O)        0.097     2.273 r  core_inst_gen[3].u_engine_core/u_iv_top/gen_init_guess.u_init_guess/u_init_divider/div_stage[0].den_pipe[1][6]_i_35__2/O
                         net (fo=1, routed)           0.000     2.273    core_inst_gen[3].u_engine_core/u_iv_top/gen_init_guess.u_init_guess/u_init_divider/div_stage[0].den_pipe[1][6]_i_35__2_n_0
    SLICE_X103Y120       CARRY4 (Prop_carry4_S[1]_CO[3])
                                                      0.412     2.685 r  core_inst_gen[3].u_engine_core/u_iv_top/gen_init_guess.u_init_guess/u_init_divider/div_stage[0].den_pipe_reg[1][6]_i_21__2/CO[3]
                         net (fo=1, routed)           0.000     2.685    core_inst_gen[3].u_engine_core/u_iv_top/gen_init_guess.u_init_guess/u_init_divider/div_stage[0].den_pipe_reg[1][6]_i_21__2_n_0
    SLICE_X103Y121       CARRY4 (Prop_carry4_CI_CO[3])
                                                      0.089     2.774 r  core_inst_gen[3].u_engine_core/u_iv_top/gen_init_guess.u_init_guess/u_init_divider/div_stage[0].den_pipe_reg[1][6]_i_12__2/CO[3]
                         net (fo=1, routed)           0.000     2.774    core_inst_gen[3].u_engine_core/u_iv_top/gen_init_guess.u_init_guess/u_init_divider/div_stage[0].den_pipe_reg[1][6]_i_12__2_n_0
    SLICE_X103Y122       CARRY4 (Prop_carry4_CI_CO[3])
                                                      0.089     2.863 r  core_inst_gen[3].u_engine_core/u_iv_top/gen_init_guess.u_init_guess/u_init_divider/div_stage[0].den_pipe_reg[1][6]_i_3__2/CO[3]
                         net (fo=1, routed)           0.000     2.863    core_inst_gen[3].u_engine_core/u_iv_top/gen_init_guess.u_init_guess/u_init_divider/div_stage[0].den_pipe_reg[1][6]_i_3__2_n_0
    SLICE_X103Y123       CARRY4 (Prop_carry4_CI_CO[3])
                                                      0.089     2.952 r  core_inst_gen[3].u_engine_core/u_iv_top/gen_init_guess.u_init_guess/u_init_divider/div_stage[0].den_pipe_reg[1][6]_i_2__2/CO[3]
                         net (fo=1, routed)           0.000     2.952    core_inst_gen[3].u_engine_core/u_iv_top/gen_init_guess.u_init_guess/u_init_divider/div_stage[0].den_pipe_reg[1][6]_i_2__2_n_0
    SLICE_X103Y124       CARRY4 (Prop_carry4_CI_CO[3])
                                                      0.089     3.041 r  core_inst_gen[3].u_engine_core/u_iv_top/gen_init_guess.u_init_guess/u_init_divider/div_stage[0].den_pipe_reg[1][11]_i_2__2/CO[3]
                         net (fo=1, routed)           0.007     3.048    core_inst_gen[3].u_engine_core/u_iv_top/gen_init_guess.u_init_guess/u_init_divider/div_stage[0].den_pipe_reg[1][11]_i_2__2_n_0
    SLICE_X103Y125       CARRY4 (Prop_carry4_CI_CO[3])
                                                      0.089     3.137 r  core_inst_gen[3].u_engine_core/u_iv_top/gen_init_guess.u_init_guess/u_init_divider/div_stage[0].den_pipe_reg[1][15]_i_2__2/CO[3]
                         net (fo=1, routed)           0.000     3.137    core_inst_gen[3].u_engine_core/u_iv_top/gen_init_guess.u_init_guess/u_init_divider/div_stage[0].den_pipe_reg[1][15]_i_2__2_n_0
    SLICE_X103Y126       CARRY4 (Prop_carry4_CI_CO[3])
                                                      0.089     3.226 r  core_inst_gen[3].u_engine_core/u_iv_top/gen_init_guess.u_init_guess/u_init_divider/div_stage[0].den_pipe_reg[1][19]_i_2__2/CO[3]
                         net (fo=1, routed)           0.000     3.226    core_inst_gen[3].u_engine_core/u_iv_top/gen_init_guess.u_init_guess/u_init_divider/div_stage[0].den_pipe_reg[1][19]_i_2__2_n_0
    SLICE_X103Y127       CARRY4 (Prop_carry4_CI_CO[3])
                                                      0.089     3.315 r  core_inst_gen[3].u_engine_core/u_iv_top/gen_init_guess.u_init_guess/u_init_divider/div_stage[0].den_pipe_reg[1][22]_i_2__2/CO[3]
                         net (fo=1, routed)           0.000     3.315    core_inst_gen[3].u_engine_core/u_iv_top/gen_init_guess.u_init_guess/u_init_divider/div_stage[0].den_pipe_reg[1][22]_i_2__2_n_0
    SLICE_X103Y128       CARRY4 (Prop_carry4_CI_O[0])
                                                      0.159     3.474 f  core_inst_gen[3].u_engine_core/u_iv_top/gen_init_guess.u_init_guess/u_init_divider/div_stage[0].den_pipe_reg[1][25]_i_3__5/O[0]
                         net (fo=5, routed)           0.727     4.202    core_inst_gen[3].u_engine_core/u_iv_top/gen_init_guess.u_init_guess/u_init_divider/den_reg_reg[24]
    SLICE_X104Y130       LUT2 (Prop_lut2_I0_O)        0.224     4.426 r  core_inst_gen[3].u_engine_core/u_iv_top/gen_init_guess.u_init_guess/u_init_divider/div_stage[0].den_pipe[1][25]_i_12__2/O
                         net (fo=1, routed)           0.000     4.426    core_inst_gen[3].u_engine_core/u_iv_top/gen_init_guess.u_init_guess/u_init_divider/div_stage[0].den_pipe[1][25]_i_12__2_n_0
    SLICE_X104Y130       CARRY4 (Prop_carry4_S[0]_CO[3])
                                                      0.379     4.805 r  core_inst_gen[3].u_engine_core/u_iv_top/gen_init_guess.u_init_guess/u_init_divider/div_stage[0].den_pipe_reg[1][25]_i_2__5/CO[3]
                         net (fo=61, routed)          0.888     5.692    core_inst_gen[3].u_engine_core/u_iv_top/gen_init_guess.u_init_guess/u_init_divider/denominator_in2
    SLICE_X105Y126       LUT2 (Prop_lut2_I0_O)        0.107     5.799 f  core_inst_gen[3].u_engine_core/u_iv_top/gen_init_guess.u_init_guess/u_init_divider/div_stage[0].den_pipe[1][4]_i_2__5/O
                         net (fo=3, routed)           0.628     6.427    core_inst_gen[3].u_engine_core/u_iv_top/gen_init_guess.u_init_guess/u_init_divider/div_stage[0].den_pipe[1][4]_i_5__14_n_0
    SLICE_X109Y126       LUT6 (Prop_lut6_I4_O)        0.240     6.667 r  core_inst_gen[3].u_engine_core/u_iv_top/gen_init_guess.u_init_guess/u_init_divider/div_stage[29].dbz_pipe_reg[30]_srl30_core_inst_gen_c_28_i_6__14/O
                         net (fo=2, routed)           0.436     7.103    core_inst_gen[3].u_engine_core/u_iv_top/gen_init_guess.u_init_guess/u_init_divider/div_stage[29].dbz_pipe_reg[30]_srl30_core_inst_gen_c_28_i_6__14_n_0
    SLICE_X103Y130       LUT5 (Prop_lut5_I4_O)        0.097     7.200 r  core_inst_gen[3].u_engine_core/u_iv_top/gen_init_guess.u_init_guess/u_init_divider/i___993_i_21__2/O
                         net (fo=1, routed)           0.174     7.374    core_inst_gen[3].u_engine_core/u_iv_top/gen_init_guess.u_init_guess/u_init_divider/i___993_i_21__2_n_0
    SLICE_X103Y130       LUT6 (Prop_lut6_I5_O)        0.097     7.471 r  core_inst_gen[3].u_engine_core/u_iv_top/gen_init_guess.u_init_guess/u_init_divider/i___993_i_13__5/O
                         net (fo=2, routed)           0.319     7.790    core_inst_gen[3].u_engine_core/u_iv_top/gen_init_guess.u_init_guess/u_init_divider/i___993_i_13__5_n_0
    SLICE_X102Y130       LUT6 (Prop_lut6_I5_O)        0.097     7.887 r  core_inst_gen[3].u_engine_core/u_iv_top/gen_init_guess.u_init_guess/u_init_divider/i___993_i_6__14/O
                         net (fo=1, routed)           0.672     8.559    core_inst_gen[3].u_engine_core/u_iv_top/gen_init_guess.u_init_guess/u_init_divider/i___993_i_6__14_n_0
    SLICE_X106Y122       LUT6 (Prop_lut6_I4_O)        0.097     8.656 f  core_inst_gen[3].u_engine_core/u_iv_top/gen_init_guess.u_init_guess/u_init_divider/div_stage[0].den_pipe[1][6]_i_1__17_comp/O
                         net (fo=4, routed)           0.457     9.113    core_inst_gen[3].u_engine_core/u_iv_top/gen_init_guess.u_init_guess/u_init_divider/den_abs[6]
    SLICE_X106Y127       LUT6 (Prop_lut6_I3_O)        0.097     9.210 r  core_inst_gen[3].u_engine_core/u_iv_top/gen_init_guess.u_init_guess/u_init_divider/i___1012/O
                         net (fo=1, routed)           0.441     9.651    core_inst_gen[3].u_engine_core/u_iv_top/gen_init_guess.u_init_guess/u_init_divider/i___1012_n_0
    SLICE_X108Y129       CARRY4 (Prop_carry4_DI[3]_CO[3])
                                                      0.292     9.943 r  core_inst_gen[3].u_engine_core/u_iv_top/gen_init_guess.u_init_guess/u_init_divider/i___989_i_25/CO[3]
                         net (fo=1, routed)           0.000     9.943    core_inst_gen[3].u_engine_core/u_iv_top/gen_init_guess.u_init_guess/u_init_divider/i___989_i_25_n_0
    SLICE_X108Y130       CARRY4 (Prop_carry4_CI_CO[3])
                                                      0.092    10.035 r  core_inst_gen[3].u_engine_core/u_iv_top/gen_init_guess.u_init_guess/u_init_divider/i___989_i_24/CO[3]
                         net (fo=1, routed)           0.000    10.035    core_inst_gen[3].u_engine_core/u_iv_top/gen_init_guess.u_init_guess/u_init_divider/i___989_i_24_n_0
    SLICE_X108Y131       CARRY4 (Prop_carry4_CI_CO[3])
                                                      0.092    10.127 r  core_inst_gen[3].u_engine_core/u_iv_top/gen_init_guess.u_init_guess/u_init_divider/i___989_i_21/CO[3]
                         net (fo=1, routed)           0.000    10.127    core_inst_gen[3].u_engine_core/u_iv_top/gen_init_guess.u_init_guess/u_init_divider/i___989_i_21_n_0
    SLICE_X108Y132       CARRY4 (Prop_carry4_CI_CO[3])
                                                      0.092    10.219 r  core_inst_gen[3].u_engine_core/u_iv_top/gen_init_guess.u_init_guess/u_init_divider/i___989_i_4/CO[3]
                         net (fo=32, routed)          0.856    11.076    core_inst_gen[3].u_engine_core/u_iv_top/gen_init_guess.u_init_guess/u_init_divider/div_stage[0].rem_ge_den
    SLICE_X107Y130       LUT3 (Prop_lut3_I1_O)        0.097    11.173 r  core_inst_gen[3].u_engine_core/u_iv_top/gen_init_guess.u_init_guess/u_init_divider/div_stage[0].rem_pipe[1][6]_i_1__20/O
                         net (fo=1, routed)           0.000    11.173    core_inst_gen[3].u_engine_core/u_iv_top/gen_init_guess.u_init_guess/u_init_divider/div_stage[0].rem_pipe[1][6]_i_1__20_n_0
    SLICE_X107Y130       FDCE                                         r  core_inst_gen[3].u_engine_core/u_iv_top/gen_init_guess.u_init_guess/u_init_divider/div_stage[0].rem_pipe_reg[1][6]/D
  -------------------------------------------------------------------    -------------------

                         (clock aclk rise edge)      10.000    10.000 r  
                                                      0.000    10.000 r  aclk (IN)
                         net (fo=139949, unset)       1.177    11.177    core_inst_gen[3].u_engine_core/u_iv_top/gen_init_guess.u_init_guess/u_init_divider/aclk
    SLICE_X107Y130       FDCE                                         r  core_inst_gen[3].u_engine_core/u_iv_top/gen_init_guess.u_init_guess/u_init_divider/div_stage[0].rem_pipe_reg[1][6]/C
                         clock pessimism              0.060    11.237    
                         clock uncertainty           -0.035    11.202    
    SLICE_X107Y130       FDCE (Setup_fdce_C_D)        0.030    11.232    core_inst_gen[3].u_engine_core/u_iv_top/gen_init_guess.u_init_guess/u_init_divider/div_stage[0].rem_pipe_reg[1][6]
  -------------------------------------------------------------------
                         required time                         11.232    
                         arrival time                         -11.173    
  -------------------------------------------------------------------
                         slack                                  0.059    

Slack (MET) :             0.062ns  (required time - arrival time)
  Source:                 core_inst_gen[2].u_engine_core/u_iv_top/gen_init_guess.u_init_guess/u_init_divider/div_stage[0].den_pipe[1][6]_i_11__1_psdsp/C
                            (rising edge-triggered cell FDRE clocked by aclk  {rise@0.000ns fall@5.000ns period=10.000ns})
  Destination:            core_inst_gen[2].u_engine_core/u_iv_top/gen_init_guess.u_init_guess/u_init_divider/div_stage[0].rem_pipe_reg[1][22]/D
                            (rising edge-triggered cell FDCE clocked by aclk  {rise@0.000ns fall@5.000ns period=10.000ns})
  Path Group:             aclk
  Path Type:              Setup (Max at Slow Process Corner)
  Requirement:            10.000ns  (aclk rise@10.000ns - aclk rise@0.000ns)
  Data Path Delay:        9.719ns  (logic 3.898ns (40.107%)  route 5.821ns (59.893%))
  Logic Levels:           20  (CARRY4=14 LUT2=2 LUT3=2 LUT5=1 LUT6=1)
  Clock Path Skew:        -0.216ns (DCD - SCD + CPR)
    Destination Clock Delay (DCD):    1.244ns = ( 11.244 - 10.000 ) 
    Source Clock Delay      (SCD):    1.466ns
    Clock Pessimism Removal (CPR):    0.006ns
  Clock Uncertainty:      0.035ns  ((TSJ^2 + TIJ^2)^1/2 + DJ) / 2 + PE
    Total System Jitter     (TSJ):    0.071ns
    Total Input Jitter      (TIJ):    0.000ns
    Discrete Jitter          (DJ):    0.000ns
    Phase Error              (PE):    0.000ns

    Location             Delay type                Incr(ns)  Path(ns)    Netlist Resource(s)
  -------------------------------------------------------------------    -------------------
                         (clock aclk rise edge)       0.000     0.000 r  
                                                      0.000     0.000 r  aclk (IN)
                         net (fo=139949, unset)       1.466     1.466    core_inst_gen[2].u_engine_core/u_iv_top/gen_init_guess.u_init_guess/u_init_divider/aclk
    SLICE_X143Y94        FDRE                                         r  core_inst_gen[2].u_engine_core/u_iv_top/gen_init_guess.u_init_guess/u_init_divider/div_stage[0].den_pipe[1][6]_i_11__1_psdsp/C
  -------------------------------------------------------------------    -------------------
    SLICE_X143Y94        FDRE (Prop_fdre_C_Q)         0.341     1.807 r  core_inst_gen[2].u_engine_core/u_iv_top/gen_init_guess.u_init_guess/u_init_divider/div_stage[0].den_pipe[1][6]_i_11__1_psdsp/Q
                         net (fo=2, routed)           0.640     2.447    core_inst_gen[2].u_engine_core/u_iv_top/gen_init_guess.u_init_guess/u_init_divider/i___993_i_7__9_1[11]
    SLICE_X143Y105       LUT3 (Prop_lut3_I0_O)        0.097     2.544 r  core_inst_gen[2].u_engine_core/u_iv_top/gen_init_guess.u_init_guess/u_init_divider/div_stage[0].den_pipe[1][6]_i_11__1/O
                         net (fo=1, routed)           0.000     2.544    core_inst_gen[2].u_engine_core/u_iv_top/gen_init_guess.u_init_guess/u_init_divider/div_stage[0].den_pipe[1][6]_i_11__1_n_0
    SLICE_X143Y105       CARRY4 (Prop_carry4_S[0]_CO[3])
                                                      0.395     2.939 r  core_inst_gen[2].u_engine_core/u_iv_top/gen_init_guess.u_init_guess/u_init_divider/div_stage[0].den_pipe_reg[1][6]_i_2__1/CO[3]
                         net (fo=1, routed)           0.000     2.939    core_inst_gen[2].u_engine_core/u_iv_top/gen_init_guess.u_init_guess/u_init_divider/div_stage[0].den_pipe_reg[1][6]_i_2__1_n_0
    SLICE_X143Y106       CARRY4 (Prop_carry4_CI_CO[3])
                                                      0.089     3.028 r  core_inst_gen[2].u_engine_core/u_iv_top/gen_init_guess.u_init_guess/u_init_divider/div_stage[0].den_pipe_reg[1][11]_i_2__1/CO[3]
                         net (fo=1, routed)           0.000     3.028    core_inst_gen[2].u_engine_core/u_iv_top/gen_init_guess.u_init_guess/u_init_divider/div_stage[0].den_pipe_reg[1][11]_i_2__1_n_0
    SLICE_X143Y107       CARRY4 (Prop_carry4_CI_CO[3])
                                                      0.089     3.117 r  core_inst_gen[2].u_engine_core/u_iv_top/gen_init_guess.u_init_guess/u_init_divider/div_stage[0].den_pipe_reg[1][15]_i_2__1/CO[3]
                         net (fo=1, routed)           0.000     3.117    core_inst_gen[2].u_engine_core/u_iv_top/gen_init_guess.u_init_guess/u_init_divider/div_stage[0].den_pipe_reg[1][15]_i_2__1_n_0
    SLICE_X143Y108       CARRY4 (Prop_carry4_CI_CO[3])
                                                      0.089     3.206 r  core_inst_gen[2].u_engine_core/u_iv_top/gen_init_guess.u_init_guess/u_init_divider/div_stage[0].den_pipe_reg[1][19]_i_2__1/CO[3]
                         net (fo=1, routed)           0.000     3.206    core_inst_gen[2].u_engine_core/u_iv_top/gen_init_guess.u_init_guess/u_init_divider/div_stage[0].den_pipe_reg[1][19]_i_2__1_n_0
    SLICE_X143Y109       CARRY4 (Prop_carry4_CI_CO[3])
                                                      0.089     3.295 r  core_inst_gen[2].u_engine_core/u_iv_top/gen_init_guess.u_init_guess/u_init_divider/div_stage[0].den_pipe_reg[1][22]_i_2__1/CO[3]
                         net (fo=1, routed)           0.000     3.295    core_inst_gen[2].u_engine_core/u_iv_top/gen_init_guess.u_init_guess/u_init_divider/div_stage[0].den_pipe_reg[1][22]_i_2__1_n_0
    SLICE_X143Y110       CARRY4 (Prop_carry4_CI_O[1])
                                                      0.230     3.525 f  core_inst_gen[2].u_engine_core/u_iv_top/gen_init_guess.u_init_guess/u_init_divider/div_stage[0].den_pipe_reg[1][25]_i_3__3/O[1]
                         net (fo=5, routed)           0.711     4.237    core_inst_gen[2].u_engine_core/u_iv_top/gen_init_guess.u_init_guess/u_init_divider/den_reg_reg[25]
    SLICE_X145Y104       LUT2 (Prop_lut2_I1_O)        0.225     4.462 r  core_inst_gen[2].u_engine_core/u_iv_top/gen_init_guess.u_init_guess/u_init_divider/div_stage[0].den_pipe[1][25]_i_12__1/O
                         net (fo=1, routed)           0.000     4.462    core_inst_gen[2].u_engine_core/u_iv_top/gen_init_guess.u_init_guess/u_init_divider/div_stage[0].den_pipe[1][25]_i_12__1_n_0
    SLICE_X145Y104       CARRY4 (Prop_carry4_S[0]_CO[3])
                                                      0.395     4.857 f  core_inst_gen[2].u_engine_core/u_iv_top/gen_init_guess.u_init_guess/u_init_divider/div_stage[0].den_pipe_reg[1][25]_i_2__3/CO[3]
                         net (fo=60, routed)          1.073     5.930    core_inst_gen[2].u_engine_core/u_iv_top/gen_init_guess.u_init_guess/u_init_divider/denominator_in2
    SLICE_X144Y101       LUT2 (Prop_lut2_I0_O)        0.113     6.043 r  core_inst_gen[2].u_engine_core/u_iv_top/gen_init_guess.u_init_guess/u_init_divider/div_stage[0].den_pipe[1][7]_i_2__3/O
                         net (fo=4, routed)           0.997     7.040    core_inst_gen[2].u_engine_core/u_iv_top/gen_init_guess.u_init_guess/u_init_divider/div_stage[0].den_pipe[1][8]_i_5__9_n_0
    SLICE_X144Y101       CARRY4 (Prop_carry4_S[2]_CO[3])
                                                      0.520     7.560 r  core_inst_gen[2].u_engine_core/u_iv_top/gen_init_guess.u_init_guess/u_init_divider/div_stage[0].den_pipe_reg[1][8]_i_3/CO[3]
                         net (fo=1, routed)           0.000     7.560    core_inst_gen[2].u_engine_core/u_iv_top/gen_init_guess.u_init_guess/u_init_divider/div_stage[0].den_pipe_reg[1][8]_i_3_n_0
    SLICE_X144Y102       CARRY4 (Prop_carry4_CI_CO[3])
                                                      0.092     7.652 r  core_inst_gen[2].u_engine_core/u_iv_top/gen_init_guess.u_init_guess/u_init_divider/div_stage[0].den_pipe_reg[1][12]_i_2/CO[3]
                         net (fo=1, routed)           0.000     7.652    core_inst_gen[2].u_engine_core/u_iv_top/gen_init_guess.u_init_guess/u_init_divider/div_stage[0].den_pipe_reg[1][12]_i_2_n_0
    SLICE_X144Y103       CARRY4 (Prop_carry4_CI_CO[3])
                                                      0.092     7.744 r  core_inst_gen[2].u_engine_core/u_iv_top/gen_init_guess.u_init_guess/u_init_divider/div_stage[0].den_pipe_reg[1][16]_i_2/CO[3]
                         net (fo=1, routed)           0.000     7.744    core_inst_gen[2].u_engine_core/u_iv_top/gen_init_guess.u_init_guess/u_init_divider/div_stage[0].den_pipe_reg[1][16]_i_2_n_0
    SLICE_X144Y104       CARRY4 (Prop_carry4_CI_CO[3])
                                                      0.092     7.836 r  core_inst_gen[2].u_engine_core/u_iv_top/gen_init_guess.u_init_guess/u_init_divider/div_stage[0].den_pipe_reg[1][20]_i_2/CO[3]
                         net (fo=1, routed)           0.000     7.836    core_inst_gen[2].u_engine_core/u_iv_top/gen_init_guess.u_init_guess/u_init_divider/div_stage[0].den_pipe_reg[1][20]_i_2_n_0
    SLICE_X144Y105       CARRY4 (Prop_carry4_CI_O[0])
                                                      0.157     7.993 f  core_inst_gen[2].u_engine_core/u_iv_top/gen_init_guess.u_init_guess/u_init_divider/div_stage[0].den_pipe_reg[1][24]_i_2/O[0]
                         net (fo=1, routed)           0.420     8.413    core_inst_gen[2].u_engine_core/u_iv_top/gen_init_guess.u_init_guess/u_init_divider/div_stage[0].den_pipe_reg[1][24]_i_2_n_7
    SLICE_X145Y105       LUT5 (Prop_lut5_I4_O)        0.209     8.622 f  core_inst_gen[2].u_engine_core/u_iv_top/gen_init_guess.u_init_guess/u_init_divider/div_stage[0].den_pipe[1][21]_i_1__15/O
                         net (fo=4, routed)           0.455     9.077    core_inst_gen[2].u_engine_core/u_iv_top/gen_init_guess.u_init_guess/u_init_divider/den_abs[21]
    SLICE_X141Y104       LUT6 (Prop_lut6_I3_O)        0.097     9.174 r  core_inst_gen[2].u_engine_core/u_iv_top/gen_init_guess.u_init_guess/u_init_divider/i___1040_comp/O
                         net (fo=1, routed)           0.443     9.616    core_inst_gen[2].u_engine_core/u_iv_top/gen_init_guess.u_init_guess/u_init_divider/i___1040_n_0
    SLICE_X146Y103       CARRY4 (Prop_carry4_DI[2]_CO[3])
                                                      0.298     9.914 r  core_inst_gen[2].u_engine_core/u_iv_top/gen_init_guess.u_init_guess/u_init_divider/i___989_i_21/CO[3]
                         net (fo=1, routed)           0.000     9.914    core_inst_gen[2].u_engine_core/u_iv_top/gen_init_guess.u_init_guess/u_init_divider/i___989_i_21_n_0
    SLICE_X146Y104       CARRY4 (Prop_carry4_CI_CO[3])
                                                      0.092    10.006 r  core_inst_gen[2].u_engine_core/u_iv_top/gen_init_guess.u_init_guess/u_init_divider/i___989_i_4/CO[3]
                         net (fo=32, routed)          1.082    11.088    core_inst_gen[2].u_engine_core/u_iv_top/gen_init_guess.u_init_guess/u_init_divider/div_stage[0].rem_ge_den
    SLICE_X143Y101       LUT3 (Prop_lut3_I1_O)        0.097    11.185 r  core_inst_gen[2].u_engine_core/u_iv_top/gen_init_guess.u_init_guess/u_init_divider/div_stage[0].rem_pipe[1][22]_i_1__13/O
                         net (fo=1, routed)           0.000    11.185    core_inst_gen[2].u_engine_core/u_iv_top/gen_init_guess.u_init_guess/u_init_divider/div_stage[0].rem_pipe[1][22]_i_1__13_n_0
    SLICE_X143Y101       FDCE                                         r  core_inst_gen[2].u_engine_core/u_iv_top/gen_init_guess.u_init_guess/u_init_divider/div_stage[0].rem_pipe_reg[1][22]/D
  -------------------------------------------------------------------    -------------------

                         (clock aclk rise edge)      10.000    10.000 r  
                                                      0.000    10.000 r  aclk (IN)
                         net (fo=139949, unset)       1.244    11.244    core_inst_gen[2].u_engine_core/u_iv_top/gen_init_guess.u_init_guess/u_init_divider/aclk
    SLICE_X143Y101       FDCE                                         r  core_inst_gen[2].u_engine_core/u_iv_top/gen_init_guess.u_init_guess/u_init_divider/div_stage[0].rem_pipe_reg[1][22]/C
                         clock pessimism              0.006    11.250    
                         clock uncertainty           -0.035    11.215    
    SLICE_X143Y101       FDCE (Setup_fdce_C_D)        0.032    11.247    core_inst_gen[2].u_engine_core/u_iv_top/gen_init_guess.u_init_guess/u_init_divider/div_stage[0].rem_pipe_reg[1][22]
  -------------------------------------------------------------------
                         required time                         11.247    
                         arrival time                         -11.185    
  -------------------------------------------------------------------
                         slack                                  0.062    

Slack (MET) :             0.064ns  (required time - arrival time)
  Source:                 core_inst_gen[1].u_engine_core/u_iv_top/gen_init_guess.u_init_guess/u_init_divider/div_stage[0].den_pipe[1][6]_i_32__0_psdsp/C
                            (rising edge-triggered cell FDRE clocked by aclk  {rise@0.000ns fall@5.000ns period=10.000ns})
  Destination:            core_inst_gen[1].u_engine_core/u_iv_top/gen_init_guess.u_init_guess/u_init_divider/div_stage[0].rem_pipe_reg[1][10]/D
                            (rising edge-triggered cell FDCE clocked by aclk  {rise@0.000ns fall@5.000ns period=10.000ns})
  Path Group:             aclk
  Path Type:              Setup (Max at Slow Process Corner)
  Requirement:            10.000ns  (aclk rise@10.000ns - aclk rise@0.000ns)
  Data Path Delay:        9.892ns  (logic 3.775ns (38.162%)  route 6.117ns (61.838%))
  Logic Levels:           22  (CARRY4=13 LUT2=2 LUT3=2 LUT5=2 LUT6=3)
  Clock Path Skew:        -0.039ns (DCD - SCD + CPR)
    Destination Clock Delay (DCD):    1.291ns = ( 11.291 - 10.000 ) 
    Source Clock Delay      (SCD):    1.396ns
    Clock Pessimism Removal (CPR):    0.066ns
  Clock Uncertainty:      0.035ns  ((TSJ^2 + TIJ^2)^1/2 + DJ) / 2 + PE
    Total System Jitter     (TSJ):    0.071ns
    Total Input Jitter      (TIJ):    0.000ns
    Discrete Jitter          (DJ):    0.000ns
    Phase Error              (PE):    0.000ns

    Location             Delay type                Incr(ns)  Path(ns)    Netlist Resource(s)
  -------------------------------------------------------------------    -------------------
                         (clock aclk rise edge)       0.000     0.000 r  
                                                      0.000     0.000 r  aclk (IN)
                         net (fo=139949, unset)       1.396     1.396    core_inst_gen[1].u_engine_core/u_iv_top/gen_init_guess.u_init_guess/u_init_divider/aclk
    SLICE_X48Y87         FDRE                                         r  core_inst_gen[1].u_engine_core/u_iv_top/gen_init_guess.u_init_guess/u_init_divider/div_stage[0].den_pipe[1][6]_i_32__0_psdsp/C
  -------------------------------------------------------------------    -------------------
    SLICE_X48Y87         FDRE (Prop_fdre_C_Q)         0.393     1.789 r  core_inst_gen[1].u_engine_core/u_iv_top/gen_init_guess.u_init_guess/u_init_divider/div_stage[0].den_pipe[1][6]_i_32__0_psdsp/Q
                         net (fo=2, routed)           0.445     2.234    core_inst_gen[1].u_engine_core/u_iv_top/gen_init_guess.u_init_guess/u_init_divider/i___993_i_7__4_1[0]
    SLICE_X47Y87         LUT3 (Prop_lut3_I0_O)        0.097     2.331 r  core_inst_gen[1].u_engine_core/u_iv_top/gen_init_guess.u_init_guess/u_init_divider/div_stage[0].den_pipe[1][6]_i_35__0/O
                         net (fo=1, routed)           0.000     2.331    core_inst_gen[1].u_engine_core/u_iv_top/gen_init_guess.u_init_guess/u_init_divider/div_stage[0].den_pipe[1][6]_i_35__0_n_0
    SLICE_X47Y87         CARRY4 (Prop_carry4_S[1]_CO[3])
                                                      0.412     2.743 r  core_inst_gen[1].u_engine_core/u_iv_top/gen_init_guess.u_init_guess/u_init_divider/div_stage[0].den_pipe_reg[1][6]_i_21__0/CO[3]
                         net (fo=1, routed)           0.000     2.743    core_inst_gen[1].u_engine_core/u_iv_top/gen_init_guess.u_init_guess/u_init_divider/div_stage[0].den_pipe_reg[1][6]_i_21__0_n_0
    SLICE_X47Y88         CARRY4 (Prop_carry4_CI_CO[3])
                                                      0.089     2.832 r  core_inst_gen[1].u_engine_core/u_iv_top/gen_init_guess.u_init_guess/u_init_divider/div_stage[0].den_pipe_reg[1][6]_i_12__0/CO[3]
                         net (fo=1, routed)           0.000     2.832    core_inst_gen[1].u_engine_core/u_iv_top/gen_init_guess.u_init_guess/u_init_divider/div_stage[0].den_pipe_reg[1][6]_i_12__0_n_0
    SLICE_X47Y89         CARRY4 (Prop_carry4_CI_CO[3])
                                                      0.089     2.921 r  core_inst_gen[1].u_engine_core/u_iv_top/gen_init_guess.u_init_guess/u_init_divider/div_stage[0].den_pipe_reg[1][6]_i_3__0/CO[3]
                         net (fo=1, routed)           0.000     2.921    core_inst_gen[1].u_engine_core/u_iv_top/gen_init_guess.u_init_guess/u_init_divider/div_stage[0].den_pipe_reg[1][6]_i_3__0_n_0
    SLICE_X47Y90         CARRY4 (Prop_carry4_CI_CO[3])
                                                      0.089     3.010 r  core_inst_gen[1].u_engine_core/u_iv_top/gen_init_guess.u_init_guess/u_init_divider/div_stage[0].den_pipe_reg[1][6]_i_2__0/CO[3]
                         net (fo=1, routed)           0.000     3.010    core_inst_gen[1].u_engine_core/u_iv_top/gen_init_guess.u_init_guess/u_init_divider/div_stage[0].den_pipe_reg[1][6]_i_2__0_n_0
    SLICE_X47Y91         CARRY4 (Prop_carry4_CI_CO[3])
                                                      0.089     3.099 r  core_inst_gen[1].u_engine_core/u_iv_top/gen_init_guess.u_init_guess/u_init_divider/div_stage[0].den_pipe_reg[1][11]_i_2__0/CO[3]
                         net (fo=1, routed)           0.000     3.099    core_inst_gen[1].u_engine_core/u_iv_top/gen_init_guess.u_init_guess/u_init_divider/div_stage[0].den_pipe_reg[1][11]_i_2__0_n_0
    SLICE_X47Y92         CARRY4 (Prop_carry4_CI_CO[3])
                                                      0.089     3.188 r  core_inst_gen[1].u_engine_core/u_iv_top/gen_init_guess.u_init_guess/u_init_divider/div_stage[0].den_pipe_reg[1][15]_i_2__0/CO[3]
                         net (fo=1, routed)           0.000     3.188    core_inst_gen[1].u_engine_core/u_iv_top/gen_init_guess.u_init_guess/u_init_divider/div_stage[0].den_pipe_reg[1][15]_i_2__0_n_0
    SLICE_X47Y93         CARRY4 (Prop_carry4_CI_CO[3])
                                                      0.089     3.277 r  core_inst_gen[1].u_engine_core/u_iv_top/gen_init_guess.u_init_guess/u_init_divider/div_stage[0].den_pipe_reg[1][19]_i_2__0/CO[3]
                         net (fo=1, routed)           0.000     3.277    core_inst_gen[1].u_engine_core/u_iv_top/gen_init_guess.u_init_guess/u_init_divider/div_stage[0].den_pipe_reg[1][19]_i_2__0_n_0
    SLICE_X47Y94         CARRY4 (Prop_carry4_CI_CO[3])
                                                      0.089     3.366 r  core_inst_gen[1].u_engine_core/u_iv_top/gen_init_guess.u_init_guess/u_init_divider/div_stage[0].den_pipe_reg[1][22]_i_2__0/CO[3]
                         net (fo=1, routed)           0.000     3.366    core_inst_gen[1].u_engine_core/u_iv_top/gen_init_guess.u_init_guess/u_init_divider/div_stage[0].den_pipe_reg[1][22]_i_2__0_n_0
    SLICE_X47Y95         CARRY4 (Prop_carry4_CI_O[1])
                                                      0.230     3.596 f  core_inst_gen[1].u_engine_core/u_iv_top/gen_init_guess.u_init_guess/u_init_divider/div_stage[0].den_pipe_reg[1][25]_i_3__1/O[1]
                         net (fo=5, routed)           0.593     4.189    core_inst_gen[1].u_engine_core/u_iv_top/gen_init_guess.u_init_guess/u_init_divider/den_reg_reg[25]
    SLICE_X45Y97         LUT2 (Prop_lut2_I1_O)        0.225     4.414 r  core_inst_gen[1].u_engine_core/u_iv_top/gen_init_guess.u_init_guess/u_init_divider/div_stage[0].den_pipe[1][25]_i_12__0/O
                         net (fo=1, routed)           0.000     4.414    core_inst_gen[1].u_engine_core/u_iv_top/gen_init_guess.u_init_guess/u_init_divider/div_stage[0].den_pipe[1][25]_i_12__0_n_0
    SLICE_X45Y97         CARRY4 (Prop_carry4_S[0]_CO[3])
                                                      0.395     4.809 f  core_inst_gen[1].u_engine_core/u_iv_top/gen_init_guess.u_init_guess/u_init_divider/div_stage[0].den_pipe_reg[1][25]_i_2__1/CO[3]
                         net (fo=60, routed)          0.951     5.760    core_inst_gen[1].u_engine_core/u_iv_top/gen_init_guess.u_init_guess/u_init_divider/denominator_in2
    SLICE_X42Y95         LUT2 (Prop_lut2_I1_O)        0.113     5.873 f  core_inst_gen[1].u_engine_core/u_iv_top/gen_init_guess.u_init_guess/u_init_divider/div_stage[0].den_pipe[1][0]_i_2__2/O
                         net (fo=3, routed)           0.835     6.708    core_inst_gen[1].u_engine_core/u_iv_top/gen_init_guess.u_init_guess/u_init_divider/div_stage[0].den_pipe[1][4]_i_4__4_n_0
    SLICE_X40Y89         LUT6 (Prop_lut6_I1_O)        0.250     6.958 r  core_inst_gen[1].u_engine_core/u_iv_top/gen_init_guess.u_init_guess/u_init_divider/div_stage[29].dbz_pipe_reg[30]_srl30_core_inst_gen_c_28_i_6__4/O
                         net (fo=2, routed)           0.301     7.259    core_inst_gen[1].u_engine_core/u_iv_top/gen_init_guess.u_init_guess/u_init_divider/div_stage[29].dbz_pipe_reg[30]_srl30_core_inst_gen_c_28_i_6__4_n_0
    SLICE_X41Y91         LUT5 (Prop_lut5_I4_O)        0.097     7.356 r  core_inst_gen[1].u_engine_core/u_iv_top/gen_init_guess.u_init_guess/u_init_divider/i___993_i_21__0/O
                         net (fo=1, routed)           0.534     7.890    core_inst_gen[1].u_engine_core/u_iv_top/gen_init_guess.u_init_guess/u_init_divider/i___993_i_21__0_n_0
    SLICE_X40Y94         LUT6 (Prop_lut6_I5_O)        0.097     7.987 f  core_inst_gen[1].u_engine_core/u_iv_top/gen_init_guess.u_init_guess/u_init_divider/i___993_i_1__4_comp_1/O
                         net (fo=42, routed)          0.813     8.800    core_inst_gen[1].u_engine_core/u_iv_top/gen_init_guess.u_init_guess/u_init_divider/i___993_i_1__4_n_0
    SLICE_X53Y92         LUT5 (Prop_lut5_I2_O)        0.097     8.897 f  core_inst_gen[1].u_engine_core/u_iv_top/gen_init_guess.u_init_guess/u_init_divider/div_stage[0].den_pipe[1][11]_i_1__13/O
                         net (fo=4, routed)           0.325     9.222    core_inst_gen[1].u_engine_core/u_iv_top/gen_init_guess.u_init_guess/u_init_divider/den_abs[11]
    SLICE_X50Y94         LUT6 (Prop_lut6_I3_O)        0.097     9.319 r  core_inst_gen[1].u_engine_core/u_iv_top/gen_init_guess.u_init_guess/u_init_divider/i___1020_comp/O
                         net (fo=1, routed)           0.431     9.750    core_inst_gen[1].u_engine_core/u_iv_top/gen_init_guess.u_init_guess/u_init_divider/i___1020_n_0
    SLICE_X49Y94         CARRY4 (Prop_carry4_DI[1]_CO[3])
                                                      0.374    10.124 r  core_inst_gen[1].u_engine_core/u_iv_top/gen_init_guess.u_init_guess/u_init_divider/i___989_i_24/CO[3]
                         net (fo=1, routed)           0.000    10.124    core_inst_gen[1].u_engine_core/u_iv_top/gen_init_guess.u_init_guess/u_init_divider/i___989_i_24_n_0
    SLICE_X49Y95         CARRY4 (Prop_carry4_CI_CO[3])
                                                      0.089    10.213 r  core_inst_gen[1].u_engine_core/u_iv_top/gen_init_guess.u_init_guess/u_init_divider/i___989_i_21/CO[3]
                         net (fo=1, routed)           0.000    10.213    core_inst_gen[1].u_engine_core/u_iv_top/gen_init_guess.u_init_guess/u_init_divider/i___989_i_21_n_0
    SLICE_X49Y96         CARRY4 (Prop_carry4_CI_CO[3])
                                                      0.089    10.302 r  core_inst_gen[1].u_engine_core/u_iv_top/gen_init_guess.u_init_guess/u_init_divider/i___989_i_4/CO[3]
                         net (fo=32, routed)          0.889    11.191    core_inst_gen[1].u_engine_core/u_iv_top/gen_init_guess.u_init_guess/u_init_divider/div_stage[0].rem_ge_den
    SLICE_X50Y95         LUT3 (Prop_lut3_I1_O)        0.097    11.288 r  core_inst_gen[1].u_engine_core/u_iv_top/gen_init_guess.u_init_guess/u_init_divider/div_stage[0].rem_pipe[1][10]_i_1__6/O
                         net (fo=1, routed)           0.000    11.288    core_inst_gen[1].u_engine_core/u_iv_top/gen_init_guess.u_init_guess/u_init_divider/div_stage[0].rem_pipe[1][10]_i_1__6_n_0
    SLICE_X50Y95         FDCE                                         r  core_inst_gen[1].u_engine_core/u_iv_top/gen_init_guess.u_init_guess/u_init_divider/div_stage[0].rem_pipe_reg[1][10]/D
  -------------------------------------------------------------------    -------------------

                         (clock aclk rise edge)      10.000    10.000 r  
                                                      0.000    10.000 r  aclk (IN)
                         net (fo=139949, unset)       1.291    11.291    core_inst_gen[1].u_engine_core/u_iv_top/gen_init_guess.u_init_guess/u_init_divider/aclk
    SLICE_X50Y95         FDCE                                         r  core_inst_gen[1].u_engine_core/u_iv_top/gen_init_guess.u_init_guess/u_init_divider/div_stage[0].rem_pipe_reg[1][10]/C
                         clock pessimism              0.066    11.357    
                         clock uncertainty           -0.035    11.322    
    SLICE_X50Y95         FDCE (Setup_fdce_C_D)        0.030    11.352    core_inst_gen[1].u_engine_core/u_iv_top/gen_init_guess.u_init_guess/u_init_divider/div_stage[0].rem_pipe_reg[1][10]
  -------------------------------------------------------------------
                         required time                         11.352    
                         arrival time                         -11.288    
  -------------------------------------------------------------------
                         slack                                  0.064    





Min Delay Paths
--------------------------------------------------------------------------------------
Slack (MET) :             0.058ns  (arrival time - required time)
  Source:                 core_inst_gen[3].u_engine_core/u_iv_top/u_bs_datapath/T_r2_reg[21]/C
                            (rising edge-triggered cell FDCE clocked by aclk  {rise@0.000ns fall@5.000ns period=10.000ns})
  Destination:            core_inst_gen[3].u_engine_core/u_iv_top/u_bs_datapath/d1_delay_gen[31].T_d1_pipe_reg[32][21]_srl32/D
                            (rising edge-triggered cell SRLC32E clocked by aclk  {rise@0.000ns fall@5.000ns period=10.000ns})
  Path Group:             aclk
  Path Type:              Hold (Min at Fast Process Corner)
  Requirement:            0.000ns  (aclk rise@0.000ns - aclk rise@0.000ns)
  Data Path Delay:        0.279ns  (logic 0.164ns (58.821%)  route 0.115ns (41.179%))
  Logic Levels:           0  
  Clock Path Skew:        0.038ns (DCD - SCD - CPR)
    Destination Clock Delay (DCD):    0.831ns
    Source Clock Delay      (SCD):    0.559ns
    Clock Pessimism Removal (CPR):    0.234ns

    Location             Delay type                Incr(ns)  Path(ns)    Netlist Resource(s)
  -------------------------------------------------------------------    -------------------
                         (clock aclk rise edge)       0.000     0.000 r  
                                                      0.000     0.000 r  aclk (IN)
                         net (fo=139949, unset)       0.559     0.559    core_inst_gen[3].u_engine_core/u_iv_top/u_bs_datapath/aclk
    SLICE_X88Y171        FDCE                                         r  core_inst_gen[3].u_engine_core/u_iv_top/u_bs_datapath/T_r2_reg[21]/C
  -------------------------------------------------------------------    -------------------
    SLICE_X88Y171        FDCE (Prop_fdce_C_Q)         0.164     0.723 r  core_inst_gen[3].u_engine_core/u_iv_top/u_bs_datapath/T_r2_reg[21]/Q
                         net (fo=1, routed)           0.115     0.838    core_inst_gen[3].u_engine_core/u_iv_top/u_bs_datapath/T_r2[21]
    SLICE_X90Y170        SRLC32E                                      r  core_inst_gen[3].u_engine_core/u_iv_top/u_bs_datapath/d1_delay_gen[31].T_d1_pipe_reg[32][21]_srl32/D
  -------------------------------------------------------------------    -------------------

                         (clock aclk rise edge)       0.000     0.000 r  
                                                      0.000     0.000 r  aclk (IN)
                         net (fo=139949, unset)       0.831     0.831    core_inst_gen[3].u_engine_core/u_iv_top/u_bs_datapath/aclk
    SLICE_X90Y170        SRLC32E                                      r  core_inst_gen[3].u_engine_core/u_iv_top/u_bs_datapath/d1_delay_gen[31].T_d1_pipe_reg[32][21]_srl32/CLK
                         clock pessimism             -0.234     0.597    
    SLICE_X90Y170        SRLC32E (Hold_srlc32e_CLK_D)
                                                      0.183     0.780    core_inst_gen[3].u_engine_core/u_iv_top/u_bs_datapath/d1_delay_gen[31].T_d1_pipe_reg[32][21]_srl32
  -------------------------------------------------------------------
                         required time                         -0.780    
                         arrival time                           0.838    
  -------------------------------------------------------------------
                         slack                                  0.058    

Slack (MET) :             0.058ns  (arrival time - required time)
  Source:                 core_inst_gen[0].u_engine_core/u_iv_top/u_bs_datapath/r_r0_reg[27]/C
                            (rising edge-triggered cell FDCE clocked by aclk  {rise@0.000ns fall@5.000ns period=10.000ns})
  Destination:            core_inst_gen[0].u_engine_core/u_iv_top/u_bs_datapath/ln_delay_gen[31].r_ln_pipe_reg[32][27]_srl32/D
                            (rising edge-triggered cell SRLC32E clocked by aclk  {rise@0.000ns fall@5.000ns period=10.000ns})
  Path Group:             aclk
  Path Type:              Hold (Min at Fast Process Corner)
  Requirement:            0.000ns  (aclk rise@0.000ns - aclk rise@0.000ns)
  Data Path Delay:        0.279ns  (logic 0.164ns (58.732%)  route 0.115ns (41.268%))
  Logic Levels:           0  
  Clock Path Skew:        0.038ns (DCD - SCD - CPR)
    Destination Clock Delay (DCD):    0.893ns
    Source Clock Delay      (SCD):    0.621ns
    Clock Pessimism Removal (CPR):    0.234ns

    Location             Delay type                Incr(ns)  Path(ns)    Netlist Resource(s)
  -------------------------------------------------------------------    -------------------
                         (clock aclk rise edge)       0.000     0.000 r  
                                                      0.000     0.000 r  aclk (IN)
                         net (fo=139949, unset)       0.621     0.621    core_inst_gen[0].u_engine_core/u_iv_top/u_bs_datapath/aclk
    SLICE_X154Y142       FDCE                                         r  core_inst_gen[0].u_engine_core/u_iv_top/u_bs_datapath/r_r0_reg[27]/C
  -------------------------------------------------------------------    -------------------
    SLICE_X154Y142       FDCE (Prop_fdce_C_Q)         0.164     0.785 r  core_inst_gen[0].u_engine_core/u_iv_top/u_bs_datapath/r_r0_reg[27]/Q
                         net (fo=1, routed)           0.115     0.900    core_inst_gen[0].u_engine_core/u_iv_top/u_bs_datapath/r_r0[27]
    SLICE_X152Y142       SRLC32E                                      r  core_inst_gen[0].u_engine_core/u_iv_top/u_bs_datapath/ln_delay_gen[31].r_ln_pipe_reg[32][27]_srl32/D
  -------------------------------------------------------------------    -------------------

                         (clock aclk rise edge)       0.000     0.000 r  
                                                      0.000     0.000 r  aclk (IN)
                         net (fo=139949, unset)       0.893     0.893    core_inst_gen[0].u_engine_core/u_iv_top/u_bs_datapath/aclk
    SLICE_X152Y142       SRLC32E                                      r  core_inst_gen[0].u_engine_core/u_iv_top/u_bs_datapath/ln_delay_gen[31].r_ln_pipe_reg[32][27]_srl32/CLK
                         clock pessimism             -0.234     0.659    
    SLICE_X152Y142       SRLC32E (Hold_srlc32e_CLK_D)
                                                      0.183     0.842    core_inst_gen[0].u_engine_core/u_iv_top/u_bs_datapath/ln_delay_gen[31].r_ln_pipe_reg[32][27]_srl32
  -------------------------------------------------------------------
                         required time                         -0.842    
                         arrival time                           0.900    
  -------------------------------------------------------------------
                         slack                                  0.058    

Slack (MET) :             0.058ns  (arrival time - required time)
  Source:                 core_inst_gen[1].u_engine_core/u_iv_top/u_bs_datapath/S_r0_reg[23]/C
                            (rising edge-triggered cell FDCE clocked by aclk  {rise@0.000ns fall@5.000ns period=10.000ns})
  Destination:            core_inst_gen[1].u_engine_core/u_iv_top/u_bs_datapath/ln_delay_gen[31].S_ln_pipe_reg[32][23]_srl32/D
                            (rising edge-triggered cell SRLC32E clocked by aclk  {rise@0.000ns fall@5.000ns period=10.000ns})
  Path Group:             aclk
  Path Type:              Hold (Min at Fast Process Corner)
  Requirement:            0.000ns  (aclk rise@0.000ns - aclk rise@0.000ns)
  Data Path Delay:        0.279ns  (logic 0.164ns (58.732%)  route 0.115ns (41.268%))
  Logic Levels:           0  
  Clock Path Skew:        0.038ns (DCD - SCD - CPR)
    Destination Clock Delay (DCD):    0.971ns
    Source Clock Delay      (SCD):    0.696ns
    Clock Pessimism Removal (CPR):    0.237ns

    Location             Delay type                Incr(ns)  Path(ns)    Netlist Resource(s)
  -------------------------------------------------------------------    -------------------
                         (clock aclk rise edge)       0.000     0.000 r  
                                                      0.000     0.000 r  aclk (IN)
                         net (fo=139949, unset)       0.696     0.696    core_inst_gen[1].u_engine_core/u_iv_top/u_bs_datapath/aclk
    SLICE_X16Y51         FDCE                                         r  core_inst_gen[1].u_engine_core/u_iv_top/u_bs_datapath/S_r0_reg[23]/C
  -------------------------------------------------------------------    -------------------
    SLICE_X16Y51         FDCE (Prop_fdce_C_Q)         0.164     0.860 r  core_inst_gen[1].u_engine_core/u_iv_top/u_bs_datapath/S_r0_reg[23]/Q
                         net (fo=1, routed)           0.115     0.975    core_inst_gen[1].u_engine_core/u_iv_top/u_bs_datapath/S_r0[23]
    SLICE_X14Y51         SRLC32E                                      r  core_inst_gen[1].u_engine_core/u_iv_top/u_bs_datapath/ln_delay_gen[31].S_ln_pipe_reg[32][23]_srl32/D
  -------------------------------------------------------------------    -------------------

                         (clock aclk rise edge)       0.000     0.000 r  
                                                      0.000     0.000 r  aclk (IN)
                         net (fo=139949, unset)       0.971     0.971    core_inst_gen[1].u_engine_core/u_iv_top/u_bs_datapath/aclk
    SLICE_X14Y51         SRLC32E                                      r  core_inst_gen[1].u_engine_core/u_iv_top/u_bs_datapath/ln_delay_gen[31].S_ln_pipe_reg[32][23]_srl32/CLK
                         clock pessimism             -0.237     0.734    
    SLICE_X14Y51         SRLC32E (Hold_srlc32e_CLK_D)
                                                      0.183     0.917    core_inst_gen[1].u_engine_core/u_iv_top/u_bs_datapath/ln_delay_gen[31].S_ln_pipe_reg[32][23]_srl32
  -------------------------------------------------------------------
                         required time                         -0.917    
                         arrival time                           0.975    
  -------------------------------------------------------------------
                         slack                                  0.058    

Slack (MET) :             0.059ns  (arrival time - required time)
  Source:                 core_inst_gen[0].u_engine_core/u_iv_top/gen_init_guess.u_init_guess/sqrt_T_mult_reg_reg[8]/C
                            (rising edge-triggered cell FDCE clocked by aclk  {rise@0.000ns fall@5.000ns period=10.000ns})
  Destination:            core_inst_gen[0].u_engine_core/u_iv_top/gen_init_guess.u_init_guess/div_tid_delay_gen[31].sqrt_T_div_pipe_reg[32][8]_srl32/D
                            (rising edge-triggered cell SRLC32E clocked by aclk  {rise@0.000ns fall@5.000ns period=10.000ns})
  Path Group:             aclk
  Path Type:              Hold (Min at Fast Process Corner)
  Requirement:            0.000ns  (aclk rise@0.000ns - aclk rise@0.000ns)
  Data Path Delay:        0.279ns  (logic 0.164ns (58.732%)  route 0.115ns (41.268%))
  Logic Levels:           0  
  Clock Path Skew:        0.037ns (DCD - SCD - CPR)
    Destination Clock Delay (DCD):    0.890ns
    Source Clock Delay      (SCD):    0.619ns
    Clock Pessimism Removal (CPR):    0.234ns

    Location             Delay type                Incr(ns)  Path(ns)    Netlist Resource(s)
  -------------------------------------------------------------------    -------------------
                         (clock aclk rise edge)       0.000     0.000 r  
                                                      0.000     0.000 r  aclk (IN)
                         net (fo=139949, unset)       0.619     0.619    core_inst_gen[0].u_engine_core/u_iv_top/gen_init_guess.u_init_guess/aclk
    SLICE_X142Y108       FDCE                                         r  core_inst_gen[0].u_engine_core/u_iv_top/gen_init_guess.u_init_guess/sqrt_T_mult_reg_reg[8]/C
  -------------------------------------------------------------------    -------------------
    SLICE_X142Y108       FDCE (Prop_fdce_C_Q)         0.164     0.783 r  core_inst_gen[0].u_engine_core/u_iv_top/gen_init_guess.u_init_guess/sqrt_T_mult_reg_reg[8]/Q
                         net (fo=1, routed)           0.115     0.898    core_inst_gen[0].u_engine_core/u_iv_top/gen_init_guess.u_init_guess/sqrt_T_mult_reg[8]
    SLICE_X140Y108       SRLC32E                                      r  core_inst_gen[0].u_engine_core/u_iv_top/gen_init_guess.u_init_guess/div_tid_delay_gen[31].sqrt_T_div_pipe_reg[32][8]_srl32/D
  -------------------------------------------------------------------    -------------------

                         (clock aclk rise edge)       0.000     0.000 r  
                                                      0.000     0.000 r  aclk (IN)
                         net (fo=139949, unset)       0.890     0.890    core_inst_gen[0].u_engine_core/u_iv_top/gen_init_guess.u_init_guess/aclk
    SLICE_X140Y108       SRLC32E                                      r  core_inst_gen[0].u_engine_core/u_iv_top/gen_init_guess.u_init_guess/div_tid_delay_gen[31].sqrt_T_div_pipe_reg[32][8]_srl32/CLK
                         clock pessimism             -0.234     0.656    
    SLICE_X140Y108       SRLC32E (Hold_srlc32e_CLK_D)
                                                      0.183     0.839    core_inst_gen[0].u_engine_core/u_iv_top/gen_init_guess.u_init_guess/div_tid_delay_gen[31].sqrt_T_div_pipe_reg[32][8]_srl32
  -------------------------------------------------------------------
                         required time                         -0.839    
                         arrival time                           0.898    
  -------------------------------------------------------------------
                         slack                                  0.059    

Slack (MET) :             0.059ns  (arrival time - required time)
  Source:                 core_inst_gen[1].u_engine_core/u_iv_top/u_bs_datapath/T_r0_reg[24]/C
                            (rising edge-triggered cell FDCE clocked by aclk  {rise@0.000ns fall@5.000ns period=10.000ns})
  Destination:            core_inst_gen[1].u_engine_core/u_iv_top/u_bs_datapath/ln_delay_gen[31].T_ln_pipe_reg[32][24]_srl32/D
                            (rising edge-triggered cell SRLC32E clocked by aclk  {rise@0.000ns fall@5.000ns period=10.000ns})
  Path Group:             aclk
  Path Type:              Hold (Min at Fast Process Corner)
  Requirement:            0.000ns  (aclk rise@0.000ns - aclk rise@0.000ns)
  Data Path Delay:        0.279ns  (logic 0.164ns (58.732%)  route 0.115ns (41.268%))
  Logic Levels:           0  
  Clock Path Skew:        0.037ns (DCD - SCD - CPR)
    Destination Clock Delay (DCD):    0.965ns
    Source Clock Delay      (SCD):    0.691ns
    Clock Pessimism Removal (CPR):    0.237ns

    Location             Delay type                Incr(ns)  Path(ns)    Netlist Resource(s)
  -------------------------------------------------------------------    -------------------
                         (clock aclk rise edge)       0.000     0.000 r  
                                                      0.000     0.000 r  aclk (IN)
                         net (fo=139949, unset)       0.691     0.691    core_inst_gen[1].u_engine_core/u_iv_top/u_bs_datapath/aclk
    SLICE_X16Y63         FDCE                                         r  core_inst_gen[1].u_engine_core/u_iv_top/u_bs_datapath/T_r0_reg[24]/C
  -------------------------------------------------------------------    -------------------
    SLICE_X16Y63         FDCE (Prop_fdce_C_Q)         0.164     0.855 r  core_inst_gen[1].u_engine_core/u_iv_top/u_bs_datapath/T_r0_reg[24]/Q
                         net (fo=1, routed)           0.115     0.970    core_inst_gen[1].u_engine_core/u_iv_top/u_bs_datapath/T_r0[24]
    SLICE_X14Y63         SRLC32E                                      r  core_inst_gen[1].u_engine_core/u_iv_top/u_bs_datapath/ln_delay_gen[31].T_ln_pipe_reg[32][24]_srl32/D
  -------------------------------------------------------------------    -------------------

                         (clock aclk rise edge)       0.000     0.000 r  
                                                      0.000     0.000 r  aclk (IN)
                         net (fo=139949, unset)       0.965     0.965    core_inst_gen[1].u_engine_core/u_iv_top/u_bs_datapath/aclk
    SLICE_X14Y63         SRLC32E                                      r  core_inst_gen[1].u_engine_core/u_iv_top/u_bs_datapath/ln_delay_gen[31].T_ln_pipe_reg[32][24]_srl32/CLK
                         clock pessimism             -0.237     0.728    
    SLICE_X14Y63         SRLC32E (Hold_srlc32e_CLK_D)
                                                      0.183     0.911    core_inst_gen[1].u_engine_core/u_iv_top/u_bs_datapath/ln_delay_gen[31].T_ln_pipe_reg[32][24]_srl32
  -------------------------------------------------------------------
                         required time                         -0.911    
                         arrival time                           0.970    
  -------------------------------------------------------------------
                         slack                                  0.059    

Slack (MET) :             0.059ns  (arrival time - required time)
  Source:                 core_inst_gen[3].u_engine_core/u_iv_top/cordic_inst/cordic_pipeline[2].x_pipe_reg[3][15]/C
                            (rising edge-triggered cell FDCE clocked by aclk  {rise@0.000ns fall@5.000ns period=10.000ns})
  Destination:            core_inst_gen[3].u_engine_core/u_iv_top/cordic_inst/cordic_pipeline[3].x_pipe_reg[4][15]/D
                            (rising edge-triggered cell FDCE clocked by aclk  {rise@0.000ns fall@5.000ns period=10.000ns})
  Path Group:             aclk
  Path Type:              Hold (Min at Fast Process Corner)
  Requirement:            0.000ns  (aclk rise@0.000ns - aclk rise@0.000ns)
  Data Path Delay:        0.550ns  (logic 0.250ns (45.421%)  route 0.300ns (54.579%))
  Logic Levels:           2  (CARRY4=1 LUT5=1)
  Clock Path Skew:        0.357ns (DCD - SCD - CPR)
    Destination Clock Delay (DCD):    0.944ns
    Source Clock Delay      (SCD):    0.582ns
    Clock Pessimism Removal (CPR):    0.005ns

    Location             Delay type                Incr(ns)  Path(ns)    Netlist Resource(s)
  -------------------------------------------------------------------    -------------------
                         (clock aclk rise edge)       0.000     0.000 r  
                                                      0.000     0.000 r  aclk (IN)
                         net (fo=139949, unset)       0.582     0.582    core_inst_gen[3].u_engine_core/u_iv_top/cordic_inst/aclk
    SLICE_X49Y198        FDCE                                         r  core_inst_gen[3].u_engine_core/u_iv_top/cordic_inst/cordic_pipeline[2].x_pipe_reg[3][15]/C
  -------------------------------------------------------------------    -------------------
    SLICE_X49Y198        FDCE (Prop_fdce_C_Q)         0.141     0.723 r  core_inst_gen[3].u_engine_core/u_iv_top/cordic_inst/cordic_pipeline[2].x_pipe_reg[3][15]/Q
                         net (fo=3, routed)           0.300     1.023    core_inst_gen[3].u_engine_core/u_iv_top/cordic_inst/cordic_pipeline[2].x_pipe_reg[3]_246[15]
    SLICE_X48Y204        LUT5 (Prop_lut5_I0_O)        0.045     1.068 r  core_inst_gen[3].u_engine_core/u_iv_top/cordic_inst/cordic_pipeline[3].x_pipe_reg[4]0_carry__2_i_1__2/O
                         net (fo=1, routed)           0.000     1.068    core_inst_gen[3].u_engine_core/u_iv_top/cordic_inst/cordic_pipeline[3].x_pipe_reg[4]0_carry__2_i_1__2_n_0
    SLICE_X48Y204        CARRY4 (Prop_carry4_S[3]_O[3])
                                                      0.064     1.132 r  core_inst_gen[3].u_engine_core/u_iv_top/cordic_inst/cordic_pipeline[3].x_pipe_reg[4]0_carry__2/O[3]
                         net (fo=1, routed)           0.000     1.132    core_inst_gen[3].u_engine_core/u_iv_top/cordic_inst/cordic_pipeline[3].x_pipe_reg[4]0_carry__2_n_4
    SLICE_X48Y204        FDCE                                         r  core_inst_gen[3].u_engine_core/u_iv_top/cordic_inst/cordic_pipeline[3].x_pipe_reg[4][15]/D
  -------------------------------------------------------------------    -------------------

                         (clock aclk rise edge)       0.000     0.000 r  
                                                      0.000     0.000 r  aclk (IN)
                         net (fo=139949, unset)       0.944     0.944    core_inst_gen[3].u_engine_core/u_iv_top/cordic_inst/aclk
    SLICE_X48Y204        FDCE                                         r  core_inst_gen[3].u_engine_core/u_iv_top/cordic_inst/cordic_pipeline[3].x_pipe_reg[4][15]/C
                         clock pessimism             -0.005     0.939    
    SLICE_X48Y204        FDCE (Hold_fdce_C_D)         0.134     1.073    core_inst_gen[3].u_engine_core/u_iv_top/cordic_inst/cordic_pipeline[3].x_pipe_reg[4][15]
  -------------------------------------------------------------------
                         required time                         -1.073    
                         arrival time                           1.132    
  -------------------------------------------------------------------
                         slack                                  0.059    

Slack (MET) :             0.060ns  (arrival time - required time)
  Source:                 core_inst_gen[3].u_engine_core/u_iv_top/cordic_inst/cordic_pipeline[2].x_pipe_reg[3][19]/C
                            (rising edge-triggered cell FDCE clocked by aclk  {rise@0.000ns fall@5.000ns period=10.000ns})
  Destination:            core_inst_gen[3].u_engine_core/u_iv_top/cordic_inst/cordic_pipeline[3].x_pipe_reg[4][19]/D
                            (rising edge-triggered cell FDCE clocked by aclk  {rise@0.000ns fall@5.000ns period=10.000ns})
  Path Group:             aclk
  Path Type:              Hold (Min at Fast Process Corner)
  Requirement:            0.000ns  (aclk rise@0.000ns - aclk rise@0.000ns)
  Data Path Delay:        0.551ns  (logic 0.250ns (45.392%)  route 0.301ns (54.608%))
  Logic Levels:           2  (CARRY4=1 LUT5=1)
  Clock Path Skew:        0.357ns (DCD - SCD - CPR)
    Destination Clock Delay (DCD):    0.944ns
    Source Clock Delay      (SCD):    0.582ns
    Clock Pessimism Removal (CPR):    0.005ns

    Location             Delay type                Incr(ns)  Path(ns)    Netlist Resource(s)
  -------------------------------------------------------------------    -------------------
                         (clock aclk rise edge)       0.000     0.000 r  
                                                      0.000     0.000 r  aclk (IN)
                         net (fo=139949, unset)       0.582     0.582    core_inst_gen[3].u_engine_core/u_iv_top/cordic_inst/aclk
    SLICE_X49Y199        FDCE                                         r  core_inst_gen[3].u_engine_core/u_iv_top/cordic_inst/cordic_pipeline[2].x_pipe_reg[3][19]/C
  -------------------------------------------------------------------    -------------------
    SLICE_X49Y199        FDCE (Prop_fdce_C_Q)         0.141     0.723 r  core_inst_gen[3].u_engine_core/u_iv_top/cordic_inst/cordic_pipeline[2].x_pipe_reg[3][19]/Q
                         net (fo=3, routed)           0.301     1.024    core_inst_gen[3].u_engine_core/u_iv_top/cordic_inst/cordic_pipeline[2].x_pipe_reg[3]_246[19]
    SLICE_X48Y205        LUT5 (Prop_lut5_I0_O)        0.045     1.069 r  core_inst_gen[3].u_engine_core/u_iv_top/cordic_inst/cordic_pipeline[3].x_pipe_reg[4]0_carry__3_i_1__2/O
                         net (fo=1, routed)           0.000     1.069    core_inst_gen[3].u_engine_core/u_iv_top/cordic_inst/cordic_pipeline[3].x_pipe_reg[4]0_carry__3_i_1__2_n_0
    SLICE_X48Y205        CARRY4 (Prop_carry4_S[3]_O[3])
                                                      0.064     1.133 r  core_inst_gen[3].u_engine_core/u_iv_top/cordic_inst/cordic_pipeline[3].x_pipe_reg[4]0_carry__3/O[3]
                         net (fo=1, routed)           0.000     1.133    core_inst_gen[3].u_engine_core/u_iv_top/cordic_inst/cordic_pipeline[3].x_pipe_reg[4]0_carry__3_n_4
    SLICE_X48Y205        FDCE                                         r  core_inst_gen[3].u_engine_core/u_iv_top/cordic_inst/cordic_pipeline[3].x_pipe_reg[4][19]/D
  -------------------------------------------------------------------    -------------------

                         (clock aclk rise edge)       0.000     0.000 r  
                                                      0.000     0.000 r  aclk (IN)
                         net (fo=139949, unset)       0.944     0.944    core_inst_gen[3].u_engine_core/u_iv_top/cordic_inst/aclk
    SLICE_X48Y205        FDCE                                         r  core_inst_gen[3].u_engine_core/u_iv_top/cordic_inst/cordic_pipeline[3].x_pipe_reg[4][19]/C
                         clock pessimism             -0.005     0.939    
    SLICE_X48Y205        FDCE (Hold_fdce_C_D)         0.134     1.073    core_inst_gen[3].u_engine_core/u_iv_top/cordic_inst/cordic_pipeline[3].x_pipe_reg[4][19]
  -------------------------------------------------------------------
                         required time                         -1.073    
                         arrival time                           1.133    
  -------------------------------------------------------------------
                         slack                                  0.060    

Slack (MET) :             0.062ns  (arrival time - required time)
  Source:                 core_inst_gen[3].u_engine_core/u_iv_top/u_bs_datapath/r_r0_reg[3]/C
                            (rising edge-triggered cell FDCE clocked by aclk  {rise@0.000ns fall@5.000ns period=10.000ns})
  Destination:            core_inst_gen[3].u_engine_core/u_iv_top/u_bs_datapath/ln_delay_gen[31].r_ln_pipe_reg[32][3]_srl32/D
                            (rising edge-triggered cell SRLC32E clocked by aclk  {rise@0.000ns fall@5.000ns period=10.000ns})
  Path Group:             aclk
  Path Type:              Hold (Min at Fast Process Corner)
  Requirement:            0.000ns  (aclk rise@0.000ns - aclk rise@0.000ns)
  Data Path Delay:        0.261ns  (logic 0.164ns (62.911%)  route 0.097ns (37.089%))
  Logic Levels:           0  
  Clock Path Skew:        0.016ns (DCD - SCD - CPR)
    Destination Clock Delay (DCD):    0.844ns
    Source Clock Delay      (SCD):    0.573ns
    Clock Pessimism Removal (CPR):    0.255ns

    Location             Delay type                Incr(ns)  Path(ns)    Netlist Resource(s)
  -------------------------------------------------------------------    -------------------
                         (clock aclk rise edge)       0.000     0.000 r  
                                                      0.000     0.000 r  aclk (IN)
                         net (fo=139949, unset)       0.573     0.573    core_inst_gen[3].u_engine_core/u_iv_top/u_bs_datapath/aclk
    SLICE_X72Y152        FDCE                                         r  core_inst_gen[3].u_engine_core/u_iv_top/u_bs_datapath/r_r0_reg[3]/C
  -------------------------------------------------------------------    -------------------
    SLICE_X72Y152        FDCE (Prop_fdce_C_Q)         0.164     0.737 r  core_inst_gen[3].u_engine_core/u_iv_top/u_bs_datapath/r_r0_reg[3]/Q
                         net (fo=1, routed)           0.097     0.834    core_inst_gen[3].u_engine_core/u_iv_top/u_bs_datapath/r_r0[3]
    SLICE_X70Y152        SRLC32E                                      r  core_inst_gen[3].u_engine_core/u_iv_top/u_bs_datapath/ln_delay_gen[31].r_ln_pipe_reg[32][3]_srl32/D
  -------------------------------------------------------------------    -------------------

                         (clock aclk rise edge)       0.000     0.000 r  
                                                      0.000     0.000 r  aclk (IN)
                         net (fo=139949, unset)       0.844     0.844    core_inst_gen[3].u_engine_core/u_iv_top/u_bs_datapath/aclk
    SLICE_X70Y152        SRLC32E                                      r  core_inst_gen[3].u_engine_core/u_iv_top/u_bs_datapath/ln_delay_gen[31].r_ln_pipe_reg[32][3]_srl32/CLK
                         clock pessimism             -0.255     0.589    
    SLICE_X70Y152        SRLC32E (Hold_srlc32e_CLK_D)
                                                      0.183     0.772    core_inst_gen[3].u_engine_core/u_iv_top/u_bs_datapath/ln_delay_gen[31].r_ln_pipe_reg[32][3]_srl32
  -------------------------------------------------------------------
                         required time                         -0.772    
                         arrival time                           0.834    
  -------------------------------------------------------------------
                         slack                                  0.062    

Slack (MET) :             0.062ns  (arrival time - required time)
  Source:                 core_inst_gen[2].u_engine_core/u_iv_top/u_gamma_divider/div_stage[29].rem_pipe_reg[30][7]/C
                            (rising edge-triggered cell FDCE clocked by aclk  {rise@0.000ns fall@5.000ns period=10.000ns})
  Destination:            core_inst_gen[2].u_engine_core/u_iv_top/u_gamma_divider/div_stage[30].quot_pipe_reg[31][0]/D
                            (rising edge-triggered cell FDCE clocked by aclk  {rise@0.000ns fall@5.000ns period=10.000ns})
  Path Group:             aclk
  Path Type:              Hold (Min at Fast Process Corner)
  Requirement:            0.000ns  (aclk rise@0.000ns - aclk rise@0.000ns)
  Data Path Delay:        0.554ns  (logic 0.394ns (71.120%)  route 0.160ns (28.880%))
  Logic Levels:           5  (CARRY4=4 LUT4=1)
  Clock Path Skew:        0.362ns (DCD - SCD - CPR)
    Destination Clock Delay (DCD):    0.957ns
    Source Clock Delay      (SCD):    0.590ns
    Clock Pessimism Removal (CPR):    0.005ns

    Location             Delay type                Incr(ns)  Path(ns)    Netlist Resource(s)
  -------------------------------------------------------------------    -------------------
                         (clock aclk rise edge)       0.000     0.000 r  
                                                      0.000     0.000 r  aclk (IN)
                         net (fo=139949, unset)       0.590     0.590    core_inst_gen[2].u_engine_core/u_iv_top/u_gamma_divider/aclk
    SLICE_X131Y197       FDCE                                         r  core_inst_gen[2].u_engine_core/u_iv_top/u_gamma_divider/div_stage[29].rem_pipe_reg[30][7]/C
  -------------------------------------------------------------------    -------------------
    SLICE_X131Y197       FDCE (Prop_fdce_C_Q)         0.141     0.731 r  core_inst_gen[2].u_engine_core/u_iv_top/u_gamma_divider/div_stage[29].rem_pipe_reg[30][7]/Q
                         net (fo=5, routed)           0.159     0.890    core_inst_gen[2].u_engine_core/u_iv_top/u_gamma_divider/div_stage[29].rem_pipe_reg_n_0_[30][7]
    SLICE_X130Y197       LUT4 (Prop_lut4_I3_O)        0.044     0.934 r  core_inst_gen[2].u_engine_core/u_iv_top/u_gamma_divider/div_stage[30].quot_pipe[31][0]_i_29/O
                         net (fo=1, routed)           0.000     0.934    core_inst_gen[2].u_engine_core/u_iv_top/u_gamma_divider/div_stage[30].quot_pipe[31][0]_i_29_n_0
    SLICE_X130Y197       CARRY4 (Prop_carry4_DI[3]_CO[3])
                                                      0.092     1.026 r  core_inst_gen[2].u_engine_core/u_iv_top/u_gamma_divider/div_stage[30].quot_pipe_reg[31][0]_i_20/CO[3]
                         net (fo=1, routed)           0.000     1.026    core_inst_gen[2].u_engine_core/u_iv_top/u_gamma_divider/div_stage[30].quot_pipe_reg[31][0]_i_20_n_0
    SLICE_X130Y198       CARRY4 (Prop_carry4_CI_CO[3])
                                                      0.039     1.065 r  core_inst_gen[2].u_engine_core/u_iv_top/u_gamma_divider/div_stage[30].quot_pipe_reg[31][0]_i_11/CO[3]
                         net (fo=1, routed)           0.000     1.065    core_inst_gen[2].u_engine_core/u_iv_top/u_gamma_divider/div_stage[30].quot_pipe_reg[31][0]_i_11_n_0
    SLICE_X130Y199       CARRY4 (Prop_carry4_CI_CO[3])
                                                      0.039     1.104 r  core_inst_gen[2].u_engine_core/u_iv_top/u_gamma_divider/div_stage[30].quot_pipe_reg[31][0]_i_2/CO[3]
                         net (fo=1, routed)           0.001     1.105    core_inst_gen[2].u_engine_core/u_iv_top/u_gamma_divider/div_stage[30].quot_pipe_reg[31][0]_i_2_n_0
    SLICE_X130Y200       CARRY4 (Prop_carry4_CI_CO[3])
                                                      0.039     1.144 r  core_inst_gen[2].u_engine_core/u_iv_top/u_gamma_divider/div_stage[30].quot_pipe_reg[31][0]_i_1/CO[3]
                         net (fo=32, routed)          0.000     1.144    core_inst_gen[2].u_engine_core/u_iv_top/u_gamma_divider/div_stage[30].rem_ge_den
    SLICE_X130Y200       FDCE                                         r  core_inst_gen[2].u_engine_core/u_iv_top/u_gamma_divider/div_stage[30].quot_pipe_reg[31][0]/D
  -------------------------------------------------------------------    -------------------

                         (clock aclk rise edge)       0.000     0.000 r  
                                                      0.000     0.000 r  aclk (IN)
                         net (fo=139949, unset)       0.957     0.957    core_inst_gen[2].u_engine_core/u_iv_top/u_gamma_divider/aclk
    SLICE_X130Y200       FDCE                                         r  core_inst_gen[2].u_engine_core/u_iv_top/u_gamma_divider/div_stage[30].quot_pipe_reg[31][0]/C
                         clock pessimism             -0.005     0.952    
    SLICE_X130Y200       FDCE (Hold_fdce_C_D)         0.130     1.082    core_inst_gen[2].u_engine_core/u_iv_top/u_gamma_divider/div_stage[30].quot_pipe_reg[31][0]
  -------------------------------------------------------------------
                         required time                         -1.082    
                         arrival time                           1.144    
  -------------------------------------------------------------------
                         slack                                  0.062    

Slack (MET) :             0.063ns  (arrival time - required time)
  Source:                 core_inst_gen[0].u_engine_core/u_iv_top/u_bs_datapath/r_r0_reg[0]/C
                            (rising edge-triggered cell FDCE clocked by aclk  {rise@0.000ns fall@5.000ns period=10.000ns})
  Destination:            core_inst_gen[0].u_engine_core/u_iv_top/u_bs_datapath/ln_delay_gen[31].r_ln_pipe_reg[32][0]_srl32/D
                            (rising edge-triggered cell SRLC32E clocked by aclk  {rise@0.000ns fall@5.000ns period=10.000ns})
  Path Group:             aclk
  Path Type:              Hold (Min at Fast Process Corner)
  Requirement:            0.000ns  (aclk rise@0.000ns - aclk rise@0.000ns)
  Data Path Delay:        0.261ns  (logic 0.164ns (62.911%)  route 0.097ns (37.089%))
  Logic Levels:           0  
  Clock Path Skew:        0.015ns (DCD - SCD - CPR)
    Destination Clock Delay (DCD):    0.888ns
    Source Clock Delay      (SCD):    0.617ns
    Clock Pessimism Removal (CPR):    0.256ns

    Location             Delay type                Incr(ns)  Path(ns)    Netlist Resource(s)
  -------------------------------------------------------------------    -------------------
                         (clock aclk rise edge)       0.000     0.000 r  
                                                      0.000     0.000 r  aclk (IN)
                         net (fo=139949, unset)       0.617     0.617    core_inst_gen[0].u_engine_core/u_iv_top/u_bs_datapath/aclk
    SLICE_X150Y136       FDCE                                         r  core_inst_gen[0].u_engine_core/u_iv_top/u_bs_datapath/r_r0_reg[0]/C
  -------------------------------------------------------------------    -------------------
    SLICE_X150Y136       FDCE (Prop_fdce_C_Q)         0.164     0.781 r  core_inst_gen[0].u_engine_core/u_iv_top/u_bs_datapath/r_r0_reg[0]/Q
                         net (fo=1, routed)           0.097     0.878    core_inst_gen[0].u_engine_core/u_iv_top/u_bs_datapath/r_r0[0]
    SLICE_X148Y136       SRLC32E                                      r  core_inst_gen[0].u_engine_core/u_iv_top/u_bs_datapath/ln_delay_gen[31].r_ln_pipe_reg[32][0]_srl32/D
  -------------------------------------------------------------------    -------------------

                         (clock aclk rise edge)       0.000     0.000 r  
                                                      0.000     0.000 r  aclk (IN)
                         net (fo=139949, unset)       0.888     0.888    core_inst_gen[0].u_engine_core/u_iv_top/u_bs_datapath/aclk
    SLICE_X148Y136       SRLC32E                                      r  core_inst_gen[0].u_engine_core/u_iv_top/u_bs_datapath/ln_delay_gen[31].r_ln_pipe_reg[32][0]_srl32/CLK
                         clock pessimism             -0.256     0.632    
    SLICE_X148Y136       SRLC32E (Hold_srlc32e_CLK_D)
                                                      0.183     0.815    core_inst_gen[0].u_engine_core/u_iv_top/u_bs_datapath/ln_delay_gen[31].r_ln_pipe_reg[32][0]_srl32
  -------------------------------------------------------------------
                         required time                         -0.815    
                         arrival time                           0.878    
  -------------------------------------------------------------------
                         slack                                  0.063    





Pulse Width Checks
--------------------------------------------------------------------------------------
Clock Name:         aclk
Waveform(ns):       { 0.000 5.000 }
Period(ns):         10.000
Sources:            { aclk }

Check Type        Corner  Lib Pin      Reference Pin  Required(ns)  Actual(ns)  Slack(ns)  Location        Pin
Min Period        n/a     DSP48E1/CLK  n/a            2.863         10.000      7.137      DSP48_X7Y33     core_inst_gen[0].u_engine_core/u_iv_top/gen_init_guess.u_init_guess/den_reg1__0/CLK
Min Period        n/a     DSP48E1/CLK  n/a            2.863         10.000      7.137      DSP48_X7Y39     core_inst_gen[0].u_engine_core/u_iv_top/gen_init_guess.u_init_guess/num_reg1__0/CLK
Min Period        n/a     DSP48E1/CLK  n/a            2.863         10.000      7.137      DSP48_X7Y37     core_inst_gen[0].u_engine_core/u_iv_top/gen_init_guess.u_init_guess/num_reg1__2/CLK
Min Period        n/a     DSP48E1/CLK  n/a            2.863         10.000      7.137      DSP48_X8Y39     core_inst_gen[0].u_engine_core/u_iv_top/u_bs_datapath/knd2_5a1__0/CLK
Min Period        n/a     DSP48E1/CLK  n/a            2.863         10.000      7.137      DSP48_X8Y37     core_inst_gen[0].u_engine_core/u_iv_top/u_bs_datapath/knd2_5a1__2/CLK
Min Period        n/a     DSP48E1/CLK  n/a            2.863         10.000      7.137      DSP48_X5Y56     core_inst_gen[0].u_engine_core/u_iv_top/u_bs_datapath/term1_5a1__0/CLK
Min Period        n/a     DSP48E1/CLK  n/a            2.863         10.000      7.137      DSP48_X5Y58     core_inst_gen[0].u_engine_core/u_iv_top/u_bs_datapath/term1_5a1__2/CLK
Min Period        n/a     DSP48E1/CLK  n/a            2.863         10.000      7.137      DSP48_X4Y39     core_inst_gen[1].u_engine_core/u_iv_top/gen_init_guess.u_init_guess/num_reg1__0/CLK
Min Period        n/a     DSP48E1/CLK  n/a            2.863         10.000      7.137      DSP48_X4Y37     core_inst_gen[1].u_engine_core/u_iv_top/gen_init_guess.u_init_guess/num_reg1__2/CLK
Min Period        n/a     DSP48E1/CLK  n/a            2.863         10.000      7.137      DSP48_X4Y23     core_inst_gen[1].u_engine_core/u_iv_top/u_bs_datapath/knd2_5a1__0/CLK
Low Pulse Width   Slow    RAMD64E/CLK  n/a            1.050         5.000       3.950      SLICE_X112Y123  core_inst_gen[0].u_engine_core/u_iv_top/ctx_C_reg_0_63_0_2/RAMA/CLK
Low Pulse Width   Fast    RAMD64E/CLK  n/a            1.050         5.000       3.950      SLICE_X112Y123  core_inst_gen[0].u_engine_core/u_iv_top/ctx_C_reg_0_63_0_2/RAMA/CLK
Low Pulse Width   Slow    RAMD64E/CLK  n/a            1.050         5.000       3.950      SLICE_X112Y123  core_inst_gen[0].u_engine_core/u_iv_top/ctx_C_reg_0_63_0_2/RAMB/CLK
Low Pulse Width   Fast    RAMD64E/CLK  n/a            1.050         5.000       3.950      SLICE_X112Y123  core_inst_gen[0].u_engine_core/u_iv_top/ctx_C_reg_0_63_0_2/RAMB/CLK
Low Pulse Width   Slow    RAMD64E/CLK  n/a            1.050         5.000       3.950      SLICE_X112Y123  core_inst_gen[0].u_engine_core/u_iv_top/ctx_C_reg_0_63_0_2/RAMC/CLK
Low Pulse Width   Fast    RAMD64E/CLK  n/a            1.050         5.000       3.950      SLICE_X112Y123  core_inst_gen[0].u_engine_core/u_iv_top/ctx_C_reg_0_63_0_2/RAMC/CLK
Low Pulse Width   Slow    RAMD64E/CLK  n/a            1.050         5.000       3.950      SLICE_X112Y123  core_inst_gen[0].u_engine_core/u_iv_top/ctx_C_reg_0_63_0_2/RAMD/CLK
Low Pulse Width   Fast    RAMD64E/CLK  n/a            1.050         5.000       3.950      SLICE_X112Y123  core_inst_gen[0].u_engine_core/u_iv_top/ctx_C_reg_0_63_0_2/RAMD/CLK
Low Pulse Width   Slow    RAMD64E/CLK  n/a            1.050         5.000       3.950      SLICE_X112Y131  core_inst_gen[0].u_engine_core/u_iv_top/ctx_C_reg_0_63_12_14/RAMA/CLK
Low Pulse Width   Fast    RAMD64E/CLK  n/a            1.050         5.000       3.950      SLICE_X112Y131  core_inst_gen[0].u_engine_core/u_iv_top/ctx_C_reg_0_63_12_14/RAMA/CLK
High Pulse Width  Slow    RAMD64E/CLK  n/a            1.050         5.000       3.950      SLICE_X112Y123  core_inst_gen[0].u_engine_core/u_iv_top/ctx_C_reg_0_63_0_2/RAMA/CLK
High Pulse Width  Fast    RAMD64E/CLK  n/a            1.050         5.000       3.950      SLICE_X112Y123  core_inst_gen[0].u_engine_core/u_iv_top/ctx_C_reg_0_63_0_2/RAMA/CLK
High Pulse Width  Slow    RAMD64E/CLK  n/a            1.050         5.000       3.950      SLICE_X112Y123  core_inst_gen[0].u_engine_core/u_iv_top/ctx_C_reg_0_63_0_2/RAMB/CLK
High Pulse Width  Fast    RAMD64E/CLK  n/a            1.050         5.000       3.950      SLICE_X112Y123  core_inst_gen[0].u_engine_core/u_iv_top/ctx_C_reg_0_63_0_2/RAMB/CLK
High Pulse Width  Slow    RAMD64E/CLK  n/a            1.050         5.000       3.950      SLICE_X112Y123  core_inst_gen[0].u_engine_core/u_iv_top/ctx_C_reg_0_63_0_2/RAMC/CLK
High Pulse Width  Fast    RAMD64E/CLK  n/a            1.050         5.000       3.950      SLICE_X112Y123  core_inst_gen[0].u_engine_core/u_iv_top/ctx_C_reg_0_63_0_2/RAMC/CLK
High Pulse Width  Slow    RAMD64E/CLK  n/a            1.050         5.000       3.950      SLICE_X112Y123  core_inst_gen[0].u_engine_core/u_iv_top/ctx_C_reg_0_63_0_2/RAMD/CLK
High Pulse Width  Fast    RAMD64E/CLK  n/a            1.050         5.000       3.950      SLICE_X112Y123  core_inst_gen[0].u_engine_core/u_iv_top/ctx_C_reg_0_63_0_2/RAMD/CLK
High Pulse Width  Slow    RAMD64E/CLK  n/a            1.050         5.000       3.950      SLICE_X112Y131  core_inst_gen[0].u_engine_core/u_iv_top/ctx_C_reg_0_63_12_14/RAMA/CLK
High Pulse Width  Fast    RAMD64E/CLK  n/a            1.050         5.000       3.950      SLICE_X112Y131  core_inst_gen[0].u_engine_core/u_iv_top/ctx_C_reg_0_63_12_14/RAMA/CLK



--------------------------------------------------------------------------------------
Path Group:  (none)
From Clock:  
  To Clock:  aclk

Max Delay        124814 Endpoints
Min Delay        124814 Endpoints
--------------------------------------------------------------------------------------


Max Delay Paths
--------------------------------------------------------------------------------------
Slack:                    inf
  Source:                 aresetn
                            (input port)
  Destination:            core_inst_gen[1].u_engine_core/fifo_mem_reg[60][125]/CE
                            (rising edge-triggered cell FDRE clocked by aclk  {rise@0.000ns fall@5.000ns period=10.000ns})
  Path Group:             (none)
  Path Type:              Setup (Max at Slow Process Corner)
  Data Path Delay:        6.681ns  (logic 0.194ns (2.904%)  route 6.487ns (97.096%))
  Logic Levels:           2  (LUT4=1 LUT6=1)
  Clock Path Skew:        1.325ns (DCD - SCD + CPR)
    Destination Clock Delay (DCD):    1.325ns
    Source Clock Delay      (SCD):    0.000ns
    Clock Pessimism Removal (CPR):    0.000ns
  Clock Uncertainty:      0.025ns  ((TSJ^2 + TIJ^2)^1/2 + DJ) / 2 + PE
    Total System Jitter     (TSJ):    0.050ns
    Total Input Jitter      (TIJ):    0.000ns
    Discrete Jitter          (DJ):    0.000ns
    Phase Error              (PE):    0.000ns
  Timing Exception:       False Path

    Location             Delay type                Incr(ns)  Path(ns)    Netlist Resource(s)
  -------------------------------------------------------------------    -------------------
                                                      0.000     0.000 r  aresetn (IN)
                         net (fo=16, unset)           0.704     0.704    core_inst_gen[1].u_engine_core/u_iv_top/u_gain_comp/aresetn
    SLICE_X38Y138        LUT4 (Prop_lut4_I3_O)        0.097     0.801 r  core_inst_gen[1].u_engine_core/u_iv_top/u_gain_comp/fifo_mem[63][127]_i_3__0/O
                         net (fo=32, routed)          0.376     1.177    core_inst_gen[1].u_engine_core/u_iv_top/u_gain_comp/fifo_mem[63][127]_i_3__0_n_0
    SLICE_X37Y142        LUT6 (Prop_lut6_I0_O)        0.097     1.274 r  core_inst_gen[1].u_engine_core/u_iv_top/u_gain_comp/fifo_mem[60][127]_i_1__0/O
                         net (fo=127, routed)         5.407     6.681    core_inst_gen[1].u_engine_core/u_iv_top_n_190
    SLICE_X114Y240       FDRE                                         r  core_inst_gen[1].u_engine_core/fifo_mem_reg[60][125]/CE
  -------------------------------------------------------------------    -------------------

                         (clock aclk rise edge)       0.000     0.000 r  
                                                      0.000     0.000 r  aclk (IN)
                         net (fo=139949, unset)       1.325     1.325    core_inst_gen[1].u_engine_core/aclk
    SLICE_X114Y240       FDRE                                         r  core_inst_gen[1].u_engine_core/fifo_mem_reg[60][125]/C

Slack:                    inf
  Source:                 aresetn
                            (input port)
  Destination:            core_inst_gen[1].u_engine_core/fifo_mem_reg[60][30]/CE
                            (rising edge-triggered cell FDRE clocked by aclk  {rise@0.000ns fall@5.000ns period=10.000ns})
  Path Group:             (none)
  Path Type:              Setup (Max at Slow Process Corner)
  Data Path Delay:        6.654ns  (logic 0.194ns (2.916%)  route 6.460ns (97.084%))
  Logic Levels:           2  (LUT4=1 LUT6=1)
  Clock Path Skew:        1.321ns (DCD - SCD + CPR)
    Destination Clock Delay (DCD):    1.321ns
    Source Clock Delay      (SCD):    0.000ns
    Clock Pessimism Removal (CPR):    0.000ns
  Clock Uncertainty:      0.025ns  ((TSJ^2 + TIJ^2)^1/2 + DJ) / 2 + PE
    Total System Jitter     (TSJ):    0.050ns
    Total Input Jitter      (TIJ):    0.000ns
    Discrete Jitter          (DJ):    0.000ns
    Phase Error              (PE):    0.000ns
  Timing Exception:       False Path

    Location             Delay type                Incr(ns)  Path(ns)    Netlist Resource(s)
  -------------------------------------------------------------------    -------------------
                                                      0.000     0.000 r  aresetn (IN)
                         net (fo=16, unset)           0.704     0.704    core_inst_gen[1].u_engine_core/u_iv_top/u_gain_comp/aresetn
    SLICE_X38Y138        LUT4 (Prop_lut4_I3_O)        0.097     0.801 r  core_inst_gen[1].u_engine_core/u_iv_top/u_gain_comp/fifo_mem[63][127]_i_3__0/O
                         net (fo=32, routed)          0.376     1.177    core_inst_gen[1].u_engine_core/u_iv_top/u_gain_comp/fifo_mem[63][127]_i_3__0_n_0
    SLICE_X37Y142        LUT6 (Prop_lut6_I0_O)        0.097     1.274 r  core_inst_gen[1].u_engine_core/u_iv_top/u_gain_comp/fifo_mem[60][127]_i_1__0/O
                         net (fo=127, routed)         5.379     6.654    core_inst_gen[1].u_engine_core/u_iv_top_n_190
    SLICE_X114Y235       FDRE                                         r  core_inst_gen[1].u_engine_core/fifo_mem_reg[60][30]/CE
  -------------------------------------------------------------------    -------------------

                         (clock aclk rise edge)       0.000     0.000 r  
                                                      0.000     0.000 r  aclk (IN)
                         net (fo=139949, unset)       1.321     1.321    core_inst_gen[1].u_engine_core/aclk
    SLICE_X114Y235       FDRE                                         r  core_inst_gen[1].u_engine_core/fifo_mem_reg[60][30]/C

Slack:                    inf
  Source:                 aresetn
                            (input port)
  Destination:            core_inst_gen[3].u_engine_core/fifo_mem_reg[28][1]/CE
                            (rising edge-triggered cell FDRE clocked by aclk  {rise@0.000ns fall@5.000ns period=10.000ns})
  Path Group:             (none)
  Path Type:              Setup (Max at Slow Process Corner)
  Data Path Delay:        6.526ns  (logic 0.194ns (2.973%)  route 6.332ns (97.027%))
  Logic Levels:           2  (LUT4=1 LUT6=1)
  Clock Path Skew:        1.321ns (DCD - SCD + CPR)
    Destination Clock Delay (DCD):    1.321ns
    Source Clock Delay      (SCD):    0.000ns
    Clock Pessimism Removal (CPR):    0.000ns
  Clock Uncertainty:      0.025ns  ((TSJ^2 + TIJ^2)^1/2 + DJ) / 2 + PE
    Total System Jitter     (TSJ):    0.050ns
    Total Input Jitter      (TIJ):    0.000ns
    Discrete Jitter          (DJ):    0.000ns
    Phase Error              (PE):    0.000ns
  Timing Exception:       False Path

    Location             Delay type                Incr(ns)  Path(ns)    Netlist Resource(s)
  -------------------------------------------------------------------    -------------------
                                                      0.000     0.000 r  aresetn (IN)
                         net (fo=16, unset)           0.704     0.704    core_inst_gen[3].u_engine_core/u_iv_top/u_gain_comp/aresetn
    SLICE_X17Y204        LUT4 (Prop_lut4_I3_O)        0.097     0.801 f  core_inst_gen[3].u_engine_core/u_iv_top/u_gain_comp/fifo_mem[31][127]_i_2__2/O
                         net (fo=32, routed)          0.777     1.578    core_inst_gen[3].u_engine_core/u_iv_top/u_gain_comp/fifo_mem[31][127]_i_2__2_n_0
    SLICE_X15Y211        LUT6 (Prop_lut6_I5_O)        0.097     1.675 r  core_inst_gen[3].u_engine_core/u_iv_top/u_gain_comp/fifo_mem[28][127]_i_1__2/O
                         net (fo=127, routed)         4.851     6.526    core_inst_gen[3].u_engine_core/u_iv_top_n_149
    SLICE_X120Y218       FDRE                                         r  core_inst_gen[3].u_engine_core/fifo_mem_reg[28][1]/CE
  -------------------------------------------------------------------    -------------------

                         (clock aclk rise edge)       0.000     0.000 r  
                                                      0.000     0.000 r  aclk (IN)
                         net (fo=139949, unset)       1.321     1.321    core_inst_gen[3].u_engine_core/aclk
    SLICE_X120Y218       FDRE                                         r  core_inst_gen[3].u_engine_core/fifo_mem_reg[28][1]/C

Slack:                    inf
  Source:                 aresetn
                            (input port)
  Destination:            core_inst_gen[3].u_engine_core/fifo_mem_reg[28][3]/CE
                            (rising edge-triggered cell FDRE clocked by aclk  {rise@0.000ns fall@5.000ns period=10.000ns})
  Path Group:             (none)
  Path Type:              Setup (Max at Slow Process Corner)
  Data Path Delay:        6.526ns  (logic 0.194ns (2.973%)  route 6.332ns (97.027%))
  Logic Levels:           2  (LUT4=1 LUT6=1)
  Clock Path Skew:        1.321ns (DCD - SCD + CPR)
    Destination Clock Delay (DCD):    1.321ns
    Source Clock Delay      (SCD):    0.000ns
    Clock Pessimism Removal (CPR):    0.000ns
  Clock Uncertainty:      0.025ns  ((TSJ^2 + TIJ^2)^1/2 + DJ) / 2 + PE
    Total System Jitter     (TSJ):    0.050ns
    Total Input Jitter      (TIJ):    0.000ns
    Discrete Jitter          (DJ):    0.000ns
    Phase Error              (PE):    0.000ns
  Timing Exception:       False Path

    Location             Delay type                Incr(ns)  Path(ns)    Netlist Resource(s)
  -------------------------------------------------------------------    -------------------
                                                      0.000     0.000 r  aresetn (IN)
                         net (fo=16, unset)           0.704     0.704    core_inst_gen[3].u_engine_core/u_iv_top/u_gain_comp/aresetn
    SLICE_X17Y204        LUT4 (Prop_lut4_I3_O)        0.097     0.801 f  core_inst_gen[3].u_engine_core/u_iv_top/u_gain_comp/fifo_mem[31][127]_i_2__2/O
                         net (fo=32, routed)          0.777     1.578    core_inst_gen[3].u_engine_core/u_iv_top/u_gain_comp/fifo_mem[31][127]_i_2__2_n_0
    SLICE_X15Y211        LUT6 (Prop_lut6_I5_O)        0.097     1.675 r  core_inst_gen[3].u_engine_core/u_iv_top/u_gain_comp/fifo_mem[28][127]_i_1__2/O
                         net (fo=127, routed)         4.851     6.526    core_inst_gen[3].u_engine_core/u_iv_top_n_149
    SLICE_X120Y218       FDRE                                         r  core_inst_gen[3].u_engine_core/fifo_mem_reg[28][3]/CE
  -------------------------------------------------------------------    -------------------

                         (clock aclk rise edge)       0.000     0.000 r  
                                                      0.000     0.000 r  aclk (IN)
                         net (fo=139949, unset)       1.321     1.321    core_inst_gen[3].u_engine_core/aclk
    SLICE_X120Y218       FDRE                                         r  core_inst_gen[3].u_engine_core/fifo_mem_reg[28][3]/C

Slack:                    inf
  Source:                 aresetn
                            (input port)
  Destination:            core_inst_gen[3].u_engine_core/fifo_mem_reg[28][6]/CE
                            (rising edge-triggered cell FDRE clocked by aclk  {rise@0.000ns fall@5.000ns period=10.000ns})
  Path Group:             (none)
  Path Type:              Setup (Max at Slow Process Corner)
  Data Path Delay:        6.526ns  (logic 0.194ns (2.973%)  route 6.332ns (97.027%))
  Logic Levels:           2  (LUT4=1 LUT6=1)
  Clock Path Skew:        1.321ns (DCD - SCD + CPR)
    Destination Clock Delay (DCD):    1.321ns
    Source Clock Delay      (SCD):    0.000ns
    Clock Pessimism Removal (CPR):    0.000ns
  Clock Uncertainty:      0.025ns  ((TSJ^2 + TIJ^2)^1/2 + DJ) / 2 + PE
    Total System Jitter     (TSJ):    0.050ns
    Total Input Jitter      (TIJ):    0.000ns
    Discrete Jitter          (DJ):    0.000ns
    Phase Error              (PE):    0.000ns
  Timing Exception:       False Path

    Location             Delay type                Incr(ns)  Path(ns)    Netlist Resource(s)
  -------------------------------------------------------------------    -------------------
                                                      0.000     0.000 r  aresetn (IN)
                         net (fo=16, unset)           0.704     0.704    core_inst_gen[3].u_engine_core/u_iv_top/u_gain_comp/aresetn
    SLICE_X17Y204        LUT4 (Prop_lut4_I3_O)        0.097     0.801 f  core_inst_gen[3].u_engine_core/u_iv_top/u_gain_comp/fifo_mem[31][127]_i_2__2/O
                         net (fo=32, routed)          0.777     1.578    core_inst_gen[3].u_engine_core/u_iv_top/u_gain_comp/fifo_mem[31][127]_i_2__2_n_0
    SLICE_X15Y211        LUT6 (Prop_lut6_I5_O)        0.097     1.675 r  core_inst_gen[3].u_engine_core/u_iv_top/u_gain_comp/fifo_mem[28][127]_i_1__2/O
                         net (fo=127, routed)         4.851     6.526    core_inst_gen[3].u_engine_core/u_iv_top_n_149
    SLICE_X120Y218       FDRE                                         r  core_inst_gen[3].u_engine_core/fifo_mem_reg[28][6]/CE
  -------------------------------------------------------------------    -------------------

                         (clock aclk rise edge)       0.000     0.000 r  
                                                      0.000     0.000 r  aclk (IN)
                         net (fo=139949, unset)       1.321     1.321    core_inst_gen[3].u_engine_core/aclk
    SLICE_X120Y218       FDRE                                         r  core_inst_gen[3].u_engine_core/fifo_mem_reg[28][6]/C

Slack:                    inf
  Source:                 aresetn
                            (input port)
  Destination:            core_inst_gen[1].u_engine_core/fifo_mem_reg[60][101]/CE
                            (rising edge-triggered cell FDRE clocked by aclk  {rise@0.000ns fall@5.000ns period=10.000ns})
  Path Group:             (none)
  Path Type:              Setup (Max at Slow Process Corner)
  Data Path Delay:        6.422ns  (logic 0.194ns (3.021%)  route 6.228ns (96.979%))
  Logic Levels:           2  (LUT4=1 LUT6=1)
  Clock Path Skew:        1.316ns (DCD - SCD + CPR)
    Destination Clock Delay (DCD):    1.316ns
    Source Clock Delay      (SCD):    0.000ns
    Clock Pessimism Removal (CPR):    0.000ns
  Clock Uncertainty:      0.025ns  ((TSJ^2 + TIJ^2)^1/2 + DJ) / 2 + PE
    Total System Jitter     (TSJ):    0.050ns
    Total Input Jitter      (TIJ):    0.000ns
    Discrete Jitter          (DJ):    0.000ns
    Phase Error              (PE):    0.000ns
  Timing Exception:       False Path

    Location             Delay type                Incr(ns)  Path(ns)    Netlist Resource(s)
  -------------------------------------------------------------------    -------------------
                                                      0.000     0.000 r  aresetn (IN)
                         net (fo=16, unset)           0.704     0.704    core_inst_gen[1].u_engine_core/u_iv_top/u_gain_comp/aresetn
    SLICE_X38Y138        LUT4 (Prop_lut4_I3_O)        0.097     0.801 r  core_inst_gen[1].u_engine_core/u_iv_top/u_gain_comp/fifo_mem[63][127]_i_3__0/O
                         net (fo=32, routed)          0.376     1.177    core_inst_gen[1].u_engine_core/u_iv_top/u_gain_comp/fifo_mem[63][127]_i_3__0_n_0
    SLICE_X37Y142        LUT6 (Prop_lut6_I0_O)        0.097     1.274 r  core_inst_gen[1].u_engine_core/u_iv_top/u_gain_comp/fifo_mem[60][127]_i_1__0/O
                         net (fo=127, routed)         5.148     6.422    core_inst_gen[1].u_engine_core/u_iv_top_n_190
    SLICE_X114Y220       FDRE                                         r  core_inst_gen[1].u_engine_core/fifo_mem_reg[60][101]/CE
  -------------------------------------------------------------------    -------------------

                         (clock aclk rise edge)       0.000     0.000 r  
                                                      0.000     0.000 r  aclk (IN)
                         net (fo=139949, unset)       1.316     1.316    core_inst_gen[1].u_engine_core/aclk
    SLICE_X114Y220       FDRE                                         r  core_inst_gen[1].u_engine_core/fifo_mem_reg[60][101]/C

Slack:                    inf
  Source:                 aresetn
                            (input port)
  Destination:            core_inst_gen[3].u_engine_core/fifo_mem_reg[57][4]/CE
                            (rising edge-triggered cell FDRE clocked by aclk  {rise@0.000ns fall@5.000ns period=10.000ns})
  Path Group:             (none)
  Path Type:              Setup (Max at Slow Process Corner)
  Data Path Delay:        6.370ns  (logic 0.344ns (5.400%)  route 6.026ns (94.600%))
  Logic Levels:           2  (LUT4=1 LUT6=1)
  Clock Path Skew:        1.329ns (DCD - SCD + CPR)
    Destination Clock Delay (DCD):    1.329ns
    Source Clock Delay      (SCD):    0.000ns
    Clock Pessimism Removal (CPR):    0.000ns
  Clock Uncertainty:      0.025ns  ((TSJ^2 + TIJ^2)^1/2 + DJ) / 2 + PE
    Total System Jitter     (TSJ):    0.050ns
    Total Input Jitter      (TIJ):    0.000ns
    Discrete Jitter          (DJ):    0.000ns
    Phase Error              (PE):    0.000ns
  Timing Exception:       False Path

    Location             Delay type                Incr(ns)  Path(ns)    Netlist Resource(s)
  -------------------------------------------------------------------    -------------------
                                                      0.000     0.000 r  aresetn (IN)
                         net (fo=16, unset)           0.704     0.704    core_inst_gen[3].u_engine_core/u_iv_top/u_gain_comp/aresetn
    SLICE_X17Y204        LUT4 (Prop_lut4_I3_O)        0.105     0.809 r  core_inst_gen[3].u_engine_core/u_iv_top/u_gain_comp/fifo_mem[63][127]_i_3__2/O
                         net (fo=32, routed)          0.897     1.706    core_inst_gen[3].u_engine_core/u_iv_top/u_gain_comp/fifo_mem[63][127]_i_3__2_n_0
    SLICE_X15Y201        LUT6 (Prop_lut6_I0_O)        0.239     1.945 r  core_inst_gen[3].u_engine_core/u_iv_top/u_gain_comp/fifo_mem[57][127]_i_1__2/O
                         net (fo=127, routed)         4.425     6.370    core_inst_gen[3].u_engine_core/u_iv_top_n_178
    SLICE_X124Y247       FDRE                                         r  core_inst_gen[3].u_engine_core/fifo_mem_reg[57][4]/CE
  -------------------------------------------------------------------    -------------------

                         (clock aclk rise edge)       0.000     0.000 r  
                                                      0.000     0.000 r  aclk (IN)
                         net (fo=139949, unset)       1.329     1.329    core_inst_gen[3].u_engine_core/aclk
    SLICE_X124Y247       FDRE                                         r  core_inst_gen[3].u_engine_core/fifo_mem_reg[57][4]/C

Slack:                    inf
  Source:                 aresetn
                            (input port)
  Destination:            core_inst_gen[3].u_engine_core/fifo_mem_reg[52][1]/CE
                            (rising edge-triggered cell FDRE clocked by aclk  {rise@0.000ns fall@5.000ns period=10.000ns})
  Path Group:             (none)
  Path Type:              Setup (Max at Slow Process Corner)
  Data Path Delay:        6.328ns  (logic 0.344ns (5.436%)  route 5.984ns (94.564%))
  Logic Levels:           2  (LUT4=1 LUT6=1)
  Clock Path Skew:        1.331ns (DCD - SCD + CPR)
    Destination Clock Delay (DCD):    1.331ns
    Source Clock Delay      (SCD):    0.000ns
    Clock Pessimism Removal (CPR):    0.000ns
  Clock Uncertainty:      0.025ns  ((TSJ^2 + TIJ^2)^1/2 + DJ) / 2 + PE
    Total System Jitter     (TSJ):    0.050ns
    Total Input Jitter      (TIJ):    0.000ns
    Discrete Jitter          (DJ):    0.000ns
    Phase Error              (PE):    0.000ns
  Timing Exception:       False Path

    Location             Delay type                Incr(ns)  Path(ns)    Netlist Resource(s)
  -------------------------------------------------------------------    -------------------
                                                      0.000     0.000 r  aresetn (IN)
                         net (fo=16, unset)           0.704     0.704    core_inst_gen[3].u_engine_core/u_iv_top/u_gain_comp/aresetn
    SLICE_X17Y204        LUT4 (Prop_lut4_I3_O)        0.105     0.809 r  core_inst_gen[3].u_engine_core/u_iv_top/u_gain_comp/fifo_mem[63][127]_i_3__2/O
                         net (fo=32, routed)          1.008     1.817    core_inst_gen[3].u_engine_core/u_iv_top/u_gain_comp/fifo_mem[63][127]_i_3__2_n_0
    SLICE_X11Y206        LUT6 (Prop_lut6_I0_O)        0.239     2.056 r  core_inst_gen[3].u_engine_core/u_iv_top/u_gain_comp/fifo_mem[52][127]_i_1__2/O
                         net (fo=127, routed)         4.272     6.328    core_inst_gen[3].u_engine_core/u_iv_top_n_173
    SLICE_X136Y241       FDRE                                         r  core_inst_gen[3].u_engine_core/fifo_mem_reg[52][1]/CE
  -------------------------------------------------------------------    -------------------

                         (clock aclk rise edge)       0.000     0.000 r  
                                                      0.000     0.000 r  aclk (IN)
                         net (fo=139949, unset)       1.331     1.331    core_inst_gen[3].u_engine_core/aclk
    SLICE_X136Y241       FDRE                                         r  core_inst_gen[3].u_engine_core/fifo_mem_reg[52][1]/C

Slack:                    inf
  Source:                 aresetn
                            (input port)
  Destination:            core_inst_gen[3].u_engine_core/fifo_mem_reg[52][6]/CE
                            (rising edge-triggered cell FDRE clocked by aclk  {rise@0.000ns fall@5.000ns period=10.000ns})
  Path Group:             (none)
  Path Type:              Setup (Max at Slow Process Corner)
  Data Path Delay:        6.328ns  (logic 0.344ns (5.436%)  route 5.984ns (94.564%))
  Logic Levels:           2  (LUT4=1 LUT6=1)
  Clock Path Skew:        1.331ns (DCD - SCD + CPR)
    Destination Clock Delay (DCD):    1.331ns
    Source Clock Delay      (SCD):    0.000ns
    Clock Pessimism Removal (CPR):    0.000ns
  Clock Uncertainty:      0.025ns  ((TSJ^2 + TIJ^2)^1/2 + DJ) / 2 + PE
    Total System Jitter     (TSJ):    0.050ns
    Total Input Jitter      (TIJ):    0.000ns
    Discrete Jitter          (DJ):    0.000ns
    Phase Error              (PE):    0.000ns
  Timing Exception:       False Path

    Location             Delay type                Incr(ns)  Path(ns)    Netlist Resource(s)
  -------------------------------------------------------------------    -------------------
                                                      0.000     0.000 r  aresetn (IN)
                         net (fo=16, unset)           0.704     0.704    core_inst_gen[3].u_engine_core/u_iv_top/u_gain_comp/aresetn
    SLICE_X17Y204        LUT4 (Prop_lut4_I3_O)        0.105     0.809 r  core_inst_gen[3].u_engine_core/u_iv_top/u_gain_comp/fifo_mem[63][127]_i_3__2/O
                         net (fo=32, routed)          1.008     1.817    core_inst_gen[3].u_engine_core/u_iv_top/u_gain_comp/fifo_mem[63][127]_i_3__2_n_0
    SLICE_X11Y206        LUT6 (Prop_lut6_I0_O)        0.239     2.056 r  core_inst_gen[3].u_engine_core/u_iv_top/u_gain_comp/fifo_mem[52][127]_i_1__2/O
                         net (fo=127, routed)         4.272     6.328    core_inst_gen[3].u_engine_core/u_iv_top_n_173
    SLICE_X136Y241       FDRE                                         r  core_inst_gen[3].u_engine_core/fifo_mem_reg[52][6]/CE
  -------------------------------------------------------------------    -------------------

                         (clock aclk rise edge)       0.000     0.000 r  
                                                      0.000     0.000 r  aclk (IN)
                         net (fo=139949, unset)       1.331     1.331    core_inst_gen[3].u_engine_core/aclk
    SLICE_X136Y241       FDRE                                         r  core_inst_gen[3].u_engine_core/fifo_mem_reg[52][6]/C

Slack:                    inf
  Source:                 aresetn
                            (input port)
  Destination:            core_inst_gen[3].u_engine_core/fifo_mem_reg[52][4]/CE
                            (rising edge-triggered cell FDRE clocked by aclk  {rise@0.000ns fall@5.000ns period=10.000ns})
  Path Group:             (none)
  Path Type:              Setup (Max at Slow Process Corner)
  Data Path Delay:        6.242ns  (logic 0.344ns (5.511%)  route 5.898ns (94.489%))
  Logic Levels:           2  (LUT4=1 LUT6=1)
  Clock Path Skew:        1.331ns (DCD - SCD + CPR)
    Destination Clock Delay (DCD):    1.331ns
    Source Clock Delay      (SCD):    0.000ns
    Clock Pessimism Removal (CPR):    0.000ns
  Clock Uncertainty:      0.025ns  ((TSJ^2 + TIJ^2)^1/2 + DJ) / 2 + PE
    Total System Jitter     (TSJ):    0.050ns
    Total Input Jitter      (TIJ):    0.000ns
    Discrete Jitter          (DJ):    0.000ns
    Phase Error              (PE):    0.000ns
  Timing Exception:       False Path

    Location             Delay type                Incr(ns)  Path(ns)    Netlist Resource(s)
  -------------------------------------------------------------------    -------------------
                                                      0.000     0.000 r  aresetn (IN)
                         net (fo=16, unset)           0.704     0.704    core_inst_gen[3].u_engine_core/u_iv_top/u_gain_comp/aresetn
    SLICE_X17Y204        LUT4 (Prop_lut4_I3_O)        0.105     0.809 r  core_inst_gen[3].u_engine_core/u_iv_top/u_gain_comp/fifo_mem[63][127]_i_3__2/O
                         net (fo=32, routed)          1.008     1.817    core_inst_gen[3].u_engine_core/u_iv_top/u_gain_comp/fifo_mem[63][127]_i_3__2_n_0
    SLICE_X11Y206        LUT6 (Prop_lut6_I0_O)        0.239     2.056 r  core_inst_gen[3].u_engine_core/u_iv_top/u_gain_comp/fifo_mem[52][127]_i_1__2/O
                         net (fo=127, routed)         4.186     6.242    core_inst_gen[3].u_engine_core/u_iv_top_n_173
    SLICE_X130Y247       FDRE                                         r  core_inst_gen[3].u_engine_core/fifo_mem_reg[52][4]/CE
  -------------------------------------------------------------------    -------------------

                         (clock aclk rise edge)       0.000     0.000 r  
                                                      0.000     0.000 r  aclk (IN)
                         net (fo=139949, unset)       1.331     1.331    core_inst_gen[3].u_engine_core/aclk
    SLICE_X130Y247       FDRE                                         r  core_inst_gen[3].u_engine_core/fifo_mem_reg[52][4]/C





Min Delay Paths
--------------------------------------------------------------------------------------
Slack:                    inf
  Source:                 aresetn
                            (input port)
  Destination:            core_inst_gen[0].u_engine_core/u_iv_top/ingress_q_tids_reg[30][0]/CE
                            (rising edge-triggered cell FDRE clocked by aclk  {rise@0.000ns fall@5.000ns period=10.000ns})
  Path Group:             (none)
  Path Type:              Hold (Min at Fast Process Corner)
  Data Path Delay:        0.782ns  (logic 0.090ns (11.507%)  route 0.692ns (88.493%))
  Logic Levels:           2  (LUT3=1 LUT6=1)
  Clock Path Skew:        0.852ns (DCD - SCD - CPR)
    Destination Clock Delay (DCD):    0.852ns
    Source Clock Delay      (SCD):    0.000ns
    Clock Pessimism Removal (CPR):    -0.000ns
  Timing Exception:       False Path

    Location             Delay type                Incr(ns)  Path(ns)    Netlist Resource(s)
  -------------------------------------------------------------------    -------------------
                                                      0.000     0.000 r  aresetn (IN)
                         net (fo=16, unset)           0.411     0.411    core_inst_gen[0].u_engine_core/u_iv_top/gen_init_guess.u_init_guess/aresetn
    SLICE_X117Y130       LUT3 (Prop_lut3_I1_O)        0.045     0.456 f  core_inst_gen[0].u_engine_core/u_iv_top/gen_init_guess.u_init_guess/ingress_q_tids[31][5]_i_2/O
                         net (fo=32, routed)          0.116     0.572    core_inst_gen[0].u_engine_core/u_iv_top/gen_init_guess.u_init_guess/ingress_q_tids[31][5]_i_2_n_0
    SLICE_X121Y130       LUT6 (Prop_lut6_I5_O)        0.045     0.617 r  core_inst_gen[0].u_engine_core/u_iv_top/gen_init_guess.u_init_guess/ingress_q_tids[30][5]_i_1/O
                         net (fo=6, routed)           0.165     0.782    core_inst_gen[0].u_engine_core/u_iv_top/gen_init_guess.u_init_guess_n_111
    SLICE_X123Y127       FDRE                                         r  core_inst_gen[0].u_engine_core/u_iv_top/ingress_q_tids_reg[30][0]/CE
  -------------------------------------------------------------------    -------------------

                         (clock aclk rise edge)       0.000     0.000 r  
                                                      0.000     0.000 r  aclk (IN)
                         net (fo=139949, unset)       0.852     0.852    core_inst_gen[0].u_engine_core/u_iv_top/aclk
    SLICE_X123Y127       FDRE                                         r  core_inst_gen[0].u_engine_core/u_iv_top/ingress_q_tids_reg[30][0]/C

Slack:                    inf
  Source:                 aresetn
                            (input port)
  Destination:            core_inst_gen[0].u_engine_core/u_iv_top/ingress_q_tids_reg[30][3]/CE
                            (rising edge-triggered cell FDRE clocked by aclk  {rise@0.000ns fall@5.000ns period=10.000ns})
  Path Group:             (none)
  Path Type:              Hold (Min at Fast Process Corner)
  Data Path Delay:        0.782ns  (logic 0.090ns (11.507%)  route 0.692ns (88.493%))
  Logic Levels:           2  (LUT3=1 LUT6=1)
  Clock Path Skew:        0.852ns (DCD - SCD - CPR)
    Destination Clock Delay (DCD):    0.852ns
    Source Clock Delay      (SCD):    0.000ns
    Clock Pessimism Removal (CPR):    -0.000ns
  Timing Exception:       False Path

    Location             Delay type                Incr(ns)  Path(ns)    Netlist Resource(s)
  -------------------------------------------------------------------    -------------------
                                                      0.000     0.000 r  aresetn (IN)
                         net (fo=16, unset)           0.411     0.411    core_inst_gen[0].u_engine_core/u_iv_top/gen_init_guess.u_init_guess/aresetn
    SLICE_X117Y130       LUT3 (Prop_lut3_I1_O)        0.045     0.456 f  core_inst_gen[0].u_engine_core/u_iv_top/gen_init_guess.u_init_guess/ingress_q_tids[31][5]_i_2/O
                         net (fo=32, routed)          0.116     0.572    core_inst_gen[0].u_engine_core/u_iv_top/gen_init_guess.u_init_guess/ingress_q_tids[31][5]_i_2_n_0
    SLICE_X121Y130       LUT6 (Prop_lut6_I5_O)        0.045     0.617 r  core_inst_gen[0].u_engine_core/u_iv_top/gen_init_guess.u_init_guess/ingress_q_tids[30][5]_i_1/O
                         net (fo=6, routed)           0.165     0.782    core_inst_gen[0].u_engine_core/u_iv_top/gen_init_guess.u_init_guess_n_111
    SLICE_X123Y127       FDRE                                         r  core_inst_gen[0].u_engine_core/u_iv_top/ingress_q_tids_reg[30][3]/CE
  -------------------------------------------------------------------    -------------------

                         (clock aclk rise edge)       0.000     0.000 r  
                                                      0.000     0.000 r  aclk (IN)
                         net (fo=139949, unset)       0.852     0.852    core_inst_gen[0].u_engine_core/u_iv_top/aclk
    SLICE_X123Y127       FDRE                                         r  core_inst_gen[0].u_engine_core/u_iv_top/ingress_q_tids_reg[30][3]/C

Slack:                    inf
  Source:                 aresetn
                            (input port)
  Destination:            core_inst_gen[0].u_engine_core/u_iv_top/ingress_q_tids_reg[22][0]/CE
                            (rising edge-triggered cell FDRE clocked by aclk  {rise@0.000ns fall@5.000ns period=10.000ns})
  Path Group:             (none)
  Path Type:              Hold (Min at Fast Process Corner)
  Data Path Delay:        0.833ns  (logic 0.090ns (10.810%)  route 0.743ns (89.190%))
  Logic Levels:           2  (LUT3=1 LUT6=1)
  Clock Path Skew:        0.853ns (DCD - SCD - CPR)
    Destination Clock Delay (DCD):    0.853ns
    Source Clock Delay      (SCD):    0.000ns
    Clock Pessimism Removal (CPR):    -0.000ns
  Timing Exception:       False Path

    Location             Delay type                Incr(ns)  Path(ns)    Netlist Resource(s)
  -------------------------------------------------------------------    -------------------
                                                      0.000     0.000 r  aresetn (IN)
                         net (fo=16, unset)           0.411     0.411    core_inst_gen[0].u_engine_core/u_iv_top/gen_init_guess.u_init_guess/aresetn
    SLICE_X117Y130       LUT3 (Prop_lut3_I1_O)        0.045     0.456 f  core_inst_gen[0].u_engine_core/u_iv_top/gen_init_guess.u_init_guess/ingress_q_tids[31][5]_i_2/O
                         net (fo=32, routed)          0.212     0.668    core_inst_gen[0].u_engine_core/u_iv_top/gen_init_guess.u_init_guess/ingress_q_tids[31][5]_i_2_n_0
    SLICE_X115Y128       LUT6 (Prop_lut6_I5_O)        0.045     0.713 r  core_inst_gen[0].u_engine_core/u_iv_top/gen_init_guess.u_init_guess/ingress_q_tids[22][5]_i_1/O
                         net (fo=6, routed)           0.120     0.833    core_inst_gen[0].u_engine_core/u_iv_top/gen_init_guess.u_init_guess_n_103
    SLICE_X115Y129       FDRE                                         r  core_inst_gen[0].u_engine_core/u_iv_top/ingress_q_tids_reg[22][0]/CE
  -------------------------------------------------------------------    -------------------

                         (clock aclk rise edge)       0.000     0.000 r  
                                                      0.000     0.000 r  aclk (IN)
                         net (fo=139949, unset)       0.853     0.853    core_inst_gen[0].u_engine_core/u_iv_top/aclk
    SLICE_X115Y129       FDRE                                         r  core_inst_gen[0].u_engine_core/u_iv_top/ingress_q_tids_reg[22][0]/C

Slack:                    inf
  Source:                 aresetn
                            (input port)
  Destination:            core_inst_gen[0].u_engine_core/u_iv_top/ingress_q_tids_reg[22][1]/CE
                            (rising edge-triggered cell FDRE clocked by aclk  {rise@0.000ns fall@5.000ns period=10.000ns})
  Path Group:             (none)
  Path Type:              Hold (Min at Fast Process Corner)
  Data Path Delay:        0.833ns  (logic 0.090ns (10.810%)  route 0.743ns (89.190%))
  Logic Levels:           2  (LUT3=1 LUT6=1)
  Clock Path Skew:        0.853ns (DCD - SCD - CPR)
    Destination Clock Delay (DCD):    0.853ns
    Source Clock Delay      (SCD):    0.000ns
    Clock Pessimism Removal (CPR):    -0.000ns
  Timing Exception:       False Path

    Location             Delay type                Incr(ns)  Path(ns)    Netlist Resource(s)
  -------------------------------------------------------------------    -------------------
                                                      0.000     0.000 r  aresetn (IN)
                         net (fo=16, unset)           0.411     0.411    core_inst_gen[0].u_engine_core/u_iv_top/gen_init_guess.u_init_guess/aresetn
    SLICE_X117Y130       LUT3 (Prop_lut3_I1_O)        0.045     0.456 f  core_inst_gen[0].u_engine_core/u_iv_top/gen_init_guess.u_init_guess/ingress_q_tids[31][5]_i_2/O
                         net (fo=32, routed)          0.212     0.668    core_inst_gen[0].u_engine_core/u_iv_top/gen_init_guess.u_init_guess/ingress_q_tids[31][5]_i_2_n_0
    SLICE_X115Y128       LUT6 (Prop_lut6_I5_O)        0.045     0.713 r  core_inst_gen[0].u_engine_core/u_iv_top/gen_init_guess.u_init_guess/ingress_q_tids[22][5]_i_1/O
                         net (fo=6, routed)           0.120     0.833    core_inst_gen[0].u_engine_core/u_iv_top/gen_init_guess.u_init_guess_n_103
    SLICE_X115Y129       FDRE                                         r  core_inst_gen[0].u_engine_core/u_iv_top/ingress_q_tids_reg[22][1]/CE
  -------------------------------------------------------------------    -------------------

                         (clock aclk rise edge)       0.000     0.000 r  
                                                      0.000     0.000 r  aclk (IN)
                         net (fo=139949, unset)       0.853     0.853    core_inst_gen[0].u_engine_core/u_iv_top/aclk
    SLICE_X115Y129       FDRE                                         r  core_inst_gen[0].u_engine_core/u_iv_top/ingress_q_tids_reg[22][1]/C

Slack:                    inf
  Source:                 aresetn
                            (input port)
  Destination:            core_inst_gen[0].u_engine_core/u_iv_top/ingress_q_tids_reg[22][3]/CE
                            (rising edge-triggered cell FDRE clocked by aclk  {rise@0.000ns fall@5.000ns period=10.000ns})
  Path Group:             (none)
  Path Type:              Hold (Min at Fast Process Corner)
  Data Path Delay:        0.833ns  (logic 0.090ns (10.810%)  route 0.743ns (89.190%))
  Logic Levels:           2  (LUT3=1 LUT6=1)
  Clock Path Skew:        0.853ns (DCD - SCD - CPR)
    Destination Clock Delay (DCD):    0.853ns
    Source Clock Delay      (SCD):    0.000ns
    Clock Pessimism Removal (CPR):    -0.000ns
  Timing Exception:       False Path

    Location             Delay type                Incr(ns)  Path(ns)    Netlist Resource(s)
  -------------------------------------------------------------------    -------------------
                                                      0.000     0.000 r  aresetn (IN)
                         net (fo=16, unset)           0.411     0.411    core_inst_gen[0].u_engine_core/u_iv_top/gen_init_guess.u_init_guess/aresetn
    SLICE_X117Y130       LUT3 (Prop_lut3_I1_O)        0.045     0.456 f  core_inst_gen[0].u_engine_core/u_iv_top/gen_init_guess.u_init_guess/ingress_q_tids[31][5]_i_2/O
                         net (fo=32, routed)          0.212     0.668    core_inst_gen[0].u_engine_core/u_iv_top/gen_init_guess.u_init_guess/ingress_q_tids[31][5]_i_2_n_0
    SLICE_X115Y128       LUT6 (Prop_lut6_I5_O)        0.045     0.713 r  core_inst_gen[0].u_engine_core/u_iv_top/gen_init_guess.u_init_guess/ingress_q_tids[22][5]_i_1/O
                         net (fo=6, routed)           0.120     0.833    core_inst_gen[0].u_engine_core/u_iv_top/gen_init_guess.u_init_guess_n_103
    SLICE_X115Y129       FDRE                                         r  core_inst_gen[0].u_engine_core/u_iv_top/ingress_q_tids_reg[22][3]/CE
  -------------------------------------------------------------------    -------------------

                         (clock aclk rise edge)       0.000     0.000 r  
                                                      0.000     0.000 r  aclk (IN)
                         net (fo=139949, unset)       0.853     0.853    core_inst_gen[0].u_engine_core/u_iv_top/aclk
    SLICE_X115Y129       FDRE                                         r  core_inst_gen[0].u_engine_core/u_iv_top/ingress_q_tids_reg[22][3]/C

Slack:                    inf
  Source:                 aresetn
                            (input port)
  Destination:            core_inst_gen[3].u_engine_core/fifo_mem_reg[15][24]/CE
                            (rising edge-triggered cell FDRE clocked by aclk  {rise@0.000ns fall@5.000ns period=10.000ns})
  Path Group:             (none)
  Path Type:              Hold (Min at Fast Process Corner)
  Data Path Delay:        0.860ns  (logic 0.090ns (10.461%)  route 0.770ns (89.539%))
  Logic Levels:           2  (LUT4=1 LUT6=1)
  Clock Path Skew:        0.988ns (DCD - SCD - CPR)
    Destination Clock Delay (DCD):    0.988ns
    Source Clock Delay      (SCD):    0.000ns
    Clock Pessimism Removal (CPR):    -0.000ns
  Timing Exception:       False Path

    Location             Delay type                Incr(ns)  Path(ns)    Netlist Resource(s)
  -------------------------------------------------------------------    -------------------
                                                      0.000     0.000 r  aresetn (IN)
                         net (fo=16, unset)           0.411     0.411    core_inst_gen[3].u_engine_core/u_iv_top/u_gain_comp/aresetn
    SLICE_X17Y204        LUT4 (Prop_lut4_I3_O)        0.045     0.456 f  core_inst_gen[3].u_engine_core/u_iv_top/u_gain_comp/fifo_mem[31][127]_i_2__2/O
                         net (fo=32, routed)          0.223     0.679    core_inst_gen[3].u_engine_core/u_iv_top/u_gain_comp/fifo_mem[31][127]_i_2__2_n_0
    SLICE_X17Y201        LUT6 (Prop_lut6_I5_O)        0.045     0.724 r  core_inst_gen[3].u_engine_core/u_iv_top/u_gain_comp/fifo_mem[15][127]_i_1__2/O
                         net (fo=127, routed)         0.137     0.860    core_inst_gen[3].u_engine_core/u_iv_top_n_136
    SLICE_X14Y202        FDRE                                         r  core_inst_gen[3].u_engine_core/fifo_mem_reg[15][24]/CE
  -------------------------------------------------------------------    -------------------

                         (clock aclk rise edge)       0.000     0.000 r  
                                                      0.000     0.000 r  aclk (IN)
                         net (fo=139949, unset)       0.988     0.988    core_inst_gen[3].u_engine_core/aclk
    SLICE_X14Y202        FDRE                                         r  core_inst_gen[3].u_engine_core/fifo_mem_reg[15][24]/C

Slack:                    inf
  Source:                 aresetn
                            (input port)
  Destination:            core_inst_gen[3].u_engine_core/fifo_mem_reg[15][39]/CE
                            (rising edge-triggered cell FDRE clocked by aclk  {rise@0.000ns fall@5.000ns period=10.000ns})
  Path Group:             (none)
  Path Type:              Hold (Min at Fast Process Corner)
  Data Path Delay:        0.860ns  (logic 0.090ns (10.461%)  route 0.770ns (89.539%))
  Logic Levels:           2  (LUT4=1 LUT6=1)
  Clock Path Skew:        0.988ns (DCD - SCD - CPR)
    Destination Clock Delay (DCD):    0.988ns
    Source Clock Delay      (SCD):    0.000ns
    Clock Pessimism Removal (CPR):    -0.000ns
  Timing Exception:       False Path

    Location             Delay type                Incr(ns)  Path(ns)    Netlist Resource(s)
  -------------------------------------------------------------------    -------------------
                                                      0.000     0.000 r  aresetn (IN)
                         net (fo=16, unset)           0.411     0.411    core_inst_gen[3].u_engine_core/u_iv_top/u_gain_comp/aresetn
    SLICE_X17Y204        LUT4 (Prop_lut4_I3_O)        0.045     0.456 f  core_inst_gen[3].u_engine_core/u_iv_top/u_gain_comp/fifo_mem[31][127]_i_2__2/O
                         net (fo=32, routed)          0.223     0.679    core_inst_gen[3].u_engine_core/u_iv_top/u_gain_comp/fifo_mem[31][127]_i_2__2_n_0
    SLICE_X17Y201        LUT6 (Prop_lut6_I5_O)        0.045     0.724 r  core_inst_gen[3].u_engine_core/u_iv_top/u_gain_comp/fifo_mem[15][127]_i_1__2/O
                         net (fo=127, routed)         0.137     0.860    core_inst_gen[3].u_engine_core/u_iv_top_n_136
    SLICE_X14Y202        FDRE                                         r  core_inst_gen[3].u_engine_core/fifo_mem_reg[15][39]/CE
  -------------------------------------------------------------------    -------------------

                         (clock aclk rise edge)       0.000     0.000 r  
                                                      0.000     0.000 r  aclk (IN)
                         net (fo=139949, unset)       0.988     0.988    core_inst_gen[3].u_engine_core/aclk
    SLICE_X14Y202        FDRE                                         r  core_inst_gen[3].u_engine_core/fifo_mem_reg[15][39]/C

Slack:                    inf
  Source:                 aresetn
                            (input port)
  Destination:            core_inst_gen[3].u_engine_core/fifo_mem_reg[15][8]/CE
                            (rising edge-triggered cell FDRE clocked by aclk  {rise@0.000ns fall@5.000ns period=10.000ns})
  Path Group:             (none)
  Path Type:              Hold (Min at Fast Process Corner)
  Data Path Delay:        0.860ns  (logic 0.090ns (10.461%)  route 0.770ns (89.539%))
  Logic Levels:           2  (LUT4=1 LUT6=1)
  Clock Path Skew:        0.988ns (DCD - SCD - CPR)
    Destination Clock Delay (DCD):    0.988ns
    Source Clock Delay      (SCD):    0.000ns
    Clock Pessimism Removal (CPR):    -0.000ns
  Timing Exception:       False Path

    Location             Delay type                Incr(ns)  Path(ns)    Netlist Resource(s)
  -------------------------------------------------------------------    -------------------
                                                      0.000     0.000 r  aresetn (IN)
                         net (fo=16, unset)           0.411     0.411    core_inst_gen[3].u_engine_core/u_iv_top/u_gain_comp/aresetn
    SLICE_X17Y204        LUT4 (Prop_lut4_I3_O)        0.045     0.456 f  core_inst_gen[3].u_engine_core/u_iv_top/u_gain_comp/fifo_mem[31][127]_i_2__2/O
                         net (fo=32, routed)          0.223     0.679    core_inst_gen[3].u_engine_core/u_iv_top/u_gain_comp/fifo_mem[31][127]_i_2__2_n_0
    SLICE_X17Y201        LUT6 (Prop_lut6_I5_O)        0.045     0.724 r  core_inst_gen[3].u_engine_core/u_iv_top/u_gain_comp/fifo_mem[15][127]_i_1__2/O
                         net (fo=127, routed)         0.137     0.860    core_inst_gen[3].u_engine_core/u_iv_top_n_136
    SLICE_X14Y202        FDRE                                         r  core_inst_gen[3].u_engine_core/fifo_mem_reg[15][8]/CE
  -------------------------------------------------------------------    -------------------

                         (clock aclk rise edge)       0.000     0.000 r  
                                                      0.000     0.000 r  aclk (IN)
                         net (fo=139949, unset)       0.988     0.988    core_inst_gen[3].u_engine_core/aclk
    SLICE_X14Y202        FDRE                                         r  core_inst_gen[3].u_engine_core/fifo_mem_reg[15][8]/C

Slack:                    inf
  Source:                 aresetn
                            (input port)
  Destination:            core_inst_gen[1].u_engine_core/fifo_mem_reg[27][120]/CE
                            (rising edge-triggered cell FDRE clocked by aclk  {rise@0.000ns fall@5.000ns period=10.000ns})
  Path Group:             (none)
  Path Type:              Hold (Min at Fast Process Corner)
  Data Path Delay:        0.899ns  (logic 0.090ns (10.012%)  route 0.809ns (89.988%))
  Logic Levels:           2  (LUT4=1 LUT6=1)
  Clock Path Skew:        0.890ns (DCD - SCD - CPR)
    Destination Clock Delay (DCD):    0.890ns
    Source Clock Delay      (SCD):    0.000ns
    Clock Pessimism Removal (CPR):    -0.000ns
  Timing Exception:       False Path

    Location             Delay type                Incr(ns)  Path(ns)    Netlist Resource(s)
  -------------------------------------------------------------------    -------------------
                                                      0.000     0.000 r  aresetn (IN)
                         net (fo=16, unset)           0.411     0.411    core_inst_gen[1].u_engine_core/u_iv_top/u_gain_comp/aresetn
    SLICE_X38Y138        LUT4 (Prop_lut4_I3_O)        0.045     0.456 f  core_inst_gen[1].u_engine_core/u_iv_top/u_gain_comp/fifo_mem[31][127]_i_2__0/O
                         net (fo=32, routed)          0.266     0.721    core_inst_gen[1].u_engine_core/u_iv_top/u_gain_comp/fifo_mem[31][127]_i_2__0_n_0
    SLICE_X36Y145        LUT6 (Prop_lut6_I5_O)        0.045     0.766 r  core_inst_gen[1].u_engine_core/u_iv_top/u_gain_comp/fifo_mem[27][127]_i_1__0/O
                         net (fo=127, routed)         0.133     0.899    core_inst_gen[1].u_engine_core/u_iv_top_n_157
    SLICE_X36Y147        FDRE                                         r  core_inst_gen[1].u_engine_core/fifo_mem_reg[27][120]/CE
  -------------------------------------------------------------------    -------------------

                         (clock aclk rise edge)       0.000     0.000 r  
                                                      0.000     0.000 r  aclk (IN)
                         net (fo=139949, unset)       0.890     0.890    core_inst_gen[1].u_engine_core/aclk
    SLICE_X36Y147        FDRE                                         r  core_inst_gen[1].u_engine_core/fifo_mem_reg[27][120]/C

Slack:                    inf
  Source:                 aresetn
                            (input port)
  Destination:            core_inst_gen[1].u_engine_core/fifo_mem_reg[27][4]/CE
                            (rising edge-triggered cell FDRE clocked by aclk  {rise@0.000ns fall@5.000ns period=10.000ns})
  Path Group:             (none)
  Path Type:              Hold (Min at Fast Process Corner)
  Data Path Delay:        0.899ns  (logic 0.090ns (10.012%)  route 0.809ns (89.988%))
  Logic Levels:           2  (LUT4=1 LUT6=1)
  Clock Path Skew:        0.890ns (DCD - SCD - CPR)
    Destination Clock Delay (DCD):    0.890ns
    Source Clock Delay      (SCD):    0.000ns
    Clock Pessimism Removal (CPR):    -0.000ns
  Timing Exception:       False Path

    Location             Delay type                Incr(ns)  Path(ns)    Netlist Resource(s)
  -------------------------------------------------------------------    -------------------
                                                      0.000     0.000 r  aresetn (IN)
                         net (fo=16, unset)           0.411     0.411    core_inst_gen[1].u_engine_core/u_iv_top/u_gain_comp/aresetn
    SLICE_X38Y138        LUT4 (Prop_lut4_I3_O)        0.045     0.456 f  core_inst_gen[1].u_engine_core/u_iv_top/u_gain_comp/fifo_mem[31][127]_i_2__0/O
                         net (fo=32, routed)          0.266     0.721    core_inst_gen[1].u_engine_core/u_iv_top/u_gain_comp/fifo_mem[31][127]_i_2__0_n_0
    SLICE_X36Y145        LUT6 (Prop_lut6_I5_O)        0.045     0.766 r  core_inst_gen[1].u_engine_core/u_iv_top/u_gain_comp/fifo_mem[27][127]_i_1__0/O
                         net (fo=127, routed)         0.133     0.899    core_inst_gen[1].u_engine_core/u_iv_top_n_157
    SLICE_X36Y147        FDRE                                         r  core_inst_gen[1].u_engine_core/fifo_mem_reg[27][4]/CE
  -------------------------------------------------------------------    -------------------

                         (clock aclk rise edge)       0.000     0.000 r  
                                                      0.000     0.000 r  aclk (IN)
                         net (fo=139949, unset)       0.890     0.890    core_inst_gen[1].u_engine_core/aclk
    SLICE_X36Y147        FDRE                                         r  core_inst_gen[1].u_engine_core/fifo_mem_reg[27][4]/C





--------------------------------------------------------------------------------------
Path Group:  (none)
From Clock:  
  To Clock:  

Max Delay             1 Endpoint
Min Delay             1 Endpoint
--------------------------------------------------------------------------------------


Max Delay Paths
--------------------------------------------------------------------------------------
Slack:                    inf
  Source:                 s_axis_tdata[160]
                            (input port)
  Destination:            s_axis_tready
                            (output port)
  Path Group:             (none)
  Path Type:              Max at Slow Process Corner
  Data Path Delay:        7.191ns  (logic 1.041ns (14.476%)  route 6.150ns (85.524%))
  Logic Levels:           7  (LUT4=1 LUT5=1 LUT6=3 MUXF7=1 MUXF8=1)

    Location             Delay type                Incr(ns)  Path(ns)    Netlist Resource(s)
  -------------------------------------------------------------------    -------------------
                                                      0.000     0.000 r  s_axis_tdata[160] (IN)
                         net (fo=1181, unset)         0.704     0.704    core_inst_gen[3].u_engine_core/u_iv_top/cordic_inst/s_axis_tdata[97]
    SLICE_X103Y143       LUT6 (Prop_lut6_I4_O)        0.097     0.801 f  core_inst_gen[3].u_engine_core/u_iv_top/cordic_inst/s_axis_tready_INST_0_i_82/O
                         net (fo=1, routed)           0.000     0.801    core_inst_gen[3].u_engine_core/u_iv_top/cordic_inst/s_axis_tready_INST_0_i_82_n_0
    SLICE_X103Y143       MUXF7 (Prop_muxf7_I1_O)      0.188     0.989 f  core_inst_gen[3].u_engine_core/u_iv_top/cordic_inst/s_axis_tready_INST_0_i_47/O
                         net (fo=1, routed)           0.000     0.989    core_inst_gen[3].u_engine_core/u_iv_top/cordic_inst/s_axis_tready_INST_0_i_47_n_0
    SLICE_X103Y143       MUXF8 (Prop_muxf8_I0_O)      0.076     1.065 f  core_inst_gen[3].u_engine_core/u_iv_top/cordic_inst/s_axis_tready_INST_0_i_26/O
                         net (fo=1, routed)           0.999     2.064    core_inst_gen[3].u_engine_core/u_iv_top/cordic_inst/s_axis_tready_INST_0_i_26_n_0
    SLICE_X104Y148       LUT6 (Prop_lut6_I1_O)        0.239     2.303 f  core_inst_gen[3].u_engine_core/u_iv_top/cordic_inst/s_axis_tready_INST_0_i_11/O
                         net (fo=1, routed)           1.070     3.373    core_inst_gen[3].u_engine_core/u_iv_top/u_arb_fsm/cordic_pipeline[17].v_pipe_reg[18]_srl18_core_inst_gen_c_16_i_1__2_0
    SLICE_X85Y173        LUT5 (Prop_lut5_I0_O)        0.097     3.470 f  core_inst_gen[3].u_engine_core/u_iv_top/u_arb_fsm/iv_arbitration_3_LUT5/O
                         net (fo=2, routed)           0.849     4.319    core_inst_gen[3].u_engine_core/u_iv_top/u_arb_fsm/iv_fifo_full
    SLICE_X75Y186        LUT4 (Prop_lut4_I2_O)        0.105     4.424 r  core_inst_gen[3].u_engine_core/u_iv_top/u_arb_fsm/s_axis_tready_INST_0_i_1/O
                         net (fo=1, routed)           1.824     6.248    core_inst_gen[3].u_engine_core/u_iv_top/u_arb_fsm/engine_s_ready[3]
    SLICE_X61Y114        LUT6 (Prop_lut6_I5_O)        0.239     6.487 r  core_inst_gen[3].u_engine_core/u_iv_top/u_arb_fsm/iv_arbitration_3_LUT6_130/O
                         net (fo=1, unset)            0.704     7.191    s_axis_tready
                                                                      r  s_axis_tready (OUT)
  -------------------------------------------------------------------    -------------------





Min Delay Paths
--------------------------------------------------------------------------------------
Slack:                    inf
  Source:                 s_axis_tdata[160]
                            (input port)
  Destination:            s_axis_tready
                            (output port)
  Path Group:             (none)
  Path Type:              Min at Fast Process Corner
  Data Path Delay:        2.077ns  (logic 0.245ns (11.796%)  route 1.832ns (88.204%))
  Logic Levels:           4  (LUT4=1 LUT5=1 LUT6=2)

    Location             Delay type                Incr(ns)  Path(ns)    Netlist Resource(s)
  -------------------------------------------------------------------    -------------------
                                                      0.000     0.000 r  s_axis_tdata[160] (IN)
                         net (fo=1181, unset)         0.411     0.411    core_inst_gen[1].u_engine_core/u_iv_top/u_arb_fsm/s_axis_tdata[0]
    SLICE_X26Y91         LUT6 (Prop_lut6_I5_O)        0.045     0.456 f  core_inst_gen[1].u_engine_core/u_iv_top/u_arb_fsm/s_axis_tready_INST_0_i_17/O
                         net (fo=1, routed)           0.191     0.646    core_inst_gen[1].u_engine_core/u_iv_top/u_arb_fsm/s_axis_tready_INST_0_i_17_n_0
    SLICE_X29Y89         LUT5 (Prop_lut5_I1_O)        0.045     0.691 f  core_inst_gen[1].u_engine_core/u_iv_top/u_arb_fsm/s_axis_tready_INST_0_i_7/O
                         net (fo=2, routed)           0.132     0.823    core_inst_gen[1].u_engine_core/u_iv_top/u_arb_fsm/iv_fifo_full
    SLICE_X29Y90         LUT4 (Prop_lut4_I2_O)        0.048     0.871 r  core_inst_gen[1].u_engine_core/u_iv_top/u_arb_fsm/s_axis_tready_INST_0_i_3/O
                         net (fo=1, routed)           0.688     1.559    core_inst_gen[3].u_engine_core/u_iv_top/u_arb_fsm/s_axis_tready_0[1]
    SLICE_X61Y114        LUT6 (Prop_lut6_I3_O)        0.107     1.666 r  core_inst_gen[3].u_engine_core/u_iv_top/u_arb_fsm/iv_arbitration_3_LUT6_130/O
                         net (fo=1, unset)            0.411     2.077    s_axis_tready
                                                                      r  s_axis_tready (OUT)
  -------------------------------------------------------------------    -------------------





--------------------------------------------------------------------------------------
Path Group:  (none)
From Clock:  aclk
  To Clock:  

Max Delay           130 Endpoints
Min Delay           130 Endpoints
--------------------------------------------------------------------------------------


Max Delay Paths
--------------------------------------------------------------------------------------
Slack:                    inf
  Source:                 core_inst_gen[0].u_engine_core/m_axis_tvalid_reg_reg/C
                            (rising edge-triggered cell FDCE clocked by aclk  {rise@0.000ns fall@5.000ns period=10.000ns})
  Destination:            m_axis_tdata[103]
                            (output port)
  Path Group:             (none)
  Path Type:              Max at Slow Process Corner
  Data Path Delay:        10.692ns  (logic 0.535ns (5.004%)  route 10.157ns (94.996%))
  Logic Levels:           2  (LUT6=2)
  Clock Uncertainty:      0.025ns  ((TSJ^2 + TIJ^2)^1/2 + DJ) / 2 + PE
    Total System Jitter     (TSJ):    0.050ns
    Total Input Jitter      (TIJ):    0.000ns
    Discrete Jitter          (DJ):    0.000ns
    Phase Error              (PE):    0.000ns

    Location             Delay type                Incr(ns)  Path(ns)    Netlist Resource(s)
  -------------------------------------------------------------------    -------------------
                         (clock aclk rise edge)       0.000     0.000 r  
                                                      0.000     0.000 r  aclk (IN)
                         net (fo=139949, unset)       1.261     1.261    core_inst_gen[0].u_engine_core/aclk
    SLICE_X113Y183       FDCE                                         r  core_inst_gen[0].u_engine_core/m_axis_tvalid_reg_reg/C
  -------------------------------------------------------------------    -------------------
    SLICE_X113Y183       FDCE (Prop_fdce_C_Q)         0.341     1.602 r  core_inst_gen[0].u_engine_core/m_axis_tvalid_reg_reg/Q
                         net (fo=7, routed)           1.497     3.099    core_inst_gen[1].u_engine_core/m_axis_tvalid_reg_reg_0[0]
    SLICE_X81Y191        LUT6 (Prop_lut6_I0_O)        0.097     3.196 r  core_inst_gen[1].u_engine_core/iv_axis_wrapper1_LUT6/O
                         net (fo=132, routed)         7.956    11.152    core_inst_gen[1].u_engine_core/iv_axis_wrapper1_net_3
    SLICE_X19Y176        LUT6 (Prop_lut6_I4_O)        0.097    11.249 r  core_inst_gen[1].u_engine_core/iv_axis_wrapper1_LUT6_6/O
                         net (fo=0)                   0.704    11.953    m_axis_tdata[103]
                                                                      r  m_axis_tdata[103] (OUT)
  -------------------------------------------------------------------    -------------------

Slack:                    inf
  Source:                 core_inst_gen[0].u_engine_core/m_axis_tvalid_reg_reg/C
                            (rising edge-triggered cell FDCE clocked by aclk  {rise@0.000ns fall@5.000ns period=10.000ns})
  Destination:            m_axis_tdata[50]
                            (output port)
  Path Group:             (none)
  Path Type:              Max at Slow Process Corner
  Data Path Delay:        10.365ns  (logic 0.535ns (5.162%)  route 9.830ns (94.838%))
  Logic Levels:           2  (LUT6=2)
  Clock Uncertainty:      0.025ns  ((TSJ^2 + TIJ^2)^1/2 + DJ) / 2 + PE
    Total System Jitter     (TSJ):    0.050ns
    Total Input Jitter      (TIJ):    0.000ns
    Discrete Jitter          (DJ):    0.000ns
    Phase Error              (PE):    0.000ns

    Location             Delay type                Incr(ns)  Path(ns)    Netlist Resource(s)
  -------------------------------------------------------------------    -------------------
                         (clock aclk rise edge)       0.000     0.000 r  
                                                      0.000     0.000 r  aclk (IN)
                         net (fo=139949, unset)       1.261     1.261    core_inst_gen[0].u_engine_core/aclk
    SLICE_X113Y183       FDCE                                         r  core_inst_gen[0].u_engine_core/m_axis_tvalid_reg_reg/C
  -------------------------------------------------------------------    -------------------
    SLICE_X113Y183       FDCE (Prop_fdce_C_Q)         0.341     1.602 r  core_inst_gen[0].u_engine_core/m_axis_tvalid_reg_reg/Q
                         net (fo=7, routed)           1.497     3.099    core_inst_gen[1].u_engine_core/m_axis_tvalid_reg_reg_0[0]
    SLICE_X81Y191        LUT6 (Prop_lut6_I0_O)        0.097     3.196 r  core_inst_gen[1].u_engine_core/iv_axis_wrapper1_LUT6/O
                         net (fo=132, routed)         7.629    10.825    core_inst_gen[1].u_engine_core/iv_axis_wrapper1_net_3
    SLICE_X23Y190        LUT6 (Prop_lut6_I4_O)        0.097    10.922 r  core_inst_gen[1].u_engine_core/iv_axis_wrapper1_LUT6_75/O
                         net (fo=0)                   0.704    11.626    m_axis_tdata[50]
                                                                      r  m_axis_tdata[50] (OUT)
  -------------------------------------------------------------------    -------------------

Slack:                    inf
  Source:                 core_inst_gen[0].u_engine_core/m_axis_tvalid_reg_reg/C
                            (rising edge-triggered cell FDCE clocked by aclk  {rise@0.000ns fall@5.000ns period=10.000ns})
  Destination:            m_axis_tdata[89]
                            (output port)
  Path Group:             (none)
  Path Type:              Max at Slow Process Corner
  Data Path Delay:        10.348ns  (logic 0.535ns (5.170%)  route 9.813ns (94.830%))
  Logic Levels:           2  (LUT6=2)
  Clock Uncertainty:      0.025ns  ((TSJ^2 + TIJ^2)^1/2 + DJ) / 2 + PE
    Total System Jitter     (TSJ):    0.050ns
    Total Input Jitter      (TIJ):    0.000ns
    Discrete Jitter          (DJ):    0.000ns
    Phase Error              (PE):    0.000ns

    Location             Delay type                Incr(ns)  Path(ns)    Netlist Resource(s)
  -------------------------------------------------------------------    -------------------
                         (clock aclk rise edge)       0.000     0.000 r  
                                                      0.000     0.000 r  aclk (IN)
                         net (fo=139949, unset)       1.261     1.261    core_inst_gen[0].u_engine_core/aclk
    SLICE_X113Y183       FDCE                                         r  core_inst_gen[0].u_engine_core/m_axis_tvalid_reg_reg/C
  -------------------------------------------------------------------    -------------------
    SLICE_X113Y183       FDCE (Prop_fdce_C_Q)         0.341     1.602 r  core_inst_gen[0].u_engine_core/m_axis_tvalid_reg_reg/Q
                         net (fo=7, routed)           1.497     3.099    core_inst_gen[1].u_engine_core/m_axis_tvalid_reg_reg_0[0]
    SLICE_X81Y191        LUT6 (Prop_lut6_I0_O)        0.097     3.196 r  core_inst_gen[1].u_engine_core/iv_axis_wrapper1_LUT6/O
                         net (fo=132, routed)         7.612    10.808    core_inst_gen[1].u_engine_core/iv_axis_wrapper1_net_3
    SLICE_X20Y180        LUT6 (Prop_lut6_I4_O)        0.097    10.905 r  core_inst_gen[1].u_engine_core/iv_axis_wrapper1_LUT6_116/O
                         net (fo=0)                   0.704    11.609    m_axis_tdata[89]
                                                                      r  m_axis_tdata[89] (OUT)
  -------------------------------------------------------------------    -------------------

Slack:                    inf
  Source:                 core_inst_gen[0].u_engine_core/m_axis_tvalid_reg_reg/C
                            (rising edge-triggered cell FDCE clocked by aclk  {rise@0.000ns fall@5.000ns period=10.000ns})
  Destination:            m_axis_tdata[58]
                            (output port)
  Path Group:             (none)
  Path Type:              Max at Slow Process Corner
  Data Path Delay:        10.202ns  (logic 0.535ns (5.244%)  route 9.667ns (94.756%))
  Logic Levels:           2  (LUT6=2)
  Clock Uncertainty:      0.025ns  ((TSJ^2 + TIJ^2)^1/2 + DJ) / 2 + PE
    Total System Jitter     (TSJ):    0.050ns
    Total Input Jitter      (TIJ):    0.000ns
    Discrete Jitter          (DJ):    0.000ns
    Phase Error              (PE):    0.000ns

    Location             Delay type                Incr(ns)  Path(ns)    Netlist Resource(s)
  -------------------------------------------------------------------    -------------------
                         (clock aclk rise edge)       0.000     0.000 r  
                                                      0.000     0.000 r  aclk (IN)
                         net (fo=139949, unset)       1.261     1.261    core_inst_gen[0].u_engine_core/aclk
    SLICE_X113Y183       FDCE                                         r  core_inst_gen[0].u_engine_core/m_axis_tvalid_reg_reg/C
  -------------------------------------------------------------------    -------------------
    SLICE_X113Y183       FDCE (Prop_fdce_C_Q)         0.341     1.602 r  core_inst_gen[0].u_engine_core/m_axis_tvalid_reg_reg/Q
                         net (fo=7, routed)           1.497     3.099    core_inst_gen[1].u_engine_core/m_axis_tvalid_reg_reg_0[0]
    SLICE_X81Y191        LUT6 (Prop_lut6_I0_O)        0.097     3.196 r  core_inst_gen[1].u_engine_core/iv_axis_wrapper1_LUT6/O
                         net (fo=132, routed)         7.466    10.662    core_inst_gen[1].u_engine_core/iv_axis_wrapper1_net_3
    SLICE_X23Y195        LUT6 (Prop_lut6_I4_O)        0.097    10.759 r  core_inst_gen[1].u_engine_core/iv_axis_wrapper1_LUT6_83/O
                         net (fo=0)                   0.704    11.463    m_axis_tdata[58]
                                                                      r  m_axis_tdata[58] (OUT)
  -------------------------------------------------------------------    -------------------

Slack:                    inf
  Source:                 core_inst_gen[0].u_engine_core/m_axis_tvalid_reg_reg/C
                            (rising edge-triggered cell FDCE clocked by aclk  {rise@0.000ns fall@5.000ns period=10.000ns})
  Destination:            m_axis_tdata[34]
                            (output port)
  Path Group:             (none)
  Path Type:              Max at Slow Process Corner
  Data Path Delay:        10.165ns  (logic 0.535ns (5.263%)  route 9.630ns (94.737%))
  Logic Levels:           2  (LUT6=2)
  Clock Uncertainty:      0.025ns  ((TSJ^2 + TIJ^2)^1/2 + DJ) / 2 + PE
    Total System Jitter     (TSJ):    0.050ns
    Total Input Jitter      (TIJ):    0.000ns
    Discrete Jitter          (DJ):    0.000ns
    Phase Error              (PE):    0.000ns

    Location             Delay type                Incr(ns)  Path(ns)    Netlist Resource(s)
  -------------------------------------------------------------------    -------------------
                         (clock aclk rise edge)       0.000     0.000 r  
                                                      0.000     0.000 r  aclk (IN)
                         net (fo=139949, unset)       1.261     1.261    core_inst_gen[0].u_engine_core/aclk
    SLICE_X113Y183       FDCE                                         r  core_inst_gen[0].u_engine_core/m_axis_tvalid_reg_reg/C
  -------------------------------------------------------------------    -------------------
    SLICE_X113Y183       FDCE (Prop_fdce_C_Q)         0.341     1.602 r  core_inst_gen[0].u_engine_core/m_axis_tvalid_reg_reg/Q
                         net (fo=7, routed)           1.497     3.099    core_inst_gen[1].u_engine_core/m_axis_tvalid_reg_reg_0[0]
    SLICE_X81Y191        LUT6 (Prop_lut6_I0_O)        0.097     3.196 r  core_inst_gen[1].u_engine_core/iv_axis_wrapper1_LUT6/O
                         net (fo=132, routed)         7.429    10.625    core_inst_gen[1].u_engine_core/iv_axis_wrapper1_net_3
    SLICE_X15Y191        LUT6 (Prop_lut6_I4_O)        0.097    10.722 r  core_inst_gen[1].u_engine_core/iv_axis_wrapper1_LUT6_57/O
                         net (fo=0)                   0.704    11.426    m_axis_tdata[34]
                                                                      r  m_axis_tdata[34] (OUT)
  -------------------------------------------------------------------    -------------------

Slack:                    inf
  Source:                 core_inst_gen[0].u_engine_core/m_axis_tvalid_reg_reg/C
                            (rising edge-triggered cell FDCE clocked by aclk  {rise@0.000ns fall@5.000ns period=10.000ns})
  Destination:            m_axis_tdata[7]
                            (output port)
  Path Group:             (none)
  Path Type:              Max at Slow Process Corner
  Data Path Delay:        10.003ns  (logic 0.535ns (5.349%)  route 9.468ns (94.651%))
  Logic Levels:           2  (LUT6=2)
  Clock Uncertainty:      0.025ns  ((TSJ^2 + TIJ^2)^1/2 + DJ) / 2 + PE
    Total System Jitter     (TSJ):    0.050ns
    Total Input Jitter      (TIJ):    0.000ns
    Discrete Jitter          (DJ):    0.000ns
    Phase Error              (PE):    0.000ns

    Location             Delay type                Incr(ns)  Path(ns)    Netlist Resource(s)
  -------------------------------------------------------------------    -------------------
                         (clock aclk rise edge)       0.000     0.000 r  
                                                      0.000     0.000 r  aclk (IN)
                         net (fo=139949, unset)       1.261     1.261    core_inst_gen[0].u_engine_core/aclk
    SLICE_X113Y183       FDCE                                         r  core_inst_gen[0].u_engine_core/m_axis_tvalid_reg_reg/C
  -------------------------------------------------------------------    -------------------
    SLICE_X113Y183       FDCE (Prop_fdce_C_Q)         0.341     1.602 r  core_inst_gen[0].u_engine_core/m_axis_tvalid_reg_reg/Q
                         net (fo=7, routed)           1.497     3.099    core_inst_gen[1].u_engine_core/m_axis_tvalid_reg_reg_0[0]
    SLICE_X81Y191        LUT6 (Prop_lut6_I0_O)        0.097     3.196 r  core_inst_gen[1].u_engine_core/iv_axis_wrapper1_LUT6/O
                         net (fo=132, routed)         7.267    10.463    core_inst_gen[1].u_engine_core/iv_axis_wrapper1_net_3
    SLICE_X114Y225       LUT6 (Prop_lut6_I4_O)        0.097    10.560 r  core_inst_gen[1].u_engine_core/iv_axis_wrapper1_LUT6_106/O
                         net (fo=0)                   0.704    11.264    m_axis_tdata[7]
                                                                      r  m_axis_tdata[7] (OUT)
  -------------------------------------------------------------------    -------------------

Slack:                    inf
  Source:                 core_inst_gen[0].u_engine_core/m_axis_tvalid_reg_reg/C
                            (rising edge-triggered cell FDCE clocked by aclk  {rise@0.000ns fall@5.000ns period=10.000ns})
  Destination:            m_axis_tdata[71]
                            (output port)
  Path Group:             (none)
  Path Type:              Max at Slow Process Corner
  Data Path Delay:        10.002ns  (logic 0.535ns (5.349%)  route 9.467ns (94.651%))
  Logic Levels:           2  (LUT6=2)
  Clock Uncertainty:      0.025ns  ((TSJ^2 + TIJ^2)^1/2 + DJ) / 2 + PE
    Total System Jitter     (TSJ):    0.050ns
    Total Input Jitter      (TIJ):    0.000ns
    Discrete Jitter          (DJ):    0.000ns
    Phase Error              (PE):    0.000ns

    Location             Delay type                Incr(ns)  Path(ns)    Netlist Resource(s)
  -------------------------------------------------------------------    -------------------
                         (clock aclk rise edge)       0.000     0.000 r  
                                                      0.000     0.000 r  aclk (IN)
                         net (fo=139949, unset)       1.261     1.261    core_inst_gen[0].u_engine_core/aclk
    SLICE_X113Y183       FDCE                                         r  core_inst_gen[0].u_engine_core/m_axis_tvalid_reg_reg/C
  -------------------------------------------------------------------    -------------------
    SLICE_X113Y183       FDCE (Prop_fdce_C_Q)         0.341     1.602 r  core_inst_gen[0].u_engine_core/m_axis_tvalid_reg_reg/Q
                         net (fo=7, routed)           1.497     3.099    core_inst_gen[1].u_engine_core/m_axis_tvalid_reg_reg_0[0]
    SLICE_X81Y191        LUT6 (Prop_lut6_I0_O)        0.097     3.196 r  core_inst_gen[1].u_engine_core/iv_axis_wrapper1_LUT6/O
                         net (fo=132, routed)         7.266    10.462    core_inst_gen[1].u_engine_core/iv_axis_wrapper1_net_3
    SLICE_X114Y225       LUT6 (Prop_lut6_I4_O)        0.097    10.559 r  core_inst_gen[1].u_engine_core/iv_axis_wrapper1_LUT6_97/O
                         net (fo=0)                   0.704    11.263    m_axis_tdata[71]
                                                                      r  m_axis_tdata[71] (OUT)
  -------------------------------------------------------------------    -------------------

Slack:                    inf
  Source:                 core_inst_gen[0].u_engine_core/m_axis_tvalid_reg_reg/C
                            (rising edge-triggered cell FDCE clocked by aclk  {rise@0.000ns fall@5.000ns period=10.000ns})
  Destination:            m_axis_tdata[53]
                            (output port)
  Path Group:             (none)
  Path Type:              Max at Slow Process Corner
  Data Path Delay:        9.982ns  (logic 0.535ns (5.360%)  route 9.447ns (94.640%))
  Logic Levels:           2  (LUT6=2)
  Clock Uncertainty:      0.025ns  ((TSJ^2 + TIJ^2)^1/2 + DJ) / 2 + PE
    Total System Jitter     (TSJ):    0.050ns
    Total Input Jitter      (TIJ):    0.000ns
    Discrete Jitter          (DJ):    0.000ns
    Phase Error              (PE):    0.000ns

    Location             Delay type                Incr(ns)  Path(ns)    Netlist Resource(s)
  -------------------------------------------------------------------    -------------------
                         (clock aclk rise edge)       0.000     0.000 r  
                                                      0.000     0.000 r  aclk (IN)
                         net (fo=139949, unset)       1.261     1.261    core_inst_gen[0].u_engine_core/aclk
    SLICE_X113Y183       FDCE                                         r  core_inst_gen[0].u_engine_core/m_axis_tvalid_reg_reg/C
  -------------------------------------------------------------------    -------------------
    SLICE_X113Y183       FDCE (Prop_fdce_C_Q)         0.341     1.602 r  core_inst_gen[0].u_engine_core/m_axis_tvalid_reg_reg/Q
                         net (fo=7, routed)           1.497     3.099    core_inst_gen[1].u_engine_core/m_axis_tvalid_reg_reg_0[0]
    SLICE_X81Y191        LUT6 (Prop_lut6_I0_O)        0.097     3.196 r  core_inst_gen[1].u_engine_core/iv_axis_wrapper1_LUT6/O
                         net (fo=132, routed)         7.246    10.442    core_inst_gen[1].u_engine_core/iv_axis_wrapper1_net_3
    SLICE_X21Y193        LUT6 (Prop_lut6_I4_O)        0.097    10.539 r  core_inst_gen[1].u_engine_core/iv_axis_wrapper1_LUT6_78/O
                         net (fo=0)                   0.704    11.243    m_axis_tdata[53]
                                                                      r  m_axis_tdata[53] (OUT)
  -------------------------------------------------------------------    -------------------

Slack:                    inf
  Source:                 core_inst_gen[0].u_engine_core/m_axis_tvalid_reg_reg/C
                            (rising edge-triggered cell FDCE clocked by aclk  {rise@0.000ns fall@5.000ns period=10.000ns})
  Destination:            m_axis_tdata[35]
                            (output port)
  Path Group:             (none)
  Path Type:              Max at Slow Process Corner
  Data Path Delay:        9.980ns  (logic 0.535ns (5.361%)  route 9.445ns (94.639%))
  Logic Levels:           2  (LUT6=2)
  Clock Uncertainty:      0.025ns  ((TSJ^2 + TIJ^2)^1/2 + DJ) / 2 + PE
    Total System Jitter     (TSJ):    0.050ns
    Total Input Jitter      (TIJ):    0.000ns
    Discrete Jitter          (DJ):    0.000ns
    Phase Error              (PE):    0.000ns

    Location             Delay type                Incr(ns)  Path(ns)    Netlist Resource(s)
  -------------------------------------------------------------------    -------------------
                         (clock aclk rise edge)       0.000     0.000 r  
                                                      0.000     0.000 r  aclk (IN)
                         net (fo=139949, unset)       1.261     1.261    core_inst_gen[0].u_engine_core/aclk
    SLICE_X113Y183       FDCE                                         r  core_inst_gen[0].u_engine_core/m_axis_tvalid_reg_reg/C
  -------------------------------------------------------------------    -------------------
    SLICE_X113Y183       FDCE (Prop_fdce_C_Q)         0.341     1.602 r  core_inst_gen[0].u_engine_core/m_axis_tvalid_reg_reg/Q
                         net (fo=7, routed)           1.497     3.099    core_inst_gen[1].u_engine_core/m_axis_tvalid_reg_reg_0[0]
    SLICE_X81Y191        LUT6 (Prop_lut6_I0_O)        0.097     3.196 r  core_inst_gen[1].u_engine_core/iv_axis_wrapper1_LUT6/O
                         net (fo=132, routed)         7.244    10.440    core_inst_gen[1].u_engine_core/iv_axis_wrapper1_net_3
    SLICE_X117Y219       LUT6 (Prop_lut6_I4_O)        0.097    10.537 r  core_inst_gen[1].u_engine_core/iv_axis_wrapper1_LUT6_58/O
                         net (fo=0)                   0.704    11.241    m_axis_tdata[35]
                                                                      r  m_axis_tdata[35] (OUT)
  -------------------------------------------------------------------    -------------------

Slack:                    inf
  Source:                 core_inst_gen[0].u_engine_core/m_axis_tvalid_reg_reg/C
                            (rising edge-triggered cell FDCE clocked by aclk  {rise@0.000ns fall@5.000ns period=10.000ns})
  Destination:            m_axis_tdata[117]
                            (output port)
  Path Group:             (none)
  Path Type:              Max at Slow Process Corner
  Data Path Delay:        9.927ns  (logic 0.535ns (5.389%)  route 9.392ns (94.611%))
  Logic Levels:           2  (LUT6=2)
  Clock Uncertainty:      0.025ns  ((TSJ^2 + TIJ^2)^1/2 + DJ) / 2 + PE
    Total System Jitter     (TSJ):    0.050ns
    Total Input Jitter      (TIJ):    0.000ns
    Discrete Jitter          (DJ):    0.000ns
    Phase Error              (PE):    0.000ns

    Location             Delay type                Incr(ns)  Path(ns)    Netlist Resource(s)
  -------------------------------------------------------------------    -------------------
                         (clock aclk rise edge)       0.000     0.000 r  
                                                      0.000     0.000 r  aclk (IN)
                         net (fo=139949, unset)       1.261     1.261    core_inst_gen[0].u_engine_core/aclk
    SLICE_X113Y183       FDCE                                         r  core_inst_gen[0].u_engine_core/m_axis_tvalid_reg_reg/C
  -------------------------------------------------------------------    -------------------
    SLICE_X113Y183       FDCE (Prop_fdce_C_Q)         0.341     1.602 r  core_inst_gen[0].u_engine_core/m_axis_tvalid_reg_reg/Q
                         net (fo=7, routed)           1.497     3.099    core_inst_gen[1].u_engine_core/m_axis_tvalid_reg_reg_0[0]
    SLICE_X81Y191        LUT6 (Prop_lut6_I0_O)        0.097     3.196 r  core_inst_gen[1].u_engine_core/iv_axis_wrapper1_LUT6/O
                         net (fo=132, routed)         7.191    10.387    core_inst_gen[1].u_engine_core/iv_axis_wrapper1_net_3
    SLICE_X15Y186        LUT6 (Prop_lut6_I4_O)        0.097    10.484 r  core_inst_gen[1].u_engine_core/iv_axis_wrapper1_LUT6_21/O
                         net (fo=0)                   0.704    11.188    m_axis_tdata[117]
                                                                      r  m_axis_tdata[117] (OUT)
  -------------------------------------------------------------------    -------------------





Min Delay Paths
--------------------------------------------------------------------------------------
Slack:                    inf
  Source:                 core_inst_gen[3].u_engine_core/m_axis_tdata_reg_reg[34]/C
                            (rising edge-triggered cell FDCE clocked by aclk  {rise@0.000ns fall@5.000ns period=10.000ns})
  Destination:            m_axis_tdata[34]
                            (output port)
  Path Group:             (none)
  Path Type:              Min at Fast Process Corner
  Data Path Delay:        0.701ns  (logic 0.209ns (29.826%)  route 0.492ns (70.174%))
  Logic Levels:           1  (LUT6=1)
  Clock Uncertainty:      0.025ns  ((TSJ^2 + TIJ^2)^1/2 + DJ) / 2 + PE
    Total System Jitter     (TSJ):    0.050ns
    Total Input Jitter      (TIJ):    0.000ns
    Discrete Jitter          (DJ):    0.000ns
    Phase Error              (PE):    0.000ns

    Location             Delay type                Incr(ns)  Path(ns)    Netlist Resource(s)
  -------------------------------------------------------------------    -------------------
                         (clock aclk rise edge)       0.000     0.000 r  
                                                      0.000     0.000 r  aclk (IN)
                         net (fo=139949, unset)       0.621     0.621    core_inst_gen[3].u_engine_core/aclk
    SLICE_X14Y191        FDCE                                         r  core_inst_gen[3].u_engine_core/m_axis_tdata_reg_reg[34]/C
  -------------------------------------------------------------------    -------------------
    SLICE_X14Y191        FDCE (Prop_fdce_C_Q)         0.164     0.785 r  core_inst_gen[3].u_engine_core/m_axis_tdata_reg_reg[34]/Q
                         net (fo=1, routed)           0.081     0.866    core_inst_gen[1].u_engine_core/m_axis_tdata[127]_1[34]
    SLICE_X15Y191        LUT6 (Prop_lut6_I2_O)        0.045     0.911 r  core_inst_gen[1].u_engine_core/iv_axis_wrapper1_LUT6_57/O
                         net (fo=0)                   0.411     1.322    m_axis_tdata[34]
                                                                      r  m_axis_tdata[34] (OUT)
  -------------------------------------------------------------------    -------------------

Slack:                    inf
  Source:                 core_inst_gen[2].u_engine_core/m_axis_tdata_reg_reg[85]/C
                            (rising edge-triggered cell FDCE clocked by aclk  {rise@0.000ns fall@5.000ns period=10.000ns})
  Destination:            m_axis_tdata[85]
                            (output port)
  Path Group:             (none)
  Path Type:              Min at Fast Process Corner
  Data Path Delay:        0.754ns  (logic 0.209ns (27.729%)  route 0.545ns (72.271%))
  Logic Levels:           1  (LUT6=1)
  Clock Uncertainty:      0.025ns  ((TSJ^2 + TIJ^2)^1/2 + DJ) / 2 + PE
    Total System Jitter     (TSJ):    0.050ns
    Total Input Jitter      (TIJ):    0.000ns
    Discrete Jitter          (DJ):    0.000ns
    Phase Error              (PE):    0.000ns

    Location             Delay type                Incr(ns)  Path(ns)    Netlist Resource(s)
  -------------------------------------------------------------------    -------------------
                         (clock aclk rise edge)       0.000     0.000 r  
                                                      0.000     0.000 r  aclk (IN)
                         net (fo=139949, unset)       0.607     0.607    core_inst_gen[2].u_engine_core/aclk
    SLICE_X36Y186        FDCE                                         r  core_inst_gen[2].u_engine_core/m_axis_tdata_reg_reg[85]/C
  -------------------------------------------------------------------    -------------------
    SLICE_X36Y186        FDCE (Prop_fdce_C_Q)         0.164     0.771 r  core_inst_gen[2].u_engine_core/m_axis_tdata_reg_reg[85]/Q
                         net (fo=1, routed)           0.134     0.905    core_inst_gen[1].u_engine_core/m_axis_tdata[127]_0[85]
    SLICE_X37Y186        LUT6 (Prop_lut6_I1_O)        0.045     0.950 r  core_inst_gen[1].u_engine_core/iv_axis_wrapper1_LUT6_112/O
                         net (fo=0)                   0.411     1.361    m_axis_tdata[85]
                                                                      r  m_axis_tdata[85] (OUT)
  -------------------------------------------------------------------    -------------------

Slack:                    inf
  Source:                 core_inst_gen[2].u_engine_core/m_axis_tdata_reg_reg[20]/C
                            (rising edge-triggered cell FDCE clocked by aclk  {rise@0.000ns fall@5.000ns period=10.000ns})
  Destination:            m_axis_tdata[20]
                            (output port)
  Path Group:             (none)
  Path Type:              Min at Fast Process Corner
  Data Path Delay:        0.808ns  (logic 0.209ns (25.860%)  route 0.599ns (74.140%))
  Logic Levels:           1  (LUT6=1)
  Clock Uncertainty:      0.025ns  ((TSJ^2 + TIJ^2)^1/2 + DJ) / 2 + PE
    Total System Jitter     (TSJ):    0.050ns
    Total Input Jitter      (TIJ):    0.000ns
    Discrete Jitter          (DJ):    0.000ns
    Phase Error              (PE):    0.000ns

    Location             Delay type                Incr(ns)  Path(ns)    Netlist Resource(s)
  -------------------------------------------------------------------    -------------------
                         (clock aclk rise edge)       0.000     0.000 r  
                                                      0.000     0.000 r  aclk (IN)
                         net (fo=139949, unset)       0.558     0.558    core_inst_gen[2].u_engine_core/aclk
    SLICE_X76Y177        FDCE                                         r  core_inst_gen[2].u_engine_core/m_axis_tdata_reg_reg[20]/C
  -------------------------------------------------------------------    -------------------
    SLICE_X76Y177        FDCE (Prop_fdce_C_Q)         0.164     0.722 r  core_inst_gen[2].u_engine_core/m_axis_tdata_reg_reg[20]/Q
                         net (fo=1, routed)           0.188     0.910    core_inst_gen[1].u_engine_core/m_axis_tdata[127]_0[20]
    SLICE_X77Y176        LUT6 (Prop_lut6_I1_O)        0.045     0.955 r  core_inst_gen[1].u_engine_core/iv_axis_wrapper1_LUT6_42/O
                         net (fo=0)                   0.411     1.366    m_axis_tdata[20]
                                                                      r  m_axis_tdata[20] (OUT)
  -------------------------------------------------------------------    -------------------

Slack:                    inf
  Source:                 core_inst_gen[3].u_engine_core/m_axis_tdata_reg_reg[9]/C
                            (rising edge-triggered cell FDCE clocked by aclk  {rise@0.000ns fall@5.000ns period=10.000ns})
  Destination:            m_axis_tdata[9]
                            (output port)
  Path Group:             (none)
  Path Type:              Min at Fast Process Corner
  Data Path Delay:        0.814ns  (logic 0.186ns (22.840%)  route 0.628ns (77.160%))
  Logic Levels:           1  (LUT6=1)
  Clock Uncertainty:      0.025ns  ((TSJ^2 + TIJ^2)^1/2 + DJ) / 2 + PE
    Total System Jitter     (TSJ):    0.050ns
    Total Input Jitter      (TIJ):    0.000ns
    Discrete Jitter          (DJ):    0.000ns
    Phase Error              (PE):    0.000ns

    Location             Delay type                Incr(ns)  Path(ns)    Netlist Resource(s)
  -------------------------------------------------------------------    -------------------
                         (clock aclk rise edge)       0.000     0.000 r  
                                                      0.000     0.000 r  aclk (IN)
                         net (fo=139949, unset)       0.553     0.553    core_inst_gen[3].u_engine_core/aclk
    SLICE_X86Y180        FDCE                                         r  core_inst_gen[3].u_engine_core/m_axis_tdata_reg_reg[9]/C
  -------------------------------------------------------------------    -------------------
    SLICE_X86Y180        FDCE (Prop_fdce_C_Q)         0.141     0.694 r  core_inst_gen[3].u_engine_core/m_axis_tdata_reg_reg[9]/Q
                         net (fo=1, routed)           0.218     0.912    core_inst_gen[1].u_engine_core/m_axis_tdata[127]_1[9]
    SLICE_X85Y175        LUT6 (Prop_lut6_I2_O)        0.045     0.957 r  core_inst_gen[1].u_engine_core/iv_axis_wrapper1_LUT6_128/O
                         net (fo=0)                   0.411     1.367    m_axis_tdata[9]
                                                                      r  m_axis_tdata[9] (OUT)
  -------------------------------------------------------------------    -------------------

Slack:                    inf
  Source:                 core_inst_gen[2].u_engine_core/m_axis_tdata_reg_reg[59]/C
                            (rising edge-triggered cell FDCE clocked by aclk  {rise@0.000ns fall@5.000ns period=10.000ns})
  Destination:            m_axis_tdata[59]
                            (output port)
  Path Group:             (none)
  Path Type:              Min at Fast Process Corner
  Data Path Delay:        0.709ns  (logic 0.186ns (26.252%)  route 0.523ns (73.748%))
  Logic Levels:           1  (LUT6=1)
  Clock Uncertainty:      0.025ns  ((TSJ^2 + TIJ^2)^1/2 + DJ) / 2 + PE
    Total System Jitter     (TSJ):    0.050ns
    Total Input Jitter      (TIJ):    0.000ns
    Discrete Jitter          (DJ):    0.000ns
    Phase Error              (PE):    0.000ns

    Location             Delay type                Incr(ns)  Path(ns)    Netlist Resource(s)
  -------------------------------------------------------------------    -------------------
                         (clock aclk rise edge)       0.000     0.000 r  
                                                      0.000     0.000 r  aclk (IN)
                         net (fo=139949, unset)       0.675     0.675    core_inst_gen[2].u_engine_core/aclk
    SLICE_X121Y214       FDCE                                         r  core_inst_gen[2].u_engine_core/m_axis_tdata_reg_reg[59]/C
  -------------------------------------------------------------------    -------------------
    SLICE_X121Y214       FDCE (Prop_fdce_C_Q)         0.141     0.816 r  core_inst_gen[2].u_engine_core/m_axis_tdata_reg_reg[59]/Q
                         net (fo=1, routed)           0.112     0.928    core_inst_gen[1].u_engine_core/m_axis_tdata[127]_0[59]
    SLICE_X120Y212       LUT6 (Prop_lut6_I1_O)        0.045     0.973 r  core_inst_gen[1].u_engine_core/iv_axis_wrapper1_LUT6_84/O
                         net (fo=0)                   0.411     1.384    m_axis_tdata[59]
                                                                      r  m_axis_tdata[59] (OUT)
  -------------------------------------------------------------------    -------------------

Slack:                    inf
  Source:                 core_inst_gen[3].u_engine_core/m_axis_tdata_reg_reg[5]/C
                            (rising edge-triggered cell FDCE clocked by aclk  {rise@0.000ns fall@5.000ns period=10.000ns})
  Destination:            m_axis_tdata[5]
                            (output port)
  Path Group:             (none)
  Path Type:              Min at Fast Process Corner
  Data Path Delay:        0.819ns  (logic 0.186ns (22.723%)  route 0.633ns (77.277%))
  Logic Levels:           1  (LUT6=1)
  Clock Uncertainty:      0.025ns  ((TSJ^2 + TIJ^2)^1/2 + DJ) / 2 + PE
    Total System Jitter     (TSJ):    0.050ns
    Total Input Jitter      (TIJ):    0.000ns
    Discrete Jitter          (DJ):    0.000ns
    Phase Error              (PE):    0.000ns

    Location             Delay type                Incr(ns)  Path(ns)    Netlist Resource(s)
  -------------------------------------------------------------------    -------------------
                         (clock aclk rise edge)       0.000     0.000 r  
                                                      0.000     0.000 r  aclk (IN)
                         net (fo=139949, unset)       0.575     0.575    core_inst_gen[3].u_engine_core/aclk
    SLICE_X95Y194        FDCE                                         r  core_inst_gen[3].u_engine_core/m_axis_tdata_reg_reg[5]/C
  -------------------------------------------------------------------    -------------------
    SLICE_X95Y194        FDCE (Prop_fdce_C_Q)         0.141     0.716 r  core_inst_gen[3].u_engine_core/m_axis_tdata_reg_reg[5]/Q
                         net (fo=1, routed)           0.222     0.938    core_inst_gen[1].u_engine_core/m_axis_tdata[127]_1[5]
    SLICE_X103Y193       LUT6 (Prop_lut6_I2_O)        0.045     0.983 r  core_inst_gen[1].u_engine_core/iv_axis_wrapper1_LUT6_85/O
                         net (fo=0)                   0.411     1.394    m_axis_tdata[5]
                                                                      r  m_axis_tdata[5] (OUT)
  -------------------------------------------------------------------    -------------------

Slack:                    inf
  Source:                 core_inst_gen[1].u_engine_core/m_axis_tdata_reg_reg[24]/C
                            (rising edge-triggered cell FDCE clocked by aclk  {rise@0.000ns fall@5.000ns period=10.000ns})
  Destination:            m_axis_tdata[24]
                            (output port)
  Path Group:             (none)
  Path Type:              Min at Fast Process Corner
  Data Path Delay:        0.816ns  (logic 0.186ns (22.798%)  route 0.630ns (77.202%))
  Logic Levels:           1  (LUT6=1)
  Clock Uncertainty:      0.025ns  ((TSJ^2 + TIJ^2)^1/2 + DJ) / 2 + PE
    Total System Jitter     (TSJ):    0.050ns
    Total Input Jitter      (TIJ):    0.000ns
    Discrete Jitter          (DJ):    0.000ns
    Phase Error              (PE):    0.000ns

    Location             Delay type                Incr(ns)  Path(ns)    Netlist Resource(s)
  -------------------------------------------------------------------    -------------------
                         (clock aclk rise edge)       0.000     0.000 r  
                                                      0.000     0.000 r  aclk (IN)
                         net (fo=139949, unset)       0.581     0.581    core_inst_gen[1].u_engine_core/aclk
    SLICE_X54Y197        FDCE                                         r  core_inst_gen[1].u_engine_core/m_axis_tdata_reg_reg[24]/C
  -------------------------------------------------------------------    -------------------
    SLICE_X54Y197        FDCE (Prop_fdce_C_Q)         0.141     0.722 r  core_inst_gen[1].u_engine_core/m_axis_tdata_reg_reg[24]/Q
                         net (fo=1, routed)           0.219     0.941    core_inst_gen[1].u_engine_core/engine_m_data[1][24]
    SLICE_X55Y199        LUT6 (Prop_lut6_I3_O)        0.045     0.986 r  core_inst_gen[1].u_engine_core/iv_axis_wrapper1_LUT6_46/O
                         net (fo=0)                   0.411     1.397    m_axis_tdata[24]
                                                                      r  m_axis_tdata[24] (OUT)
  -------------------------------------------------------------------    -------------------

Slack:                    inf
  Source:                 core_inst_gen[2].u_engine_core/m_axis_tdata_reg_reg[22]/C
                            (rising edge-triggered cell FDCE clocked by aclk  {rise@0.000ns fall@5.000ns period=10.000ns})
  Destination:            m_axis_tdata[22]
                            (output port)
  Path Group:             (none)
  Path Type:              Min at Fast Process Corner
  Data Path Delay:        0.819ns  (logic 0.186ns (22.717%)  route 0.633ns (77.283%))
  Logic Levels:           1  (LUT6=1)
  Clock Uncertainty:      0.025ns  ((TSJ^2 + TIJ^2)^1/2 + DJ) / 2 + PE
    Total System Jitter     (TSJ):    0.050ns
    Total Input Jitter      (TIJ):    0.000ns
    Discrete Jitter          (DJ):    0.000ns
    Phase Error              (PE):    0.000ns

    Location             Delay type                Incr(ns)  Path(ns)    Netlist Resource(s)
  -------------------------------------------------------------------    -------------------
                         (clock aclk rise edge)       0.000     0.000 r  
                                                      0.000     0.000 r  aclk (IN)
                         net (fo=139949, unset)       0.581     0.581    core_inst_gen[2].u_engine_core/aclk
    SLICE_X114Y182       FDCE                                         r  core_inst_gen[2].u_engine_core/m_axis_tdata_reg_reg[22]/C
  -------------------------------------------------------------------    -------------------
    SLICE_X114Y182       FDCE (Prop_fdce_C_Q)         0.141     0.722 r  core_inst_gen[2].u_engine_core/m_axis_tdata_reg_reg[22]/Q
                         net (fo=1, routed)           0.222     0.944    core_inst_gen[1].u_engine_core/m_axis_tdata[127]_0[22]
    SLICE_X115Y187       LUT6 (Prop_lut6_I1_O)        0.045     0.989 r  core_inst_gen[1].u_engine_core/iv_axis_wrapper1_LUT6_44/O
                         net (fo=0)                   0.411     1.400    m_axis_tdata[22]
                                                                      r  m_axis_tdata[22] (OUT)
  -------------------------------------------------------------------    -------------------

Slack:                    inf
  Source:                 core_inst_gen[2].u_engine_core/m_axis_tdata_reg_reg[37]/C
                            (rising edge-triggered cell FDCE clocked by aclk  {rise@0.000ns fall@5.000ns period=10.000ns})
  Destination:            m_axis_tdata[37]
                            (output port)
  Path Group:             (none)
  Path Type:              Min at Fast Process Corner
  Data Path Delay:        0.706ns  (logic 0.186ns (26.363%)  route 0.520ns (73.637%))
  Logic Levels:           1  (LUT6=1)
  Clock Uncertainty:      0.025ns  ((TSJ^2 + TIJ^2)^1/2 + DJ) / 2 + PE
    Total System Jitter     (TSJ):    0.050ns
    Total Input Jitter      (TIJ):    0.000ns
    Discrete Jitter          (DJ):    0.000ns
    Phase Error              (PE):    0.000ns

    Location             Delay type                Incr(ns)  Path(ns)    Netlist Resource(s)
  -------------------------------------------------------------------    -------------------
                         (clock aclk rise edge)       0.000     0.000 r  
                                                      0.000     0.000 r  aclk (IN)
                         net (fo=139949, unset)       0.701     0.701    core_inst_gen[2].u_engine_core/aclk
    SLICE_X19Y219        FDCE                                         r  core_inst_gen[2].u_engine_core/m_axis_tdata_reg_reg[37]/C
  -------------------------------------------------------------------    -------------------
    SLICE_X19Y219        FDCE (Prop_fdce_C_Q)         0.141     0.842 r  core_inst_gen[2].u_engine_core/m_axis_tdata_reg_reg[37]/Q
                         net (fo=1, routed)           0.109     0.951    core_inst_gen[1].u_engine_core/m_axis_tdata[127]_0[37]
    SLICE_X15Y219        LUT6 (Prop_lut6_I1_O)        0.045     0.996 r  core_inst_gen[1].u_engine_core/iv_axis_wrapper1_LUT6_60/O
                         net (fo=0)                   0.411     1.407    m_axis_tdata[37]
                                                                      r  m_axis_tdata[37] (OUT)
  -------------------------------------------------------------------    -------------------

Slack:                    inf
  Source:                 core_inst_gen[0].u_engine_core/m_axis_tdata_reg_reg[96]/C
                            (rising edge-triggered cell FDCE clocked by aclk  {rise@0.000ns fall@5.000ns period=10.000ns})
  Destination:            m_axis_tdata[96]
                            (output port)
  Path Group:             (none)
  Path Type:              Min at Fast Process Corner
  Data Path Delay:        0.841ns  (logic 0.209ns (24.865%)  route 0.632ns (75.135%))
  Logic Levels:           1  (LUT6=1)
  Clock Uncertainty:      0.025ns  ((TSJ^2 + TIJ^2)^1/2 + DJ) / 2 + PE
    Total System Jitter     (TSJ):    0.050ns
    Total Input Jitter      (TIJ):    0.000ns
    Discrete Jitter          (DJ):    0.000ns
    Phase Error              (PE):    0.000ns

    Location             Delay type                Incr(ns)  Path(ns)    Netlist Resource(s)
  -------------------------------------------------------------------    -------------------
                         (clock aclk rise edge)       0.000     0.000 r  
                                                      0.000     0.000 r  aclk (IN)
                         net (fo=139949, unset)       0.569     0.569    core_inst_gen[0].u_engine_core/aclk
    SLICE_X100Y170       FDCE                                         r  core_inst_gen[0].u_engine_core/m_axis_tdata_reg_reg[96]/C
  -------------------------------------------------------------------    -------------------
    SLICE_X100Y170       FDCE (Prop_fdce_C_Q)         0.164     0.733 r  core_inst_gen[0].u_engine_core/m_axis_tdata_reg_reg[96]/Q
                         net (fo=1, routed)           0.221     0.954    core_inst_gen[1].u_engine_core/m_axis_tdata[127][96]
    SLICE_X100Y172       LUT6 (Prop_lut6_I0_O)        0.045     0.999 r  core_inst_gen[1].u_engine_core/iv_axis_wrapper1_LUT6_124/O
                         net (fo=0)                   0.411     1.410    m_axis_tdata[96]
                                                                      r  m_axis_tdata[96] (OUT)
  -------------------------------------------------------------------    -------------------





--------------------------------------------------------------------------------------
Path Group:  (none)
From Clock:  
  To Clock:  aclk

Max Delay         73793 Endpoints
Min Delay         73793 Endpoints
--------------------------------------------------------------------------------------


Max Delay Paths
--------------------------------------------------------------------------------------
Slack:                    inf
  Source:                 s_axis_tdata[145]
                            (input port)
  Destination:            core_inst_gen[1].u_engine_core/u_iv_top/tid_busy_mask_reg[62]/D
                            (rising edge-triggered cell FDCE clocked by aclk  {rise@0.000ns fall@5.000ns period=10.000ns})
  Path Group:             (none)
  Path Type:              Setup (Max at Slow Process Corner)
  Data Path Delay:        20.435ns  (logic 0.627ns (3.068%)  route 19.808ns (96.932%))
  Logic Levels:           5  (LUT4=2 LUT5=3)
  Clock Path Skew:        1.353ns (DCD - SCD + CPR)
    Destination Clock Delay (DCD):    1.353ns
    Source Clock Delay      (SCD):    0.000ns
    Clock Pessimism Removal (CPR):    0.000ns
  Clock Uncertainty:      0.025ns  ((TSJ^2 + TIJ^2)^1/2 + DJ) / 2 + PE
    Total System Jitter     (TSJ):    0.050ns
    Total Input Jitter      (TIJ):    0.000ns
    Discrete Jitter          (DJ):    0.000ns
    Phase Error              (PE):    0.000ns

    Location             Delay type                Incr(ns)  Path(ns)    Netlist Resource(s)
  -------------------------------------------------------------------    -------------------
                                                      0.000     0.000 r  s_axis_tdata[145] (IN)
                         net (fo=13, unset)           0.704     0.704    core_inst_gen[2].u_engine_core/s_axis_tdata[145]
    SLICE_X136Y236       LUT4 (Prop_lut4_I3_O)        0.097     0.801 r  core_inst_gen[2].u_engine_core/iv_axis_wrapper2_LUT4_2/O
                         net (fo=3, routed)           1.852     2.653    core_inst_gen[3].u_engine_core/u_iv_top/gen_init_guess.u_init_guess/u_init_divider/fifo_mem_reg[0][31]_0
    SLICE_X115Y216       LUT5 (Prop_lut5_I4_O)        0.097     2.750 f  core_inst_gen[3].u_engine_core/u_iv_top/gen_init_guess.u_init_guess/u_init_divider/ctx_C_reg_0_63_0_2_i_3/O
                         net (fo=132, routed)        14.996    17.746    core_inst_gen[1].u_engine_core/in_flight_count_reg[0]_0
    SLICE_X29Y89         LUT5 (Prop_lut5_I1_O)        0.097    17.843 r  core_inst_gen[1].u_engine_core/iv_axis_wrapper1_LUT5/O
                         net (fo=241, routed)         1.639    19.482    core_inst_gen[1].u_engine_core/u_iv_top/u_arb_fsm/in_flight_count_reg_0_sn_1
    SLICE_X33Y62         LUT4 (Prop_lut4_I0_O)        0.097    19.579 r  core_inst_gen[1].u_engine_core/u_iv_top/u_arb_fsm/tid_busy_mask[63]_i_4__0/O
                         net (fo=8, routed)           0.617    20.196    core_inst_gen[1].u_engine_core/u_iv_top/u_arb_fsm/tid_busy_mask[63]_i_4__0_n_0
    SLICE_X36Y65         LUT5 (Prop_lut5_I3_O)        0.239    20.435 r  core_inst_gen[1].u_engine_core/u_iv_top/u_arb_fsm/tid_busy_mask[62]_i_1__0/O
                         net (fo=1, routed)           0.000    20.435    core_inst_gen[1].u_engine_core/u_iv_top/u_arb_fsm_n_5
    SLICE_X36Y65         FDCE                                         r  core_inst_gen[1].u_engine_core/u_iv_top/tid_busy_mask_reg[62]/D
  -------------------------------------------------------------------    -------------------

                         (clock aclk rise edge)       0.000     0.000 r  
                                                      0.000     0.000 r  aclk (IN)
                         net (fo=139949, unset)       1.353     1.353    core_inst_gen[1].u_engine_core/u_iv_top/aclk
    SLICE_X36Y65         FDCE                                         r  core_inst_gen[1].u_engine_core/u_iv_top/tid_busy_mask_reg[62]/C

Slack:                    inf
  Source:                 s_axis_tdata[145]
                            (input port)
  Destination:            core_inst_gen[1].u_engine_core/u_iv_top/tid_busy_mask_reg[58]/D
                            (rising edge-triggered cell FDCE clocked by aclk  {rise@0.000ns fall@5.000ns period=10.000ns})
  Path Group:             (none)
  Path Type:              Setup (Max at Slow Process Corner)
  Data Path Delay:        20.276ns  (logic 0.627ns (3.092%)  route 19.649ns (96.908%))
  Logic Levels:           5  (LUT4=2 LUT5=3)
  Clock Path Skew:        1.355ns (DCD - SCD + CPR)
    Destination Clock Delay (DCD):    1.355ns
    Source Clock Delay      (SCD):    0.000ns
    Clock Pessimism Removal (CPR):    0.000ns
  Clock Uncertainty:      0.025ns  ((TSJ^2 + TIJ^2)^1/2 + DJ) / 2 + PE
    Total System Jitter     (TSJ):    0.050ns
    Total Input Jitter      (TIJ):    0.000ns
    Discrete Jitter          (DJ):    0.000ns
    Phase Error              (PE):    0.000ns

    Location             Delay type                Incr(ns)  Path(ns)    Netlist Resource(s)
  -------------------------------------------------------------------    -------------------
                                                      0.000     0.000 r  s_axis_tdata[145] (IN)
                         net (fo=13, unset)           0.704     0.704    core_inst_gen[2].u_engine_core/s_axis_tdata[145]
    SLICE_X136Y236       LUT4 (Prop_lut4_I3_O)        0.097     0.801 r  core_inst_gen[2].u_engine_core/iv_axis_wrapper2_LUT4_2/O
                         net (fo=3, routed)           1.852     2.653    core_inst_gen[3].u_engine_core/u_iv_top/gen_init_guess.u_init_guess/u_init_divider/fifo_mem_reg[0][31]_0
    SLICE_X115Y216       LUT5 (Prop_lut5_I4_O)        0.097     2.750 f  core_inst_gen[3].u_engine_core/u_iv_top/gen_init_guess.u_init_guess/u_init_divider/ctx_C_reg_0_63_0_2_i_3/O
                         net (fo=132, routed)        14.996    17.746    core_inst_gen[1].u_engine_core/in_flight_count_reg[0]_0
    SLICE_X29Y89         LUT5 (Prop_lut5_I1_O)        0.097    17.843 r  core_inst_gen[1].u_engine_core/iv_axis_wrapper1_LUT5/O
                         net (fo=241, routed)         1.639    19.482    core_inst_gen[1].u_engine_core/u_iv_top/u_arb_fsm/in_flight_count_reg_0_sn_1
    SLICE_X33Y62         LUT4 (Prop_lut4_I0_O)        0.097    19.579 r  core_inst_gen[1].u_engine_core/u_iv_top/u_arb_fsm/tid_busy_mask[63]_i_4__0/O
                         net (fo=8, routed)           0.458    20.037    core_inst_gen[1].u_engine_core/u_iv_top/u_arb_fsm/tid_busy_mask[63]_i_4__0_n_0
    SLICE_X37Y63         LUT5 (Prop_lut5_I3_O)        0.239    20.276 r  core_inst_gen[1].u_engine_core/u_iv_top/u_arb_fsm/tid_busy_mask[58]_i_1__0/O
                         net (fo=1, routed)           0.000    20.276    core_inst_gen[1].u_engine_core/u_iv_top/u_arb_fsm_n_9
    SLICE_X37Y63         FDCE                                         r  core_inst_gen[1].u_engine_core/u_iv_top/tid_busy_mask_reg[58]/D
  -------------------------------------------------------------------    -------------------

                         (clock aclk rise edge)       0.000     0.000 r  
                                                      0.000     0.000 r  aclk (IN)
                         net (fo=139949, unset)       1.355     1.355    core_inst_gen[1].u_engine_core/u_iv_top/aclk
    SLICE_X37Y63         FDCE                                         r  core_inst_gen[1].u_engine_core/u_iv_top/tid_busy_mask_reg[58]/C

Slack:                    inf
  Source:                 s_axis_tdata[145]
                            (input port)
  Destination:            core_inst_gen[1].u_engine_core/u_iv_top/tid_busy_mask_reg[56]/D
                            (rising edge-triggered cell FDCE clocked by aclk  {rise@0.000ns fall@5.000ns period=10.000ns})
  Path Group:             (none)
  Path Type:              Setup (Max at Slow Process Corner)
  Data Path Delay:        20.272ns  (logic 0.627ns (3.093%)  route 19.645ns (96.907%))
  Logic Levels:           5  (LUT4=2 LUT5=3)
  Clock Path Skew:        1.355ns (DCD - SCD + CPR)
    Destination Clock Delay (DCD):    1.355ns
    Source Clock Delay      (SCD):    0.000ns
    Clock Pessimism Removal (CPR):    0.000ns
  Clock Uncertainty:      0.025ns  ((TSJ^2 + TIJ^2)^1/2 + DJ) / 2 + PE
    Total System Jitter     (TSJ):    0.050ns
    Total Input Jitter      (TIJ):    0.000ns
    Discrete Jitter          (DJ):    0.000ns
    Phase Error              (PE):    0.000ns

    Location             Delay type                Incr(ns)  Path(ns)    Netlist Resource(s)
  -------------------------------------------------------------------    -------------------
                                                      0.000     0.000 r  s_axis_tdata[145] (IN)
                         net (fo=13, unset)           0.704     0.704    core_inst_gen[2].u_engine_core/s_axis_tdata[145]
    SLICE_X136Y236       LUT4 (Prop_lut4_I3_O)        0.097     0.801 r  core_inst_gen[2].u_engine_core/iv_axis_wrapper2_LUT4_2/O
                         net (fo=3, routed)           1.852     2.653    core_inst_gen[3].u_engine_core/u_iv_top/gen_init_guess.u_init_guess/u_init_divider/fifo_mem_reg[0][31]_0
    SLICE_X115Y216       LUT5 (Prop_lut5_I4_O)        0.097     2.750 f  core_inst_gen[3].u_engine_core/u_iv_top/gen_init_guess.u_init_guess/u_init_divider/ctx_C_reg_0_63_0_2_i_3/O
                         net (fo=132, routed)        14.996    17.746    core_inst_gen[1].u_engine_core/in_flight_count_reg[0]_0
    SLICE_X29Y89         LUT5 (Prop_lut5_I1_O)        0.097    17.843 r  core_inst_gen[1].u_engine_core/iv_axis_wrapper1_LUT5/O
                         net (fo=241, routed)         1.639    19.482    core_inst_gen[1].u_engine_core/u_iv_top/u_arb_fsm/in_flight_count_reg_0_sn_1
    SLICE_X33Y62         LUT4 (Prop_lut4_I0_O)        0.097    19.579 r  core_inst_gen[1].u_engine_core/u_iv_top/u_arb_fsm/tid_busy_mask[63]_i_4__0/O
                         net (fo=8, routed)           0.454    20.033    core_inst_gen[1].u_engine_core/u_iv_top/u_arb_fsm/tid_busy_mask[63]_i_4__0_n_0
    SLICE_X37Y63         LUT5 (Prop_lut5_I3_O)        0.239    20.272 r  core_inst_gen[1].u_engine_core/u_iv_top/u_arb_fsm/tid_busy_mask[56]_i_1__0/O
                         net (fo=1, routed)           0.000    20.272    core_inst_gen[1].u_engine_core/u_iv_top/u_arb_fsm_n_11
    SLICE_X37Y63         FDCE                                         r  core_inst_gen[1].u_engine_core/u_iv_top/tid_busy_mask_reg[56]/D
  -------------------------------------------------------------------    -------------------

                         (clock aclk rise edge)       0.000     0.000 r  
                                                      0.000     0.000 r  aclk (IN)
                         net (fo=139949, unset)       1.355     1.355    core_inst_gen[1].u_engine_core/u_iv_top/aclk
    SLICE_X37Y63         FDCE                                         r  core_inst_gen[1].u_engine_core/u_iv_top/tid_busy_mask_reg[56]/C

Slack:                    inf
  Source:                 s_axis_tdata[145]
                            (input port)
  Destination:            core_inst_gen[1].u_engine_core/u_iv_top/tid_busy_mask_reg[60]/D
                            (rising edge-triggered cell FDCE clocked by aclk  {rise@0.000ns fall@5.000ns period=10.000ns})
  Path Group:             (none)
  Path Type:              Setup (Max at Slow Process Corner)
  Data Path Delay:        20.226ns  (logic 0.627ns (3.100%)  route 19.599ns (96.900%))
  Logic Levels:           5  (LUT4=2 LUT5=3)
  Clock Path Skew:        1.353ns (DCD - SCD + CPR)
    Destination Clock Delay (DCD):    1.353ns
    Source Clock Delay      (SCD):    0.000ns
    Clock Pessimism Removal (CPR):    0.000ns
  Clock Uncertainty:      0.025ns  ((TSJ^2 + TIJ^2)^1/2 + DJ) / 2 + PE
    Total System Jitter     (TSJ):    0.050ns
    Total Input Jitter      (TIJ):    0.000ns
    Discrete Jitter          (DJ):    0.000ns
    Phase Error              (PE):    0.000ns

    Location             Delay type                Incr(ns)  Path(ns)    Netlist Resource(s)
  -------------------------------------------------------------------    -------------------
                                                      0.000     0.000 r  s_axis_tdata[145] (IN)
                         net (fo=13, unset)           0.704     0.704    core_inst_gen[2].u_engine_core/s_axis_tdata[145]
    SLICE_X136Y236       LUT4 (Prop_lut4_I3_O)        0.097     0.801 r  core_inst_gen[2].u_engine_core/iv_axis_wrapper2_LUT4_2/O
                         net (fo=3, routed)           1.852     2.653    core_inst_gen[3].u_engine_core/u_iv_top/gen_init_guess.u_init_guess/u_init_divider/fifo_mem_reg[0][31]_0
    SLICE_X115Y216       LUT5 (Prop_lut5_I4_O)        0.097     2.750 f  core_inst_gen[3].u_engine_core/u_iv_top/gen_init_guess.u_init_guess/u_init_divider/ctx_C_reg_0_63_0_2_i_3/O
                         net (fo=132, routed)        14.996    17.746    core_inst_gen[1].u_engine_core/in_flight_count_reg[0]_0
    SLICE_X29Y89         LUT5 (Prop_lut5_I1_O)        0.097    17.843 r  core_inst_gen[1].u_engine_core/iv_axis_wrapper1_LUT5/O
                         net (fo=241, routed)         1.639    19.482    core_inst_gen[1].u_engine_core/u_iv_top/u_arb_fsm/in_flight_count_reg_0_sn_1
    SLICE_X33Y62         LUT4 (Prop_lut4_I0_O)        0.097    19.579 r  core_inst_gen[1].u_engine_core/u_iv_top/u_arb_fsm/tid_busy_mask[63]_i_4__0/O
                         net (fo=8, routed)           0.408    19.987    core_inst_gen[1].u_engine_core/u_iv_top/u_arb_fsm/tid_busy_mask[63]_i_4__0_n_0
    SLICE_X36Y65         LUT5 (Prop_lut5_I3_O)        0.239    20.226 r  core_inst_gen[1].u_engine_core/u_iv_top/u_arb_fsm/tid_busy_mask[60]_i_1__0/O
                         net (fo=1, routed)           0.000    20.226    core_inst_gen[1].u_engine_core/u_iv_top/u_arb_fsm_n_7
    SLICE_X36Y65         FDCE                                         r  core_inst_gen[1].u_engine_core/u_iv_top/tid_busy_mask_reg[60]/D
  -------------------------------------------------------------------    -------------------

                         (clock aclk rise edge)       0.000     0.000 r  
                                                      0.000     0.000 r  aclk (IN)
                         net (fo=139949, unset)       1.353     1.353    core_inst_gen[1].u_engine_core/u_iv_top/aclk
    SLICE_X36Y65         FDCE                                         r  core_inst_gen[1].u_engine_core/u_iv_top/tid_busy_mask_reg[60]/C

Slack:                    inf
  Source:                 s_axis_tdata[145]
                            (input port)
  Destination:            core_inst_gen[1].u_engine_core/u_iv_top/tid_busy_mask_reg[50]/D
                            (rising edge-triggered cell FDCE clocked by aclk  {rise@0.000ns fall@5.000ns period=10.000ns})
  Path Group:             (none)
  Path Type:              Setup (Max at Slow Process Corner)
  Data Path Delay:        20.207ns  (logic 0.485ns (2.400%)  route 19.722ns (97.600%))
  Logic Levels:           5  (LUT4=2 LUT5=3)
  Clock Path Skew:        1.356ns (DCD - SCD + CPR)
    Destination Clock Delay (DCD):    1.356ns
    Source Clock Delay      (SCD):    0.000ns
    Clock Pessimism Removal (CPR):    0.000ns
  Clock Uncertainty:      0.025ns  ((TSJ^2 + TIJ^2)^1/2 + DJ) / 2 + PE
    Total System Jitter     (TSJ):    0.050ns
    Total Input Jitter      (TIJ):    0.000ns
    Discrete Jitter          (DJ):    0.000ns
    Phase Error              (PE):    0.000ns

    Location             Delay type                Incr(ns)  Path(ns)    Netlist Resource(s)
  -------------------------------------------------------------------    -------------------
                                                      0.000     0.000 r  s_axis_tdata[145] (IN)
                         net (fo=13, unset)           0.704     0.704    core_inst_gen[2].u_engine_core/s_axis_tdata[145]
    SLICE_X136Y236       LUT4 (Prop_lut4_I3_O)        0.097     0.801 r  core_inst_gen[2].u_engine_core/iv_axis_wrapper2_LUT4_2/O
                         net (fo=3, routed)           1.852     2.653    core_inst_gen[3].u_engine_core/u_iv_top/gen_init_guess.u_init_guess/u_init_divider/fifo_mem_reg[0][31]_0
    SLICE_X115Y216       LUT5 (Prop_lut5_I4_O)        0.097     2.750 f  core_inst_gen[3].u_engine_core/u_iv_top/gen_init_guess.u_init_guess/u_init_divider/ctx_C_reg_0_63_0_2_i_3/O
                         net (fo=132, routed)        14.996    17.746    core_inst_gen[1].u_engine_core/in_flight_count_reg[0]_0
    SLICE_X29Y89         LUT5 (Prop_lut5_I1_O)        0.097    17.843 r  core_inst_gen[1].u_engine_core/iv_axis_wrapper1_LUT5/O
                         net (fo=241, routed)         1.639    19.482    core_inst_gen[1].u_engine_core/u_iv_top/u_arb_fsm/in_flight_count_reg_0_sn_1
    SLICE_X33Y62         LUT4 (Prop_lut4_I0_O)        0.097    19.579 f  core_inst_gen[1].u_engine_core/u_iv_top/u_arb_fsm/tid_busy_mask[55]_i_3__0/O
                         net (fo=8, routed)           0.531    20.110    core_inst_gen[1].u_engine_core/u_iv_top/u_arb_fsm/tid_busy_mask[55]_i_3__0_n_0
    SLICE_X37Y62         LUT5 (Prop_lut5_I2_O)        0.097    20.207 r  core_inst_gen[1].u_engine_core/u_iv_top/u_arb_fsm/tid_busy_mask[50]_i_1__0/O
                         net (fo=1, routed)           0.000    20.207    core_inst_gen[1].u_engine_core/u_iv_top/u_arb_fsm_n_17
    SLICE_X37Y62         FDCE                                         r  core_inst_gen[1].u_engine_core/u_iv_top/tid_busy_mask_reg[50]/D
  -------------------------------------------------------------------    -------------------

                         (clock aclk rise edge)       0.000     0.000 r  
                                                      0.000     0.000 r  aclk (IN)
                         net (fo=139949, unset)       1.356     1.356    core_inst_gen[1].u_engine_core/u_iv_top/aclk
    SLICE_X37Y62         FDCE                                         r  core_inst_gen[1].u_engine_core/u_iv_top/tid_busy_mask_reg[50]/C

Slack:                    inf
  Source:                 s_axis_tdata[145]
                            (input port)
  Destination:            core_inst_gen[1].u_engine_core/u_iv_top/tid_busy_mask_reg[63]/D
                            (rising edge-triggered cell FDCE clocked by aclk  {rise@0.000ns fall@5.000ns period=10.000ns})
  Path Group:             (none)
  Path Type:              Setup (Max at Slow Process Corner)
  Data Path Delay:        20.183ns  (logic 0.627ns (3.107%)  route 19.556ns (96.893%))
  Logic Levels:           5  (LUT4=2 LUT5=3)
  Clock Path Skew:        1.358ns (DCD - SCD + CPR)
    Destination Clock Delay (DCD):    1.358ns
    Source Clock Delay      (SCD):    0.000ns
    Clock Pessimism Removal (CPR):    0.000ns
  Clock Uncertainty:      0.025ns  ((TSJ^2 + TIJ^2)^1/2 + DJ) / 2 + PE
    Total System Jitter     (TSJ):    0.050ns
    Total Input Jitter      (TIJ):    0.000ns
    Discrete Jitter          (DJ):    0.000ns
    Phase Error              (PE):    0.000ns

    Location             Delay type                Incr(ns)  Path(ns)    Netlist Resource(s)
  -------------------------------------------------------------------    -------------------
                                                      0.000     0.000 r  s_axis_tdata[145] (IN)
                         net (fo=13, unset)           0.704     0.704    core_inst_gen[2].u_engine_core/s_axis_tdata[145]
    SLICE_X136Y236       LUT4 (Prop_lut4_I3_O)        0.097     0.801 r  core_inst_gen[2].u_engine_core/iv_axis_wrapper2_LUT4_2/O
                         net (fo=3, routed)           1.852     2.653    core_inst_gen[3].u_engine_core/u_iv_top/gen_init_guess.u_init_guess/u_init_divider/fifo_mem_reg[0][31]_0
    SLICE_X115Y216       LUT5 (Prop_lut5_I4_O)        0.097     2.750 f  core_inst_gen[3].u_engine_core/u_iv_top/gen_init_guess.u_init_guess/u_init_divider/ctx_C_reg_0_63_0_2_i_3/O
                         net (fo=132, routed)        14.996    17.746    core_inst_gen[1].u_engine_core/in_flight_count_reg[0]_0
    SLICE_X29Y89         LUT5 (Prop_lut5_I1_O)        0.097    17.843 r  core_inst_gen[1].u_engine_core/iv_axis_wrapper1_LUT5/O
                         net (fo=241, routed)         1.639    19.482    core_inst_gen[1].u_engine_core/u_iv_top/u_arb_fsm/in_flight_count_reg_0_sn_1
    SLICE_X33Y62         LUT4 (Prop_lut4_I0_O)        0.097    19.579 r  core_inst_gen[1].u_engine_core/u_iv_top/u_arb_fsm/tid_busy_mask[63]_i_4__0/O
                         net (fo=8, routed)           0.365    19.944    core_inst_gen[1].u_engine_core/u_iv_top/u_arb_fsm/tid_busy_mask[63]_i_4__0_n_0
    SLICE_X35Y65         LUT5 (Prop_lut5_I2_O)        0.239    20.183 r  core_inst_gen[1].u_engine_core/u_iv_top/u_arb_fsm/tid_busy_mask[63]_i_1__0/O
                         net (fo=1, routed)           0.000    20.183    core_inst_gen[1].u_engine_core/u_iv_top/u_arb_fsm_n_4
    SLICE_X35Y65         FDCE                                         r  core_inst_gen[1].u_engine_core/u_iv_top/tid_busy_mask_reg[63]/D
  -------------------------------------------------------------------    -------------------

                         (clock aclk rise edge)       0.000     0.000 r  
                                                      0.000     0.000 r  aclk (IN)
                         net (fo=139949, unset)       1.358     1.358    core_inst_gen[1].u_engine_core/u_iv_top/aclk
    SLICE_X35Y65         FDCE                                         r  core_inst_gen[1].u_engine_core/u_iv_top/tid_busy_mask_reg[63]/C

Slack:                    inf
  Source:                 s_axis_tdata[145]
                            (input port)
  Destination:            core_inst_gen[1].u_engine_core/u_iv_top/tid_busy_mask_reg[61]/D
                            (rising edge-triggered cell FDCE clocked by aclk  {rise@0.000ns fall@5.000ns period=10.000ns})
  Path Group:             (none)
  Path Type:              Setup (Max at Slow Process Corner)
  Data Path Delay:        20.175ns  (logic 0.627ns (3.108%)  route 19.548ns (96.892%))
  Logic Levels:           5  (LUT4=2 LUT5=3)
  Clock Path Skew:        1.360ns (DCD - SCD + CPR)
    Destination Clock Delay (DCD):    1.360ns
    Source Clock Delay      (SCD):    0.000ns
    Clock Pessimism Removal (CPR):    0.000ns
  Clock Uncertainty:      0.025ns  ((TSJ^2 + TIJ^2)^1/2 + DJ) / 2 + PE
    Total System Jitter     (TSJ):    0.050ns
    Total Input Jitter      (TIJ):    0.000ns
    Discrete Jitter          (DJ):    0.000ns
    Phase Error              (PE):    0.000ns

    Location             Delay type                Incr(ns)  Path(ns)    Netlist Resource(s)
  -------------------------------------------------------------------    -------------------
                                                      0.000     0.000 r  s_axis_tdata[145] (IN)
                         net (fo=13, unset)           0.704     0.704    core_inst_gen[2].u_engine_core/s_axis_tdata[145]
    SLICE_X136Y236       LUT4 (Prop_lut4_I3_O)        0.097     0.801 r  core_inst_gen[2].u_engine_core/iv_axis_wrapper2_LUT4_2/O
                         net (fo=3, routed)           1.852     2.653    core_inst_gen[3].u_engine_core/u_iv_top/gen_init_guess.u_init_guess/u_init_divider/fifo_mem_reg[0][31]_0
    SLICE_X115Y216       LUT5 (Prop_lut5_I4_O)        0.097     2.750 f  core_inst_gen[3].u_engine_core/u_iv_top/gen_init_guess.u_init_guess/u_init_divider/ctx_C_reg_0_63_0_2_i_3/O
                         net (fo=132, routed)        14.996    17.746    core_inst_gen[1].u_engine_core/in_flight_count_reg[0]_0
    SLICE_X29Y89         LUT5 (Prop_lut5_I1_O)        0.097    17.843 r  core_inst_gen[1].u_engine_core/iv_axis_wrapper1_LUT5/O
                         net (fo=241, routed)         1.639    19.482    core_inst_gen[1].u_engine_core/u_iv_top/u_arb_fsm/in_flight_count_reg_0_sn_1
    SLICE_X33Y62         LUT4 (Prop_lut4_I0_O)        0.097    19.579 r  core_inst_gen[1].u_engine_core/u_iv_top/u_arb_fsm/tid_busy_mask[63]_i_4__0/O
                         net (fo=8, routed)           0.357    19.936    core_inst_gen[1].u_engine_core/u_iv_top/u_arb_fsm/tid_busy_mask[63]_i_4__0_n_0
    SLICE_X31Y64         LUT5 (Prop_lut5_I3_O)        0.239    20.175 r  core_inst_gen[1].u_engine_core/u_iv_top/u_arb_fsm/tid_busy_mask[61]_i_1__0/O
                         net (fo=1, routed)           0.000    20.175    core_inst_gen[1].u_engine_core/u_iv_top/u_arb_fsm_n_6
    SLICE_X31Y64         FDCE                                         r  core_inst_gen[1].u_engine_core/u_iv_top/tid_busy_mask_reg[61]/D
  -------------------------------------------------------------------    -------------------

                         (clock aclk rise edge)       0.000     0.000 r  
                                                      0.000     0.000 r  aclk (IN)
                         net (fo=139949, unset)       1.360     1.360    core_inst_gen[1].u_engine_core/u_iv_top/aclk
    SLICE_X31Y64         FDCE                                         r  core_inst_gen[1].u_engine_core/u_iv_top/tid_busy_mask_reg[61]/C

Slack:                    inf
  Source:                 s_axis_tdata[145]
                            (input port)
  Destination:            core_inst_gen[1].u_engine_core/u_iv_top/tid_busy_mask_reg[55]/D
                            (rising edge-triggered cell FDCE clocked by aclk  {rise@0.000ns fall@5.000ns period=10.000ns})
  Path Group:             (none)
  Path Type:              Setup (Max at Slow Process Corner)
  Data Path Delay:        20.143ns  (logic 0.485ns (2.408%)  route 19.658ns (97.592%))
  Logic Levels:           5  (LUT4=2 LUT5=3)
  Clock Path Skew:        1.353ns (DCD - SCD + CPR)
    Destination Clock Delay (DCD):    1.353ns
    Source Clock Delay      (SCD):    0.000ns
    Clock Pessimism Removal (CPR):    0.000ns
  Clock Uncertainty:      0.025ns  ((TSJ^2 + TIJ^2)^1/2 + DJ) / 2 + PE
    Total System Jitter     (TSJ):    0.050ns
    Total Input Jitter      (TIJ):    0.000ns
    Discrete Jitter          (DJ):    0.000ns
    Phase Error              (PE):    0.000ns

    Location             Delay type                Incr(ns)  Path(ns)    Netlist Resource(s)
  -------------------------------------------------------------------    -------------------
                                                      0.000     0.000 r  s_axis_tdata[145] (IN)
                         net (fo=13, unset)           0.704     0.704    core_inst_gen[2].u_engine_core/s_axis_tdata[145]
    SLICE_X136Y236       LUT4 (Prop_lut4_I3_O)        0.097     0.801 r  core_inst_gen[2].u_engine_core/iv_axis_wrapper2_LUT4_2/O
                         net (fo=3, routed)           1.852     2.653    core_inst_gen[3].u_engine_core/u_iv_top/gen_init_guess.u_init_guess/u_init_divider/fifo_mem_reg[0][31]_0
    SLICE_X115Y216       LUT5 (Prop_lut5_I4_O)        0.097     2.750 f  core_inst_gen[3].u_engine_core/u_iv_top/gen_init_guess.u_init_guess/u_init_divider/ctx_C_reg_0_63_0_2_i_3/O
                         net (fo=132, routed)        14.996    17.746    core_inst_gen[1].u_engine_core/in_flight_count_reg[0]_0
    SLICE_X29Y89         LUT5 (Prop_lut5_I1_O)        0.097    17.843 r  core_inst_gen[1].u_engine_core/iv_axis_wrapper1_LUT5/O
                         net (fo=241, routed)         1.639    19.482    core_inst_gen[1].u_engine_core/u_iv_top/u_arb_fsm/in_flight_count_reg_0_sn_1
    SLICE_X33Y62         LUT4 (Prop_lut4_I0_O)        0.097    19.579 f  core_inst_gen[1].u_engine_core/u_iv_top/u_arb_fsm/tid_busy_mask[55]_i_3__0/O
                         net (fo=8, routed)           0.467    20.046    core_inst_gen[1].u_engine_core/u_iv_top/u_arb_fsm/tid_busy_mask[55]_i_3__0_n_0
    SLICE_X36Y65         LUT5 (Prop_lut5_I2_O)        0.097    20.143 r  core_inst_gen[1].u_engine_core/u_iv_top/u_arb_fsm/tid_busy_mask[55]_i_1__0/O
                         net (fo=1, routed)           0.000    20.143    core_inst_gen[1].u_engine_core/u_iv_top/u_arb_fsm_n_12
    SLICE_X36Y65         FDCE                                         r  core_inst_gen[1].u_engine_core/u_iv_top/tid_busy_mask_reg[55]/D
  -------------------------------------------------------------------    -------------------

                         (clock aclk rise edge)       0.000     0.000 r  
                                                      0.000     0.000 r  aclk (IN)
                         net (fo=139949, unset)       1.353     1.353    core_inst_gen[1].u_engine_core/u_iv_top/aclk
    SLICE_X36Y65         FDCE                                         r  core_inst_gen[1].u_engine_core/u_iv_top/tid_busy_mask_reg[55]/C

Slack:                    inf
  Source:                 s_axis_tdata[145]
                            (input port)
  Destination:            core_inst_gen[1].u_engine_core/u_iv_top/tid_busy_mask_reg[49]/D
                            (rising edge-triggered cell FDCE clocked by aclk  {rise@0.000ns fall@5.000ns period=10.000ns})
  Path Group:             (none)
  Path Type:              Setup (Max at Slow Process Corner)
  Data Path Delay:        20.113ns  (logic 0.485ns (2.411%)  route 19.628ns (97.589%))
  Logic Levels:           5  (LUT4=2 LUT5=3)
  Clock Path Skew:        1.355ns (DCD - SCD + CPR)
    Destination Clock Delay (DCD):    1.355ns
    Source Clock Delay      (SCD):    0.000ns
    Clock Pessimism Removal (CPR):    0.000ns
  Clock Uncertainty:      0.025ns  ((TSJ^2 + TIJ^2)^1/2 + DJ) / 2 + PE
    Total System Jitter     (TSJ):    0.050ns
    Total Input Jitter      (TIJ):    0.000ns
    Discrete Jitter          (DJ):    0.000ns
    Phase Error              (PE):    0.000ns

    Location             Delay type                Incr(ns)  Path(ns)    Netlist Resource(s)
  -------------------------------------------------------------------    -------------------
                                                      0.000     0.000 r  s_axis_tdata[145] (IN)
                         net (fo=13, unset)           0.704     0.704    core_inst_gen[2].u_engine_core/s_axis_tdata[145]
    SLICE_X136Y236       LUT4 (Prop_lut4_I3_O)        0.097     0.801 r  core_inst_gen[2].u_engine_core/iv_axis_wrapper2_LUT4_2/O
                         net (fo=3, routed)           1.852     2.653    core_inst_gen[3].u_engine_core/u_iv_top/gen_init_guess.u_init_guess/u_init_divider/fifo_mem_reg[0][31]_0
    SLICE_X115Y216       LUT5 (Prop_lut5_I4_O)        0.097     2.750 f  core_inst_gen[3].u_engine_core/u_iv_top/gen_init_guess.u_init_guess/u_init_divider/ctx_C_reg_0_63_0_2_i_3/O
                         net (fo=132, routed)        14.996    17.746    core_inst_gen[1].u_engine_core/in_flight_count_reg[0]_0
    SLICE_X29Y89         LUT5 (Prop_lut5_I1_O)        0.097    17.843 r  core_inst_gen[1].u_engine_core/iv_axis_wrapper1_LUT5/O
                         net (fo=241, routed)         1.639    19.482    core_inst_gen[1].u_engine_core/u_iv_top/u_arb_fsm/in_flight_count_reg_0_sn_1
    SLICE_X33Y62         LUT4 (Prop_lut4_I0_O)        0.097    19.579 f  core_inst_gen[1].u_engine_core/u_iv_top/u_arb_fsm/tid_busy_mask[55]_i_3__0/O
                         net (fo=8, routed)           0.437    20.016    core_inst_gen[1].u_engine_core/u_iv_top/u_arb_fsm/tid_busy_mask[55]_i_3__0_n_0
    SLICE_X37Y63         LUT5 (Prop_lut5_I2_O)        0.097    20.113 r  core_inst_gen[1].u_engine_core/u_iv_top/u_arb_fsm/tid_busy_mask[49]_i_1__0/O
                         net (fo=1, routed)           0.000    20.113    core_inst_gen[1].u_engine_core/u_iv_top/u_arb_fsm_n_18
    SLICE_X37Y63         FDCE                                         r  core_inst_gen[1].u_engine_core/u_iv_top/tid_busy_mask_reg[49]/D
  -------------------------------------------------------------------    -------------------

                         (clock aclk rise edge)       0.000     0.000 r  
                                                      0.000     0.000 r  aclk (IN)
                         net (fo=139949, unset)       1.355     1.355    core_inst_gen[1].u_engine_core/u_iv_top/aclk
    SLICE_X37Y63         FDCE                                         r  core_inst_gen[1].u_engine_core/u_iv_top/tid_busy_mask_reg[49]/C

Slack:                    inf
  Source:                 s_axis_tdata[145]
                            (input port)
  Destination:            core_inst_gen[1].u_engine_core/u_iv_top/tid_busy_mask_reg[48]/D
                            (rising edge-triggered cell FDCE clocked by aclk  {rise@0.000ns fall@5.000ns period=10.000ns})
  Path Group:             (none)
  Path Type:              Setup (Max at Slow Process Corner)
  Data Path Delay:        20.111ns  (logic 0.485ns (2.412%)  route 19.626ns (97.588%))
  Logic Levels:           5  (LUT4=2 LUT5=3)
  Clock Path Skew:        1.355ns (DCD - SCD + CPR)
    Destination Clock Delay (DCD):    1.355ns
    Source Clock Delay      (SCD):    0.000ns
    Clock Pessimism Removal (CPR):    0.000ns
  Clock Uncertainty:      0.025ns  ((TSJ^2 + TIJ^2)^1/2 + DJ) / 2 + PE
    Total System Jitter     (TSJ):    0.050ns
    Total Input Jitter      (TIJ):    0.000ns
    Discrete Jitter          (DJ):    0.000ns
    Phase Error              (PE):    0.000ns

    Location             Delay type                Incr(ns)  Path(ns)    Netlist Resource(s)
  -------------------------------------------------------------------    -------------------
                                                      0.000     0.000 r  s_axis_tdata[145] (IN)
                         net (fo=13, unset)           0.704     0.704    core_inst_gen[2].u_engine_core/s_axis_tdata[145]
    SLICE_X136Y236       LUT4 (Prop_lut4_I3_O)        0.097     0.801 r  core_inst_gen[2].u_engine_core/iv_axis_wrapper2_LUT4_2/O
                         net (fo=3, routed)           1.852     2.653    core_inst_gen[3].u_engine_core/u_iv_top/gen_init_guess.u_init_guess/u_init_divider/fifo_mem_reg[0][31]_0
    SLICE_X115Y216       LUT5 (Prop_lut5_I4_O)        0.097     2.750 f  core_inst_gen[3].u_engine_core/u_iv_top/gen_init_guess.u_init_guess/u_init_divider/ctx_C_reg_0_63_0_2_i_3/O
                         net (fo=132, routed)        14.996    17.746    core_inst_gen[1].u_engine_core/in_flight_count_reg[0]_0
    SLICE_X29Y89         LUT5 (Prop_lut5_I1_O)        0.097    17.843 r  core_inst_gen[1].u_engine_core/iv_axis_wrapper1_LUT5/O
                         net (fo=241, routed)         1.639    19.482    core_inst_gen[1].u_engine_core/u_iv_top/u_arb_fsm/in_flight_count_reg_0_sn_1
    SLICE_X33Y62         LUT4 (Prop_lut4_I0_O)        0.097    19.579 f  core_inst_gen[1].u_engine_core/u_iv_top/u_arb_fsm/tid_busy_mask[55]_i_3__0/O
                         net (fo=8, routed)           0.435    20.014    core_inst_gen[1].u_engine_core/u_iv_top/u_arb_fsm/tid_busy_mask[55]_i_3__0_n_0
    SLICE_X37Y63         LUT5 (Prop_lut5_I2_O)        0.097    20.111 r  core_inst_gen[1].u_engine_core/u_iv_top/u_arb_fsm/tid_busy_mask[48]_i_1__0/O
                         net (fo=1, routed)           0.000    20.111    core_inst_gen[1].u_engine_core/u_iv_top/u_arb_fsm_n_19
    SLICE_X37Y63         FDCE                                         r  core_inst_gen[1].u_engine_core/u_iv_top/tid_busy_mask_reg[48]/D
  -------------------------------------------------------------------    -------------------

                         (clock aclk rise edge)       0.000     0.000 r  
                                                      0.000     0.000 r  aclk (IN)
                         net (fo=139949, unset)       1.355     1.355    core_inst_gen[1].u_engine_core/u_iv_top/aclk
    SLICE_X37Y63         FDCE                                         r  core_inst_gen[1].u_engine_core/u_iv_top/tid_busy_mask_reg[48]/C





Min Delay Paths
--------------------------------------------------------------------------------------
Slack:                    inf
  Source:                 s_axis_tdata[96]
                            (input port)
  Destination:            core_inst_gen[0].u_engine_core/u_iv_top/cordic_inst/cordic_pipeline[0].m_pipe_reg[1]/D
                            (rising edge-triggered cell FDCE clocked by aclk  {rise@0.000ns fall@5.000ns period=10.000ns})
  Path Group:             (none)
  Path Type:              Hold (Min at Fast Process Corner)
  Data Path Delay:        0.411ns  (logic 0.000ns (0.000%)  route 0.411ns (100.000%))
  Logic Levels:           0  
  Clock Path Skew:        0.846ns (DCD - SCD - CPR)
    Destination Clock Delay (DCD):    0.846ns
    Source Clock Delay      (SCD):    0.000ns
    Clock Pessimism Removal (CPR):    -0.000ns

    Location             Delay type                Incr(ns)  Path(ns)    Netlist Resource(s)
  -------------------------------------------------------------------    -------------------
                                                      0.000     0.000 r  s_axis_tdata[96] (IN)
                         net (fo=340, unset)          0.411     0.411    core_inst_gen[0].u_engine_core/u_iv_top/cordic_inst/s_axis_tdata[96]
    SLICE_X64Y193        FDCE                                         r  core_inst_gen[0].u_engine_core/u_iv_top/cordic_inst/cordic_pipeline[0].m_pipe_reg[1]/D
  -------------------------------------------------------------------    -------------------

                         (clock aclk rise edge)       0.000     0.000 r  
                                                      0.000     0.000 r  aclk (IN)
                         net (fo=139949, unset)       0.846     0.846    core_inst_gen[0].u_engine_core/u_iv_top/cordic_inst/aclk
    SLICE_X64Y193        FDCE                                         r  core_inst_gen[0].u_engine_core/u_iv_top/cordic_inst/cordic_pipeline[0].m_pipe_reg[1]/C

Slack:                    inf
  Source:                 s_axis_tdata[96]
                            (input port)
  Destination:            core_inst_gen[0].u_engine_core/u_iv_top/cordic_inst/cordic_pipeline[0].m_pipe_reg[1]_rep/D
                            (rising edge-triggered cell FDCE clocked by aclk  {rise@0.000ns fall@5.000ns period=10.000ns})
  Path Group:             (none)
  Path Type:              Hold (Min at Fast Process Corner)
  Data Path Delay:        0.411ns  (logic 0.000ns (0.000%)  route 0.411ns (100.000%))
  Logic Levels:           0  
  Clock Path Skew:        0.858ns (DCD - SCD - CPR)
    Destination Clock Delay (DCD):    0.858ns
    Source Clock Delay      (SCD):    0.000ns
    Clock Pessimism Removal (CPR):    -0.000ns

    Location             Delay type                Incr(ns)  Path(ns)    Netlist Resource(s)
  -------------------------------------------------------------------    -------------------
                                                      0.000     0.000 r  s_axis_tdata[96] (IN)
                         net (fo=340, unset)          0.411     0.411    core_inst_gen[0].u_engine_core/u_iv_top/cordic_inst/s_axis_tdata[96]
    SLICE_X115Y156       FDCE                                         r  core_inst_gen[0].u_engine_core/u_iv_top/cordic_inst/cordic_pipeline[0].m_pipe_reg[1]_rep/D
  -------------------------------------------------------------------    -------------------

                         (clock aclk rise edge)       0.000     0.000 r  
                                                      0.000     0.000 r  aclk (IN)
                         net (fo=139949, unset)       0.858     0.858    core_inst_gen[0].u_engine_core/u_iv_top/cordic_inst/aclk
    SLICE_X115Y156       FDCE                                         r  core_inst_gen[0].u_engine_core/u_iv_top/cordic_inst/cordic_pipeline[0].m_pipe_reg[1]_rep/C

Slack:                    inf
  Source:                 s_axis_tdata[96]
                            (input port)
  Destination:            core_inst_gen[0].u_engine_core/u_iv_top/cordic_inst/cordic_pipeline[0].m_pipe_reg[1]_rep__0/D
                            (rising edge-triggered cell FDCE clocked by aclk  {rise@0.000ns fall@5.000ns period=10.000ns})
  Path Group:             (none)
  Path Type:              Hold (Min at Fast Process Corner)
  Data Path Delay:        0.411ns  (logic 0.000ns (0.000%)  route 0.411ns (100.000%))
  Logic Levels:           0  
  Clock Path Skew:        0.838ns (DCD - SCD - CPR)
    Destination Clock Delay (DCD):    0.838ns
    Source Clock Delay      (SCD):    0.000ns
    Clock Pessimism Removal (CPR):    -0.000ns

    Location             Delay type                Incr(ns)  Path(ns)    Netlist Resource(s)
  -------------------------------------------------------------------    -------------------
                                                      0.000     0.000 r  s_axis_tdata[96] (IN)
                         net (fo=340, unset)          0.411     0.411    core_inst_gen[0].u_engine_core/u_iv_top/cordic_inst/s_axis_tdata[96]
    SLICE_X73Y164        FDCE                                         r  core_inst_gen[0].u_engine_core/u_iv_top/cordic_inst/cordic_pipeline[0].m_pipe_reg[1]_rep__0/D
  -------------------------------------------------------------------    -------------------

                         (clock aclk rise edge)       0.000     0.000 r  
                                                      0.000     0.000 r  aclk (IN)
                         net (fo=139949, unset)       0.838     0.838    core_inst_gen[0].u_engine_core/u_iv_top/cordic_inst/aclk
    SLICE_X73Y164        FDCE                                         r  core_inst_gen[0].u_engine_core/u_iv_top/cordic_inst/cordic_pipeline[0].m_pipe_reg[1]_rep__0/C

Slack:                    inf
  Source:                 s_axis_tdata[96]
                            (input port)
  Destination:            core_inst_gen[0].u_engine_core/u_iv_top/cordic_inst/cordic_pipeline[0].m_pipe_reg[1]_rep__1/D
                            (rising edge-triggered cell FDCE clocked by aclk  {rise@0.000ns fall@5.000ns period=10.000ns})
  Path Group:             (none)
  Path Type:              Hold (Min at Fast Process Corner)
  Data Path Delay:        0.411ns  (logic 0.000ns (0.000%)  route 0.411ns (100.000%))
  Logic Levels:           0  
  Clock Path Skew:        0.836ns (DCD - SCD - CPR)
    Destination Clock Delay (DCD):    0.836ns
    Source Clock Delay      (SCD):    0.000ns
    Clock Pessimism Removal (CPR):    -0.000ns

    Location             Delay type                Incr(ns)  Path(ns)    Netlist Resource(s)
  -------------------------------------------------------------------    -------------------
                                                      0.000     0.000 r  s_axis_tdata[96] (IN)
                         net (fo=340, unset)          0.411     0.411    core_inst_gen[0].u_engine_core/u_iv_top/cordic_inst/s_axis_tdata[96]
    SLICE_X72Y183        FDCE                                         r  core_inst_gen[0].u_engine_core/u_iv_top/cordic_inst/cordic_pipeline[0].m_pipe_reg[1]_rep__1/D
  -------------------------------------------------------------------    -------------------

                         (clock aclk rise edge)       0.000     0.000 r  
                                                      0.000     0.000 r  aclk (IN)
                         net (fo=139949, unset)       0.836     0.836    core_inst_gen[0].u_engine_core/u_iv_top/cordic_inst/aclk
    SLICE_X72Y183        FDCE                                         r  core_inst_gen[0].u_engine_core/u_iv_top/cordic_inst/cordic_pipeline[0].m_pipe_reg[1]_rep__1/C

Slack:                    inf
  Source:                 s_axis_tdata[160]
                            (input port)
  Destination:            core_inst_gen[0].u_engine_core/u_iv_top/cordic_tid_gen[17].tid_pipe_cordic_reg[18][0]_srl18_core_inst_gen_c_16/D
                            (rising edge-triggered cell SRLC32E clocked by aclk  {rise@0.000ns fall@5.000ns period=10.000ns})
  Path Group:             (none)
  Path Type:              Hold (Min at Fast Process Corner)
  Data Path Delay:        0.411ns  (logic 0.000ns (0.000%)  route 0.411ns (100.000%))
  Logic Levels:           0  
  Clock Path Skew:        0.881ns (DCD - SCD - CPR)
    Destination Clock Delay (DCD):    0.881ns
    Source Clock Delay      (SCD):    0.000ns
    Clock Pessimism Removal (CPR):    -0.000ns

    Location             Delay type                Incr(ns)  Path(ns)    Netlist Resource(s)
  -------------------------------------------------------------------    -------------------
                                                      0.000     0.000 r  s_axis_tdata[160] (IN)
                         net (fo=1181, unset)         0.411     0.411    core_inst_gen[0].u_engine_core/u_iv_top/s_axis_tdata[160]
    SLICE_X146Y165       SRLC32E                                      r  core_inst_gen[0].u_engine_core/u_iv_top/cordic_tid_gen[17].tid_pipe_cordic_reg[18][0]_srl18_core_inst_gen_c_16/D
  -------------------------------------------------------------------    -------------------

                         (clock aclk rise edge)       0.000     0.000 r  
                                                      0.000     0.000 r  aclk (IN)
                         net (fo=139949, unset)       0.881     0.881    core_inst_gen[0].u_engine_core/u_iv_top/aclk
    SLICE_X146Y165       SRLC32E                                      r  core_inst_gen[0].u_engine_core/u_iv_top/cordic_tid_gen[17].tid_pipe_cordic_reg[18][0]_srl18_core_inst_gen_c_16/CLK

Slack:                    inf
  Source:                 s_axis_tdata[161]
                            (input port)
  Destination:            core_inst_gen[0].u_engine_core/u_iv_top/cordic_tid_gen[17].tid_pipe_cordic_reg[18][1]_srl18_core_inst_gen_c_16/D
                            (rising edge-triggered cell SRLC32E clocked by aclk  {rise@0.000ns fall@5.000ns period=10.000ns})
  Path Group:             (none)
  Path Type:              Hold (Min at Fast Process Corner)
  Data Path Delay:        0.411ns  (logic 0.000ns (0.000%)  route 0.411ns (100.000%))
  Logic Levels:           0  
  Clock Path Skew:        0.877ns (DCD - SCD - CPR)
    Destination Clock Delay (DCD):    0.877ns
    Source Clock Delay      (SCD):    0.000ns
    Clock Pessimism Removal (CPR):    -0.000ns

    Location             Delay type                Incr(ns)  Path(ns)    Netlist Resource(s)
  -------------------------------------------------------------------    -------------------
                                                      0.000     0.000 r  s_axis_tdata[161] (IN)
                         net (fo=1181, unset)         0.411     0.411    core_inst_gen[0].u_engine_core/u_iv_top/s_axis_tdata[161]
    SLICE_X142Y168       SRLC32E                                      r  core_inst_gen[0].u_engine_core/u_iv_top/cordic_tid_gen[17].tid_pipe_cordic_reg[18][1]_srl18_core_inst_gen_c_16/D
  -------------------------------------------------------------------    -------------------

                         (clock aclk rise edge)       0.000     0.000 r  
                                                      0.000     0.000 r  aclk (IN)
                         net (fo=139949, unset)       0.877     0.877    core_inst_gen[0].u_engine_core/u_iv_top/aclk
    SLICE_X142Y168       SRLC32E                                      r  core_inst_gen[0].u_engine_core/u_iv_top/cordic_tid_gen[17].tid_pipe_cordic_reg[18][1]_srl18_core_inst_gen_c_16/CLK

Slack:                    inf
  Source:                 s_axis_tdata[162]
                            (input port)
  Destination:            core_inst_gen[0].u_engine_core/u_iv_top/cordic_tid_gen[17].tid_pipe_cordic_reg[18][2]_srl18_core_inst_gen_c_16/D
                            (rising edge-triggered cell SRLC32E clocked by aclk  {rise@0.000ns fall@5.000ns period=10.000ns})
  Path Group:             (none)
  Path Type:              Hold (Min at Fast Process Corner)
  Data Path Delay:        0.411ns  (logic 0.000ns (0.000%)  route 0.411ns (100.000%))
  Logic Levels:           0  
  Clock Path Skew:        0.850ns (DCD - SCD - CPR)
    Destination Clock Delay (DCD):    0.850ns
    Source Clock Delay      (SCD):    0.000ns
    Clock Pessimism Removal (CPR):    -0.000ns

    Location             Delay type                Incr(ns)  Path(ns)    Netlist Resource(s)
  -------------------------------------------------------------------    -------------------
                                                      0.000     0.000 r  s_axis_tdata[162] (IN)
                         net (fo=1149, unset)         0.411     0.411    core_inst_gen[0].u_engine_core/u_iv_top/s_axis_tdata[162]
    SLICE_X136Y170       SRLC32E                                      r  core_inst_gen[0].u_engine_core/u_iv_top/cordic_tid_gen[17].tid_pipe_cordic_reg[18][2]_srl18_core_inst_gen_c_16/D
  -------------------------------------------------------------------    -------------------

                         (clock aclk rise edge)       0.000     0.000 r  
                                                      0.000     0.000 r  aclk (IN)
                         net (fo=139949, unset)       0.850     0.850    core_inst_gen[0].u_engine_core/u_iv_top/aclk
    SLICE_X136Y170       SRLC32E                                      r  core_inst_gen[0].u_engine_core/u_iv_top/cordic_tid_gen[17].tid_pipe_cordic_reg[18][2]_srl18_core_inst_gen_c_16/CLK

Slack:                    inf
  Source:                 s_axis_tdata[163]
                            (input port)
  Destination:            core_inst_gen[0].u_engine_core/u_iv_top/cordic_tid_gen[17].tid_pipe_cordic_reg[18][3]_srl18_core_inst_gen_c_16/D
                            (rising edge-triggered cell SRLC32E clocked by aclk  {rise@0.000ns fall@5.000ns period=10.000ns})
  Path Group:             (none)
  Path Type:              Hold (Min at Fast Process Corner)
  Data Path Delay:        0.411ns  (logic 0.000ns (0.000%)  route 0.411ns (100.000%))
  Logic Levels:           0  
  Clock Path Skew:        0.846ns (DCD - SCD - CPR)
    Destination Clock Delay (DCD):    0.846ns
    Source Clock Delay      (SCD):    0.000ns
    Clock Pessimism Removal (CPR):    -0.000ns

    Location             Delay type                Incr(ns)  Path(ns)    Netlist Resource(s)
  -------------------------------------------------------------------    -------------------
                                                      0.000     0.000 r  s_axis_tdata[163] (IN)
                         net (fo=1157, unset)         0.411     0.411    core_inst_gen[0].u_engine_core/u_iv_top/s_axis_tdata[163]
    SLICE_X136Y173       SRLC32E                                      r  core_inst_gen[0].u_engine_core/u_iv_top/cordic_tid_gen[17].tid_pipe_cordic_reg[18][3]_srl18_core_inst_gen_c_16/D
  -------------------------------------------------------------------    -------------------

                         (clock aclk rise edge)       0.000     0.000 r  
                                                      0.000     0.000 r  aclk (IN)
                         net (fo=139949, unset)       0.846     0.846    core_inst_gen[0].u_engine_core/u_iv_top/aclk
    SLICE_X136Y173       SRLC32E                                      r  core_inst_gen[0].u_engine_core/u_iv_top/cordic_tid_gen[17].tid_pipe_cordic_reg[18][3]_srl18_core_inst_gen_c_16/CLK

Slack:                    inf
  Source:                 s_axis_tdata[164]
                            (input port)
  Destination:            core_inst_gen[0].u_engine_core/u_iv_top/cordic_tid_gen[17].tid_pipe_cordic_reg[18][4]_srl18_core_inst_gen_c_16/D
                            (rising edge-triggered cell SRLC32E clocked by aclk  {rise@0.000ns fall@5.000ns period=10.000ns})
  Path Group:             (none)
  Path Type:              Hold (Min at Fast Process Corner)
  Data Path Delay:        0.411ns  (logic 0.000ns (0.000%)  route 0.411ns (100.000%))
  Logic Levels:           0  
  Clock Path Skew:        0.850ns (DCD - SCD - CPR)
    Destination Clock Delay (DCD):    0.850ns
    Source Clock Delay      (SCD):    0.000ns
    Clock Pessimism Removal (CPR):    -0.000ns

    Location             Delay type                Incr(ns)  Path(ns)    Netlist Resource(s)
  -------------------------------------------------------------------    -------------------
                                                      0.000     0.000 r  s_axis_tdata[164] (IN)
                         net (fo=1145, unset)         0.411     0.411    core_inst_gen[0].u_engine_core/u_iv_top/s_axis_tdata[164]
    SLICE_X136Y170       SRLC32E                                      r  core_inst_gen[0].u_engine_core/u_iv_top/cordic_tid_gen[17].tid_pipe_cordic_reg[18][4]_srl18_core_inst_gen_c_16/D
  -------------------------------------------------------------------    -------------------

                         (clock aclk rise edge)       0.000     0.000 r  
                                                      0.000     0.000 r  aclk (IN)
                         net (fo=139949, unset)       0.850     0.850    core_inst_gen[0].u_engine_core/u_iv_top/aclk
    SLICE_X136Y170       SRLC32E                                      r  core_inst_gen[0].u_engine_core/u_iv_top/cordic_tid_gen[17].tid_pipe_cordic_reg[18][4]_srl18_core_inst_gen_c_16/CLK

Slack:                    inf
  Source:                 s_axis_tdata[165]
                            (input port)
  Destination:            core_inst_gen[0].u_engine_core/u_iv_top/cordic_tid_gen[17].tid_pipe_cordic_reg[18][5]_srl18_core_inst_gen_c_16/D
                            (rising edge-triggered cell SRLC32E clocked by aclk  {rise@0.000ns fall@5.000ns period=10.000ns})
  Path Group:             (none)
  Path Type:              Hold (Min at Fast Process Corner)
  Data Path Delay:        0.411ns  (logic 0.000ns (0.000%)  route 0.411ns (100.000%))
  Logic Levels:           0  
  Clock Path Skew:        0.852ns (DCD - SCD - CPR)
    Destination Clock Delay (DCD):    0.852ns
    Source Clock Delay      (SCD):    0.000ns
    Clock Pessimism Removal (CPR):    -0.000ns

    Location             Delay type                Incr(ns)  Path(ns)    Netlist Resource(s)
  -------------------------------------------------------------------    -------------------
                                                      0.000     0.000 r  s_axis_tdata[165] (IN)
                         net (fo=1145, unset)         0.411     0.411    core_inst_gen[0].u_engine_core/u_iv_top/s_axis_tdata[165]
    SLICE_X124Y167       SRLC32E                                      r  core_inst_gen[0].u_engine_core/u_iv_top/cordic_tid_gen[17].tid_pipe_cordic_reg[18][5]_srl18_core_inst_gen_c_16/D
  -------------------------------------------------------------------    -------------------

                         (clock aclk rise edge)       0.000     0.000 r  
                                                      0.000     0.000 r  aclk (IN)
                         net (fo=139949, unset)       0.852     0.852    core_inst_gen[0].u_engine_core/u_iv_top/aclk
    SLICE_X124Y167       SRLC32E                                      r  core_inst_gen[0].u_engine_core/u_iv_top/cordic_tid_gen[17].tid_pipe_cordic_reg[18][5]_srl18_core_inst_gen_c_16/CLK





