Copyright 1986-2022 Xilinx, Inc. All Rights Reserved. Copyright 2022-2025 Advanced Micro Devices, Inc. All Rights Reserved.
--------------------------------------------------------------------------------------------------------------------------------------------------
| Tool Version      : Vivado v.2025.2 (win64) Build 6299465 Fri Nov 14 19:35:11 GMT 2025
| Date              : Tue Sep  8 22:35:15 2026
| Host              : LAPTOP-EPHGQB72 running 64-bit major release  (build 9200)
| Command           : report_timing_summary -file impl_results/u50/u50_timing_summary.rpt -max_paths 10 -report_unconstrained
| Design            : iv_multi_engine_top
| Device            : xcu50-fsvh2104
| Speed File        : -2  PRODUCTION 1.30 05-01-2022
| Design State      : Routed
| Temperature Grade : E
--------------------------------------------------------------------------------------------------------------------------------------------------

Timing Summary Report

------------------------------------------------------------------------------------------------
| Timer Settings
| --------------
------------------------------------------------------------------------------------------------

  Enable Multi Corner Analysis               :  Yes
  Enable Pessimism Removal                   :  Yes
  Pessimism Removal Resolution               :  Nearest Common Node
  Enable Input Delay Default Clock           :  No
  Enable Preset / Clear Arcs                 :  No
  Disable Flight Delays                      :  No
  Ignore I/O Paths                           :  No
  Timing Early Launch at Borrowing Latches   :  No
  Borrow Time for Max Delay Exceptions       :  Yes
  Merge Timing Exceptions                    :  Yes
  Inter-SLR Compensation                     :  Conservative

  Corner  Analyze    Analyze    
  Name    Max Paths  Min Paths  
  ------  ---------  ---------  
  Slow    Yes        Yes        
  Fast    Yes        Yes        


------------------------------------------------------------------------------------------------
| Report Methodology
| ------------------
------------------------------------------------------------------------------------------------

No report available as report_methodology has not been run prior. Run report_methodology on the current design for the summary of methodology violations.



check_timing report

Table of Contents
-----------------
1. checking no_clock (0)
2. checking constant_clock (0)
3. checking pulse_width_clock (0)
4. checking unconstrained_internal_endpoints (0)
5. checking no_input_delay (169)
6. checking no_output_delay (130)
7. checking multiple_clock (0)
8. checking generated_clocks (0)
9. checking loops (0)
10. checking partial_input_delay (0)
11. checking partial_output_delay (0)
12. checking latch_loops (0)

1. checking no_clock (0)
------------------------
 There are 0 register/latch pins with no clock.


2. checking constant_clock (0)
------------------------------
 There are 0 register/latch pins with constant_clock.


3. checking pulse_width_clock (0)
---------------------------------
 There are 0 register/latch pins which need pulse_width check


4. checking unconstrained_internal_endpoints (0)
------------------------------------------------
 There are 0 pins that are not constrained for maximum delay.

 There are 0 pins that are not constrained for maximum delay due to constant clock.


5. checking no_input_delay (169)
--------------------------------
 There are 168 input ports with no input delay specified. (HIGH)

 There is 1 input port with no input delay but user has a false path constraint. (MEDIUM)


6. checking no_output_delay (130)
---------------------------------
 There are 130 ports with no output delay specified. (HIGH)

 There are 0 ports with no output delay but user has a false path constraint

 There are 0 ports with no output delay but with a timing clock defined on it or propagating through it


7. checking multiple_clock (0)
------------------------------
 There are 0 register/latch pins with multiple clocks.


8. checking generated_clocks (0)
--------------------------------
 There are 0 generated clocks that are not connected to a clock source.


9. checking loops (0)
---------------------
 There are 0 combinational loops in the design.


10. checking partial_input_delay (0)
------------------------------------
 There are 0 input ports with partial input delay specified.


11. checking partial_output_delay (0)
-------------------------------------
 There are 0 ports with partial output delay specified.


12. checking latch_loops (0)
----------------------------
 There are 0 combinational latch loops in the design through latch input



------------------------------------------------------------------------------------------------
| Design Timing Summary
| ---------------------
------------------------------------------------------------------------------------------------

    WNS(ns)      TNS(ns)  TNS Failing Endpoints  TNS Total Endpoints      WHS(ns)      THS(ns)  THS Failing Endpoints  THS Total Endpoints     WPWS(ns)     TPWS(ns)  TPWS Failing Endpoints  TPWS Total Endpoints  
    -------      -------  ---------------------  -------------------      -------      -------  ---------------------  -------------------     --------     --------  ----------------------  --------------------  
      0.073        0.000                      0               182201        0.004        0.000                      0               182201        1.468        0.000                       0                138776  


All user specified timing constraints are met.


------------------------------------------------------------------------------------------------
| Clock Summary
| -------------
------------------------------------------------------------------------------------------------

Clock  Waveform(ns)         Period(ns)      Frequency(MHz)
-----  ------------         ----------      --------------
aclk   {0.000 2.000}        4.000           250.000         


------------------------------------------------------------------------------------------------
| Intra Clock Table
| -----------------
------------------------------------------------------------------------------------------------

Clock             WNS(ns)      TNS(ns)  TNS Failing Endpoints  TNS Total Endpoints      WHS(ns)      THS(ns)  THS Failing Endpoints  THS Total Endpoints     WPWS(ns)     TPWS(ns)  TPWS Failing Endpoints  TPWS Total Endpoints  
-----             -------      -------  ---------------------  -------------------      -------      -------  ---------------------  -------------------     --------     --------  ----------------------  --------------------  
aclk                0.073        0.000                      0               182201        0.004        0.000                      0               182201        1.468        0.000                       0                138776  


------------------------------------------------------------------------------------------------
| Inter Clock Table
| -----------------
------------------------------------------------------------------------------------------------

From Clock    To Clock          WNS(ns)      TNS(ns)  TNS Failing Endpoints  TNS Total Endpoints      WHS(ns)      THS(ns)  THS Failing Endpoints  THS Total Endpoints  
----------    --------          -------      -------  ---------------------  -------------------      -------      -------  ---------------------  -------------------  


------------------------------------------------------------------------------------------------
| Other Path Groups Table
| -----------------------
------------------------------------------------------------------------------------------------

Path Group    From Clock    To Clock          WNS(ns)      TNS(ns)  TNS Failing Endpoints  TNS Total Endpoints      WHS(ns)      THS(ns)  THS Failing Endpoints  THS Total Endpoints  
----------    ----------    --------          -------      -------  ---------------------  -------------------      -------      -------  ---------------------  -------------------  


------------------------------------------------------------------------------------------------
| User Ignored Path Table
| -----------------------
------------------------------------------------------------------------------------------------

Path Group    From Clock    To Clock    
----------    ----------    --------    
(none)                      aclk          


------------------------------------------------------------------------------------------------
| Unconstrained Path Table
| ------------------------
------------------------------------------------------------------------------------------------

Path Group    From Clock    To Clock    
----------    ----------    --------    
(none)                                    
(none)        aclk                        
(none)                      aclk          


------------------------------------------------------------------------------------------------
| Timing Details
| --------------
------------------------------------------------------------------------------------------------


---------------------------------------------------------------------------------------------------
From Clock:  aclk
  To Clock:  aclk

Setup :            0  Failing Endpoints,  Worst Slack        0.073ns,  Total Violation        0.000ns
Hold  :            0  Failing Endpoints,  Worst Slack        0.004ns,  Total Violation        0.000ns
PW    :            0  Failing Endpoints,  Worst Slack        1.468ns,  Total Violation        0.000ns
---------------------------------------------------------------------------------------------------


Max Delay Paths
--------------------------------------------------------------------------------------
Slack (MET) :             0.073ns  (required time - arrival time)
  Source:                 core_inst_gen[3].u_engine_core/u_iv_top/u_bs_datapath/u_norm_d1/abs_x1a_reg[31]/C
                            (rising edge-triggered cell FDCE clocked by aclk  {rise@0.000ns fall@2.000ns period=4.000ns})
  Destination:            core_inst_gen[3].u_engine_core/u_iv_top/u_bs_datapath/u_norm_d1/x2_half1_reg[30]/D
                            (rising edge-triggered cell FDCE clocked by aclk  {rise@0.000ns fall@2.000ns period=4.000ns})
  Path Group:             aclk
  Path Type:              Setup (Max at Slow Process Corner)
  Requirement:            4.000ns  (aclk rise@4.000ns - aclk rise@0.000ns)
  Data Path Delay:        3.910ns  (logic 2.719ns (69.545%)  route 1.191ns (30.455%))
  Logic Levels:           12  (CARRY8=3 DSP_A_B_DATA=1 DSP_ALU=2 DSP_M_DATA=1 DSP_MULTIPLIER=1 DSP_OUTPUT=2 DSP_PREADD_DATA=1 LUT2=1)
  Clock Path Skew:        -0.007ns (DCD - SCD + CPR)
    Destination Clock Delay (DCD):    0.021ns = ( 4.021 - 4.000 ) 
    Source Clock Delay      (SCD):    0.028ns
    Clock Pessimism Removal (CPR):    0.000ns
  Clock Uncertainty:      0.035ns  ((TSJ^2 + TIJ^2)^1/2 + DJ) / 2 + PE
    Total System Jitter     (TSJ):    0.071ns
    Total Input Jitter      (TIJ):    0.000ns
    Discrete Jitter          (DJ):    0.000ns
    Phase Error              (PE):    0.000ns

    Location             Delay type                Incr(ns)  Path(ns)    Netlist Resource(s)
  -------------------------------------------------------------------    -------------------
                         (clock aclk rise edge)       0.000     0.000 r  
                                                      0.000     0.000 r  aclk (IN)
                         net (fo=139844, unset)       0.028     0.028    core_inst_gen[3].u_engine_core/u_iv_top/u_bs_datapath/u_norm_d1/aclk
    SLICE_X165Y142       FDCE                                         r  core_inst_gen[3].u_engine_core/u_iv_top/u_bs_datapath/u_norm_d1/abs_x1a_reg[31]/C
  -------------------------------------------------------------------    -------------------
    SLICE_X165Y142       FDCE (Prop_AFF_SLICEL_C_Q)
                                                      0.079     0.107 f  core_inst_gen[3].u_engine_core/u_iv_top/u_bs_datapath/u_norm_d1/abs_x1a_reg[31]/Q
                         net (fo=33, routed)          0.813     0.920    core_inst_gen[3].u_engine_core/u_iv_top/u_bs_datapath/u_norm_d1/x2_half11/B[15]
    DSP48E2_X20Y44       DSP_A_B_DATA (Prop_DSP_A_B_DATA_DSP48E2_B[15]_B2_DATA[15])
                                                      0.151     1.071 r  core_inst_gen[3].u_engine_core/u_iv_top/u_bs_datapath/u_norm_d1/x2_half11/DSP_A_B_DATA_INST/B2_DATA[15]
                         net (fo=1, routed)           0.000     1.071    core_inst_gen[3].u_engine_core/u_iv_top/u_bs_datapath/u_norm_d1/x2_half11/DSP_A_B_DATA.B2_DATA<15>
    DSP48E2_X20Y44       DSP_PREADD_DATA (Prop_DSP_PREADD_DATA_DSP48E2_B2_DATA[15]_B2B1[15])
                                                      0.073     1.144 r  core_inst_gen[3].u_engine_core/u_iv_top/u_bs_datapath/u_norm_d1/x2_half11/DSP_PREADD_DATA_INST/B2B1[15]
                         net (fo=1, routed)           0.000     1.144    core_inst_gen[3].u_engine_core/u_iv_top/u_bs_datapath/u_norm_d1/x2_half11/DSP_PREADD_DATA.B2B1<15>
    DSP48E2_X20Y44       DSP_MULTIPLIER (Prop_DSP_MULTIPLIER_DSP48E2_B2B1[15]_V[43])
                                                      0.609     1.753 f  core_inst_gen[3].u_engine_core/u_iv_top/u_bs_datapath/u_norm_d1/x2_half11/DSP_MULTIPLIER_INST/V[43]
                         net (fo=1, routed)           0.000     1.753    core_inst_gen[3].u_engine_core/u_iv_top/u_bs_datapath/u_norm_d1/x2_half11/DSP_MULTIPLIER.V<43>
    DSP48E2_X20Y44       DSP_M_DATA (Prop_DSP_M_DATA_DSP48E2_V[43]_V_DATA[43])
                                                      0.046     1.799 r  core_inst_gen[3].u_engine_core/u_iv_top/u_bs_datapath/u_norm_d1/x2_half11/DSP_M_DATA_INST/V_DATA[43]
                         net (fo=1, routed)           0.000     1.799    core_inst_gen[3].u_engine_core/u_iv_top/u_bs_datapath/u_norm_d1/x2_half11/DSP_M_DATA.V_DATA<43>
    DSP48E2_X20Y44       DSP_ALU (Prop_DSP_ALU_DSP48E2_V_DATA[43]_ALU_OUT[47])
                                                      0.571     2.370 f  core_inst_gen[3].u_engine_core/u_iv_top/u_bs_datapath/u_norm_d1/x2_half11/DSP_ALU_INST/ALU_OUT[47]
                         net (fo=1, routed)           0.000     2.370    core_inst_gen[3].u_engine_core/u_iv_top/u_bs_datapath/u_norm_d1/x2_half11/DSP_ALU.ALU_OUT<47>
    DSP48E2_X20Y44       DSP_OUTPUT (Prop_DSP_OUTPUT_DSP48E2_ALU_OUT[47]_PCOUT[47])
                                                      0.122     2.492 r  core_inst_gen[3].u_engine_core/u_iv_top/u_bs_datapath/u_norm_d1/x2_half11/DSP_OUTPUT_INST/PCOUT[47]
                         net (fo=1, routed)           0.014     2.506    core_inst_gen[3].u_engine_core/u_iv_top/u_bs_datapath/u_norm_d1/x2_half11__0/PCIN[47]
    DSP48E2_X20Y45       DSP_ALU (Prop_DSP_ALU_DSP48E2_PCIN[47]_ALU_OUT[3])
                                                      0.546     3.052 f  core_inst_gen[3].u_engine_core/u_iv_top/u_bs_datapath/u_norm_d1/x2_half11__0/DSP_ALU_INST/ALU_OUT[3]
                         net (fo=1, routed)           0.000     3.052    core_inst_gen[3].u_engine_core/u_iv_top/u_bs_datapath/u_norm_d1/x2_half11__0/DSP_ALU.ALU_OUT<3>
    DSP48E2_X20Y45       DSP_OUTPUT (Prop_DSP_OUTPUT_DSP48E2_ALU_OUT[3]_P[3])
                                                      0.109     3.161 r  core_inst_gen[3].u_engine_core/u_iv_top/u_bs_datapath/u_norm_d1/x2_half11__0/DSP_OUTPUT_INST/P[3]
                         net (fo=1, routed)           0.264     3.425    core_inst_gen[3].u_engine_core/u_iv_top/u_bs_datapath/u_norm_d1/x2_half11__0_n_102
    SLICE_X149Y123       LUT2 (Prop_F6LUT_SLICEM_I1_O)
                                                      0.123     3.548 r  core_inst_gen[3].u_engine_core/u_iv_top/u_bs_datapath/u_norm_d1/x2_half1[14]_i_4__5/O
                         net (fo=1, routed)           0.022     3.570    core_inst_gen[3].u_engine_core/u_iv_top/u_bs_datapath/u_norm_d1/x2_half1[14]_i_4__5_n_0
    SLICE_X149Y123       CARRY8 (Prop_CARRY8_SLICEM_S[5]_CO[7])
                                                      0.159     3.729 r  core_inst_gen[3].u_engine_core/u_iv_top/u_bs_datapath/u_norm_d1/x2_half1_reg[14]_i_1__5/CO[7]
                         net (fo=1, routed)           0.026     3.755    core_inst_gen[3].u_engine_core/u_iv_top/u_bs_datapath/u_norm_d1/x2_half1_reg[14]_i_1__5_n_0
    SLICE_X149Y124       CARRY8 (Prop_CARRY8_SLICEM_CI_CO[7])
                                                      0.015     3.770 r  core_inst_gen[3].u_engine_core/u_iv_top/u_bs_datapath/u_norm_d1/x2_half1_reg[22]_i_1__5/CO[7]
                         net (fo=1, routed)           0.026     3.796    core_inst_gen[3].u_engine_core/u_iv_top/u_bs_datapath/u_norm_d1/x2_half1_reg[22]_i_1__5_n_0
    SLICE_X149Y125       CARRY8 (Prop_CARRY8_SLICEM_CI_O[7])
                                                      0.116     3.912 r  core_inst_gen[3].u_engine_core/u_iv_top/u_bs_datapath/u_norm_d1/x2_half1_reg[30]_i_1__5/O[7]
                         net (fo=1, routed)           0.026     3.938    core_inst_gen[3].u_engine_core/u_iv_top/u_bs_datapath/u_norm_d1/x2_half1_reg[30]_i_1__5_n_8
    SLICE_X149Y125       FDCE                                         r  core_inst_gen[3].u_engine_core/u_iv_top/u_bs_datapath/u_norm_d1/x2_half1_reg[30]/D
  -------------------------------------------------------------------    -------------------

                         (clock aclk rise edge)       4.000     4.000 r  
                                                      0.000     4.000 r  aclk (IN)
                         net (fo=139844, unset)       0.021     4.021    core_inst_gen[3].u_engine_core/u_iv_top/u_bs_datapath/u_norm_d1/aclk
    SLICE_X149Y125       FDCE                                         r  core_inst_gen[3].u_engine_core/u_iv_top/u_bs_datapath/u_norm_d1/x2_half1_reg[30]/C
                         clock pessimism              0.000     4.021    
                         clock uncertainty           -0.035     3.986    
    SLICE_X149Y125       FDCE (Setup_HFF_SLICEM_C_D)
                                                      0.025     4.011    core_inst_gen[3].u_engine_core/u_iv_top/u_bs_datapath/u_norm_d1/x2_half1_reg[30]
  -------------------------------------------------------------------
                         required time                          4.011    
                         arrival time                          -3.938    
  -------------------------------------------------------------------
                         slack                                  0.073    

Slack (MET) :             0.074ns  (required time - arrival time)
  Source:                 core_inst_gen[3].u_engine_core/u_iv_top/u_bs_datapath/u_norm_d1/abs_x1a_reg[31]/C
                            (rising edge-triggered cell FDCE clocked by aclk  {rise@0.000ns fall@2.000ns period=4.000ns})
  Destination:            core_inst_gen[3].u_engine_core/u_iv_top/u_bs_datapath/u_norm_d1/x2_half1_reg[28]/D
                            (rising edge-triggered cell FDCE clocked by aclk  {rise@0.000ns fall@2.000ns period=4.000ns})
  Path Group:             aclk
  Path Type:              Setup (Max at Slow Process Corner)
  Requirement:            4.000ns  (aclk rise@4.000ns - aclk rise@0.000ns)
  Data Path Delay:        3.909ns  (logic 2.719ns (69.563%)  route 1.190ns (30.437%))
  Logic Levels:           12  (CARRY8=3 DSP_A_B_DATA=1 DSP_ALU=2 DSP_M_DATA=1 DSP_MULTIPLIER=1 DSP_OUTPUT=2 DSP_PREADD_DATA=1 LUT2=1)
  Clock Path Skew:        -0.007ns (DCD - SCD + CPR)
    Destination Clock Delay (DCD):    0.021ns = ( 4.021 - 4.000 ) 
    Source Clock Delay      (SCD):    0.028ns
    Clock Pessimism Removal (CPR):    0.000ns
  Clock Uncertainty:      0.035ns  ((TSJ^2 + TIJ^2)^1/2 + DJ) / 2 + PE
    Total System Jitter     (TSJ):    0.071ns
    Total Input Jitter      (TIJ):    0.000ns
    Discrete Jitter          (DJ):    0.000ns
    Phase Error              (PE):    0.000ns

    Location             Delay type                Incr(ns)  Path(ns)    Netlist Resource(s)
  -------------------------------------------------------------------    -------------------
                         (clock aclk rise edge)       0.000     0.000 r  
                                                      0.000     0.000 r  aclk (IN)
                         net (fo=139844, unset)       0.028     0.028    core_inst_gen[3].u_engine_core/u_iv_top/u_bs_datapath/u_norm_d1/aclk
    SLICE_X165Y142       FDCE                                         r  core_inst_gen[3].u_engine_core/u_iv_top/u_bs_datapath/u_norm_d1/abs_x1a_reg[31]/C
  -------------------------------------------------------------------    -------------------
    SLICE_X165Y142       FDCE (Prop_AFF_SLICEL_C_Q)
                                                      0.079     0.107 f  core_inst_gen[3].u_engine_core/u_iv_top/u_bs_datapath/u_norm_d1/abs_x1a_reg[31]/Q
                         net (fo=33, routed)          0.813     0.920    core_inst_gen[3].u_engine_core/u_iv_top/u_bs_datapath/u_norm_d1/x2_half11/B[15]
    DSP48E2_X20Y44       DSP_A_B_DATA (Prop_DSP_A_B_DATA_DSP48E2_B[15]_B2_DATA[15])
                                                      0.151     1.071 r  core_inst_gen[3].u_engine_core/u_iv_top/u_bs_datapath/u_norm_d1/x2_half11/DSP_A_B_DATA_INST/B2_DATA[15]
                         net (fo=1, routed)           0.000     1.071    core_inst_gen[3].u_engine_core/u_iv_top/u_bs_datapath/u_norm_d1/x2_half11/DSP_A_B_DATA.B2_DATA<15>
    DSP48E2_X20Y44       DSP_PREADD_DATA (Prop_DSP_PREADD_DATA_DSP48E2_B2_DATA[15]_B2B1[15])
                                                      0.073     1.144 r  core_inst_gen[3].u_engine_core/u_iv_top/u_bs_datapath/u_norm_d1/x2_half11/DSP_PREADD_DATA_INST/B2B1[15]
                         net (fo=1, routed)           0.000     1.144    core_inst_gen[3].u_engine_core/u_iv_top/u_bs_datapath/u_norm_d1/x2_half11/DSP_PREADD_DATA.B2B1<15>
    DSP48E2_X20Y44       DSP_MULTIPLIER (Prop_DSP_MULTIPLIER_DSP48E2_B2B1[15]_V[43])
                                                      0.609     1.753 f  core_inst_gen[3].u_engine_core/u_iv_top/u_bs_datapath/u_norm_d1/x2_half11/DSP_MULTIPLIER_INST/V[43]
                         net (fo=1, routed)           0.000     1.753    core_inst_gen[3].u_engine_core/u_iv_top/u_bs_datapath/u_norm_d1/x2_half11/DSP_MULTIPLIER.V<43>
    DSP48E2_X20Y44       DSP_M_DATA (Prop_DSP_M_DATA_DSP48E2_V[43]_V_DATA[43])
                                                      0.046     1.799 r  core_inst_gen[3].u_engine_core/u_iv_top/u_bs_datapath/u_norm_d1/x2_half11/DSP_M_DATA_INST/V_DATA[43]
                         net (fo=1, routed)           0.000     1.799    core_inst_gen[3].u_engine_core/u_iv_top/u_bs_datapath/u_norm_d1/x2_half11/DSP_M_DATA.V_DATA<43>
    DSP48E2_X20Y44       DSP_ALU (Prop_DSP_ALU_DSP48E2_V_DATA[43]_ALU_OUT[47])
                                                      0.571     2.370 f  core_inst_gen[3].u_engine_core/u_iv_top/u_bs_datapath/u_norm_d1/x2_half11/DSP_ALU_INST/ALU_OUT[47]
                         net (fo=1, routed)           0.000     2.370    core_inst_gen[3].u_engine_core/u_iv_top/u_bs_datapath/u_norm_d1/x2_half11/DSP_ALU.ALU_OUT<47>
    DSP48E2_X20Y44       DSP_OUTPUT (Prop_DSP_OUTPUT_DSP48E2_ALU_OUT[47]_PCOUT[47])
                                                      0.122     2.492 r  core_inst_gen[3].u_engine_core/u_iv_top/u_bs_datapath/u_norm_d1/x2_half11/DSP_OUTPUT_INST/PCOUT[47]
                         net (fo=1, routed)           0.014     2.506    core_inst_gen[3].u_engine_core/u_iv_top/u_bs_datapath/u_norm_d1/x2_half11__0/PCIN[47]
    DSP48E2_X20Y45       DSP_ALU (Prop_DSP_ALU_DSP48E2_PCIN[47]_ALU_OUT[3])
                                                      0.546     3.052 f  core_inst_gen[3].u_engine_core/u_iv_top/u_bs_datapath/u_norm_d1/x2_half11__0/DSP_ALU_INST/ALU_OUT[3]
                         net (fo=1, routed)           0.000     3.052    core_inst_gen[3].u_engine_core/u_iv_top/u_bs_datapath/u_norm_d1/x2_half11__0/DSP_ALU.ALU_OUT<3>
    DSP48E2_X20Y45       DSP_OUTPUT (Prop_DSP_OUTPUT_DSP48E2_ALU_OUT[3]_P[3])
                                                      0.109     3.161 r  core_inst_gen[3].u_engine_core/u_iv_top/u_bs_datapath/u_norm_d1/x2_half11__0/DSP_OUTPUT_INST/P[3]
                         net (fo=1, routed)           0.264     3.425    core_inst_gen[3].u_engine_core/u_iv_top/u_bs_datapath/u_norm_d1/x2_half11__0_n_102
    SLICE_X149Y123       LUT2 (Prop_F6LUT_SLICEM_I1_O)
                                                      0.123     3.548 r  core_inst_gen[3].u_engine_core/u_iv_top/u_bs_datapath/u_norm_d1/x2_half1[14]_i_4__5/O
                         net (fo=1, routed)           0.022     3.570    core_inst_gen[3].u_engine_core/u_iv_top/u_bs_datapath/u_norm_d1/x2_half1[14]_i_4__5_n_0
    SLICE_X149Y123       CARRY8 (Prop_CARRY8_SLICEM_S[5]_CO[7])
                                                      0.159     3.729 r  core_inst_gen[3].u_engine_core/u_iv_top/u_bs_datapath/u_norm_d1/x2_half1_reg[14]_i_1__5/CO[7]
                         net (fo=1, routed)           0.026     3.755    core_inst_gen[3].u_engine_core/u_iv_top/u_bs_datapath/u_norm_d1/x2_half1_reg[14]_i_1__5_n_0
    SLICE_X149Y124       CARRY8 (Prop_CARRY8_SLICEM_CI_CO[7])
                                                      0.015     3.770 r  core_inst_gen[3].u_engine_core/u_iv_top/u_bs_datapath/u_norm_d1/x2_half1_reg[22]_i_1__5/CO[7]
                         net (fo=1, routed)           0.026     3.796    core_inst_gen[3].u_engine_core/u_iv_top/u_bs_datapath/u_norm_d1/x2_half1_reg[22]_i_1__5_n_0
    SLICE_X149Y125       CARRY8 (Prop_CARRY8_SLICEM_CI_O[5])
                                                      0.116     3.912 r  core_inst_gen[3].u_engine_core/u_iv_top/u_bs_datapath/u_norm_d1/x2_half1_reg[30]_i_1__5/O[5]
                         net (fo=1, routed)           0.025     3.937    core_inst_gen[3].u_engine_core/u_iv_top/u_bs_datapath/u_norm_d1/x2_half1_reg[30]_i_1__5_n_10
    SLICE_X149Y125       FDCE                                         r  core_inst_gen[3].u_engine_core/u_iv_top/u_bs_datapath/u_norm_d1/x2_half1_reg[28]/D
  -------------------------------------------------------------------    -------------------

                         (clock aclk rise edge)       4.000     4.000 r  
                                                      0.000     4.000 r  aclk (IN)
                         net (fo=139844, unset)       0.021     4.021    core_inst_gen[3].u_engine_core/u_iv_top/u_bs_datapath/u_norm_d1/aclk
    SLICE_X149Y125       FDCE                                         r  core_inst_gen[3].u_engine_core/u_iv_top/u_bs_datapath/u_norm_d1/x2_half1_reg[28]/C
                         clock pessimism              0.000     4.021    
                         clock uncertainty           -0.035     3.986    
    SLICE_X149Y125       FDCE (Setup_FFF_SLICEM_C_D)
                                                      0.025     4.011    core_inst_gen[3].u_engine_core/u_iv_top/u_bs_datapath/u_norm_d1/x2_half1_reg[28]
  -------------------------------------------------------------------
                         required time                          4.011    
                         arrival time                          -3.937    
  -------------------------------------------------------------------
                         slack                                  0.074    

Slack (MET) :             0.086ns  (required time - arrival time)
  Source:                 core_inst_gen[2].u_engine_core/u_iv_top/u_bs_datapath/u_norm_d2/x2_half1_reg[5]/C
                            (rising edge-triggered cell FDCE clocked by aclk  {rise@0.000ns fall@2.000ns period=4.000ns})
  Destination:            core_inst_gen[2].u_engine_core/u_iv_top/u_bs_datapath/u_norm_d2/u2_2a_reg[31]/D
                            (rising edge-triggered cell FDCE clocked by aclk  {rise@0.000ns fall@2.000ns period=4.000ns})
  Path Group:             aclk
  Path Type:              Setup (Max at Slow Process Corner)
  Requirement:            4.000ns  (aclk rise@4.000ns - aclk rise@0.000ns)
  Data Path Delay:        3.895ns  (logic 2.674ns (68.657%)  route 1.221ns (31.343%))
  Logic Levels:           14  (CARRY8=5 DSP_A_B_DATA=1 DSP_ALU=2 DSP_M_DATA=1 DSP_MULTIPLIER=1 DSP_OUTPUT=2 DSP_PREADD_DATA=1 LUT2=1)
  Clock Path Skew:        -0.009ns (DCD - SCD + CPR)
    Destination Clock Delay (DCD):    0.021ns = ( 4.021 - 4.000 ) 
    Source Clock Delay      (SCD):    0.030ns
    Clock Pessimism Removal (CPR):    0.000ns
  Clock Uncertainty:      0.035ns  ((TSJ^2 + TIJ^2)^1/2 + DJ) / 2 + PE
    Total System Jitter     (TSJ):    0.071ns
    Total Input Jitter      (TIJ):    0.000ns
    Discrete Jitter          (DJ):    0.000ns
    Phase Error              (PE):    0.000ns

    Location             Delay type                Incr(ns)  Path(ns)    Netlist Resource(s)
  -------------------------------------------------------------------    -------------------
                         (clock aclk rise edge)       0.000     0.000 r  
                                                      0.000     0.000 r  aclk (IN)
                         net (fo=139844, unset)       0.030     0.030    core_inst_gen[2].u_engine_core/u_iv_top/u_bs_datapath/u_norm_d2/aclk
    SLICE_X41Y128        FDCE                                         r  core_inst_gen[2].u_engine_core/u_iv_top/u_bs_datapath/u_norm_d2/x2_half1_reg[5]/C
  -------------------------------------------------------------------    -------------------
    SLICE_X41Y128        FDCE (Prop_GFF_SLICEM_C_Q)
                                                      0.078     0.108 f  core_inst_gen[2].u_engine_core/u_iv_top/u_bs_datapath/u_norm_d2/x2_half1_reg[5]/Q
                         net (fo=5, routed)           0.697     0.805    core_inst_gen[2].u_engine_core/u_iv_top/u_bs_datapath/u_norm_d2/u2_2a1__1/B[5]
    DSP48E2_X4Y52        DSP_A_B_DATA (Prop_DSP_A_B_DATA_DSP48E2_B[5]_B2_DATA[5])
                                                      0.151     0.956 r  core_inst_gen[2].u_engine_core/u_iv_top/u_bs_datapath/u_norm_d2/u2_2a1__1/DSP_A_B_DATA_INST/B2_DATA[5]
                         net (fo=1, routed)           0.000     0.956    core_inst_gen[2].u_engine_core/u_iv_top/u_bs_datapath/u_norm_d2/u2_2a1__1/DSP_A_B_DATA.B2_DATA<5>
    DSP48E2_X4Y52        DSP_PREADD_DATA (Prop_DSP_PREADD_DATA_DSP48E2_B2_DATA[5]_B2B1[5])
                                                      0.073     1.029 r  core_inst_gen[2].u_engine_core/u_iv_top/u_bs_datapath/u_norm_d2/u2_2a1__1/DSP_PREADD_DATA_INST/B2B1[5]
                         net (fo=1, routed)           0.000     1.029    core_inst_gen[2].u_engine_core/u_iv_top/u_bs_datapath/u_norm_d2/u2_2a1__1/DSP_PREADD_DATA.B2B1<5>
    DSP48E2_X4Y52        DSP_MULTIPLIER (Prop_DSP_MULTIPLIER_DSP48E2_B2B1[5]_V[35])
                                                      0.609     1.638 f  core_inst_gen[2].u_engine_core/u_iv_top/u_bs_datapath/u_norm_d2/u2_2a1__1/DSP_MULTIPLIER_INST/V[35]
                         net (fo=1, routed)           0.000     1.638    core_inst_gen[2].u_engine_core/u_iv_top/u_bs_datapath/u_norm_d2/u2_2a1__1/DSP_MULTIPLIER.V<35>
    DSP48E2_X4Y52        DSP_M_DATA (Prop_DSP_M_DATA_DSP48E2_V[35]_V_DATA[35])
                                                      0.046     1.684 r  core_inst_gen[2].u_engine_core/u_iv_top/u_bs_datapath/u_norm_d2/u2_2a1__1/DSP_M_DATA_INST/V_DATA[35]
                         net (fo=1, routed)           0.000     1.684    core_inst_gen[2].u_engine_core/u_iv_top/u_bs_datapath/u_norm_d2/u2_2a1__1/DSP_M_DATA.V_DATA<35>
    DSP48E2_X4Y52        DSP_ALU (Prop_DSP_ALU_DSP48E2_V_DATA[35]_ALU_OUT[47])
                                                      0.571     2.255 f  core_inst_gen[2].u_engine_core/u_iv_top/u_bs_datapath/u_norm_d2/u2_2a1__1/DSP_ALU_INST/ALU_OUT[47]
                         net (fo=1, routed)           0.000     2.255    core_inst_gen[2].u_engine_core/u_iv_top/u_bs_datapath/u_norm_d2/u2_2a1__1/DSP_ALU.ALU_OUT<47>
    DSP48E2_X4Y52        DSP_OUTPUT (Prop_DSP_OUTPUT_DSP48E2_ALU_OUT[47]_PCOUT[47])
                                                      0.122     2.377 r  core_inst_gen[2].u_engine_core/u_iv_top/u_bs_datapath/u_norm_d2/u2_2a1__1/DSP_OUTPUT_INST/PCOUT[47]
                         net (fo=1, routed)           0.014     2.391    core_inst_gen[2].u_engine_core/u_iv_top/u_bs_datapath/u_norm_d2/u2_2a1__2/PCIN[47]
    DSP48E2_X4Y53        DSP_ALU (Prop_DSP_ALU_DSP48E2_PCIN[47]_ALU_OUT[3])
                                                      0.546     2.937 f  core_inst_gen[2].u_engine_core/u_iv_top/u_bs_datapath/u_norm_d2/u2_2a1__2/DSP_ALU_INST/ALU_OUT[3]
                         net (fo=1, routed)           0.000     2.937    core_inst_gen[2].u_engine_core/u_iv_top/u_bs_datapath/u_norm_d2/u2_2a1__2/DSP_ALU.ALU_OUT<3>
    DSP48E2_X4Y53        DSP_OUTPUT (Prop_DSP_OUTPUT_DSP48E2_ALU_OUT[3]_P[3])
                                                      0.109     3.046 r  core_inst_gen[2].u_engine_core/u_iv_top/u_bs_datapath/u_norm_d2/u2_2a1__2/DSP_OUTPUT_INST/P[3]
                         net (fo=2, routed)           0.366     3.412    core_inst_gen[2].u_engine_core/u_iv_top/u_bs_datapath/u_norm_d2/u2_2a1__2_n_102
    SLICE_X35Y142        LUT2 (Prop_E6LUT_SLICEM_I0_O)
                                                      0.052     3.464 r  core_inst_gen[2].u_engine_core/u_iv_top/u_bs_datapath/u_norm_d2/u2_2a[7]_i_14__4/O
                         net (fo=1, routed)           0.014     3.478    core_inst_gen[2].u_engine_core/u_iv_top/u_bs_datapath/u_norm_d2/u2_2a[7]_i_14__4_n_0
    SLICE_X35Y142        CARRY8 (Prop_CARRY8_SLICEM_S[4]_CO[7])
                                                      0.156     3.634 r  core_inst_gen[2].u_engine_core/u_iv_top/u_bs_datapath/u_norm_d2/u2_2a_reg[7]_i_2__4/CO[7]
                         net (fo=1, routed)           0.026     3.660    core_inst_gen[2].u_engine_core/u_iv_top/u_bs_datapath/u_norm_d2/u2_2a_reg[7]_i_2__4_n_0
    SLICE_X35Y143        CARRY8 (Prop_CARRY8_SLICEM_CI_CO[7])
                                                      0.015     3.675 r  core_inst_gen[2].u_engine_core/u_iv_top/u_bs_datapath/u_norm_d2/u2_2a_reg[7]_i_1__4/CO[7]
                         net (fo=1, routed)           0.026     3.701    core_inst_gen[2].u_engine_core/u_iv_top/u_bs_datapath/u_norm_d2/u2_2a_reg[7]_i_1__4_n_0
    SLICE_X35Y144        CARRY8 (Prop_CARRY8_SLICEM_CI_CO[7])
                                                      0.015     3.716 r  core_inst_gen[2].u_engine_core/u_iv_top/u_bs_datapath/u_norm_d2/u2_2a_reg[15]_i_1__4/CO[7]
                         net (fo=1, routed)           0.026     3.742    core_inst_gen[2].u_engine_core/u_iv_top/u_bs_datapath/u_norm_d2/u2_2a_reg[15]_i_1__4_n_0
    SLICE_X35Y145        CARRY8 (Prop_CARRY8_SLICEM_CI_CO[7])
                                                      0.015     3.757 r  core_inst_gen[2].u_engine_core/u_iv_top/u_bs_datapath/u_norm_d2/u2_2a_reg[23]_i_1__4/CO[7]
                         net (fo=1, routed)           0.026     3.783    core_inst_gen[2].u_engine_core/u_iv_top/u_bs_datapath/u_norm_d2/u2_2a_reg[23]_i_1__4_n_0
    SLICE_X35Y146        CARRY8 (Prop_CARRY8_SLICEM_CI_O[7])
                                                      0.116     3.899 r  core_inst_gen[2].u_engine_core/u_iv_top/u_bs_datapath/u_norm_d2/u2_2a_reg[31]_i_1__4/O[7]
                         net (fo=1, routed)           0.026     3.925    core_inst_gen[2].u_engine_core/u_iv_top/u_bs_datapath/u_norm_d2/u2_2a_reg[31]_i_1__4_n_8
    SLICE_X35Y146        FDCE                                         r  core_inst_gen[2].u_engine_core/u_iv_top/u_bs_datapath/u_norm_d2/u2_2a_reg[31]/D
  -------------------------------------------------------------------    -------------------

                         (clock aclk rise edge)       4.000     4.000 r  
                                                      0.000     4.000 r  aclk (IN)
                         net (fo=139844, unset)       0.021     4.021    core_inst_gen[2].u_engine_core/u_iv_top/u_bs_datapath/u_norm_d2/aclk
    SLICE_X35Y146        FDCE                                         r  core_inst_gen[2].u_engine_core/u_iv_top/u_bs_datapath/u_norm_d2/u2_2a_reg[31]/C
                         clock pessimism              0.000     4.021    
                         clock uncertainty           -0.035     3.986    
    SLICE_X35Y146        FDCE (Setup_HFF_SLICEM_C_D)
                                                      0.025     4.011    core_inst_gen[2].u_engine_core/u_iv_top/u_bs_datapath/u_norm_d2/u2_2a_reg[31]
  -------------------------------------------------------------------
                         required time                          4.011    
                         arrival time                          -3.925    
  -------------------------------------------------------------------
                         slack                                  0.086    

Slack (MET) :             0.086ns  (required time - arrival time)
  Source:                 core_inst_gen[3].u_engine_core/u_iv_top/u_bs_datapath/u_norm_d1/abs_x1a_reg[31]/C
                            (rising edge-triggered cell FDCE clocked by aclk  {rise@0.000ns fall@2.000ns period=4.000ns})
  Destination:            core_inst_gen[3].u_engine_core/u_iv_top/u_bs_datapath/u_norm_d1/x2_half1_reg[29]/D
                            (rising edge-triggered cell FDCE clocked by aclk  {rise@0.000ns fall@2.000ns period=4.000ns})
  Path Group:             aclk
  Path Type:              Setup (Max at Slow Process Corner)
  Requirement:            4.000ns  (aclk rise@4.000ns - aclk rise@0.000ns)
  Data Path Delay:        3.897ns  (logic 2.706ns (69.444%)  route 1.191ns (30.556%))
  Logic Levels:           12  (CARRY8=3 DSP_A_B_DATA=1 DSP_ALU=2 DSP_M_DATA=1 DSP_MULTIPLIER=1 DSP_OUTPUT=2 DSP_PREADD_DATA=1 LUT2=1)
  Clock Path Skew:        -0.007ns (DCD - SCD + CPR)
    Destination Clock Delay (DCD):    0.021ns = ( 4.021 - 4.000 ) 
    Source Clock Delay      (SCD):    0.028ns
    Clock Pessimism Removal (CPR):    0.000ns
  Clock Uncertainty:      0.035ns  ((TSJ^2 + TIJ^2)^1/2 + DJ) / 2 + PE
    Total System Jitter     (TSJ):    0.071ns
    Total Input Jitter      (TIJ):    0.000ns
    Discrete Jitter          (DJ):    0.000ns
    Phase Error              (PE):    0.000ns

    Location             Delay type                Incr(ns)  Path(ns)    Netlist Resource(s)
  -------------------------------------------------------------------    -------------------
                         (clock aclk rise edge)       0.000     0.000 r  
                                                      0.000     0.000 r  aclk (IN)
                         net (fo=139844, unset)       0.028     0.028    core_inst_gen[3].u_engine_core/u_iv_top/u_bs_datapath/u_norm_d1/aclk
    SLICE_X165Y142       FDCE                                         r  core_inst_gen[3].u_engine_core/u_iv_top/u_bs_datapath/u_norm_d1/abs_x1a_reg[31]/C
  -------------------------------------------------------------------    -------------------
    SLICE_X165Y142       FDCE (Prop_AFF_SLICEL_C_Q)
                                                      0.079     0.107 f  core_inst_gen[3].u_engine_core/u_iv_top/u_bs_datapath/u_norm_d1/abs_x1a_reg[31]/Q
                         net (fo=33, routed)          0.813     0.920    core_inst_gen[3].u_engine_core/u_iv_top/u_bs_datapath/u_norm_d1/x2_half11/B[15]
    DSP48E2_X20Y44       DSP_A_B_DATA (Prop_DSP_A_B_DATA_DSP48E2_B[15]_B2_DATA[15])
                                                      0.151     1.071 r  core_inst_gen[3].u_engine_core/u_iv_top/u_bs_datapath/u_norm_d1/x2_half11/DSP_A_B_DATA_INST/B2_DATA[15]
                         net (fo=1, routed)           0.000     1.071    core_inst_gen[3].u_engine_core/u_iv_top/u_bs_datapath/u_norm_d1/x2_half11/DSP_A_B_DATA.B2_DATA<15>
    DSP48E2_X20Y44       DSP_PREADD_DATA (Prop_DSP_PREADD_DATA_DSP48E2_B2_DATA[15]_B2B1[15])
                                                      0.073     1.144 r  core_inst_gen[3].u_engine_core/u_iv_top/u_bs_datapath/u_norm_d1/x2_half11/DSP_PREADD_DATA_INST/B2B1[15]
                         net (fo=1, routed)           0.000     1.144    core_inst_gen[3].u_engine_core/u_iv_top/u_bs_datapath/u_norm_d1/x2_half11/DSP_PREADD_DATA.B2B1<15>
    DSP48E2_X20Y44       DSP_MULTIPLIER (Prop_DSP_MULTIPLIER_DSP48E2_B2B1[15]_V[43])
                                                      0.609     1.753 f  core_inst_gen[3].u_engine_core/u_iv_top/u_bs_datapath/u_norm_d1/x2_half11/DSP_MULTIPLIER_INST/V[43]
                         net (fo=1, routed)           0.000     1.753    core_inst_gen[3].u_engine_core/u_iv_top/u_bs_datapath/u_norm_d1/x2_half11/DSP_MULTIPLIER.V<43>
    DSP48E2_X20Y44       DSP_M_DATA (Prop_DSP_M_DATA_DSP48E2_V[43]_V_DATA[43])
                                                      0.046     1.799 r  core_inst_gen[3].u_engine_core/u_iv_top/u_bs_datapath/u_norm_d1/x2_half11/DSP_M_DATA_INST/V_DATA[43]
                         net (fo=1, routed)           0.000     1.799    core_inst_gen[3].u_engine_core/u_iv_top/u_bs_datapath/u_norm_d1/x2_half11/DSP_M_DATA.V_DATA<43>
    DSP48E2_X20Y44       DSP_ALU (Prop_DSP_ALU_DSP48E2_V_DATA[43]_ALU_OUT[47])
                                                      0.571     2.370 f  core_inst_gen[3].u_engine_core/u_iv_top/u_bs_datapath/u_norm_d1/x2_half11/DSP_ALU_INST/ALU_OUT[47]
                         net (fo=1, routed)           0.000     2.370    core_inst_gen[3].u_engine_core/u_iv_top/u_bs_datapath/u_norm_d1/x2_half11/DSP_ALU.ALU_OUT<47>
    DSP48E2_X20Y44       DSP_OUTPUT (Prop_DSP_OUTPUT_DSP48E2_ALU_OUT[47]_PCOUT[47])
                                                      0.122     2.492 r  core_inst_gen[3].u_engine_core/u_iv_top/u_bs_datapath/u_norm_d1/x2_half11/DSP_OUTPUT_INST/PCOUT[47]
                         net (fo=1, routed)           0.014     2.506    core_inst_gen[3].u_engine_core/u_iv_top/u_bs_datapath/u_norm_d1/x2_half11__0/PCIN[47]
    DSP48E2_X20Y45       DSP_ALU (Prop_DSP_ALU_DSP48E2_PCIN[47]_ALU_OUT[3])
                                                      0.546     3.052 f  core_inst_gen[3].u_engine_core/u_iv_top/u_bs_datapath/u_norm_d1/x2_half11__0/DSP_ALU_INST/ALU_OUT[3]
                         net (fo=1, routed)           0.000     3.052    core_inst_gen[3].u_engine_core/u_iv_top/u_bs_datapath/u_norm_d1/x2_half11__0/DSP_ALU.ALU_OUT<3>
    DSP48E2_X20Y45       DSP_OUTPUT (Prop_DSP_OUTPUT_DSP48E2_ALU_OUT[3]_P[3])
                                                      0.109     3.161 r  core_inst_gen[3].u_engine_core/u_iv_top/u_bs_datapath/u_norm_d1/x2_half11__0/DSP_OUTPUT_INST/P[3]
                         net (fo=1, routed)           0.264     3.425    core_inst_gen[3].u_engine_core/u_iv_top/u_bs_datapath/u_norm_d1/x2_half11__0_n_102
    SLICE_X149Y123       LUT2 (Prop_F6LUT_SLICEM_I1_O)
                                                      0.123     3.548 r  core_inst_gen[3].u_engine_core/u_iv_top/u_bs_datapath/u_norm_d1/x2_half1[14]_i_4__5/O
                         net (fo=1, routed)           0.022     3.570    core_inst_gen[3].u_engine_core/u_iv_top/u_bs_datapath/u_norm_d1/x2_half1[14]_i_4__5_n_0
    SLICE_X149Y123       CARRY8 (Prop_CARRY8_SLICEM_S[5]_CO[7])
                                                      0.159     3.729 r  core_inst_gen[3].u_engine_core/u_iv_top/u_bs_datapath/u_norm_d1/x2_half1_reg[14]_i_1__5/CO[7]
                         net (fo=1, routed)           0.026     3.755    core_inst_gen[3].u_engine_core/u_iv_top/u_bs_datapath/u_norm_d1/x2_half1_reg[14]_i_1__5_n_0
    SLICE_X149Y124       CARRY8 (Prop_CARRY8_SLICEM_CI_CO[7])
                                                      0.015     3.770 r  core_inst_gen[3].u_engine_core/u_iv_top/u_bs_datapath/u_norm_d1/x2_half1_reg[22]_i_1__5/CO[7]
                         net (fo=1, routed)           0.026     3.796    core_inst_gen[3].u_engine_core/u_iv_top/u_bs_datapath/u_norm_d1/x2_half1_reg[22]_i_1__5_n_0
    SLICE_X149Y125       CARRY8 (Prop_CARRY8_SLICEM_CI_O[6])
                                                      0.103     3.899 r  core_inst_gen[3].u_engine_core/u_iv_top/u_bs_datapath/u_norm_d1/x2_half1_reg[30]_i_1__5/O[6]
                         net (fo=1, routed)           0.026     3.925    core_inst_gen[3].u_engine_core/u_iv_top/u_bs_datapath/u_norm_d1/x2_half1_reg[30]_i_1__5_n_9
    SLICE_X149Y125       FDCE                                         r  core_inst_gen[3].u_engine_core/u_iv_top/u_bs_datapath/u_norm_d1/x2_half1_reg[29]/D
  -------------------------------------------------------------------    -------------------

                         (clock aclk rise edge)       4.000     4.000 r  
                                                      0.000     4.000 r  aclk (IN)
                         net (fo=139844, unset)       0.021     4.021    core_inst_gen[3].u_engine_core/u_iv_top/u_bs_datapath/u_norm_d1/aclk
    SLICE_X149Y125       FDCE                                         r  core_inst_gen[3].u_engine_core/u_iv_top/u_bs_datapath/u_norm_d1/x2_half1_reg[29]/C
                         clock pessimism              0.000     4.021    
                         clock uncertainty           -0.035     3.986    
    SLICE_X149Y125       FDCE (Setup_GFF_SLICEM_C_D)
                                                      0.025     4.011    core_inst_gen[3].u_engine_core/u_iv_top/u_bs_datapath/u_norm_d1/x2_half1_reg[29]
  -------------------------------------------------------------------
                         required time                          4.011    
                         arrival time                          -3.925    
  -------------------------------------------------------------------
                         slack                                  0.086    

Slack (MET) :             0.087ns  (required time - arrival time)
  Source:                 core_inst_gen[2].u_engine_core/u_iv_top/u_bs_datapath/u_norm_d2/x2_half1_reg[5]/C
                            (rising edge-triggered cell FDCE clocked by aclk  {rise@0.000ns fall@2.000ns period=4.000ns})
  Destination:            core_inst_gen[2].u_engine_core/u_iv_top/u_bs_datapath/u_norm_d2/u2_2a_reg[29]/D
                            (rising edge-triggered cell FDCE clocked by aclk  {rise@0.000ns fall@2.000ns period=4.000ns})
  Path Group:             aclk
  Path Type:              Setup (Max at Slow Process Corner)
  Requirement:            4.000ns  (aclk rise@4.000ns - aclk rise@0.000ns)
  Data Path Delay:        3.894ns  (logic 2.674ns (68.674%)  route 1.220ns (31.326%))
  Logic Levels:           14  (CARRY8=5 DSP_A_B_DATA=1 DSP_ALU=2 DSP_M_DATA=1 DSP_MULTIPLIER=1 DSP_OUTPUT=2 DSP_PREADD_DATA=1 LUT2=1)
  Clock Path Skew:        -0.009ns (DCD - SCD + CPR)
    Destination Clock Delay (DCD):    0.021ns = ( 4.021 - 4.000 ) 
    Source Clock Delay      (SCD):    0.030ns
    Clock Pessimism Removal (CPR):    0.000ns
  Clock Uncertainty:      0.035ns  ((TSJ^2 + TIJ^2)^1/2 + DJ) / 2 + PE
    Total System Jitter     (TSJ):    0.071ns
    Total Input Jitter      (TIJ):    0.000ns
    Discrete Jitter          (DJ):    0.000ns
    Phase Error              (PE):    0.000ns

    Location             Delay type                Incr(ns)  Path(ns)    Netlist Resource(s)
  -------------------------------------------------------------------    -------------------
                         (clock aclk rise edge)       0.000     0.000 r  
                                                      0.000     0.000 r  aclk (IN)
                         net (fo=139844, unset)       0.030     0.030    core_inst_gen[2].u_engine_core/u_iv_top/u_bs_datapath/u_norm_d2/aclk
    SLICE_X41Y128        FDCE                                         r  core_inst_gen[2].u_engine_core/u_iv_top/u_bs_datapath/u_norm_d2/x2_half1_reg[5]/C
  -------------------------------------------------------------------    -------------------
    SLICE_X41Y128        FDCE (Prop_GFF_SLICEM_C_Q)
                                                      0.078     0.108 f  core_inst_gen[2].u_engine_core/u_iv_top/u_bs_datapath/u_norm_d2/x2_half1_reg[5]/Q
                         net (fo=5, routed)           0.697     0.805    core_inst_gen[2].u_engine_core/u_iv_top/u_bs_datapath/u_norm_d2/u2_2a1__1/B[5]
    DSP48E2_X4Y52        DSP_A_B_DATA (Prop_DSP_A_B_DATA_DSP48E2_B[5]_B2_DATA[5])
                                                      0.151     0.956 r  core_inst_gen[2].u_engine_core/u_iv_top/u_bs_datapath/u_norm_d2/u2_2a1__1/DSP_A_B_DATA_INST/B2_DATA[5]
                         net (fo=1, routed)           0.000     0.956    core_inst_gen[2].u_engine_core/u_iv_top/u_bs_datapath/u_norm_d2/u2_2a1__1/DSP_A_B_DATA.B2_DATA<5>
    DSP48E2_X4Y52        DSP_PREADD_DATA (Prop_DSP_PREADD_DATA_DSP48E2_B2_DATA[5]_B2B1[5])
                                                      0.073     1.029 r  core_inst_gen[2].u_engine_core/u_iv_top/u_bs_datapath/u_norm_d2/u2_2a1__1/DSP_PREADD_DATA_INST/B2B1[5]
                         net (fo=1, routed)           0.000     1.029    core_inst_gen[2].u_engine_core/u_iv_top/u_bs_datapath/u_norm_d2/u2_2a1__1/DSP_PREADD_DATA.B2B1<5>
    DSP48E2_X4Y52        DSP_MULTIPLIER (Prop_DSP_MULTIPLIER_DSP48E2_B2B1[5]_V[35])
                                                      0.609     1.638 f  core_inst_gen[2].u_engine_core/u_iv_top/u_bs_datapath/u_norm_d2/u2_2a1__1/DSP_MULTIPLIER_INST/V[35]
                         net (fo=1, routed)           0.000     1.638    core_inst_gen[2].u_engine_core/u_iv_top/u_bs_datapath/u_norm_d2/u2_2a1__1/DSP_MULTIPLIER.V<35>
    DSP48E2_X4Y52        DSP_M_DATA (Prop_DSP_M_DATA_DSP48E2_V[35]_V_DATA[35])
                                                      0.046     1.684 r  core_inst_gen[2].u_engine_core/u_iv_top/u_bs_datapath/u_norm_d2/u2_2a1__1/DSP_M_DATA_INST/V_DATA[35]
                         net (fo=1, routed)           0.000     1.684    core_inst_gen[2].u_engine_core/u_iv_top/u_bs_datapath/u_norm_d2/u2_2a1__1/DSP_M_DATA.V_DATA<35>
    DSP48E2_X4Y52        DSP_ALU (Prop_DSP_ALU_DSP48E2_V_DATA[35]_ALU_OUT[47])
                                                      0.571     2.255 f  core_inst_gen[2].u_engine_core/u_iv_top/u_bs_datapath/u_norm_d2/u2_2a1__1/DSP_ALU_INST/ALU_OUT[47]
                         net (fo=1, routed)           0.000     2.255    core_inst_gen[2].u_engine_core/u_iv_top/u_bs_datapath/u_norm_d2/u2_2a1__1/DSP_ALU.ALU_OUT<47>
    DSP48E2_X4Y52        DSP_OUTPUT (Prop_DSP_OUTPUT_DSP48E2_ALU_OUT[47]_PCOUT[47])
                                                      0.122     2.377 r  core_inst_gen[2].u_engine_core/u_iv_top/u_bs_datapath/u_norm_d2/u2_2a1__1/DSP_OUTPUT_INST/PCOUT[47]
                         net (fo=1, routed)           0.014     2.391    core_inst_gen[2].u_engine_core/u_iv_top/u_bs_datapath/u_norm_d2/u2_2a1__2/PCIN[47]
    DSP48E2_X4Y53        DSP_ALU (Prop_DSP_ALU_DSP48E2_PCIN[47]_ALU_OUT[3])
                                                      0.546     2.937 f  core_inst_gen[2].u_engine_core/u_iv_top/u_bs_datapath/u_norm_d2/u2_2a1__2/DSP_ALU_INST/ALU_OUT[3]
                         net (fo=1, routed)           0.000     2.937    core_inst_gen[2].u_engine_core/u_iv_top/u_bs_datapath/u_norm_d2/u2_2a1__2/DSP_ALU.ALU_OUT<3>
    DSP48E2_X4Y53        DSP_OUTPUT (Prop_DSP_OUTPUT_DSP48E2_ALU_OUT[3]_P[3])
                                                      0.109     3.046 r  core_inst_gen[2].u_engine_core/u_iv_top/u_bs_datapath/u_norm_d2/u2_2a1__2/DSP_OUTPUT_INST/P[3]
                         net (fo=2, routed)           0.366     3.412    core_inst_gen[2].u_engine_core/u_iv_top/u_bs_datapath/u_norm_d2/u2_2a1__2_n_102
    SLICE_X35Y142        LUT2 (Prop_E6LUT_SLICEM_I0_O)
                                                      0.052     3.464 r  core_inst_gen[2].u_engine_core/u_iv_top/u_bs_datapath/u_norm_d2/u2_2a[7]_i_14__4/O
                         net (fo=1, routed)           0.014     3.478    core_inst_gen[2].u_engine_core/u_iv_top/u_bs_datapath/u_norm_d2/u2_2a[7]_i_14__4_n_0
    SLICE_X35Y142        CARRY8 (Prop_CARRY8_SLICEM_S[4]_CO[7])
                                                      0.156     3.634 r  core_inst_gen[2].u_engine_core/u_iv_top/u_bs_datapath/u_norm_d2/u2_2a_reg[7]_i_2__4/CO[7]
                         net (fo=1, routed)           0.026     3.660    core_inst_gen[2].u_engine_core/u_iv_top/u_bs_datapath/u_norm_d2/u2_2a_reg[7]_i_2__4_n_0
    SLICE_X35Y143        CARRY8 (Prop_CARRY8_SLICEM_CI_CO[7])
                                                      0.015     3.675 r  core_inst_gen[2].u_engine_core/u_iv_top/u_bs_datapath/u_norm_d2/u2_2a_reg[7]_i_1__4/CO[7]
                         net (fo=1, routed)           0.026     3.701    core_inst_gen[2].u_engine_core/u_iv_top/u_bs_datapath/u_norm_d2/u2_2a_reg[7]_i_1__4_n_0
    SLICE_X35Y144        CARRY8 (Prop_CARRY8_SLICEM_CI_CO[7])
                                                      0.015     3.716 r  core_inst_gen[2].u_engine_core/u_iv_top/u_bs_datapath/u_norm_d2/u2_2a_reg[15]_i_1__4/CO[7]
                         net (fo=1, routed)           0.026     3.742    core_inst_gen[2].u_engine_core/u_iv_top/u_bs_datapath/u_norm_d2/u2_2a_reg[15]_i_1__4_n_0
    SLICE_X35Y145        CARRY8 (Prop_CARRY8_SLICEM_CI_CO[7])
                                                      0.015     3.757 r  core_inst_gen[2].u_engine_core/u_iv_top/u_bs_datapath/u_norm_d2/u2_2a_reg[23]_i_1__4/CO[7]
                         net (fo=1, routed)           0.026     3.783    core_inst_gen[2].u_engine_core/u_iv_top/u_bs_datapath/u_norm_d2/u2_2a_reg[23]_i_1__4_n_0
    SLICE_X35Y146        CARRY8 (Prop_CARRY8_SLICEM_CI_O[5])
                                                      0.116     3.899 r  core_inst_gen[2].u_engine_core/u_iv_top/u_bs_datapath/u_norm_d2/u2_2a_reg[31]_i_1__4/O[5]
                         net (fo=1, routed)           0.025     3.924    core_inst_gen[2].u_engine_core/u_iv_top/u_bs_datapath/u_norm_d2/u2_2a_reg[31]_i_1__4_n_10
    SLICE_X35Y146        FDCE                                         r  core_inst_gen[2].u_engine_core/u_iv_top/u_bs_datapath/u_norm_d2/u2_2a_reg[29]/D
  -------------------------------------------------------------------    -------------------

                         (clock aclk rise edge)       4.000     4.000 r  
                                                      0.000     4.000 r  aclk (IN)
                         net (fo=139844, unset)       0.021     4.021    core_inst_gen[2].u_engine_core/u_iv_top/u_bs_datapath/u_norm_d2/aclk
    SLICE_X35Y146        FDCE                                         r  core_inst_gen[2].u_engine_core/u_iv_top/u_bs_datapath/u_norm_d2/u2_2a_reg[29]/C
                         clock pessimism              0.000     4.021    
                         clock uncertainty           -0.035     3.986    
    SLICE_X35Y146        FDCE (Setup_FFF_SLICEM_C_D)
                                                      0.025     4.011    core_inst_gen[2].u_engine_core/u_iv_top/u_bs_datapath/u_norm_d2/u2_2a_reg[29]
  -------------------------------------------------------------------
                         required time                          4.011    
                         arrival time                          -3.924    
  -------------------------------------------------------------------
                         slack                                  0.087    

Slack (MET) :             0.093ns  (required time - arrival time)
  Source:                 core_inst_gen_c_31/C
                            (rising edge-triggered cell FDCE clocked by aclk  {rise@0.000ns fall@2.000ns period=4.000ns})
  Destination:            core_inst_gen[1].u_engine_core/u_iv_top/loopback_vega_reg[10]/D
                            (rising edge-triggered cell FDCE clocked by aclk  {rise@0.000ns fall@2.000ns period=4.000ns})
  Path Group:             aclk
  Path Type:              Setup (Max at Slow Process Corner)
  Requirement:            4.000ns  (aclk rise@4.000ns - aclk rise@0.000ns)
  Data Path Delay:        3.887ns  (logic 0.127ns (3.267%)  route 3.760ns (96.732%))
  Logic Levels:           1  (LUT2=1)
  Clock Path Skew:        -0.010ns (DCD - SCD + CPR)
    Destination Clock Delay (DCD):    0.020ns = ( 4.020 - 4.000 ) 
    Source Clock Delay      (SCD):    0.030ns
    Clock Pessimism Removal (CPR):    0.000ns
  Clock Uncertainty:      0.035ns  ((TSJ^2 + TIJ^2)^1/2 + DJ) / 2 + PE
    Total System Jitter     (TSJ):    0.071ns
    Total Input Jitter      (TIJ):    0.000ns
    Discrete Jitter          (DJ):    0.000ns
    Phase Error              (PE):    0.000ns

    Location             Delay type                Incr(ns)  Path(ns)    Netlist Resource(s)
  -------------------------------------------------------------------    -------------------
                         (clock aclk rise edge)       0.000     0.000 r  
                                                      0.000     0.000 r  aclk (IN)
                         net (fo=139844, unset)       0.030     0.030    aclk
    SLICE_X115Y193       FDCE                                         r  core_inst_gen_c_31/C
  -------------------------------------------------------------------    -------------------
    SLICE_X115Y193       FDCE (Prop_AFF_SLICEM_C_Q)
                                                      0.077     0.107 r  core_inst_gen_c_31/Q
                         net (fo=129, routed)         3.711     3.818    core_inst_gen[1].u_engine_core/u_iv_top/loopback_vega_reg[0]_0
    SLICE_X165Y66        LUT2 (Prop_D6LUT_SLICEL_I1_O)
                                                      0.050     3.868 r  core_inst_gen[1].u_engine_core/u_iv_top/core_inst_gen_gate__1314/O
                         net (fo=1, routed)           0.049     3.917    core_inst_gen[1].u_engine_core/u_iv_top/core_inst_gen_gate__1314_n_0
    SLICE_X165Y66        FDCE                                         r  core_inst_gen[1].u_engine_core/u_iv_top/loopback_vega_reg[10]/D
  -------------------------------------------------------------------    -------------------

                         (clock aclk rise edge)       4.000     4.000 r  
                                                      0.000     4.000 r  aclk (IN)
                         net (fo=139844, unset)       0.020     4.020    core_inst_gen[1].u_engine_core/u_iv_top/aclk
    SLICE_X165Y66        FDCE                                         r  core_inst_gen[1].u_engine_core/u_iv_top/loopback_vega_reg[10]/C
                         clock pessimism              0.000     4.020    
                         clock uncertainty           -0.035     3.985    
    SLICE_X165Y66        FDCE (Setup_DFF_SLICEL_C_D)
                                                      0.025     4.010    core_inst_gen[1].u_engine_core/u_iv_top/loopback_vega_reg[10]
  -------------------------------------------------------------------
                         required time                          4.010    
                         arrival time                          -3.917    
  -------------------------------------------------------------------
                         slack                                  0.093    

Slack (MET) :             0.093ns  (required time - arrival time)
  Source:                 core_inst_gen[3].u_engine_core/u_iv_top/u_bs_datapath/u_norm_d1/abs_x1a_reg[31]/C
                            (rising edge-triggered cell FDCE clocked by aclk  {rise@0.000ns fall@2.000ns period=4.000ns})
  Destination:            core_inst_gen[3].u_engine_core/u_iv_top/u_bs_datapath/u_norm_d1/x2_half1_reg[31]/D
                            (rising edge-triggered cell FDCE clocked by aclk  {rise@0.000ns fall@2.000ns period=4.000ns})
  Path Group:             aclk
  Path Type:              Setup (Max at Slow Process Corner)
  Requirement:            4.000ns  (aclk rise@4.000ns - aclk rise@0.000ns)
  Data Path Delay:        3.890ns  (logic 2.674ns (68.746%)  route 1.216ns (31.254%))
  Logic Levels:           13  (CARRY8=4 DSP_A_B_DATA=1 DSP_ALU=2 DSP_M_DATA=1 DSP_MULTIPLIER=1 DSP_OUTPUT=2 DSP_PREADD_DATA=1 LUT2=1)
  Clock Path Skew:        -0.007ns (DCD - SCD + CPR)
    Destination Clock Delay (DCD):    0.021ns = ( 4.021 - 4.000 ) 
    Source Clock Delay      (SCD):    0.028ns
    Clock Pessimism Removal (CPR):    0.000ns
  Clock Uncertainty:      0.035ns  ((TSJ^2 + TIJ^2)^1/2 + DJ) / 2 + PE
    Total System Jitter     (TSJ):    0.071ns
    Total Input Jitter      (TIJ):    0.000ns
    Discrete Jitter          (DJ):    0.000ns
    Phase Error              (PE):    0.000ns

    Location             Delay type                Incr(ns)  Path(ns)    Netlist Resource(s)
  -------------------------------------------------------------------    -------------------
                         (clock aclk rise edge)       0.000     0.000 r  
                                                      0.000     0.000 r  aclk (IN)
                         net (fo=139844, unset)       0.028     0.028    core_inst_gen[3].u_engine_core/u_iv_top/u_bs_datapath/u_norm_d1/aclk
    SLICE_X165Y142       FDCE                                         r  core_inst_gen[3].u_engine_core/u_iv_top/u_bs_datapath/u_norm_d1/abs_x1a_reg[31]/C
  -------------------------------------------------------------------    -------------------
    SLICE_X165Y142       FDCE (Prop_AFF_SLICEL_C_Q)
                                                      0.079     0.107 f  core_inst_gen[3].u_engine_core/u_iv_top/u_bs_datapath/u_norm_d1/abs_x1a_reg[31]/Q
                         net (fo=33, routed)          0.813     0.920    core_inst_gen[3].u_engine_core/u_iv_top/u_bs_datapath/u_norm_d1/x2_half11/B[15]
    DSP48E2_X20Y44       DSP_A_B_DATA (Prop_DSP_A_B_DATA_DSP48E2_B[15]_B2_DATA[15])
                                                      0.151     1.071 r  core_inst_gen[3].u_engine_core/u_iv_top/u_bs_datapath/u_norm_d1/x2_half11/DSP_A_B_DATA_INST/B2_DATA[15]
                         net (fo=1, routed)           0.000     1.071    core_inst_gen[3].u_engine_core/u_iv_top/u_bs_datapath/u_norm_d1/x2_half11/DSP_A_B_DATA.B2_DATA<15>
    DSP48E2_X20Y44       DSP_PREADD_DATA (Prop_DSP_PREADD_DATA_DSP48E2_B2_DATA[15]_B2B1[15])
                                                      0.073     1.144 r  core_inst_gen[3].u_engine_core/u_iv_top/u_bs_datapath/u_norm_d1/x2_half11/DSP_PREADD_DATA_INST/B2B1[15]
                         net (fo=1, routed)           0.000     1.144    core_inst_gen[3].u_engine_core/u_iv_top/u_bs_datapath/u_norm_d1/x2_half11/DSP_PREADD_DATA.B2B1<15>
    DSP48E2_X20Y44       DSP_MULTIPLIER (Prop_DSP_MULTIPLIER_DSP48E2_B2B1[15]_V[43])
                                                      0.609     1.753 f  core_inst_gen[3].u_engine_core/u_iv_top/u_bs_datapath/u_norm_d1/x2_half11/DSP_MULTIPLIER_INST/V[43]
                         net (fo=1, routed)           0.000     1.753    core_inst_gen[3].u_engine_core/u_iv_top/u_bs_datapath/u_norm_d1/x2_half11/DSP_MULTIPLIER.V<43>
    DSP48E2_X20Y44       DSP_M_DATA (Prop_DSP_M_DATA_DSP48E2_V[43]_V_DATA[43])
                                                      0.046     1.799 r  core_inst_gen[3].u_engine_core/u_iv_top/u_bs_datapath/u_norm_d1/x2_half11/DSP_M_DATA_INST/V_DATA[43]
                         net (fo=1, routed)           0.000     1.799    core_inst_gen[3].u_engine_core/u_iv_top/u_bs_datapath/u_norm_d1/x2_half11/DSP_M_DATA.V_DATA<43>
    DSP48E2_X20Y44       DSP_ALU (Prop_DSP_ALU_DSP48E2_V_DATA[43]_ALU_OUT[47])
                                                      0.571     2.370 f  core_inst_gen[3].u_engine_core/u_iv_top/u_bs_datapath/u_norm_d1/x2_half11/DSP_ALU_INST/ALU_OUT[47]
                         net (fo=1, routed)           0.000     2.370    core_inst_gen[3].u_engine_core/u_iv_top/u_bs_datapath/u_norm_d1/x2_half11/DSP_ALU.ALU_OUT<47>
    DSP48E2_X20Y44       DSP_OUTPUT (Prop_DSP_OUTPUT_DSP48E2_ALU_OUT[47]_PCOUT[47])
                                                      0.122     2.492 r  core_inst_gen[3].u_engine_core/u_iv_top/u_bs_datapath/u_norm_d1/x2_half11/DSP_OUTPUT_INST/PCOUT[47]
                         net (fo=1, routed)           0.014     2.506    core_inst_gen[3].u_engine_core/u_iv_top/u_bs_datapath/u_norm_d1/x2_half11__0/PCIN[47]
    DSP48E2_X20Y45       DSP_ALU (Prop_DSP_ALU_DSP48E2_PCIN[47]_ALU_OUT[3])
                                                      0.546     3.052 f  core_inst_gen[3].u_engine_core/u_iv_top/u_bs_datapath/u_norm_d1/x2_half11__0/DSP_ALU_INST/ALU_OUT[3]
                         net (fo=1, routed)           0.000     3.052    core_inst_gen[3].u_engine_core/u_iv_top/u_bs_datapath/u_norm_d1/x2_half11__0/DSP_ALU.ALU_OUT<3>
    DSP48E2_X20Y45       DSP_OUTPUT (Prop_DSP_OUTPUT_DSP48E2_ALU_OUT[3]_P[3])
                                                      0.109     3.161 r  core_inst_gen[3].u_engine_core/u_iv_top/u_bs_datapath/u_norm_d1/x2_half11__0/DSP_OUTPUT_INST/P[3]
                         net (fo=1, routed)           0.264     3.425    core_inst_gen[3].u_engine_core/u_iv_top/u_bs_datapath/u_norm_d1/x2_half11__0_n_102
    SLICE_X149Y123       LUT2 (Prop_F6LUT_SLICEM_I1_O)
                                                      0.123     3.548 r  core_inst_gen[3].u_engine_core/u_iv_top/u_bs_datapath/u_norm_d1/x2_half1[14]_i_4__5/O
                         net (fo=1, routed)           0.022     3.570    core_inst_gen[3].u_engine_core/u_iv_top/u_bs_datapath/u_norm_d1/x2_half1[14]_i_4__5_n_0
    SLICE_X149Y123       CARRY8 (Prop_CARRY8_SLICEM_S[5]_CO[7])
                                                      0.159     3.729 r  core_inst_gen[3].u_engine_core/u_iv_top/u_bs_datapath/u_norm_d1/x2_half1_reg[14]_i_1__5/CO[7]
                         net (fo=1, routed)           0.026     3.755    core_inst_gen[3].u_engine_core/u_iv_top/u_bs_datapath/u_norm_d1/x2_half1_reg[14]_i_1__5_n_0
    SLICE_X149Y124       CARRY8 (Prop_CARRY8_SLICEM_CI_CO[7])
                                                      0.015     3.770 r  core_inst_gen[3].u_engine_core/u_iv_top/u_bs_datapath/u_norm_d1/x2_half1_reg[22]_i_1__5/CO[7]
                         net (fo=1, routed)           0.026     3.796    core_inst_gen[3].u_engine_core/u_iv_top/u_bs_datapath/u_norm_d1/x2_half1_reg[22]_i_1__5_n_0
    SLICE_X149Y125       CARRY8 (Prop_CARRY8_SLICEM_CI_CO[7])
                                                      0.015     3.811 r  core_inst_gen[3].u_engine_core/u_iv_top/u_bs_datapath/u_norm_d1/x2_half1_reg[30]_i_1__5/CO[7]
                         net (fo=1, routed)           0.026     3.837    core_inst_gen[3].u_engine_core/u_iv_top/u_bs_datapath/u_norm_d1/x2_half1_reg[30]_i_1__5_n_0
    SLICE_X149Y126       CARRY8 (Prop_CARRY8_SLICEM_CI_O[0])
                                                      0.056     3.893 r  core_inst_gen[3].u_engine_core/u_iv_top/u_bs_datapath/u_norm_d1/x2_half1_reg[31]_i_1__5/O[0]
                         net (fo=1, routed)           0.025     3.918    core_inst_gen[3].u_engine_core/u_iv_top/u_bs_datapath/u_norm_d1/x2_half1_reg[31]_i_1__5_n_15
    SLICE_X149Y126       FDCE                                         r  core_inst_gen[3].u_engine_core/u_iv_top/u_bs_datapath/u_norm_d1/x2_half1_reg[31]/D
  -------------------------------------------------------------------    -------------------

                         (clock aclk rise edge)       4.000     4.000 r  
                                                      0.000     4.000 r  aclk (IN)
                         net (fo=139844, unset)       0.021     4.021    core_inst_gen[3].u_engine_core/u_iv_top/u_bs_datapath/u_norm_d1/aclk
    SLICE_X149Y126       FDCE                                         r  core_inst_gen[3].u_engine_core/u_iv_top/u_bs_datapath/u_norm_d1/x2_half1_reg[31]/C
                         clock pessimism              0.000     4.021    
                         clock uncertainty           -0.035     3.986    
    SLICE_X149Y126       FDCE (Setup_AFF_SLICEM_C_D)
                                                      0.025     4.011    core_inst_gen[3].u_engine_core/u_iv_top/u_bs_datapath/u_norm_d1/x2_half1_reg[31]
  -------------------------------------------------------------------
                         required time                          4.011    
                         arrival time                          -3.918    
  -------------------------------------------------------------------
                         slack                                  0.093    

Slack (MET) :             0.099ns  (required time - arrival time)
  Source:                 core_inst_gen[2].u_engine_core/u_iv_top/u_bs_datapath/u_norm_d2/x2_half1_reg[5]/C
                            (rising edge-triggered cell FDCE clocked by aclk  {rise@0.000ns fall@2.000ns period=4.000ns})
  Destination:            core_inst_gen[2].u_engine_core/u_iv_top/u_bs_datapath/u_norm_d2/u2_2a_reg[30]/D
                            (rising edge-triggered cell FDCE clocked by aclk  {rise@0.000ns fall@2.000ns period=4.000ns})
  Path Group:             aclk
  Path Type:              Setup (Max at Slow Process Corner)
  Requirement:            4.000ns  (aclk rise@4.000ns - aclk rise@0.000ns)
  Data Path Delay:        3.882ns  (logic 2.661ns (68.552%)  route 1.221ns (31.448%))
  Logic Levels:           14  (CARRY8=5 DSP_A_B_DATA=1 DSP_ALU=2 DSP_M_DATA=1 DSP_MULTIPLIER=1 DSP_OUTPUT=2 DSP_PREADD_DATA=1 LUT2=1)
  Clock Path Skew:        -0.009ns (DCD - SCD + CPR)
    Destination Clock Delay (DCD):    0.021ns = ( 4.021 - 4.000 ) 
    Source Clock Delay      (SCD):    0.030ns
    Clock Pessimism Removal (CPR):    0.000ns
  Clock Uncertainty:      0.035ns  ((TSJ^2 + TIJ^2)^1/2 + DJ) / 2 + PE
    Total System Jitter     (TSJ):    0.071ns
    Total Input Jitter      (TIJ):    0.000ns
    Discrete Jitter          (DJ):    0.000ns
    Phase Error              (PE):    0.000ns

    Location             Delay type                Incr(ns)  Path(ns)    Netlist Resource(s)
  -------------------------------------------------------------------    -------------------
                         (clock aclk rise edge)       0.000     0.000 r  
                                                      0.000     0.000 r  aclk (IN)
                         net (fo=139844, unset)       0.030     0.030    core_inst_gen[2].u_engine_core/u_iv_top/u_bs_datapath/u_norm_d2/aclk
    SLICE_X41Y128        FDCE                                         r  core_inst_gen[2].u_engine_core/u_iv_top/u_bs_datapath/u_norm_d2/x2_half1_reg[5]/C
  -------------------------------------------------------------------    -------------------
    SLICE_X41Y128        FDCE (Prop_GFF_SLICEM_C_Q)
                                                      0.078     0.108 f  core_inst_gen[2].u_engine_core/u_iv_top/u_bs_datapath/u_norm_d2/x2_half1_reg[5]/Q
                         net (fo=5, routed)           0.697     0.805    core_inst_gen[2].u_engine_core/u_iv_top/u_bs_datapath/u_norm_d2/u2_2a1__1/B[5]
    DSP48E2_X4Y52        DSP_A_B_DATA (Prop_DSP_A_B_DATA_DSP48E2_B[5]_B2_DATA[5])
                                                      0.151     0.956 r  core_inst_gen[2].u_engine_core/u_iv_top/u_bs_datapath/u_norm_d2/u2_2a1__1/DSP_A_B_DATA_INST/B2_DATA[5]
                         net (fo=1, routed)           0.000     0.956    core_inst_gen[2].u_engine_core/u_iv_top/u_bs_datapath/u_norm_d2/u2_2a1__1/DSP_A_B_DATA.B2_DATA<5>
    DSP48E2_X4Y52        DSP_PREADD_DATA (Prop_DSP_PREADD_DATA_DSP48E2_B2_DATA[5]_B2B1[5])
                                                      0.073     1.029 r  core_inst_gen[2].u_engine_core/u_iv_top/u_bs_datapath/u_norm_d2/u2_2a1__1/DSP_PREADD_DATA_INST/B2B1[5]
                         net (fo=1, routed)           0.000     1.029    core_inst_gen[2].u_engine_core/u_iv_top/u_bs_datapath/u_norm_d2/u2_2a1__1/DSP_PREADD_DATA.B2B1<5>
    DSP48E2_X4Y52        DSP_MULTIPLIER (Prop_DSP_MULTIPLIER_DSP48E2_B2B1[5]_V[35])
                                                      0.609     1.638 f  core_inst_gen[2].u_engine_core/u_iv_top/u_bs_datapath/u_norm_d2/u2_2a1__1/DSP_MULTIPLIER_INST/V[35]
                         net (fo=1, routed)           0.000     1.638    core_inst_gen[2].u_engine_core/u_iv_top/u_bs_datapath/u_norm_d2/u2_2a1__1/DSP_MULTIPLIER.V<35>
    DSP48E2_X4Y52        DSP_M_DATA (Prop_DSP_M_DATA_DSP48E2_V[35]_V_DATA[35])
                                                      0.046     1.684 r  core_inst_gen[2].u_engine_core/u_iv_top/u_bs_datapath/u_norm_d2/u2_2a1__1/DSP_M_DATA_INST/V_DATA[35]
                         net (fo=1, routed)           0.000     1.684    core_inst_gen[2].u_engine_core/u_iv_top/u_bs_datapath/u_norm_d2/u2_2a1__1/DSP_M_DATA.V_DATA<35>
    DSP48E2_X4Y52        DSP_ALU (Prop_DSP_ALU_DSP48E2_V_DATA[35]_ALU_OUT[47])
                                                      0.571     2.255 f  core_inst_gen[2].u_engine_core/u_iv_top/u_bs_datapath/u_norm_d2/u2_2a1__1/DSP_ALU_INST/ALU_OUT[47]
                         net (fo=1, routed)           0.000     2.255    core_inst_gen[2].u_engine_core/u_iv_top/u_bs_datapath/u_norm_d2/u2_2a1__1/DSP_ALU.ALU_OUT<47>
    DSP48E2_X4Y52        DSP_OUTPUT (Prop_DSP_OUTPUT_DSP48E2_ALU_OUT[47]_PCOUT[47])
                                                      0.122     2.377 r  core_inst_gen[2].u_engine_core/u_iv_top/u_bs_datapath/u_norm_d2/u2_2a1__1/DSP_OUTPUT_INST/PCOUT[47]
                         net (fo=1, routed)           0.014     2.391    core_inst_gen[2].u_engine_core/u_iv_top/u_bs_datapath/u_norm_d2/u2_2a1__2/PCIN[47]
    DSP48E2_X4Y53        DSP_ALU (Prop_DSP_ALU_DSP48E2_PCIN[47]_ALU_OUT[3])
                                                      0.546     2.937 f  core_inst_gen[2].u_engine_core/u_iv_top/u_bs_datapath/u_norm_d2/u2_2a1__2/DSP_ALU_INST/ALU_OUT[3]
                         net (fo=1, routed)           0.000     2.937    core_inst_gen[2].u_engine_core/u_iv_top/u_bs_datapath/u_norm_d2/u2_2a1__2/DSP_ALU.ALU_OUT<3>
    DSP48E2_X4Y53        DSP_OUTPUT (Prop_DSP_OUTPUT_DSP48E2_ALU_OUT[3]_P[3])
                                                      0.109     3.046 r  core_inst_gen[2].u_engine_core/u_iv_top/u_bs_datapath/u_norm_d2/u2_2a1__2/DSP_OUTPUT_INST/P[3]
                         net (fo=2, routed)           0.366     3.412    core_inst_gen[2].u_engine_core/u_iv_top/u_bs_datapath/u_norm_d2/u2_2a1__2_n_102
    SLICE_X35Y142        LUT2 (Prop_E6LUT_SLICEM_I0_O)
                                                      0.052     3.464 r  core_inst_gen[2].u_engine_core/u_iv_top/u_bs_datapath/u_norm_d2/u2_2a[7]_i_14__4/O
                         net (fo=1, routed)           0.014     3.478    core_inst_gen[2].u_engine_core/u_iv_top/u_bs_datapath/u_norm_d2/u2_2a[7]_i_14__4_n_0
    SLICE_X35Y142        CARRY8 (Prop_CARRY8_SLICEM_S[4]_CO[7])
                                                      0.156     3.634 r  core_inst_gen[2].u_engine_core/u_iv_top/u_bs_datapath/u_norm_d2/u2_2a_reg[7]_i_2__4/CO[7]
                         net (fo=1, routed)           0.026     3.660    core_inst_gen[2].u_engine_core/u_iv_top/u_bs_datapath/u_norm_d2/u2_2a_reg[7]_i_2__4_n_0
    SLICE_X35Y143        CARRY8 (Prop_CARRY8_SLICEM_CI_CO[7])
                                                      0.015     3.675 r  core_inst_gen[2].u_engine_core/u_iv_top/u_bs_datapath/u_norm_d2/u2_2a_reg[7]_i_1__4/CO[7]
                         net (fo=1, routed)           0.026     3.701    core_inst_gen[2].u_engine_core/u_iv_top/u_bs_datapath/u_norm_d2/u2_2a_reg[7]_i_1__4_n_0
    SLICE_X35Y144        CARRY8 (Prop_CARRY8_SLICEM_CI_CO[7])
                                                      0.015     3.716 r  core_inst_gen[2].u_engine_core/u_iv_top/u_bs_datapath/u_norm_d2/u2_2a_reg[15]_i_1__4/CO[7]
                         net (fo=1, routed)           0.026     3.742    core_inst_gen[2].u_engine_core/u_iv_top/u_bs_datapath/u_norm_d2/u2_2a_reg[15]_i_1__4_n_0
    SLICE_X35Y145        CARRY8 (Prop_CARRY8_SLICEM_CI_CO[7])
                                                      0.015     3.757 r  core_inst_gen[2].u_engine_core/u_iv_top/u_bs_datapath/u_norm_d2/u2_2a_reg[23]_i_1__4/CO[7]
                         net (fo=1, routed)           0.026     3.783    core_inst_gen[2].u_engine_core/u_iv_top/u_bs_datapath/u_norm_d2/u2_2a_reg[23]_i_1__4_n_0
    SLICE_X35Y146        CARRY8 (Prop_CARRY8_SLICEM_CI_O[6])
                                                      0.103     3.886 r  core_inst_gen[2].u_engine_core/u_iv_top/u_bs_datapath/u_norm_d2/u2_2a_reg[31]_i_1__4/O[6]
                         net (fo=1, routed)           0.026     3.912    core_inst_gen[2].u_engine_core/u_iv_top/u_bs_datapath/u_norm_d2/u2_2a_reg[31]_i_1__4_n_9
    SLICE_X35Y146        FDCE                                         r  core_inst_gen[2].u_engine_core/u_iv_top/u_bs_datapath/u_norm_d2/u2_2a_reg[30]/D
  -------------------------------------------------------------------    -------------------

                         (clock aclk rise edge)       4.000     4.000 r  
                                                      0.000     4.000 r  aclk (IN)
                         net (fo=139844, unset)       0.021     4.021    core_inst_gen[2].u_engine_core/u_iv_top/u_bs_datapath/u_norm_d2/aclk
    SLICE_X35Y146        FDCE                                         r  core_inst_gen[2].u_engine_core/u_iv_top/u_bs_datapath/u_norm_d2/u2_2a_reg[30]/C
                         clock pessimism              0.000     4.021    
                         clock uncertainty           -0.035     3.986    
    SLICE_X35Y146        FDCE (Setup_GFF_SLICEM_C_D)
                                                      0.025     4.011    core_inst_gen[2].u_engine_core/u_iv_top/u_bs_datapath/u_norm_d2/u2_2a_reg[30]
  -------------------------------------------------------------------
                         required time                          4.011    
                         arrival time                          -3.912    
  -------------------------------------------------------------------
                         slack                                  0.099    

Slack (MET) :             0.104ns  (required time - arrival time)
  Source:                 core_inst_gen[3].u_engine_core/u_iv_top/u_bs_datapath/u_norm_d1/abs_x1a_reg[31]/C
                            (rising edge-triggered cell FDCE clocked by aclk  {rise@0.000ns fall@2.000ns period=4.000ns})
  Destination:            core_inst_gen[3].u_engine_core/u_iv_top/u_bs_datapath/u_norm_d1/x2_half1_reg[27]/D
                            (rising edge-triggered cell FDCE clocked by aclk  {rise@0.000ns fall@2.000ns period=4.000ns})
  Path Group:             aclk
  Path Type:              Setup (Max at Slow Process Corner)
  Requirement:            4.000ns  (aclk rise@4.000ns - aclk rise@0.000ns)
  Data Path Delay:        3.879ns  (logic 2.689ns (69.328%)  route 1.190ns (30.672%))
  Logic Levels:           12  (CARRY8=3 DSP_A_B_DATA=1 DSP_ALU=2 DSP_M_DATA=1 DSP_MULTIPLIER=1 DSP_OUTPUT=2 DSP_PREADD_DATA=1 LUT2=1)
  Clock Path Skew:        -0.007ns (DCD - SCD + CPR)
    Destination Clock Delay (DCD):    0.021ns = ( 4.021 - 4.000 ) 
    Source Clock Delay      (SCD):    0.028ns
    Clock Pessimism Removal (CPR):    0.000ns
  Clock Uncertainty:      0.035ns  ((TSJ^2 + TIJ^2)^1/2 + DJ) / 2 + PE
    Total System Jitter     (TSJ):    0.071ns
    Total Input Jitter      (TIJ):    0.000ns
    Discrete Jitter          (DJ):    0.000ns
    Phase Error              (PE):    0.000ns

    Location             Delay type                Incr(ns)  Path(ns)    Netlist Resource(s)
  -------------------------------------------------------------------    -------------------
                         (clock aclk rise edge)       0.000     0.000 r  
                                                      0.000     0.000 r  aclk (IN)
                         net (fo=139844, unset)       0.028     0.028    core_inst_gen[3].u_engine_core/u_iv_top/u_bs_datapath/u_norm_d1/aclk
    SLICE_X165Y142       FDCE                                         r  core_inst_gen[3].u_engine_core/u_iv_top/u_bs_datapath/u_norm_d1/abs_x1a_reg[31]/C
  -------------------------------------------------------------------    -------------------
    SLICE_X165Y142       FDCE (Prop_AFF_SLICEL_C_Q)
                                                      0.079     0.107 f  core_inst_gen[3].u_engine_core/u_iv_top/u_bs_datapath/u_norm_d1/abs_x1a_reg[31]/Q
                         net (fo=33, routed)          0.813     0.920    core_inst_gen[3].u_engine_core/u_iv_top/u_bs_datapath/u_norm_d1/x2_half11/B[15]
    DSP48E2_X20Y44       DSP_A_B_DATA (Prop_DSP_A_B_DATA_DSP48E2_B[15]_B2_DATA[15])
                                                      0.151     1.071 r  core_inst_gen[3].u_engine_core/u_iv_top/u_bs_datapath/u_norm_d1/x2_half11/DSP_A_B_DATA_INST/B2_DATA[15]
                         net (fo=1, routed)           0.000     1.071    core_inst_gen[3].u_engine_core/u_iv_top/u_bs_datapath/u_norm_d1/x2_half11/DSP_A_B_DATA.B2_DATA<15>
    DSP48E2_X20Y44       DSP_PREADD_DATA (Prop_DSP_PREADD_DATA_DSP48E2_B2_DATA[15]_B2B1[15])
                                                      0.073     1.144 r  core_inst_gen[3].u_engine_core/u_iv_top/u_bs_datapath/u_norm_d1/x2_half11/DSP_PREADD_DATA_INST/B2B1[15]
                         net (fo=1, routed)           0.000     1.144    core_inst_gen[3].u_engine_core/u_iv_top/u_bs_datapath/u_norm_d1/x2_half11/DSP_PREADD_DATA.B2B1<15>
    DSP48E2_X20Y44       DSP_MULTIPLIER (Prop_DSP_MULTIPLIER_DSP48E2_B2B1[15]_V[43])
                                                      0.609     1.753 f  core_inst_gen[3].u_engine_core/u_iv_top/u_bs_datapath/u_norm_d1/x2_half11/DSP_MULTIPLIER_INST/V[43]
                         net (fo=1, routed)           0.000     1.753    core_inst_gen[3].u_engine_core/u_iv_top/u_bs_datapath/u_norm_d1/x2_half11/DSP_MULTIPLIER.V<43>
    DSP48E2_X20Y44       DSP_M_DATA (Prop_DSP_M_DATA_DSP48E2_V[43]_V_DATA[43])
                                                      0.046     1.799 r  core_inst_gen[3].u_engine_core/u_iv_top/u_bs_datapath/u_norm_d1/x2_half11/DSP_M_DATA_INST/V_DATA[43]
                         net (fo=1, routed)           0.000     1.799    core_inst_gen[3].u_engine_core/u_iv_top/u_bs_datapath/u_norm_d1/x2_half11/DSP_M_DATA.V_DATA<43>
    DSP48E2_X20Y44       DSP_ALU (Prop_DSP_ALU_DSP48E2_V_DATA[43]_ALU_OUT[47])
                                                      0.571     2.370 f  core_inst_gen[3].u_engine_core/u_iv_top/u_bs_datapath/u_norm_d1/x2_half11/DSP_ALU_INST/ALU_OUT[47]
                         net (fo=1, routed)           0.000     2.370    core_inst_gen[3].u_engine_core/u_iv_top/u_bs_datapath/u_norm_d1/x2_half11/DSP_ALU.ALU_OUT<47>
    DSP48E2_X20Y44       DSP_OUTPUT (Prop_DSP_OUTPUT_DSP48E2_ALU_OUT[47]_PCOUT[47])
                                                      0.122     2.492 r  core_inst_gen[3].u_engine_core/u_iv_top/u_bs_datapath/u_norm_d1/x2_half11/DSP_OUTPUT_INST/PCOUT[47]
                         net (fo=1, routed)           0.014     2.506    core_inst_gen[3].u_engine_core/u_iv_top/u_bs_datapath/u_norm_d1/x2_half11__0/PCIN[47]
    DSP48E2_X20Y45       DSP_ALU (Prop_DSP_ALU_DSP48E2_PCIN[47]_ALU_OUT[3])
                                                      0.546     3.052 f  core_inst_gen[3].u_engine_core/u_iv_top/u_bs_datapath/u_norm_d1/x2_half11__0/DSP_ALU_INST/ALU_OUT[3]
                         net (fo=1, routed)           0.000     3.052    core_inst_gen[3].u_engine_core/u_iv_top/u_bs_datapath/u_norm_d1/x2_half11__0/DSP_ALU.ALU_OUT<3>
    DSP48E2_X20Y45       DSP_OUTPUT (Prop_DSP_OUTPUT_DSP48E2_ALU_OUT[3]_P[3])
                                                      0.109     3.161 r  core_inst_gen[3].u_engine_core/u_iv_top/u_bs_datapath/u_norm_d1/x2_half11__0/DSP_OUTPUT_INST/P[3]
                         net (fo=1, routed)           0.264     3.425    core_inst_gen[3].u_engine_core/u_iv_top/u_bs_datapath/u_norm_d1/x2_half11__0_n_102
    SLICE_X149Y123       LUT2 (Prop_F6LUT_SLICEM_I1_O)
                                                      0.123     3.548 r  core_inst_gen[3].u_engine_core/u_iv_top/u_bs_datapath/u_norm_d1/x2_half1[14]_i_4__5/O
                         net (fo=1, routed)           0.022     3.570    core_inst_gen[3].u_engine_core/u_iv_top/u_bs_datapath/u_norm_d1/x2_half1[14]_i_4__5_n_0
    SLICE_X149Y123       CARRY8 (Prop_CARRY8_SLICEM_S[5]_CO[7])
                                                      0.159     3.729 r  core_inst_gen[3].u_engine_core/u_iv_top/u_bs_datapath/u_norm_d1/x2_half1_reg[14]_i_1__5/CO[7]
                         net (fo=1, routed)           0.026     3.755    core_inst_gen[3].u_engine_core/u_iv_top/u_bs_datapath/u_norm_d1/x2_half1_reg[14]_i_1__5_n_0
    SLICE_X149Y124       CARRY8 (Prop_CARRY8_SLICEM_CI_CO[7])
                                                      0.015     3.770 r  core_inst_gen[3].u_engine_core/u_iv_top/u_bs_datapath/u_norm_d1/x2_half1_reg[22]_i_1__5/CO[7]
                         net (fo=1, routed)           0.026     3.796    core_inst_gen[3].u_engine_core/u_iv_top/u_bs_datapath/u_norm_d1/x2_half1_reg[22]_i_1__5_n_0
    SLICE_X149Y125       CARRY8 (Prop_CARRY8_SLICEM_CI_O[4])
                                                      0.086     3.882 r  core_inst_gen[3].u_engine_core/u_iv_top/u_bs_datapath/u_norm_d1/x2_half1_reg[30]_i_1__5/O[4]
                         net (fo=1, routed)           0.025     3.907    core_inst_gen[3].u_engine_core/u_iv_top/u_bs_datapath/u_norm_d1/x2_half1_reg[30]_i_1__5_n_11
    SLICE_X149Y125       FDCE                                         r  core_inst_gen[3].u_engine_core/u_iv_top/u_bs_datapath/u_norm_d1/x2_half1_reg[27]/D
  -------------------------------------------------------------------    -------------------

                         (clock aclk rise edge)       4.000     4.000 r  
                                                      0.000     4.000 r  aclk (IN)
                         net (fo=139844, unset)       0.021     4.021    core_inst_gen[3].u_engine_core/u_iv_top/u_bs_datapath/u_norm_d1/aclk
    SLICE_X149Y125       FDCE                                         r  core_inst_gen[3].u_engine_core/u_iv_top/u_bs_datapath/u_norm_d1/x2_half1_reg[27]/C
                         clock pessimism              0.000     4.021    
                         clock uncertainty           -0.035     3.986    
    SLICE_X149Y125       FDCE (Setup_EFF_SLICEM_C_D)
                                                      0.025     4.011    core_inst_gen[3].u_engine_core/u_iv_top/u_bs_datapath/u_norm_d1/x2_half1_reg[27]
  -------------------------------------------------------------------
                         required time                          4.011    
                         arrival time                          -3.907    
  -------------------------------------------------------------------
                         slack                                  0.104    

Slack (MET) :             0.107ns  (required time - arrival time)
  Source:                 core_inst_gen[3].u_engine_core/u_iv_top/u_bs_datapath/u_norm_d1/abs_x1a_reg[31]/C
                            (rising edge-triggered cell FDCE clocked by aclk  {rise@0.000ns fall@2.000ns period=4.000ns})
  Destination:            core_inst_gen[3].u_engine_core/u_iv_top/u_bs_datapath/u_norm_d1/x2_half1_reg[26]/D
                            (rising edge-triggered cell FDCE clocked by aclk  {rise@0.000ns fall@2.000ns period=4.000ns})
  Path Group:             aclk
  Path Type:              Setup (Max at Slow Process Corner)
  Requirement:            4.000ns  (aclk rise@4.000ns - aclk rise@0.000ns)
  Data Path Delay:        3.876ns  (logic 2.685ns (69.278%)  route 1.191ns (30.722%))
  Logic Levels:           12  (CARRY8=3 DSP_A_B_DATA=1 DSP_ALU=2 DSP_M_DATA=1 DSP_MULTIPLIER=1 DSP_OUTPUT=2 DSP_PREADD_DATA=1 LUT2=1)
  Clock Path Skew:        -0.007ns (DCD - SCD + CPR)
    Destination Clock Delay (DCD):    0.021ns = ( 4.021 - 4.000 ) 
    Source Clock Delay      (SCD):    0.028ns
    Clock Pessimism Removal (CPR):    0.000ns
  Clock Uncertainty:      0.035ns  ((TSJ^2 + TIJ^2)^1/2 + DJ) / 2 + PE
    Total System Jitter     (TSJ):    0.071ns
    Total Input Jitter      (TIJ):    0.000ns
    Discrete Jitter          (DJ):    0.000ns
    Phase Error              (PE):    0.000ns

    Location             Delay type                Incr(ns)  Path(ns)    Netlist Resource(s)
  -------------------------------------------------------------------    -------------------
                         (clock aclk rise edge)       0.000     0.000 r  
                                                      0.000     0.000 r  aclk (IN)
                         net (fo=139844, unset)       0.028     0.028    core_inst_gen[3].u_engine_core/u_iv_top/u_bs_datapath/u_norm_d1/aclk
    SLICE_X165Y142       FDCE                                         r  core_inst_gen[3].u_engine_core/u_iv_top/u_bs_datapath/u_norm_d1/abs_x1a_reg[31]/C
  -------------------------------------------------------------------    -------------------
    SLICE_X165Y142       FDCE (Prop_AFF_SLICEL_C_Q)
                                                      0.079     0.107 f  core_inst_gen[3].u_engine_core/u_iv_top/u_bs_datapath/u_norm_d1/abs_x1a_reg[31]/Q
                         net (fo=33, routed)          0.813     0.920    core_inst_gen[3].u_engine_core/u_iv_top/u_bs_datapath/u_norm_d1/x2_half11/B[15]
    DSP48E2_X20Y44       DSP_A_B_DATA (Prop_DSP_A_B_DATA_DSP48E2_B[15]_B2_DATA[15])
                                                      0.151     1.071 r  core_inst_gen[3].u_engine_core/u_iv_top/u_bs_datapath/u_norm_d1/x2_half11/DSP_A_B_DATA_INST/B2_DATA[15]
                         net (fo=1, routed)           0.000     1.071    core_inst_gen[3].u_engine_core/u_iv_top/u_bs_datapath/u_norm_d1/x2_half11/DSP_A_B_DATA.B2_DATA<15>
    DSP48E2_X20Y44       DSP_PREADD_DATA (Prop_DSP_PREADD_DATA_DSP48E2_B2_DATA[15]_B2B1[15])
                                                      0.073     1.144 r  core_inst_gen[3].u_engine_core/u_iv_top/u_bs_datapath/u_norm_d1/x2_half11/DSP_PREADD_DATA_INST/B2B1[15]
                         net (fo=1, routed)           0.000     1.144    core_inst_gen[3].u_engine_core/u_iv_top/u_bs_datapath/u_norm_d1/x2_half11/DSP_PREADD_DATA.B2B1<15>
    DSP48E2_X20Y44       DSP_MULTIPLIER (Prop_DSP_MULTIPLIER_DSP48E2_B2B1[15]_V[43])
                                                      0.609     1.753 f  core_inst_gen[3].u_engine_core/u_iv_top/u_bs_datapath/u_norm_d1/x2_half11/DSP_MULTIPLIER_INST/V[43]
                         net (fo=1, routed)           0.000     1.753    core_inst_gen[3].u_engine_core/u_iv_top/u_bs_datapath/u_norm_d1/x2_half11/DSP_MULTIPLIER.V<43>
    DSP48E2_X20Y44       DSP_M_DATA (Prop_DSP_M_DATA_DSP48E2_V[43]_V_DATA[43])
                                                      0.046     1.799 r  core_inst_gen[3].u_engine_core/u_iv_top/u_bs_datapath/u_norm_d1/x2_half11/DSP_M_DATA_INST/V_DATA[43]
                         net (fo=1, routed)           0.000     1.799    core_inst_gen[3].u_engine_core/u_iv_top/u_bs_datapath/u_norm_d1/x2_half11/DSP_M_DATA.V_DATA<43>
    DSP48E2_X20Y44       DSP_ALU (Prop_DSP_ALU_DSP48E2_V_DATA[43]_ALU_OUT[47])
                                                      0.571     2.370 f  core_inst_gen[3].u_engine_core/u_iv_top/u_bs_datapath/u_norm_d1/x2_half11/DSP_ALU_INST/ALU_OUT[47]
                         net (fo=1, routed)           0.000     2.370    core_inst_gen[3].u_engine_core/u_iv_top/u_bs_datapath/u_norm_d1/x2_half11/DSP_ALU.ALU_OUT<47>
    DSP48E2_X20Y44       DSP_OUTPUT (Prop_DSP_OUTPUT_DSP48E2_ALU_OUT[47]_PCOUT[47])
                                                      0.122     2.492 r  core_inst_gen[3].u_engine_core/u_iv_top/u_bs_datapath/u_norm_d1/x2_half11/DSP_OUTPUT_INST/PCOUT[47]
                         net (fo=1, routed)           0.014     2.506    core_inst_gen[3].u_engine_core/u_iv_top/u_bs_datapath/u_norm_d1/x2_half11__0/PCIN[47]
    DSP48E2_X20Y45       DSP_ALU (Prop_DSP_ALU_DSP48E2_PCIN[47]_ALU_OUT[3])
                                                      0.546     3.052 f  core_inst_gen[3].u_engine_core/u_iv_top/u_bs_datapath/u_norm_d1/x2_half11__0/DSP_ALU_INST/ALU_OUT[3]
                         net (fo=1, routed)           0.000     3.052    core_inst_gen[3].u_engine_core/u_iv_top/u_bs_datapath/u_norm_d1/x2_half11__0/DSP_ALU.ALU_OUT<3>
    DSP48E2_X20Y45       DSP_OUTPUT (Prop_DSP_OUTPUT_DSP48E2_ALU_OUT[3]_P[3])
                                                      0.109     3.161 r  core_inst_gen[3].u_engine_core/u_iv_top/u_bs_datapath/u_norm_d1/x2_half11__0/DSP_OUTPUT_INST/P[3]
                         net (fo=1, routed)           0.264     3.425    core_inst_gen[3].u_engine_core/u_iv_top/u_bs_datapath/u_norm_d1/x2_half11__0_n_102
    SLICE_X149Y123       LUT2 (Prop_F6LUT_SLICEM_I1_O)
                                                      0.123     3.548 r  core_inst_gen[3].u_engine_core/u_iv_top/u_bs_datapath/u_norm_d1/x2_half1[14]_i_4__5/O
                         net (fo=1, routed)           0.022     3.570    core_inst_gen[3].u_engine_core/u_iv_top/u_bs_datapath/u_norm_d1/x2_half1[14]_i_4__5_n_0
    SLICE_X149Y123       CARRY8 (Prop_CARRY8_SLICEM_S[5]_CO[7])
                                                      0.159     3.729 r  core_inst_gen[3].u_engine_core/u_iv_top/u_bs_datapath/u_norm_d1/x2_half1_reg[14]_i_1__5/CO[7]
                         net (fo=1, routed)           0.026     3.755    core_inst_gen[3].u_engine_core/u_iv_top/u_bs_datapath/u_norm_d1/x2_half1_reg[14]_i_1__5_n_0
    SLICE_X149Y124       CARRY8 (Prop_CARRY8_SLICEM_CI_CO[7])
                                                      0.015     3.770 r  core_inst_gen[3].u_engine_core/u_iv_top/u_bs_datapath/u_norm_d1/x2_half1_reg[22]_i_1__5/CO[7]
                         net (fo=1, routed)           0.026     3.796    core_inst_gen[3].u_engine_core/u_iv_top/u_bs_datapath/u_norm_d1/x2_half1_reg[22]_i_1__5_n_0
    SLICE_X149Y125       CARRY8 (Prop_CARRY8_SLICEM_CI_O[3])
                                                      0.082     3.878 r  core_inst_gen[3].u_engine_core/u_iv_top/u_bs_datapath/u_norm_d1/x2_half1_reg[30]_i_1__5/O[3]
                         net (fo=1, routed)           0.026     3.904    core_inst_gen[3].u_engine_core/u_iv_top/u_bs_datapath/u_norm_d1/x2_half1_reg[30]_i_1__5_n_12
    SLICE_X149Y125       FDCE                                         r  core_inst_gen[3].u_engine_core/u_iv_top/u_bs_datapath/u_norm_d1/x2_half1_reg[26]/D
  -------------------------------------------------------------------    -------------------

                         (clock aclk rise edge)       4.000     4.000 r  
                                                      0.000     4.000 r  aclk (IN)
                         net (fo=139844, unset)       0.021     4.021    core_inst_gen[3].u_engine_core/u_iv_top/u_bs_datapath/u_norm_d1/aclk
    SLICE_X149Y125       FDCE                                         r  core_inst_gen[3].u_engine_core/u_iv_top/u_bs_datapath/u_norm_d1/x2_half1_reg[26]/C
                         clock pessimism              0.000     4.021    
                         clock uncertainty           -0.035     3.986    
    SLICE_X149Y125       FDCE (Setup_DFF_SLICEM_C_D)
                                                      0.025     4.011    core_inst_gen[3].u_engine_core/u_iv_top/u_bs_datapath/u_norm_d1/x2_half1_reg[26]
  -------------------------------------------------------------------
                         required time                          4.011    
                         arrival time                          -3.904    
  -------------------------------------------------------------------
                         slack                                  0.107    





Min Delay Paths
--------------------------------------------------------------------------------------
Slack (MET) :             0.004ns  (arrival time - required time)
  Source:                 core_inst_gen[1].u_engine_core/u_iv_top/gen_init_guess.u_init_guess/sigma_0_out_reg[20]/C
                            (rising edge-triggered cell FDPE clocked by aclk  {rise@0.000ns fall@2.000ns period=4.000ns})
  Destination:            core_inst_gen[1].u_engine_core/u_iv_top/ctx_bs_guess_reg_0_63_14_20/RAMG/I
                            (rising edge-triggered cell RAMD64E clocked by aclk  {rise@0.000ns fall@2.000ns period=4.000ns})
  Path Group:             aclk
  Path Type:              Hold (Min at Slow Process Corner)
  Requirement:            0.000ns  (aclk rise@0.000ns - aclk rise@0.000ns)
  Data Path Delay:        0.119ns  (logic 0.058ns (48.739%)  route 0.061ns (51.261%))
  Logic Levels:           0  
  Clock Path Skew:        0.037ns (DCD - SCD - CPR)
    Destination Clock Delay (DCD):    0.057ns
    Source Clock Delay      (SCD):    0.020ns
    Clock Pessimism Removal (CPR):    -0.000ns

    Location             Delay type                Incr(ns)  Path(ns)    Netlist Resource(s)
  -------------------------------------------------------------------    -------------------
                         (clock aclk rise edge)       0.000     0.000 r  
                                                      0.000     0.000 r  aclk (IN)
                         net (fo=139844, unset)       0.020     0.020    core_inst_gen[1].u_engine_core/u_iv_top/gen_init_guess.u_init_guess/aclk
    SLICE_X144Y79        FDPE                                         r  core_inst_gen[1].u_engine_core/u_iv_top/gen_init_guess.u_init_guess/sigma_0_out_reg[20]/C
  -------------------------------------------------------------------    -------------------
    SLICE_X144Y79        FDPE (Prop_FFF_SLICEL_C_Q)
                                                      0.058     0.078 r  core_inst_gen[1].u_engine_core/u_iv_top/gen_init_guess.u_init_guess/sigma_0_out_reg[20]/Q
                         net (fo=1, routed)           0.061     0.139    core_inst_gen[1].u_engine_core/u_iv_top/ctx_bs_guess_reg_0_63_14_20/DIG
    SLICE_X145Y79        RAMD64E                                      r  core_inst_gen[1].u_engine_core/u_iv_top/ctx_bs_guess_reg_0_63_14_20/RAMG/I
  -------------------------------------------------------------------    -------------------

                         (clock aclk rise edge)       0.000     0.000 r  
                                                      0.000     0.000 r  aclk (IN)
                         net (fo=139844, unset)       0.057     0.057    core_inst_gen[1].u_engine_core/u_iv_top/ctx_bs_guess_reg_0_63_14_20/WCLK
    SLICE_X145Y79        RAMD64E                                      r  core_inst_gen[1].u_engine_core/u_iv_top/ctx_bs_guess_reg_0_63_14_20/RAMG/CLK
                         clock pessimism              0.000     0.057    
    SLICE_X145Y79        RAMD64E (Hold_G6LUT_SLICEM_CLK_I)
                                                      0.078     0.135    core_inst_gen[1].u_engine_core/u_iv_top/ctx_bs_guess_reg_0_63_14_20/RAMG
  -------------------------------------------------------------------
                         required time                         -0.135    
                         arrival time                           0.139    
  -------------------------------------------------------------------
                         slack                                  0.004    

Slack (MET) :             0.019ns  (arrival time - required time)
  Source:                 core_inst_gen[0].u_engine_core/u_iv_top/u_bs_datapath/d1_den_2c_reg[26]/C
                            (rising edge-triggered cell FDCE clocked by aclk  {rise@0.000ns fall@2.000ns period=4.000ns})
  Destination:            core_inst_gen[0].u_engine_core/u_iv_top/u_bs_datapath/d1_den_r2_reg[26]/D
                            (rising edge-triggered cell FDCE clocked by aclk  {rise@0.000ns fall@2.000ns period=4.000ns})
  Path Group:             aclk
  Path Type:              Hold (Min at Fast Process Corner)
  Requirement:            0.000ns  (aclk rise@0.000ns - aclk rise@0.000ns)
  Data Path Delay:        0.072ns  (logic 0.039ns (54.167%)  route 0.033ns (45.833%))
  Logic Levels:           0  
  Clock Path Skew:        0.006ns (DCD - SCD - CPR)
    Destination Clock Delay (DCD):    0.018ns
    Source Clock Delay      (SCD):    0.012ns
    Clock Pessimism Removal (CPR):    -0.000ns

    Location             Delay type                Incr(ns)  Path(ns)    Netlist Resource(s)
  -------------------------------------------------------------------    -------------------
                         (clock aclk rise edge)       0.000     0.000 r  
                                                      0.000     0.000 r  aclk (IN)
                         net (fo=139844, unset)       0.012     0.012    core_inst_gen[0].u_engine_core/u_iv_top/u_bs_datapath/aclk
    SLICE_X90Y66         FDCE                                         r  core_inst_gen[0].u_engine_core/u_iv_top/u_bs_datapath/d1_den_2c_reg[26]/C
  -------------------------------------------------------------------    -------------------
    SLICE_X90Y66         FDCE (Prop_BFF_SLICEL_C_Q)
                                                      0.039     0.051 r  core_inst_gen[0].u_engine_core/u_iv_top/u_bs_datapath/d1_den_2c_reg[26]/Q
                         net (fo=1, routed)           0.033     0.084    core_inst_gen[0].u_engine_core/u_iv_top/u_bs_datapath/d1_den_2c[26]
    SLICE_X90Y66         FDCE                                         r  core_inst_gen[0].u_engine_core/u_iv_top/u_bs_datapath/d1_den_r2_reg[26]/D
  -------------------------------------------------------------------    -------------------

                         (clock aclk rise edge)       0.000     0.000 r  
                                                      0.000     0.000 r  aclk (IN)
                         net (fo=139844, unset)       0.018     0.018    core_inst_gen[0].u_engine_core/u_iv_top/u_bs_datapath/aclk
    SLICE_X90Y66         FDCE                                         r  core_inst_gen[0].u_engine_core/u_iv_top/u_bs_datapath/d1_den_r2_reg[26]/C
                         clock pessimism              0.000     0.018    
    SLICE_X90Y66         FDCE (Hold_CFF2_SLICEL_C_D)
                                                      0.047     0.065    core_inst_gen[0].u_engine_core/u_iv_top/u_bs_datapath/d1_den_r2_reg[26]
  -------------------------------------------------------------------
                         required time                         -0.065    
                         arrival time                           0.084    
  -------------------------------------------------------------------
                         slack                                  0.019    

Slack (MET) :             0.019ns  (arrival time - required time)
  Source:                 core_inst_gen[0].u_engine_core/u_iv_top/u_bs_datapath/r_2c_reg[12]/C
                            (rising edge-triggered cell FDCE clocked by aclk  {rise@0.000ns fall@2.000ns period=4.000ns})
  Destination:            core_inst_gen[0].u_engine_core/u_iv_top/u_bs_datapath/r_r2_reg[12]/D
                            (rising edge-triggered cell FDCE clocked by aclk  {rise@0.000ns fall@2.000ns period=4.000ns})
  Path Group:             aclk
  Path Type:              Hold (Min at Fast Process Corner)
  Requirement:            0.000ns  (aclk rise@0.000ns - aclk rise@0.000ns)
  Data Path Delay:        0.072ns  (logic 0.039ns (54.167%)  route 0.033ns (45.833%))
  Logic Levels:           0  
  Clock Path Skew:        0.006ns (DCD - SCD - CPR)
    Destination Clock Delay (DCD):    0.018ns
    Source Clock Delay      (SCD):    0.012ns
    Clock Pessimism Removal (CPR):    -0.000ns

    Location             Delay type                Incr(ns)  Path(ns)    Netlist Resource(s)
  -------------------------------------------------------------------    -------------------
                         (clock aclk rise edge)       0.000     0.000 r  
                                                      0.000     0.000 r  aclk (IN)
                         net (fo=139844, unset)       0.012     0.012    core_inst_gen[0].u_engine_core/u_iv_top/u_bs_datapath/aclk
    SLICE_X90Y69         FDCE                                         r  core_inst_gen[0].u_engine_core/u_iv_top/u_bs_datapath/r_2c_reg[12]/C
  -------------------------------------------------------------------    -------------------
    SLICE_X90Y69         FDCE (Prop_BFF_SLICEL_C_Q)
                                                      0.039     0.051 r  core_inst_gen[0].u_engine_core/u_iv_top/u_bs_datapath/r_2c_reg[12]/Q
                         net (fo=1, routed)           0.033     0.084    core_inst_gen[0].u_engine_core/u_iv_top/u_bs_datapath/r_2c[12]
    SLICE_X90Y69         FDCE                                         r  core_inst_gen[0].u_engine_core/u_iv_top/u_bs_datapath/r_r2_reg[12]/D
  -------------------------------------------------------------------    -------------------

                         (clock aclk rise edge)       0.000     0.000 r  
                                                      0.000     0.000 r  aclk (IN)
                         net (fo=139844, unset)       0.018     0.018    core_inst_gen[0].u_engine_core/u_iv_top/u_bs_datapath/aclk
    SLICE_X90Y69         FDCE                                         r  core_inst_gen[0].u_engine_core/u_iv_top/u_bs_datapath/r_r2_reg[12]/C
                         clock pessimism              0.000     0.018    
    SLICE_X90Y69         FDCE (Hold_CFF2_SLICEL_C_D)
                                                      0.047     0.065    core_inst_gen[0].u_engine_core/u_iv_top/u_bs_datapath/r_r2_reg[12]
  -------------------------------------------------------------------
                         required time                         -0.065    
                         arrival time                           0.084    
  -------------------------------------------------------------------
                         slack                                  0.019    

Slack (MET) :             0.019ns  (arrival time - required time)
  Source:                 core_inst_gen[1].u_engine_core/u_iv_top/u_bs_datapath/d1_den_2c_reg[14]/C
                            (rising edge-triggered cell FDCE clocked by aclk  {rise@0.000ns fall@2.000ns period=4.000ns})
  Destination:            core_inst_gen[1].u_engine_core/u_iv_top/u_bs_datapath/d1_den_r2_reg[14]/D
                            (rising edge-triggered cell FDCE clocked by aclk  {rise@0.000ns fall@2.000ns period=4.000ns})
  Path Group:             aclk
  Path Type:              Hold (Min at Fast Process Corner)
  Requirement:            0.000ns  (aclk rise@0.000ns - aclk rise@0.000ns)
  Data Path Delay:        0.072ns  (logic 0.039ns (54.167%)  route 0.033ns (45.833%))
  Logic Levels:           0  
  Clock Path Skew:        0.006ns (DCD - SCD - CPR)
    Destination Clock Delay (DCD):    0.018ns
    Source Clock Delay      (SCD):    0.012ns
    Clock Pessimism Removal (CPR):    -0.000ns

    Location             Delay type                Incr(ns)  Path(ns)    Netlist Resource(s)
  -------------------------------------------------------------------    -------------------
                         (clock aclk rise edge)       0.000     0.000 r  
                                                      0.000     0.000 r  aclk (IN)
                         net (fo=139844, unset)       0.012     0.012    core_inst_gen[1].u_engine_core/u_iv_top/u_bs_datapath/aclk
    SLICE_X168Y88        FDCE                                         r  core_inst_gen[1].u_engine_core/u_iv_top/u_bs_datapath/d1_den_2c_reg[14]/C
  -------------------------------------------------------------------    -------------------
    SLICE_X168Y88        FDCE (Prop_BFF_SLICEL_C_Q)
                                                      0.039     0.051 r  core_inst_gen[1].u_engine_core/u_iv_top/u_bs_datapath/d1_den_2c_reg[14]/Q
                         net (fo=1, routed)           0.033     0.084    core_inst_gen[1].u_engine_core/u_iv_top/u_bs_datapath/d1_den_2c[14]
    SLICE_X168Y88        FDCE                                         r  core_inst_gen[1].u_engine_core/u_iv_top/u_bs_datapath/d1_den_r2_reg[14]/D
  -------------------------------------------------------------------    -------------------

                         (clock aclk rise edge)       0.000     0.000 r  
                                                      0.000     0.000 r  aclk (IN)
                         net (fo=139844, unset)       0.018     0.018    core_inst_gen[1].u_engine_core/u_iv_top/u_bs_datapath/aclk
    SLICE_X168Y88        FDCE                                         r  core_inst_gen[1].u_engine_core/u_iv_top/u_bs_datapath/d1_den_r2_reg[14]/C
                         clock pessimism              0.000     0.018    
    SLICE_X168Y88        FDCE (Hold_CFF2_SLICEL_C_D)
                                                      0.047     0.065    core_inst_gen[1].u_engine_core/u_iv_top/u_bs_datapath/d1_den_r2_reg[14]
  -------------------------------------------------------------------
                         required time                         -0.065    
                         arrival time                           0.084    
  -------------------------------------------------------------------
                         slack                                  0.019    

Slack (MET) :             0.019ns  (arrival time - required time)
  Source:                 core_inst_gen[1].u_engine_core/u_iv_top/u_bs_datapath/term1_5c_reg[29]/C
                            (rising edge-triggered cell FDCE clocked by aclk  {rise@0.000ns fall@2.000ns period=4.000ns})
  Destination:            core_inst_gen[1].u_engine_core/u_iv_top/u_bs_datapath/term1_5d_reg[29]/D
                            (rising edge-triggered cell FDCE clocked by aclk  {rise@0.000ns fall@2.000ns period=4.000ns})
  Path Group:             aclk
  Path Type:              Hold (Min at Fast Process Corner)
  Requirement:            0.000ns  (aclk rise@0.000ns - aclk rise@0.000ns)
  Data Path Delay:        0.072ns  (logic 0.039ns (54.167%)  route 0.033ns (45.833%))
  Logic Levels:           0  
  Clock Path Skew:        0.006ns (DCD - SCD - CPR)
    Destination Clock Delay (DCD):    0.018ns
    Source Clock Delay      (SCD):    0.012ns
    Clock Pessimism Removal (CPR):    -0.000ns

    Location             Delay type                Incr(ns)  Path(ns)    Netlist Resource(s)
  -------------------------------------------------------------------    -------------------
                         (clock aclk rise edge)       0.000     0.000 r  
                                                      0.000     0.000 r  aclk (IN)
                         net (fo=139844, unset)       0.012     0.012    core_inst_gen[1].u_engine_core/u_iv_top/u_bs_datapath/aclk
    SLICE_X168Y83        FDCE                                         r  core_inst_gen[1].u_engine_core/u_iv_top/u_bs_datapath/term1_5c_reg[29]/C
  -------------------------------------------------------------------    -------------------
    SLICE_X168Y83        FDCE (Prop_BFF_SLICEL_C_Q)
                                                      0.039     0.051 r  core_inst_gen[1].u_engine_core/u_iv_top/u_bs_datapath/term1_5c_reg[29]/Q
                         net (fo=1, routed)           0.033     0.084    core_inst_gen[1].u_engine_core/u_iv_top/u_bs_datapath/term1_5c[29]
    SLICE_X168Y83        FDCE                                         r  core_inst_gen[1].u_engine_core/u_iv_top/u_bs_datapath/term1_5d_reg[29]/D
  -------------------------------------------------------------------    -------------------

                         (clock aclk rise edge)       0.000     0.000 r  
                                                      0.000     0.000 r  aclk (IN)
                         net (fo=139844, unset)       0.018     0.018    core_inst_gen[1].u_engine_core/u_iv_top/u_bs_datapath/aclk
    SLICE_X168Y83        FDCE                                         r  core_inst_gen[1].u_engine_core/u_iv_top/u_bs_datapath/term1_5d_reg[29]/C
                         clock pessimism              0.000     0.018    
    SLICE_X168Y83        FDCE (Hold_CFF2_SLICEL_C_D)
                                                      0.047     0.065    core_inst_gen[1].u_engine_core/u_iv_top/u_bs_datapath/term1_5d_reg[29]
  -------------------------------------------------------------------
                         required time                         -0.065    
                         arrival time                           0.084    
  -------------------------------------------------------------------
                         slack                                  0.019    

Slack (MET) :             0.019ns  (arrival time - required time)
  Source:                 core_inst_gen[1].u_engine_core/u_iv_top/u_bs_datapath/u_norm_d1/t3c_m_reg[28]/C
                            (rising edge-triggered cell FDCE clocked by aclk  {rise@0.000ns fall@2.000ns period=4.000ns})
  Destination:            core_inst_gen[1].u_engine_core/u_iv_top/u_bs_datapath/u_norm_d1/t3c_reg[28]/D
                            (rising edge-triggered cell FDCE clocked by aclk  {rise@0.000ns fall@2.000ns period=4.000ns})
  Path Group:             aclk
  Path Type:              Hold (Min at Fast Process Corner)
  Requirement:            0.000ns  (aclk rise@0.000ns - aclk rise@0.000ns)
  Data Path Delay:        0.072ns  (logic 0.039ns (54.167%)  route 0.033ns (45.833%))
  Logic Levels:           0  
  Clock Path Skew:        0.006ns (DCD - SCD - CPR)
    Destination Clock Delay (DCD):    0.018ns
    Source Clock Delay      (SCD):    0.012ns
    Clock Pessimism Removal (CPR):    -0.000ns

    Location             Delay type                Incr(ns)  Path(ns)    Netlist Resource(s)
  -------------------------------------------------------------------    -------------------
                         (clock aclk rise edge)       0.000     0.000 r  
                                                      0.000     0.000 r  aclk (IN)
                         net (fo=139844, unset)       0.012     0.012    core_inst_gen[1].u_engine_core/u_iv_top/u_bs_datapath/u_norm_d1/aclk
    SLICE_X177Y44        FDCE                                         r  core_inst_gen[1].u_engine_core/u_iv_top/u_bs_datapath/u_norm_d1/t3c_m_reg[28]/C
  -------------------------------------------------------------------    -------------------
    SLICE_X177Y44        FDCE (Prop_BFF_SLICEL_C_Q)
                                                      0.039     0.051 r  core_inst_gen[1].u_engine_core/u_iv_top/u_bs_datapath/u_norm_d1/t3c_m_reg[28]/Q
                         net (fo=1, routed)           0.033     0.084    core_inst_gen[1].u_engine_core/u_iv_top/u_bs_datapath/u_norm_d1/t3c_m[28]
    SLICE_X177Y44        FDCE                                         r  core_inst_gen[1].u_engine_core/u_iv_top/u_bs_datapath/u_norm_d1/t3c_reg[28]/D
  -------------------------------------------------------------------    -------------------

                         (clock aclk rise edge)       0.000     0.000 r  
                                                      0.000     0.000 r  aclk (IN)
                         net (fo=139844, unset)       0.018     0.018    core_inst_gen[1].u_engine_core/u_iv_top/u_bs_datapath/u_norm_d1/aclk
    SLICE_X177Y44        FDCE                                         r  core_inst_gen[1].u_engine_core/u_iv_top/u_bs_datapath/u_norm_d1/t3c_reg[28]/C
                         clock pessimism              0.000     0.018    
    SLICE_X177Y44        FDCE (Hold_CFF2_SLICEL_C_D)
                                                      0.047     0.065    core_inst_gen[1].u_engine_core/u_iv_top/u_bs_datapath/u_norm_d1/t3c_reg[28]
  -------------------------------------------------------------------
                         required time                         -0.065    
                         arrival time                           0.084    
  -------------------------------------------------------------------
                         slack                                  0.019    

Slack (MET) :             0.019ns  (arrival time - required time)
  Source:                 core_inst_gen[2].u_engine_core/u_iv_top/u_bs_datapath/r_2b_reg[15]/C
                            (rising edge-triggered cell FDCE clocked by aclk  {rise@0.000ns fall@2.000ns period=4.000ns})
  Destination:            core_inst_gen[2].u_engine_core/u_iv_top/u_bs_datapath/r_2c_reg[15]/D
                            (rising edge-triggered cell FDCE clocked by aclk  {rise@0.000ns fall@2.000ns period=4.000ns})
  Path Group:             aclk
  Path Type:              Hold (Min at Fast Process Corner)
  Requirement:            0.000ns  (aclk rise@0.000ns - aclk rise@0.000ns)
  Data Path Delay:        0.072ns  (logic 0.039ns (54.167%)  route 0.033ns (45.833%))
  Logic Levels:           0  
  Clock Path Skew:        0.006ns (DCD - SCD - CPR)
    Destination Clock Delay (DCD):    0.018ns
    Source Clock Delay      (SCD):    0.012ns
    Clock Pessimism Removal (CPR):    -0.000ns

    Location             Delay type                Incr(ns)  Path(ns)    Netlist Resource(s)
  -------------------------------------------------------------------    -------------------
                         (clock aclk rise edge)       0.000     0.000 r  
                                                      0.000     0.000 r  aclk (IN)
                         net (fo=139844, unset)       0.012     0.012    core_inst_gen[2].u_engine_core/u_iv_top/u_bs_datapath/aclk
    SLICE_X49Y220        FDCE                                         r  core_inst_gen[2].u_engine_core/u_iv_top/u_bs_datapath/r_2b_reg[15]/C
  -------------------------------------------------------------------    -------------------
    SLICE_X49Y220        FDCE (Prop_BFF_SLICEL_C_Q)
                                                      0.039     0.051 r  core_inst_gen[2].u_engine_core/u_iv_top/u_bs_datapath/r_2b_reg[15]/Q
                         net (fo=1, routed)           0.033     0.084    core_inst_gen[2].u_engine_core/u_iv_top/u_bs_datapath/r_2b[15]
    SLICE_X49Y220        FDCE                                         r  core_inst_gen[2].u_engine_core/u_iv_top/u_bs_datapath/r_2c_reg[15]/D
  -------------------------------------------------------------------    -------------------

                         (clock aclk rise edge)       0.000     0.000 r  
                                                      0.000     0.000 r  aclk (IN)
                         net (fo=139844, unset)       0.018     0.018    core_inst_gen[2].u_engine_core/u_iv_top/u_bs_datapath/aclk
    SLICE_X49Y220        FDCE                                         r  core_inst_gen[2].u_engine_core/u_iv_top/u_bs_datapath/r_2c_reg[15]/C
                         clock pessimism              0.000     0.018    
    SLICE_X49Y220        FDCE (Hold_CFF2_SLICEL_C_D)
                                                      0.047     0.065    core_inst_gen[2].u_engine_core/u_iv_top/u_bs_datapath/r_2c_reg[15]
  -------------------------------------------------------------------
                         required time                         -0.065    
                         arrival time                           0.084    
  -------------------------------------------------------------------
                         slack                                  0.019    

Slack (MET) :             0.019ns  (arrival time - required time)
  Source:                 core_inst_gen[2].u_engine_core/u_iv_top/u_bs_datapath/r_2c_reg[0]/C
                            (rising edge-triggered cell FDCE clocked by aclk  {rise@0.000ns fall@2.000ns period=4.000ns})
  Destination:            core_inst_gen[2].u_engine_core/u_iv_top/u_bs_datapath/r_r2_reg[0]/D
                            (rising edge-triggered cell FDCE clocked by aclk  {rise@0.000ns fall@2.000ns period=4.000ns})
  Path Group:             aclk
  Path Type:              Hold (Min at Fast Process Corner)
  Requirement:            0.000ns  (aclk rise@0.000ns - aclk rise@0.000ns)
  Data Path Delay:        0.072ns  (logic 0.039ns (54.167%)  route 0.033ns (45.833%))
  Logic Levels:           0  
  Clock Path Skew:        0.006ns (DCD - SCD - CPR)
    Destination Clock Delay (DCD):    0.018ns
    Source Clock Delay      (SCD):    0.012ns
    Clock Pessimism Removal (CPR):    -0.000ns

    Location             Delay type                Incr(ns)  Path(ns)    Netlist Resource(s)
  -------------------------------------------------------------------    -------------------
                         (clock aclk rise edge)       0.000     0.000 r  
                                                      0.000     0.000 r  aclk (IN)
                         net (fo=139844, unset)       0.012     0.012    core_inst_gen[2].u_engine_core/u_iv_top/u_bs_datapath/aclk
    SLICE_X49Y218        FDCE                                         r  core_inst_gen[2].u_engine_core/u_iv_top/u_bs_datapath/r_2c_reg[0]/C
  -------------------------------------------------------------------    -------------------
    SLICE_X49Y218        FDCE (Prop_BFF_SLICEL_C_Q)
                                                      0.039     0.051 r  core_inst_gen[2].u_engine_core/u_iv_top/u_bs_datapath/r_2c_reg[0]/Q
                         net (fo=1, routed)           0.033     0.084    core_inst_gen[2].u_engine_core/u_iv_top/u_bs_datapath/r_2c[0]
    SLICE_X49Y218        FDCE                                         r  core_inst_gen[2].u_engine_core/u_iv_top/u_bs_datapath/r_r2_reg[0]/D
  -------------------------------------------------------------------    -------------------

                         (clock aclk rise edge)       0.000     0.000 r  
                                                      0.000     0.000 r  aclk (IN)
                         net (fo=139844, unset)       0.018     0.018    core_inst_gen[2].u_engine_core/u_iv_top/u_bs_datapath/aclk
    SLICE_X49Y218        FDCE                                         r  core_inst_gen[2].u_engine_core/u_iv_top/u_bs_datapath/r_r2_reg[0]/C
                         clock pessimism              0.000     0.018    
    SLICE_X49Y218        FDCE (Hold_CFF2_SLICEL_C_D)
                                                      0.047     0.065    core_inst_gen[2].u_engine_core/u_iv_top/u_bs_datapath/r_r2_reg[0]
  -------------------------------------------------------------------
                         required time                         -0.065    
                         arrival time                           0.084    
  -------------------------------------------------------------------
                         slack                                  0.019    

Slack (MET) :             0.019ns  (arrival time - required time)
  Source:                 core_inst_gen[2].u_engine_core/u_iv_top/u_bs_datapath/u_norm_d2/t3d_m_reg[19]/C
                            (rising edge-triggered cell FDCE clocked by aclk  {rise@0.000ns fall@2.000ns period=4.000ns})
  Destination:            core_inst_gen[2].u_engine_core/u_iv_top/u_bs_datapath/u_norm_d2/t3d_reg[19]/D
                            (rising edge-triggered cell FDCE clocked by aclk  {rise@0.000ns fall@2.000ns period=4.000ns})
  Path Group:             aclk
  Path Type:              Hold (Min at Fast Process Corner)
  Requirement:            0.000ns  (aclk rise@0.000ns - aclk rise@0.000ns)
  Data Path Delay:        0.072ns  (logic 0.039ns (54.167%)  route 0.033ns (45.833%))
  Logic Levels:           0  
  Clock Path Skew:        0.006ns (DCD - SCD - CPR)
    Destination Clock Delay (DCD):    0.018ns
    Source Clock Delay      (SCD):    0.012ns
    Clock Pessimism Removal (CPR):    -0.000ns

    Location             Delay type                Incr(ns)  Path(ns)    Netlist Resource(s)
  -------------------------------------------------------------------    -------------------
                         (clock aclk rise edge)       0.000     0.000 r  
                                                      0.000     0.000 r  aclk (IN)
                         net (fo=139844, unset)       0.012     0.012    core_inst_gen[2].u_engine_core/u_iv_top/u_bs_datapath/u_norm_d2/aclk
    SLICE_X54Y169        FDCE                                         r  core_inst_gen[2].u_engine_core/u_iv_top/u_bs_datapath/u_norm_d2/t3d_m_reg[19]/C
  -------------------------------------------------------------------    -------------------
    SLICE_X54Y169        FDCE (Prop_BFF_SLICEL_C_Q)
                                                      0.039     0.051 r  core_inst_gen[2].u_engine_core/u_iv_top/u_bs_datapath/u_norm_d2/t3d_m_reg[19]/Q
                         net (fo=1, routed)           0.033     0.084    core_inst_gen[2].u_engine_core/u_iv_top/u_bs_datapath/u_norm_d2/t3d_m[19]
    SLICE_X54Y169        FDCE                                         r  core_inst_gen[2].u_engine_core/u_iv_top/u_bs_datapath/u_norm_d2/t3d_reg[19]/D
  -------------------------------------------------------------------    -------------------

                         (clock aclk rise edge)       0.000     0.000 r  
                                                      0.000     0.000 r  aclk (IN)
                         net (fo=139844, unset)       0.018     0.018    core_inst_gen[2].u_engine_core/u_iv_top/u_bs_datapath/u_norm_d2/aclk
    SLICE_X54Y169        FDCE                                         r  core_inst_gen[2].u_engine_core/u_iv_top/u_bs_datapath/u_norm_d2/t3d_reg[19]/C
                         clock pessimism              0.000     0.018    
    SLICE_X54Y169        FDCE (Hold_CFF2_SLICEL_C_D)
                                                      0.047     0.065    core_inst_gen[2].u_engine_core/u_iv_top/u_bs_datapath/u_norm_d2/t3d_reg[19]
  -------------------------------------------------------------------
                         required time                         -0.065    
                         arrival time                           0.084    
  -------------------------------------------------------------------
                         slack                                  0.019    

Slack (MET) :             0.019ns  (arrival time - required time)
  Source:                 core_inst_gen[3].u_engine_core/u_iv_top/u_bs_datapath/sqrt_delay_gen[31].sqrt_T_pipe_reg[32][18]/C
                            (rising edge-triggered cell FDRE clocked by aclk  {rise@0.000ns fall@2.000ns period=4.000ns})
  Destination:            core_inst_gen[3].u_engine_core/u_iv_top/u_bs_datapath/sqrt_delay_gen[32].sqrt_T_pipe_reg[33][18]/D
                            (rising edge-triggered cell FDRE clocked by aclk  {rise@0.000ns fall@2.000ns period=4.000ns})
  Path Group:             aclk
  Path Type:              Hold (Min at Fast Process Corner)
  Requirement:            0.000ns  (aclk rise@0.000ns - aclk rise@0.000ns)
  Data Path Delay:        0.072ns  (logic 0.039ns (54.167%)  route 0.033ns (45.833%))
  Logic Levels:           0  
  Clock Path Skew:        0.006ns (DCD - SCD - CPR)
    Destination Clock Delay (DCD):    0.018ns
    Source Clock Delay      (SCD):    0.012ns
    Clock Pessimism Removal (CPR):    -0.000ns

    Location             Delay type                Incr(ns)  Path(ns)    Netlist Resource(s)
  -------------------------------------------------------------------    -------------------
                         (clock aclk rise edge)       0.000     0.000 r  
                                                      0.000     0.000 r  aclk (IN)
                         net (fo=139844, unset)       0.012     0.012    core_inst_gen[3].u_engine_core/u_iv_top/u_bs_datapath/aclk
    SLICE_X169Y147       FDRE                                         r  core_inst_gen[3].u_engine_core/u_iv_top/u_bs_datapath/sqrt_delay_gen[31].sqrt_T_pipe_reg[32][18]/C
  -------------------------------------------------------------------    -------------------
    SLICE_X169Y147       FDRE (Prop_BFF_SLICEL_C_Q)
                                                      0.039     0.051 r  core_inst_gen[3].u_engine_core/u_iv_top/u_bs_datapath/sqrt_delay_gen[31].sqrt_T_pipe_reg[32][18]/Q
                         net (fo=1, routed)           0.033     0.084    core_inst_gen[3].u_engine_core/u_iv_top/u_bs_datapath/sqrt_delay_gen[31].sqrt_T_pipe_reg[32]_270[18]
    SLICE_X169Y147       FDRE                                         r  core_inst_gen[3].u_engine_core/u_iv_top/u_bs_datapath/sqrt_delay_gen[32].sqrt_T_pipe_reg[33][18]/D
  -------------------------------------------------------------------    -------------------

                         (clock aclk rise edge)       0.000     0.000 r  
                                                      0.000     0.000 r  aclk (IN)
                         net (fo=139844, unset)       0.018     0.018    core_inst_gen[3].u_engine_core/u_iv_top/u_bs_datapath/aclk
    SLICE_X169Y147       FDRE                                         r  core_inst_gen[3].u_engine_core/u_iv_top/u_bs_datapath/sqrt_delay_gen[32].sqrt_T_pipe_reg[33][18]/C
                         clock pessimism              0.000     0.018    
    SLICE_X169Y147       FDRE (Hold_CFF2_SLICEL_C_D)
                                                      0.047     0.065    core_inst_gen[3].u_engine_core/u_iv_top/u_bs_datapath/sqrt_delay_gen[32].sqrt_T_pipe_reg[33][18]
  -------------------------------------------------------------------
                         required time                         -0.065    
                         arrival time                           0.084    
  -------------------------------------------------------------------
                         slack                                  0.019    





Pulse Width Checks
--------------------------------------------------------------------------------------
Clock Name:         aclk
Waveform(ns):       { 0.000 2.000 }
Period(ns):         4.000
Sources:            { aclk }

Check Type        Corner  Lib Pin      Reference Pin  Required(ns)  Actual(ns)  Slack(ns)  Location      Pin
Min Period        n/a     SRLC32E/CLK  n/a            1.064         4.000       2.936      SLICE_X81Y87  core_inst_gen[0].u_engine_core/u_iv_top/bs_delay_gen[123].C_market_pipe_reg[124][0]_srl28_core_inst_gen_c_122/CLK
Min Period        n/a     SRLC32E/CLK  n/a            1.064         4.000       2.936      SLICE_X81Y87  core_inst_gen[0].u_engine_core/u_iv_top/bs_delay_gen[123].C_market_pipe_reg[124][10]_srl28_core_inst_gen_c_122/CLK
Min Period        n/a     SRLC32E/CLK  n/a            1.064         4.000       2.936      SLICE_X76Y91  core_inst_gen[0].u_engine_core/u_iv_top/bs_delay_gen[123].C_market_pipe_reg[124][11]_srl28_core_inst_gen_c_122/CLK
Min Period        n/a     SRLC32E/CLK  n/a            1.064         4.000       2.936      SLICE_X81Y91  core_inst_gen[0].u_engine_core/u_iv_top/bs_delay_gen[123].C_market_pipe_reg[124][12]_srl28_core_inst_gen_c_122/CLK
Min Period        n/a     SRLC32E/CLK  n/a            1.064         4.000       2.936      SLICE_X76Y91  core_inst_gen[0].u_engine_core/u_iv_top/bs_delay_gen[123].C_market_pipe_reg[124][13]_srl28_core_inst_gen_c_122/CLK
Min Period        n/a     SRLC32E/CLK  n/a            1.064         4.000       2.936      SLICE_X81Y95  core_inst_gen[0].u_engine_core/u_iv_top/bs_delay_gen[123].C_market_pipe_reg[124][14]_srl28_core_inst_gen_c_122/CLK
Min Period        n/a     SRLC32E/CLK  n/a            1.064         4.000       2.936      SLICE_X81Y93  core_inst_gen[0].u_engine_core/u_iv_top/bs_delay_gen[123].C_market_pipe_reg[124][15]_srl28_core_inst_gen_c_122/CLK
Min Period        n/a     SRLC32E/CLK  n/a            1.064         4.000       2.936      SLICE_X81Y98  core_inst_gen[0].u_engine_core/u_iv_top/bs_delay_gen[123].C_market_pipe_reg[124][16]_srl28_core_inst_gen_c_122/CLK
Min Period        n/a     SRLC32E/CLK  n/a            1.064         4.000       2.936      SLICE_X77Y98  core_inst_gen[0].u_engine_core/u_iv_top/bs_delay_gen[123].C_market_pipe_reg[124][17]_srl28_core_inst_gen_c_122/CLK
Min Period        n/a     SRLC32E/CLK  n/a            1.064         4.000       2.936      SLICE_X76Y97  core_inst_gen[0].u_engine_core/u_iv_top/bs_delay_gen[123].C_market_pipe_reg[124][18]_srl28_core_inst_gen_c_122/CLK
Low Pulse Width   Slow    SRLC32E/CLK  n/a            0.532         2.000       1.468      SLICE_X81Y87  core_inst_gen[0].u_engine_core/u_iv_top/bs_delay_gen[123].C_market_pipe_reg[124][0]_srl28_core_inst_gen_c_122/CLK
Low Pulse Width   Fast    SRLC32E/CLK  n/a            0.532         2.000       1.468      SLICE_X81Y87  core_inst_gen[0].u_engine_core/u_iv_top/bs_delay_gen[123].C_market_pipe_reg[124][0]_srl28_core_inst_gen_c_122/CLK
Low Pulse Width   Slow    SRLC32E/CLK  n/a            0.532         2.000       1.468      SLICE_X81Y87  core_inst_gen[0].u_engine_core/u_iv_top/bs_delay_gen[123].C_market_pipe_reg[124][10]_srl28_core_inst_gen_c_122/CLK
Low Pulse Width   Fast    SRLC32E/CLK  n/a            0.532         2.000       1.468      SLICE_X81Y87  core_inst_gen[0].u_engine_core/u_iv_top/bs_delay_gen[123].C_market_pipe_reg[124][10]_srl28_core_inst_gen_c_122/CLK
Low Pulse Width   Slow    SRLC32E/CLK  n/a            0.532         2.000       1.468      SLICE_X76Y91  core_inst_gen[0].u_engine_core/u_iv_top/bs_delay_gen[123].C_market_pipe_reg[124][11]_srl28_core_inst_gen_c_122/CLK
Low Pulse Width   Fast    SRLC32E/CLK  n/a            0.532         2.000       1.468      SLICE_X76Y91  core_inst_gen[0].u_engine_core/u_iv_top/bs_delay_gen[123].C_market_pipe_reg[124][11]_srl28_core_inst_gen_c_122/CLK
Low Pulse Width   Slow    SRLC32E/CLK  n/a            0.532         2.000       1.468      SLICE_X81Y91  core_inst_gen[0].u_engine_core/u_iv_top/bs_delay_gen[123].C_market_pipe_reg[124][12]_srl28_core_inst_gen_c_122/CLK
Low Pulse Width   Fast    SRLC32E/CLK  n/a            0.532         2.000       1.468      SLICE_X81Y91  core_inst_gen[0].u_engine_core/u_iv_top/bs_delay_gen[123].C_market_pipe_reg[124][12]_srl28_core_inst_gen_c_122/CLK
Low Pulse Width   Slow    SRLC32E/CLK  n/a            0.532         2.000       1.468      SLICE_X76Y91  core_inst_gen[0].u_engine_core/u_iv_top/bs_delay_gen[123].C_market_pipe_reg[124][13]_srl28_core_inst_gen_c_122/CLK
Low Pulse Width   Fast    SRLC32E/CLK  n/a            0.532         2.000       1.468      SLICE_X76Y91  core_inst_gen[0].u_engine_core/u_iv_top/bs_delay_gen[123].C_market_pipe_reg[124][13]_srl28_core_inst_gen_c_122/CLK
High Pulse Width  Slow    SRLC32E/CLK  n/a            0.532         2.000       1.468      SLICE_X81Y87  core_inst_gen[0].u_engine_core/u_iv_top/bs_delay_gen[123].C_market_pipe_reg[124][0]_srl28_core_inst_gen_c_122/CLK
High Pulse Width  Fast    SRLC32E/CLK  n/a            0.532         2.000       1.468      SLICE_X81Y87  core_inst_gen[0].u_engine_core/u_iv_top/bs_delay_gen[123].C_market_pipe_reg[124][0]_srl28_core_inst_gen_c_122/CLK
High Pulse Width  Slow    SRLC32E/CLK  n/a            0.532         2.000       1.468      SLICE_X81Y87  core_inst_gen[0].u_engine_core/u_iv_top/bs_delay_gen[123].C_market_pipe_reg[124][10]_srl28_core_inst_gen_c_122/CLK
High Pulse Width  Fast    SRLC32E/CLK  n/a            0.532         2.000       1.468      SLICE_X81Y87  core_inst_gen[0].u_engine_core/u_iv_top/bs_delay_gen[123].C_market_pipe_reg[124][10]_srl28_core_inst_gen_c_122/CLK
High Pulse Width  Slow    SRLC32E/CLK  n/a            0.532         2.000       1.468      SLICE_X76Y91  core_inst_gen[0].u_engine_core/u_iv_top/bs_delay_gen[123].C_market_pipe_reg[124][11]_srl28_core_inst_gen_c_122/CLK
High Pulse Width  Fast    SRLC32E/CLK  n/a            0.532         2.000       1.468      SLICE_X76Y91  core_inst_gen[0].u_engine_core/u_iv_top/bs_delay_gen[123].C_market_pipe_reg[124][11]_srl28_core_inst_gen_c_122/CLK
High Pulse Width  Slow    SRLC32E/CLK  n/a            0.532         2.000       1.468      SLICE_X81Y91  core_inst_gen[0].u_engine_core/u_iv_top/bs_delay_gen[123].C_market_pipe_reg[124][12]_srl28_core_inst_gen_c_122/CLK
High Pulse Width  Fast    SRLC32E/CLK  n/a            0.532         2.000       1.468      SLICE_X81Y91  core_inst_gen[0].u_engine_core/u_iv_top/bs_delay_gen[123].C_market_pipe_reg[124][12]_srl28_core_inst_gen_c_122/CLK
High Pulse Width  Slow    SRLC32E/CLK  n/a            0.532         2.000       1.468      SLICE_X76Y91  core_inst_gen[0].u_engine_core/u_iv_top/bs_delay_gen[123].C_market_pipe_reg[124][13]_srl28_core_inst_gen_c_122/CLK
High Pulse Width  Fast    SRLC32E/CLK  n/a            0.532         2.000       1.468      SLICE_X76Y91  core_inst_gen[0].u_engine_core/u_iv_top/bs_delay_gen[123].C_market_pipe_reg[124][13]_srl28_core_inst_gen_c_122/CLK



--------------------------------------------------------------------------------------
Path Group:  (none)
From Clock:  
  To Clock:  aclk

Max Delay        123997 Endpoints
Min Delay        123997 Endpoints
--------------------------------------------------------------------------------------


Max Delay Paths
--------------------------------------------------------------------------------------
Slack:                    inf
  Source:                 aresetn
                            (input port)
  Destination:            core_inst_gen[0].u_engine_core/fifo_mem_reg[33][77]/CE
                            (rising edge-triggered cell FDRE clocked by aclk  {rise@0.000ns fall@2.000ns period=4.000ns})
  Path Group:             (none)
  Path Type:              Setup (Max at Slow Process Corner)
  Data Path Delay:        2.795ns  (logic 0.185ns (6.619%)  route 2.610ns (93.381%))
  Logic Levels:           2  (LUT5=1 LUT6=1)
  Clock Path Skew:        0.020ns (DCD - SCD + CPR)
    Destination Clock Delay (DCD):    0.020ns
    Source Clock Delay      (SCD):    0.000ns
    Clock Pessimism Removal (CPR):    0.000ns
  Clock Uncertainty:      0.025ns  ((TSJ^2 + TIJ^2)^1/2 + DJ) / 2 + PE
    Total System Jitter     (TSJ):    0.050ns
    Total Input Jitter      (TIJ):    0.000ns
    Discrete Jitter          (DJ):    0.000ns
    Phase Error              (PE):    0.000ns
  Timing Exception:       False Path

    Location             Delay type                Incr(ns)  Path(ns)    Netlist Resource(s)
  -------------------------------------------------------------------    -------------------
                                                      0.000     0.000 r  aresetn (IN)
                         net (fo=89956, unset)        0.000     0.000    core_inst_gen[0].u_engine_core/u_iv_top/u_gain_comp/aresetn
    SLICE_X107Y123       LUT5 (Prop_G6LUT_SLICEM_I4_O)
                                                      0.037     0.037 r  core_inst_gen[0].u_engine_core/u_iv_top/u_gain_comp/fifo_mem[63][127]_i_4/O
                         net (fo=64, routed)          0.341     0.378    core_inst_gen[0].u_engine_core/u_iv_top/u_gain_comp/fifo_mem[63][127]_i_4_n_0
    SLICE_X103Y123       LUT6 (Prop_B6LUT_SLICEL_I5_O)
                                                      0.148     0.526 r  core_inst_gen[0].u_engine_core/u_iv_top/u_gain_comp/fifo_mem[33][127]_i_1/O
                         net (fo=127, routed)         2.269     2.795    core_inst_gen[0].u_engine_core/u_iv_top_n_298
    SLICE_X58Y177        FDRE                                         r  core_inst_gen[0].u_engine_core/fifo_mem_reg[33][77]/CE
  -------------------------------------------------------------------    -------------------

                         (clock aclk rise edge)       0.000     0.000 r  
                                                      0.000     0.000 r  aclk (IN)
                         net (fo=139844, unset)       0.020     0.020    core_inst_gen[0].u_engine_core/aclk
    SLICE_X58Y177        FDRE                                         r  core_inst_gen[0].u_engine_core/fifo_mem_reg[33][77]/C

Slack:                    inf
  Source:                 aresetn
                            (input port)
  Destination:            core_inst_gen[0].u_engine_core/fifo_mem_reg[37][77]/CE
                            (rising edge-triggered cell FDRE clocked by aclk  {rise@0.000ns fall@2.000ns period=4.000ns})
  Path Group:             (none)
  Path Type:              Setup (Max at Slow Process Corner)
  Data Path Delay:        2.761ns  (logic 0.072ns (2.607%)  route 2.689ns (97.393%))
  Logic Levels:           2  (LUT5=1 LUT6=1)
  Clock Path Skew:        0.020ns (DCD - SCD + CPR)
    Destination Clock Delay (DCD):    0.020ns
    Source Clock Delay      (SCD):    0.000ns
    Clock Pessimism Removal (CPR):    0.000ns
  Clock Uncertainty:      0.025ns  ((TSJ^2 + TIJ^2)^1/2 + DJ) / 2 + PE
    Total System Jitter     (TSJ):    0.050ns
    Total Input Jitter      (TIJ):    0.000ns
    Discrete Jitter          (DJ):    0.000ns
    Phase Error              (PE):    0.000ns
  Timing Exception:       False Path

    Location             Delay type                Incr(ns)  Path(ns)    Netlist Resource(s)
  -------------------------------------------------------------------    -------------------
                                                      0.000     0.000 r  aresetn (IN)
                         net (fo=89956, unset)        0.000     0.000    core_inst_gen[0].u_engine_core/u_iv_top/u_gain_comp/aresetn
    SLICE_X107Y123       LUT5 (Prop_G6LUT_SLICEM_I4_O)
                                                      0.037     0.037 r  core_inst_gen[0].u_engine_core/u_iv_top/u_gain_comp/fifo_mem[63][127]_i_4/O
                         net (fo=64, routed)          0.414     0.451    core_inst_gen[0].u_engine_core/u_iv_top/u_gain_comp/fifo_mem[63][127]_i_4_n_0
    SLICE_X105Y121       LUT6 (Prop_G6LUT_SLICEL_I5_O)
                                                      0.035     0.486 r  core_inst_gen[0].u_engine_core/u_iv_top/u_gain_comp/fifo_mem[37][127]_i_1/O
                         net (fo=127, routed)         2.275     2.761    core_inst_gen[0].u_engine_core/u_iv_top_n_300
    SLICE_X58Y174        FDRE                                         r  core_inst_gen[0].u_engine_core/fifo_mem_reg[37][77]/CE
  -------------------------------------------------------------------    -------------------

                         (clock aclk rise edge)       0.000     0.000 r  
                                                      0.000     0.000 r  aclk (IN)
                         net (fo=139844, unset)       0.020     0.020    core_inst_gen[0].u_engine_core/aclk
    SLICE_X58Y174        FDRE                                         r  core_inst_gen[0].u_engine_core/fifo_mem_reg[37][77]/C

Slack:                    inf
  Source:                 aresetn
                            (input port)
  Destination:            core_inst_gen[0].u_engine_core/fifo_mem_reg[33][61]/CE
                            (rising edge-triggered cell FDRE clocked by aclk  {rise@0.000ns fall@2.000ns period=4.000ns})
  Path Group:             (none)
  Path Type:              Setup (Max at Slow Process Corner)
  Data Path Delay:        2.740ns  (logic 0.185ns (6.752%)  route 2.555ns (93.248%))
  Logic Levels:           2  (LUT5=1 LUT6=1)
  Clock Path Skew:        0.020ns (DCD - SCD + CPR)
    Destination Clock Delay (DCD):    0.020ns
    Source Clock Delay      (SCD):    0.000ns
    Clock Pessimism Removal (CPR):    0.000ns
  Clock Uncertainty:      0.025ns  ((TSJ^2 + TIJ^2)^1/2 + DJ) / 2 + PE
    Total System Jitter     (TSJ):    0.050ns
    Total Input Jitter      (TIJ):    0.000ns
    Discrete Jitter          (DJ):    0.000ns
    Phase Error              (PE):    0.000ns
  Timing Exception:       False Path

    Location             Delay type                Incr(ns)  Path(ns)    Netlist Resource(s)
  -------------------------------------------------------------------    -------------------
                                                      0.000     0.000 r  aresetn (IN)
                         net (fo=89956, unset)        0.000     0.000    core_inst_gen[0].u_engine_core/u_iv_top/u_gain_comp/aresetn
    SLICE_X107Y123       LUT5 (Prop_G6LUT_SLICEM_I4_O)
                                                      0.037     0.037 r  core_inst_gen[0].u_engine_core/u_iv_top/u_gain_comp/fifo_mem[63][127]_i_4/O
                         net (fo=64, routed)          0.341     0.378    core_inst_gen[0].u_engine_core/u_iv_top/u_gain_comp/fifo_mem[63][127]_i_4_n_0
    SLICE_X103Y123       LUT6 (Prop_B6LUT_SLICEL_I5_O)
                                                      0.148     0.526 r  core_inst_gen[0].u_engine_core/u_iv_top/u_gain_comp/fifo_mem[33][127]_i_1/O
                         net (fo=127, routed)         2.214     2.740    core_inst_gen[0].u_engine_core/u_iv_top_n_298
    SLICE_X58Y164        FDRE                                         r  core_inst_gen[0].u_engine_core/fifo_mem_reg[33][61]/CE
  -------------------------------------------------------------------    -------------------

                         (clock aclk rise edge)       0.000     0.000 r  
                                                      0.000     0.000 r  aclk (IN)
                         net (fo=139844, unset)       0.020     0.020    core_inst_gen[0].u_engine_core/aclk
    SLICE_X58Y164        FDRE                                         r  core_inst_gen[0].u_engine_core/fifo_mem_reg[33][61]/C

Slack:                    inf
  Source:                 aresetn
                            (input port)
  Destination:            core_inst_gen[0].u_engine_core/fifo_mem_reg[30][86]/CE
                            (rising edge-triggered cell FDRE clocked by aclk  {rise@0.000ns fall@2.000ns period=4.000ns})
  Path Group:             (none)
  Path Type:              Setup (Max at Slow Process Corner)
  Data Path Delay:        2.733ns  (logic 0.076ns (2.781%)  route 2.657ns (97.219%))
  Logic Levels:           2  (LUT5=1 LUT6=1)
  Clock Path Skew:        0.021ns (DCD - SCD + CPR)
    Destination Clock Delay (DCD):    0.021ns
    Source Clock Delay      (SCD):    0.000ns
    Clock Pessimism Removal (CPR):    0.000ns
  Clock Uncertainty:      0.025ns  ((TSJ^2 + TIJ^2)^1/2 + DJ) / 2 + PE
    Total System Jitter     (TSJ):    0.050ns
    Total Input Jitter      (TIJ):    0.000ns
    Discrete Jitter          (DJ):    0.000ns
    Phase Error              (PE):    0.000ns
  Timing Exception:       False Path

    Location             Delay type                Incr(ns)  Path(ns)    Netlist Resource(s)
  -------------------------------------------------------------------    -------------------
                                                      0.000     0.000 r  aresetn (IN)
                         net (fo=89956, unset)        0.000     0.000    core_inst_gen[0].u_engine_core/u_iv_top/u_gain_comp/aresetn
    SLICE_X107Y123       LUT5 (Prop_G6LUT_SLICEM_I4_O)
                                                      0.037     0.037 r  core_inst_gen[0].u_engine_core/u_iv_top/u_gain_comp/fifo_mem[63][127]_i_4/O
                         net (fo=64, routed)          0.325     0.362    core_inst_gen[0].u_engine_core/u_iv_top/u_gain_comp/fifo_mem[63][127]_i_4_n_0
    SLICE_X104Y121       LUT6 (Prop_H6LUT_SLICEM_I5_O)
                                                      0.039     0.401 r  core_inst_gen[0].u_engine_core/u_iv_top/u_gain_comp/fifo_mem[30][127]_i_1/O
                         net (fo=127, routed)         2.332     2.733    core_inst_gen[0].u_engine_core/u_iv_top_n_330
    SLICE_X65Y174        FDRE                                         r  core_inst_gen[0].u_engine_core/fifo_mem_reg[30][86]/CE
  -------------------------------------------------------------------    -------------------

                         (clock aclk rise edge)       0.000     0.000 r  
                                                      0.000     0.000 r  aclk (IN)
                         net (fo=139844, unset)       0.021     0.021    core_inst_gen[0].u_engine_core/aclk
    SLICE_X65Y174        FDRE                                         r  core_inst_gen[0].u_engine_core/fifo_mem_reg[30][86]/C

Slack:                    inf
  Source:                 aresetn
                            (input port)
  Destination:            core_inst_gen[0].u_engine_core/fifo_mem_reg[37][76]/CE
                            (rising edge-triggered cell FDRE clocked by aclk  {rise@0.000ns fall@2.000ns period=4.000ns})
  Path Group:             (none)
  Path Type:              Setup (Max at Slow Process Corner)
  Data Path Delay:        2.729ns  (logic 0.072ns (2.638%)  route 2.657ns (97.362%))
  Logic Levels:           2  (LUT5=1 LUT6=1)
  Clock Path Skew:        0.020ns (DCD - SCD + CPR)
    Destination Clock Delay (DCD):    0.020ns
    Source Clock Delay      (SCD):    0.000ns
    Clock Pessimism Removal (CPR):    0.000ns
  Clock Uncertainty:      0.025ns  ((TSJ^2 + TIJ^2)^1/2 + DJ) / 2 + PE
    Total System Jitter     (TSJ):    0.050ns
    Total Input Jitter      (TIJ):    0.000ns
    Discrete Jitter          (DJ):    0.000ns
    Phase Error              (PE):    0.000ns
  Timing Exception:       False Path

    Location             Delay type                Incr(ns)  Path(ns)    Netlist Resource(s)
  -------------------------------------------------------------------    -------------------
                                                      0.000     0.000 r  aresetn (IN)
                         net (fo=89956, unset)        0.000     0.000    core_inst_gen[0].u_engine_core/u_iv_top/u_gain_comp/aresetn
    SLICE_X107Y123       LUT5 (Prop_G6LUT_SLICEM_I4_O)
                                                      0.037     0.037 r  core_inst_gen[0].u_engine_core/u_iv_top/u_gain_comp/fifo_mem[63][127]_i_4/O
                         net (fo=64, routed)          0.414     0.451    core_inst_gen[0].u_engine_core/u_iv_top/u_gain_comp/fifo_mem[63][127]_i_4_n_0
    SLICE_X105Y121       LUT6 (Prop_G6LUT_SLICEL_I5_O)
                                                      0.035     0.486 r  core_inst_gen[0].u_engine_core/u_iv_top/u_gain_comp/fifo_mem[37][127]_i_1/O
                         net (fo=127, routed)         2.243     2.729    core_inst_gen[0].u_engine_core/u_iv_top_n_300
    SLICE_X64Y170        FDRE                                         r  core_inst_gen[0].u_engine_core/fifo_mem_reg[37][76]/CE
  -------------------------------------------------------------------    -------------------

                         (clock aclk rise edge)       0.000     0.000 r  
                                                      0.000     0.000 r  aclk (IN)
                         net (fo=139844, unset)       0.020     0.020    core_inst_gen[0].u_engine_core/aclk
    SLICE_X64Y170        FDRE                                         r  core_inst_gen[0].u_engine_core/fifo_mem_reg[37][76]/C

Slack:                    inf
  Source:                 aresetn
                            (input port)
  Destination:            core_inst_gen[0].u_engine_core/fifo_mem_reg[30][77]/CE
                            (rising edge-triggered cell FDRE clocked by aclk  {rise@0.000ns fall@2.000ns period=4.000ns})
  Path Group:             (none)
  Path Type:              Setup (Max at Slow Process Corner)
  Data Path Delay:        2.715ns  (logic 0.076ns (2.799%)  route 2.639ns (97.201%))
  Logic Levels:           2  (LUT5=1 LUT6=1)
  Clock Path Skew:        0.020ns (DCD - SCD + CPR)
    Destination Clock Delay (DCD):    0.020ns
    Source Clock Delay      (SCD):    0.000ns
    Clock Pessimism Removal (CPR):    0.000ns
  Clock Uncertainty:      0.025ns  ((TSJ^2 + TIJ^2)^1/2 + DJ) / 2 + PE
    Total System Jitter     (TSJ):    0.050ns
    Total Input Jitter      (TIJ):    0.000ns
    Discrete Jitter          (DJ):    0.000ns
    Phase Error              (PE):    0.000ns
  Timing Exception:       False Path

    Location             Delay type                Incr(ns)  Path(ns)    Netlist Resource(s)
  -------------------------------------------------------------------    -------------------
                                                      0.000     0.000 r  aresetn (IN)
                         net (fo=89956, unset)        0.000     0.000    core_inst_gen[0].u_engine_core/u_iv_top/u_gain_comp/aresetn
    SLICE_X107Y123       LUT5 (Prop_G6LUT_SLICEM_I4_O)
                                                      0.037     0.037 r  core_inst_gen[0].u_engine_core/u_iv_top/u_gain_comp/fifo_mem[63][127]_i_4/O
                         net (fo=64, routed)          0.325     0.362    core_inst_gen[0].u_engine_core/u_iv_top/u_gain_comp/fifo_mem[63][127]_i_4_n_0
    SLICE_X104Y121       LUT6 (Prop_H6LUT_SLICEM_I5_O)
                                                      0.039     0.401 r  core_inst_gen[0].u_engine_core/u_iv_top/u_gain_comp/fifo_mem[30][127]_i_1/O
                         net (fo=127, routed)         2.315     2.715    core_inst_gen[0].u_engine_core/u_iv_top_n_330
    SLICE_X59Y177        FDRE                                         r  core_inst_gen[0].u_engine_core/fifo_mem_reg[30][77]/CE
  -------------------------------------------------------------------    -------------------

                         (clock aclk rise edge)       0.000     0.000 r  
                                                      0.000     0.000 r  aclk (IN)
                         net (fo=139844, unset)       0.020     0.020    core_inst_gen[0].u_engine_core/aclk
    SLICE_X59Y177        FDRE                                         r  core_inst_gen[0].u_engine_core/fifo_mem_reg[30][77]/C

Slack:                    inf
  Source:                 aresetn
                            (input port)
  Destination:            core_inst_gen[0].u_engine_core/fifo_mem_reg[24][77]/CE
                            (rising edge-triggered cell FDRE clocked by aclk  {rise@0.000ns fall@2.000ns period=4.000ns})
  Path Group:             (none)
  Path Type:              Setup (Max at Slow Process Corner)
  Data Path Delay:        2.715ns  (logic 0.073ns (2.689%)  route 2.642ns (97.311%))
  Logic Levels:           2  (LUT5=1 LUT6=1)
  Clock Path Skew:        0.020ns (DCD - SCD + CPR)
    Destination Clock Delay (DCD):    0.020ns
    Source Clock Delay      (SCD):    0.000ns
    Clock Pessimism Removal (CPR):    0.000ns
  Clock Uncertainty:      0.025ns  ((TSJ^2 + TIJ^2)^1/2 + DJ) / 2 + PE
    Total System Jitter     (TSJ):    0.050ns
    Total Input Jitter      (TIJ):    0.000ns
    Discrete Jitter          (DJ):    0.000ns
    Phase Error              (PE):    0.000ns
  Timing Exception:       False Path

    Location             Delay type                Incr(ns)  Path(ns)    Netlist Resource(s)
  -------------------------------------------------------------------    -------------------
                                                      0.000     0.000 r  aresetn (IN)
                         net (fo=89956, unset)        0.000     0.000    core_inst_gen[0].u_engine_core/u_iv_top/u_gain_comp/aresetn
    SLICE_X107Y123       LUT5 (Prop_G6LUT_SLICEM_I4_O)
                                                      0.037     0.037 r  core_inst_gen[0].u_engine_core/u_iv_top/u_gain_comp/fifo_mem[63][127]_i_4/O
                         net (fo=64, routed)          0.414     0.451    core_inst_gen[0].u_engine_core/u_iv_top/u_gain_comp/fifo_mem[63][127]_i_4_n_0
    SLICE_X105Y121       LUT6 (Prop_H6LUT_SLICEL_I5_O)
                                                      0.036     0.487 r  core_inst_gen[0].u_engine_core/u_iv_top/u_gain_comp/fifo_mem[24][127]_i_1/O
                         net (fo=127, routed)         2.228     2.715    core_inst_gen[0].u_engine_core/u_iv_top_n_333
    SLICE_X59Y178        FDRE                                         r  core_inst_gen[0].u_engine_core/fifo_mem_reg[24][77]/CE
  -------------------------------------------------------------------    -------------------

                         (clock aclk rise edge)       0.000     0.000 r  
                                                      0.000     0.000 r  aclk (IN)
                         net (fo=139844, unset)       0.020     0.020    core_inst_gen[0].u_engine_core/aclk
    SLICE_X59Y178        FDRE                                         r  core_inst_gen[0].u_engine_core/fifo_mem_reg[24][77]/C

Slack:                    inf
  Source:                 aresetn
                            (input port)
  Destination:            core_inst_gen[3].u_engine_core/fifo_mem_reg[59][53]/CE
                            (rising edge-triggered cell FDRE clocked by aclk  {rise@0.000ns fall@2.000ns period=4.000ns})
  Path Group:             (none)
  Path Type:              Setup (Max at Slow Process Corner)
  Data Path Delay:        2.699ns  (logic 0.087ns (3.224%)  route 2.612ns (96.776%))
  Logic Levels:           2  (LUT5=1 LUT6=1)
  Clock Path Skew:        0.020ns (DCD - SCD + CPR)
    Destination Clock Delay (DCD):    0.020ns
    Source Clock Delay      (SCD):    0.000ns
    Clock Pessimism Removal (CPR):    0.000ns
  Clock Uncertainty:      0.025ns  ((TSJ^2 + TIJ^2)^1/2 + DJ) / 2 + PE
    Total System Jitter     (TSJ):    0.050ns
    Total Input Jitter      (TIJ):    0.000ns
    Discrete Jitter          (DJ):    0.000ns
    Phase Error              (PE):    0.000ns
  Timing Exception:       False Path

    Location             Delay type                Incr(ns)  Path(ns)    Netlist Resource(s)
  -------------------------------------------------------------------    -------------------
                                                      0.000     0.000 r  aresetn (IN)
                         net (fo=89956, unset)        0.000     0.000    core_inst_gen[3].u_engine_core/u_iv_top/u_gain_comp/aresetn
    SLICE_X112Y156       LUT5 (Prop_F6LUT_SLICEL_I4_O)
                                                      0.035     0.035 r  core_inst_gen[3].u_engine_core/u_iv_top/u_gain_comp/fifo_mem[63][127]_i_4__2/O
                         net (fo=64, routed)          0.936     0.971    core_inst_gen[3].u_engine_core/u_iv_top/u_gain_comp/fifo_mem[63][127]_i_4__2_n_0
    SLICE_X121Y163       LUT6 (Prop_G6LUT_SLICEM_I5_O)
                                                      0.052     1.023 r  core_inst_gen[3].u_engine_core/u_iv_top/u_gain_comp/fifo_mem[59][127]_i_1__2/O
                         net (fo=127, routed)         1.676     2.699    core_inst_gen[3].u_engine_core/u_iv_top_n_305
    SLICE_X169Y120       FDRE                                         r  core_inst_gen[3].u_engine_core/fifo_mem_reg[59][53]/CE
  -------------------------------------------------------------------    -------------------

                         (clock aclk rise edge)       0.000     0.000 r  
                                                      0.000     0.000 r  aclk (IN)
                         net (fo=139844, unset)       0.020     0.020    core_inst_gen[3].u_engine_core/aclk
    SLICE_X169Y120       FDRE                                         r  core_inst_gen[3].u_engine_core/fifo_mem_reg[59][53]/C

Slack:                    inf
  Source:                 aresetn
                            (input port)
  Destination:            core_inst_gen[0].u_engine_core/fifo_mem_reg[37][75]/CE
                            (rising edge-triggered cell FDRE clocked by aclk  {rise@0.000ns fall@2.000ns period=4.000ns})
  Path Group:             (none)
  Path Type:              Setup (Max at Slow Process Corner)
  Data Path Delay:        2.692ns  (logic 0.072ns (2.674%)  route 2.620ns (97.326%))
  Logic Levels:           2  (LUT5=1 LUT6=1)
  Clock Path Skew:        0.020ns (DCD - SCD + CPR)
    Destination Clock Delay (DCD):    0.020ns
    Source Clock Delay      (SCD):    0.000ns
    Clock Pessimism Removal (CPR):    0.000ns
  Clock Uncertainty:      0.025ns  ((TSJ^2 + TIJ^2)^1/2 + DJ) / 2 + PE
    Total System Jitter     (TSJ):    0.050ns
    Total Input Jitter      (TIJ):    0.000ns
    Discrete Jitter          (DJ):    0.000ns
    Phase Error              (PE):    0.000ns
  Timing Exception:       False Path

    Location             Delay type                Incr(ns)  Path(ns)    Netlist Resource(s)
  -------------------------------------------------------------------    -------------------
                                                      0.000     0.000 r  aresetn (IN)
                         net (fo=89956, unset)        0.000     0.000    core_inst_gen[0].u_engine_core/u_iv_top/u_gain_comp/aresetn
    SLICE_X107Y123       LUT5 (Prop_G6LUT_SLICEM_I4_O)
                                                      0.037     0.037 r  core_inst_gen[0].u_engine_core/u_iv_top/u_gain_comp/fifo_mem[63][127]_i_4/O
                         net (fo=64, routed)          0.414     0.451    core_inst_gen[0].u_engine_core/u_iv_top/u_gain_comp/fifo_mem[63][127]_i_4_n_0
    SLICE_X105Y121       LUT6 (Prop_G6LUT_SLICEL_I5_O)
                                                      0.035     0.486 r  core_inst_gen[0].u_engine_core/u_iv_top/u_gain_comp/fifo_mem[37][127]_i_1/O
                         net (fo=127, routed)         2.206     2.692    core_inst_gen[0].u_engine_core/u_iv_top_n_300
    SLICE_X67Y172        FDRE                                         r  core_inst_gen[0].u_engine_core/fifo_mem_reg[37][75]/CE
  -------------------------------------------------------------------    -------------------

                         (clock aclk rise edge)       0.000     0.000 r  
                                                      0.000     0.000 r  aclk (IN)
                         net (fo=139844, unset)       0.020     0.020    core_inst_gen[0].u_engine_core/aclk
    SLICE_X67Y172        FDRE                                         r  core_inst_gen[0].u_engine_core/fifo_mem_reg[37][75]/C

Slack:                    inf
  Source:                 aresetn
                            (input port)
  Destination:            core_inst_gen[0].u_engine_core/fifo_mem_reg[30][75]/CE
                            (rising edge-triggered cell FDRE clocked by aclk  {rise@0.000ns fall@2.000ns period=4.000ns})
  Path Group:             (none)
  Path Type:              Setup (Max at Slow Process Corner)
  Data Path Delay:        2.680ns  (logic 0.076ns (2.836%)  route 2.604ns (97.164%))
  Logic Levels:           2  (LUT5=1 LUT6=1)
  Clock Path Skew:        0.021ns (DCD - SCD + CPR)
    Destination Clock Delay (DCD):    0.021ns
    Source Clock Delay      (SCD):    0.000ns
    Clock Pessimism Removal (CPR):    0.000ns
  Clock Uncertainty:      0.025ns  ((TSJ^2 + TIJ^2)^1/2 + DJ) / 2 + PE
    Total System Jitter     (TSJ):    0.050ns
    Total Input Jitter      (TIJ):    0.000ns
    Discrete Jitter          (DJ):    0.000ns
    Phase Error              (PE):    0.000ns
  Timing Exception:       False Path

    Location             Delay type                Incr(ns)  Path(ns)    Netlist Resource(s)
  -------------------------------------------------------------------    -------------------
                                                      0.000     0.000 r  aresetn (IN)
                         net (fo=89956, unset)        0.000     0.000    core_inst_gen[0].u_engine_core/u_iv_top/u_gain_comp/aresetn
    SLICE_X107Y123       LUT5 (Prop_G6LUT_SLICEM_I4_O)
                                                      0.037     0.037 r  core_inst_gen[0].u_engine_core/u_iv_top/u_gain_comp/fifo_mem[63][127]_i_4/O
                         net (fo=64, routed)          0.325     0.362    core_inst_gen[0].u_engine_core/u_iv_top/u_gain_comp/fifo_mem[63][127]_i_4_n_0
    SLICE_X104Y121       LUT6 (Prop_H6LUT_SLICEM_I5_O)
                                                      0.039     0.401 r  core_inst_gen[0].u_engine_core/u_iv_top/u_gain_comp/fifo_mem[30][127]_i_1/O
                         net (fo=127, routed)         2.279     2.680    core_inst_gen[0].u_engine_core/u_iv_top_n_330
    SLICE_X57Y169        FDRE                                         r  core_inst_gen[0].u_engine_core/fifo_mem_reg[30][75]/CE
  -------------------------------------------------------------------    -------------------

                         (clock aclk rise edge)       0.000     0.000 r  
                                                      0.000     0.000 r  aclk (IN)
                         net (fo=139844, unset)       0.021     0.021    core_inst_gen[0].u_engine_core/aclk
    SLICE_X57Y169        FDRE                                         r  core_inst_gen[0].u_engine_core/fifo_mem_reg[30][75]/C





Min Delay Paths
--------------------------------------------------------------------------------------
Slack:                    inf
  Source:                 aresetn
                            (input port)
  Destination:            C_bs_out_reg[31]_i_26__1/CLR
                            (removal check against rising-edge clock aclk  {rise@0.000ns fall@2.000ns period=4.000ns})
  Path Group:             (none)
  Path Type:              Removal (Min at Fast Process Corner)
  Data Path Delay:        0.009ns  (logic 0.000ns (0.000%)  route 0.009ns (100.000%))
  Logic Levels:           0  
  Clock Path Skew:        0.019ns (DCD - SCD - CPR)
    Destination Clock Delay (DCD):    0.019ns
    Source Clock Delay      (SCD):    0.000ns
    Clock Pessimism Removal (CPR):    -0.000ns
  Timing Exception:       False Path

    Location             Delay type                Incr(ns)  Path(ns)    Netlist Resource(s)
  -------------------------------------------------------------------    -------------------
                                                      0.000     0.000 r  aresetn (IN)
                         net (fo=89956, unset)        0.009     0.009    core_inst_gen[0].u_engine_core_n_0
    SLICE_X51Y199        FDCE                                         f  C_bs_out_reg[31]_i_26__1/CLR  (IS_INVERTED)
  -------------------------------------------------------------------    -------------------

                         (clock aclk rise edge)       0.000     0.000 r  
                                                      0.000     0.000 r  aclk (IN)
                         net (fo=139844, unset)       0.019     0.019    aclk
    SLICE_X51Y199        FDCE                                         r  C_bs_out_reg[31]_i_26__1/C

Slack:                    inf
  Source:                 aresetn
                            (input port)
  Destination:            C_bs_out_reg[31]_i_26__2/CLR
                            (removal check against rising-edge clock aclk  {rise@0.000ns fall@2.000ns period=4.000ns})
  Path Group:             (none)
  Path Type:              Removal (Min at Fast Process Corner)
  Data Path Delay:        0.009ns  (logic 0.000ns (0.000%)  route 0.009ns (100.000%))
  Logic Levels:           0  
  Clock Path Skew:        0.018ns (DCD - SCD - CPR)
    Destination Clock Delay (DCD):    0.018ns
    Source Clock Delay      (SCD):    0.000ns
    Clock Pessimism Removal (CPR):    -0.000ns
  Timing Exception:       False Path

    Location             Delay type                Incr(ns)  Path(ns)    Netlist Resource(s)
  -------------------------------------------------------------------    -------------------
                                                      0.000     0.000 r  aresetn (IN)
                         net (fo=89956, unset)        0.009     0.009    core_inst_gen[0].u_engine_core_n_0
    SLICE_X163Y176       FDCE                                         f  C_bs_out_reg[31]_i_26__2/CLR  (IS_INVERTED)
  -------------------------------------------------------------------    -------------------

                         (clock aclk rise edge)       0.000     0.000 r  
                                                      0.000     0.000 r  aclk (IN)
                         net (fo=139844, unset)       0.018     0.018    aclk
    SLICE_X163Y176       FDCE                                         r  C_bs_out_reg[31]_i_26__2/C

Slack:                    inf
  Source:                 aresetn
                            (input port)
  Destination:            C_bs_out_reg[31]_i_27/CLR
                            (removal check against rising-edge clock aclk  {rise@0.000ns fall@2.000ns period=4.000ns})
  Path Group:             (none)
  Path Type:              Removal (Min at Fast Process Corner)
  Data Path Delay:        0.009ns  (logic 0.000ns (0.000%)  route 0.009ns (100.000%))
  Logic Levels:           0  
  Clock Path Skew:        0.019ns (DCD - SCD - CPR)
    Destination Clock Delay (DCD):    0.019ns
    Source Clock Delay      (SCD):    0.000ns
    Clock Pessimism Removal (CPR):    -0.000ns
  Timing Exception:       False Path

    Location             Delay type                Incr(ns)  Path(ns)    Netlist Resource(s)
  -------------------------------------------------------------------    -------------------
                                                      0.000     0.000 r  aresetn (IN)
                         net (fo=89956, unset)        0.009     0.009    core_inst_gen[0].u_engine_core_n_0
    SLICE_X62Y82         FDCE                                         f  C_bs_out_reg[31]_i_27/CLR  (IS_INVERTED)
  -------------------------------------------------------------------    -------------------

                         (clock aclk rise edge)       0.000     0.000 r  
                                                      0.000     0.000 r  aclk (IN)
                         net (fo=139844, unset)       0.019     0.019    aclk
    SLICE_X62Y82         FDCE                                         r  C_bs_out_reg[31]_i_27/C

Slack:                    inf
  Source:                 aresetn
                            (input port)
  Destination:            C_bs_out_reg[31]_i_27__1/CLR
                            (removal check against rising-edge clock aclk  {rise@0.000ns fall@2.000ns period=4.000ns})
  Path Group:             (none)
  Path Type:              Removal (Min at Fast Process Corner)
  Data Path Delay:        0.009ns  (logic 0.000ns (0.000%)  route 0.009ns (100.000%))
  Logic Levels:           0  
  Clock Path Skew:        0.019ns (DCD - SCD - CPR)
    Destination Clock Delay (DCD):    0.019ns
    Source Clock Delay      (SCD):    0.000ns
    Clock Pessimism Removal (CPR):    -0.000ns
  Timing Exception:       False Path

    Location             Delay type                Incr(ns)  Path(ns)    Netlist Resource(s)
  -------------------------------------------------------------------    -------------------
                                                      0.000     0.000 r  aresetn (IN)
                         net (fo=89956, unset)        0.009     0.009    core_inst_gen[0].u_engine_core_n_0
    SLICE_X51Y199        FDCE                                         f  C_bs_out_reg[31]_i_27__1/CLR  (IS_INVERTED)
  -------------------------------------------------------------------    -------------------

                         (clock aclk rise edge)       0.000     0.000 r  
                                                      0.000     0.000 r  aclk (IN)
                         net (fo=139844, unset)       0.019     0.019    aclk
    SLICE_X51Y199        FDCE                                         r  C_bs_out_reg[31]_i_27__1/C

Slack:                    inf
  Source:                 aresetn
                            (input port)
  Destination:            C_bs_out_reg[31]_i_27__2/CLR
                            (removal check against rising-edge clock aclk  {rise@0.000ns fall@2.000ns period=4.000ns})
  Path Group:             (none)
  Path Type:              Removal (Min at Fast Process Corner)
  Data Path Delay:        0.009ns  (logic 0.000ns (0.000%)  route 0.009ns (100.000%))
  Logic Levels:           0  
  Clock Path Skew:        0.019ns (DCD - SCD - CPR)
    Destination Clock Delay (DCD):    0.019ns
    Source Clock Delay      (SCD):    0.000ns
    Clock Pessimism Removal (CPR):    -0.000ns
  Timing Exception:       False Path

    Location             Delay type                Incr(ns)  Path(ns)    Netlist Resource(s)
  -------------------------------------------------------------------    -------------------
                                                      0.000     0.000 r  aresetn (IN)
                         net (fo=89956, unset)        0.009     0.009    core_inst_gen[0].u_engine_core_n_0
    SLICE_X160Y178       FDCE                                         f  C_bs_out_reg[31]_i_27__2/CLR  (IS_INVERTED)
  -------------------------------------------------------------------    -------------------

                         (clock aclk rise edge)       0.000     0.000 r  
                                                      0.000     0.000 r  aclk (IN)
                         net (fo=139844, unset)       0.019     0.019    aclk
    SLICE_X160Y178       FDCE                                         r  C_bs_out_reg[31]_i_27__2/C

Slack:                    inf
  Source:                 aresetn
                            (input port)
  Destination:            core_inst_gen[0].u_engine_core/data_out_reg[31]_i_2/CLR
                            (removal check against rising-edge clock aclk  {rise@0.000ns fall@2.000ns period=4.000ns})
  Path Group:             (none)
  Path Type:              Removal (Min at Fast Process Corner)
  Data Path Delay:        0.009ns  (logic 0.000ns (0.000%)  route 0.009ns (100.000%))
  Logic Levels:           0  
  Clock Path Skew:        0.019ns (DCD - SCD - CPR)
    Destination Clock Delay (DCD):    0.019ns
    Source Clock Delay      (SCD):    0.000ns
    Clock Pessimism Removal (CPR):    -0.000ns
  Timing Exception:       False Path

    Location             Delay type                Incr(ns)  Path(ns)    Netlist Resource(s)
  -------------------------------------------------------------------    -------------------
                                                      0.000     0.000 r  aresetn (IN)
                         net (fo=89956, unset)        0.009     0.009    core_inst_gen[0].u_engine_core/aresetn_0
    SLICE_X96Y128        FDCE                                         f  core_inst_gen[0].u_engine_core/data_out_reg[31]_i_2/CLR  (IS_INVERTED)
  -------------------------------------------------------------------    -------------------

                         (clock aclk rise edge)       0.000     0.000 r  
                                                      0.000     0.000 r  aclk (IN)
                         net (fo=139844, unset)       0.019     0.019    core_inst_gen[0].u_engine_core/aclk
    SLICE_X96Y128        FDCE                                         r  core_inst_gen[0].u_engine_core/data_out_reg[31]_i_2/C

Slack:                    inf
  Source:                 aresetn
                            (input port)
  Destination:            core_inst_gen[0].u_engine_core/fifo_count_reg[1]/CLR
                            (removal check against rising-edge clock aclk  {rise@0.000ns fall@2.000ns period=4.000ns})
  Path Group:             (none)
  Path Type:              Removal (Min at Fast Process Corner)
  Data Path Delay:        0.009ns  (logic 0.000ns (0.000%)  route 0.009ns (100.000%))
  Logic Levels:           0  
  Clock Path Skew:        0.018ns (DCD - SCD - CPR)
    Destination Clock Delay (DCD):    0.018ns
    Source Clock Delay      (SCD):    0.000ns
    Clock Pessimism Removal (CPR):    -0.000ns
  Timing Exception:       False Path

    Location             Delay type                Incr(ns)  Path(ns)    Netlist Resource(s)
  -------------------------------------------------------------------    -------------------
                                                      0.000     0.000 r  aresetn (IN)
                         net (fo=89956, unset)        0.009     0.009    core_inst_gen[0].u_engine_core/aresetn_0
    SLICE_X108Y123       FDCE                                         f  core_inst_gen[0].u_engine_core/fifo_count_reg[1]/CLR  (IS_INVERTED)
  -------------------------------------------------------------------    -------------------

                         (clock aclk rise edge)       0.000     0.000 r  
                                                      0.000     0.000 r  aclk (IN)
                         net (fo=139844, unset)       0.018     0.018    core_inst_gen[0].u_engine_core/aclk
    SLICE_X108Y123       FDCE                                         r  core_inst_gen[0].u_engine_core/fifo_count_reg[1]/C

Slack:                    inf
  Source:                 aresetn
                            (input port)
  Destination:            core_inst_gen[0].u_engine_core/fifo_count_reg[2]/CLR
                            (removal check against rising-edge clock aclk  {rise@0.000ns fall@2.000ns period=4.000ns})
  Path Group:             (none)
  Path Type:              Removal (Min at Fast Process Corner)
  Data Path Delay:        0.009ns  (logic 0.000ns (0.000%)  route 0.009ns (100.000%))
  Logic Levels:           0  
  Clock Path Skew:        0.018ns (DCD - SCD - CPR)
    Destination Clock Delay (DCD):    0.018ns
    Source Clock Delay      (SCD):    0.000ns
    Clock Pessimism Removal (CPR):    -0.000ns
  Timing Exception:       False Path

    Location             Delay type                Incr(ns)  Path(ns)    Netlist Resource(s)
  -------------------------------------------------------------------    -------------------
                                                      0.000     0.000 r  aresetn (IN)
                         net (fo=89956, unset)        0.009     0.009    core_inst_gen[0].u_engine_core/aresetn_0
    SLICE_X108Y123       FDCE                                         f  core_inst_gen[0].u_engine_core/fifo_count_reg[2]/CLR  (IS_INVERTED)
  -------------------------------------------------------------------    -------------------

                         (clock aclk rise edge)       0.000     0.000 r  
                                                      0.000     0.000 r  aclk (IN)
                         net (fo=139844, unset)       0.018     0.018    core_inst_gen[0].u_engine_core/aclk
    SLICE_X108Y123       FDCE                                         r  core_inst_gen[0].u_engine_core/fifo_count_reg[2]/C

Slack:                    inf
  Source:                 aresetn
                            (input port)
  Destination:            core_inst_gen[0].u_engine_core/fifo_count_reg[3]/CLR
                            (removal check against rising-edge clock aclk  {rise@0.000ns fall@2.000ns period=4.000ns})
  Path Group:             (none)
  Path Type:              Removal (Min at Fast Process Corner)
  Data Path Delay:        0.009ns  (logic 0.000ns (0.000%)  route 0.009ns (100.000%))
  Logic Levels:           0  
  Clock Path Skew:        0.018ns (DCD - SCD - CPR)
    Destination Clock Delay (DCD):    0.018ns
    Source Clock Delay      (SCD):    0.000ns
    Clock Pessimism Removal (CPR):    -0.000ns
  Timing Exception:       False Path

    Location             Delay type                Incr(ns)  Path(ns)    Netlist Resource(s)
  -------------------------------------------------------------------    -------------------
                                                      0.000     0.000 r  aresetn (IN)
                         net (fo=89956, unset)        0.009     0.009    core_inst_gen[0].u_engine_core/aresetn_0
    SLICE_X108Y123       FDCE                                         f  core_inst_gen[0].u_engine_core/fifo_count_reg[3]/CLR  (IS_INVERTED)
  -------------------------------------------------------------------    -------------------

                         (clock aclk rise edge)       0.000     0.000 r  
                                                      0.000     0.000 r  aclk (IN)
                         net (fo=139844, unset)       0.018     0.018    core_inst_gen[0].u_engine_core/aclk
    SLICE_X108Y123       FDCE                                         r  core_inst_gen[0].u_engine_core/fifo_count_reg[3]/C

Slack:                    inf
  Source:                 aresetn
                            (input port)
  Destination:            core_inst_gen[0].u_engine_core/fifo_count_reg[4]/CLR
                            (removal check against rising-edge clock aclk  {rise@0.000ns fall@2.000ns period=4.000ns})
  Path Group:             (none)
  Path Type:              Removal (Min at Fast Process Corner)
  Data Path Delay:        0.009ns  (logic 0.000ns (0.000%)  route 0.009ns (100.000%))
  Logic Levels:           0  
  Clock Path Skew:        0.018ns (DCD - SCD - CPR)
    Destination Clock Delay (DCD):    0.018ns
    Source Clock Delay      (SCD):    0.000ns
    Clock Pessimism Removal (CPR):    -0.000ns
  Timing Exception:       False Path

    Location             Delay type                Incr(ns)  Path(ns)    Netlist Resource(s)
  -------------------------------------------------------------------    -------------------
                                                      0.000     0.000 r  aresetn (IN)
                         net (fo=89956, unset)        0.009     0.009    core_inst_gen[0].u_engine_core/aresetn_0
    SLICE_X108Y123       FDCE                                         f  core_inst_gen[0].u_engine_core/fifo_count_reg[4]/CLR  (IS_INVERTED)
  -------------------------------------------------------------------    -------------------

                         (clock aclk rise edge)       0.000     0.000 r  
                                                      0.000     0.000 r  aclk (IN)
                         net (fo=139844, unset)       0.018     0.018    core_inst_gen[0].u_engine_core/aclk
    SLICE_X108Y123       FDCE                                         r  core_inst_gen[0].u_engine_core/fifo_count_reg[4]/C





--------------------------------------------------------------------------------------
Path Group:  (none)
From Clock:  
  To Clock:  

Max Delay             1 Endpoint
Min Delay             1 Endpoint
--------------------------------------------------------------------------------------


Max Delay Paths
--------------------------------------------------------------------------------------
Slack:                    inf
  Source:                 s_axis_tdata[161]
                            (input port)
  Destination:            s_axis_tready
                            (output port)
  Path Group:             (none)
  Path Type:              Max at Slow Process Corner
  Data Path Delay:        2.116ns  (logic 0.703ns (33.223%)  route 1.413ns (66.777%))
  Logic Levels:           7  (LUT4=1 LUT6=4 MUXF7=1 MUXF8=1)

    Location             Delay type                Incr(ns)  Path(ns)    Netlist Resource(s)
  -------------------------------------------------------------------    -------------------
                                                      0.000     0.000 r  s_axis_tdata[161] (IN)
                         net (fo=981, unset)          0.000     0.000    core_inst_gen[2].u_engine_core/u_iv_top/cordic_inst/s_axis_tdata[98]
    SLICE_X112Y158       LUT6 (Prop_H6LUT_SLICEL_I2_O)
                                                      0.099     0.099 f  core_inst_gen[2].u_engine_core/u_iv_top/cordic_inst/s_axis_tready_INST_0_i_93/O
                         net (fo=1, routed)           0.010     0.109    core_inst_gen[2].u_engine_core/u_iv_top/cordic_inst/s_axis_tready_INST_0_i_93_n_0
    SLICE_X112Y158       MUXF7 (Prop_F7MUX_GH_SLICEL_I0_O)
                                                      0.057     0.166 f  core_inst_gen[2].u_engine_core/u_iv_top/cordic_inst/s_axis_tready_INST_0_i_53/O
                         net (fo=1, routed)           0.000     0.166    core_inst_gen[2].u_engine_core/u_iv_top/cordic_inst/s_axis_tready_INST_0_i_53_n_0
    SLICE_X112Y158       MUXF8 (Prop_F8MUX_TOP_SLICEL_I0_O)
                                                      0.026     0.192 f  core_inst_gen[2].u_engine_core/u_iv_top/cordic_inst/s_axis_tready_INST_0_i_30/O
                         net (fo=1, routed)           0.348     0.540    core_inst_gen[2].u_engine_core/u_iv_top/u_arb_fsm/lopt_3
    SLICE_X109Y165       LUT6 (Prop_D6LUT_SLICEM_I1_O)
                                                      0.145     0.685 f  core_inst_gen[2].u_engine_core/u_iv_top/u_arb_fsm/i_3_LOPT_REMAP_1/O
                         net (fo=1, routed)           0.366     1.051    core_inst_gen[2].u_engine_core/u_iv_top/u_arb_fsm/i_3/O_n_1
    SLICE_X100Y172       LUT6 (Prop_H6LUT_SLICEM_I2_O)
                                                      0.101     1.152 f  core_inst_gen[2].u_engine_core/u_iv_top/u_arb_fsm/i_0_LOPT_REMAP_1/O
                         net (fo=2, routed)           0.048     1.200    core_inst_gen[2].u_engine_core/u_iv_top/u_arb_fsm/iv_fifo_full
    SLICE_X100Y172       LUT4 (Prop_C6LUT_SLICEM_I3_O)
                                                      0.123     1.323 r  core_inst_gen[2].u_engine_core/u_iv_top/u_arb_fsm/s_axis_tready_INST_0_i_2/O
                         net (fo=1, routed)           0.641     1.964    core_inst_gen[3].u_engine_core/u_iv_top/u_arb_fsm/s_axis_tready_0[2]
    SLICE_X111Y133       LUT6 (Prop_H6LUT_SLICEM_I1_O)
                                                      0.152     2.116 r  core_inst_gen[3].u_engine_core/u_iv_top/u_arb_fsm/s_axis_tready_INST_0/O
                         net (fo=1, unset)            0.000     2.116    s_axis_tready
                                                                      r  s_axis_tready (OUT)
  -------------------------------------------------------------------    -------------------





Min Delay Paths
--------------------------------------------------------------------------------------
Slack:                    inf
  Source:                 s_axis_tdata[164]
                            (input port)
  Destination:            s_axis_tready
                            (output port)
  Path Group:             (none)
  Path Type:              Min at Fast Process Corner
  Data Path Delay:        0.336ns  (logic 0.101ns (30.060%)  route 0.235ns (69.940%))
  Logic Levels:           4  (LUT4=1 LUT6=3)

    Location             Delay type                Incr(ns)  Path(ns)    Netlist Resource(s)
  -------------------------------------------------------------------    -------------------
                                                      0.000     0.000 r  s_axis_tdata[164] (IN)
                         net (fo=925, unset)          0.000     0.000    core_inst_gen[0].u_engine_core/u_iv_top/u_arb_fsm/s_axis_tdata[4]
    SLICE_X107Y120       LUT6 (Prop_G6LUT_SLICEM_I4_O)
                                                      0.022     0.022 f  core_inst_gen[0].u_engine_core/u_iv_top/u_arb_fsm/i_2_LOPT_REMAP_1/O
                         net (fo=1, routed)           0.027     0.049    core_inst_gen[0].u_engine_core/u_iv_top/u_arb_fsm/i_2/O_n_1
    SLICE_X107Y120       LUT6 (Prop_H6LUT_SLICEM_I1_O)
                                                      0.023     0.072 f  core_inst_gen[0].u_engine_core/u_iv_top/u_arb_fsm/i_0_LOPT_REMAP_1/O
                         net (fo=2, routed)           0.074     0.146    core_inst_gen[0].u_engine_core/u_iv_top/u_arb_fsm/iv_fifo_full
    SLICE_X107Y123       LUT4 (Prop_A6LUT_SLICEM_I3_O)
                                                      0.041     0.187 r  core_inst_gen[0].u_engine_core/u_iv_top/u_arb_fsm/s_axis_tready_INST_0_i_4/O
                         net (fo=1, routed)           0.134     0.321    core_inst_gen[3].u_engine_core/u_iv_top/u_arb_fsm/s_axis_tready_0[0]
    SLICE_X111Y133       LUT6 (Prop_H6LUT_SLICEM_I5_O)
                                                      0.015     0.336 r  core_inst_gen[3].u_engine_core/u_iv_top/u_arb_fsm/s_axis_tready_INST_0/O
                         net (fo=1, unset)            0.000     0.336    s_axis_tready
                                                                      r  s_axis_tready (OUT)
  -------------------------------------------------------------------    -------------------





--------------------------------------------------------------------------------------
Path Group:  (none)
From Clock:  aclk
  To Clock:  

Max Delay           130 Endpoints
Min Delay           130 Endpoints
--------------------------------------------------------------------------------------


Max Delay Paths
--------------------------------------------------------------------------------------
Slack:                    inf
  Source:                 core_inst_gen[2].u_engine_core/m_axis_tvalid_reg_reg/C
                            (rising edge-triggered cell FDCE clocked by aclk  {rise@0.000ns fall@2.000ns period=4.000ns})
  Destination:            m_axis_tdata[61]
                            (output port)
  Path Group:             (none)
  Path Type:              Max at Slow Process Corner
  Data Path Delay:        7.028ns  (logic 0.315ns (4.482%)  route 6.713ns (95.518%))
  Logic Levels:           3  (LUT4=1 LUT5=1 LUT6=1)
  Clock Uncertainty:      0.025ns  ((TSJ^2 + TIJ^2)^1/2 + DJ) / 2 + PE
    Total System Jitter     (TSJ):    0.050ns
    Total Input Jitter      (TIJ):    0.000ns
    Discrete Jitter          (DJ):    0.000ns
    Phase Error              (PE):    0.000ns

    Location             Delay type                Incr(ns)  Path(ns)    Netlist Resource(s)
  -------------------------------------------------------------------    -------------------
                         (clock aclk rise edge)       0.000     0.000 r  
                                                      0.000     0.000 r  aclk (IN)
                         net (fo=139844, unset)       0.028     0.028    core_inst_gen[2].u_engine_core/aclk
    SLICE_X101Y166       FDCE                                         r  core_inst_gen[2].u_engine_core/m_axis_tvalid_reg_reg/C
  -------------------------------------------------------------------    -------------------
    SLICE_X101Y166       FDCE (Prop_DFF_SLICEL_C_Q)
                                                      0.079     0.107 f  core_inst_gen[2].u_engine_core/m_axis_tvalid_reg_reg/Q
                         net (fo=14, routed)          0.619     0.726    core_inst_gen[2].u_engine_core/m_axis_tvalid_reg_reg_0[0]
    SLICE_X109Y146       LUT6 (Prop_F6LUT_SLICEM_I0_O)
                                                      0.098     0.824 f  core_inst_gen[2].u_engine_core/m_axis_tdata[127]_INST_0_i_2/O
                         net (fo=128, routed)         3.997     4.820    core_inst_gen[2].u_engine_core/m_axis_tdata[127]_INST_0_i_2_n_0
    SLICE_X145Y122       LUT4 (Prop_H6LUT_SLICEM_I0_O)
                                                      0.039     4.859 r  core_inst_gen[2].u_engine_core/m_axis_tdata[61]_INST_0_i_1/O
                         net (fo=1, routed)           2.098     6.957    core_inst_gen[2].u_engine_core/m_axis_tdata[61]_INST_0_i_1_n_0
    SLICE_X69Y163        LUT5 (Prop_H6LUT_SLICEL_I4_O)
                                                      0.099     7.056 r  core_inst_gen[2].u_engine_core/m_axis_tdata[61]_INST_0/O
                         net (fo=0)                   0.000     7.056    m_axis_tdata[61]
                                                                      r  m_axis_tdata[61] (OUT)
  -------------------------------------------------------------------    -------------------

Slack:                    inf
  Source:                 core_inst_gen[2].u_engine_core/m_axis_tvalid_reg_reg/C
                            (rising edge-triggered cell FDCE clocked by aclk  {rise@0.000ns fall@2.000ns period=4.000ns})
  Destination:            m_axis_tdata[62]
                            (output port)
  Path Group:             (none)
  Path Type:              Max at Slow Process Corner
  Data Path Delay:        6.968ns  (logic 0.428ns (6.142%)  route 6.540ns (93.858%))
  Logic Levels:           3  (LUT4=1 LUT5=1 LUT6=1)
  Clock Uncertainty:      0.025ns  ((TSJ^2 + TIJ^2)^1/2 + DJ) / 2 + PE
    Total System Jitter     (TSJ):    0.050ns
    Total Input Jitter      (TIJ):    0.000ns
    Discrete Jitter          (DJ):    0.000ns
    Phase Error              (PE):    0.000ns

    Location             Delay type                Incr(ns)  Path(ns)    Netlist Resource(s)
  -------------------------------------------------------------------    -------------------
                         (clock aclk rise edge)       0.000     0.000 r  
                                                      0.000     0.000 r  aclk (IN)
                         net (fo=139844, unset)       0.028     0.028    core_inst_gen[2].u_engine_core/aclk
    SLICE_X101Y166       FDCE                                         r  core_inst_gen[2].u_engine_core/m_axis_tvalid_reg_reg/C
  -------------------------------------------------------------------    -------------------
    SLICE_X101Y166       FDCE (Prop_DFF_SLICEL_C_Q)
                                                      0.079     0.107 f  core_inst_gen[2].u_engine_core/m_axis_tvalid_reg_reg/Q
                         net (fo=14, routed)          0.619     0.726    core_inst_gen[2].u_engine_core/m_axis_tvalid_reg_reg_0[0]
    SLICE_X109Y146       LUT6 (Prop_F6LUT_SLICEM_I0_O)
                                                      0.098     0.824 f  core_inst_gen[2].u_engine_core/m_axis_tdata[127]_INST_0_i_2/O
                         net (fo=128, routed)         4.016     4.839    core_inst_gen[2].u_engine_core/m_axis_tdata[127]_INST_0_i_2_n_0
    SLICE_X144Y123       LUT4 (Prop_H6LUT_SLICEL_I0_O)
                                                      0.150     4.989 r  core_inst_gen[2].u_engine_core/m_axis_tdata[62]_INST_0_i_1/O
                         net (fo=1, routed)           1.906     6.895    core_inst_gen[2].u_engine_core/m_axis_tdata[62]_INST_0_i_1_n_0
    SLICE_X71Y164        LUT5 (Prop_H6LUT_SLICEM_I4_O)
                                                      0.101     6.996 r  core_inst_gen[2].u_engine_core/m_axis_tdata[62]_INST_0/O
                         net (fo=0)                   0.000     6.996    m_axis_tdata[62]
                                                                      r  m_axis_tdata[62] (OUT)
  -------------------------------------------------------------------    -------------------

Slack:                    inf
  Source:                 core_inst_gen[2].u_engine_core/m_axis_tvalid_reg_reg/C
                            (rising edge-triggered cell FDCE clocked by aclk  {rise@0.000ns fall@2.000ns period=4.000ns})
  Destination:            m_axis_tdata[36]
                            (output port)
  Path Group:             (none)
  Path Type:              Max at Slow Process Corner
  Data Path Delay:        6.839ns  (logic 0.424ns (6.200%)  route 6.415ns (93.800%))
  Logic Levels:           3  (LUT4=1 LUT5=1 LUT6=1)
  Clock Uncertainty:      0.025ns  ((TSJ^2 + TIJ^2)^1/2 + DJ) / 2 + PE
    Total System Jitter     (TSJ):    0.050ns
    Total Input Jitter      (TIJ):    0.000ns
    Discrete Jitter          (DJ):    0.000ns
    Phase Error              (PE):    0.000ns

    Location             Delay type                Incr(ns)  Path(ns)    Netlist Resource(s)
  -------------------------------------------------------------------    -------------------
                         (clock aclk rise edge)       0.000     0.000 r  
                                                      0.000     0.000 r  aclk (IN)
                         net (fo=139844, unset)       0.028     0.028    core_inst_gen[2].u_engine_core/aclk
    SLICE_X101Y166       FDCE                                         r  core_inst_gen[2].u_engine_core/m_axis_tvalid_reg_reg/C
  -------------------------------------------------------------------    -------------------
    SLICE_X101Y166       FDCE (Prop_DFF_SLICEL_C_Q)
                                                      0.079     0.107 f  core_inst_gen[2].u_engine_core/m_axis_tvalid_reg_reg/Q
                         net (fo=14, routed)          0.619     0.726    core_inst_gen[2].u_engine_core/m_axis_tvalid_reg_reg_0[0]
    SLICE_X109Y146       LUT6 (Prop_F6LUT_SLICEM_I0_O)
                                                      0.098     0.824 f  core_inst_gen[2].u_engine_core/m_axis_tdata[127]_INST_0_i_2/O
                         net (fo=128, routed)         3.965     4.789    core_inst_gen[2].u_engine_core/m_axis_tdata[127]_INST_0_i_2_n_0
    SLICE_X142Y122       LUT4 (Prop_H6LUT_SLICEM_I0_O)
                                                      0.101     4.890 r  core_inst_gen[2].u_engine_core/m_axis_tdata[36]_INST_0_i_1/O
                         net (fo=1, routed)           1.831     6.721    core_inst_gen[2].u_engine_core/m_axis_tdata[36]_INST_0_i_1_n_0
    SLICE_X80Y130        LUT5 (Prop_D6LUT_SLICEL_I4_O)
                                                      0.146     6.867 r  core_inst_gen[2].u_engine_core/m_axis_tdata[36]_INST_0/O
                         net (fo=0)                   0.000     6.867    m_axis_tdata[36]
                                                                      r  m_axis_tdata[36] (OUT)
  -------------------------------------------------------------------    -------------------

Slack:                    inf
  Source:                 core_inst_gen[2].u_engine_core/m_axis_tvalid_reg_reg/C
                            (rising edge-triggered cell FDCE clocked by aclk  {rise@0.000ns fall@2.000ns period=4.000ns})
  Destination:            m_axis_tdata[41]
                            (output port)
  Path Group:             (none)
  Path Type:              Max at Slow Process Corner
  Data Path Delay:        6.602ns  (logic 0.312ns (4.726%)  route 6.290ns (95.274%))
  Logic Levels:           3  (LUT4=1 LUT5=1 LUT6=1)
  Clock Uncertainty:      0.025ns  ((TSJ^2 + TIJ^2)^1/2 + DJ) / 2 + PE
    Total System Jitter     (TSJ):    0.050ns
    Total Input Jitter      (TIJ):    0.000ns
    Discrete Jitter          (DJ):    0.000ns
    Phase Error              (PE):    0.000ns

    Location             Delay type                Incr(ns)  Path(ns)    Netlist Resource(s)
  -------------------------------------------------------------------    -------------------
                         (clock aclk rise edge)       0.000     0.000 r  
                                                      0.000     0.000 r  aclk (IN)
                         net (fo=139844, unset)       0.028     0.028    core_inst_gen[2].u_engine_core/aclk
    SLICE_X101Y166       FDCE                                         r  core_inst_gen[2].u_engine_core/m_axis_tvalid_reg_reg/C
  -------------------------------------------------------------------    -------------------
    SLICE_X101Y166       FDCE (Prop_DFF_SLICEL_C_Q)
                                                      0.079     0.107 f  core_inst_gen[2].u_engine_core/m_axis_tvalid_reg_reg/Q
                         net (fo=14, routed)          0.619     0.726    core_inst_gen[2].u_engine_core/m_axis_tvalid_reg_reg_0[0]
    SLICE_X109Y146       LUT6 (Prop_F6LUT_SLICEM_I0_O)
                                                      0.098     0.824 f  core_inst_gen[2].u_engine_core/m_axis_tdata[127]_INST_0_i_2/O
                         net (fo=128, routed)         3.845     4.668    core_inst_gen[2].u_engine_core/m_axis_tdata[127]_INST_0_i_2_n_0
    SLICE_X143Y122       LUT4 (Prop_H6LUT_SLICEL_I0_O)
                                                      0.036     4.704 r  core_inst_gen[2].u_engine_core/m_axis_tdata[41]_INST_0_i_1/O
                         net (fo=1, routed)           1.827     6.531    core_inst_gen[2].u_engine_core/m_axis_tdata[41]_INST_0_i_1_n_0
    SLICE_X82Y149        LUT5 (Prop_H6LUT_SLICEL_I4_O)
                                                      0.099     6.630 r  core_inst_gen[2].u_engine_core/m_axis_tdata[41]_INST_0/O
                         net (fo=0)                   0.000     6.630    m_axis_tdata[41]
                                                                      r  m_axis_tdata[41] (OUT)
  -------------------------------------------------------------------    -------------------

Slack:                    inf
  Source:                 core_inst_gen[2].u_engine_core/m_axis_tvalid_reg_reg/C
                            (rising edge-triggered cell FDCE clocked by aclk  {rise@0.000ns fall@2.000ns period=4.000ns})
  Destination:            m_axis_tdata[40]
                            (output port)
  Path Group:             (none)
  Path Type:              Max at Slow Process Corner
  Data Path Delay:        6.546ns  (logic 0.327ns (4.996%)  route 6.219ns (95.004%))
  Logic Levels:           3  (LUT4=1 LUT5=1 LUT6=1)
  Clock Uncertainty:      0.025ns  ((TSJ^2 + TIJ^2)^1/2 + DJ) / 2 + PE
    Total System Jitter     (TSJ):    0.050ns
    Total Input Jitter      (TIJ):    0.000ns
    Discrete Jitter          (DJ):    0.000ns
    Phase Error              (PE):    0.000ns

    Location             Delay type                Incr(ns)  Path(ns)    Netlist Resource(s)
  -------------------------------------------------------------------    -------------------
                         (clock aclk rise edge)       0.000     0.000 r  
                                                      0.000     0.000 r  aclk (IN)
                         net (fo=139844, unset)       0.028     0.028    core_inst_gen[2].u_engine_core/aclk
    SLICE_X101Y166       FDCE                                         r  core_inst_gen[2].u_engine_core/m_axis_tvalid_reg_reg/C
  -------------------------------------------------------------------    -------------------
    SLICE_X101Y166       FDCE (Prop_DFF_SLICEL_C_Q)
                                                      0.079     0.107 f  core_inst_gen[2].u_engine_core/m_axis_tvalid_reg_reg/Q
                         net (fo=14, routed)          0.619     0.726    core_inst_gen[2].u_engine_core/m_axis_tvalid_reg_reg_0[0]
    SLICE_X109Y146       LUT6 (Prop_F6LUT_SLICEM_I0_O)
                                                      0.098     0.824 f  core_inst_gen[2].u_engine_core/m_axis_tdata[127]_INST_0_i_2/O
                         net (fo=128, routed)         3.793     4.617    core_inst_gen[2].u_engine_core/m_axis_tdata[127]_INST_0_i_2_n_0
    SLICE_X143Y128       LUT4 (Prop_H6LUT_SLICEL_I0_O)
                                                      0.051     4.668 r  core_inst_gen[2].u_engine_core/m_axis_tdata[40]_INST_0_i_1/O
                         net (fo=1, routed)           1.807     6.475    core_inst_gen[2].u_engine_core/m_axis_tdata[40]_INST_0_i_1_n_0
    SLICE_X66Y148        LUT5 (Prop_H6LUT_SLICEL_I4_O)
                                                      0.099     6.574 r  core_inst_gen[2].u_engine_core/m_axis_tdata[40]_INST_0/O
                         net (fo=0)                   0.000     6.574    m_axis_tdata[40]
                                                                      r  m_axis_tdata[40] (OUT)
  -------------------------------------------------------------------    -------------------

Slack:                    inf
  Source:                 core_inst_gen[2].u_engine_core/m_axis_tvalid_reg_reg/C
                            (rising edge-triggered cell FDCE clocked by aclk  {rise@0.000ns fall@2.000ns period=4.000ns})
  Destination:            m_axis_tdata[46]
                            (output port)
  Path Group:             (none)
  Path Type:              Max at Slow Process Corner
  Data Path Delay:        6.387ns  (logic 0.327ns (5.120%)  route 6.060ns (94.880%))
  Logic Levels:           3  (LUT4=1 LUT5=1 LUT6=1)
  Clock Uncertainty:      0.025ns  ((TSJ^2 + TIJ^2)^1/2 + DJ) / 2 + PE
    Total System Jitter     (TSJ):    0.050ns
    Total Input Jitter      (TIJ):    0.000ns
    Discrete Jitter          (DJ):    0.000ns
    Phase Error              (PE):    0.000ns

    Location             Delay type                Incr(ns)  Path(ns)    Netlist Resource(s)
  -------------------------------------------------------------------    -------------------
                         (clock aclk rise edge)       0.000     0.000 r  
                                                      0.000     0.000 r  aclk (IN)
                         net (fo=139844, unset)       0.028     0.028    core_inst_gen[2].u_engine_core/aclk
    SLICE_X101Y166       FDCE                                         r  core_inst_gen[2].u_engine_core/m_axis_tvalid_reg_reg/C
  -------------------------------------------------------------------    -------------------
    SLICE_X101Y166       FDCE (Prop_DFF_SLICEL_C_Q)
                                                      0.079     0.107 f  core_inst_gen[2].u_engine_core/m_axis_tvalid_reg_reg/Q
                         net (fo=14, routed)          0.619     0.726    core_inst_gen[2].u_engine_core/m_axis_tvalid_reg_reg_0[0]
    SLICE_X109Y146       LUT6 (Prop_F6LUT_SLICEM_I0_O)
                                                      0.098     0.824 f  core_inst_gen[2].u_engine_core/m_axis_tdata[127]_INST_0_i_2/O
                         net (fo=128, routed)         3.896     4.720    core_inst_gen[2].u_engine_core/m_axis_tdata[127]_INST_0_i_2_n_0
    SLICE_X127Y138       LUT4 (Prop_H6LUT_SLICEL_I0_O)
                                                      0.051     4.771 r  core_inst_gen[2].u_engine_core/m_axis_tdata[46]_INST_0_i_1/O
                         net (fo=1, routed)           1.545     6.316    core_inst_gen[2].u_engine_core/m_axis_tdata[46]_INST_0_i_1_n_0
    SLICE_X64Y138        LUT5 (Prop_H6LUT_SLICEL_I4_O)
                                                      0.099     6.415 r  core_inst_gen[2].u_engine_core/m_axis_tdata[46]_INST_0/O
                         net (fo=0)                   0.000     6.415    m_axis_tdata[46]
                                                                      r  m_axis_tdata[46] (OUT)
  -------------------------------------------------------------------    -------------------

Slack:                    inf
  Source:                 core_inst_gen[2].u_engine_core/m_axis_tvalid_reg_reg/C
                            (rising edge-triggered cell FDCE clocked by aclk  {rise@0.000ns fall@2.000ns period=4.000ns})
  Destination:            m_axis_tdata[60]
                            (output port)
  Path Group:             (none)
  Path Type:              Max at Slow Process Corner
  Data Path Delay:        6.334ns  (logic 0.314ns (4.957%)  route 6.020ns (95.043%))
  Logic Levels:           3  (LUT4=1 LUT5=1 LUT6=1)
  Clock Uncertainty:      0.025ns  ((TSJ^2 + TIJ^2)^1/2 + DJ) / 2 + PE
    Total System Jitter     (TSJ):    0.050ns
    Total Input Jitter      (TIJ):    0.000ns
    Discrete Jitter          (DJ):    0.000ns
    Phase Error              (PE):    0.000ns

    Location             Delay type                Incr(ns)  Path(ns)    Netlist Resource(s)
  -------------------------------------------------------------------    -------------------
                         (clock aclk rise edge)       0.000     0.000 r  
                                                      0.000     0.000 r  aclk (IN)
                         net (fo=139844, unset)       0.028     0.028    core_inst_gen[2].u_engine_core/aclk
    SLICE_X101Y166       FDCE                                         r  core_inst_gen[2].u_engine_core/m_axis_tvalid_reg_reg/C
  -------------------------------------------------------------------    -------------------
    SLICE_X101Y166       FDCE (Prop_DFF_SLICEL_C_Q)
                                                      0.079     0.107 f  core_inst_gen[2].u_engine_core/m_axis_tvalid_reg_reg/Q
                         net (fo=14, routed)          0.619     0.726    core_inst_gen[2].u_engine_core/m_axis_tvalid_reg_reg_0[0]
    SLICE_X109Y146       LUT6 (Prop_F6LUT_SLICEM_I0_O)
                                                      0.098     0.824 f  core_inst_gen[2].u_engine_core/m_axis_tdata[127]_INST_0_i_2/O
                         net (fo=128, routed)         3.698     4.521    core_inst_gen[2].u_engine_core/m_axis_tdata[127]_INST_0_i_2_n_0
    SLICE_X143Y136       LUT4 (Prop_H6LUT_SLICEL_I0_O)
                                                      0.036     4.557 r  core_inst_gen[2].u_engine_core/m_axis_tdata[60]_INST_0_i_1/O
                         net (fo=1, routed)           1.704     6.261    core_inst_gen[2].u_engine_core/m_axis_tdata[60]_INST_0_i_1_n_0
    SLICE_X72Y139        LUT5 (Prop_H6LUT_SLICEM_I4_O)
                                                      0.101     6.362 r  core_inst_gen[2].u_engine_core/m_axis_tdata[60]_INST_0/O
                         net (fo=0)                   0.000     6.362    m_axis_tdata[60]
                                                                      r  m_axis_tdata[60] (OUT)
  -------------------------------------------------------------------    -------------------

Slack:                    inf
  Source:                 core_inst_gen[2].u_engine_core/m_axis_tvalid_reg_reg/C
                            (rising edge-triggered cell FDCE clocked by aclk  {rise@0.000ns fall@2.000ns period=4.000ns})
  Destination:            m_axis_tdata[12]
                            (output port)
  Path Group:             (none)
  Path Type:              Max at Slow Process Corner
  Data Path Delay:        6.333ns  (logic 0.279ns (4.405%)  route 6.054ns (95.595%))
  Logic Levels:           3  (LUT4=1 LUT5=1 LUT6=1)
  Clock Uncertainty:      0.025ns  ((TSJ^2 + TIJ^2)^1/2 + DJ) / 2 + PE
    Total System Jitter     (TSJ):    0.050ns
    Total Input Jitter      (TIJ):    0.000ns
    Discrete Jitter          (DJ):    0.000ns
    Phase Error              (PE):    0.000ns

    Location             Delay type                Incr(ns)  Path(ns)    Netlist Resource(s)
  -------------------------------------------------------------------    -------------------
                         (clock aclk rise edge)       0.000     0.000 r  
                                                      0.000     0.000 r  aclk (IN)
                         net (fo=139844, unset)       0.028     0.028    core_inst_gen[2].u_engine_core/aclk
    SLICE_X101Y166       FDCE                                         r  core_inst_gen[2].u_engine_core/m_axis_tvalid_reg_reg/C
  -------------------------------------------------------------------    -------------------
    SLICE_X101Y166       FDCE (Prop_DFF_SLICEL_C_Q)
                                                      0.079     0.107 f  core_inst_gen[2].u_engine_core/m_axis_tvalid_reg_reg/Q
                         net (fo=14, routed)          0.619     0.726    core_inst_gen[2].u_engine_core/m_axis_tvalid_reg_reg_0[0]
    SLICE_X109Y146       LUT6 (Prop_F6LUT_SLICEM_I0_O)
                                                      0.098     0.824 f  core_inst_gen[2].u_engine_core/m_axis_tdata[127]_INST_0_i_2/O
                         net (fo=128, routed)         4.115     4.938    core_inst_gen[2].u_engine_core/m_axis_tdata[127]_INST_0_i_2_n_0
    SLICE_X132Y134       LUT4 (Prop_H6LUT_SLICEL_I0_O)
                                                      0.051     4.989 r  core_inst_gen[2].u_engine_core/m_axis_tdata[12]_INST_0_i_1/O
                         net (fo=1, routed)           1.321     6.310    core_inst_gen[2].u_engine_core/m_axis_tdata[12]_INST_0_i_1_n_0
    SLICE_X105Y133       LUT5 (Prop_H6LUT_SLICEL_I4_O)
                                                      0.051     6.361 r  core_inst_gen[2].u_engine_core/m_axis_tdata[12]_INST_0/O
                         net (fo=0)                   0.000     6.361    m_axis_tdata[12]
                                                                      r  m_axis_tdata[12] (OUT)
  -------------------------------------------------------------------    -------------------

Slack:                    inf
  Source:                 core_inst_gen[2].u_engine_core/m_axis_tvalid_reg_reg/C
                            (rising edge-triggered cell FDCE clocked by aclk  {rise@0.000ns fall@2.000ns period=4.000ns})
  Destination:            m_axis_tdata[93]
                            (output port)
  Path Group:             (none)
  Path Type:              Max at Slow Process Corner
  Data Path Delay:        6.284ns  (logic 0.423ns (6.731%)  route 5.861ns (93.269%))
  Logic Levels:           3  (LUT4=1 LUT5=1 LUT6=1)
  Clock Uncertainty:      0.025ns  ((TSJ^2 + TIJ^2)^1/2 + DJ) / 2 + PE
    Total System Jitter     (TSJ):    0.050ns
    Total Input Jitter      (TIJ):    0.000ns
    Discrete Jitter          (DJ):    0.000ns
    Phase Error              (PE):    0.000ns

    Location             Delay type                Incr(ns)  Path(ns)    Netlist Resource(s)
  -------------------------------------------------------------------    -------------------
                         (clock aclk rise edge)       0.000     0.000 r  
                                                      0.000     0.000 r  aclk (IN)
                         net (fo=139844, unset)       0.028     0.028    core_inst_gen[2].u_engine_core/aclk
    SLICE_X101Y166       FDCE                                         r  core_inst_gen[2].u_engine_core/m_axis_tvalid_reg_reg/C
  -------------------------------------------------------------------    -------------------
    SLICE_X101Y166       FDCE (Prop_DFF_SLICEL_C_Q)
                                                      0.079     0.107 f  core_inst_gen[2].u_engine_core/m_axis_tvalid_reg_reg/Q
                         net (fo=14, routed)          0.619     0.726    core_inst_gen[2].u_engine_core/m_axis_tvalid_reg_reg_0[0]
    SLICE_X109Y146       LUT6 (Prop_F6LUT_SLICEM_I0_O)
                                                      0.098     0.824 f  core_inst_gen[2].u_engine_core/m_axis_tdata[127]_INST_0_i_2/O
                         net (fo=128, routed)         3.207     4.030    core_inst_gen[2].u_engine_core/m_axis_tdata[127]_INST_0_i_2_n_0
    SLICE_X145Y149       LUT4 (Prop_C6LUT_SLICEM_I0_O)
                                                      0.145     4.175 r  core_inst_gen[2].u_engine_core/m_axis_tdata[93]_INST_0_i_1/O
                         net (fo=1, routed)           2.036     6.211    core_inst_gen[2].u_engine_core/m_axis_tdata[93]_INST_0_i_1_n_0
    SLICE_X72Y170        LUT5 (Prop_H6LUT_SLICEM_I4_O)
                                                      0.101     6.312 r  core_inst_gen[2].u_engine_core/m_axis_tdata[93]_INST_0/O
                         net (fo=0)                   0.000     6.312    m_axis_tdata[93]
                                                                      r  m_axis_tdata[93] (OUT)
  -------------------------------------------------------------------    -------------------

Slack:                    inf
  Source:                 core_inst_gen[2].u_engine_core/m_axis_tvalid_reg_reg/C
                            (rising edge-triggered cell FDCE clocked by aclk  {rise@0.000ns fall@2.000ns period=4.000ns})
  Destination:            m_axis_tdata[59]
                            (output port)
  Path Group:             (none)
  Path Type:              Max at Slow Process Corner
  Data Path Delay:        6.162ns  (logic 0.279ns (4.527%)  route 5.883ns (95.473%))
  Logic Levels:           3  (LUT4=1 LUT5=1 LUT6=1)
  Clock Uncertainty:      0.025ns  ((TSJ^2 + TIJ^2)^1/2 + DJ) / 2 + PE
    Total System Jitter     (TSJ):    0.050ns
    Total Input Jitter      (TIJ):    0.000ns
    Discrete Jitter          (DJ):    0.000ns
    Phase Error              (PE):    0.000ns

    Location             Delay type                Incr(ns)  Path(ns)    Netlist Resource(s)
  -------------------------------------------------------------------    -------------------
                         (clock aclk rise edge)       0.000     0.000 r  
                                                      0.000     0.000 r  aclk (IN)
                         net (fo=139844, unset)       0.028     0.028    core_inst_gen[2].u_engine_core/aclk
    SLICE_X101Y166       FDCE                                         r  core_inst_gen[2].u_engine_core/m_axis_tvalid_reg_reg/C
  -------------------------------------------------------------------    -------------------
    SLICE_X101Y166       FDCE (Prop_DFF_SLICEL_C_Q)
                                                      0.079     0.107 f  core_inst_gen[2].u_engine_core/m_axis_tvalid_reg_reg/Q
                         net (fo=14, routed)          0.619     0.726    core_inst_gen[2].u_engine_core/m_axis_tvalid_reg_reg_0[0]
    SLICE_X109Y146       LUT6 (Prop_F6LUT_SLICEM_I0_O)
                                                      0.098     0.824 f  core_inst_gen[2].u_engine_core/m_axis_tdata[127]_INST_0_i_2/O
                         net (fo=128, routed)         3.570     4.393    core_inst_gen[2].u_engine_core/m_axis_tdata[127]_INST_0_i_2_n_0
    SLICE_X143Y142       LUT4 (Prop_H6LUT_SLICEL_I0_O)
                                                      0.051     4.444 r  core_inst_gen[2].u_engine_core/m_axis_tdata[59]_INST_0_i_1/O
                         net (fo=1, routed)           1.695     6.139    core_inst_gen[2].u_engine_core/m_axis_tdata[59]_INST_0_i_1_n_0
    SLICE_X68Y142        LUT5 (Prop_H6LUT_SLICEL_I4_O)
                                                      0.051     6.190 r  core_inst_gen[2].u_engine_core/m_axis_tdata[59]_INST_0/O
                         net (fo=0)                   0.000     6.190    m_axis_tdata[59]
                                                                      r  m_axis_tdata[59] (OUT)
  -------------------------------------------------------------------    -------------------





Min Delay Paths
--------------------------------------------------------------------------------------
Slack:                    inf
  Source:                 core_inst_gen[0].u_engine_core/m_axis_tdata_reg_reg[37]/C
                            (rising edge-triggered cell FDCE clocked by aclk  {rise@0.000ns fall@2.000ns period=4.000ns})
  Destination:            m_axis_tdata[37]
                            (output port)
  Path Group:             (none)
  Path Type:              Min at Fast Process Corner
  Data Path Delay:        0.117ns  (logic 0.074ns (63.248%)  route 0.043ns (36.752%))
  Logic Levels:           1  (LUT5=1)
  Clock Uncertainty:      0.025ns  ((TSJ^2 + TIJ^2)^1/2 + DJ) / 2 + PE
    Total System Jitter     (TSJ):    0.050ns
    Total Input Jitter      (TIJ):    0.000ns
    Discrete Jitter          (DJ):    0.000ns
    Phase Error              (PE):    0.000ns

    Location             Delay type                Incr(ns)  Path(ns)    Netlist Resource(s)
  -------------------------------------------------------------------    -------------------
                         (clock aclk rise edge)       0.000     0.000 r  
                                                      0.000     0.000 r  aclk (IN)
                         net (fo=139844, unset)       0.012     0.012    core_inst_gen[0].u_engine_core/aclk
    SLICE_X64Y148        FDCE                                         r  core_inst_gen[0].u_engine_core/m_axis_tdata_reg_reg[37]/C
  -------------------------------------------------------------------    -------------------
    SLICE_X64Y148        FDCE (Prop_DFF_SLICEL_C_Q)
                                                      0.039     0.051 r  core_inst_gen[0].u_engine_core/m_axis_tdata_reg_reg[37]/Q
                         net (fo=1, routed)           0.043     0.094    core_inst_gen[2].u_engine_core/m_axis_tdata[127][37]
    SLICE_X64Y148        LUT5 (Prop_H6LUT_SLICEL_I2_O)
                                                      0.035     0.129 r  core_inst_gen[2].u_engine_core/m_axis_tdata[37]_INST_0/O
                         net (fo=0)                   0.000     0.129    m_axis_tdata[37]
                                                                      r  m_axis_tdata[37] (OUT)
  -------------------------------------------------------------------    -------------------

Slack:                    inf
  Source:                 core_inst_gen[0].u_engine_core/m_axis_tdata_reg_reg[53]/C
                            (rising edge-triggered cell FDCE clocked by aclk  {rise@0.000ns fall@2.000ns period=4.000ns})
  Destination:            m_axis_tdata[53]
                            (output port)
  Path Group:             (none)
  Path Type:              Min at Fast Process Corner
  Data Path Delay:        0.117ns  (logic 0.074ns (63.248%)  route 0.043ns (36.752%))
  Logic Levels:           1  (LUT5=1)
  Clock Uncertainty:      0.025ns  ((TSJ^2 + TIJ^2)^1/2 + DJ) / 2 + PE
    Total System Jitter     (TSJ):    0.050ns
    Total Input Jitter      (TIJ):    0.000ns
    Discrete Jitter          (DJ):    0.000ns
    Phase Error              (PE):    0.000ns

    Location             Delay type                Incr(ns)  Path(ns)    Netlist Resource(s)
  -------------------------------------------------------------------    -------------------
                         (clock aclk rise edge)       0.000     0.000 r  
                                                      0.000     0.000 r  aclk (IN)
                         net (fo=139844, unset)       0.012     0.012    core_inst_gen[0].u_engine_core/aclk
    SLICE_X66Y138        FDCE                                         r  core_inst_gen[0].u_engine_core/m_axis_tdata_reg_reg[53]/C
  -------------------------------------------------------------------    -------------------
    SLICE_X66Y138        FDCE (Prop_DFF_SLICEL_C_Q)
                                                      0.039     0.051 r  core_inst_gen[0].u_engine_core/m_axis_tdata_reg_reg[53]/Q
                         net (fo=1, routed)           0.043     0.094    core_inst_gen[2].u_engine_core/m_axis_tdata[127][53]
    SLICE_X66Y138        LUT5 (Prop_H6LUT_SLICEL_I2_O)
                                                      0.035     0.129 r  core_inst_gen[2].u_engine_core/m_axis_tdata[53]_INST_0/O
                         net (fo=0)                   0.000     0.129    m_axis_tdata[53]
                                                                      r  m_axis_tdata[53] (OUT)
  -------------------------------------------------------------------    -------------------

Slack:                    inf
  Source:                 core_inst_gen[0].u_engine_core/m_axis_tdata_reg_reg[78]/C
                            (rising edge-triggered cell FDCE clocked by aclk  {rise@0.000ns fall@2.000ns period=4.000ns})
  Destination:            m_axis_tdata[78]
                            (output port)
  Path Group:             (none)
  Path Type:              Min at Fast Process Corner
  Data Path Delay:        0.122ns  (logic 0.074ns (60.656%)  route 0.048ns (39.344%))
  Logic Levels:           1  (LUT5=1)
  Clock Uncertainty:      0.025ns  ((TSJ^2 + TIJ^2)^1/2 + DJ) / 2 + PE
    Total System Jitter     (TSJ):    0.050ns
    Total Input Jitter      (TIJ):    0.000ns
    Discrete Jitter          (DJ):    0.000ns
    Phase Error              (PE):    0.000ns

    Location             Delay type                Incr(ns)  Path(ns)    Netlist Resource(s)
  -------------------------------------------------------------------    -------------------
                         (clock aclk rise edge)       0.000     0.000 r  
                                                      0.000     0.000 r  aclk (IN)
                         net (fo=139844, unset)       0.013     0.013    core_inst_gen[0].u_engine_core/aclk
    SLICE_X71Y167        FDCE                                         r  core_inst_gen[0].u_engine_core/m_axis_tdata_reg_reg[78]/C
  -------------------------------------------------------------------    -------------------
    SLICE_X71Y167        FDCE (Prop_DFF_SLICEM_C_Q)
                                                      0.039     0.052 r  core_inst_gen[0].u_engine_core/m_axis_tdata_reg_reg[78]/Q
                         net (fo=1, routed)           0.048     0.100    core_inst_gen[2].u_engine_core/m_axis_tdata[127][78]
    SLICE_X71Y167        LUT5 (Prop_H6LUT_SLICEM_I2_O)
                                                      0.035     0.135 r  core_inst_gen[2].u_engine_core/m_axis_tdata[78]_INST_0/O
                         net (fo=0)                   0.000     0.135    m_axis_tdata[78]
                                                                      r  m_axis_tdata[78] (OUT)
  -------------------------------------------------------------------    -------------------

Slack:                    inf
  Source:                 core_inst_gen[0].u_engine_core/m_axis_tdata_reg_reg[91]/C
                            (rising edge-triggered cell FDCE clocked by aclk  {rise@0.000ns fall@2.000ns period=4.000ns})
  Destination:            m_axis_tdata[91]
                            (output port)
  Path Group:             (none)
  Path Type:              Min at Fast Process Corner
  Data Path Delay:        0.122ns  (logic 0.074ns (60.656%)  route 0.048ns (39.344%))
  Logic Levels:           1  (LUT5=1)
  Clock Uncertainty:      0.025ns  ((TSJ^2 + TIJ^2)^1/2 + DJ) / 2 + PE
    Total System Jitter     (TSJ):    0.050ns
    Total Input Jitter      (TIJ):    0.000ns
    Discrete Jitter          (DJ):    0.000ns
    Phase Error              (PE):    0.000ns

    Location             Delay type                Incr(ns)  Path(ns)    Netlist Resource(s)
  -------------------------------------------------------------------    -------------------
                         (clock aclk rise edge)       0.000     0.000 r  
                                                      0.000     0.000 r  aclk (IN)
                         net (fo=139844, unset)       0.013     0.013    core_inst_gen[0].u_engine_core/aclk
    SLICE_X77Y168        FDCE                                         r  core_inst_gen[0].u_engine_core/m_axis_tdata_reg_reg[91]/C
  -------------------------------------------------------------------    -------------------
    SLICE_X77Y168        FDCE (Prop_DFF_SLICEM_C_Q)
                                                      0.039     0.052 r  core_inst_gen[0].u_engine_core/m_axis_tdata_reg_reg[91]/Q
                         net (fo=1, routed)           0.048     0.100    core_inst_gen[2].u_engine_core/m_axis_tdata[127][91]
    SLICE_X77Y168        LUT5 (Prop_H6LUT_SLICEM_I2_O)
                                                      0.035     0.135 r  core_inst_gen[2].u_engine_core/m_axis_tdata[91]_INST_0/O
                         net (fo=0)                   0.000     0.135    m_axis_tdata[91]
                                                                      r  m_axis_tdata[91] (OUT)
  -------------------------------------------------------------------    -------------------

Slack:                    inf
  Source:                 core_inst_gen[0].u_engine_core/m_axis_tdata_reg_reg[109]/C
                            (rising edge-triggered cell FDCE clocked by aclk  {rise@0.000ns fall@2.000ns period=4.000ns})
  Destination:            m_axis_tdata[109]
                            (output port)
  Path Group:             (none)
  Path Type:              Min at Fast Process Corner
  Data Path Delay:        0.125ns  (logic 0.080ns (64.000%)  route 0.045ns (36.000%))
  Logic Levels:           1  (LUT5=1)
  Clock Uncertainty:      0.025ns  ((TSJ^2 + TIJ^2)^1/2 + DJ) / 2 + PE
    Total System Jitter     (TSJ):    0.050ns
    Total Input Jitter      (TIJ):    0.000ns
    Discrete Jitter          (DJ):    0.000ns
    Phase Error              (PE):    0.000ns

    Location             Delay type                Incr(ns)  Path(ns)    Netlist Resource(s)
  -------------------------------------------------------------------    -------------------
                         (clock aclk rise edge)       0.000     0.000 r  
                                                      0.000     0.000 r  aclk (IN)
                         net (fo=139844, unset)       0.012     0.012    core_inst_gen[0].u_engine_core/aclk
    SLICE_X84Y164        FDCE                                         r  core_inst_gen[0].u_engine_core/m_axis_tdata_reg_reg[109]/C
  -------------------------------------------------------------------    -------------------
    SLICE_X84Y164        FDCE (Prop_DFF_SLICEL_C_Q)
                                                      0.039     0.051 r  core_inst_gen[0].u_engine_core/m_axis_tdata_reg_reg[109]/Q
                         net (fo=1, routed)           0.045     0.096    core_inst_gen[2].u_engine_core/m_axis_tdata[127][109]
    SLICE_X84Y164        LUT5 (Prop_H6LUT_SLICEL_I2_O)
                                                      0.041     0.137 r  core_inst_gen[2].u_engine_core/m_axis_tdata[109]_INST_0/O
                         net (fo=0)                   0.000     0.137    m_axis_tdata[109]
                                                                      r  m_axis_tdata[109] (OUT)
  -------------------------------------------------------------------    -------------------

Slack:                    inf
  Source:                 core_inst_gen[0].u_engine_core/m_axis_tdata_reg_reg[5]/C
                            (rising edge-triggered cell FDCE clocked by aclk  {rise@0.000ns fall@2.000ns period=4.000ns})
  Destination:            m_axis_tdata[5]
                            (output port)
  Path Group:             (none)
  Path Type:              Min at Fast Process Corner
  Data Path Delay:        0.125ns  (logic 0.080ns (64.000%)  route 0.045ns (36.000%))
  Logic Levels:           1  (LUT5=1)
  Clock Uncertainty:      0.025ns  ((TSJ^2 + TIJ^2)^1/2 + DJ) / 2 + PE
    Total System Jitter     (TSJ):    0.050ns
    Total Input Jitter      (TIJ):    0.000ns
    Discrete Jitter          (DJ):    0.000ns
    Phase Error              (PE):    0.000ns

    Location             Delay type                Incr(ns)  Path(ns)    Netlist Resource(s)
  -------------------------------------------------------------------    -------------------
                         (clock aclk rise edge)       0.000     0.000 r  
                                                      0.000     0.000 r  aclk (IN)
                         net (fo=139844, unset)       0.012     0.012    core_inst_gen[0].u_engine_core/aclk
    SLICE_X98Y132        FDCE                                         r  core_inst_gen[0].u_engine_core/m_axis_tdata_reg_reg[5]/C
  -------------------------------------------------------------------    -------------------
    SLICE_X98Y132        FDCE (Prop_DFF_SLICEL_C_Q)
                                                      0.039     0.051 r  core_inst_gen[0].u_engine_core/m_axis_tdata_reg_reg[5]/Q
                         net (fo=1, routed)           0.045     0.096    core_inst_gen[2].u_engine_core/m_axis_tdata[127][5]
    SLICE_X98Y132        LUT5 (Prop_H6LUT_SLICEL_I2_O)
                                                      0.041     0.137 r  core_inst_gen[2].u_engine_core/m_axis_tdata[5]_INST_0/O
                         net (fo=0)                   0.000     0.137    m_axis_tdata[5]
                                                                      r  m_axis_tdata[5] (OUT)
  -------------------------------------------------------------------    -------------------

Slack:                    inf
  Source:                 core_inst_gen[0].u_engine_core/m_axis_tdata_reg_reg[6]/C
                            (rising edge-triggered cell FDCE clocked by aclk  {rise@0.000ns fall@2.000ns period=4.000ns})
  Destination:            m_axis_tdata[6]
                            (output port)
  Path Group:             (none)
  Path Type:              Min at Fast Process Corner
  Data Path Delay:        0.130ns  (logic 0.080ns (61.538%)  route 0.050ns (38.462%))
  Logic Levels:           1  (LUT5=1)
  Clock Uncertainty:      0.025ns  ((TSJ^2 + TIJ^2)^1/2 + DJ) / 2 + PE
    Total System Jitter     (TSJ):    0.050ns
    Total Input Jitter      (TIJ):    0.000ns
    Discrete Jitter          (DJ):    0.000ns
    Phase Error              (PE):    0.000ns

    Location             Delay type                Incr(ns)  Path(ns)    Netlist Resource(s)
  -------------------------------------------------------------------    -------------------
                         (clock aclk rise edge)       0.000     0.000 r  
                                                      0.000     0.000 r  aclk (IN)
                         net (fo=139844, unset)       0.013     0.013    core_inst_gen[0].u_engine_core/aclk
    SLICE_X91Y132        FDCE                                         r  core_inst_gen[0].u_engine_core/m_axis_tdata_reg_reg[6]/C
  -------------------------------------------------------------------    -------------------
    SLICE_X91Y132        FDCE (Prop_DFF_SLICEM_C_Q)
                                                      0.039     0.052 r  core_inst_gen[0].u_engine_core/m_axis_tdata_reg_reg[6]/Q
                         net (fo=1, routed)           0.050     0.102    core_inst_gen[2].u_engine_core/m_axis_tdata[127][6]
    SLICE_X91Y132        LUT5 (Prop_H6LUT_SLICEM_I2_O)
                                                      0.041     0.143 r  core_inst_gen[2].u_engine_core/m_axis_tdata[6]_INST_0/O
                         net (fo=0)                   0.000     0.143    m_axis_tdata[6]
                                                                      r  m_axis_tdata[6] (OUT)
  -------------------------------------------------------------------    -------------------

Slack:                    inf
  Source:                 core_inst_gen[0].u_engine_core/m_axis_tdata_reg_reg[81]/C
                            (rising edge-triggered cell FDCE clocked by aclk  {rise@0.000ns fall@2.000ns period=4.000ns})
  Destination:            m_axis_tdata[81]
                            (output port)
  Path Group:             (none)
  Path Type:              Min at Fast Process Corner
  Data Path Delay:        0.130ns  (logic 0.080ns (61.538%)  route 0.050ns (38.462%))
  Logic Levels:           1  (LUT5=1)
  Clock Uncertainty:      0.025ns  ((TSJ^2 + TIJ^2)^1/2 + DJ) / 2 + PE
    Total System Jitter     (TSJ):    0.050ns
    Total Input Jitter      (TIJ):    0.000ns
    Discrete Jitter          (DJ):    0.000ns
    Phase Error              (PE):    0.000ns

    Location             Delay type                Incr(ns)  Path(ns)    Netlist Resource(s)
  -------------------------------------------------------------------    -------------------
                         (clock aclk rise edge)       0.000     0.000 r  
                                                      0.000     0.000 r  aclk (IN)
                         net (fo=139844, unset)       0.013     0.013    core_inst_gen[0].u_engine_core/aclk
    SLICE_X72Y178        FDCE                                         r  core_inst_gen[0].u_engine_core/m_axis_tdata_reg_reg[81]/C
  -------------------------------------------------------------------    -------------------
    SLICE_X72Y178        FDCE (Prop_DFF_SLICEM_C_Q)
                                                      0.039     0.052 r  core_inst_gen[0].u_engine_core/m_axis_tdata_reg_reg[81]/Q
                         net (fo=1, routed)           0.050     0.102    core_inst_gen[2].u_engine_core/m_axis_tdata[127][81]
    SLICE_X72Y178        LUT5 (Prop_H6LUT_SLICEM_I2_O)
                                                      0.041     0.143 r  core_inst_gen[2].u_engine_core/m_axis_tdata[81]_INST_0/O
                         net (fo=0)                   0.000     0.143    m_axis_tdata[81]
                                                                      r  m_axis_tdata[81] (OUT)
  -------------------------------------------------------------------    -------------------

Slack:                    inf
  Source:                 core_inst_gen[2].u_engine_core/m_axis_tdata_reg_reg[103]/C
                            (rising edge-triggered cell FDCE clocked by aclk  {rise@0.000ns fall@2.000ns period=4.000ns})
  Destination:            m_axis_tdata[103]
                            (output port)
  Path Group:             (none)
  Path Type:              Min at Fast Process Corner
  Data Path Delay:        0.131ns  (logic 0.054ns (41.221%)  route 0.077ns (58.779%))
  Logic Levels:           1  (LUT5=1)
  Clock Uncertainty:      0.025ns  ((TSJ^2 + TIJ^2)^1/2 + DJ) / 2 + PE
    Total System Jitter     (TSJ):    0.050ns
    Total Input Jitter      (TIJ):    0.000ns
    Discrete Jitter          (DJ):    0.000ns
    Phase Error              (PE):    0.000ns

    Location             Delay type                Incr(ns)  Path(ns)    Netlist Resource(s)
  -------------------------------------------------------------------    -------------------
                         (clock aclk rise edge)       0.000     0.000 r  
                                                      0.000     0.000 r  aclk (IN)
                         net (fo=139844, unset)       0.013     0.013    core_inst_gen[2].u_engine_core/aclk
    SLICE_X114Y156       FDCE                                         r  core_inst_gen[2].u_engine_core/m_axis_tdata_reg_reg[103]/C
  -------------------------------------------------------------------    -------------------
    SLICE_X114Y156       FDCE (Prop_DFF_SLICEM_C_Q)
                                                      0.039     0.052 r  core_inst_gen[2].u_engine_core/m_axis_tdata_reg_reg[103]/Q
                         net (fo=1, routed)           0.077     0.129    core_inst_gen[2].u_engine_core/engine_m_data[2][103]
    SLICE_X114Y153       LUT5 (Prop_H6LUT_SLICEM_I0_O)
                                                      0.015     0.144 r  core_inst_gen[2].u_engine_core/m_axis_tdata[103]_INST_0/O
                         net (fo=0)                   0.000     0.144    m_axis_tdata[103]
                                                                      r  m_axis_tdata[103] (OUT)
  -------------------------------------------------------------------    -------------------

Slack:                    inf
  Source:                 core_inst_gen[0].u_engine_core/m_axis_tdata_reg_reg[93]/C
                            (rising edge-triggered cell FDCE clocked by aclk  {rise@0.000ns fall@2.000ns period=4.000ns})
  Destination:            m_axis_tdata[93]
                            (output port)
  Path Group:             (none)
  Path Type:              Min at Fast Process Corner
  Data Path Delay:        0.132ns  (logic 0.062ns (46.970%)  route 0.070ns (53.030%))
  Logic Levels:           1  (LUT5=1)
  Clock Uncertainty:      0.025ns  ((TSJ^2 + TIJ^2)^1/2 + DJ) / 2 + PE
    Total System Jitter     (TSJ):    0.050ns
    Total Input Jitter      (TIJ):    0.000ns
    Discrete Jitter          (DJ):    0.000ns
    Phase Error              (PE):    0.000ns

    Location             Delay type                Incr(ns)  Path(ns)    Netlist Resource(s)
  -------------------------------------------------------------------    -------------------
                         (clock aclk rise edge)       0.000     0.000 r  
                                                      0.000     0.000 r  aclk (IN)
                         net (fo=139844, unset)       0.013     0.013    core_inst_gen[0].u_engine_core/aclk
    SLICE_X72Y170        FDCE                                         r  core_inst_gen[0].u_engine_core/m_axis_tdata_reg_reg[93]/C
  -------------------------------------------------------------------    -------------------
    SLICE_X72Y170        FDCE (Prop_DFF_SLICEM_C_Q)
                                                      0.039     0.052 r  core_inst_gen[0].u_engine_core/m_axis_tdata_reg_reg[93]/Q
                         net (fo=1, routed)           0.070     0.122    core_inst_gen[2].u_engine_core/m_axis_tdata[127][93]
    SLICE_X72Y170        LUT5 (Prop_H6LUT_SLICEM_I2_O)
                                                      0.023     0.145 r  core_inst_gen[2].u_engine_core/m_axis_tdata[93]_INST_0/O
                         net (fo=0)                   0.000     0.145    m_axis_tdata[93]
                                                                      r  m_axis_tdata[93] (OUT)
  -------------------------------------------------------------------    -------------------





--------------------------------------------------------------------------------------
Path Group:  (none)
From Clock:  
  To Clock:  aclk

Max Delay         73458 Endpoints
Min Delay         73458 Endpoints
--------------------------------------------------------------------------------------


Max Delay Paths
--------------------------------------------------------------------------------------
Slack:                    inf
  Source:                 s_axis_tdata[139]
                            (input port)
  Destination:            core_inst_gen[1].u_engine_core/fifo_mem_reg[62][121]/D
                            (rising edge-triggered cell FDRE clocked by aclk  {rise@0.000ns fall@2.000ns period=4.000ns})
  Path Group:             (none)
  Path Type:              Setup (Max at Slow Process Corner)
  Data Path Delay:        5.920ns  (logic 0.457ns (7.720%)  route 5.463ns (92.280%))
  Logic Levels:           4  (LUT2=1 LUT4=2 LUT5=1)
  Clock Path Skew:        0.021ns (DCD - SCD + CPR)
    Destination Clock Delay (DCD):    0.021ns
    Source Clock Delay      (SCD):    0.000ns
    Clock Pessimism Removal (CPR):    0.000ns
  Clock Uncertainty:      0.025ns  ((TSJ^2 + TIJ^2)^1/2 + DJ) / 2 + PE
    Total System Jitter     (TSJ):    0.050ns
    Total Input Jitter      (TIJ):    0.000ns
    Discrete Jitter          (DJ):    0.000ns
    Phase Error              (PE):    0.000ns

    Location             Delay type                Incr(ns)  Path(ns)    Netlist Resource(s)
  -------------------------------------------------------------------    -------------------
                                                      0.000     0.000 r  s_axis_tdata[139] (IN)
                         net (fo=12, unset)           0.000     0.000    core_inst_gen[2].u_engine_core/u_iv_top/gen_init_guess.u_init_guess/u_init_divider/s_axis_tdata[11]
    SLICE_X113Y140       LUT4 (Prop_E6LUT_SLICEL_I0_O)
                                                      0.099     0.099 r  core_inst_gen[2].u_engine_core/u_iv_top/gen_init_guess.u_init_guess/u_init_divider/tid_busy_mask[63]_i_12/O
                         net (fo=1, routed)           0.108     0.207    core_inst_gen[2].u_engine_core/u_iv_top/gen_init_guess.u_init_guess/u_init_divider/tid_busy_mask[63]_i_12_n_0
    SLICE_X113Y140       LUT5 (Prop_G6LUT_SLICEL_I4_O)
                                                      0.149     0.356 f  core_inst_gen[2].u_engine_core/u_iv_top/gen_init_guess.u_init_guess/u_init_divider/tid_busy_mask[63]_i_8/O
                         net (fo=9, routed)           0.254     0.610    core_inst_gen[1].u_engine_core/tid_busy_mask_reg[0]_0
    SLICE_X113Y140       LUT4 (Prop_C6LUT_SLICEL_I1_O)
                                                      0.050     0.660 f  core_inst_gen[1].u_engine_core/fifo_mem[63][127]_i_5__0/O
                         net (fo=122, routed)         3.102     3.761    core_inst_gen[1].u_engine_core/u_iv_top/u_arb_fsm/fifo_mem_reg[0][32]
    SLICE_X142Y57        LUT2 (Prop_C5LUT_SLICEM_I1_O)
                                                      0.159     3.920 r  core_inst_gen[1].u_engine_core/u_iv_top/u_arb_fsm/fifo_mem[63][121]_i_1__0/O
                         net (fo=64, routed)          1.999     5.920    core_inst_gen[1].u_engine_core/iv_done_gamma[25]
    SLICE_X118Y62        FDRE                                         r  core_inst_gen[1].u_engine_core/fifo_mem_reg[62][121]/D
  -------------------------------------------------------------------    -------------------

                         (clock aclk rise edge)       0.000     0.000 r  
                                                      0.000     0.000 r  aclk (IN)
                         net (fo=139844, unset)       0.021     0.021    core_inst_gen[1].u_engine_core/aclk
    SLICE_X118Y62        FDRE                                         r  core_inst_gen[1].u_engine_core/fifo_mem_reg[62][121]/C

Slack:                    inf
  Source:                 s_axis_tdata[139]
                            (input port)
  Destination:            core_inst_gen[1].u_engine_core/fifo_mem_reg[63][121]/D
                            (rising edge-triggered cell FDRE clocked by aclk  {rise@0.000ns fall@2.000ns period=4.000ns})
  Path Group:             (none)
  Path Type:              Setup (Max at Slow Process Corner)
  Data Path Delay:        5.920ns  (logic 0.457ns (7.720%)  route 5.463ns (92.280%))
  Logic Levels:           4  (LUT2=1 LUT4=2 LUT5=1)
  Clock Path Skew:        0.021ns (DCD - SCD + CPR)
    Destination Clock Delay (DCD):    0.021ns
    Source Clock Delay      (SCD):    0.000ns
    Clock Pessimism Removal (CPR):    0.000ns
  Clock Uncertainty:      0.025ns  ((TSJ^2 + TIJ^2)^1/2 + DJ) / 2 + PE
    Total System Jitter     (TSJ):    0.050ns
    Total Input Jitter      (TIJ):    0.000ns
    Discrete Jitter          (DJ):    0.000ns
    Phase Error              (PE):    0.000ns

    Location             Delay type                Incr(ns)  Path(ns)    Netlist Resource(s)
  -------------------------------------------------------------------    -------------------
                                                      0.000     0.000 r  s_axis_tdata[139] (IN)
                         net (fo=12, unset)           0.000     0.000    core_inst_gen[2].u_engine_core/u_iv_top/gen_init_guess.u_init_guess/u_init_divider/s_axis_tdata[11]
    SLICE_X113Y140       LUT4 (Prop_E6LUT_SLICEL_I0_O)
                                                      0.099     0.099 r  core_inst_gen[2].u_engine_core/u_iv_top/gen_init_guess.u_init_guess/u_init_divider/tid_busy_mask[63]_i_12/O
                         net (fo=1, routed)           0.108     0.207    core_inst_gen[2].u_engine_core/u_iv_top/gen_init_guess.u_init_guess/u_init_divider/tid_busy_mask[63]_i_12_n_0
    SLICE_X113Y140       LUT5 (Prop_G6LUT_SLICEL_I4_O)
                                                      0.149     0.356 f  core_inst_gen[2].u_engine_core/u_iv_top/gen_init_guess.u_init_guess/u_init_divider/tid_busy_mask[63]_i_8/O
                         net (fo=9, routed)           0.254     0.610    core_inst_gen[1].u_engine_core/tid_busy_mask_reg[0]_0
    SLICE_X113Y140       LUT4 (Prop_C6LUT_SLICEL_I1_O)
                                                      0.050     0.660 f  core_inst_gen[1].u_engine_core/fifo_mem[63][127]_i_5__0/O
                         net (fo=122, routed)         3.102     3.761    core_inst_gen[1].u_engine_core/u_iv_top/u_arb_fsm/fifo_mem_reg[0][32]
    SLICE_X142Y57        LUT2 (Prop_C5LUT_SLICEM_I1_O)
                                                      0.159     3.920 r  core_inst_gen[1].u_engine_core/u_iv_top/u_arb_fsm/fifo_mem[63][121]_i_1__0/O
                         net (fo=64, routed)          1.999     5.920    core_inst_gen[1].u_engine_core/iv_done_gamma[25]
    SLICE_X118Y62        FDRE                                         r  core_inst_gen[1].u_engine_core/fifo_mem_reg[63][121]/D
  -------------------------------------------------------------------    -------------------

                         (clock aclk rise edge)       0.000     0.000 r  
                                                      0.000     0.000 r  aclk (IN)
                         net (fo=139844, unset)       0.021     0.021    core_inst_gen[1].u_engine_core/aclk
    SLICE_X118Y62        FDRE                                         r  core_inst_gen[1].u_engine_core/fifo_mem_reg[63][121]/C

Slack:                    inf
  Source:                 s_axis_tdata[139]
                            (input port)
  Destination:            core_inst_gen[1].u_engine_core/fifo_mem_reg[61][121]/D
                            (rising edge-triggered cell FDRE clocked by aclk  {rise@0.000ns fall@2.000ns period=4.000ns})
  Path Group:             (none)
  Path Type:              Setup (Max at Slow Process Corner)
  Data Path Delay:        5.802ns  (logic 0.457ns (7.877%)  route 5.345ns (92.123%))
  Logic Levels:           4  (LUT2=1 LUT4=2 LUT5=1)
  Clock Path Skew:        0.021ns (DCD - SCD + CPR)
    Destination Clock Delay (DCD):    0.021ns
    Source Clock Delay      (SCD):    0.000ns
    Clock Pessimism Removal (CPR):    0.000ns
  Clock Uncertainty:      0.025ns  ((TSJ^2 + TIJ^2)^1/2 + DJ) / 2 + PE
    Total System Jitter     (TSJ):    0.050ns
    Total Input Jitter      (TIJ):    0.000ns
    Discrete Jitter          (DJ):    0.000ns
    Phase Error              (PE):    0.000ns

    Location             Delay type                Incr(ns)  Path(ns)    Netlist Resource(s)
  -------------------------------------------------------------------    -------------------
                                                      0.000     0.000 r  s_axis_tdata[139] (IN)
                         net (fo=12, unset)           0.000     0.000    core_inst_gen[2].u_engine_core/u_iv_top/gen_init_guess.u_init_guess/u_init_divider/s_axis_tdata[11]
    SLICE_X113Y140       LUT4 (Prop_E6LUT_SLICEL_I0_O)
                                                      0.099     0.099 r  core_inst_gen[2].u_engine_core/u_iv_top/gen_init_guess.u_init_guess/u_init_divider/tid_busy_mask[63]_i_12/O
                         net (fo=1, routed)           0.108     0.207    core_inst_gen[2].u_engine_core/u_iv_top/gen_init_guess.u_init_guess/u_init_divider/tid_busy_mask[63]_i_12_n_0
    SLICE_X113Y140       LUT5 (Prop_G6LUT_SLICEL_I4_O)
                                                      0.149     0.356 f  core_inst_gen[2].u_engine_core/u_iv_top/gen_init_guess.u_init_guess/u_init_divider/tid_busy_mask[63]_i_8/O
                         net (fo=9, routed)           0.254     0.610    core_inst_gen[1].u_engine_core/tid_busy_mask_reg[0]_0
    SLICE_X113Y140       LUT4 (Prop_C6LUT_SLICEL_I1_O)
                                                      0.050     0.660 f  core_inst_gen[1].u_engine_core/fifo_mem[63][127]_i_5__0/O
                         net (fo=122, routed)         3.102     3.761    core_inst_gen[1].u_engine_core/u_iv_top/u_arb_fsm/fifo_mem_reg[0][32]
    SLICE_X142Y57        LUT2 (Prop_C5LUT_SLICEM_I1_O)
                                                      0.159     3.920 r  core_inst_gen[1].u_engine_core/u_iv_top/u_arb_fsm/fifo_mem[63][121]_i_1__0/O
                         net (fo=64, routed)          1.881     5.802    core_inst_gen[1].u_engine_core/iv_done_gamma[25]
    SLICE_X118Y61        FDRE                                         r  core_inst_gen[1].u_engine_core/fifo_mem_reg[61][121]/D
  -------------------------------------------------------------------    -------------------

                         (clock aclk rise edge)       0.000     0.000 r  
                                                      0.000     0.000 r  aclk (IN)
                         net (fo=139844, unset)       0.021     0.021    core_inst_gen[1].u_engine_core/aclk
    SLICE_X118Y61        FDRE                                         r  core_inst_gen[1].u_engine_core/fifo_mem_reg[61][121]/C

Slack:                    inf
  Source:                 s_axis_tdata[139]
                            (input port)
  Destination:            core_inst_gen[1].u_engine_core/fifo_mem_reg[56][121]/D
                            (rising edge-triggered cell FDRE clocked by aclk  {rise@0.000ns fall@2.000ns period=4.000ns})
  Path Group:             (none)
  Path Type:              Setup (Max at Slow Process Corner)
  Data Path Delay:        5.775ns  (logic 0.457ns (7.914%)  route 5.318ns (92.086%))
  Logic Levels:           4  (LUT2=1 LUT4=2 LUT5=1)
  Clock Path Skew:        0.021ns (DCD - SCD + CPR)
    Destination Clock Delay (DCD):    0.021ns
    Source Clock Delay      (SCD):    0.000ns
    Clock Pessimism Removal (CPR):    0.000ns
  Clock Uncertainty:      0.025ns  ((TSJ^2 + TIJ^2)^1/2 + DJ) / 2 + PE
    Total System Jitter     (TSJ):    0.050ns
    Total Input Jitter      (TIJ):    0.000ns
    Discrete Jitter          (DJ):    0.000ns
    Phase Error              (PE):    0.000ns

    Location             Delay type                Incr(ns)  Path(ns)    Netlist Resource(s)
  -------------------------------------------------------------------    -------------------
                                                      0.000     0.000 r  s_axis_tdata[139] (IN)
                         net (fo=12, unset)           0.000     0.000    core_inst_gen[2].u_engine_core/u_iv_top/gen_init_guess.u_init_guess/u_init_divider/s_axis_tdata[11]
    SLICE_X113Y140       LUT4 (Prop_E6LUT_SLICEL_I0_O)
                                                      0.099     0.099 r  core_inst_gen[2].u_engine_core/u_iv_top/gen_init_guess.u_init_guess/u_init_divider/tid_busy_mask[63]_i_12/O
                         net (fo=1, routed)           0.108     0.207    core_inst_gen[2].u_engine_core/u_iv_top/gen_init_guess.u_init_guess/u_init_divider/tid_busy_mask[63]_i_12_n_0
    SLICE_X113Y140       LUT5 (Prop_G6LUT_SLICEL_I4_O)
                                                      0.149     0.356 f  core_inst_gen[2].u_engine_core/u_iv_top/gen_init_guess.u_init_guess/u_init_divider/tid_busy_mask[63]_i_8/O
                         net (fo=9, routed)           0.254     0.610    core_inst_gen[1].u_engine_core/tid_busy_mask_reg[0]_0
    SLICE_X113Y140       LUT4 (Prop_C6LUT_SLICEL_I1_O)
                                                      0.050     0.660 f  core_inst_gen[1].u_engine_core/fifo_mem[63][127]_i_5__0/O
                         net (fo=122, routed)         3.102     3.761    core_inst_gen[1].u_engine_core/u_iv_top/u_arb_fsm/fifo_mem_reg[0][32]
    SLICE_X142Y57        LUT2 (Prop_C5LUT_SLICEM_I1_O)
                                                      0.159     3.920 r  core_inst_gen[1].u_engine_core/u_iv_top/u_arb_fsm/fifo_mem[63][121]_i_1__0/O
                         net (fo=64, routed)          1.854     5.775    core_inst_gen[1].u_engine_core/iv_done_gamma[25]
    SLICE_X118Y61        FDRE                                         r  core_inst_gen[1].u_engine_core/fifo_mem_reg[56][121]/D
  -------------------------------------------------------------------    -------------------

                         (clock aclk rise edge)       0.000     0.000 r  
                                                      0.000     0.000 r  aclk (IN)
                         net (fo=139844, unset)       0.021     0.021    core_inst_gen[1].u_engine_core/aclk
    SLICE_X118Y61        FDRE                                         r  core_inst_gen[1].u_engine_core/fifo_mem_reg[56][121]/C

Slack:                    inf
  Source:                 s_axis_tdata[139]
                            (input port)
  Destination:            core_inst_gen[1].u_engine_core/fifo_mem_reg[59][121]/D
                            (rising edge-triggered cell FDRE clocked by aclk  {rise@0.000ns fall@2.000ns period=4.000ns})
  Path Group:             (none)
  Path Type:              Setup (Max at Slow Process Corner)
  Data Path Delay:        5.772ns  (logic 0.457ns (7.918%)  route 5.315ns (92.082%))
  Logic Levels:           4  (LUT2=1 LUT4=2 LUT5=1)
  Clock Path Skew:        0.021ns (DCD - SCD + CPR)
    Destination Clock Delay (DCD):    0.021ns
    Source Clock Delay      (SCD):    0.000ns
    Clock Pessimism Removal (CPR):    0.000ns
  Clock Uncertainty:      0.025ns  ((TSJ^2 + TIJ^2)^1/2 + DJ) / 2 + PE
    Total System Jitter     (TSJ):    0.050ns
    Total Input Jitter      (TIJ):    0.000ns
    Discrete Jitter          (DJ):    0.000ns
    Phase Error              (PE):    0.000ns

    Location             Delay type                Incr(ns)  Path(ns)    Netlist Resource(s)
  -------------------------------------------------------------------    -------------------
                                                      0.000     0.000 r  s_axis_tdata[139] (IN)
                         net (fo=12, unset)           0.000     0.000    core_inst_gen[2].u_engine_core/u_iv_top/gen_init_guess.u_init_guess/u_init_divider/s_axis_tdata[11]
    SLICE_X113Y140       LUT4 (Prop_E6LUT_SLICEL_I0_O)
                                                      0.099     0.099 r  core_inst_gen[2].u_engine_core/u_iv_top/gen_init_guess.u_init_guess/u_init_divider/tid_busy_mask[63]_i_12/O
                         net (fo=1, routed)           0.108     0.207    core_inst_gen[2].u_engine_core/u_iv_top/gen_init_guess.u_init_guess/u_init_divider/tid_busy_mask[63]_i_12_n_0
    SLICE_X113Y140       LUT5 (Prop_G6LUT_SLICEL_I4_O)
                                                      0.149     0.356 f  core_inst_gen[2].u_engine_core/u_iv_top/gen_init_guess.u_init_guess/u_init_divider/tid_busy_mask[63]_i_8/O
                         net (fo=9, routed)           0.254     0.610    core_inst_gen[1].u_engine_core/tid_busy_mask_reg[0]_0
    SLICE_X113Y140       LUT4 (Prop_C6LUT_SLICEL_I1_O)
                                                      0.050     0.660 f  core_inst_gen[1].u_engine_core/fifo_mem[63][127]_i_5__0/O
                         net (fo=122, routed)         3.102     3.761    core_inst_gen[1].u_engine_core/u_iv_top/u_arb_fsm/fifo_mem_reg[0][32]
    SLICE_X142Y57        LUT2 (Prop_C5LUT_SLICEM_I1_O)
                                                      0.159     3.920 r  core_inst_gen[1].u_engine_core/u_iv_top/u_arb_fsm/fifo_mem[63][121]_i_1__0/O
                         net (fo=64, routed)          1.851     5.772    core_inst_gen[1].u_engine_core/iv_done_gamma[25]
    SLICE_X118Y61        FDRE                                         r  core_inst_gen[1].u_engine_core/fifo_mem_reg[59][121]/D
  -------------------------------------------------------------------    -------------------

                         (clock aclk rise edge)       0.000     0.000 r  
                                                      0.000     0.000 r  aclk (IN)
                         net (fo=139844, unset)       0.021     0.021    core_inst_gen[1].u_engine_core/aclk
    SLICE_X118Y61        FDRE                                         r  core_inst_gen[1].u_engine_core/fifo_mem_reg[59][121]/C

Slack:                    inf
  Source:                 s_axis_tdata[139]
                            (input port)
  Destination:            core_inst_gen[1].u_engine_core/fifo_mem_reg[48][121]/D
                            (rising edge-triggered cell FDRE clocked by aclk  {rise@0.000ns fall@2.000ns period=4.000ns})
  Path Group:             (none)
  Path Type:              Setup (Max at Slow Process Corner)
  Data Path Delay:        5.740ns  (logic 0.457ns (7.961%)  route 5.283ns (92.039%))
  Logic Levels:           4  (LUT2=1 LUT4=2 LUT5=1)
  Clock Path Skew:        0.021ns (DCD - SCD + CPR)
    Destination Clock Delay (DCD):    0.021ns
    Source Clock Delay      (SCD):    0.000ns
    Clock Pessimism Removal (CPR):    0.000ns
  Clock Uncertainty:      0.025ns  ((TSJ^2 + TIJ^2)^1/2 + DJ) / 2 + PE
    Total System Jitter     (TSJ):    0.050ns
    Total Input Jitter      (TIJ):    0.000ns
    Discrete Jitter          (DJ):    0.000ns
    Phase Error              (PE):    0.000ns

    Location             Delay type                Incr(ns)  Path(ns)    Netlist Resource(s)
  -------------------------------------------------------------------    -------------------
                                                      0.000     0.000 r  s_axis_tdata[139] (IN)
                         net (fo=12, unset)           0.000     0.000    core_inst_gen[2].u_engine_core/u_iv_top/gen_init_guess.u_init_guess/u_init_divider/s_axis_tdata[11]
    SLICE_X113Y140       LUT4 (Prop_E6LUT_SLICEL_I0_O)
                                                      0.099     0.099 r  core_inst_gen[2].u_engine_core/u_iv_top/gen_init_guess.u_init_guess/u_init_divider/tid_busy_mask[63]_i_12/O
                         net (fo=1, routed)           0.108     0.207    core_inst_gen[2].u_engine_core/u_iv_top/gen_init_guess.u_init_guess/u_init_divider/tid_busy_mask[63]_i_12_n_0
    SLICE_X113Y140       LUT5 (Prop_G6LUT_SLICEL_I4_O)
                                                      0.149     0.356 f  core_inst_gen[2].u_engine_core/u_iv_top/gen_init_guess.u_init_guess/u_init_divider/tid_busy_mask[63]_i_8/O
                         net (fo=9, routed)           0.254     0.610    core_inst_gen[1].u_engine_core/tid_busy_mask_reg[0]_0
    SLICE_X113Y140       LUT4 (Prop_C6LUT_SLICEL_I1_O)
                                                      0.050     0.660 f  core_inst_gen[1].u_engine_core/fifo_mem[63][127]_i_5__0/O
                         net (fo=122, routed)         3.102     3.761    core_inst_gen[1].u_engine_core/u_iv_top/u_arb_fsm/fifo_mem_reg[0][32]
    SLICE_X142Y57        LUT2 (Prop_C5LUT_SLICEM_I1_O)
                                                      0.159     3.920 r  core_inst_gen[1].u_engine_core/u_iv_top/u_arb_fsm/fifo_mem[63][121]_i_1__0/O
                         net (fo=64, routed)          1.820     5.740    core_inst_gen[1].u_engine_core/iv_done_gamma[25]
    SLICE_X118Y61        FDRE                                         r  core_inst_gen[1].u_engine_core/fifo_mem_reg[48][121]/D
  -------------------------------------------------------------------    -------------------

                         (clock aclk rise edge)       0.000     0.000 r  
                                                      0.000     0.000 r  aclk (IN)
                         net (fo=139844, unset)       0.021     0.021    core_inst_gen[1].u_engine_core/aclk
    SLICE_X118Y61        FDRE                                         r  core_inst_gen[1].u_engine_core/fifo_mem_reg[48][121]/C

Slack:                    inf
  Source:                 s_axis_tdata[139]
                            (input port)
  Destination:            core_inst_gen[1].u_engine_core/fifo_mem_reg[57][121]/D
                            (rising edge-triggered cell FDRE clocked by aclk  {rise@0.000ns fall@2.000ns period=4.000ns})
  Path Group:             (none)
  Path Type:              Setup (Max at Slow Process Corner)
  Data Path Delay:        5.647ns  (logic 0.457ns (8.092%)  route 5.190ns (91.908%))
  Logic Levels:           4  (LUT2=1 LUT4=2 LUT5=1)
  Clock Path Skew:        0.021ns (DCD - SCD + CPR)
    Destination Clock Delay (DCD):    0.021ns
    Source Clock Delay      (SCD):    0.000ns
    Clock Pessimism Removal (CPR):    0.000ns
  Clock Uncertainty:      0.025ns  ((TSJ^2 + TIJ^2)^1/2 + DJ) / 2 + PE
    Total System Jitter     (TSJ):    0.050ns
    Total Input Jitter      (TIJ):    0.000ns
    Discrete Jitter          (DJ):    0.000ns
    Phase Error              (PE):    0.000ns

    Location             Delay type                Incr(ns)  Path(ns)    Netlist Resource(s)
  -------------------------------------------------------------------    -------------------
                                                      0.000     0.000 r  s_axis_tdata[139] (IN)
                         net (fo=12, unset)           0.000     0.000    core_inst_gen[2].u_engine_core/u_iv_top/gen_init_guess.u_init_guess/u_init_divider/s_axis_tdata[11]
    SLICE_X113Y140       LUT4 (Prop_E6LUT_SLICEL_I0_O)
                                                      0.099     0.099 r  core_inst_gen[2].u_engine_core/u_iv_top/gen_init_guess.u_init_guess/u_init_divider/tid_busy_mask[63]_i_12/O
                         net (fo=1, routed)           0.108     0.207    core_inst_gen[2].u_engine_core/u_iv_top/gen_init_guess.u_init_guess/u_init_divider/tid_busy_mask[63]_i_12_n_0
    SLICE_X113Y140       LUT5 (Prop_G6LUT_SLICEL_I4_O)
                                                      0.149     0.356 f  core_inst_gen[2].u_engine_core/u_iv_top/gen_init_guess.u_init_guess/u_init_divider/tid_busy_mask[63]_i_8/O
                         net (fo=9, routed)           0.254     0.610    core_inst_gen[1].u_engine_core/tid_busy_mask_reg[0]_0
    SLICE_X113Y140       LUT4 (Prop_C6LUT_SLICEL_I1_O)
                                                      0.050     0.660 f  core_inst_gen[1].u_engine_core/fifo_mem[63][127]_i_5__0/O
                         net (fo=122, routed)         3.102     3.761    core_inst_gen[1].u_engine_core/u_iv_top/u_arb_fsm/fifo_mem_reg[0][32]
    SLICE_X142Y57        LUT2 (Prop_C5LUT_SLICEM_I1_O)
                                                      0.159     3.920 r  core_inst_gen[1].u_engine_core/u_iv_top/u_arb_fsm/fifo_mem[63][121]_i_1__0/O
                         net (fo=64, routed)          1.727     5.647    core_inst_gen[1].u_engine_core/iv_done_gamma[25]
    SLICE_X118Y60        FDRE                                         r  core_inst_gen[1].u_engine_core/fifo_mem_reg[57][121]/D
  -------------------------------------------------------------------    -------------------

                         (clock aclk rise edge)       0.000     0.000 r  
                                                      0.000     0.000 r  aclk (IN)
                         net (fo=139844, unset)       0.021     0.021    core_inst_gen[1].u_engine_core/aclk
    SLICE_X118Y60        FDRE                                         r  core_inst_gen[1].u_engine_core/fifo_mem_reg[57][121]/C

Slack:                    inf
  Source:                 s_axis_tdata[139]
                            (input port)
  Destination:            core_inst_gen[1].u_engine_core/fifo_mem_reg[17][97]/D
                            (rising edge-triggered cell FDRE clocked by aclk  {rise@0.000ns fall@2.000ns period=4.000ns})
  Path Group:             (none)
  Path Type:              Setup (Max at Slow Process Corner)
  Data Path Delay:        5.637ns  (logic 0.459ns (8.143%)  route 5.178ns (91.857%))
  Logic Levels:           4  (LUT2=1 LUT4=2 LUT5=1)
  Clock Path Skew:        0.021ns (DCD - SCD + CPR)
    Destination Clock Delay (DCD):    0.021ns
    Source Clock Delay      (SCD):    0.000ns
    Clock Pessimism Removal (CPR):    0.000ns
  Clock Uncertainty:      0.025ns  ((TSJ^2 + TIJ^2)^1/2 + DJ) / 2 + PE
    Total System Jitter     (TSJ):    0.050ns
    Total Input Jitter      (TIJ):    0.000ns
    Discrete Jitter          (DJ):    0.000ns
    Phase Error              (PE):    0.000ns

    Location             Delay type                Incr(ns)  Path(ns)    Netlist Resource(s)
  -------------------------------------------------------------------    -------------------
                                                      0.000     0.000 r  s_axis_tdata[139] (IN)
                         net (fo=12, unset)           0.000     0.000    core_inst_gen[2].u_engine_core/u_iv_top/gen_init_guess.u_init_guess/u_init_divider/s_axis_tdata[11]
    SLICE_X113Y140       LUT4 (Prop_E6LUT_SLICEL_I0_O)
                                                      0.099     0.099 r  core_inst_gen[2].u_engine_core/u_iv_top/gen_init_guess.u_init_guess/u_init_divider/tid_busy_mask[63]_i_12/O
                         net (fo=1, routed)           0.108     0.207    core_inst_gen[2].u_engine_core/u_iv_top/gen_init_guess.u_init_guess/u_init_divider/tid_busy_mask[63]_i_12_n_0
    SLICE_X113Y140       LUT5 (Prop_G6LUT_SLICEL_I4_O)
                                                      0.149     0.356 f  core_inst_gen[2].u_engine_core/u_iv_top/gen_init_guess.u_init_guess/u_init_divider/tid_busy_mask[63]_i_8/O
                         net (fo=9, routed)           0.254     0.610    core_inst_gen[1].u_engine_core/tid_busy_mask_reg[0]_0
    SLICE_X113Y140       LUT4 (Prop_C6LUT_SLICEL_I1_O)
                                                      0.050     0.660 f  core_inst_gen[1].u_engine_core/fifo_mem[63][127]_i_5__0/O
                         net (fo=122, routed)         3.370     4.029    core_inst_gen[1].u_engine_core/u_iv_top/u_arb_fsm/fifo_mem_reg[0][32]
    SLICE_X139Y49        LUT2 (Prop_H5LUT_SLICEM_I1_O)
                                                      0.161     4.190 r  core_inst_gen[1].u_engine_core/u_iv_top/u_arb_fsm/fifo_mem[63][97]_i_1__0/O
                         net (fo=64, routed)          1.447     5.637    core_inst_gen[1].u_engine_core/iv_done_gamma[1]
    SLICE_X126Y41        FDRE                                         r  core_inst_gen[1].u_engine_core/fifo_mem_reg[17][97]/D
  -------------------------------------------------------------------    -------------------

                         (clock aclk rise edge)       0.000     0.000 r  
                                                      0.000     0.000 r  aclk (IN)
                         net (fo=139844, unset)       0.021     0.021    core_inst_gen[1].u_engine_core/aclk
    SLICE_X126Y41        FDRE                                         r  core_inst_gen[1].u_engine_core/fifo_mem_reg[17][97]/C

Slack:                    inf
  Source:                 s_axis_tdata[139]
                            (input port)
  Destination:            core_inst_gen[1].u_engine_core/fifo_mem_reg[58][121]/D
                            (rising edge-triggered cell FDRE clocked by aclk  {rise@0.000ns fall@2.000ns period=4.000ns})
  Path Group:             (none)
  Path Type:              Setup (Max at Slow Process Corner)
  Data Path Delay:        5.620ns  (logic 0.457ns (8.131%)  route 5.163ns (91.869%))
  Logic Levels:           4  (LUT2=1 LUT4=2 LUT5=1)
  Clock Path Skew:        0.021ns (DCD - SCD + CPR)
    Destination Clock Delay (DCD):    0.021ns
    Source Clock Delay      (SCD):    0.000ns
    Clock Pessimism Removal (CPR):    0.000ns
  Clock Uncertainty:      0.025ns  ((TSJ^2 + TIJ^2)^1/2 + DJ) / 2 + PE
    Total System Jitter     (TSJ):    0.050ns
    Total Input Jitter      (TIJ):    0.000ns
    Discrete Jitter          (DJ):    0.000ns
    Phase Error              (PE):    0.000ns

    Location             Delay type                Incr(ns)  Path(ns)    Netlist Resource(s)
  -------------------------------------------------------------------    -------------------
                                                      0.000     0.000 r  s_axis_tdata[139] (IN)
                         net (fo=12, unset)           0.000     0.000    core_inst_gen[2].u_engine_core/u_iv_top/gen_init_guess.u_init_guess/u_init_divider/s_axis_tdata[11]
    SLICE_X113Y140       LUT4 (Prop_E6LUT_SLICEL_I0_O)
                                                      0.099     0.099 r  core_inst_gen[2].u_engine_core/u_iv_top/gen_init_guess.u_init_guess/u_init_divider/tid_busy_mask[63]_i_12/O
                         net (fo=1, routed)           0.108     0.207    core_inst_gen[2].u_engine_core/u_iv_top/gen_init_guess.u_init_guess/u_init_divider/tid_busy_mask[63]_i_12_n_0
    SLICE_X113Y140       LUT5 (Prop_G6LUT_SLICEL_I4_O)
                                                      0.149     0.356 f  core_inst_gen[2].u_engine_core/u_iv_top/gen_init_guess.u_init_guess/u_init_divider/tid_busy_mask[63]_i_8/O
                         net (fo=9, routed)           0.254     0.610    core_inst_gen[1].u_engine_core/tid_busy_mask_reg[0]_0
    SLICE_X113Y140       LUT4 (Prop_C6LUT_SLICEL_I1_O)
                                                      0.050     0.660 f  core_inst_gen[1].u_engine_core/fifo_mem[63][127]_i_5__0/O
                         net (fo=122, routed)         3.102     3.761    core_inst_gen[1].u_engine_core/u_iv_top/u_arb_fsm/fifo_mem_reg[0][32]
    SLICE_X142Y57        LUT2 (Prop_C5LUT_SLICEM_I1_O)
                                                      0.159     3.920 r  core_inst_gen[1].u_engine_core/u_iv_top/u_arb_fsm/fifo_mem[63][121]_i_1__0/O
                         net (fo=64, routed)          1.700     5.620    core_inst_gen[1].u_engine_core/iv_done_gamma[25]
    SLICE_X118Y60        FDRE                                         r  core_inst_gen[1].u_engine_core/fifo_mem_reg[58][121]/D
  -------------------------------------------------------------------    -------------------

                         (clock aclk rise edge)       0.000     0.000 r  
                                                      0.000     0.000 r  aclk (IN)
                         net (fo=139844, unset)       0.021     0.021    core_inst_gen[1].u_engine_core/aclk
    SLICE_X118Y60        FDRE                                         r  core_inst_gen[1].u_engine_core/fifo_mem_reg[58][121]/C

Slack:                    inf
  Source:                 s_axis_tdata[139]
                            (input port)
  Destination:            core_inst_gen[1].u_engine_core/fifo_mem_reg[49][121]/D
                            (rising edge-triggered cell FDRE clocked by aclk  {rise@0.000ns fall@2.000ns period=4.000ns})
  Path Group:             (none)
  Path Type:              Setup (Max at Slow Process Corner)
  Data Path Delay:        5.617ns  (logic 0.457ns (8.135%)  route 5.160ns (91.865%))
  Logic Levels:           4  (LUT2=1 LUT4=2 LUT5=1)
  Clock Path Skew:        0.021ns (DCD - SCD + CPR)
    Destination Clock Delay (DCD):    0.021ns
    Source Clock Delay      (SCD):    0.000ns
    Clock Pessimism Removal (CPR):    0.000ns
  Clock Uncertainty:      0.025ns  ((TSJ^2 + TIJ^2)^1/2 + DJ) / 2 + PE
    Total System Jitter     (TSJ):    0.050ns
    Total Input Jitter      (TIJ):    0.000ns
    Discrete Jitter          (DJ):    0.000ns
    Phase Error              (PE):    0.000ns

    Location             Delay type                Incr(ns)  Path(ns)    Netlist Resource(s)
  -------------------------------------------------------------------    -------------------
                                                      0.000     0.000 r  s_axis_tdata[139] (IN)
                         net (fo=12, unset)           0.000     0.000    core_inst_gen[2].u_engine_core/u_iv_top/gen_init_guess.u_init_guess/u_init_divider/s_axis_tdata[11]
    SLICE_X113Y140       LUT4 (Prop_E6LUT_SLICEL_I0_O)
                                                      0.099     0.099 r  core_inst_gen[2].u_engine_core/u_iv_top/gen_init_guess.u_init_guess/u_init_divider/tid_busy_mask[63]_i_12/O
                         net (fo=1, routed)           0.108     0.207    core_inst_gen[2].u_engine_core/u_iv_top/gen_init_guess.u_init_guess/u_init_divider/tid_busy_mask[63]_i_12_n_0
    SLICE_X113Y140       LUT5 (Prop_G6LUT_SLICEL_I4_O)
                                                      0.149     0.356 f  core_inst_gen[2].u_engine_core/u_iv_top/gen_init_guess.u_init_guess/u_init_divider/tid_busy_mask[63]_i_8/O
                         net (fo=9, routed)           0.254     0.610    core_inst_gen[1].u_engine_core/tid_busy_mask_reg[0]_0
    SLICE_X113Y140       LUT4 (Prop_C6LUT_SLICEL_I1_O)
                                                      0.050     0.660 f  core_inst_gen[1].u_engine_core/fifo_mem[63][127]_i_5__0/O
                         net (fo=122, routed)         3.102     3.761    core_inst_gen[1].u_engine_core/u_iv_top/u_arb_fsm/fifo_mem_reg[0][32]
    SLICE_X142Y57        LUT2 (Prop_C5LUT_SLICEM_I1_O)
                                                      0.159     3.920 r  core_inst_gen[1].u_engine_core/u_iv_top/u_arb_fsm/fifo_mem[63][121]_i_1__0/O
                         net (fo=64, routed)          1.697     5.617    core_inst_gen[1].u_engine_core/iv_done_gamma[25]
    SLICE_X118Y60        FDRE                                         r  core_inst_gen[1].u_engine_core/fifo_mem_reg[49][121]/D
  -------------------------------------------------------------------    -------------------

                         (clock aclk rise edge)       0.000     0.000 r  
                                                      0.000     0.000 r  aclk (IN)
                         net (fo=139844, unset)       0.021     0.021    core_inst_gen[1].u_engine_core/aclk
    SLICE_X118Y60        FDRE                                         r  core_inst_gen[1].u_engine_core/fifo_mem_reg[49][121]/C





Min Delay Paths
--------------------------------------------------------------------------------------
Slack:                    inf
  Source:                 s_axis_tdata[64]
                            (input port)
  Destination:            core_inst_gen[0].u_engine_core/u_iv_top/ctx_C_reg_0_63_0_6/RAMA/I
                            (rising edge-triggered cell RAMD64E clocked by aclk  {rise@0.000ns fall@2.000ns period=4.000ns})
  Path Group:             (none)
  Path Type:              Hold (Min at Slow Process Corner)
  Data Path Delay:        0.000ns  (logic 0.000ns (0.000%)  route 0.000ns (0.000%))
  Logic Levels:           0  
  Clock Path Skew:        0.057ns (DCD - SCD - CPR)
    Destination Clock Delay (DCD):    0.057ns
    Source Clock Delay      (SCD):    0.000ns
    Clock Pessimism Removal (CPR):    -0.000ns

    Location             Delay type                Incr(ns)  Path(ns)    Netlist Resource(s)
  -------------------------------------------------------------------    -------------------
                                                      0.000     0.000 r  s_axis_tdata[64] (IN)
                         net (fo=9, unset)            0.000     0.000    core_inst_gen[0].u_engine_core/u_iv_top/ctx_C_reg_0_63_0_6/DIA
    SLICE_X85Y88         RAMD64E                                      r  core_inst_gen[0].u_engine_core/u_iv_top/ctx_C_reg_0_63_0_6/RAMA/I
  -------------------------------------------------------------------    -------------------

                         (clock aclk rise edge)       0.000     0.000 r  
                                                      0.000     0.000 r  aclk (IN)
                         net (fo=139844, unset)       0.057     0.057    core_inst_gen[0].u_engine_core/u_iv_top/ctx_C_reg_0_63_0_6/WCLK
    SLICE_X85Y88         RAMD64E                                      r  core_inst_gen[0].u_engine_core/u_iv_top/ctx_C_reg_0_63_0_6/RAMA/CLK

Slack:                    inf
  Source:                 s_axis_tdata[160]
                            (input port)
  Destination:            core_inst_gen[0].u_engine_core/u_iv_top/ctx_C_reg_0_63_0_6/RAMA/WADR0
                            (rising edge-triggered cell RAMD64E clocked by aclk  {rise@0.000ns fall@2.000ns period=4.000ns})
  Path Group:             (none)
  Path Type:              Hold (Min at Slow Process Corner)
  Data Path Delay:        0.000ns  (logic 0.000ns (0.000%)  route 0.000ns (0.000%))
  Logic Levels:           0  
  Clock Path Skew:        0.057ns (DCD - SCD - CPR)
    Destination Clock Delay (DCD):    0.057ns
    Source Clock Delay      (SCD):    0.000ns
    Clock Pessimism Removal (CPR):    -0.000ns

    Location             Delay type                Incr(ns)  Path(ns)    Netlist Resource(s)
  -------------------------------------------------------------------    -------------------
                                                      0.000     0.000 r  s_axis_tdata[160] (IN)
                         net (fo=981, unset)          0.000     0.000    core_inst_gen[0].u_engine_core/u_iv_top/ctx_C_reg_0_63_0_6/ADDRH0
    SLICE_X85Y88         RAMD64E                                      r  core_inst_gen[0].u_engine_core/u_iv_top/ctx_C_reg_0_63_0_6/RAMA/WADR0
  -------------------------------------------------------------------    -------------------

                         (clock aclk rise edge)       0.000     0.000 r  
                                                      0.000     0.000 r  aclk (IN)
                         net (fo=139844, unset)       0.057     0.057    core_inst_gen[0].u_engine_core/u_iv_top/ctx_C_reg_0_63_0_6/WCLK
    SLICE_X85Y88         RAMD64E                                      r  core_inst_gen[0].u_engine_core/u_iv_top/ctx_C_reg_0_63_0_6/RAMA/CLK

Slack:                    inf
  Source:                 s_axis_tdata[161]
                            (input port)
  Destination:            core_inst_gen[0].u_engine_core/u_iv_top/ctx_C_reg_0_63_0_6/RAMA/WADR1
                            (rising edge-triggered cell RAMD64E clocked by aclk  {rise@0.000ns fall@2.000ns period=4.000ns})
  Path Group:             (none)
  Path Type:              Hold (Min at Slow Process Corner)
  Data Path Delay:        0.000ns  (logic 0.000ns (0.000%)  route 0.000ns (0.000%))
  Logic Levels:           0  
  Clock Path Skew:        0.057ns (DCD - SCD - CPR)
    Destination Clock Delay (DCD):    0.057ns
    Source Clock Delay      (SCD):    0.000ns
    Clock Pessimism Removal (CPR):    -0.000ns

    Location             Delay type                Incr(ns)  Path(ns)    Netlist Resource(s)
  -------------------------------------------------------------------    -------------------
                                                      0.000     0.000 r  s_axis_tdata[161] (IN)
                         net (fo=981, unset)          0.000     0.000    core_inst_gen[0].u_engine_core/u_iv_top/ctx_C_reg_0_63_0_6/ADDRH1
    SLICE_X85Y88         RAMD64E                                      r  core_inst_gen[0].u_engine_core/u_iv_top/ctx_C_reg_0_63_0_6/RAMA/WADR1
  -------------------------------------------------------------------    -------------------

                         (clock aclk rise edge)       0.000     0.000 r  
                                                      0.000     0.000 r  aclk (IN)
                         net (fo=139844, unset)       0.057     0.057    core_inst_gen[0].u_engine_core/u_iv_top/ctx_C_reg_0_63_0_6/WCLK
    SLICE_X85Y88         RAMD64E                                      r  core_inst_gen[0].u_engine_core/u_iv_top/ctx_C_reg_0_63_0_6/RAMA/CLK

Slack:                    inf
  Source:                 s_axis_tdata[162]
                            (input port)
  Destination:            core_inst_gen[0].u_engine_core/u_iv_top/ctx_C_reg_0_63_0_6/RAMA/WADR2
                            (rising edge-triggered cell RAMD64E clocked by aclk  {rise@0.000ns fall@2.000ns period=4.000ns})
  Path Group:             (none)
  Path Type:              Hold (Min at Slow Process Corner)
  Data Path Delay:        0.000ns  (logic 0.000ns (0.000%)  route 0.000ns (0.000%))
  Logic Levels:           0  
  Clock Path Skew:        0.057ns (DCD - SCD - CPR)
    Destination Clock Delay (DCD):    0.057ns
    Source Clock Delay      (SCD):    0.000ns
    Clock Pessimism Removal (CPR):    -0.000ns

    Location             Delay type                Incr(ns)  Path(ns)    Netlist Resource(s)
  -------------------------------------------------------------------    -------------------
                                                      0.000     0.000 r  s_axis_tdata[162] (IN)
                         net (fo=949, unset)          0.000     0.000    core_inst_gen[0].u_engine_core/u_iv_top/ctx_C_reg_0_63_0_6/ADDRH2
    SLICE_X85Y88         RAMD64E                                      r  core_inst_gen[0].u_engine_core/u_iv_top/ctx_C_reg_0_63_0_6/RAMA/WADR2
  -------------------------------------------------------------------    -------------------

                         (clock aclk rise edge)       0.000     0.000 r  
                                                      0.000     0.000 r  aclk (IN)
                         net (fo=139844, unset)       0.057     0.057    core_inst_gen[0].u_engine_core/u_iv_top/ctx_C_reg_0_63_0_6/WCLK
    SLICE_X85Y88         RAMD64E                                      r  core_inst_gen[0].u_engine_core/u_iv_top/ctx_C_reg_0_63_0_6/RAMA/CLK

Slack:                    inf
  Source:                 s_axis_tdata[163]
                            (input port)
  Destination:            core_inst_gen[0].u_engine_core/u_iv_top/ctx_C_reg_0_63_0_6/RAMA/WADR3
                            (rising edge-triggered cell RAMD64E clocked by aclk  {rise@0.000ns fall@2.000ns period=4.000ns})
  Path Group:             (none)
  Path Type:              Hold (Min at Slow Process Corner)
  Data Path Delay:        0.000ns  (logic 0.000ns (0.000%)  route 0.000ns (0.000%))
  Logic Levels:           0  
  Clock Path Skew:        0.057ns (DCD - SCD - CPR)
    Destination Clock Delay (DCD):    0.057ns
    Source Clock Delay      (SCD):    0.000ns
    Clock Pessimism Removal (CPR):    -0.000ns

    Location             Delay type                Incr(ns)  Path(ns)    Netlist Resource(s)
  -------------------------------------------------------------------    -------------------
                                                      0.000     0.000 r  s_axis_tdata[163] (IN)
                         net (fo=933, unset)          0.000     0.000    core_inst_gen[0].u_engine_core/u_iv_top/ctx_C_reg_0_63_0_6/ADDRH3
    SLICE_X85Y88         RAMD64E                                      r  core_inst_gen[0].u_engine_core/u_iv_top/ctx_C_reg_0_63_0_6/RAMA/WADR3
  -------------------------------------------------------------------    -------------------

                         (clock aclk rise edge)       0.000     0.000 r  
                                                      0.000     0.000 r  aclk (IN)
                         net (fo=139844, unset)       0.057     0.057    core_inst_gen[0].u_engine_core/u_iv_top/ctx_C_reg_0_63_0_6/WCLK
    SLICE_X85Y88         RAMD64E                                      r  core_inst_gen[0].u_engine_core/u_iv_top/ctx_C_reg_0_63_0_6/RAMA/CLK

Slack:                    inf
  Source:                 s_axis_tdata[164]
                            (input port)
  Destination:            core_inst_gen[0].u_engine_core/u_iv_top/ctx_C_reg_0_63_0_6/RAMA/WADR4
                            (rising edge-triggered cell RAMD64E clocked by aclk  {rise@0.000ns fall@2.000ns period=4.000ns})
  Path Group:             (none)
  Path Type:              Hold (Min at Slow Process Corner)
  Data Path Delay:        0.000ns  (logic 0.000ns (0.000%)  route 0.000ns (0.000%))
  Logic Levels:           0  
  Clock Path Skew:        0.057ns (DCD - SCD - CPR)
    Destination Clock Delay (DCD):    0.057ns
    Source Clock Delay      (SCD):    0.000ns
    Clock Pessimism Removal (CPR):    -0.000ns

    Location             Delay type                Incr(ns)  Path(ns)    Netlist Resource(s)
  -------------------------------------------------------------------    -------------------
                                                      0.000     0.000 r  s_axis_tdata[164] (IN)
                         net (fo=925, unset)          0.000     0.000    core_inst_gen[0].u_engine_core/u_iv_top/ctx_C_reg_0_63_0_6/ADDRH4
    SLICE_X85Y88         RAMD64E                                      r  core_inst_gen[0].u_engine_core/u_iv_top/ctx_C_reg_0_63_0_6/RAMA/WADR4
  -------------------------------------------------------------------    -------------------

                         (clock aclk rise edge)       0.000     0.000 r  
                                                      0.000     0.000 r  aclk (IN)
                         net (fo=139844, unset)       0.057     0.057    core_inst_gen[0].u_engine_core/u_iv_top/ctx_C_reg_0_63_0_6/WCLK
    SLICE_X85Y88         RAMD64E                                      r  core_inst_gen[0].u_engine_core/u_iv_top/ctx_C_reg_0_63_0_6/RAMA/CLK

Slack:                    inf
  Source:                 s_axis_tdata[165]
                            (input port)
  Destination:            core_inst_gen[0].u_engine_core/u_iv_top/ctx_C_reg_0_63_0_6/RAMA/WADR5
                            (rising edge-triggered cell RAMD64E clocked by aclk  {rise@0.000ns fall@2.000ns period=4.000ns})
  Path Group:             (none)
  Path Type:              Hold (Min at Slow Process Corner)
  Data Path Delay:        0.000ns  (logic 0.000ns (0.000%)  route 0.000ns (0.000%))
  Logic Levels:           0  
  Clock Path Skew:        0.057ns (DCD - SCD - CPR)
    Destination Clock Delay (DCD):    0.057ns
    Source Clock Delay      (SCD):    0.000ns
    Clock Pessimism Removal (CPR):    -0.000ns

    Location             Delay type                Incr(ns)  Path(ns)    Netlist Resource(s)
  -------------------------------------------------------------------    -------------------
                                                      0.000     0.000 r  s_axis_tdata[165] (IN)
                         net (fo=925, unset)          0.000     0.000    core_inst_gen[0].u_engine_core/u_iv_top/ctx_C_reg_0_63_0_6/ADDRH5
    SLICE_X85Y88         RAMD64E                                      r  core_inst_gen[0].u_engine_core/u_iv_top/ctx_C_reg_0_63_0_6/RAMA/WADR5
  -------------------------------------------------------------------    -------------------

                         (clock aclk rise edge)       0.000     0.000 r  
                                                      0.000     0.000 r  aclk (IN)
                         net (fo=139844, unset)       0.057     0.057    core_inst_gen[0].u_engine_core/u_iv_top/ctx_C_reg_0_63_0_6/WCLK
    SLICE_X85Y88         RAMD64E                                      r  core_inst_gen[0].u_engine_core/u_iv_top/ctx_C_reg_0_63_0_6/RAMA/CLK

Slack:                    inf
  Source:                 s_axis_tdata[65]
                            (input port)
  Destination:            core_inst_gen[0].u_engine_core/u_iv_top/ctx_C_reg_0_63_0_6/RAMB/I
                            (rising edge-triggered cell RAMD64E clocked by aclk  {rise@0.000ns fall@2.000ns period=4.000ns})
  Path Group:             (none)
  Path Type:              Hold (Min at Slow Process Corner)
  Data Path Delay:        0.000ns  (logic 0.000ns (0.000%)  route 0.000ns (0.000%))
  Logic Levels:           0  
  Clock Path Skew:        0.057ns (DCD - SCD - CPR)
    Destination Clock Delay (DCD):    0.057ns
    Source Clock Delay      (SCD):    0.000ns
    Clock Pessimism Removal (CPR):    -0.000ns

    Location             Delay type                Incr(ns)  Path(ns)    Netlist Resource(s)
  -------------------------------------------------------------------    -------------------
                                                      0.000     0.000 r  s_axis_tdata[65] (IN)
                         net (fo=20, unset)           0.000     0.000    core_inst_gen[0].u_engine_core/u_iv_top/ctx_C_reg_0_63_0_6/DIB
    SLICE_X85Y88         RAMD64E                                      r  core_inst_gen[0].u_engine_core/u_iv_top/ctx_C_reg_0_63_0_6/RAMB/I
  -------------------------------------------------------------------    -------------------

                         (clock aclk rise edge)       0.000     0.000 r  
                                                      0.000     0.000 r  aclk (IN)
                         net (fo=139844, unset)       0.057     0.057    core_inst_gen[0].u_engine_core/u_iv_top/ctx_C_reg_0_63_0_6/WCLK
    SLICE_X85Y88         RAMD64E                                      r  core_inst_gen[0].u_engine_core/u_iv_top/ctx_C_reg_0_63_0_6/RAMB/CLK

Slack:                    inf
  Source:                 s_axis_tdata[160]
                            (input port)
  Destination:            core_inst_gen[0].u_engine_core/u_iv_top/ctx_C_reg_0_63_0_6/RAMB/WADR0
                            (rising edge-triggered cell RAMD64E clocked by aclk  {rise@0.000ns fall@2.000ns period=4.000ns})
  Path Group:             (none)
  Path Type:              Hold (Min at Slow Process Corner)
  Data Path Delay:        0.000ns  (logic 0.000ns (0.000%)  route 0.000ns (0.000%))
  Logic Levels:           0  
  Clock Path Skew:        0.057ns (DCD - SCD - CPR)
    Destination Clock Delay (DCD):    0.057ns
    Source Clock Delay      (SCD):    0.000ns
    Clock Pessimism Removal (CPR):    -0.000ns

    Location             Delay type                Incr(ns)  Path(ns)    Netlist Resource(s)
  -------------------------------------------------------------------    -------------------
                                                      0.000     0.000 r  s_axis_tdata[160] (IN)
                         net (fo=981, unset)          0.000     0.000    core_inst_gen[0].u_engine_core/u_iv_top/ctx_C_reg_0_63_0_6/ADDRH0
    SLICE_X85Y88         RAMD64E                                      r  core_inst_gen[0].u_engine_core/u_iv_top/ctx_C_reg_0_63_0_6/RAMB/WADR0
  -------------------------------------------------------------------    -------------------

                         (clock aclk rise edge)       0.000     0.000 r  
                                                      0.000     0.000 r  aclk (IN)
                         net (fo=139844, unset)       0.057     0.057    core_inst_gen[0].u_engine_core/u_iv_top/ctx_C_reg_0_63_0_6/WCLK
    SLICE_X85Y88         RAMD64E                                      r  core_inst_gen[0].u_engine_core/u_iv_top/ctx_C_reg_0_63_0_6/RAMB/CLK

Slack:                    inf
  Source:                 s_axis_tdata[161]
                            (input port)
  Destination:            core_inst_gen[0].u_engine_core/u_iv_top/ctx_C_reg_0_63_0_6/RAMB/WADR1
                            (rising edge-triggered cell RAMD64E clocked by aclk  {rise@0.000ns fall@2.000ns period=4.000ns})
  Path Group:             (none)
  Path Type:              Hold (Min at Slow Process Corner)
  Data Path Delay:        0.000ns  (logic 0.000ns (0.000%)  route 0.000ns (0.000%))
  Logic Levels:           0  
  Clock Path Skew:        0.057ns (DCD - SCD - CPR)
    Destination Clock Delay (DCD):    0.057ns
    Source Clock Delay      (SCD):    0.000ns
    Clock Pessimism Removal (CPR):    -0.000ns

    Location             Delay type                Incr(ns)  Path(ns)    Netlist Resource(s)
  -------------------------------------------------------------------    -------------------
                                                      0.000     0.000 r  s_axis_tdata[161] (IN)
                         net (fo=981, unset)          0.000     0.000    core_inst_gen[0].u_engine_core/u_iv_top/ctx_C_reg_0_63_0_6/ADDRH1
    SLICE_X85Y88         RAMD64E                                      r  core_inst_gen[0].u_engine_core/u_iv_top/ctx_C_reg_0_63_0_6/RAMB/WADR1
  -------------------------------------------------------------------    -------------------

                         (clock aclk rise edge)       0.000     0.000 r  
                                                      0.000     0.000 r  aclk (IN)
                         net (fo=139844, unset)       0.057     0.057    core_inst_gen[0].u_engine_core/u_iv_top/ctx_C_reg_0_63_0_6/WCLK
    SLICE_X85Y88         RAMD64E                                      r  core_inst_gen[0].u_engine_core/u_iv_top/ctx_C_reg_0_63_0_6/RAMB/CLK





