Copyright 1986-2022 Xilinx, Inc. All Rights Reserved. Copyright 2022-2025 Advanced Micro Devices, Inc. All Rights Reserved.
---------------------------------------------------------------------------------------------------------------------------------------------
| Tool Version : Vivado v.2025.2 (win64) Build 6299465 Fri Nov 14 19:35:11 GMT 2025
| Date         : Fri Aug 21 13:27:40 2026
| Host         : LAPTOP-EPHGQB72 running 64-bit major release  (build 9200)
| Command      : report_timing_summary -file synth_results/timing_summary_ooc.rpt -max_paths 5 -report_unconstrained
| Design       : iv_top
| Device       : 7a12ti-csg325
| Speed File   : -1L  PRODUCTION 1.23 2018-06-13
| Design State : Synthesized
---------------------------------------------------------------------------------------------------------------------------------------------

Timing Summary Report

------------------------------------------------------------------------------------------------
| Timer Settings
| --------------
------------------------------------------------------------------------------------------------

  Enable Multi Corner Analysis               :  Yes
  Enable Pessimism Removal                   :  Yes
  Pessimism Removal Resolution               :  Nearest Common Node
  Enable Input Delay Default Clock           :  No
  Enable Preset / Clear Arcs                 :  No
  Disable Flight Delays                      :  No
  Ignore I/O Paths                           :  No
  Timing Early Launch at Borrowing Latches   :  No
  Borrow Time for Max Delay Exceptions       :  Yes
  Merge Timing Exceptions                    :  Yes
  Inter-SLR Compensation                     :  Conservative

  Corner  Analyze    Analyze    
  Name    Max Paths  Min Paths  
  ------  ---------  ---------  
  Slow    Yes        Yes        
  Fast    Yes        Yes        


------------------------------------------------------------------------------------------------
| Report Methodology
| ------------------
------------------------------------------------------------------------------------------------

No report available as report_methodology has not been run prior. Run report_methodology on the current design for the summary of methodology violations.



check_timing report

Table of Contents
-----------------
1. checking no_clock (0)
2. checking constant_clock (0)
3. checking pulse_width_clock (0)
4. checking unconstrained_internal_endpoints (0)
5. checking no_input_delay (168)
6. checking no_output_delay (40)
7. checking multiple_clock (0)
8. checking generated_clocks (0)
9. checking loops (0)
10. checking partial_input_delay (0)
11. checking partial_output_delay (0)
12. checking latch_loops (0)

1. checking no_clock (0)
------------------------
 There are 0 register/latch pins with no clock.


2. checking constant_clock (0)
------------------------------
 There are 0 register/latch pins with constant_clock.


3. checking pulse_width_clock (0)
---------------------------------
 There are 0 register/latch pins which need pulse_width check


4. checking unconstrained_internal_endpoints (0)
------------------------------------------------
 There are 0 pins that are not constrained for maximum delay.

 There are 0 pins that are not constrained for maximum delay due to constant clock.


5. checking no_input_delay (168)
--------------------------------
 There are 168 input ports with no input delay specified. (HIGH)

 There are 0 input ports with no input delay but user has a false path constraint.


6. checking no_output_delay (40)
--------------------------------
 There are 40 ports with no output delay specified. (HIGH)

 There are 0 ports with no output delay but user has a false path constraint

 There are 0 ports with no output delay but with a timing clock defined on it or propagating through it


7. checking multiple_clock (0)
------------------------------
 There are 0 register/latch pins with multiple clocks.


8. checking generated_clocks (0)
--------------------------------
 There are 0 generated clocks that are not connected to a clock source.


9. checking loops (0)
---------------------
 There are 0 combinational loops in the design.


10. checking partial_input_delay (0)
------------------------------------
 There are 0 input ports with partial input delay specified.


11. checking partial_output_delay (0)
-------------------------------------
 There are 0 ports with partial output delay specified.


12. checking latch_loops (0)
----------------------------
 There are 0 combinational latch loops in the design through latch input



------------------------------------------------------------------------------------------------
| Design Timing Summary
| ---------------------
------------------------------------------------------------------------------------------------

    WNS(ns)      TNS(ns)  TNS Failing Endpoints  TNS Total Endpoints      WHS(ns)      THS(ns)  THS Failing Endpoints  THS Total Endpoints     WPWS(ns)     TPWS(ns)  TPWS Failing Endpoints  TPWS Total Endpoints  
    -------      -------  ---------------------  -------------------      -------      -------  ---------------------  -------------------     --------     --------  ----------------------  --------------------  
    -67.961   -18188.844                   5747                21437        0.193        0.000                      0                21437        0.750        0.000                       0                 20255  


Timing constraints are not met.


------------------------------------------------------------------------------------------------
| Clock Summary
| -------------
------------------------------------------------------------------------------------------------

Clock  Waveform(ns)         Period(ns)      Frequency(MHz)
-----  ------------         ----------      --------------
clk    {0.000 2.000}        4.000           250.000         


------------------------------------------------------------------------------------------------
| Intra Clock Table
| -----------------
------------------------------------------------------------------------------------------------

Clock             WNS(ns)      TNS(ns)  TNS Failing Endpoints  TNS Total Endpoints      WHS(ns)      THS(ns)  THS Failing Endpoints  THS Total Endpoints     WPWS(ns)     TPWS(ns)  TPWS Failing Endpoints  TPWS Total Endpoints  
-----             -------      -------  ---------------------  -------------------      -------      -------  ---------------------  -------------------     --------     --------  ----------------------  --------------------  
clk               -67.961   -18188.844                   5747                21437        0.193        0.000                      0                21437        0.750        0.000                       0                 20255  


------------------------------------------------------------------------------------------------
| Inter Clock Table
| -----------------
------------------------------------------------------------------------------------------------

From Clock    To Clock          WNS(ns)      TNS(ns)  TNS Failing Endpoints  TNS Total Endpoints      WHS(ns)      THS(ns)  THS Failing Endpoints  THS Total Endpoints  
----------    --------          -------      -------  ---------------------  -------------------      -------      -------  ---------------------  -------------------  


------------------------------------------------------------------------------------------------
| Other Path Groups Table
| -----------------------
------------------------------------------------------------------------------------------------

Path Group    From Clock    To Clock          WNS(ns)      TNS(ns)  TNS Failing Endpoints  TNS Total Endpoints      WHS(ns)      THS(ns)  THS Failing Endpoints  THS Total Endpoints  
----------    ----------    --------          -------      -------  ---------------------  -------------------      -------      -------  ---------------------  -------------------  


------------------------------------------------------------------------------------------------
| User Ignored Path Table
| -----------------------
------------------------------------------------------------------------------------------------

Path Group    From Clock    To Clock    
----------    ----------    --------    


------------------------------------------------------------------------------------------------
| Unconstrained Path Table
| ------------------------
------------------------------------------------------------------------------------------------

Path Group    From Clock    To Clock    
----------    ----------    --------    
(none)                                    
(none)        clk                         
(none)                      clk           


------------------------------------------------------------------------------------------------
| Timing Details
| --------------
------------------------------------------------------------------------------------------------


---------------------------------------------------------------------------------------------------
From Clock:  clk
  To Clock:  clk

Setup :         5747  Failing Endpoints,  Worst Slack      -67.961ns,  Total Violation   -18188.844ns
Hold  :            0  Failing Endpoints,  Worst Slack        0.193ns,  Total Violation        0.000ns
PW    :            0  Failing Endpoints,  Worst Slack        0.750ns,  Total Violation        0.000ns
---------------------------------------------------------------------------------------------------


Max Delay Paths
--------------------------------------------------------------------------------------
Slack (VIOLATED) :        -67.961ns  (required time - arrival time)
  Source:                 u_bs_datapath/u_norm_d1/x2_half1_reg[2]/C
                            (rising edge-triggered cell FDCE clocked by clk  {rise@0.000ns fall@2.000ns period=4.000ns})
  Destination:            u_bs_datapath/u_norm_d1/phi_delay_gen[30].phi_delay_reg[31][28]_srl32_bs_delay_gen_c_30/D
                            (rising edge-triggered cell SRLC32E clocked by clk  {rise@0.000ns fall@2.000ns period=4.000ns})
  Path Group:             clk
  Path Type:              Setup (Max at Slow Process Corner)
  Requirement:            4.000ns  (clk rise@4.000ns - clk rise@0.000ns)
  Data Path Delay:        71.847ns  (logic 39.036ns (54.332%)  route 32.811ns (45.668%))
  Logic Levels:           115  (CARRY4=82 LUT1=1 LUT2=8 LUT3=10 LUT4=5 LUT5=3 LUT6=6)
  Clock Path Skew:        -0.049ns (DCD - SCD + CPR)
    Destination Clock Delay (DCD):    0.924ns = ( 4.924 - 4.000 ) 
    Source Clock Delay      (SCD):    0.973ns
    Clock Pessimism Removal (CPR):    0.000ns
  Clock Uncertainty:      0.035ns  ((TSJ^2 + TIJ^2)^1/2 + DJ) / 2 + PE
    Total System Jitter     (TSJ):    0.071ns
    Total Input Jitter      (TIJ):    0.000ns
    Discrete Jitter          (DJ):    0.000ns
    Phase Error              (PE):    0.000ns

    Location             Delay type                Incr(ns)  Path(ns)    Netlist Resource(s)
  -------------------------------------------------------------------    -------------------
                         (clock clk rise edge)        0.000     0.000 r  
                                                      0.000     0.000 r  clk (IN)
                         net (fo=20254, unset)        0.973     0.973    u_bs_datapath/u_norm_d1/clk
                         FDCE                                         r  u_bs_datapath/u_norm_d1/x2_half1_reg[2]/C
  -------------------------------------------------------------------    -------------------
                         FDCE (Prop_fdce_C_Q)         0.518     1.491 r  u_bs_datapath/u_norm_d1/x2_half1_reg[2]/Q
                         net (fo=183, unplaced)       1.080     2.571    u_bs_datapath/u_norm_d1/x2_half1[2]
                         LUT6 (Prop_lut6_I0_O)        0.295     2.866 r  u_bs_datapath/u_norm_d1/phi_delay_gen[30].phi_delay_reg[31][8]_srl32_bs_delay_gen_c_30_i_2283/O
                         net (fo=1, unplaced)         0.639     3.505    u_bs_datapath/u_norm_d1/phi_delay_gen[30].phi_delay_reg[31][8]_srl32_bs_delay_gen_c_30_i_2283_n_0
                         CARRY4 (Prop_carry4_DI[1]_O[3])
                                                      0.629     4.134 r  u_bs_datapath/u_norm_d1/phi_delay_gen[30].phi_delay_reg[31][8]_srl32_bs_delay_gen_c_30_i_2053/O[3]
                         net (fo=2, unplaced)         0.629     4.763    u_bs_datapath/u_norm_d1/phi_delay_gen[30].phi_delay_reg[31][8]_srl32_bs_delay_gen_c_30_i_2053_n_4
                         LUT3 (Prop_lut3_I2_O)        0.307     5.070 r  u_bs_datapath/u_norm_d1/phi_delay_gen[30].phi_delay_reg[31][8]_srl32_bs_delay_gen_c_30_i_1819/O
                         net (fo=2, unplaced)         0.460     5.530    u_bs_datapath/u_norm_d1/phi_delay_gen[30].phi_delay_reg[31][8]_srl32_bs_delay_gen_c_30_i_1819_n_0
                         LUT4 (Prop_lut4_I3_O)        0.124     5.654 r  u_bs_datapath/u_norm_d1/phi_delay_gen[30].phi_delay_reg[31][8]_srl32_bs_delay_gen_c_30_i_1823/O
                         net (fo=1, unplaced)         0.000     5.654    u_bs_datapath/u_norm_d1/phi_delay_gen[30].phi_delay_reg[31][8]_srl32_bs_delay_gen_c_30_i_1823_n_0
                         CARRY4 (Prop_carry4_S[0]_CO[3])
                                                      0.513     6.167 r  u_bs_datapath/u_norm_d1/phi_delay_gen[30].phi_delay_reg[31][8]_srl32_bs_delay_gen_c_30_i_1578/CO[3]
                         net (fo=1, unplaced)         0.000     6.167    u_bs_datapath/u_norm_d1/phi_delay_gen[30].phi_delay_reg[31][8]_srl32_bs_delay_gen_c_30_i_1578_n_0
                         CARRY4 (Prop_carry4_CI_O[1])
                                                      0.337     6.504 r  u_bs_datapath/u_norm_d1/phi_delay_gen[30].phi_delay_reg[31][8]_srl32_bs_delay_gen_c_30_i_1256/O[1]
                         net (fo=2, unplaced)         0.622     7.126    u_bs_datapath/u_norm_d1/phi_delay_gen[30].phi_delay_reg[31][8]_srl32_bs_delay_gen_c_30_i_1256_n_6
                         LUT3 (Prop_lut3_I0_O)        0.306     7.432 r  u_bs_datapath/u_norm_d1/phi_delay_gen[30].phi_delay_reg[31][8]_srl32_bs_delay_gen_c_30_i_1233/O
                         net (fo=2, unplaced)         0.460     7.892    u_bs_datapath/u_norm_d1/phi_delay_gen[30].phi_delay_reg[31][8]_srl32_bs_delay_gen_c_30_i_1233_n_0
                         LUT4 (Prop_lut4_I3_O)        0.124     8.016 r  u_bs_datapath/u_norm_d1/phi_delay_gen[30].phi_delay_reg[31][8]_srl32_bs_delay_gen_c_30_i_1237/O
                         net (fo=1, unplaced)         0.000     8.016    u_bs_datapath/u_norm_d1/phi_delay_gen[30].phi_delay_reg[31][8]_srl32_bs_delay_gen_c_30_i_1237_n_0
                         CARRY4 (Prop_carry4_S[2]_CO[3])
                                                      0.380     8.396 r  u_bs_datapath/u_norm_d1/phi_delay_gen[30].phi_delay_reg[31][8]_srl32_bs_delay_gen_c_30_i_896/CO[3]
                         net (fo=1, unplaced)         0.000     8.396    u_bs_datapath/u_norm_d1/phi_delay_gen[30].phi_delay_reg[31][8]_srl32_bs_delay_gen_c_30_i_896_n_0
                         CARRY4 (Prop_carry4_CI_O[1])
                                                      0.337     8.733 r  u_bs_datapath/u_norm_d1/phi_delay_gen[30].phi_delay_reg[31][8]_srl32_bs_delay_gen_c_30_i_689/O[1]
                         net (fo=1, unplaced)         0.715     9.448    u_bs_datapath/u_norm_d1/phi_delay_gen[30].phi_delay_reg[31][8]_srl32_bs_delay_gen_c_30_i_689_n_6
                         CARRY4 (Prop_carry4_S[1]_CO[3])
                                                      0.839    10.287 r  u_bs_datapath/u_norm_d1/phi_delay_gen[30].phi_delay_reg[31][8]_srl32_bs_delay_gen_c_30_i_527/CO[3]
                         net (fo=1, unplaced)         0.000    10.287    u_bs_datapath/u_norm_d1/phi_delay_gen[30].phi_delay_reg[31][8]_srl32_bs_delay_gen_c_30_i_527_n_0
                         CARRY4 (Prop_carry4_CI_O[0])
                                                      0.232    10.519 r  u_bs_datapath/u_norm_d1/phi_delay_gen[30].phi_delay_reg[31][8]_srl32_bs_delay_gen_c_30_i_522/O[0]
                         net (fo=2, unplaced)         0.657    11.176    u_bs_datapath/u_norm_d1/PCIN__2_1[24]
                         CARRY4 (Prop_carry4_DI[3]_CO[3])
                                                      0.567    11.743 r  u_bs_datapath/u_norm_d1/phi_delay_gen[30].phi_delay_reg[31][8]_srl32_bs_delay_gen_c_30_i_438/CO[3]
                         net (fo=1, unplaced)         0.000    11.743    u_bs_datapath/u_norm_d1/phi_delay_gen[30].phi_delay_reg[31][8]_srl32_bs_delay_gen_c_30_i_438_n_0
                         CARRY4 (Prop_carry4_CI_O[3])
                                                      0.331    12.074 r  u_bs_datapath/u_norm_d1/phi_delay_gen[30].phi_delay_reg[31][8]_srl32_bs_delay_gen_c_30_i_437/O[3]
                         net (fo=2, unplaced)         0.629    12.703    u_bs_datapath/u_norm_d1/phi_delay_gen[30].phi_delay_reg[31][8]_srl32_bs_delay_gen_c_30_i_437_n_4
                         LUT2 (Prop_lut2_I0_O)        0.307    13.010 r  u_bs_datapath/u_norm_d1/phi_delay_gen[30].phi_delay_reg[31][8]_srl32_bs_delay_gen_c_30_i_463/O
                         net (fo=1, unplaced)         0.000    13.010    u_bs_datapath/u_norm_d1/phi_delay_gen[30].phi_delay_reg[31][8]_srl32_bs_delay_gen_c_30_i_463_n_0
                         CARRY4 (Prop_carry4_S[0]_CO[3])
                                                      0.513    13.523 r  u_bs_datapath/u_norm_d1/phi_delay_gen[30].phi_delay_reg[31][8]_srl32_bs_delay_gen_c_30_i_406/CO[3]
                         net (fo=1, unplaced)         0.000    13.523    u_bs_datapath/u_norm_d1/phi_delay_gen[30].phi_delay_reg[31][8]_srl32_bs_delay_gen_c_30_i_406_n_0
                         CARRY4 (Prop_carry4_CI_O[2])
                                                      0.256    13.779 r  u_bs_datapath/u_norm_d1/phi_delay_gen[30].phi_delay_reg[31][8]_srl32_bs_delay_gen_c_30_i_395/O[2]
                         net (fo=201, unplaced)       1.231    15.010    u_bs_datapath/u_norm_d1/phi_delay_gen[30].phi_delay_reg[31][8]_srl32_bs_delay_gen_c_30_i_395_n_5
                         LUT6 (Prop_lut6_I2_O)        0.301    15.311 r  u_bs_datapath/u_norm_d1/phi_delay_gen[30].phi_delay_reg[31][31]_srl32_bs_delay_gen_c_30_i_6876/O
                         net (fo=2, unplaced)         0.913    16.224    u_bs_datapath/u_norm_d1/phi_delay_gen[30].phi_delay_reg[31][31]_srl32_bs_delay_gen_c_30_i_6876_n_0
                         LUT6 (Prop_lut6_I0_O)        0.124    16.348 r  u_bs_datapath/u_norm_d1/phi_delay_gen[30].phi_delay_reg[31][31]_srl32_bs_delay_gen_c_30_i_6880/O
                         net (fo=1, unplaced)         0.000    16.348    u_bs_datapath/u_norm_d1/phi_delay_gen[30].phi_delay_reg[31][31]_srl32_bs_delay_gen_c_30_i_6880_n_0
                         CARRY4 (Prop_carry4_S[1]_CO[3])
                                                      0.533    16.881 r  u_bs_datapath/u_norm_d1/phi_delay_gen[30].phi_delay_reg[31][31]_srl32_bs_delay_gen_c_30_i_6245/CO[3]
                         net (fo=1, unplaced)         0.000    16.881    u_bs_datapath/u_norm_d1/phi_delay_gen[30].phi_delay_reg[31][31]_srl32_bs_delay_gen_c_30_i_6245_n_0
                         CARRY4 (Prop_carry4_CI_O[0])
                                                      0.232    17.113 r  u_bs_datapath/u_norm_d1/phi_delay_gen[30].phi_delay_reg[31][31]_srl32_bs_delay_gen_c_30_i_5442/O[0]
                         net (fo=2, unplaced)         0.752    17.865    u_bs_datapath/u_norm_d1/phi_delay_gen[30].phi_delay_reg[31][31]_srl32_bs_delay_gen_c_30_i_5442_n_7
                         LUT3 (Prop_lut3_I1_O)        0.295    18.160 r  u_bs_datapath/u_norm_d1/phi_delay_gen[30].phi_delay_reg[31][31]_srl32_bs_delay_gen_c_30_i_5417/O
                         net (fo=2, unplaced)         0.650    18.810    u_bs_datapath/u_norm_d1/phi_delay_gen[30].phi_delay_reg[31][31]_srl32_bs_delay_gen_c_30_i_5417_n_0
                         CARRY4 (Prop_carry4_DI[1]_O[3])
                                                      0.629    19.439 r  u_bs_datapath/u_norm_d1/phi_delay_gen[30].phi_delay_reg[31][31]_srl32_bs_delay_gen_c_30_i_4479/O[3]
                         net (fo=2, unplaced)         0.629    20.068    u_bs_datapath/u_norm_d1/phi_delay_gen[30].phi_delay_reg[31][31]_srl32_bs_delay_gen_c_30_i_4479_n_4
                         LUT3 (Prop_lut3_I0_O)        0.307    20.375 r  u_bs_datapath/u_norm_d1/phi_delay_gen[30].phi_delay_reg[31][31]_srl32_bs_delay_gen_c_30_i_3627/O
                         net (fo=2, unplaced)         0.460    20.835    u_bs_datapath/u_norm_d1/phi_delay_gen[30].phi_delay_reg[31][31]_srl32_bs_delay_gen_c_30_i_3627_n_0
                         LUT4 (Prop_lut4_I3_O)        0.124    20.959 r  u_bs_datapath/u_norm_d1/phi_delay_gen[30].phi_delay_reg[31][31]_srl32_bs_delay_gen_c_30_i_3631/O
                         net (fo=1, unplaced)         0.000    20.959    u_bs_datapath/u_norm_d1/phi_delay_gen[30].phi_delay_reg[31][31]_srl32_bs_delay_gen_c_30_i_3631_n_0
                         CARRY4 (Prop_carry4_S[0]_CO[3])
                                                      0.513    21.472 r  u_bs_datapath/u_norm_d1/phi_delay_gen[30].phi_delay_reg[31][31]_srl32_bs_delay_gen_c_30_i_2782/CO[3]
                         net (fo=1, unplaced)         0.000    21.472    u_bs_datapath/u_norm_d1/phi_delay_gen[30].phi_delay_reg[31][31]_srl32_bs_delay_gen_c_30_i_2782_n_0
                         CARRY4 (Prop_carry4_CI_O[1])
                                                      0.337    21.809 r  u_bs_datapath/u_norm_d1/phi_delay_gen[30].phi_delay_reg[31][31]_srl32_bs_delay_gen_c_30_i_2010/O[1]
                         net (fo=11, unplaced)        0.761    22.570    u_bs_datapath/u_norm_d1/phi_delay_gen[30].phi_delay_reg[31][31]_srl32_bs_delay_gen_c_30_i_2010_n_6
                         CARRY4 (Prop_carry4_S[1]_CO[3])
                                                      0.839    23.409 r  u_bs_datapath/u_norm_d1/phi_delay_gen[30].phi_delay_reg[31][31]_srl32_bs_delay_gen_c_30_i_2759/CO[3]
                         net (fo=1, unplaced)         0.000    23.409    u_bs_datapath/u_norm_d1/phi_delay_gen[30].phi_delay_reg[31][31]_srl32_bs_delay_gen_c_30_i_2759_n_0
                         CARRY4 (Prop_carry4_CI_O[3])
                                                      0.331    23.740 r  u_bs_datapath/u_norm_d1/phi_delay_gen[30].phi_delay_reg[31][31]_srl32_bs_delay_gen_c_30_i_1995/O[3]
                         net (fo=2, unplaced)         0.629    24.369    u_bs_datapath/u_norm_d1/PCIN__6[43]
                         LUT2 (Prop_lut2_I0_O)        0.307    24.676 r  u_bs_datapath/u_norm_d1/phi_delay_gen[30].phi_delay_reg[31][31]_srl32_bs_delay_gen_c_30_i_1997/O
                         net (fo=1, unplaced)         0.000    24.676    u_bs_datapath/u_norm_d1/phi_delay_gen[30].phi_delay_reg[31][31]_srl32_bs_delay_gen_c_30_i_1997_n_0
                         CARRY4 (Prop_carry4_S[2]_CO[3])
                                                      0.380    25.056 r  u_bs_datapath/u_norm_d1/phi_delay_gen[30].phi_delay_reg[31][31]_srl32_bs_delay_gen_c_30_i_1525/CO[3]
                         net (fo=1, unplaced)         0.000    25.056    u_bs_datapath/u_norm_d1/phi_delay_gen[30].phi_delay_reg[31][31]_srl32_bs_delay_gen_c_30_i_1525_n_0
                         CARRY4 (Prop_carry4_CI_CO[3])
                                                      0.117    25.173 r  u_bs_datapath/u_norm_d1/phi_delay_gen[30].phi_delay_reg[31][31]_srl32_bs_delay_gen_c_30_i_1173/CO[3]
                         net (fo=1, unplaced)         0.000    25.173    u_bs_datapath/u_norm_d1/phi_delay_gen[30].phi_delay_reg[31][31]_srl32_bs_delay_gen_c_30_i_1173_n_0
                         CARRY4 (Prop_carry4_CI_CO[3])
                                                      0.117    25.290 r  u_bs_datapath/u_norm_d1/phi_delay_gen[30].phi_delay_reg[31][31]_srl32_bs_delay_gen_c_30_i_1172/CO[3]
                         net (fo=1, unplaced)         0.000    25.290    u_bs_datapath/u_norm_d1/phi_delay_gen[30].phi_delay_reg[31][31]_srl32_bs_delay_gen_c_30_i_1172_n_0
                         CARRY4 (Prop_carry4_CI_CO[3])
                                                      0.117    25.407 r  u_bs_datapath/u_norm_d1/phi_delay_gen[30].phi_delay_reg[31][31]_srl32_bs_delay_gen_c_30_i_960/CO[3]
                         net (fo=1, unplaced)         0.000    25.407    u_bs_datapath/u_norm_d1/phi_delay_gen[30].phi_delay_reg[31][31]_srl32_bs_delay_gen_c_30_i_960_n_0
                         CARRY4 (Prop_carry4_CI_O[1])
                                                      0.337    25.744 r  u_bs_datapath/u_norm_d1/phi_delay_gen[30].phi_delay_reg[31][31]_srl32_bs_delay_gen_c_30_i_713/O[1]
                         net (fo=2, unplaced)         0.622    26.366    u_bs_datapath/u_norm_d1/phi_delay_gen[30].phi_delay_reg[31][31]_srl32_bs_delay_gen_c_30_i_713_n_6
                         LUT3 (Prop_lut3_I0_O)        0.306    26.672 r  u_bs_datapath/u_norm_d1/phi_delay_gen[30].phi_delay_reg[31][31]_srl32_bs_delay_gen_c_30_i_702/O
                         net (fo=2, unplaced)         0.460    27.132    u_bs_datapath/u_norm_d1/phi_delay_gen[30].phi_delay_reg[31][31]_srl32_bs_delay_gen_c_30_i_702_n_0
                         LUT4 (Prop_lut4_I3_O)        0.124    27.256 r  u_bs_datapath/u_norm_d1/phi_delay_gen[30].phi_delay_reg[31][31]_srl32_bs_delay_gen_c_30_i_706/O
                         net (fo=1, unplaced)         0.000    27.256    u_bs_datapath/u_norm_d1/phi_delay_gen[30].phi_delay_reg[31][31]_srl32_bs_delay_gen_c_30_i_706_n_0
                         CARRY4 (Prop_carry4_S[3]_CO[3])
                                                      0.376    27.632 r  u_bs_datapath/u_norm_d1/phi_delay_gen[30].phi_delay_reg[31][31]_srl32_bs_delay_gen_c_30_i_503/CO[3]
                         net (fo=1, unplaced)         0.000    27.632    u_bs_datapath/u_norm_d1/phi_delay_gen[30].phi_delay_reg[31][31]_srl32_bs_delay_gen_c_30_i_503_n_0
                         CARRY4 (Prop_carry4_CI_O[3])
                                                      0.331    27.963 f  u_bs_datapath/u_norm_d1/phi_delay_gen[30].phi_delay_reg[31][31]_srl32_bs_delay_gen_c_30_i_319/O[3]
                         net (fo=772, unplaced)       0.758    28.721    u_bs_datapath/u_norm_d1/exp_approx_var5
                         LUT1 (Prop_lut1_I0_O)        0.307    29.028 r  u_bs_datapath/u_norm_d1/phi_delay_gen[30].phi_delay_reg[31][31]_srl32_bs_delay_gen_c_30_i_717/O
                         net (fo=1, unplaced)         0.000    29.028    u_bs_datapath/u_norm_d1/phi_delay_gen[30].phi_delay_reg[31][31]_srl32_bs_delay_gen_c_30_i_717_n_0
                         CARRY4 (Prop_carry4_S[2]_CO[3])
                                                      0.380    29.408 f  u_bs_datapath/u_norm_d1/phi_delay_gen[30].phi_delay_reg[31][31]_srl32_bs_delay_gen_c_30_i_513/CO[3]
                         net (fo=27, unplaced)        0.985    30.393    u_bs_datapath/u_norm_d1/phi_delay_gen[30].phi_delay_reg[31][31]_srl32_bs_delay_gen_c_30_i_513_n_0
                         LUT2 (Prop_lut2_I1_O)        0.124    30.517 r  u_bs_datapath/u_norm_d1/phi_delay_gen[30].phi_delay_reg[31][31]_srl32_bs_delay_gen_c_30_i_322/O
                         net (fo=275, unplaced)       0.574    31.091    u_bs_datapath/u_norm_d1/phi_delay_gen[30].phi_delay_reg[31][31]_srl32_bs_delay_gen_c_30_i_322_n_0
                         LUT5 (Prop_lut5_I4_O)        0.124    31.215 r  u_bs_datapath/u_norm_d1/phi_delay_gen[30].phi_delay_reg[31][31]_srl32_bs_delay_gen_c_30_i_1082/O
                         net (fo=20, unplaced)        0.699    31.914    u_bs_datapath/u_norm_d1/phi_delay_gen[30].phi_delay_reg[31][31]_srl32_bs_delay_gen_c_30_i_1082_n_0
                         CARRY4 (Prop_carry4_DI[1]_O[3])
                                                      0.629    32.543 r  u_bs_datapath/u_norm_d1/phi_delay_gen[30].phi_delay_reg[31][8]_srl32_bs_delay_gen_c_30_i_1917/O[3]
                         net (fo=2, unplaced)         0.629    33.172    u_bs_datapath/u_norm_d1/phi_delay_gen[30].phi_delay_reg[31][8]_srl32_bs_delay_gen_c_30_i_1917_n_4
                         LUT3 (Prop_lut3_I2_O)        0.307    33.479 r  u_bs_datapath/u_norm_d1/phi_delay_gen[30].phi_delay_reg[31][8]_srl32_bs_delay_gen_c_30_i_1680/O
                         net (fo=2, unplaced)         0.460    33.939    u_bs_datapath/u_norm_d1/phi_delay_gen[30].phi_delay_reg[31][8]_srl32_bs_delay_gen_c_30_i_1680_n_0
                         LUT4 (Prop_lut4_I3_O)        0.124    34.063 r  u_bs_datapath/u_norm_d1/phi_delay_gen[30].phi_delay_reg[31][8]_srl32_bs_delay_gen_c_30_i_1684/O
                         net (fo=1, unplaced)         0.000    34.063    u_bs_datapath/u_norm_d1/phi_delay_gen[30].phi_delay_reg[31][8]_srl32_bs_delay_gen_c_30_i_1684_n_0
                         CARRY4 (Prop_carry4_S[2]_CO[3])
                                                      0.380    34.443 r  u_bs_datapath/u_norm_d1/phi_delay_gen[30].phi_delay_reg[31][8]_srl32_bs_delay_gen_c_30_i_1374/CO[3]
                         net (fo=1, unplaced)         0.000    34.443    u_bs_datapath/u_norm_d1/phi_delay_gen[30].phi_delay_reg[31][8]_srl32_bs_delay_gen_c_30_i_1374_n_0
                         CARRY4 (Prop_carry4_CI_CO[3])
                                                      0.117    34.560 r  u_bs_datapath/u_norm_d1/phi_delay_gen[30].phi_delay_reg[31][8]_srl32_bs_delay_gen_c_30_i_1018/CO[3]
                         net (fo=1, unplaced)         0.000    34.560    u_bs_datapath/u_norm_d1/phi_delay_gen[30].phi_delay_reg[31][8]_srl32_bs_delay_gen_c_30_i_1018_n_0
                         CARRY4 (Prop_carry4_CI_CO[3])
                                                      0.117    34.677 r  u_bs_datapath/u_norm_d1/phi_delay_gen[30].phi_delay_reg[31][8]_srl32_bs_delay_gen_c_30_i_780/CO[3]
                         net (fo=1, unplaced)         0.000    34.677    u_bs_datapath/u_norm_d1/phi_delay_gen[30].phi_delay_reg[31][8]_srl32_bs_delay_gen_c_30_i_780_n_0
                         CARRY4 (Prop_carry4_CI_O[3])
                                                      0.331    35.008 r  u_bs_datapath/u_norm_d1/phi_delay_gen[30].phi_delay_reg[31][8]_srl32_bs_delay_gen_c_30_i_612/O[3]
                         net (fo=3, unplaced)         0.636    35.644    u_bs_datapath/u_norm_d1/phi_delay_gen[30].phi_delay_reg[31][8]_srl32_bs_delay_gen_c_30_i_612_n_4
                         LUT3 (Prop_lut3_I0_O)        0.307    35.951 r  u_bs_datapath/u_norm_d1/phi_delay_gen[30].phi_delay_reg[31][8]_srl32_bs_delay_gen_c_30_i_774/O
                         net (fo=2, unplaced)         0.460    36.411    u_bs_datapath/u_norm_d1/phi_delay_gen[30].phi_delay_reg[31][8]_srl32_bs_delay_gen_c_30_i_774_n_0
                         LUT5 (Prop_lut5_I1_O)        0.124    36.535 r  u_bs_datapath/u_norm_d1/phi_delay_gen[30].phi_delay_reg[31][8]_srl32_bs_delay_gen_c_30_i_599/O
                         net (fo=2, unplaced)         0.430    36.965    u_bs_datapath/u_norm_d1/phi_delay_gen[30].phi_delay_reg[31][8]_srl32_bs_delay_gen_c_30_i_599_n_0
                         LUT6 (Prop_lut6_I0_O)        0.124    37.089 r  u_bs_datapath/u_norm_d1/phi_delay_gen[30].phi_delay_reg[31][8]_srl32_bs_delay_gen_c_30_i_603/O
                         net (fo=1, unplaced)         0.000    37.089    u_bs_datapath/u_norm_d1/phi_delay_gen[30].phi_delay_reg[31][8]_srl32_bs_delay_gen_c_30_i_603_n_0
                         CARRY4 (Prop_carry4_S[3]_CO[3])
                                                      0.376    37.465 r  u_bs_datapath/u_norm_d1/phi_delay_gen[30].phi_delay_reg[31][8]_srl32_bs_delay_gen_c_30_i_483/CO[3]
                         net (fo=1, unplaced)         0.000    37.465    u_bs_datapath/u_norm_d1/phi_delay_gen[30].phi_delay_reg[31][8]_srl32_bs_delay_gen_c_30_i_483_n_0
                         CARRY4 (Prop_carry4_CI_O[3])
                                                      0.331    37.796 r  u_bs_datapath/u_norm_d1/phi_delay_gen[30].phi_delay_reg[31][8]_srl32_bs_delay_gen_c_30_i_424/O[3]
                         net (fo=6, unplaced)         0.840    38.636    u_bs_datapath/u_norm_d1/phi_delay_gen[30].phi_delay_reg[31][8]_srl32_bs_delay_gen_c_30_i_424_n_4
                         CARRY4 (Prop_carry4_S[0]_CO[3])
                                                      0.820    39.456 r  u_bs_datapath/u_norm_d1/phi_delay_gen[30].phi_delay_reg[31][31]_srl32_bs_delay_gen_c_30_i_8143/CO[3]
                         net (fo=1, unplaced)         0.000    39.456    u_bs_datapath/u_norm_d1/phi_delay_gen[30].phi_delay_reg[31][31]_srl32_bs_delay_gen_c_30_i_8143_n_0
                         CARRY4 (Prop_carry4_CI_CO[3])
                                                      0.117    39.573 r  u_bs_datapath/u_norm_d1/phi_delay_gen[30].phi_delay_reg[31][31]_srl32_bs_delay_gen_c_30_i_7832/CO[3]
                         net (fo=1, unplaced)         0.000    39.573    u_bs_datapath/u_norm_d1/phi_delay_gen[30].phi_delay_reg[31][31]_srl32_bs_delay_gen_c_30_i_7832_n_0
                         CARRY4 (Prop_carry4_CI_CO[3])
                                                      0.117    39.690 r  u_bs_datapath/u_norm_d1/phi_delay_gen[30].phi_delay_reg[31][31]_srl32_bs_delay_gen_c_30_i_7434/CO[3]
                         net (fo=1, unplaced)         0.000    39.690    u_bs_datapath/u_norm_d1/phi_delay_gen[30].phi_delay_reg[31][31]_srl32_bs_delay_gen_c_30_i_7434_n_0
                         CARRY4 (Prop_carry4_CI_CO[3])
                                                      0.117    39.807 r  u_bs_datapath/u_norm_d1/phi_delay_gen[30].phi_delay_reg[31][31]_srl32_bs_delay_gen_c_30_i_6970/CO[3]
                         net (fo=1, unplaced)         0.000    39.807    u_bs_datapath/u_norm_d1/phi_delay_gen[30].phi_delay_reg[31][31]_srl32_bs_delay_gen_c_30_i_6970_n_0
                         CARRY4 (Prop_carry4_CI_CO[3])
                                                      0.117    39.924 r  u_bs_datapath/u_norm_d1/phi_delay_gen[30].phi_delay_reg[31][31]_srl32_bs_delay_gen_c_30_i_6399/CO[3]
                         net (fo=1, unplaced)         0.000    39.924    u_bs_datapath/u_norm_d1/phi_delay_gen[30].phi_delay_reg[31][31]_srl32_bs_delay_gen_c_30_i_6399_n_0
                         CARRY4 (Prop_carry4_CI_CO[3])
                                                      0.117    40.041 r  u_bs_datapath/u_norm_d1/phi_delay_gen[30].phi_delay_reg[31][31]_srl32_bs_delay_gen_c_30_i_5741/CO[3]
                         net (fo=1, unplaced)         0.000    40.041    u_bs_datapath/u_norm_d1/phi_delay_gen[30].phi_delay_reg[31][31]_srl32_bs_delay_gen_c_30_i_5741_n_0
                         CARRY4 (Prop_carry4_CI_CO[3])
                                                      0.117    40.158 r  u_bs_datapath/u_norm_d1/phi_delay_gen[30].phi_delay_reg[31][31]_srl32_bs_delay_gen_c_30_i_4918/CO[3]
                         net (fo=1, unplaced)         0.000    40.158    u_bs_datapath/u_norm_d1/phi_delay_gen[30].phi_delay_reg[31][31]_srl32_bs_delay_gen_c_30_i_4918_n_0
                         CARRY4 (Prop_carry4_CI_CO[3])
                                                      0.117    40.275 r  u_bs_datapath/u_norm_d1/phi_delay_gen[30].phi_delay_reg[31][31]_srl32_bs_delay_gen_c_30_i_4007/CO[3]
                         net (fo=1, unplaced)         0.000    40.275    u_bs_datapath/u_norm_d1/phi_delay_gen[30].phi_delay_reg[31][31]_srl32_bs_delay_gen_c_30_i_4007_n_0
                         CARRY4 (Prop_carry4_CI_CO[3])
                                                      0.117    40.392 r  u_bs_datapath/u_norm_d1/phi_delay_gen[30].phi_delay_reg[31][31]_srl32_bs_delay_gen_c_30_i_3185/CO[3]
                         net (fo=1, unplaced)         0.000    40.392    u_bs_datapath/u_norm_d1/phi_delay_gen[30].phi_delay_reg[31][31]_srl32_bs_delay_gen_c_30_i_3185_n_0
                         CARRY4 (Prop_carry4_CI_CO[3])
                                                      0.117    40.509 r  u_bs_datapath/u_norm_d1/phi_delay_gen[30].phi_delay_reg[31][31]_srl32_bs_delay_gen_c_30_i_2326/CO[3]
                         net (fo=1, unplaced)         0.000    40.509    u_bs_datapath/u_norm_d1/phi_delay_gen[30].phi_delay_reg[31][31]_srl32_bs_delay_gen_c_30_i_2326_n_0
                         CARRY4 (Prop_carry4_CI_CO[2])
                                                      0.252    40.761 r  u_bs_datapath/u_norm_d1/phi_delay_gen[30].phi_delay_reg[31][31]_srl32_bs_delay_gen_c_30_i_1764/CO[2]
                         net (fo=20, unplaced)        0.396    41.157    u_bs_datapath/u_norm_d1/phi_delay_gen[30].phi_delay_reg[31][31]_srl32_bs_delay_gen_c_30_i_1764_n_1
                         CARRY4 (Prop_carry4_CYINIT_CO[3])
                                                      0.781    41.938 r  u_bs_datapath/u_norm_d1/phi_delay_gen[30].phi_delay_reg[31][31]_srl32_bs_delay_gen_c_30_i_1347/CO[3]
                         net (fo=1, unplaced)         0.000    41.938    u_bs_datapath/u_norm_d1/phi_delay_gen[30].phi_delay_reg[31][31]_srl32_bs_delay_gen_c_30_i_1347_n_0
                         CARRY4 (Prop_carry4_CI_CO[3])
                                                      0.117    42.055 r  u_bs_datapath/u_norm_d1/phi_delay_gen[30].phi_delay_reg[31][31]_srl32_bs_delay_gen_c_30_i_1072/CO[3]
                         net (fo=1, unplaced)         0.000    42.055    u_bs_datapath/u_norm_d1/phi_delay_gen[30].phi_delay_reg[31][31]_srl32_bs_delay_gen_c_30_i_1072_n_0
                         CARRY4 (Prop_carry4_CI_CO[0])
                                                      0.281    42.336 r  u_bs_datapath/u_norm_d1/phi_delay_gen[30].phi_delay_reg[31][31]_srl32_bs_delay_gen_c_30_i_839/CO[0]
                         net (fo=4, unplaced)         0.358    42.694    u_bs_datapath/u_norm_d1/phi_delay_gen[30].phi_delay_reg[31][31]_srl32_bs_delay_gen_c_30_i_839_n_3
                         CARRY4 (Prop_carry4_CYINIT_O[1])
                                                      0.887    43.581 r  u_bs_datapath/u_norm_d1/phi_delay_gen[30].phi_delay_reg[31][31]_srl32_bs_delay_gen_c_30_i_607/O[1]
                         net (fo=3, unplaced)         0.629    44.210    u_bs_datapath/u_norm_d1/phi_delay_gen[30].phi_delay_reg[31][31]_srl32_bs_delay_gen_c_30_i_607_n_6
                         LUT3 (Prop_lut3_I0_O)        0.306    44.516 r  u_bs_datapath/u_norm_d1/phi_delay_gen[30].phi_delay_reg[31][31]_srl32_bs_delay_gen_c_30_i_835/O
                         net (fo=1, unplaced)         0.000    44.516    u_bs_datapath/u_norm_d1/phi_delay_gen[30].phi_delay_reg[31][31]_srl32_bs_delay_gen_c_30_i_835_n_0
                         CARRY4 (Prop_carry4_S[3]_CO[3])
                                                      0.376    44.892 r  u_bs_datapath/u_norm_d1/phi_delay_gen[30].phi_delay_reg[31][31]_srl32_bs_delay_gen_c_30_i_606/CO[3]
                         net (fo=47, unplaced)        0.999    45.891    u_bs_datapath/u_norm_d1/phi_delay_gen[30].phi_delay_reg[31][31]_srl32_bs_delay_gen_c_30_i_606_n_0
                         LUT5 (Prop_lut5_I3_O)        0.124    46.015 r  u_bs_datapath/u_norm_d1/phi_delay_gen[30].phi_delay_reg[31][8]_srl32_bs_delay_gen_c_30_i_469/O
                         net (fo=1, unplaced)         0.333    46.348    u_bs_datapath/u_norm_d1/phi_delay_gen[30].phi_delay_reg[31][8]_srl32_bs_delay_gen_c_30_i_469_n_0
                         CARRY4 (Prop_carry4_CYINIT_CO[3])
                                                      0.595    46.943 r  u_bs_datapath/u_norm_d1/phi_delay_gen[30].phi_delay_reg[31][8]_srl32_bs_delay_gen_c_30_i_421/CO[3]
                         net (fo=1, unplaced)         0.000    46.943    u_bs_datapath/u_norm_d1/phi_delay_gen[30].phi_delay_reg[31][8]_srl32_bs_delay_gen_c_30_i_421_n_0
                         CARRY4 (Prop_carry4_CI_CO[3])
                                                      0.117    47.060 r  u_bs_datapath/u_norm_d1/phi_delay_gen[30].phi_delay_reg[31][8]_srl32_bs_delay_gen_c_30_i_455/CO[3]
                         net (fo=1, unplaced)         0.000    47.060    u_bs_datapath/u_norm_d1/phi_delay_gen[30].phi_delay_reg[31][8]_srl32_bs_delay_gen_c_30_i_455_n_0
                         CARRY4 (Prop_carry4_CI_CO[3])
                                                      0.117    47.177 r  u_bs_datapath/u_norm_d1/phi_delay_gen[30].phi_delay_reg[31][8]_srl32_bs_delay_gen_c_30_i_444/CO[3]
                         net (fo=1, unplaced)         0.000    47.177    u_bs_datapath/u_norm_d1/phi_delay_gen[30].phi_delay_reg[31][8]_srl32_bs_delay_gen_c_30_i_444_n_0
                         CARRY4 (Prop_carry4_CI_CO[3])
                                                      0.117    47.294 r  u_bs_datapath/u_norm_d1/phi_delay_gen[30].phi_delay_reg[31][31]_srl32_bs_delay_gen_c_30_i_1607/CO[3]
                         net (fo=1, unplaced)         0.000    47.294    u_bs_datapath/u_norm_d1/phi_delay_gen[30].phi_delay_reg[31][31]_srl32_bs_delay_gen_c_30_i_1607_n_0
                         CARRY4 (Prop_carry4_CI_CO[3])
                                                      0.117    47.411 r  u_bs_datapath/u_norm_d1/phi_delay_gen[30].phi_delay_reg[31][31]_srl32_bs_delay_gen_c_30_i_1239/CO[3]
                         net (fo=1, unplaced)         0.000    47.411    u_bs_datapath/u_norm_d1/phi_delay_gen[30].phi_delay_reg[31][31]_srl32_bs_delay_gen_c_30_i_1239_n_0
                         CARRY4 (Prop_carry4_CI_CO[3])
                                                      0.117    47.528 r  u_bs_datapath/u_norm_d1/phi_delay_gen[30].phi_delay_reg[31][31]_srl32_bs_delay_gen_c_30_i_989/CO[3]
                         net (fo=1, unplaced)         0.000    47.528    u_bs_datapath/u_norm_d1/phi_delay_gen[30].phi_delay_reg[31][31]_srl32_bs_delay_gen_c_30_i_989_n_0
                         CARRY4 (Prop_carry4_CI_CO[3])
                                                      0.117    47.645 r  u_bs_datapath/u_norm_d1/phi_delay_gen[30].phi_delay_reg[31][31]_srl32_bs_delay_gen_c_30_i_756/CO[3]
                         net (fo=1, unplaced)         0.000    47.645    u_bs_datapath/u_norm_d1/phi_delay_gen[30].phi_delay_reg[31][31]_srl32_bs_delay_gen_c_30_i_756_n_0
                         CARRY4 (Prop_carry4_CI_CO[3])
                                                      0.117    47.762 r  u_bs_datapath/u_norm_d1/phi_delay_gen[30].phi_delay_reg[31][31]_srl32_bs_delay_gen_c_30_i_541/CO[3]
                         net (fo=1, unplaced)         0.000    47.762    u_bs_datapath/u_norm_d1/phi_delay_gen[30].phi_delay_reg[31][31]_srl32_bs_delay_gen_c_30_i_541_n_0
                         CARRY4 (Prop_carry4_CI_CO[3])
                                                      0.117    47.879 r  u_bs_datapath/u_norm_d1/phi_delay_gen[30].phi_delay_reg[31][31]_srl32_bs_delay_gen_c_30_i_456/CO[3]
                         net (fo=1, unplaced)         0.000    47.879    u_bs_datapath/u_norm_d1/phi_delay_gen[30].phi_delay_reg[31][31]_srl32_bs_delay_gen_c_30_i_456_n_0
                         CARRY4 (Prop_carry4_CI_CO[3])
                                                      0.117    47.996 r  u_bs_datapath/u_norm_d1/phi_delay_gen[30].phi_delay_reg[31][31]_srl32_bs_delay_gen_c_30_i_441/CO[3]
                         net (fo=1, unplaced)         0.000    47.996    u_bs_datapath/u_norm_d1/phi_delay_gen[30].phi_delay_reg[31][31]_srl32_bs_delay_gen_c_30_i_441_n_0
                         CARRY4 (Prop_carry4_CI_CO[1])
                                                      0.179    48.175 r  u_bs_datapath/u_norm_d1/phi_delay_gen[30].phi_delay_reg[31][31]_srl32_bs_delay_gen_c_30_i_794/CO[1]
                         net (fo=6, unplaced)         0.557    48.732    u_bs_datapath/u_norm_d1/phi_delay_gen[30].phi_delay_reg[31][31]_srl32_bs_delay_gen_c_30_i_794_n_2
                         CARRY4 (Prop_carry4_CYINIT_CO[2])
                                                      0.840    49.572 r  u_bs_datapath/u_norm_d1/phi_delay_gen[30].phi_delay_reg[31][31]_srl32_bs_delay_gen_c_30_i_791/CO[2]
                         net (fo=6, unplaced)         0.368    49.940    u_bs_datapath/u_norm_d1/phi_delay_gen[30].phi_delay_reg[31][31]_srl32_bs_delay_gen_c_30_i_791_n_1
                         CARRY4 (Prop_carry4_CYINIT_CO[2])
                                                      0.818    50.758 r  u_bs_datapath/u_norm_d1/phi_delay_gen[30].phi_delay_reg[31][31]_srl32_bs_delay_gen_c_30_i_788/CO[2]
                         net (fo=6, unplaced)         0.368    51.126    u_bs_datapath/u_norm_d1/phi_delay_gen[30].phi_delay_reg[31][31]_srl32_bs_delay_gen_c_30_i_788_n_1
                         CARRY4 (Prop_carry4_CYINIT_CO[2])
                                                      0.818    51.944 r  u_bs_datapath/u_norm_d1/phi_delay_gen[30].phi_delay_reg[31][31]_srl32_bs_delay_gen_c_30_i_820/CO[2]
                         net (fo=6, unplaced)         0.368    52.312    u_bs_datapath/u_norm_d1/phi_delay_gen[30].phi_delay_reg[31][31]_srl32_bs_delay_gen_c_30_i_820_n_1
                         CARRY4 (Prop_carry4_CYINIT_CO[2])
                                                      0.818    53.130 r  u_bs_datapath/u_norm_d1/phi_delay_gen[30].phi_delay_reg[31][31]_srl32_bs_delay_gen_c_30_i_660/CO[2]
                         net (fo=6, unplaced)         0.368    53.498    u_bs_datapath/u_norm_d1/phi_delay_gen[30].phi_delay_reg[31][31]_srl32_bs_delay_gen_c_30_i_660_n_1
                         CARRY4 (Prop_carry4_CYINIT_CO[3])
                                                      0.781    54.279 r  u_bs_datapath/u_norm_d1/phi_delay_gen[30].phi_delay_reg[31][31]_srl32_bs_delay_gen_c_30_i_654/CO[3]
                         net (fo=1, unplaced)         0.000    54.279    u_bs_datapath/u_norm_d1/phi_delay_gen[30].phi_delay_reg[31][31]_srl32_bs_delay_gen_c_30_i_654_n_0
                         CARRY4 (Prop_carry4_CI_CO[2])
                                                      0.252    54.531 r  u_bs_datapath/u_norm_d1/phi_delay_gen[30].phi_delay_reg[31][31]_srl32_bs_delay_gen_c_30_i_478/CO[2]
                         net (fo=6, unplaced)         0.368    54.899    u_bs_datapath/u_norm_d1/phi_delay_gen[30].phi_delay_reg[31][31]_srl32_bs_delay_gen_c_30_i_478_n_1
                         CARRY4 (Prop_carry4_CYINIT_CO[2])
                                                      0.818    55.717 r  u_bs_datapath/u_norm_d1/phi_delay_gen[30].phi_delay_reg[31][31]_srl32_bs_delay_gen_c_30_i_324/CO[2]
                         net (fo=6, unplaced)         0.368    56.085    u_bs_datapath/u_norm_d1/phi_delay_gen[30].phi_delay_reg[31][31]_srl32_bs_delay_gen_c_30_i_324_n_1
                         CARRY4 (Prop_carry4_CYINIT_CO[2])
                                                      0.818    56.903 f  u_bs_datapath/u_norm_d1/phi_delay_gen[30].phi_delay_reg[31][31]_srl32_bs_delay_gen_c_30_i_320/CO[2]
                         net (fo=6, unplaced)         0.484    57.387    u_bs_datapath/u_norm_d1/phi_delay_gen[30].phi_delay_reg[31][31]_srl32_bs_delay_gen_c_30_i_320_n_1
                         LUT2 (Prop_lut2_I1_O)        0.302    57.689 r  u_bs_datapath/u_norm_d1/phi_delay_gen[30].phi_delay_reg[31][31]_srl32_bs_delay_gen_c_30_i_517/O
                         net (fo=1, unplaced)         0.449    58.138    u_bs_datapath/u_norm_d1/exp_approx_var3__0[62]
                         LUT6 (Prop_lut6_I0_O)        0.124    58.262 r  u_bs_datapath/u_norm_d1/phi_delay_gen[30].phi_delay_reg[31][31]_srl32_bs_delay_gen_c_30_i_328/O
                         net (fo=1, unplaced)         0.449    58.711    u_bs_datapath/u_norm_d1/phi_delay_gen[30].phi_delay_reg[31][31]_srl32_bs_delay_gen_c_30_i_328_n_0
                         LUT6 (Prop_lut6_I1_O)        0.124    58.835 r  u_bs_datapath/u_norm_d1/phi_delay_gen[30].phi_delay_reg[31][31]_srl32_bs_delay_gen_c_30_i_203/O
                         net (fo=1, unplaced)         0.000    58.835    u_bs_datapath/u_norm_d1/phi_delay_gen[30].phi_delay_reg[31][31]_srl32_bs_delay_gen_c_30_i_203_n_0
                         CARRY4 (Prop_carry4_S[0]_O[3])
                                                      0.608    59.443 f  u_bs_datapath/u_norm_d1/phi_delay_gen[30].phi_delay_reg[31][31]_srl32_bs_delay_gen_c_30_i_91/O[3]
                         net (fo=390, unplaced)       0.752    60.195    u_bs_datapath/u_norm_d1/exp_approx_var2[63]
                         LUT2 (Prop_lut2_I1_O)        0.307    60.502 r  u_bs_datapath/u_norm_d1/phi_delay_gen[30].phi_delay_reg[31][8]_srl32_bs_delay_gen_c_30_i_272/O
                         net (fo=1, unplaced)         0.000    60.502    u_bs_datapath/u_norm_d1/exp_approx_var[0]
                         CARRY4 (Prop_carry4_S[1]_CO[3])
                                                      0.533    61.035 r  u_bs_datapath/u_norm_d1/phi_delay_gen[30].phi_delay_reg[31][8]_srl32_bs_delay_gen_c_30_i_176/CO[3]
                         net (fo=1, unplaced)         0.000    61.035    u_bs_datapath/u_norm_d1/phi_delay_gen[30].phi_delay_reg[31][8]_srl32_bs_delay_gen_c_30_i_176_n_0
                         CARRY4 (Prop_carry4_CI_CO[3])
                                                      0.117    61.152 r  u_bs_datapath/u_norm_d1/phi_delay_gen[30].phi_delay_reg[31][8]_srl32_bs_delay_gen_c_30_i_171/CO[3]
                         net (fo=1, unplaced)         0.000    61.152    u_bs_datapath/u_norm_d1/phi_delay_gen[30].phi_delay_reg[31][8]_srl32_bs_delay_gen_c_30_i_171_n_0
                         CARRY4 (Prop_carry4_CI_O[0])
                                                      0.232    61.384 r  u_bs_datapath/u_norm_d1/phi_delay_gen[30].phi_delay_reg[31][8]_srl32_bs_delay_gen_c_30_i_160/O[0]
                         net (fo=2, unplaced)         0.752    62.136    u_bs_datapath/u_norm_d1/phi_delay_gen[30].phi_delay_reg[31][8]_srl32_bs_delay_gen_c_30_i_160_n_7
                         LUT3 (Prop_lut3_I0_O)        0.295    62.431 r  u_bs_datapath/u_norm_d1/phi_delay_gen[30].phi_delay_reg[31][8]_srl32_bs_delay_gen_c_30_i_77/O
                         net (fo=2, unplaced)         0.650    63.081    u_bs_datapath/u_norm_d1/phi_delay_gen[30].phi_delay_reg[31][8]_srl32_bs_delay_gen_c_30_i_77_n_0
                         CARRY4 (Prop_carry4_DI[1]_CO[3])
                                                      0.520    63.601 r  u_bs_datapath/u_norm_d1/phi_delay_gen[30].phi_delay_reg[31][8]_srl32_bs_delay_gen_c_30_i_39/CO[3]
                         net (fo=1, unplaced)         0.000    63.601    u_bs_datapath/u_norm_d1/phi_delay_gen[30].phi_delay_reg[31][8]_srl32_bs_delay_gen_c_30_i_39_n_0
                         CARRY4 (Prop_carry4_CI_O[0])
                                                      0.232    63.833 r  u_bs_datapath/u_norm_d1/phi_delay_gen[30].phi_delay_reg[31][8]_srl32_bs_delay_gen_c_30_i_36/O[0]
                         net (fo=2, unplaced)         0.752    64.585    u_bs_datapath/u_norm_d1/phi_delay_gen[30].phi_delay_reg[31][8]_srl32_bs_delay_gen_c_30_i_36_n_7
                         LUT3 (Prop_lut3_I0_O)        0.295    64.880 r  u_bs_datapath/u_norm_d1/phi_delay_gen[30].phi_delay_reg[31][8]_srl32_bs_delay_gen_c_30_i_14/O
                         net (fo=2, unplaced)         0.650    65.530    u_bs_datapath/u_norm_d1/phi_delay_gen[30].phi_delay_reg[31][8]_srl32_bs_delay_gen_c_30_i_14_n_0
                         CARRY4 (Prop_carry4_DI[1]_CO[3])
                                                      0.520    66.050 r  u_bs_datapath/u_norm_d1/phi_delay_gen[30].phi_delay_reg[31][8]_srl32_bs_delay_gen_c_30_i_9/CO[3]
                         net (fo=1, unplaced)         0.000    66.050    u_bs_datapath/u_norm_d1/phi_delay_gen[30].phi_delay_reg[31][8]_srl32_bs_delay_gen_c_30_i_9_n_0
                         CARRY4 (Prop_carry4_CI_O[1])
                                                      0.337    66.387 r  u_bs_datapath/u_norm_d1/phi_delay_gen[30].phi_delay_reg[31][16]_srl32_bs_delay_gen_c_30_i_14/O[1]
                         net (fo=1, unplaced)         0.715    67.102    u_bs_datapath/u_norm_d1/phi_delay_gen[30].phi_delay_reg[31][16]_srl32_bs_delay_gen_c_30_i_14_n_6
                         CARRY4 (Prop_carry4_S[1]_CO[3])
                                                      0.839    67.941 r  u_bs_datapath/u_norm_d1/phi_delay_gen[30].phi_delay_reg[31][16]_srl32_bs_delay_gen_c_30_i_8/CO[3]
                         net (fo=1, unplaced)         0.000    67.941    u_bs_datapath/u_norm_d1/phi_delay_gen[30].phi_delay_reg[31][16]_srl32_bs_delay_gen_c_30_i_8_n_0
                         CARRY4 (Prop_carry4_CI_O[3])
                                                      0.331    68.272 r  u_bs_datapath/u_norm_d1/phi_delay_gen[30].phi_delay_reg[31][20]_srl32_bs_delay_gen_c_30_i_8/O[3]
                         net (fo=2, unplaced)         0.629    68.901    u_bs_datapath/u_norm_d1/PCIN__8[43]
                         LUT2 (Prop_lut2_I0_O)        0.307    69.208 r  u_bs_datapath/u_norm_d1/phi_delay_gen[30].phi_delay_reg[31][20]_srl32_bs_delay_gen_c_30_i_10/O
                         net (fo=1, unplaced)         0.000    69.208    u_bs_datapath/u_norm_d1/phi_delay_gen[30].phi_delay_reg[31][20]_srl32_bs_delay_gen_c_30_i_10_n_0
                         CARRY4 (Prop_carry4_S[2]_CO[3])
                                                      0.380    69.588 r  u_bs_datapath/u_norm_d1/phi_delay_gen[30].phi_delay_reg[31][20]_srl32_bs_delay_gen_c_30_i_3/CO[3]
                         net (fo=1, unplaced)         0.000    69.588    u_bs_datapath/u_norm_d1/phi_delay_gen[30].phi_delay_reg[31][20]_srl32_bs_delay_gen_c_30_i_3_n_0
                         CARRY4 (Prop_carry4_CI_O[3])
                                                      0.331    69.919 r  u_bs_datapath/u_norm_d1/phi_delay_gen[30].phi_delay_reg[31][24]_srl32_bs_delay_gen_c_30_i_3/O[3]
                         net (fo=2, unplaced)         0.629    70.548    u_bs_datapath/u_norm_d1/phi_delay_gen[30].phi_delay_reg[31][24]_srl32_bs_delay_gen_c_30_i_3_n_4
                         LUT2 (Prop_lut2_I0_O)        0.307    70.855 r  u_bs_datapath/u_norm_d1/phi_delay_gen[30].phi_delay_reg[31][24]_srl32_bs_delay_gen_c_30_i_4/O
                         net (fo=1, unplaced)         0.000    70.855    u_bs_datapath/u_norm_d1/phi_delay_gen[30].phi_delay_reg[31][24]_srl32_bs_delay_gen_c_30_i_4_n_0
                         CARRY4 (Prop_carry4_S[3]_CO[3])
                                                      0.376    71.231 r  u_bs_datapath/u_norm_d1/phi_delay_gen[30].phi_delay_reg[31][24]_srl32_bs_delay_gen_c_30_i_2/CO[3]
                         net (fo=1, unplaced)         0.000    71.231    u_bs_datapath/u_norm_d1/phi_delay_gen[30].phi_delay_reg[31][24]_srl32_bs_delay_gen_c_30_i_2_n_0
                         CARRY4 (Prop_carry4_CI_O[3])
                                                      0.331    71.562 r  u_bs_datapath/u_norm_d1/phi_delay_gen[30].phi_delay_reg[31][28]_srl32_bs_delay_gen_c_30_i_2/O[3]
                         net (fo=1, unplaced)         0.618    72.180    u_bs_datapath/u_norm_d1/phi_delay_gen[30].phi_delay_reg[31][28]_srl32_bs_delay_gen_c_30_i_2_n_4
                         LUT2 (Prop_lut2_I0_O)        0.307    72.487 r  u_bs_datapath/u_norm_d1/phi_delay_gen[30].phi_delay_reg[31][28]_srl32_bs_delay_gen_c_30_i_1/O
                         net (fo=1, unplaced)         0.333    72.820    u_bs_datapath/u_norm_d1/phi_delay_gen[30].phi_delay_reg[31][28]_srl32_bs_delay_gen_c_30_i_1_n_0
                         SRLC32E                                      r  u_bs_datapath/u_norm_d1/phi_delay_gen[30].phi_delay_reg[31][28]_srl32_bs_delay_gen_c_30/D
  -------------------------------------------------------------------    -------------------

                         (clock clk rise edge)        4.000     4.000 r  
                                                      0.000     4.000 r  clk (IN)
                         net (fo=20254, unset)        0.924     4.924    u_bs_datapath/u_norm_d1/clk
                         SRLC32E                                      r  u_bs_datapath/u_norm_d1/phi_delay_gen[30].phi_delay_reg[31][28]_srl32_bs_delay_gen_c_30/CLK
                         clock pessimism              0.000     4.924    
                         clock uncertainty           -0.035     4.889    
                         SRLC32E (Setup_srlc32e_CLK_D)
                                                     -0.030     4.859    u_bs_datapath/u_norm_d1/phi_delay_gen[30].phi_delay_reg[31][28]_srl32_bs_delay_gen_c_30
  -------------------------------------------------------------------
                         required time                          4.859    
                         arrival time                         -72.820    
  -------------------------------------------------------------------
                         slack                                -67.961    

Slack (VIOLATED) :        -67.961ns  (required time - arrival time)
  Source:                 u_bs_datapath/u_norm_d2/x2_half1_reg[2]/C
                            (rising edge-triggered cell FDCE clocked by clk  {rise@0.000ns fall@2.000ns period=4.000ns})
  Destination:            u_bs_datapath/u_norm_d2/phi_delay_gen[30].phi_delay_reg[31][28]_srl32_bs_delay_gen_c_30/D
                            (rising edge-triggered cell SRLC32E clocked by clk  {rise@0.000ns fall@2.000ns period=4.000ns})
  Path Group:             clk
  Path Type:              Setup (Max at Slow Process Corner)
  Requirement:            4.000ns  (clk rise@4.000ns - clk rise@0.000ns)
  Data Path Delay:        71.847ns  (logic 39.036ns (54.332%)  route 32.811ns (45.668%))
  Logic Levels:           115  (CARRY4=82 LUT1=1 LUT2=8 LUT3=10 LUT4=5 LUT5=3 LUT6=6)
  Clock Path Skew:        -0.049ns (DCD - SCD + CPR)
    Destination Clock Delay (DCD):    0.924ns = ( 4.924 - 4.000 ) 
    Source Clock Delay      (SCD):    0.973ns
    Clock Pessimism Removal (CPR):    0.000ns
  Clock Uncertainty:      0.035ns  ((TSJ^2 + TIJ^2)^1/2 + DJ) / 2 + PE
    Total System Jitter     (TSJ):    0.071ns
    Total Input Jitter      (TIJ):    0.000ns
    Discrete Jitter          (DJ):    0.000ns
    Phase Error              (PE):    0.000ns

    Location             Delay type                Incr(ns)  Path(ns)    Netlist Resource(s)
  -------------------------------------------------------------------    -------------------
                         (clock clk rise edge)        0.000     0.000 r  
                                                      0.000     0.000 r  clk (IN)
                         net (fo=20254, unset)        0.973     0.973    u_bs_datapath/u_norm_d2/clk
                         FDCE                                         r  u_bs_datapath/u_norm_d2/x2_half1_reg[2]/C
  -------------------------------------------------------------------    -------------------
                         FDCE (Prop_fdce_C_Q)         0.518     1.491 r  u_bs_datapath/u_norm_d2/x2_half1_reg[2]/Q
                         net (fo=183, unplaced)       1.080     2.571    u_bs_datapath/u_norm_d2/x2_half1[2]
                         LUT6 (Prop_lut6_I0_O)        0.295     2.866 r  u_bs_datapath/u_norm_d2/phi_delay_gen[30].phi_delay_reg[31][8]_srl32_bs_delay_gen_c_30_i_2283__0/O
                         net (fo=1, unplaced)         0.639     3.505    u_bs_datapath/u_norm_d2/phi_delay_gen[30].phi_delay_reg[31][8]_srl32_bs_delay_gen_c_30_i_2283__0_n_0
                         CARRY4 (Prop_carry4_DI[1]_O[3])
                                                      0.629     4.134 r  u_bs_datapath/u_norm_d2/phi_delay_gen[30].phi_delay_reg[31][8]_srl32_bs_delay_gen_c_30_i_2053__0/O[3]
                         net (fo=2, unplaced)         0.629     4.763    u_bs_datapath/u_norm_d2/phi_delay_gen[30].phi_delay_reg[31][8]_srl32_bs_delay_gen_c_30_i_2053__0_n_4
                         LUT3 (Prop_lut3_I2_O)        0.307     5.070 r  u_bs_datapath/u_norm_d2/phi_delay_gen[30].phi_delay_reg[31][8]_srl32_bs_delay_gen_c_30_i_1819__0/O
                         net (fo=2, unplaced)         0.460     5.530    u_bs_datapath/u_norm_d2/phi_delay_gen[30].phi_delay_reg[31][8]_srl32_bs_delay_gen_c_30_i_1819__0_n_0
                         LUT4 (Prop_lut4_I3_O)        0.124     5.654 r  u_bs_datapath/u_norm_d2/phi_delay_gen[30].phi_delay_reg[31][8]_srl32_bs_delay_gen_c_30_i_1823__0/O
                         net (fo=1, unplaced)         0.000     5.654    u_bs_datapath/u_norm_d2/phi_delay_gen[30].phi_delay_reg[31][8]_srl32_bs_delay_gen_c_30_i_1823__0_n_0
                         CARRY4 (Prop_carry4_S[0]_CO[3])
                                                      0.513     6.167 r  u_bs_datapath/u_norm_d2/phi_delay_gen[30].phi_delay_reg[31][8]_srl32_bs_delay_gen_c_30_i_1578__0/CO[3]
                         net (fo=1, unplaced)         0.000     6.167    u_bs_datapath/u_norm_d2/phi_delay_gen[30].phi_delay_reg[31][8]_srl32_bs_delay_gen_c_30_i_1578__0_n_0
                         CARRY4 (Prop_carry4_CI_O[1])
                                                      0.337     6.504 r  u_bs_datapath/u_norm_d2/phi_delay_gen[30].phi_delay_reg[31][8]_srl32_bs_delay_gen_c_30_i_1256__0/O[1]
                         net (fo=2, unplaced)         0.622     7.126    u_bs_datapath/u_norm_d2/phi_delay_gen[30].phi_delay_reg[31][8]_srl32_bs_delay_gen_c_30_i_1256__0_n_6
                         LUT3 (Prop_lut3_I0_O)        0.306     7.432 r  u_bs_datapath/u_norm_d2/phi_delay_gen[30].phi_delay_reg[31][8]_srl32_bs_delay_gen_c_30_i_1233__0/O
                         net (fo=2, unplaced)         0.460     7.892    u_bs_datapath/u_norm_d2/phi_delay_gen[30].phi_delay_reg[31][8]_srl32_bs_delay_gen_c_30_i_1233__0_n_0
                         LUT4 (Prop_lut4_I3_O)        0.124     8.016 r  u_bs_datapath/u_norm_d2/phi_delay_gen[30].phi_delay_reg[31][8]_srl32_bs_delay_gen_c_30_i_1237__0/O
                         net (fo=1, unplaced)         0.000     8.016    u_bs_datapath/u_norm_d2/phi_delay_gen[30].phi_delay_reg[31][8]_srl32_bs_delay_gen_c_30_i_1237__0_n_0
                         CARRY4 (Prop_carry4_S[2]_CO[3])
                                                      0.380     8.396 r  u_bs_datapath/u_norm_d2/phi_delay_gen[30].phi_delay_reg[31][8]_srl32_bs_delay_gen_c_30_i_896__0/CO[3]
                         net (fo=1, unplaced)         0.000     8.396    u_bs_datapath/u_norm_d2/phi_delay_gen[30].phi_delay_reg[31][8]_srl32_bs_delay_gen_c_30_i_896__0_n_0
                         CARRY4 (Prop_carry4_CI_O[1])
                                                      0.337     8.733 r  u_bs_datapath/u_norm_d2/phi_delay_gen[30].phi_delay_reg[31][8]_srl32_bs_delay_gen_c_30_i_689__0/O[1]
                         net (fo=1, unplaced)         0.715     9.448    u_bs_datapath/u_norm_d2/phi_delay_gen[30].phi_delay_reg[31][8]_srl32_bs_delay_gen_c_30_i_689__0_n_6
                         CARRY4 (Prop_carry4_S[1]_CO[3])
                                                      0.839    10.287 r  u_bs_datapath/u_norm_d2/phi_delay_gen[30].phi_delay_reg[31][8]_srl32_bs_delay_gen_c_30_i_527__0/CO[3]
                         net (fo=1, unplaced)         0.000    10.287    u_bs_datapath/u_norm_d2/phi_delay_gen[30].phi_delay_reg[31][8]_srl32_bs_delay_gen_c_30_i_527__0_n_0
                         CARRY4 (Prop_carry4_CI_O[0])
                                                      0.232    10.519 r  u_bs_datapath/u_norm_d2/phi_delay_gen[30].phi_delay_reg[31][8]_srl32_bs_delay_gen_c_30_i_522__0/O[0]
                         net (fo=2, unplaced)         0.657    11.176    u_bs_datapath/u_norm_d2/PCIN__2[24]
                         CARRY4 (Prop_carry4_DI[3]_CO[3])
                                                      0.567    11.743 r  u_bs_datapath/u_norm_d2/phi_delay_gen[30].phi_delay_reg[31][8]_srl32_bs_delay_gen_c_30_i_438__0/CO[3]
                         net (fo=1, unplaced)         0.000    11.743    u_bs_datapath/u_norm_d2/phi_delay_gen[30].phi_delay_reg[31][8]_srl32_bs_delay_gen_c_30_i_438__0_n_0
                         CARRY4 (Prop_carry4_CI_O[3])
                                                      0.331    12.074 r  u_bs_datapath/u_norm_d2/phi_delay_gen[30].phi_delay_reg[31][8]_srl32_bs_delay_gen_c_30_i_437__0/O[3]
                         net (fo=2, unplaced)         0.629    12.703    u_bs_datapath/u_norm_d2/phi_delay_gen[30].phi_delay_reg[31][8]_srl32_bs_delay_gen_c_30_i_437__0_n_4
                         LUT2 (Prop_lut2_I0_O)        0.307    13.010 r  u_bs_datapath/u_norm_d2/phi_delay_gen[30].phi_delay_reg[31][8]_srl32_bs_delay_gen_c_30_i_463__0/O
                         net (fo=1, unplaced)         0.000    13.010    u_bs_datapath/u_norm_d2/phi_delay_gen[30].phi_delay_reg[31][8]_srl32_bs_delay_gen_c_30_i_463__0_n_0
                         CARRY4 (Prop_carry4_S[0]_CO[3])
                                                      0.513    13.523 r  u_bs_datapath/u_norm_d2/phi_delay_gen[30].phi_delay_reg[31][8]_srl32_bs_delay_gen_c_30_i_406__0/CO[3]
                         net (fo=1, unplaced)         0.000    13.523    u_bs_datapath/u_norm_d2/phi_delay_gen[30].phi_delay_reg[31][8]_srl32_bs_delay_gen_c_30_i_406__0_n_0
                         CARRY4 (Prop_carry4_CI_O[2])
                                                      0.256    13.779 r  u_bs_datapath/u_norm_d2/phi_delay_gen[30].phi_delay_reg[31][8]_srl32_bs_delay_gen_c_30_i_395__0/O[2]
                         net (fo=201, unplaced)       1.231    15.010    u_bs_datapath/u_norm_d2/phi_delay_gen[30].phi_delay_reg[31][8]_srl32_bs_delay_gen_c_30_i_395__0_n_5
                         LUT6 (Prop_lut6_I2_O)        0.301    15.311 r  u_bs_datapath/u_norm_d2/phi_delay_gen[30].phi_delay_reg[31][31]_srl32_bs_delay_gen_c_30_i_6876__0/O
                         net (fo=2, unplaced)         0.913    16.224    u_bs_datapath/u_norm_d2/phi_delay_gen[30].phi_delay_reg[31][31]_srl32_bs_delay_gen_c_30_i_6876__0_n_0
                         LUT6 (Prop_lut6_I0_O)        0.124    16.348 r  u_bs_datapath/u_norm_d2/phi_delay_gen[30].phi_delay_reg[31][31]_srl32_bs_delay_gen_c_30_i_6880__0/O
                         net (fo=1, unplaced)         0.000    16.348    u_bs_datapath/u_norm_d2/phi_delay_gen[30].phi_delay_reg[31][31]_srl32_bs_delay_gen_c_30_i_6880__0_n_0
                         CARRY4 (Prop_carry4_S[1]_CO[3])
                                                      0.533    16.881 r  u_bs_datapath/u_norm_d2/phi_delay_gen[30].phi_delay_reg[31][31]_srl32_bs_delay_gen_c_30_i_6245__0/CO[3]
                         net (fo=1, unplaced)         0.000    16.881    u_bs_datapath/u_norm_d2/phi_delay_gen[30].phi_delay_reg[31][31]_srl32_bs_delay_gen_c_30_i_6245__0_n_0
                         CARRY4 (Prop_carry4_CI_O[0])
                                                      0.232    17.113 r  u_bs_datapath/u_norm_d2/phi_delay_gen[30].phi_delay_reg[31][31]_srl32_bs_delay_gen_c_30_i_5442__0/O[0]
                         net (fo=2, unplaced)         0.752    17.865    u_bs_datapath/u_norm_d2/phi_delay_gen[30].phi_delay_reg[31][31]_srl32_bs_delay_gen_c_30_i_5442__0_n_7
                         LUT3 (Prop_lut3_I1_O)        0.295    18.160 r  u_bs_datapath/u_norm_d2/phi_delay_gen[30].phi_delay_reg[31][31]_srl32_bs_delay_gen_c_30_i_5417__0/O
                         net (fo=2, unplaced)         0.650    18.810    u_bs_datapath/u_norm_d2/phi_delay_gen[30].phi_delay_reg[31][31]_srl32_bs_delay_gen_c_30_i_5417__0_n_0
                         CARRY4 (Prop_carry4_DI[1]_O[3])
                                                      0.629    19.439 r  u_bs_datapath/u_norm_d2/phi_delay_gen[30].phi_delay_reg[31][31]_srl32_bs_delay_gen_c_30_i_4479__0/O[3]
                         net (fo=2, unplaced)         0.629    20.068    u_bs_datapath/u_norm_d2/phi_delay_gen[30].phi_delay_reg[31][31]_srl32_bs_delay_gen_c_30_i_4479__0_n_4
                         LUT3 (Prop_lut3_I0_O)        0.307    20.375 r  u_bs_datapath/u_norm_d2/phi_delay_gen[30].phi_delay_reg[31][31]_srl32_bs_delay_gen_c_30_i_3627__0/O
                         net (fo=2, unplaced)         0.460    20.835    u_bs_datapath/u_norm_d2/phi_delay_gen[30].phi_delay_reg[31][31]_srl32_bs_delay_gen_c_30_i_3627__0_n_0
                         LUT4 (Prop_lut4_I3_O)        0.124    20.959 r  u_bs_datapath/u_norm_d2/phi_delay_gen[30].phi_delay_reg[31][31]_srl32_bs_delay_gen_c_30_i_3631__0/O
                         net (fo=1, unplaced)         0.000    20.959    u_bs_datapath/u_norm_d2/phi_delay_gen[30].phi_delay_reg[31][31]_srl32_bs_delay_gen_c_30_i_3631__0_n_0
                         CARRY4 (Prop_carry4_S[0]_CO[3])
                                                      0.513    21.472 r  u_bs_datapath/u_norm_d2/phi_delay_gen[30].phi_delay_reg[31][31]_srl32_bs_delay_gen_c_30_i_2782__0/CO[3]
                         net (fo=1, unplaced)         0.000    21.472    u_bs_datapath/u_norm_d2/phi_delay_gen[30].phi_delay_reg[31][31]_srl32_bs_delay_gen_c_30_i_2782__0_n_0
                         CARRY4 (Prop_carry4_CI_O[1])
                                                      0.337    21.809 r  u_bs_datapath/u_norm_d2/phi_delay_gen[30].phi_delay_reg[31][31]_srl32_bs_delay_gen_c_30_i_2010__0/O[1]
                         net (fo=11, unplaced)        0.761    22.570    u_bs_datapath/u_norm_d2/phi_delay_gen[30].phi_delay_reg[31][31]_srl32_bs_delay_gen_c_30_i_2010__0_n_6
                         CARRY4 (Prop_carry4_S[1]_CO[3])
                                                      0.839    23.409 r  u_bs_datapath/u_norm_d2/phi_delay_gen[30].phi_delay_reg[31][31]_srl32_bs_delay_gen_c_30_i_2759__0/CO[3]
                         net (fo=1, unplaced)         0.000    23.409    u_bs_datapath/u_norm_d2/phi_delay_gen[30].phi_delay_reg[31][31]_srl32_bs_delay_gen_c_30_i_2759__0_n_0
                         CARRY4 (Prop_carry4_CI_O[3])
                                                      0.331    23.740 r  u_bs_datapath/u_norm_d2/phi_delay_gen[30].phi_delay_reg[31][31]_srl32_bs_delay_gen_c_30_i_1995__0/O[3]
                         net (fo=2, unplaced)         0.629    24.369    u_bs_datapath/u_norm_d2/PCIN__6[43]
                         LUT2 (Prop_lut2_I0_O)        0.307    24.676 r  u_bs_datapath/u_norm_d2/phi_delay_gen[30].phi_delay_reg[31][31]_srl32_bs_delay_gen_c_30_i_1997__0/O
                         net (fo=1, unplaced)         0.000    24.676    u_bs_datapath/u_norm_d2/phi_delay_gen[30].phi_delay_reg[31][31]_srl32_bs_delay_gen_c_30_i_1997__0_n_0
                         CARRY4 (Prop_carry4_S[2]_CO[3])
                                                      0.380    25.056 r  u_bs_datapath/u_norm_d2/phi_delay_gen[30].phi_delay_reg[31][31]_srl32_bs_delay_gen_c_30_i_1525__0/CO[3]
                         net (fo=1, unplaced)         0.000    25.056    u_bs_datapath/u_norm_d2/phi_delay_gen[30].phi_delay_reg[31][31]_srl32_bs_delay_gen_c_30_i_1525__0_n_0
                         CARRY4 (Prop_carry4_CI_CO[3])
                                                      0.117    25.173 r  u_bs_datapath/u_norm_d2/phi_delay_gen[30].phi_delay_reg[31][31]_srl32_bs_delay_gen_c_30_i_1173__0/CO[3]
                         net (fo=1, unplaced)         0.000    25.173    u_bs_datapath/u_norm_d2/phi_delay_gen[30].phi_delay_reg[31][31]_srl32_bs_delay_gen_c_30_i_1173__0_n_0
                         CARRY4 (Prop_carry4_CI_CO[3])
                                                      0.117    25.290 r  u_bs_datapath/u_norm_d2/phi_delay_gen[30].phi_delay_reg[31][31]_srl32_bs_delay_gen_c_30_i_1172__0/CO[3]
                         net (fo=1, unplaced)         0.000    25.290    u_bs_datapath/u_norm_d2/phi_delay_gen[30].phi_delay_reg[31][31]_srl32_bs_delay_gen_c_30_i_1172__0_n_0
                         CARRY4 (Prop_carry4_CI_CO[3])
                                                      0.117    25.407 r  u_bs_datapath/u_norm_d2/phi_delay_gen[30].phi_delay_reg[31][31]_srl32_bs_delay_gen_c_30_i_960__0/CO[3]
                         net (fo=1, unplaced)         0.000    25.407    u_bs_datapath/u_norm_d2/phi_delay_gen[30].phi_delay_reg[31][31]_srl32_bs_delay_gen_c_30_i_960__0_n_0
                         CARRY4 (Prop_carry4_CI_O[1])
                                                      0.337    25.744 r  u_bs_datapath/u_norm_d2/phi_delay_gen[30].phi_delay_reg[31][31]_srl32_bs_delay_gen_c_30_i_713__0/O[1]
                         net (fo=2, unplaced)         0.622    26.366    u_bs_datapath/u_norm_d2/phi_delay_gen[30].phi_delay_reg[31][31]_srl32_bs_delay_gen_c_30_i_713__0_n_6
                         LUT3 (Prop_lut3_I0_O)        0.306    26.672 r  u_bs_datapath/u_norm_d2/phi_delay_gen[30].phi_delay_reg[31][31]_srl32_bs_delay_gen_c_30_i_702__0/O
                         net (fo=2, unplaced)         0.460    27.132    u_bs_datapath/u_norm_d2/phi_delay_gen[30].phi_delay_reg[31][31]_srl32_bs_delay_gen_c_30_i_702__0_n_0
                         LUT4 (Prop_lut4_I3_O)        0.124    27.256 r  u_bs_datapath/u_norm_d2/phi_delay_gen[30].phi_delay_reg[31][31]_srl32_bs_delay_gen_c_30_i_706__0/O
                         net (fo=1, unplaced)         0.000    27.256    u_bs_datapath/u_norm_d2/phi_delay_gen[30].phi_delay_reg[31][31]_srl32_bs_delay_gen_c_30_i_706__0_n_0
                         CARRY4 (Prop_carry4_S[3]_CO[3])
                                                      0.376    27.632 r  u_bs_datapath/u_norm_d2/phi_delay_gen[30].phi_delay_reg[31][31]_srl32_bs_delay_gen_c_30_i_503__0/CO[3]
                         net (fo=1, unplaced)         0.000    27.632    u_bs_datapath/u_norm_d2/phi_delay_gen[30].phi_delay_reg[31][31]_srl32_bs_delay_gen_c_30_i_503__0_n_0
                         CARRY4 (Prop_carry4_CI_O[3])
                                                      0.331    27.963 f  u_bs_datapath/u_norm_d2/phi_delay_gen[30].phi_delay_reg[31][31]_srl32_bs_delay_gen_c_30_i_319__0/O[3]
                         net (fo=772, unplaced)       0.758    28.721    u_bs_datapath/u_norm_d2/exp_approx_var5
                         LUT1 (Prop_lut1_I0_O)        0.307    29.028 r  u_bs_datapath/u_norm_d2/phi_delay_gen[30].phi_delay_reg[31][31]_srl32_bs_delay_gen_c_30_i_717__0/O
                         net (fo=1, unplaced)         0.000    29.028    u_bs_datapath/u_norm_d2/phi_delay_gen[30].phi_delay_reg[31][31]_srl32_bs_delay_gen_c_30_i_717__0_n_0
                         CARRY4 (Prop_carry4_S[2]_CO[3])
                                                      0.380    29.408 f  u_bs_datapath/u_norm_d2/phi_delay_gen[30].phi_delay_reg[31][31]_srl32_bs_delay_gen_c_30_i_513__0/CO[3]
                         net (fo=27, unplaced)        0.985    30.393    u_bs_datapath/u_norm_d2/phi_delay_gen[30].phi_delay_reg[31][31]_srl32_bs_delay_gen_c_30_i_513__0_n_0
                         LUT2 (Prop_lut2_I1_O)        0.124    30.517 r  u_bs_datapath/u_norm_d2/phi_delay_gen[30].phi_delay_reg[31][31]_srl32_bs_delay_gen_c_30_i_322__0/O
                         net (fo=275, unplaced)       0.574    31.091    u_bs_datapath/u_norm_d2/phi_delay_gen[30].phi_delay_reg[31][31]_srl32_bs_delay_gen_c_30_i_322__0_n_0
                         LUT5 (Prop_lut5_I4_O)        0.124    31.215 r  u_bs_datapath/u_norm_d2/phi_delay_gen[30].phi_delay_reg[31][31]_srl32_bs_delay_gen_c_30_i_1082__0/O
                         net (fo=20, unplaced)        0.699    31.914    u_bs_datapath/u_norm_d2/phi_delay_gen[30].phi_delay_reg[31][31]_srl32_bs_delay_gen_c_30_i_1082__0_n_0
                         CARRY4 (Prop_carry4_DI[1]_O[3])
                                                      0.629    32.543 r  u_bs_datapath/u_norm_d2/phi_delay_gen[30].phi_delay_reg[31][8]_srl32_bs_delay_gen_c_30_i_1917__0/O[3]
                         net (fo=2, unplaced)         0.629    33.172    u_bs_datapath/u_norm_d2/phi_delay_gen[30].phi_delay_reg[31][8]_srl32_bs_delay_gen_c_30_i_1917__0_n_4
                         LUT3 (Prop_lut3_I2_O)        0.307    33.479 r  u_bs_datapath/u_norm_d2/phi_delay_gen[30].phi_delay_reg[31][8]_srl32_bs_delay_gen_c_30_i_1680__0/O
                         net (fo=2, unplaced)         0.460    33.939    u_bs_datapath/u_norm_d2/phi_delay_gen[30].phi_delay_reg[31][8]_srl32_bs_delay_gen_c_30_i_1680__0_n_0
                         LUT4 (Prop_lut4_I3_O)        0.124    34.063 r  u_bs_datapath/u_norm_d2/phi_delay_gen[30].phi_delay_reg[31][8]_srl32_bs_delay_gen_c_30_i_1684__0/O
                         net (fo=1, unplaced)         0.000    34.063    u_bs_datapath/u_norm_d2/phi_delay_gen[30].phi_delay_reg[31][8]_srl32_bs_delay_gen_c_30_i_1684__0_n_0
                         CARRY4 (Prop_carry4_S[2]_CO[3])
                                                      0.380    34.443 r  u_bs_datapath/u_norm_d2/phi_delay_gen[30].phi_delay_reg[31][8]_srl32_bs_delay_gen_c_30_i_1374__0/CO[3]
                         net (fo=1, unplaced)         0.000    34.443    u_bs_datapath/u_norm_d2/phi_delay_gen[30].phi_delay_reg[31][8]_srl32_bs_delay_gen_c_30_i_1374__0_n_0
                         CARRY4 (Prop_carry4_CI_CO[3])
                                                      0.117    34.560 r  u_bs_datapath/u_norm_d2/phi_delay_gen[30].phi_delay_reg[31][8]_srl32_bs_delay_gen_c_30_i_1018__0/CO[3]
                         net (fo=1, unplaced)         0.000    34.560    u_bs_datapath/u_norm_d2/phi_delay_gen[30].phi_delay_reg[31][8]_srl32_bs_delay_gen_c_30_i_1018__0_n_0
                         CARRY4 (Prop_carry4_CI_CO[3])
                                                      0.117    34.677 r  u_bs_datapath/u_norm_d2/phi_delay_gen[30].phi_delay_reg[31][8]_srl32_bs_delay_gen_c_30_i_780__0/CO[3]
                         net (fo=1, unplaced)         0.000    34.677    u_bs_datapath/u_norm_d2/phi_delay_gen[30].phi_delay_reg[31][8]_srl32_bs_delay_gen_c_30_i_780__0_n_0
                         CARRY4 (Prop_carry4_CI_O[3])
                                                      0.331    35.008 r  u_bs_datapath/u_norm_d2/phi_delay_gen[30].phi_delay_reg[31][8]_srl32_bs_delay_gen_c_30_i_612__0/O[3]
                         net (fo=3, unplaced)         0.636    35.644    u_bs_datapath/u_norm_d2/phi_delay_gen[30].phi_delay_reg[31][8]_srl32_bs_delay_gen_c_30_i_612__0_n_4
                         LUT3 (Prop_lut3_I0_O)        0.307    35.951 r  u_bs_datapath/u_norm_d2/phi_delay_gen[30].phi_delay_reg[31][8]_srl32_bs_delay_gen_c_30_i_774__0/O
                         net (fo=2, unplaced)         0.460    36.411    u_bs_datapath/u_norm_d2/phi_delay_gen[30].phi_delay_reg[31][8]_srl32_bs_delay_gen_c_30_i_774__0_n_0
                         LUT5 (Prop_lut5_I1_O)        0.124    36.535 r  u_bs_datapath/u_norm_d2/phi_delay_gen[30].phi_delay_reg[31][8]_srl32_bs_delay_gen_c_30_i_599__0/O
                         net (fo=2, unplaced)         0.430    36.965    u_bs_datapath/u_norm_d2/phi_delay_gen[30].phi_delay_reg[31][8]_srl32_bs_delay_gen_c_30_i_599__0_n_0
                         LUT6 (Prop_lut6_I0_O)        0.124    37.089 r  u_bs_datapath/u_norm_d2/phi_delay_gen[30].phi_delay_reg[31][8]_srl32_bs_delay_gen_c_30_i_603__0/O
                         net (fo=1, unplaced)         0.000    37.089    u_bs_datapath/u_norm_d2/phi_delay_gen[30].phi_delay_reg[31][8]_srl32_bs_delay_gen_c_30_i_603__0_n_0
                         CARRY4 (Prop_carry4_S[3]_CO[3])
                                                      0.376    37.465 r  u_bs_datapath/u_norm_d2/phi_delay_gen[30].phi_delay_reg[31][8]_srl32_bs_delay_gen_c_30_i_483__0/CO[3]
                         net (fo=1, unplaced)         0.000    37.465    u_bs_datapath/u_norm_d2/phi_delay_gen[30].phi_delay_reg[31][8]_srl32_bs_delay_gen_c_30_i_483__0_n_0
                         CARRY4 (Prop_carry4_CI_O[3])
                                                      0.331    37.796 r  u_bs_datapath/u_norm_d2/phi_delay_gen[30].phi_delay_reg[31][8]_srl32_bs_delay_gen_c_30_i_424__0/O[3]
                         net (fo=6, unplaced)         0.840    38.636    u_bs_datapath/u_norm_d2/phi_delay_gen[30].phi_delay_reg[31][8]_srl32_bs_delay_gen_c_30_i_424__0_n_4
                         CARRY4 (Prop_carry4_S[0]_CO[3])
                                                      0.820    39.456 r  u_bs_datapath/u_norm_d2/phi_delay_gen[30].phi_delay_reg[31][31]_srl32_bs_delay_gen_c_30_i_8143__0/CO[3]
                         net (fo=1, unplaced)         0.000    39.456    u_bs_datapath/u_norm_d2/phi_delay_gen[30].phi_delay_reg[31][31]_srl32_bs_delay_gen_c_30_i_8143__0_n_0
                         CARRY4 (Prop_carry4_CI_CO[3])
                                                      0.117    39.573 r  u_bs_datapath/u_norm_d2/phi_delay_gen[30].phi_delay_reg[31][31]_srl32_bs_delay_gen_c_30_i_7832__0/CO[3]
                         net (fo=1, unplaced)         0.000    39.573    u_bs_datapath/u_norm_d2/phi_delay_gen[30].phi_delay_reg[31][31]_srl32_bs_delay_gen_c_30_i_7832__0_n_0
                         CARRY4 (Prop_carry4_CI_CO[3])
                                                      0.117    39.690 r  u_bs_datapath/u_norm_d2/phi_delay_gen[30].phi_delay_reg[31][31]_srl32_bs_delay_gen_c_30_i_7434__0/CO[3]
                         net (fo=1, unplaced)         0.000    39.690    u_bs_datapath/u_norm_d2/phi_delay_gen[30].phi_delay_reg[31][31]_srl32_bs_delay_gen_c_30_i_7434__0_n_0
                         CARRY4 (Prop_carry4_CI_CO[3])
                                                      0.117    39.807 r  u_bs_datapath/u_norm_d2/phi_delay_gen[30].phi_delay_reg[31][31]_srl32_bs_delay_gen_c_30_i_6970__0/CO[3]
                         net (fo=1, unplaced)         0.000    39.807    u_bs_datapath/u_norm_d2/phi_delay_gen[30].phi_delay_reg[31][31]_srl32_bs_delay_gen_c_30_i_6970__0_n_0
                         CARRY4 (Prop_carry4_CI_CO[3])
                                                      0.117    39.924 r  u_bs_datapath/u_norm_d2/phi_delay_gen[30].phi_delay_reg[31][31]_srl32_bs_delay_gen_c_30_i_6399__0/CO[3]
                         net (fo=1, unplaced)         0.000    39.924    u_bs_datapath/u_norm_d2/phi_delay_gen[30].phi_delay_reg[31][31]_srl32_bs_delay_gen_c_30_i_6399__0_n_0
                         CARRY4 (Prop_carry4_CI_CO[3])
                                                      0.117    40.041 r  u_bs_datapath/u_norm_d2/phi_delay_gen[30].phi_delay_reg[31][31]_srl32_bs_delay_gen_c_30_i_5741__0/CO[3]
                         net (fo=1, unplaced)         0.000    40.041    u_bs_datapath/u_norm_d2/phi_delay_gen[30].phi_delay_reg[31][31]_srl32_bs_delay_gen_c_30_i_5741__0_n_0
                         CARRY4 (Prop_carry4_CI_CO[3])
                                                      0.117    40.158 r  u_bs_datapath/u_norm_d2/phi_delay_gen[30].phi_delay_reg[31][31]_srl32_bs_delay_gen_c_30_i_4918__0/CO[3]
                         net (fo=1, unplaced)         0.000    40.158    u_bs_datapath/u_norm_d2/phi_delay_gen[30].phi_delay_reg[31][31]_srl32_bs_delay_gen_c_30_i_4918__0_n_0
                         CARRY4 (Prop_carry4_CI_CO[3])
                                                      0.117    40.275 r  u_bs_datapath/u_norm_d2/phi_delay_gen[30].phi_delay_reg[31][31]_srl32_bs_delay_gen_c_30_i_4007__0/CO[3]
                         net (fo=1, unplaced)         0.000    40.275    u_bs_datapath/u_norm_d2/phi_delay_gen[30].phi_delay_reg[31][31]_srl32_bs_delay_gen_c_30_i_4007__0_n_0
                         CARRY4 (Prop_carry4_CI_CO[3])
                                                      0.117    40.392 r  u_bs_datapath/u_norm_d2/phi_delay_gen[30].phi_delay_reg[31][31]_srl32_bs_delay_gen_c_30_i_3185__0/CO[3]
                         net (fo=1, unplaced)         0.000    40.392    u_bs_datapath/u_norm_d2/phi_delay_gen[30].phi_delay_reg[31][31]_srl32_bs_delay_gen_c_30_i_3185__0_n_0
                         CARRY4 (Prop_carry4_CI_CO[3])
                                                      0.117    40.509 r  u_bs_datapath/u_norm_d2/phi_delay_gen[30].phi_delay_reg[31][31]_srl32_bs_delay_gen_c_30_i_2326__0/CO[3]
                         net (fo=1, unplaced)         0.000    40.509    u_bs_datapath/u_norm_d2/phi_delay_gen[30].phi_delay_reg[31][31]_srl32_bs_delay_gen_c_30_i_2326__0_n_0
                         CARRY4 (Prop_carry4_CI_CO[2])
                                                      0.252    40.761 r  u_bs_datapath/u_norm_d2/phi_delay_gen[30].phi_delay_reg[31][31]_srl32_bs_delay_gen_c_30_i_1764__0/CO[2]
                         net (fo=20, unplaced)        0.396    41.157    u_bs_datapath/u_norm_d2/phi_delay_gen[30].phi_delay_reg[31][31]_srl32_bs_delay_gen_c_30_i_1764__0_n_1
                         CARRY4 (Prop_carry4_CYINIT_CO[3])
                                                      0.781    41.938 r  u_bs_datapath/u_norm_d2/phi_delay_gen[30].phi_delay_reg[31][31]_srl32_bs_delay_gen_c_30_i_1347__0/CO[3]
                         net (fo=1, unplaced)         0.000    41.938    u_bs_datapath/u_norm_d2/phi_delay_gen[30].phi_delay_reg[31][31]_srl32_bs_delay_gen_c_30_i_1347__0_n_0
                         CARRY4 (Prop_carry4_CI_CO[3])
                                                      0.117    42.055 r  u_bs_datapath/u_norm_d2/phi_delay_gen[30].phi_delay_reg[31][31]_srl32_bs_delay_gen_c_30_i_1072__0/CO[3]
                         net (fo=1, unplaced)         0.000    42.055    u_bs_datapath/u_norm_d2/phi_delay_gen[30].phi_delay_reg[31][31]_srl32_bs_delay_gen_c_30_i_1072__0_n_0
                         CARRY4 (Prop_carry4_CI_CO[0])
                                                      0.281    42.336 r  u_bs_datapath/u_norm_d2/phi_delay_gen[30].phi_delay_reg[31][31]_srl32_bs_delay_gen_c_30_i_839__0/CO[0]
                         net (fo=4, unplaced)         0.358    42.694    u_bs_datapath/u_norm_d2/phi_delay_gen[30].phi_delay_reg[31][31]_srl32_bs_delay_gen_c_30_i_839__0_n_3
                         CARRY4 (Prop_carry4_CYINIT_O[1])
                                                      0.887    43.581 r  u_bs_datapath/u_norm_d2/phi_delay_gen[30].phi_delay_reg[31][31]_srl32_bs_delay_gen_c_30_i_607__0/O[1]
                         net (fo=3, unplaced)         0.629    44.210    u_bs_datapath/u_norm_d2/phi_delay_gen[30].phi_delay_reg[31][31]_srl32_bs_delay_gen_c_30_i_607__0_n_6
                         LUT3 (Prop_lut3_I0_O)        0.306    44.516 r  u_bs_datapath/u_norm_d2/phi_delay_gen[30].phi_delay_reg[31][31]_srl32_bs_delay_gen_c_30_i_835__0/O
                         net (fo=1, unplaced)         0.000    44.516    u_bs_datapath/u_norm_d2/phi_delay_gen[30].phi_delay_reg[31][31]_srl32_bs_delay_gen_c_30_i_835__0_n_0
                         CARRY4 (Prop_carry4_S[3]_CO[3])
                                                      0.376    44.892 r  u_bs_datapath/u_norm_d2/phi_delay_gen[30].phi_delay_reg[31][31]_srl32_bs_delay_gen_c_30_i_606__0/CO[3]
                         net (fo=47, unplaced)        0.999    45.891    u_bs_datapath/u_norm_d2/phi_delay_gen[30].phi_delay_reg[31][31]_srl32_bs_delay_gen_c_30_i_606__0_n_0
                         LUT5 (Prop_lut5_I3_O)        0.124    46.015 r  u_bs_datapath/u_norm_d2/phi_delay_gen[30].phi_delay_reg[31][8]_srl32_bs_delay_gen_c_30_i_469__0/O
                         net (fo=1, unplaced)         0.333    46.348    u_bs_datapath/u_norm_d2/phi_delay_gen[30].phi_delay_reg[31][8]_srl32_bs_delay_gen_c_30_i_469__0_n_0
                         CARRY4 (Prop_carry4_CYINIT_CO[3])
                                                      0.595    46.943 r  u_bs_datapath/u_norm_d2/phi_delay_gen[30].phi_delay_reg[31][8]_srl32_bs_delay_gen_c_30_i_421__0/CO[3]
                         net (fo=1, unplaced)         0.000    46.943    u_bs_datapath/u_norm_d2/phi_delay_gen[30].phi_delay_reg[31][8]_srl32_bs_delay_gen_c_30_i_421__0_n_0
                         CARRY4 (Prop_carry4_CI_CO[3])
                                                      0.117    47.060 r  u_bs_datapath/u_norm_d2/phi_delay_gen[30].phi_delay_reg[31][8]_srl32_bs_delay_gen_c_30_i_455__0/CO[3]
                         net (fo=1, unplaced)         0.000    47.060    u_bs_datapath/u_norm_d2/phi_delay_gen[30].phi_delay_reg[31][8]_srl32_bs_delay_gen_c_30_i_455__0_n_0
                         CARRY4 (Prop_carry4_CI_CO[3])
                                                      0.117    47.177 r  u_bs_datapath/u_norm_d2/phi_delay_gen[30].phi_delay_reg[31][8]_srl32_bs_delay_gen_c_30_i_444__0/CO[3]
                         net (fo=1, unplaced)         0.000    47.177    u_bs_datapath/u_norm_d2/phi_delay_gen[30].phi_delay_reg[31][8]_srl32_bs_delay_gen_c_30_i_444__0_n_0
                         CARRY4 (Prop_carry4_CI_CO[3])
                                                      0.117    47.294 r  u_bs_datapath/u_norm_d2/phi_delay_gen[30].phi_delay_reg[31][31]_srl32_bs_delay_gen_c_30_i_1607__0/CO[3]
                         net (fo=1, unplaced)         0.000    47.294    u_bs_datapath/u_norm_d2/phi_delay_gen[30].phi_delay_reg[31][31]_srl32_bs_delay_gen_c_30_i_1607__0_n_0
                         CARRY4 (Prop_carry4_CI_CO[3])
                                                      0.117    47.411 r  u_bs_datapath/u_norm_d2/phi_delay_gen[30].phi_delay_reg[31][31]_srl32_bs_delay_gen_c_30_i_1239__0/CO[3]
                         net (fo=1, unplaced)         0.000    47.411    u_bs_datapath/u_norm_d2/phi_delay_gen[30].phi_delay_reg[31][31]_srl32_bs_delay_gen_c_30_i_1239__0_n_0
                         CARRY4 (Prop_carry4_CI_CO[3])
                                                      0.117    47.528 r  u_bs_datapath/u_norm_d2/phi_delay_gen[30].phi_delay_reg[31][31]_srl32_bs_delay_gen_c_30_i_989__0/CO[3]
                         net (fo=1, unplaced)         0.000    47.528    u_bs_datapath/u_norm_d2/phi_delay_gen[30].phi_delay_reg[31][31]_srl32_bs_delay_gen_c_30_i_989__0_n_0
                         CARRY4 (Prop_carry4_CI_CO[3])
                                                      0.117    47.645 r  u_bs_datapath/u_norm_d2/phi_delay_gen[30].phi_delay_reg[31][31]_srl32_bs_delay_gen_c_30_i_756__0/CO[3]
                         net (fo=1, unplaced)         0.000    47.645    u_bs_datapath/u_norm_d2/phi_delay_gen[30].phi_delay_reg[31][31]_srl32_bs_delay_gen_c_30_i_756__0_n_0
                         CARRY4 (Prop_carry4_CI_CO[3])
                                                      0.117    47.762 r  u_bs_datapath/u_norm_d2/phi_delay_gen[30].phi_delay_reg[31][31]_srl32_bs_delay_gen_c_30_i_541__0/CO[3]
                         net (fo=1, unplaced)         0.000    47.762    u_bs_datapath/u_norm_d2/phi_delay_gen[30].phi_delay_reg[31][31]_srl32_bs_delay_gen_c_30_i_541__0_n_0
                         CARRY4 (Prop_carry4_CI_CO[3])
                                                      0.117    47.879 r  u_bs_datapath/u_norm_d2/phi_delay_gen[30].phi_delay_reg[31][31]_srl32_bs_delay_gen_c_30_i_456__0/CO[3]
                         net (fo=1, unplaced)         0.000    47.879    u_bs_datapath/u_norm_d2/phi_delay_gen[30].phi_delay_reg[31][31]_srl32_bs_delay_gen_c_30_i_456__0_n_0
                         CARRY4 (Prop_carry4_CI_CO[3])
                                                      0.117    47.996 r  u_bs_datapath/u_norm_d2/phi_delay_gen[30].phi_delay_reg[31][31]_srl32_bs_delay_gen_c_30_i_441__0/CO[3]
                         net (fo=1, unplaced)         0.000    47.996    u_bs_datapath/u_norm_d2/phi_delay_gen[30].phi_delay_reg[31][31]_srl32_bs_delay_gen_c_30_i_441__0_n_0
                         CARRY4 (Prop_carry4_CI_CO[1])
                                                      0.179    48.175 r  u_bs_datapath/u_norm_d2/phi_delay_gen[30].phi_delay_reg[31][31]_srl32_bs_delay_gen_c_30_i_794__0/CO[1]
                         net (fo=6, unplaced)         0.557    48.732    u_bs_datapath/u_norm_d2/phi_delay_gen[30].phi_delay_reg[31][31]_srl32_bs_delay_gen_c_30_i_794__0_n_2
                         CARRY4 (Prop_carry4_CYINIT_CO[2])
                                                      0.840    49.572 r  u_bs_datapath/u_norm_d2/phi_delay_gen[30].phi_delay_reg[31][31]_srl32_bs_delay_gen_c_30_i_791__0/CO[2]
                         net (fo=6, unplaced)         0.368    49.940    u_bs_datapath/u_norm_d2/phi_delay_gen[30].phi_delay_reg[31][31]_srl32_bs_delay_gen_c_30_i_791__0_n_1
                         CARRY4 (Prop_carry4_CYINIT_CO[2])
                                                      0.818    50.758 r  u_bs_datapath/u_norm_d2/phi_delay_gen[30].phi_delay_reg[31][31]_srl32_bs_delay_gen_c_30_i_788__0/CO[2]
                         net (fo=6, unplaced)         0.368    51.126    u_bs_datapath/u_norm_d2/phi_delay_gen[30].phi_delay_reg[31][31]_srl32_bs_delay_gen_c_30_i_788__0_n_1
                         CARRY4 (Prop_carry4_CYINIT_CO[2])
                                                      0.818    51.944 r  u_bs_datapath/u_norm_d2/phi_delay_gen[30].phi_delay_reg[31][31]_srl32_bs_delay_gen_c_30_i_820__0/CO[2]
                         net (fo=6, unplaced)         0.368    52.312    u_bs_datapath/u_norm_d2/phi_delay_gen[30].phi_delay_reg[31][31]_srl32_bs_delay_gen_c_30_i_820__0_n_1
                         CARRY4 (Prop_carry4_CYINIT_CO[2])
                                                      0.818    53.130 r  u_bs_datapath/u_norm_d2/phi_delay_gen[30].phi_delay_reg[31][31]_srl32_bs_delay_gen_c_30_i_660__0/CO[2]
                         net (fo=6, unplaced)         0.368    53.498    u_bs_datapath/u_norm_d2/phi_delay_gen[30].phi_delay_reg[31][31]_srl32_bs_delay_gen_c_30_i_660__0_n_1
                         CARRY4 (Prop_carry4_CYINIT_CO[3])
                                                      0.781    54.279 r  u_bs_datapath/u_norm_d2/phi_delay_gen[30].phi_delay_reg[31][31]_srl32_bs_delay_gen_c_30_i_654__0/CO[3]
                         net (fo=1, unplaced)         0.000    54.279    u_bs_datapath/u_norm_d2/phi_delay_gen[30].phi_delay_reg[31][31]_srl32_bs_delay_gen_c_30_i_654__0_n_0
                         CARRY4 (Prop_carry4_CI_CO[2])
                                                      0.252    54.531 r  u_bs_datapath/u_norm_d2/phi_delay_gen[30].phi_delay_reg[31][31]_srl32_bs_delay_gen_c_30_i_478__0/CO[2]
                         net (fo=6, unplaced)         0.368    54.899    u_bs_datapath/u_norm_d2/phi_delay_gen[30].phi_delay_reg[31][31]_srl32_bs_delay_gen_c_30_i_478__0_n_1
                         CARRY4 (Prop_carry4_CYINIT_CO[2])
                                                      0.818    55.717 r  u_bs_datapath/u_norm_d2/phi_delay_gen[30].phi_delay_reg[31][31]_srl32_bs_delay_gen_c_30_i_324__0/CO[2]
                         net (fo=6, unplaced)         0.368    56.085    u_bs_datapath/u_norm_d2/phi_delay_gen[30].phi_delay_reg[31][31]_srl32_bs_delay_gen_c_30_i_324__0_n_1
                         CARRY4 (Prop_carry4_CYINIT_CO[2])
                                                      0.818    56.903 f  u_bs_datapath/u_norm_d2/phi_delay_gen[30].phi_delay_reg[31][31]_srl32_bs_delay_gen_c_30_i_320__0/CO[2]
                         net (fo=6, unplaced)         0.484    57.387    u_bs_datapath/u_norm_d2/phi_delay_gen[30].phi_delay_reg[31][31]_srl32_bs_delay_gen_c_30_i_320__0_n_1
                         LUT2 (Prop_lut2_I1_O)        0.302    57.689 r  u_bs_datapath/u_norm_d2/phi_delay_gen[30].phi_delay_reg[31][31]_srl32_bs_delay_gen_c_30_i_517__0/O
                         net (fo=1, unplaced)         0.449    58.138    u_bs_datapath/u_norm_d2/exp_approx_var3__0[62]
                         LUT6 (Prop_lut6_I0_O)        0.124    58.262 r  u_bs_datapath/u_norm_d2/phi_delay_gen[30].phi_delay_reg[31][31]_srl32_bs_delay_gen_c_30_i_328__0/O
                         net (fo=1, unplaced)         0.449    58.711    u_bs_datapath/u_norm_d2/phi_delay_gen[30].phi_delay_reg[31][31]_srl32_bs_delay_gen_c_30_i_328__0_n_0
                         LUT6 (Prop_lut6_I1_O)        0.124    58.835 r  u_bs_datapath/u_norm_d2/phi_delay_gen[30].phi_delay_reg[31][31]_srl32_bs_delay_gen_c_30_i_203__0/O
                         net (fo=1, unplaced)         0.000    58.835    u_bs_datapath/u_norm_d2/phi_delay_gen[30].phi_delay_reg[31][31]_srl32_bs_delay_gen_c_30_i_203__0_n_0
                         CARRY4 (Prop_carry4_S[0]_O[3])
                                                      0.608    59.443 f  u_bs_datapath/u_norm_d2/phi_delay_gen[30].phi_delay_reg[31][31]_srl32_bs_delay_gen_c_30_i_91__0/O[3]
                         net (fo=390, unplaced)       0.752    60.195    u_bs_datapath/u_norm_d2/exp_approx_var2[63]
                         LUT2 (Prop_lut2_I1_O)        0.307    60.502 r  u_bs_datapath/u_norm_d2/phi_delay_gen[30].phi_delay_reg[31][8]_srl32_bs_delay_gen_c_30_i_272__0/O
                         net (fo=1, unplaced)         0.000    60.502    u_bs_datapath/u_norm_d2/exp_approx_var[0]
                         CARRY4 (Prop_carry4_S[1]_CO[3])
                                                      0.533    61.035 r  u_bs_datapath/u_norm_d2/phi_delay_gen[30].phi_delay_reg[31][8]_srl32_bs_delay_gen_c_30_i_176__0/CO[3]
                         net (fo=1, unplaced)         0.000    61.035    u_bs_datapath/u_norm_d2/phi_delay_gen[30].phi_delay_reg[31][8]_srl32_bs_delay_gen_c_30_i_176__0_n_0
                         CARRY4 (Prop_carry4_CI_CO[3])
                                                      0.117    61.152 r  u_bs_datapath/u_norm_d2/phi_delay_gen[30].phi_delay_reg[31][8]_srl32_bs_delay_gen_c_30_i_171__0/CO[3]
                         net (fo=1, unplaced)         0.000    61.152    u_bs_datapath/u_norm_d2/phi_delay_gen[30].phi_delay_reg[31][8]_srl32_bs_delay_gen_c_30_i_171__0_n_0
                         CARRY4 (Prop_carry4_CI_O[0])
                                                      0.232    61.384 r  u_bs_datapath/u_norm_d2/phi_delay_gen[30].phi_delay_reg[31][8]_srl32_bs_delay_gen_c_30_i_160__0/O[0]
                         net (fo=2, unplaced)         0.752    62.136    u_bs_datapath/u_norm_d2/phi_delay_gen[30].phi_delay_reg[31][8]_srl32_bs_delay_gen_c_30_i_160__0_n_7
                         LUT3 (Prop_lut3_I0_O)        0.295    62.431 r  u_bs_datapath/u_norm_d2/phi_delay_gen[30].phi_delay_reg[31][8]_srl32_bs_delay_gen_c_30_i_77__0/O
                         net (fo=2, unplaced)         0.650    63.081    u_bs_datapath/u_norm_d2/phi_delay_gen[30].phi_delay_reg[31][8]_srl32_bs_delay_gen_c_30_i_77__0_n_0
                         CARRY4 (Prop_carry4_DI[1]_CO[3])
                                                      0.520    63.601 r  u_bs_datapath/u_norm_d2/phi_delay_gen[30].phi_delay_reg[31][8]_srl32_bs_delay_gen_c_30_i_39__0/CO[3]
                         net (fo=1, unplaced)         0.000    63.601    u_bs_datapath/u_norm_d2/phi_delay_gen[30].phi_delay_reg[31][8]_srl32_bs_delay_gen_c_30_i_39__0_n_0
                         CARRY4 (Prop_carry4_CI_O[0])
                                                      0.232    63.833 r  u_bs_datapath/u_norm_d2/phi_delay_gen[30].phi_delay_reg[31][8]_srl32_bs_delay_gen_c_30_i_36__0/O[0]
                         net (fo=2, unplaced)         0.752    64.585    u_bs_datapath/u_norm_d2/phi_delay_gen[30].phi_delay_reg[31][8]_srl32_bs_delay_gen_c_30_i_36__0_n_7
                         LUT3 (Prop_lut3_I0_O)        0.295    64.880 r  u_bs_datapath/u_norm_d2/phi_delay_gen[30].phi_delay_reg[31][8]_srl32_bs_delay_gen_c_30_i_14__0/O
                         net (fo=2, unplaced)         0.650    65.530    u_bs_datapath/u_norm_d2/phi_delay_gen[30].phi_delay_reg[31][8]_srl32_bs_delay_gen_c_30_i_14__0_n_0
                         CARRY4 (Prop_carry4_DI[1]_CO[3])
                                                      0.520    66.050 r  u_bs_datapath/u_norm_d2/phi_delay_gen[30].phi_delay_reg[31][8]_srl32_bs_delay_gen_c_30_i_9__0/CO[3]
                         net (fo=1, unplaced)         0.000    66.050    u_bs_datapath/u_norm_d2/phi_delay_gen[30].phi_delay_reg[31][8]_srl32_bs_delay_gen_c_30_i_9__0_n_0
                         CARRY4 (Prop_carry4_CI_O[1])
                                                      0.337    66.387 r  u_bs_datapath/u_norm_d2/phi_delay_gen[30].phi_delay_reg[31][16]_srl32_bs_delay_gen_c_30_i_14__0/O[1]
                         net (fo=1, unplaced)         0.715    67.102    u_bs_datapath/u_norm_d2/phi_delay_gen[30].phi_delay_reg[31][16]_srl32_bs_delay_gen_c_30_i_14__0_n_6
                         CARRY4 (Prop_carry4_S[1]_CO[3])
                                                      0.839    67.941 r  u_bs_datapath/u_norm_d2/phi_delay_gen[30].phi_delay_reg[31][16]_srl32_bs_delay_gen_c_30_i_8__0/CO[3]
                         net (fo=1, unplaced)         0.000    67.941    u_bs_datapath/u_norm_d2/phi_delay_gen[30].phi_delay_reg[31][16]_srl32_bs_delay_gen_c_30_i_8__0_n_0
                         CARRY4 (Prop_carry4_CI_O[3])
                                                      0.331    68.272 r  u_bs_datapath/u_norm_d2/phi_delay_gen[30].phi_delay_reg[31][20]_srl32_bs_delay_gen_c_30_i_8__0/O[3]
                         net (fo=2, unplaced)         0.629    68.901    u_bs_datapath/u_norm_d2/PCIN__8[43]
                         LUT2 (Prop_lut2_I0_O)        0.307    69.208 r  u_bs_datapath/u_norm_d2/phi_delay_gen[30].phi_delay_reg[31][20]_srl32_bs_delay_gen_c_30_i_10__0/O
                         net (fo=1, unplaced)         0.000    69.208    u_bs_datapath/u_norm_d2/phi_delay_gen[30].phi_delay_reg[31][20]_srl32_bs_delay_gen_c_30_i_10__0_n_0
                         CARRY4 (Prop_carry4_S[2]_CO[3])
                                                      0.380    69.588 r  u_bs_datapath/u_norm_d2/phi_delay_gen[30].phi_delay_reg[31][20]_srl32_bs_delay_gen_c_30_i_3__0/CO[3]
                         net (fo=1, unplaced)         0.000    69.588    u_bs_datapath/u_norm_d2/phi_delay_gen[30].phi_delay_reg[31][20]_srl32_bs_delay_gen_c_30_i_3__0_n_0
                         CARRY4 (Prop_carry4_CI_O[3])
                                                      0.331    69.919 r  u_bs_datapath/u_norm_d2/phi_delay_gen[30].phi_delay_reg[31][24]_srl32_bs_delay_gen_c_30_i_3__0/O[3]
                         net (fo=2, unplaced)         0.629    70.548    u_bs_datapath/u_norm_d2/phi_delay_gen[30].phi_delay_reg[31][24]_srl32_bs_delay_gen_c_30_i_3__0_n_4
                         LUT2 (Prop_lut2_I0_O)        0.307    70.855 r  u_bs_datapath/u_norm_d2/phi_delay_gen[30].phi_delay_reg[31][24]_srl32_bs_delay_gen_c_30_i_4__0/O
                         net (fo=1, unplaced)         0.000    70.855    u_bs_datapath/u_norm_d2/phi_delay_gen[30].phi_delay_reg[31][24]_srl32_bs_delay_gen_c_30_i_4__0_n_0
                         CARRY4 (Prop_carry4_S[3]_CO[3])
                                                      0.376    71.231 r  u_bs_datapath/u_norm_d2/phi_delay_gen[30].phi_delay_reg[31][24]_srl32_bs_delay_gen_c_30_i_2__0/CO[3]
                         net (fo=1, unplaced)         0.000    71.231    u_bs_datapath/u_norm_d2/phi_delay_gen[30].phi_delay_reg[31][24]_srl32_bs_delay_gen_c_30_i_2__0_n_0
                         CARRY4 (Prop_carry4_CI_O[3])
                                                      0.331    71.562 r  u_bs_datapath/u_norm_d2/phi_delay_gen[30].phi_delay_reg[31][28]_srl32_bs_delay_gen_c_30_i_2__0/O[3]
                         net (fo=1, unplaced)         0.618    72.180    u_bs_datapath/u_norm_d2/phi_delay_gen[30].phi_delay_reg[31][28]_srl32_bs_delay_gen_c_30_i_2__0_n_4
                         LUT2 (Prop_lut2_I0_O)        0.307    72.487 r  u_bs_datapath/u_norm_d2/phi_delay_gen[30].phi_delay_reg[31][28]_srl32_bs_delay_gen_c_30_i_1__0/O
                         net (fo=1, unplaced)         0.333    72.820    u_bs_datapath/u_norm_d2/phi_delay_gen[30].phi_delay_reg[31][28]_srl32_bs_delay_gen_c_30_i_1__0_n_0
                         SRLC32E                                      r  u_bs_datapath/u_norm_d2/phi_delay_gen[30].phi_delay_reg[31][28]_srl32_bs_delay_gen_c_30/D
  -------------------------------------------------------------------    -------------------

                         (clock clk rise edge)        4.000     4.000 r  
                                                      0.000     4.000 r  clk (IN)
                         net (fo=20254, unset)        0.924     4.924    u_bs_datapath/u_norm_d2/clk
                         SRLC32E                                      r  u_bs_datapath/u_norm_d2/phi_delay_gen[30].phi_delay_reg[31][28]_srl32_bs_delay_gen_c_30/CLK
                         clock pessimism              0.000     4.924    
                         clock uncertainty           -0.035     4.889    
                         SRLC32E (Setup_srlc32e_CLK_D)
                                                     -0.030     4.859    u_bs_datapath/u_norm_d2/phi_delay_gen[30].phi_delay_reg[31][28]_srl32_bs_delay_gen_c_30
  -------------------------------------------------------------------
                         required time                          4.859    
                         arrival time                         -72.820    
  -------------------------------------------------------------------
                         slack                                -67.961    

Slack (VIOLATED) :        -67.844ns  (required time - arrival time)
  Source:                 u_bs_datapath/u_norm_d1/x2_half1_reg[2]/C
                            (rising edge-triggered cell FDCE clocked by clk  {rise@0.000ns fall@2.000ns period=4.000ns})
  Destination:            u_bs_datapath/u_norm_d1/phi_delay_gen[30].phi_delay_reg[31][24]_srl32_bs_delay_gen_c_30/D
                            (rising edge-triggered cell SRLC32E clocked by clk  {rise@0.000ns fall@2.000ns period=4.000ns})
  Path Group:             clk
  Path Type:              Setup (Max at Slow Process Corner)
  Requirement:            4.000ns  (clk rise@4.000ns - clk rise@0.000ns)
  Data Path Delay:        71.730ns  (logic 38.919ns (54.258%)  route 32.811ns (45.742%))
  Logic Levels:           114  (CARRY4=81 LUT1=1 LUT2=8 LUT3=10 LUT4=5 LUT5=3 LUT6=6)
  Clock Path Skew:        -0.049ns (DCD - SCD + CPR)
    Destination Clock Delay (DCD):    0.924ns = ( 4.924 - 4.000 ) 
    Source Clock Delay      (SCD):    0.973ns
    Clock Pessimism Removal (CPR):    0.000ns
  Clock Uncertainty:      0.035ns  ((TSJ^2 + TIJ^2)^1/2 + DJ) / 2 + PE
    Total System Jitter     (TSJ):    0.071ns
    Total Input Jitter      (TIJ):    0.000ns
    Discrete Jitter          (DJ):    0.000ns
    Phase Error              (PE):    0.000ns

    Location             Delay type                Incr(ns)  Path(ns)    Netlist Resource(s)
  -------------------------------------------------------------------    -------------------
                         (clock clk rise edge)        0.000     0.000 r  
                                                      0.000     0.000 r  clk (IN)
                         net (fo=20254, unset)        0.973     0.973    u_bs_datapath/u_norm_d1/clk
                         FDCE                                         r  u_bs_datapath/u_norm_d1/x2_half1_reg[2]/C
  -------------------------------------------------------------------    -------------------
                         FDCE (Prop_fdce_C_Q)         0.518     1.491 r  u_bs_datapath/u_norm_d1/x2_half1_reg[2]/Q
                         net (fo=183, unplaced)       1.080     2.571    u_bs_datapath/u_norm_d1/x2_half1[2]
                         LUT6 (Prop_lut6_I0_O)        0.295     2.866 r  u_bs_datapath/u_norm_d1/phi_delay_gen[30].phi_delay_reg[31][8]_srl32_bs_delay_gen_c_30_i_2283/O
                         net (fo=1, unplaced)         0.639     3.505    u_bs_datapath/u_norm_d1/phi_delay_gen[30].phi_delay_reg[31][8]_srl32_bs_delay_gen_c_30_i_2283_n_0
                         CARRY4 (Prop_carry4_DI[1]_O[3])
                                                      0.629     4.134 r  u_bs_datapath/u_norm_d1/phi_delay_gen[30].phi_delay_reg[31][8]_srl32_bs_delay_gen_c_30_i_2053/O[3]
                         net (fo=2, unplaced)         0.629     4.763    u_bs_datapath/u_norm_d1/phi_delay_gen[30].phi_delay_reg[31][8]_srl32_bs_delay_gen_c_30_i_2053_n_4
                         LUT3 (Prop_lut3_I2_O)        0.307     5.070 r  u_bs_datapath/u_norm_d1/phi_delay_gen[30].phi_delay_reg[31][8]_srl32_bs_delay_gen_c_30_i_1819/O
                         net (fo=2, unplaced)         0.460     5.530    u_bs_datapath/u_norm_d1/phi_delay_gen[30].phi_delay_reg[31][8]_srl32_bs_delay_gen_c_30_i_1819_n_0
                         LUT4 (Prop_lut4_I3_O)        0.124     5.654 r  u_bs_datapath/u_norm_d1/phi_delay_gen[30].phi_delay_reg[31][8]_srl32_bs_delay_gen_c_30_i_1823/O
                         net (fo=1, unplaced)         0.000     5.654    u_bs_datapath/u_norm_d1/phi_delay_gen[30].phi_delay_reg[31][8]_srl32_bs_delay_gen_c_30_i_1823_n_0
                         CARRY4 (Prop_carry4_S[0]_CO[3])
                                                      0.513     6.167 r  u_bs_datapath/u_norm_d1/phi_delay_gen[30].phi_delay_reg[31][8]_srl32_bs_delay_gen_c_30_i_1578/CO[3]
                         net (fo=1, unplaced)         0.000     6.167    u_bs_datapath/u_norm_d1/phi_delay_gen[30].phi_delay_reg[31][8]_srl32_bs_delay_gen_c_30_i_1578_n_0
                         CARRY4 (Prop_carry4_CI_O[1])
                                                      0.337     6.504 r  u_bs_datapath/u_norm_d1/phi_delay_gen[30].phi_delay_reg[31][8]_srl32_bs_delay_gen_c_30_i_1256/O[1]
                         net (fo=2, unplaced)         0.622     7.126    u_bs_datapath/u_norm_d1/phi_delay_gen[30].phi_delay_reg[31][8]_srl32_bs_delay_gen_c_30_i_1256_n_6
                         LUT3 (Prop_lut3_I0_O)        0.306     7.432 r  u_bs_datapath/u_norm_d1/phi_delay_gen[30].phi_delay_reg[31][8]_srl32_bs_delay_gen_c_30_i_1233/O
                         net (fo=2, unplaced)         0.460     7.892    u_bs_datapath/u_norm_d1/phi_delay_gen[30].phi_delay_reg[31][8]_srl32_bs_delay_gen_c_30_i_1233_n_0
                         LUT4 (Prop_lut4_I3_O)        0.124     8.016 r  u_bs_datapath/u_norm_d1/phi_delay_gen[30].phi_delay_reg[31][8]_srl32_bs_delay_gen_c_30_i_1237/O
                         net (fo=1, unplaced)         0.000     8.016    u_bs_datapath/u_norm_d1/phi_delay_gen[30].phi_delay_reg[31][8]_srl32_bs_delay_gen_c_30_i_1237_n_0
                         CARRY4 (Prop_carry4_S[2]_CO[3])
                                                      0.380     8.396 r  u_bs_datapath/u_norm_d1/phi_delay_gen[30].phi_delay_reg[31][8]_srl32_bs_delay_gen_c_30_i_896/CO[3]
                         net (fo=1, unplaced)         0.000     8.396    u_bs_datapath/u_norm_d1/phi_delay_gen[30].phi_delay_reg[31][8]_srl32_bs_delay_gen_c_30_i_896_n_0
                         CARRY4 (Prop_carry4_CI_O[1])
                                                      0.337     8.733 r  u_bs_datapath/u_norm_d1/phi_delay_gen[30].phi_delay_reg[31][8]_srl32_bs_delay_gen_c_30_i_689/O[1]
                         net (fo=1, unplaced)         0.715     9.448    u_bs_datapath/u_norm_d1/phi_delay_gen[30].phi_delay_reg[31][8]_srl32_bs_delay_gen_c_30_i_689_n_6
                         CARRY4 (Prop_carry4_S[1]_CO[3])
                                                      0.839    10.287 r  u_bs_datapath/u_norm_d1/phi_delay_gen[30].phi_delay_reg[31][8]_srl32_bs_delay_gen_c_30_i_527/CO[3]
                         net (fo=1, unplaced)         0.000    10.287    u_bs_datapath/u_norm_d1/phi_delay_gen[30].phi_delay_reg[31][8]_srl32_bs_delay_gen_c_30_i_527_n_0
                         CARRY4 (Prop_carry4_CI_O[0])
                                                      0.232    10.519 r  u_bs_datapath/u_norm_d1/phi_delay_gen[30].phi_delay_reg[31][8]_srl32_bs_delay_gen_c_30_i_522/O[0]
                         net (fo=2, unplaced)         0.657    11.176    u_bs_datapath/u_norm_d1/PCIN__2_1[24]
                         CARRY4 (Prop_carry4_DI[3]_CO[3])
                                                      0.567    11.743 r  u_bs_datapath/u_norm_d1/phi_delay_gen[30].phi_delay_reg[31][8]_srl32_bs_delay_gen_c_30_i_438/CO[3]
                         net (fo=1, unplaced)         0.000    11.743    u_bs_datapath/u_norm_d1/phi_delay_gen[30].phi_delay_reg[31][8]_srl32_bs_delay_gen_c_30_i_438_n_0
                         CARRY4 (Prop_carry4_CI_O[3])
                                                      0.331    12.074 r  u_bs_datapath/u_norm_d1/phi_delay_gen[30].phi_delay_reg[31][8]_srl32_bs_delay_gen_c_30_i_437/O[3]
                         net (fo=2, unplaced)         0.629    12.703    u_bs_datapath/u_norm_d1/phi_delay_gen[30].phi_delay_reg[31][8]_srl32_bs_delay_gen_c_30_i_437_n_4
                         LUT2 (Prop_lut2_I0_O)        0.307    13.010 r  u_bs_datapath/u_norm_d1/phi_delay_gen[30].phi_delay_reg[31][8]_srl32_bs_delay_gen_c_30_i_463/O
                         net (fo=1, unplaced)         0.000    13.010    u_bs_datapath/u_norm_d1/phi_delay_gen[30].phi_delay_reg[31][8]_srl32_bs_delay_gen_c_30_i_463_n_0
                         CARRY4 (Prop_carry4_S[0]_CO[3])
                                                      0.513    13.523 r  u_bs_datapath/u_norm_d1/phi_delay_gen[30].phi_delay_reg[31][8]_srl32_bs_delay_gen_c_30_i_406/CO[3]
                         net (fo=1, unplaced)         0.000    13.523    u_bs_datapath/u_norm_d1/phi_delay_gen[30].phi_delay_reg[31][8]_srl32_bs_delay_gen_c_30_i_406_n_0
                         CARRY4 (Prop_carry4_CI_O[2])
                                                      0.256    13.779 r  u_bs_datapath/u_norm_d1/phi_delay_gen[30].phi_delay_reg[31][8]_srl32_bs_delay_gen_c_30_i_395/O[2]
                         net (fo=201, unplaced)       1.231    15.010    u_bs_datapath/u_norm_d1/phi_delay_gen[30].phi_delay_reg[31][8]_srl32_bs_delay_gen_c_30_i_395_n_5
                         LUT6 (Prop_lut6_I2_O)        0.301    15.311 r  u_bs_datapath/u_norm_d1/phi_delay_gen[30].phi_delay_reg[31][31]_srl32_bs_delay_gen_c_30_i_6876/O
                         net (fo=2, unplaced)         0.913    16.224    u_bs_datapath/u_norm_d1/phi_delay_gen[30].phi_delay_reg[31][31]_srl32_bs_delay_gen_c_30_i_6876_n_0
                         LUT6 (Prop_lut6_I0_O)        0.124    16.348 r  u_bs_datapath/u_norm_d1/phi_delay_gen[30].phi_delay_reg[31][31]_srl32_bs_delay_gen_c_30_i_6880/O
                         net (fo=1, unplaced)         0.000    16.348    u_bs_datapath/u_norm_d1/phi_delay_gen[30].phi_delay_reg[31][31]_srl32_bs_delay_gen_c_30_i_6880_n_0
                         CARRY4 (Prop_carry4_S[1]_CO[3])
                                                      0.533    16.881 r  u_bs_datapath/u_norm_d1/phi_delay_gen[30].phi_delay_reg[31][31]_srl32_bs_delay_gen_c_30_i_6245/CO[3]
                         net (fo=1, unplaced)         0.000    16.881    u_bs_datapath/u_norm_d1/phi_delay_gen[30].phi_delay_reg[31][31]_srl32_bs_delay_gen_c_30_i_6245_n_0
                         CARRY4 (Prop_carry4_CI_O[0])
                                                      0.232    17.113 r  u_bs_datapath/u_norm_d1/phi_delay_gen[30].phi_delay_reg[31][31]_srl32_bs_delay_gen_c_30_i_5442/O[0]
                         net (fo=2, unplaced)         0.752    17.865    u_bs_datapath/u_norm_d1/phi_delay_gen[30].phi_delay_reg[31][31]_srl32_bs_delay_gen_c_30_i_5442_n_7
                         LUT3 (Prop_lut3_I1_O)        0.295    18.160 r  u_bs_datapath/u_norm_d1/phi_delay_gen[30].phi_delay_reg[31][31]_srl32_bs_delay_gen_c_30_i_5417/O
                         net (fo=2, unplaced)         0.650    18.810    u_bs_datapath/u_norm_d1/phi_delay_gen[30].phi_delay_reg[31][31]_srl32_bs_delay_gen_c_30_i_5417_n_0
                         CARRY4 (Prop_carry4_DI[1]_O[3])
                                                      0.629    19.439 r  u_bs_datapath/u_norm_d1/phi_delay_gen[30].phi_delay_reg[31][31]_srl32_bs_delay_gen_c_30_i_4479/O[3]
                         net (fo=2, unplaced)         0.629    20.068    u_bs_datapath/u_norm_d1/phi_delay_gen[30].phi_delay_reg[31][31]_srl32_bs_delay_gen_c_30_i_4479_n_4
                         LUT3 (Prop_lut3_I0_O)        0.307    20.375 r  u_bs_datapath/u_norm_d1/phi_delay_gen[30].phi_delay_reg[31][31]_srl32_bs_delay_gen_c_30_i_3627/O
                         net (fo=2, unplaced)         0.460    20.835    u_bs_datapath/u_norm_d1/phi_delay_gen[30].phi_delay_reg[31][31]_srl32_bs_delay_gen_c_30_i_3627_n_0
                         LUT4 (Prop_lut4_I3_O)        0.124    20.959 r  u_bs_datapath/u_norm_d1/phi_delay_gen[30].phi_delay_reg[31][31]_srl32_bs_delay_gen_c_30_i_3631/O
                         net (fo=1, unplaced)         0.000    20.959    u_bs_datapath/u_norm_d1/phi_delay_gen[30].phi_delay_reg[31][31]_srl32_bs_delay_gen_c_30_i_3631_n_0
                         CARRY4 (Prop_carry4_S[0]_CO[3])
                                                      0.513    21.472 r  u_bs_datapath/u_norm_d1/phi_delay_gen[30].phi_delay_reg[31][31]_srl32_bs_delay_gen_c_30_i_2782/CO[3]
                         net (fo=1, unplaced)         0.000    21.472    u_bs_datapath/u_norm_d1/phi_delay_gen[30].phi_delay_reg[31][31]_srl32_bs_delay_gen_c_30_i_2782_n_0
                         CARRY4 (Prop_carry4_CI_O[1])
                                                      0.337    21.809 r  u_bs_datapath/u_norm_d1/phi_delay_gen[30].phi_delay_reg[31][31]_srl32_bs_delay_gen_c_30_i_2010/O[1]
                         net (fo=11, unplaced)        0.761    22.570    u_bs_datapath/u_norm_d1/phi_delay_gen[30].phi_delay_reg[31][31]_srl32_bs_delay_gen_c_30_i_2010_n_6
                         CARRY4 (Prop_carry4_S[1]_CO[3])
                                                      0.839    23.409 r  u_bs_datapath/u_norm_d1/phi_delay_gen[30].phi_delay_reg[31][31]_srl32_bs_delay_gen_c_30_i_2759/CO[3]
                         net (fo=1, unplaced)         0.000    23.409    u_bs_datapath/u_norm_d1/phi_delay_gen[30].phi_delay_reg[31][31]_srl32_bs_delay_gen_c_30_i_2759_n_0
                         CARRY4 (Prop_carry4_CI_O[3])
                                                      0.331    23.740 r  u_bs_datapath/u_norm_d1/phi_delay_gen[30].phi_delay_reg[31][31]_srl32_bs_delay_gen_c_30_i_1995/O[3]
                         net (fo=2, unplaced)         0.629    24.369    u_bs_datapath/u_norm_d1/PCIN__6[43]
                         LUT2 (Prop_lut2_I0_O)        0.307    24.676 r  u_bs_datapath/u_norm_d1/phi_delay_gen[30].phi_delay_reg[31][31]_srl32_bs_delay_gen_c_30_i_1997/O
                         net (fo=1, unplaced)         0.000    24.676    u_bs_datapath/u_norm_d1/phi_delay_gen[30].phi_delay_reg[31][31]_srl32_bs_delay_gen_c_30_i_1997_n_0
                         CARRY4 (Prop_carry4_S[2]_CO[3])
                                                      0.380    25.056 r  u_bs_datapath/u_norm_d1/phi_delay_gen[30].phi_delay_reg[31][31]_srl32_bs_delay_gen_c_30_i_1525/CO[3]
                         net (fo=1, unplaced)         0.000    25.056    u_bs_datapath/u_norm_d1/phi_delay_gen[30].phi_delay_reg[31][31]_srl32_bs_delay_gen_c_30_i_1525_n_0
                         CARRY4 (Prop_carry4_CI_CO[3])
                                                      0.117    25.173 r  u_bs_datapath/u_norm_d1/phi_delay_gen[30].phi_delay_reg[31][31]_srl32_bs_delay_gen_c_30_i_1173/CO[3]
                         net (fo=1, unplaced)         0.000    25.173    u_bs_datapath/u_norm_d1/phi_delay_gen[30].phi_delay_reg[31][31]_srl32_bs_delay_gen_c_30_i_1173_n_0
                         CARRY4 (Prop_carry4_CI_CO[3])
                                                      0.117    25.290 r  u_bs_datapath/u_norm_d1/phi_delay_gen[30].phi_delay_reg[31][31]_srl32_bs_delay_gen_c_30_i_1172/CO[3]
                         net (fo=1, unplaced)         0.000    25.290    u_bs_datapath/u_norm_d1/phi_delay_gen[30].phi_delay_reg[31][31]_srl32_bs_delay_gen_c_30_i_1172_n_0
                         CARRY4 (Prop_carry4_CI_CO[3])
                                                      0.117    25.407 r  u_bs_datapath/u_norm_d1/phi_delay_gen[30].phi_delay_reg[31][31]_srl32_bs_delay_gen_c_30_i_960/CO[3]
                         net (fo=1, unplaced)         0.000    25.407    u_bs_datapath/u_norm_d1/phi_delay_gen[30].phi_delay_reg[31][31]_srl32_bs_delay_gen_c_30_i_960_n_0
                         CARRY4 (Prop_carry4_CI_O[1])
                                                      0.337    25.744 r  u_bs_datapath/u_norm_d1/phi_delay_gen[30].phi_delay_reg[31][31]_srl32_bs_delay_gen_c_30_i_713/O[1]
                         net (fo=2, unplaced)         0.622    26.366    u_bs_datapath/u_norm_d1/phi_delay_gen[30].phi_delay_reg[31][31]_srl32_bs_delay_gen_c_30_i_713_n_6
                         LUT3 (Prop_lut3_I0_O)        0.306    26.672 r  u_bs_datapath/u_norm_d1/phi_delay_gen[30].phi_delay_reg[31][31]_srl32_bs_delay_gen_c_30_i_702/O
                         net (fo=2, unplaced)         0.460    27.132    u_bs_datapath/u_norm_d1/phi_delay_gen[30].phi_delay_reg[31][31]_srl32_bs_delay_gen_c_30_i_702_n_0
                         LUT4 (Prop_lut4_I3_O)        0.124    27.256 r  u_bs_datapath/u_norm_d1/phi_delay_gen[30].phi_delay_reg[31][31]_srl32_bs_delay_gen_c_30_i_706/O
                         net (fo=1, unplaced)         0.000    27.256    u_bs_datapath/u_norm_d1/phi_delay_gen[30].phi_delay_reg[31][31]_srl32_bs_delay_gen_c_30_i_706_n_0
                         CARRY4 (Prop_carry4_S[3]_CO[3])
                                                      0.376    27.632 r  u_bs_datapath/u_norm_d1/phi_delay_gen[30].phi_delay_reg[31][31]_srl32_bs_delay_gen_c_30_i_503/CO[3]
                         net (fo=1, unplaced)         0.000    27.632    u_bs_datapath/u_norm_d1/phi_delay_gen[30].phi_delay_reg[31][31]_srl32_bs_delay_gen_c_30_i_503_n_0
                         CARRY4 (Prop_carry4_CI_O[3])
                                                      0.331    27.963 f  u_bs_datapath/u_norm_d1/phi_delay_gen[30].phi_delay_reg[31][31]_srl32_bs_delay_gen_c_30_i_319/O[3]
                         net (fo=772, unplaced)       0.758    28.721    u_bs_datapath/u_norm_d1/exp_approx_var5
                         LUT1 (Prop_lut1_I0_O)        0.307    29.028 r  u_bs_datapath/u_norm_d1/phi_delay_gen[30].phi_delay_reg[31][31]_srl32_bs_delay_gen_c_30_i_717/O
                         net (fo=1, unplaced)         0.000    29.028    u_bs_datapath/u_norm_d1/phi_delay_gen[30].phi_delay_reg[31][31]_srl32_bs_delay_gen_c_30_i_717_n_0
                         CARRY4 (Prop_carry4_S[2]_CO[3])
                                                      0.380    29.408 f  u_bs_datapath/u_norm_d1/phi_delay_gen[30].phi_delay_reg[31][31]_srl32_bs_delay_gen_c_30_i_513/CO[3]
                         net (fo=27, unplaced)        0.985    30.393    u_bs_datapath/u_norm_d1/phi_delay_gen[30].phi_delay_reg[31][31]_srl32_bs_delay_gen_c_30_i_513_n_0
                         LUT2 (Prop_lut2_I1_O)        0.124    30.517 r  u_bs_datapath/u_norm_d1/phi_delay_gen[30].phi_delay_reg[31][31]_srl32_bs_delay_gen_c_30_i_322/O
                         net (fo=275, unplaced)       0.574    31.091    u_bs_datapath/u_norm_d1/phi_delay_gen[30].phi_delay_reg[31][31]_srl32_bs_delay_gen_c_30_i_322_n_0
                         LUT5 (Prop_lut5_I4_O)        0.124    31.215 r  u_bs_datapath/u_norm_d1/phi_delay_gen[30].phi_delay_reg[31][31]_srl32_bs_delay_gen_c_30_i_1082/O
                         net (fo=20, unplaced)        0.699    31.914    u_bs_datapath/u_norm_d1/phi_delay_gen[30].phi_delay_reg[31][31]_srl32_bs_delay_gen_c_30_i_1082_n_0
                         CARRY4 (Prop_carry4_DI[1]_O[3])
                                                      0.629    32.543 r  u_bs_datapath/u_norm_d1/phi_delay_gen[30].phi_delay_reg[31][8]_srl32_bs_delay_gen_c_30_i_1917/O[3]
                         net (fo=2, unplaced)         0.629    33.172    u_bs_datapath/u_norm_d1/phi_delay_gen[30].phi_delay_reg[31][8]_srl32_bs_delay_gen_c_30_i_1917_n_4
                         LUT3 (Prop_lut3_I2_O)        0.307    33.479 r  u_bs_datapath/u_norm_d1/phi_delay_gen[30].phi_delay_reg[31][8]_srl32_bs_delay_gen_c_30_i_1680/O
                         net (fo=2, unplaced)         0.460    33.939    u_bs_datapath/u_norm_d1/phi_delay_gen[30].phi_delay_reg[31][8]_srl32_bs_delay_gen_c_30_i_1680_n_0
                         LUT4 (Prop_lut4_I3_O)        0.124    34.063 r  u_bs_datapath/u_norm_d1/phi_delay_gen[30].phi_delay_reg[31][8]_srl32_bs_delay_gen_c_30_i_1684/O
                         net (fo=1, unplaced)         0.000    34.063    u_bs_datapath/u_norm_d1/phi_delay_gen[30].phi_delay_reg[31][8]_srl32_bs_delay_gen_c_30_i_1684_n_0
                         CARRY4 (Prop_carry4_S[2]_CO[3])
                                                      0.380    34.443 r  u_bs_datapath/u_norm_d1/phi_delay_gen[30].phi_delay_reg[31][8]_srl32_bs_delay_gen_c_30_i_1374/CO[3]
                         net (fo=1, unplaced)         0.000    34.443    u_bs_datapath/u_norm_d1/phi_delay_gen[30].phi_delay_reg[31][8]_srl32_bs_delay_gen_c_30_i_1374_n_0
                         CARRY4 (Prop_carry4_CI_CO[3])
                                                      0.117    34.560 r  u_bs_datapath/u_norm_d1/phi_delay_gen[30].phi_delay_reg[31][8]_srl32_bs_delay_gen_c_30_i_1018/CO[3]
                         net (fo=1, unplaced)         0.000    34.560    u_bs_datapath/u_norm_d1/phi_delay_gen[30].phi_delay_reg[31][8]_srl32_bs_delay_gen_c_30_i_1018_n_0
                         CARRY4 (Prop_carry4_CI_CO[3])
                                                      0.117    34.677 r  u_bs_datapath/u_norm_d1/phi_delay_gen[30].phi_delay_reg[31][8]_srl32_bs_delay_gen_c_30_i_780/CO[3]
                         net (fo=1, unplaced)         0.000    34.677    u_bs_datapath/u_norm_d1/phi_delay_gen[30].phi_delay_reg[31][8]_srl32_bs_delay_gen_c_30_i_780_n_0
                         CARRY4 (Prop_carry4_CI_O[3])
                                                      0.331    35.008 r  u_bs_datapath/u_norm_d1/phi_delay_gen[30].phi_delay_reg[31][8]_srl32_bs_delay_gen_c_30_i_612/O[3]
                         net (fo=3, unplaced)         0.636    35.644    u_bs_datapath/u_norm_d1/phi_delay_gen[30].phi_delay_reg[31][8]_srl32_bs_delay_gen_c_30_i_612_n_4
                         LUT3 (Prop_lut3_I0_O)        0.307    35.951 r  u_bs_datapath/u_norm_d1/phi_delay_gen[30].phi_delay_reg[31][8]_srl32_bs_delay_gen_c_30_i_774/O
                         net (fo=2, unplaced)         0.460    36.411    u_bs_datapath/u_norm_d1/phi_delay_gen[30].phi_delay_reg[31][8]_srl32_bs_delay_gen_c_30_i_774_n_0
                         LUT5 (Prop_lut5_I1_O)        0.124    36.535 r  u_bs_datapath/u_norm_d1/phi_delay_gen[30].phi_delay_reg[31][8]_srl32_bs_delay_gen_c_30_i_599/O
                         net (fo=2, unplaced)         0.430    36.965    u_bs_datapath/u_norm_d1/phi_delay_gen[30].phi_delay_reg[31][8]_srl32_bs_delay_gen_c_30_i_599_n_0
                         LUT6 (Prop_lut6_I0_O)        0.124    37.089 r  u_bs_datapath/u_norm_d1/phi_delay_gen[30].phi_delay_reg[31][8]_srl32_bs_delay_gen_c_30_i_603/O
                         net (fo=1, unplaced)         0.000    37.089    u_bs_datapath/u_norm_d1/phi_delay_gen[30].phi_delay_reg[31][8]_srl32_bs_delay_gen_c_30_i_603_n_0
                         CARRY4 (Prop_carry4_S[3]_CO[3])
                                                      0.376    37.465 r  u_bs_datapath/u_norm_d1/phi_delay_gen[30].phi_delay_reg[31][8]_srl32_bs_delay_gen_c_30_i_483/CO[3]
                         net (fo=1, unplaced)         0.000    37.465    u_bs_datapath/u_norm_d1/phi_delay_gen[30].phi_delay_reg[31][8]_srl32_bs_delay_gen_c_30_i_483_n_0
                         CARRY4 (Prop_carry4_CI_O[3])
                                                      0.331    37.796 r  u_bs_datapath/u_norm_d1/phi_delay_gen[30].phi_delay_reg[31][8]_srl32_bs_delay_gen_c_30_i_424/O[3]
                         net (fo=6, unplaced)         0.840    38.636    u_bs_datapath/u_norm_d1/phi_delay_gen[30].phi_delay_reg[31][8]_srl32_bs_delay_gen_c_30_i_424_n_4
                         CARRY4 (Prop_carry4_S[0]_CO[3])
                                                      0.820    39.456 r  u_bs_datapath/u_norm_d1/phi_delay_gen[30].phi_delay_reg[31][31]_srl32_bs_delay_gen_c_30_i_8143/CO[3]
                         net (fo=1, unplaced)         0.000    39.456    u_bs_datapath/u_norm_d1/phi_delay_gen[30].phi_delay_reg[31][31]_srl32_bs_delay_gen_c_30_i_8143_n_0
                         CARRY4 (Prop_carry4_CI_CO[3])
                                                      0.117    39.573 r  u_bs_datapath/u_norm_d1/phi_delay_gen[30].phi_delay_reg[31][31]_srl32_bs_delay_gen_c_30_i_7832/CO[3]
                         net (fo=1, unplaced)         0.000    39.573    u_bs_datapath/u_norm_d1/phi_delay_gen[30].phi_delay_reg[31][31]_srl32_bs_delay_gen_c_30_i_7832_n_0
                         CARRY4 (Prop_carry4_CI_CO[3])
                                                      0.117    39.690 r  u_bs_datapath/u_norm_d1/phi_delay_gen[30].phi_delay_reg[31][31]_srl32_bs_delay_gen_c_30_i_7434/CO[3]
                         net (fo=1, unplaced)         0.000    39.690    u_bs_datapath/u_norm_d1/phi_delay_gen[30].phi_delay_reg[31][31]_srl32_bs_delay_gen_c_30_i_7434_n_0
                         CARRY4 (Prop_carry4_CI_CO[3])
                                                      0.117    39.807 r  u_bs_datapath/u_norm_d1/phi_delay_gen[30].phi_delay_reg[31][31]_srl32_bs_delay_gen_c_30_i_6970/CO[3]
                         net (fo=1, unplaced)         0.000    39.807    u_bs_datapath/u_norm_d1/phi_delay_gen[30].phi_delay_reg[31][31]_srl32_bs_delay_gen_c_30_i_6970_n_0
                         CARRY4 (Prop_carry4_CI_CO[3])
                                                      0.117    39.924 r  u_bs_datapath/u_norm_d1/phi_delay_gen[30].phi_delay_reg[31][31]_srl32_bs_delay_gen_c_30_i_6399/CO[3]
                         net (fo=1, unplaced)         0.000    39.924    u_bs_datapath/u_norm_d1/phi_delay_gen[30].phi_delay_reg[31][31]_srl32_bs_delay_gen_c_30_i_6399_n_0
                         CARRY4 (Prop_carry4_CI_CO[3])
                                                      0.117    40.041 r  u_bs_datapath/u_norm_d1/phi_delay_gen[30].phi_delay_reg[31][31]_srl32_bs_delay_gen_c_30_i_5741/CO[3]
                         net (fo=1, unplaced)         0.000    40.041    u_bs_datapath/u_norm_d1/phi_delay_gen[30].phi_delay_reg[31][31]_srl32_bs_delay_gen_c_30_i_5741_n_0
                         CARRY4 (Prop_carry4_CI_CO[3])
                                                      0.117    40.158 r  u_bs_datapath/u_norm_d1/phi_delay_gen[30].phi_delay_reg[31][31]_srl32_bs_delay_gen_c_30_i_4918/CO[3]
                         net (fo=1, unplaced)         0.000    40.158    u_bs_datapath/u_norm_d1/phi_delay_gen[30].phi_delay_reg[31][31]_srl32_bs_delay_gen_c_30_i_4918_n_0
                         CARRY4 (Prop_carry4_CI_CO[3])
                                                      0.117    40.275 r  u_bs_datapath/u_norm_d1/phi_delay_gen[30].phi_delay_reg[31][31]_srl32_bs_delay_gen_c_30_i_4007/CO[3]
                         net (fo=1, unplaced)         0.000    40.275    u_bs_datapath/u_norm_d1/phi_delay_gen[30].phi_delay_reg[31][31]_srl32_bs_delay_gen_c_30_i_4007_n_0
                         CARRY4 (Prop_carry4_CI_CO[3])
                                                      0.117    40.392 r  u_bs_datapath/u_norm_d1/phi_delay_gen[30].phi_delay_reg[31][31]_srl32_bs_delay_gen_c_30_i_3185/CO[3]
                         net (fo=1, unplaced)         0.000    40.392    u_bs_datapath/u_norm_d1/phi_delay_gen[30].phi_delay_reg[31][31]_srl32_bs_delay_gen_c_30_i_3185_n_0
                         CARRY4 (Prop_carry4_CI_CO[3])
                                                      0.117    40.509 r  u_bs_datapath/u_norm_d1/phi_delay_gen[30].phi_delay_reg[31][31]_srl32_bs_delay_gen_c_30_i_2326/CO[3]
                         net (fo=1, unplaced)         0.000    40.509    u_bs_datapath/u_norm_d1/phi_delay_gen[30].phi_delay_reg[31][31]_srl32_bs_delay_gen_c_30_i_2326_n_0
                         CARRY4 (Prop_carry4_CI_CO[2])
                                                      0.252    40.761 r  u_bs_datapath/u_norm_d1/phi_delay_gen[30].phi_delay_reg[31][31]_srl32_bs_delay_gen_c_30_i_1764/CO[2]
                         net (fo=20, unplaced)        0.396    41.157    u_bs_datapath/u_norm_d1/phi_delay_gen[30].phi_delay_reg[31][31]_srl32_bs_delay_gen_c_30_i_1764_n_1
                         CARRY4 (Prop_carry4_CYINIT_CO[3])
                                                      0.781    41.938 r  u_bs_datapath/u_norm_d1/phi_delay_gen[30].phi_delay_reg[31][31]_srl32_bs_delay_gen_c_30_i_1347/CO[3]
                         net (fo=1, unplaced)         0.000    41.938    u_bs_datapath/u_norm_d1/phi_delay_gen[30].phi_delay_reg[31][31]_srl32_bs_delay_gen_c_30_i_1347_n_0
                         CARRY4 (Prop_carry4_CI_CO[3])
                                                      0.117    42.055 r  u_bs_datapath/u_norm_d1/phi_delay_gen[30].phi_delay_reg[31][31]_srl32_bs_delay_gen_c_30_i_1072/CO[3]
                         net (fo=1, unplaced)         0.000    42.055    u_bs_datapath/u_norm_d1/phi_delay_gen[30].phi_delay_reg[31][31]_srl32_bs_delay_gen_c_30_i_1072_n_0
                         CARRY4 (Prop_carry4_CI_CO[0])
                                                      0.281    42.336 r  u_bs_datapath/u_norm_d1/phi_delay_gen[30].phi_delay_reg[31][31]_srl32_bs_delay_gen_c_30_i_839/CO[0]
                         net (fo=4, unplaced)         0.358    42.694    u_bs_datapath/u_norm_d1/phi_delay_gen[30].phi_delay_reg[31][31]_srl32_bs_delay_gen_c_30_i_839_n_3
                         CARRY4 (Prop_carry4_CYINIT_O[1])
                                                      0.887    43.581 r  u_bs_datapath/u_norm_d1/phi_delay_gen[30].phi_delay_reg[31][31]_srl32_bs_delay_gen_c_30_i_607/O[1]
                         net (fo=3, unplaced)         0.629    44.210    u_bs_datapath/u_norm_d1/phi_delay_gen[30].phi_delay_reg[31][31]_srl32_bs_delay_gen_c_30_i_607_n_6
                         LUT3 (Prop_lut3_I0_O)        0.306    44.516 r  u_bs_datapath/u_norm_d1/phi_delay_gen[30].phi_delay_reg[31][31]_srl32_bs_delay_gen_c_30_i_835/O
                         net (fo=1, unplaced)         0.000    44.516    u_bs_datapath/u_norm_d1/phi_delay_gen[30].phi_delay_reg[31][31]_srl32_bs_delay_gen_c_30_i_835_n_0
                         CARRY4 (Prop_carry4_S[3]_CO[3])
                                                      0.376    44.892 r  u_bs_datapath/u_norm_d1/phi_delay_gen[30].phi_delay_reg[31][31]_srl32_bs_delay_gen_c_30_i_606/CO[3]
                         net (fo=47, unplaced)        0.999    45.891    u_bs_datapath/u_norm_d1/phi_delay_gen[30].phi_delay_reg[31][31]_srl32_bs_delay_gen_c_30_i_606_n_0
                         LUT5 (Prop_lut5_I3_O)        0.124    46.015 r  u_bs_datapath/u_norm_d1/phi_delay_gen[30].phi_delay_reg[31][8]_srl32_bs_delay_gen_c_30_i_469/O
                         net (fo=1, unplaced)         0.333    46.348    u_bs_datapath/u_norm_d1/phi_delay_gen[30].phi_delay_reg[31][8]_srl32_bs_delay_gen_c_30_i_469_n_0
                         CARRY4 (Prop_carry4_CYINIT_CO[3])
                                                      0.595    46.943 r  u_bs_datapath/u_norm_d1/phi_delay_gen[30].phi_delay_reg[31][8]_srl32_bs_delay_gen_c_30_i_421/CO[3]
                         net (fo=1, unplaced)         0.000    46.943    u_bs_datapath/u_norm_d1/phi_delay_gen[30].phi_delay_reg[31][8]_srl32_bs_delay_gen_c_30_i_421_n_0
                         CARRY4 (Prop_carry4_CI_CO[3])
                                                      0.117    47.060 r  u_bs_datapath/u_norm_d1/phi_delay_gen[30].phi_delay_reg[31][8]_srl32_bs_delay_gen_c_30_i_455/CO[3]
                         net (fo=1, unplaced)         0.000    47.060    u_bs_datapath/u_norm_d1/phi_delay_gen[30].phi_delay_reg[31][8]_srl32_bs_delay_gen_c_30_i_455_n_0
                         CARRY4 (Prop_carry4_CI_CO[3])
                                                      0.117    47.177 r  u_bs_datapath/u_norm_d1/phi_delay_gen[30].phi_delay_reg[31][8]_srl32_bs_delay_gen_c_30_i_444/CO[3]
                         net (fo=1, unplaced)         0.000    47.177    u_bs_datapath/u_norm_d1/phi_delay_gen[30].phi_delay_reg[31][8]_srl32_bs_delay_gen_c_30_i_444_n_0
                         CARRY4 (Prop_carry4_CI_CO[3])
                                                      0.117    47.294 r  u_bs_datapath/u_norm_d1/phi_delay_gen[30].phi_delay_reg[31][31]_srl32_bs_delay_gen_c_30_i_1607/CO[3]
                         net (fo=1, unplaced)         0.000    47.294    u_bs_datapath/u_norm_d1/phi_delay_gen[30].phi_delay_reg[31][31]_srl32_bs_delay_gen_c_30_i_1607_n_0
                         CARRY4 (Prop_carry4_CI_CO[3])
                                                      0.117    47.411 r  u_bs_datapath/u_norm_d1/phi_delay_gen[30].phi_delay_reg[31][31]_srl32_bs_delay_gen_c_30_i_1239/CO[3]
                         net (fo=1, unplaced)         0.000    47.411    u_bs_datapath/u_norm_d1/phi_delay_gen[30].phi_delay_reg[31][31]_srl32_bs_delay_gen_c_30_i_1239_n_0
                         CARRY4 (Prop_carry4_CI_CO[3])
                                                      0.117    47.528 r  u_bs_datapath/u_norm_d1/phi_delay_gen[30].phi_delay_reg[31][31]_srl32_bs_delay_gen_c_30_i_989/CO[3]
                         net (fo=1, unplaced)         0.000    47.528    u_bs_datapath/u_norm_d1/phi_delay_gen[30].phi_delay_reg[31][31]_srl32_bs_delay_gen_c_30_i_989_n_0
                         CARRY4 (Prop_carry4_CI_CO[3])
                                                      0.117    47.645 r  u_bs_datapath/u_norm_d1/phi_delay_gen[30].phi_delay_reg[31][31]_srl32_bs_delay_gen_c_30_i_756/CO[3]
                         net (fo=1, unplaced)         0.000    47.645    u_bs_datapath/u_norm_d1/phi_delay_gen[30].phi_delay_reg[31][31]_srl32_bs_delay_gen_c_30_i_756_n_0
                         CARRY4 (Prop_carry4_CI_CO[3])
                                                      0.117    47.762 r  u_bs_datapath/u_norm_d1/phi_delay_gen[30].phi_delay_reg[31][31]_srl32_bs_delay_gen_c_30_i_541/CO[3]
                         net (fo=1, unplaced)         0.000    47.762    u_bs_datapath/u_norm_d1/phi_delay_gen[30].phi_delay_reg[31][31]_srl32_bs_delay_gen_c_30_i_541_n_0
                         CARRY4 (Prop_carry4_CI_CO[3])
                                                      0.117    47.879 r  u_bs_datapath/u_norm_d1/phi_delay_gen[30].phi_delay_reg[31][31]_srl32_bs_delay_gen_c_30_i_456/CO[3]
                         net (fo=1, unplaced)         0.000    47.879    u_bs_datapath/u_norm_d1/phi_delay_gen[30].phi_delay_reg[31][31]_srl32_bs_delay_gen_c_30_i_456_n_0
                         CARRY4 (Prop_carry4_CI_CO[3])
                                                      0.117    47.996 r  u_bs_datapath/u_norm_d1/phi_delay_gen[30].phi_delay_reg[31][31]_srl32_bs_delay_gen_c_30_i_441/CO[3]
                         net (fo=1, unplaced)         0.000    47.996    u_bs_datapath/u_norm_d1/phi_delay_gen[30].phi_delay_reg[31][31]_srl32_bs_delay_gen_c_30_i_441_n_0
                         CARRY4 (Prop_carry4_CI_CO[1])
                                                      0.179    48.175 r  u_bs_datapath/u_norm_d1/phi_delay_gen[30].phi_delay_reg[31][31]_srl32_bs_delay_gen_c_30_i_794/CO[1]
                         net (fo=6, unplaced)         0.557    48.732    u_bs_datapath/u_norm_d1/phi_delay_gen[30].phi_delay_reg[31][31]_srl32_bs_delay_gen_c_30_i_794_n_2
                         CARRY4 (Prop_carry4_CYINIT_CO[2])
                                                      0.840    49.572 r  u_bs_datapath/u_norm_d1/phi_delay_gen[30].phi_delay_reg[31][31]_srl32_bs_delay_gen_c_30_i_791/CO[2]
                         net (fo=6, unplaced)         0.368    49.940    u_bs_datapath/u_norm_d1/phi_delay_gen[30].phi_delay_reg[31][31]_srl32_bs_delay_gen_c_30_i_791_n_1
                         CARRY4 (Prop_carry4_CYINIT_CO[2])
                                                      0.818    50.758 r  u_bs_datapath/u_norm_d1/phi_delay_gen[30].phi_delay_reg[31][31]_srl32_bs_delay_gen_c_30_i_788/CO[2]
                         net (fo=6, unplaced)         0.368    51.126    u_bs_datapath/u_norm_d1/phi_delay_gen[30].phi_delay_reg[31][31]_srl32_bs_delay_gen_c_30_i_788_n_1
                         CARRY4 (Prop_carry4_CYINIT_CO[2])
                                                      0.818    51.944 r  u_bs_datapath/u_norm_d1/phi_delay_gen[30].phi_delay_reg[31][31]_srl32_bs_delay_gen_c_30_i_820/CO[2]
                         net (fo=6, unplaced)         0.368    52.312    u_bs_datapath/u_norm_d1/phi_delay_gen[30].phi_delay_reg[31][31]_srl32_bs_delay_gen_c_30_i_820_n_1
                         CARRY4 (Prop_carry4_CYINIT_CO[2])
                                                      0.818    53.130 r  u_bs_datapath/u_norm_d1/phi_delay_gen[30].phi_delay_reg[31][31]_srl32_bs_delay_gen_c_30_i_660/CO[2]
                         net (fo=6, unplaced)         0.368    53.498    u_bs_datapath/u_norm_d1/phi_delay_gen[30].phi_delay_reg[31][31]_srl32_bs_delay_gen_c_30_i_660_n_1
                         CARRY4 (Prop_carry4_CYINIT_CO[3])
                                                      0.781    54.279 r  u_bs_datapath/u_norm_d1/phi_delay_gen[30].phi_delay_reg[31][31]_srl32_bs_delay_gen_c_30_i_654/CO[3]
                         net (fo=1, unplaced)         0.000    54.279    u_bs_datapath/u_norm_d1/phi_delay_gen[30].phi_delay_reg[31][31]_srl32_bs_delay_gen_c_30_i_654_n_0
                         CARRY4 (Prop_carry4_CI_CO[2])
                                                      0.252    54.531 r  u_bs_datapath/u_norm_d1/phi_delay_gen[30].phi_delay_reg[31][31]_srl32_bs_delay_gen_c_30_i_478/CO[2]
                         net (fo=6, unplaced)         0.368    54.899    u_bs_datapath/u_norm_d1/phi_delay_gen[30].phi_delay_reg[31][31]_srl32_bs_delay_gen_c_30_i_478_n_1
                         CARRY4 (Prop_carry4_CYINIT_CO[2])
                                                      0.818    55.717 r  u_bs_datapath/u_norm_d1/phi_delay_gen[30].phi_delay_reg[31][31]_srl32_bs_delay_gen_c_30_i_324/CO[2]
                         net (fo=6, unplaced)         0.368    56.085    u_bs_datapath/u_norm_d1/phi_delay_gen[30].phi_delay_reg[31][31]_srl32_bs_delay_gen_c_30_i_324_n_1
                         CARRY4 (Prop_carry4_CYINIT_CO[2])
                                                      0.818    56.903 f  u_bs_datapath/u_norm_d1/phi_delay_gen[30].phi_delay_reg[31][31]_srl32_bs_delay_gen_c_30_i_320/CO[2]
                         net (fo=6, unplaced)         0.484    57.387    u_bs_datapath/u_norm_d1/phi_delay_gen[30].phi_delay_reg[31][31]_srl32_bs_delay_gen_c_30_i_320_n_1
                         LUT2 (Prop_lut2_I1_O)        0.302    57.689 r  u_bs_datapath/u_norm_d1/phi_delay_gen[30].phi_delay_reg[31][31]_srl32_bs_delay_gen_c_30_i_517/O
                         net (fo=1, unplaced)         0.449    58.138    u_bs_datapath/u_norm_d1/exp_approx_var3__0[62]
                         LUT6 (Prop_lut6_I0_O)        0.124    58.262 r  u_bs_datapath/u_norm_d1/phi_delay_gen[30].phi_delay_reg[31][31]_srl32_bs_delay_gen_c_30_i_328/O
                         net (fo=1, unplaced)         0.449    58.711    u_bs_datapath/u_norm_d1/phi_delay_gen[30].phi_delay_reg[31][31]_srl32_bs_delay_gen_c_30_i_328_n_0
                         LUT6 (Prop_lut6_I1_O)        0.124    58.835 r  u_bs_datapath/u_norm_d1/phi_delay_gen[30].phi_delay_reg[31][31]_srl32_bs_delay_gen_c_30_i_203/O
                         net (fo=1, unplaced)         0.000    58.835    u_bs_datapath/u_norm_d1/phi_delay_gen[30].phi_delay_reg[31][31]_srl32_bs_delay_gen_c_30_i_203_n_0
                         CARRY4 (Prop_carry4_S[0]_O[3])
                                                      0.608    59.443 f  u_bs_datapath/u_norm_d1/phi_delay_gen[30].phi_delay_reg[31][31]_srl32_bs_delay_gen_c_30_i_91/O[3]
                         net (fo=390, unplaced)       0.752    60.195    u_bs_datapath/u_norm_d1/exp_approx_var2[63]
                         LUT2 (Prop_lut2_I1_O)        0.307    60.502 r  u_bs_datapath/u_norm_d1/phi_delay_gen[30].phi_delay_reg[31][8]_srl32_bs_delay_gen_c_30_i_272/O
                         net (fo=1, unplaced)         0.000    60.502    u_bs_datapath/u_norm_d1/exp_approx_var[0]
                         CARRY4 (Prop_carry4_S[1]_CO[3])
                                                      0.533    61.035 r  u_bs_datapath/u_norm_d1/phi_delay_gen[30].phi_delay_reg[31][8]_srl32_bs_delay_gen_c_30_i_176/CO[3]
                         net (fo=1, unplaced)         0.000    61.035    u_bs_datapath/u_norm_d1/phi_delay_gen[30].phi_delay_reg[31][8]_srl32_bs_delay_gen_c_30_i_176_n_0
                         CARRY4 (Prop_carry4_CI_O[0])
                                                      0.232    61.267 r  u_bs_datapath/u_norm_d1/phi_delay_gen[30].phi_delay_reg[31][8]_srl32_bs_delay_gen_c_30_i_171/O[0]
                         net (fo=2, unplaced)         0.752    62.019    u_bs_datapath/u_norm_d1/phi_delay_gen[30].phi_delay_reg[31][8]_srl32_bs_delay_gen_c_30_i_171_n_7
                         LUT3 (Prop_lut3_I0_O)        0.295    62.314 r  u_bs_datapath/u_norm_d1/phi_delay_gen[30].phi_delay_reg[31][8]_srl32_bs_delay_gen_c_30_i_101/O
                         net (fo=2, unplaced)         0.650    62.964    u_bs_datapath/u_norm_d1/phi_delay_gen[30].phi_delay_reg[31][8]_srl32_bs_delay_gen_c_30_i_101_n_0
                         CARRY4 (Prop_carry4_DI[1]_CO[3])
                                                      0.520    63.484 r  u_bs_datapath/u_norm_d1/phi_delay_gen[30].phi_delay_reg[31][8]_srl32_bs_delay_gen_c_30_i_42/CO[3]
                         net (fo=1, unplaced)         0.000    63.484    u_bs_datapath/u_norm_d1/phi_delay_gen[30].phi_delay_reg[31][8]_srl32_bs_delay_gen_c_30_i_42_n_0
                         CARRY4 (Prop_carry4_CI_O[0])
                                                      0.232    63.716 r  u_bs_datapath/u_norm_d1/phi_delay_gen[30].phi_delay_reg[31][8]_srl32_bs_delay_gen_c_30_i_39/O[0]
                         net (fo=2, unplaced)         0.752    64.468    u_bs_datapath/u_norm_d1/phi_delay_gen[30].phi_delay_reg[31][8]_srl32_bs_delay_gen_c_30_i_39_n_7
                         LUT3 (Prop_lut3_I0_O)        0.295    64.763 r  u_bs_datapath/u_norm_d1/phi_delay_gen[30].phi_delay_reg[31][8]_srl32_bs_delay_gen_c_30_i_22/O
                         net (fo=2, unplaced)         0.650    65.413    u_bs_datapath/u_norm_d1/phi_delay_gen[30].phi_delay_reg[31][8]_srl32_bs_delay_gen_c_30_i_22_n_0
                         CARRY4 (Prop_carry4_DI[1]_CO[3])
                                                      0.520    65.933 r  u_bs_datapath/u_norm_d1/phi_delay_gen[30].phi_delay_reg[31][8]_srl32_bs_delay_gen_c_30_i_10/CO[3]
                         net (fo=1, unplaced)         0.000    65.933    u_bs_datapath/u_norm_d1/phi_delay_gen[30].phi_delay_reg[31][8]_srl32_bs_delay_gen_c_30_i_10_n_0
                         CARRY4 (Prop_carry4_CI_O[1])
                                                      0.337    66.270 r  u_bs_datapath/u_norm_d1/phi_delay_gen[30].phi_delay_reg[31][8]_srl32_bs_delay_gen_c_30_i_9/O[1]
                         net (fo=1, unplaced)         0.715    66.985    u_bs_datapath/u_norm_d1/phi_delay_gen[30].phi_delay_reg[31][8]_srl32_bs_delay_gen_c_30_i_9_n_6
                         CARRY4 (Prop_carry4_S[1]_CO[3])
                                                      0.839    67.824 r  u_bs_datapath/u_norm_d1/phi_delay_gen[30].phi_delay_reg[31][8]_srl32_bs_delay_gen_c_30_i_3/CO[3]
                         net (fo=1, unplaced)         0.000    67.824    u_bs_datapath/u_norm_d1/phi_delay_gen[30].phi_delay_reg[31][8]_srl32_bs_delay_gen_c_30_i_3_n_0
                         CARRY4 (Prop_carry4_CI_O[3])
                                                      0.331    68.155 r  u_bs_datapath/u_norm_d1/phi_delay_gen[30].phi_delay_reg[31][16]_srl32_bs_delay_gen_c_30_i_8/O[3]
                         net (fo=2, unplaced)         0.629    68.784    u_bs_datapath/u_norm_d1/PCIN__8[39]
                         LUT2 (Prop_lut2_I0_O)        0.307    69.091 r  u_bs_datapath/u_norm_d1/phi_delay_gen[30].phi_delay_reg[31][16]_srl32_bs_delay_gen_c_30_i_10/O
                         net (fo=1, unplaced)         0.000    69.091    u_bs_datapath/u_norm_d1/phi_delay_gen[30].phi_delay_reg[31][16]_srl32_bs_delay_gen_c_30_i_10_n_0
                         CARRY4 (Prop_carry4_S[2]_CO[3])
                                                      0.380    69.471 r  u_bs_datapath/u_norm_d1/phi_delay_gen[30].phi_delay_reg[31][16]_srl32_bs_delay_gen_c_30_i_3/CO[3]
                         net (fo=1, unplaced)         0.000    69.471    u_bs_datapath/u_norm_d1/phi_delay_gen[30].phi_delay_reg[31][16]_srl32_bs_delay_gen_c_30_i_3_n_0
                         CARRY4 (Prop_carry4_CI_O[3])
                                                      0.331    69.802 r  u_bs_datapath/u_norm_d1/phi_delay_gen[30].phi_delay_reg[31][20]_srl32_bs_delay_gen_c_30_i_3/O[3]
                         net (fo=2, unplaced)         0.629    70.431    u_bs_datapath/u_norm_d1/phi_delay_gen[30].phi_delay_reg[31][20]_srl32_bs_delay_gen_c_30_i_3_n_4
                         LUT2 (Prop_lut2_I0_O)        0.307    70.738 r  u_bs_datapath/u_norm_d1/phi_delay_gen[30].phi_delay_reg[31][20]_srl32_bs_delay_gen_c_30_i_4/O
                         net (fo=1, unplaced)         0.000    70.738    u_bs_datapath/u_norm_d1/phi_delay_gen[30].phi_delay_reg[31][20]_srl32_bs_delay_gen_c_30_i_4_n_0
                         CARRY4 (Prop_carry4_S[3]_CO[3])
                                                      0.376    71.114 r  u_bs_datapath/u_norm_d1/phi_delay_gen[30].phi_delay_reg[31][20]_srl32_bs_delay_gen_c_30_i_2/CO[3]
                         net (fo=1, unplaced)         0.000    71.114    u_bs_datapath/u_norm_d1/phi_delay_gen[30].phi_delay_reg[31][20]_srl32_bs_delay_gen_c_30_i_2_n_0
                         CARRY4 (Prop_carry4_CI_O[3])
                                                      0.331    71.445 r  u_bs_datapath/u_norm_d1/phi_delay_gen[30].phi_delay_reg[31][24]_srl32_bs_delay_gen_c_30_i_2/O[3]
                         net (fo=1, unplaced)         0.618    72.063    u_bs_datapath/u_norm_d1/phi_delay_gen[30].phi_delay_reg[31][24]_srl32_bs_delay_gen_c_30_i_2_n_4
                         LUT2 (Prop_lut2_I0_O)        0.307    72.370 r  u_bs_datapath/u_norm_d1/phi_delay_gen[30].phi_delay_reg[31][24]_srl32_bs_delay_gen_c_30_i_1/O
                         net (fo=1, unplaced)         0.333    72.703    u_bs_datapath/u_norm_d1/phi_delay_gen[30].phi_delay_reg[31][24]_srl32_bs_delay_gen_c_30_i_1_n_0
                         SRLC32E                                      r  u_bs_datapath/u_norm_d1/phi_delay_gen[30].phi_delay_reg[31][24]_srl32_bs_delay_gen_c_30/D
  -------------------------------------------------------------------    -------------------

                         (clock clk rise edge)        4.000     4.000 r  
                                                      0.000     4.000 r  clk (IN)
                         net (fo=20254, unset)        0.924     4.924    u_bs_datapath/u_norm_d1/clk
                         SRLC32E                                      r  u_bs_datapath/u_norm_d1/phi_delay_gen[30].phi_delay_reg[31][24]_srl32_bs_delay_gen_c_30/CLK
                         clock pessimism              0.000     4.924    
                         clock uncertainty           -0.035     4.889    
                         SRLC32E (Setup_srlc32e_CLK_D)
                                                     -0.030     4.859    u_bs_datapath/u_norm_d1/phi_delay_gen[30].phi_delay_reg[31][24]_srl32_bs_delay_gen_c_30
  -------------------------------------------------------------------
                         required time                          4.859    
                         arrival time                         -72.703    
  -------------------------------------------------------------------
                         slack                                -67.844    

Slack (VIOLATED) :        -67.844ns  (required time - arrival time)
  Source:                 u_bs_datapath/u_norm_d2/x2_half1_reg[2]/C
                            (rising edge-triggered cell FDCE clocked by clk  {rise@0.000ns fall@2.000ns period=4.000ns})
  Destination:            u_bs_datapath/u_norm_d2/phi_delay_gen[30].phi_delay_reg[31][24]_srl32_bs_delay_gen_c_30/D
                            (rising edge-triggered cell SRLC32E clocked by clk  {rise@0.000ns fall@2.000ns period=4.000ns})
  Path Group:             clk
  Path Type:              Setup (Max at Slow Process Corner)
  Requirement:            4.000ns  (clk rise@4.000ns - clk rise@0.000ns)
  Data Path Delay:        71.730ns  (logic 38.919ns (54.258%)  route 32.811ns (45.742%))
  Logic Levels:           114  (CARRY4=81 LUT1=1 LUT2=8 LUT3=10 LUT4=5 LUT5=3 LUT6=6)
  Clock Path Skew:        -0.049ns (DCD - SCD + CPR)
    Destination Clock Delay (DCD):    0.924ns = ( 4.924 - 4.000 ) 
    Source Clock Delay      (SCD):    0.973ns
    Clock Pessimism Removal (CPR):    0.000ns
  Clock Uncertainty:      0.035ns  ((TSJ^2 + TIJ^2)^1/2 + DJ) / 2 + PE
    Total System Jitter     (TSJ):    0.071ns
    Total Input Jitter      (TIJ):    0.000ns
    Discrete Jitter          (DJ):    0.000ns
    Phase Error              (PE):    0.000ns

    Location             Delay type                Incr(ns)  Path(ns)    Netlist Resource(s)
  -------------------------------------------------------------------    -------------------
                         (clock clk rise edge)        0.000     0.000 r  
                                                      0.000     0.000 r  clk (IN)
                         net (fo=20254, unset)        0.973     0.973    u_bs_datapath/u_norm_d2/clk
                         FDCE                                         r  u_bs_datapath/u_norm_d2/x2_half1_reg[2]/C
  -------------------------------------------------------------------    -------------------
                         FDCE (Prop_fdce_C_Q)         0.518     1.491 r  u_bs_datapath/u_norm_d2/x2_half1_reg[2]/Q
                         net (fo=183, unplaced)       1.080     2.571    u_bs_datapath/u_norm_d2/x2_half1[2]
                         LUT6 (Prop_lut6_I0_O)        0.295     2.866 r  u_bs_datapath/u_norm_d2/phi_delay_gen[30].phi_delay_reg[31][8]_srl32_bs_delay_gen_c_30_i_2283__0/O
                         net (fo=1, unplaced)         0.639     3.505    u_bs_datapath/u_norm_d2/phi_delay_gen[30].phi_delay_reg[31][8]_srl32_bs_delay_gen_c_30_i_2283__0_n_0
                         CARRY4 (Prop_carry4_DI[1]_O[3])
                                                      0.629     4.134 r  u_bs_datapath/u_norm_d2/phi_delay_gen[30].phi_delay_reg[31][8]_srl32_bs_delay_gen_c_30_i_2053__0/O[3]
                         net (fo=2, unplaced)         0.629     4.763    u_bs_datapath/u_norm_d2/phi_delay_gen[30].phi_delay_reg[31][8]_srl32_bs_delay_gen_c_30_i_2053__0_n_4
                         LUT3 (Prop_lut3_I2_O)        0.307     5.070 r  u_bs_datapath/u_norm_d2/phi_delay_gen[30].phi_delay_reg[31][8]_srl32_bs_delay_gen_c_30_i_1819__0/O
                         net (fo=2, unplaced)         0.460     5.530    u_bs_datapath/u_norm_d2/phi_delay_gen[30].phi_delay_reg[31][8]_srl32_bs_delay_gen_c_30_i_1819__0_n_0
                         LUT4 (Prop_lut4_I3_O)        0.124     5.654 r  u_bs_datapath/u_norm_d2/phi_delay_gen[30].phi_delay_reg[31][8]_srl32_bs_delay_gen_c_30_i_1823__0/O
                         net (fo=1, unplaced)         0.000     5.654    u_bs_datapath/u_norm_d2/phi_delay_gen[30].phi_delay_reg[31][8]_srl32_bs_delay_gen_c_30_i_1823__0_n_0
                         CARRY4 (Prop_carry4_S[0]_CO[3])
                                                      0.513     6.167 r  u_bs_datapath/u_norm_d2/phi_delay_gen[30].phi_delay_reg[31][8]_srl32_bs_delay_gen_c_30_i_1578__0/CO[3]
                         net (fo=1, unplaced)         0.000     6.167    u_bs_datapath/u_norm_d2/phi_delay_gen[30].phi_delay_reg[31][8]_srl32_bs_delay_gen_c_30_i_1578__0_n_0
                         CARRY4 (Prop_carry4_CI_O[1])
                                                      0.337     6.504 r  u_bs_datapath/u_norm_d2/phi_delay_gen[30].phi_delay_reg[31][8]_srl32_bs_delay_gen_c_30_i_1256__0/O[1]
                         net (fo=2, unplaced)         0.622     7.126    u_bs_datapath/u_norm_d2/phi_delay_gen[30].phi_delay_reg[31][8]_srl32_bs_delay_gen_c_30_i_1256__0_n_6
                         LUT3 (Prop_lut3_I0_O)        0.306     7.432 r  u_bs_datapath/u_norm_d2/phi_delay_gen[30].phi_delay_reg[31][8]_srl32_bs_delay_gen_c_30_i_1233__0/O
                         net (fo=2, unplaced)         0.460     7.892    u_bs_datapath/u_norm_d2/phi_delay_gen[30].phi_delay_reg[31][8]_srl32_bs_delay_gen_c_30_i_1233__0_n_0
                         LUT4 (Prop_lut4_I3_O)        0.124     8.016 r  u_bs_datapath/u_norm_d2/phi_delay_gen[30].phi_delay_reg[31][8]_srl32_bs_delay_gen_c_30_i_1237__0/O
                         net (fo=1, unplaced)         0.000     8.016    u_bs_datapath/u_norm_d2/phi_delay_gen[30].phi_delay_reg[31][8]_srl32_bs_delay_gen_c_30_i_1237__0_n_0
                         CARRY4 (Prop_carry4_S[2]_CO[3])
                                                      0.380     8.396 r  u_bs_datapath/u_norm_d2/phi_delay_gen[30].phi_delay_reg[31][8]_srl32_bs_delay_gen_c_30_i_896__0/CO[3]
                         net (fo=1, unplaced)         0.000     8.396    u_bs_datapath/u_norm_d2/phi_delay_gen[30].phi_delay_reg[31][8]_srl32_bs_delay_gen_c_30_i_896__0_n_0
                         CARRY4 (Prop_carry4_CI_O[1])
                                                      0.337     8.733 r  u_bs_datapath/u_norm_d2/phi_delay_gen[30].phi_delay_reg[31][8]_srl32_bs_delay_gen_c_30_i_689__0/O[1]
                         net (fo=1, unplaced)         0.715     9.448    u_bs_datapath/u_norm_d2/phi_delay_gen[30].phi_delay_reg[31][8]_srl32_bs_delay_gen_c_30_i_689__0_n_6
                         CARRY4 (Prop_carry4_S[1]_CO[3])
                                                      0.839    10.287 r  u_bs_datapath/u_norm_d2/phi_delay_gen[30].phi_delay_reg[31][8]_srl32_bs_delay_gen_c_30_i_527__0/CO[3]
                         net (fo=1, unplaced)         0.000    10.287    u_bs_datapath/u_norm_d2/phi_delay_gen[30].phi_delay_reg[31][8]_srl32_bs_delay_gen_c_30_i_527__0_n_0
                         CARRY4 (Prop_carry4_CI_O[0])
                                                      0.232    10.519 r  u_bs_datapath/u_norm_d2/phi_delay_gen[30].phi_delay_reg[31][8]_srl32_bs_delay_gen_c_30_i_522__0/O[0]
                         net (fo=2, unplaced)         0.657    11.176    u_bs_datapath/u_norm_d2/PCIN__2[24]
                         CARRY4 (Prop_carry4_DI[3]_CO[3])
                                                      0.567    11.743 r  u_bs_datapath/u_norm_d2/phi_delay_gen[30].phi_delay_reg[31][8]_srl32_bs_delay_gen_c_30_i_438__0/CO[3]
                         net (fo=1, unplaced)         0.000    11.743    u_bs_datapath/u_norm_d2/phi_delay_gen[30].phi_delay_reg[31][8]_srl32_bs_delay_gen_c_30_i_438__0_n_0
                         CARRY4 (Prop_carry4_CI_O[3])
                                                      0.331    12.074 r  u_bs_datapath/u_norm_d2/phi_delay_gen[30].phi_delay_reg[31][8]_srl32_bs_delay_gen_c_30_i_437__0/O[3]
                         net (fo=2, unplaced)         0.629    12.703    u_bs_datapath/u_norm_d2/phi_delay_gen[30].phi_delay_reg[31][8]_srl32_bs_delay_gen_c_30_i_437__0_n_4
                         LUT2 (Prop_lut2_I0_O)        0.307    13.010 r  u_bs_datapath/u_norm_d2/phi_delay_gen[30].phi_delay_reg[31][8]_srl32_bs_delay_gen_c_30_i_463__0/O
                         net (fo=1, unplaced)         0.000    13.010    u_bs_datapath/u_norm_d2/phi_delay_gen[30].phi_delay_reg[31][8]_srl32_bs_delay_gen_c_30_i_463__0_n_0
                         CARRY4 (Prop_carry4_S[0]_CO[3])
                                                      0.513    13.523 r  u_bs_datapath/u_norm_d2/phi_delay_gen[30].phi_delay_reg[31][8]_srl32_bs_delay_gen_c_30_i_406__0/CO[3]
                         net (fo=1, unplaced)         0.000    13.523    u_bs_datapath/u_norm_d2/phi_delay_gen[30].phi_delay_reg[31][8]_srl32_bs_delay_gen_c_30_i_406__0_n_0
                         CARRY4 (Prop_carry4_CI_O[2])
                                                      0.256    13.779 r  u_bs_datapath/u_norm_d2/phi_delay_gen[30].phi_delay_reg[31][8]_srl32_bs_delay_gen_c_30_i_395__0/O[2]
                         net (fo=201, unplaced)       1.231    15.010    u_bs_datapath/u_norm_d2/phi_delay_gen[30].phi_delay_reg[31][8]_srl32_bs_delay_gen_c_30_i_395__0_n_5
                         LUT6 (Prop_lut6_I2_O)        0.301    15.311 r  u_bs_datapath/u_norm_d2/phi_delay_gen[30].phi_delay_reg[31][31]_srl32_bs_delay_gen_c_30_i_6876__0/O
                         net (fo=2, unplaced)         0.913    16.224    u_bs_datapath/u_norm_d2/phi_delay_gen[30].phi_delay_reg[31][31]_srl32_bs_delay_gen_c_30_i_6876__0_n_0
                         LUT6 (Prop_lut6_I0_O)        0.124    16.348 r  u_bs_datapath/u_norm_d2/phi_delay_gen[30].phi_delay_reg[31][31]_srl32_bs_delay_gen_c_30_i_6880__0/O
                         net (fo=1, unplaced)         0.000    16.348    u_bs_datapath/u_norm_d2/phi_delay_gen[30].phi_delay_reg[31][31]_srl32_bs_delay_gen_c_30_i_6880__0_n_0
                         CARRY4 (Prop_carry4_S[1]_CO[3])
                                                      0.533    16.881 r  u_bs_datapath/u_norm_d2/phi_delay_gen[30].phi_delay_reg[31][31]_srl32_bs_delay_gen_c_30_i_6245__0/CO[3]
                         net (fo=1, unplaced)         0.000    16.881    u_bs_datapath/u_norm_d2/phi_delay_gen[30].phi_delay_reg[31][31]_srl32_bs_delay_gen_c_30_i_6245__0_n_0
                         CARRY4 (Prop_carry4_CI_O[0])
                                                      0.232    17.113 r  u_bs_datapath/u_norm_d2/phi_delay_gen[30].phi_delay_reg[31][31]_srl32_bs_delay_gen_c_30_i_5442__0/O[0]
                         net (fo=2, unplaced)         0.752    17.865    u_bs_datapath/u_norm_d2/phi_delay_gen[30].phi_delay_reg[31][31]_srl32_bs_delay_gen_c_30_i_5442__0_n_7
                         LUT3 (Prop_lut3_I1_O)        0.295    18.160 r  u_bs_datapath/u_norm_d2/phi_delay_gen[30].phi_delay_reg[31][31]_srl32_bs_delay_gen_c_30_i_5417__0/O
                         net (fo=2, unplaced)         0.650    18.810    u_bs_datapath/u_norm_d2/phi_delay_gen[30].phi_delay_reg[31][31]_srl32_bs_delay_gen_c_30_i_5417__0_n_0
                         CARRY4 (Prop_carry4_DI[1]_O[3])
                                                      0.629    19.439 r  u_bs_datapath/u_norm_d2/phi_delay_gen[30].phi_delay_reg[31][31]_srl32_bs_delay_gen_c_30_i_4479__0/O[3]
                         net (fo=2, unplaced)         0.629    20.068    u_bs_datapath/u_norm_d2/phi_delay_gen[30].phi_delay_reg[31][31]_srl32_bs_delay_gen_c_30_i_4479__0_n_4
                         LUT3 (Prop_lut3_I0_O)        0.307    20.375 r  u_bs_datapath/u_norm_d2/phi_delay_gen[30].phi_delay_reg[31][31]_srl32_bs_delay_gen_c_30_i_3627__0/O
                         net (fo=2, unplaced)         0.460    20.835    u_bs_datapath/u_norm_d2/phi_delay_gen[30].phi_delay_reg[31][31]_srl32_bs_delay_gen_c_30_i_3627__0_n_0
                         LUT4 (Prop_lut4_I3_O)        0.124    20.959 r  u_bs_datapath/u_norm_d2/phi_delay_gen[30].phi_delay_reg[31][31]_srl32_bs_delay_gen_c_30_i_3631__0/O
                         net (fo=1, unplaced)         0.000    20.959    u_bs_datapath/u_norm_d2/phi_delay_gen[30].phi_delay_reg[31][31]_srl32_bs_delay_gen_c_30_i_3631__0_n_0
                         CARRY4 (Prop_carry4_S[0]_CO[3])
                                                      0.513    21.472 r  u_bs_datapath/u_norm_d2/phi_delay_gen[30].phi_delay_reg[31][31]_srl32_bs_delay_gen_c_30_i_2782__0/CO[3]
                         net (fo=1, unplaced)         0.000    21.472    u_bs_datapath/u_norm_d2/phi_delay_gen[30].phi_delay_reg[31][31]_srl32_bs_delay_gen_c_30_i_2782__0_n_0
                         CARRY4 (Prop_carry4_CI_O[1])
                                                      0.337    21.809 r  u_bs_datapath/u_norm_d2/phi_delay_gen[30].phi_delay_reg[31][31]_srl32_bs_delay_gen_c_30_i_2010__0/O[1]
                         net (fo=11, unplaced)        0.761    22.570    u_bs_datapath/u_norm_d2/phi_delay_gen[30].phi_delay_reg[31][31]_srl32_bs_delay_gen_c_30_i_2010__0_n_6
                         CARRY4 (Prop_carry4_S[1]_CO[3])
                                                      0.839    23.409 r  u_bs_datapath/u_norm_d2/phi_delay_gen[30].phi_delay_reg[31][31]_srl32_bs_delay_gen_c_30_i_2759__0/CO[3]
                         net (fo=1, unplaced)         0.000    23.409    u_bs_datapath/u_norm_d2/phi_delay_gen[30].phi_delay_reg[31][31]_srl32_bs_delay_gen_c_30_i_2759__0_n_0
                         CARRY4 (Prop_carry4_CI_O[3])
                                                      0.331    23.740 r  u_bs_datapath/u_norm_d2/phi_delay_gen[30].phi_delay_reg[31][31]_srl32_bs_delay_gen_c_30_i_1995__0/O[3]
                         net (fo=2, unplaced)         0.629    24.369    u_bs_datapath/u_norm_d2/PCIN__6[43]
                         LUT2 (Prop_lut2_I0_O)        0.307    24.676 r  u_bs_datapath/u_norm_d2/phi_delay_gen[30].phi_delay_reg[31][31]_srl32_bs_delay_gen_c_30_i_1997__0/O
                         net (fo=1, unplaced)         0.000    24.676    u_bs_datapath/u_norm_d2/phi_delay_gen[30].phi_delay_reg[31][31]_srl32_bs_delay_gen_c_30_i_1997__0_n_0
                         CARRY4 (Prop_carry4_S[2]_CO[3])
                                                      0.380    25.056 r  u_bs_datapath/u_norm_d2/phi_delay_gen[30].phi_delay_reg[31][31]_srl32_bs_delay_gen_c_30_i_1525__0/CO[3]
                         net (fo=1, unplaced)         0.000    25.056    u_bs_datapath/u_norm_d2/phi_delay_gen[30].phi_delay_reg[31][31]_srl32_bs_delay_gen_c_30_i_1525__0_n_0
                         CARRY4 (Prop_carry4_CI_CO[3])
                                                      0.117    25.173 r  u_bs_datapath/u_norm_d2/phi_delay_gen[30].phi_delay_reg[31][31]_srl32_bs_delay_gen_c_30_i_1173__0/CO[3]
                         net (fo=1, unplaced)         0.000    25.173    u_bs_datapath/u_norm_d2/phi_delay_gen[30].phi_delay_reg[31][31]_srl32_bs_delay_gen_c_30_i_1173__0_n_0
                         CARRY4 (Prop_carry4_CI_CO[3])
                                                      0.117    25.290 r  u_bs_datapath/u_norm_d2/phi_delay_gen[30].phi_delay_reg[31][31]_srl32_bs_delay_gen_c_30_i_1172__0/CO[3]
                         net (fo=1, unplaced)         0.000    25.290    u_bs_datapath/u_norm_d2/phi_delay_gen[30].phi_delay_reg[31][31]_srl32_bs_delay_gen_c_30_i_1172__0_n_0
                         CARRY4 (Prop_carry4_CI_CO[3])
                                                      0.117    25.407 r  u_bs_datapath/u_norm_d2/phi_delay_gen[30].phi_delay_reg[31][31]_srl32_bs_delay_gen_c_30_i_960__0/CO[3]
                         net (fo=1, unplaced)         0.000    25.407    u_bs_datapath/u_norm_d2/phi_delay_gen[30].phi_delay_reg[31][31]_srl32_bs_delay_gen_c_30_i_960__0_n_0
                         CARRY4 (Prop_carry4_CI_O[1])
                                                      0.337    25.744 r  u_bs_datapath/u_norm_d2/phi_delay_gen[30].phi_delay_reg[31][31]_srl32_bs_delay_gen_c_30_i_713__0/O[1]
                         net (fo=2, unplaced)         0.622    26.366    u_bs_datapath/u_norm_d2/phi_delay_gen[30].phi_delay_reg[31][31]_srl32_bs_delay_gen_c_30_i_713__0_n_6
                         LUT3 (Prop_lut3_I0_O)        0.306    26.672 r  u_bs_datapath/u_norm_d2/phi_delay_gen[30].phi_delay_reg[31][31]_srl32_bs_delay_gen_c_30_i_702__0/O
                         net (fo=2, unplaced)         0.460    27.132    u_bs_datapath/u_norm_d2/phi_delay_gen[30].phi_delay_reg[31][31]_srl32_bs_delay_gen_c_30_i_702__0_n_0
                         LUT4 (Prop_lut4_I3_O)        0.124    27.256 r  u_bs_datapath/u_norm_d2/phi_delay_gen[30].phi_delay_reg[31][31]_srl32_bs_delay_gen_c_30_i_706__0/O
                         net (fo=1, unplaced)         0.000    27.256    u_bs_datapath/u_norm_d2/phi_delay_gen[30].phi_delay_reg[31][31]_srl32_bs_delay_gen_c_30_i_706__0_n_0
                         CARRY4 (Prop_carry4_S[3]_CO[3])
                                                      0.376    27.632 r  u_bs_datapath/u_norm_d2/phi_delay_gen[30].phi_delay_reg[31][31]_srl32_bs_delay_gen_c_30_i_503__0/CO[3]
                         net (fo=1, unplaced)         0.000    27.632    u_bs_datapath/u_norm_d2/phi_delay_gen[30].phi_delay_reg[31][31]_srl32_bs_delay_gen_c_30_i_503__0_n_0
                         CARRY4 (Prop_carry4_CI_O[3])
                                                      0.331    27.963 f  u_bs_datapath/u_norm_d2/phi_delay_gen[30].phi_delay_reg[31][31]_srl32_bs_delay_gen_c_30_i_319__0/O[3]
                         net (fo=772, unplaced)       0.758    28.721    u_bs_datapath/u_norm_d2/exp_approx_var5
                         LUT1 (Prop_lut1_I0_O)        0.307    29.028 r  u_bs_datapath/u_norm_d2/phi_delay_gen[30].phi_delay_reg[31][31]_srl32_bs_delay_gen_c_30_i_717__0/O
                         net (fo=1, unplaced)         0.000    29.028    u_bs_datapath/u_norm_d2/phi_delay_gen[30].phi_delay_reg[31][31]_srl32_bs_delay_gen_c_30_i_717__0_n_0
                         CARRY4 (Prop_carry4_S[2]_CO[3])
                                                      0.380    29.408 f  u_bs_datapath/u_norm_d2/phi_delay_gen[30].phi_delay_reg[31][31]_srl32_bs_delay_gen_c_30_i_513__0/CO[3]
                         net (fo=27, unplaced)        0.985    30.393    u_bs_datapath/u_norm_d2/phi_delay_gen[30].phi_delay_reg[31][31]_srl32_bs_delay_gen_c_30_i_513__0_n_0
                         LUT2 (Prop_lut2_I1_O)        0.124    30.517 r  u_bs_datapath/u_norm_d2/phi_delay_gen[30].phi_delay_reg[31][31]_srl32_bs_delay_gen_c_30_i_322__0/O
                         net (fo=275, unplaced)       0.574    31.091    u_bs_datapath/u_norm_d2/phi_delay_gen[30].phi_delay_reg[31][31]_srl32_bs_delay_gen_c_30_i_322__0_n_0
                         LUT5 (Prop_lut5_I4_O)        0.124    31.215 r  u_bs_datapath/u_norm_d2/phi_delay_gen[30].phi_delay_reg[31][31]_srl32_bs_delay_gen_c_30_i_1082__0/O
                         net (fo=20, unplaced)        0.699    31.914    u_bs_datapath/u_norm_d2/phi_delay_gen[30].phi_delay_reg[31][31]_srl32_bs_delay_gen_c_30_i_1082__0_n_0
                         CARRY4 (Prop_carry4_DI[1]_O[3])
                                                      0.629    32.543 r  u_bs_datapath/u_norm_d2/phi_delay_gen[30].phi_delay_reg[31][8]_srl32_bs_delay_gen_c_30_i_1917__0/O[3]
                         net (fo=2, unplaced)         0.629    33.172    u_bs_datapath/u_norm_d2/phi_delay_gen[30].phi_delay_reg[31][8]_srl32_bs_delay_gen_c_30_i_1917__0_n_4
                         LUT3 (Prop_lut3_I2_O)        0.307    33.479 r  u_bs_datapath/u_norm_d2/phi_delay_gen[30].phi_delay_reg[31][8]_srl32_bs_delay_gen_c_30_i_1680__0/O
                         net (fo=2, unplaced)         0.460    33.939    u_bs_datapath/u_norm_d2/phi_delay_gen[30].phi_delay_reg[31][8]_srl32_bs_delay_gen_c_30_i_1680__0_n_0
                         LUT4 (Prop_lut4_I3_O)        0.124    34.063 r  u_bs_datapath/u_norm_d2/phi_delay_gen[30].phi_delay_reg[31][8]_srl32_bs_delay_gen_c_30_i_1684__0/O
                         net (fo=1, unplaced)         0.000    34.063    u_bs_datapath/u_norm_d2/phi_delay_gen[30].phi_delay_reg[31][8]_srl32_bs_delay_gen_c_30_i_1684__0_n_0
                         CARRY4 (Prop_carry4_S[2]_CO[3])
                                                      0.380    34.443 r  u_bs_datapath/u_norm_d2/phi_delay_gen[30].phi_delay_reg[31][8]_srl32_bs_delay_gen_c_30_i_1374__0/CO[3]
                         net (fo=1, unplaced)         0.000    34.443    u_bs_datapath/u_norm_d2/phi_delay_gen[30].phi_delay_reg[31][8]_srl32_bs_delay_gen_c_30_i_1374__0_n_0
                         CARRY4 (Prop_carry4_CI_CO[3])
                                                      0.117    34.560 r  u_bs_datapath/u_norm_d2/phi_delay_gen[30].phi_delay_reg[31][8]_srl32_bs_delay_gen_c_30_i_1018__0/CO[3]
                         net (fo=1, unplaced)         0.000    34.560    u_bs_datapath/u_norm_d2/phi_delay_gen[30].phi_delay_reg[31][8]_srl32_bs_delay_gen_c_30_i_1018__0_n_0
                         CARRY4 (Prop_carry4_CI_CO[3])
                                                      0.117    34.677 r  u_bs_datapath/u_norm_d2/phi_delay_gen[30].phi_delay_reg[31][8]_srl32_bs_delay_gen_c_30_i_780__0/CO[3]
                         net (fo=1, unplaced)         0.000    34.677    u_bs_datapath/u_norm_d2/phi_delay_gen[30].phi_delay_reg[31][8]_srl32_bs_delay_gen_c_30_i_780__0_n_0
                         CARRY4 (Prop_carry4_CI_O[3])
                                                      0.331    35.008 r  u_bs_datapath/u_norm_d2/phi_delay_gen[30].phi_delay_reg[31][8]_srl32_bs_delay_gen_c_30_i_612__0/O[3]
                         net (fo=3, unplaced)         0.636    35.644    u_bs_datapath/u_norm_d2/phi_delay_gen[30].phi_delay_reg[31][8]_srl32_bs_delay_gen_c_30_i_612__0_n_4
                         LUT3 (Prop_lut3_I0_O)        0.307    35.951 r  u_bs_datapath/u_norm_d2/phi_delay_gen[30].phi_delay_reg[31][8]_srl32_bs_delay_gen_c_30_i_774__0/O
                         net (fo=2, unplaced)         0.460    36.411    u_bs_datapath/u_norm_d2/phi_delay_gen[30].phi_delay_reg[31][8]_srl32_bs_delay_gen_c_30_i_774__0_n_0
                         LUT5 (Prop_lut5_I1_O)        0.124    36.535 r  u_bs_datapath/u_norm_d2/phi_delay_gen[30].phi_delay_reg[31][8]_srl32_bs_delay_gen_c_30_i_599__0/O
                         net (fo=2, unplaced)         0.430    36.965    u_bs_datapath/u_norm_d2/phi_delay_gen[30].phi_delay_reg[31][8]_srl32_bs_delay_gen_c_30_i_599__0_n_0
                         LUT6 (Prop_lut6_I0_O)        0.124    37.089 r  u_bs_datapath/u_norm_d2/phi_delay_gen[30].phi_delay_reg[31][8]_srl32_bs_delay_gen_c_30_i_603__0/O
                         net (fo=1, unplaced)         0.000    37.089    u_bs_datapath/u_norm_d2/phi_delay_gen[30].phi_delay_reg[31][8]_srl32_bs_delay_gen_c_30_i_603__0_n_0
                         CARRY4 (Prop_carry4_S[3]_CO[3])
                                                      0.376    37.465 r  u_bs_datapath/u_norm_d2/phi_delay_gen[30].phi_delay_reg[31][8]_srl32_bs_delay_gen_c_30_i_483__0/CO[3]
                         net (fo=1, unplaced)         0.000    37.465    u_bs_datapath/u_norm_d2/phi_delay_gen[30].phi_delay_reg[31][8]_srl32_bs_delay_gen_c_30_i_483__0_n_0
                         CARRY4 (Prop_carry4_CI_O[3])
                                                      0.331    37.796 r  u_bs_datapath/u_norm_d2/phi_delay_gen[30].phi_delay_reg[31][8]_srl32_bs_delay_gen_c_30_i_424__0/O[3]
                         net (fo=6, unplaced)         0.840    38.636    u_bs_datapath/u_norm_d2/phi_delay_gen[30].phi_delay_reg[31][8]_srl32_bs_delay_gen_c_30_i_424__0_n_4
                         CARRY4 (Prop_carry4_S[0]_CO[3])
                                                      0.820    39.456 r  u_bs_datapath/u_norm_d2/phi_delay_gen[30].phi_delay_reg[31][31]_srl32_bs_delay_gen_c_30_i_8143__0/CO[3]
                         net (fo=1, unplaced)         0.000    39.456    u_bs_datapath/u_norm_d2/phi_delay_gen[30].phi_delay_reg[31][31]_srl32_bs_delay_gen_c_30_i_8143__0_n_0
                         CARRY4 (Prop_carry4_CI_CO[3])
                                                      0.117    39.573 r  u_bs_datapath/u_norm_d2/phi_delay_gen[30].phi_delay_reg[31][31]_srl32_bs_delay_gen_c_30_i_7832__0/CO[3]
                         net (fo=1, unplaced)         0.000    39.573    u_bs_datapath/u_norm_d2/phi_delay_gen[30].phi_delay_reg[31][31]_srl32_bs_delay_gen_c_30_i_7832__0_n_0
                         CARRY4 (Prop_carry4_CI_CO[3])
                                                      0.117    39.690 r  u_bs_datapath/u_norm_d2/phi_delay_gen[30].phi_delay_reg[31][31]_srl32_bs_delay_gen_c_30_i_7434__0/CO[3]
                         net (fo=1, unplaced)         0.000    39.690    u_bs_datapath/u_norm_d2/phi_delay_gen[30].phi_delay_reg[31][31]_srl32_bs_delay_gen_c_30_i_7434__0_n_0
                         CARRY4 (Prop_carry4_CI_CO[3])
                                                      0.117    39.807 r  u_bs_datapath/u_norm_d2/phi_delay_gen[30].phi_delay_reg[31][31]_srl32_bs_delay_gen_c_30_i_6970__0/CO[3]
                         net (fo=1, unplaced)         0.000    39.807    u_bs_datapath/u_norm_d2/phi_delay_gen[30].phi_delay_reg[31][31]_srl32_bs_delay_gen_c_30_i_6970__0_n_0
                         CARRY4 (Prop_carry4_CI_CO[3])
                                                      0.117    39.924 r  u_bs_datapath/u_norm_d2/phi_delay_gen[30].phi_delay_reg[31][31]_srl32_bs_delay_gen_c_30_i_6399__0/CO[3]
                         net (fo=1, unplaced)         0.000    39.924    u_bs_datapath/u_norm_d2/phi_delay_gen[30].phi_delay_reg[31][31]_srl32_bs_delay_gen_c_30_i_6399__0_n_0
                         CARRY4 (Prop_carry4_CI_CO[3])
                                                      0.117    40.041 r  u_bs_datapath/u_norm_d2/phi_delay_gen[30].phi_delay_reg[31][31]_srl32_bs_delay_gen_c_30_i_5741__0/CO[3]
                         net (fo=1, unplaced)         0.000    40.041    u_bs_datapath/u_norm_d2/phi_delay_gen[30].phi_delay_reg[31][31]_srl32_bs_delay_gen_c_30_i_5741__0_n_0
                         CARRY4 (Prop_carry4_CI_CO[3])
                                                      0.117    40.158 r  u_bs_datapath/u_norm_d2/phi_delay_gen[30].phi_delay_reg[31][31]_srl32_bs_delay_gen_c_30_i_4918__0/CO[3]
                         net (fo=1, unplaced)         0.000    40.158    u_bs_datapath/u_norm_d2/phi_delay_gen[30].phi_delay_reg[31][31]_srl32_bs_delay_gen_c_30_i_4918__0_n_0
                         CARRY4 (Prop_carry4_CI_CO[3])
                                                      0.117    40.275 r  u_bs_datapath/u_norm_d2/phi_delay_gen[30].phi_delay_reg[31][31]_srl32_bs_delay_gen_c_30_i_4007__0/CO[3]
                         net (fo=1, unplaced)         0.000    40.275    u_bs_datapath/u_norm_d2/phi_delay_gen[30].phi_delay_reg[31][31]_srl32_bs_delay_gen_c_30_i_4007__0_n_0
                         CARRY4 (Prop_carry4_CI_CO[3])
                                                      0.117    40.392 r  u_bs_datapath/u_norm_d2/phi_delay_gen[30].phi_delay_reg[31][31]_srl32_bs_delay_gen_c_30_i_3185__0/CO[3]
                         net (fo=1, unplaced)         0.000    40.392    u_bs_datapath/u_norm_d2/phi_delay_gen[30].phi_delay_reg[31][31]_srl32_bs_delay_gen_c_30_i_3185__0_n_0
                         CARRY4 (Prop_carry4_CI_CO[3])
                                                      0.117    40.509 r  u_bs_datapath/u_norm_d2/phi_delay_gen[30].phi_delay_reg[31][31]_srl32_bs_delay_gen_c_30_i_2326__0/CO[3]
                         net (fo=1, unplaced)         0.000    40.509    u_bs_datapath/u_norm_d2/phi_delay_gen[30].phi_delay_reg[31][31]_srl32_bs_delay_gen_c_30_i_2326__0_n_0
                         CARRY4 (Prop_carry4_CI_CO[2])
                                                      0.252    40.761 r  u_bs_datapath/u_norm_d2/phi_delay_gen[30].phi_delay_reg[31][31]_srl32_bs_delay_gen_c_30_i_1764__0/CO[2]
                         net (fo=20, unplaced)        0.396    41.157    u_bs_datapath/u_norm_d2/phi_delay_gen[30].phi_delay_reg[31][31]_srl32_bs_delay_gen_c_30_i_1764__0_n_1
                         CARRY4 (Prop_carry4_CYINIT_CO[3])
                                                      0.781    41.938 r  u_bs_datapath/u_norm_d2/phi_delay_gen[30].phi_delay_reg[31][31]_srl32_bs_delay_gen_c_30_i_1347__0/CO[3]
                         net (fo=1, unplaced)         0.000    41.938    u_bs_datapath/u_norm_d2/phi_delay_gen[30].phi_delay_reg[31][31]_srl32_bs_delay_gen_c_30_i_1347__0_n_0
                         CARRY4 (Prop_carry4_CI_CO[3])
                                                      0.117    42.055 r  u_bs_datapath/u_norm_d2/phi_delay_gen[30].phi_delay_reg[31][31]_srl32_bs_delay_gen_c_30_i_1072__0/CO[3]
                         net (fo=1, unplaced)         0.000    42.055    u_bs_datapath/u_norm_d2/phi_delay_gen[30].phi_delay_reg[31][31]_srl32_bs_delay_gen_c_30_i_1072__0_n_0
                         CARRY4 (Prop_carry4_CI_CO[0])
                                                      0.281    42.336 r  u_bs_datapath/u_norm_d2/phi_delay_gen[30].phi_delay_reg[31][31]_srl32_bs_delay_gen_c_30_i_839__0/CO[0]
                         net (fo=4, unplaced)         0.358    42.694    u_bs_datapath/u_norm_d2/phi_delay_gen[30].phi_delay_reg[31][31]_srl32_bs_delay_gen_c_30_i_839__0_n_3
                         CARRY4 (Prop_carry4_CYINIT_O[1])
                                                      0.887    43.581 r  u_bs_datapath/u_norm_d2/phi_delay_gen[30].phi_delay_reg[31][31]_srl32_bs_delay_gen_c_30_i_607__0/O[1]
                         net (fo=3, unplaced)         0.629    44.210    u_bs_datapath/u_norm_d2/phi_delay_gen[30].phi_delay_reg[31][31]_srl32_bs_delay_gen_c_30_i_607__0_n_6
                         LUT3 (Prop_lut3_I0_O)        0.306    44.516 r  u_bs_datapath/u_norm_d2/phi_delay_gen[30].phi_delay_reg[31][31]_srl32_bs_delay_gen_c_30_i_835__0/O
                         net (fo=1, unplaced)         0.000    44.516    u_bs_datapath/u_norm_d2/phi_delay_gen[30].phi_delay_reg[31][31]_srl32_bs_delay_gen_c_30_i_835__0_n_0
                         CARRY4 (Prop_carry4_S[3]_CO[3])
                                                      0.376    44.892 r  u_bs_datapath/u_norm_d2/phi_delay_gen[30].phi_delay_reg[31][31]_srl32_bs_delay_gen_c_30_i_606__0/CO[3]
                         net (fo=47, unplaced)        0.999    45.891    u_bs_datapath/u_norm_d2/phi_delay_gen[30].phi_delay_reg[31][31]_srl32_bs_delay_gen_c_30_i_606__0_n_0
                         LUT5 (Prop_lut5_I3_O)        0.124    46.015 r  u_bs_datapath/u_norm_d2/phi_delay_gen[30].phi_delay_reg[31][8]_srl32_bs_delay_gen_c_30_i_469__0/O
                         net (fo=1, unplaced)         0.333    46.348    u_bs_datapath/u_norm_d2/phi_delay_gen[30].phi_delay_reg[31][8]_srl32_bs_delay_gen_c_30_i_469__0_n_0
                         CARRY4 (Prop_carry4_CYINIT_CO[3])
                                                      0.595    46.943 r  u_bs_datapath/u_norm_d2/phi_delay_gen[30].phi_delay_reg[31][8]_srl32_bs_delay_gen_c_30_i_421__0/CO[3]
                         net (fo=1, unplaced)         0.000    46.943    u_bs_datapath/u_norm_d2/phi_delay_gen[30].phi_delay_reg[31][8]_srl32_bs_delay_gen_c_30_i_421__0_n_0
                         CARRY4 (Prop_carry4_CI_CO[3])
                                                      0.117    47.060 r  u_bs_datapath/u_norm_d2/phi_delay_gen[30].phi_delay_reg[31][8]_srl32_bs_delay_gen_c_30_i_455__0/CO[3]
                         net (fo=1, unplaced)         0.000    47.060    u_bs_datapath/u_norm_d2/phi_delay_gen[30].phi_delay_reg[31][8]_srl32_bs_delay_gen_c_30_i_455__0_n_0
                         CARRY4 (Prop_carry4_CI_CO[3])
                                                      0.117    47.177 r  u_bs_datapath/u_norm_d2/phi_delay_gen[30].phi_delay_reg[31][8]_srl32_bs_delay_gen_c_30_i_444__0/CO[3]
                         net (fo=1, unplaced)         0.000    47.177    u_bs_datapath/u_norm_d2/phi_delay_gen[30].phi_delay_reg[31][8]_srl32_bs_delay_gen_c_30_i_444__0_n_0
                         CARRY4 (Prop_carry4_CI_CO[3])
                                                      0.117    47.294 r  u_bs_datapath/u_norm_d2/phi_delay_gen[30].phi_delay_reg[31][31]_srl32_bs_delay_gen_c_30_i_1607__0/CO[3]
                         net (fo=1, unplaced)         0.000    47.294    u_bs_datapath/u_norm_d2/phi_delay_gen[30].phi_delay_reg[31][31]_srl32_bs_delay_gen_c_30_i_1607__0_n_0
                         CARRY4 (Prop_carry4_CI_CO[3])
                                                      0.117    47.411 r  u_bs_datapath/u_norm_d2/phi_delay_gen[30].phi_delay_reg[31][31]_srl32_bs_delay_gen_c_30_i_1239__0/CO[3]
                         net (fo=1, unplaced)         0.000    47.411    u_bs_datapath/u_norm_d2/phi_delay_gen[30].phi_delay_reg[31][31]_srl32_bs_delay_gen_c_30_i_1239__0_n_0
                         CARRY4 (Prop_carry4_CI_CO[3])
                                                      0.117    47.528 r  u_bs_datapath/u_norm_d2/phi_delay_gen[30].phi_delay_reg[31][31]_srl32_bs_delay_gen_c_30_i_989__0/CO[3]
                         net (fo=1, unplaced)         0.000    47.528    u_bs_datapath/u_norm_d2/phi_delay_gen[30].phi_delay_reg[31][31]_srl32_bs_delay_gen_c_30_i_989__0_n_0
                         CARRY4 (Prop_carry4_CI_CO[3])
                                                      0.117    47.645 r  u_bs_datapath/u_norm_d2/phi_delay_gen[30].phi_delay_reg[31][31]_srl32_bs_delay_gen_c_30_i_756__0/CO[3]
                         net (fo=1, unplaced)         0.000    47.645    u_bs_datapath/u_norm_d2/phi_delay_gen[30].phi_delay_reg[31][31]_srl32_bs_delay_gen_c_30_i_756__0_n_0
                         CARRY4 (Prop_carry4_CI_CO[3])
                                                      0.117    47.762 r  u_bs_datapath/u_norm_d2/phi_delay_gen[30].phi_delay_reg[31][31]_srl32_bs_delay_gen_c_30_i_541__0/CO[3]
                         net (fo=1, unplaced)         0.000    47.762    u_bs_datapath/u_norm_d2/phi_delay_gen[30].phi_delay_reg[31][31]_srl32_bs_delay_gen_c_30_i_541__0_n_0
                         CARRY4 (Prop_carry4_CI_CO[3])
                                                      0.117    47.879 r  u_bs_datapath/u_norm_d2/phi_delay_gen[30].phi_delay_reg[31][31]_srl32_bs_delay_gen_c_30_i_456__0/CO[3]
                         net (fo=1, unplaced)         0.000    47.879    u_bs_datapath/u_norm_d2/phi_delay_gen[30].phi_delay_reg[31][31]_srl32_bs_delay_gen_c_30_i_456__0_n_0
                         CARRY4 (Prop_carry4_CI_CO[3])
                                                      0.117    47.996 r  u_bs_datapath/u_norm_d2/phi_delay_gen[30].phi_delay_reg[31][31]_srl32_bs_delay_gen_c_30_i_441__0/CO[3]
                         net (fo=1, unplaced)         0.000    47.996    u_bs_datapath/u_norm_d2/phi_delay_gen[30].phi_delay_reg[31][31]_srl32_bs_delay_gen_c_30_i_441__0_n_0
                         CARRY4 (Prop_carry4_CI_CO[1])
                                                      0.179    48.175 r  u_bs_datapath/u_norm_d2/phi_delay_gen[30].phi_delay_reg[31][31]_srl32_bs_delay_gen_c_30_i_794__0/CO[1]
                         net (fo=6, unplaced)         0.557    48.732    u_bs_datapath/u_norm_d2/phi_delay_gen[30].phi_delay_reg[31][31]_srl32_bs_delay_gen_c_30_i_794__0_n_2
                         CARRY4 (Prop_carry4_CYINIT_CO[2])
                                                      0.840    49.572 r  u_bs_datapath/u_norm_d2/phi_delay_gen[30].phi_delay_reg[31][31]_srl32_bs_delay_gen_c_30_i_791__0/CO[2]
                         net (fo=6, unplaced)         0.368    49.940    u_bs_datapath/u_norm_d2/phi_delay_gen[30].phi_delay_reg[31][31]_srl32_bs_delay_gen_c_30_i_791__0_n_1
                         CARRY4 (Prop_carry4_CYINIT_CO[2])
                                                      0.818    50.758 r  u_bs_datapath/u_norm_d2/phi_delay_gen[30].phi_delay_reg[31][31]_srl32_bs_delay_gen_c_30_i_788__0/CO[2]
                         net (fo=6, unplaced)         0.368    51.126    u_bs_datapath/u_norm_d2/phi_delay_gen[30].phi_delay_reg[31][31]_srl32_bs_delay_gen_c_30_i_788__0_n_1
                         CARRY4 (Prop_carry4_CYINIT_CO[2])
                                                      0.818    51.944 r  u_bs_datapath/u_norm_d2/phi_delay_gen[30].phi_delay_reg[31][31]_srl32_bs_delay_gen_c_30_i_820__0/CO[2]
                         net (fo=6, unplaced)         0.368    52.312    u_bs_datapath/u_norm_d2/phi_delay_gen[30].phi_delay_reg[31][31]_srl32_bs_delay_gen_c_30_i_820__0_n_1
                         CARRY4 (Prop_carry4_CYINIT_CO[2])
                                                      0.818    53.130 r  u_bs_datapath/u_norm_d2/phi_delay_gen[30].phi_delay_reg[31][31]_srl32_bs_delay_gen_c_30_i_660__0/CO[2]
                         net (fo=6, unplaced)         0.368    53.498    u_bs_datapath/u_norm_d2/phi_delay_gen[30].phi_delay_reg[31][31]_srl32_bs_delay_gen_c_30_i_660__0_n_1
                         CARRY4 (Prop_carry4_CYINIT_CO[3])
                                                      0.781    54.279 r  u_bs_datapath/u_norm_d2/phi_delay_gen[30].phi_delay_reg[31][31]_srl32_bs_delay_gen_c_30_i_654__0/CO[3]
                         net (fo=1, unplaced)         0.000    54.279    u_bs_datapath/u_norm_d2/phi_delay_gen[30].phi_delay_reg[31][31]_srl32_bs_delay_gen_c_30_i_654__0_n_0
                         CARRY4 (Prop_carry4_CI_CO[2])
                                                      0.252    54.531 r  u_bs_datapath/u_norm_d2/phi_delay_gen[30].phi_delay_reg[31][31]_srl32_bs_delay_gen_c_30_i_478__0/CO[2]
                         net (fo=6, unplaced)         0.368    54.899    u_bs_datapath/u_norm_d2/phi_delay_gen[30].phi_delay_reg[31][31]_srl32_bs_delay_gen_c_30_i_478__0_n_1
                         CARRY4 (Prop_carry4_CYINIT_CO[2])
                                                      0.818    55.717 r  u_bs_datapath/u_norm_d2/phi_delay_gen[30].phi_delay_reg[31][31]_srl32_bs_delay_gen_c_30_i_324__0/CO[2]
                         net (fo=6, unplaced)         0.368    56.085    u_bs_datapath/u_norm_d2/phi_delay_gen[30].phi_delay_reg[31][31]_srl32_bs_delay_gen_c_30_i_324__0_n_1
                         CARRY4 (Prop_carry4_CYINIT_CO[2])
                                                      0.818    56.903 f  u_bs_datapath/u_norm_d2/phi_delay_gen[30].phi_delay_reg[31][31]_srl32_bs_delay_gen_c_30_i_320__0/CO[2]
                         net (fo=6, unplaced)         0.484    57.387    u_bs_datapath/u_norm_d2/phi_delay_gen[30].phi_delay_reg[31][31]_srl32_bs_delay_gen_c_30_i_320__0_n_1
                         LUT2 (Prop_lut2_I1_O)        0.302    57.689 r  u_bs_datapath/u_norm_d2/phi_delay_gen[30].phi_delay_reg[31][31]_srl32_bs_delay_gen_c_30_i_517__0/O
                         net (fo=1, unplaced)         0.449    58.138    u_bs_datapath/u_norm_d2/exp_approx_var3__0[62]
                         LUT6 (Prop_lut6_I0_O)        0.124    58.262 r  u_bs_datapath/u_norm_d2/phi_delay_gen[30].phi_delay_reg[31][31]_srl32_bs_delay_gen_c_30_i_328__0/O
                         net (fo=1, unplaced)         0.449    58.711    u_bs_datapath/u_norm_d2/phi_delay_gen[30].phi_delay_reg[31][31]_srl32_bs_delay_gen_c_30_i_328__0_n_0
                         LUT6 (Prop_lut6_I1_O)        0.124    58.835 r  u_bs_datapath/u_norm_d2/phi_delay_gen[30].phi_delay_reg[31][31]_srl32_bs_delay_gen_c_30_i_203__0/O
                         net (fo=1, unplaced)         0.000    58.835    u_bs_datapath/u_norm_d2/phi_delay_gen[30].phi_delay_reg[31][31]_srl32_bs_delay_gen_c_30_i_203__0_n_0
                         CARRY4 (Prop_carry4_S[0]_O[3])
                                                      0.608    59.443 f  u_bs_datapath/u_norm_d2/phi_delay_gen[30].phi_delay_reg[31][31]_srl32_bs_delay_gen_c_30_i_91__0/O[3]
                         net (fo=390, unplaced)       0.752    60.195    u_bs_datapath/u_norm_d2/exp_approx_var2[63]
                         LUT2 (Prop_lut2_I1_O)        0.307    60.502 r  u_bs_datapath/u_norm_d2/phi_delay_gen[30].phi_delay_reg[31][8]_srl32_bs_delay_gen_c_30_i_272__0/O
                         net (fo=1, unplaced)         0.000    60.502    u_bs_datapath/u_norm_d2/exp_approx_var[0]
                         CARRY4 (Prop_carry4_S[1]_CO[3])
                                                      0.533    61.035 r  u_bs_datapath/u_norm_d2/phi_delay_gen[30].phi_delay_reg[31][8]_srl32_bs_delay_gen_c_30_i_176__0/CO[3]
                         net (fo=1, unplaced)         0.000    61.035    u_bs_datapath/u_norm_d2/phi_delay_gen[30].phi_delay_reg[31][8]_srl32_bs_delay_gen_c_30_i_176__0_n_0
                         CARRY4 (Prop_carry4_CI_O[0])
                                                      0.232    61.267 r  u_bs_datapath/u_norm_d2/phi_delay_gen[30].phi_delay_reg[31][8]_srl32_bs_delay_gen_c_30_i_171__0/O[0]
                         net (fo=2, unplaced)         0.752    62.019    u_bs_datapath/u_norm_d2/phi_delay_gen[30].phi_delay_reg[31][8]_srl32_bs_delay_gen_c_30_i_171__0_n_7
                         LUT3 (Prop_lut3_I0_O)        0.295    62.314 r  u_bs_datapath/u_norm_d2/phi_delay_gen[30].phi_delay_reg[31][8]_srl32_bs_delay_gen_c_30_i_101__0/O
                         net (fo=2, unplaced)         0.650    62.964    u_bs_datapath/u_norm_d2/phi_delay_gen[30].phi_delay_reg[31][8]_srl32_bs_delay_gen_c_30_i_101__0_n_0
                         CARRY4 (Prop_carry4_DI[1]_CO[3])
                                                      0.520    63.484 r  u_bs_datapath/u_norm_d2/phi_delay_gen[30].phi_delay_reg[31][8]_srl32_bs_delay_gen_c_30_i_42__0/CO[3]
                         net (fo=1, unplaced)         0.000    63.484    u_bs_datapath/u_norm_d2/phi_delay_gen[30].phi_delay_reg[31][8]_srl32_bs_delay_gen_c_30_i_42__0_n_0
                         CARRY4 (Prop_carry4_CI_O[0])
                                                      0.232    63.716 r  u_bs_datapath/u_norm_d2/phi_delay_gen[30].phi_delay_reg[31][8]_srl32_bs_delay_gen_c_30_i_39__0/O[0]
                         net (fo=2, unplaced)         0.752    64.468    u_bs_datapath/u_norm_d2/phi_delay_gen[30].phi_delay_reg[31][8]_srl32_bs_delay_gen_c_30_i_39__0_n_7
                         LUT3 (Prop_lut3_I0_O)        0.295    64.763 r  u_bs_datapath/u_norm_d2/phi_delay_gen[30].phi_delay_reg[31][8]_srl32_bs_delay_gen_c_30_i_22__0/O
                         net (fo=2, unplaced)         0.650    65.413    u_bs_datapath/u_norm_d2/phi_delay_gen[30].phi_delay_reg[31][8]_srl32_bs_delay_gen_c_30_i_22__0_n_0
                         CARRY4 (Prop_carry4_DI[1]_CO[3])
                                                      0.520    65.933 r  u_bs_datapath/u_norm_d2/phi_delay_gen[30].phi_delay_reg[31][8]_srl32_bs_delay_gen_c_30_i_10__0/CO[3]
                         net (fo=1, unplaced)         0.000    65.933    u_bs_datapath/u_norm_d2/phi_delay_gen[30].phi_delay_reg[31][8]_srl32_bs_delay_gen_c_30_i_10__0_n_0
                         CARRY4 (Prop_carry4_CI_O[1])
                                                      0.337    66.270 r  u_bs_datapath/u_norm_d2/phi_delay_gen[30].phi_delay_reg[31][8]_srl32_bs_delay_gen_c_30_i_9__0/O[1]
                         net (fo=1, unplaced)         0.715    66.985    u_bs_datapath/u_norm_d2/phi_delay_gen[30].phi_delay_reg[31][8]_srl32_bs_delay_gen_c_30_i_9__0_n_6
                         CARRY4 (Prop_carry4_S[1]_CO[3])
                                                      0.839    67.824 r  u_bs_datapath/u_norm_d2/phi_delay_gen[30].phi_delay_reg[31][8]_srl32_bs_delay_gen_c_30_i_3__0/CO[3]
                         net (fo=1, unplaced)         0.000    67.824    u_bs_datapath/u_norm_d2/phi_delay_gen[30].phi_delay_reg[31][8]_srl32_bs_delay_gen_c_30_i_3__0_n_0
                         CARRY4 (Prop_carry4_CI_O[3])
                                                      0.331    68.155 r  u_bs_datapath/u_norm_d2/phi_delay_gen[30].phi_delay_reg[31][16]_srl32_bs_delay_gen_c_30_i_8__0/O[3]
                         net (fo=2, unplaced)         0.629    68.784    u_bs_datapath/u_norm_d2/PCIN__8[39]
                         LUT2 (Prop_lut2_I0_O)        0.307    69.091 r  u_bs_datapath/u_norm_d2/phi_delay_gen[30].phi_delay_reg[31][16]_srl32_bs_delay_gen_c_30_i_10__0/O
                         net (fo=1, unplaced)         0.000    69.091    u_bs_datapath/u_norm_d2/phi_delay_gen[30].phi_delay_reg[31][16]_srl32_bs_delay_gen_c_30_i_10__0_n_0
                         CARRY4 (Prop_carry4_S[2]_CO[3])
                                                      0.380    69.471 r  u_bs_datapath/u_norm_d2/phi_delay_gen[30].phi_delay_reg[31][16]_srl32_bs_delay_gen_c_30_i_3__0/CO[3]
                         net (fo=1, unplaced)         0.000    69.471    u_bs_datapath/u_norm_d2/phi_delay_gen[30].phi_delay_reg[31][16]_srl32_bs_delay_gen_c_30_i_3__0_n_0
                         CARRY4 (Prop_carry4_CI_O[3])
                                                      0.331    69.802 r  u_bs_datapath/u_norm_d2/phi_delay_gen[30].phi_delay_reg[31][20]_srl32_bs_delay_gen_c_30_i_3__0/O[3]
                         net (fo=2, unplaced)         0.629    70.431    u_bs_datapath/u_norm_d2/phi_delay_gen[30].phi_delay_reg[31][20]_srl32_bs_delay_gen_c_30_i_3__0_n_4
                         LUT2 (Prop_lut2_I0_O)        0.307    70.738 r  u_bs_datapath/u_norm_d2/phi_delay_gen[30].phi_delay_reg[31][20]_srl32_bs_delay_gen_c_30_i_4__0/O
                         net (fo=1, unplaced)         0.000    70.738    u_bs_datapath/u_norm_d2/phi_delay_gen[30].phi_delay_reg[31][20]_srl32_bs_delay_gen_c_30_i_4__0_n_0
                         CARRY4 (Prop_carry4_S[3]_CO[3])
                                                      0.376    71.114 r  u_bs_datapath/u_norm_d2/phi_delay_gen[30].phi_delay_reg[31][20]_srl32_bs_delay_gen_c_30_i_2__0/CO[3]
                         net (fo=1, unplaced)         0.000    71.114    u_bs_datapath/u_norm_d2/phi_delay_gen[30].phi_delay_reg[31][20]_srl32_bs_delay_gen_c_30_i_2__0_n_0
                         CARRY4 (Prop_carry4_CI_O[3])
                                                      0.331    71.445 r  u_bs_datapath/u_norm_d2/phi_delay_gen[30].phi_delay_reg[31][24]_srl32_bs_delay_gen_c_30_i_2__0/O[3]
                         net (fo=1, unplaced)         0.618    72.063    u_bs_datapath/u_norm_d2/phi_delay_gen[30].phi_delay_reg[31][24]_srl32_bs_delay_gen_c_30_i_2__0_n_4
                         LUT2 (Prop_lut2_I0_O)        0.307    72.370 r  u_bs_datapath/u_norm_d2/phi_delay_gen[30].phi_delay_reg[31][24]_srl32_bs_delay_gen_c_30_i_1__0/O
                         net (fo=1, unplaced)         0.333    72.703    u_bs_datapath/u_norm_d2/phi_delay_gen[30].phi_delay_reg[31][24]_srl32_bs_delay_gen_c_30_i_1__0_n_0
                         SRLC32E                                      r  u_bs_datapath/u_norm_d2/phi_delay_gen[30].phi_delay_reg[31][24]_srl32_bs_delay_gen_c_30/D
  -------------------------------------------------------------------    -------------------

                         (clock clk rise edge)        4.000     4.000 r  
                                                      0.000     4.000 r  clk (IN)
                         net (fo=20254, unset)        0.924     4.924    u_bs_datapath/u_norm_d2/clk
                         SRLC32E                                      r  u_bs_datapath/u_norm_d2/phi_delay_gen[30].phi_delay_reg[31][24]_srl32_bs_delay_gen_c_30/CLK
                         clock pessimism              0.000     4.924    
                         clock uncertainty           -0.035     4.889    
                         SRLC32E (Setup_srlc32e_CLK_D)
                                                     -0.030     4.859    u_bs_datapath/u_norm_d2/phi_delay_gen[30].phi_delay_reg[31][24]_srl32_bs_delay_gen_c_30
  -------------------------------------------------------------------
                         required time                          4.859    
                         arrival time                         -72.703    
  -------------------------------------------------------------------
                         slack                                -67.844    

Slack (VIOLATED) :        -67.823ns  (required time - arrival time)
  Source:                 u_bs_datapath/u_norm_d1/x2_half1_reg[2]/C
                            (rising edge-triggered cell FDCE clocked by clk  {rise@0.000ns fall@2.000ns period=4.000ns})
  Destination:            u_bs_datapath/u_norm_d1/phi_delay_gen[30].phi_delay_reg[31][31]_srl32_bs_delay_gen_c_30/D
                            (rising edge-triggered cell SRLC32E clocked by clk  {rise@0.000ns fall@2.000ns period=4.000ns})
  Path Group:             clk
  Path Type:              Setup (Max at Slow Process Corner)
  Requirement:            4.000ns  (clk rise@4.000ns - clk rise@0.000ns)
  Data Path Delay:        71.709ns  (logic 39.064ns (54.476%)  route 32.645ns (45.524%))
  Logic Levels:           116  (CARRY4=83 LUT1=1 LUT2=7 LUT3=10 LUT4=5 LUT5=4 LUT6=6)
  Clock Path Skew:        -0.049ns (DCD - SCD + CPR)
    Destination Clock Delay (DCD):    0.924ns = ( 4.924 - 4.000 ) 
    Source Clock Delay      (SCD):    0.973ns
    Clock Pessimism Removal (CPR):    0.000ns
  Clock Uncertainty:      0.035ns  ((TSJ^2 + TIJ^2)^1/2 + DJ) / 2 + PE
    Total System Jitter     (TSJ):    0.071ns
    Total Input Jitter      (TIJ):    0.000ns
    Discrete Jitter          (DJ):    0.000ns
    Phase Error              (PE):    0.000ns

    Location             Delay type                Incr(ns)  Path(ns)    Netlist Resource(s)
  -------------------------------------------------------------------    -------------------
                         (clock clk rise edge)        0.000     0.000 r  
                                                      0.000     0.000 r  clk (IN)
                         net (fo=20254, unset)        0.973     0.973    u_bs_datapath/u_norm_d1/clk
                         FDCE                                         r  u_bs_datapath/u_norm_d1/x2_half1_reg[2]/C
  -------------------------------------------------------------------    -------------------
                         FDCE (Prop_fdce_C_Q)         0.518     1.491 r  u_bs_datapath/u_norm_d1/x2_half1_reg[2]/Q
                         net (fo=183, unplaced)       1.080     2.571    u_bs_datapath/u_norm_d1/x2_half1[2]
                         LUT6 (Prop_lut6_I0_O)        0.295     2.866 r  u_bs_datapath/u_norm_d1/phi_delay_gen[30].phi_delay_reg[31][8]_srl32_bs_delay_gen_c_30_i_2283/O
                         net (fo=1, unplaced)         0.639     3.505    u_bs_datapath/u_norm_d1/phi_delay_gen[30].phi_delay_reg[31][8]_srl32_bs_delay_gen_c_30_i_2283_n_0
                         CARRY4 (Prop_carry4_DI[1]_O[3])
                                                      0.629     4.134 r  u_bs_datapath/u_norm_d1/phi_delay_gen[30].phi_delay_reg[31][8]_srl32_bs_delay_gen_c_30_i_2053/O[3]
                         net (fo=2, unplaced)         0.629     4.763    u_bs_datapath/u_norm_d1/phi_delay_gen[30].phi_delay_reg[31][8]_srl32_bs_delay_gen_c_30_i_2053_n_4
                         LUT3 (Prop_lut3_I2_O)        0.307     5.070 r  u_bs_datapath/u_norm_d1/phi_delay_gen[30].phi_delay_reg[31][8]_srl32_bs_delay_gen_c_30_i_1819/O
                         net (fo=2, unplaced)         0.460     5.530    u_bs_datapath/u_norm_d1/phi_delay_gen[30].phi_delay_reg[31][8]_srl32_bs_delay_gen_c_30_i_1819_n_0
                         LUT4 (Prop_lut4_I3_O)        0.124     5.654 r  u_bs_datapath/u_norm_d1/phi_delay_gen[30].phi_delay_reg[31][8]_srl32_bs_delay_gen_c_30_i_1823/O
                         net (fo=1, unplaced)         0.000     5.654    u_bs_datapath/u_norm_d1/phi_delay_gen[30].phi_delay_reg[31][8]_srl32_bs_delay_gen_c_30_i_1823_n_0
                         CARRY4 (Prop_carry4_S[0]_CO[3])
                                                      0.513     6.167 r  u_bs_datapath/u_norm_d1/phi_delay_gen[30].phi_delay_reg[31][8]_srl32_bs_delay_gen_c_30_i_1578/CO[3]
                         net (fo=1, unplaced)         0.000     6.167    u_bs_datapath/u_norm_d1/phi_delay_gen[30].phi_delay_reg[31][8]_srl32_bs_delay_gen_c_30_i_1578_n_0
                         CARRY4 (Prop_carry4_CI_O[1])
                                                      0.337     6.504 r  u_bs_datapath/u_norm_d1/phi_delay_gen[30].phi_delay_reg[31][8]_srl32_bs_delay_gen_c_30_i_1256/O[1]
                         net (fo=2, unplaced)         0.622     7.126    u_bs_datapath/u_norm_d1/phi_delay_gen[30].phi_delay_reg[31][8]_srl32_bs_delay_gen_c_30_i_1256_n_6
                         LUT3 (Prop_lut3_I0_O)        0.306     7.432 r  u_bs_datapath/u_norm_d1/phi_delay_gen[30].phi_delay_reg[31][8]_srl32_bs_delay_gen_c_30_i_1233/O
                         net (fo=2, unplaced)         0.460     7.892    u_bs_datapath/u_norm_d1/phi_delay_gen[30].phi_delay_reg[31][8]_srl32_bs_delay_gen_c_30_i_1233_n_0
                         LUT4 (Prop_lut4_I3_O)        0.124     8.016 r  u_bs_datapath/u_norm_d1/phi_delay_gen[30].phi_delay_reg[31][8]_srl32_bs_delay_gen_c_30_i_1237/O
                         net (fo=1, unplaced)         0.000     8.016    u_bs_datapath/u_norm_d1/phi_delay_gen[30].phi_delay_reg[31][8]_srl32_bs_delay_gen_c_30_i_1237_n_0
                         CARRY4 (Prop_carry4_S[2]_CO[3])
                                                      0.380     8.396 r  u_bs_datapath/u_norm_d1/phi_delay_gen[30].phi_delay_reg[31][8]_srl32_bs_delay_gen_c_30_i_896/CO[3]
                         net (fo=1, unplaced)         0.000     8.396    u_bs_datapath/u_norm_d1/phi_delay_gen[30].phi_delay_reg[31][8]_srl32_bs_delay_gen_c_30_i_896_n_0
                         CARRY4 (Prop_carry4_CI_O[1])
                                                      0.337     8.733 r  u_bs_datapath/u_norm_d1/phi_delay_gen[30].phi_delay_reg[31][8]_srl32_bs_delay_gen_c_30_i_689/O[1]
                         net (fo=1, unplaced)         0.715     9.448    u_bs_datapath/u_norm_d1/phi_delay_gen[30].phi_delay_reg[31][8]_srl32_bs_delay_gen_c_30_i_689_n_6
                         CARRY4 (Prop_carry4_S[1]_CO[3])
                                                      0.839    10.287 r  u_bs_datapath/u_norm_d1/phi_delay_gen[30].phi_delay_reg[31][8]_srl32_bs_delay_gen_c_30_i_527/CO[3]
                         net (fo=1, unplaced)         0.000    10.287    u_bs_datapath/u_norm_d1/phi_delay_gen[30].phi_delay_reg[31][8]_srl32_bs_delay_gen_c_30_i_527_n_0
                         CARRY4 (Prop_carry4_CI_O[0])
                                                      0.232    10.519 r  u_bs_datapath/u_norm_d1/phi_delay_gen[30].phi_delay_reg[31][8]_srl32_bs_delay_gen_c_30_i_522/O[0]
                         net (fo=2, unplaced)         0.657    11.176    u_bs_datapath/u_norm_d1/PCIN__2_1[24]
                         CARRY4 (Prop_carry4_DI[3]_CO[3])
                                                      0.567    11.743 r  u_bs_datapath/u_norm_d1/phi_delay_gen[30].phi_delay_reg[31][8]_srl32_bs_delay_gen_c_30_i_438/CO[3]
                         net (fo=1, unplaced)         0.000    11.743    u_bs_datapath/u_norm_d1/phi_delay_gen[30].phi_delay_reg[31][8]_srl32_bs_delay_gen_c_30_i_438_n_0
                         CARRY4 (Prop_carry4_CI_O[3])
                                                      0.331    12.074 r  u_bs_datapath/u_norm_d1/phi_delay_gen[30].phi_delay_reg[31][8]_srl32_bs_delay_gen_c_30_i_437/O[3]
                         net (fo=2, unplaced)         0.629    12.703    u_bs_datapath/u_norm_d1/phi_delay_gen[30].phi_delay_reg[31][8]_srl32_bs_delay_gen_c_30_i_437_n_4
                         LUT2 (Prop_lut2_I0_O)        0.307    13.010 r  u_bs_datapath/u_norm_d1/phi_delay_gen[30].phi_delay_reg[31][8]_srl32_bs_delay_gen_c_30_i_463/O
                         net (fo=1, unplaced)         0.000    13.010    u_bs_datapath/u_norm_d1/phi_delay_gen[30].phi_delay_reg[31][8]_srl32_bs_delay_gen_c_30_i_463_n_0
                         CARRY4 (Prop_carry4_S[0]_CO[3])
                                                      0.513    13.523 r  u_bs_datapath/u_norm_d1/phi_delay_gen[30].phi_delay_reg[31][8]_srl32_bs_delay_gen_c_30_i_406/CO[3]
                         net (fo=1, unplaced)         0.000    13.523    u_bs_datapath/u_norm_d1/phi_delay_gen[30].phi_delay_reg[31][8]_srl32_bs_delay_gen_c_30_i_406_n_0
                         CARRY4 (Prop_carry4_CI_O[2])
                                                      0.256    13.779 r  u_bs_datapath/u_norm_d1/phi_delay_gen[30].phi_delay_reg[31][8]_srl32_bs_delay_gen_c_30_i_395/O[2]
                         net (fo=201, unplaced)       1.231    15.010    u_bs_datapath/u_norm_d1/phi_delay_gen[30].phi_delay_reg[31][8]_srl32_bs_delay_gen_c_30_i_395_n_5
                         LUT6 (Prop_lut6_I2_O)        0.301    15.311 r  u_bs_datapath/u_norm_d1/phi_delay_gen[30].phi_delay_reg[31][31]_srl32_bs_delay_gen_c_30_i_6876/O
                         net (fo=2, unplaced)         0.913    16.224    u_bs_datapath/u_norm_d1/phi_delay_gen[30].phi_delay_reg[31][31]_srl32_bs_delay_gen_c_30_i_6876_n_0
                         LUT6 (Prop_lut6_I0_O)        0.124    16.348 r  u_bs_datapath/u_norm_d1/phi_delay_gen[30].phi_delay_reg[31][31]_srl32_bs_delay_gen_c_30_i_6880/O
                         net (fo=1, unplaced)         0.000    16.348    u_bs_datapath/u_norm_d1/phi_delay_gen[30].phi_delay_reg[31][31]_srl32_bs_delay_gen_c_30_i_6880_n_0
                         CARRY4 (Prop_carry4_S[1]_CO[3])
                                                      0.533    16.881 r  u_bs_datapath/u_norm_d1/phi_delay_gen[30].phi_delay_reg[31][31]_srl32_bs_delay_gen_c_30_i_6245/CO[3]
                         net (fo=1, unplaced)         0.000    16.881    u_bs_datapath/u_norm_d1/phi_delay_gen[30].phi_delay_reg[31][31]_srl32_bs_delay_gen_c_30_i_6245_n_0
                         CARRY4 (Prop_carry4_CI_O[0])
                                                      0.232    17.113 r  u_bs_datapath/u_norm_d1/phi_delay_gen[30].phi_delay_reg[31][31]_srl32_bs_delay_gen_c_30_i_5442/O[0]
                         net (fo=2, unplaced)         0.752    17.865    u_bs_datapath/u_norm_d1/phi_delay_gen[30].phi_delay_reg[31][31]_srl32_bs_delay_gen_c_30_i_5442_n_7
                         LUT3 (Prop_lut3_I1_O)        0.295    18.160 r  u_bs_datapath/u_norm_d1/phi_delay_gen[30].phi_delay_reg[31][31]_srl32_bs_delay_gen_c_30_i_5417/O
                         net (fo=2, unplaced)         0.650    18.810    u_bs_datapath/u_norm_d1/phi_delay_gen[30].phi_delay_reg[31][31]_srl32_bs_delay_gen_c_30_i_5417_n_0
                         CARRY4 (Prop_carry4_DI[1]_O[3])
                                                      0.629    19.439 r  u_bs_datapath/u_norm_d1/phi_delay_gen[30].phi_delay_reg[31][31]_srl32_bs_delay_gen_c_30_i_4479/O[3]
                         net (fo=2, unplaced)         0.629    20.068    u_bs_datapath/u_norm_d1/phi_delay_gen[30].phi_delay_reg[31][31]_srl32_bs_delay_gen_c_30_i_4479_n_4
                         LUT3 (Prop_lut3_I0_O)        0.307    20.375 r  u_bs_datapath/u_norm_d1/phi_delay_gen[30].phi_delay_reg[31][31]_srl32_bs_delay_gen_c_30_i_3627/O
                         net (fo=2, unplaced)         0.460    20.835    u_bs_datapath/u_norm_d1/phi_delay_gen[30].phi_delay_reg[31][31]_srl32_bs_delay_gen_c_30_i_3627_n_0
                         LUT4 (Prop_lut4_I3_O)        0.124    20.959 r  u_bs_datapath/u_norm_d1/phi_delay_gen[30].phi_delay_reg[31][31]_srl32_bs_delay_gen_c_30_i_3631/O
                         net (fo=1, unplaced)         0.000    20.959    u_bs_datapath/u_norm_d1/phi_delay_gen[30].phi_delay_reg[31][31]_srl32_bs_delay_gen_c_30_i_3631_n_0
                         CARRY4 (Prop_carry4_S[0]_CO[3])
                                                      0.513    21.472 r  u_bs_datapath/u_norm_d1/phi_delay_gen[30].phi_delay_reg[31][31]_srl32_bs_delay_gen_c_30_i_2782/CO[3]
                         net (fo=1, unplaced)         0.000    21.472    u_bs_datapath/u_norm_d1/phi_delay_gen[30].phi_delay_reg[31][31]_srl32_bs_delay_gen_c_30_i_2782_n_0
                         CARRY4 (Prop_carry4_CI_O[1])
                                                      0.337    21.809 r  u_bs_datapath/u_norm_d1/phi_delay_gen[30].phi_delay_reg[31][31]_srl32_bs_delay_gen_c_30_i_2010/O[1]
                         net (fo=11, unplaced)        0.761    22.570    u_bs_datapath/u_norm_d1/phi_delay_gen[30].phi_delay_reg[31][31]_srl32_bs_delay_gen_c_30_i_2010_n_6
                         CARRY4 (Prop_carry4_S[1]_CO[3])
                                                      0.839    23.409 r  u_bs_datapath/u_norm_d1/phi_delay_gen[30].phi_delay_reg[31][31]_srl32_bs_delay_gen_c_30_i_2759/CO[3]
                         net (fo=1, unplaced)         0.000    23.409    u_bs_datapath/u_norm_d1/phi_delay_gen[30].phi_delay_reg[31][31]_srl32_bs_delay_gen_c_30_i_2759_n_0
                         CARRY4 (Prop_carry4_CI_O[3])
                                                      0.331    23.740 r  u_bs_datapath/u_norm_d1/phi_delay_gen[30].phi_delay_reg[31][31]_srl32_bs_delay_gen_c_30_i_1995/O[3]
                         net (fo=2, unplaced)         0.629    24.369    u_bs_datapath/u_norm_d1/PCIN__6[43]
                         LUT2 (Prop_lut2_I0_O)        0.307    24.676 r  u_bs_datapath/u_norm_d1/phi_delay_gen[30].phi_delay_reg[31][31]_srl32_bs_delay_gen_c_30_i_1997/O
                         net (fo=1, unplaced)         0.000    24.676    u_bs_datapath/u_norm_d1/phi_delay_gen[30].phi_delay_reg[31][31]_srl32_bs_delay_gen_c_30_i_1997_n_0
                         CARRY4 (Prop_carry4_S[2]_CO[3])
                                                      0.380    25.056 r  u_bs_datapath/u_norm_d1/phi_delay_gen[30].phi_delay_reg[31][31]_srl32_bs_delay_gen_c_30_i_1525/CO[3]
                         net (fo=1, unplaced)         0.000    25.056    u_bs_datapath/u_norm_d1/phi_delay_gen[30].phi_delay_reg[31][31]_srl32_bs_delay_gen_c_30_i_1525_n_0
                         CARRY4 (Prop_carry4_CI_CO[3])
                                                      0.117    25.173 r  u_bs_datapath/u_norm_d1/phi_delay_gen[30].phi_delay_reg[31][31]_srl32_bs_delay_gen_c_30_i_1173/CO[3]
                         net (fo=1, unplaced)         0.000    25.173    u_bs_datapath/u_norm_d1/phi_delay_gen[30].phi_delay_reg[31][31]_srl32_bs_delay_gen_c_30_i_1173_n_0
                         CARRY4 (Prop_carry4_CI_CO[3])
                                                      0.117    25.290 r  u_bs_datapath/u_norm_d1/phi_delay_gen[30].phi_delay_reg[31][31]_srl32_bs_delay_gen_c_30_i_1172/CO[3]
                         net (fo=1, unplaced)         0.000    25.290    u_bs_datapath/u_norm_d1/phi_delay_gen[30].phi_delay_reg[31][31]_srl32_bs_delay_gen_c_30_i_1172_n_0
                         CARRY4 (Prop_carry4_CI_CO[3])
                                                      0.117    25.407 r  u_bs_datapath/u_norm_d1/phi_delay_gen[30].phi_delay_reg[31][31]_srl32_bs_delay_gen_c_30_i_960/CO[3]
                         net (fo=1, unplaced)         0.000    25.407    u_bs_datapath/u_norm_d1/phi_delay_gen[30].phi_delay_reg[31][31]_srl32_bs_delay_gen_c_30_i_960_n_0
                         CARRY4 (Prop_carry4_CI_O[1])
                                                      0.337    25.744 r  u_bs_datapath/u_norm_d1/phi_delay_gen[30].phi_delay_reg[31][31]_srl32_bs_delay_gen_c_30_i_713/O[1]
                         net (fo=2, unplaced)         0.622    26.366    u_bs_datapath/u_norm_d1/phi_delay_gen[30].phi_delay_reg[31][31]_srl32_bs_delay_gen_c_30_i_713_n_6
                         LUT3 (Prop_lut3_I0_O)        0.306    26.672 r  u_bs_datapath/u_norm_d1/phi_delay_gen[30].phi_delay_reg[31][31]_srl32_bs_delay_gen_c_30_i_702/O
                         net (fo=2, unplaced)         0.460    27.132    u_bs_datapath/u_norm_d1/phi_delay_gen[30].phi_delay_reg[31][31]_srl32_bs_delay_gen_c_30_i_702_n_0
                         LUT4 (Prop_lut4_I3_O)        0.124    27.256 r  u_bs_datapath/u_norm_d1/phi_delay_gen[30].phi_delay_reg[31][31]_srl32_bs_delay_gen_c_30_i_706/O
                         net (fo=1, unplaced)         0.000    27.256    u_bs_datapath/u_norm_d1/phi_delay_gen[30].phi_delay_reg[31][31]_srl32_bs_delay_gen_c_30_i_706_n_0
                         CARRY4 (Prop_carry4_S[3]_CO[3])
                                                      0.376    27.632 r  u_bs_datapath/u_norm_d1/phi_delay_gen[30].phi_delay_reg[31][31]_srl32_bs_delay_gen_c_30_i_503/CO[3]
                         net (fo=1, unplaced)         0.000    27.632    u_bs_datapath/u_norm_d1/phi_delay_gen[30].phi_delay_reg[31][31]_srl32_bs_delay_gen_c_30_i_503_n_0
                         CARRY4 (Prop_carry4_CI_O[3])
                                                      0.331    27.963 f  u_bs_datapath/u_norm_d1/phi_delay_gen[30].phi_delay_reg[31][31]_srl32_bs_delay_gen_c_30_i_319/O[3]
                         net (fo=772, unplaced)       0.758    28.721    u_bs_datapath/u_norm_d1/exp_approx_var5
                         LUT1 (Prop_lut1_I0_O)        0.307    29.028 r  u_bs_datapath/u_norm_d1/phi_delay_gen[30].phi_delay_reg[31][31]_srl32_bs_delay_gen_c_30_i_717/O
                         net (fo=1, unplaced)         0.000    29.028    u_bs_datapath/u_norm_d1/phi_delay_gen[30].phi_delay_reg[31][31]_srl32_bs_delay_gen_c_30_i_717_n_0
                         CARRY4 (Prop_carry4_S[2]_CO[3])
                                                      0.380    29.408 f  u_bs_datapath/u_norm_d1/phi_delay_gen[30].phi_delay_reg[31][31]_srl32_bs_delay_gen_c_30_i_513/CO[3]
                         net (fo=27, unplaced)        0.985    30.393    u_bs_datapath/u_norm_d1/phi_delay_gen[30].phi_delay_reg[31][31]_srl32_bs_delay_gen_c_30_i_513_n_0
                         LUT2 (Prop_lut2_I1_O)        0.124    30.517 r  u_bs_datapath/u_norm_d1/phi_delay_gen[30].phi_delay_reg[31][31]_srl32_bs_delay_gen_c_30_i_322/O
                         net (fo=275, unplaced)       0.574    31.091    u_bs_datapath/u_norm_d1/phi_delay_gen[30].phi_delay_reg[31][31]_srl32_bs_delay_gen_c_30_i_322_n_0
                         LUT5 (Prop_lut5_I4_O)        0.124    31.215 r  u_bs_datapath/u_norm_d1/phi_delay_gen[30].phi_delay_reg[31][31]_srl32_bs_delay_gen_c_30_i_1082/O
                         net (fo=20, unplaced)        0.699    31.914    u_bs_datapath/u_norm_d1/phi_delay_gen[30].phi_delay_reg[31][31]_srl32_bs_delay_gen_c_30_i_1082_n_0
                         CARRY4 (Prop_carry4_DI[1]_O[3])
                                                      0.629    32.543 r  u_bs_datapath/u_norm_d1/phi_delay_gen[30].phi_delay_reg[31][8]_srl32_bs_delay_gen_c_30_i_1917/O[3]
                         net (fo=2, unplaced)         0.629    33.172    u_bs_datapath/u_norm_d1/phi_delay_gen[30].phi_delay_reg[31][8]_srl32_bs_delay_gen_c_30_i_1917_n_4
                         LUT3 (Prop_lut3_I2_O)        0.307    33.479 r  u_bs_datapath/u_norm_d1/phi_delay_gen[30].phi_delay_reg[31][8]_srl32_bs_delay_gen_c_30_i_1680/O
                         net (fo=2, unplaced)         0.460    33.939    u_bs_datapath/u_norm_d1/phi_delay_gen[30].phi_delay_reg[31][8]_srl32_bs_delay_gen_c_30_i_1680_n_0
                         LUT4 (Prop_lut4_I3_O)        0.124    34.063 r  u_bs_datapath/u_norm_d1/phi_delay_gen[30].phi_delay_reg[31][8]_srl32_bs_delay_gen_c_30_i_1684/O
                         net (fo=1, unplaced)         0.000    34.063    u_bs_datapath/u_norm_d1/phi_delay_gen[30].phi_delay_reg[31][8]_srl32_bs_delay_gen_c_30_i_1684_n_0
                         CARRY4 (Prop_carry4_S[2]_CO[3])
                                                      0.380    34.443 r  u_bs_datapath/u_norm_d1/phi_delay_gen[30].phi_delay_reg[31][8]_srl32_bs_delay_gen_c_30_i_1374/CO[3]
                         net (fo=1, unplaced)         0.000    34.443    u_bs_datapath/u_norm_d1/phi_delay_gen[30].phi_delay_reg[31][8]_srl32_bs_delay_gen_c_30_i_1374_n_0
                         CARRY4 (Prop_carry4_CI_CO[3])
                                                      0.117    34.560 r  u_bs_datapath/u_norm_d1/phi_delay_gen[30].phi_delay_reg[31][8]_srl32_bs_delay_gen_c_30_i_1018/CO[3]
                         net (fo=1, unplaced)         0.000    34.560    u_bs_datapath/u_norm_d1/phi_delay_gen[30].phi_delay_reg[31][8]_srl32_bs_delay_gen_c_30_i_1018_n_0
                         CARRY4 (Prop_carry4_CI_CO[3])
                                                      0.117    34.677 r  u_bs_datapath/u_norm_d1/phi_delay_gen[30].phi_delay_reg[31][8]_srl32_bs_delay_gen_c_30_i_780/CO[3]
                         net (fo=1, unplaced)         0.000    34.677    u_bs_datapath/u_norm_d1/phi_delay_gen[30].phi_delay_reg[31][8]_srl32_bs_delay_gen_c_30_i_780_n_0
                         CARRY4 (Prop_carry4_CI_O[3])
                                                      0.331    35.008 r  u_bs_datapath/u_norm_d1/phi_delay_gen[30].phi_delay_reg[31][8]_srl32_bs_delay_gen_c_30_i_612/O[3]
                         net (fo=3, unplaced)         0.636    35.644    u_bs_datapath/u_norm_d1/phi_delay_gen[30].phi_delay_reg[31][8]_srl32_bs_delay_gen_c_30_i_612_n_4
                         LUT3 (Prop_lut3_I0_O)        0.307    35.951 r  u_bs_datapath/u_norm_d1/phi_delay_gen[30].phi_delay_reg[31][8]_srl32_bs_delay_gen_c_30_i_774/O
                         net (fo=2, unplaced)         0.460    36.411    u_bs_datapath/u_norm_d1/phi_delay_gen[30].phi_delay_reg[31][8]_srl32_bs_delay_gen_c_30_i_774_n_0
                         LUT5 (Prop_lut5_I1_O)        0.124    36.535 r  u_bs_datapath/u_norm_d1/phi_delay_gen[30].phi_delay_reg[31][8]_srl32_bs_delay_gen_c_30_i_599/O
                         net (fo=2, unplaced)         0.430    36.965    u_bs_datapath/u_norm_d1/phi_delay_gen[30].phi_delay_reg[31][8]_srl32_bs_delay_gen_c_30_i_599_n_0
                         LUT6 (Prop_lut6_I0_O)        0.124    37.089 r  u_bs_datapath/u_norm_d1/phi_delay_gen[30].phi_delay_reg[31][8]_srl32_bs_delay_gen_c_30_i_603/O
                         net (fo=1, unplaced)         0.000    37.089    u_bs_datapath/u_norm_d1/phi_delay_gen[30].phi_delay_reg[31][8]_srl32_bs_delay_gen_c_30_i_603_n_0
                         CARRY4 (Prop_carry4_S[3]_CO[3])
                                                      0.376    37.465 r  u_bs_datapath/u_norm_d1/phi_delay_gen[30].phi_delay_reg[31][8]_srl32_bs_delay_gen_c_30_i_483/CO[3]
                         net (fo=1, unplaced)         0.000    37.465    u_bs_datapath/u_norm_d1/phi_delay_gen[30].phi_delay_reg[31][8]_srl32_bs_delay_gen_c_30_i_483_n_0
                         CARRY4 (Prop_carry4_CI_O[3])
                                                      0.331    37.796 r  u_bs_datapath/u_norm_d1/phi_delay_gen[30].phi_delay_reg[31][8]_srl32_bs_delay_gen_c_30_i_424/O[3]
                         net (fo=6, unplaced)         0.840    38.636    u_bs_datapath/u_norm_d1/phi_delay_gen[30].phi_delay_reg[31][8]_srl32_bs_delay_gen_c_30_i_424_n_4
                         CARRY4 (Prop_carry4_S[0]_CO[3])
                                                      0.820    39.456 r  u_bs_datapath/u_norm_d1/phi_delay_gen[30].phi_delay_reg[31][31]_srl32_bs_delay_gen_c_30_i_8143/CO[3]
                         net (fo=1, unplaced)         0.000    39.456    u_bs_datapath/u_norm_d1/phi_delay_gen[30].phi_delay_reg[31][31]_srl32_bs_delay_gen_c_30_i_8143_n_0
                         CARRY4 (Prop_carry4_CI_CO[3])
                                                      0.117    39.573 r  u_bs_datapath/u_norm_d1/phi_delay_gen[30].phi_delay_reg[31][31]_srl32_bs_delay_gen_c_30_i_7832/CO[3]
                         net (fo=1, unplaced)         0.000    39.573    u_bs_datapath/u_norm_d1/phi_delay_gen[30].phi_delay_reg[31][31]_srl32_bs_delay_gen_c_30_i_7832_n_0
                         CARRY4 (Prop_carry4_CI_CO[3])
                                                      0.117    39.690 r  u_bs_datapath/u_norm_d1/phi_delay_gen[30].phi_delay_reg[31][31]_srl32_bs_delay_gen_c_30_i_7434/CO[3]
                         net (fo=1, unplaced)         0.000    39.690    u_bs_datapath/u_norm_d1/phi_delay_gen[30].phi_delay_reg[31][31]_srl32_bs_delay_gen_c_30_i_7434_n_0
                         CARRY4 (Prop_carry4_CI_CO[3])
                                                      0.117    39.807 r  u_bs_datapath/u_norm_d1/phi_delay_gen[30].phi_delay_reg[31][31]_srl32_bs_delay_gen_c_30_i_6970/CO[3]
                         net (fo=1, unplaced)         0.000    39.807    u_bs_datapath/u_norm_d1/phi_delay_gen[30].phi_delay_reg[31][31]_srl32_bs_delay_gen_c_30_i_6970_n_0
                         CARRY4 (Prop_carry4_CI_CO[3])
                                                      0.117    39.924 r  u_bs_datapath/u_norm_d1/phi_delay_gen[30].phi_delay_reg[31][31]_srl32_bs_delay_gen_c_30_i_6399/CO[3]
                         net (fo=1, unplaced)         0.000    39.924    u_bs_datapath/u_norm_d1/phi_delay_gen[30].phi_delay_reg[31][31]_srl32_bs_delay_gen_c_30_i_6399_n_0
                         CARRY4 (Prop_carry4_CI_CO[3])
                                                      0.117    40.041 r  u_bs_datapath/u_norm_d1/phi_delay_gen[30].phi_delay_reg[31][31]_srl32_bs_delay_gen_c_30_i_5741/CO[3]
                         net (fo=1, unplaced)         0.000    40.041    u_bs_datapath/u_norm_d1/phi_delay_gen[30].phi_delay_reg[31][31]_srl32_bs_delay_gen_c_30_i_5741_n_0
                         CARRY4 (Prop_carry4_CI_CO[3])
                                                      0.117    40.158 r  u_bs_datapath/u_norm_d1/phi_delay_gen[30].phi_delay_reg[31][31]_srl32_bs_delay_gen_c_30_i_4918/CO[3]
                         net (fo=1, unplaced)         0.000    40.158    u_bs_datapath/u_norm_d1/phi_delay_gen[30].phi_delay_reg[31][31]_srl32_bs_delay_gen_c_30_i_4918_n_0
                         CARRY4 (Prop_carry4_CI_CO[3])
                                                      0.117    40.275 r  u_bs_datapath/u_norm_d1/phi_delay_gen[30].phi_delay_reg[31][31]_srl32_bs_delay_gen_c_30_i_4007/CO[3]
                         net (fo=1, unplaced)         0.000    40.275    u_bs_datapath/u_norm_d1/phi_delay_gen[30].phi_delay_reg[31][31]_srl32_bs_delay_gen_c_30_i_4007_n_0
                         CARRY4 (Prop_carry4_CI_CO[3])
                                                      0.117    40.392 r  u_bs_datapath/u_norm_d1/phi_delay_gen[30].phi_delay_reg[31][31]_srl32_bs_delay_gen_c_30_i_3185/CO[3]
                         net (fo=1, unplaced)         0.000    40.392    u_bs_datapath/u_norm_d1/phi_delay_gen[30].phi_delay_reg[31][31]_srl32_bs_delay_gen_c_30_i_3185_n_0
                         CARRY4 (Prop_carry4_CI_CO[3])
                                                      0.117    40.509 r  u_bs_datapath/u_norm_d1/phi_delay_gen[30].phi_delay_reg[31][31]_srl32_bs_delay_gen_c_30_i_2326/CO[3]
                         net (fo=1, unplaced)         0.000    40.509    u_bs_datapath/u_norm_d1/phi_delay_gen[30].phi_delay_reg[31][31]_srl32_bs_delay_gen_c_30_i_2326_n_0
                         CARRY4 (Prop_carry4_CI_CO[2])
                                                      0.252    40.761 r  u_bs_datapath/u_norm_d1/phi_delay_gen[30].phi_delay_reg[31][31]_srl32_bs_delay_gen_c_30_i_1764/CO[2]
                         net (fo=20, unplaced)        0.396    41.157    u_bs_datapath/u_norm_d1/phi_delay_gen[30].phi_delay_reg[31][31]_srl32_bs_delay_gen_c_30_i_1764_n_1
                         CARRY4 (Prop_carry4_CYINIT_CO[3])
                                                      0.781    41.938 r  u_bs_datapath/u_norm_d1/phi_delay_gen[30].phi_delay_reg[31][31]_srl32_bs_delay_gen_c_30_i_1347/CO[3]
                         net (fo=1, unplaced)         0.000    41.938    u_bs_datapath/u_norm_d1/phi_delay_gen[30].phi_delay_reg[31][31]_srl32_bs_delay_gen_c_30_i_1347_n_0
                         CARRY4 (Prop_carry4_CI_CO[3])
                                                      0.117    42.055 r  u_bs_datapath/u_norm_d1/phi_delay_gen[30].phi_delay_reg[31][31]_srl32_bs_delay_gen_c_30_i_1072/CO[3]
                         net (fo=1, unplaced)         0.000    42.055    u_bs_datapath/u_norm_d1/phi_delay_gen[30].phi_delay_reg[31][31]_srl32_bs_delay_gen_c_30_i_1072_n_0
                         CARRY4 (Prop_carry4_CI_CO[0])
                                                      0.281    42.336 r  u_bs_datapath/u_norm_d1/phi_delay_gen[30].phi_delay_reg[31][31]_srl32_bs_delay_gen_c_30_i_839/CO[0]
                         net (fo=4, unplaced)         0.358    42.694    u_bs_datapath/u_norm_d1/phi_delay_gen[30].phi_delay_reg[31][31]_srl32_bs_delay_gen_c_30_i_839_n_3
                         CARRY4 (Prop_carry4_CYINIT_O[1])
                                                      0.887    43.581 r  u_bs_datapath/u_norm_d1/phi_delay_gen[30].phi_delay_reg[31][31]_srl32_bs_delay_gen_c_30_i_607/O[1]
                         net (fo=3, unplaced)         0.629    44.210    u_bs_datapath/u_norm_d1/phi_delay_gen[30].phi_delay_reg[31][31]_srl32_bs_delay_gen_c_30_i_607_n_6
                         LUT3 (Prop_lut3_I0_O)        0.306    44.516 r  u_bs_datapath/u_norm_d1/phi_delay_gen[30].phi_delay_reg[31][31]_srl32_bs_delay_gen_c_30_i_835/O
                         net (fo=1, unplaced)         0.000    44.516    u_bs_datapath/u_norm_d1/phi_delay_gen[30].phi_delay_reg[31][31]_srl32_bs_delay_gen_c_30_i_835_n_0
                         CARRY4 (Prop_carry4_S[3]_CO[3])
                                                      0.376    44.892 r  u_bs_datapath/u_norm_d1/phi_delay_gen[30].phi_delay_reg[31][31]_srl32_bs_delay_gen_c_30_i_606/CO[3]
                         net (fo=47, unplaced)        0.999    45.891    u_bs_datapath/u_norm_d1/phi_delay_gen[30].phi_delay_reg[31][31]_srl32_bs_delay_gen_c_30_i_606_n_0
                         LUT5 (Prop_lut5_I3_O)        0.124    46.015 r  u_bs_datapath/u_norm_d1/phi_delay_gen[30].phi_delay_reg[31][8]_srl32_bs_delay_gen_c_30_i_469/O
                         net (fo=1, unplaced)         0.333    46.348    u_bs_datapath/u_norm_d1/phi_delay_gen[30].phi_delay_reg[31][8]_srl32_bs_delay_gen_c_30_i_469_n_0
                         CARRY4 (Prop_carry4_CYINIT_CO[3])
                                                      0.595    46.943 r  u_bs_datapath/u_norm_d1/phi_delay_gen[30].phi_delay_reg[31][8]_srl32_bs_delay_gen_c_30_i_421/CO[3]
                         net (fo=1, unplaced)         0.000    46.943    u_bs_datapath/u_norm_d1/phi_delay_gen[30].phi_delay_reg[31][8]_srl32_bs_delay_gen_c_30_i_421_n_0
                         CARRY4 (Prop_carry4_CI_CO[3])
                                                      0.117    47.060 r  u_bs_datapath/u_norm_d1/phi_delay_gen[30].phi_delay_reg[31][8]_srl32_bs_delay_gen_c_30_i_455/CO[3]
                         net (fo=1, unplaced)         0.000    47.060    u_bs_datapath/u_norm_d1/phi_delay_gen[30].phi_delay_reg[31][8]_srl32_bs_delay_gen_c_30_i_455_n_0
                         CARRY4 (Prop_carry4_CI_CO[3])
                                                      0.117    47.177 r  u_bs_datapath/u_norm_d1/phi_delay_gen[30].phi_delay_reg[31][8]_srl32_bs_delay_gen_c_30_i_444/CO[3]
                         net (fo=1, unplaced)         0.000    47.177    u_bs_datapath/u_norm_d1/phi_delay_gen[30].phi_delay_reg[31][8]_srl32_bs_delay_gen_c_30_i_444_n_0
                         CARRY4 (Prop_carry4_CI_CO[3])
                                                      0.117    47.294 r  u_bs_datapath/u_norm_d1/phi_delay_gen[30].phi_delay_reg[31][31]_srl32_bs_delay_gen_c_30_i_1607/CO[3]
                         net (fo=1, unplaced)         0.000    47.294    u_bs_datapath/u_norm_d1/phi_delay_gen[30].phi_delay_reg[31][31]_srl32_bs_delay_gen_c_30_i_1607_n_0
                         CARRY4 (Prop_carry4_CI_CO[3])
                                                      0.117    47.411 r  u_bs_datapath/u_norm_d1/phi_delay_gen[30].phi_delay_reg[31][31]_srl32_bs_delay_gen_c_30_i_1239/CO[3]
                         net (fo=1, unplaced)         0.000    47.411    u_bs_datapath/u_norm_d1/phi_delay_gen[30].phi_delay_reg[31][31]_srl32_bs_delay_gen_c_30_i_1239_n_0
                         CARRY4 (Prop_carry4_CI_CO[3])
                                                      0.117    47.528 r  u_bs_datapath/u_norm_d1/phi_delay_gen[30].phi_delay_reg[31][31]_srl32_bs_delay_gen_c_30_i_989/CO[3]
                         net (fo=1, unplaced)         0.000    47.528    u_bs_datapath/u_norm_d1/phi_delay_gen[30].phi_delay_reg[31][31]_srl32_bs_delay_gen_c_30_i_989_n_0
                         CARRY4 (Prop_carry4_CI_CO[3])
                                                      0.117    47.645 r  u_bs_datapath/u_norm_d1/phi_delay_gen[30].phi_delay_reg[31][31]_srl32_bs_delay_gen_c_30_i_756/CO[3]
                         net (fo=1, unplaced)         0.000    47.645    u_bs_datapath/u_norm_d1/phi_delay_gen[30].phi_delay_reg[31][31]_srl32_bs_delay_gen_c_30_i_756_n_0
                         CARRY4 (Prop_carry4_CI_CO[3])
                                                      0.117    47.762 r  u_bs_datapath/u_norm_d1/phi_delay_gen[30].phi_delay_reg[31][31]_srl32_bs_delay_gen_c_30_i_541/CO[3]
                         net (fo=1, unplaced)         0.000    47.762    u_bs_datapath/u_norm_d1/phi_delay_gen[30].phi_delay_reg[31][31]_srl32_bs_delay_gen_c_30_i_541_n_0
                         CARRY4 (Prop_carry4_CI_CO[3])
                                                      0.117    47.879 r  u_bs_datapath/u_norm_d1/phi_delay_gen[30].phi_delay_reg[31][31]_srl32_bs_delay_gen_c_30_i_456/CO[3]
                         net (fo=1, unplaced)         0.000    47.879    u_bs_datapath/u_norm_d1/phi_delay_gen[30].phi_delay_reg[31][31]_srl32_bs_delay_gen_c_30_i_456_n_0
                         CARRY4 (Prop_carry4_CI_CO[3])
                                                      0.117    47.996 r  u_bs_datapath/u_norm_d1/phi_delay_gen[30].phi_delay_reg[31][31]_srl32_bs_delay_gen_c_30_i_441/CO[3]
                         net (fo=1, unplaced)         0.000    47.996    u_bs_datapath/u_norm_d1/phi_delay_gen[30].phi_delay_reg[31][31]_srl32_bs_delay_gen_c_30_i_441_n_0
                         CARRY4 (Prop_carry4_CI_CO[1])
                                                      0.179    48.175 r  u_bs_datapath/u_norm_d1/phi_delay_gen[30].phi_delay_reg[31][31]_srl32_bs_delay_gen_c_30_i_794/CO[1]
                         net (fo=6, unplaced)         0.557    48.732    u_bs_datapath/u_norm_d1/phi_delay_gen[30].phi_delay_reg[31][31]_srl32_bs_delay_gen_c_30_i_794_n_2
                         CARRY4 (Prop_carry4_CYINIT_CO[2])
                                                      0.840    49.572 r  u_bs_datapath/u_norm_d1/phi_delay_gen[30].phi_delay_reg[31][31]_srl32_bs_delay_gen_c_30_i_791/CO[2]
                         net (fo=6, unplaced)         0.368    49.940    u_bs_datapath/u_norm_d1/phi_delay_gen[30].phi_delay_reg[31][31]_srl32_bs_delay_gen_c_30_i_791_n_1
                         CARRY4 (Prop_carry4_CYINIT_CO[2])
                                                      0.818    50.758 r  u_bs_datapath/u_norm_d1/phi_delay_gen[30].phi_delay_reg[31][31]_srl32_bs_delay_gen_c_30_i_788/CO[2]
                         net (fo=6, unplaced)         0.368    51.126    u_bs_datapath/u_norm_d1/phi_delay_gen[30].phi_delay_reg[31][31]_srl32_bs_delay_gen_c_30_i_788_n_1
                         CARRY4 (Prop_carry4_CYINIT_CO[2])
                                                      0.818    51.944 r  u_bs_datapath/u_norm_d1/phi_delay_gen[30].phi_delay_reg[31][31]_srl32_bs_delay_gen_c_30_i_820/CO[2]
                         net (fo=6, unplaced)         0.368    52.312    u_bs_datapath/u_norm_d1/phi_delay_gen[30].phi_delay_reg[31][31]_srl32_bs_delay_gen_c_30_i_820_n_1
                         CARRY4 (Prop_carry4_CYINIT_CO[2])
                                                      0.818    53.130 r  u_bs_datapath/u_norm_d1/phi_delay_gen[30].phi_delay_reg[31][31]_srl32_bs_delay_gen_c_30_i_660/CO[2]
                         net (fo=6, unplaced)         0.368    53.498    u_bs_datapath/u_norm_d1/phi_delay_gen[30].phi_delay_reg[31][31]_srl32_bs_delay_gen_c_30_i_660_n_1
                         CARRY4 (Prop_carry4_CYINIT_CO[3])
                                                      0.781    54.279 r  u_bs_datapath/u_norm_d1/phi_delay_gen[30].phi_delay_reg[31][31]_srl32_bs_delay_gen_c_30_i_654/CO[3]
                         net (fo=1, unplaced)         0.000    54.279    u_bs_datapath/u_norm_d1/phi_delay_gen[30].phi_delay_reg[31][31]_srl32_bs_delay_gen_c_30_i_654_n_0
                         CARRY4 (Prop_carry4_CI_CO[2])
                                                      0.252    54.531 r  u_bs_datapath/u_norm_d1/phi_delay_gen[30].phi_delay_reg[31][31]_srl32_bs_delay_gen_c_30_i_478/CO[2]
                         net (fo=6, unplaced)         0.368    54.899    u_bs_datapath/u_norm_d1/phi_delay_gen[30].phi_delay_reg[31][31]_srl32_bs_delay_gen_c_30_i_478_n_1
                         CARRY4 (Prop_carry4_CYINIT_CO[2])
                                                      0.818    55.717 r  u_bs_datapath/u_norm_d1/phi_delay_gen[30].phi_delay_reg[31][31]_srl32_bs_delay_gen_c_30_i_324/CO[2]
                         net (fo=6, unplaced)         0.368    56.085    u_bs_datapath/u_norm_d1/phi_delay_gen[30].phi_delay_reg[31][31]_srl32_bs_delay_gen_c_30_i_324_n_1
                         CARRY4 (Prop_carry4_CYINIT_CO[2])
                                                      0.818    56.903 f  u_bs_datapath/u_norm_d1/phi_delay_gen[30].phi_delay_reg[31][31]_srl32_bs_delay_gen_c_30_i_320/CO[2]
                         net (fo=6, unplaced)         0.484    57.387    u_bs_datapath/u_norm_d1/phi_delay_gen[30].phi_delay_reg[31][31]_srl32_bs_delay_gen_c_30_i_320_n_1
                         LUT2 (Prop_lut2_I1_O)        0.302    57.689 r  u_bs_datapath/u_norm_d1/phi_delay_gen[30].phi_delay_reg[31][31]_srl32_bs_delay_gen_c_30_i_517/O
                         net (fo=1, unplaced)         0.449    58.138    u_bs_datapath/u_norm_d1/exp_approx_var3__0[62]
                         LUT6 (Prop_lut6_I0_O)        0.124    58.262 r  u_bs_datapath/u_norm_d1/phi_delay_gen[30].phi_delay_reg[31][31]_srl32_bs_delay_gen_c_30_i_328/O
                         net (fo=1, unplaced)         0.449    58.711    u_bs_datapath/u_norm_d1/phi_delay_gen[30].phi_delay_reg[31][31]_srl32_bs_delay_gen_c_30_i_328_n_0
                         LUT6 (Prop_lut6_I1_O)        0.124    58.835 r  u_bs_datapath/u_norm_d1/phi_delay_gen[30].phi_delay_reg[31][31]_srl32_bs_delay_gen_c_30_i_203/O
                         net (fo=1, unplaced)         0.000    58.835    u_bs_datapath/u_norm_d1/phi_delay_gen[30].phi_delay_reg[31][31]_srl32_bs_delay_gen_c_30_i_203_n_0
                         CARRY4 (Prop_carry4_S[0]_O[3])
                                                      0.608    59.443 f  u_bs_datapath/u_norm_d1/phi_delay_gen[30].phi_delay_reg[31][31]_srl32_bs_delay_gen_c_30_i_91/O[3]
                         net (fo=390, unplaced)       0.752    60.195    u_bs_datapath/u_norm_d1/exp_approx_var2[63]
                         LUT2 (Prop_lut2_I1_O)        0.307    60.502 r  u_bs_datapath/u_norm_d1/phi_delay_gen[30].phi_delay_reg[31][8]_srl32_bs_delay_gen_c_30_i_272/O
                         net (fo=1, unplaced)         0.000    60.502    u_bs_datapath/u_norm_d1/exp_approx_var[0]
                         CARRY4 (Prop_carry4_S[1]_CO[3])
                                                      0.533    61.035 r  u_bs_datapath/u_norm_d1/phi_delay_gen[30].phi_delay_reg[31][8]_srl32_bs_delay_gen_c_30_i_176/CO[3]
                         net (fo=1, unplaced)         0.000    61.035    u_bs_datapath/u_norm_d1/phi_delay_gen[30].phi_delay_reg[31][8]_srl32_bs_delay_gen_c_30_i_176_n_0
                         CARRY4 (Prop_carry4_CI_CO[3])
                                                      0.117    61.152 r  u_bs_datapath/u_norm_d1/phi_delay_gen[30].phi_delay_reg[31][8]_srl32_bs_delay_gen_c_30_i_171/CO[3]
                         net (fo=1, unplaced)         0.000    61.152    u_bs_datapath/u_norm_d1/phi_delay_gen[30].phi_delay_reg[31][8]_srl32_bs_delay_gen_c_30_i_171_n_0
                         CARRY4 (Prop_carry4_CI_O[0])
                                                      0.232    61.384 r  u_bs_datapath/u_norm_d1/phi_delay_gen[30].phi_delay_reg[31][8]_srl32_bs_delay_gen_c_30_i_160/O[0]
                         net (fo=2, unplaced)         0.752    62.136    u_bs_datapath/u_norm_d1/phi_delay_gen[30].phi_delay_reg[31][8]_srl32_bs_delay_gen_c_30_i_160_n_7
                         LUT3 (Prop_lut3_I0_O)        0.295    62.431 r  u_bs_datapath/u_norm_d1/phi_delay_gen[30].phi_delay_reg[31][8]_srl32_bs_delay_gen_c_30_i_77/O
                         net (fo=2, unplaced)         0.650    63.081    u_bs_datapath/u_norm_d1/phi_delay_gen[30].phi_delay_reg[31][8]_srl32_bs_delay_gen_c_30_i_77_n_0
                         CARRY4 (Prop_carry4_DI[1]_CO[3])
                                                      0.520    63.601 r  u_bs_datapath/u_norm_d1/phi_delay_gen[30].phi_delay_reg[31][8]_srl32_bs_delay_gen_c_30_i_39/CO[3]
                         net (fo=1, unplaced)         0.000    63.601    u_bs_datapath/u_norm_d1/phi_delay_gen[30].phi_delay_reg[31][8]_srl32_bs_delay_gen_c_30_i_39_n_0
                         CARRY4 (Prop_carry4_CI_O[0])
                                                      0.232    63.833 r  u_bs_datapath/u_norm_d1/phi_delay_gen[30].phi_delay_reg[31][8]_srl32_bs_delay_gen_c_30_i_36/O[0]
                         net (fo=2, unplaced)         0.752    64.585    u_bs_datapath/u_norm_d1/phi_delay_gen[30].phi_delay_reg[31][8]_srl32_bs_delay_gen_c_30_i_36_n_7
                         LUT3 (Prop_lut3_I0_O)        0.295    64.880 r  u_bs_datapath/u_norm_d1/phi_delay_gen[30].phi_delay_reg[31][8]_srl32_bs_delay_gen_c_30_i_14/O
                         net (fo=2, unplaced)         0.650    65.530    u_bs_datapath/u_norm_d1/phi_delay_gen[30].phi_delay_reg[31][8]_srl32_bs_delay_gen_c_30_i_14_n_0
                         CARRY4 (Prop_carry4_DI[1]_CO[3])
                                                      0.520    66.050 r  u_bs_datapath/u_norm_d1/phi_delay_gen[30].phi_delay_reg[31][8]_srl32_bs_delay_gen_c_30_i_9/CO[3]
                         net (fo=1, unplaced)         0.000    66.050    u_bs_datapath/u_norm_d1/phi_delay_gen[30].phi_delay_reg[31][8]_srl32_bs_delay_gen_c_30_i_9_n_0
                         CARRY4 (Prop_carry4_CI_O[1])
                                                      0.337    66.387 r  u_bs_datapath/u_norm_d1/phi_delay_gen[30].phi_delay_reg[31][16]_srl32_bs_delay_gen_c_30_i_14/O[1]
                         net (fo=1, unplaced)         0.715    67.102    u_bs_datapath/u_norm_d1/phi_delay_gen[30].phi_delay_reg[31][16]_srl32_bs_delay_gen_c_30_i_14_n_6
                         CARRY4 (Prop_carry4_S[1]_CO[3])
                                                      0.839    67.941 r  u_bs_datapath/u_norm_d1/phi_delay_gen[30].phi_delay_reg[31][16]_srl32_bs_delay_gen_c_30_i_8/CO[3]
                         net (fo=1, unplaced)         0.000    67.941    u_bs_datapath/u_norm_d1/phi_delay_gen[30].phi_delay_reg[31][16]_srl32_bs_delay_gen_c_30_i_8_n_0
                         CARRY4 (Prop_carry4_CI_O[3])
                                                      0.331    68.272 r  u_bs_datapath/u_norm_d1/phi_delay_gen[30].phi_delay_reg[31][20]_srl32_bs_delay_gen_c_30_i_8/O[3]
                         net (fo=2, unplaced)         0.629    68.901    u_bs_datapath/u_norm_d1/PCIN__8[43]
                         LUT2 (Prop_lut2_I0_O)        0.307    69.208 r  u_bs_datapath/u_norm_d1/phi_delay_gen[30].phi_delay_reg[31][20]_srl32_bs_delay_gen_c_30_i_10/O
                         net (fo=1, unplaced)         0.000    69.208    u_bs_datapath/u_norm_d1/phi_delay_gen[30].phi_delay_reg[31][20]_srl32_bs_delay_gen_c_30_i_10_n_0
                         CARRY4 (Prop_carry4_S[2]_CO[3])
                                                      0.380    69.588 r  u_bs_datapath/u_norm_d1/phi_delay_gen[30].phi_delay_reg[31][20]_srl32_bs_delay_gen_c_30_i_3/CO[3]
                         net (fo=1, unplaced)         0.000    69.588    u_bs_datapath/u_norm_d1/phi_delay_gen[30].phi_delay_reg[31][20]_srl32_bs_delay_gen_c_30_i_3_n_0
                         CARRY4 (Prop_carry4_CI_CO[3])
                                                      0.117    69.705 r  u_bs_datapath/u_norm_d1/phi_delay_gen[30].phi_delay_reg[31][24]_srl32_bs_delay_gen_c_30_i_3/CO[3]
                         net (fo=1, unplaced)         0.000    69.705    u_bs_datapath/u_norm_d1/phi_delay_gen[30].phi_delay_reg[31][24]_srl32_bs_delay_gen_c_30_i_3_n_0
                         CARRY4 (Prop_carry4_CI_O[3])
                                                      0.331    70.036 r  u_bs_datapath/u_norm_d1/phi_delay_gen[30].phi_delay_reg[31][28]_srl32_bs_delay_gen_c_30_i_3/O[3]
                         net (fo=2, unplaced)         0.629    70.665    u_bs_datapath/u_norm_d1/phi_delay_gen[30].phi_delay_reg[31][28]_srl32_bs_delay_gen_c_30_i_3_n_4
                         LUT5 (Prop_lut5_I0_O)        0.307    70.972 r  u_bs_datapath/u_norm_d1/phi_delay_gen[30].phi_delay_reg[31][28]_srl32_bs_delay_gen_c_30_i_4/O
                         net (fo=1, unplaced)         0.000    70.972    u_bs_datapath/u_norm_d1/phi_delay_gen[30].phi_delay_reg[31][28]_srl32_bs_delay_gen_c_30_i_4_n_0
                         CARRY4 (Prop_carry4_S[3]_CO[3])
                                                      0.376    71.348 r  u_bs_datapath/u_norm_d1/phi_delay_gen[30].phi_delay_reg[31][28]_srl32_bs_delay_gen_c_30_i_2/CO[3]
                         net (fo=1, unplaced)         0.000    71.348    u_bs_datapath/u_norm_d1/phi_delay_gen[30].phi_delay_reg[31][28]_srl32_bs_delay_gen_c_30_i_2_n_0
                         CARRY4 (Prop_carry4_CI_O[2])
                                                      0.256    71.604 r  u_bs_datapath/u_norm_d1/phi_delay_gen[30].phi_delay_reg[31][31]_srl32_bs_delay_gen_c_30_i_2/O[2]
                         net (fo=1, unplaced)         0.452    72.056    u_bs_datapath/u_norm_d1/phi_delay_gen[30].phi_delay_reg[31][31]_srl32_bs_delay_gen_c_30_i_2_n_5
                         LUT2 (Prop_lut2_I0_O)        0.293    72.349 r  u_bs_datapath/u_norm_d1/phi_delay_gen[30].phi_delay_reg[31][31]_srl32_bs_delay_gen_c_30_i_1/O
                         net (fo=1, unplaced)         0.333    72.682    u_bs_datapath/u_norm_d1/phi_delay_gen[30].phi_delay_reg[31][31]_srl32_bs_delay_gen_c_30_i_1_n_0
                         SRLC32E                                      r  u_bs_datapath/u_norm_d1/phi_delay_gen[30].phi_delay_reg[31][31]_srl32_bs_delay_gen_c_30/D
  -------------------------------------------------------------------    -------------------

                         (clock clk rise edge)        4.000     4.000 r  
                                                      0.000     4.000 r  clk (IN)
                         net (fo=20254, unset)        0.924     4.924    u_bs_datapath/u_norm_d1/clk
                         SRLC32E                                      r  u_bs_datapath/u_norm_d1/phi_delay_gen[30].phi_delay_reg[31][31]_srl32_bs_delay_gen_c_30/CLK
                         clock pessimism              0.000     4.924    
                         clock uncertainty           -0.035     4.889    
                         SRLC32E (Setup_srlc32e_CLK_D)
                                                     -0.030     4.859    u_bs_datapath/u_norm_d1/phi_delay_gen[30].phi_delay_reg[31][31]_srl32_bs_delay_gen_c_30
  -------------------------------------------------------------------
                         required time                          4.859    
                         arrival time                         -72.682    
  -------------------------------------------------------------------
                         slack                                -67.823    





Min Delay Paths
--------------------------------------------------------------------------------------
Slack (MET) :             0.193ns  (arrival time - required time)
  Source:                 bs_delay_gen[95].C_market_pipe_reg[96][0]_srl32_bs_delay_gen_c_94/CLK
                            (rising edge-triggered cell SRLC32E clocked by clk  {rise@0.000ns fall@2.000ns period=4.000ns})
  Destination:            bs_delay_gen[107].C_market_pipe_reg[108][0]_srl12_bs_delay_gen_c_106/D
                            (rising edge-triggered cell SRLC32E clocked by clk  {rise@0.000ns fall@2.000ns period=4.000ns})
  Path Group:             clk
  Path Type:              Hold (Min at Fast Process Corner)
  Requirement:            0.000ns  (clk rise@0.000ns - clk rise@0.000ns)
  Data Path Delay:        0.332ns  (logic 0.332ns (100.000%)  route 0.000ns (0.000%))
  Logic Levels:           0  
  Clock Path Skew:        0.022ns (DCD - SCD - CPR)
    Destination Clock Delay (DCD):    0.432ns
    Source Clock Delay      (SCD):    0.410ns
    Clock Pessimism Removal (CPR):    -0.000ns

    Location             Delay type                Incr(ns)  Path(ns)    Netlist Resource(s)
  -------------------------------------------------------------------    -------------------
                         (clock clk rise edge)        0.000     0.000 r  
                                                      0.000     0.000 r  clk (IN)
                         net (fo=20254, unset)        0.410     0.410    clk
                         SRLC32E                                      r  bs_delay_gen[95].C_market_pipe_reg[96][0]_srl32_bs_delay_gen_c_94/CLK
  -------------------------------------------------------------------    -------------------
                         SRLC32E (Prop_srlc32e_CLK_Q31)
                                                      0.332     0.742 r  bs_delay_gen[95].C_market_pipe_reg[96][0]_srl32_bs_delay_gen_c_94/Q31
                         net (fo=1, unplaced)         0.000     0.742    bs_delay_gen[95].C_market_pipe_reg[96][0]_srl32_bs_delay_gen_c_94_n_1
                         SRLC32E                                      r  bs_delay_gen[107].C_market_pipe_reg[108][0]_srl12_bs_delay_gen_c_106/D
  -------------------------------------------------------------------    -------------------

                         (clock clk rise edge)        0.000     0.000 r  
                                                      0.000     0.000 r  clk (IN)
                         net (fo=20254, unset)        0.432     0.432    clk
                         SRLC32E                                      r  bs_delay_gen[107].C_market_pipe_reg[108][0]_srl12_bs_delay_gen_c_106/CLK
                         clock pessimism              0.000     0.432    
                         SRLC32E (Hold_srlc32e_CLK_D)
                                                      0.117     0.549    bs_delay_gen[107].C_market_pipe_reg[108][0]_srl12_bs_delay_gen_c_106
  -------------------------------------------------------------------
                         required time                         -0.549    
                         arrival time                           0.742    
  -------------------------------------------------------------------
                         slack                                  0.193    

Slack (MET) :             0.193ns  (arrival time - required time)
  Source:                 bs_delay_gen[95].C_market_pipe_reg[96][10]_srl32_bs_delay_gen_c_94/CLK
                            (rising edge-triggered cell SRLC32E clocked by clk  {rise@0.000ns fall@2.000ns period=4.000ns})
  Destination:            bs_delay_gen[107].C_market_pipe_reg[108][10]_srl12_bs_delay_gen_c_106/D
                            (rising edge-triggered cell SRLC32E clocked by clk  {rise@0.000ns fall@2.000ns period=4.000ns})
  Path Group:             clk
  Path Type:              Hold (Min at Fast Process Corner)
  Requirement:            0.000ns  (clk rise@0.000ns - clk rise@0.000ns)
  Data Path Delay:        0.332ns  (logic 0.332ns (100.000%)  route 0.000ns (0.000%))
  Logic Levels:           0  
  Clock Path Skew:        0.022ns (DCD - SCD - CPR)
    Destination Clock Delay (DCD):    0.432ns
    Source Clock Delay      (SCD):    0.410ns
    Clock Pessimism Removal (CPR):    -0.000ns

    Location             Delay type                Incr(ns)  Path(ns)    Netlist Resource(s)
  -------------------------------------------------------------------    -------------------
                         (clock clk rise edge)        0.000     0.000 r  
                                                      0.000     0.000 r  clk (IN)
                         net (fo=20254, unset)        0.410     0.410    clk
                         SRLC32E                                      r  bs_delay_gen[95].C_market_pipe_reg[96][10]_srl32_bs_delay_gen_c_94/CLK
  -------------------------------------------------------------------    -------------------
                         SRLC32E (Prop_srlc32e_CLK_Q31)
                                                      0.332     0.742 r  bs_delay_gen[95].C_market_pipe_reg[96][10]_srl32_bs_delay_gen_c_94/Q31
                         net (fo=1, unplaced)         0.000     0.742    bs_delay_gen[95].C_market_pipe_reg[96][10]_srl32_bs_delay_gen_c_94_n_1
                         SRLC32E                                      r  bs_delay_gen[107].C_market_pipe_reg[108][10]_srl12_bs_delay_gen_c_106/D
  -------------------------------------------------------------------    -------------------

                         (clock clk rise edge)        0.000     0.000 r  
                                                      0.000     0.000 r  clk (IN)
                         net (fo=20254, unset)        0.432     0.432    clk
                         SRLC32E                                      r  bs_delay_gen[107].C_market_pipe_reg[108][10]_srl12_bs_delay_gen_c_106/CLK
                         clock pessimism              0.000     0.432    
                         SRLC32E (Hold_srlc32e_CLK_D)
                                                      0.117     0.549    bs_delay_gen[107].C_market_pipe_reg[108][10]_srl12_bs_delay_gen_c_106
  -------------------------------------------------------------------
                         required time                         -0.549    
                         arrival time                           0.742    
  -------------------------------------------------------------------
                         slack                                  0.193    

Slack (MET) :             0.193ns  (arrival time - required time)
  Source:                 bs_delay_gen[95].C_market_pipe_reg[96][11]_srl32_bs_delay_gen_c_94/CLK
                            (rising edge-triggered cell SRLC32E clocked by clk  {rise@0.000ns fall@2.000ns period=4.000ns})
  Destination:            bs_delay_gen[107].C_market_pipe_reg[108][11]_srl12_bs_delay_gen_c_106/D
                            (rising edge-triggered cell SRLC32E clocked by clk  {rise@0.000ns fall@2.000ns period=4.000ns})
  Path Group:             clk
  Path Type:              Hold (Min at Fast Process Corner)
  Requirement:            0.000ns  (clk rise@0.000ns - clk rise@0.000ns)
  Data Path Delay:        0.332ns  (logic 0.332ns (100.000%)  route 0.000ns (0.000%))
  Logic Levels:           0  
  Clock Path Skew:        0.022ns (DCD - SCD - CPR)
    Destination Clock Delay (DCD):    0.432ns
    Source Clock Delay      (SCD):    0.410ns
    Clock Pessimism Removal (CPR):    -0.000ns

    Location             Delay type                Incr(ns)  Path(ns)    Netlist Resource(s)
  -------------------------------------------------------------------    -------------------
                         (clock clk rise edge)        0.000     0.000 r  
                                                      0.000     0.000 r  clk (IN)
                         net (fo=20254, unset)        0.410     0.410    clk
                         SRLC32E                                      r  bs_delay_gen[95].C_market_pipe_reg[96][11]_srl32_bs_delay_gen_c_94/CLK
  -------------------------------------------------------------------    -------------------
                         SRLC32E (Prop_srlc32e_CLK_Q31)
                                                      0.332     0.742 r  bs_delay_gen[95].C_market_pipe_reg[96][11]_srl32_bs_delay_gen_c_94/Q31
                         net (fo=1, unplaced)         0.000     0.742    bs_delay_gen[95].C_market_pipe_reg[96][11]_srl32_bs_delay_gen_c_94_n_1
                         SRLC32E                                      r  bs_delay_gen[107].C_market_pipe_reg[108][11]_srl12_bs_delay_gen_c_106/D
  -------------------------------------------------------------------    -------------------

                         (clock clk rise edge)        0.000     0.000 r  
                                                      0.000     0.000 r  clk (IN)
                         net (fo=20254, unset)        0.432     0.432    clk
                         SRLC32E                                      r  bs_delay_gen[107].C_market_pipe_reg[108][11]_srl12_bs_delay_gen_c_106/CLK
                         clock pessimism              0.000     0.432    
                         SRLC32E (Hold_srlc32e_CLK_D)
                                                      0.117     0.549    bs_delay_gen[107].C_market_pipe_reg[108][11]_srl12_bs_delay_gen_c_106
  -------------------------------------------------------------------
                         required time                         -0.549    
                         arrival time                           0.742    
  -------------------------------------------------------------------
                         slack                                  0.193    

Slack (MET) :             0.193ns  (arrival time - required time)
  Source:                 bs_delay_gen[95].C_market_pipe_reg[96][12]_srl32_bs_delay_gen_c_94/CLK
                            (rising edge-triggered cell SRLC32E clocked by clk  {rise@0.000ns fall@2.000ns period=4.000ns})
  Destination:            bs_delay_gen[107].C_market_pipe_reg[108][12]_srl12_bs_delay_gen_c_106/D
                            (rising edge-triggered cell SRLC32E clocked by clk  {rise@0.000ns fall@2.000ns period=4.000ns})
  Path Group:             clk
  Path Type:              Hold (Min at Fast Process Corner)
  Requirement:            0.000ns  (clk rise@0.000ns - clk rise@0.000ns)
  Data Path Delay:        0.332ns  (logic 0.332ns (100.000%)  route 0.000ns (0.000%))
  Logic Levels:           0  
  Clock Path Skew:        0.022ns (DCD - SCD - CPR)
    Destination Clock Delay (DCD):    0.432ns
    Source Clock Delay      (SCD):    0.410ns
    Clock Pessimism Removal (CPR):    -0.000ns

    Location             Delay type                Incr(ns)  Path(ns)    Netlist Resource(s)
  -------------------------------------------------------------------    -------------------
                         (clock clk rise edge)        0.000     0.000 r  
                                                      0.000     0.000 r  clk (IN)
                         net (fo=20254, unset)        0.410     0.410    clk
                         SRLC32E                                      r  bs_delay_gen[95].C_market_pipe_reg[96][12]_srl32_bs_delay_gen_c_94/CLK
  -------------------------------------------------------------------    -------------------
                         SRLC32E (Prop_srlc32e_CLK_Q31)
                                                      0.332     0.742 r  bs_delay_gen[95].C_market_pipe_reg[96][12]_srl32_bs_delay_gen_c_94/Q31
                         net (fo=1, unplaced)         0.000     0.742    bs_delay_gen[95].C_market_pipe_reg[96][12]_srl32_bs_delay_gen_c_94_n_1
                         SRLC32E                                      r  bs_delay_gen[107].C_market_pipe_reg[108][12]_srl12_bs_delay_gen_c_106/D
  -------------------------------------------------------------------    -------------------

                         (clock clk rise edge)        0.000     0.000 r  
                                                      0.000     0.000 r  clk (IN)
                         net (fo=20254, unset)        0.432     0.432    clk
                         SRLC32E                                      r  bs_delay_gen[107].C_market_pipe_reg[108][12]_srl12_bs_delay_gen_c_106/CLK
                         clock pessimism              0.000     0.432    
                         SRLC32E (Hold_srlc32e_CLK_D)
                                                      0.117     0.549    bs_delay_gen[107].C_market_pipe_reg[108][12]_srl12_bs_delay_gen_c_106
  -------------------------------------------------------------------
                         required time                         -0.549    
                         arrival time                           0.742    
  -------------------------------------------------------------------
                         slack                                  0.193    

Slack (MET) :             0.193ns  (arrival time - required time)
  Source:                 bs_delay_gen[95].C_market_pipe_reg[96][13]_srl32_bs_delay_gen_c_94/CLK
                            (rising edge-triggered cell SRLC32E clocked by clk  {rise@0.000ns fall@2.000ns period=4.000ns})
  Destination:            bs_delay_gen[107].C_market_pipe_reg[108][13]_srl12_bs_delay_gen_c_106/D
                            (rising edge-triggered cell SRLC32E clocked by clk  {rise@0.000ns fall@2.000ns period=4.000ns})
  Path Group:             clk
  Path Type:              Hold (Min at Fast Process Corner)
  Requirement:            0.000ns  (clk rise@0.000ns - clk rise@0.000ns)
  Data Path Delay:        0.332ns  (logic 0.332ns (100.000%)  route 0.000ns (0.000%))
  Logic Levels:           0  
  Clock Path Skew:        0.022ns (DCD - SCD - CPR)
    Destination Clock Delay (DCD):    0.432ns
    Source Clock Delay      (SCD):    0.410ns
    Clock Pessimism Removal (CPR):    -0.000ns

    Location             Delay type                Incr(ns)  Path(ns)    Netlist Resource(s)
  -------------------------------------------------------------------    -------------------
                         (clock clk rise edge)        0.000     0.000 r  
                                                      0.000     0.000 r  clk (IN)
                         net (fo=20254, unset)        0.410     0.410    clk
                         SRLC32E                                      r  bs_delay_gen[95].C_market_pipe_reg[96][13]_srl32_bs_delay_gen_c_94/CLK
  -------------------------------------------------------------------    -------------------
                         SRLC32E (Prop_srlc32e_CLK_Q31)
                                                      0.332     0.742 r  bs_delay_gen[95].C_market_pipe_reg[96][13]_srl32_bs_delay_gen_c_94/Q31
                         net (fo=1, unplaced)         0.000     0.742    bs_delay_gen[95].C_market_pipe_reg[96][13]_srl32_bs_delay_gen_c_94_n_1
                         SRLC32E                                      r  bs_delay_gen[107].C_market_pipe_reg[108][13]_srl12_bs_delay_gen_c_106/D
  -------------------------------------------------------------------    -------------------

                         (clock clk rise edge)        0.000     0.000 r  
                                                      0.000     0.000 r  clk (IN)
                         net (fo=20254, unset)        0.432     0.432    clk
                         SRLC32E                                      r  bs_delay_gen[107].C_market_pipe_reg[108][13]_srl12_bs_delay_gen_c_106/CLK
                         clock pessimism              0.000     0.432    
                         SRLC32E (Hold_srlc32e_CLK_D)
                                                      0.117     0.549    bs_delay_gen[107].C_market_pipe_reg[108][13]_srl12_bs_delay_gen_c_106
  -------------------------------------------------------------------
                         required time                         -0.549    
                         arrival time                           0.742    
  -------------------------------------------------------------------
                         slack                                  0.193    





Pulse Width Checks
--------------------------------------------------------------------------------------
Clock Name:         clk
Waveform(ns):       { 0.000 2.000 }
Period(ns):         4.000
Sources:            { clk }

Check Type        Corner  Lib Pin      Reference Pin  Required(ns)  Actual(ns)  Slack(ns)  Location  Pin
Min Period        n/a     FDRE/C       n/a            1.000         4.000       3.000                bs_delay_gen[108].C_market_pipe_reg[109][0]_bs_delay_gen_c_107/C
Min Period        n/a     FDRE/C       n/a            1.000         4.000       3.000                bs_delay_gen[108].C_market_pipe_reg[109][10]_bs_delay_gen_c_107/C
Min Period        n/a     FDRE/C       n/a            1.000         4.000       3.000                bs_delay_gen[108].C_market_pipe_reg[109][11]_bs_delay_gen_c_107/C
Min Period        n/a     FDRE/C       n/a            1.000         4.000       3.000                bs_delay_gen[108].C_market_pipe_reg[109][12]_bs_delay_gen_c_107/C
Min Period        n/a     FDRE/C       n/a            1.000         4.000       3.000                bs_delay_gen[108].C_market_pipe_reg[109][13]_bs_delay_gen_c_107/C
Low Pulse Width   Slow    RAMD64E/CLK  n/a            1.250         2.000       0.750                ctx_C_reg_0_63_0_2/RAMA/CLK
Low Pulse Width   Fast    RAMD64E/CLK  n/a            1.250         2.000       0.750                ctx_C_reg_0_63_0_2/RAMA/CLK
Low Pulse Width   Slow    RAMD64E/CLK  n/a            1.250         2.000       0.750                ctx_C_reg_0_63_0_2/RAMB/CLK
Low Pulse Width   Fast    RAMD64E/CLK  n/a            1.250         2.000       0.750                ctx_C_reg_0_63_0_2/RAMB/CLK
Low Pulse Width   Slow    RAMD64E/CLK  n/a            1.250         2.000       0.750                ctx_C_reg_0_63_0_2/RAMC/CLK
High Pulse Width  Slow    RAMD64E/CLK  n/a            1.250         2.000       0.750                ctx_C_reg_0_63_0_2/RAMA/CLK
High Pulse Width  Fast    RAMD64E/CLK  n/a            1.250         2.000       0.750                ctx_C_reg_0_63_0_2/RAMA/CLK
High Pulse Width  Slow    RAMD64E/CLK  n/a            1.250         2.000       0.750                ctx_C_reg_0_63_0_2/RAMB/CLK
High Pulse Width  Fast    RAMD64E/CLK  n/a            1.250         2.000       0.750                ctx_C_reg_0_63_0_2/RAMB/CLK
High Pulse Width  Slow    RAMD64E/CLK  n/a            1.250         2.000       0.750                ctx_C_reg_0_63_0_2/RAMC/CLK



--------------------------------------------------------------------------------------
Path Group:  (none)
From Clock:  
  To Clock:  

Max Delay            39 Endpoints
Min Delay            39 Endpoints
--------------------------------------------------------------------------------------


Max Delay Paths
--------------------------------------------------------------------------------------
Slack:                    inf
  Source:                 T_in[11]
                            (input port)
  Destination:            iv_done_sigma[0]
                            (output port)
  Path Group:             (none)
  Path Type:              Max at Slow Process Corner
  Data Path Delay:        3.955ns  (logic 0.372ns (9.406%)  route 3.583ns (90.594%))
  Logic Levels:           3  (LUT3=1 LUT6=2)

    Location             Delay type                Incr(ns)  Path(ns)    Netlist Resource(s)
  -------------------------------------------------------------------    -------------------
                                                      0.000     0.000 f  T_in[11] (IN)
                         net (fo=1, unset)            0.973     0.973    u_arb_fsm/T_in[11]
                         LUT6 (Prop_lut6_I5_O)        0.124     1.097 f  u_arb_fsm/iv_done_valid_INST_0_i_3/O
                         net (fo=1, unplaced)         1.111     2.208    u_arb_fsm/iv_done_valid_INST_0_i_3_n_0
                         LUT6 (Prop_lut6_I1_O)        0.124     2.332 r  u_arb_fsm/iv_done_valid_INST_0_i_1/O
                         net (fo=40, unplaced)        0.526     2.858    u_gain_comp/is_cordic_mode
                         LUT3 (Prop_lut3_I2_O)        0.124     2.982 r  u_gain_comp/iv_done_sigma[0]_INST_0/O
                         net (fo=0)                   0.973     3.955    iv_done_sigma[0]
                                                                      r  iv_done_sigma[0] (OUT)
  -------------------------------------------------------------------    -------------------

Slack:                    inf
  Source:                 T_in[11]
                            (input port)
  Destination:            iv_done_sigma[10]
                            (output port)
  Path Group:             (none)
  Path Type:              Max at Slow Process Corner
  Data Path Delay:        3.955ns  (logic 0.372ns (9.406%)  route 3.583ns (90.594%))
  Logic Levels:           3  (LUT3=1 LUT6=2)

    Location             Delay type                Incr(ns)  Path(ns)    Netlist Resource(s)
  -------------------------------------------------------------------    -------------------
                                                      0.000     0.000 f  T_in[11] (IN)
                         net (fo=1, unset)            0.973     0.973    u_arb_fsm/T_in[11]
                         LUT6 (Prop_lut6_I5_O)        0.124     1.097 f  u_arb_fsm/iv_done_valid_INST_0_i_3/O
                         net (fo=1, unplaced)         1.111     2.208    u_arb_fsm/iv_done_valid_INST_0_i_3_n_0
                         LUT6 (Prop_lut6_I1_O)        0.124     2.332 r  u_arb_fsm/iv_done_valid_INST_0_i_1/O
                         net (fo=40, unplaced)        0.526     2.858    u_gain_comp/is_cordic_mode
                         LUT3 (Prop_lut3_I2_O)        0.124     2.982 r  u_gain_comp/iv_done_sigma[10]_INST_0/O
                         net (fo=0)                   0.973     3.955    iv_done_sigma[10]
                                                                      r  iv_done_sigma[10] (OUT)
  -------------------------------------------------------------------    -------------------

Slack:                    inf
  Source:                 T_in[11]
                            (input port)
  Destination:            iv_done_sigma[11]
                            (output port)
  Path Group:             (none)
  Path Type:              Max at Slow Process Corner
  Data Path Delay:        3.955ns  (logic 0.372ns (9.406%)  route 3.583ns (90.594%))
  Logic Levels:           3  (LUT3=1 LUT6=2)

    Location             Delay type                Incr(ns)  Path(ns)    Netlist Resource(s)
  -------------------------------------------------------------------    -------------------
                                                      0.000     0.000 f  T_in[11] (IN)
                         net (fo=1, unset)            0.973     0.973    u_arb_fsm/T_in[11]
                         LUT6 (Prop_lut6_I5_O)        0.124     1.097 f  u_arb_fsm/iv_done_valid_INST_0_i_3/O
                         net (fo=1, unplaced)         1.111     2.208    u_arb_fsm/iv_done_valid_INST_0_i_3_n_0
                         LUT6 (Prop_lut6_I1_O)        0.124     2.332 r  u_arb_fsm/iv_done_valid_INST_0_i_1/O
                         net (fo=40, unplaced)        0.526     2.858    u_gain_comp/is_cordic_mode
                         LUT3 (Prop_lut3_I2_O)        0.124     2.982 r  u_gain_comp/iv_done_sigma[11]_INST_0/O
                         net (fo=0)                   0.973     3.955    iv_done_sigma[11]
                                                                      r  iv_done_sigma[11] (OUT)
  -------------------------------------------------------------------    -------------------

Slack:                    inf
  Source:                 T_in[11]
                            (input port)
  Destination:            iv_done_sigma[13]
                            (output port)
  Path Group:             (none)
  Path Type:              Max at Slow Process Corner
  Data Path Delay:        3.955ns  (logic 0.372ns (9.406%)  route 3.583ns (90.594%))
  Logic Levels:           3  (LUT3=1 LUT6=2)

    Location             Delay type                Incr(ns)  Path(ns)    Netlist Resource(s)
  -------------------------------------------------------------------    -------------------
                                                      0.000     0.000 f  T_in[11] (IN)
                         net (fo=1, unset)            0.973     0.973    u_arb_fsm/T_in[11]
                         LUT6 (Prop_lut6_I5_O)        0.124     1.097 f  u_arb_fsm/iv_done_valid_INST_0_i_3/O
                         net (fo=1, unplaced)         1.111     2.208    u_arb_fsm/iv_done_valid_INST_0_i_3_n_0
                         LUT6 (Prop_lut6_I1_O)        0.124     2.332 r  u_arb_fsm/iv_done_valid_INST_0_i_1/O
                         net (fo=40, unplaced)        0.526     2.858    u_gain_comp/is_cordic_mode
                         LUT3 (Prop_lut3_I2_O)        0.124     2.982 r  u_gain_comp/iv_done_sigma[13]_INST_0/O
                         net (fo=0)                   0.973     3.955    iv_done_sigma[13]
                                                                      r  iv_done_sigma[13] (OUT)
  -------------------------------------------------------------------    -------------------

Slack:                    inf
  Source:                 T_in[11]
                            (input port)
  Destination:            iv_done_sigma[15]
                            (output port)
  Path Group:             (none)
  Path Type:              Max at Slow Process Corner
  Data Path Delay:        3.955ns  (logic 0.372ns (9.406%)  route 3.583ns (90.594%))
  Logic Levels:           3  (LUT3=1 LUT6=2)

    Location             Delay type                Incr(ns)  Path(ns)    Netlist Resource(s)
  -------------------------------------------------------------------    -------------------
                                                      0.000     0.000 f  T_in[11] (IN)
                         net (fo=1, unset)            0.973     0.973    u_arb_fsm/T_in[11]
                         LUT6 (Prop_lut6_I5_O)        0.124     1.097 f  u_arb_fsm/iv_done_valid_INST_0_i_3/O
                         net (fo=1, unplaced)         1.111     2.208    u_arb_fsm/iv_done_valid_INST_0_i_3_n_0
                         LUT6 (Prop_lut6_I1_O)        0.124     2.332 r  u_arb_fsm/iv_done_valid_INST_0_i_1/O
                         net (fo=40, unplaced)        0.526     2.858    u_gain_comp/is_cordic_mode
                         LUT3 (Prop_lut3_I2_O)        0.124     2.982 r  u_gain_comp/iv_done_sigma[15]_INST_0/O
                         net (fo=0)                   0.973     3.955    iv_done_sigma[15]
                                                                      r  iv_done_sigma[15] (OUT)
  -------------------------------------------------------------------    -------------------





Min Delay Paths
--------------------------------------------------------------------------------------
Slack:                    inf
  Source:                 T_in[31]
                            (input port)
  Destination:            iv_done_sigma[0]
                            (output port)
  Path Group:             (none)
  Path Type:              Min at Fast Process Corner
  Data Path Delay:        1.354ns  (logic 0.135ns (9.973%)  route 1.219ns (90.027%))
  Logic Levels:           3  (LUT2=1 LUT3=1 LUT6=1)

    Location             Delay type                Incr(ns)  Path(ns)    Netlist Resource(s)
  -------------------------------------------------------------------    -------------------
                                                      0.000     0.000 f  T_in[31] (IN)
                         net (fo=1, unset)            0.410     0.410    u_arb_fsm/T_in[31]
                         LUT2 (Prop_lut2_I1_O)        0.045     0.455 f  u_arb_fsm/iv_done_valid_INST_0_i_6/O
                         net (fo=1, unplaced)         0.177     0.632    u_arb_fsm/iv_done_valid_INST_0_i_6_n_0
                         LUT6 (Prop_lut6_I4_O)        0.045     0.677 r  u_arb_fsm/iv_done_valid_INST_0_i_1/O
                         net (fo=40, unplaced)        0.222     0.898    u_gain_comp/is_cordic_mode
                         LUT3 (Prop_lut3_I2_O)        0.045     0.943 r  u_gain_comp/iv_done_sigma[0]_INST_0/O
                         net (fo=0)                   0.410     1.354    iv_done_sigma[0]
                                                                      r  iv_done_sigma[0] (OUT)
  -------------------------------------------------------------------    -------------------

Slack:                    inf
  Source:                 T_in[31]
                            (input port)
  Destination:            iv_done_sigma[10]
                            (output port)
  Path Group:             (none)
  Path Type:              Min at Fast Process Corner
  Data Path Delay:        1.354ns  (logic 0.135ns (9.973%)  route 1.219ns (90.027%))
  Logic Levels:           3  (LUT2=1 LUT3=1 LUT6=1)

    Location             Delay type                Incr(ns)  Path(ns)    Netlist Resource(s)
  -------------------------------------------------------------------    -------------------
                                                      0.000     0.000 f  T_in[31] (IN)
                         net (fo=1, unset)            0.410     0.410    u_arb_fsm/T_in[31]
                         LUT2 (Prop_lut2_I1_O)        0.045     0.455 f  u_arb_fsm/iv_done_valid_INST_0_i_6/O
                         net (fo=1, unplaced)         0.177     0.632    u_arb_fsm/iv_done_valid_INST_0_i_6_n_0
                         LUT6 (Prop_lut6_I4_O)        0.045     0.677 r  u_arb_fsm/iv_done_valid_INST_0_i_1/O
                         net (fo=40, unplaced)        0.222     0.898    u_gain_comp/is_cordic_mode
                         LUT3 (Prop_lut3_I2_O)        0.045     0.943 r  u_gain_comp/iv_done_sigma[10]_INST_0/O
                         net (fo=0)                   0.410     1.354    iv_done_sigma[10]
                                                                      r  iv_done_sigma[10] (OUT)
  -------------------------------------------------------------------    -------------------

Slack:                    inf
  Source:                 T_in[31]
                            (input port)
  Destination:            iv_done_sigma[11]
                            (output port)
  Path Group:             (none)
  Path Type:              Min at Fast Process Corner
  Data Path Delay:        1.354ns  (logic 0.135ns (9.973%)  route 1.219ns (90.027%))
  Logic Levels:           3  (LUT2=1 LUT3=1 LUT6=1)

    Location             Delay type                Incr(ns)  Path(ns)    Netlist Resource(s)
  -------------------------------------------------------------------    -------------------
                                                      0.000     0.000 f  T_in[31] (IN)
                         net (fo=1, unset)            0.410     0.410    u_arb_fsm/T_in[31]
                         LUT2 (Prop_lut2_I1_O)        0.045     0.455 f  u_arb_fsm/iv_done_valid_INST_0_i_6/O
                         net (fo=1, unplaced)         0.177     0.632    u_arb_fsm/iv_done_valid_INST_0_i_6_n_0
                         LUT6 (Prop_lut6_I4_O)        0.045     0.677 r  u_arb_fsm/iv_done_valid_INST_0_i_1/O
                         net (fo=40, unplaced)        0.222     0.898    u_gain_comp/is_cordic_mode
                         LUT3 (Prop_lut3_I2_O)        0.045     0.943 r  u_gain_comp/iv_done_sigma[11]_INST_0/O
                         net (fo=0)                   0.410     1.354    iv_done_sigma[11]
                                                                      r  iv_done_sigma[11] (OUT)
  -------------------------------------------------------------------    -------------------

Slack:                    inf
  Source:                 T_in[31]
                            (input port)
  Destination:            iv_done_sigma[13]
                            (output port)
  Path Group:             (none)
  Path Type:              Min at Fast Process Corner
  Data Path Delay:        1.354ns  (logic 0.135ns (9.973%)  route 1.219ns (90.027%))
  Logic Levels:           3  (LUT2=1 LUT3=1 LUT6=1)

    Location             Delay type                Incr(ns)  Path(ns)    Netlist Resource(s)
  -------------------------------------------------------------------    -------------------
                                                      0.000     0.000 f  T_in[31] (IN)
                         net (fo=1, unset)            0.410     0.410    u_arb_fsm/T_in[31]
                         LUT2 (Prop_lut2_I1_O)        0.045     0.455 f  u_arb_fsm/iv_done_valid_INST_0_i_6/O
                         net (fo=1, unplaced)         0.177     0.632    u_arb_fsm/iv_done_valid_INST_0_i_6_n_0
                         LUT6 (Prop_lut6_I4_O)        0.045     0.677 r  u_arb_fsm/iv_done_valid_INST_0_i_1/O
                         net (fo=40, unplaced)        0.222     0.898    u_gain_comp/is_cordic_mode
                         LUT3 (Prop_lut3_I2_O)        0.045     0.943 r  u_gain_comp/iv_done_sigma[13]_INST_0/O
                         net (fo=0)                   0.410     1.354    iv_done_sigma[13]
                                                                      r  iv_done_sigma[13] (OUT)
  -------------------------------------------------------------------    -------------------

Slack:                    inf
  Source:                 T_in[31]
                            (input port)
  Destination:            iv_done_sigma[15]
                            (output port)
  Path Group:             (none)
  Path Type:              Min at Fast Process Corner
  Data Path Delay:        1.354ns  (logic 0.135ns (9.973%)  route 1.219ns (90.027%))
  Logic Levels:           3  (LUT2=1 LUT3=1 LUT6=1)

    Location             Delay type                Incr(ns)  Path(ns)    Netlist Resource(s)
  -------------------------------------------------------------------    -------------------
                                                      0.000     0.000 f  T_in[31] (IN)
                         net (fo=1, unset)            0.410     0.410    u_arb_fsm/T_in[31]
                         LUT2 (Prop_lut2_I1_O)        0.045     0.455 f  u_arb_fsm/iv_done_valid_INST_0_i_6/O
                         net (fo=1, unplaced)         0.177     0.632    u_arb_fsm/iv_done_valid_INST_0_i_6_n_0
                         LUT6 (Prop_lut6_I4_O)        0.045     0.677 r  u_arb_fsm/iv_done_valid_INST_0_i_1/O
                         net (fo=40, unplaced)        0.222     0.898    u_gain_comp/is_cordic_mode
                         LUT3 (Prop_lut3_I2_O)        0.045     0.943 r  u_gain_comp/iv_done_sigma[15]_INST_0/O
                         net (fo=0)                   0.410     1.354    iv_done_sigma[15]
                                                                      r  iv_done_sigma[15] (OUT)
  -------------------------------------------------------------------    -------------------





--------------------------------------------------------------------------------------
Path Group:  (none)
From Clock:  clk
  To Clock:  

Max Delay            40 Endpoints
Min Delay            40 Endpoints
--------------------------------------------------------------------------------------


Max Delay Paths
--------------------------------------------------------------------------------------
Slack:                    inf
  Source:                 in_flight_count_reg[2]/C
                            (rising edge-triggered cell FDCE clocked by clk  {rise@0.000ns fall@2.000ns period=4.000ns})
  Destination:            fifo_full
                            (output port)
  Path Group:             (none)
  Path Type:              Max at Slow Process Corner
  Data Path Delay:        3.348ns  (logic 0.937ns (27.987%)  route 2.411ns (72.013%))
  Logic Levels:           2  (LUT2=1 LUT6=1)
  Clock Uncertainty:      0.025ns  ((TSJ^2 + TIJ^2)^1/2 + DJ) / 2 + PE
    Total System Jitter     (TSJ):    0.050ns
    Total Input Jitter      (TIJ):    0.000ns
    Discrete Jitter          (DJ):    0.000ns
    Phase Error              (PE):    0.000ns

    Location             Delay type                Incr(ns)  Path(ns)    Netlist Resource(s)
  -------------------------------------------------------------------    -------------------
                         (clock clk rise edge)        0.000     0.000 r  
                                                      0.000     0.000 r  clk (IN)
                         net (fo=20254, unset)        0.973     0.973    clk
                         FDCE                                         r  in_flight_count_reg[2]/C
  -------------------------------------------------------------------    -------------------
                         FDCE (Prop_fdce_C_Q)         0.518     1.491 r  in_flight_count_reg[2]/Q
                         net (fo=4, unplaced)         0.989     2.480    in_flight_count_reg[2]
                         LUT6 (Prop_lut6_I0_O)        0.295     2.775 r  fifo_full_INST_0_i_1/O
                         net (fo=1, unplaced)         0.449     3.224    fifo_full_INST_0_i_1_n_0
                         LUT2 (Prop_lut2_I1_O)        0.124     3.348 r  fifo_full_INST_0/O
                         net (fo=0)                   0.973     4.321    fifo_full
                                                                      r  fifo_full (OUT)
  -------------------------------------------------------------------    -------------------

Slack:                    inf
  Source:                 u_gain_comp/data_out_reg[12]/C
                            (rising edge-triggered cell FDCE clocked by clk  {rise@0.000ns fall@2.000ns period=4.000ns})
  Destination:            iv_done_sigma[12]
                            (output port)
  Path Group:             (none)
  Path Type:              Max at Slow Process Corner
  Data Path Delay:        2.551ns  (logic 0.837ns (32.811%)  route 1.714ns (67.189%))
  Logic Levels:           1  (LUT3=1)
  Clock Uncertainty:      0.025ns  ((TSJ^2 + TIJ^2)^1/2 + DJ) / 2 + PE
    Total System Jitter     (TSJ):    0.050ns
    Total Input Jitter      (TIJ):    0.000ns
    Discrete Jitter          (DJ):    0.000ns
    Phase Error              (PE):    0.000ns

    Location             Delay type                Incr(ns)  Path(ns)    Netlist Resource(s)
  -------------------------------------------------------------------    -------------------
                         (clock clk rise edge)        0.000     0.000 r  
                                                      0.000     0.000 r  clk (IN)
                         net (fo=20254, unset)        0.973     0.973    u_gain_comp/clk
                         FDCE                                         r  u_gain_comp/data_out_reg[12]/C
  -------------------------------------------------------------------    -------------------
                         FDCE (Prop_fdce_C_Q)         0.518     1.491 r  u_gain_comp/data_out_reg[12]/Q
                         net (fo=1, unplaced)         0.741     2.232    u_gain_comp/data_out[12]
                         LUT3 (Prop_lut3_I0_O)        0.319     2.551 r  u_gain_comp/iv_done_sigma[12]_INST_0/O
                         net (fo=0)                   0.973     3.524    iv_done_sigma[12]
                                                                      r  iv_done_sigma[12] (OUT)
  -------------------------------------------------------------------    -------------------

Slack:                    inf
  Source:                 u_gain_comp/data_out_reg[14]/C
                            (rising edge-triggered cell FDCE clocked by clk  {rise@0.000ns fall@2.000ns period=4.000ns})
  Destination:            iv_done_sigma[14]
                            (output port)
  Path Group:             (none)
  Path Type:              Max at Slow Process Corner
  Data Path Delay:        2.551ns  (logic 0.837ns (32.811%)  route 1.714ns (67.189%))
  Logic Levels:           1  (LUT3=1)
  Clock Uncertainty:      0.025ns  ((TSJ^2 + TIJ^2)^1/2 + DJ) / 2 + PE
    Total System Jitter     (TSJ):    0.050ns
    Total Input Jitter      (TIJ):    0.000ns
    Discrete Jitter          (DJ):    0.000ns
    Phase Error              (PE):    0.000ns

    Location             Delay type                Incr(ns)  Path(ns)    Netlist Resource(s)
  -------------------------------------------------------------------    -------------------
                         (clock clk rise edge)        0.000     0.000 r  
                                                      0.000     0.000 r  clk (IN)
                         net (fo=20254, unset)        0.973     0.973    u_gain_comp/clk
                         FDCE                                         r  u_gain_comp/data_out_reg[14]/C
  -------------------------------------------------------------------    -------------------
                         FDCE (Prop_fdce_C_Q)         0.518     1.491 r  u_gain_comp/data_out_reg[14]/Q
                         net (fo=1, unplaced)         0.741     2.232    u_gain_comp/data_out[14]
                         LUT3 (Prop_lut3_I0_O)        0.319     2.551 r  u_gain_comp/iv_done_sigma[14]_INST_0/O
                         net (fo=0)                   0.973     3.524    iv_done_sigma[14]
                                                                      r  iv_done_sigma[14] (OUT)
  -------------------------------------------------------------------    -------------------

Slack:                    inf
  Source:                 u_gain_comp/data_out_reg[16]/C
                            (rising edge-triggered cell FDCE clocked by clk  {rise@0.000ns fall@2.000ns period=4.000ns})
  Destination:            iv_done_sigma[16]
                            (output port)
  Path Group:             (none)
  Path Type:              Max at Slow Process Corner
  Data Path Delay:        2.551ns  (logic 0.837ns (32.811%)  route 1.714ns (67.189%))
  Logic Levels:           1  (LUT3=1)
  Clock Uncertainty:      0.025ns  ((TSJ^2 + TIJ^2)^1/2 + DJ) / 2 + PE
    Total System Jitter     (TSJ):    0.050ns
    Total Input Jitter      (TIJ):    0.000ns
    Discrete Jitter          (DJ):    0.000ns
    Phase Error              (PE):    0.000ns

    Location             Delay type                Incr(ns)  Path(ns)    Netlist Resource(s)
  -------------------------------------------------------------------    -------------------
                         (clock clk rise edge)        0.000     0.000 r  
                                                      0.000     0.000 r  clk (IN)
                         net (fo=20254, unset)        0.973     0.973    u_gain_comp/clk
                         FDCE                                         r  u_gain_comp/data_out_reg[16]/C
  -------------------------------------------------------------------    -------------------
                         FDCE (Prop_fdce_C_Q)         0.518     1.491 r  u_gain_comp/data_out_reg[16]/Q
                         net (fo=1, unplaced)         0.741     2.232    u_gain_comp/data_out[16]
                         LUT3 (Prop_lut3_I0_O)        0.319     2.551 r  u_gain_comp/iv_done_sigma[16]_INST_0/O
                         net (fo=0)                   0.973     3.524    iv_done_sigma[16]
                                                                      r  iv_done_sigma[16] (OUT)
  -------------------------------------------------------------------    -------------------

Slack:                    inf
  Source:                 u_gain_comp/data_out_reg[18]/C
                            (rising edge-triggered cell FDCE clocked by clk  {rise@0.000ns fall@2.000ns period=4.000ns})
  Destination:            iv_done_sigma[18]
                            (output port)
  Path Group:             (none)
  Path Type:              Max at Slow Process Corner
  Data Path Delay:        2.551ns  (logic 0.837ns (32.811%)  route 1.714ns (67.189%))
  Logic Levels:           1  (LUT3=1)
  Clock Uncertainty:      0.025ns  ((TSJ^2 + TIJ^2)^1/2 + DJ) / 2 + PE
    Total System Jitter     (TSJ):    0.050ns
    Total Input Jitter      (TIJ):    0.000ns
    Discrete Jitter          (DJ):    0.000ns
    Phase Error              (PE):    0.000ns

    Location             Delay type                Incr(ns)  Path(ns)    Netlist Resource(s)
  -------------------------------------------------------------------    -------------------
                         (clock clk rise edge)        0.000     0.000 r  
                                                      0.000     0.000 r  clk (IN)
                         net (fo=20254, unset)        0.973     0.973    u_gain_comp/clk
                         FDCE                                         r  u_gain_comp/data_out_reg[18]/C
  -------------------------------------------------------------------    -------------------
                         FDCE (Prop_fdce_C_Q)         0.518     1.491 r  u_gain_comp/data_out_reg[18]/Q
                         net (fo=1, unplaced)         0.741     2.232    u_gain_comp/data_out[18]
                         LUT3 (Prop_lut3_I0_O)        0.319     2.551 r  u_gain_comp/iv_done_sigma[18]_INST_0/O
                         net (fo=0)                   0.973     3.524    iv_done_sigma[18]
                                                                      r  iv_done_sigma[18] (OUT)
  -------------------------------------------------------------------    -------------------





Min Delay Paths
--------------------------------------------------------------------------------------
Slack:                    inf
  Source:                 u_arb_fsm/iv_done_sigma_reg[0]/C
                            (rising edge-triggered cell FDCE clocked by clk  {rise@0.000ns fall@2.000ns period=4.000ns})
  Destination:            iv_done_sigma[0]
                            (output port)
  Path Group:             (none)
  Path Type:              Min at Fast Process Corner
  Data Path Delay:        0.853ns  (logic 0.245ns (28.714%)  route 0.608ns (71.286%))
  Logic Levels:           1  (LUT3=1)
  Clock Uncertainty:      0.025ns  ((TSJ^2 + TIJ^2)^1/2 + DJ) / 2 + PE
    Total System Jitter     (TSJ):    0.050ns
    Total Input Jitter      (TIJ):    0.000ns
    Discrete Jitter          (DJ):    0.000ns
    Phase Error              (PE):    0.000ns

    Location             Delay type                Incr(ns)  Path(ns)    Netlist Resource(s)
  -------------------------------------------------------------------    -------------------
                         (clock clk rise edge)        0.000     0.000 r  
                                                      0.000     0.000 r  clk (IN)
                         net (fo=20254, unset)        0.410     0.410    u_arb_fsm/clk
                         FDCE                                         r  u_arb_fsm/iv_done_sigma_reg[0]/C
  -------------------------------------------------------------------    -------------------
                         FDCE (Prop_fdce_C_Q)         0.147     0.557 r  u_arb_fsm/iv_done_sigma_reg[0]/Q
                         net (fo=1, unplaced)         0.198     0.755    u_gain_comp/iv_done_sigma[31][0]
                         LUT3 (Prop_lut3_I1_O)        0.098     0.853 r  u_gain_comp/iv_done_sigma[0]_INST_0/O
                         net (fo=0)                   0.410     1.263    iv_done_sigma[0]
                                                                      r  iv_done_sigma[0] (OUT)
  -------------------------------------------------------------------    -------------------

Slack:                    inf
  Source:                 u_arb_fsm/iv_done_sigma_reg[10]/C
                            (rising edge-triggered cell FDCE clocked by clk  {rise@0.000ns fall@2.000ns period=4.000ns})
  Destination:            iv_done_sigma[10]
                            (output port)
  Path Group:             (none)
  Path Type:              Min at Fast Process Corner
  Data Path Delay:        0.853ns  (logic 0.245ns (28.714%)  route 0.608ns (71.286%))
  Logic Levels:           1  (LUT3=1)
  Clock Uncertainty:      0.025ns  ((TSJ^2 + TIJ^2)^1/2 + DJ) / 2 + PE
    Total System Jitter     (TSJ):    0.050ns
    Total Input Jitter      (TIJ):    0.000ns
    Discrete Jitter          (DJ):    0.000ns
    Phase Error              (PE):    0.000ns

    Location             Delay type                Incr(ns)  Path(ns)    Netlist Resource(s)
  -------------------------------------------------------------------    -------------------
                         (clock clk rise edge)        0.000     0.000 r  
                                                      0.000     0.000 r  clk (IN)
                         net (fo=20254, unset)        0.410     0.410    u_arb_fsm/clk
                         FDCE                                         r  u_arb_fsm/iv_done_sigma_reg[10]/C
  -------------------------------------------------------------------    -------------------
                         FDCE (Prop_fdce_C_Q)         0.147     0.557 r  u_arb_fsm/iv_done_sigma_reg[10]/Q
                         net (fo=1, unplaced)         0.198     0.755    u_gain_comp/iv_done_sigma[31][10]
                         LUT3 (Prop_lut3_I1_O)        0.098     0.853 r  u_gain_comp/iv_done_sigma[10]_INST_0/O
                         net (fo=0)                   0.410     1.263    iv_done_sigma[10]
                                                                      r  iv_done_sigma[10] (OUT)
  -------------------------------------------------------------------    -------------------

Slack:                    inf
  Source:                 u_arb_fsm/iv_done_sigma_reg[11]/C
                            (rising edge-triggered cell FDCE clocked by clk  {rise@0.000ns fall@2.000ns period=4.000ns})
  Destination:            iv_done_sigma[11]
                            (output port)
  Path Group:             (none)
  Path Type:              Min at Fast Process Corner
  Data Path Delay:        0.853ns  (logic 0.245ns (28.714%)  route 0.608ns (71.286%))
  Logic Levels:           1  (LUT3=1)
  Clock Uncertainty:      0.025ns  ((TSJ^2 + TIJ^2)^1/2 + DJ) / 2 + PE
    Total System Jitter     (TSJ):    0.050ns
    Total Input Jitter      (TIJ):    0.000ns
    Discrete Jitter          (DJ):    0.000ns
    Phase Error              (PE):    0.000ns

    Location             Delay type                Incr(ns)  Path(ns)    Netlist Resource(s)
  -------------------------------------------------------------------    -------------------
                         (clock clk rise edge)        0.000     0.000 r  
                                                      0.000     0.000 r  clk (IN)
                         net (fo=20254, unset)        0.410     0.410    u_arb_fsm/clk
                         FDCE                                         r  u_arb_fsm/iv_done_sigma_reg[11]/C
  -------------------------------------------------------------------    -------------------
                         FDCE (Prop_fdce_C_Q)         0.147     0.557 r  u_arb_fsm/iv_done_sigma_reg[11]/Q
                         net (fo=1, unplaced)         0.198     0.755    u_gain_comp/iv_done_sigma[31][11]
                         LUT3 (Prop_lut3_I1_O)        0.098     0.853 r  u_gain_comp/iv_done_sigma[11]_INST_0/O
                         net (fo=0)                   0.410     1.263    iv_done_sigma[11]
                                                                      r  iv_done_sigma[11] (OUT)
  -------------------------------------------------------------------    -------------------

Slack:                    inf
  Source:                 u_arb_fsm/iv_done_sigma_reg[13]/C
                            (rising edge-triggered cell FDCE clocked by clk  {rise@0.000ns fall@2.000ns period=4.000ns})
  Destination:            iv_done_sigma[13]
                            (output port)
  Path Group:             (none)
  Path Type:              Min at Fast Process Corner
  Data Path Delay:        0.853ns  (logic 0.245ns (28.714%)  route 0.608ns (71.286%))
  Logic Levels:           1  (LUT3=1)
  Clock Uncertainty:      0.025ns  ((TSJ^2 + TIJ^2)^1/2 + DJ) / 2 + PE
    Total System Jitter     (TSJ):    0.050ns
    Total Input Jitter      (TIJ):    0.000ns
    Discrete Jitter          (DJ):    0.000ns
    Phase Error              (PE):    0.000ns

    Location             Delay type                Incr(ns)  Path(ns)    Netlist Resource(s)
  -------------------------------------------------------------------    -------------------
                         (clock clk rise edge)        0.000     0.000 r  
                                                      0.000     0.000 r  clk (IN)
                         net (fo=20254, unset)        0.410     0.410    u_arb_fsm/clk
                         FDCE                                         r  u_arb_fsm/iv_done_sigma_reg[13]/C
  -------------------------------------------------------------------    -------------------
                         FDCE (Prop_fdce_C_Q)         0.147     0.557 r  u_arb_fsm/iv_done_sigma_reg[13]/Q
                         net (fo=1, unplaced)         0.198     0.755    u_gain_comp/iv_done_sigma[31][13]
                         LUT3 (Prop_lut3_I1_O)        0.098     0.853 r  u_gain_comp/iv_done_sigma[13]_INST_0/O
                         net (fo=0)                   0.410     1.263    iv_done_sigma[13]
                                                                      r  iv_done_sigma[13] (OUT)
  -------------------------------------------------------------------    -------------------

Slack:                    inf
  Source:                 u_arb_fsm/iv_done_sigma_reg[15]/C
                            (rising edge-triggered cell FDCE clocked by clk  {rise@0.000ns fall@2.000ns period=4.000ns})
  Destination:            iv_done_sigma[15]
                            (output port)
  Path Group:             (none)
  Path Type:              Min at Fast Process Corner
  Data Path Delay:        0.853ns  (logic 0.245ns (28.714%)  route 0.608ns (71.286%))
  Logic Levels:           1  (LUT3=1)
  Clock Uncertainty:      0.025ns  ((TSJ^2 + TIJ^2)^1/2 + DJ) / 2 + PE
    Total System Jitter     (TSJ):    0.050ns
    Total Input Jitter      (TIJ):    0.000ns
    Discrete Jitter          (DJ):    0.000ns
    Phase Error              (PE):    0.000ns

    Location             Delay type                Incr(ns)  Path(ns)    Netlist Resource(s)
  -------------------------------------------------------------------    -------------------
                         (clock clk rise edge)        0.000     0.000 r  
                                                      0.000     0.000 r  clk (IN)
                         net (fo=20254, unset)        0.410     0.410    u_arb_fsm/clk
                         FDCE                                         r  u_arb_fsm/iv_done_sigma_reg[15]/C
  -------------------------------------------------------------------    -------------------
                         FDCE (Prop_fdce_C_Q)         0.147     0.557 r  u_arb_fsm/iv_done_sigma_reg[15]/Q
                         net (fo=1, unplaced)         0.198     0.755    u_gain_comp/iv_done_sigma[31][15]
                         LUT3 (Prop_lut3_I1_O)        0.098     0.853 r  u_gain_comp/iv_done_sigma[15]_INST_0/O
                         net (fo=0)                   0.410     1.263    iv_done_sigma[15]
                                                                      r  iv_done_sigma[15] (OUT)
  -------------------------------------------------------------------    -------------------





--------------------------------------------------------------------------------------
Path Group:  (none)
From Clock:  
  To Clock:  clk

Max Delay         19829 Endpoints
Min Delay         19829 Endpoints
--------------------------------------------------------------------------------------


Max Delay Paths
--------------------------------------------------------------------------------------
Slack:                    inf
  Source:                 T_in[11]
                            (input port)
  Destination:            ctx_iter_reg_0_63_0_2/RAMA/WADR1
                            (rising edge-triggered cell RAMD64E clocked by clk  {rise@0.000ns fall@2.000ns period=4.000ns})
  Path Group:             (none)
  Path Type:              Setup (Max at Slow Process Corner)
  Data Path Delay:        4.668ns  (logic 0.496ns (10.626%)  route 4.172ns (89.374%))
  Logic Levels:           4  (LUT2=1 LUT5=1 LUT6=2)
  Clock Path Skew:        0.924ns (DCD - SCD + CPR)
    Destination Clock Delay (DCD):    0.924ns
    Source Clock Delay      (SCD):    0.000ns
    Clock Pessimism Removal (CPR):    0.000ns
  Clock Uncertainty:      0.025ns  ((TSJ^2 + TIJ^2)^1/2 + DJ) / 2 + PE
    Total System Jitter     (TSJ):    0.050ns
    Total Input Jitter      (TIJ):    0.000ns
    Discrete Jitter          (DJ):    0.000ns
    Phase Error              (PE):    0.000ns

    Location             Delay type                Incr(ns)  Path(ns)    Netlist Resource(s)
  -------------------------------------------------------------------    -------------------
                                                      0.000     0.000 r  T_in[11] (IN)
                         net (fo=1, unset)            0.973     0.973    u_arb_fsm/T_in[11]
                         LUT6 (Prop_lut6_I5_O)        0.124     1.097 r  u_arb_fsm/iv_done_valid_INST_0_i_3/O
                         net (fo=1, unplaced)         1.111     2.208    u_arb_fsm/iv_done_valid_INST_0_i_3_n_0
                         LUT6 (Prop_lut6_I1_O)        0.124     2.332 f  u_arb_fsm/iv_done_valid_INST_0_i_1/O
                         net (fo=40, unplaced)        0.526     2.858    u_arb_fsm/is_cordic_mode
                         LUT2 (Prop_lut2_I1_O)        0.124     2.982 r  u_arb_fsm/ctx_C_reg_0_63_0_2_i_1/O
                         net (fo=233, unplaced)       0.570     3.552    u_arb_fsm_n_2
                         LUT5 (Prop_lut5_I4_O)        0.124     3.676 r  ctx_iter_reg_0_63_0_2_i_8/O
                         net (fo=8, unplaced)         0.992     4.668    ctx_iter_reg_0_63_0_2/ADDRD1
                         RAMD64E                                      r  ctx_iter_reg_0_63_0_2/RAMA/WADR1
  -------------------------------------------------------------------    -------------------

                         (clock clk rise edge)        0.000     0.000 r  
                                                      0.000     0.000 r  clk (IN)
                         net (fo=20254, unset)        0.924     0.924    ctx_iter_reg_0_63_0_2/WCLK
                         RAMD64E                                      r  ctx_iter_reg_0_63_0_2/RAMA/CLK

Slack:                    inf
  Source:                 T_in[11]
                            (input port)
  Destination:            ctx_iter_reg_0_63_0_2/RAMB/WADR1
                            (rising edge-triggered cell RAMD64E clocked by clk  {rise@0.000ns fall@2.000ns period=4.000ns})
  Path Group:             (none)
  Path Type:              Setup (Max at Slow Process Corner)
  Data Path Delay:        4.668ns  (logic 0.496ns (10.626%)  route 4.172ns (89.374%))
  Logic Levels:           4  (LUT2=1 LUT5=1 LUT6=2)
  Clock Path Skew:        0.924ns (DCD - SCD + CPR)
    Destination Clock Delay (DCD):    0.924ns
    Source Clock Delay      (SCD):    0.000ns
    Clock Pessimism Removal (CPR):    0.000ns
  Clock Uncertainty:      0.025ns  ((TSJ^2 + TIJ^2)^1/2 + DJ) / 2 + PE
    Total System Jitter     (TSJ):    0.050ns
    Total Input Jitter      (TIJ):    0.000ns
    Discrete Jitter          (DJ):    0.000ns
    Phase Error              (PE):    0.000ns

    Location             Delay type                Incr(ns)  Path(ns)    Netlist Resource(s)
  -------------------------------------------------------------------    -------------------
                                                      0.000     0.000 r  T_in[11] (IN)
                         net (fo=1, unset)            0.973     0.973    u_arb_fsm/T_in[11]
                         LUT6 (Prop_lut6_I5_O)        0.124     1.097 r  u_arb_fsm/iv_done_valid_INST_0_i_3/O
                         net (fo=1, unplaced)         1.111     2.208    u_arb_fsm/iv_done_valid_INST_0_i_3_n_0
                         LUT6 (Prop_lut6_I1_O)        0.124     2.332 f  u_arb_fsm/iv_done_valid_INST_0_i_1/O
                         net (fo=40, unplaced)        0.526     2.858    u_arb_fsm/is_cordic_mode
                         LUT2 (Prop_lut2_I1_O)        0.124     2.982 r  u_arb_fsm/ctx_C_reg_0_63_0_2_i_1/O
                         net (fo=233, unplaced)       0.570     3.552    u_arb_fsm_n_2
                         LUT5 (Prop_lut5_I4_O)        0.124     3.676 r  ctx_iter_reg_0_63_0_2_i_8/O
                         net (fo=8, unplaced)         0.992     4.668    ctx_iter_reg_0_63_0_2/ADDRD1
                         RAMD64E                                      r  ctx_iter_reg_0_63_0_2/RAMB/WADR1
  -------------------------------------------------------------------    -------------------

                         (clock clk rise edge)        0.000     0.000 r  
                                                      0.000     0.000 r  clk (IN)
                         net (fo=20254, unset)        0.924     0.924    ctx_iter_reg_0_63_0_2/WCLK
                         RAMD64E                                      r  ctx_iter_reg_0_63_0_2/RAMB/CLK

Slack:                    inf
  Source:                 T_in[11]
                            (input port)
  Destination:            ctx_iter_reg_0_63_0_2/RAMC/WADR1
                            (rising edge-triggered cell RAMD64E clocked by clk  {rise@0.000ns fall@2.000ns period=4.000ns})
  Path Group:             (none)
  Path Type:              Setup (Max at Slow Process Corner)
  Data Path Delay:        4.668ns  (logic 0.496ns (10.626%)  route 4.172ns (89.374%))
  Logic Levels:           4  (LUT2=1 LUT5=1 LUT6=2)
  Clock Path Skew:        0.924ns (DCD - SCD + CPR)
    Destination Clock Delay (DCD):    0.924ns
    Source Clock Delay      (SCD):    0.000ns
    Clock Pessimism Removal (CPR):    0.000ns
  Clock Uncertainty:      0.025ns  ((TSJ^2 + TIJ^2)^1/2 + DJ) / 2 + PE
    Total System Jitter     (TSJ):    0.050ns
    Total Input Jitter      (TIJ):    0.000ns
    Discrete Jitter          (DJ):    0.000ns
    Phase Error              (PE):    0.000ns

    Location             Delay type                Incr(ns)  Path(ns)    Netlist Resource(s)
  -------------------------------------------------------------------    -------------------
                                                      0.000     0.000 r  T_in[11] (IN)
                         net (fo=1, unset)            0.973     0.973    u_arb_fsm/T_in[11]
                         LUT6 (Prop_lut6_I5_O)        0.124     1.097 r  u_arb_fsm/iv_done_valid_INST_0_i_3/O
                         net (fo=1, unplaced)         1.111     2.208    u_arb_fsm/iv_done_valid_INST_0_i_3_n_0
                         LUT6 (Prop_lut6_I1_O)        0.124     2.332 f  u_arb_fsm/iv_done_valid_INST_0_i_1/O
                         net (fo=40, unplaced)        0.526     2.858    u_arb_fsm/is_cordic_mode
                         LUT2 (Prop_lut2_I1_O)        0.124     2.982 r  u_arb_fsm/ctx_C_reg_0_63_0_2_i_1/O
                         net (fo=233, unplaced)       0.570     3.552    u_arb_fsm_n_2
                         LUT5 (Prop_lut5_I4_O)        0.124     3.676 r  ctx_iter_reg_0_63_0_2_i_8/O
                         net (fo=8, unplaced)         0.992     4.668    ctx_iter_reg_0_63_0_2/ADDRD1
                         RAMD64E                                      r  ctx_iter_reg_0_63_0_2/RAMC/WADR1
  -------------------------------------------------------------------    -------------------

                         (clock clk rise edge)        0.000     0.000 r  
                                                      0.000     0.000 r  clk (IN)
                         net (fo=20254, unset)        0.924     0.924    ctx_iter_reg_0_63_0_2/WCLK
                         RAMD64E                                      r  ctx_iter_reg_0_63_0_2/RAMC/CLK

Slack:                    inf
  Source:                 T_in[11]
                            (input port)
  Destination:            ctx_iter_reg_0_63_0_2/RAMD/WADR1
                            (rising edge-triggered cell RAMD64E clocked by clk  {rise@0.000ns fall@2.000ns period=4.000ns})
  Path Group:             (none)
  Path Type:              Setup (Max at Slow Process Corner)
  Data Path Delay:        4.668ns  (logic 0.496ns (10.626%)  route 4.172ns (89.374%))
  Logic Levels:           4  (LUT2=1 LUT5=1 LUT6=2)
  Clock Path Skew:        0.924ns (DCD - SCD + CPR)
    Destination Clock Delay (DCD):    0.924ns
    Source Clock Delay      (SCD):    0.000ns
    Clock Pessimism Removal (CPR):    0.000ns
  Clock Uncertainty:      0.025ns  ((TSJ^2 + TIJ^2)^1/2 + DJ) / 2 + PE
    Total System Jitter     (TSJ):    0.050ns
    Total Input Jitter      (TIJ):    0.000ns
    Discrete Jitter          (DJ):    0.000ns
    Phase Error              (PE):    0.000ns

    Location             Delay type                Incr(ns)  Path(ns)    Netlist Resource(s)
  -------------------------------------------------------------------    -------------------
                                                      0.000     0.000 r  T_in[11] (IN)
                         net (fo=1, unset)            0.973     0.973    u_arb_fsm/T_in[11]
                         LUT6 (Prop_lut6_I5_O)        0.124     1.097 r  u_arb_fsm/iv_done_valid_INST_0_i_3/O
                         net (fo=1, unplaced)         1.111     2.208    u_arb_fsm/iv_done_valid_INST_0_i_3_n_0
                         LUT6 (Prop_lut6_I1_O)        0.124     2.332 f  u_arb_fsm/iv_done_valid_INST_0_i_1/O
                         net (fo=40, unplaced)        0.526     2.858    u_arb_fsm/is_cordic_mode
                         LUT2 (Prop_lut2_I1_O)        0.124     2.982 r  u_arb_fsm/ctx_C_reg_0_63_0_2_i_1/O
                         net (fo=233, unplaced)       0.570     3.552    u_arb_fsm_n_2
                         LUT5 (Prop_lut5_I4_O)        0.124     3.676 r  ctx_iter_reg_0_63_0_2_i_8/O
                         net (fo=8, unplaced)         0.992     4.668    ctx_iter_reg_0_63_0_2/ADDRD1
                         RAMD64E                                      r  ctx_iter_reg_0_63_0_2/RAMD/WADR1
  -------------------------------------------------------------------    -------------------

                         (clock clk rise edge)        0.000     0.000 r  
                                                      0.000     0.000 r  clk (IN)
                         net (fo=20254, unset)        0.924     0.924    ctx_iter_reg_0_63_0_2/WCLK
                         RAMD64E                                      r  ctx_iter_reg_0_63_0_2/RAMD/CLK

Slack:                    inf
  Source:                 T_in[11]
                            (input port)
  Destination:            ctx_iter_reg_0_63_3_3/DP/WADR1
                            (rising edge-triggered cell RAMD64E clocked by clk  {rise@0.000ns fall@2.000ns period=4.000ns})
  Path Group:             (none)
  Path Type:              Setup (Max at Slow Process Corner)
  Data Path Delay:        4.668ns  (logic 0.496ns (10.626%)  route 4.172ns (89.374%))
  Logic Levels:           4  (LUT2=1 LUT5=1 LUT6=2)
  Clock Path Skew:        0.924ns (DCD - SCD + CPR)
    Destination Clock Delay (DCD):    0.924ns
    Source Clock Delay      (SCD):    0.000ns
    Clock Pessimism Removal (CPR):    0.000ns
  Clock Uncertainty:      0.025ns  ((TSJ^2 + TIJ^2)^1/2 + DJ) / 2 + PE
    Total System Jitter     (TSJ):    0.050ns
    Total Input Jitter      (TIJ):    0.000ns
    Discrete Jitter          (DJ):    0.000ns
    Phase Error              (PE):    0.000ns

    Location             Delay type                Incr(ns)  Path(ns)    Netlist Resource(s)
  -------------------------------------------------------------------    -------------------
                                                      0.000     0.000 r  T_in[11] (IN)
                         net (fo=1, unset)            0.973     0.973    u_arb_fsm/T_in[11]
                         LUT6 (Prop_lut6_I5_O)        0.124     1.097 r  u_arb_fsm/iv_done_valid_INST_0_i_3/O
                         net (fo=1, unplaced)         1.111     2.208    u_arb_fsm/iv_done_valid_INST_0_i_3_n_0
                         LUT6 (Prop_lut6_I1_O)        0.124     2.332 f  u_arb_fsm/iv_done_valid_INST_0_i_1/O
                         net (fo=40, unplaced)        0.526     2.858    u_arb_fsm/is_cordic_mode
                         LUT2 (Prop_lut2_I1_O)        0.124     2.982 r  u_arb_fsm/ctx_C_reg_0_63_0_2_i_1/O
                         net (fo=233, unplaced)       0.570     3.552    u_arb_fsm_n_2
                         LUT5 (Prop_lut5_I4_O)        0.124     3.676 r  ctx_iter_reg_0_63_0_2_i_8/O
                         net (fo=8, unplaced)         0.992     4.668    ctx_iter_reg_0_63_3_3/A1
                         RAMD64E                                      r  ctx_iter_reg_0_63_3_3/DP/WADR1
  -------------------------------------------------------------------    -------------------

                         (clock clk rise edge)        0.000     0.000 r  
                                                      0.000     0.000 r  clk (IN)
                         net (fo=20254, unset)        0.924     0.924    ctx_iter_reg_0_63_3_3/WCLK
                         RAMD64E                                      r  ctx_iter_reg_0_63_3_3/DP/CLK





Min Delay Paths
--------------------------------------------------------------------------------------
Slack:                    inf
  Source:                 r_in[0]
                            (input port)
  Destination:            cordic_inst/cordic_pipeline[0].m_pipe_reg[1]/D
                            (rising edge-triggered cell FDCE clocked by clk  {rise@0.000ns fall@2.000ns period=4.000ns})
  Path Group:             (none)
  Path Type:              Hold (Min at Fast Process Corner)
  Data Path Delay:        0.410ns  (logic 0.000ns (0.000%)  route 0.410ns (100.000%))
  Logic Levels:           0  
  Clock Path Skew:        0.432ns (DCD - SCD - CPR)
    Destination Clock Delay (DCD):    0.432ns
    Source Clock Delay      (SCD):    0.000ns
    Clock Pessimism Removal (CPR):    -0.000ns

    Location             Delay type                Incr(ns)  Path(ns)    Netlist Resource(s)
  -------------------------------------------------------------------    -------------------
                                                      0.000     0.000 r  r_in[0] (IN)
                         net (fo=85, unset)           0.410     0.410    cordic_inst/r_in[0]
                         FDCE                                         r  cordic_inst/cordic_pipeline[0].m_pipe_reg[1]/D
  -------------------------------------------------------------------    -------------------

                         (clock clk rise edge)        0.000     0.000 r  
                                                      0.000     0.000 r  clk (IN)
                         net (fo=20254, unset)        0.432     0.432    cordic_inst/clk
                         FDCE                                         r  cordic_inst/cordic_pipeline[0].m_pipe_reg[1]/C

Slack:                    inf
  Source:                 valid_in
                            (input port)
  Destination:            cordic_inst/cordic_pipeline[17].v_pipe_reg[18]_srl18_bs_delay_gen_c_16/D
                            (rising edge-triggered cell SRLC32E clocked by clk  {rise@0.000ns fall@2.000ns period=4.000ns})
  Path Group:             (none)
  Path Type:              Hold (Min at Fast Process Corner)
  Data Path Delay:        0.410ns  (logic 0.000ns (0.000%)  route 0.410ns (100.000%))
  Logic Levels:           0  
  Clock Path Skew:        0.432ns (DCD - SCD - CPR)
    Destination Clock Delay (DCD):    0.432ns
    Source Clock Delay      (SCD):    0.000ns
    Clock Pessimism Removal (CPR):    -0.000ns

    Location             Delay type                Incr(ns)  Path(ns)    Netlist Resource(s)
  -------------------------------------------------------------------    -------------------
                                                      0.000     0.000 r  valid_in (IN)
                         net (fo=7, unset)            0.410     0.410    cordic_inst/valid_in
                         SRLC32E                                      r  cordic_inst/cordic_pipeline[17].v_pipe_reg[18]_srl18_bs_delay_gen_c_16/D
  -------------------------------------------------------------------    -------------------

                         (clock clk rise edge)        0.000     0.000 r  
                                                      0.000     0.000 r  clk (IN)
                         net (fo=20254, unset)        0.432     0.432    cordic_inst/clk
                         SRLC32E                                      r  cordic_inst/cordic_pipeline[17].v_pipe_reg[18]_srl18_bs_delay_gen_c_16/CLK

Slack:                    inf
  Source:                 C_in[0]
                            (input port)
  Destination:            ctx_C_reg_0_63_0_2/RAMA/I
                            (rising edge-triggered cell RAMD64E clocked by clk  {rise@0.000ns fall@2.000ns period=4.000ns})
  Path Group:             (none)
  Path Type:              Hold (Min at Fast Process Corner)
  Data Path Delay:        0.410ns  (logic 0.000ns (0.000%)  route 0.410ns (100.000%))
  Logic Levels:           0  
  Clock Path Skew:        0.432ns (DCD - SCD - CPR)
    Destination Clock Delay (DCD):    0.432ns
    Source Clock Delay      (SCD):    0.000ns
    Clock Pessimism Removal (CPR):    -0.000ns

    Location             Delay type                Incr(ns)  Path(ns)    Netlist Resource(s)
  -------------------------------------------------------------------    -------------------
                                                      0.000     0.000 r  C_in[0] (IN)
                         net (fo=2, unset)            0.410     0.410    ctx_C_reg_0_63_0_2/DIA
                         RAMD64E                                      r  ctx_C_reg_0_63_0_2/RAMA/I
  -------------------------------------------------------------------    -------------------

                         (clock clk rise edge)        0.000     0.000 r  
                                                      0.000     0.000 r  clk (IN)
                         net (fo=20254, unset)        0.432     0.432    ctx_C_reg_0_63_0_2/WCLK
                         RAMD64E                                      r  ctx_C_reg_0_63_0_2/RAMA/CLK

Slack:                    inf
  Source:                 C_in[1]
                            (input port)
  Destination:            ctx_C_reg_0_63_0_2/RAMB/I
                            (rising edge-triggered cell RAMD64E clocked by clk  {rise@0.000ns fall@2.000ns period=4.000ns})
  Path Group:             (none)
  Path Type:              Hold (Min at Fast Process Corner)
  Data Path Delay:        0.410ns  (logic 0.000ns (0.000%)  route 0.410ns (100.000%))
  Logic Levels:           0  
  Clock Path Skew:        0.432ns (DCD - SCD - CPR)
    Destination Clock Delay (DCD):    0.432ns
    Source Clock Delay      (SCD):    0.000ns
    Clock Pessimism Removal (CPR):    -0.000ns

    Location             Delay type                Incr(ns)  Path(ns)    Netlist Resource(s)
  -------------------------------------------------------------------    -------------------
                                                      0.000     0.000 r  C_in[1] (IN)
                         net (fo=4, unset)            0.410     0.410    ctx_C_reg_0_63_0_2/DIB
                         RAMD64E                                      r  ctx_C_reg_0_63_0_2/RAMB/I
  -------------------------------------------------------------------    -------------------

                         (clock clk rise edge)        0.000     0.000 r  
                                                      0.000     0.000 r  clk (IN)
                         net (fo=20254, unset)        0.432     0.432    ctx_C_reg_0_63_0_2/WCLK
                         RAMD64E                                      r  ctx_C_reg_0_63_0_2/RAMB/CLK

Slack:                    inf
  Source:                 C_in[2]
                            (input port)
  Destination:            ctx_C_reg_0_63_0_2/RAMC/I
                            (rising edge-triggered cell RAMD64E clocked by clk  {rise@0.000ns fall@2.000ns period=4.000ns})
  Path Group:             (none)
  Path Type:              Hold (Min at Fast Process Corner)
  Data Path Delay:        0.410ns  (logic 0.000ns (0.000%)  route 0.410ns (100.000%))
  Logic Levels:           0  
  Clock Path Skew:        0.432ns (DCD - SCD - CPR)
    Destination Clock Delay (DCD):    0.432ns
    Source Clock Delay      (SCD):    0.000ns
    Clock Pessimism Removal (CPR):    -0.000ns

    Location             Delay type                Incr(ns)  Path(ns)    Netlist Resource(s)
  -------------------------------------------------------------------    -------------------
                                                      0.000     0.000 r  C_in[2] (IN)
                         net (fo=3, unset)            0.410     0.410    ctx_C_reg_0_63_0_2/DIC
                         RAMD64E                                      r  ctx_C_reg_0_63_0_2/RAMC/I
  -------------------------------------------------------------------    -------------------

                         (clock clk rise edge)        0.000     0.000 r  
                                                      0.000     0.000 r  clk (IN)
                         net (fo=20254, unset)        0.432     0.432    ctx_C_reg_0_63_0_2/WCLK
                         RAMD64E                                      r  ctx_C_reg_0_63_0_2/RAMC/CLK





