Copyright 1986-2022 Xilinx, Inc. All Rights Reserved. Copyright 2022-2025 Advanced Micro Devices, Inc. All Rights Reserved.
---------------------------------------------------------------------------------------------------------------------------------------------
| Tool Version : Vivado v.2025.2 (win64) Build 6299465 Fri Nov 14 19:35:11 GMT 2025
| Date         : Mon Aug 31 14:22:08 2026
| Host         : LAPTOP-EPHGQB72 running 64-bit major release  (build 9200)
| Command      : report_timing_summary -file impl_results/artix7/artix7_timing_summary.rpt -max_paths 10 -report_unconstrained
| Design       : iv_axis_wrapper
| Device       : 7a200t-ffg1156
| Speed File   : -2  PRODUCTION 1.23 2018-06-13
| Design State : Routed
---------------------------------------------------------------------------------------------------------------------------------------------

Timing Summary Report

------------------------------------------------------------------------------------------------
| Timer Settings
| --------------
------------------------------------------------------------------------------------------------

  Enable Multi Corner Analysis               :  Yes
  Enable Pessimism Removal                   :  Yes
  Pessimism Removal Resolution               :  Nearest Common Node
  Enable Input Delay Default Clock           :  No
  Enable Preset / Clear Arcs                 :  No
  Disable Flight Delays                      :  No
  Ignore I/O Paths                           :  No
  Timing Early Launch at Borrowing Latches   :  No
  Borrow Time for Max Delay Exceptions       :  Yes
  Merge Timing Exceptions                    :  Yes
  Inter-SLR Compensation                     :  Conservative

  Corner  Analyze    Analyze    
  Name    Max Paths  Min Paths  
  ------  ---------  ---------  
  Slow    Yes        Yes        
  Fast    Yes        Yes        


------------------------------------------------------------------------------------------------
| Report Methodology
| ------------------
------------------------------------------------------------------------------------------------

No report available as report_methodology has not been run prior. Run report_methodology on the current design for the summary of methodology violations.



check_timing report

Table of Contents
-----------------
1. checking no_clock (0)
2. checking constant_clock (0)
3. checking pulse_width_clock (0)
4. checking unconstrained_internal_endpoints (0)
5. checking no_input_delay (169)
6. checking no_output_delay (40)
7. checking multiple_clock (0)
8. checking generated_clocks (0)
9. checking loops (0)
10. checking partial_input_delay (0)
11. checking partial_output_delay (0)
12. checking latch_loops (0)

1. checking no_clock (0)
------------------------
 There are 0 register/latch pins with no clock.


2. checking constant_clock (0)
------------------------------
 There are 0 register/latch pins with constant_clock.


3. checking pulse_width_clock (0)
---------------------------------
 There are 0 register/latch pins which need pulse_width check


4. checking unconstrained_internal_endpoints (0)
------------------------------------------------
 There are 0 pins that are not constrained for maximum delay.

 There are 0 pins that are not constrained for maximum delay due to constant clock.


5. checking no_input_delay (169)
--------------------------------
 There are 168 input ports with no input delay specified. (HIGH)

 There is 1 input port with no input delay but user has a false path constraint. (MEDIUM)


6. checking no_output_delay (40)
--------------------------------
 There are 40 ports with no output delay specified. (HIGH)

 There are 0 ports with no output delay but user has a false path constraint

 There are 0 ports with no output delay but with a timing clock defined on it or propagating through it


7. checking multiple_clock (0)
------------------------------
 There are 0 register/latch pins with multiple clocks.


8. checking generated_clocks (0)
--------------------------------
 There are 0 generated clocks that are not connected to a clock source.


9. checking loops (0)
---------------------
 There are 0 combinational loops in the design.


10. checking partial_input_delay (0)
------------------------------------
 There are 0 input ports with partial input delay specified.


11. checking partial_output_delay (0)
-------------------------------------
 There are 0 ports with partial output delay specified.


12. checking latch_loops (0)
----------------------------
 There are 0 combinational latch loops in the design through latch input



------------------------------------------------------------------------------------------------
| Design Timing Summary
| ---------------------
------------------------------------------------------------------------------------------------

    WNS(ns)      TNS(ns)  TNS Failing Endpoints  TNS Total Endpoints      WHS(ns)      THS(ns)  THS Failing Endpoints  THS Total Endpoints     WPWS(ns)     TPWS(ns)  TPWS Failing Endpoints  TPWS Total Endpoints  
    -------      -------  ---------------------  -------------------      -------      -------  ---------------------  -------------------     --------     --------  ----------------------  --------------------  
      0.658        0.000                      0                47867        0.037        0.000                      0                47867        3.870        0.000                       0                 36116  


All user specified timing constraints are met.


------------------------------------------------------------------------------------------------
| Clock Summary
| -------------
------------------------------------------------------------------------------------------------

Clock  Waveform(ns)       Period(ns)      Frequency(MHz)
-----  ------------       ----------      --------------
aclk   {0.000 5.000}      10.000          100.000         


------------------------------------------------------------------------------------------------
| Intra Clock Table
| -----------------
------------------------------------------------------------------------------------------------

Clock             WNS(ns)      TNS(ns)  TNS Failing Endpoints  TNS Total Endpoints      WHS(ns)      THS(ns)  THS Failing Endpoints  THS Total Endpoints     WPWS(ns)     TPWS(ns)  TPWS Failing Endpoints  TPWS Total Endpoints  
-----             -------      -------  ---------------------  -------------------      -------      -------  ---------------------  -------------------     --------     --------  ----------------------  --------------------  
aclk                0.658        0.000                      0                47867        0.037        0.000                      0                47867        3.870        0.000                       0                 36116  


------------------------------------------------------------------------------------------------
| Inter Clock Table
| -----------------
------------------------------------------------------------------------------------------------

From Clock    To Clock          WNS(ns)      TNS(ns)  TNS Failing Endpoints  TNS Total Endpoints      WHS(ns)      THS(ns)  THS Failing Endpoints  THS Total Endpoints  
----------    --------          -------      -------  ---------------------  -------------------      -------      -------  ---------------------  -------------------  


------------------------------------------------------------------------------------------------
| Other Path Groups Table
| -----------------------
------------------------------------------------------------------------------------------------

Path Group    From Clock    To Clock          WNS(ns)      TNS(ns)  TNS Failing Endpoints  TNS Total Endpoints      WHS(ns)      THS(ns)  THS Failing Endpoints  THS Total Endpoints  
----------    ----------    --------          -------      -------  ---------------------  -------------------      -------      -------  ---------------------  -------------------  


------------------------------------------------------------------------------------------------
| User Ignored Path Table
| -----------------------
------------------------------------------------------------------------------------------------

Path Group    From Clock    To Clock    
----------    ----------    --------    
(none)                      aclk          


------------------------------------------------------------------------------------------------
| Unconstrained Path Table
| ------------------------
------------------------------------------------------------------------------------------------

Path Group    From Clock    To Clock    
----------    ----------    --------    
(none)        aclk                        
(none)                      aclk          


------------------------------------------------------------------------------------------------
| Timing Details
| --------------
------------------------------------------------------------------------------------------------


---------------------------------------------------------------------------------------------------
From Clock:  aclk
  To Clock:  aclk

Setup :            0  Failing Endpoints,  Worst Slack        0.658ns,  Total Violation        0.000ns
Hold  :            0  Failing Endpoints,  Worst Slack        0.037ns,  Total Violation        0.000ns
PW    :            0  Failing Endpoints,  Worst Slack        3.870ns,  Total Violation        0.000ns
---------------------------------------------------------------------------------------------------


Max Delay Paths
--------------------------------------------------------------------------------------
Slack (MET) :             0.658ns  (required time - arrival time)
  Source:                 u_iv_top/u_bs_datapath/C_bs_out_reg[1]/C
                            (rising edge-triggered cell FDCE clocked by aclk  {rise@0.000ns fall@5.000ns period=10.000ns})
  Destination:            u_iv_top/u_nr_divider/div_stage[0].num_pipe_reg[1][63]/D
                            (rising edge-triggered cell FDCE clocked by aclk  {rise@0.000ns fall@5.000ns period=10.000ns})
  Path Group:             aclk
  Path Type:              Setup (Max at Slow Process Corner)
  Requirement:            10.000ns  (aclk rise@10.000ns - aclk rise@0.000ns)
  Data Path Delay:        9.372ns  (logic 5.323ns (56.800%)  route 4.049ns (43.200%))
  Logic Levels:           25  (CARRY4=20 LUT1=2 LUT2=2 LUT6=1)
  Clock Path Skew:        -0.036ns (DCD - SCD + CPR)
    Destination Clock Delay (DCD):    1.435ns = ( 11.435 - 10.000 ) 
    Source Clock Delay      (SCD):    1.545ns
    Clock Pessimism Removal (CPR):    0.074ns
  Clock Uncertainty:      0.035ns  ((TSJ^2 + TIJ^2)^1/2 + DJ) / 2 + PE
    Total System Jitter     (TSJ):    0.071ns
    Total Input Jitter      (TIJ):    0.000ns
    Discrete Jitter          (DJ):    0.000ns
    Phase Error              (PE):    0.000ns

    Location             Delay type                Incr(ns)  Path(ns)    Netlist Resource(s)
  -------------------------------------------------------------------    -------------------
                         (clock aclk rise edge)       0.000     0.000 r  
                                                      0.000     0.000 r  aclk (IN)
                         net (fo=36115, unset)        1.545     1.545    u_iv_top/u_bs_datapath/aclk
    SLICE_X67Y87         FDCE                                         r  u_iv_top/u_bs_datapath/C_bs_out_reg[1]/C
  -------------------------------------------------------------------    -------------------
    SLICE_X67Y87         FDCE (Prop_fdce_C_Q)         0.379     1.924 r  u_iv_top/u_bs_datapath/C_bs_out_reg[1]/Q
                         net (fo=1, routed)           0.509     2.433    u_iv_top/u_bs_datapath/c_bs_out[1]
    SLICE_X67Y79         LUT2 (Prop_lut2_I1_O)        0.105     2.538 r  u_iv_top/u_bs_datapath/div_delay_gen[30].price_err_pipe_reg[31][3]_srl31_u_iv_top_u_bs_datapath_u_ln_divider_div_stage_c_27_i_4/O
                         net (fo=1, routed)           0.000     2.538    u_iv_top/u_bs_datapath/div_delay_gen[30].price_err_pipe_reg[31][3]_srl31_u_iv_top_u_bs_datapath_u_ln_divider_div_stage_c_27_i_4_n_0
    SLICE_X67Y79         CARRY4 (Prop_carry4_S[1]_CO[3])
                                                      0.457     2.995 r  u_iv_top/u_bs_datapath/div_delay_gen[30].price_err_pipe_reg[31][3]_srl31_u_iv_top_u_bs_datapath_u_ln_divider_div_stage_c_27_i_1/CO[3]
                         net (fo=1, routed)           0.000     2.995    u_iv_top/u_bs_datapath/div_delay_gen[30].price_err_pipe_reg[31][3]_srl31_u_iv_top_u_bs_datapath_u_ln_divider_div_stage_c_27_i_1_n_0
    SLICE_X67Y80         CARRY4 (Prop_carry4_CI_O[3])
                                                      0.260     3.255 f  u_iv_top/u_bs_datapath/div_delay_gen[30].price_err_pipe_reg[31][7]_srl31_u_iv_top_u_bs_datapath_u_ln_divider_div_stage_c_27_i_1/O[3]
                         net (fo=4, routed)           0.538     3.793    u_iv_top/u_bs_datapath/price_err[7]
    SLICE_X69Y85         LUT1 (Prop_lut1_I0_O)        0.257     4.050 r  u_iv_top/u_bs_datapath/div_stage[0].num_pipe[1][34]_i_15__1/O
                         net (fo=1, routed)           0.000     4.050    u_iv_top/u_bs_datapath/div_stage[0].num_pipe[1][34]_i_15__1_n_0
    SLICE_X69Y85         CARRY4 (Prop_carry4_S[0]_CO[3])
                                                      0.440     4.490 r  u_iv_top/u_bs_datapath/div_stage[0].num_pipe_reg[1][34]_i_11__1/CO[3]
                         net (fo=1, routed)           0.000     4.490    u_iv_top/u_bs_datapath/div_stage[0].num_pipe_reg[1][34]_i_11__1_n_0
    SLICE_X69Y86         CARRY4 (Prop_carry4_CI_CO[3])
                                                      0.098     4.588 r  u_iv_top/u_bs_datapath/div_stage[0].num_pipe_reg[1][38]_i_10__1/CO[3]
                         net (fo=1, routed)           0.000     4.588    u_iv_top/u_bs_datapath/div_stage[0].num_pipe_reg[1][38]_i_10__1_n_0
    SLICE_X69Y87         CARRY4 (Prop_carry4_CI_CO[3])
                                                      0.098     4.686 r  u_iv_top/u_bs_datapath/div_stage[0].num_pipe_reg[1][42]_i_10__1/CO[3]
                         net (fo=1, routed)           0.000     4.686    u_iv_top/u_bs_datapath/div_stage[0].num_pipe_reg[1][42]_i_10__1_n_0
    SLICE_X69Y88         CARRY4 (Prop_carry4_CI_CO[3])
                                                      0.098     4.784 r  u_iv_top/u_bs_datapath/div_stage[0].num_pipe_reg[1][46]_i_10__1/CO[3]
                         net (fo=1, routed)           0.000     4.784    u_iv_top/u_bs_datapath/div_stage[0].num_pipe_reg[1][46]_i_10__1_n_0
    SLICE_X69Y89         CARRY4 (Prop_carry4_CI_CO[3])
                                                      0.098     4.882 r  u_iv_top/u_bs_datapath/div_stage[0].num_pipe_reg[1][50]_i_10__1/CO[3]
                         net (fo=1, routed)           0.000     4.882    u_iv_top/u_bs_datapath/div_stage[0].num_pipe_reg[1][50]_i_10__1_n_0
    SLICE_X69Y90         CARRY4 (Prop_carry4_CI_CO[3])
                                                      0.098     4.980 r  u_iv_top/u_bs_datapath/div_stage[0].num_pipe_reg[1][54]_i_10__1/CO[3]
                         net (fo=1, routed)           0.000     4.980    u_iv_top/u_bs_datapath/div_stage[0].num_pipe_reg[1][54]_i_10__1_n_0
    SLICE_X69Y91         CARRY4 (Prop_carry4_CI_CO[1])
                                                      0.132     5.112 f  u_iv_top/u_bs_datapath/div_stage[0].num_pipe_reg[1][63]_i_4__1/CO[1]
                         net (fo=6, routed)           0.878     5.990    u_iv_top/u_bs_datapath/div_stage[0].num_pipe_reg[1][63]_i_4__1_n_2
    SLICE_X62Y98         LUT2 (Prop_lut2_I1_O)        0.298     6.288 r  u_iv_top/u_bs_datapath/div_stage[0].num_pipe[1][62]_i_3__3/O
                         net (fo=18, routed)          0.682     6.970    u_iv_top/u_bs_datapath/u_nr_divider/num_pipe[0]_449[63]
    SLICE_X61Y90         LUT6 (Prop_lut6_I0_O)        0.268     7.238 r  u_iv_top/u_bs_datapath/div_stage[29].quot_pipe_reg[30][29]_srl30_u_iv_top_u_bs_datapath_u_ln_divider_div_stage_c_26_i_6__3/O
                         net (fo=1, routed)           0.465     7.703    u_iv_top/u_bs_datapath/div_stage[29].quot_pipe_reg[30][29]_srl30_u_iv_top_u_bs_datapath_u_ln_divider_div_stage_c_26_i_6__3_n_0
    SLICE_X63Y90         CARRY4 (Prop_carry4_DI[0]_CO[3])
                                                      0.436     8.139 r  u_iv_top/u_bs_datapath/div_stage[29].quot_pipe_reg[30][29]_srl30_u_iv_top_u_bs_datapath_u_ln_divider_div_stage_c_26_i_1__3/CO[3]
                         net (fo=2, routed)           0.000     8.139    u_iv_top/u_bs_datapath/O32
    SLICE_X63Y91         CARRY4 (Prop_carry4_CI_O[0])
                                                      0.180     8.319 f  u_iv_top/u_bs_datapath/div_stage[0].num_pipe_reg[1][63]_i_3__3/O[0]
                         net (fo=34, routed)          0.725     9.044    u_iv_top/u_bs_datapath/div_stage[0].num_pipe_reg[1][63]_i_3__3_n_7
    SLICE_X63Y85         LUT1 (Prop_lut1_I0_O)        0.249     9.293 r  u_iv_top/u_bs_datapath/div_stage[0].num_pipe[1][34]_i_2__3/O
                         net (fo=1, routed)           0.252     9.545    u_iv_top/u_bs_datapath/div_stage[0].num_pipe[1][34]_i_2__3_n_0
    SLICE_X62Y86         CARRY4 (Prop_carry4_CYINIT_CO[3])
                                                      0.494    10.039 r  u_iv_top/u_bs_datapath/div_stage[0].num_pipe_reg[1][34]_i_1__3/CO[3]
                         net (fo=1, routed)           0.000    10.039    u_iv_top/u_bs_datapath/div_stage[0].num_pipe_reg[1][34]_i_1__3_n_0
    SLICE_X62Y87         CARRY4 (Prop_carry4_CI_CO[3])
                                                      0.100    10.139 r  u_iv_top/u_bs_datapath/div_stage[0].num_pipe_reg[1][38]_i_1__3/CO[3]
                         net (fo=1, routed)           0.000    10.139    u_iv_top/u_bs_datapath/div_stage[0].num_pipe_reg[1][38]_i_1__3_n_0
    SLICE_X62Y88         CARRY4 (Prop_carry4_CI_CO[3])
                                                      0.100    10.239 r  u_iv_top/u_bs_datapath/div_stage[0].num_pipe_reg[1][42]_i_1__3/CO[3]
                         net (fo=1, routed)           0.000    10.239    u_iv_top/u_bs_datapath/div_stage[0].num_pipe_reg[1][42]_i_1__3_n_0
    SLICE_X62Y89         CARRY4 (Prop_carry4_CI_CO[3])
                                                      0.100    10.339 r  u_iv_top/u_bs_datapath/div_stage[0].num_pipe_reg[1][46]_i_1__3/CO[3]
                         net (fo=1, routed)           0.000    10.339    u_iv_top/u_bs_datapath/div_stage[0].num_pipe_reg[1][46]_i_1__3_n_0
    SLICE_X62Y90         CARRY4 (Prop_carry4_CI_CO[3])
                                                      0.100    10.439 r  u_iv_top/u_bs_datapath/div_stage[0].num_pipe_reg[1][50]_i_1__3/CO[3]
                         net (fo=1, routed)           0.000    10.439    u_iv_top/u_bs_datapath/div_stage[0].num_pipe_reg[1][50]_i_1__3_n_0
    SLICE_X62Y91         CARRY4 (Prop_carry4_CI_CO[3])
                                                      0.100    10.539 r  u_iv_top/u_bs_datapath/div_stage[0].num_pipe_reg[1][54]_i_1__3/CO[3]
                         net (fo=1, routed)           0.000    10.539    u_iv_top/u_bs_datapath/div_stage[0].num_pipe_reg[1][54]_i_1__3_n_0
    SLICE_X62Y92         CARRY4 (Prop_carry4_CI_CO[3])
                                                      0.100    10.639 r  u_iv_top/u_bs_datapath/div_stage[0].num_pipe_reg[1][58]_i_1__3/CO[3]
                         net (fo=1, routed)           0.000    10.639    u_iv_top/u_bs_datapath/div_stage[0].num_pipe_reg[1][58]_i_1__3_n_0
    SLICE_X62Y93         CARRY4 (Prop_carry4_CI_CO[3])
                                                      0.100    10.739 r  u_iv_top/u_bs_datapath/div_stage[0].num_pipe_reg[1][62]_i_1__3/CO[3]
                         net (fo=1, routed)           0.000    10.739    u_iv_top/u_bs_datapath/div_stage[0].num_pipe_reg[1][62]_i_1__3_n_0
    SLICE_X62Y94         CARRY4 (Prop_carry4_CI_O[0])
                                                      0.178    10.917 r  u_iv_top/u_bs_datapath/div_stage[0].num_pipe_reg[1][63]_i_1__3/O[0]
                         net (fo=1, routed)           0.000    10.917    u_iv_top/u_nr_divider/div_stage[0].num_pipe_reg[1][63]_0[39]
    SLICE_X62Y94         FDCE                                         r  u_iv_top/u_nr_divider/div_stage[0].num_pipe_reg[1][63]/D
  -------------------------------------------------------------------    -------------------

                         (clock aclk rise edge)      10.000    10.000 r  
                                                      0.000    10.000 r  aclk (IN)
                         net (fo=36115, unset)        1.435    11.435    u_iv_top/u_nr_divider/aclk
    SLICE_X62Y94         FDCE                                         r  u_iv_top/u_nr_divider/div_stage[0].num_pipe_reg[1][63]/C
                         clock pessimism              0.074    11.509    
                         clock uncertainty           -0.035    11.474    
    SLICE_X62Y94         FDCE (Setup_fdce_C_D)        0.101    11.575    u_iv_top/u_nr_divider/div_stage[0].num_pipe_reg[1][63]
  -------------------------------------------------------------------
                         required time                         11.575    
                         arrival time                         -10.917    
  -------------------------------------------------------------------
                         slack                                  0.658    

Slack (MET) :             0.664ns  (required time - arrival time)
  Source:                 u_iv_top/bs_delay_gen[33].sigma_pipe_reg[34][5]/C
                            (rising edge-triggered cell FDCE clocked by aclk  {rise@0.000ns fall@5.000ns period=10.000ns})
  Destination:            u_iv_top/u_bs_datapath/sig2_2a_reg[31]/D
                            (rising edge-triggered cell FDCE clocked by aclk  {rise@0.000ns fall@5.000ns period=10.000ns})
  Path Group:             aclk
  Path Type:              Setup (Max at Slow Process Corner)
  Requirement:            10.000ns  (aclk rise@10.000ns - aclk rise@0.000ns)
  Data Path Delay:        9.247ns  (logic 6.649ns (71.905%)  route 2.598ns (28.095%))
  Logic Levels:           14  (CARRY4=11 DSP48E1=2 LUT2=1)
  Clock Path Skew:        -0.155ns (DCD - SCD + CPR)
    Destination Clock Delay (DCD):    1.392ns = ( 11.392 - 10.000 ) 
    Source Clock Delay      (SCD):    1.554ns
    Clock Pessimism Removal (CPR):    0.007ns
  Clock Uncertainty:      0.035ns  ((TSJ^2 + TIJ^2)^1/2 + DJ) / 2 + PE
    Total System Jitter     (TSJ):    0.071ns
    Total Input Jitter      (TIJ):    0.000ns
    Discrete Jitter          (DJ):    0.000ns
    Phase Error              (PE):    0.000ns

    Location             Delay type                Incr(ns)  Path(ns)    Netlist Resource(s)
  -------------------------------------------------------------------    -------------------
                         (clock aclk rise edge)       0.000     0.000 r  
                                                      0.000     0.000 r  aclk (IN)
                         net (fo=36115, unset)        1.554     1.554    u_iv_top/aclk
    SLICE_X53Y86         FDCE                                         r  u_iv_top/bs_delay_gen[33].sigma_pipe_reg[34][5]/C
  -------------------------------------------------------------------    -------------------
    SLICE_X53Y86         FDCE (Prop_fdce_C_Q)         0.348     1.902 r  u_iv_top/bs_delay_gen[33].sigma_pipe_reg[34][5]/Q
                         net (fo=6, routed)           0.870     2.772    u_iv_top/u_bs_datapath/bs_delay_gen[33].sigma_pipe_reg[34]_25[5]
    DSP48_X2Y38          DSP48E1 (Prop_dsp48e1_A[5]_PCOUT[47])
                                                      3.531     6.303 r  u_iv_top/u_bs_datapath/sig2_2a1__1/PCOUT[47]
                         net (fo=1, routed)           0.002     6.305    u_iv_top/u_bs_datapath/sig2_2a1__1_n_106
    DSP48_X2Y39          DSP48E1 (Prop_dsp48e1_PCIN[47]_P[1])
                                                      1.271     7.576 r  u_iv_top/u_bs_datapath/sig2_2a1__2/P[1]
                         net (fo=2, routed)           1.725     9.301    u_iv_top/u_bs_datapath/sig2_2a1__2_n_104
    SLICE_X14Y90         LUT2 (Prop_lut2_I0_O)        0.105     9.406 r  u_iv_top/u_bs_datapath/sig2_2a[2]_i_13/O
                         net (fo=1, routed)           0.000     9.406    u_iv_top/u_bs_datapath/sig2_2a[2]_i_13_n_0
    SLICE_X14Y90         CARRY4 (Prop_carry4_S[2]_CO[3])
                                                      0.316     9.722 r  u_iv_top/u_bs_datapath/sig2_2a_reg[2]_i_7/CO[3]
                         net (fo=1, routed)           0.000     9.722    u_iv_top/u_bs_datapath/sig2_2a_reg[2]_i_7_n_0
    SLICE_X14Y91         CARRY4 (Prop_carry4_CI_CO[3])
                                                      0.100     9.822 r  u_iv_top/u_bs_datapath/sig2_2a_reg[2]_i_2/CO[3]
                         net (fo=1, routed)           0.000     9.822    u_iv_top/u_bs_datapath/sig2_2a_reg[2]_i_2_n_0
    SLICE_X14Y92         CARRY4 (Prop_carry4_CI_CO[3])
                                                      0.100     9.922 r  u_iv_top/u_bs_datapath/sig2_2a_reg[2]_i_1/CO[3]
                         net (fo=1, routed)           0.000     9.922    u_iv_top/u_bs_datapath/sig2_2a_reg[2]_i_1_n_0
    SLICE_X14Y93         CARRY4 (Prop_carry4_CI_CO[3])
                                                      0.100    10.022 r  u_iv_top/u_bs_datapath/sig2_2a_reg[6]_i_1/CO[3]
                         net (fo=1, routed)           0.000    10.022    u_iv_top/u_bs_datapath/sig2_2a_reg[6]_i_1_n_0
    SLICE_X14Y94         CARRY4 (Prop_carry4_CI_CO[3])
                                                      0.100    10.122 r  u_iv_top/u_bs_datapath/sig2_2a_reg[10]_i_1/CO[3]
                         net (fo=1, routed)           0.000    10.122    u_iv_top/u_bs_datapath/sig2_2a_reg[10]_i_1_n_0
    SLICE_X14Y95         CARRY4 (Prop_carry4_CI_CO[3])
                                                      0.100    10.222 r  u_iv_top/u_bs_datapath/sig2_2a_reg[14]_i_1/CO[3]
                         net (fo=1, routed)           0.000    10.222    u_iv_top/u_bs_datapath/sig2_2a_reg[14]_i_1_n_0
    SLICE_X14Y96         CARRY4 (Prop_carry4_CI_CO[3])
                                                      0.100    10.322 r  u_iv_top/u_bs_datapath/sig2_2a_reg[18]_i_1/CO[3]
                         net (fo=1, routed)           0.000    10.322    u_iv_top/u_bs_datapath/sig2_2a_reg[18]_i_1_n_0
    SLICE_X14Y97         CARRY4 (Prop_carry4_CI_CO[3])
                                                      0.100    10.422 r  u_iv_top/u_bs_datapath/sig2_2a_reg[22]_i_1/CO[3]
                         net (fo=1, routed)           0.000    10.422    u_iv_top/u_bs_datapath/sig2_2a_reg[22]_i_1_n_0
    SLICE_X14Y98         CARRY4 (Prop_carry4_CI_CO[3])
                                                      0.100    10.522 r  u_iv_top/u_bs_datapath/sig2_2a_reg[26]_i_1/CO[3]
                         net (fo=1, routed)           0.000    10.522    u_iv_top/u_bs_datapath/sig2_2a_reg[26]_i_1_n_0
    SLICE_X14Y99         CARRY4 (Prop_carry4_CI_CO[3])
                                                      0.100    10.622 r  u_iv_top/u_bs_datapath/sig2_2a_reg[30]_i_1/CO[3]
                         net (fo=1, routed)           0.001    10.623    u_iv_top/u_bs_datapath/sig2_2a_reg[30]_i_1_n_0
    SLICE_X14Y100        CARRY4 (Prop_carry4_CI_O[0])
                                                      0.178    10.801 r  u_iv_top/u_bs_datapath/sig2_2a_reg[31]_i_1/O[0]
                         net (fo=1, routed)           0.000    10.801    u_iv_top/u_bs_datapath/sig2_2a_reg[31]_i_1_n_7
    SLICE_X14Y100        FDCE                                         r  u_iv_top/u_bs_datapath/sig2_2a_reg[31]/D
  -------------------------------------------------------------------    -------------------

                         (clock aclk rise edge)      10.000    10.000 r  
                                                      0.000    10.000 r  aclk (IN)
                         net (fo=36115, unset)        1.392    11.392    u_iv_top/u_bs_datapath/aclk
    SLICE_X14Y100        FDCE                                         r  u_iv_top/u_bs_datapath/sig2_2a_reg[31]/C
                         clock pessimism              0.007    11.399    
                         clock uncertainty           -0.035    11.364    
    SLICE_X14Y100        FDCE (Setup_fdce_C_D)        0.101    11.465    u_iv_top/u_bs_datapath/sig2_2a_reg[31]
  -------------------------------------------------------------------
                         required time                         11.465    
                         arrival time                         -10.801    
  -------------------------------------------------------------------
                         slack                                  0.664    

Slack (MET) :             0.674ns  (required time - arrival time)
  Source:                 u_iv_top/u_bs_datapath/C_bs_out_reg[1]/C
                            (rising edge-triggered cell FDCE clocked by aclk  {rise@0.000ns fall@5.000ns period=10.000ns})
  Destination:            u_iv_top/u_nr_divider/div_stage[0].num_pipe_reg[1][62]/D
                            (rising edge-triggered cell FDCE clocked by aclk  {rise@0.000ns fall@5.000ns period=10.000ns})
  Path Group:             aclk
  Path Type:              Setup (Max at Slow Process Corner)
  Requirement:            10.000ns  (aclk rise@10.000ns - aclk rise@0.000ns)
  Data Path Delay:        9.356ns  (logic 5.307ns (56.726%)  route 4.049ns (43.274%))
  Logic Levels:           24  (CARRY4=19 LUT1=2 LUT2=2 LUT6=1)
  Clock Path Skew:        -0.036ns (DCD - SCD + CPR)
    Destination Clock Delay (DCD):    1.435ns = ( 11.435 - 10.000 ) 
    Source Clock Delay      (SCD):    1.545ns
    Clock Pessimism Removal (CPR):    0.074ns
  Clock Uncertainty:      0.035ns  ((TSJ^2 + TIJ^2)^1/2 + DJ) / 2 + PE
    Total System Jitter     (TSJ):    0.071ns
    Total Input Jitter      (TIJ):    0.000ns
    Discrete Jitter          (DJ):    0.000ns
    Phase Error              (PE):    0.000ns

    Location             Delay type                Incr(ns)  Path(ns)    Netlist Resource(s)
  -------------------------------------------------------------------    -------------------
                         (clock aclk rise edge)       0.000     0.000 r  
                                                      0.000     0.000 r  aclk (IN)
                         net (fo=36115, unset)        1.545     1.545    u_iv_top/u_bs_datapath/aclk
    SLICE_X67Y87         FDCE                                         r  u_iv_top/u_bs_datapath/C_bs_out_reg[1]/C
  -------------------------------------------------------------------    -------------------
    SLICE_X67Y87         FDCE (Prop_fdce_C_Q)         0.379     1.924 r  u_iv_top/u_bs_datapath/C_bs_out_reg[1]/Q
                         net (fo=1, routed)           0.509     2.433    u_iv_top/u_bs_datapath/c_bs_out[1]
    SLICE_X67Y79         LUT2 (Prop_lut2_I1_O)        0.105     2.538 r  u_iv_top/u_bs_datapath/div_delay_gen[30].price_err_pipe_reg[31][3]_srl31_u_iv_top_u_bs_datapath_u_ln_divider_div_stage_c_27_i_4/O
                         net (fo=1, routed)           0.000     2.538    u_iv_top/u_bs_datapath/div_delay_gen[30].price_err_pipe_reg[31][3]_srl31_u_iv_top_u_bs_datapath_u_ln_divider_div_stage_c_27_i_4_n_0
    SLICE_X67Y79         CARRY4 (Prop_carry4_S[1]_CO[3])
                                                      0.457     2.995 r  u_iv_top/u_bs_datapath/div_delay_gen[30].price_err_pipe_reg[31][3]_srl31_u_iv_top_u_bs_datapath_u_ln_divider_div_stage_c_27_i_1/CO[3]
                         net (fo=1, routed)           0.000     2.995    u_iv_top/u_bs_datapath/div_delay_gen[30].price_err_pipe_reg[31][3]_srl31_u_iv_top_u_bs_datapath_u_ln_divider_div_stage_c_27_i_1_n_0
    SLICE_X67Y80         CARRY4 (Prop_carry4_CI_O[3])
                                                      0.260     3.255 f  u_iv_top/u_bs_datapath/div_delay_gen[30].price_err_pipe_reg[31][7]_srl31_u_iv_top_u_bs_datapath_u_ln_divider_div_stage_c_27_i_1/O[3]
                         net (fo=4, routed)           0.538     3.793    u_iv_top/u_bs_datapath/price_err[7]
    SLICE_X69Y85         LUT1 (Prop_lut1_I0_O)        0.257     4.050 r  u_iv_top/u_bs_datapath/div_stage[0].num_pipe[1][34]_i_15__1/O
                         net (fo=1, routed)           0.000     4.050    u_iv_top/u_bs_datapath/div_stage[0].num_pipe[1][34]_i_15__1_n_0
    SLICE_X69Y85         CARRY4 (Prop_carry4_S[0]_CO[3])
                                                      0.440     4.490 r  u_iv_top/u_bs_datapath/div_stage[0].num_pipe_reg[1][34]_i_11__1/CO[3]
                         net (fo=1, routed)           0.000     4.490    u_iv_top/u_bs_datapath/div_stage[0].num_pipe_reg[1][34]_i_11__1_n_0
    SLICE_X69Y86         CARRY4 (Prop_carry4_CI_CO[3])
                                                      0.098     4.588 r  u_iv_top/u_bs_datapath/div_stage[0].num_pipe_reg[1][38]_i_10__1/CO[3]
                         net (fo=1, routed)           0.000     4.588    u_iv_top/u_bs_datapath/div_stage[0].num_pipe_reg[1][38]_i_10__1_n_0
    SLICE_X69Y87         CARRY4 (Prop_carry4_CI_CO[3])
                                                      0.098     4.686 r  u_iv_top/u_bs_datapath/div_stage[0].num_pipe_reg[1][42]_i_10__1/CO[3]
                         net (fo=1, routed)           0.000     4.686    u_iv_top/u_bs_datapath/div_stage[0].num_pipe_reg[1][42]_i_10__1_n_0
    SLICE_X69Y88         CARRY4 (Prop_carry4_CI_CO[3])
                                                      0.098     4.784 r  u_iv_top/u_bs_datapath/div_stage[0].num_pipe_reg[1][46]_i_10__1/CO[3]
                         net (fo=1, routed)           0.000     4.784    u_iv_top/u_bs_datapath/div_stage[0].num_pipe_reg[1][46]_i_10__1_n_0
    SLICE_X69Y89         CARRY4 (Prop_carry4_CI_CO[3])
                                                      0.098     4.882 r  u_iv_top/u_bs_datapath/div_stage[0].num_pipe_reg[1][50]_i_10__1/CO[3]
                         net (fo=1, routed)           0.000     4.882    u_iv_top/u_bs_datapath/div_stage[0].num_pipe_reg[1][50]_i_10__1_n_0
    SLICE_X69Y90         CARRY4 (Prop_carry4_CI_CO[3])
                                                      0.098     4.980 r  u_iv_top/u_bs_datapath/div_stage[0].num_pipe_reg[1][54]_i_10__1/CO[3]
                         net (fo=1, routed)           0.000     4.980    u_iv_top/u_bs_datapath/div_stage[0].num_pipe_reg[1][54]_i_10__1_n_0
    SLICE_X69Y91         CARRY4 (Prop_carry4_CI_CO[1])
                                                      0.132     5.112 f  u_iv_top/u_bs_datapath/div_stage[0].num_pipe_reg[1][63]_i_4__1/CO[1]
                         net (fo=6, routed)           0.878     5.990    u_iv_top/u_bs_datapath/div_stage[0].num_pipe_reg[1][63]_i_4__1_n_2
    SLICE_X62Y98         LUT2 (Prop_lut2_I1_O)        0.298     6.288 r  u_iv_top/u_bs_datapath/div_stage[0].num_pipe[1][62]_i_3__3/O
                         net (fo=18, routed)          0.682     6.970    u_iv_top/u_bs_datapath/u_nr_divider/num_pipe[0]_449[63]
    SLICE_X61Y90         LUT6 (Prop_lut6_I0_O)        0.268     7.238 r  u_iv_top/u_bs_datapath/div_stage[29].quot_pipe_reg[30][29]_srl30_u_iv_top_u_bs_datapath_u_ln_divider_div_stage_c_26_i_6__3/O
                         net (fo=1, routed)           0.465     7.703    u_iv_top/u_bs_datapath/div_stage[29].quot_pipe_reg[30][29]_srl30_u_iv_top_u_bs_datapath_u_ln_divider_div_stage_c_26_i_6__3_n_0
    SLICE_X63Y90         CARRY4 (Prop_carry4_DI[0]_CO[3])
                                                      0.436     8.139 r  u_iv_top/u_bs_datapath/div_stage[29].quot_pipe_reg[30][29]_srl30_u_iv_top_u_bs_datapath_u_ln_divider_div_stage_c_26_i_1__3/CO[3]
                         net (fo=2, routed)           0.000     8.139    u_iv_top/u_bs_datapath/O32
    SLICE_X63Y91         CARRY4 (Prop_carry4_CI_O[0])
                                                      0.180     8.319 f  u_iv_top/u_bs_datapath/div_stage[0].num_pipe_reg[1][63]_i_3__3/O[0]
                         net (fo=34, routed)          0.725     9.044    u_iv_top/u_bs_datapath/div_stage[0].num_pipe_reg[1][63]_i_3__3_n_7
    SLICE_X63Y85         LUT1 (Prop_lut1_I0_O)        0.249     9.293 r  u_iv_top/u_bs_datapath/div_stage[0].num_pipe[1][34]_i_2__3/O
                         net (fo=1, routed)           0.252     9.545    u_iv_top/u_bs_datapath/div_stage[0].num_pipe[1][34]_i_2__3_n_0
    SLICE_X62Y86         CARRY4 (Prop_carry4_CYINIT_CO[3])
                                                      0.494    10.039 r  u_iv_top/u_bs_datapath/div_stage[0].num_pipe_reg[1][34]_i_1__3/CO[3]
                         net (fo=1, routed)           0.000    10.039    u_iv_top/u_bs_datapath/div_stage[0].num_pipe_reg[1][34]_i_1__3_n_0
    SLICE_X62Y87         CARRY4 (Prop_carry4_CI_CO[3])
                                                      0.100    10.139 r  u_iv_top/u_bs_datapath/div_stage[0].num_pipe_reg[1][38]_i_1__3/CO[3]
                         net (fo=1, routed)           0.000    10.139    u_iv_top/u_bs_datapath/div_stage[0].num_pipe_reg[1][38]_i_1__3_n_0
    SLICE_X62Y88         CARRY4 (Prop_carry4_CI_CO[3])
                                                      0.100    10.239 r  u_iv_top/u_bs_datapath/div_stage[0].num_pipe_reg[1][42]_i_1__3/CO[3]
                         net (fo=1, routed)           0.000    10.239    u_iv_top/u_bs_datapath/div_stage[0].num_pipe_reg[1][42]_i_1__3_n_0
    SLICE_X62Y89         CARRY4 (Prop_carry4_CI_CO[3])
                                                      0.100    10.339 r  u_iv_top/u_bs_datapath/div_stage[0].num_pipe_reg[1][46]_i_1__3/CO[3]
                         net (fo=1, routed)           0.000    10.339    u_iv_top/u_bs_datapath/div_stage[0].num_pipe_reg[1][46]_i_1__3_n_0
    SLICE_X62Y90         CARRY4 (Prop_carry4_CI_CO[3])
                                                      0.100    10.439 r  u_iv_top/u_bs_datapath/div_stage[0].num_pipe_reg[1][50]_i_1__3/CO[3]
                         net (fo=1, routed)           0.000    10.439    u_iv_top/u_bs_datapath/div_stage[0].num_pipe_reg[1][50]_i_1__3_n_0
    SLICE_X62Y91         CARRY4 (Prop_carry4_CI_CO[3])
                                                      0.100    10.539 r  u_iv_top/u_bs_datapath/div_stage[0].num_pipe_reg[1][54]_i_1__3/CO[3]
                         net (fo=1, routed)           0.000    10.539    u_iv_top/u_bs_datapath/div_stage[0].num_pipe_reg[1][54]_i_1__3_n_0
    SLICE_X62Y92         CARRY4 (Prop_carry4_CI_CO[3])
                                                      0.100    10.639 r  u_iv_top/u_bs_datapath/div_stage[0].num_pipe_reg[1][58]_i_1__3/CO[3]
                         net (fo=1, routed)           0.000    10.639    u_iv_top/u_bs_datapath/div_stage[0].num_pipe_reg[1][58]_i_1__3_n_0
    SLICE_X62Y93         CARRY4 (Prop_carry4_CI_O[3])
                                                      0.262    10.901 r  u_iv_top/u_bs_datapath/div_stage[0].num_pipe_reg[1][62]_i_1__3/O[3]
                         net (fo=1, routed)           0.000    10.901    u_iv_top/u_nr_divider/div_stage[0].num_pipe_reg[1][63]_0[38]
    SLICE_X62Y93         FDCE                                         r  u_iv_top/u_nr_divider/div_stage[0].num_pipe_reg[1][62]/D
  -------------------------------------------------------------------    -------------------

                         (clock aclk rise edge)      10.000    10.000 r  
                                                      0.000    10.000 r  aclk (IN)
                         net (fo=36115, unset)        1.435    11.435    u_iv_top/u_nr_divider/aclk
    SLICE_X62Y93         FDCE                                         r  u_iv_top/u_nr_divider/div_stage[0].num_pipe_reg[1][62]/C
                         clock pessimism              0.074    11.509    
                         clock uncertainty           -0.035    11.474    
    SLICE_X62Y93         FDCE (Setup_fdce_C_D)        0.101    11.575    u_iv_top/u_nr_divider/div_stage[0].num_pipe_reg[1][62]
  -------------------------------------------------------------------
                         required time                         11.575    
                         arrival time                         -10.901    
  -------------------------------------------------------------------
                         slack                                  0.674    

Slack (MET) :             0.679ns  (required time - arrival time)
  Source:                 u_iv_top/u_bs_datapath/C_bs_out_reg[1]/C
                            (rising edge-triggered cell FDCE clocked by aclk  {rise@0.000ns fall@5.000ns period=10.000ns})
  Destination:            u_iv_top/u_nr_divider/div_stage[0].num_pipe_reg[1][60]/D
                            (rising edge-triggered cell FDCE clocked by aclk  {rise@0.000ns fall@5.000ns period=10.000ns})
  Path Group:             aclk
  Path Type:              Setup (Max at Slow Process Corner)
  Requirement:            10.000ns  (aclk rise@10.000ns - aclk rise@0.000ns)
  Data Path Delay:        9.351ns  (logic 5.302ns (56.703%)  route 4.049ns (43.297%))
  Logic Levels:           24  (CARRY4=19 LUT1=2 LUT2=2 LUT6=1)
  Clock Path Skew:        -0.036ns (DCD - SCD + CPR)
    Destination Clock Delay (DCD):    1.435ns = ( 11.435 - 10.000 ) 
    Source Clock Delay      (SCD):    1.545ns
    Clock Pessimism Removal (CPR):    0.074ns
  Clock Uncertainty:      0.035ns  ((TSJ^2 + TIJ^2)^1/2 + DJ) / 2 + PE
    Total System Jitter     (TSJ):    0.071ns
    Total Input Jitter      (TIJ):    0.000ns
    Discrete Jitter          (DJ):    0.000ns
    Phase Error              (PE):    0.000ns

    Location             Delay type                Incr(ns)  Path(ns)    Netlist Resource(s)
  -------------------------------------------------------------------    -------------------
                         (clock aclk rise edge)       0.000     0.000 r  
                                                      0.000     0.000 r  aclk (IN)
                         net (fo=36115, unset)        1.545     1.545    u_iv_top/u_bs_datapath/aclk
    SLICE_X67Y87         FDCE                                         r  u_iv_top/u_bs_datapath/C_bs_out_reg[1]/C
  -------------------------------------------------------------------    -------------------
    SLICE_X67Y87         FDCE (Prop_fdce_C_Q)         0.379     1.924 r  u_iv_top/u_bs_datapath/C_bs_out_reg[1]/Q
                         net (fo=1, routed)           0.509     2.433    u_iv_top/u_bs_datapath/c_bs_out[1]
    SLICE_X67Y79         LUT2 (Prop_lut2_I1_O)        0.105     2.538 r  u_iv_top/u_bs_datapath/div_delay_gen[30].price_err_pipe_reg[31][3]_srl31_u_iv_top_u_bs_datapath_u_ln_divider_div_stage_c_27_i_4/O
                         net (fo=1, routed)           0.000     2.538    u_iv_top/u_bs_datapath/div_delay_gen[30].price_err_pipe_reg[31][3]_srl31_u_iv_top_u_bs_datapath_u_ln_divider_div_stage_c_27_i_4_n_0
    SLICE_X67Y79         CARRY4 (Prop_carry4_S[1]_CO[3])
                                                      0.457     2.995 r  u_iv_top/u_bs_datapath/div_delay_gen[30].price_err_pipe_reg[31][3]_srl31_u_iv_top_u_bs_datapath_u_ln_divider_div_stage_c_27_i_1/CO[3]
                         net (fo=1, routed)           0.000     2.995    u_iv_top/u_bs_datapath/div_delay_gen[30].price_err_pipe_reg[31][3]_srl31_u_iv_top_u_bs_datapath_u_ln_divider_div_stage_c_27_i_1_n_0
    SLICE_X67Y80         CARRY4 (Prop_carry4_CI_O[3])
                                                      0.260     3.255 f  u_iv_top/u_bs_datapath/div_delay_gen[30].price_err_pipe_reg[31][7]_srl31_u_iv_top_u_bs_datapath_u_ln_divider_div_stage_c_27_i_1/O[3]
                         net (fo=4, routed)           0.538     3.793    u_iv_top/u_bs_datapath/price_err[7]
    SLICE_X69Y85         LUT1 (Prop_lut1_I0_O)        0.257     4.050 r  u_iv_top/u_bs_datapath/div_stage[0].num_pipe[1][34]_i_15__1/O
                         net (fo=1, routed)           0.000     4.050    u_iv_top/u_bs_datapath/div_stage[0].num_pipe[1][34]_i_15__1_n_0
    SLICE_X69Y85         CARRY4 (Prop_carry4_S[0]_CO[3])
                                                      0.440     4.490 r  u_iv_top/u_bs_datapath/div_stage[0].num_pipe_reg[1][34]_i_11__1/CO[3]
                         net (fo=1, routed)           0.000     4.490    u_iv_top/u_bs_datapath/div_stage[0].num_pipe_reg[1][34]_i_11__1_n_0
    SLICE_X69Y86         CARRY4 (Prop_carry4_CI_CO[3])
                                                      0.098     4.588 r  u_iv_top/u_bs_datapath/div_stage[0].num_pipe_reg[1][38]_i_10__1/CO[3]
                         net (fo=1, routed)           0.000     4.588    u_iv_top/u_bs_datapath/div_stage[0].num_pipe_reg[1][38]_i_10__1_n_0
    SLICE_X69Y87         CARRY4 (Prop_carry4_CI_CO[3])
                                                      0.098     4.686 r  u_iv_top/u_bs_datapath/div_stage[0].num_pipe_reg[1][42]_i_10__1/CO[3]
                         net (fo=1, routed)           0.000     4.686    u_iv_top/u_bs_datapath/div_stage[0].num_pipe_reg[1][42]_i_10__1_n_0
    SLICE_X69Y88         CARRY4 (Prop_carry4_CI_CO[3])
                                                      0.098     4.784 r  u_iv_top/u_bs_datapath/div_stage[0].num_pipe_reg[1][46]_i_10__1/CO[3]
                         net (fo=1, routed)           0.000     4.784    u_iv_top/u_bs_datapath/div_stage[0].num_pipe_reg[1][46]_i_10__1_n_0
    SLICE_X69Y89         CARRY4 (Prop_carry4_CI_CO[3])
                                                      0.098     4.882 r  u_iv_top/u_bs_datapath/div_stage[0].num_pipe_reg[1][50]_i_10__1/CO[3]
                         net (fo=1, routed)           0.000     4.882    u_iv_top/u_bs_datapath/div_stage[0].num_pipe_reg[1][50]_i_10__1_n_0
    SLICE_X69Y90         CARRY4 (Prop_carry4_CI_CO[3])
                                                      0.098     4.980 r  u_iv_top/u_bs_datapath/div_stage[0].num_pipe_reg[1][54]_i_10__1/CO[3]
                         net (fo=1, routed)           0.000     4.980    u_iv_top/u_bs_datapath/div_stage[0].num_pipe_reg[1][54]_i_10__1_n_0
    SLICE_X69Y91         CARRY4 (Prop_carry4_CI_CO[1])
                                                      0.132     5.112 f  u_iv_top/u_bs_datapath/div_stage[0].num_pipe_reg[1][63]_i_4__1/CO[1]
                         net (fo=6, routed)           0.878     5.990    u_iv_top/u_bs_datapath/div_stage[0].num_pipe_reg[1][63]_i_4__1_n_2
    SLICE_X62Y98         LUT2 (Prop_lut2_I1_O)        0.298     6.288 r  u_iv_top/u_bs_datapath/div_stage[0].num_pipe[1][62]_i_3__3/O
                         net (fo=18, routed)          0.682     6.970    u_iv_top/u_bs_datapath/u_nr_divider/num_pipe[0]_449[63]
    SLICE_X61Y90         LUT6 (Prop_lut6_I0_O)        0.268     7.238 r  u_iv_top/u_bs_datapath/div_stage[29].quot_pipe_reg[30][29]_srl30_u_iv_top_u_bs_datapath_u_ln_divider_div_stage_c_26_i_6__3/O
                         net (fo=1, routed)           0.465     7.703    u_iv_top/u_bs_datapath/div_stage[29].quot_pipe_reg[30][29]_srl30_u_iv_top_u_bs_datapath_u_ln_divider_div_stage_c_26_i_6__3_n_0
    SLICE_X63Y90         CARRY4 (Prop_carry4_DI[0]_CO[3])
                                                      0.436     8.139 r  u_iv_top/u_bs_datapath/div_stage[29].quot_pipe_reg[30][29]_srl30_u_iv_top_u_bs_datapath_u_ln_divider_div_stage_c_26_i_1__3/CO[3]
                         net (fo=2, routed)           0.000     8.139    u_iv_top/u_bs_datapath/O32
    SLICE_X63Y91         CARRY4 (Prop_carry4_CI_O[0])
                                                      0.180     8.319 f  u_iv_top/u_bs_datapath/div_stage[0].num_pipe_reg[1][63]_i_3__3/O[0]
                         net (fo=34, routed)          0.725     9.044    u_iv_top/u_bs_datapath/div_stage[0].num_pipe_reg[1][63]_i_3__3_n_7
    SLICE_X63Y85         LUT1 (Prop_lut1_I0_O)        0.249     9.293 r  u_iv_top/u_bs_datapath/div_stage[0].num_pipe[1][34]_i_2__3/O
                         net (fo=1, routed)           0.252     9.545    u_iv_top/u_bs_datapath/div_stage[0].num_pipe[1][34]_i_2__3_n_0
    SLICE_X62Y86         CARRY4 (Prop_carry4_CYINIT_CO[3])
                                                      0.494    10.039 r  u_iv_top/u_bs_datapath/div_stage[0].num_pipe_reg[1][34]_i_1__3/CO[3]
                         net (fo=1, routed)           0.000    10.039    u_iv_top/u_bs_datapath/div_stage[0].num_pipe_reg[1][34]_i_1__3_n_0
    SLICE_X62Y87         CARRY4 (Prop_carry4_CI_CO[3])
                                                      0.100    10.139 r  u_iv_top/u_bs_datapath/div_stage[0].num_pipe_reg[1][38]_i_1__3/CO[3]
                         net (fo=1, routed)           0.000    10.139    u_iv_top/u_bs_datapath/div_stage[0].num_pipe_reg[1][38]_i_1__3_n_0
    SLICE_X62Y88         CARRY4 (Prop_carry4_CI_CO[3])
                                                      0.100    10.239 r  u_iv_top/u_bs_datapath/div_stage[0].num_pipe_reg[1][42]_i_1__3/CO[3]
                         net (fo=1, routed)           0.000    10.239    u_iv_top/u_bs_datapath/div_stage[0].num_pipe_reg[1][42]_i_1__3_n_0
    SLICE_X62Y89         CARRY4 (Prop_carry4_CI_CO[3])
                                                      0.100    10.339 r  u_iv_top/u_bs_datapath/div_stage[0].num_pipe_reg[1][46]_i_1__3/CO[3]
                         net (fo=1, routed)           0.000    10.339    u_iv_top/u_bs_datapath/div_stage[0].num_pipe_reg[1][46]_i_1__3_n_0
    SLICE_X62Y90         CARRY4 (Prop_carry4_CI_CO[3])
                                                      0.100    10.439 r  u_iv_top/u_bs_datapath/div_stage[0].num_pipe_reg[1][50]_i_1__3/CO[3]
                         net (fo=1, routed)           0.000    10.439    u_iv_top/u_bs_datapath/div_stage[0].num_pipe_reg[1][50]_i_1__3_n_0
    SLICE_X62Y91         CARRY4 (Prop_carry4_CI_CO[3])
                                                      0.100    10.539 r  u_iv_top/u_bs_datapath/div_stage[0].num_pipe_reg[1][54]_i_1__3/CO[3]
                         net (fo=1, routed)           0.000    10.539    u_iv_top/u_bs_datapath/div_stage[0].num_pipe_reg[1][54]_i_1__3_n_0
    SLICE_X62Y92         CARRY4 (Prop_carry4_CI_CO[3])
                                                      0.100    10.639 r  u_iv_top/u_bs_datapath/div_stage[0].num_pipe_reg[1][58]_i_1__3/CO[3]
                         net (fo=1, routed)           0.000    10.639    u_iv_top/u_bs_datapath/div_stage[0].num_pipe_reg[1][58]_i_1__3_n_0
    SLICE_X62Y93         CARRY4 (Prop_carry4_CI_O[1])
                                                      0.257    10.896 r  u_iv_top/u_bs_datapath/div_stage[0].num_pipe_reg[1][62]_i_1__3/O[1]
                         net (fo=1, routed)           0.000    10.896    u_iv_top/u_nr_divider/div_stage[0].num_pipe_reg[1][63]_0[36]
    SLICE_X62Y93         FDCE                                         r  u_iv_top/u_nr_divider/div_stage[0].num_pipe_reg[1][60]/D
  -------------------------------------------------------------------    -------------------

                         (clock aclk rise edge)      10.000    10.000 r  
                                                      0.000    10.000 r  aclk (IN)
                         net (fo=36115, unset)        1.435    11.435    u_iv_top/u_nr_divider/aclk
    SLICE_X62Y93         FDCE                                         r  u_iv_top/u_nr_divider/div_stage[0].num_pipe_reg[1][60]/C
                         clock pessimism              0.074    11.509    
                         clock uncertainty           -0.035    11.474    
    SLICE_X62Y93         FDCE (Setup_fdce_C_D)        0.101    11.575    u_iv_top/u_nr_divider/div_stage[0].num_pipe_reg[1][60]
  -------------------------------------------------------------------
                         required time                         11.575    
                         arrival time                         -10.896    
  -------------------------------------------------------------------
                         slack                                  0.679    

Slack (MET) :             0.730ns  (required time - arrival time)
  Source:                 u_iv_top/u_bs_datapath/u_norm_d2/abs_x1a_reg[15]/C
                            (rising edge-triggered cell FDCE clocked by aclk  {rise@0.000ns fall@5.000ns period=10.000ns})
  Destination:            u_iv_top/u_bs_datapath/u_norm_d2/x2_half1_reg[31]/D
                            (rising edge-triggered cell FDCE clocked by aclk  {rise@0.000ns fall@5.000ns period=10.000ns})
  Path Group:             aclk
  Path Type:              Setup (Max at Slow Process Corner)
  Requirement:            10.000ns  (aclk rise@10.000ns - aclk rise@0.000ns)
  Data Path Delay:        9.412ns  (logic 6.601ns (70.132%)  route 2.811ns (29.868%))
  Logic Levels:           14  (CARRY4=11 DSP48E1=2 LUT2=1)
  Clock Path Skew:        0.119ns (DCD - SCD + CPR)
    Destination Clock Delay (DCD):    1.665ns = ( 11.665 - 10.000 ) 
    Source Clock Delay      (SCD):    1.560ns
    Clock Pessimism Removal (CPR):    0.014ns
  Clock Uncertainty:      0.035ns  ((TSJ^2 + TIJ^2)^1/2 + DJ) / 2 + PE
    Total System Jitter     (TSJ):    0.071ns
    Total Input Jitter      (TIJ):    0.000ns
    Discrete Jitter          (DJ):    0.000ns
    Phase Error              (PE):    0.000ns

    Location             Delay type                Incr(ns)  Path(ns)    Netlist Resource(s)
  -------------------------------------------------------------------    -------------------
                         (clock aclk rise edge)       0.000     0.000 r  
                                                      0.000     0.000 r  aclk (IN)
                         net (fo=36115, unset)        1.560     1.560    u_iv_top/u_bs_datapath/u_norm_d2/aclk
    SLICE_X44Y50         FDCE                                         r  u_iv_top/u_bs_datapath/u_norm_d2/abs_x1a_reg[15]/C
  -------------------------------------------------------------------    -------------------
    SLICE_X44Y50         FDCE (Prop_fdce_C_Q)         0.433     1.993 r  u_iv_top/u_bs_datapath/u_norm_d2/abs_x1a_reg[15]/Q
                         net (fo=6, routed)           2.187     4.180    u_iv_top/u_bs_datapath/u_norm_d2/abs_x1a[15]
    DSP48_X0Y6           DSP48E1 (Prop_dsp48e1_A[15]_PCOUT[47])
                                                      3.397     7.577 r  u_iv_top/u_bs_datapath/u_norm_d2/x2_half11__1/PCOUT[47]
                         net (fo=1, routed)           0.002     7.579    u_iv_top/u_bs_datapath/u_norm_d2/x2_half11__1_n_106
    DSP48_X0Y7           DSP48E1 (Prop_dsp48e1_PCIN[47]_P[1])
                                                      1.271     8.850 r  u_iv_top/u_bs_datapath/u_norm_d2/x2_half11__2/P[1]
                         net (fo=2, routed)           0.614     9.464    u_iv_top/u_bs_datapath/u_norm_d2/x2_half11__2_n_104
    SLICE_X11Y15         LUT2 (Prop_lut2_I0_O)        0.105     9.569 r  u_iv_top/u_bs_datapath/u_norm_d2/x2_half1[2]_i_13__0/O
                         net (fo=1, routed)           0.000     9.569    u_iv_top/u_bs_datapath/u_norm_d2/x2_half1[2]_i_13__0_n_0
    SLICE_X11Y15         CARRY4 (Prop_carry4_S[2]_CO[3])
                                                      0.332     9.901 r  u_iv_top/u_bs_datapath/u_norm_d2/x2_half1_reg[2]_i_7__0/CO[3]
                         net (fo=1, routed)           0.000     9.901    u_iv_top/u_bs_datapath/u_norm_d2/x2_half1_reg[2]_i_7__0_n_0
    SLICE_X11Y16         CARRY4 (Prop_carry4_CI_CO[3])
                                                      0.098     9.999 r  u_iv_top/u_bs_datapath/u_norm_d2/x2_half1_reg[2]_i_2__0/CO[3]
                         net (fo=1, routed)           0.000     9.999    u_iv_top/u_bs_datapath/u_norm_d2/x2_half1_reg[2]_i_2__0_n_0
    SLICE_X11Y17         CARRY4 (Prop_carry4_CI_CO[3])
                                                      0.098    10.097 r  u_iv_top/u_bs_datapath/u_norm_d2/x2_half1_reg[2]_i_1__0/CO[3]
                         net (fo=1, routed)           0.000    10.097    u_iv_top/u_bs_datapath/u_norm_d2/x2_half1_reg[2]_i_1__0_n_0
    SLICE_X11Y18         CARRY4 (Prop_carry4_CI_CO[3])
                                                      0.098    10.195 r  u_iv_top/u_bs_datapath/u_norm_d2/x2_half1_reg[6]_i_1__0/CO[3]
                         net (fo=1, routed)           0.000    10.195    u_iv_top/u_bs_datapath/u_norm_d2/x2_half1_reg[6]_i_1__0_n_0
    SLICE_X11Y19         CARRY4 (Prop_carry4_CI_CO[3])
                                                      0.098    10.293 r  u_iv_top/u_bs_datapath/u_norm_d2/x2_half1_reg[10]_i_1__0/CO[3]
                         net (fo=1, routed)           0.000    10.293    u_iv_top/u_bs_datapath/u_norm_d2/x2_half1_reg[10]_i_1__0_n_0
    SLICE_X11Y20         CARRY4 (Prop_carry4_CI_CO[3])
                                                      0.098    10.391 r  u_iv_top/u_bs_datapath/u_norm_d2/x2_half1_reg[14]_i_1__0/CO[3]
                         net (fo=1, routed)           0.000    10.391    u_iv_top/u_bs_datapath/u_norm_d2/x2_half1_reg[14]_i_1__0_n_0
    SLICE_X11Y21         CARRY4 (Prop_carry4_CI_CO[3])
                                                      0.098    10.489 r  u_iv_top/u_bs_datapath/u_norm_d2/x2_half1_reg[18]_i_1__0/CO[3]
                         net (fo=1, routed)           0.000    10.489    u_iv_top/u_bs_datapath/u_norm_d2/x2_half1_reg[18]_i_1__0_n_0
    SLICE_X11Y22         CARRY4 (Prop_carry4_CI_CO[3])
                                                      0.098    10.587 r  u_iv_top/u_bs_datapath/u_norm_d2/x2_half1_reg[22]_i_1__0/CO[3]
                         net (fo=1, routed)           0.000    10.587    u_iv_top/u_bs_datapath/u_norm_d2/x2_half1_reg[22]_i_1__0_n_0
    SLICE_X11Y23         CARRY4 (Prop_carry4_CI_CO[3])
                                                      0.098    10.685 r  u_iv_top/u_bs_datapath/u_norm_d2/x2_half1_reg[26]_i_1__0/CO[3]
                         net (fo=1, routed)           0.000    10.685    u_iv_top/u_bs_datapath/u_norm_d2/x2_half1_reg[26]_i_1__0_n_0
    SLICE_X11Y24         CARRY4 (Prop_carry4_CI_CO[3])
                                                      0.098    10.783 r  u_iv_top/u_bs_datapath/u_norm_d2/x2_half1_reg[30]_i_1__0/CO[3]
                         net (fo=1, routed)           0.008    10.791    u_iv_top/u_bs_datapath/u_norm_d2/x2_half1_reg[30]_i_1__0_n_0
    SLICE_X11Y25         CARRY4 (Prop_carry4_CI_O[0])
                                                      0.181    10.972 r  u_iv_top/u_bs_datapath/u_norm_d2/x2_half1_reg[31]_i_1__0/O[0]
                         net (fo=1, routed)           0.000    10.972    u_iv_top/u_bs_datapath/u_norm_d2/x2_half1_reg[31]_i_1__0_n_7
    SLICE_X11Y25         FDCE                                         r  u_iv_top/u_bs_datapath/u_norm_d2/x2_half1_reg[31]/D
  -------------------------------------------------------------------    -------------------

                         (clock aclk rise edge)      10.000    10.000 r  
                                                      0.000    10.000 r  aclk (IN)
                         net (fo=36115, unset)        1.665    11.665    u_iv_top/u_bs_datapath/u_norm_d2/aclk
    SLICE_X11Y25         FDCE                                         r  u_iv_top/u_bs_datapath/u_norm_d2/x2_half1_reg[31]/C
                         clock pessimism              0.014    11.679    
                         clock uncertainty           -0.035    11.644    
    SLICE_X11Y25         FDCE (Setup_fdce_C_D)        0.059    11.703    u_iv_top/u_bs_datapath/u_norm_d2/x2_half1_reg[31]
  -------------------------------------------------------------------
                         required time                         11.703    
                         arrival time                         -10.972    
  -------------------------------------------------------------------
                         slack                                  0.730    

Slack (MET) :             0.737ns  (required time - arrival time)
  Source:                 u_iv_top/u_bs_datapath/C_bs_out_reg[1]/C
                            (rising edge-triggered cell FDCE clocked by aclk  {rise@0.000ns fall@5.000ns period=10.000ns})
  Destination:            u_iv_top/u_nr_divider/div_stage[0].num_pipe_reg[1][61]/D
                            (rising edge-triggered cell FDCE clocked by aclk  {rise@0.000ns fall@5.000ns period=10.000ns})
  Path Group:             aclk
  Path Type:              Setup (Max at Slow Process Corner)
  Requirement:            10.000ns  (aclk rise@10.000ns - aclk rise@0.000ns)
  Data Path Delay:        9.293ns  (logic 5.244ns (56.432%)  route 4.049ns (43.568%))
  Logic Levels:           24  (CARRY4=19 LUT1=2 LUT2=2 LUT6=1)
  Clock Path Skew:        -0.036ns (DCD - SCD + CPR)
    Destination Clock Delay (DCD):    1.435ns = ( 11.435 - 10.000 ) 
    Source Clock Delay      (SCD):    1.545ns
    Clock Pessimism Removal (CPR):    0.074ns
  Clock Uncertainty:      0.035ns  ((TSJ^2 + TIJ^2)^1/2 + DJ) / 2 + PE
    Total System Jitter     (TSJ):    0.071ns
    Total Input Jitter      (TIJ):    0.000ns
    Discrete Jitter          (DJ):    0.000ns
    Phase Error              (PE):    0.000ns

    Location             Delay type                Incr(ns)  Path(ns)    Netlist Resource(s)
  -------------------------------------------------------------------    -------------------
                         (clock aclk rise edge)       0.000     0.000 r  
                                                      0.000     0.000 r  aclk (IN)
                         net (fo=36115, unset)        1.545     1.545    u_iv_top/u_bs_datapath/aclk
    SLICE_X67Y87         FDCE                                         r  u_iv_top/u_bs_datapath/C_bs_out_reg[1]/C
  -------------------------------------------------------------------    -------------------
    SLICE_X67Y87         FDCE (Prop_fdce_C_Q)         0.379     1.924 r  u_iv_top/u_bs_datapath/C_bs_out_reg[1]/Q
                         net (fo=1, routed)           0.509     2.433    u_iv_top/u_bs_datapath/c_bs_out[1]
    SLICE_X67Y79         LUT2 (Prop_lut2_I1_O)        0.105     2.538 r  u_iv_top/u_bs_datapath/div_delay_gen[30].price_err_pipe_reg[31][3]_srl31_u_iv_top_u_bs_datapath_u_ln_divider_div_stage_c_27_i_4/O
                         net (fo=1, routed)           0.000     2.538    u_iv_top/u_bs_datapath/div_delay_gen[30].price_err_pipe_reg[31][3]_srl31_u_iv_top_u_bs_datapath_u_ln_divider_div_stage_c_27_i_4_n_0
    SLICE_X67Y79         CARRY4 (Prop_carry4_S[1]_CO[3])
                                                      0.457     2.995 r  u_iv_top/u_bs_datapath/div_delay_gen[30].price_err_pipe_reg[31][3]_srl31_u_iv_top_u_bs_datapath_u_ln_divider_div_stage_c_27_i_1/CO[3]
                         net (fo=1, routed)           0.000     2.995    u_iv_top/u_bs_datapath/div_delay_gen[30].price_err_pipe_reg[31][3]_srl31_u_iv_top_u_bs_datapath_u_ln_divider_div_stage_c_27_i_1_n_0
    SLICE_X67Y80         CARRY4 (Prop_carry4_CI_O[3])
                                                      0.260     3.255 f  u_iv_top/u_bs_datapath/div_delay_gen[30].price_err_pipe_reg[31][7]_srl31_u_iv_top_u_bs_datapath_u_ln_divider_div_stage_c_27_i_1/O[3]
                         net (fo=4, routed)           0.538     3.793    u_iv_top/u_bs_datapath/price_err[7]
    SLICE_X69Y85         LUT1 (Prop_lut1_I0_O)        0.257     4.050 r  u_iv_top/u_bs_datapath/div_stage[0].num_pipe[1][34]_i_15__1/O
                         net (fo=1, routed)           0.000     4.050    u_iv_top/u_bs_datapath/div_stage[0].num_pipe[1][34]_i_15__1_n_0
    SLICE_X69Y85         CARRY4 (Prop_carry4_S[0]_CO[3])
                                                      0.440     4.490 r  u_iv_top/u_bs_datapath/div_stage[0].num_pipe_reg[1][34]_i_11__1/CO[3]
                         net (fo=1, routed)           0.000     4.490    u_iv_top/u_bs_datapath/div_stage[0].num_pipe_reg[1][34]_i_11__1_n_0
    SLICE_X69Y86         CARRY4 (Prop_carry4_CI_CO[3])
                                                      0.098     4.588 r  u_iv_top/u_bs_datapath/div_stage[0].num_pipe_reg[1][38]_i_10__1/CO[3]
                         net (fo=1, routed)           0.000     4.588    u_iv_top/u_bs_datapath/div_stage[0].num_pipe_reg[1][38]_i_10__1_n_0
    SLICE_X69Y87         CARRY4 (Prop_carry4_CI_CO[3])
                                                      0.098     4.686 r  u_iv_top/u_bs_datapath/div_stage[0].num_pipe_reg[1][42]_i_10__1/CO[3]
                         net (fo=1, routed)           0.000     4.686    u_iv_top/u_bs_datapath/div_stage[0].num_pipe_reg[1][42]_i_10__1_n_0
    SLICE_X69Y88         CARRY4 (Prop_carry4_CI_CO[3])
                                                      0.098     4.784 r  u_iv_top/u_bs_datapath/div_stage[0].num_pipe_reg[1][46]_i_10__1/CO[3]
                         net (fo=1, routed)           0.000     4.784    u_iv_top/u_bs_datapath/div_stage[0].num_pipe_reg[1][46]_i_10__1_n_0
    SLICE_X69Y89         CARRY4 (Prop_carry4_CI_CO[3])
                                                      0.098     4.882 r  u_iv_top/u_bs_datapath/div_stage[0].num_pipe_reg[1][50]_i_10__1/CO[3]
                         net (fo=1, routed)           0.000     4.882    u_iv_top/u_bs_datapath/div_stage[0].num_pipe_reg[1][50]_i_10__1_n_0
    SLICE_X69Y90         CARRY4 (Prop_carry4_CI_CO[3])
                                                      0.098     4.980 r  u_iv_top/u_bs_datapath/div_stage[0].num_pipe_reg[1][54]_i_10__1/CO[3]
                         net (fo=1, routed)           0.000     4.980    u_iv_top/u_bs_datapath/div_stage[0].num_pipe_reg[1][54]_i_10__1_n_0
    SLICE_X69Y91         CARRY4 (Prop_carry4_CI_CO[1])
                                                      0.132     5.112 f  u_iv_top/u_bs_datapath/div_stage[0].num_pipe_reg[1][63]_i_4__1/CO[1]
                         net (fo=6, routed)           0.878     5.990    u_iv_top/u_bs_datapath/div_stage[0].num_pipe_reg[1][63]_i_4__1_n_2
    SLICE_X62Y98         LUT2 (Prop_lut2_I1_O)        0.298     6.288 r  u_iv_top/u_bs_datapath/div_stage[0].num_pipe[1][62]_i_3__3/O
                         net (fo=18, routed)          0.682     6.970    u_iv_top/u_bs_datapath/u_nr_divider/num_pipe[0]_449[63]
    SLICE_X61Y90         LUT6 (Prop_lut6_I0_O)        0.268     7.238 r  u_iv_top/u_bs_datapath/div_stage[29].quot_pipe_reg[30][29]_srl30_u_iv_top_u_bs_datapath_u_ln_divider_div_stage_c_26_i_6__3/O
                         net (fo=1, routed)           0.465     7.703    u_iv_top/u_bs_datapath/div_stage[29].quot_pipe_reg[30][29]_srl30_u_iv_top_u_bs_datapath_u_ln_divider_div_stage_c_26_i_6__3_n_0
    SLICE_X63Y90         CARRY4 (Prop_carry4_DI[0]_CO[3])
                                                      0.436     8.139 r  u_iv_top/u_bs_datapath/div_stage[29].quot_pipe_reg[30][29]_srl30_u_iv_top_u_bs_datapath_u_ln_divider_div_stage_c_26_i_1__3/CO[3]
                         net (fo=2, routed)           0.000     8.139    u_iv_top/u_bs_datapath/O32
    SLICE_X63Y91         CARRY4 (Prop_carry4_CI_O[0])
                                                      0.180     8.319 f  u_iv_top/u_bs_datapath/div_stage[0].num_pipe_reg[1][63]_i_3__3/O[0]
                         net (fo=34, routed)          0.725     9.044    u_iv_top/u_bs_datapath/div_stage[0].num_pipe_reg[1][63]_i_3__3_n_7
    SLICE_X63Y85         LUT1 (Prop_lut1_I0_O)        0.249     9.293 r  u_iv_top/u_bs_datapath/div_stage[0].num_pipe[1][34]_i_2__3/O
                         net (fo=1, routed)           0.252     9.545    u_iv_top/u_bs_datapath/div_stage[0].num_pipe[1][34]_i_2__3_n_0
    SLICE_X62Y86         CARRY4 (Prop_carry4_CYINIT_CO[3])
                                                      0.494    10.039 r  u_iv_top/u_bs_datapath/div_stage[0].num_pipe_reg[1][34]_i_1__3/CO[3]
                         net (fo=1, routed)           0.000    10.039    u_iv_top/u_bs_datapath/div_stage[0].num_pipe_reg[1][34]_i_1__3_n_0
    SLICE_X62Y87         CARRY4 (Prop_carry4_CI_CO[3])
                                                      0.100    10.139 r  u_iv_top/u_bs_datapath/div_stage[0].num_pipe_reg[1][38]_i_1__3/CO[3]
                         net (fo=1, routed)           0.000    10.139    u_iv_top/u_bs_datapath/div_stage[0].num_pipe_reg[1][38]_i_1__3_n_0
    SLICE_X62Y88         CARRY4 (Prop_carry4_CI_CO[3])
                                                      0.100    10.239 r  u_iv_top/u_bs_datapath/div_stage[0].num_pipe_reg[1][42]_i_1__3/CO[3]
                         net (fo=1, routed)           0.000    10.239    u_iv_top/u_bs_datapath/div_stage[0].num_pipe_reg[1][42]_i_1__3_n_0
    SLICE_X62Y89         CARRY4 (Prop_carry4_CI_CO[3])
                                                      0.100    10.339 r  u_iv_top/u_bs_datapath/div_stage[0].num_pipe_reg[1][46]_i_1__3/CO[3]
                         net (fo=1, routed)           0.000    10.339    u_iv_top/u_bs_datapath/div_stage[0].num_pipe_reg[1][46]_i_1__3_n_0
    SLICE_X62Y90         CARRY4 (Prop_carry4_CI_CO[3])
                                                      0.100    10.439 r  u_iv_top/u_bs_datapath/div_stage[0].num_pipe_reg[1][50]_i_1__3/CO[3]
                         net (fo=1, routed)           0.000    10.439    u_iv_top/u_bs_datapath/div_stage[0].num_pipe_reg[1][50]_i_1__3_n_0
    SLICE_X62Y91         CARRY4 (Prop_carry4_CI_CO[3])
                                                      0.100    10.539 r  u_iv_top/u_bs_datapath/div_stage[0].num_pipe_reg[1][54]_i_1__3/CO[3]
                         net (fo=1, routed)           0.000    10.539    u_iv_top/u_bs_datapath/div_stage[0].num_pipe_reg[1][54]_i_1__3_n_0
    SLICE_X62Y92         CARRY4 (Prop_carry4_CI_CO[3])
                                                      0.100    10.639 r  u_iv_top/u_bs_datapath/div_stage[0].num_pipe_reg[1][58]_i_1__3/CO[3]
                         net (fo=1, routed)           0.000    10.639    u_iv_top/u_bs_datapath/div_stage[0].num_pipe_reg[1][58]_i_1__3_n_0
    SLICE_X62Y93         CARRY4 (Prop_carry4_CI_O[2])
                                                      0.199    10.838 r  u_iv_top/u_bs_datapath/div_stage[0].num_pipe_reg[1][62]_i_1__3/O[2]
                         net (fo=1, routed)           0.000    10.838    u_iv_top/u_nr_divider/div_stage[0].num_pipe_reg[1][63]_0[37]
    SLICE_X62Y93         FDCE                                         r  u_iv_top/u_nr_divider/div_stage[0].num_pipe_reg[1][61]/D
  -------------------------------------------------------------------    -------------------

                         (clock aclk rise edge)      10.000    10.000 r  
                                                      0.000    10.000 r  aclk (IN)
                         net (fo=36115, unset)        1.435    11.435    u_iv_top/u_nr_divider/aclk
    SLICE_X62Y93         FDCE                                         r  u_iv_top/u_nr_divider/div_stage[0].num_pipe_reg[1][61]/C
                         clock pessimism              0.074    11.509    
                         clock uncertainty           -0.035    11.474    
    SLICE_X62Y93         FDCE (Setup_fdce_C_D)        0.101    11.575    u_iv_top/u_nr_divider/div_stage[0].num_pipe_reg[1][61]
  -------------------------------------------------------------------
                         required time                         11.575    
                         arrival time                         -10.838    
  -------------------------------------------------------------------
                         slack                                  0.737    

Slack (MET) :             0.752ns  (required time - arrival time)
  Source:                 u_iv_top/u_bs_datapath/u_norm_d2/abs_x1a_reg[15]/C
                            (rising edge-triggered cell FDCE clocked by aclk  {rise@0.000ns fall@5.000ns period=10.000ns})
  Destination:            u_iv_top/u_bs_datapath/u_norm_d2/x2_half1_reg[28]/D
                            (rising edge-triggered cell FDCE clocked by aclk  {rise@0.000ns fall@5.000ns period=10.000ns})
  Path Group:             aclk
  Path Type:              Setup (Max at Slow Process Corner)
  Requirement:            10.000ns  (aclk rise@10.000ns - aclk rise@0.000ns)
  Data Path Delay:        9.390ns  (logic 6.587ns (70.147%)  route 2.803ns (29.853%))
  Logic Levels:           13  (CARRY4=10 DSP48E1=2 LUT2=1)
  Clock Path Skew:        0.119ns (DCD - SCD + CPR)
    Destination Clock Delay (DCD):    1.665ns = ( 11.665 - 10.000 ) 
    Source Clock Delay      (SCD):    1.560ns
    Clock Pessimism Removal (CPR):    0.014ns
  Clock Uncertainty:      0.035ns  ((TSJ^2 + TIJ^2)^1/2 + DJ) / 2 + PE
    Total System Jitter     (TSJ):    0.071ns
    Total Input Jitter      (TIJ):    0.000ns
    Discrete Jitter          (DJ):    0.000ns
    Phase Error              (PE):    0.000ns

    Location             Delay type                Incr(ns)  Path(ns)    Netlist Resource(s)
  -------------------------------------------------------------------    -------------------
                         (clock aclk rise edge)       0.000     0.000 r  
                                                      0.000     0.000 r  aclk (IN)
                         net (fo=36115, unset)        1.560     1.560    u_iv_top/u_bs_datapath/u_norm_d2/aclk
    SLICE_X44Y50         FDCE                                         r  u_iv_top/u_bs_datapath/u_norm_d2/abs_x1a_reg[15]/C
  -------------------------------------------------------------------    -------------------
    SLICE_X44Y50         FDCE (Prop_fdce_C_Q)         0.433     1.993 r  u_iv_top/u_bs_datapath/u_norm_d2/abs_x1a_reg[15]/Q
                         net (fo=6, routed)           2.187     4.180    u_iv_top/u_bs_datapath/u_norm_d2/abs_x1a[15]
    DSP48_X0Y6           DSP48E1 (Prop_dsp48e1_A[15]_PCOUT[47])
                                                      3.397     7.577 r  u_iv_top/u_bs_datapath/u_norm_d2/x2_half11__1/PCOUT[47]
                         net (fo=1, routed)           0.002     7.579    u_iv_top/u_bs_datapath/u_norm_d2/x2_half11__1_n_106
    DSP48_X0Y7           DSP48E1 (Prop_dsp48e1_PCIN[47]_P[1])
                                                      1.271     8.850 r  u_iv_top/u_bs_datapath/u_norm_d2/x2_half11__2/P[1]
                         net (fo=2, routed)           0.614     9.464    u_iv_top/u_bs_datapath/u_norm_d2/x2_half11__2_n_104
    SLICE_X11Y15         LUT2 (Prop_lut2_I0_O)        0.105     9.569 r  u_iv_top/u_bs_datapath/u_norm_d2/x2_half1[2]_i_13__0/O
                         net (fo=1, routed)           0.000     9.569    u_iv_top/u_bs_datapath/u_norm_d2/x2_half1[2]_i_13__0_n_0
    SLICE_X11Y15         CARRY4 (Prop_carry4_S[2]_CO[3])
                                                      0.332     9.901 r  u_iv_top/u_bs_datapath/u_norm_d2/x2_half1_reg[2]_i_7__0/CO[3]
                         net (fo=1, routed)           0.000     9.901    u_iv_top/u_bs_datapath/u_norm_d2/x2_half1_reg[2]_i_7__0_n_0
    SLICE_X11Y16         CARRY4 (Prop_carry4_CI_CO[3])
                                                      0.098     9.999 r  u_iv_top/u_bs_datapath/u_norm_d2/x2_half1_reg[2]_i_2__0/CO[3]
                         net (fo=1, routed)           0.000     9.999    u_iv_top/u_bs_datapath/u_norm_d2/x2_half1_reg[2]_i_2__0_n_0
    SLICE_X11Y17         CARRY4 (Prop_carry4_CI_CO[3])
                                                      0.098    10.097 r  u_iv_top/u_bs_datapath/u_norm_d2/x2_half1_reg[2]_i_1__0/CO[3]
                         net (fo=1, routed)           0.000    10.097    u_iv_top/u_bs_datapath/u_norm_d2/x2_half1_reg[2]_i_1__0_n_0
    SLICE_X11Y18         CARRY4 (Prop_carry4_CI_CO[3])
                                                      0.098    10.195 r  u_iv_top/u_bs_datapath/u_norm_d2/x2_half1_reg[6]_i_1__0/CO[3]
                         net (fo=1, routed)           0.000    10.195    u_iv_top/u_bs_datapath/u_norm_d2/x2_half1_reg[6]_i_1__0_n_0
    SLICE_X11Y19         CARRY4 (Prop_carry4_CI_CO[3])
                                                      0.098    10.293 r  u_iv_top/u_bs_datapath/u_norm_d2/x2_half1_reg[10]_i_1__0/CO[3]
                         net (fo=1, routed)           0.000    10.293    u_iv_top/u_bs_datapath/u_norm_d2/x2_half1_reg[10]_i_1__0_n_0
    SLICE_X11Y20         CARRY4 (Prop_carry4_CI_CO[3])
                                                      0.098    10.391 r  u_iv_top/u_bs_datapath/u_norm_d2/x2_half1_reg[14]_i_1__0/CO[3]
                         net (fo=1, routed)           0.000    10.391    u_iv_top/u_bs_datapath/u_norm_d2/x2_half1_reg[14]_i_1__0_n_0
    SLICE_X11Y21         CARRY4 (Prop_carry4_CI_CO[3])
                                                      0.098    10.489 r  u_iv_top/u_bs_datapath/u_norm_d2/x2_half1_reg[18]_i_1__0/CO[3]
                         net (fo=1, routed)           0.000    10.489    u_iv_top/u_bs_datapath/u_norm_d2/x2_half1_reg[18]_i_1__0_n_0
    SLICE_X11Y22         CARRY4 (Prop_carry4_CI_CO[3])
                                                      0.098    10.587 r  u_iv_top/u_bs_datapath/u_norm_d2/x2_half1_reg[22]_i_1__0/CO[3]
                         net (fo=1, routed)           0.000    10.587    u_iv_top/u_bs_datapath/u_norm_d2/x2_half1_reg[22]_i_1__0_n_0
    SLICE_X11Y23         CARRY4 (Prop_carry4_CI_CO[3])
                                                      0.098    10.685 r  u_iv_top/u_bs_datapath/u_norm_d2/x2_half1_reg[26]_i_1__0/CO[3]
                         net (fo=1, routed)           0.000    10.685    u_iv_top/u_bs_datapath/u_norm_d2/x2_half1_reg[26]_i_1__0_n_0
    SLICE_X11Y24         CARRY4 (Prop_carry4_CI_O[1])
                                                      0.265    10.950 r  u_iv_top/u_bs_datapath/u_norm_d2/x2_half1_reg[30]_i_1__0/O[1]
                         net (fo=1, routed)           0.000    10.950    u_iv_top/u_bs_datapath/u_norm_d2/x2_half1_reg[30]_i_1__0_n_6
    SLICE_X11Y24         FDCE                                         r  u_iv_top/u_bs_datapath/u_norm_d2/x2_half1_reg[28]/D
  -------------------------------------------------------------------    -------------------

                         (clock aclk rise edge)      10.000    10.000 r  
                                                      0.000    10.000 r  aclk (IN)
                         net (fo=36115, unset)        1.665    11.665    u_iv_top/u_bs_datapath/u_norm_d2/aclk
    SLICE_X11Y24         FDCE                                         r  u_iv_top/u_bs_datapath/u_norm_d2/x2_half1_reg[28]/C
                         clock pessimism              0.014    11.679    
                         clock uncertainty           -0.035    11.644    
    SLICE_X11Y24         FDCE (Setup_fdce_C_D)        0.059    11.703    u_iv_top/u_bs_datapath/u_norm_d2/x2_half1_reg[28]
  -------------------------------------------------------------------
                         required time                         11.703    
                         arrival time                         -10.950    
  -------------------------------------------------------------------
                         slack                                  0.752    

Slack (MET) :             0.757ns  (required time - arrival time)
  Source:                 u_iv_top/u_bs_datapath/u_norm_d2/abs_x1a_reg[15]/C
                            (rising edge-triggered cell FDCE clocked by aclk  {rise@0.000ns fall@5.000ns period=10.000ns})
  Destination:            u_iv_top/u_bs_datapath/u_norm_d2/x2_half1_reg[30]/D
                            (rising edge-triggered cell FDCE clocked by aclk  {rise@0.000ns fall@5.000ns period=10.000ns})
  Path Group:             aclk
  Path Type:              Setup (Max at Slow Process Corner)
  Requirement:            10.000ns  (aclk rise@10.000ns - aclk rise@0.000ns)
  Data Path Delay:        9.385ns  (logic 6.582ns (70.131%)  route 2.803ns (29.869%))
  Logic Levels:           13  (CARRY4=10 DSP48E1=2 LUT2=1)
  Clock Path Skew:        0.119ns (DCD - SCD + CPR)
    Destination Clock Delay (DCD):    1.665ns = ( 11.665 - 10.000 ) 
    Source Clock Delay      (SCD):    1.560ns
    Clock Pessimism Removal (CPR):    0.014ns
  Clock Uncertainty:      0.035ns  ((TSJ^2 + TIJ^2)^1/2 + DJ) / 2 + PE
    Total System Jitter     (TSJ):    0.071ns
    Total Input Jitter      (TIJ):    0.000ns
    Discrete Jitter          (DJ):    0.000ns
    Phase Error              (PE):    0.000ns

    Location             Delay type                Incr(ns)  Path(ns)    Netlist Resource(s)
  -------------------------------------------------------------------    -------------------
                         (clock aclk rise edge)       0.000     0.000 r  
                                                      0.000     0.000 r  aclk (IN)
                         net (fo=36115, unset)        1.560     1.560    u_iv_top/u_bs_datapath/u_norm_d2/aclk
    SLICE_X44Y50         FDCE                                         r  u_iv_top/u_bs_datapath/u_norm_d2/abs_x1a_reg[15]/C
  -------------------------------------------------------------------    -------------------
    SLICE_X44Y50         FDCE (Prop_fdce_C_Q)         0.433     1.993 r  u_iv_top/u_bs_datapath/u_norm_d2/abs_x1a_reg[15]/Q
                         net (fo=6, routed)           2.187     4.180    u_iv_top/u_bs_datapath/u_norm_d2/abs_x1a[15]
    DSP48_X0Y6           DSP48E1 (Prop_dsp48e1_A[15]_PCOUT[47])
                                                      3.397     7.577 r  u_iv_top/u_bs_datapath/u_norm_d2/x2_half11__1/PCOUT[47]
                         net (fo=1, routed)           0.002     7.579    u_iv_top/u_bs_datapath/u_norm_d2/x2_half11__1_n_106
    DSP48_X0Y7           DSP48E1 (Prop_dsp48e1_PCIN[47]_P[1])
                                                      1.271     8.850 r  u_iv_top/u_bs_datapath/u_norm_d2/x2_half11__2/P[1]
                         net (fo=2, routed)           0.614     9.464    u_iv_top/u_bs_datapath/u_norm_d2/x2_half11__2_n_104
    SLICE_X11Y15         LUT2 (Prop_lut2_I0_O)        0.105     9.569 r  u_iv_top/u_bs_datapath/u_norm_d2/x2_half1[2]_i_13__0/O
                         net (fo=1, routed)           0.000     9.569    u_iv_top/u_bs_datapath/u_norm_d2/x2_half1[2]_i_13__0_n_0
    SLICE_X11Y15         CARRY4 (Prop_carry4_S[2]_CO[3])
                                                      0.332     9.901 r  u_iv_top/u_bs_datapath/u_norm_d2/x2_half1_reg[2]_i_7__0/CO[3]
                         net (fo=1, routed)           0.000     9.901    u_iv_top/u_bs_datapath/u_norm_d2/x2_half1_reg[2]_i_7__0_n_0
    SLICE_X11Y16         CARRY4 (Prop_carry4_CI_CO[3])
                                                      0.098     9.999 r  u_iv_top/u_bs_datapath/u_norm_d2/x2_half1_reg[2]_i_2__0/CO[3]
                         net (fo=1, routed)           0.000     9.999    u_iv_top/u_bs_datapath/u_norm_d2/x2_half1_reg[2]_i_2__0_n_0
    SLICE_X11Y17         CARRY4 (Prop_carry4_CI_CO[3])
                                                      0.098    10.097 r  u_iv_top/u_bs_datapath/u_norm_d2/x2_half1_reg[2]_i_1__0/CO[3]
                         net (fo=1, routed)           0.000    10.097    u_iv_top/u_bs_datapath/u_norm_d2/x2_half1_reg[2]_i_1__0_n_0
    SLICE_X11Y18         CARRY4 (Prop_carry4_CI_CO[3])
                                                      0.098    10.195 r  u_iv_top/u_bs_datapath/u_norm_d2/x2_half1_reg[6]_i_1__0/CO[3]
                         net (fo=1, routed)           0.000    10.195    u_iv_top/u_bs_datapath/u_norm_d2/x2_half1_reg[6]_i_1__0_n_0
    SLICE_X11Y19         CARRY4 (Prop_carry4_CI_CO[3])
                                                      0.098    10.293 r  u_iv_top/u_bs_datapath/u_norm_d2/x2_half1_reg[10]_i_1__0/CO[3]
                         net (fo=1, routed)           0.000    10.293    u_iv_top/u_bs_datapath/u_norm_d2/x2_half1_reg[10]_i_1__0_n_0
    SLICE_X11Y20         CARRY4 (Prop_carry4_CI_CO[3])
                                                      0.098    10.391 r  u_iv_top/u_bs_datapath/u_norm_d2/x2_half1_reg[14]_i_1__0/CO[3]
                         net (fo=1, routed)           0.000    10.391    u_iv_top/u_bs_datapath/u_norm_d2/x2_half1_reg[14]_i_1__0_n_0
    SLICE_X11Y21         CARRY4 (Prop_carry4_CI_CO[3])
                                                      0.098    10.489 r  u_iv_top/u_bs_datapath/u_norm_d2/x2_half1_reg[18]_i_1__0/CO[3]
                         net (fo=1, routed)           0.000    10.489    u_iv_top/u_bs_datapath/u_norm_d2/x2_half1_reg[18]_i_1__0_n_0
    SLICE_X11Y22         CARRY4 (Prop_carry4_CI_CO[3])
                                                      0.098    10.587 r  u_iv_top/u_bs_datapath/u_norm_d2/x2_half1_reg[22]_i_1__0/CO[3]
                         net (fo=1, routed)           0.000    10.587    u_iv_top/u_bs_datapath/u_norm_d2/x2_half1_reg[22]_i_1__0_n_0
    SLICE_X11Y23         CARRY4 (Prop_carry4_CI_CO[3])
                                                      0.098    10.685 r  u_iv_top/u_bs_datapath/u_norm_d2/x2_half1_reg[26]_i_1__0/CO[3]
                         net (fo=1, routed)           0.000    10.685    u_iv_top/u_bs_datapath/u_norm_d2/x2_half1_reg[26]_i_1__0_n_0
    SLICE_X11Y24         CARRY4 (Prop_carry4_CI_O[3])
                                                      0.260    10.945 r  u_iv_top/u_bs_datapath/u_norm_d2/x2_half1_reg[30]_i_1__0/O[3]
                         net (fo=1, routed)           0.000    10.945    u_iv_top/u_bs_datapath/u_norm_d2/x2_half1_reg[30]_i_1__0_n_4
    SLICE_X11Y24         FDCE                                         r  u_iv_top/u_bs_datapath/u_norm_d2/x2_half1_reg[30]/D
  -------------------------------------------------------------------    -------------------

                         (clock aclk rise edge)      10.000    10.000 r  
                                                      0.000    10.000 r  aclk (IN)
                         net (fo=36115, unset)        1.665    11.665    u_iv_top/u_bs_datapath/u_norm_d2/aclk
    SLICE_X11Y24         FDCE                                         r  u_iv_top/u_bs_datapath/u_norm_d2/x2_half1_reg[30]/C
                         clock pessimism              0.014    11.679    
                         clock uncertainty           -0.035    11.644    
    SLICE_X11Y24         FDCE (Setup_fdce_C_D)        0.059    11.703    u_iv_top/u_bs_datapath/u_norm_d2/x2_half1_reg[30]
  -------------------------------------------------------------------
                         required time                         11.703    
                         arrival time                         -10.945    
  -------------------------------------------------------------------
                         slack                                  0.757    

Slack (MET) :             0.758ns  (required time - arrival time)
  Source:                 u_iv_top/u_bs_datapath/C_bs_out_reg[1]/C
                            (rising edge-triggered cell FDCE clocked by aclk  {rise@0.000ns fall@5.000ns period=10.000ns})
  Destination:            u_iv_top/u_nr_divider/div_stage[0].num_pipe_reg[1][59]/D
                            (rising edge-triggered cell FDCE clocked by aclk  {rise@0.000ns fall@5.000ns period=10.000ns})
  Path Group:             aclk
  Path Type:              Setup (Max at Slow Process Corner)
  Requirement:            10.000ns  (aclk rise@10.000ns - aclk rise@0.000ns)
  Data Path Delay:        9.272ns  (logic 5.223ns (56.334%)  route 4.049ns (43.666%))
  Logic Levels:           24  (CARRY4=19 LUT1=2 LUT2=2 LUT6=1)
  Clock Path Skew:        -0.036ns (DCD - SCD + CPR)
    Destination Clock Delay (DCD):    1.435ns = ( 11.435 - 10.000 ) 
    Source Clock Delay      (SCD):    1.545ns
    Clock Pessimism Removal (CPR):    0.074ns
  Clock Uncertainty:      0.035ns  ((TSJ^2 + TIJ^2)^1/2 + DJ) / 2 + PE
    Total System Jitter     (TSJ):    0.071ns
    Total Input Jitter      (TIJ):    0.000ns
    Discrete Jitter          (DJ):    0.000ns
    Phase Error              (PE):    0.000ns

    Location             Delay type                Incr(ns)  Path(ns)    Netlist Resource(s)
  -------------------------------------------------------------------    -------------------
                         (clock aclk rise edge)       0.000     0.000 r  
                                                      0.000     0.000 r  aclk (IN)
                         net (fo=36115, unset)        1.545     1.545    u_iv_top/u_bs_datapath/aclk
    SLICE_X67Y87         FDCE                                         r  u_iv_top/u_bs_datapath/C_bs_out_reg[1]/C
  -------------------------------------------------------------------    -------------------
    SLICE_X67Y87         FDCE (Prop_fdce_C_Q)         0.379     1.924 r  u_iv_top/u_bs_datapath/C_bs_out_reg[1]/Q
                         net (fo=1, routed)           0.509     2.433    u_iv_top/u_bs_datapath/c_bs_out[1]
    SLICE_X67Y79         LUT2 (Prop_lut2_I1_O)        0.105     2.538 r  u_iv_top/u_bs_datapath/div_delay_gen[30].price_err_pipe_reg[31][3]_srl31_u_iv_top_u_bs_datapath_u_ln_divider_div_stage_c_27_i_4/O
                         net (fo=1, routed)           0.000     2.538    u_iv_top/u_bs_datapath/div_delay_gen[30].price_err_pipe_reg[31][3]_srl31_u_iv_top_u_bs_datapath_u_ln_divider_div_stage_c_27_i_4_n_0
    SLICE_X67Y79         CARRY4 (Prop_carry4_S[1]_CO[3])
                                                      0.457     2.995 r  u_iv_top/u_bs_datapath/div_delay_gen[30].price_err_pipe_reg[31][3]_srl31_u_iv_top_u_bs_datapath_u_ln_divider_div_stage_c_27_i_1/CO[3]
                         net (fo=1, routed)           0.000     2.995    u_iv_top/u_bs_datapath/div_delay_gen[30].price_err_pipe_reg[31][3]_srl31_u_iv_top_u_bs_datapath_u_ln_divider_div_stage_c_27_i_1_n_0
    SLICE_X67Y80         CARRY4 (Prop_carry4_CI_O[3])
                                                      0.260     3.255 f  u_iv_top/u_bs_datapath/div_delay_gen[30].price_err_pipe_reg[31][7]_srl31_u_iv_top_u_bs_datapath_u_ln_divider_div_stage_c_27_i_1/O[3]
                         net (fo=4, routed)           0.538     3.793    u_iv_top/u_bs_datapath/price_err[7]
    SLICE_X69Y85         LUT1 (Prop_lut1_I0_O)        0.257     4.050 r  u_iv_top/u_bs_datapath/div_stage[0].num_pipe[1][34]_i_15__1/O
                         net (fo=1, routed)           0.000     4.050    u_iv_top/u_bs_datapath/div_stage[0].num_pipe[1][34]_i_15__1_n_0
    SLICE_X69Y85         CARRY4 (Prop_carry4_S[0]_CO[3])
                                                      0.440     4.490 r  u_iv_top/u_bs_datapath/div_stage[0].num_pipe_reg[1][34]_i_11__1/CO[3]
                         net (fo=1, routed)           0.000     4.490    u_iv_top/u_bs_datapath/div_stage[0].num_pipe_reg[1][34]_i_11__1_n_0
    SLICE_X69Y86         CARRY4 (Prop_carry4_CI_CO[3])
                                                      0.098     4.588 r  u_iv_top/u_bs_datapath/div_stage[0].num_pipe_reg[1][38]_i_10__1/CO[3]
                         net (fo=1, routed)           0.000     4.588    u_iv_top/u_bs_datapath/div_stage[0].num_pipe_reg[1][38]_i_10__1_n_0
    SLICE_X69Y87         CARRY4 (Prop_carry4_CI_CO[3])
                                                      0.098     4.686 r  u_iv_top/u_bs_datapath/div_stage[0].num_pipe_reg[1][42]_i_10__1/CO[3]
                         net (fo=1, routed)           0.000     4.686    u_iv_top/u_bs_datapath/div_stage[0].num_pipe_reg[1][42]_i_10__1_n_0
    SLICE_X69Y88         CARRY4 (Prop_carry4_CI_CO[3])
                                                      0.098     4.784 r  u_iv_top/u_bs_datapath/div_stage[0].num_pipe_reg[1][46]_i_10__1/CO[3]
                         net (fo=1, routed)           0.000     4.784    u_iv_top/u_bs_datapath/div_stage[0].num_pipe_reg[1][46]_i_10__1_n_0
    SLICE_X69Y89         CARRY4 (Prop_carry4_CI_CO[3])
                                                      0.098     4.882 r  u_iv_top/u_bs_datapath/div_stage[0].num_pipe_reg[1][50]_i_10__1/CO[3]
                         net (fo=1, routed)           0.000     4.882    u_iv_top/u_bs_datapath/div_stage[0].num_pipe_reg[1][50]_i_10__1_n_0
    SLICE_X69Y90         CARRY4 (Prop_carry4_CI_CO[3])
                                                      0.098     4.980 r  u_iv_top/u_bs_datapath/div_stage[0].num_pipe_reg[1][54]_i_10__1/CO[3]
                         net (fo=1, routed)           0.000     4.980    u_iv_top/u_bs_datapath/div_stage[0].num_pipe_reg[1][54]_i_10__1_n_0
    SLICE_X69Y91         CARRY4 (Prop_carry4_CI_CO[1])
                                                      0.132     5.112 f  u_iv_top/u_bs_datapath/div_stage[0].num_pipe_reg[1][63]_i_4__1/CO[1]
                         net (fo=6, routed)           0.878     5.990    u_iv_top/u_bs_datapath/div_stage[0].num_pipe_reg[1][63]_i_4__1_n_2
    SLICE_X62Y98         LUT2 (Prop_lut2_I1_O)        0.298     6.288 r  u_iv_top/u_bs_datapath/div_stage[0].num_pipe[1][62]_i_3__3/O
                         net (fo=18, routed)          0.682     6.970    u_iv_top/u_bs_datapath/u_nr_divider/num_pipe[0]_449[63]
    SLICE_X61Y90         LUT6 (Prop_lut6_I0_O)        0.268     7.238 r  u_iv_top/u_bs_datapath/div_stage[29].quot_pipe_reg[30][29]_srl30_u_iv_top_u_bs_datapath_u_ln_divider_div_stage_c_26_i_6__3/O
                         net (fo=1, routed)           0.465     7.703    u_iv_top/u_bs_datapath/div_stage[29].quot_pipe_reg[30][29]_srl30_u_iv_top_u_bs_datapath_u_ln_divider_div_stage_c_26_i_6__3_n_0
    SLICE_X63Y90         CARRY4 (Prop_carry4_DI[0]_CO[3])
                                                      0.436     8.139 r  u_iv_top/u_bs_datapath/div_stage[29].quot_pipe_reg[30][29]_srl30_u_iv_top_u_bs_datapath_u_ln_divider_div_stage_c_26_i_1__3/CO[3]
                         net (fo=2, routed)           0.000     8.139    u_iv_top/u_bs_datapath/O32
    SLICE_X63Y91         CARRY4 (Prop_carry4_CI_O[0])
                                                      0.180     8.319 f  u_iv_top/u_bs_datapath/div_stage[0].num_pipe_reg[1][63]_i_3__3/O[0]
                         net (fo=34, routed)          0.725     9.044    u_iv_top/u_bs_datapath/div_stage[0].num_pipe_reg[1][63]_i_3__3_n_7
    SLICE_X63Y85         LUT1 (Prop_lut1_I0_O)        0.249     9.293 r  u_iv_top/u_bs_datapath/div_stage[0].num_pipe[1][34]_i_2__3/O
                         net (fo=1, routed)           0.252     9.545    u_iv_top/u_bs_datapath/div_stage[0].num_pipe[1][34]_i_2__3_n_0
    SLICE_X62Y86         CARRY4 (Prop_carry4_CYINIT_CO[3])
                                                      0.494    10.039 r  u_iv_top/u_bs_datapath/div_stage[0].num_pipe_reg[1][34]_i_1__3/CO[3]
                         net (fo=1, routed)           0.000    10.039    u_iv_top/u_bs_datapath/div_stage[0].num_pipe_reg[1][34]_i_1__3_n_0
    SLICE_X62Y87         CARRY4 (Prop_carry4_CI_CO[3])
                                                      0.100    10.139 r  u_iv_top/u_bs_datapath/div_stage[0].num_pipe_reg[1][38]_i_1__3/CO[3]
                         net (fo=1, routed)           0.000    10.139    u_iv_top/u_bs_datapath/div_stage[0].num_pipe_reg[1][38]_i_1__3_n_0
    SLICE_X62Y88         CARRY4 (Prop_carry4_CI_CO[3])
                                                      0.100    10.239 r  u_iv_top/u_bs_datapath/div_stage[0].num_pipe_reg[1][42]_i_1__3/CO[3]
                         net (fo=1, routed)           0.000    10.239    u_iv_top/u_bs_datapath/div_stage[0].num_pipe_reg[1][42]_i_1__3_n_0
    SLICE_X62Y89         CARRY4 (Prop_carry4_CI_CO[3])
                                                      0.100    10.339 r  u_iv_top/u_bs_datapath/div_stage[0].num_pipe_reg[1][46]_i_1__3/CO[3]
                         net (fo=1, routed)           0.000    10.339    u_iv_top/u_bs_datapath/div_stage[0].num_pipe_reg[1][46]_i_1__3_n_0
    SLICE_X62Y90         CARRY4 (Prop_carry4_CI_CO[3])
                                                      0.100    10.439 r  u_iv_top/u_bs_datapath/div_stage[0].num_pipe_reg[1][50]_i_1__3/CO[3]
                         net (fo=1, routed)           0.000    10.439    u_iv_top/u_bs_datapath/div_stage[0].num_pipe_reg[1][50]_i_1__3_n_0
    SLICE_X62Y91         CARRY4 (Prop_carry4_CI_CO[3])
                                                      0.100    10.539 r  u_iv_top/u_bs_datapath/div_stage[0].num_pipe_reg[1][54]_i_1__3/CO[3]
                         net (fo=1, routed)           0.000    10.539    u_iv_top/u_bs_datapath/div_stage[0].num_pipe_reg[1][54]_i_1__3_n_0
    SLICE_X62Y92         CARRY4 (Prop_carry4_CI_CO[3])
                                                      0.100    10.639 r  u_iv_top/u_bs_datapath/div_stage[0].num_pipe_reg[1][58]_i_1__3/CO[3]
                         net (fo=1, routed)           0.000    10.639    u_iv_top/u_bs_datapath/div_stage[0].num_pipe_reg[1][58]_i_1__3_n_0
    SLICE_X62Y93         CARRY4 (Prop_carry4_CI_O[0])
                                                      0.178    10.817 r  u_iv_top/u_bs_datapath/div_stage[0].num_pipe_reg[1][62]_i_1__3/O[0]
                         net (fo=1, routed)           0.000    10.817    u_iv_top/u_nr_divider/div_stage[0].num_pipe_reg[1][63]_0[35]
    SLICE_X62Y93         FDCE                                         r  u_iv_top/u_nr_divider/div_stage[0].num_pipe_reg[1][59]/D
  -------------------------------------------------------------------    -------------------

                         (clock aclk rise edge)      10.000    10.000 r  
                                                      0.000    10.000 r  aclk (IN)
                         net (fo=36115, unset)        1.435    11.435    u_iv_top/u_nr_divider/aclk
    SLICE_X62Y93         FDCE                                         r  u_iv_top/u_nr_divider/div_stage[0].num_pipe_reg[1][59]/C
                         clock pessimism              0.074    11.509    
                         clock uncertainty           -0.035    11.474    
    SLICE_X62Y93         FDCE (Setup_fdce_C_D)        0.101    11.575    u_iv_top/u_nr_divider/div_stage[0].num_pipe_reg[1][59]
  -------------------------------------------------------------------
                         required time                         11.575    
                         arrival time                         -10.817    
  -------------------------------------------------------------------
                         slack                                  0.758    

Slack (MET) :             0.774ns  (required time - arrival time)
  Source:                 u_iv_top/u_bs_datapath/C_bs_out_reg[1]/C
                            (rising edge-triggered cell FDCE clocked by aclk  {rise@0.000ns fall@5.000ns period=10.000ns})
  Destination:            u_iv_top/u_nr_divider/div_stage[0].num_pipe_reg[1][58]/D
                            (rising edge-triggered cell FDCE clocked by aclk  {rise@0.000ns fall@5.000ns period=10.000ns})
  Path Group:             aclk
  Path Type:              Setup (Max at Slow Process Corner)
  Requirement:            10.000ns  (aclk rise@10.000ns - aclk rise@0.000ns)
  Data Path Delay:        9.256ns  (logic 5.207ns (56.258%)  route 4.049ns (43.742%))
  Logic Levels:           23  (CARRY4=18 LUT1=2 LUT2=2 LUT6=1)
  Clock Path Skew:        -0.036ns (DCD - SCD + CPR)
    Destination Clock Delay (DCD):    1.435ns = ( 11.435 - 10.000 ) 
    Source Clock Delay      (SCD):    1.545ns
    Clock Pessimism Removal (CPR):    0.074ns
  Clock Uncertainty:      0.035ns  ((TSJ^2 + TIJ^2)^1/2 + DJ) / 2 + PE
    Total System Jitter     (TSJ):    0.071ns
    Total Input Jitter      (TIJ):    0.000ns
    Discrete Jitter          (DJ):    0.000ns
    Phase Error              (PE):    0.000ns

    Location             Delay type                Incr(ns)  Path(ns)    Netlist Resource(s)
  -------------------------------------------------------------------    -------------------
                         (clock aclk rise edge)       0.000     0.000 r  
                                                      0.000     0.000 r  aclk (IN)
                         net (fo=36115, unset)        1.545     1.545    u_iv_top/u_bs_datapath/aclk
    SLICE_X67Y87         FDCE                                         r  u_iv_top/u_bs_datapath/C_bs_out_reg[1]/C
  -------------------------------------------------------------------    -------------------
    SLICE_X67Y87         FDCE (Prop_fdce_C_Q)         0.379     1.924 r  u_iv_top/u_bs_datapath/C_bs_out_reg[1]/Q
                         net (fo=1, routed)           0.509     2.433    u_iv_top/u_bs_datapath/c_bs_out[1]
    SLICE_X67Y79         LUT2 (Prop_lut2_I1_O)        0.105     2.538 r  u_iv_top/u_bs_datapath/div_delay_gen[30].price_err_pipe_reg[31][3]_srl31_u_iv_top_u_bs_datapath_u_ln_divider_div_stage_c_27_i_4/O
                         net (fo=1, routed)           0.000     2.538    u_iv_top/u_bs_datapath/div_delay_gen[30].price_err_pipe_reg[31][3]_srl31_u_iv_top_u_bs_datapath_u_ln_divider_div_stage_c_27_i_4_n_0
    SLICE_X67Y79         CARRY4 (Prop_carry4_S[1]_CO[3])
                                                      0.457     2.995 r  u_iv_top/u_bs_datapath/div_delay_gen[30].price_err_pipe_reg[31][3]_srl31_u_iv_top_u_bs_datapath_u_ln_divider_div_stage_c_27_i_1/CO[3]
                         net (fo=1, routed)           0.000     2.995    u_iv_top/u_bs_datapath/div_delay_gen[30].price_err_pipe_reg[31][3]_srl31_u_iv_top_u_bs_datapath_u_ln_divider_div_stage_c_27_i_1_n_0
    SLICE_X67Y80         CARRY4 (Prop_carry4_CI_O[3])
                                                      0.260     3.255 f  u_iv_top/u_bs_datapath/div_delay_gen[30].price_err_pipe_reg[31][7]_srl31_u_iv_top_u_bs_datapath_u_ln_divider_div_stage_c_27_i_1/O[3]
                         net (fo=4, routed)           0.538     3.793    u_iv_top/u_bs_datapath/price_err[7]
    SLICE_X69Y85         LUT1 (Prop_lut1_I0_O)        0.257     4.050 r  u_iv_top/u_bs_datapath/div_stage[0].num_pipe[1][34]_i_15__1/O
                         net (fo=1, routed)           0.000     4.050    u_iv_top/u_bs_datapath/div_stage[0].num_pipe[1][34]_i_15__1_n_0
    SLICE_X69Y85         CARRY4 (Prop_carry4_S[0]_CO[3])
                                                      0.440     4.490 r  u_iv_top/u_bs_datapath/div_stage[0].num_pipe_reg[1][34]_i_11__1/CO[3]
                         net (fo=1, routed)           0.000     4.490    u_iv_top/u_bs_datapath/div_stage[0].num_pipe_reg[1][34]_i_11__1_n_0
    SLICE_X69Y86         CARRY4 (Prop_carry4_CI_CO[3])
                                                      0.098     4.588 r  u_iv_top/u_bs_datapath/div_stage[0].num_pipe_reg[1][38]_i_10__1/CO[3]
                         net (fo=1, routed)           0.000     4.588    u_iv_top/u_bs_datapath/div_stage[0].num_pipe_reg[1][38]_i_10__1_n_0
    SLICE_X69Y87         CARRY4 (Prop_carry4_CI_CO[3])
                                                      0.098     4.686 r  u_iv_top/u_bs_datapath/div_stage[0].num_pipe_reg[1][42]_i_10__1/CO[3]
                         net (fo=1, routed)           0.000     4.686    u_iv_top/u_bs_datapath/div_stage[0].num_pipe_reg[1][42]_i_10__1_n_0
    SLICE_X69Y88         CARRY4 (Prop_carry4_CI_CO[3])
                                                      0.098     4.784 r  u_iv_top/u_bs_datapath/div_stage[0].num_pipe_reg[1][46]_i_10__1/CO[3]
                         net (fo=1, routed)           0.000     4.784    u_iv_top/u_bs_datapath/div_stage[0].num_pipe_reg[1][46]_i_10__1_n_0
    SLICE_X69Y89         CARRY4 (Prop_carry4_CI_CO[3])
                                                      0.098     4.882 r  u_iv_top/u_bs_datapath/div_stage[0].num_pipe_reg[1][50]_i_10__1/CO[3]
                         net (fo=1, routed)           0.000     4.882    u_iv_top/u_bs_datapath/div_stage[0].num_pipe_reg[1][50]_i_10__1_n_0
    SLICE_X69Y90         CARRY4 (Prop_carry4_CI_CO[3])
                                                      0.098     4.980 r  u_iv_top/u_bs_datapath/div_stage[0].num_pipe_reg[1][54]_i_10__1/CO[3]
                         net (fo=1, routed)           0.000     4.980    u_iv_top/u_bs_datapath/div_stage[0].num_pipe_reg[1][54]_i_10__1_n_0
    SLICE_X69Y91         CARRY4 (Prop_carry4_CI_CO[1])
                                                      0.132     5.112 f  u_iv_top/u_bs_datapath/div_stage[0].num_pipe_reg[1][63]_i_4__1/CO[1]
                         net (fo=6, routed)           0.878     5.990    u_iv_top/u_bs_datapath/div_stage[0].num_pipe_reg[1][63]_i_4__1_n_2
    SLICE_X62Y98         LUT2 (Prop_lut2_I1_O)        0.298     6.288 r  u_iv_top/u_bs_datapath/div_stage[0].num_pipe[1][62]_i_3__3/O
                         net (fo=18, routed)          0.682     6.970    u_iv_top/u_bs_datapath/u_nr_divider/num_pipe[0]_449[63]
    SLICE_X61Y90         LUT6 (Prop_lut6_I0_O)        0.268     7.238 r  u_iv_top/u_bs_datapath/div_stage[29].quot_pipe_reg[30][29]_srl30_u_iv_top_u_bs_datapath_u_ln_divider_div_stage_c_26_i_6__3/O
                         net (fo=1, routed)           0.465     7.703    u_iv_top/u_bs_datapath/div_stage[29].quot_pipe_reg[30][29]_srl30_u_iv_top_u_bs_datapath_u_ln_divider_div_stage_c_26_i_6__3_n_0
    SLICE_X63Y90         CARRY4 (Prop_carry4_DI[0]_CO[3])
                                                      0.436     8.139 r  u_iv_top/u_bs_datapath/div_stage[29].quot_pipe_reg[30][29]_srl30_u_iv_top_u_bs_datapath_u_ln_divider_div_stage_c_26_i_1__3/CO[3]
                         net (fo=2, routed)           0.000     8.139    u_iv_top/u_bs_datapath/O32
    SLICE_X63Y91         CARRY4 (Prop_carry4_CI_O[0])
                                                      0.180     8.319 f  u_iv_top/u_bs_datapath/div_stage[0].num_pipe_reg[1][63]_i_3__3/O[0]
                         net (fo=34, routed)          0.725     9.044    u_iv_top/u_bs_datapath/div_stage[0].num_pipe_reg[1][63]_i_3__3_n_7
    SLICE_X63Y85         LUT1 (Prop_lut1_I0_O)        0.249     9.293 r  u_iv_top/u_bs_datapath/div_stage[0].num_pipe[1][34]_i_2__3/O
                         net (fo=1, routed)           0.252     9.545    u_iv_top/u_bs_datapath/div_stage[0].num_pipe[1][34]_i_2__3_n_0
    SLICE_X62Y86         CARRY4 (Prop_carry4_CYINIT_CO[3])
                                                      0.494    10.039 r  u_iv_top/u_bs_datapath/div_stage[0].num_pipe_reg[1][34]_i_1__3/CO[3]
                         net (fo=1, routed)           0.000    10.039    u_iv_top/u_bs_datapath/div_stage[0].num_pipe_reg[1][34]_i_1__3_n_0
    SLICE_X62Y87         CARRY4 (Prop_carry4_CI_CO[3])
                                                      0.100    10.139 r  u_iv_top/u_bs_datapath/div_stage[0].num_pipe_reg[1][38]_i_1__3/CO[3]
                         net (fo=1, routed)           0.000    10.139    u_iv_top/u_bs_datapath/div_stage[0].num_pipe_reg[1][38]_i_1__3_n_0
    SLICE_X62Y88         CARRY4 (Prop_carry4_CI_CO[3])
                                                      0.100    10.239 r  u_iv_top/u_bs_datapath/div_stage[0].num_pipe_reg[1][42]_i_1__3/CO[3]
                         net (fo=1, routed)           0.000    10.239    u_iv_top/u_bs_datapath/div_stage[0].num_pipe_reg[1][42]_i_1__3_n_0
    SLICE_X62Y89         CARRY4 (Prop_carry4_CI_CO[3])
                                                      0.100    10.339 r  u_iv_top/u_bs_datapath/div_stage[0].num_pipe_reg[1][46]_i_1__3/CO[3]
                         net (fo=1, routed)           0.000    10.339    u_iv_top/u_bs_datapath/div_stage[0].num_pipe_reg[1][46]_i_1__3_n_0
    SLICE_X62Y90         CARRY4 (Prop_carry4_CI_CO[3])
                                                      0.100    10.439 r  u_iv_top/u_bs_datapath/div_stage[0].num_pipe_reg[1][50]_i_1__3/CO[3]
                         net (fo=1, routed)           0.000    10.439    u_iv_top/u_bs_datapath/div_stage[0].num_pipe_reg[1][50]_i_1__3_n_0
    SLICE_X62Y91         CARRY4 (Prop_carry4_CI_CO[3])
                                                      0.100    10.539 r  u_iv_top/u_bs_datapath/div_stage[0].num_pipe_reg[1][54]_i_1__3/CO[3]
                         net (fo=1, routed)           0.000    10.539    u_iv_top/u_bs_datapath/div_stage[0].num_pipe_reg[1][54]_i_1__3_n_0
    SLICE_X62Y92         CARRY4 (Prop_carry4_CI_O[3])
                                                      0.262    10.801 r  u_iv_top/u_bs_datapath/div_stage[0].num_pipe_reg[1][58]_i_1__3/O[3]
                         net (fo=1, routed)           0.000    10.801    u_iv_top/u_nr_divider/div_stage[0].num_pipe_reg[1][63]_0[34]
    SLICE_X62Y92         FDCE                                         r  u_iv_top/u_nr_divider/div_stage[0].num_pipe_reg[1][58]/D
  -------------------------------------------------------------------    -------------------

                         (clock aclk rise edge)      10.000    10.000 r  
                                                      0.000    10.000 r  aclk (IN)
                         net (fo=36115, unset)        1.435    11.435    u_iv_top/u_nr_divider/aclk
    SLICE_X62Y92         FDCE                                         r  u_iv_top/u_nr_divider/div_stage[0].num_pipe_reg[1][58]/C
                         clock pessimism              0.074    11.509    
                         clock uncertainty           -0.035    11.474    
    SLICE_X62Y92         FDCE (Setup_fdce_C_D)        0.101    11.575    u_iv_top/u_nr_divider/div_stage[0].num_pipe_reg[1][58]
  -------------------------------------------------------------------
                         required time                         11.575    
                         arrival time                         -10.801    
  -------------------------------------------------------------------
                         slack                                  0.774    





Min Delay Paths
--------------------------------------------------------------------------------------
Slack (MET) :             0.037ns  (arrival time - required time)
  Source:                 u_iv_top/u_bs_datapath/u_norm_d2/u_t_divider/div_stage[6].num_pipe_reg[7][25]/C
                            (rising edge-triggered cell FDCE clocked by aclk  {rise@0.000ns fall@5.000ns period=10.000ns})
  Destination:            u_iv_top/u_bs_datapath/u_norm_d2/u_t_divider/div_stage[7].num_pipe_reg[8][25]/D
                            (rising edge-triggered cell FDCE clocked by aclk  {rise@0.000ns fall@5.000ns period=10.000ns})
  Path Group:             aclk
  Path Type:              Hold (Min at Fast Process Corner)
  Requirement:            0.000ns  (aclk rise@0.000ns - aclk rise@0.000ns)
  Data Path Delay:        0.353ns  (logic 0.186ns (52.655%)  route 0.167ns (47.345%))
  Logic Levels:           1  (LUT3=1)
  Clock Path Skew:        0.195ns (DCD - SCD - CPR)
    Destination Clock Delay (DCD):    0.968ns
    Source Clock Delay      (SCD):    0.765ns
    Clock Pessimism Removal (CPR):    0.008ns

    Location             Delay type                Incr(ns)  Path(ns)    Netlist Resource(s)
  -------------------------------------------------------------------    -------------------
                         (clock aclk rise edge)       0.000     0.000 r  
                                                      0.000     0.000 r  aclk (IN)
                         net (fo=36115, unset)        0.765     0.765    u_iv_top/u_bs_datapath/u_norm_d2/u_t_divider/aclk
    SLICE_X23Y49         FDCE                                         r  u_iv_top/u_bs_datapath/u_norm_d2/u_t_divider/div_stage[6].num_pipe_reg[7][25]/C
  -------------------------------------------------------------------    -------------------
    SLICE_X23Y49         FDCE (Prop_fdce_C_Q)         0.141     0.906 r  u_iv_top/u_bs_datapath/u_norm_d2/u_t_divider/div_stage[6].num_pipe_reg[7][25]/Q
                         net (fo=6, routed)           0.167     1.073    u_iv_top/u_bs_datapath/u_norm_d2/u_t_divider/div_stage[6].num_pipe_reg[7]_277[25]
    SLICE_X22Y50         LUT3 (Prop_lut3_I1_O)        0.045     1.118 r  u_iv_top/u_bs_datapath/u_norm_d2/u_t_divider/div_stage[7].num_pipe[8][25]_i_1__2/O
                         net (fo=1, routed)           0.000     1.118    u_iv_top/u_bs_datapath/u_norm_d2/u_t_divider/p_0_in[25]
    SLICE_X22Y50         FDCE                                         r  u_iv_top/u_bs_datapath/u_norm_d2/u_t_divider/div_stage[7].num_pipe_reg[8][25]/D
  -------------------------------------------------------------------    -------------------

                         (clock aclk rise edge)       0.000     0.000 r  
                                                      0.000     0.000 r  aclk (IN)
                         net (fo=36115, unset)        0.968     0.968    u_iv_top/u_bs_datapath/u_norm_d2/u_t_divider/aclk
    SLICE_X22Y50         FDCE                                         r  u_iv_top/u_bs_datapath/u_norm_d2/u_t_divider/div_stage[7].num_pipe_reg[8][25]/C
                         clock pessimism             -0.008     0.960    
    SLICE_X22Y50         FDCE (Hold_fdce_C_D)         0.121     1.081    u_iv_top/u_bs_datapath/u_norm_d2/u_t_divider/div_stage[7].num_pipe_reg[8][25]
  -------------------------------------------------------------------
                         required time                         -1.081    
                         arrival time                           1.118    
  -------------------------------------------------------------------
                         slack                                  0.037    

Slack (MET) :             0.051ns  (arrival time - required time)
  Source:                 u_iv_top/cordic_inst/cordic_pipeline[14].x_pipe_reg[15][22]/C
                            (rising edge-triggered cell FDCE clocked by aclk  {rise@0.000ns fall@5.000ns period=10.000ns})
  Destination:            u_iv_top/cordic_inst/cordic_pipeline[15].x_pipe_reg[16][22]/D
                            (rising edge-triggered cell FDCE clocked by aclk  {rise@0.000ns fall@5.000ns period=10.000ns})
  Path Group:             aclk
  Path Type:              Hold (Min at Fast Process Corner)
  Requirement:            0.000ns  (aclk rise@0.000ns - aclk rise@0.000ns)
  Data Path Delay:        0.383ns  (logic 0.251ns (65.496%)  route 0.132ns (34.504%))
  Logic Levels:           2  (CARRY4=1 LUT4=1)
  Clock Path Skew:        0.198ns (DCD - SCD - CPR)
    Destination Clock Delay (DCD):    0.858ns
    Source Clock Delay      (SCD):    0.655ns
    Clock Pessimism Removal (CPR):    0.005ns

    Location             Delay type                Incr(ns)  Path(ns)    Netlist Resource(s)
  -------------------------------------------------------------------    -------------------
                         (clock aclk rise edge)       0.000     0.000 r  
                                                      0.000     0.000 r  aclk (IN)
                         net (fo=36115, unset)        0.655     0.655    u_iv_top/cordic_inst/aclk
    SLICE_X53Y99         FDCE                                         r  u_iv_top/cordic_inst/cordic_pipeline[14].x_pipe_reg[15][22]/C
  -------------------------------------------------------------------    -------------------
    SLICE_X53Y99         FDCE (Prop_fdce_C_Q)         0.141     0.796 r  u_iv_top/cordic_inst/cordic_pipeline[14].x_pipe_reg[15][22]/Q
                         net (fo=3, routed)           0.132     0.928    u_iv_top/cordic_inst/cordic_pipeline[14].x_pipe_reg[15]_481[22]
    SLICE_X52Y101        LUT4 (Prop_lut4_I0_O)        0.045     0.973 r  u_iv_top/cordic_inst/cordic_pipeline[15].x_pipe_reg[16]0_carry__4_i_2/O
                         net (fo=1, routed)           0.000     0.973    u_iv_top/cordic_inst/cordic_pipeline[15].x_pipe_reg[16]0_carry__4_i_2_n_0
    SLICE_X52Y101        CARRY4 (Prop_carry4_S[2]_O[2])
                                                      0.065     1.038 r  u_iv_top/cordic_inst/cordic_pipeline[15].x_pipe_reg[16]0_carry__4/O[2]
                         net (fo=1, routed)           0.000     1.038    u_iv_top/cordic_inst/cordic_pipeline[15].x_pipe_reg[16]0_carry__4_n_5
    SLICE_X52Y101        FDCE                                         r  u_iv_top/cordic_inst/cordic_pipeline[15].x_pipe_reg[16][22]/D
  -------------------------------------------------------------------    -------------------

                         (clock aclk rise edge)       0.000     0.000 r  
                                                      0.000     0.000 r  aclk (IN)
                         net (fo=36115, unset)        0.858     0.858    u_iv_top/cordic_inst/aclk
    SLICE_X52Y101        FDCE                                         r  u_iv_top/cordic_inst/cordic_pipeline[15].x_pipe_reg[16][22]/C
                         clock pessimism             -0.005     0.853    
    SLICE_X52Y101        FDCE (Hold_fdce_C_D)         0.134     0.987    u_iv_top/cordic_inst/cordic_pipeline[15].x_pipe_reg[16][22]
  -------------------------------------------------------------------
                         required time                         -0.987    
                         arrival time                           1.038    
  -------------------------------------------------------------------
                         slack                                  0.051    

Slack (MET) :             0.053ns  (arrival time - required time)
  Source:                 u_iv_top/u_bs_datapath/u_norm_d1/phi_delay_gen[27].phi_delay_reg[28][2]/C
                            (rising edge-triggered cell FDCE clocked by aclk  {rise@0.000ns fall@5.000ns period=10.000ns})
  Destination:            u_iv_top/u_bs_datapath/u_norm_d1/phi3e_m_reg[2]_srl8_u_iv_top_u_bs_datapath_u_ln_divider_div_stage_c_4/D
                            (rising edge-triggered cell SRL16E clocked by aclk  {rise@0.000ns fall@5.000ns period=10.000ns})
  Path Group:             aclk
  Path Type:              Hold (Min at Fast Process Corner)
  Requirement:            0.000ns  (aclk rise@0.000ns - aclk rise@0.000ns)
  Data Path Delay:        0.251ns  (logic 0.141ns (56.078%)  route 0.110ns (43.922%))
  Logic Levels:           0  
  Clock Path Skew:        0.015ns (DCD - SCD - CPR)
    Destination Clock Delay (DCD):    0.910ns
    Source Clock Delay      (SCD):    0.638ns
    Clock Pessimism Removal (CPR):    0.257ns

    Location             Delay type                Incr(ns)  Path(ns)    Netlist Resource(s)
  -------------------------------------------------------------------    -------------------
                         (clock aclk rise edge)       0.000     0.000 r  
                                                      0.000     0.000 r  aclk (IN)
                         net (fo=36115, unset)        0.638     0.638    u_iv_top/u_bs_datapath/u_norm_d1/aclk
    SLICE_X95Y78         FDCE                                         r  u_iv_top/u_bs_datapath/u_norm_d1/phi_delay_gen[27].phi_delay_reg[28][2]/C
  -------------------------------------------------------------------    -------------------
    SLICE_X95Y78         FDCE (Prop_fdce_C_Q)         0.141     0.779 r  u_iv_top/u_bs_datapath/u_norm_d1/phi_delay_gen[27].phi_delay_reg[28][2]/Q
                         net (fo=1, routed)           0.110     0.889    u_iv_top/u_bs_datapath/u_norm_d1/phi_delay_gen[27].phi_delay_reg[28]_243[2]
    SLICE_X94Y79         SRL16E                                       r  u_iv_top/u_bs_datapath/u_norm_d1/phi3e_m_reg[2]_srl8_u_iv_top_u_bs_datapath_u_ln_divider_div_stage_c_4/D
  -------------------------------------------------------------------    -------------------

                         (clock aclk rise edge)       0.000     0.000 r  
                                                      0.000     0.000 r  aclk (IN)
                         net (fo=36115, unset)        0.910     0.910    u_iv_top/u_bs_datapath/u_norm_d1/aclk
    SLICE_X94Y79         SRL16E                                       r  u_iv_top/u_bs_datapath/u_norm_d1/phi3e_m_reg[2]_srl8_u_iv_top_u_bs_datapath_u_ln_divider_div_stage_c_4/CLK
                         clock pessimism             -0.257     0.653    
    SLICE_X94Y79         SRL16E (Hold_srl16e_CLK_D)
                                                      0.183     0.836    u_iv_top/u_bs_datapath/u_norm_d1/phi3e_m_reg[2]_srl8_u_iv_top_u_bs_datapath_u_ln_divider_div_stage_c_4
  -------------------------------------------------------------------
                         required time                         -0.836    
                         arrival time                           0.889    
  -------------------------------------------------------------------
                         slack                                  0.053    

Slack (MET) :             0.060ns  (arrival time - required time)
  Source:                 u_iv_top/u_bs_datapath/u_norm_d2/phi_delay_gen[18].phi_delay_reg[19][31]/C
                            (rising edge-triggered cell FDCE clocked by aclk  {rise@0.000ns fall@5.000ns period=10.000ns})
  Destination:            u_iv_top/u_bs_datapath/u_norm_d2/phi_delay_gen[19].phi_delay_reg[20][31]/D
                            (rising edge-triggered cell FDCE clocked by aclk  {rise@0.000ns fall@5.000ns period=10.000ns})
  Path Group:             aclk
  Path Type:              Hold (Min at Fast Process Corner)
  Requirement:            0.000ns  (aclk rise@0.000ns - aclk rise@0.000ns)
  Data Path Delay:        0.314ns  (logic 0.141ns (44.834%)  route 0.173ns (55.166%))
  Logic Levels:           0  
  Clock Path Skew:        0.195ns (DCD - SCD - CPR)
    Destination Clock Delay (DCD):    0.971ns
    Source Clock Delay      (SCD):    0.768ns
    Clock Pessimism Removal (CPR):    0.008ns

    Location             Delay type                Incr(ns)  Path(ns)    Netlist Resource(s)
  -------------------------------------------------------------------    -------------------
                         (clock aclk rise edge)       0.000     0.000 r  
                                                      0.000     0.000 r  aclk (IN)
                         net (fo=36115, unset)        0.768     0.768    u_iv_top/u_bs_datapath/u_norm_d2/aclk
    SLICE_X15Y49         FDCE                                         r  u_iv_top/u_bs_datapath/u_norm_d2/phi_delay_gen[18].phi_delay_reg[19][31]/C
  -------------------------------------------------------------------    -------------------
    SLICE_X15Y49         FDCE (Prop_fdce_C_Q)         0.141     0.909 r  u_iv_top/u_bs_datapath/u_norm_d2/phi_delay_gen[18].phi_delay_reg[19][31]/Q
                         net (fo=1, routed)           0.173     1.082    u_iv_top/u_bs_datapath/u_norm_d2/phi_delay_gen[18].phi_delay_reg[19]_351[31]
    SLICE_X16Y51         FDCE                                         r  u_iv_top/u_bs_datapath/u_norm_d2/phi_delay_gen[19].phi_delay_reg[20][31]/D
  -------------------------------------------------------------------    -------------------

                         (clock aclk rise edge)       0.000     0.000 r  
                                                      0.000     0.000 r  aclk (IN)
                         net (fo=36115, unset)        0.971     0.971    u_iv_top/u_bs_datapath/u_norm_d2/aclk
    SLICE_X16Y51         FDCE                                         r  u_iv_top/u_bs_datapath/u_norm_d2/phi_delay_gen[19].phi_delay_reg[20][31]/C
                         clock pessimism             -0.008     0.963    
    SLICE_X16Y51         FDCE (Hold_fdce_C_D)         0.059     1.022    u_iv_top/u_bs_datapath/u_norm_d2/phi_delay_gen[19].phi_delay_reg[20][31]
  -------------------------------------------------------------------
                         required time                         -1.022    
                         arrival time                           1.082    
  -------------------------------------------------------------------
                         slack                                  0.060    

Slack (MET) :             0.065ns  (arrival time - required time)
  Source:                 u_iv_top/u_nr_divider/div_stage[7].num_pipe_reg[8][61]/C
                            (rising edge-triggered cell FDCE clocked by aclk  {rise@0.000ns fall@5.000ns period=10.000ns})
  Destination:            u_iv_top/u_nr_divider/div_stage[8].num_pipe_reg[9][61]/D
                            (rising edge-triggered cell FDCE clocked by aclk  {rise@0.000ns fall@5.000ns period=10.000ns})
  Path Group:             aclk
  Path Type:              Hold (Min at Fast Process Corner)
  Requirement:            0.000ns  (aclk rise@0.000ns - aclk rise@0.000ns)
  Data Path Delay:        0.386ns  (logic 0.226ns (58.536%)  route 0.160ns (41.464%))
  Logic Levels:           1  (LUT3=1)
  Clock Path Skew:        0.200ns (DCD - SCD - CPR)
    Destination Clock Delay (DCD):    0.890ns
    Source Clock Delay      (SCD):    0.685ns
    Clock Pessimism Removal (CPR):    0.005ns

    Location             Delay type                Incr(ns)  Path(ns)    Netlist Resource(s)
  -------------------------------------------------------------------    -------------------
                         (clock aclk rise edge)       0.000     0.000 r  
                                                      0.000     0.000 r  aclk (IN)
                         net (fo=36115, unset)        0.685     0.685    u_iv_top/u_nr_divider/aclk
    SLICE_X41Y99         FDCE                                         r  u_iv_top/u_nr_divider/div_stage[7].num_pipe_reg[8][61]/C
  -------------------------------------------------------------------    -------------------
    SLICE_X41Y99         FDCE (Prop_fdce_C_Q)         0.128     0.813 r  u_iv_top/u_nr_divider/div_stage[7].num_pipe_reg[8][61]/Q
                         net (fo=6, routed)           0.160     0.973    u_iv_top/u_nr_divider/div_stage[7].num_pipe_reg[8]_396[61]
    SLICE_X40Y100        LUT3 (Prop_lut3_I1_O)        0.098     1.071 r  u_iv_top/u_nr_divider/div_stage[8].num_pipe[9][61]_i_1__3/O
                         net (fo=1, routed)           0.000     1.071    u_iv_top/u_nr_divider/div_stage[8].num_pipe[9][61]_i_1__3_n_0
    SLICE_X40Y100        FDCE                                         r  u_iv_top/u_nr_divider/div_stage[8].num_pipe_reg[9][61]/D
  -------------------------------------------------------------------    -------------------

                         (clock aclk rise edge)       0.000     0.000 r  
                                                      0.000     0.000 r  aclk (IN)
                         net (fo=36115, unset)        0.890     0.890    u_iv_top/u_nr_divider/aclk
    SLICE_X40Y100        FDCE                                         r  u_iv_top/u_nr_divider/div_stage[8].num_pipe_reg[9][61]/C
                         clock pessimism             -0.005     0.885    
    SLICE_X40Y100        FDCE (Hold_fdce_C_D)         0.121     1.006    u_iv_top/u_nr_divider/div_stage[8].num_pipe_reg[9][61]
  -------------------------------------------------------------------
                         required time                         -1.006    
                         arrival time                           1.071    
  -------------------------------------------------------------------
                         slack                                  0.065    

Slack (MET) :             0.065ns  (arrival time - required time)
  Source:                 u_iv_top/u_bs_datapath/u_norm_d1/phi_delay_gen[27].phi_delay_reg[28][26]/C
                            (rising edge-triggered cell FDCE clocked by aclk  {rise@0.000ns fall@5.000ns period=10.000ns})
  Destination:            u_iv_top/u_bs_datapath/u_norm_d1/phi3e_m_reg[26]_srl8_u_iv_top_u_bs_datapath_u_ln_divider_div_stage_c_4/D
                            (rising edge-triggered cell SRL16E clocked by aclk  {rise@0.000ns fall@5.000ns period=10.000ns})
  Path Group:             aclk
  Path Type:              Hold (Min at Fast Process Corner)
  Requirement:            0.000ns  (aclk rise@0.000ns - aclk rise@0.000ns)
  Data Path Delay:        0.196ns  (logic 0.141ns (71.838%)  route 0.055ns (28.162%))
  Logic Levels:           0  
  Clock Path Skew:        0.014ns (DCD - SCD - CPR)
    Destination Clock Delay (DCD):    0.916ns
    Source Clock Delay      (SCD):    0.644ns
    Clock Pessimism Removal (CPR):    0.258ns

    Location             Delay type                Incr(ns)  Path(ns)    Netlist Resource(s)
  -------------------------------------------------------------------    -------------------
                         (clock aclk rise edge)       0.000     0.000 r  
                                                      0.000     0.000 r  aclk (IN)
                         net (fo=36115, unset)        0.644     0.644    u_iv_top/u_bs_datapath/u_norm_d1/aclk
    SLICE_X99Y83         FDCE                                         r  u_iv_top/u_bs_datapath/u_norm_d1/phi_delay_gen[27].phi_delay_reg[28][26]/C
  -------------------------------------------------------------------    -------------------
    SLICE_X99Y83         FDCE (Prop_fdce_C_Q)         0.141     0.785 r  u_iv_top/u_bs_datapath/u_norm_d1/phi_delay_gen[27].phi_delay_reg[28][26]/Q
                         net (fo=1, routed)           0.055     0.840    u_iv_top/u_bs_datapath/u_norm_d1/phi_delay_gen[27].phi_delay_reg[28]_243[26]
    SLICE_X98Y83         SRL16E                                       r  u_iv_top/u_bs_datapath/u_norm_d1/phi3e_m_reg[26]_srl8_u_iv_top_u_bs_datapath_u_ln_divider_div_stage_c_4/D
  -------------------------------------------------------------------    -------------------

                         (clock aclk rise edge)       0.000     0.000 r  
                                                      0.000     0.000 r  aclk (IN)
                         net (fo=36115, unset)        0.916     0.916    u_iv_top/u_bs_datapath/u_norm_d1/aclk
    SLICE_X98Y83         SRL16E                                       r  u_iv_top/u_bs_datapath/u_norm_d1/phi3e_m_reg[26]_srl8_u_iv_top_u_bs_datapath_u_ln_divider_div_stage_c_4/CLK
                         clock pessimism             -0.258     0.658    
    SLICE_X98Y83         SRL16E (Hold_srl16e_CLK_D)
                                                      0.117     0.775    u_iv_top/u_bs_datapath/u_norm_d1/phi3e_m_reg[26]_srl8_u_iv_top_u_bs_datapath_u_ln_divider_div_stage_c_4
  -------------------------------------------------------------------
                         required time                         -0.775    
                         arrival time                           0.840    
  -------------------------------------------------------------------
                         slack                                  0.065    

Slack (MET) :             0.066ns  (arrival time - required time)
  Source:                 u_iv_top/u_bs_datapath/u_norm_d1/meta_delay_gen[30].abs_x_delay_reg[31][9]/C
                            (rising edge-triggered cell FDCE clocked by aclk  {rise@0.000ns fall@5.000ns period=10.000ns})
  Destination:            u_iv_top/u_bs_datapath/u_norm_d1/meta_delay_gen[31].abs_x_delay_reg[32][9]/D
                            (rising edge-triggered cell FDCE clocked by aclk  {rise@0.000ns fall@5.000ns period=10.000ns})
  Path Group:             aclk
  Path Type:              Hold (Min at Fast Process Corner)
  Requirement:            0.000ns  (aclk rise@0.000ns - aclk rise@0.000ns)
  Data Path Delay:        0.345ns  (logic 0.128ns (37.127%)  route 0.217ns (62.873%))
  Logic Levels:           0  
  Clock Path Skew:        0.266ns (DCD - SCD - CPR)
    Destination Clock Delay (DCD):    0.908ns
    Source Clock Delay      (SCD):    0.634ns
    Clock Pessimism Removal (CPR):    0.008ns

    Location             Delay type                Incr(ns)  Path(ns)    Netlist Resource(s)
  -------------------------------------------------------------------    -------------------
                         (clock aclk rise edge)       0.000     0.000 r  
                                                      0.000     0.000 r  aclk (IN)
                         net (fo=36115, unset)        0.634     0.634    u_iv_top/u_bs_datapath/u_norm_d1/aclk
    SLICE_X86Y53         FDCE                                         r  u_iv_top/u_bs_datapath/u_norm_d1/meta_delay_gen[30].abs_x_delay_reg[31][9]/C
  -------------------------------------------------------------------    -------------------
    SLICE_X86Y53         FDCE (Prop_fdce_C_Q)         0.128     0.762 r  u_iv_top/u_bs_datapath/u_norm_d1/meta_delay_gen[30].abs_x_delay_reg[31][9]/Q
                         net (fo=1, routed)           0.217     0.979    u_iv_top/u_bs_datapath/u_norm_d1/meta_delay_gen[30].abs_x_delay_reg[31]_274[9]
    SLICE_X81Y53         FDCE                                         r  u_iv_top/u_bs_datapath/u_norm_d1/meta_delay_gen[31].abs_x_delay_reg[32][9]/D
  -------------------------------------------------------------------    -------------------

                         (clock aclk rise edge)       0.000     0.000 r  
                                                      0.000     0.000 r  aclk (IN)
                         net (fo=36115, unset)        0.908     0.908    u_iv_top/u_bs_datapath/u_norm_d1/aclk
    SLICE_X81Y53         FDCE                                         r  u_iv_top/u_bs_datapath/u_norm_d1/meta_delay_gen[31].abs_x_delay_reg[32][9]/C
                         clock pessimism             -0.008     0.900    
    SLICE_X81Y53         FDCE (Hold_fdce_C_D)         0.013     0.913    u_iv_top/u_bs_datapath/u_norm_d1/meta_delay_gen[31].abs_x_delay_reg[32][9]
  -------------------------------------------------------------------
                         required time                         -0.913    
                         arrival time                           0.979    
  -------------------------------------------------------------------
                         slack                                  0.066    

Slack (MET) :             0.071ns  (arrival time - required time)
  Source:                 u_iv_top/u_bs_datapath/u_norm_d2/phi_delay_gen[23].phi_delay_reg[24][20]/C
                            (rising edge-triggered cell FDCE clocked by aclk  {rise@0.000ns fall@5.000ns period=10.000ns})
  Destination:            u_iv_top/u_bs_datapath/u_norm_d2/phi_delay_gen[24].phi_delay_reg[25][20]/D
                            (rising edge-triggered cell FDCE clocked by aclk  {rise@0.000ns fall@5.000ns period=10.000ns})
  Path Group:             aclk
  Path Type:              Hold (Min at Fast Process Corner)
  Requirement:            0.000ns  (aclk rise@0.000ns - aclk rise@0.000ns)
  Data Path Delay:        0.342ns  (logic 0.164ns (47.893%)  route 0.178ns (52.107%))
  Logic Levels:           0  
  Clock Path Skew:        0.196ns (DCD - SCD - CPR)
    Destination Clock Delay (DCD):    0.972ns
    Source Clock Delay      (SCD):    0.768ns
    Clock Pessimism Removal (CPR):    0.008ns

    Location             Delay type                Incr(ns)  Path(ns)    Netlist Resource(s)
  -------------------------------------------------------------------    -------------------
                         (clock aclk rise edge)       0.000     0.000 r  
                                                      0.000     0.000 r  aclk (IN)
                         net (fo=36115, unset)        0.768     0.768    u_iv_top/u_bs_datapath/u_norm_d2/aclk
    SLICE_X10Y49         FDCE                                         r  u_iv_top/u_bs_datapath/u_norm_d2/phi_delay_gen[23].phi_delay_reg[24][20]/C
  -------------------------------------------------------------------    -------------------
    SLICE_X10Y49         FDCE (Prop_fdce_C_Q)         0.164     0.932 r  u_iv_top/u_bs_datapath/u_norm_d2/phi_delay_gen[23].phi_delay_reg[24][20]/Q
                         net (fo=1, routed)           0.178     1.110    u_iv_top/u_bs_datapath/u_norm_d2/phi_delay_gen[23].phi_delay_reg[24]_356[20]
    SLICE_X9Y52          FDCE                                         r  u_iv_top/u_bs_datapath/u_norm_d2/phi_delay_gen[24].phi_delay_reg[25][20]/D
  -------------------------------------------------------------------    -------------------

                         (clock aclk rise edge)       0.000     0.000 r  
                                                      0.000     0.000 r  aclk (IN)
                         net (fo=36115, unset)        0.972     0.972    u_iv_top/u_bs_datapath/u_norm_d2/aclk
    SLICE_X9Y52          FDCE                                         r  u_iv_top/u_bs_datapath/u_norm_d2/phi_delay_gen[24].phi_delay_reg[25][20]/C
                         clock pessimism             -0.008     0.964    
    SLICE_X9Y52          FDCE (Hold_fdce_C_D)         0.075     1.039    u_iv_top/u_bs_datapath/u_norm_d2/phi_delay_gen[24].phi_delay_reg[25][20]
  -------------------------------------------------------------------
                         required time                         -1.039    
                         arrival time                           1.110    
  -------------------------------------------------------------------
                         slack                                  0.071    

Slack (MET) :             0.072ns  (arrival time - required time)
  Source:                 u_iv_top/u_bs_datapath/u_sqrt_T/sqrt_stage[5].val_pipe_reg[6][52]/C
                            (rising edge-triggered cell FDCE clocked by aclk  {rise@0.000ns fall@5.000ns period=10.000ns})
  Destination:            u_iv_top/u_bs_datapath/u_sqrt_T/sqrt_stage[6].res_pipe_reg[7][21]/D
                            (rising edge-triggered cell FDCE clocked by aclk  {rise@0.000ns fall@5.000ns period=10.000ns})
  Path Group:             aclk
  Path Type:              Hold (Min at Fast Process Corner)
  Requirement:            0.000ns  (aclk rise@0.000ns - aclk rise@0.000ns)
  Data Path Delay:        0.563ns  (logic 0.274ns (48.696%)  route 0.289ns (51.304%))
  Logic Levels:           2  (CARRY4=1 LUT2=1)
  Clock Path Skew:        0.332ns (DCD - SCD - CPR)
    Destination Clock Delay (DCD):    0.920ns
    Source Clock Delay      (SCD):    0.583ns
    Clock Pessimism Removal (CPR):    0.005ns

    Location             Delay type                Incr(ns)  Path(ns)    Netlist Resource(s)
  -------------------------------------------------------------------    -------------------
                         (clock aclk rise edge)       0.000     0.000 r  
                                                      0.000     0.000 r  aclk (IN)
                         net (fo=36115, unset)        0.583     0.583    u_iv_top/u_bs_datapath/u_sqrt_T/aclk
    SLICE_X63Y100        FDCE                                         r  u_iv_top/u_bs_datapath/u_sqrt_T/sqrt_stage[5].val_pipe_reg[6][52]/C
  -------------------------------------------------------------------    -------------------
    SLICE_X63Y100        FDCE (Prop_fdce_C_Q)         0.141     0.724 r  u_iv_top/u_bs_datapath/u_sqrt_T/sqrt_stage[5].val_pipe_reg[6][52]/Q
                         net (fo=4, routed)           0.289     1.013    u_iv_top/u_bs_datapath/u_sqrt_T/sqrt_stage[5].val_pipe_reg_n_0_[6][52]
    SLICE_X72Y99         LUT2 (Prop_lut2_I0_O)        0.049     1.062 r  u_iv_top/u_bs_datapath/u_sqrt_T/sqrt_stage[6].res_pipe[7][21]_i_4/O
                         net (fo=1, routed)           0.000     1.062    u_iv_top/u_bs_datapath/u_sqrt_T/sqrt_stage[6].res_pipe[7][21]_i_4_n_0
    SLICE_X72Y99         CARRY4 (Prop_carry4_DI[2]_CO[3])
                                                      0.084     1.146 r  u_iv_top/u_bs_datapath/u_sqrt_T/sqrt_stage[6].res_pipe_reg[7][21]_i_1/CO[3]
                         net (fo=2, routed)           0.000     1.146    u_iv_top/u_bs_datapath/u_sqrt_T/p_41_in[21]
    SLICE_X72Y99         FDCE                                         r  u_iv_top/u_bs_datapath/u_sqrt_T/sqrt_stage[6].res_pipe_reg[7][21]/D
  -------------------------------------------------------------------    -------------------

                         (clock aclk rise edge)       0.000     0.000 r  
                                                      0.000     0.000 r  aclk (IN)
                         net (fo=36115, unset)        0.920     0.920    u_iv_top/u_bs_datapath/u_sqrt_T/aclk
    SLICE_X72Y99         FDCE                                         r  u_iv_top/u_bs_datapath/u_sqrt_T/sqrt_stage[6].res_pipe_reg[7][21]/C
                         clock pessimism             -0.005     0.915    
    SLICE_X72Y99         FDCE (Hold_fdce_C_D)         0.159     1.074    u_iv_top/u_bs_datapath/u_sqrt_T/sqrt_stage[6].res_pipe_reg[7][21]
  -------------------------------------------------------------------
                         required time                         -1.074    
                         arrival time                           1.146    
  -------------------------------------------------------------------
                         slack                                  0.072    

Slack (MET) :             0.075ns  (arrival time - required time)
  Source:                 u_iv_top/u_bs_datapath/u_sqrt_T/sqrt_stage[6].val_pipe_reg[7][39]/C
                            (rising edge-triggered cell FDCE clocked by aclk  {rise@0.000ns fall@5.000ns period=10.000ns})
  Destination:            u_iv_top/u_bs_datapath/u_sqrt_T/sqrt_stage[7].val_pipe_reg[8][39]/D
                            (rising edge-triggered cell FDCE clocked by aclk  {rise@0.000ns fall@5.000ns period=10.000ns})
  Path Group:             aclk
  Path Type:              Hold (Min at Fast Process Corner)
  Requirement:            0.000ns  (aclk rise@0.000ns - aclk rise@0.000ns)
  Data Path Delay:        0.358ns  (logic 0.164ns (45.866%)  route 0.194ns (54.135%))
  Logic Levels:           0  
  Clock Path Skew:        0.199ns (DCD - SCD - CPR)
    Destination Clock Delay (DCD):    0.850ns
    Source Clock Delay      (SCD):    0.646ns
    Clock Pessimism Removal (CPR):    0.005ns

    Location             Delay type                Incr(ns)  Path(ns)    Netlist Resource(s)
  -------------------------------------------------------------------    -------------------
                         (clock aclk rise edge)       0.000     0.000 r  
                                                      0.000     0.000 r  aclk (IN)
                         net (fo=36115, unset)        0.646     0.646    u_iv_top/u_bs_datapath/u_sqrt_T/aclk
    SLICE_X72Y98         FDCE                                         r  u_iv_top/u_bs_datapath/u_sqrt_T/sqrt_stage[6].val_pipe_reg[7][39]/C
  -------------------------------------------------------------------    -------------------
    SLICE_X72Y98         FDCE (Prop_fdce_C_Q)         0.164     0.810 r  u_iv_top/u_bs_datapath/u_sqrt_T/sqrt_stage[6].val_pipe_reg[7][39]/Q
                         net (fo=3, routed)           0.194     1.004    u_iv_top/u_bs_datapath/u_sqrt_T/sqrt_stage[6].val_pipe_reg_n_0_[7][39]
    SLICE_X72Y100        FDCE                                         r  u_iv_top/u_bs_datapath/u_sqrt_T/sqrt_stage[7].val_pipe_reg[8][39]/D
  -------------------------------------------------------------------    -------------------

                         (clock aclk rise edge)       0.000     0.000 r  
                                                      0.000     0.000 r  aclk (IN)
                         net (fo=36115, unset)        0.850     0.850    u_iv_top/u_bs_datapath/u_sqrt_T/aclk
    SLICE_X72Y100        FDCE                                         r  u_iv_top/u_bs_datapath/u_sqrt_T/sqrt_stage[7].val_pipe_reg[8][39]/C
                         clock pessimism             -0.005     0.845    
    SLICE_X72Y100        FDCE (Hold_fdce_C_D)         0.084     0.929    u_iv_top/u_bs_datapath/u_sqrt_T/sqrt_stage[7].val_pipe_reg[8][39]
  -------------------------------------------------------------------
                         required time                         -0.929    
                         arrival time                           1.004    
  -------------------------------------------------------------------
                         slack                                  0.075    





Pulse Width Checks
--------------------------------------------------------------------------------------
Clock Name:         aclk
Waveform(ns):       { 0.000 5.000 }
Period(ns):         10.000
Sources:            { aclk }

Check Type        Corner  Lib Pin      Reference Pin  Required(ns)  Actual(ns)  Slack(ns)  Location      Pin
Min Period        n/a     DSP48E1/CLK  n/a            1.816         10.000      8.184      DSP48_X3Y31   u_iv_top/u_bs_datapath/d1_den_2a1__0/CLK
Min Period        n/a     DSP48E1/CLK  n/a            1.816         10.000      8.184      DSP48_X3Y29   u_iv_top/u_bs_datapath/d1_den_2a1__2/CLK
Min Period        n/a     DSP48E1/CLK  n/a            1.816         10.000      8.184      DSP48_X2Y23   u_iv_top/u_bs_datapath/knd2_5a1__0/CLK
Min Period        n/a     DSP48E1/CLK  n/a            1.816         10.000      8.184      DSP48_X2Y25   u_iv_top/u_bs_datapath/knd2_5a1__2/CLK
Min Period        n/a     DSP48E1/CLK  n/a            1.816         10.000      8.184      DSP48_X4Y35   u_iv_top/u_bs_datapath/term1_5a1__0/CLK
Min Period        n/a     DSP48E1/CLK  n/a            1.816         10.000      8.184      DSP48_X3Y37   u_iv_top/u_bs_datapath/term1_5a1__2/CLK
Min Period        n/a     DSP48E1/CLK  n/a            1.816         10.000      8.184      DSP48_X2Y31   u_iv_top/u_bs_datapath/term2_5d1__0/CLK
Min Period        n/a     DSP48E1/CLK  n/a            1.816         10.000      8.184      DSP48_X2Y33   u_iv_top/u_bs_datapath/term2_5d1__2/CLK
Min Period        n/a     DSP48E1/CLK  n/a            1.816         10.000      8.184      DSP48_X6Y25   u_iv_top/u_bs_datapath/u_norm_d1/phi_2f1__0/CLK
Min Period        n/a     DSP48E1/CLK  n/a            1.816         10.000      8.184      DSP48_X5Y39   u_iv_top/u_bs_datapath/u_norm_d1/phi_poly_4b1__0/CLK
Low Pulse Width   Slow    RAMD64E/CLK  n/a            1.130         5.000       3.870      SLICE_X64Y78  u_iv_top/ctx_C_reg_0_63_0_2/RAMA/CLK
Low Pulse Width   Fast    RAMD64E/CLK  n/a            1.130         5.000       3.870      SLICE_X64Y78  u_iv_top/ctx_C_reg_0_63_0_2/RAMA/CLK
Low Pulse Width   Slow    RAMD64E/CLK  n/a            1.130         5.000       3.870      SLICE_X64Y78  u_iv_top/ctx_C_reg_0_63_0_2/RAMB/CLK
Low Pulse Width   Fast    RAMD64E/CLK  n/a            1.130         5.000       3.870      SLICE_X64Y78  u_iv_top/ctx_C_reg_0_63_0_2/RAMB/CLK
Low Pulse Width   Slow    RAMD64E/CLK  n/a            1.130         5.000       3.870      SLICE_X64Y78  u_iv_top/ctx_C_reg_0_63_0_2/RAMC/CLK
Low Pulse Width   Fast    RAMD64E/CLK  n/a            1.130         5.000       3.870      SLICE_X64Y78  u_iv_top/ctx_C_reg_0_63_0_2/RAMC/CLK
Low Pulse Width   Slow    RAMD64E/CLK  n/a            1.130         5.000       3.870      SLICE_X64Y78  u_iv_top/ctx_C_reg_0_63_0_2/RAMD/CLK
Low Pulse Width   Fast    RAMD64E/CLK  n/a            1.130         5.000       3.870      SLICE_X64Y78  u_iv_top/ctx_C_reg_0_63_0_2/RAMD/CLK
Low Pulse Width   Slow    RAMD64E/CLK  n/a            1.130         5.000       3.870      SLICE_X68Y77  u_iv_top/ctx_C_reg_0_63_12_14/RAMA/CLK
Low Pulse Width   Fast    RAMD64E/CLK  n/a            1.130         5.000       3.870      SLICE_X68Y77  u_iv_top/ctx_C_reg_0_63_12_14/RAMA/CLK
High Pulse Width  Slow    RAMD64E/CLK  n/a            1.130         5.000       3.870      SLICE_X64Y78  u_iv_top/ctx_C_reg_0_63_0_2/RAMA/CLK
High Pulse Width  Fast    RAMD64E/CLK  n/a            1.130         5.000       3.870      SLICE_X64Y78  u_iv_top/ctx_C_reg_0_63_0_2/RAMA/CLK
High Pulse Width  Slow    RAMD64E/CLK  n/a            1.130         5.000       3.870      SLICE_X64Y78  u_iv_top/ctx_C_reg_0_63_0_2/RAMB/CLK
High Pulse Width  Fast    RAMD64E/CLK  n/a            1.130         5.000       3.870      SLICE_X64Y78  u_iv_top/ctx_C_reg_0_63_0_2/RAMB/CLK
High Pulse Width  Slow    RAMD64E/CLK  n/a            1.130         5.000       3.870      SLICE_X64Y78  u_iv_top/ctx_C_reg_0_63_0_2/RAMC/CLK
High Pulse Width  Fast    RAMD64E/CLK  n/a            1.130         5.000       3.870      SLICE_X64Y78  u_iv_top/ctx_C_reg_0_63_0_2/RAMC/CLK
High Pulse Width  Slow    RAMD64E/CLK  n/a            1.130         5.000       3.870      SLICE_X64Y78  u_iv_top/ctx_C_reg_0_63_0_2/RAMD/CLK
High Pulse Width  Fast    RAMD64E/CLK  n/a            1.130         5.000       3.870      SLICE_X64Y78  u_iv_top/ctx_C_reg_0_63_0_2/RAMD/CLK
High Pulse Width  Slow    RAMD64E/CLK  n/a            1.130         5.000       3.870      SLICE_X68Y77  u_iv_top/ctx_C_reg_0_63_12_14/RAMA/CLK
High Pulse Width  Fast    RAMD64E/CLK  n/a            1.130         5.000       3.870      SLICE_X68Y77  u_iv_top/ctx_C_reg_0_63_12_14/RAMA/CLK



--------------------------------------------------------------------------------------
Path Group:  (none)
From Clock:  
  To Clock:  aclk

Max Delay         33726 Endpoints
Min Delay         33726 Endpoints
--------------------------------------------------------------------------------------


Max Delay Paths
--------------------------------------------------------------------------------------
Slack:                    inf
  Source:                 aresetn
                            (input port)
  Destination:            u_iv_top/u_bs_datapath/u_norm_d1/u2_2a_reg[0]/CLR
                            (recovery check against rising-edge clock aclk  {rise@0.000ns fall@5.000ns period=10.000ns})
  Path Group:             (none)
  Path Type:              Recovery (Max at Slow Process Corner)
  Data Path Delay:        9.122ns  (logic 0.105ns (1.151%)  route 9.017ns (98.849%))
  Logic Levels:           1  (LUT1=1)
  Clock Path Skew:        1.669ns (DCD - SCD + CPR)
    Destination Clock Delay (DCD):    1.669ns
    Source Clock Delay      (SCD):    0.000ns
    Clock Pessimism Removal (CPR):    0.000ns
  Clock Uncertainty:      0.025ns  ((TSJ^2 + TIJ^2)^1/2 + DJ) / 2 + PE
    Total System Jitter     (TSJ):    0.050ns
    Total Input Jitter      (TIJ):    0.000ns
    Discrete Jitter          (DJ):    0.000ns
    Phase Error              (PE):    0.000ns
  Timing Exception:       False Path

    Location             Delay type                Incr(ns)  Path(ns)    Netlist Resource(s)
  -------------------------------------------------------------------    -------------------
                                                      0.000     0.000 r  aresetn (IN)
                         net (fo=4, unset)            0.787     0.787    u_iv_top/u_bs_datapath/u_norm_d1/u_t_divider/aresetn
    SLICE_X2Y147         LUT1 (Prop_lut1_I0_O)        0.105     0.892 f  u_iv_top/u_bs_datapath/u_norm_d1/u_t_divider/div_stage[6].den_pipe[7][31]_i_1/O
                         net (fo=23998, routed)       8.230     9.122    u_iv_top/u_bs_datapath/u_norm_d1/aresetn_0
    SLICE_X152Y42        FDCE                                         f  u_iv_top/u_bs_datapath/u_norm_d1/u2_2a_reg[0]/CLR
  -------------------------------------------------------------------    -------------------

                         (clock aclk rise edge)       0.000     0.000 r  
                                                      0.000     0.000 r  aclk (IN)
                         net (fo=36115, unset)        1.669     1.669    u_iv_top/u_bs_datapath/u_norm_d1/aclk
    SLICE_X152Y42        FDCE                                         r  u_iv_top/u_bs_datapath/u_norm_d1/u2_2a_reg[0]/C

Slack:                    inf
  Source:                 aresetn
                            (input port)
  Destination:            u_iv_top/u_bs_datapath/u_norm_d1/u2_2a_reg[1]/CLR
                            (recovery check against rising-edge clock aclk  {rise@0.000ns fall@5.000ns period=10.000ns})
  Path Group:             (none)
  Path Type:              Recovery (Max at Slow Process Corner)
  Data Path Delay:        9.122ns  (logic 0.105ns (1.151%)  route 9.017ns (98.849%))
  Logic Levels:           1  (LUT1=1)
  Clock Path Skew:        1.669ns (DCD - SCD + CPR)
    Destination Clock Delay (DCD):    1.669ns
    Source Clock Delay      (SCD):    0.000ns
    Clock Pessimism Removal (CPR):    0.000ns
  Clock Uncertainty:      0.025ns  ((TSJ^2 + TIJ^2)^1/2 + DJ) / 2 + PE
    Total System Jitter     (TSJ):    0.050ns
    Total Input Jitter      (TIJ):    0.000ns
    Discrete Jitter          (DJ):    0.000ns
    Phase Error              (PE):    0.000ns
  Timing Exception:       False Path

    Location             Delay type                Incr(ns)  Path(ns)    Netlist Resource(s)
  -------------------------------------------------------------------    -------------------
                                                      0.000     0.000 r  aresetn (IN)
                         net (fo=4, unset)            0.787     0.787    u_iv_top/u_bs_datapath/u_norm_d1/u_t_divider/aresetn
    SLICE_X2Y147         LUT1 (Prop_lut1_I0_O)        0.105     0.892 f  u_iv_top/u_bs_datapath/u_norm_d1/u_t_divider/div_stage[6].den_pipe[7][31]_i_1/O
                         net (fo=23998, routed)       8.230     9.122    u_iv_top/u_bs_datapath/u_norm_d1/aresetn_0
    SLICE_X152Y42        FDCE                                         f  u_iv_top/u_bs_datapath/u_norm_d1/u2_2a_reg[1]/CLR
  -------------------------------------------------------------------    -------------------

                         (clock aclk rise edge)       0.000     0.000 r  
                                                      0.000     0.000 r  aclk (IN)
                         net (fo=36115, unset)        1.669     1.669    u_iv_top/u_bs_datapath/u_norm_d1/aclk
    SLICE_X152Y42        FDCE                                         r  u_iv_top/u_bs_datapath/u_norm_d1/u2_2a_reg[1]/C

Slack:                    inf
  Source:                 aresetn
                            (input port)
  Destination:            u_iv_top/u_bs_datapath/u_norm_d1/u2_2a_reg[2]/CLR
                            (recovery check against rising-edge clock aclk  {rise@0.000ns fall@5.000ns period=10.000ns})
  Path Group:             (none)
  Path Type:              Recovery (Max at Slow Process Corner)
  Data Path Delay:        9.122ns  (logic 0.105ns (1.151%)  route 9.017ns (98.849%))
  Logic Levels:           1  (LUT1=1)
  Clock Path Skew:        1.669ns (DCD - SCD + CPR)
    Destination Clock Delay (DCD):    1.669ns
    Source Clock Delay      (SCD):    0.000ns
    Clock Pessimism Removal (CPR):    0.000ns
  Clock Uncertainty:      0.025ns  ((TSJ^2 + TIJ^2)^1/2 + DJ) / 2 + PE
    Total System Jitter     (TSJ):    0.050ns
    Total Input Jitter      (TIJ):    0.000ns
    Discrete Jitter          (DJ):    0.000ns
    Phase Error              (PE):    0.000ns
  Timing Exception:       False Path

    Location             Delay type                Incr(ns)  Path(ns)    Netlist Resource(s)
  -------------------------------------------------------------------    -------------------
                                                      0.000     0.000 r  aresetn (IN)
                         net (fo=4, unset)            0.787     0.787    u_iv_top/u_bs_datapath/u_norm_d1/u_t_divider/aresetn
    SLICE_X2Y147         LUT1 (Prop_lut1_I0_O)        0.105     0.892 f  u_iv_top/u_bs_datapath/u_norm_d1/u_t_divider/div_stage[6].den_pipe[7][31]_i_1/O
                         net (fo=23998, routed)       8.230     9.122    u_iv_top/u_bs_datapath/u_norm_d1/aresetn_0
    SLICE_X152Y42        FDCE                                         f  u_iv_top/u_bs_datapath/u_norm_d1/u2_2a_reg[2]/CLR
  -------------------------------------------------------------------    -------------------

                         (clock aclk rise edge)       0.000     0.000 r  
                                                      0.000     0.000 r  aclk (IN)
                         net (fo=36115, unset)        1.669     1.669    u_iv_top/u_bs_datapath/u_norm_d1/aclk
    SLICE_X152Y42        FDCE                                         r  u_iv_top/u_bs_datapath/u_norm_d1/u2_2a_reg[2]/C

Slack:                    inf
  Source:                 aresetn
                            (input port)
  Destination:            u_iv_top/u_bs_datapath/u_norm_d1/u2_2a_reg[3]/CLR
                            (recovery check against rising-edge clock aclk  {rise@0.000ns fall@5.000ns period=10.000ns})
  Path Group:             (none)
  Path Type:              Recovery (Max at Slow Process Corner)
  Data Path Delay:        9.122ns  (logic 0.105ns (1.151%)  route 9.017ns (98.849%))
  Logic Levels:           1  (LUT1=1)
  Clock Path Skew:        1.669ns (DCD - SCD + CPR)
    Destination Clock Delay (DCD):    1.669ns
    Source Clock Delay      (SCD):    0.000ns
    Clock Pessimism Removal (CPR):    0.000ns
  Clock Uncertainty:      0.025ns  ((TSJ^2 + TIJ^2)^1/2 + DJ) / 2 + PE
    Total System Jitter     (TSJ):    0.050ns
    Total Input Jitter      (TIJ):    0.000ns
    Discrete Jitter          (DJ):    0.000ns
    Phase Error              (PE):    0.000ns
  Timing Exception:       False Path

    Location             Delay type                Incr(ns)  Path(ns)    Netlist Resource(s)
  -------------------------------------------------------------------    -------------------
                                                      0.000     0.000 r  aresetn (IN)
                         net (fo=4, unset)            0.787     0.787    u_iv_top/u_bs_datapath/u_norm_d1/u_t_divider/aresetn
    SLICE_X2Y147         LUT1 (Prop_lut1_I0_O)        0.105     0.892 f  u_iv_top/u_bs_datapath/u_norm_d1/u_t_divider/div_stage[6].den_pipe[7][31]_i_1/O
                         net (fo=23998, routed)       8.230     9.122    u_iv_top/u_bs_datapath/u_norm_d1/aresetn_0
    SLICE_X152Y42        FDCE                                         f  u_iv_top/u_bs_datapath/u_norm_d1/u2_2a_reg[3]/CLR
  -------------------------------------------------------------------    -------------------

                         (clock aclk rise edge)       0.000     0.000 r  
                                                      0.000     0.000 r  aclk (IN)
                         net (fo=36115, unset)        1.669     1.669    u_iv_top/u_bs_datapath/u_norm_d1/aclk
    SLICE_X152Y42        FDCE                                         r  u_iv_top/u_bs_datapath/u_norm_d1/u2_2a_reg[3]/C

Slack:                    inf
  Source:                 aresetn
                            (input port)
  Destination:            u_iv_top/u_bs_datapath/u_norm_d1/x2_half1_reg[11]/CLR
                            (recovery check against rising-edge clock aclk  {rise@0.000ns fall@5.000ns period=10.000ns})
  Path Group:             (none)
  Path Type:              Recovery (Max at Slow Process Corner)
  Data Path Delay:        9.019ns  (logic 0.105ns (1.164%)  route 8.914ns (98.836%))
  Logic Levels:           1  (LUT1=1)
  Clock Path Skew:        1.667ns (DCD - SCD + CPR)
    Destination Clock Delay (DCD):    1.667ns
    Source Clock Delay      (SCD):    0.000ns
    Clock Pessimism Removal (CPR):    0.000ns
  Clock Uncertainty:      0.025ns  ((TSJ^2 + TIJ^2)^1/2 + DJ) / 2 + PE
    Total System Jitter     (TSJ):    0.050ns
    Total Input Jitter      (TIJ):    0.000ns
    Discrete Jitter          (DJ):    0.000ns
    Phase Error              (PE):    0.000ns
  Timing Exception:       False Path

    Location             Delay type                Incr(ns)  Path(ns)    Netlist Resource(s)
  -------------------------------------------------------------------    -------------------
                                                      0.000     0.000 r  aresetn (IN)
                         net (fo=4, unset)            0.787     0.787    u_iv_top/u_bs_datapath/u_norm_d1/u_t_divider/aresetn
    SLICE_X2Y147         LUT1 (Prop_lut1_I0_O)        0.105     0.892 f  u_iv_top/u_bs_datapath/u_norm_d1/u_t_divider/div_stage[6].den_pipe[7][31]_i_1/O
                         net (fo=23998, routed)       8.127     9.019    u_iv_top/u_bs_datapath/u_norm_d1/aresetn_0
    SLICE_X144Y42        FDCE                                         f  u_iv_top/u_bs_datapath/u_norm_d1/x2_half1_reg[11]/CLR
  -------------------------------------------------------------------    -------------------

                         (clock aclk rise edge)       0.000     0.000 r  
                                                      0.000     0.000 r  aclk (IN)
                         net (fo=36115, unset)        1.667     1.667    u_iv_top/u_bs_datapath/u_norm_d1/aclk
    SLICE_X144Y42        FDCE                                         r  u_iv_top/u_bs_datapath/u_norm_d1/x2_half1_reg[11]/C

Slack:                    inf
  Source:                 aresetn
                            (input port)
  Destination:            u_iv_top/u_bs_datapath/u_norm_d1/x2_half1_reg[12]/CLR
                            (recovery check against rising-edge clock aclk  {rise@0.000ns fall@5.000ns period=10.000ns})
  Path Group:             (none)
  Path Type:              Recovery (Max at Slow Process Corner)
  Data Path Delay:        9.019ns  (logic 0.105ns (1.164%)  route 8.914ns (98.836%))
  Logic Levels:           1  (LUT1=1)
  Clock Path Skew:        1.667ns (DCD - SCD + CPR)
    Destination Clock Delay (DCD):    1.667ns
    Source Clock Delay      (SCD):    0.000ns
    Clock Pessimism Removal (CPR):    0.000ns
  Clock Uncertainty:      0.025ns  ((TSJ^2 + TIJ^2)^1/2 + DJ) / 2 + PE
    Total System Jitter     (TSJ):    0.050ns
    Total Input Jitter      (TIJ):    0.000ns
    Discrete Jitter          (DJ):    0.000ns
    Phase Error              (PE):    0.000ns
  Timing Exception:       False Path

    Location             Delay type                Incr(ns)  Path(ns)    Netlist Resource(s)
  -------------------------------------------------------------------    -------------------
                                                      0.000     0.000 r  aresetn (IN)
                         net (fo=4, unset)            0.787     0.787    u_iv_top/u_bs_datapath/u_norm_d1/u_t_divider/aresetn
    SLICE_X2Y147         LUT1 (Prop_lut1_I0_O)        0.105     0.892 f  u_iv_top/u_bs_datapath/u_norm_d1/u_t_divider/div_stage[6].den_pipe[7][31]_i_1/O
                         net (fo=23998, routed)       8.127     9.019    u_iv_top/u_bs_datapath/u_norm_d1/aresetn_0
    SLICE_X144Y42        FDCE                                         f  u_iv_top/u_bs_datapath/u_norm_d1/x2_half1_reg[12]/CLR
  -------------------------------------------------------------------    -------------------

                         (clock aclk rise edge)       0.000     0.000 r  
                                                      0.000     0.000 r  aclk (IN)
                         net (fo=36115, unset)        1.667     1.667    u_iv_top/u_bs_datapath/u_norm_d1/aclk
    SLICE_X144Y42        FDCE                                         r  u_iv_top/u_bs_datapath/u_norm_d1/x2_half1_reg[12]/C

Slack:                    inf
  Source:                 aresetn
                            (input port)
  Destination:            u_iv_top/u_bs_datapath/u_norm_d1/x2_half1_reg[13]/CLR
                            (recovery check against rising-edge clock aclk  {rise@0.000ns fall@5.000ns period=10.000ns})
  Path Group:             (none)
  Path Type:              Recovery (Max at Slow Process Corner)
  Data Path Delay:        9.019ns  (logic 0.105ns (1.164%)  route 8.914ns (98.836%))
  Logic Levels:           1  (LUT1=1)
  Clock Path Skew:        1.667ns (DCD - SCD + CPR)
    Destination Clock Delay (DCD):    1.667ns
    Source Clock Delay      (SCD):    0.000ns
    Clock Pessimism Removal (CPR):    0.000ns
  Clock Uncertainty:      0.025ns  ((TSJ^2 + TIJ^2)^1/2 + DJ) / 2 + PE
    Total System Jitter     (TSJ):    0.050ns
    Total Input Jitter      (TIJ):    0.000ns
    Discrete Jitter          (DJ):    0.000ns
    Phase Error              (PE):    0.000ns
  Timing Exception:       False Path

    Location             Delay type                Incr(ns)  Path(ns)    Netlist Resource(s)
  -------------------------------------------------------------------    -------------------
                                                      0.000     0.000 r  aresetn (IN)
                         net (fo=4, unset)            0.787     0.787    u_iv_top/u_bs_datapath/u_norm_d1/u_t_divider/aresetn
    SLICE_X2Y147         LUT1 (Prop_lut1_I0_O)        0.105     0.892 f  u_iv_top/u_bs_datapath/u_norm_d1/u_t_divider/div_stage[6].den_pipe[7][31]_i_1/O
                         net (fo=23998, routed)       8.127     9.019    u_iv_top/u_bs_datapath/u_norm_d1/aresetn_0
    SLICE_X144Y42        FDCE                                         f  u_iv_top/u_bs_datapath/u_norm_d1/x2_half1_reg[13]/CLR
  -------------------------------------------------------------------    -------------------

                         (clock aclk rise edge)       0.000     0.000 r  
                                                      0.000     0.000 r  aclk (IN)
                         net (fo=36115, unset)        1.667     1.667    u_iv_top/u_bs_datapath/u_norm_d1/aclk
    SLICE_X144Y42        FDCE                                         r  u_iv_top/u_bs_datapath/u_norm_d1/x2_half1_reg[13]/C

Slack:                    inf
  Source:                 aresetn
                            (input port)
  Destination:            u_iv_top/u_bs_datapath/u_norm_d1/x2_half1_reg[14]/CLR
                            (recovery check against rising-edge clock aclk  {rise@0.000ns fall@5.000ns period=10.000ns})
  Path Group:             (none)
  Path Type:              Recovery (Max at Slow Process Corner)
  Data Path Delay:        9.019ns  (logic 0.105ns (1.164%)  route 8.914ns (98.836%))
  Logic Levels:           1  (LUT1=1)
  Clock Path Skew:        1.667ns (DCD - SCD + CPR)
    Destination Clock Delay (DCD):    1.667ns
    Source Clock Delay      (SCD):    0.000ns
    Clock Pessimism Removal (CPR):    0.000ns
  Clock Uncertainty:      0.025ns  ((TSJ^2 + TIJ^2)^1/2 + DJ) / 2 + PE
    Total System Jitter     (TSJ):    0.050ns
    Total Input Jitter      (TIJ):    0.000ns
    Discrete Jitter          (DJ):    0.000ns
    Phase Error              (PE):    0.000ns
  Timing Exception:       False Path

    Location             Delay type                Incr(ns)  Path(ns)    Netlist Resource(s)
  -------------------------------------------------------------------    -------------------
                                                      0.000     0.000 r  aresetn (IN)
                         net (fo=4, unset)            0.787     0.787    u_iv_top/u_bs_datapath/u_norm_d1/u_t_divider/aresetn
    SLICE_X2Y147         LUT1 (Prop_lut1_I0_O)        0.105     0.892 f  u_iv_top/u_bs_datapath/u_norm_d1/u_t_divider/div_stage[6].den_pipe[7][31]_i_1/O
                         net (fo=23998, routed)       8.127     9.019    u_iv_top/u_bs_datapath/u_norm_d1/aresetn_0
    SLICE_X144Y42        FDCE                                         f  u_iv_top/u_bs_datapath/u_norm_d1/x2_half1_reg[14]/CLR
  -------------------------------------------------------------------    -------------------

                         (clock aclk rise edge)       0.000     0.000 r  
                                                      0.000     0.000 r  aclk (IN)
                         net (fo=36115, unset)        1.667     1.667    u_iv_top/u_bs_datapath/u_norm_d1/aclk
    SLICE_X144Y42        FDCE                                         r  u_iv_top/u_bs_datapath/u_norm_d1/x2_half1_reg[14]/C

Slack:                    inf
  Source:                 aresetn
                            (input port)
  Destination:            u_iv_top/u_bs_datapath/u_norm_d1/x2_half1_reg[10]/CLR
                            (recovery check against rising-edge clock aclk  {rise@0.000ns fall@5.000ns period=10.000ns})
  Path Group:             (none)
  Path Type:              Recovery (Max at Slow Process Corner)
  Data Path Delay:        8.980ns  (logic 0.105ns (1.169%)  route 8.875ns (98.831%))
  Logic Levels:           1  (LUT1=1)
  Clock Path Skew:        1.666ns (DCD - SCD + CPR)
    Destination Clock Delay (DCD):    1.666ns
    Source Clock Delay      (SCD):    0.000ns
    Clock Pessimism Removal (CPR):    0.000ns
  Clock Uncertainty:      0.025ns  ((TSJ^2 + TIJ^2)^1/2 + DJ) / 2 + PE
    Total System Jitter     (TSJ):    0.050ns
    Total Input Jitter      (TIJ):    0.000ns
    Discrete Jitter          (DJ):    0.000ns
    Phase Error              (PE):    0.000ns
  Timing Exception:       False Path

    Location             Delay type                Incr(ns)  Path(ns)    Netlist Resource(s)
  -------------------------------------------------------------------    -------------------
                                                      0.000     0.000 r  aresetn (IN)
                         net (fo=4, unset)            0.787     0.787    u_iv_top/u_bs_datapath/u_norm_d1/u_t_divider/aresetn
    SLICE_X2Y147         LUT1 (Prop_lut1_I0_O)        0.105     0.892 f  u_iv_top/u_bs_datapath/u_norm_d1/u_t_divider/div_stage[6].den_pipe[7][31]_i_1/O
                         net (fo=23998, routed)       8.088     8.980    u_iv_top/u_bs_datapath/u_norm_d1/aresetn_0
    SLICE_X144Y41        FDCE                                         f  u_iv_top/u_bs_datapath/u_norm_d1/x2_half1_reg[10]/CLR
  -------------------------------------------------------------------    -------------------

                         (clock aclk rise edge)       0.000     0.000 r  
                                                      0.000     0.000 r  aclk (IN)
                         net (fo=36115, unset)        1.666     1.666    u_iv_top/u_bs_datapath/u_norm_d1/aclk
    SLICE_X144Y41        FDCE                                         r  u_iv_top/u_bs_datapath/u_norm_d1/x2_half1_reg[10]/C

Slack:                    inf
  Source:                 aresetn
                            (input port)
  Destination:            u_iv_top/u_bs_datapath/u_norm_d1/x2_half1_reg[7]/CLR
                            (recovery check against rising-edge clock aclk  {rise@0.000ns fall@5.000ns period=10.000ns})
  Path Group:             (none)
  Path Type:              Recovery (Max at Slow Process Corner)
  Data Path Delay:        8.980ns  (logic 0.105ns (1.169%)  route 8.875ns (98.831%))
  Logic Levels:           1  (LUT1=1)
  Clock Path Skew:        1.666ns (DCD - SCD + CPR)
    Destination Clock Delay (DCD):    1.666ns
    Source Clock Delay      (SCD):    0.000ns
    Clock Pessimism Removal (CPR):    0.000ns
  Clock Uncertainty:      0.025ns  ((TSJ^2 + TIJ^2)^1/2 + DJ) / 2 + PE
    Total System Jitter     (TSJ):    0.050ns
    Total Input Jitter      (TIJ):    0.000ns
    Discrete Jitter          (DJ):    0.000ns
    Phase Error              (PE):    0.000ns
  Timing Exception:       False Path

    Location             Delay type                Incr(ns)  Path(ns)    Netlist Resource(s)
  -------------------------------------------------------------------    -------------------
                                                      0.000     0.000 r  aresetn (IN)
                         net (fo=4, unset)            0.787     0.787    u_iv_top/u_bs_datapath/u_norm_d1/u_t_divider/aresetn
    SLICE_X2Y147         LUT1 (Prop_lut1_I0_O)        0.105     0.892 f  u_iv_top/u_bs_datapath/u_norm_d1/u_t_divider/div_stage[6].den_pipe[7][31]_i_1/O
                         net (fo=23998, routed)       8.088     8.980    u_iv_top/u_bs_datapath/u_norm_d1/aresetn_0
    SLICE_X144Y41        FDCE                                         f  u_iv_top/u_bs_datapath/u_norm_d1/x2_half1_reg[7]/CLR
  -------------------------------------------------------------------    -------------------

                         (clock aclk rise edge)       0.000     0.000 r  
                                                      0.000     0.000 r  aclk (IN)
                         net (fo=36115, unset)        1.666     1.666    u_iv_top/u_bs_datapath/u_norm_d1/aclk
    SLICE_X144Y41        FDCE                                         r  u_iv_top/u_bs_datapath/u_norm_d1/x2_half1_reg[7]/C





Min Delay Paths
--------------------------------------------------------------------------------------
Slack:                    inf
  Source:                 aresetn
                            (input port)
  Destination:            fifo_mem_reg[7][25]/CE
                            (rising edge-triggered cell FDRE clocked by aclk  {rise@0.000ns fall@5.000ns period=10.000ns})
  Path Group:             (none)
  Path Type:              Hold (Min at Fast Process Corner)
  Data Path Delay:        0.914ns  (logic 0.161ns (17.614%)  route 0.753ns (82.386%))
  Logic Levels:           2  (LUT5=1 LUT6=1)
  Clock Path Skew:        0.847ns (DCD - SCD - CPR)
    Destination Clock Delay (DCD):    0.847ns
    Source Clock Delay      (SCD):    0.000ns
    Clock Pessimism Removal (CPR):    -0.000ns
  Timing Exception:       False Path

    Location             Delay type                Incr(ns)  Path(ns)    Netlist Resource(s)
  -------------------------------------------------------------------    -------------------
                                                      0.000     0.000 r  aresetn (IN)
                         net (fo=4, unset)            0.390     0.390    u_iv_top/u_arb_fsm/aresetn
    SLICE_X59Y130        LUT5 (Prop_lut5_I4_O)        0.051     0.441 r  u_iv_top/u_arb_fsm/fifo_mem[63][37]_i_3/O
                         net (fo=64, routed)          0.151     0.592    u_iv_top/u_arb_fsm/fifo_mem[63][37]_i_3_n_0
    SLICE_X61Y130        LUT6 (Prop_lut6_I5_O)        0.110     0.702 r  u_iv_top/u_arb_fsm/fifo_mem[7][37]_i_1/O
                         net (fo=38, routed)          0.212     0.914    u_iv_top_n_43
    SLICE_X49Y130        FDRE                                         r  fifo_mem_reg[7][25]/CE
  -------------------------------------------------------------------    -------------------

                         (clock aclk rise edge)       0.000     0.000 r  
                                                      0.000     0.000 r  aclk (IN)
                         net (fo=36115, unset)        0.847     0.847    aclk
    SLICE_X49Y130        FDRE                                         r  fifo_mem_reg[7][25]/C

Slack:                    inf
  Source:                 aresetn
                            (input port)
  Destination:            fifo_mem_reg[7][2]/CE
                            (rising edge-triggered cell FDRE clocked by aclk  {rise@0.000ns fall@5.000ns period=10.000ns})
  Path Group:             (none)
  Path Type:              Hold (Min at Fast Process Corner)
  Data Path Delay:        0.914ns  (logic 0.161ns (17.614%)  route 0.753ns (82.386%))
  Logic Levels:           2  (LUT5=1 LUT6=1)
  Clock Path Skew:        0.847ns (DCD - SCD - CPR)
    Destination Clock Delay (DCD):    0.847ns
    Source Clock Delay      (SCD):    0.000ns
    Clock Pessimism Removal (CPR):    -0.000ns
  Timing Exception:       False Path

    Location             Delay type                Incr(ns)  Path(ns)    Netlist Resource(s)
  -------------------------------------------------------------------    -------------------
                                                      0.000     0.000 r  aresetn (IN)
                         net (fo=4, unset)            0.390     0.390    u_iv_top/u_arb_fsm/aresetn
    SLICE_X59Y130        LUT5 (Prop_lut5_I4_O)        0.051     0.441 r  u_iv_top/u_arb_fsm/fifo_mem[63][37]_i_3/O
                         net (fo=64, routed)          0.151     0.592    u_iv_top/u_arb_fsm/fifo_mem[63][37]_i_3_n_0
    SLICE_X61Y130        LUT6 (Prop_lut6_I5_O)        0.110     0.702 r  u_iv_top/u_arb_fsm/fifo_mem[7][37]_i_1/O
                         net (fo=38, routed)          0.212     0.914    u_iv_top_n_43
    SLICE_X49Y130        FDRE                                         r  fifo_mem_reg[7][2]/CE
  -------------------------------------------------------------------    -------------------

                         (clock aclk rise edge)       0.000     0.000 r  
                                                      0.000     0.000 r  aclk (IN)
                         net (fo=36115, unset)        0.847     0.847    aclk
    SLICE_X49Y130        FDRE                                         r  fifo_mem_reg[7][2]/C

Slack:                    inf
  Source:                 aresetn
                            (input port)
  Destination:            fifo_mem_reg[7][5]/CE
                            (rising edge-triggered cell FDRE clocked by aclk  {rise@0.000ns fall@5.000ns period=10.000ns})
  Path Group:             (none)
  Path Type:              Hold (Min at Fast Process Corner)
  Data Path Delay:        0.914ns  (logic 0.161ns (17.614%)  route 0.753ns (82.386%))
  Logic Levels:           2  (LUT5=1 LUT6=1)
  Clock Path Skew:        0.847ns (DCD - SCD - CPR)
    Destination Clock Delay (DCD):    0.847ns
    Source Clock Delay      (SCD):    0.000ns
    Clock Pessimism Removal (CPR):    -0.000ns
  Timing Exception:       False Path

    Location             Delay type                Incr(ns)  Path(ns)    Netlist Resource(s)
  -------------------------------------------------------------------    -------------------
                                                      0.000     0.000 r  aresetn (IN)
                         net (fo=4, unset)            0.390     0.390    u_iv_top/u_arb_fsm/aresetn
    SLICE_X59Y130        LUT5 (Prop_lut5_I4_O)        0.051     0.441 r  u_iv_top/u_arb_fsm/fifo_mem[63][37]_i_3/O
                         net (fo=64, routed)          0.151     0.592    u_iv_top/u_arb_fsm/fifo_mem[63][37]_i_3_n_0
    SLICE_X61Y130        LUT6 (Prop_lut6_I5_O)        0.110     0.702 r  u_iv_top/u_arb_fsm/fifo_mem[7][37]_i_1/O
                         net (fo=38, routed)          0.212     0.914    u_iv_top_n_43
    SLICE_X49Y130        FDRE                                         r  fifo_mem_reg[7][5]/CE
  -------------------------------------------------------------------    -------------------

                         (clock aclk rise edge)       0.000     0.000 r  
                                                      0.000     0.000 r  aclk (IN)
                         net (fo=36115, unset)        0.847     0.847    aclk
    SLICE_X49Y130        FDRE                                         r  fifo_mem_reg[7][5]/C

Slack:                    inf
  Source:                 aresetn
                            (input port)
  Destination:            fifo_mem_reg[131][2]/CE
                            (rising edge-triggered cell FDRE clocked by aclk  {rise@0.000ns fall@5.000ns period=10.000ns})
  Path Group:             (none)
  Path Type:              Hold (Min at Fast Process Corner)
  Data Path Delay:        0.927ns  (logic 0.090ns (9.707%)  route 0.837ns (90.293%))
  Logic Levels:           2  (LUT5=1 LUT6=1)
  Clock Path Skew:        0.849ns (DCD - SCD - CPR)
    Destination Clock Delay (DCD):    0.849ns
    Source Clock Delay      (SCD):    0.000ns
    Clock Pessimism Removal (CPR):    -0.000ns
  Timing Exception:       False Path

    Location             Delay type                Incr(ns)  Path(ns)    Netlist Resource(s)
  -------------------------------------------------------------------    -------------------
                                                      0.000     0.000 r  aresetn (IN)
                         net (fo=4, unset)            0.390     0.390    u_iv_top/u_arb_fsm/aresetn
    SLICE_X59Y130        LUT5 (Prop_lut5_I4_O)        0.045     0.435 r  u_iv_top/u_arb_fsm/fifo_mem[191][37]_i_3/O
                         net (fo=64, routed)          0.270     0.705    u_iv_top/u_arb_fsm/fifo_mem[191][37]_i_3_n_0
    SLICE_X57Y135        LUT6 (Prop_lut6_I5_O)        0.045     0.750 r  u_iv_top/u_arb_fsm/fifo_mem[131][37]_i_1/O
                         net (fo=38, routed)          0.177     0.927    u_iv_top_n_106
    SLICE_X54Y132        FDRE                                         r  fifo_mem_reg[131][2]/CE
  -------------------------------------------------------------------    -------------------

                         (clock aclk rise edge)       0.000     0.000 r  
                                                      0.000     0.000 r  aclk (IN)
                         net (fo=36115, unset)        0.849     0.849    aclk
    SLICE_X54Y132        FDRE                                         r  fifo_mem_reg[131][2]/C

Slack:                    inf
  Source:                 aresetn
                            (input port)
  Destination:            fifo_mem_reg[131][34]/CE
                            (rising edge-triggered cell FDRE clocked by aclk  {rise@0.000ns fall@5.000ns period=10.000ns})
  Path Group:             (none)
  Path Type:              Hold (Min at Fast Process Corner)
  Data Path Delay:        0.927ns  (logic 0.090ns (9.707%)  route 0.837ns (90.293%))
  Logic Levels:           2  (LUT5=1 LUT6=1)
  Clock Path Skew:        0.849ns (DCD - SCD - CPR)
    Destination Clock Delay (DCD):    0.849ns
    Source Clock Delay      (SCD):    0.000ns
    Clock Pessimism Removal (CPR):    -0.000ns
  Timing Exception:       False Path

    Location             Delay type                Incr(ns)  Path(ns)    Netlist Resource(s)
  -------------------------------------------------------------------    -------------------
                                                      0.000     0.000 r  aresetn (IN)
                         net (fo=4, unset)            0.390     0.390    u_iv_top/u_arb_fsm/aresetn
    SLICE_X59Y130        LUT5 (Prop_lut5_I4_O)        0.045     0.435 r  u_iv_top/u_arb_fsm/fifo_mem[191][37]_i_3/O
                         net (fo=64, routed)          0.270     0.705    u_iv_top/u_arb_fsm/fifo_mem[191][37]_i_3_n_0
    SLICE_X57Y135        LUT6 (Prop_lut6_I5_O)        0.045     0.750 r  u_iv_top/u_arb_fsm/fifo_mem[131][37]_i_1/O
                         net (fo=38, routed)          0.177     0.927    u_iv_top_n_106
    SLICE_X54Y132        FDRE                                         r  fifo_mem_reg[131][34]/CE
  -------------------------------------------------------------------    -------------------

                         (clock aclk rise edge)       0.000     0.000 r  
                                                      0.000     0.000 r  aclk (IN)
                         net (fo=36115, unset)        0.849     0.849    aclk
    SLICE_X54Y132        FDRE                                         r  fifo_mem_reg[131][34]/C

Slack:                    inf
  Source:                 aresetn
                            (input port)
  Destination:            fifo_mem_reg[131][5]/CE
                            (rising edge-triggered cell FDRE clocked by aclk  {rise@0.000ns fall@5.000ns period=10.000ns})
  Path Group:             (none)
  Path Type:              Hold (Min at Fast Process Corner)
  Data Path Delay:        0.927ns  (logic 0.090ns (9.707%)  route 0.837ns (90.293%))
  Logic Levels:           2  (LUT5=1 LUT6=1)
  Clock Path Skew:        0.849ns (DCD - SCD - CPR)
    Destination Clock Delay (DCD):    0.849ns
    Source Clock Delay      (SCD):    0.000ns
    Clock Pessimism Removal (CPR):    -0.000ns
  Timing Exception:       False Path

    Location             Delay type                Incr(ns)  Path(ns)    Netlist Resource(s)
  -------------------------------------------------------------------    -------------------
                                                      0.000     0.000 r  aresetn (IN)
                         net (fo=4, unset)            0.390     0.390    u_iv_top/u_arb_fsm/aresetn
    SLICE_X59Y130        LUT5 (Prop_lut5_I4_O)        0.045     0.435 r  u_iv_top/u_arb_fsm/fifo_mem[191][37]_i_3/O
                         net (fo=64, routed)          0.270     0.705    u_iv_top/u_arb_fsm/fifo_mem[191][37]_i_3_n_0
    SLICE_X57Y135        LUT6 (Prop_lut6_I5_O)        0.045     0.750 r  u_iv_top/u_arb_fsm/fifo_mem[131][37]_i_1/O
                         net (fo=38, routed)          0.177     0.927    u_iv_top_n_106
    SLICE_X54Y132        FDRE                                         r  fifo_mem_reg[131][5]/CE
  -------------------------------------------------------------------    -------------------

                         (clock aclk rise edge)       0.000     0.000 r  
                                                      0.000     0.000 r  aclk (IN)
                         net (fo=36115, unset)        0.849     0.849    aclk
    SLICE_X54Y132        FDRE                                         r  fifo_mem_reg[131][5]/C

Slack:                    inf
  Source:                 aresetn
                            (input port)
  Destination:            fifo_mem_reg[173][25]/CE
                            (rising edge-triggered cell FDRE clocked by aclk  {rise@0.000ns fall@5.000ns period=10.000ns})
  Path Group:             (none)
  Path Type:              Hold (Min at Fast Process Corner)
  Data Path Delay:        0.927ns  (logic 0.090ns (9.705%)  route 0.837ns (90.295%))
  Logic Levels:           2  (LUT5=1 LUT6=1)
  Clock Path Skew:        0.851ns (DCD - SCD - CPR)
    Destination Clock Delay (DCD):    0.851ns
    Source Clock Delay      (SCD):    0.000ns
    Clock Pessimism Removal (CPR):    -0.000ns
  Timing Exception:       False Path

    Location             Delay type                Incr(ns)  Path(ns)    Netlist Resource(s)
  -------------------------------------------------------------------    -------------------
                                                      0.000     0.000 r  aresetn (IN)
                         net (fo=4, unset)            0.390     0.390    u_iv_top/u_arb_fsm/aresetn
    SLICE_X59Y130        LUT5 (Prop_lut5_I4_O)        0.045     0.435 r  u_iv_top/u_arb_fsm/fifo_mem[191][37]_i_3/O
                         net (fo=64, routed)          0.266     0.701    u_iv_top/u_arb_fsm/fifo_mem[191][37]_i_3_n_0
    SLICE_X48Y131        LUT6 (Prop_lut6_I5_O)        0.045     0.746 r  u_iv_top/u_arb_fsm/fifo_mem[173][37]_i_1/O
                         net (fo=38, routed)          0.181     0.927    u_iv_top_n_127
    SLICE_X47Y134        FDRE                                         r  fifo_mem_reg[173][25]/CE
  -------------------------------------------------------------------    -------------------

                         (clock aclk rise edge)       0.000     0.000 r  
                                                      0.000     0.000 r  aclk (IN)
                         net (fo=36115, unset)        0.851     0.851    aclk
    SLICE_X47Y134        FDRE                                         r  fifo_mem_reg[173][25]/C

Slack:                    inf
  Source:                 aresetn
                            (input port)
  Destination:            fifo_mem_reg[173][34]/CE
                            (rising edge-triggered cell FDRE clocked by aclk  {rise@0.000ns fall@5.000ns period=10.000ns})
  Path Group:             (none)
  Path Type:              Hold (Min at Fast Process Corner)
  Data Path Delay:        0.927ns  (logic 0.090ns (9.705%)  route 0.837ns (90.295%))
  Logic Levels:           2  (LUT5=1 LUT6=1)
  Clock Path Skew:        0.851ns (DCD - SCD - CPR)
    Destination Clock Delay (DCD):    0.851ns
    Source Clock Delay      (SCD):    0.000ns
    Clock Pessimism Removal (CPR):    -0.000ns
  Timing Exception:       False Path

    Location             Delay type                Incr(ns)  Path(ns)    Netlist Resource(s)
  -------------------------------------------------------------------    -------------------
                                                      0.000     0.000 r  aresetn (IN)
                         net (fo=4, unset)            0.390     0.390    u_iv_top/u_arb_fsm/aresetn
    SLICE_X59Y130        LUT5 (Prop_lut5_I4_O)        0.045     0.435 r  u_iv_top/u_arb_fsm/fifo_mem[191][37]_i_3/O
                         net (fo=64, routed)          0.266     0.701    u_iv_top/u_arb_fsm/fifo_mem[191][37]_i_3_n_0
    SLICE_X48Y131        LUT6 (Prop_lut6_I5_O)        0.045     0.746 r  u_iv_top/u_arb_fsm/fifo_mem[173][37]_i_1/O
                         net (fo=38, routed)          0.181     0.927    u_iv_top_n_127
    SLICE_X47Y134        FDRE                                         r  fifo_mem_reg[173][34]/CE
  -------------------------------------------------------------------    -------------------

                         (clock aclk rise edge)       0.000     0.000 r  
                                                      0.000     0.000 r  aclk (IN)
                         net (fo=36115, unset)        0.851     0.851    aclk
    SLICE_X47Y134        FDRE                                         r  fifo_mem_reg[173][34]/C

Slack:                    inf
  Source:                 aresetn
                            (input port)
  Destination:            fifo_mem_reg[173][5]/CE
                            (rising edge-triggered cell FDRE clocked by aclk  {rise@0.000ns fall@5.000ns period=10.000ns})
  Path Group:             (none)
  Path Type:              Hold (Min at Fast Process Corner)
  Data Path Delay:        0.927ns  (logic 0.090ns (9.705%)  route 0.837ns (90.295%))
  Logic Levels:           2  (LUT5=1 LUT6=1)
  Clock Path Skew:        0.851ns (DCD - SCD - CPR)
    Destination Clock Delay (DCD):    0.851ns
    Source Clock Delay      (SCD):    0.000ns
    Clock Pessimism Removal (CPR):    -0.000ns
  Timing Exception:       False Path

    Location             Delay type                Incr(ns)  Path(ns)    Netlist Resource(s)
  -------------------------------------------------------------------    -------------------
                                                      0.000     0.000 r  aresetn (IN)
                         net (fo=4, unset)            0.390     0.390    u_iv_top/u_arb_fsm/aresetn
    SLICE_X59Y130        LUT5 (Prop_lut5_I4_O)        0.045     0.435 r  u_iv_top/u_arb_fsm/fifo_mem[191][37]_i_3/O
                         net (fo=64, routed)          0.266     0.701    u_iv_top/u_arb_fsm/fifo_mem[191][37]_i_3_n_0
    SLICE_X48Y131        LUT6 (Prop_lut6_I5_O)        0.045     0.746 r  u_iv_top/u_arb_fsm/fifo_mem[173][37]_i_1/O
                         net (fo=38, routed)          0.181     0.927    u_iv_top_n_127
    SLICE_X47Y134        FDRE                                         r  fifo_mem_reg[173][5]/CE
  -------------------------------------------------------------------    -------------------

                         (clock aclk rise edge)       0.000     0.000 r  
                                                      0.000     0.000 r  aclk (IN)
                         net (fo=36115, unset)        0.851     0.851    aclk
    SLICE_X47Y134        FDRE                                         r  fifo_mem_reg[173][5]/C

Slack:                    inf
  Source:                 aresetn
                            (input port)
  Destination:            fifo_mem_reg[173][2]/CE
                            (rising edge-triggered cell FDRE clocked by aclk  {rise@0.000ns fall@5.000ns period=10.000ns})
  Path Group:             (none)
  Path Type:              Hold (Min at Fast Process Corner)
  Data Path Delay:        0.948ns  (logic 0.090ns (9.494%)  route 0.858ns (90.506%))
  Logic Levels:           2  (LUT5=1 LUT6=1)
  Clock Path Skew:        0.844ns (DCD - SCD - CPR)
    Destination Clock Delay (DCD):    0.844ns
    Source Clock Delay      (SCD):    0.000ns
    Clock Pessimism Removal (CPR):    -0.000ns
  Timing Exception:       False Path

    Location             Delay type                Incr(ns)  Path(ns)    Netlist Resource(s)
  -------------------------------------------------------------------    -------------------
                                                      0.000     0.000 r  aresetn (IN)
                         net (fo=4, unset)            0.390     0.390    u_iv_top/u_arb_fsm/aresetn
    SLICE_X59Y130        LUT5 (Prop_lut5_I4_O)        0.045     0.435 r  u_iv_top/u_arb_fsm/fifo_mem[191][37]_i_3/O
                         net (fo=64, routed)          0.266     0.701    u_iv_top/u_arb_fsm/fifo_mem[191][37]_i_3_n_0
    SLICE_X48Y131        LUT6 (Prop_lut6_I5_O)        0.045     0.746 r  u_iv_top/u_arb_fsm/fifo_mem[173][37]_i_1/O
                         net (fo=38, routed)          0.202     0.948    u_iv_top_n_127
    SLICE_X51Y127        FDRE                                         r  fifo_mem_reg[173][2]/CE
  -------------------------------------------------------------------    -------------------

                         (clock aclk rise edge)       0.000     0.000 r  
                                                      0.000     0.000 r  aclk (IN)
                         net (fo=36115, unset)        0.844     0.844    aclk
    SLICE_X51Y127        FDRE                                         r  fifo_mem_reg[173][2]/C





--------------------------------------------------------------------------------------
Path Group:  (none)
From Clock:  aclk
  To Clock:  

Max Delay            40 Endpoints
Min Delay            40 Endpoints
--------------------------------------------------------------------------------------


Max Delay Paths
--------------------------------------------------------------------------------------
Slack:                    inf
  Source:                 rd_ptr_reg[3]_rep__1/C
                            (rising edge-triggered cell FDCE clocked by aclk  {rise@0.000ns fall@5.000ns period=10.000ns})
  Destination:            m_axis_tdata[10]
                            (output port)
  Path Group:             (none)
  Path Type:              Max at Slow Process Corner
  Data Path Delay:        11.518ns  (logic 1.205ns (10.462%)  route 10.313ns (89.538%))
  Logic Levels:           4  (LUT6=1 MUXF7=1 MUXF8=2)
  Clock Uncertainty:      0.025ns  ((TSJ^2 + TIJ^2)^1/2 + DJ) / 2 + PE
    Total System Jitter     (TSJ):    0.050ns
    Total Input Jitter      (TIJ):    0.000ns
    Discrete Jitter          (DJ):    0.000ns
    Phase Error              (PE):    0.000ns

    Location             Delay type                Incr(ns)  Path(ns)    Netlist Resource(s)
  -------------------------------------------------------------------    -------------------
                         (clock aclk rise edge)       0.000     0.000 r  
                                                      0.000     0.000 r  aclk (IN)
                         net (fo=36115, unset)        1.398     1.398    aclk
    SLICE_X56Y128        FDCE                                         r  rd_ptr_reg[3]_rep__1/C
  -------------------------------------------------------------------    -------------------
    SLICE_X56Y128        FDCE (Prop_fdce_C_Q)         0.433     1.831 r  rd_ptr_reg[3]_rep__1/Q
                         net (fo=128, routed)         8.279    10.110    rd_ptr_reg[3]_rep__1_n_0
    SLICE_X81Y98         MUXF8 (Prop_muxf8_S_O)       0.224    10.334 r  m_axis_tdata[10]_INST_0_i_8/O
                         net (fo=1, routed)           1.247    11.581    m_axis_tdata[10]_INST_0_i_8_n_0
    SLICE_X85Y111        LUT6 (Prop_lut6_I1_O)        0.264    11.845 r  m_axis_tdata[10]_INST_0_i_3/O
                         net (fo=1, routed)           0.000    11.845    m_axis_tdata[10]_INST_0_i_3_n_0
    SLICE_X85Y111        MUXF7 (Prop_muxf7_I0_O)      0.199    12.044 r  m_axis_tdata[10]_INST_0_i_1/O
                         net (fo=1, routed)           0.000    12.044    m_axis_tdata[10]_INST_0_i_1_n_0
    SLICE_X85Y111        MUXF8 (Prop_muxf8_I0_O)      0.085    12.129 r  m_axis_tdata[10]_INST_0/O
                         net (fo=0)                   0.787    12.916    m_axis_tdata[10]
                                                                      r  m_axis_tdata[10] (OUT)
  -------------------------------------------------------------------    -------------------

Slack:                    inf
  Source:                 rd_ptr_reg[3]_rep__0/C
                            (rising edge-triggered cell FDCE clocked by aclk  {rise@0.000ns fall@5.000ns period=10.000ns})
  Destination:            m_axis_tdata[20]
                            (output port)
  Path Group:             (none)
  Path Type:              Max at Slow Process Corner
  Data Path Delay:        11.266ns  (logic 1.264ns (11.220%)  route 10.002ns (88.780%))
  Logic Levels:           4  (LUT6=1 MUXF7=1 MUXF8=2)
  Clock Uncertainty:      0.025ns  ((TSJ^2 + TIJ^2)^1/2 + DJ) / 2 + PE
    Total System Jitter     (TSJ):    0.050ns
    Total Input Jitter      (TIJ):    0.000ns
    Discrete Jitter          (DJ):    0.000ns
    Phase Error              (PE):    0.000ns

    Location             Delay type                Incr(ns)  Path(ns)    Netlist Resource(s)
  -------------------------------------------------------------------    -------------------
                         (clock aclk rise edge)       0.000     0.000 r  
                                                      0.000     0.000 r  aclk (IN)
                         net (fo=36115, unset)        1.399     1.399    aclk
    SLICE_X58Y129        FDCE                                         r  rd_ptr_reg[3]_rep__0/C
  -------------------------------------------------------------------    -------------------
    SLICE_X58Y129        FDCE (Prop_fdce_C_Q)         0.348     1.747 r  rd_ptr_reg[3]_rep__0/Q
                         net (fo=128, routed)         7.964     9.711    rd_ptr_reg[3]_rep__0_n_0
    SLICE_X68Y143        MUXF8 (Prop_muxf8_S_O)       0.366    10.077 r  m_axis_tdata[20]_INST_0_i_12/O
                         net (fo=1, routed)           1.251    11.328    m_axis_tdata[20]_INST_0_i_12_n_0
    SLICE_X54Y143        LUT6 (Prop_lut6_I1_O)        0.259    11.587 r  m_axis_tdata[20]_INST_0_i_4/O
                         net (fo=1, routed)           0.000    11.587    m_axis_tdata[20]_INST_0_i_4_n_0
    SLICE_X54Y143        MUXF7 (Prop_muxf7_I1_O)      0.206    11.793 r  m_axis_tdata[20]_INST_0_i_1/O
                         net (fo=1, routed)           0.000    11.793    m_axis_tdata[20]_INST_0_i_1_n_0
    SLICE_X54Y143        MUXF8 (Prop_muxf8_I0_O)      0.085    11.878 r  m_axis_tdata[20]_INST_0/O
                         net (fo=0)                   0.787    12.665    m_axis_tdata[20]
                                                                      r  m_axis_tdata[20] (OUT)
  -------------------------------------------------------------------    -------------------

Slack:                    inf
  Source:                 rd_ptr_reg[3]_rep__0/C
                            (rising edge-triggered cell FDCE clocked by aclk  {rise@0.000ns fall@5.000ns period=10.000ns})
  Destination:            m_axis_tdata[17]
                            (output port)
  Path Group:             (none)
  Path Type:              Max at Slow Process Corner
  Data Path Delay:        11.029ns  (logic 1.234ns (11.188%)  route 9.795ns (88.812%))
  Logic Levels:           4  (LUT6=1 MUXF7=1 MUXF8=2)
  Clock Uncertainty:      0.025ns  ((TSJ^2 + TIJ^2)^1/2 + DJ) / 2 + PE
    Total System Jitter     (TSJ):    0.050ns
    Total Input Jitter      (TIJ):    0.000ns
    Discrete Jitter          (DJ):    0.000ns
    Phase Error              (PE):    0.000ns

    Location             Delay type                Incr(ns)  Path(ns)    Netlist Resource(s)
  -------------------------------------------------------------------    -------------------
                         (clock aclk rise edge)       0.000     0.000 r  
                                                      0.000     0.000 r  aclk (IN)
                         net (fo=36115, unset)        1.399     1.399    aclk
    SLICE_X58Y129        FDCE                                         r  rd_ptr_reg[3]_rep__0/C
  -------------------------------------------------------------------    -------------------
    SLICE_X58Y129        FDCE (Prop_fdce_C_Q)         0.348     1.747 r  rd_ptr_reg[3]_rep__0/Q
                         net (fo=128, routed)         7.773     9.520    rd_ptr_reg[3]_rep__0_n_0
    SLICE_X72Y149        MUXF8 (Prop_muxf8_S_O)       0.366     9.886 r  m_axis_tdata[17]_INST_0_i_19/O
                         net (fo=1, routed)           1.235    11.121    m_axis_tdata[17]_INST_0_i_19_n_0
    SLICE_X81Y160        LUT6 (Prop_lut6_I0_O)        0.259    11.380 r  m_axis_tdata[17]_INST_0_i_6/O
                         net (fo=1, routed)           0.000    11.380    m_axis_tdata[17]_INST_0_i_6_n_0
    SLICE_X81Y160        MUXF7 (Prop_muxf7_I1_O)      0.182    11.562 r  m_axis_tdata[17]_INST_0_i_2/O
                         net (fo=1, routed)           0.000    11.562    m_axis_tdata[17]_INST_0_i_2_n_0
    SLICE_X81Y160        MUXF8 (Prop_muxf8_I1_O)      0.079    11.641 r  m_axis_tdata[17]_INST_0/O
                         net (fo=0)                   0.787    12.428    m_axis_tdata[17]
                                                                      r  m_axis_tdata[17] (OUT)
  -------------------------------------------------------------------    -------------------

Slack:                    inf
  Source:                 rd_ptr_reg[3]_rep__1/C
                            (rising edge-triggered cell FDCE clocked by aclk  {rise@0.000ns fall@5.000ns period=10.000ns})
  Destination:            m_axis_tdata[13]
                            (output port)
  Path Group:             (none)
  Path Type:              Max at Slow Process Corner
  Data Path Delay:        11.008ns  (logic 1.181ns (10.728%)  route 9.827ns (89.272%))
  Logic Levels:           4  (LUT6=1 MUXF7=1 MUXF8=2)
  Clock Uncertainty:      0.025ns  ((TSJ^2 + TIJ^2)^1/2 + DJ) / 2 + PE
    Total System Jitter     (TSJ):    0.050ns
    Total Input Jitter      (TIJ):    0.000ns
    Discrete Jitter          (DJ):    0.000ns
    Phase Error              (PE):    0.000ns

    Location             Delay type                Incr(ns)  Path(ns)    Netlist Resource(s)
  -------------------------------------------------------------------    -------------------
                         (clock aclk rise edge)       0.000     0.000 r  
                                                      0.000     0.000 r  aclk (IN)
                         net (fo=36115, unset)        1.398     1.398    aclk
    SLICE_X56Y128        FDCE                                         r  rd_ptr_reg[3]_rep__1/C
  -------------------------------------------------------------------    -------------------
    SLICE_X56Y128        FDCE (Prop_fdce_C_Q)         0.433     1.831 r  rd_ptr_reg[3]_rep__1/Q
                         net (fo=128, routed)         8.357    10.188    rd_ptr_reg[3]_rep__1_n_0
    SLICE_X90Y118        MUXF8 (Prop_muxf8_S_O)       0.232    10.420 r  m_axis_tdata[13]_INST_0_i_15/O
                         net (fo=1, routed)           0.683    11.103    m_axis_tdata[13]_INST_0_i_15_n_0
    SLICE_X85Y114        LUT6 (Prop_lut6_I0_O)        0.259    11.362 r  m_axis_tdata[13]_INST_0_i_5/O
                         net (fo=1, routed)           0.000    11.362    m_axis_tdata[13]_INST_0_i_5_n_0
    SLICE_X85Y114        MUXF7 (Prop_muxf7_I0_O)      0.178    11.540 r  m_axis_tdata[13]_INST_0_i_2/O
                         net (fo=1, routed)           0.000    11.540    m_axis_tdata[13]_INST_0_i_2_n_0
    SLICE_X85Y114        MUXF8 (Prop_muxf8_I1_O)      0.079    11.619 r  m_axis_tdata[13]_INST_0/O
                         net (fo=0)                   0.787    12.406    m_axis_tdata[13]
                                                                      r  m_axis_tdata[13] (OUT)
  -------------------------------------------------------------------    -------------------

Slack:                    inf
  Source:                 rd_ptr_reg[3]_rep/C
                            (rising edge-triggered cell FDCE clocked by aclk  {rise@0.000ns fall@5.000ns period=10.000ns})
  Destination:            m_axis_tdata[24]
                            (output port)
  Path Group:             (none)
  Path Type:              Max at Slow Process Corner
  Data Path Delay:        10.950ns  (logic 1.212ns (11.069%)  route 9.738ns (88.931%))
  Logic Levels:           4  (LUT6=1 MUXF7=1 MUXF8=2)
  Clock Uncertainty:      0.025ns  ((TSJ^2 + TIJ^2)^1/2 + DJ) / 2 + PE
    Total System Jitter     (TSJ):    0.050ns
    Total Input Jitter      (TIJ):    0.000ns
    Discrete Jitter          (DJ):    0.000ns
    Phase Error              (PE):    0.000ns

    Location             Delay type                Incr(ns)  Path(ns)    Netlist Resource(s)
  -------------------------------------------------------------------    -------------------
                         (clock aclk rise edge)       0.000     0.000 r  
                                                      0.000     0.000 r  aclk (IN)
                         net (fo=36115, unset)        1.398     1.398    aclk
    SLICE_X56Y128        FDCE                                         r  rd_ptr_reg[3]_rep/C
  -------------------------------------------------------------------    -------------------
    SLICE_X56Y128        FDCE (Prop_fdce_C_Q)         0.433     1.831 r  rd_ptr_reg[3]_rep/Q
                         net (fo=128, routed)         8.041     9.872    rd_ptr_reg[3]_rep_n_0
    SLICE_X86Y142        MUXF8 (Prop_muxf8_S_O)       0.224    10.096 r  m_axis_tdata[24]_INST_0_i_12/O
                         net (fo=1, routed)           0.909    11.006    m_axis_tdata[24]_INST_0_i_12_n_0
    SLICE_X83Y144        LUT6 (Prop_lut6_I1_O)        0.264    11.270 r  m_axis_tdata[24]_INST_0_i_4/O
                         net (fo=1, routed)           0.000    11.270    m_axis_tdata[24]_INST_0_i_4_n_0
    SLICE_X83Y144        MUXF7 (Prop_muxf7_I1_O)      0.206    11.476 r  m_axis_tdata[24]_INST_0_i_1/O
                         net (fo=1, routed)           0.000    11.476    m_axis_tdata[24]_INST_0_i_1_n_0
    SLICE_X83Y144        MUXF8 (Prop_muxf8_I0_O)      0.085    11.561 r  m_axis_tdata[24]_INST_0/O
                         net (fo=0)                   0.787    12.348    m_axis_tdata[24]
                                                                      r  m_axis_tdata[24] (OUT)
  -------------------------------------------------------------------    -------------------

Slack:                    inf
  Source:                 rd_ptr_reg[3]_rep/C
                            (rising edge-triggered cell FDCE clocked by aclk  {rise@0.000ns fall@5.000ns period=10.000ns})
  Destination:            m_axis_tdata[22]
                            (output port)
  Path Group:             (none)
  Path Type:              Max at Slow Process Corner
  Data Path Delay:        10.859ns  (logic 1.205ns (11.097%)  route 9.654ns (88.903%))
  Logic Levels:           4  (LUT6=1 MUXF7=1 MUXF8=2)
  Clock Uncertainty:      0.025ns  ((TSJ^2 + TIJ^2)^1/2 + DJ) / 2 + PE
    Total System Jitter     (TSJ):    0.050ns
    Total Input Jitter      (TIJ):    0.000ns
    Discrete Jitter          (DJ):    0.000ns
    Phase Error              (PE):    0.000ns

    Location             Delay type                Incr(ns)  Path(ns)    Netlist Resource(s)
  -------------------------------------------------------------------    -------------------
                         (clock aclk rise edge)       0.000     0.000 r  
                                                      0.000     0.000 r  aclk (IN)
                         net (fo=36115, unset)        1.398     1.398    aclk
    SLICE_X56Y128        FDCE                                         r  rd_ptr_reg[3]_rep/C
  -------------------------------------------------------------------    -------------------
    SLICE_X56Y128        FDCE (Prop_fdce_C_Q)         0.433     1.831 r  rd_ptr_reg[3]_rep/Q
                         net (fo=128, routed)         7.715     9.546    rd_ptr_reg[3]_rep_n_0
    SLICE_X89Y140        MUXF8 (Prop_muxf8_S_O)       0.224     9.770 r  m_axis_tdata[22]_INST_0_i_8/O
                         net (fo=1, routed)           1.151    10.922    m_axis_tdata[22]_INST_0_i_8_n_0
    SLICE_X73Y140        LUT6 (Prop_lut6_I1_O)        0.264    11.186 r  m_axis_tdata[22]_INST_0_i_3/O
                         net (fo=1, routed)           0.000    11.186    m_axis_tdata[22]_INST_0_i_3_n_0
    SLICE_X73Y140        MUXF7 (Prop_muxf7_I0_O)      0.199    11.385 r  m_axis_tdata[22]_INST_0_i_1/O
                         net (fo=1, routed)           0.000    11.385    m_axis_tdata[22]_INST_0_i_1_n_0
    SLICE_X73Y140        MUXF8 (Prop_muxf8_I0_O)      0.085    11.470 r  m_axis_tdata[22]_INST_0/O
                         net (fo=0)                   0.787    12.257    m_axis_tdata[22]
                                                                      r  m_axis_tdata[22] (OUT)
  -------------------------------------------------------------------    -------------------

Slack:                    inf
  Source:                 rd_ptr_reg[3]_rep__0/C
                            (rising edge-triggered cell FDCE clocked by aclk  {rise@0.000ns fall@5.000ns period=10.000ns})
  Destination:            m_axis_tdata[19]
                            (output port)
  Path Group:             (none)
  Path Type:              Max at Slow Process Corner
  Data Path Delay:        10.827ns  (logic 1.230ns (11.360%)  route 9.597ns (88.640%))
  Logic Levels:           4  (LUT6=1 MUXF7=1 MUXF8=2)
  Clock Uncertainty:      0.025ns  ((TSJ^2 + TIJ^2)^1/2 + DJ) / 2 + PE
    Total System Jitter     (TSJ):    0.050ns
    Total Input Jitter      (TIJ):    0.000ns
    Discrete Jitter          (DJ):    0.000ns
    Phase Error              (PE):    0.000ns

    Location             Delay type                Incr(ns)  Path(ns)    Netlist Resource(s)
  -------------------------------------------------------------------    -------------------
                         (clock aclk rise edge)       0.000     0.000 r  
                                                      0.000     0.000 r  aclk (IN)
                         net (fo=36115, unset)        1.399     1.399    aclk
    SLICE_X58Y129        FDCE                                         r  rd_ptr_reg[3]_rep__0/C
  -------------------------------------------------------------------    -------------------
    SLICE_X58Y129        FDCE (Prop_fdce_C_Q)         0.348     1.747 r  rd_ptr_reg[3]_rep__0/Q
                         net (fo=128, routed)         7.837     9.584    rd_ptr_reg[3]_rep__0_n_0
    SLICE_X70Y155        MUXF8 (Prop_muxf8_S_O)       0.366     9.950 r  m_axis_tdata[19]_INST_0_i_18/O
                         net (fo=1, routed)           0.973    10.923    m_axis_tdata[19]_INST_0_i_18_n_0
    SLICE_X71Y169        LUT6 (Prop_lut6_I5_O)        0.259    11.182 r  m_axis_tdata[19]_INST_0_i_5/O
                         net (fo=1, routed)           0.000    11.182    m_axis_tdata[19]_INST_0_i_5_n_0
    SLICE_X71Y169        MUXF7 (Prop_muxf7_I0_O)      0.178    11.360 r  m_axis_tdata[19]_INST_0_i_2/O
                         net (fo=1, routed)           0.000    11.360    m_axis_tdata[19]_INST_0_i_2_n_0
    SLICE_X71Y169        MUXF8 (Prop_muxf8_I1_O)      0.079    11.439 r  m_axis_tdata[19]_INST_0/O
                         net (fo=0)                   0.787    12.226    m_axis_tdata[19]
                                                                      r  m_axis_tdata[19] (OUT)
  -------------------------------------------------------------------    -------------------

Slack:                    inf
  Source:                 rd_ptr_reg[3]_rep__1/C
                            (rising edge-triggered cell FDCE clocked by aclk  {rise@0.000ns fall@5.000ns period=10.000ns})
  Destination:            m_axis_tdata[8]
                            (output port)
  Path Group:             (none)
  Path Type:              Max at Slow Process Corner
  Data Path Delay:        10.769ns  (logic 1.168ns (10.846%)  route 9.601ns (89.154%))
  Logic Levels:           4  (LUT6=1 MUXF7=1 MUXF8=2)
  Clock Uncertainty:      0.025ns  ((TSJ^2 + TIJ^2)^1/2 + DJ) / 2 + PE
    Total System Jitter     (TSJ):    0.050ns
    Total Input Jitter      (TIJ):    0.000ns
    Discrete Jitter          (DJ):    0.000ns
    Phase Error              (PE):    0.000ns

    Location             Delay type                Incr(ns)  Path(ns)    Netlist Resource(s)
  -------------------------------------------------------------------    -------------------
                         (clock aclk rise edge)       0.000     0.000 r  
                                                      0.000     0.000 r  aclk (IN)
                         net (fo=36115, unset)        1.398     1.398    aclk
    SLICE_X56Y128        FDCE                                         r  rd_ptr_reg[3]_rep__1/C
  -------------------------------------------------------------------    -------------------
    SLICE_X56Y128        FDCE (Prop_fdce_C_Q)         0.433     1.831 r  rd_ptr_reg[3]_rep__1/Q
                         net (fo=128, routed)         8.112     9.943    rd_ptr_reg[3]_rep__1_n_0
    SLICE_X89Y120        MUXF8 (Prop_muxf8_S_O)       0.224    10.167 r  m_axis_tdata[8]_INST_0_i_18/O
                         net (fo=1, routed)           0.702    10.869    m_axis_tdata[8]_INST_0_i_18_n_0
    SLICE_X88Y124        LUT6 (Prop_lut6_I5_O)        0.264    11.133 r  m_axis_tdata[8]_INST_0_i_5/O
                         net (fo=1, routed)           0.000    11.133    m_axis_tdata[8]_INST_0_i_5_n_0
    SLICE_X88Y124        MUXF7 (Prop_muxf7_I0_O)      0.173    11.306 r  m_axis_tdata[8]_INST_0_i_2/O
                         net (fo=1, routed)           0.000    11.306    m_axis_tdata[8]_INST_0_i_2_n_0
    SLICE_X88Y124        MUXF8 (Prop_muxf8_I1_O)      0.074    11.380 r  m_axis_tdata[8]_INST_0/O
                         net (fo=0)                   0.787    12.167    m_axis_tdata[8]
                                                                      r  m_axis_tdata[8] (OUT)
  -------------------------------------------------------------------    -------------------

Slack:                    inf
  Source:                 rd_ptr_reg[3]_rep__0/C
                            (rising edge-triggered cell FDCE clocked by aclk  {rise@0.000ns fall@5.000ns period=10.000ns})
  Destination:            m_axis_tdata[14]
                            (output port)
  Path Group:             (none)
  Path Type:              Max at Slow Process Corner
  Data Path Delay:        10.737ns  (logic 1.217ns (11.335%)  route 9.520ns (88.665%))
  Logic Levels:           4  (LUT6=1 MUXF7=1 MUXF8=2)
  Clock Uncertainty:      0.025ns  ((TSJ^2 + TIJ^2)^1/2 + DJ) / 2 + PE
    Total System Jitter     (TSJ):    0.050ns
    Total Input Jitter      (TIJ):    0.000ns
    Discrete Jitter          (DJ):    0.000ns
    Phase Error              (PE):    0.000ns

    Location             Delay type                Incr(ns)  Path(ns)    Netlist Resource(s)
  -------------------------------------------------------------------    -------------------
                         (clock aclk rise edge)       0.000     0.000 r  
                                                      0.000     0.000 r  aclk (IN)
                         net (fo=36115, unset)        1.399     1.399    aclk
    SLICE_X58Y129        FDCE                                         r  rd_ptr_reg[3]_rep__0/C
  -------------------------------------------------------------------    -------------------
    SLICE_X58Y129        FDCE (Prop_fdce_C_Q)         0.348     1.747 r  rd_ptr_reg[3]_rep__0/Q
                         net (fo=128, routed)         7.739     9.486    rd_ptr_reg[3]_rep__0_n_0
    SLICE_X85Y151        MUXF8 (Prop_muxf8_S_O)       0.358     9.844 r  m_axis_tdata[14]_INST_0_i_18/O
                         net (fo=1, routed)           0.993    10.838    m_axis_tdata[14]_INST_0_i_18_n_0
    SLICE_X80Y161        LUT6 (Prop_lut6_I5_O)        0.264    11.102 r  m_axis_tdata[14]_INST_0_i_5/O
                         net (fo=1, routed)           0.000    11.102    m_axis_tdata[14]_INST_0_i_5_n_0
    SLICE_X80Y161        MUXF7 (Prop_muxf7_I0_O)      0.173    11.275 r  m_axis_tdata[14]_INST_0_i_2/O
                         net (fo=1, routed)           0.000    11.275    m_axis_tdata[14]_INST_0_i_2_n_0
    SLICE_X80Y161        MUXF8 (Prop_muxf8_I1_O)      0.074    11.349 r  m_axis_tdata[14]_INST_0/O
                         net (fo=0)                   0.787    12.136    m_axis_tdata[14]
                                                                      r  m_axis_tdata[14] (OUT)
  -------------------------------------------------------------------    -------------------

Slack:                    inf
  Source:                 rd_ptr_reg[3]_rep__0/C
                            (rising edge-triggered cell FDCE clocked by aclk  {rise@0.000ns fall@5.000ns period=10.000ns})
  Destination:            m_axis_tdata[21]
                            (output port)
  Path Group:             (none)
  Path Type:              Max at Slow Process Corner
  Data Path Delay:        10.698ns  (logic 1.227ns (11.470%)  route 9.471ns (88.530%))
  Logic Levels:           4  (LUT6=1 MUXF7=1 MUXF8=2)
  Clock Uncertainty:      0.025ns  ((TSJ^2 + TIJ^2)^1/2 + DJ) / 2 + PE
    Total System Jitter     (TSJ):    0.050ns
    Total Input Jitter      (TIJ):    0.000ns
    Discrete Jitter          (DJ):    0.000ns
    Phase Error              (PE):    0.000ns

    Location             Delay type                Incr(ns)  Path(ns)    Netlist Resource(s)
  -------------------------------------------------------------------    -------------------
                         (clock aclk rise edge)       0.000     0.000 r  
                                                      0.000     0.000 r  aclk (IN)
                         net (fo=36115, unset)        1.399     1.399    aclk
    SLICE_X58Y129        FDCE                                         r  rd_ptr_reg[3]_rep__0/C
  -------------------------------------------------------------------    -------------------
    SLICE_X58Y129        FDCE (Prop_fdce_C_Q)         0.348     1.747 r  rd_ptr_reg[3]_rep__0/Q
                         net (fo=128, routed)         7.142     8.889    rd_ptr_reg[3]_rep__0_n_0
    SLICE_X67Y194        MUXF8 (Prop_muxf8_S_O)       0.358     9.247 r  m_axis_tdata[21]_INST_0_i_18/O
                         net (fo=1, routed)           1.542    10.789    m_axis_tdata[21]_INST_0_i_18_n_0
    SLICE_X77Y170        LUT6 (Prop_lut6_I5_O)        0.264    11.053 r  m_axis_tdata[21]_INST_0_i_5/O
                         net (fo=1, routed)           0.000    11.053    m_axis_tdata[21]_INST_0_i_5_n_0
    SLICE_X77Y170        MUXF7 (Prop_muxf7_I0_O)      0.178    11.231 r  m_axis_tdata[21]_INST_0_i_2/O
                         net (fo=1, routed)           0.000    11.231    m_axis_tdata[21]_INST_0_i_2_n_0
    SLICE_X77Y170        MUXF8 (Prop_muxf8_I1_O)      0.079    11.310 r  m_axis_tdata[21]_INST_0/O
                         net (fo=0)                   0.787    12.097    m_axis_tdata[21]
                                                                      r  m_axis_tdata[21] (OUT)
  -------------------------------------------------------------------    -------------------





Min Delay Paths
--------------------------------------------------------------------------------------
Slack:                    inf
  Source:                 u_iv_top/in_flight_count_reg[6]/C
                            (rising edge-triggered cell FDCE clocked by aclk  {rise@0.000ns fall@5.000ns period=10.000ns})
  Destination:            s_axis_tready
                            (output port)
  Path Group:             (none)
  Path Type:              Min at Fast Process Corner
  Data Path Delay:        0.709ns  (logic 0.186ns (26.221%)  route 0.523ns (73.779%))
  Logic Levels:           1  (LUT5=1)
  Clock Uncertainty:      0.025ns  ((TSJ^2 + TIJ^2)^1/2 + DJ) / 2 + PE
    Total System Jitter     (TSJ):    0.050ns
    Total Input Jitter      (TIJ):    0.000ns
    Discrete Jitter          (DJ):    0.000ns
    Phase Error              (PE):    0.000ns

    Location             Delay type                Incr(ns)  Path(ns)    Netlist Resource(s)
  -------------------------------------------------------------------    -------------------
                         (clock aclk rise edge)       0.000     0.000 r  
                                                      0.000     0.000 r  aclk (IN)
                         net (fo=36115, unset)        0.577     0.577    u_iv_top/aclk
    SLICE_X58Y131        FDCE                                         r  u_iv_top/in_flight_count_reg[6]/C
  -------------------------------------------------------------------    -------------------
    SLICE_X58Y131        FDCE (Prop_fdce_C_Q)         0.141     0.718 f  u_iv_top/in_flight_count_reg[6]/Q
                         net (fo=3, routed)           0.133     0.851    u_iv_top/in_flight_count_reg[6]
    SLICE_X57Y130        LUT5 (Prop_lut5_I0_O)        0.045     0.896 r  u_iv_top/s_axis_tready_INST_0/O
                         net (fo=0)                   0.390     1.286    s_axis_tready
                                                                      r  s_axis_tready (OUT)
  -------------------------------------------------------------------    -------------------

Slack:                    inf
  Source:                 fifo_count_reg[3]/C
                            (rising edge-triggered cell FDCE clocked by aclk  {rise@0.000ns fall@5.000ns period=10.000ns})
  Destination:            m_axis_tvalid
                            (output port)
  Path Group:             (none)
  Path Type:              Min at Fast Process Corner
  Data Path Delay:        0.711ns  (logic 0.186ns (26.148%)  route 0.525ns (73.852%))
  Logic Levels:           1  (LUT6=1)
  Clock Uncertainty:      0.025ns  ((TSJ^2 + TIJ^2)^1/2 + DJ) / 2 + PE
    Total System Jitter     (TSJ):    0.050ns
    Total Input Jitter      (TIJ):    0.000ns
    Discrete Jitter          (DJ):    0.000ns
    Phase Error              (PE):    0.000ns

    Location             Delay type                Incr(ns)  Path(ns)    Netlist Resource(s)
  -------------------------------------------------------------------    -------------------
                         (clock aclk rise edge)       0.000     0.000 r  
                                                      0.000     0.000 r  aclk (IN)
                         net (fo=36115, unset)        0.577     0.577    aclk
    SLICE_X55Y129        FDCE                                         r  fifo_count_reg[3]/C
  -------------------------------------------------------------------    -------------------
    SLICE_X55Y129        FDCE (Prop_fdce_C_Q)         0.141     0.718 r  fifo_count_reg[3]/Q
                         net (fo=5, routed)           0.135     0.853    u_iv_top/u_arb_fsm/wr_ptr_reg[0]_31[3]
    SLICE_X56Y130        LUT6 (Prop_lut6_I2_O)        0.045     0.898 r  u_iv_top/u_arb_fsm/m_axis_tvalid_INST_0/O
                         net (fo=2, unset)            0.390     1.288    m_axis_tvalid
                                                                      r  m_axis_tvalid (OUT)
  -------------------------------------------------------------------    -------------------

Slack:                    inf
  Source:                 rd_ptr_reg[6]/C
                            (rising edge-triggered cell FDCE clocked by aclk  {rise@0.000ns fall@5.000ns period=10.000ns})
  Destination:            m_axis_tdata[2]
                            (output port)
  Path Group:             (none)
  Path Type:              Min at Fast Process Corner
  Data Path Delay:        0.929ns  (logic 0.268ns (28.834%)  route 0.661ns (71.166%))
  Logic Levels:           2  (MUXF7=1 MUXF8=1)
  Clock Uncertainty:      0.025ns  ((TSJ^2 + TIJ^2)^1/2 + DJ) / 2 + PE
    Total System Jitter     (TSJ):    0.050ns
    Total Input Jitter      (TIJ):    0.000ns
    Discrete Jitter          (DJ):    0.000ns
    Phase Error              (PE):    0.000ns

    Location             Delay type                Incr(ns)  Path(ns)    Netlist Resource(s)
  -------------------------------------------------------------------    -------------------
                         (clock aclk rise edge)       0.000     0.000 r  
                                                      0.000     0.000 r  aclk (IN)
                         net (fo=36115, unset)        0.574     0.574    aclk
    SLICE_X46Y124        FDCE                                         r  rd_ptr_reg[6]/C
  -------------------------------------------------------------------    -------------------
    SLICE_X46Y124        FDCE (Prop_fdce_C_Q)         0.164     0.738 r  rd_ptr_reg[6]/Q
                         net (fo=78, routed)          0.271     1.009    rd_ptr_reg[6]
    SLICE_X51Y127        MUXF7 (Prop_muxf7_S_O)       0.085     1.094 r  m_axis_tdata[2]_INST_0_i_2/O
                         net (fo=1, routed)           0.000     1.094    m_axis_tdata[2]_INST_0_i_2_n_0
    SLICE_X51Y127        MUXF8 (Prop_muxf8_I1_O)      0.019     1.113 r  m_axis_tdata[2]_INST_0/O
                         net (fo=0)                   0.390     1.503    m_axis_tdata[2]
                                                                      r  m_axis_tdata[2] (OUT)
  -------------------------------------------------------------------    -------------------

Slack:                    inf
  Source:                 rd_ptr_reg[6]/C
                            (rising edge-triggered cell FDCE clocked by aclk  {rise@0.000ns fall@5.000ns period=10.000ns})
  Destination:            m_axis_tdata[25]
                            (output port)
  Path Group:             (none)
  Path Type:              Min at Fast Process Corner
  Data Path Delay:        1.029ns  (logic 0.280ns (27.211%)  route 0.749ns (72.789%))
  Logic Levels:           2  (MUXF7=1 MUXF8=1)
  Clock Uncertainty:      0.025ns  ((TSJ^2 + TIJ^2)^1/2 + DJ) / 2 + PE
    Total System Jitter     (TSJ):    0.050ns
    Total Input Jitter      (TIJ):    0.000ns
    Discrete Jitter          (DJ):    0.000ns
    Phase Error              (PE):    0.000ns

    Location             Delay type                Incr(ns)  Path(ns)    Netlist Resource(s)
  -------------------------------------------------------------------    -------------------
                         (clock aclk rise edge)       0.000     0.000 r  
                                                      0.000     0.000 r  aclk (IN)
                         net (fo=36115, unset)        0.574     0.574    aclk
    SLICE_X46Y124        FDCE                                         r  rd_ptr_reg[6]/C
  -------------------------------------------------------------------    -------------------
    SLICE_X46Y124        FDCE (Prop_fdce_C_Q)         0.164     0.738 r  rd_ptr_reg[6]/Q
                         net (fo=78, routed)          0.359     1.097    rd_ptr_reg[6]
    SLICE_X43Y130        MUXF7 (Prop_muxf7_S_O)       0.093     1.190 r  m_axis_tdata[25]_INST_0_i_1/O
                         net (fo=1, routed)           0.000     1.190    m_axis_tdata[25]_INST_0_i_1_n_0
    SLICE_X43Y130        MUXF8 (Prop_muxf8_I0_O)      0.023     1.213 r  m_axis_tdata[25]_INST_0/O
                         net (fo=0)                   0.390     1.603    m_axis_tdata[25]
                                                                      r  m_axis_tdata[25] (OUT)
  -------------------------------------------------------------------    -------------------

Slack:                    inf
  Source:                 fifo_mem_reg[156][0]/C
                            (rising edge-triggered cell FDRE clocked by aclk  {rise@0.000ns fall@5.000ns period=10.000ns})
  Destination:            m_axis_tdata[0]
                            (output port)
  Path Group:             (none)
  Path Type:              Min at Fast Process Corner
  Data Path Delay:        1.043ns  (logic 0.463ns (44.405%)  route 0.580ns (55.595%))
  Logic Levels:           6  (LUT6=2 MUXF7=2 MUXF8=2)
  Clock Uncertainty:      0.025ns  ((TSJ^2 + TIJ^2)^1/2 + DJ) / 2 + PE
    Total System Jitter     (TSJ):    0.050ns
    Total Input Jitter      (TIJ):    0.000ns
    Discrete Jitter          (DJ):    0.000ns
    Phase Error              (PE):    0.000ns

    Location             Delay type                Incr(ns)  Path(ns)    Netlist Resource(s)
  -------------------------------------------------------------------    -------------------
                         (clock aclk rise edge)       0.000     0.000 r  
                                                      0.000     0.000 r  aclk (IN)
                         net (fo=36115, unset)        0.583     0.583    aclk
    SLICE_X51Y115        FDRE                                         r  fifo_mem_reg[156][0]/C
  -------------------------------------------------------------------    -------------------
    SLICE_X51Y115        FDRE (Prop_fdre_C_Q)         0.141     0.724 r  fifo_mem_reg[156][0]/Q
                         net (fo=1, routed)           0.095     0.819    fifo_mem_reg[156][0]
    SLICE_X53Y115        LUT6 (Prop_lut6_I5_O)        0.045     0.864 r  m_axis_tdata[0]_INST_0_i_98/O
                         net (fo=1, routed)           0.000     0.864    m_axis_tdata[0]_INST_0_i_98_n_0
    SLICE_X53Y115        MUXF7 (Prop_muxf7_I1_O)      0.065     0.929 r  m_axis_tdata[0]_INST_0_i_44/O
                         net (fo=1, routed)           0.000     0.929    m_axis_tdata[0]_INST_0_i_44_n_0
    SLICE_X53Y115        MUXF8 (Prop_muxf8_I1_O)      0.019     0.948 r  m_axis_tdata[0]_INST_0_i_17/O
                         net (fo=1, routed)           0.095     1.042    m_axis_tdata[0]_INST_0_i_17_n_0
    SLICE_X51Y115        LUT6 (Prop_lut6_I3_O)        0.112     1.154 r  m_axis_tdata[0]_INST_0_i_5/O
                         net (fo=1, routed)           0.000     1.154    m_axis_tdata[0]_INST_0_i_5_n_0
    SLICE_X51Y115        MUXF7 (Prop_muxf7_I0_O)      0.062     1.216 r  m_axis_tdata[0]_INST_0_i_2/O
                         net (fo=1, routed)           0.000     1.216    m_axis_tdata[0]_INST_0_i_2_n_0
    SLICE_X51Y115        MUXF8 (Prop_muxf8_I1_O)      0.019     1.235 r  m_axis_tdata[0]_INST_0/O
                         net (fo=0)                   0.390     1.626    m_axis_tdata[0]
                                                                      r  m_axis_tdata[0] (OUT)
  -------------------------------------------------------------------    -------------------

Slack:                    inf
  Source:                 fifo_mem_reg[238][22]/C
                            (rising edge-triggered cell FDRE clocked by aclk  {rise@0.000ns fall@5.000ns period=10.000ns})
  Destination:            m_axis_tdata[22]
                            (output port)
  Path Group:             (none)
  Path Type:              Min at Fast Process Corner
  Data Path Delay:        1.058ns  (logic 0.489ns (46.239%)  route 0.569ns (53.761%))
  Logic Levels:           6  (LUT6=2 MUXF7=2 MUXF8=2)
  Clock Uncertainty:      0.025ns  ((TSJ^2 + TIJ^2)^1/2 + DJ) / 2 + PE
    Total System Jitter     (TSJ):    0.050ns
    Total Input Jitter      (TIJ):    0.000ns
    Discrete Jitter          (DJ):    0.000ns
    Phase Error              (PE):    0.000ns

    Location             Delay type                Incr(ns)  Path(ns)    Netlist Resource(s)
  -------------------------------------------------------------------    -------------------
                         (clock aclk rise edge)       0.000     0.000 r  
                                                      0.000     0.000 r  aclk (IN)
                         net (fo=36115, unset)        0.577     0.577    aclk
    SLICE_X70Y140        FDRE                                         r  fifo_mem_reg[238][22]/C
  -------------------------------------------------------------------    -------------------
    SLICE_X70Y140        FDRE (Prop_fdre_C_Q)         0.164     0.741 r  fifo_mem_reg[238][22]/Q
                         net (fo=1, routed)           0.081     0.822    fifo_mem_reg[238][22]
    SLICE_X71Y140        LUT6 (Prop_lut6_I1_O)        0.045     0.867 r  m_axis_tdata[22]_INST_0_i_110/O
                         net (fo=1, routed)           0.000     0.867    m_axis_tdata[22]_INST_0_i_110_n_0
    SLICE_X71Y140        MUXF7 (Prop_muxf7_I1_O)      0.065     0.932 r  m_axis_tdata[22]_INST_0_i_50/O
                         net (fo=1, routed)           0.000     0.932    m_axis_tdata[22]_INST_0_i_50_n_0
    SLICE_X71Y140        MUXF8 (Prop_muxf8_I1_O)      0.019     0.951 r  m_axis_tdata[22]_INST_0_i_20/O
                         net (fo=1, routed)           0.097     1.048    m_axis_tdata[22]_INST_0_i_20_n_0
    SLICE_X73Y140        LUT6 (Prop_lut6_I1_O)        0.112     1.160 r  m_axis_tdata[22]_INST_0_i_6/O
                         net (fo=1, routed)           0.000     1.160    m_axis_tdata[22]_INST_0_i_6_n_0
    SLICE_X73Y140        MUXF7 (Prop_muxf7_I1_O)      0.065     1.225 r  m_axis_tdata[22]_INST_0_i_2/O
                         net (fo=1, routed)           0.000     1.225    m_axis_tdata[22]_INST_0_i_2_n_0
    SLICE_X73Y140        MUXF8 (Prop_muxf8_I1_O)      0.019     1.244 r  m_axis_tdata[22]_INST_0/O
                         net (fo=0)                   0.390     1.635    m_axis_tdata[22]
                                                                      r  m_axis_tdata[22] (OUT)
  -------------------------------------------------------------------    -------------------

Slack:                    inf
  Source:                 rd_ptr_reg[6]/C
                            (rising edge-triggered cell FDCE clocked by aclk  {rise@0.000ns fall@5.000ns period=10.000ns})
  Destination:            m_axis_tdata[5]
                            (output port)
  Path Group:             (none)
  Path Type:              Min at Fast Process Corner
  Data Path Delay:        1.062ns  (logic 0.273ns (25.706%)  route 0.789ns (74.294%))
  Logic Levels:           2  (MUXF7=1 MUXF8=1)
  Clock Uncertainty:      0.025ns  ((TSJ^2 + TIJ^2)^1/2 + DJ) / 2 + PE
    Total System Jitter     (TSJ):    0.050ns
    Total Input Jitter      (TIJ):    0.000ns
    Discrete Jitter          (DJ):    0.000ns
    Phase Error              (PE):    0.000ns

    Location             Delay type                Incr(ns)  Path(ns)    Netlist Resource(s)
  -------------------------------------------------------------------    -------------------
                         (clock aclk rise edge)       0.000     0.000 r  
                                                      0.000     0.000 r  aclk (IN)
                         net (fo=36115, unset)        0.574     0.574    aclk
    SLICE_X46Y124        FDCE                                         r  rd_ptr_reg[6]/C
  -------------------------------------------------------------------    -------------------
    SLICE_X46Y124        FDCE (Prop_fdce_C_Q)         0.164     0.738 r  rd_ptr_reg[6]/Q
                         net (fo=78, routed)          0.399     1.137    rd_ptr_reg[6]
    SLICE_X44Y136        MUXF7 (Prop_muxf7_S_O)       0.090     1.227 r  m_axis_tdata[5]_INST_0_i_2/O
                         net (fo=1, routed)           0.000     1.227    m_axis_tdata[5]_INST_0_i_2_n_0
    SLICE_X44Y136        MUXF8 (Prop_muxf8_I1_O)      0.019     1.246 r  m_axis_tdata[5]_INST_0/O
                         net (fo=0)                   0.390     1.636    m_axis_tdata[5]
                                                                      r  m_axis_tdata[5] (OUT)
  -------------------------------------------------------------------    -------------------

Slack:                    inf
  Source:                 fifo_mem_reg[170][31]/C
                            (rising edge-triggered cell FDRE clocked by aclk  {rise@0.000ns fall@5.000ns period=10.000ns})
  Destination:            m_axis_tdata[31]
                            (output port)
  Path Group:             (none)
  Path Type:              Min at Fast Process Corner
  Data Path Delay:        1.053ns  (logic 0.460ns (43.705%)  route 0.593ns (56.295%))
  Logic Levels:           6  (LUT6=2 MUXF7=2 MUXF8=2)
  Clock Uncertainty:      0.025ns  ((TSJ^2 + TIJ^2)^1/2 + DJ) / 2 + PE
    Total System Jitter     (TSJ):    0.050ns
    Total Input Jitter      (TIJ):    0.000ns
    Discrete Jitter          (DJ):    0.000ns
    Phase Error              (PE):    0.000ns

    Location             Delay type                Incr(ns)  Path(ns)    Netlist Resource(s)
  -------------------------------------------------------------------    -------------------
                         (clock aclk rise edge)       0.000     0.000 r  
                                                      0.000     0.000 r  aclk (IN)
                         net (fo=36115, unset)        0.587     0.587    aclk
    SLICE_X55Y148        FDRE                                         r  fifo_mem_reg[170][31]/C
  -------------------------------------------------------------------    -------------------
    SLICE_X55Y148        FDRE (Prop_fdre_C_Q)         0.141     0.728 r  fifo_mem_reg[170][31]/Q
                         net (fo=1, routed)           0.093     0.821    fifo_mem_reg[170][31]
    SLICE_X57Y149        LUT6 (Prop_lut6_I1_O)        0.045     0.866 r  m_axis_tdata[31]_INST_0_i_93/O
                         net (fo=1, routed)           0.000     0.866    m_axis_tdata[31]_INST_0_i_93_n_0
    SLICE_X57Y149        MUXF7 (Prop_muxf7_I0_O)      0.062     0.928 r  m_axis_tdata[31]_INST_0_i_42/O
                         net (fo=1, routed)           0.000     0.928    m_axis_tdata[31]_INST_0_i_42_n_0
    SLICE_X57Y149        MUXF8 (Prop_muxf8_I1_O)      0.019     0.947 r  m_axis_tdata[31]_INST_0_i_16/O
                         net (fo=1, routed)           0.109     1.056    m_axis_tdata[31]_INST_0_i_16_n_0
    SLICE_X59Y149        LUT6 (Prop_lut6_I1_O)        0.112     1.168 r  m_axis_tdata[31]_INST_0_i_5/O
                         net (fo=1, routed)           0.000     1.168    m_axis_tdata[31]_INST_0_i_5_n_0
    SLICE_X59Y149        MUXF7 (Prop_muxf7_I0_O)      0.062     1.230 r  m_axis_tdata[31]_INST_0_i_2/O
                         net (fo=1, routed)           0.000     1.230    m_axis_tdata[31]_INST_0_i_2_n_0
    SLICE_X59Y149        MUXF8 (Prop_muxf8_I1_O)      0.019     1.249 r  m_axis_tdata[31]_INST_0/O
                         net (fo=0)                   0.390     1.640    m_axis_tdata[31]
                                                                      r  m_axis_tdata[31] (OUT)
  -------------------------------------------------------------------    -------------------

Slack:                    inf
  Source:                 rd_ptr_reg[7]/C
                            (rising edge-triggered cell FDCE clocked by aclk  {rise@0.000ns fall@5.000ns period=10.000ns})
  Destination:            m_axis_tdata[6]
                            (output port)
  Path Group:             (none)
  Path Type:              Min at Fast Process Corner
  Data Path Delay:        1.069ns  (logic 0.282ns (26.380%)  route 0.787ns (73.620%))
  Logic Levels:           1  (MUXF8=1)
  Clock Uncertainty:      0.025ns  ((TSJ^2 + TIJ^2)^1/2 + DJ) / 2 + PE
    Total System Jitter     (TSJ):    0.050ns
    Total Input Jitter      (TIJ):    0.000ns
    Discrete Jitter          (DJ):    0.000ns
    Phase Error              (PE):    0.000ns

    Location             Delay type                Incr(ns)  Path(ns)    Netlist Resource(s)
  -------------------------------------------------------------------    -------------------
                         (clock aclk rise edge)       0.000     0.000 r  
                                                      0.000     0.000 r  aclk (IN)
                         net (fo=36115, unset)        0.574     0.574    aclk
    SLICE_X46Y124        FDCE                                         r  rd_ptr_reg[7]/C
  -------------------------------------------------------------------    -------------------
    SLICE_X46Y124        FDCE (Prop_fdce_C_Q)         0.148     0.722 r  rd_ptr_reg[7]/Q
                         net (fo=39, routed)          0.397     1.119    rd_ptr_reg[7]
    SLICE_X51Y116        MUXF8 (Prop_muxf8_S_O)       0.134     1.253 r  m_axis_tdata[6]_INST_0/O
                         net (fo=0)                   0.390     1.643    m_axis_tdata[6]
                                                                      r  m_axis_tdata[6] (OUT)
  -------------------------------------------------------------------    -------------------

Slack:                    inf
  Source:                 fifo_mem_reg[31][4]/C
                            (rising edge-triggered cell FDRE clocked by aclk  {rise@0.000ns fall@5.000ns period=10.000ns})
  Destination:            m_axis_tdata[4]
                            (output port)
  Path Group:             (none)
  Path Type:              Min at Fast Process Corner
  Data Path Delay:        1.079ns  (logic 0.476ns (44.110%)  route 0.603ns (55.890%))
  Logic Levels:           6  (LUT6=2 MUXF7=2 MUXF8=2)
  Clock Uncertainty:      0.025ns  ((TSJ^2 + TIJ^2)^1/2 + DJ) / 2 + PE
    Total System Jitter     (TSJ):    0.050ns
    Total Input Jitter      (TIJ):    0.000ns
    Discrete Jitter          (DJ):    0.000ns
    Phase Error              (PE):    0.000ns

    Location             Delay type                Incr(ns)  Path(ns)    Netlist Resource(s)
  -------------------------------------------------------------------    -------------------
                         (clock aclk rise edge)       0.000     0.000 r  
                                                      0.000     0.000 r  aclk (IN)
                         net (fo=36115, unset)        0.564     0.564    aclk
    SLICE_X83Y138        FDRE                                         r  fifo_mem_reg[31][4]/C
  -------------------------------------------------------------------    -------------------
    SLICE_X83Y138        FDRE (Prop_fdre_C_Q)         0.141     0.705 r  fifo_mem_reg[31][4]/Q
                         net (fo=1, routed)           0.056     0.761    fifo_mem_reg[31][4]
    SLICE_X82Y138        LUT6 (Prop_lut6_I0_O)        0.045     0.806 r  m_axis_tdata[4]_INST_0_i_66/O
                         net (fo=1, routed)           0.000     0.806    m_axis_tdata[4]_INST_0_i_66_n_0
    SLICE_X82Y138        MUXF7 (Prop_muxf7_I1_O)      0.065     0.871 r  m_axis_tdata[4]_INST_0_i_28/O
                         net (fo=1, routed)           0.000     0.871    m_axis_tdata[4]_INST_0_i_28_n_0
    SLICE_X82Y138        MUXF8 (Prop_muxf8_I1_O)      0.019     0.890 r  m_axis_tdata[4]_INST_0_i_9/O
                         net (fo=1, routed)           0.156     1.047    m_axis_tdata[4]_INST_0_i_9_n_0
    SLICE_X82Y136        LUT6 (Prop_lut6_I3_O)        0.112     1.159 r  m_axis_tdata[4]_INST_0_i_3/O
                         net (fo=1, routed)           0.000     1.159    m_axis_tdata[4]_INST_0_i_3_n_0
    SLICE_X82Y136        MUXF7 (Prop_muxf7_I0_O)      0.071     1.230 r  m_axis_tdata[4]_INST_0_i_1/O
                         net (fo=1, routed)           0.000     1.230    m_axis_tdata[4]_INST_0_i_1_n_0
    SLICE_X82Y136        MUXF8 (Prop_muxf8_I0_O)      0.023     1.253 r  m_axis_tdata[4]_INST_0/O
                         net (fo=0)                   0.390     1.643    m_axis_tdata[4]
                                                                      r  m_axis_tdata[4] (OUT)
  -------------------------------------------------------------------    -------------------





--------------------------------------------------------------------------------------
Path Group:  (none)
From Clock:  
  To Clock:  aclk

Max Delay         21424 Endpoints
Min Delay         21424 Endpoints
--------------------------------------------------------------------------------------


Max Delay Paths
--------------------------------------------------------------------------------------
Slack:                    inf
  Source:                 s_axis_tdata[131]
                            (input port)
  Destination:            fifo_mem_reg[115][30]/D
                            (rising edge-triggered cell FDRE clocked by aclk  {rise@0.000ns fall@5.000ns period=10.000ns})
  Path Group:             (none)
  Path Type:              Setup (Max at Slow Process Corner)
  Data Path Delay:        12.740ns  (logic 0.441ns (3.462%)  route 12.299ns (96.538%))
  Logic Levels:           4  (LUT3=1 LUT4=2 LUT5=1)
  Clock Path Skew:        1.359ns (DCD - SCD + CPR)
    Destination Clock Delay (DCD):    1.359ns
    Source Clock Delay      (SCD):    0.000ns
    Clock Pessimism Removal (CPR):    0.000ns
  Clock Uncertainty:      0.025ns  ((TSJ^2 + TIJ^2)^1/2 + DJ) / 2 + PE
    Total System Jitter     (TSJ):    0.050ns
    Total Input Jitter      (TIJ):    0.000ns
    Discrete Jitter          (DJ):    0.000ns
    Phase Error              (PE):    0.000ns

    Location             Delay type                Incr(ns)  Path(ns)    Netlist Resource(s)
  -------------------------------------------------------------------    -------------------
                                                      0.000     0.000 r  s_axis_tdata[131] (IN)
                         net (fo=1, unset)            0.787     0.787    u_iv_top/u_arb_fsm/s_axis_tdata[3]
    SLICE_X82Y93         LUT4 (Prop_lut4_I3_O)        0.105     0.892 r  u_iv_top/u_arb_fsm/pipe_tid[5]_i_8/O
                         net (fo=1, routed)           0.731     1.623    u_iv_top/u_arb_fsm/pipe_tid[5]_i_8_n_0
    SLICE_X82Y93         LUT5 (Prop_lut5_I4_O)        0.105     1.728 r  u_iv_top/u_arb_fsm/pipe_tid[5]_i_4/O
                         net (fo=1, routed)           1.038     2.767    u_iv_top/u_arb_fsm/pipe_tid[5]_i_4_n_0
    SLICE_X76Y98         LUT4 (Prop_lut4_I0_O)        0.105     2.872 r  u_iv_top/u_arb_fsm/pipe_tid[5]_i_3/O
                         net (fo=174, routed)         6.128     9.000    u_iv_top/u_arb_fsm/s_axis_tdata[130]
    SLICE_X55Y149        LUT3 (Prop_lut3_I1_O)        0.126     9.126 r  u_iv_top/u_arb_fsm/fifo_mem[127][30]_i_1/O
                         net (fo=64, routed)          3.614    12.740    u_iv_top_n_424
    SLICE_X41Y195        FDRE                                         r  fifo_mem_reg[115][30]/D
  -------------------------------------------------------------------    -------------------

                         (clock aclk rise edge)       0.000     0.000 r  
                                                      0.000     0.000 r  aclk (IN)
                         net (fo=36115, unset)        1.359     1.359    aclk
    SLICE_X41Y195        FDRE                                         r  fifo_mem_reg[115][30]/C

Slack:                    inf
  Source:                 s_axis_tdata[131]
                            (input port)
  Destination:            fifo_mem_reg[141][30]/D
                            (rising edge-triggered cell FDRE clocked by aclk  {rise@0.000ns fall@5.000ns period=10.000ns})
  Path Group:             (none)
  Path Type:              Setup (Max at Slow Process Corner)
  Data Path Delay:        12.654ns  (logic 0.420ns (3.319%)  route 12.234ns (96.681%))
  Logic Levels:           4  (LUT3=1 LUT4=2 LUT5=1)
  Clock Path Skew:        1.286ns (DCD - SCD + CPR)
    Destination Clock Delay (DCD):    1.286ns
    Source Clock Delay      (SCD):    0.000ns
    Clock Pessimism Removal (CPR):    0.000ns
  Clock Uncertainty:      0.025ns  ((TSJ^2 + TIJ^2)^1/2 + DJ) / 2 + PE
    Total System Jitter     (TSJ):    0.050ns
    Total Input Jitter      (TIJ):    0.000ns
    Discrete Jitter          (DJ):    0.000ns
    Phase Error              (PE):    0.000ns

    Location             Delay type                Incr(ns)  Path(ns)    Netlist Resource(s)
  -------------------------------------------------------------------    -------------------
                                                      0.000     0.000 r  s_axis_tdata[131] (IN)
                         net (fo=1, unset)            0.787     0.787    u_iv_top/u_arb_fsm/s_axis_tdata[3]
    SLICE_X82Y93         LUT4 (Prop_lut4_I3_O)        0.105     0.892 r  u_iv_top/u_arb_fsm/pipe_tid[5]_i_8/O
                         net (fo=1, routed)           0.731     1.623    u_iv_top/u_arb_fsm/pipe_tid[5]_i_8_n_0
    SLICE_X82Y93         LUT5 (Prop_lut5_I4_O)        0.105     1.728 r  u_iv_top/u_arb_fsm/pipe_tid[5]_i_4/O
                         net (fo=1, routed)           1.038     2.767    u_iv_top/u_arb_fsm/pipe_tid[5]_i_4_n_0
    SLICE_X76Y98         LUT4 (Prop_lut4_I0_O)        0.105     2.872 r  u_iv_top/u_arb_fsm/pipe_tid[5]_i_3/O
                         net (fo=174, routed)         6.128     9.000    u_iv_top/u_arb_fsm/s_axis_tdata[130]
    SLICE_X55Y149        LUT3 (Prop_lut3_I1_O)        0.105     9.105 r  u_iv_top/u_arb_fsm/fifo_mem[191][30]_i_1/O
                         net (fo=64, routed)          3.550    12.654    u_iv_top_n_386
    SLICE_X48Y194        FDRE                                         r  fifo_mem_reg[141][30]/D
  -------------------------------------------------------------------    -------------------

                         (clock aclk rise edge)       0.000     0.000 r  
                                                      0.000     0.000 r  aclk (IN)
                         net (fo=36115, unset)        1.286     1.286    aclk
    SLICE_X48Y194        FDRE                                         r  fifo_mem_reg[141][30]/C

Slack:                    inf
  Source:                 s_axis_tdata[131]
                            (input port)
  Destination:            fifo_mem_reg[48][33]/D
                            (rising edge-triggered cell FDRE clocked by aclk  {rise@0.000ns fall@5.000ns period=10.000ns})
  Path Group:             (none)
  Path Type:              Setup (Max at Slow Process Corner)
  Data Path Delay:        12.646ns  (logic 0.436ns (3.448%)  route 12.210ns (96.552%))
  Logic Levels:           4  (LUT3=1 LUT4=2 LUT5=1)
  Clock Path Skew:        1.284ns (DCD - SCD + CPR)
    Destination Clock Delay (DCD):    1.284ns
    Source Clock Delay      (SCD):    0.000ns
    Clock Pessimism Removal (CPR):    0.000ns
  Clock Uncertainty:      0.025ns  ((TSJ^2 + TIJ^2)^1/2 + DJ) / 2 + PE
    Total System Jitter     (TSJ):    0.050ns
    Total Input Jitter      (TIJ):    0.000ns
    Discrete Jitter          (DJ):    0.000ns
    Phase Error              (PE):    0.000ns

    Location             Delay type                Incr(ns)  Path(ns)    Netlist Resource(s)
  -------------------------------------------------------------------    -------------------
                                                      0.000     0.000 r  s_axis_tdata[131] (IN)
                         net (fo=1, unset)            0.787     0.787    u_iv_top/u_arb_fsm/s_axis_tdata[3]
    SLICE_X82Y93         LUT4 (Prop_lut4_I3_O)        0.105     0.892 r  u_iv_top/u_arb_fsm/pipe_tid[5]_i_8/O
                         net (fo=1, routed)           0.731     1.623    u_iv_top/u_arb_fsm/pipe_tid[5]_i_8_n_0
    SLICE_X82Y93         LUT5 (Prop_lut5_I4_O)        0.105     1.728 r  u_iv_top/u_arb_fsm/pipe_tid[5]_i_4/O
                         net (fo=1, routed)           1.038     2.767    u_iv_top/u_arb_fsm/pipe_tid[5]_i_4_n_0
    SLICE_X76Y98         LUT4 (Prop_lut4_I0_O)        0.105     2.872 r  u_iv_top/u_arb_fsm/pipe_tid[5]_i_3/O
                         net (fo=174, routed)         6.637     9.509    u_iv_top/u_arb_fsm/s_axis_tdata[130]
    SLICE_X59Y156        LUT3 (Prop_lut3_I1_O)        0.121     9.630 r  u_iv_top/u_arb_fsm/fifo_mem[63][33]_i_1/O
                         net (fo=64, routed)          3.016    12.646    u_iv_top_n_459
    SLICE_X56Y191        FDRE                                         r  fifo_mem_reg[48][33]/D
  -------------------------------------------------------------------    -------------------

                         (clock aclk rise edge)       0.000     0.000 r  
                                                      0.000     0.000 r  aclk (IN)
                         net (fo=36115, unset)        1.284     1.284    aclk
    SLICE_X56Y191        FDRE                                         r  fifo_mem_reg[48][33]/C

Slack:                    inf
  Source:                 s_axis_tdata[131]
                            (input port)
  Destination:            fifo_mem_reg[118][30]/D
                            (rising edge-triggered cell FDRE clocked by aclk  {rise@0.000ns fall@5.000ns period=10.000ns})
  Path Group:             (none)
  Path Type:              Setup (Max at Slow Process Corner)
  Data Path Delay:        12.630ns  (logic 0.441ns (3.492%)  route 12.189ns (96.508%))
  Logic Levels:           4  (LUT3=1 LUT4=2 LUT5=1)
  Clock Path Skew:        1.287ns (DCD - SCD + CPR)
    Destination Clock Delay (DCD):    1.287ns
    Source Clock Delay      (SCD):    0.000ns
    Clock Pessimism Removal (CPR):    0.000ns
  Clock Uncertainty:      0.025ns  ((TSJ^2 + TIJ^2)^1/2 + DJ) / 2 + PE
    Total System Jitter     (TSJ):    0.050ns
    Total Input Jitter      (TIJ):    0.000ns
    Discrete Jitter          (DJ):    0.000ns
    Phase Error              (PE):    0.000ns

    Location             Delay type                Incr(ns)  Path(ns)    Netlist Resource(s)
  -------------------------------------------------------------------    -------------------
                                                      0.000     0.000 r  s_axis_tdata[131] (IN)
                         net (fo=1, unset)            0.787     0.787    u_iv_top/u_arb_fsm/s_axis_tdata[3]
    SLICE_X82Y93         LUT4 (Prop_lut4_I3_O)        0.105     0.892 r  u_iv_top/u_arb_fsm/pipe_tid[5]_i_8/O
                         net (fo=1, routed)           0.731     1.623    u_iv_top/u_arb_fsm/pipe_tid[5]_i_8_n_0
    SLICE_X82Y93         LUT5 (Prop_lut5_I4_O)        0.105     1.728 r  u_iv_top/u_arb_fsm/pipe_tid[5]_i_4/O
                         net (fo=1, routed)           1.038     2.767    u_iv_top/u_arb_fsm/pipe_tid[5]_i_4_n_0
    SLICE_X76Y98         LUT4 (Prop_lut4_I0_O)        0.105     2.872 r  u_iv_top/u_arb_fsm/pipe_tid[5]_i_3/O
                         net (fo=174, routed)         6.128     9.000    u_iv_top/u_arb_fsm/s_axis_tdata[130]
    SLICE_X55Y149        LUT3 (Prop_lut3_I1_O)        0.126     9.126 r  u_iv_top/u_arb_fsm/fifo_mem[127][30]_i_1/O
                         net (fo=64, routed)          3.504    12.630    u_iv_top_n_424
    SLICE_X44Y196        FDRE                                         r  fifo_mem_reg[118][30]/D
  -------------------------------------------------------------------    -------------------

                         (clock aclk rise edge)       0.000     0.000 r  
                                                      0.000     0.000 r  aclk (IN)
                         net (fo=36115, unset)        1.287     1.287    aclk
    SLICE_X44Y196        FDRE                                         r  fifo_mem_reg[118][30]/C

Slack:                    inf
  Source:                 s_axis_tdata[131]
                            (input port)
  Destination:            fifo_mem_reg[122][30]/D
                            (rising edge-triggered cell FDRE clocked by aclk  {rise@0.000ns fall@5.000ns period=10.000ns})
  Path Group:             (none)
  Path Type:              Setup (Max at Slow Process Corner)
  Data Path Delay:        12.526ns  (logic 0.441ns (3.521%)  route 12.085ns (96.479%))
  Logic Levels:           4  (LUT3=1 LUT4=2 LUT5=1)
  Clock Path Skew:        1.287ns (DCD - SCD + CPR)
    Destination Clock Delay (DCD):    1.287ns
    Source Clock Delay      (SCD):    0.000ns
    Clock Pessimism Removal (CPR):    0.000ns
  Clock Uncertainty:      0.025ns  ((TSJ^2 + TIJ^2)^1/2 + DJ) / 2 + PE
    Total System Jitter     (TSJ):    0.050ns
    Total Input Jitter      (TIJ):    0.000ns
    Discrete Jitter          (DJ):    0.000ns
    Phase Error              (PE):    0.000ns

    Location             Delay type                Incr(ns)  Path(ns)    Netlist Resource(s)
  -------------------------------------------------------------------    -------------------
                                                      0.000     0.000 r  s_axis_tdata[131] (IN)
                         net (fo=1, unset)            0.787     0.787    u_iv_top/u_arb_fsm/s_axis_tdata[3]
    SLICE_X82Y93         LUT4 (Prop_lut4_I3_O)        0.105     0.892 r  u_iv_top/u_arb_fsm/pipe_tid[5]_i_8/O
                         net (fo=1, routed)           0.731     1.623    u_iv_top/u_arb_fsm/pipe_tid[5]_i_8_n_0
    SLICE_X82Y93         LUT5 (Prop_lut5_I4_O)        0.105     1.728 r  u_iv_top/u_arb_fsm/pipe_tid[5]_i_4/O
                         net (fo=1, routed)           1.038     2.767    u_iv_top/u_arb_fsm/pipe_tid[5]_i_4_n_0
    SLICE_X76Y98         LUT4 (Prop_lut4_I0_O)        0.105     2.872 r  u_iv_top/u_arb_fsm/pipe_tid[5]_i_3/O
                         net (fo=174, routed)         6.128     9.000    u_iv_top/u_arb_fsm/s_axis_tdata[130]
    SLICE_X55Y149        LUT3 (Prop_lut3_I1_O)        0.126     9.126 r  u_iv_top/u_arb_fsm/fifo_mem[127][30]_i_1/O
                         net (fo=64, routed)          3.400    12.526    u_iv_top_n_424
    SLICE_X45Y196        FDRE                                         r  fifo_mem_reg[122][30]/D
  -------------------------------------------------------------------    -------------------

                         (clock aclk rise edge)       0.000     0.000 r  
                                                      0.000     0.000 r  aclk (IN)
                         net (fo=36115, unset)        1.287     1.287    aclk
    SLICE_X45Y196        FDRE                                         r  fifo_mem_reg[122][30]/C

Slack:                    inf
  Source:                 s_axis_tdata[131]
                            (input port)
  Destination:            fifo_mem_reg[127][30]/D
                            (rising edge-triggered cell FDRE clocked by aclk  {rise@0.000ns fall@5.000ns period=10.000ns})
  Path Group:             (none)
  Path Type:              Setup (Max at Slow Process Corner)
  Data Path Delay:        12.522ns  (logic 0.441ns (3.522%)  route 12.081ns (96.478%))
  Logic Levels:           4  (LUT3=1 LUT4=2 LUT5=1)
  Clock Path Skew:        1.286ns (DCD - SCD + CPR)
    Destination Clock Delay (DCD):    1.286ns
    Source Clock Delay      (SCD):    0.000ns
    Clock Pessimism Removal (CPR):    0.000ns
  Clock Uncertainty:      0.025ns  ((TSJ^2 + TIJ^2)^1/2 + DJ) / 2 + PE
    Total System Jitter     (TSJ):    0.050ns
    Total Input Jitter      (TIJ):    0.000ns
    Discrete Jitter          (DJ):    0.000ns
    Phase Error              (PE):    0.000ns

    Location             Delay type                Incr(ns)  Path(ns)    Netlist Resource(s)
  -------------------------------------------------------------------    -------------------
                                                      0.000     0.000 r  s_axis_tdata[131] (IN)
                         net (fo=1, unset)            0.787     0.787    u_iv_top/u_arb_fsm/s_axis_tdata[3]
    SLICE_X82Y93         LUT4 (Prop_lut4_I3_O)        0.105     0.892 r  u_iv_top/u_arb_fsm/pipe_tid[5]_i_8/O
                         net (fo=1, routed)           0.731     1.623    u_iv_top/u_arb_fsm/pipe_tid[5]_i_8_n_0
    SLICE_X82Y93         LUT5 (Prop_lut5_I4_O)        0.105     1.728 r  u_iv_top/u_arb_fsm/pipe_tid[5]_i_4/O
                         net (fo=1, routed)           1.038     2.767    u_iv_top/u_arb_fsm/pipe_tid[5]_i_4_n_0
    SLICE_X76Y98         LUT4 (Prop_lut4_I0_O)        0.105     2.872 r  u_iv_top/u_arb_fsm/pipe_tid[5]_i_3/O
                         net (fo=174, routed)         6.128     9.000    u_iv_top/u_arb_fsm/s_axis_tdata[130]
    SLICE_X55Y149        LUT3 (Prop_lut3_I1_O)        0.126     9.126 r  u_iv_top/u_arb_fsm/fifo_mem[127][30]_i_1/O
                         net (fo=64, routed)          3.396    12.522    u_iv_top_n_424
    SLICE_X43Y196        FDRE                                         r  fifo_mem_reg[127][30]/D
  -------------------------------------------------------------------    -------------------

                         (clock aclk rise edge)       0.000     0.000 r  
                                                      0.000     0.000 r  aclk (IN)
                         net (fo=36115, unset)        1.286     1.286    aclk
    SLICE_X43Y196        FDRE                                         r  fifo_mem_reg[127][30]/C

Slack:                    inf
  Source:                 s_axis_tdata[131]
                            (input port)
  Destination:            fifo_mem_reg[135][30]/D
                            (rising edge-triggered cell FDRE clocked by aclk  {rise@0.000ns fall@5.000ns period=10.000ns})
  Path Group:             (none)
  Path Type:              Setup (Max at Slow Process Corner)
  Data Path Delay:        12.521ns  (logic 0.420ns (3.354%)  route 12.101ns (96.646%))
  Logic Levels:           4  (LUT3=1 LUT4=2 LUT5=1)
  Clock Path Skew:        1.286ns (DCD - SCD + CPR)
    Destination Clock Delay (DCD):    1.286ns
    Source Clock Delay      (SCD):    0.000ns
    Clock Pessimism Removal (CPR):    0.000ns
  Clock Uncertainty:      0.025ns  ((TSJ^2 + TIJ^2)^1/2 + DJ) / 2 + PE
    Total System Jitter     (TSJ):    0.050ns
    Total Input Jitter      (TIJ):    0.000ns
    Discrete Jitter          (DJ):    0.000ns
    Phase Error              (PE):    0.000ns

    Location             Delay type                Incr(ns)  Path(ns)    Netlist Resource(s)
  -------------------------------------------------------------------    -------------------
                                                      0.000     0.000 r  s_axis_tdata[131] (IN)
                         net (fo=1, unset)            0.787     0.787    u_iv_top/u_arb_fsm/s_axis_tdata[3]
    SLICE_X82Y93         LUT4 (Prop_lut4_I3_O)        0.105     0.892 r  u_iv_top/u_arb_fsm/pipe_tid[5]_i_8/O
                         net (fo=1, routed)           0.731     1.623    u_iv_top/u_arb_fsm/pipe_tid[5]_i_8_n_0
    SLICE_X82Y93         LUT5 (Prop_lut5_I4_O)        0.105     1.728 r  u_iv_top/u_arb_fsm/pipe_tid[5]_i_4/O
                         net (fo=1, routed)           1.038     2.767    u_iv_top/u_arb_fsm/pipe_tid[5]_i_4_n_0
    SLICE_X76Y98         LUT4 (Prop_lut4_I0_O)        0.105     2.872 r  u_iv_top/u_arb_fsm/pipe_tid[5]_i_3/O
                         net (fo=174, routed)         6.128     9.000    u_iv_top/u_arb_fsm/s_axis_tdata[130]
    SLICE_X55Y149        LUT3 (Prop_lut3_I1_O)        0.105     9.105 r  u_iv_top/u_arb_fsm/fifo_mem[191][30]_i_1/O
                         net (fo=64, routed)          3.416    12.521    u_iv_top_n_386
    SLICE_X50Y195        FDRE                                         r  fifo_mem_reg[135][30]/D
  -------------------------------------------------------------------    -------------------

                         (clock aclk rise edge)       0.000     0.000 r  
                                                      0.000     0.000 r  aclk (IN)
                         net (fo=36115, unset)        1.286     1.286    aclk
    SLICE_X50Y195        FDRE                                         r  fifo_mem_reg[135][30]/C

Slack:                    inf
  Source:                 s_axis_tdata[131]
                            (input port)
  Destination:            fifo_mem_reg[123][30]/D
                            (rising edge-triggered cell FDRE clocked by aclk  {rise@0.000ns fall@5.000ns period=10.000ns})
  Path Group:             (none)
  Path Type:              Setup (Max at Slow Process Corner)
  Data Path Delay:        12.518ns  (logic 0.441ns (3.523%)  route 12.077ns (96.477%))
  Logic Levels:           4  (LUT3=1 LUT4=2 LUT5=1)
  Clock Path Skew:        1.287ns (DCD - SCD + CPR)
    Destination Clock Delay (DCD):    1.287ns
    Source Clock Delay      (SCD):    0.000ns
    Clock Pessimism Removal (CPR):    0.000ns
  Clock Uncertainty:      0.025ns  ((TSJ^2 + TIJ^2)^1/2 + DJ) / 2 + PE
    Total System Jitter     (TSJ):    0.050ns
    Total Input Jitter      (TIJ):    0.000ns
    Discrete Jitter          (DJ):    0.000ns
    Phase Error              (PE):    0.000ns

    Location             Delay type                Incr(ns)  Path(ns)    Netlist Resource(s)
  -------------------------------------------------------------------    -------------------
                                                      0.000     0.000 r  s_axis_tdata[131] (IN)
                         net (fo=1, unset)            0.787     0.787    u_iv_top/u_arb_fsm/s_axis_tdata[3]
    SLICE_X82Y93         LUT4 (Prop_lut4_I3_O)        0.105     0.892 r  u_iv_top/u_arb_fsm/pipe_tid[5]_i_8/O
                         net (fo=1, routed)           0.731     1.623    u_iv_top/u_arb_fsm/pipe_tid[5]_i_8_n_0
    SLICE_X82Y93         LUT5 (Prop_lut5_I4_O)        0.105     1.728 r  u_iv_top/u_arb_fsm/pipe_tid[5]_i_4/O
                         net (fo=1, routed)           1.038     2.767    u_iv_top/u_arb_fsm/pipe_tid[5]_i_4_n_0
    SLICE_X76Y98         LUT4 (Prop_lut4_I0_O)        0.105     2.872 r  u_iv_top/u_arb_fsm/pipe_tid[5]_i_3/O
                         net (fo=174, routed)         6.128     9.000    u_iv_top/u_arb_fsm/s_axis_tdata[130]
    SLICE_X55Y149        LUT3 (Prop_lut3_I1_O)        0.126     9.126 r  u_iv_top/u_arb_fsm/fifo_mem[127][30]_i_1/O
                         net (fo=64, routed)          3.392    12.518    u_iv_top_n_424
    SLICE_X44Y195        FDRE                                         r  fifo_mem_reg[123][30]/D
  -------------------------------------------------------------------    -------------------

                         (clock aclk rise edge)       0.000     0.000 r  
                                                      0.000     0.000 r  aclk (IN)
                         net (fo=36115, unset)        1.287     1.287    aclk
    SLICE_X44Y195        FDRE                                         r  fifo_mem_reg[123][30]/C

Slack:                    inf
  Source:                 s_axis_tdata[131]
                            (input port)
  Destination:            fifo_mem_reg[125][30]/D
                            (rising edge-triggered cell FDRE clocked by aclk  {rise@0.000ns fall@5.000ns period=10.000ns})
  Path Group:             (none)
  Path Type:              Setup (Max at Slow Process Corner)
  Data Path Delay:        12.506ns  (logic 0.441ns (3.526%)  route 12.065ns (96.474%))
  Logic Levels:           4  (LUT3=1 LUT4=2 LUT5=1)
  Clock Path Skew:        1.286ns (DCD - SCD + CPR)
    Destination Clock Delay (DCD):    1.286ns
    Source Clock Delay      (SCD):    0.000ns
    Clock Pessimism Removal (CPR):    0.000ns
  Clock Uncertainty:      0.025ns  ((TSJ^2 + TIJ^2)^1/2 + DJ) / 2 + PE
    Total System Jitter     (TSJ):    0.050ns
    Total Input Jitter      (TIJ):    0.000ns
    Discrete Jitter          (DJ):    0.000ns
    Phase Error              (PE):    0.000ns

    Location             Delay type                Incr(ns)  Path(ns)    Netlist Resource(s)
  -------------------------------------------------------------------    -------------------
                                                      0.000     0.000 r  s_axis_tdata[131] (IN)
                         net (fo=1, unset)            0.787     0.787    u_iv_top/u_arb_fsm/s_axis_tdata[3]
    SLICE_X82Y93         LUT4 (Prop_lut4_I3_O)        0.105     0.892 r  u_iv_top/u_arb_fsm/pipe_tid[5]_i_8/O
                         net (fo=1, routed)           0.731     1.623    u_iv_top/u_arb_fsm/pipe_tid[5]_i_8_n_0
    SLICE_X82Y93         LUT5 (Prop_lut5_I4_O)        0.105     1.728 r  u_iv_top/u_arb_fsm/pipe_tid[5]_i_4/O
                         net (fo=1, routed)           1.038     2.767    u_iv_top/u_arb_fsm/pipe_tid[5]_i_4_n_0
    SLICE_X76Y98         LUT4 (Prop_lut4_I0_O)        0.105     2.872 r  u_iv_top/u_arb_fsm/pipe_tid[5]_i_3/O
                         net (fo=174, routed)         6.128     9.000    u_iv_top/u_arb_fsm/s_axis_tdata[130]
    SLICE_X55Y149        LUT3 (Prop_lut3_I1_O)        0.126     9.126 r  u_iv_top/u_arb_fsm/fifo_mem[127][30]_i_1/O
                         net (fo=64, routed)          3.380    12.506    u_iv_top_n_424
    SLICE_X42Y196        FDRE                                         r  fifo_mem_reg[125][30]/D
  -------------------------------------------------------------------    -------------------

                         (clock aclk rise edge)       0.000     0.000 r  
                                                      0.000     0.000 r  aclk (IN)
                         net (fo=36115, unset)        1.286     1.286    aclk
    SLICE_X42Y196        FDRE                                         r  fifo_mem_reg[125][30]/C

Slack:                    inf
  Source:                 s_axis_tdata[131]
                            (input port)
  Destination:            fifo_mem_reg[55][33]/D
                            (rising edge-triggered cell FDRE clocked by aclk  {rise@0.000ns fall@5.000ns period=10.000ns})
  Path Group:             (none)
  Path Type:              Setup (Max at Slow Process Corner)
  Data Path Delay:        12.506ns  (logic 0.436ns (3.486%)  route 12.070ns (96.514%))
  Logic Levels:           4  (LUT3=1 LUT4=2 LUT5=1)
  Clock Path Skew:        1.285ns (DCD - SCD + CPR)
    Destination Clock Delay (DCD):    1.285ns
    Source Clock Delay      (SCD):    0.000ns
    Clock Pessimism Removal (CPR):    0.000ns
  Clock Uncertainty:      0.025ns  ((TSJ^2 + TIJ^2)^1/2 + DJ) / 2 + PE
    Total System Jitter     (TSJ):    0.050ns
    Total Input Jitter      (TIJ):    0.000ns
    Discrete Jitter          (DJ):    0.000ns
    Phase Error              (PE):    0.000ns

    Location             Delay type                Incr(ns)  Path(ns)    Netlist Resource(s)
  -------------------------------------------------------------------    -------------------
                                                      0.000     0.000 r  s_axis_tdata[131] (IN)
                         net (fo=1, unset)            0.787     0.787    u_iv_top/u_arb_fsm/s_axis_tdata[3]
    SLICE_X82Y93         LUT4 (Prop_lut4_I3_O)        0.105     0.892 r  u_iv_top/u_arb_fsm/pipe_tid[5]_i_8/O
                         net (fo=1, routed)           0.731     1.623    u_iv_top/u_arb_fsm/pipe_tid[5]_i_8_n_0
    SLICE_X82Y93         LUT5 (Prop_lut5_I4_O)        0.105     1.728 r  u_iv_top/u_arb_fsm/pipe_tid[5]_i_4/O
                         net (fo=1, routed)           1.038     2.767    u_iv_top/u_arb_fsm/pipe_tid[5]_i_4_n_0
    SLICE_X76Y98         LUT4 (Prop_lut4_I0_O)        0.105     2.872 r  u_iv_top/u_arb_fsm/pipe_tid[5]_i_3/O
                         net (fo=174, routed)         6.637     9.509    u_iv_top/u_arb_fsm/s_axis_tdata[130]
    SLICE_X59Y156        LUT3 (Prop_lut3_I1_O)        0.121     9.630 r  u_iv_top/u_arb_fsm/fifo_mem[63][33]_i_1/O
                         net (fo=64, routed)          2.876    12.506    u_iv_top_n_459
    SLICE_X55Y193        FDRE                                         r  fifo_mem_reg[55][33]/D
  -------------------------------------------------------------------    -------------------

                         (clock aclk rise edge)       0.000     0.000 r  
                                                      0.000     0.000 r  aclk (IN)
                         net (fo=36115, unset)        1.285     1.285    aclk
    SLICE_X55Y193        FDRE                                         r  fifo_mem_reg[55][33]/C





Min Delay Paths
--------------------------------------------------------------------------------------
Slack:                    inf
  Source:                 s_axis_tdata[96]
                            (input port)
  Destination:            u_iv_top/cordic_inst/cordic_pipeline[0].m_pipe_reg[1]/D
                            (rising edge-triggered cell FDCE clocked by aclk  {rise@0.000ns fall@5.000ns period=10.000ns})
  Path Group:             (none)
  Path Type:              Hold (Min at Fast Process Corner)
  Data Path Delay:        0.390ns  (logic 0.000ns (0.000%)  route 0.390ns (100.000%))
  Logic Levels:           0  
  Clock Path Skew:        0.888ns (DCD - SCD - CPR)
    Destination Clock Delay (DCD):    0.888ns
    Source Clock Delay      (SCD):    0.000ns
    Clock Pessimism Removal (CPR):    -0.000ns

    Location             Delay type                Incr(ns)  Path(ns)    Netlist Resource(s)
  -------------------------------------------------------------------    -------------------
                                                      0.000     0.000 r  s_axis_tdata[96] (IN)
                         net (fo=85, unset)           0.390     0.390    u_iv_top/cordic_inst/s_axis_tdata[96]
    SLICE_X37Y108        FDCE                                         r  u_iv_top/cordic_inst/cordic_pipeline[0].m_pipe_reg[1]/D
  -------------------------------------------------------------------    -------------------

                         (clock aclk rise edge)       0.000     0.000 r  
                                                      0.000     0.000 r  aclk (IN)
                         net (fo=36115, unset)        0.888     0.888    u_iv_top/cordic_inst/aclk
    SLICE_X37Y108        FDCE                                         r  u_iv_top/cordic_inst/cordic_pipeline[0].m_pipe_reg[1]/C

Slack:                    inf
  Source:                 s_axis_tdata[160]
                            (input port)
  Destination:            u_iv_top/cordic_tid_gen[17].tid_pipe_cordic_reg[18][0]_srl18_u_iv_top_u_bs_datapath_u_ln_divider_div_stage_c_14/D
                            (rising edge-triggered cell SRLC32E clocked by aclk  {rise@0.000ns fall@5.000ns period=10.000ns})
  Path Group:             (none)
  Path Type:              Hold (Min at Fast Process Corner)
  Data Path Delay:        0.390ns  (logic 0.000ns (0.000%)  route 0.390ns (100.000%))
  Logic Levels:           0  
  Clock Path Skew:        0.848ns (DCD - SCD - CPR)
    Destination Clock Delay (DCD):    0.848ns
    Source Clock Delay      (SCD):    0.000ns
    Clock Pessimism Removal (CPR):    -0.000ns

    Location             Delay type                Incr(ns)  Path(ns)    Netlist Resource(s)
  -------------------------------------------------------------------    -------------------
                                                      0.000     0.000 r  s_axis_tdata[160] (IN)
                         net (fo=277, unset)          0.390     0.390    u_iv_top/s_axis_tdata[160]
    SLICE_X56Y131        SRLC32E                                      r  u_iv_top/cordic_tid_gen[17].tid_pipe_cordic_reg[18][0]_srl18_u_iv_top_u_bs_datapath_u_ln_divider_div_stage_c_14/D
  -------------------------------------------------------------------    -------------------

                         (clock aclk rise edge)       0.000     0.000 r  
                                                      0.000     0.000 r  aclk (IN)
                         net (fo=36115, unset)        0.848     0.848    u_iv_top/aclk
    SLICE_X56Y131        SRLC32E                                      r  u_iv_top/cordic_tid_gen[17].tid_pipe_cordic_reg[18][0]_srl18_u_iv_top_u_bs_datapath_u_ln_divider_div_stage_c_14/CLK

Slack:                    inf
  Source:                 s_axis_tdata[161]
                            (input port)
  Destination:            u_iv_top/cordic_tid_gen[17].tid_pipe_cordic_reg[18][1]_srl18_u_iv_top_u_bs_datapath_u_ln_divider_div_stage_c_14/D
                            (rising edge-triggered cell SRLC32E clocked by aclk  {rise@0.000ns fall@5.000ns period=10.000ns})
  Path Group:             (none)
  Path Type:              Hold (Min at Fast Process Corner)
  Data Path Delay:        0.390ns  (logic 0.000ns (0.000%)  route 0.390ns (100.000%))
  Logic Levels:           0  
  Clock Path Skew:        0.848ns (DCD - SCD - CPR)
    Destination Clock Delay (DCD):    0.848ns
    Source Clock Delay      (SCD):    0.000ns
    Clock Pessimism Removal (CPR):    -0.000ns

    Location             Delay type                Incr(ns)  Path(ns)    Netlist Resource(s)
  -------------------------------------------------------------------    -------------------
                                                      0.000     0.000 r  s_axis_tdata[161] (IN)
                         net (fo=277, unset)          0.390     0.390    u_iv_top/s_axis_tdata[161]
    SLICE_X56Y131        SRLC32E                                      r  u_iv_top/cordic_tid_gen[17].tid_pipe_cordic_reg[18][1]_srl18_u_iv_top_u_bs_datapath_u_ln_divider_div_stage_c_14/D
  -------------------------------------------------------------------    -------------------

                         (clock aclk rise edge)       0.000     0.000 r  
                                                      0.000     0.000 r  aclk (IN)
                         net (fo=36115, unset)        0.848     0.848    u_iv_top/aclk
    SLICE_X56Y131        SRLC32E                                      r  u_iv_top/cordic_tid_gen[17].tid_pipe_cordic_reg[18][1]_srl18_u_iv_top_u_bs_datapath_u_ln_divider_div_stage_c_14/CLK

Slack:                    inf
  Source:                 s_axis_tdata[162]
                            (input port)
  Destination:            u_iv_top/cordic_tid_gen[17].tid_pipe_cordic_reg[18][2]_srl18_u_iv_top_u_bs_datapath_u_ln_divider_div_stage_c_14/D
                            (rising edge-triggered cell SRLC32E clocked by aclk  {rise@0.000ns fall@5.000ns period=10.000ns})
  Path Group:             (none)
  Path Type:              Hold (Min at Fast Process Corner)
  Data Path Delay:        0.390ns  (logic 0.000ns (0.000%)  route 0.390ns (100.000%))
  Logic Levels:           0  
  Clock Path Skew:        0.848ns (DCD - SCD - CPR)
    Destination Clock Delay (DCD):    0.848ns
    Source Clock Delay      (SCD):    0.000ns
    Clock Pessimism Removal (CPR):    -0.000ns

    Location             Delay type                Incr(ns)  Path(ns)    Netlist Resource(s)
  -------------------------------------------------------------------    -------------------
                                                      0.000     0.000 r  s_axis_tdata[162] (IN)
                         net (fo=277, unset)          0.390     0.390    u_iv_top/s_axis_tdata[162]
    SLICE_X56Y131        SRLC32E                                      r  u_iv_top/cordic_tid_gen[17].tid_pipe_cordic_reg[18][2]_srl18_u_iv_top_u_bs_datapath_u_ln_divider_div_stage_c_14/D
  -------------------------------------------------------------------    -------------------

                         (clock aclk rise edge)       0.000     0.000 r  
                                                      0.000     0.000 r  aclk (IN)
                         net (fo=36115, unset)        0.848     0.848    u_iv_top/aclk
    SLICE_X56Y131        SRLC32E                                      r  u_iv_top/cordic_tid_gen[17].tid_pipe_cordic_reg[18][2]_srl18_u_iv_top_u_bs_datapath_u_ln_divider_div_stage_c_14/CLK

Slack:                    inf
  Source:                 s_axis_tdata[163]
                            (input port)
  Destination:            u_iv_top/cordic_tid_gen[17].tid_pipe_cordic_reg[18][3]_srl18_u_iv_top_u_bs_datapath_u_ln_divider_div_stage_c_14/D
                            (rising edge-triggered cell SRLC32E clocked by aclk  {rise@0.000ns fall@5.000ns period=10.000ns})
  Path Group:             (none)
  Path Type:              Hold (Min at Fast Process Corner)
  Data Path Delay:        0.390ns  (logic 0.000ns (0.000%)  route 0.390ns (100.000%))
  Logic Levels:           0  
  Clock Path Skew:        0.848ns (DCD - SCD - CPR)
    Destination Clock Delay (DCD):    0.848ns
    Source Clock Delay      (SCD):    0.000ns
    Clock Pessimism Removal (CPR):    -0.000ns

    Location             Delay type                Incr(ns)  Path(ns)    Netlist Resource(s)
  -------------------------------------------------------------------    -------------------
                                                      0.000     0.000 r  s_axis_tdata[163] (IN)
                         net (fo=277, unset)          0.390     0.390    u_iv_top/s_axis_tdata[163]
    SLICE_X56Y131        SRLC32E                                      r  u_iv_top/cordic_tid_gen[17].tid_pipe_cordic_reg[18][3]_srl18_u_iv_top_u_bs_datapath_u_ln_divider_div_stage_c_14/D
  -------------------------------------------------------------------    -------------------

                         (clock aclk rise edge)       0.000     0.000 r  
                                                      0.000     0.000 r  aclk (IN)
                         net (fo=36115, unset)        0.848     0.848    u_iv_top/aclk
    SLICE_X56Y131        SRLC32E                                      r  u_iv_top/cordic_tid_gen[17].tid_pipe_cordic_reg[18][3]_srl18_u_iv_top_u_bs_datapath_u_ln_divider_div_stage_c_14/CLK

Slack:                    inf
  Source:                 s_axis_tdata[164]
                            (input port)
  Destination:            u_iv_top/cordic_tid_gen[17].tid_pipe_cordic_reg[18][4]_srl18_u_iv_top_u_bs_datapath_u_ln_divider_div_stage_c_14/D
                            (rising edge-triggered cell SRLC32E clocked by aclk  {rise@0.000ns fall@5.000ns period=10.000ns})
  Path Group:             (none)
  Path Type:              Hold (Min at Fast Process Corner)
  Data Path Delay:        0.390ns  (logic 0.000ns (0.000%)  route 0.390ns (100.000%))
  Logic Levels:           0  
  Clock Path Skew:        0.851ns (DCD - SCD - CPR)
    Destination Clock Delay (DCD):    0.851ns
    Source Clock Delay      (SCD):    0.000ns
    Clock Pessimism Removal (CPR):    -0.000ns

    Location             Delay type                Incr(ns)  Path(ns)    Netlist Resource(s)
  -------------------------------------------------------------------    -------------------
                                                      0.000     0.000 r  s_axis_tdata[164] (IN)
                         net (fo=277, unset)          0.390     0.390    u_iv_top/s_axis_tdata[164]
    SLICE_X56Y115        SRLC32E                                      r  u_iv_top/cordic_tid_gen[17].tid_pipe_cordic_reg[18][4]_srl18_u_iv_top_u_bs_datapath_u_ln_divider_div_stage_c_14/D
  -------------------------------------------------------------------    -------------------

                         (clock aclk rise edge)       0.000     0.000 r  
                                                      0.000     0.000 r  aclk (IN)
                         net (fo=36115, unset)        0.851     0.851    u_iv_top/aclk
    SLICE_X56Y115        SRLC32E                                      r  u_iv_top/cordic_tid_gen[17].tid_pipe_cordic_reg[18][4]_srl18_u_iv_top_u_bs_datapath_u_ln_divider_div_stage_c_14/CLK

Slack:                    inf
  Source:                 s_axis_tdata[165]
                            (input port)
  Destination:            u_iv_top/cordic_tid_gen[17].tid_pipe_cordic_reg[18][5]_srl18_u_iv_top_u_bs_datapath_u_ln_divider_div_stage_c_14/D
                            (rising edge-triggered cell SRLC32E clocked by aclk  {rise@0.000ns fall@5.000ns period=10.000ns})
  Path Group:             (none)
  Path Type:              Hold (Min at Fast Process Corner)
  Data Path Delay:        0.390ns  (logic 0.000ns (0.000%)  route 0.390ns (100.000%))
  Logic Levels:           0  
  Clock Path Skew:        0.851ns (DCD - SCD - CPR)
    Destination Clock Delay (DCD):    0.851ns
    Source Clock Delay      (SCD):    0.000ns
    Clock Pessimism Removal (CPR):    -0.000ns

    Location             Delay type                Incr(ns)  Path(ns)    Netlist Resource(s)
  -------------------------------------------------------------------    -------------------
                                                      0.000     0.000 r  s_axis_tdata[165] (IN)
                         net (fo=277, unset)          0.390     0.390    u_iv_top/s_axis_tdata[165]
    SLICE_X56Y115        SRLC32E                                      r  u_iv_top/cordic_tid_gen[17].tid_pipe_cordic_reg[18][5]_srl18_u_iv_top_u_bs_datapath_u_ln_divider_div_stage_c_14/D
  -------------------------------------------------------------------    -------------------

                         (clock aclk rise edge)       0.000     0.000 r  
                                                      0.000     0.000 r  aclk (IN)
                         net (fo=36115, unset)        0.851     0.851    u_iv_top/aclk
    SLICE_X56Y115        SRLC32E                                      r  u_iv_top/cordic_tid_gen[17].tid_pipe_cordic_reg[18][5]_srl18_u_iv_top_u_bs_datapath_u_ln_divider_div_stage_c_14/CLK

Slack:                    inf
  Source:                 s_axis_tdata[64]
                            (input port)
  Destination:            u_iv_top/ctx_C_reg_0_63_0_2/RAMA/I
                            (rising edge-triggered cell RAMD64E clocked by aclk  {rise@0.000ns fall@5.000ns period=10.000ns})
  Path Group:             (none)
  Path Type:              Hold (Min at Fast Process Corner)
  Data Path Delay:        0.390ns  (logic 0.000ns (0.000%)  route 0.390ns (100.000%))
  Logic Levels:           0  
  Clock Path Skew:        0.910ns (DCD - SCD - CPR)
    Destination Clock Delay (DCD):    0.910ns
    Source Clock Delay      (SCD):    0.000ns
    Clock Pessimism Removal (CPR):    -0.000ns

    Location             Delay type                Incr(ns)  Path(ns)    Netlist Resource(s)
  -------------------------------------------------------------------    -------------------
                                                      0.000     0.000 r  s_axis_tdata[64] (IN)
                         net (fo=2, unset)            0.390     0.390    u_iv_top/ctx_C_reg_0_63_0_2/DIA
    SLICE_X64Y78         RAMD64E                                      r  u_iv_top/ctx_C_reg_0_63_0_2/RAMA/I
  -------------------------------------------------------------------    -------------------

                         (clock aclk rise edge)       0.000     0.000 r  
                                                      0.000     0.000 r  aclk (IN)
                         net (fo=36115, unset)        0.910     0.910    u_iv_top/ctx_C_reg_0_63_0_2/WCLK
    SLICE_X64Y78         RAMD64E                                      r  u_iv_top/ctx_C_reg_0_63_0_2/RAMA/CLK

Slack:                    inf
  Source:                 s_axis_tdata[160]
                            (input port)
  Destination:            u_iv_top/ctx_C_reg_0_63_0_2/RAMA/WADR0
                            (rising edge-triggered cell RAMD64E clocked by aclk  {rise@0.000ns fall@5.000ns period=10.000ns})
  Path Group:             (none)
  Path Type:              Hold (Min at Fast Process Corner)
  Data Path Delay:        0.390ns  (logic 0.000ns (0.000%)  route 0.390ns (100.000%))
  Logic Levels:           0  
  Clock Path Skew:        0.910ns (DCD - SCD - CPR)
    Destination Clock Delay (DCD):    0.910ns
    Source Clock Delay      (SCD):    0.000ns
    Clock Pessimism Removal (CPR):    -0.000ns

    Location             Delay type                Incr(ns)  Path(ns)    Netlist Resource(s)
  -------------------------------------------------------------------    -------------------
                                                      0.000     0.000 r  s_axis_tdata[160] (IN)
                         net (fo=277, unset)          0.390     0.390    u_iv_top/ctx_C_reg_0_63_0_2/ADDRD0
    SLICE_X64Y78         RAMD64E                                      r  u_iv_top/ctx_C_reg_0_63_0_2/RAMA/WADR0
  -------------------------------------------------------------------    -------------------

                         (clock aclk rise edge)       0.000     0.000 r  
                                                      0.000     0.000 r  aclk (IN)
                         net (fo=36115, unset)        0.910     0.910    u_iv_top/ctx_C_reg_0_63_0_2/WCLK
    SLICE_X64Y78         RAMD64E                                      r  u_iv_top/ctx_C_reg_0_63_0_2/RAMA/CLK

Slack:                    inf
  Source:                 s_axis_tdata[161]
                            (input port)
  Destination:            u_iv_top/ctx_C_reg_0_63_0_2/RAMA/WADR1
                            (rising edge-triggered cell RAMD64E clocked by aclk  {rise@0.000ns fall@5.000ns period=10.000ns})
  Path Group:             (none)
  Path Type:              Hold (Min at Fast Process Corner)
  Data Path Delay:        0.390ns  (logic 0.000ns (0.000%)  route 0.390ns (100.000%))
  Logic Levels:           0  
  Clock Path Skew:        0.910ns (DCD - SCD - CPR)
    Destination Clock Delay (DCD):    0.910ns
    Source Clock Delay      (SCD):    0.000ns
    Clock Pessimism Removal (CPR):    -0.000ns

    Location             Delay type                Incr(ns)  Path(ns)    Netlist Resource(s)
  -------------------------------------------------------------------    -------------------
                                                      0.000     0.000 r  s_axis_tdata[161] (IN)
                         net (fo=277, unset)          0.390     0.390    u_iv_top/ctx_C_reg_0_63_0_2/ADDRD1
    SLICE_X64Y78         RAMD64E                                      r  u_iv_top/ctx_C_reg_0_63_0_2/RAMA/WADR1
  -------------------------------------------------------------------    -------------------

                         (clock aclk rise edge)       0.000     0.000 r  
                                                      0.000     0.000 r  aclk (IN)
                         net (fo=36115, unset)        0.910     0.910    u_iv_top/ctx_C_reg_0_63_0_2/WCLK
    SLICE_X64Y78         RAMD64E                                      r  u_iv_top/ctx_C_reg_0_63_0_2/RAMA/CLK





