Copyright 1986-2022 Xilinx, Inc. All Rights Reserved. Copyright 2022-2025 Advanced Micro Devices, Inc. All Rights Reserved.
-----------------------------------------------------------------------------------------------------------------------------------------------
| Tool Version : Vivado v.2025.2 (win64) Build 6299465 Fri Nov 14 19:35:11 GMT 2025
| Date         : Fri Sep 18 22:23:17 2026
| Host         : LAPTOP-EPHGQB72 running 64-bit major release  (build 9200)
| Command      : report_timing_summary -file impl_results/artix7_4core_bram/artix7_bram_timing_summary.rpt -max_paths 10 -report_unconstrained
| Design       : iv_multi_engine_top_bram
| Device       : 7a200t-ffg1156
| Speed File   : -3  PRODUCTION 1.23 2018-06-13
| Design State : Routed
-----------------------------------------------------------------------------------------------------------------------------------------------

Timing Summary Report

------------------------------------------------------------------------------------------------
| Timer Settings
| --------------
------------------------------------------------------------------------------------------------

  Enable Multi Corner Analysis               :  Yes
  Enable Pessimism Removal                   :  Yes
  Pessimism Removal Resolution               :  Nearest Common Node
  Enable Input Delay Default Clock           :  No
  Enable Preset / Clear Arcs                 :  No
  Disable Flight Delays                      :  No
  Ignore I/O Paths                           :  No
  Timing Early Launch at Borrowing Latches   :  No
  Borrow Time for Max Delay Exceptions       :  Yes
  Merge Timing Exceptions                    :  Yes
  Inter-SLR Compensation                     :  Conservative

  Corner  Analyze    Analyze    
  Name    Max Paths  Min Paths  
  ------  ---------  ---------  
  Slow    Yes        Yes        
  Fast    Yes        Yes        


------------------------------------------------------------------------------------------------
| Report Methodology
| ------------------
------------------------------------------------------------------------------------------------

No report available as report_methodology has not been run prior. Run report_methodology on the current design for the summary of methodology violations.



check_timing report

Table of Contents
-----------------
1. checking no_clock (0)
2. checking constant_clock (0)
3. checking pulse_width_clock (0)
4. checking unconstrained_internal_endpoints (0)
5. checking no_input_delay (169)
6. checking no_output_delay (130)
7. checking multiple_clock (0)
8. checking generated_clocks (0)
9. checking loops (0)
10. checking partial_input_delay (0)
11. checking partial_output_delay (0)
12. checking latch_loops (0)

1. checking no_clock (0)
------------------------
 There are 0 register/latch pins with no clock.


2. checking constant_clock (0)
------------------------------
 There are 0 register/latch pins with constant_clock.


3. checking pulse_width_clock (0)
---------------------------------
 There are 0 register/latch pins which need pulse_width check


4. checking unconstrained_internal_endpoints (0)
------------------------------------------------
 There are 0 pins that are not constrained for maximum delay.

 There are 0 pins that are not constrained for maximum delay due to constant clock.


5. checking no_input_delay (169)
--------------------------------
 There are 168 input ports with no input delay specified. (HIGH)

 There is 1 input port with no input delay but user has a false path constraint. (MEDIUM)


6. checking no_output_delay (130)
---------------------------------
 There are 130 ports with no output delay specified. (HIGH)

 There are 0 ports with no output delay but user has a false path constraint

 There are 0 ports with no output delay but with a timing clock defined on it or propagating through it


7. checking multiple_clock (0)
------------------------------
 There are 0 register/latch pins with multiple clocks.


8. checking generated_clocks (0)
--------------------------------
 There are 0 generated clocks that are not connected to a clock source.


9. checking loops (0)
---------------------
 There are 0 combinational loops in the design.


10. checking partial_input_delay (0)
------------------------------------
 There are 0 input ports with partial input delay specified.


11. checking partial_output_delay (0)
-------------------------------------
 There are 0 ports with partial output delay specified.


12. checking latch_loops (0)
----------------------------
 There are 0 combinational latch loops in the design through latch input



------------------------------------------------------------------------------------------------
| Design Timing Summary
| ---------------------
------------------------------------------------------------------------------------------------

    WNS(ns)      TNS(ns)  TNS Failing Endpoints  TNS Total Endpoints      WHS(ns)      THS(ns)  THS Failing Endpoints  THS Total Endpoints     WPWS(ns)     TPWS(ns)  TPWS Failing Endpoints  TPWS Total Endpoints  
    -------      -------  ---------------------  -------------------      -------      -------  ---------------------  -------------------     --------     --------  ----------------------  --------------------  
     -0.104       -0.567                     14               187060        0.028        0.000                      0               187060        3.950        0.000                       0                138871  


Timing constraints are not met.


------------------------------------------------------------------------------------------------
| Clock Summary
| -------------
------------------------------------------------------------------------------------------------

Clock  Waveform(ns)       Period(ns)      Frequency(MHz)
-----  ------------       ----------      --------------
aclk   {0.000 5.000}      10.000          100.000         


------------------------------------------------------------------------------------------------
| Intra Clock Table
| -----------------
------------------------------------------------------------------------------------------------

Clock             WNS(ns)      TNS(ns)  TNS Failing Endpoints  TNS Total Endpoints      WHS(ns)      THS(ns)  THS Failing Endpoints  THS Total Endpoints     WPWS(ns)     TPWS(ns)  TPWS Failing Endpoints  TPWS Total Endpoints  
-----             -------      -------  ---------------------  -------------------      -------      -------  ---------------------  -------------------     --------     --------  ----------------------  --------------------  
aclk               -0.104       -0.567                     14               187060        0.028        0.000                      0               187060        3.950        0.000                       0                138871  


------------------------------------------------------------------------------------------------
| Inter Clock Table
| -----------------
------------------------------------------------------------------------------------------------

From Clock    To Clock          WNS(ns)      TNS(ns)  TNS Failing Endpoints  TNS Total Endpoints      WHS(ns)      THS(ns)  THS Failing Endpoints  THS Total Endpoints  
----------    --------          -------      -------  ---------------------  -------------------      -------      -------  ---------------------  -------------------  


------------------------------------------------------------------------------------------------
| Other Path Groups Table
| -----------------------
------------------------------------------------------------------------------------------------

Path Group    From Clock    To Clock          WNS(ns)      TNS(ns)  TNS Failing Endpoints  TNS Total Endpoints      WHS(ns)      THS(ns)  THS Failing Endpoints  THS Total Endpoints  
----------    ----------    --------          -------      -------  ---------------------  -------------------      -------      -------  ---------------------  -------------------  


------------------------------------------------------------------------------------------------
| User Ignored Path Table
| -----------------------
------------------------------------------------------------------------------------------------

Path Group    From Clock    To Clock    
----------    ----------    --------    
(none)                      aclk          


------------------------------------------------------------------------------------------------
| Unconstrained Path Table
| ------------------------
------------------------------------------------------------------------------------------------

Path Group    From Clock    To Clock    
----------    ----------    --------    
(none)                                    
(none)        aclk                        
(none)                      aclk          


------------------------------------------------------------------------------------------------
| Timing Details
| --------------
------------------------------------------------------------------------------------------------


---------------------------------------------------------------------------------------------------
From Clock:  aclk
  To Clock:  aclk

Setup :           14  Failing Endpoints,  Worst Slack       -0.104ns,  Total Violation       -0.567ns
Hold  :            0  Failing Endpoints,  Worst Slack        0.028ns,  Total Violation        0.000ns
PW    :            0  Failing Endpoints,  Worst Slack        3.950ns,  Total Violation        0.000ns
---------------------------------------------------------------------------------------------------


Max Delay Paths
--------------------------------------------------------------------------------------
Slack (VIOLATED) :        -0.104ns  (required time - arrival time)
  Source:                 i__i_13_replica/C
                            (rising edge-triggered cell FDCE clocked by aclk  {rise@0.000ns fall@5.000ns period=10.000ns})
  Destination:            core_inst_gen[0].u_engine_core/u_iv_top/gen_init_guess.u_init_guess/u_init_divider/div_stage[0].rem_pipe_reg[1][13]/D
                            (rising edge-triggered cell FDCE clocked by aclk  {rise@0.000ns fall@5.000ns period=10.000ns})
  Path Group:             aclk
  Path Type:              Setup (Max at Slow Process Corner)
  Requirement:            10.000ns  (aclk rise@10.000ns - aclk rise@0.000ns)
  Data Path Delay:        9.884ns  (logic 4.035ns (40.822%)  route 5.849ns (59.178%))
  Logic Levels:           24  (CARRY4=13 LUT2=2 LUT3=1 LUT5=3 LUT6=5)
  Clock Path Skew:        -0.214ns (DCD - SCD + CPR)
    Destination Clock Delay (DCD):    1.169ns = ( 11.169 - 10.000 ) 
    Source Clock Delay      (SCD):    1.389ns
    Clock Pessimism Removal (CPR):    0.006ns
  Clock Uncertainty:      0.035ns  ((TSJ^2 + TIJ^2)^1/2 + DJ) / 2 + PE
    Total System Jitter     (TSJ):    0.071ns
    Total Input Jitter      (TIJ):    0.000ns
    Discrete Jitter          (DJ):    0.000ns
    Phase Error              (PE):    0.000ns

    Location             Delay type                Incr(ns)  Path(ns)    Netlist Resource(s)
  -------------------------------------------------------------------    -------------------
                         (clock aclk rise edge)       0.000     0.000 r  
                                                      0.000     0.000 r  aclk (IN)
                         net (fo=138870, unset)       1.389     1.389    aclk
    SLICE_X64Y88         FDCE                                         r  i__i_13_replica/C
  -------------------------------------------------------------------    -------------------
    SLICE_X64Y88         FDCE (Prop_fdce_C_Q)         0.393     1.782 r  i__i_13_replica/Q
                         net (fo=18, routed)          0.426     2.208    core_inst_gen[0].u_engine_core/u_iv_top/gen_init_guess.u_init_guess/u_init_divider/i__i_13_n_0_repN_alias
    SLICE_X65Y89         LUT3 (Prop_lut3_I1_O)        0.097     2.305 r  core_inst_gen[0].u_engine_core/u_iv_top/gen_init_guess.u_init_guess/u_init_divider/div_stage[0].den_pipe[1][6]_i_35/O
                         net (fo=1, routed)           0.000     2.305    core_inst_gen[0].u_engine_core/u_iv_top/gen_init_guess.u_init_guess/u_init_divider/div_stage[0].den_pipe[1][6]_i_35_n_0
    SLICE_X65Y89         CARRY4 (Prop_carry4_S[1]_CO[3])
                                                      0.412     2.717 r  core_inst_gen[0].u_engine_core/u_iv_top/gen_init_guess.u_init_guess/u_init_divider/div_stage[0].den_pipe_reg[1][6]_i_21/CO[3]
                         net (fo=1, routed)           0.000     2.717    core_inst_gen[0].u_engine_core/u_iv_top/gen_init_guess.u_init_guess/u_init_divider/div_stage[0].den_pipe_reg[1][6]_i_21_n_0
    SLICE_X65Y90         CARRY4 (Prop_carry4_CI_CO[3])
                                                      0.089     2.806 r  core_inst_gen[0].u_engine_core/u_iv_top/gen_init_guess.u_init_guess/u_init_divider/div_stage[0].den_pipe_reg[1][6]_i_12/CO[3]
                         net (fo=1, routed)           0.000     2.806    core_inst_gen[0].u_engine_core/u_iv_top/gen_init_guess.u_init_guess/u_init_divider/div_stage[0].den_pipe_reg[1][6]_i_12_n_0
    SLICE_X65Y91         CARRY4 (Prop_carry4_CI_CO[3])
                                                      0.089     2.895 r  core_inst_gen[0].u_engine_core/u_iv_top/gen_init_guess.u_init_guess/u_init_divider/div_stage[0].den_pipe_reg[1][6]_i_3/CO[3]
                         net (fo=1, routed)           0.000     2.895    core_inst_gen[0].u_engine_core/u_iv_top/gen_init_guess.u_init_guess/u_init_divider/div_stage[0].den_pipe_reg[1][6]_i_3_n_0
    SLICE_X65Y92         CARRY4 (Prop_carry4_CI_CO[3])
                                                      0.089     2.984 r  core_inst_gen[0].u_engine_core/u_iv_top/gen_init_guess.u_init_guess/u_init_divider/div_stage[0].den_pipe_reg[1][6]_i_2/CO[3]
                         net (fo=1, routed)           0.000     2.984    core_inst_gen[0].u_engine_core/u_iv_top/gen_init_guess.u_init_guess/u_init_divider/div_stage[0].den_pipe_reg[1][6]_i_2_n_0
    SLICE_X65Y93         CARRY4 (Prop_carry4_CI_CO[3])
                                                      0.089     3.073 r  core_inst_gen[0].u_engine_core/u_iv_top/gen_init_guess.u_init_guess/u_init_divider/div_stage[0].den_pipe_reg[1][11]_i_2/CO[3]
                         net (fo=1, routed)           0.000     3.073    core_inst_gen[0].u_engine_core/u_iv_top/gen_init_guess.u_init_guess/u_init_divider/div_stage[0].den_pipe_reg[1][11]_i_2_n_0
    SLICE_X65Y94         CARRY4 (Prop_carry4_CI_CO[3])
                                                      0.089     3.162 r  core_inst_gen[0].u_engine_core/u_iv_top/gen_init_guess.u_init_guess/u_init_divider/div_stage[0].den_pipe_reg[1][15]_i_2/CO[3]
                         net (fo=1, routed)           0.000     3.162    core_inst_gen[0].u_engine_core/u_iv_top/gen_init_guess.u_init_guess/u_init_divider/div_stage[0].den_pipe_reg[1][15]_i_2_n_0
    SLICE_X65Y95         CARRY4 (Prop_carry4_CI_CO[3])
                                                      0.089     3.251 r  core_inst_gen[0].u_engine_core/u_iv_top/gen_init_guess.u_init_guess/u_init_divider/div_stage[0].den_pipe_reg[1][19]_i_2/CO[3]
                         net (fo=1, routed)           0.000     3.251    core_inst_gen[0].u_engine_core/u_iv_top/gen_init_guess.u_init_guess/u_init_divider/div_stage[0].den_pipe_reg[1][19]_i_2_n_0
    SLICE_X65Y96         CARRY4 (Prop_carry4_CI_CO[3])
                                                      0.089     3.340 r  core_inst_gen[0].u_engine_core/u_iv_top/gen_init_guess.u_init_guess/u_init_divider/div_stage[0].den_pipe_reg[1][22]_i_2/CO[3]
                         net (fo=1, routed)           0.000     3.340    core_inst_gen[0].u_engine_core/u_iv_top/gen_init_guess.u_init_guess/u_init_divider/div_stage[0].den_pipe_reg[1][22]_i_2_n_0
    SLICE_X65Y97         CARRY4 (Prop_carry4_CI_CO[3])
                                                      0.089     3.429 r  core_inst_gen[0].u_engine_core/u_iv_top/gen_init_guess.u_init_guess/u_init_divider/div_stage[0].den_pipe_reg[1][25]_i_3/CO[3]
                         net (fo=1, routed)           0.000     3.429    core_inst_gen[0].u_engine_core/u_iv_top/gen_init_guess.u_init_guess/u_init_divider/div_stage[0].den_pipe_reg[1][25]_i_3_n_0
    SLICE_X65Y98         CARRY4 (Prop_carry4_CI_O[3])
                                                      0.234     3.663 f  core_inst_gen[0].u_engine_core/u_iv_top/gen_init_guess.u_init_guess/u_init_divider/i___993_i_7/O[3]
                         net (fo=3, routed)           0.726     4.389    core_inst_gen[0].u_engine_core/u_iv_top/gen_init_guess.u_init_guess/u_init_divider/den_reg_reg[31]
    SLICE_X66Y93         LUT2 (Prop_lut2_I1_O)        0.234     4.623 r  core_inst_gen[0].u_engine_core/u_iv_top/gen_init_guess.u_init_guess/u_init_divider/div_stage[0].den_pipe[1][25]_i_9__0/O
                         net (fo=1, routed)           0.000     4.623    core_inst_gen[0].u_engine_core/u_iv_top/gen_init_guess.u_init_guess/u_init_divider/div_stage[0].den_pipe[1][25]_i_9__0_n_0
    SLICE_X66Y93         CARRY4 (Prop_carry4_S[3]_CO[3])
                                                      0.284     4.907 r  core_inst_gen[0].u_engine_core/u_iv_top/gen_init_guess.u_init_guess/u_init_divider/div_stage[0].den_pipe_reg[1][25]_i_2/CO[3]
                         net (fo=61, routed)          0.917     5.824    core_inst_gen[0].u_engine_core/u_iv_top/gen_init_guess.u_init_guess/u_init_divider/denominator_in2
    SLICE_X67Y89         LUT2 (Prop_lut2_I0_O)        0.107     5.931 f  core_inst_gen[0].u_engine_core/u_iv_top/gen_init_guess.u_init_guess/u_init_divider/div_stage[0].den_pipe[1][4]_i_2/O
                         net (fo=4, routed)           0.586     6.517    core_inst_gen[0].u_engine_core/u_iv_top/gen_init_guess.u_init_guess/u_init_divider/div_stage[0].den_pipe[1][4]_i_5_n_0
    SLICE_X68Y87         LUT6 (Prop_lut6_I4_O)        0.240     6.757 r  core_inst_gen[0].u_engine_core/u_iv_top/gen_init_guess.u_init_guess/u_init_divider/div_stage[29].dbz_pipe_reg[30]_srl30_core_inst_gen_c_28_i_6/O
                         net (fo=2, routed)           0.227     6.984    core_inst_gen[0].u_engine_core/u_iv_top/gen_init_guess.u_init_guess/u_init_divider/div_stage[29].dbz_pipe_reg[30]_srl30_core_inst_gen_c_28_i_6_n_0
    SLICE_X71Y88         LUT5 (Prop_lut5_I4_O)        0.097     7.081 r  core_inst_gen[0].u_engine_core/u_iv_top/gen_init_guess.u_init_guess/u_init_divider/i___993_i_21/O
                         net (fo=1, routed)           0.093     7.173    core_inst_gen[0].u_engine_core/u_iv_top/gen_init_guess.u_init_guess/u_init_divider/i___993_i_21_n_0
    SLICE_X71Y88         LUT6 (Prop_lut6_I5_O)        0.097     7.270 r  core_inst_gen[0].u_engine_core/u_iv_top/gen_init_guess.u_init_guess/u_init_divider/i___993_i_13/O
                         net (fo=1, routed)           0.205     7.476    core_inst_gen[0].u_engine_core/u_iv_top/gen_init_guess.u_init_guess/u_init_divider/i___993_i_13_n_0
    SLICE_X72Y87         LUT6 (Prop_lut6_I5_O)        0.097     7.573 r  core_inst_gen[0].u_engine_core/u_iv_top/gen_init_guess.u_init_guess/u_init_divider/i___993_i_6/O
                         net (fo=4, routed)           0.382     7.955    core_inst_gen[0].u_engine_core/u_iv_top/gen_init_guess.u_init_guess/u_init_divider/i___993_i_6_n_0
    SLICE_X73Y94         LUT6 (Prop_lut6_I5_O)        0.097     8.052 f  core_inst_gen[0].u_engine_core/u_iv_top/gen_init_guess.u_init_guess/u_init_divider/i___993_i_1/O
                         net (fo=41, routed)          0.631     8.683    core_inst_gen[0].u_engine_core/u_iv_top/gen_init_guess.u_init_guess/u_init_divider/i___993_i_1_n_0
    SLICE_X73Y93         LUT5 (Prop_lut5_I2_O)        0.111     8.794 f  core_inst_gen[0].u_engine_core/u_iv_top/gen_init_guess.u_init_guess/u_init_divider/div_stage[0].den_pipe[1][16]_i_1__11/O
                         net (fo=4, routed)           0.314     9.107    core_inst_gen[0].u_engine_core/u_iv_top/gen_init_guess.u_init_guess/u_init_divider/den_abs[16]
    SLICE_X71Y91         LUT6 (Prop_lut6_I3_O)        0.245     9.352 r  core_inst_gen[0].u_engine_core/u_iv_top/gen_init_guess.u_init_guess/u_init_divider/i___1032/O
                         net (fo=1, routed)           0.411     9.764    core_inst_gen[0].u_engine_core/u_iv_top/gen_init_guess.u_init_guess/u_init_divider/i___1032_n_0
    SLICE_X71Y94         CARRY4 (Prop_carry4_DI[0]_CO[3])
                                                      0.392    10.156 r  core_inst_gen[0].u_engine_core/u_iv_top/gen_init_guess.u_init_guess/u_init_divider/i___989_i_21/CO[3]
                         net (fo=1, routed)           0.000    10.156    core_inst_gen[0].u_engine_core/u_iv_top/gen_init_guess.u_init_guess/u_init_divider/i___989_i_21_n_0
    SLICE_X71Y95         CARRY4 (Prop_carry4_CI_CO[3])
                                                      0.089    10.245 r  core_inst_gen[0].u_engine_core/u_iv_top/gen_init_guess.u_init_guess/u_init_divider/i___989_i_4/CO[3]
                         net (fo=32, routed)          0.932    11.176    core_inst_gen[0].u_engine_core/u_iv_top/gen_init_guess.u_init_guess/u_init_divider/div_stage[0].rem_ge_den
    SLICE_X69Y105        LUT5 (Prop_lut5_I4_O)        0.097    11.273 r  core_inst_gen[0].u_engine_core/u_iv_top/gen_init_guess.u_init_guess/u_init_divider/i___1021/O
                         net (fo=1, routed)           0.000    11.273    core_inst_gen[0].u_engine_core/u_iv_top/gen_init_guess.u_init_guess/u_init_divider/i___1021_n_0
    SLICE_X69Y105        FDCE                                         r  core_inst_gen[0].u_engine_core/u_iv_top/gen_init_guess.u_init_guess/u_init_divider/div_stage[0].rem_pipe_reg[1][13]/D
  -------------------------------------------------------------------    -------------------

                         (clock aclk rise edge)      10.000    10.000 r  
                                                      0.000    10.000 r  aclk (IN)
                         net (fo=138870, unset)       1.169    11.169    core_inst_gen[0].u_engine_core/u_iv_top/gen_init_guess.u_init_guess/u_init_divider/aclk
    SLICE_X69Y105        FDCE                                         r  core_inst_gen[0].u_engine_core/u_iv_top/gen_init_guess.u_init_guess/u_init_divider/div_stage[0].rem_pipe_reg[1][13]/C
                         clock pessimism              0.006    11.175    
                         clock uncertainty           -0.035    11.140    
    SLICE_X69Y105        FDCE (Setup_fdce_C_D)        0.030    11.170    core_inst_gen[0].u_engine_core/u_iv_top/gen_init_guess.u_init_guess/u_init_divider/div_stage[0].rem_pipe_reg[1][13]
  -------------------------------------------------------------------
                         required time                         11.170    
                         arrival time                         -11.273    
  -------------------------------------------------------------------
                         slack                                 -0.104    

Slack (VIOLATED) :        -0.098ns  (required time - arrival time)
  Source:                 i__i_13_replica/C
                            (rising edge-triggered cell FDCE clocked by aclk  {rise@0.000ns fall@5.000ns period=10.000ns})
  Destination:            core_inst_gen[0].u_engine_core/u_iv_top/gen_init_guess.u_init_guess/u_init_divider/div_stage[0].rem_pipe_reg[1][30]/D
                            (rising edge-triggered cell FDCE clocked by aclk  {rise@0.000ns fall@5.000ns period=10.000ns})
  Path Group:             aclk
  Path Type:              Setup (Max at Slow Process Corner)
  Requirement:            10.000ns  (aclk rise@10.000ns - aclk rise@0.000ns)
  Data Path Delay:        10.055ns  (logic 4.573ns (45.480%)  route 5.482ns (54.520%))
  Logic Levels:           29  (CARRY4=18 LUT2=3 LUT3=1 LUT4=2 LUT5=1 LUT6=4)
  Clock Path Skew:        -0.040ns (DCD - SCD + CPR)
    Destination Clock Delay (DCD):    1.283ns = ( 11.283 - 10.000 ) 
    Source Clock Delay      (SCD):    1.389ns
    Clock Pessimism Removal (CPR):    0.066ns
  Clock Uncertainty:      0.035ns  ((TSJ^2 + TIJ^2)^1/2 + DJ) / 2 + PE
    Total System Jitter     (TSJ):    0.071ns
    Total Input Jitter      (TIJ):    0.000ns
    Discrete Jitter          (DJ):    0.000ns
    Phase Error              (PE):    0.000ns

    Location             Delay type                Incr(ns)  Path(ns)    Netlist Resource(s)
  -------------------------------------------------------------------    -------------------
                         (clock aclk rise edge)       0.000     0.000 r  
                                                      0.000     0.000 r  aclk (IN)
                         net (fo=138870, unset)       1.389     1.389    aclk
    SLICE_X64Y88         FDCE                                         r  i__i_13_replica/C
  -------------------------------------------------------------------    -------------------
    SLICE_X64Y88         FDCE (Prop_fdce_C_Q)         0.393     1.782 r  i__i_13_replica/Q
                         net (fo=18, routed)          0.426     2.208    core_inst_gen[0].u_engine_core/u_iv_top/gen_init_guess.u_init_guess/u_init_divider/i__i_13_n_0_repN_alias
    SLICE_X65Y89         LUT3 (Prop_lut3_I1_O)        0.097     2.305 r  core_inst_gen[0].u_engine_core/u_iv_top/gen_init_guess.u_init_guess/u_init_divider/div_stage[0].den_pipe[1][6]_i_35/O
                         net (fo=1, routed)           0.000     2.305    core_inst_gen[0].u_engine_core/u_iv_top/gen_init_guess.u_init_guess/u_init_divider/div_stage[0].den_pipe[1][6]_i_35_n_0
    SLICE_X65Y89         CARRY4 (Prop_carry4_S[1]_CO[3])
                                                      0.412     2.717 r  core_inst_gen[0].u_engine_core/u_iv_top/gen_init_guess.u_init_guess/u_init_divider/div_stage[0].den_pipe_reg[1][6]_i_21/CO[3]
                         net (fo=1, routed)           0.000     2.717    core_inst_gen[0].u_engine_core/u_iv_top/gen_init_guess.u_init_guess/u_init_divider/div_stage[0].den_pipe_reg[1][6]_i_21_n_0
    SLICE_X65Y90         CARRY4 (Prop_carry4_CI_CO[3])
                                                      0.089     2.806 r  core_inst_gen[0].u_engine_core/u_iv_top/gen_init_guess.u_init_guess/u_init_divider/div_stage[0].den_pipe_reg[1][6]_i_12/CO[3]
                         net (fo=1, routed)           0.000     2.806    core_inst_gen[0].u_engine_core/u_iv_top/gen_init_guess.u_init_guess/u_init_divider/div_stage[0].den_pipe_reg[1][6]_i_12_n_0
    SLICE_X65Y91         CARRY4 (Prop_carry4_CI_CO[3])
                                                      0.089     2.895 r  core_inst_gen[0].u_engine_core/u_iv_top/gen_init_guess.u_init_guess/u_init_divider/div_stage[0].den_pipe_reg[1][6]_i_3/CO[3]
                         net (fo=1, routed)           0.000     2.895    core_inst_gen[0].u_engine_core/u_iv_top/gen_init_guess.u_init_guess/u_init_divider/div_stage[0].den_pipe_reg[1][6]_i_3_n_0
    SLICE_X65Y92         CARRY4 (Prop_carry4_CI_CO[3])
                                                      0.089     2.984 r  core_inst_gen[0].u_engine_core/u_iv_top/gen_init_guess.u_init_guess/u_init_divider/div_stage[0].den_pipe_reg[1][6]_i_2/CO[3]
                         net (fo=1, routed)           0.000     2.984    core_inst_gen[0].u_engine_core/u_iv_top/gen_init_guess.u_init_guess/u_init_divider/div_stage[0].den_pipe_reg[1][6]_i_2_n_0
    SLICE_X65Y93         CARRY4 (Prop_carry4_CI_CO[3])
                                                      0.089     3.073 r  core_inst_gen[0].u_engine_core/u_iv_top/gen_init_guess.u_init_guess/u_init_divider/div_stage[0].den_pipe_reg[1][11]_i_2/CO[3]
                         net (fo=1, routed)           0.000     3.073    core_inst_gen[0].u_engine_core/u_iv_top/gen_init_guess.u_init_guess/u_init_divider/div_stage[0].den_pipe_reg[1][11]_i_2_n_0
    SLICE_X65Y94         CARRY4 (Prop_carry4_CI_CO[3])
                                                      0.089     3.162 r  core_inst_gen[0].u_engine_core/u_iv_top/gen_init_guess.u_init_guess/u_init_divider/div_stage[0].den_pipe_reg[1][15]_i_2/CO[3]
                         net (fo=1, routed)           0.000     3.162    core_inst_gen[0].u_engine_core/u_iv_top/gen_init_guess.u_init_guess/u_init_divider/div_stage[0].den_pipe_reg[1][15]_i_2_n_0
    SLICE_X65Y95         CARRY4 (Prop_carry4_CI_CO[3])
                                                      0.089     3.251 r  core_inst_gen[0].u_engine_core/u_iv_top/gen_init_guess.u_init_guess/u_init_divider/div_stage[0].den_pipe_reg[1][19]_i_2/CO[3]
                         net (fo=1, routed)           0.000     3.251    core_inst_gen[0].u_engine_core/u_iv_top/gen_init_guess.u_init_guess/u_init_divider/div_stage[0].den_pipe_reg[1][19]_i_2_n_0
    SLICE_X65Y96         CARRY4 (Prop_carry4_CI_CO[3])
                                                      0.089     3.340 r  core_inst_gen[0].u_engine_core/u_iv_top/gen_init_guess.u_init_guess/u_init_divider/div_stage[0].den_pipe_reg[1][22]_i_2/CO[3]
                         net (fo=1, routed)           0.000     3.340    core_inst_gen[0].u_engine_core/u_iv_top/gen_init_guess.u_init_guess/u_init_divider/div_stage[0].den_pipe_reg[1][22]_i_2_n_0
    SLICE_X65Y97         CARRY4 (Prop_carry4_CI_CO[3])
                                                      0.089     3.429 r  core_inst_gen[0].u_engine_core/u_iv_top/gen_init_guess.u_init_guess/u_init_divider/div_stage[0].den_pipe_reg[1][25]_i_3/CO[3]
                         net (fo=1, routed)           0.000     3.429    core_inst_gen[0].u_engine_core/u_iv_top/gen_init_guess.u_init_guess/u_init_divider/div_stage[0].den_pipe_reg[1][25]_i_3_n_0
    SLICE_X65Y98         CARRY4 (Prop_carry4_CI_O[3])
                                                      0.234     3.663 f  core_inst_gen[0].u_engine_core/u_iv_top/gen_init_guess.u_init_guess/u_init_divider/i___993_i_7/O[3]
                         net (fo=3, routed)           0.726     4.389    core_inst_gen[0].u_engine_core/u_iv_top/gen_init_guess.u_init_guess/u_init_divider/den_reg_reg[31]
    SLICE_X66Y93         LUT2 (Prop_lut2_I1_O)        0.234     4.623 r  core_inst_gen[0].u_engine_core/u_iv_top/gen_init_guess.u_init_guess/u_init_divider/div_stage[0].den_pipe[1][25]_i_9__0/O
                         net (fo=1, routed)           0.000     4.623    core_inst_gen[0].u_engine_core/u_iv_top/gen_init_guess.u_init_guess/u_init_divider/div_stage[0].den_pipe[1][25]_i_9__0_n_0
    SLICE_X66Y93         CARRY4 (Prop_carry4_S[3]_CO[3])
                                                      0.284     4.907 f  core_inst_gen[0].u_engine_core/u_iv_top/gen_init_guess.u_init_guess/u_init_divider/div_stage[0].den_pipe_reg[1][25]_i_2/CO[3]
                         net (fo=61, routed)          0.917     5.824    core_inst_gen[0].u_engine_core/u_iv_top/gen_init_guess.u_init_guess/u_init_divider/denominator_in2
    SLICE_X67Y89         LUT2 (Prop_lut2_I0_O)        0.107     5.931 r  core_inst_gen[0].u_engine_core/u_iv_top/gen_init_guess.u_init_guess/u_init_divider/div_stage[0].den_pipe[1][4]_i_2/O
                         net (fo=4, routed)           0.586     6.517    core_inst_gen[0].u_engine_core/u_iv_top/gen_init_guess.u_init_guess/u_init_divider/div_stage[0].den_pipe[1][4]_i_5_n_0
    SLICE_X68Y87         LUT6 (Prop_lut6_I4_O)        0.240     6.757 f  core_inst_gen[0].u_engine_core/u_iv_top/gen_init_guess.u_init_guess/u_init_divider/div_stage[29].dbz_pipe_reg[30]_srl30_core_inst_gen_c_28_i_6/O
                         net (fo=2, routed)           0.227     6.984    core_inst_gen[0].u_engine_core/u_iv_top/gen_init_guess.u_init_guess/u_init_divider/div_stage[29].dbz_pipe_reg[30]_srl30_core_inst_gen_c_28_i_6_n_0
    SLICE_X71Y88         LUT5 (Prop_lut5_I4_O)        0.097     7.081 f  core_inst_gen[0].u_engine_core/u_iv_top/gen_init_guess.u_init_guess/u_init_divider/i___993_i_21/O
                         net (fo=1, routed)           0.093     7.173    core_inst_gen[0].u_engine_core/u_iv_top/gen_init_guess.u_init_guess/u_init_divider/i___993_i_21_n_0
    SLICE_X71Y88         LUT6 (Prop_lut6_I5_O)        0.097     7.270 f  core_inst_gen[0].u_engine_core/u_iv_top/gen_init_guess.u_init_guess/u_init_divider/i___993_i_13/O
                         net (fo=1, routed)           0.205     7.476    core_inst_gen[0].u_engine_core/u_iv_top/gen_init_guess.u_init_guess/u_init_divider/i___993_i_13_n_0
    SLICE_X72Y87         LUT6 (Prop_lut6_I5_O)        0.097     7.573 f  core_inst_gen[0].u_engine_core/u_iv_top/gen_init_guess.u_init_guess/u_init_divider/i___993_i_6/O
                         net (fo=4, routed)           0.382     7.955    core_inst_gen[0].u_engine_core/u_iv_top/gen_init_guess.u_init_guess/u_init_divider/i___993_i_6_n_0
    SLICE_X73Y94         LUT6 (Prop_lut6_I5_O)        0.097     8.052 r  core_inst_gen[0].u_engine_core/u_iv_top/gen_init_guess.u_init_guess/u_init_divider/i___993_i_1/O
                         net (fo=41, routed)          0.602     8.654    core_inst_gen[0].u_engine_core/u_iv_top/gen_init_guess.u_init_guess/u_init_divider/i___993_i_1_n_0
    SLICE_X72Y107        LUT4 (Prop_lut4_I0_O)        0.097     8.751 r  core_inst_gen[0].u_engine_core/u_iv_top/gen_init_guess.u_init_guess/u_init_divider/div_stage[0].den_pipe[1][4]_i_1/O
                         net (fo=3, routed)           0.763     9.514    core_inst_gen[0].u_engine_core/u_iv_top/gen_init_guess.u_init_guess/u_init_divider/den_abs[4]
    SLICE_X68Y92         LUT4 (Prop_lut4_I3_O)        0.097     9.611 r  core_inst_gen[0].u_engine_core/u_iv_top/gen_init_guess.u_init_guess/u_init_divider/i___1006/O
                         net (fo=1, routed)           0.000     9.611    core_inst_gen[0].u_engine_core/u_iv_top/gen_init_guess.u_init_guess/u_init_divider/i___1006_n_0
    SLICE_X68Y92         CARRY4 (Prop_carry4_S[0]_CO[3])
                                                      0.379     9.990 r  core_inst_gen[0].u_engine_core/u_iv_top/gen_init_guess.u_init_guess/u_init_divider/i___1005_i_1/CO[3]
                         net (fo=1, routed)           0.000     9.990    core_inst_gen[0].u_engine_core/u_iv_top/gen_init_guess.u_init_guess/u_init_divider/i___1005_i_1_n_0
    SLICE_X68Y93         CARRY4 (Prop_carry4_CI_CO[3])
                                                      0.092    10.082 r  core_inst_gen[0].u_engine_core/u_iv_top/gen_init_guess.u_init_guess/u_init_divider/i___1013_i_1/CO[3]
                         net (fo=1, routed)           0.000    10.082    core_inst_gen[0].u_engine_core/u_iv_top/gen_init_guess.u_init_guess/u_init_divider/i___1013_i_1_n_0
    SLICE_X68Y94         CARRY4 (Prop_carry4_CI_CO[3])
                                                      0.092    10.174 r  core_inst_gen[0].u_engine_core/u_iv_top/gen_init_guess.u_init_guess/u_init_divider/i___1021_i_1/CO[3]
                         net (fo=1, routed)           0.000    10.174    core_inst_gen[0].u_engine_core/u_iv_top/gen_init_guess.u_init_guess/u_init_divider/i___1021_i_1_n_0
    SLICE_X68Y95         CARRY4 (Prop_carry4_CI_CO[3])
                                                      0.092    10.266 r  core_inst_gen[0].u_engine_core/u_iv_top/gen_init_guess.u_init_guess/u_init_divider/i___1029_i_1/CO[3]
                         net (fo=1, routed)           0.000    10.266    core_inst_gen[0].u_engine_core/u_iv_top/gen_init_guess.u_init_guess/u_init_divider/i___1029_i_1_n_0
    SLICE_X68Y96         CARRY4 (Prop_carry4_CI_CO[3])
                                                      0.092    10.358 r  core_inst_gen[0].u_engine_core/u_iv_top/gen_init_guess.u_init_guess/u_init_divider/i___1037_i_1/CO[3]
                         net (fo=1, routed)           0.000    10.358    core_inst_gen[0].u_engine_core/u_iv_top/gen_init_guess.u_init_guess/u_init_divider/i___1037_i_1_n_0
    SLICE_X68Y97         CARRY4 (Prop_carry4_CI_CO[3])
                                                      0.092    10.450 r  core_inst_gen[0].u_engine_core/u_iv_top/gen_init_guess.u_init_guess/u_init_divider/i___1045_i_1/CO[3]
                         net (fo=1, routed)           0.000    10.450    core_inst_gen[0].u_engine_core/u_iv_top/gen_init_guess.u_init_guess/u_init_divider/i___1045_i_1_n_0
    SLICE_X68Y98         CARRY4 (Prop_carry4_CI_O[1])
                                                      0.223    10.673 r  core_inst_gen[0].u_engine_core/u_iv_top/gen_init_guess.u_init_guess/u_init_divider/div_stage[0].rem_pipe_reg[1][31]_i_2/O[1]
                         net (fo=1, routed)           0.555    11.228    core_inst_gen[0].u_engine_core/u_iv_top/gen_init_guess.u_init_guess/u_init_divider/div_stage[0].sub_rem[29]
    SLICE_X69Y96         LUT2 (Prop_lut2_I1_O)        0.216    11.444 r  core_inst_gen[0].u_engine_core/u_iv_top/gen_init_guess.u_init_guess/u_init_divider/div_stage[0].rem_pipe[1][30]_i_1/O
                         net (fo=1, routed)           0.000    11.444    core_inst_gen[0].u_engine_core/u_iv_top/gen_init_guess.u_init_guess/u_init_divider/div_stage[0].rem_pipe[1][30]_i_1_n_0
    SLICE_X69Y96         FDCE                                         r  core_inst_gen[0].u_engine_core/u_iv_top/gen_init_guess.u_init_guess/u_init_divider/div_stage[0].rem_pipe_reg[1][30]/D
  -------------------------------------------------------------------    -------------------

                         (clock aclk rise edge)      10.000    10.000 r  
                                                      0.000    10.000 r  aclk (IN)
                         net (fo=138870, unset)       1.283    11.283    core_inst_gen[0].u_engine_core/u_iv_top/gen_init_guess.u_init_guess/u_init_divider/aclk
    SLICE_X69Y96         FDCE                                         r  core_inst_gen[0].u_engine_core/u_iv_top/gen_init_guess.u_init_guess/u_init_divider/div_stage[0].rem_pipe_reg[1][30]/C
                         clock pessimism              0.066    11.349    
                         clock uncertainty           -0.035    11.314    
    SLICE_X69Y96         FDCE (Setup_fdce_C_D)        0.032    11.346    core_inst_gen[0].u_engine_core/u_iv_top/gen_init_guess.u_init_guess/u_init_divider/div_stage[0].rem_pipe_reg[1][30]
  -------------------------------------------------------------------
                         required time                         11.346    
                         arrival time                         -11.444    
  -------------------------------------------------------------------
                         slack                                 -0.098    

Slack (VIOLATED) :        -0.062ns  (required time - arrival time)
  Source:                 i__i_13__8_replica/C
                            (rising edge-triggered cell FDCE clocked by aclk  {rise@0.000ns fall@5.000ns period=10.000ns})
  Destination:            core_inst_gen[3].u_engine_core/u_iv_top/gen_init_guess.u_init_guess/u_init_divider/div_stage[0].rem_pipe_reg[1][26]/D
                            (rising edge-triggered cell FDCE clocked by aclk  {rise@0.000ns fall@5.000ns period=10.000ns})
  Path Group:             aclk
  Path Type:              Setup (Max at Slow Process Corner)
  Requirement:            10.000ns  (aclk rise@10.000ns - aclk rise@0.000ns)
  Data Path Delay:        10.098ns  (logic 4.257ns (42.155%)  route 5.841ns (57.845%))
  Logic Levels:           28  (CARRY4=17 LUT2=4 LUT3=1 LUT4=1 LUT5=1 LUT6=4)
  Clock Path Skew:        0.003ns (DCD - SCD + CPR)
    Destination Clock Delay (DCD):    1.294ns = ( 11.294 - 10.000 ) 
    Source Clock Delay      (SCD):    1.351ns
    Clock Pessimism Removal (CPR):    0.060ns
  Clock Uncertainty:      0.035ns  ((TSJ^2 + TIJ^2)^1/2 + DJ) / 2 + PE
    Total System Jitter     (TSJ):    0.071ns
    Total Input Jitter      (TIJ):    0.000ns
    Discrete Jitter          (DJ):    0.000ns
    Phase Error              (PE):    0.000ns

    Location             Delay type                Incr(ns)  Path(ns)    Netlist Resource(s)
  -------------------------------------------------------------------    -------------------
                         (clock aclk rise edge)       0.000     0.000 r  
                                                      0.000     0.000 r  aclk (IN)
                         net (fo=138870, unset)       1.351     1.351    aclk
    SLICE_X149Y105       FDCE                                         r  i__i_13__8_replica/C
  -------------------------------------------------------------------    -------------------
    SLICE_X149Y105       FDCE (Prop_fdce_C_Q)         0.341     1.692 r  i__i_13__8_replica/Q
                         net (fo=16, routed)          0.713     2.405    core_inst_gen[3].u_engine_core/u_iv_top/gen_init_guess.u_init_guess/u_init_divider/i__i_13__8_n_0_repN_alias
    SLICE_X150Y106       LUT3 (Prop_lut3_I1_O)        0.097     2.502 r  core_inst_gen[3].u_engine_core/u_iv_top/gen_init_guess.u_init_guess/u_init_divider/div_stage[0].den_pipe[1][6]_i_26__2/O
                         net (fo=1, routed)           0.000     2.502    core_inst_gen[3].u_engine_core/u_iv_top/gen_init_guess.u_init_guess/u_init_divider/div_stage[0].den_pipe[1][6]_i_26__2_n_0
    SLICE_X150Y106       CARRY4 (Prop_carry4_S[3]_CO[3])
                                                      0.284     2.786 r  core_inst_gen[3].u_engine_core/u_iv_top/gen_init_guess.u_init_guess/u_init_divider/div_stage[0].den_pipe_reg[1][6]_i_12__2/CO[3]
                         net (fo=1, routed)           0.000     2.786    core_inst_gen[3].u_engine_core/u_iv_top/gen_init_guess.u_init_guess/u_init_divider/div_stage[0].den_pipe_reg[1][6]_i_12__2_n_0
    SLICE_X150Y107       CARRY4 (Prop_carry4_CI_CO[3])
                                                      0.092     2.878 r  core_inst_gen[3].u_engine_core/u_iv_top/gen_init_guess.u_init_guess/u_init_divider/div_stage[0].den_pipe_reg[1][6]_i_3__2/CO[3]
                         net (fo=1, routed)           0.000     2.878    core_inst_gen[3].u_engine_core/u_iv_top/gen_init_guess.u_init_guess/u_init_divider/div_stage[0].den_pipe_reg[1][6]_i_3__2_n_0
    SLICE_X150Y108       CARRY4 (Prop_carry4_CI_CO[3])
                                                      0.092     2.970 r  core_inst_gen[3].u_engine_core/u_iv_top/gen_init_guess.u_init_guess/u_init_divider/div_stage[0].den_pipe_reg[1][6]_i_2__2/CO[3]
                         net (fo=1, routed)           0.000     2.970    core_inst_gen[3].u_engine_core/u_iv_top/gen_init_guess.u_init_guess/u_init_divider/div_stage[0].den_pipe_reg[1][6]_i_2__2_n_0
    SLICE_X150Y109       CARRY4 (Prop_carry4_CI_CO[3])
                                                      0.092     3.062 r  core_inst_gen[3].u_engine_core/u_iv_top/gen_init_guess.u_init_guess/u_init_divider/div_stage[0].den_pipe_reg[1][11]_i_2__2/CO[3]
                         net (fo=1, routed)           0.000     3.062    core_inst_gen[3].u_engine_core/u_iv_top/gen_init_guess.u_init_guess/u_init_divider/div_stage[0].den_pipe_reg[1][11]_i_2__2_n_0
    SLICE_X150Y110       CARRY4 (Prop_carry4_CI_CO[3])
                                                      0.092     3.154 r  core_inst_gen[3].u_engine_core/u_iv_top/gen_init_guess.u_init_guess/u_init_divider/div_stage[0].den_pipe_reg[1][15]_i_2__2/CO[3]
                         net (fo=1, routed)           0.000     3.154    core_inst_gen[3].u_engine_core/u_iv_top/gen_init_guess.u_init_guess/u_init_divider/div_stage[0].den_pipe_reg[1][15]_i_2__2_n_0
    SLICE_X150Y111       CARRY4 (Prop_carry4_CI_CO[3])
                                                      0.092     3.246 r  core_inst_gen[3].u_engine_core/u_iv_top/gen_init_guess.u_init_guess/u_init_divider/div_stage[0].den_pipe_reg[1][19]_i_2__2/CO[3]
                         net (fo=1, routed)           0.000     3.246    core_inst_gen[3].u_engine_core/u_iv_top/gen_init_guess.u_init_guess/u_init_divider/div_stage[0].den_pipe_reg[1][19]_i_2__2_n_0
    SLICE_X150Y112       CARRY4 (Prop_carry4_CI_CO[3])
                                                      0.092     3.338 r  core_inst_gen[3].u_engine_core/u_iv_top/gen_init_guess.u_init_guess/u_init_divider/div_stage[0].den_pipe_reg[1][22]_i_2__2/CO[3]
                         net (fo=1, routed)           0.000     3.338    core_inst_gen[3].u_engine_core/u_iv_top/gen_init_guess.u_init_guess/u_init_divider/div_stage[0].den_pipe_reg[1][22]_i_2__2_n_0
    SLICE_X150Y113       CARRY4 (Prop_carry4_CI_CO[3])
                                                      0.092     3.430 r  core_inst_gen[3].u_engine_core/u_iv_top/gen_init_guess.u_init_guess/u_init_divider/div_stage[0].den_pipe_reg[1][25]_i_3__5/CO[3]
                         net (fo=1, routed)           0.000     3.430    core_inst_gen[3].u_engine_core/u_iv_top/gen_init_guess.u_init_guess/u_init_divider/div_stage[0].den_pipe_reg[1][25]_i_3__5_n_0
    SLICE_X150Y114       CARRY4 (Prop_carry4_CI_O[3])
                                                      0.237     3.667 f  core_inst_gen[3].u_engine_core/u_iv_top/gen_init_guess.u_init_guess/u_init_divider/i___993_i_7__14/O[3]
                         net (fo=3, routed)           0.457     4.124    core_inst_gen[3].u_engine_core/u_iv_top/gen_init_guess.u_init_guess/u_init_divider/den_reg_reg[31]
    SLICE_X151Y114       LUT2 (Prop_lut2_I1_O)        0.222     4.346 r  core_inst_gen[3].u_engine_core/u_iv_top/gen_init_guess.u_init_guess/u_init_divider/div_stage[0].den_pipe[1][25]_i_9__2/O
                         net (fo=1, routed)           0.000     4.346    core_inst_gen[3].u_engine_core/u_iv_top/gen_init_guess.u_init_guess/u_init_divider/div_stage[0].den_pipe[1][25]_i_9__2_n_0
    SLICE_X151Y114       CARRY4 (Prop_carry4_S[3]_CO[3])
                                                      0.299     4.645 r  core_inst_gen[3].u_engine_core/u_iv_top/gen_init_guess.u_init_guess/u_init_divider/div_stage[0].den_pipe_reg[1][25]_i_2__5/CO[3]
                         net (fo=60, routed)          1.027     5.672    core_inst_gen[3].u_engine_core/u_iv_top/gen_init_guess.u_init_guess/u_init_divider/denominator_in2
    SLICE_X153Y118       LUT2 (Prop_lut2_I1_O)        0.105     5.777 r  core_inst_gen[3].u_engine_core/u_iv_top/gen_init_guess.u_init_guess/u_init_divider/div_stage[0].den_pipe[1][0]_i_2__8/O
                         net (fo=3, routed)           0.752     6.529    core_inst_gen[3].u_engine_core/u_iv_top/gen_init_guess.u_init_guess/u_init_divider/div_stage[0].den_pipe[1][4]_i_4__14_n_0
    SLICE_X148Y117       LUT6 (Prop_lut6_I1_O)        0.247     6.776 f  core_inst_gen[3].u_engine_core/u_iv_top/gen_init_guess.u_init_guess/u_init_divider/div_stage[29].dbz_pipe_reg[30]_srl30_core_inst_gen_c_28_i_6__14/O
                         net (fo=2, routed)           0.199     6.975    core_inst_gen[3].u_engine_core/u_iv_top/gen_init_guess.u_init_guess/u_init_divider/div_stage[29].dbz_pipe_reg[30]_srl30_core_inst_gen_c_28_i_6__14_n_0
    SLICE_X149Y116       LUT5 (Prop_lut5_I4_O)        0.097     7.072 f  core_inst_gen[3].u_engine_core/u_iv_top/gen_init_guess.u_init_guess/u_init_divider/i___993_i_21__2/O
                         net (fo=1, routed)           0.204     7.276    core_inst_gen[3].u_engine_core/u_iv_top/gen_init_guess.u_init_guess/u_init_divider/i___993_i_21__2_n_0
    SLICE_X147Y116       LUT6 (Prop_lut6_I5_O)        0.097     7.373 f  core_inst_gen[3].u_engine_core/u_iv_top/gen_init_guess.u_init_guess/u_init_divider/i___993_i_13__5/O
                         net (fo=1, routed)           0.096     7.469    core_inst_gen[3].u_engine_core/u_iv_top/gen_init_guess.u_init_guess/u_init_divider/i___993_i_13__5_n_0
    SLICE_X147Y116       LUT6 (Prop_lut6_I5_O)        0.097     7.566 f  core_inst_gen[3].u_engine_core/u_iv_top/gen_init_guess.u_init_guess/u_init_divider/i___993_i_6__14/O
                         net (fo=1, routed)           0.211     7.777    core_inst_gen[3].u_engine_core/u_iv_top/gen_init_guess.u_init_guess/u_init_divider/i___993_i_6__14_n_0
    SLICE_X149Y116       LUT6 (Prop_lut6_I5_O)        0.097     7.874 r  core_inst_gen[3].u_engine_core/u_iv_top/gen_init_guess.u_init_guess/u_init_divider/i___993_i_1__14/O
                         net (fo=43, routed)          0.809     8.682    core_inst_gen[3].u_engine_core/u_iv_top/gen_init_guess.u_init_guess/u_init_divider/i___993_i_1__14_n_0
    SLICE_X154Y127       LUT4 (Prop_lut4_I0_O)        0.097     8.779 r  core_inst_gen[3].u_engine_core/u_iv_top/gen_init_guess.u_init_guess/u_init_divider/div_stage[0].den_pipe[1][3]_i_1__14/O
                         net (fo=2, routed)           0.814     9.593    core_inst_gen[3].u_engine_core/u_iv_top/gen_init_guess.u_init_guess/u_init_divider/den_abs[3]
    SLICE_X156Y115       LUT2 (Prop_lut2_I1_O)        0.097     9.690 r  core_inst_gen[3].u_engine_core/u_iv_top/gen_init_guess.u_init_guess/u_init_divider/i___10/O
                         net (fo=1, routed)           0.000     9.690    core_inst_gen[3].u_engine_core/u_iv_top/gen_init_guess.u_init_guess/u_init_divider/i___10_n_0
    SLICE_X156Y115       CARRY4 (Prop_carry4_S[3]_CO[3])
                                                      0.299     9.989 r  core_inst_gen[3].u_engine_core/u_iv_top/gen_init_guess.u_init_guess/u_init_divider/i___989_i_3/CO[3]
                         net (fo=1, routed)           0.000     9.989    core_inst_gen[3].u_engine_core/u_iv_top/gen_init_guess.u_init_guess/u_init_divider/i___989_i_3_n_0
    SLICE_X156Y116       CARRY4 (Prop_carry4_CI_CO[3])
                                                      0.089    10.078 r  core_inst_gen[3].u_engine_core/u_iv_top/gen_init_guess.u_init_guess/u_init_divider/i___1005_i_1/CO[3]
                         net (fo=1, routed)           0.000    10.078    core_inst_gen[3].u_engine_core/u_iv_top/gen_init_guess.u_init_guess/u_init_divider/i___1005_i_1_n_0
    SLICE_X156Y117       CARRY4 (Prop_carry4_CI_CO[3])
                                                      0.089    10.167 r  core_inst_gen[3].u_engine_core/u_iv_top/gen_init_guess.u_init_guess/u_init_divider/i___1013_i_1/CO[3]
                         net (fo=1, routed)           0.000    10.167    core_inst_gen[3].u_engine_core/u_iv_top/gen_init_guess.u_init_guess/u_init_divider/i___1013_i_1_n_0
    SLICE_X156Y118       CARRY4 (Prop_carry4_CI_CO[3])
                                                      0.089    10.256 r  core_inst_gen[3].u_engine_core/u_iv_top/gen_init_guess.u_init_guess/u_init_divider/i___1021_i_1/CO[3]
                         net (fo=1, routed)           0.000    10.256    core_inst_gen[3].u_engine_core/u_iv_top/gen_init_guess.u_init_guess/u_init_divider/i___1021_i_1_n_0
    SLICE_X156Y119       CARRY4 (Prop_carry4_CI_CO[3])
                                                      0.089    10.345 r  core_inst_gen[3].u_engine_core/u_iv_top/gen_init_guess.u_init_guess/u_init_divider/i___1029_i_1/CO[3]
                         net (fo=1, routed)           0.000    10.345    core_inst_gen[3].u_engine_core/u_iv_top/gen_init_guess.u_init_guess/u_init_divider/i___1029_i_1_n_0
    SLICE_X156Y120       CARRY4 (Prop_carry4_CI_CO[3])
                                                      0.089    10.434 r  core_inst_gen[3].u_engine_core/u_iv_top/gen_init_guess.u_init_guess/u_init_divider/i___1037_i_1/CO[3]
                         net (fo=1, routed)           0.000    10.434    core_inst_gen[3].u_engine_core/u_iv_top/gen_init_guess.u_init_guess/u_init_divider/i___1037_i_1_n_0
    SLICE_X156Y121       CARRY4 (Prop_carry4_CI_O[1])
                                                      0.230    10.664 r  core_inst_gen[3].u_engine_core/u_iv_top/gen_init_guess.u_init_guess/u_init_divider/i___1045_i_1/O[1]
                         net (fo=1, routed)           0.560    11.224    core_inst_gen[3].u_engine_core/u_iv_top/gen_init_guess.u_init_guess/u_init_divider/div_stage[0].sub_rem[25]
    SLICE_X158Y121       LUT2 (Prop_lut2_I1_O)        0.225    11.449 r  core_inst_gen[3].u_engine_core/u_iv_top/gen_init_guess.u_init_guess/u_init_divider/div_stage[0].rem_pipe[1][26]_i_1__20/O
                         net (fo=1, routed)           0.000    11.449    core_inst_gen[3].u_engine_core/u_iv_top/gen_init_guess.u_init_guess/u_init_divider/div_stage[0].rem_pipe[1][26]_i_1__20_n_0
    SLICE_X158Y121       FDCE                                         r  core_inst_gen[3].u_engine_core/u_iv_top/gen_init_guess.u_init_guess/u_init_divider/div_stage[0].rem_pipe_reg[1][26]/D
  -------------------------------------------------------------------    -------------------

                         (clock aclk rise edge)      10.000    10.000 r  
                                                      0.000    10.000 r  aclk (IN)
                         net (fo=138870, unset)       1.294    11.294    core_inst_gen[3].u_engine_core/u_iv_top/gen_init_guess.u_init_guess/u_init_divider/aclk
    SLICE_X158Y121       FDCE                                         r  core_inst_gen[3].u_engine_core/u_iv_top/gen_init_guess.u_init_guess/u_init_divider/div_stage[0].rem_pipe_reg[1][26]/C
                         clock pessimism              0.060    11.354    
                         clock uncertainty           -0.035    11.319    
    SLICE_X158Y121       FDCE (Setup_fdce_C_D)        0.069    11.388    core_inst_gen[3].u_engine_core/u_iv_top/gen_init_guess.u_init_guess/u_init_divider/div_stage[0].rem_pipe_reg[1][26]
  -------------------------------------------------------------------
                         required time                         11.388    
                         arrival time                         -11.449    
  -------------------------------------------------------------------
                         slack                                 -0.062    

Slack (VIOLATED) :        -0.053ns  (required time - arrival time)
  Source:                 i__i_13__2_replica/C
                            (rising edge-triggered cell FDCE clocked by aclk  {rise@0.000ns fall@5.000ns period=10.000ns})
  Destination:            core_inst_gen[1].u_engine_core/u_iv_top/gen_init_guess.u_init_guess/u_init_divider/div_stage[0].rem_pipe_reg[1][28]/D
                            (rising edge-triggered cell FDCE clocked by aclk  {rise@0.000ns fall@5.000ns period=10.000ns})
  Path Group:             aclk
  Path Type:              Setup (Max at Slow Process Corner)
  Requirement:            10.000ns  (aclk rise@10.000ns - aclk rise@0.000ns)
  Data Path Delay:        10.064ns  (logic 3.465ns (34.430%)  route 6.599ns (65.570%))
  Logic Levels:           21  (CARRY4=13 LUT2=3 LUT3=1 LUT5=1 LUT6=3)
  Clock Path Skew:        -0.024ns (DCD - SCD + CPR)
    Destination Clock Delay (DCD):    1.169ns = ( 11.169 - 10.000 ) 
    Source Clock Delay      (SCD):    1.253ns
    Clock Pessimism Removal (CPR):    0.060ns
  Clock Uncertainty:      0.035ns  ((TSJ^2 + TIJ^2)^1/2 + DJ) / 2 + PE
    Total System Jitter     (TSJ):    0.071ns
    Total Input Jitter      (TIJ):    0.000ns
    Discrete Jitter          (DJ):    0.000ns
    Phase Error              (PE):    0.000ns

    Location             Delay type                Incr(ns)  Path(ns)    Netlist Resource(s)
  -------------------------------------------------------------------    -------------------
                         (clock aclk rise edge)       0.000     0.000 r  
                                                      0.000     0.000 r  aclk (IN)
                         net (fo=138870, unset)       1.253     1.253    aclk
    SLICE_X89Y122        FDCE                                         r  i__i_13__2_replica/C
  -------------------------------------------------------------------    -------------------
    SLICE_X89Y122        FDCE (Prop_fdce_C_Q)         0.313     1.566 r  i__i_13__2_replica/Q
                         net (fo=24, routed)          0.583     2.149    core_inst_gen[1].u_engine_core/u_iv_top/gen_init_guess.u_init_guess/u_init_divider/i__i_13__2_n_0_repN_alias
    SLICE_X91Y124        LUT3 (Prop_lut3_I1_O)        0.213     2.362 r  core_inst_gen[1].u_engine_core/u_iv_top/gen_init_guess.u_init_guess/u_init_divider/div_stage[0].den_pipe[1][6]_i_28__0/O
                         net (fo=1, routed)           0.000     2.362    core_inst_gen[1].u_engine_core/u_iv_top/gen_init_guess.u_init_guess/u_init_divider/div_stage[0].den_pipe[1][6]_i_28__0_n_0
    SLICE_X91Y124        CARRY4 (Prop_carry4_S[1]_CO[3])
                                                      0.412     2.774 r  core_inst_gen[1].u_engine_core/u_iv_top/gen_init_guess.u_init_guess/u_init_divider/div_stage[0].den_pipe_reg[1][6]_i_12__0/CO[3]
                         net (fo=1, routed)           0.007     2.782    core_inst_gen[1].u_engine_core/u_iv_top/gen_init_guess.u_init_guess/u_init_divider/div_stage[0].den_pipe_reg[1][6]_i_12__0_n_0
    SLICE_X91Y125        CARRY4 (Prop_carry4_CI_CO[3])
                                                      0.089     2.871 r  core_inst_gen[1].u_engine_core/u_iv_top/gen_init_guess.u_init_guess/u_init_divider/div_stage[0].den_pipe_reg[1][6]_i_3__0/CO[3]
                         net (fo=1, routed)           0.000     2.871    core_inst_gen[1].u_engine_core/u_iv_top/gen_init_guess.u_init_guess/u_init_divider/div_stage[0].den_pipe_reg[1][6]_i_3__0_n_0
    SLICE_X91Y126        CARRY4 (Prop_carry4_CI_CO[3])
                                                      0.089     2.960 r  core_inst_gen[1].u_engine_core/u_iv_top/gen_init_guess.u_init_guess/u_init_divider/div_stage[0].den_pipe_reg[1][6]_i_2__0/CO[3]
                         net (fo=1, routed)           0.000     2.960    core_inst_gen[1].u_engine_core/u_iv_top/gen_init_guess.u_init_guess/u_init_divider/div_stage[0].den_pipe_reg[1][6]_i_2__0_n_0
    SLICE_X91Y127        CARRY4 (Prop_carry4_CI_CO[3])
                                                      0.089     3.049 r  core_inst_gen[1].u_engine_core/u_iv_top/gen_init_guess.u_init_guess/u_init_divider/div_stage[0].den_pipe_reg[1][11]_i_2__0/CO[3]
                         net (fo=1, routed)           0.000     3.049    core_inst_gen[1].u_engine_core/u_iv_top/gen_init_guess.u_init_guess/u_init_divider/div_stage[0].den_pipe_reg[1][11]_i_2__0_n_0
    SLICE_X91Y128        CARRY4 (Prop_carry4_CI_CO[3])
                                                      0.089     3.138 r  core_inst_gen[1].u_engine_core/u_iv_top/gen_init_guess.u_init_guess/u_init_divider/div_stage[0].den_pipe_reg[1][15]_i_2__0/CO[3]
                         net (fo=1, routed)           0.000     3.138    core_inst_gen[1].u_engine_core/u_iv_top/gen_init_guess.u_init_guess/u_init_divider/div_stage[0].den_pipe_reg[1][15]_i_2__0_n_0
    SLICE_X91Y129        CARRY4 (Prop_carry4_CI_CO[3])
                                                      0.089     3.227 r  core_inst_gen[1].u_engine_core/u_iv_top/gen_init_guess.u_init_guess/u_init_divider/div_stage[0].den_pipe_reg[1][19]_i_2__0/CO[3]
                         net (fo=1, routed)           0.000     3.227    core_inst_gen[1].u_engine_core/u_iv_top/gen_init_guess.u_init_guess/u_init_divider/div_stage[0].den_pipe_reg[1][19]_i_2__0_n_0
    SLICE_X91Y130        CARRY4 (Prop_carry4_CI_CO[3])
                                                      0.089     3.316 r  core_inst_gen[1].u_engine_core/u_iv_top/gen_init_guess.u_init_guess/u_init_divider/div_stage[0].den_pipe_reg[1][22]_i_2__0/CO[3]
                         net (fo=1, routed)           0.000     3.316    core_inst_gen[1].u_engine_core/u_iv_top/gen_init_guess.u_init_guess/u_init_divider/div_stage[0].den_pipe_reg[1][22]_i_2__0_n_0
    SLICE_X91Y131        CARRY4 (Prop_carry4_CI_CO[3])
                                                      0.089     3.405 r  core_inst_gen[1].u_engine_core/u_iv_top/gen_init_guess.u_init_guess/u_init_divider/div_stage[0].den_pipe_reg[1][25]_i_3__1/CO[3]
                         net (fo=1, routed)           0.000     3.405    core_inst_gen[1].u_engine_core/u_iv_top/gen_init_guess.u_init_guess/u_init_divider/div_stage[0].den_pipe_reg[1][25]_i_3__1_n_0
    SLICE_X91Y132        CARRY4 (Prop_carry4_CI_O[3])
                                                      0.234     3.639 f  core_inst_gen[1].u_engine_core/u_iv_top/gen_init_guess.u_init_guess/u_init_divider/i___993_i_7__4/O[3]
                         net (fo=3, routed)           0.664     4.303    core_inst_gen[1].u_engine_core/u_iv_top/gen_init_guess.u_init_guess/u_init_divider/den_reg_reg[31]
    SLICE_X92Y134        LUT2 (Prop_lut2_I1_O)        0.234     4.537 r  core_inst_gen[1].u_engine_core/u_iv_top/gen_init_guess.u_init_guess/u_init_divider/div_stage[0].den_pipe[1][25]_i_9__0/O
                         net (fo=1, routed)           0.000     4.537    core_inst_gen[1].u_engine_core/u_iv_top/gen_init_guess.u_init_guess/u_init_divider/div_stage[0].den_pipe[1][25]_i_9__0_n_0
    SLICE_X92Y134        CARRY4 (Prop_carry4_S[3]_CO[3])
                                                      0.284     4.821 r  core_inst_gen[1].u_engine_core/u_iv_top/gen_init_guess.u_init_guess/u_init_divider/div_stage[0].den_pipe_reg[1][25]_i_2__1/CO[3]
                         net (fo=61, routed)          0.893     5.714    core_inst_gen[1].u_engine_core/u_iv_top/gen_init_guess.u_init_guess/u_init_divider/denominator_in2
    SLICE_X93Y131        LUT2 (Prop_lut2_I0_O)        0.097     5.811 f  core_inst_gen[1].u_engine_core/u_iv_top/gen_init_guess.u_init_guess/u_init_divider/i___996_i_1__1/O
                         net (fo=10, routed)          1.239     7.050    core_inst_gen[1].u_engine_core/u_iv_top/gen_init_guess.u_init_guess/u_init_divider/i___996_i_3__4_n_0
    SLICE_X94Y128        LUT6 (Prop_lut6_I1_O)        0.097     7.147 f  core_inst_gen[1].u_engine_core/u_iv_top/gen_init_guess.u_init_guess/u_init_divider/i___993_i_6__4_comp/O
                         net (fo=1, routed)           0.788     7.935    core_inst_gen[1].u_engine_core/u_iv_top/gen_init_guess.u_init_guess/u_init_divider/i___993_i_6__4_n_0_repN
    SLICE_X91Y119        LUT6 (Prop_lut6_I5_O)        0.097     8.032 f  core_inst_gen[1].u_engine_core/u_iv_top/gen_init_guess.u_init_guess/u_init_divider/i___993_i_1__4_replica_comp_1/O
                         net (fo=23, routed)          0.500     8.532    core_inst_gen[1].u_engine_core/u_iv_top/gen_init_guess.u_init_guess/u_init_divider/i___993_i_1__4_n_0_repN
    SLICE_X93Y121        LUT5 (Prop_lut5_I2_O)        0.097     8.629 f  core_inst_gen[1].u_engine_core/u_iv_top/gen_init_guess.u_init_guess/u_init_divider/div_stage[0].den_pipe[1][11]_i_1__13/O
                         net (fo=4, routed)           0.520     9.149    core_inst_gen[1].u_engine_core/u_iv_top/gen_init_guess.u_init_guess/u_init_divider/den_abs[11]
    SLICE_X96Y124        LUT6 (Prop_lut6_I4_O)        0.097     9.246 r  core_inst_gen[1].u_engine_core/u_iv_top/gen_init_guess.u_init_guess/u_init_divider/i___1020/O
                         net (fo=1, routed)           0.336     9.582    core_inst_gen[1].u_engine_core/u_iv_top/gen_init_guess.u_init_guess/u_init_divider/i___1020_n_0
    SLICE_X96Y126        CARRY4 (Prop_carry4_DI[1]_CO[3])
                                                      0.386     9.968 r  core_inst_gen[1].u_engine_core/u_iv_top/gen_init_guess.u_init_guess/u_init_divider/i___989_i_24/CO[3]
                         net (fo=1, routed)           0.000     9.968    core_inst_gen[1].u_engine_core/u_iv_top/gen_init_guess.u_init_guess/u_init_divider/i___989_i_24_n_0
    SLICE_X96Y127        CARRY4 (Prop_carry4_CI_CO[3])
                                                      0.092    10.060 r  core_inst_gen[1].u_engine_core/u_iv_top/gen_init_guess.u_init_guess/u_init_divider/i___989_i_21/CO[3]
                         net (fo=1, routed)           0.000    10.060    core_inst_gen[1].u_engine_core/u_iv_top/gen_init_guess.u_init_guess/u_init_divider/i___989_i_21_n_0
    SLICE_X96Y128        CARRY4 (Prop_carry4_CI_CO[3])
                                                      0.092    10.152 r  core_inst_gen[1].u_engine_core/u_iv_top/gen_init_guess.u_init_guess/u_init_divider/i___989_i_4/CO[3]
                         net (fo=32, routed)          1.068    11.220    core_inst_gen[1].u_engine_core/u_iv_top/gen_init_guess.u_init_guess/u_init_divider/div_stage[0].rem_ge_den
    SLICE_X96Y132        LUT2 (Prop_lut2_I0_O)        0.097    11.317 r  core_inst_gen[1].u_engine_core/u_iv_top/gen_init_guess.u_init_guess/u_init_divider/div_stage[0].rem_pipe[1][28]_i_1__6/O
                         net (fo=1, routed)           0.000    11.317    core_inst_gen[1].u_engine_core/u_iv_top/gen_init_guess.u_init_guess/u_init_divider/div_stage[0].rem_pipe[1][28]_i_1__6_n_0
    SLICE_X96Y132        FDCE                                         r  core_inst_gen[1].u_engine_core/u_iv_top/gen_init_guess.u_init_guess/u_init_divider/div_stage[0].rem_pipe_reg[1][28]/D
  -------------------------------------------------------------------    -------------------

                         (clock aclk rise edge)      10.000    10.000 r  
                                                      0.000    10.000 r  aclk (IN)
                         net (fo=138870, unset)       1.169    11.169    core_inst_gen[1].u_engine_core/u_iv_top/gen_init_guess.u_init_guess/u_init_divider/aclk
    SLICE_X96Y132        FDCE                                         r  core_inst_gen[1].u_engine_core/u_iv_top/gen_init_guess.u_init_guess/u_init_divider/div_stage[0].rem_pipe_reg[1][28]/C
                         clock pessimism              0.060    11.229    
                         clock uncertainty           -0.035    11.194    
    SLICE_X96Y132        FDCE (Setup_fdce_C_D)        0.070    11.264    core_inst_gen[1].u_engine_core/u_iv_top/gen_init_guess.u_init_guess/u_init_divider/div_stage[0].rem_pipe_reg[1][28]
  -------------------------------------------------------------------
                         required time                         11.264    
                         arrival time                         -11.317    
  -------------------------------------------------------------------
                         slack                                 -0.053    

Slack (VIOLATED) :        -0.051ns  (required time - arrival time)
  Source:                 i__i_13_replica/C
                            (rising edge-triggered cell FDCE clocked by aclk  {rise@0.000ns fall@5.000ns period=10.000ns})
  Destination:            core_inst_gen[0].u_engine_core/u_iv_top/gen_init_guess.u_init_guess/u_init_divider/div_stage[0].rem_pipe_reg[1][10]/D
                            (rising edge-triggered cell FDCE clocked by aclk  {rise@0.000ns fall@5.000ns period=10.000ns})
  Path Group:             aclk
  Path Type:              Setup (Max at Slow Process Corner)
  Requirement:            10.000ns  (aclk rise@10.000ns - aclk rise@0.000ns)
  Data Path Delay:        10.002ns  (logic 4.035ns (40.343%)  route 5.967ns (59.657%))
  Logic Levels:           24  (CARRY4=13 LUT2=2 LUT3=2 LUT5=2 LUT6=5)
  Clock Path Skew:        -0.044ns (DCD - SCD + CPR)
    Destination Clock Delay (DCD):    1.279ns = ( 11.279 - 10.000 ) 
    Source Clock Delay      (SCD):    1.389ns
    Clock Pessimism Removal (CPR):    0.066ns
  Clock Uncertainty:      0.035ns  ((TSJ^2 + TIJ^2)^1/2 + DJ) / 2 + PE
    Total System Jitter     (TSJ):    0.071ns
    Total Input Jitter      (TIJ):    0.000ns
    Discrete Jitter          (DJ):    0.000ns
    Phase Error              (PE):    0.000ns

    Location             Delay type                Incr(ns)  Path(ns)    Netlist Resource(s)
  -------------------------------------------------------------------    -------------------
                         (clock aclk rise edge)       0.000     0.000 r  
                                                      0.000     0.000 r  aclk (IN)
                         net (fo=138870, unset)       1.389     1.389    aclk
    SLICE_X64Y88         FDCE                                         r  i__i_13_replica/C
  -------------------------------------------------------------------    -------------------
    SLICE_X64Y88         FDCE (Prop_fdce_C_Q)         0.393     1.782 r  i__i_13_replica/Q
                         net (fo=18, routed)          0.426     2.208    core_inst_gen[0].u_engine_core/u_iv_top/gen_init_guess.u_init_guess/u_init_divider/i__i_13_n_0_repN_alias
    SLICE_X65Y89         LUT3 (Prop_lut3_I1_O)        0.097     2.305 r  core_inst_gen[0].u_engine_core/u_iv_top/gen_init_guess.u_init_guess/u_init_divider/div_stage[0].den_pipe[1][6]_i_35/O
                         net (fo=1, routed)           0.000     2.305    core_inst_gen[0].u_engine_core/u_iv_top/gen_init_guess.u_init_guess/u_init_divider/div_stage[0].den_pipe[1][6]_i_35_n_0
    SLICE_X65Y89         CARRY4 (Prop_carry4_S[1]_CO[3])
                                                      0.412     2.717 r  core_inst_gen[0].u_engine_core/u_iv_top/gen_init_guess.u_init_guess/u_init_divider/div_stage[0].den_pipe_reg[1][6]_i_21/CO[3]
                         net (fo=1, routed)           0.000     2.717    core_inst_gen[0].u_engine_core/u_iv_top/gen_init_guess.u_init_guess/u_init_divider/div_stage[0].den_pipe_reg[1][6]_i_21_n_0
    SLICE_X65Y90         CARRY4 (Prop_carry4_CI_CO[3])
                                                      0.089     2.806 r  core_inst_gen[0].u_engine_core/u_iv_top/gen_init_guess.u_init_guess/u_init_divider/div_stage[0].den_pipe_reg[1][6]_i_12/CO[3]
                         net (fo=1, routed)           0.000     2.806    core_inst_gen[0].u_engine_core/u_iv_top/gen_init_guess.u_init_guess/u_init_divider/div_stage[0].den_pipe_reg[1][6]_i_12_n_0
    SLICE_X65Y91         CARRY4 (Prop_carry4_CI_CO[3])
                                                      0.089     2.895 r  core_inst_gen[0].u_engine_core/u_iv_top/gen_init_guess.u_init_guess/u_init_divider/div_stage[0].den_pipe_reg[1][6]_i_3/CO[3]
                         net (fo=1, routed)           0.000     2.895    core_inst_gen[0].u_engine_core/u_iv_top/gen_init_guess.u_init_guess/u_init_divider/div_stage[0].den_pipe_reg[1][6]_i_3_n_0
    SLICE_X65Y92         CARRY4 (Prop_carry4_CI_CO[3])
                                                      0.089     2.984 r  core_inst_gen[0].u_engine_core/u_iv_top/gen_init_guess.u_init_guess/u_init_divider/div_stage[0].den_pipe_reg[1][6]_i_2/CO[3]
                         net (fo=1, routed)           0.000     2.984    core_inst_gen[0].u_engine_core/u_iv_top/gen_init_guess.u_init_guess/u_init_divider/div_stage[0].den_pipe_reg[1][6]_i_2_n_0
    SLICE_X65Y93         CARRY4 (Prop_carry4_CI_CO[3])
                                                      0.089     3.073 r  core_inst_gen[0].u_engine_core/u_iv_top/gen_init_guess.u_init_guess/u_init_divider/div_stage[0].den_pipe_reg[1][11]_i_2/CO[3]
                         net (fo=1, routed)           0.000     3.073    core_inst_gen[0].u_engine_core/u_iv_top/gen_init_guess.u_init_guess/u_init_divider/div_stage[0].den_pipe_reg[1][11]_i_2_n_0
    SLICE_X65Y94         CARRY4 (Prop_carry4_CI_CO[3])
                                                      0.089     3.162 r  core_inst_gen[0].u_engine_core/u_iv_top/gen_init_guess.u_init_guess/u_init_divider/div_stage[0].den_pipe_reg[1][15]_i_2/CO[3]
                         net (fo=1, routed)           0.000     3.162    core_inst_gen[0].u_engine_core/u_iv_top/gen_init_guess.u_init_guess/u_init_divider/div_stage[0].den_pipe_reg[1][15]_i_2_n_0
    SLICE_X65Y95         CARRY4 (Prop_carry4_CI_CO[3])
                                                      0.089     3.251 r  core_inst_gen[0].u_engine_core/u_iv_top/gen_init_guess.u_init_guess/u_init_divider/div_stage[0].den_pipe_reg[1][19]_i_2/CO[3]
                         net (fo=1, routed)           0.000     3.251    core_inst_gen[0].u_engine_core/u_iv_top/gen_init_guess.u_init_guess/u_init_divider/div_stage[0].den_pipe_reg[1][19]_i_2_n_0
    SLICE_X65Y96         CARRY4 (Prop_carry4_CI_CO[3])
                                                      0.089     3.340 r  core_inst_gen[0].u_engine_core/u_iv_top/gen_init_guess.u_init_guess/u_init_divider/div_stage[0].den_pipe_reg[1][22]_i_2/CO[3]
                         net (fo=1, routed)           0.000     3.340    core_inst_gen[0].u_engine_core/u_iv_top/gen_init_guess.u_init_guess/u_init_divider/div_stage[0].den_pipe_reg[1][22]_i_2_n_0
    SLICE_X65Y97         CARRY4 (Prop_carry4_CI_CO[3])
                                                      0.089     3.429 r  core_inst_gen[0].u_engine_core/u_iv_top/gen_init_guess.u_init_guess/u_init_divider/div_stage[0].den_pipe_reg[1][25]_i_3/CO[3]
                         net (fo=1, routed)           0.000     3.429    core_inst_gen[0].u_engine_core/u_iv_top/gen_init_guess.u_init_guess/u_init_divider/div_stage[0].den_pipe_reg[1][25]_i_3_n_0
    SLICE_X65Y98         CARRY4 (Prop_carry4_CI_O[3])
                                                      0.234     3.663 f  core_inst_gen[0].u_engine_core/u_iv_top/gen_init_guess.u_init_guess/u_init_divider/i___993_i_7/O[3]
                         net (fo=3, routed)           0.726     4.389    core_inst_gen[0].u_engine_core/u_iv_top/gen_init_guess.u_init_guess/u_init_divider/den_reg_reg[31]
    SLICE_X66Y93         LUT2 (Prop_lut2_I1_O)        0.234     4.623 r  core_inst_gen[0].u_engine_core/u_iv_top/gen_init_guess.u_init_guess/u_init_divider/div_stage[0].den_pipe[1][25]_i_9__0/O
                         net (fo=1, routed)           0.000     4.623    core_inst_gen[0].u_engine_core/u_iv_top/gen_init_guess.u_init_guess/u_init_divider/div_stage[0].den_pipe[1][25]_i_9__0_n_0
    SLICE_X66Y93         CARRY4 (Prop_carry4_S[3]_CO[3])
                                                      0.284     4.907 r  core_inst_gen[0].u_engine_core/u_iv_top/gen_init_guess.u_init_guess/u_init_divider/div_stage[0].den_pipe_reg[1][25]_i_2/CO[3]
                         net (fo=61, routed)          0.917     5.824    core_inst_gen[0].u_engine_core/u_iv_top/gen_init_guess.u_init_guess/u_init_divider/denominator_in2
    SLICE_X67Y89         LUT2 (Prop_lut2_I0_O)        0.107     5.931 f  core_inst_gen[0].u_engine_core/u_iv_top/gen_init_guess.u_init_guess/u_init_divider/div_stage[0].den_pipe[1][4]_i_2/O
                         net (fo=4, routed)           0.586     6.517    core_inst_gen[0].u_engine_core/u_iv_top/gen_init_guess.u_init_guess/u_init_divider/div_stage[0].den_pipe[1][4]_i_5_n_0
    SLICE_X68Y87         LUT6 (Prop_lut6_I4_O)        0.240     6.757 r  core_inst_gen[0].u_engine_core/u_iv_top/gen_init_guess.u_init_guess/u_init_divider/div_stage[29].dbz_pipe_reg[30]_srl30_core_inst_gen_c_28_i_6/O
                         net (fo=2, routed)           0.227     6.984    core_inst_gen[0].u_engine_core/u_iv_top/gen_init_guess.u_init_guess/u_init_divider/div_stage[29].dbz_pipe_reg[30]_srl30_core_inst_gen_c_28_i_6_n_0
    SLICE_X71Y88         LUT5 (Prop_lut5_I4_O)        0.097     7.081 r  core_inst_gen[0].u_engine_core/u_iv_top/gen_init_guess.u_init_guess/u_init_divider/i___993_i_21/O
                         net (fo=1, routed)           0.093     7.173    core_inst_gen[0].u_engine_core/u_iv_top/gen_init_guess.u_init_guess/u_init_divider/i___993_i_21_n_0
    SLICE_X71Y88         LUT6 (Prop_lut6_I5_O)        0.097     7.270 r  core_inst_gen[0].u_engine_core/u_iv_top/gen_init_guess.u_init_guess/u_init_divider/i___993_i_13/O
                         net (fo=1, routed)           0.205     7.476    core_inst_gen[0].u_engine_core/u_iv_top/gen_init_guess.u_init_guess/u_init_divider/i___993_i_13_n_0
    SLICE_X72Y87         LUT6 (Prop_lut6_I5_O)        0.097     7.573 r  core_inst_gen[0].u_engine_core/u_iv_top/gen_init_guess.u_init_guess/u_init_divider/i___993_i_6/O
                         net (fo=4, routed)           0.382     7.955    core_inst_gen[0].u_engine_core/u_iv_top/gen_init_guess.u_init_guess/u_init_divider/i___993_i_6_n_0
    SLICE_X73Y94         LUT6 (Prop_lut6_I5_O)        0.097     8.052 f  core_inst_gen[0].u_engine_core/u_iv_top/gen_init_guess.u_init_guess/u_init_divider/i___993_i_1/O
                         net (fo=41, routed)          0.631     8.683    core_inst_gen[0].u_engine_core/u_iv_top/gen_init_guess.u_init_guess/u_init_divider/i___993_i_1_n_0
    SLICE_X73Y93         LUT5 (Prop_lut5_I2_O)        0.111     8.794 f  core_inst_gen[0].u_engine_core/u_iv_top/gen_init_guess.u_init_guess/u_init_divider/div_stage[0].den_pipe[1][16]_i_1__11/O
                         net (fo=4, routed)           0.314     9.107    core_inst_gen[0].u_engine_core/u_iv_top/gen_init_guess.u_init_guess/u_init_divider/den_abs[16]
    SLICE_X71Y91         LUT6 (Prop_lut6_I3_O)        0.245     9.352 r  core_inst_gen[0].u_engine_core/u_iv_top/gen_init_guess.u_init_guess/u_init_divider/i___1032/O
                         net (fo=1, routed)           0.411     9.764    core_inst_gen[0].u_engine_core/u_iv_top/gen_init_guess.u_init_guess/u_init_divider/i___1032_n_0
    SLICE_X71Y94         CARRY4 (Prop_carry4_DI[0]_CO[3])
                                                      0.392    10.156 r  core_inst_gen[0].u_engine_core/u_iv_top/gen_init_guess.u_init_guess/u_init_divider/i___989_i_21/CO[3]
                         net (fo=1, routed)           0.000    10.156    core_inst_gen[0].u_engine_core/u_iv_top/gen_init_guess.u_init_guess/u_init_divider/i___989_i_21_n_0
    SLICE_X71Y95         CARRY4 (Prop_carry4_CI_CO[3])
                                                      0.089    10.245 r  core_inst_gen[0].u_engine_core/u_iv_top/gen_init_guess.u_init_guess/u_init_divider/i___989_i_4/CO[3]
                         net (fo=32, routed)          1.049    11.294    core_inst_gen[0].u_engine_core/u_iv_top/gen_init_guess.u_init_guess/u_init_divider/div_stage[0].rem_ge_den
    SLICE_X71Y90         LUT3 (Prop_lut3_I1_O)        0.097    11.391 r  core_inst_gen[0].u_engine_core/u_iv_top/gen_init_guess.u_init_guess/u_init_divider/div_stage[0].rem_pipe[1][10]_i_1/O
                         net (fo=1, routed)           0.000    11.391    core_inst_gen[0].u_engine_core/u_iv_top/gen_init_guess.u_init_guess/u_init_divider/div_stage[0].rem_pipe[1][10]_i_1_n_0
    SLICE_X71Y90         FDCE                                         r  core_inst_gen[0].u_engine_core/u_iv_top/gen_init_guess.u_init_guess/u_init_divider/div_stage[0].rem_pipe_reg[1][10]/D
  -------------------------------------------------------------------    -------------------

                         (clock aclk rise edge)      10.000    10.000 r  
                                                      0.000    10.000 r  aclk (IN)
                         net (fo=138870, unset)       1.279    11.279    core_inst_gen[0].u_engine_core/u_iv_top/gen_init_guess.u_init_guess/u_init_divider/aclk
    SLICE_X71Y90         FDCE                                         r  core_inst_gen[0].u_engine_core/u_iv_top/gen_init_guess.u_init_guess/u_init_divider/div_stage[0].rem_pipe_reg[1][10]/C
                         clock pessimism              0.066    11.345    
                         clock uncertainty           -0.035    11.310    
    SLICE_X71Y90         FDCE (Setup_fdce_C_D)        0.030    11.340    core_inst_gen[0].u_engine_core/u_iv_top/gen_init_guess.u_init_guess/u_init_divider/div_stage[0].rem_pipe_reg[1][10]
  -------------------------------------------------------------------
                         required time                         11.340    
                         arrival time                         -11.391    
  -------------------------------------------------------------------
                         slack                                 -0.051    

Slack (VIOLATED) :        -0.043ns  (required time - arrival time)
  Source:                 i__i_13__2_replica/C
                            (rising edge-triggered cell FDCE clocked by aclk  {rise@0.000ns fall@5.000ns period=10.000ns})
  Destination:            core_inst_gen[1].u_engine_core/u_iv_top/gen_init_guess.u_init_guess/u_init_divider/div_stage[0].rem_pipe_reg[1][29]/D
                            (rising edge-triggered cell FDCE clocked by aclk  {rise@0.000ns fall@5.000ns period=10.000ns})
  Path Group:             aclk
  Path Type:              Setup (Max at Slow Process Corner)
  Requirement:            10.000ns  (aclk rise@10.000ns - aclk rise@0.000ns)
  Data Path Delay:        10.082ns  (logic 3.483ns (34.547%)  route 6.599ns (65.453%))
  Logic Levels:           21  (CARRY4=13 LUT2=3 LUT3=1 LUT5=1 LUT6=3)
  Clock Path Skew:        -0.024ns (DCD - SCD + CPR)
    Destination Clock Delay (DCD):    1.169ns = ( 11.169 - 10.000 ) 
    Source Clock Delay      (SCD):    1.253ns
    Clock Pessimism Removal (CPR):    0.060ns
  Clock Uncertainty:      0.035ns  ((TSJ^2 + TIJ^2)^1/2 + DJ) / 2 + PE
    Total System Jitter     (TSJ):    0.071ns
    Total Input Jitter      (TIJ):    0.000ns
    Discrete Jitter          (DJ):    0.000ns
    Phase Error              (PE):    0.000ns

    Location             Delay type                Incr(ns)  Path(ns)    Netlist Resource(s)
  -------------------------------------------------------------------    -------------------
                         (clock aclk rise edge)       0.000     0.000 r  
                                                      0.000     0.000 r  aclk (IN)
                         net (fo=138870, unset)       1.253     1.253    aclk
    SLICE_X89Y122        FDCE                                         r  i__i_13__2_replica/C
  -------------------------------------------------------------------    -------------------
    SLICE_X89Y122        FDCE (Prop_fdce_C_Q)         0.313     1.566 r  i__i_13__2_replica/Q
                         net (fo=24, routed)          0.583     2.149    core_inst_gen[1].u_engine_core/u_iv_top/gen_init_guess.u_init_guess/u_init_divider/i__i_13__2_n_0_repN_alias
    SLICE_X91Y124        LUT3 (Prop_lut3_I1_O)        0.213     2.362 r  core_inst_gen[1].u_engine_core/u_iv_top/gen_init_guess.u_init_guess/u_init_divider/div_stage[0].den_pipe[1][6]_i_28__0/O
                         net (fo=1, routed)           0.000     2.362    core_inst_gen[1].u_engine_core/u_iv_top/gen_init_guess.u_init_guess/u_init_divider/div_stage[0].den_pipe[1][6]_i_28__0_n_0
    SLICE_X91Y124        CARRY4 (Prop_carry4_S[1]_CO[3])
                                                      0.412     2.774 r  core_inst_gen[1].u_engine_core/u_iv_top/gen_init_guess.u_init_guess/u_init_divider/div_stage[0].den_pipe_reg[1][6]_i_12__0/CO[3]
                         net (fo=1, routed)           0.007     2.782    core_inst_gen[1].u_engine_core/u_iv_top/gen_init_guess.u_init_guess/u_init_divider/div_stage[0].den_pipe_reg[1][6]_i_12__0_n_0
    SLICE_X91Y125        CARRY4 (Prop_carry4_CI_CO[3])
                                                      0.089     2.871 r  core_inst_gen[1].u_engine_core/u_iv_top/gen_init_guess.u_init_guess/u_init_divider/div_stage[0].den_pipe_reg[1][6]_i_3__0/CO[3]
                         net (fo=1, routed)           0.000     2.871    core_inst_gen[1].u_engine_core/u_iv_top/gen_init_guess.u_init_guess/u_init_divider/div_stage[0].den_pipe_reg[1][6]_i_3__0_n_0
    SLICE_X91Y126        CARRY4 (Prop_carry4_CI_CO[3])
                                                      0.089     2.960 r  core_inst_gen[1].u_engine_core/u_iv_top/gen_init_guess.u_init_guess/u_init_divider/div_stage[0].den_pipe_reg[1][6]_i_2__0/CO[3]
                         net (fo=1, routed)           0.000     2.960    core_inst_gen[1].u_engine_core/u_iv_top/gen_init_guess.u_init_guess/u_init_divider/div_stage[0].den_pipe_reg[1][6]_i_2__0_n_0
    SLICE_X91Y127        CARRY4 (Prop_carry4_CI_CO[3])
                                                      0.089     3.049 r  core_inst_gen[1].u_engine_core/u_iv_top/gen_init_guess.u_init_guess/u_init_divider/div_stage[0].den_pipe_reg[1][11]_i_2__0/CO[3]
                         net (fo=1, routed)           0.000     3.049    core_inst_gen[1].u_engine_core/u_iv_top/gen_init_guess.u_init_guess/u_init_divider/div_stage[0].den_pipe_reg[1][11]_i_2__0_n_0
    SLICE_X91Y128        CARRY4 (Prop_carry4_CI_CO[3])
                                                      0.089     3.138 r  core_inst_gen[1].u_engine_core/u_iv_top/gen_init_guess.u_init_guess/u_init_divider/div_stage[0].den_pipe_reg[1][15]_i_2__0/CO[3]
                         net (fo=1, routed)           0.000     3.138    core_inst_gen[1].u_engine_core/u_iv_top/gen_init_guess.u_init_guess/u_init_divider/div_stage[0].den_pipe_reg[1][15]_i_2__0_n_0
    SLICE_X91Y129        CARRY4 (Prop_carry4_CI_CO[3])
                                                      0.089     3.227 r  core_inst_gen[1].u_engine_core/u_iv_top/gen_init_guess.u_init_guess/u_init_divider/div_stage[0].den_pipe_reg[1][19]_i_2__0/CO[3]
                         net (fo=1, routed)           0.000     3.227    core_inst_gen[1].u_engine_core/u_iv_top/gen_init_guess.u_init_guess/u_init_divider/div_stage[0].den_pipe_reg[1][19]_i_2__0_n_0
    SLICE_X91Y130        CARRY4 (Prop_carry4_CI_CO[3])
                                                      0.089     3.316 r  core_inst_gen[1].u_engine_core/u_iv_top/gen_init_guess.u_init_guess/u_init_divider/div_stage[0].den_pipe_reg[1][22]_i_2__0/CO[3]
                         net (fo=1, routed)           0.000     3.316    core_inst_gen[1].u_engine_core/u_iv_top/gen_init_guess.u_init_guess/u_init_divider/div_stage[0].den_pipe_reg[1][22]_i_2__0_n_0
    SLICE_X91Y131        CARRY4 (Prop_carry4_CI_CO[3])
                                                      0.089     3.405 r  core_inst_gen[1].u_engine_core/u_iv_top/gen_init_guess.u_init_guess/u_init_divider/div_stage[0].den_pipe_reg[1][25]_i_3__1/CO[3]
                         net (fo=1, routed)           0.000     3.405    core_inst_gen[1].u_engine_core/u_iv_top/gen_init_guess.u_init_guess/u_init_divider/div_stage[0].den_pipe_reg[1][25]_i_3__1_n_0
    SLICE_X91Y132        CARRY4 (Prop_carry4_CI_O[3])
                                                      0.234     3.639 f  core_inst_gen[1].u_engine_core/u_iv_top/gen_init_guess.u_init_guess/u_init_divider/i___993_i_7__4/O[3]
                         net (fo=3, routed)           0.664     4.303    core_inst_gen[1].u_engine_core/u_iv_top/gen_init_guess.u_init_guess/u_init_divider/den_reg_reg[31]
    SLICE_X92Y134        LUT2 (Prop_lut2_I1_O)        0.234     4.537 r  core_inst_gen[1].u_engine_core/u_iv_top/gen_init_guess.u_init_guess/u_init_divider/div_stage[0].den_pipe[1][25]_i_9__0/O
                         net (fo=1, routed)           0.000     4.537    core_inst_gen[1].u_engine_core/u_iv_top/gen_init_guess.u_init_guess/u_init_divider/div_stage[0].den_pipe[1][25]_i_9__0_n_0
    SLICE_X92Y134        CARRY4 (Prop_carry4_S[3]_CO[3])
                                                      0.284     4.821 r  core_inst_gen[1].u_engine_core/u_iv_top/gen_init_guess.u_init_guess/u_init_divider/div_stage[0].den_pipe_reg[1][25]_i_2__1/CO[3]
                         net (fo=61, routed)          0.893     5.714    core_inst_gen[1].u_engine_core/u_iv_top/gen_init_guess.u_init_guess/u_init_divider/denominator_in2
    SLICE_X93Y131        LUT2 (Prop_lut2_I0_O)        0.097     5.811 f  core_inst_gen[1].u_engine_core/u_iv_top/gen_init_guess.u_init_guess/u_init_divider/i___996_i_1__1/O
                         net (fo=10, routed)          1.239     7.050    core_inst_gen[1].u_engine_core/u_iv_top/gen_init_guess.u_init_guess/u_init_divider/i___996_i_3__4_n_0
    SLICE_X94Y128        LUT6 (Prop_lut6_I1_O)        0.097     7.147 f  core_inst_gen[1].u_engine_core/u_iv_top/gen_init_guess.u_init_guess/u_init_divider/i___993_i_6__4_comp/O
                         net (fo=1, routed)           0.788     7.935    core_inst_gen[1].u_engine_core/u_iv_top/gen_init_guess.u_init_guess/u_init_divider/i___993_i_6__4_n_0_repN
    SLICE_X91Y119        LUT6 (Prop_lut6_I5_O)        0.097     8.032 f  core_inst_gen[1].u_engine_core/u_iv_top/gen_init_guess.u_init_guess/u_init_divider/i___993_i_1__4_replica_comp_1/O
                         net (fo=23, routed)          0.500     8.532    core_inst_gen[1].u_engine_core/u_iv_top/gen_init_guess.u_init_guess/u_init_divider/i___993_i_1__4_n_0_repN
    SLICE_X93Y121        LUT5 (Prop_lut5_I2_O)        0.097     8.629 f  core_inst_gen[1].u_engine_core/u_iv_top/gen_init_guess.u_init_guess/u_init_divider/div_stage[0].den_pipe[1][11]_i_1__13/O
                         net (fo=4, routed)           0.520     9.149    core_inst_gen[1].u_engine_core/u_iv_top/gen_init_guess.u_init_guess/u_init_divider/den_abs[11]
    SLICE_X96Y124        LUT6 (Prop_lut6_I4_O)        0.097     9.246 r  core_inst_gen[1].u_engine_core/u_iv_top/gen_init_guess.u_init_guess/u_init_divider/i___1020/O
                         net (fo=1, routed)           0.336     9.582    core_inst_gen[1].u_engine_core/u_iv_top/gen_init_guess.u_init_guess/u_init_divider/i___1020_n_0
    SLICE_X96Y126        CARRY4 (Prop_carry4_DI[1]_CO[3])
                                                      0.386     9.968 r  core_inst_gen[1].u_engine_core/u_iv_top/gen_init_guess.u_init_guess/u_init_divider/i___989_i_24/CO[3]
                         net (fo=1, routed)           0.000     9.968    core_inst_gen[1].u_engine_core/u_iv_top/gen_init_guess.u_init_guess/u_init_divider/i___989_i_24_n_0
    SLICE_X96Y127        CARRY4 (Prop_carry4_CI_CO[3])
                                                      0.092    10.060 r  core_inst_gen[1].u_engine_core/u_iv_top/gen_init_guess.u_init_guess/u_init_divider/i___989_i_21/CO[3]
                         net (fo=1, routed)           0.000    10.060    core_inst_gen[1].u_engine_core/u_iv_top/gen_init_guess.u_init_guess/u_init_divider/i___989_i_21_n_0
    SLICE_X96Y128        CARRY4 (Prop_carry4_CI_CO[3])
                                                      0.092    10.152 r  core_inst_gen[1].u_engine_core/u_iv_top/gen_init_guess.u_init_guess/u_init_divider/i___989_i_4/CO[3]
                         net (fo=32, routed)          1.068    11.220    core_inst_gen[1].u_engine_core/u_iv_top/gen_init_guess.u_init_guess/u_init_divider/div_stage[0].rem_ge_den
    SLICE_X96Y132        LUT2 (Prop_lut2_I0_O)        0.115    11.335 r  core_inst_gen[1].u_engine_core/u_iv_top/gen_init_guess.u_init_guess/u_init_divider/div_stage[0].rem_pipe[1][29]_i_1__6/O
                         net (fo=1, routed)           0.000    11.335    core_inst_gen[1].u_engine_core/u_iv_top/gen_init_guess.u_init_guess/u_init_divider/div_stage[0].rem_pipe[1][29]_i_1__6_n_0
    SLICE_X96Y132        FDCE                                         r  core_inst_gen[1].u_engine_core/u_iv_top/gen_init_guess.u_init_guess/u_init_divider/div_stage[0].rem_pipe_reg[1][29]/D
  -------------------------------------------------------------------    -------------------

                         (clock aclk rise edge)      10.000    10.000 r  
                                                      0.000    10.000 r  aclk (IN)
                         net (fo=138870, unset)       1.169    11.169    core_inst_gen[1].u_engine_core/u_iv_top/gen_init_guess.u_init_guess/u_init_divider/aclk
    SLICE_X96Y132        FDCE                                         r  core_inst_gen[1].u_engine_core/u_iv_top/gen_init_guess.u_init_guess/u_init_divider/div_stage[0].rem_pipe_reg[1][29]/C
                         clock pessimism              0.060    11.229    
                         clock uncertainty           -0.035    11.194    
    SLICE_X96Y132        FDCE (Setup_fdce_C_D)        0.098    11.292    core_inst_gen[1].u_engine_core/u_iv_top/gen_init_guess.u_init_guess/u_init_divider/div_stage[0].rem_pipe_reg[1][29]
  -------------------------------------------------------------------
                         required time                         11.292    
                         arrival time                         -11.335    
  -------------------------------------------------------------------
                         slack                                 -0.043    

Slack (VIOLATED) :        -0.037ns  (required time - arrival time)
  Source:                 i__i_13__8_replica/C
                            (rising edge-triggered cell FDCE clocked by aclk  {rise@0.000ns fall@5.000ns period=10.000ns})
  Destination:            core_inst_gen[3].u_engine_core/u_iv_top/gen_init_guess.u_init_guess/u_init_divider/div_stage[0].rem_pipe_reg[1][6]/D
                            (rising edge-triggered cell FDCE clocked by aclk  {rise@0.000ns fall@5.000ns period=10.000ns})
  Path Group:             aclk
  Path Type:              Setup (Max at Slow Process Corner)
  Requirement:            10.000ns  (aclk rise@10.000ns - aclk rise@0.000ns)
  Data Path Delay:        10.021ns  (logic 3.729ns (37.211%)  route 6.292ns (62.789%))
  Logic Levels:           25  (CARRY4=14 LUT2=2 LUT3=2 LUT4=1 LUT5=1 LUT6=5)
  Clock Path Skew:        -0.049ns (DCD - SCD + CPR)
    Destination Clock Delay (DCD):    1.242ns = ( 11.242 - 10.000 ) 
    Source Clock Delay      (SCD):    1.351ns
    Clock Pessimism Removal (CPR):    0.060ns
  Clock Uncertainty:      0.035ns  ((TSJ^2 + TIJ^2)^1/2 + DJ) / 2 + PE
    Total System Jitter     (TSJ):    0.071ns
    Total Input Jitter      (TIJ):    0.000ns
    Discrete Jitter          (DJ):    0.000ns
    Phase Error              (PE):    0.000ns

    Location             Delay type                Incr(ns)  Path(ns)    Netlist Resource(s)
  -------------------------------------------------------------------    -------------------
                         (clock aclk rise edge)       0.000     0.000 r  
                                                      0.000     0.000 r  aclk (IN)
                         net (fo=138870, unset)       1.351     1.351    aclk
    SLICE_X149Y105       FDCE                                         r  i__i_13__8_replica/C
  -------------------------------------------------------------------    -------------------
    SLICE_X149Y105       FDCE (Prop_fdce_C_Q)         0.341     1.692 r  i__i_13__8_replica/Q
                         net (fo=16, routed)          0.713     2.405    core_inst_gen[3].u_engine_core/u_iv_top/gen_init_guess.u_init_guess/u_init_divider/i__i_13__8_n_0_repN_alias
    SLICE_X150Y106       LUT3 (Prop_lut3_I1_O)        0.097     2.502 r  core_inst_gen[3].u_engine_core/u_iv_top/gen_init_guess.u_init_guess/u_init_divider/div_stage[0].den_pipe[1][6]_i_26__2/O
                         net (fo=1, routed)           0.000     2.502    core_inst_gen[3].u_engine_core/u_iv_top/gen_init_guess.u_init_guess/u_init_divider/div_stage[0].den_pipe[1][6]_i_26__2_n_0
    SLICE_X150Y106       CARRY4 (Prop_carry4_S[3]_CO[3])
                                                      0.284     2.786 r  core_inst_gen[3].u_engine_core/u_iv_top/gen_init_guess.u_init_guess/u_init_divider/div_stage[0].den_pipe_reg[1][6]_i_12__2/CO[3]
                         net (fo=1, routed)           0.000     2.786    core_inst_gen[3].u_engine_core/u_iv_top/gen_init_guess.u_init_guess/u_init_divider/div_stage[0].den_pipe_reg[1][6]_i_12__2_n_0
    SLICE_X150Y107       CARRY4 (Prop_carry4_CI_CO[3])
                                                      0.092     2.878 r  core_inst_gen[3].u_engine_core/u_iv_top/gen_init_guess.u_init_guess/u_init_divider/div_stage[0].den_pipe_reg[1][6]_i_3__2/CO[3]
                         net (fo=1, routed)           0.000     2.878    core_inst_gen[3].u_engine_core/u_iv_top/gen_init_guess.u_init_guess/u_init_divider/div_stage[0].den_pipe_reg[1][6]_i_3__2_n_0
    SLICE_X150Y108       CARRY4 (Prop_carry4_CI_CO[3])
                                                      0.092     2.970 r  core_inst_gen[3].u_engine_core/u_iv_top/gen_init_guess.u_init_guess/u_init_divider/div_stage[0].den_pipe_reg[1][6]_i_2__2/CO[3]
                         net (fo=1, routed)           0.000     2.970    core_inst_gen[3].u_engine_core/u_iv_top/gen_init_guess.u_init_guess/u_init_divider/div_stage[0].den_pipe_reg[1][6]_i_2__2_n_0
    SLICE_X150Y109       CARRY4 (Prop_carry4_CI_CO[3])
                                                      0.092     3.062 r  core_inst_gen[3].u_engine_core/u_iv_top/gen_init_guess.u_init_guess/u_init_divider/div_stage[0].den_pipe_reg[1][11]_i_2__2/CO[3]
                         net (fo=1, routed)           0.000     3.062    core_inst_gen[3].u_engine_core/u_iv_top/gen_init_guess.u_init_guess/u_init_divider/div_stage[0].den_pipe_reg[1][11]_i_2__2_n_0
    SLICE_X150Y110       CARRY4 (Prop_carry4_CI_CO[3])
                                                      0.092     3.154 r  core_inst_gen[3].u_engine_core/u_iv_top/gen_init_guess.u_init_guess/u_init_divider/div_stage[0].den_pipe_reg[1][15]_i_2__2/CO[3]
                         net (fo=1, routed)           0.000     3.154    core_inst_gen[3].u_engine_core/u_iv_top/gen_init_guess.u_init_guess/u_init_divider/div_stage[0].den_pipe_reg[1][15]_i_2__2_n_0
    SLICE_X150Y111       CARRY4 (Prop_carry4_CI_CO[3])
                                                      0.092     3.246 r  core_inst_gen[3].u_engine_core/u_iv_top/gen_init_guess.u_init_guess/u_init_divider/div_stage[0].den_pipe_reg[1][19]_i_2__2/CO[3]
                         net (fo=1, routed)           0.000     3.246    core_inst_gen[3].u_engine_core/u_iv_top/gen_init_guess.u_init_guess/u_init_divider/div_stage[0].den_pipe_reg[1][19]_i_2__2_n_0
    SLICE_X150Y112       CARRY4 (Prop_carry4_CI_CO[3])
                                                      0.092     3.338 r  core_inst_gen[3].u_engine_core/u_iv_top/gen_init_guess.u_init_guess/u_init_divider/div_stage[0].den_pipe_reg[1][22]_i_2__2/CO[3]
                         net (fo=1, routed)           0.000     3.338    core_inst_gen[3].u_engine_core/u_iv_top/gen_init_guess.u_init_guess/u_init_divider/div_stage[0].den_pipe_reg[1][22]_i_2__2_n_0
    SLICE_X150Y113       CARRY4 (Prop_carry4_CI_CO[3])
                                                      0.092     3.430 r  core_inst_gen[3].u_engine_core/u_iv_top/gen_init_guess.u_init_guess/u_init_divider/div_stage[0].den_pipe_reg[1][25]_i_3__5/CO[3]
                         net (fo=1, routed)           0.000     3.430    core_inst_gen[3].u_engine_core/u_iv_top/gen_init_guess.u_init_guess/u_init_divider/div_stage[0].den_pipe_reg[1][25]_i_3__5_n_0
    SLICE_X150Y114       CARRY4 (Prop_carry4_CI_O[3])
                                                      0.237     3.667 f  core_inst_gen[3].u_engine_core/u_iv_top/gen_init_guess.u_init_guess/u_init_divider/i___993_i_7__14/O[3]
                         net (fo=3, routed)           0.457     4.124    core_inst_gen[3].u_engine_core/u_iv_top/gen_init_guess.u_init_guess/u_init_divider/den_reg_reg[31]
    SLICE_X151Y114       LUT2 (Prop_lut2_I1_O)        0.222     4.346 r  core_inst_gen[3].u_engine_core/u_iv_top/gen_init_guess.u_init_guess/u_init_divider/div_stage[0].den_pipe[1][25]_i_9__2/O
                         net (fo=1, routed)           0.000     4.346    core_inst_gen[3].u_engine_core/u_iv_top/gen_init_guess.u_init_guess/u_init_divider/div_stage[0].den_pipe[1][25]_i_9__2_n_0
    SLICE_X151Y114       CARRY4 (Prop_carry4_S[3]_CO[3])
                                                      0.299     4.645 f  core_inst_gen[3].u_engine_core/u_iv_top/gen_init_guess.u_init_guess/u_init_divider/div_stage[0].den_pipe_reg[1][25]_i_2__5/CO[3]
                         net (fo=60, routed)          1.027     5.672    core_inst_gen[3].u_engine_core/u_iv_top/gen_init_guess.u_init_guess/u_init_divider/denominator_in2
    SLICE_X153Y118       LUT2 (Prop_lut2_I1_O)        0.105     5.777 f  core_inst_gen[3].u_engine_core/u_iv_top/gen_init_guess.u_init_guess/u_init_divider/div_stage[0].den_pipe[1][0]_i_2__8/O
                         net (fo=3, routed)           0.752     6.529    core_inst_gen[3].u_engine_core/u_iv_top/gen_init_guess.u_init_guess/u_init_divider/div_stage[0].den_pipe[1][4]_i_4__14_n_0
    SLICE_X148Y117       LUT6 (Prop_lut6_I1_O)        0.247     6.776 r  core_inst_gen[3].u_engine_core/u_iv_top/gen_init_guess.u_init_guess/u_init_divider/div_stage[29].dbz_pipe_reg[30]_srl30_core_inst_gen_c_28_i_6__14/O
                         net (fo=2, routed)           0.199     6.975    core_inst_gen[3].u_engine_core/u_iv_top/gen_init_guess.u_init_guess/u_init_divider/div_stage[29].dbz_pipe_reg[30]_srl30_core_inst_gen_c_28_i_6__14_n_0
    SLICE_X149Y116       LUT5 (Prop_lut5_I4_O)        0.097     7.072 r  core_inst_gen[3].u_engine_core/u_iv_top/gen_init_guess.u_init_guess/u_init_divider/i___993_i_21__2/O
                         net (fo=1, routed)           0.204     7.276    core_inst_gen[3].u_engine_core/u_iv_top/gen_init_guess.u_init_guess/u_init_divider/i___993_i_21__2_n_0
    SLICE_X147Y116       LUT6 (Prop_lut6_I5_O)        0.097     7.373 r  core_inst_gen[3].u_engine_core/u_iv_top/gen_init_guess.u_init_guess/u_init_divider/i___993_i_13__5/O
                         net (fo=1, routed)           0.096     7.469    core_inst_gen[3].u_engine_core/u_iv_top/gen_init_guess.u_init_guess/u_init_divider/i___993_i_13__5_n_0
    SLICE_X147Y116       LUT6 (Prop_lut6_I5_O)        0.097     7.566 r  core_inst_gen[3].u_engine_core/u_iv_top/gen_init_guess.u_init_guess/u_init_divider/i___993_i_6__14/O
                         net (fo=1, routed)           0.211     7.777    core_inst_gen[3].u_engine_core/u_iv_top/gen_init_guess.u_init_guess/u_init_divider/i___993_i_6__14_n_0
    SLICE_X149Y116       LUT6 (Prop_lut6_I5_O)        0.097     7.874 f  core_inst_gen[3].u_engine_core/u_iv_top/gen_init_guess.u_init_guess/u_init_divider/i___993_i_1__14/O
                         net (fo=43, routed)          0.568     8.442    core_inst_gen[3].u_engine_core/u_iv_top/gen_init_guess.u_init_guess/u_init_divider/i___993_i_1__14_n_0
    SLICE_X144Y111       LUT4 (Prop_lut4_I0_O)        0.097     8.539 f  core_inst_gen[3].u_engine_core/u_iv_top/gen_init_guess.u_init_guess/u_init_divider/div_stage[0].den_pipe[1][4]_i_1__14/O
                         net (fo=4, routed)           0.515     9.053    core_inst_gen[3].u_engine_core/u_iv_top/gen_init_guess.u_init_guess/u_init_divider/den_abs[4]
    SLICE_X154Y116       LUT6 (Prop_lut6_I3_O)        0.097     9.150 r  core_inst_gen[3].u_engine_core/u_iv_top/gen_init_guess.u_init_guess/u_init_divider/i___1008/O
                         net (fo=1, routed)           0.499     9.649    core_inst_gen[3].u_engine_core/u_iv_top/gen_init_guess.u_init_guess/u_init_divider/i___1008_n_0
    SLICE_X158Y117       CARRY4 (Prop_carry4_DI[2]_CO[3])
                                                      0.298     9.947 r  core_inst_gen[3].u_engine_core/u_iv_top/gen_init_guess.u_init_guess/u_init_divider/i___989_i_25/CO[3]
                         net (fo=1, routed)           0.000     9.947    core_inst_gen[3].u_engine_core/u_iv_top/gen_init_guess.u_init_guess/u_init_divider/i___989_i_25_n_0
    SLICE_X158Y118       CARRY4 (Prop_carry4_CI_CO[3])
                                                      0.092    10.039 r  core_inst_gen[3].u_engine_core/u_iv_top/gen_init_guess.u_init_guess/u_init_divider/i___989_i_24/CO[3]
                         net (fo=1, routed)           0.000    10.039    core_inst_gen[3].u_engine_core/u_iv_top/gen_init_guess.u_init_guess/u_init_divider/i___989_i_24_n_0
    SLICE_X158Y119       CARRY4 (Prop_carry4_CI_CO[3])
                                                      0.092    10.131 r  core_inst_gen[3].u_engine_core/u_iv_top/gen_init_guess.u_init_guess/u_init_divider/i___989_i_21/CO[3]
                         net (fo=1, routed)           0.000    10.131    core_inst_gen[3].u_engine_core/u_iv_top/gen_init_guess.u_init_guess/u_init_divider/i___989_i_21_n_0
    SLICE_X158Y120       CARRY4 (Prop_carry4_CI_CO[3])
                                                      0.092    10.223 r  core_inst_gen[3].u_engine_core/u_iv_top/gen_init_guess.u_init_guess/u_init_divider/i___989_i_4/CO[3]
                         net (fo=32, routed)          1.052    11.275    core_inst_gen[3].u_engine_core/u_iv_top/gen_init_guess.u_init_guess/u_init_divider/div_stage[0].rem_ge_den
    SLICE_X154Y117       LUT3 (Prop_lut3_I1_O)        0.097    11.372 r  core_inst_gen[3].u_engine_core/u_iv_top/gen_init_guess.u_init_guess/u_init_divider/div_stage[0].rem_pipe[1][6]_i_1__20/O
                         net (fo=1, routed)           0.000    11.372    core_inst_gen[3].u_engine_core/u_iv_top/gen_init_guess.u_init_guess/u_init_divider/div_stage[0].rem_pipe[1][6]_i_1__20_n_0
    SLICE_X154Y117       FDCE                                         r  core_inst_gen[3].u_engine_core/u_iv_top/gen_init_guess.u_init_guess/u_init_divider/div_stage[0].rem_pipe_reg[1][6]/D
  -------------------------------------------------------------------    -------------------

                         (clock aclk rise edge)      10.000    10.000 r  
                                                      0.000    10.000 r  aclk (IN)
                         net (fo=138870, unset)       1.242    11.242    core_inst_gen[3].u_engine_core/u_iv_top/gen_init_guess.u_init_guess/u_init_divider/aclk
    SLICE_X154Y117       FDCE                                         r  core_inst_gen[3].u_engine_core/u_iv_top/gen_init_guess.u_init_guess/u_init_divider/div_stage[0].rem_pipe_reg[1][6]/C
                         clock pessimism              0.060    11.302    
                         clock uncertainty           -0.035    11.267    
    SLICE_X154Y117       FDCE (Setup_fdce_C_D)        0.069    11.336    core_inst_gen[3].u_engine_core/u_iv_top/gen_init_guess.u_init_guess/u_init_divider/div_stage[0].rem_pipe_reg[1][6]
  -------------------------------------------------------------------
                         required time                         11.336    
                         arrival time                         -11.372    
  -------------------------------------------------------------------
                         slack                                 -0.037    

Slack (VIOLATED) :        -0.026ns  (required time - arrival time)
  Source:                 core_inst_gen[2].u_engine_core/u_iv_top/gen_init_guess.u_init_guess/den_reg_reg[3]/C
                            (rising edge-triggered cell FDCE clocked by aclk  {rise@0.000ns fall@5.000ns period=10.000ns})
  Destination:            core_inst_gen[2].u_engine_core/u_iv_top/gen_init_guess.u_init_guess/u_init_divider/div_stage[0].rem_pipe_reg[1][22]/D
                            (rising edge-triggered cell FDCE clocked by aclk  {rise@0.000ns fall@5.000ns period=10.000ns})
  Path Group:             aclk
  Path Type:              Setup (Max at Slow Process Corner)
  Requirement:            10.000ns  (aclk rise@10.000ns - aclk rise@0.000ns)
  Data Path Delay:        10.015ns  (logic 3.624ns (36.187%)  route 6.391ns (63.813%))
  Logic Levels:           21  (CARRY4=11 LUT2=2 LUT3=2 LUT5=2 LUT6=4)
  Clock Path Skew:        -0.046ns (DCD - SCD + CPR)
    Destination Clock Delay (DCD):    1.168ns = ( 11.168 - 10.000 ) 
    Source Clock Delay      (SCD):    1.274ns
    Clock Pessimism Removal (CPR):    0.060ns
  Clock Uncertainty:      0.035ns  ((TSJ^2 + TIJ^2)^1/2 + DJ) / 2 + PE
    Total System Jitter     (TSJ):    0.071ns
    Total Input Jitter      (TIJ):    0.000ns
    Discrete Jitter          (DJ):    0.000ns
    Phase Error              (PE):    0.000ns

    Location             Delay type                Incr(ns)  Path(ns)    Netlist Resource(s)
  -------------------------------------------------------------------    -------------------
                         (clock aclk rise edge)       0.000     0.000 r  
                                                      0.000     0.000 r  aclk (IN)
                         net (fo=138870, unset)       1.274     1.274    core_inst_gen[2].u_engine_core/u_iv_top/gen_init_guess.u_init_guess/aclk
    SLICE_X101Y116       FDCE                                         r  core_inst_gen[2].u_engine_core/u_iv_top/gen_init_guess.u_init_guess/den_reg_reg[3]/C
  -------------------------------------------------------------------    -------------------
    SLICE_X101Y116       FDCE (Prop_fdce_C_Q)         0.313     1.587 r  core_inst_gen[2].u_engine_core/u_iv_top/gen_init_guess.u_init_guess/den_reg_reg[3]/Q
                         net (fo=1, routed)           0.664     2.251    core_inst_gen[2].u_engine_core/u_iv_top/gen_init_guess.u_init_guess/u_init_divider/div_stage[0].den_pipe_reg[1][11]_i_2__1_0[3]
    SLICE_X100Y117       LUT3 (Prop_lut3_I2_O)        0.211     2.462 r  core_inst_gen[2].u_engine_core/u_iv_top/gen_init_guess.u_init_guess/u_init_divider/div_stage[0].den_pipe[1][6]_i_29__1/O
                         net (fo=1, routed)           0.000     2.462    core_inst_gen[2].u_engine_core/u_iv_top/gen_init_guess.u_init_guess/u_init_divider/div_stage[0].den_pipe[1][6]_i_29__1_n_0
    SLICE_X100Y117       CARRY4 (Prop_carry4_S[0]_CO[3])
                                                      0.379     2.841 r  core_inst_gen[2].u_engine_core/u_iv_top/gen_init_guess.u_init_guess/u_init_divider/div_stage[0].den_pipe_reg[1][6]_i_12__1/CO[3]
                         net (fo=1, routed)           0.000     2.841    core_inst_gen[2].u_engine_core/u_iv_top/gen_init_guess.u_init_guess/u_init_divider/div_stage[0].den_pipe_reg[1][6]_i_12__1_n_0
    SLICE_X100Y118       CARRY4 (Prop_carry4_CI_CO[3])
                                                      0.092     2.933 r  core_inst_gen[2].u_engine_core/u_iv_top/gen_init_guess.u_init_guess/u_init_divider/div_stage[0].den_pipe_reg[1][6]_i_3__1/CO[3]
                         net (fo=1, routed)           0.000     2.933    core_inst_gen[2].u_engine_core/u_iv_top/gen_init_guess.u_init_guess/u_init_divider/div_stage[0].den_pipe_reg[1][6]_i_3__1_n_0
    SLICE_X100Y119       CARRY4 (Prop_carry4_CI_CO[3])
                                                      0.092     3.025 r  core_inst_gen[2].u_engine_core/u_iv_top/gen_init_guess.u_init_guess/u_init_divider/div_stage[0].den_pipe_reg[1][6]_i_2__1/CO[3]
                         net (fo=1, routed)           0.000     3.025    core_inst_gen[2].u_engine_core/u_iv_top/gen_init_guess.u_init_guess/u_init_divider/div_stage[0].den_pipe_reg[1][6]_i_2__1_n_0
    SLICE_X100Y120       CARRY4 (Prop_carry4_CI_CO[3])
                                                      0.092     3.117 r  core_inst_gen[2].u_engine_core/u_iv_top/gen_init_guess.u_init_guess/u_init_divider/div_stage[0].den_pipe_reg[1][11]_i_2__1/CO[3]
                         net (fo=1, routed)           0.000     3.117    core_inst_gen[2].u_engine_core/u_iv_top/gen_init_guess.u_init_guess/u_init_divider/div_stage[0].den_pipe_reg[1][11]_i_2__1_n_0
    SLICE_X100Y121       CARRY4 (Prop_carry4_CI_CO[3])
                                                      0.092     3.209 r  core_inst_gen[2].u_engine_core/u_iv_top/gen_init_guess.u_init_guess/u_init_divider/div_stage[0].den_pipe_reg[1][15]_i_2__1/CO[3]
                         net (fo=1, routed)           0.000     3.209    core_inst_gen[2].u_engine_core/u_iv_top/gen_init_guess.u_init_guess/u_init_divider/div_stage[0].den_pipe_reg[1][15]_i_2__1_n_0
    SLICE_X100Y122       CARRY4 (Prop_carry4_CI_CO[3])
                                                      0.092     3.301 r  core_inst_gen[2].u_engine_core/u_iv_top/gen_init_guess.u_init_guess/u_init_divider/div_stage[0].den_pipe_reg[1][19]_i_2__1/CO[3]
                         net (fo=1, routed)           0.000     3.301    core_inst_gen[2].u_engine_core/u_iv_top/gen_init_guess.u_init_guess/u_init_divider/div_stage[0].den_pipe_reg[1][19]_i_2__1_n_0
    SLICE_X100Y123       CARRY4 (Prop_carry4_CI_CO[3])
                                                      0.092     3.393 r  core_inst_gen[2].u_engine_core/u_iv_top/gen_init_guess.u_init_guess/u_init_divider/div_stage[0].den_pipe_reg[1][22]_i_2__1/CO[3]
                         net (fo=1, routed)           0.000     3.393    core_inst_gen[2].u_engine_core/u_iv_top/gen_init_guess.u_init_guess/u_init_divider/div_stage[0].den_pipe_reg[1][22]_i_2__1_n_0
    SLICE_X100Y124       CARRY4 (Prop_carry4_CI_O[1])
                                                      0.223     3.616 f  core_inst_gen[2].u_engine_core/u_iv_top/gen_init_guess.u_init_guess/u_init_divider/div_stage[0].den_pipe_reg[1][25]_i_3__3/O[1]
                         net (fo=5, routed)           0.662     4.278    core_inst_gen[2].u_engine_core/u_iv_top/gen_init_guess.u_init_guess/u_init_divider/den_reg_reg[25]
    SLICE_X97Y120        LUT2 (Prop_lut2_I1_O)        0.216     4.494 r  core_inst_gen[2].u_engine_core/u_iv_top/gen_init_guess.u_init_guess/u_init_divider/div_stage[0].den_pipe[1][25]_i_12__1/O
                         net (fo=1, routed)           0.000     4.494    core_inst_gen[2].u_engine_core/u_iv_top/gen_init_guess.u_init_guess/u_init_divider/div_stage[0].den_pipe[1][25]_i_12__1_n_0
    SLICE_X97Y120        CARRY4 (Prop_carry4_S[0]_CO[3])
                                                      0.395     4.889 r  core_inst_gen[2].u_engine_core/u_iv_top/gen_init_guess.u_init_guess/u_init_divider/div_stage[0].den_pipe_reg[1][25]_i_2__3/CO[3]
                         net (fo=59, routed)          0.961     5.850    core_inst_gen[2].u_engine_core/u_iv_top/gen_init_guess.u_init_guess/u_init_divider/denominator_in2
    SLICE_X98Y116        LUT2 (Prop_lut2_I0_O)        0.113     5.963 f  core_inst_gen[2].u_engine_core/u_iv_top/gen_init_guess.u_init_guess/u_init_divider/div_stage[0].den_pipe[1][1]_i_2__3/O
                         net (fo=3, routed)           0.802     6.765    core_inst_gen[2].u_engine_core/u_iv_top/gen_init_guess.u_init_guess/u_init_divider/div_stage[0].den_pipe[1][4]_i_8__3_n_0
    SLICE_X102Y113       LUT6 (Prop_lut6_I0_O)        0.250     7.015 r  core_inst_gen[2].u_engine_core/u_iv_top/gen_init_guess.u_init_guess/u_init_divider/div_stage[29].dbz_pipe_reg[30]_srl30_core_inst_gen_c_28_i_6__9/O
                         net (fo=2, routed)           0.111     7.126    core_inst_gen[2].u_engine_core/u_iv_top/gen_init_guess.u_init_guess/u_init_divider/div_stage[29].dbz_pipe_reg[30]_srl30_core_inst_gen_c_28_i_6__9_n_0
    SLICE_X102Y113       LUT5 (Prop_lut5_I4_O)        0.097     7.223 r  core_inst_gen[2].u_engine_core/u_iv_top/gen_init_guess.u_init_guess/u_init_divider/i___993_i_21__1/O
                         net (fo=1, routed)           0.283     7.506    core_inst_gen[2].u_engine_core/u_iv_top/gen_init_guess.u_init_guess/u_init_divider/i___993_i_21__1_n_0
    SLICE_X103Y115       LUT6 (Prop_lut6_I5_O)        0.097     7.603 r  core_inst_gen[2].u_engine_core/u_iv_top/gen_init_guess.u_init_guess/u_init_divider/i___993_i_6__9_comp/O
                         net (fo=1, routed)           0.097     7.700    core_inst_gen[2].u_engine_core/u_iv_top/gen_init_guess.u_init_guess/u_init_divider/i___993_i_6__9_n_0
    SLICE_X103Y115       LUT6 (Prop_lut6_I5_O)        0.097     7.797 f  core_inst_gen[2].u_engine_core/u_iv_top/gen_init_guess.u_init_guess/u_init_divider/i___993_i_1__9/O
                         net (fo=42, routed)          0.710     8.507    core_inst_gen[2].u_engine_core/u_iv_top/gen_init_guess.u_init_guess/u_init_divider/i___993_i_1__9_n_0
    SLICE_X95Y121        LUT5 (Prop_lut5_I2_O)        0.097     8.604 f  core_inst_gen[2].u_engine_core/u_iv_top/gen_init_guess.u_init_guess/u_init_divider/div_stage[0].den_pipe[1][21]_i_1__15/O
                         net (fo=4, routed)           0.498     9.102    core_inst_gen[2].u_engine_core/u_iv_top/gen_init_guess.u_init_guess/u_init_divider/den_abs[21]
    SLICE_X99Y114        LUT6 (Prop_lut6_I4_O)        0.097     9.199 r  core_inst_gen[2].u_engine_core/u_iv_top/gen_init_guess.u_init_guess/u_init_divider/i___1040/O
                         net (fo=1, routed)           0.509     9.708    core_inst_gen[2].u_engine_core/u_iv_top/gen_init_guess.u_init_guess/u_init_divider/i___1040_n_0
    SLICE_X102Y119       CARRY4 (Prop_carry4_DI[2]_CO[3])
                                                      0.298    10.006 r  core_inst_gen[2].u_engine_core/u_iv_top/gen_init_guess.u_init_guess/u_init_divider/i___989_i_21/CO[3]
                         net (fo=1, routed)           0.000    10.006    core_inst_gen[2].u_engine_core/u_iv_top/gen_init_guess.u_init_guess/u_init_divider/i___989_i_21_n_0
    SLICE_X102Y120       CARRY4 (Prop_carry4_CI_CO[3])
                                                      0.092    10.098 r  core_inst_gen[2].u_engine_core/u_iv_top/gen_init_guess.u_init_guess/u_init_divider/i___989_i_4/CO[3]
                         net (fo=32, routed)          1.093    11.192    core_inst_gen[2].u_engine_core/u_iv_top/gen_init_guess.u_init_guess/u_init_divider/div_stage[0].rem_ge_den
    SLICE_X96Y118        LUT3 (Prop_lut3_I1_O)        0.097    11.289 r  core_inst_gen[2].u_engine_core/u_iv_top/gen_init_guess.u_init_guess/u_init_divider/div_stage[0].rem_pipe[1][22]_i_1__13/O
                         net (fo=1, routed)           0.000    11.289    core_inst_gen[2].u_engine_core/u_iv_top/gen_init_guess.u_init_guess/u_init_divider/div_stage[0].rem_pipe[1][22]_i_1__13_n_0
    SLICE_X96Y118        FDCE                                         r  core_inst_gen[2].u_engine_core/u_iv_top/gen_init_guess.u_init_guess/u_init_divider/div_stage[0].rem_pipe_reg[1][22]/D
  -------------------------------------------------------------------    -------------------

                         (clock aclk rise edge)      10.000    10.000 r  
                                                      0.000    10.000 r  aclk (IN)
                         net (fo=138870, unset)       1.168    11.168    core_inst_gen[2].u_engine_core/u_iv_top/gen_init_guess.u_init_guess/u_init_divider/aclk
    SLICE_X96Y118        FDCE                                         r  core_inst_gen[2].u_engine_core/u_iv_top/gen_init_guess.u_init_guess/u_init_divider/div_stage[0].rem_pipe_reg[1][22]/C
                         clock pessimism              0.060    11.228    
                         clock uncertainty           -0.035    11.193    
    SLICE_X96Y118        FDCE (Setup_fdce_C_D)        0.070    11.263    core_inst_gen[2].u_engine_core/u_iv_top/gen_init_guess.u_init_guess/u_init_divider/div_stage[0].rem_pipe_reg[1][22]
  -------------------------------------------------------------------
                         required time                         11.263    
                         arrival time                         -11.289    
  -------------------------------------------------------------------
                         slack                                 -0.026    

Slack (VIOLATED) :        -0.025ns  (required time - arrival time)
  Source:                 i__i_13_replica/C
                            (rising edge-triggered cell FDCE clocked by aclk  {rise@0.000ns fall@5.000ns period=10.000ns})
  Destination:            core_inst_gen[0].u_engine_core/u_iv_top/gen_init_guess.u_init_guess/u_init_divider/div_stage[0].rem_pipe_reg[1][12]/D
                            (rising edge-triggered cell FDCE clocked by aclk  {rise@0.000ns fall@5.000ns period=10.000ns})
  Path Group:             aclk
  Path Type:              Setup (Max at Slow Process Corner)
  Requirement:            10.000ns  (aclk rise@10.000ns - aclk rise@0.000ns)
  Data Path Delay:        10.010ns  (logic 4.043ns (40.391%)  route 5.967ns (59.609%))
  Logic Levels:           24  (CARRY4=13 LUT2=2 LUT3=2 LUT5=2 LUT6=5)
  Clock Path Skew:        -0.044ns (DCD - SCD + CPR)
    Destination Clock Delay (DCD):    1.279ns = ( 11.279 - 10.000 ) 
    Source Clock Delay      (SCD):    1.389ns
    Clock Pessimism Removal (CPR):    0.066ns
  Clock Uncertainty:      0.035ns  ((TSJ^2 + TIJ^2)^1/2 + DJ) / 2 + PE
    Total System Jitter     (TSJ):    0.071ns
    Total Input Jitter      (TIJ):    0.000ns
    Discrete Jitter          (DJ):    0.000ns
    Phase Error              (PE):    0.000ns

    Location             Delay type                Incr(ns)  Path(ns)    Netlist Resource(s)
  -------------------------------------------------------------------    -------------------
                         (clock aclk rise edge)       0.000     0.000 r  
                                                      0.000     0.000 r  aclk (IN)
                         net (fo=138870, unset)       1.389     1.389    aclk
    SLICE_X64Y88         FDCE                                         r  i__i_13_replica/C
  -------------------------------------------------------------------    -------------------
    SLICE_X64Y88         FDCE (Prop_fdce_C_Q)         0.393     1.782 r  i__i_13_replica/Q
                         net (fo=18, routed)          0.426     2.208    core_inst_gen[0].u_engine_core/u_iv_top/gen_init_guess.u_init_guess/u_init_divider/i__i_13_n_0_repN_alias
    SLICE_X65Y89         LUT3 (Prop_lut3_I1_O)        0.097     2.305 r  core_inst_gen[0].u_engine_core/u_iv_top/gen_init_guess.u_init_guess/u_init_divider/div_stage[0].den_pipe[1][6]_i_35/O
                         net (fo=1, routed)           0.000     2.305    core_inst_gen[0].u_engine_core/u_iv_top/gen_init_guess.u_init_guess/u_init_divider/div_stage[0].den_pipe[1][6]_i_35_n_0
    SLICE_X65Y89         CARRY4 (Prop_carry4_S[1]_CO[3])
                                                      0.412     2.717 r  core_inst_gen[0].u_engine_core/u_iv_top/gen_init_guess.u_init_guess/u_init_divider/div_stage[0].den_pipe_reg[1][6]_i_21/CO[3]
                         net (fo=1, routed)           0.000     2.717    core_inst_gen[0].u_engine_core/u_iv_top/gen_init_guess.u_init_guess/u_init_divider/div_stage[0].den_pipe_reg[1][6]_i_21_n_0
    SLICE_X65Y90         CARRY4 (Prop_carry4_CI_CO[3])
                                                      0.089     2.806 r  core_inst_gen[0].u_engine_core/u_iv_top/gen_init_guess.u_init_guess/u_init_divider/div_stage[0].den_pipe_reg[1][6]_i_12/CO[3]
                         net (fo=1, routed)           0.000     2.806    core_inst_gen[0].u_engine_core/u_iv_top/gen_init_guess.u_init_guess/u_init_divider/div_stage[0].den_pipe_reg[1][6]_i_12_n_0
    SLICE_X65Y91         CARRY4 (Prop_carry4_CI_CO[3])
                                                      0.089     2.895 r  core_inst_gen[0].u_engine_core/u_iv_top/gen_init_guess.u_init_guess/u_init_divider/div_stage[0].den_pipe_reg[1][6]_i_3/CO[3]
                         net (fo=1, routed)           0.000     2.895    core_inst_gen[0].u_engine_core/u_iv_top/gen_init_guess.u_init_guess/u_init_divider/div_stage[0].den_pipe_reg[1][6]_i_3_n_0
    SLICE_X65Y92         CARRY4 (Prop_carry4_CI_CO[3])
                                                      0.089     2.984 r  core_inst_gen[0].u_engine_core/u_iv_top/gen_init_guess.u_init_guess/u_init_divider/div_stage[0].den_pipe_reg[1][6]_i_2/CO[3]
                         net (fo=1, routed)           0.000     2.984    core_inst_gen[0].u_engine_core/u_iv_top/gen_init_guess.u_init_guess/u_init_divider/div_stage[0].den_pipe_reg[1][6]_i_2_n_0
    SLICE_X65Y93         CARRY4 (Prop_carry4_CI_CO[3])
                                                      0.089     3.073 r  core_inst_gen[0].u_engine_core/u_iv_top/gen_init_guess.u_init_guess/u_init_divider/div_stage[0].den_pipe_reg[1][11]_i_2/CO[3]
                         net (fo=1, routed)           0.000     3.073    core_inst_gen[0].u_engine_core/u_iv_top/gen_init_guess.u_init_guess/u_init_divider/div_stage[0].den_pipe_reg[1][11]_i_2_n_0
    SLICE_X65Y94         CARRY4 (Prop_carry4_CI_CO[3])
                                                      0.089     3.162 r  core_inst_gen[0].u_engine_core/u_iv_top/gen_init_guess.u_init_guess/u_init_divider/div_stage[0].den_pipe_reg[1][15]_i_2/CO[3]
                         net (fo=1, routed)           0.000     3.162    core_inst_gen[0].u_engine_core/u_iv_top/gen_init_guess.u_init_guess/u_init_divider/div_stage[0].den_pipe_reg[1][15]_i_2_n_0
    SLICE_X65Y95         CARRY4 (Prop_carry4_CI_CO[3])
                                                      0.089     3.251 r  core_inst_gen[0].u_engine_core/u_iv_top/gen_init_guess.u_init_guess/u_init_divider/div_stage[0].den_pipe_reg[1][19]_i_2/CO[3]
                         net (fo=1, routed)           0.000     3.251    core_inst_gen[0].u_engine_core/u_iv_top/gen_init_guess.u_init_guess/u_init_divider/div_stage[0].den_pipe_reg[1][19]_i_2_n_0
    SLICE_X65Y96         CARRY4 (Prop_carry4_CI_CO[3])
                                                      0.089     3.340 r  core_inst_gen[0].u_engine_core/u_iv_top/gen_init_guess.u_init_guess/u_init_divider/div_stage[0].den_pipe_reg[1][22]_i_2/CO[3]
                         net (fo=1, routed)           0.000     3.340    core_inst_gen[0].u_engine_core/u_iv_top/gen_init_guess.u_init_guess/u_init_divider/div_stage[0].den_pipe_reg[1][22]_i_2_n_0
    SLICE_X65Y97         CARRY4 (Prop_carry4_CI_CO[3])
                                                      0.089     3.429 r  core_inst_gen[0].u_engine_core/u_iv_top/gen_init_guess.u_init_guess/u_init_divider/div_stage[0].den_pipe_reg[1][25]_i_3/CO[3]
                         net (fo=1, routed)           0.000     3.429    core_inst_gen[0].u_engine_core/u_iv_top/gen_init_guess.u_init_guess/u_init_divider/div_stage[0].den_pipe_reg[1][25]_i_3_n_0
    SLICE_X65Y98         CARRY4 (Prop_carry4_CI_O[3])
                                                      0.234     3.663 f  core_inst_gen[0].u_engine_core/u_iv_top/gen_init_guess.u_init_guess/u_init_divider/i___993_i_7/O[3]
                         net (fo=3, routed)           0.726     4.389    core_inst_gen[0].u_engine_core/u_iv_top/gen_init_guess.u_init_guess/u_init_divider/den_reg_reg[31]
    SLICE_X66Y93         LUT2 (Prop_lut2_I1_O)        0.234     4.623 r  core_inst_gen[0].u_engine_core/u_iv_top/gen_init_guess.u_init_guess/u_init_divider/div_stage[0].den_pipe[1][25]_i_9__0/O
                         net (fo=1, routed)           0.000     4.623    core_inst_gen[0].u_engine_core/u_iv_top/gen_init_guess.u_init_guess/u_init_divider/div_stage[0].den_pipe[1][25]_i_9__0_n_0
    SLICE_X66Y93         CARRY4 (Prop_carry4_S[3]_CO[3])
                                                      0.284     4.907 r  core_inst_gen[0].u_engine_core/u_iv_top/gen_init_guess.u_init_guess/u_init_divider/div_stage[0].den_pipe_reg[1][25]_i_2/CO[3]
                         net (fo=61, routed)          0.917     5.824    core_inst_gen[0].u_engine_core/u_iv_top/gen_init_guess.u_init_guess/u_init_divider/denominator_in2
    SLICE_X67Y89         LUT2 (Prop_lut2_I0_O)        0.107     5.931 f  core_inst_gen[0].u_engine_core/u_iv_top/gen_init_guess.u_init_guess/u_init_divider/div_stage[0].den_pipe[1][4]_i_2/O
                         net (fo=4, routed)           0.586     6.517    core_inst_gen[0].u_engine_core/u_iv_top/gen_init_guess.u_init_guess/u_init_divider/div_stage[0].den_pipe[1][4]_i_5_n_0
    SLICE_X68Y87         LUT6 (Prop_lut6_I4_O)        0.240     6.757 r  core_inst_gen[0].u_engine_core/u_iv_top/gen_init_guess.u_init_guess/u_init_divider/div_stage[29].dbz_pipe_reg[30]_srl30_core_inst_gen_c_28_i_6/O
                         net (fo=2, routed)           0.227     6.984    core_inst_gen[0].u_engine_core/u_iv_top/gen_init_guess.u_init_guess/u_init_divider/div_stage[29].dbz_pipe_reg[30]_srl30_core_inst_gen_c_28_i_6_n_0
    SLICE_X71Y88         LUT5 (Prop_lut5_I4_O)        0.097     7.081 r  core_inst_gen[0].u_engine_core/u_iv_top/gen_init_guess.u_init_guess/u_init_divider/i___993_i_21/O
                         net (fo=1, routed)           0.093     7.173    core_inst_gen[0].u_engine_core/u_iv_top/gen_init_guess.u_init_guess/u_init_divider/i___993_i_21_n_0
    SLICE_X71Y88         LUT6 (Prop_lut6_I5_O)        0.097     7.270 r  core_inst_gen[0].u_engine_core/u_iv_top/gen_init_guess.u_init_guess/u_init_divider/i___993_i_13/O
                         net (fo=1, routed)           0.205     7.476    core_inst_gen[0].u_engine_core/u_iv_top/gen_init_guess.u_init_guess/u_init_divider/i___993_i_13_n_0
    SLICE_X72Y87         LUT6 (Prop_lut6_I5_O)        0.097     7.573 r  core_inst_gen[0].u_engine_core/u_iv_top/gen_init_guess.u_init_guess/u_init_divider/i___993_i_6/O
                         net (fo=4, routed)           0.382     7.955    core_inst_gen[0].u_engine_core/u_iv_top/gen_init_guess.u_init_guess/u_init_divider/i___993_i_6_n_0
    SLICE_X73Y94         LUT6 (Prop_lut6_I5_O)        0.097     8.052 f  core_inst_gen[0].u_engine_core/u_iv_top/gen_init_guess.u_init_guess/u_init_divider/i___993_i_1/O
                         net (fo=41, routed)          0.631     8.683    core_inst_gen[0].u_engine_core/u_iv_top/gen_init_guess.u_init_guess/u_init_divider/i___993_i_1_n_0
    SLICE_X73Y93         LUT5 (Prop_lut5_I2_O)        0.111     8.794 f  core_inst_gen[0].u_engine_core/u_iv_top/gen_init_guess.u_init_guess/u_init_divider/div_stage[0].den_pipe[1][16]_i_1__11/O
                         net (fo=4, routed)           0.314     9.107    core_inst_gen[0].u_engine_core/u_iv_top/gen_init_guess.u_init_guess/u_init_divider/den_abs[16]
    SLICE_X71Y91         LUT6 (Prop_lut6_I3_O)        0.245     9.352 r  core_inst_gen[0].u_engine_core/u_iv_top/gen_init_guess.u_init_guess/u_init_divider/i___1032/O
                         net (fo=1, routed)           0.411     9.764    core_inst_gen[0].u_engine_core/u_iv_top/gen_init_guess.u_init_guess/u_init_divider/i___1032_n_0
    SLICE_X71Y94         CARRY4 (Prop_carry4_DI[0]_CO[3])
                                                      0.392    10.156 r  core_inst_gen[0].u_engine_core/u_iv_top/gen_init_guess.u_init_guess/u_init_divider/i___989_i_21/CO[3]
                         net (fo=1, routed)           0.000    10.156    core_inst_gen[0].u_engine_core/u_iv_top/gen_init_guess.u_init_guess/u_init_divider/i___989_i_21_n_0
    SLICE_X71Y95         CARRY4 (Prop_carry4_CI_CO[3])
                                                      0.089    10.245 r  core_inst_gen[0].u_engine_core/u_iv_top/gen_init_guess.u_init_guess/u_init_divider/i___989_i_4/CO[3]
                         net (fo=32, routed)          1.049    11.294    core_inst_gen[0].u_engine_core/u_iv_top/gen_init_guess.u_init_guess/u_init_divider/div_stage[0].rem_ge_den
    SLICE_X71Y90         LUT3 (Prop_lut3_I1_O)        0.105    11.399 r  core_inst_gen[0].u_engine_core/u_iv_top/gen_init_guess.u_init_guess/u_init_divider/div_stage[0].rem_pipe[1][12]_i_1/O
                         net (fo=1, routed)           0.000    11.399    core_inst_gen[0].u_engine_core/u_iv_top/gen_init_guess.u_init_guess/u_init_divider/div_stage[0].rem_pipe[1][12]_i_1_n_0
    SLICE_X71Y90         FDCE                                         r  core_inst_gen[0].u_engine_core/u_iv_top/gen_init_guess.u_init_guess/u_init_divider/div_stage[0].rem_pipe_reg[1][12]/D
  -------------------------------------------------------------------    -------------------

                         (clock aclk rise edge)      10.000    10.000 r  
                                                      0.000    10.000 r  aclk (IN)
                         net (fo=138870, unset)       1.279    11.279    core_inst_gen[0].u_engine_core/u_iv_top/gen_init_guess.u_init_guess/u_init_divider/aclk
    SLICE_X71Y90         FDCE                                         r  core_inst_gen[0].u_engine_core/u_iv_top/gen_init_guess.u_init_guess/u_init_divider/div_stage[0].rem_pipe_reg[1][12]/C
                         clock pessimism              0.066    11.345    
                         clock uncertainty           -0.035    11.310    
    SLICE_X71Y90         FDCE (Setup_fdce_C_D)        0.064    11.374    core_inst_gen[0].u_engine_core/u_iv_top/gen_init_guess.u_init_guess/u_init_divider/div_stage[0].rem_pipe_reg[1][12]
  -------------------------------------------------------------------
                         required time                         11.374    
                         arrival time                         -11.399    
  -------------------------------------------------------------------
                         slack                                 -0.025    

Slack (VIOLATED) :        -0.023ns  (required time - arrival time)
  Source:                 i__i_13__8_replica/C
                            (rising edge-triggered cell FDCE clocked by aclk  {rise@0.000ns fall@5.000ns period=10.000ns})
  Destination:            core_inst_gen[3].u_engine_core/u_iv_top/gen_init_guess.u_init_guess/u_init_divider/div_stage[0].rem_pipe_reg[1][8]/D
                            (rising edge-triggered cell FDCE clocked by aclk  {rise@0.000ns fall@5.000ns period=10.000ns})
  Path Group:             aclk
  Path Type:              Setup (Max at Slow Process Corner)
  Requirement:            10.000ns  (aclk rise@10.000ns - aclk rise@0.000ns)
  Data Path Delay:        10.036ns  (logic 3.744ns (37.304%)  route 6.292ns (62.696%))
  Logic Levels:           25  (CARRY4=14 LUT2=2 LUT3=2 LUT4=1 LUT5=1 LUT6=5)
  Clock Path Skew:        -0.049ns (DCD - SCD + CPR)
    Destination Clock Delay (DCD):    1.242ns = ( 11.242 - 10.000 ) 
    Source Clock Delay      (SCD):    1.351ns
    Clock Pessimism Removal (CPR):    0.060ns
  Clock Uncertainty:      0.035ns  ((TSJ^2 + TIJ^2)^1/2 + DJ) / 2 + PE
    Total System Jitter     (TSJ):    0.071ns
    Total Input Jitter      (TIJ):    0.000ns
    Discrete Jitter          (DJ):    0.000ns
    Phase Error              (PE):    0.000ns

    Location             Delay type                Incr(ns)  Path(ns)    Netlist Resource(s)
  -------------------------------------------------------------------    -------------------
                         (clock aclk rise edge)       0.000     0.000 r  
                                                      0.000     0.000 r  aclk (IN)
                         net (fo=138870, unset)       1.351     1.351    aclk
    SLICE_X149Y105       FDCE                                         r  i__i_13__8_replica/C
  -------------------------------------------------------------------    -------------------
    SLICE_X149Y105       FDCE (Prop_fdce_C_Q)         0.341     1.692 r  i__i_13__8_replica/Q
                         net (fo=16, routed)          0.713     2.405    core_inst_gen[3].u_engine_core/u_iv_top/gen_init_guess.u_init_guess/u_init_divider/i__i_13__8_n_0_repN_alias
    SLICE_X150Y106       LUT3 (Prop_lut3_I1_O)        0.097     2.502 r  core_inst_gen[3].u_engine_core/u_iv_top/gen_init_guess.u_init_guess/u_init_divider/div_stage[0].den_pipe[1][6]_i_26__2/O
                         net (fo=1, routed)           0.000     2.502    core_inst_gen[3].u_engine_core/u_iv_top/gen_init_guess.u_init_guess/u_init_divider/div_stage[0].den_pipe[1][6]_i_26__2_n_0
    SLICE_X150Y106       CARRY4 (Prop_carry4_S[3]_CO[3])
                                                      0.284     2.786 r  core_inst_gen[3].u_engine_core/u_iv_top/gen_init_guess.u_init_guess/u_init_divider/div_stage[0].den_pipe_reg[1][6]_i_12__2/CO[3]
                         net (fo=1, routed)           0.000     2.786    core_inst_gen[3].u_engine_core/u_iv_top/gen_init_guess.u_init_guess/u_init_divider/div_stage[0].den_pipe_reg[1][6]_i_12__2_n_0
    SLICE_X150Y107       CARRY4 (Prop_carry4_CI_CO[3])
                                                      0.092     2.878 r  core_inst_gen[3].u_engine_core/u_iv_top/gen_init_guess.u_init_guess/u_init_divider/div_stage[0].den_pipe_reg[1][6]_i_3__2/CO[3]
                         net (fo=1, routed)           0.000     2.878    core_inst_gen[3].u_engine_core/u_iv_top/gen_init_guess.u_init_guess/u_init_divider/div_stage[0].den_pipe_reg[1][6]_i_3__2_n_0
    SLICE_X150Y108       CARRY4 (Prop_carry4_CI_CO[3])
                                                      0.092     2.970 r  core_inst_gen[3].u_engine_core/u_iv_top/gen_init_guess.u_init_guess/u_init_divider/div_stage[0].den_pipe_reg[1][6]_i_2__2/CO[3]
                         net (fo=1, routed)           0.000     2.970    core_inst_gen[3].u_engine_core/u_iv_top/gen_init_guess.u_init_guess/u_init_divider/div_stage[0].den_pipe_reg[1][6]_i_2__2_n_0
    SLICE_X150Y109       CARRY4 (Prop_carry4_CI_CO[3])
                                                      0.092     3.062 r  core_inst_gen[3].u_engine_core/u_iv_top/gen_init_guess.u_init_guess/u_init_divider/div_stage[0].den_pipe_reg[1][11]_i_2__2/CO[3]
                         net (fo=1, routed)           0.000     3.062    core_inst_gen[3].u_engine_core/u_iv_top/gen_init_guess.u_init_guess/u_init_divider/div_stage[0].den_pipe_reg[1][11]_i_2__2_n_0
    SLICE_X150Y110       CARRY4 (Prop_carry4_CI_CO[3])
                                                      0.092     3.154 r  core_inst_gen[3].u_engine_core/u_iv_top/gen_init_guess.u_init_guess/u_init_divider/div_stage[0].den_pipe_reg[1][15]_i_2__2/CO[3]
                         net (fo=1, routed)           0.000     3.154    core_inst_gen[3].u_engine_core/u_iv_top/gen_init_guess.u_init_guess/u_init_divider/div_stage[0].den_pipe_reg[1][15]_i_2__2_n_0
    SLICE_X150Y111       CARRY4 (Prop_carry4_CI_CO[3])
                                                      0.092     3.246 r  core_inst_gen[3].u_engine_core/u_iv_top/gen_init_guess.u_init_guess/u_init_divider/div_stage[0].den_pipe_reg[1][19]_i_2__2/CO[3]
                         net (fo=1, routed)           0.000     3.246    core_inst_gen[3].u_engine_core/u_iv_top/gen_init_guess.u_init_guess/u_init_divider/div_stage[0].den_pipe_reg[1][19]_i_2__2_n_0
    SLICE_X150Y112       CARRY4 (Prop_carry4_CI_CO[3])
                                                      0.092     3.338 r  core_inst_gen[3].u_engine_core/u_iv_top/gen_init_guess.u_init_guess/u_init_divider/div_stage[0].den_pipe_reg[1][22]_i_2__2/CO[3]
                         net (fo=1, routed)           0.000     3.338    core_inst_gen[3].u_engine_core/u_iv_top/gen_init_guess.u_init_guess/u_init_divider/div_stage[0].den_pipe_reg[1][22]_i_2__2_n_0
    SLICE_X150Y113       CARRY4 (Prop_carry4_CI_CO[3])
                                                      0.092     3.430 r  core_inst_gen[3].u_engine_core/u_iv_top/gen_init_guess.u_init_guess/u_init_divider/div_stage[0].den_pipe_reg[1][25]_i_3__5/CO[3]
                         net (fo=1, routed)           0.000     3.430    core_inst_gen[3].u_engine_core/u_iv_top/gen_init_guess.u_init_guess/u_init_divider/div_stage[0].den_pipe_reg[1][25]_i_3__5_n_0
    SLICE_X150Y114       CARRY4 (Prop_carry4_CI_O[3])
                                                      0.237     3.667 f  core_inst_gen[3].u_engine_core/u_iv_top/gen_init_guess.u_init_guess/u_init_divider/i___993_i_7__14/O[3]
                         net (fo=3, routed)           0.457     4.124    core_inst_gen[3].u_engine_core/u_iv_top/gen_init_guess.u_init_guess/u_init_divider/den_reg_reg[31]
    SLICE_X151Y114       LUT2 (Prop_lut2_I1_O)        0.222     4.346 r  core_inst_gen[3].u_engine_core/u_iv_top/gen_init_guess.u_init_guess/u_init_divider/div_stage[0].den_pipe[1][25]_i_9__2/O
                         net (fo=1, routed)           0.000     4.346    core_inst_gen[3].u_engine_core/u_iv_top/gen_init_guess.u_init_guess/u_init_divider/div_stage[0].den_pipe[1][25]_i_9__2_n_0
    SLICE_X151Y114       CARRY4 (Prop_carry4_S[3]_CO[3])
                                                      0.299     4.645 f  core_inst_gen[3].u_engine_core/u_iv_top/gen_init_guess.u_init_guess/u_init_divider/div_stage[0].den_pipe_reg[1][25]_i_2__5/CO[3]
                         net (fo=60, routed)          1.027     5.672    core_inst_gen[3].u_engine_core/u_iv_top/gen_init_guess.u_init_guess/u_init_divider/denominator_in2
    SLICE_X153Y118       LUT2 (Prop_lut2_I1_O)        0.105     5.777 f  core_inst_gen[3].u_engine_core/u_iv_top/gen_init_guess.u_init_guess/u_init_divider/div_stage[0].den_pipe[1][0]_i_2__8/O
                         net (fo=3, routed)           0.752     6.529    core_inst_gen[3].u_engine_core/u_iv_top/gen_init_guess.u_init_guess/u_init_divider/div_stage[0].den_pipe[1][4]_i_4__14_n_0
    SLICE_X148Y117       LUT6 (Prop_lut6_I1_O)        0.247     6.776 r  core_inst_gen[3].u_engine_core/u_iv_top/gen_init_guess.u_init_guess/u_init_divider/div_stage[29].dbz_pipe_reg[30]_srl30_core_inst_gen_c_28_i_6__14/O
                         net (fo=2, routed)           0.199     6.975    core_inst_gen[3].u_engine_core/u_iv_top/gen_init_guess.u_init_guess/u_init_divider/div_stage[29].dbz_pipe_reg[30]_srl30_core_inst_gen_c_28_i_6__14_n_0
    SLICE_X149Y116       LUT5 (Prop_lut5_I4_O)        0.097     7.072 r  core_inst_gen[3].u_engine_core/u_iv_top/gen_init_guess.u_init_guess/u_init_divider/i___993_i_21__2/O
                         net (fo=1, routed)           0.204     7.276    core_inst_gen[3].u_engine_core/u_iv_top/gen_init_guess.u_init_guess/u_init_divider/i___993_i_21__2_n_0
    SLICE_X147Y116       LUT6 (Prop_lut6_I5_O)        0.097     7.373 r  core_inst_gen[3].u_engine_core/u_iv_top/gen_init_guess.u_init_guess/u_init_divider/i___993_i_13__5/O
                         net (fo=1, routed)           0.096     7.469    core_inst_gen[3].u_engine_core/u_iv_top/gen_init_guess.u_init_guess/u_init_divider/i___993_i_13__5_n_0
    SLICE_X147Y116       LUT6 (Prop_lut6_I5_O)        0.097     7.566 r  core_inst_gen[3].u_engine_core/u_iv_top/gen_init_guess.u_init_guess/u_init_divider/i___993_i_6__14/O
                         net (fo=1, routed)           0.211     7.777    core_inst_gen[3].u_engine_core/u_iv_top/gen_init_guess.u_init_guess/u_init_divider/i___993_i_6__14_n_0
    SLICE_X149Y116       LUT6 (Prop_lut6_I5_O)        0.097     7.874 f  core_inst_gen[3].u_engine_core/u_iv_top/gen_init_guess.u_init_guess/u_init_divider/i___993_i_1__14/O
                         net (fo=43, routed)          0.568     8.442    core_inst_gen[3].u_engine_core/u_iv_top/gen_init_guess.u_init_guess/u_init_divider/i___993_i_1__14_n_0
    SLICE_X144Y111       LUT4 (Prop_lut4_I0_O)        0.097     8.539 f  core_inst_gen[3].u_engine_core/u_iv_top/gen_init_guess.u_init_guess/u_init_divider/div_stage[0].den_pipe[1][4]_i_1__14/O
                         net (fo=4, routed)           0.515     9.053    core_inst_gen[3].u_engine_core/u_iv_top/gen_init_guess.u_init_guess/u_init_divider/den_abs[4]
    SLICE_X154Y116       LUT6 (Prop_lut6_I3_O)        0.097     9.150 r  core_inst_gen[3].u_engine_core/u_iv_top/gen_init_guess.u_init_guess/u_init_divider/i___1008/O
                         net (fo=1, routed)           0.499     9.649    core_inst_gen[3].u_engine_core/u_iv_top/gen_init_guess.u_init_guess/u_init_divider/i___1008_n_0
    SLICE_X158Y117       CARRY4 (Prop_carry4_DI[2]_CO[3])
                                                      0.298     9.947 r  core_inst_gen[3].u_engine_core/u_iv_top/gen_init_guess.u_init_guess/u_init_divider/i___989_i_25/CO[3]
                         net (fo=1, routed)           0.000     9.947    core_inst_gen[3].u_engine_core/u_iv_top/gen_init_guess.u_init_guess/u_init_divider/i___989_i_25_n_0
    SLICE_X158Y118       CARRY4 (Prop_carry4_CI_CO[3])
                                                      0.092    10.039 r  core_inst_gen[3].u_engine_core/u_iv_top/gen_init_guess.u_init_guess/u_init_divider/i___989_i_24/CO[3]
                         net (fo=1, routed)           0.000    10.039    core_inst_gen[3].u_engine_core/u_iv_top/gen_init_guess.u_init_guess/u_init_divider/i___989_i_24_n_0
    SLICE_X158Y119       CARRY4 (Prop_carry4_CI_CO[3])
                                                      0.092    10.131 r  core_inst_gen[3].u_engine_core/u_iv_top/gen_init_guess.u_init_guess/u_init_divider/i___989_i_21/CO[3]
                         net (fo=1, routed)           0.000    10.131    core_inst_gen[3].u_engine_core/u_iv_top/gen_init_guess.u_init_guess/u_init_divider/i___989_i_21_n_0
    SLICE_X158Y120       CARRY4 (Prop_carry4_CI_CO[3])
                                                      0.092    10.223 r  core_inst_gen[3].u_engine_core/u_iv_top/gen_init_guess.u_init_guess/u_init_divider/i___989_i_4/CO[3]
                         net (fo=32, routed)          1.052    11.275    core_inst_gen[3].u_engine_core/u_iv_top/gen_init_guess.u_init_guess/u_init_divider/div_stage[0].rem_ge_den
    SLICE_X154Y117       LUT3 (Prop_lut3_I1_O)        0.112    11.387 r  core_inst_gen[3].u_engine_core/u_iv_top/gen_init_guess.u_init_guess/u_init_divider/div_stage[0].rem_pipe[1][8]_i_1__20/O
                         net (fo=1, routed)           0.000    11.387    core_inst_gen[3].u_engine_core/u_iv_top/gen_init_guess.u_init_guess/u_init_divider/div_stage[0].rem_pipe[1][8]_i_1__20_n_0
    SLICE_X154Y117       FDCE                                         r  core_inst_gen[3].u_engine_core/u_iv_top/gen_init_guess.u_init_guess/u_init_divider/div_stage[0].rem_pipe_reg[1][8]/D
  -------------------------------------------------------------------    -------------------

                         (clock aclk rise edge)      10.000    10.000 r  
                                                      0.000    10.000 r  aclk (IN)
                         net (fo=138870, unset)       1.242    11.242    core_inst_gen[3].u_engine_core/u_iv_top/gen_init_guess.u_init_guess/u_init_divider/aclk
    SLICE_X154Y117       FDCE                                         r  core_inst_gen[3].u_engine_core/u_iv_top/gen_init_guess.u_init_guess/u_init_divider/div_stage[0].rem_pipe_reg[1][8]/C
                         clock pessimism              0.060    11.302    
                         clock uncertainty           -0.035    11.267    
    SLICE_X154Y117       FDCE (Setup_fdce_C_D)        0.098    11.365    core_inst_gen[3].u_engine_core/u_iv_top/gen_init_guess.u_init_guess/u_init_divider/div_stage[0].rem_pipe_reg[1][8]
  -------------------------------------------------------------------
                         required time                         11.365    
                         arrival time                         -11.387    
  -------------------------------------------------------------------
                         slack                                 -0.023    





Min Delay Paths
--------------------------------------------------------------------------------------
Slack (MET) :             0.028ns  (arrival time - required time)
  Source:                 core_inst_gen[0].u_engine_core/u_iv_top/u_bs_datapath/r_d12_reg_reg[0]/C
                            (rising edge-triggered cell FDCE clocked by aclk  {rise@0.000ns fall@5.000ns period=10.000ns})
  Destination:            core_inst_gen[0].u_engine_core/u_iv_top/u_bs_datapath/cdf_delay_gen[31].r_cdf_pipe_reg[32][0]_srl32/D
                            (rising edge-triggered cell SRLC32E clocked by aclk  {rise@0.000ns fall@5.000ns period=10.000ns})
  Path Group:             aclk
  Path Type:              Hold (Min at Fast Process Corner)
  Requirement:            0.000ns  (aclk rise@0.000ns - aclk rise@0.000ns)
  Data Path Delay:        0.290ns  (logic 0.148ns (50.954%)  route 0.142ns (49.046%))
  Logic Levels:           0  
  Clock Path Skew:        0.200ns (DCD - SCD - CPR)
    Destination Clock Delay (DCD):    0.898ns
    Source Clock Delay      (SCD):    0.693ns
    Clock Pessimism Removal (CPR):    0.005ns

    Location             Delay type                Incr(ns)  Path(ns)    Netlist Resource(s)
  -------------------------------------------------------------------    -------------------
                         (clock aclk rise edge)       0.000     0.000 r  
                                                      0.000     0.000 r  aclk (IN)
                         net (fo=138870, unset)       0.693     0.693    core_inst_gen[0].u_engine_core/u_iv_top/u_bs_datapath/aclk
    SLICE_X22Y99         FDCE                                         r  core_inst_gen[0].u_engine_core/u_iv_top/u_bs_datapath/r_d12_reg_reg[0]/C
  -------------------------------------------------------------------    -------------------
    SLICE_X22Y99         FDCE (Prop_fdce_C_Q)         0.148     0.841 r  core_inst_gen[0].u_engine_core/u_iv_top/u_bs_datapath/r_d12_reg_reg[0]/Q
                         net (fo=1, routed)           0.142     0.983    core_inst_gen[0].u_engine_core/u_iv_top/u_bs_datapath/r_d12_reg[0]
    SLICE_X22Y100        SRLC32E                                      r  core_inst_gen[0].u_engine_core/u_iv_top/u_bs_datapath/cdf_delay_gen[31].r_cdf_pipe_reg[32][0]_srl32/D
  -------------------------------------------------------------------    -------------------

                         (clock aclk rise edge)       0.000     0.000 r  
                                                      0.000     0.000 r  aclk (IN)
                         net (fo=138870, unset)       0.898     0.898    core_inst_gen[0].u_engine_core/u_iv_top/u_bs_datapath/aclk
    SLICE_X22Y100        SRLC32E                                      r  core_inst_gen[0].u_engine_core/u_iv_top/u_bs_datapath/cdf_delay_gen[31].r_cdf_pipe_reg[32][0]_srl32/CLK
                         clock pessimism             -0.005     0.893    
    SLICE_X22Y100        SRLC32E (Hold_srlc32e_CLK_D)
                                                      0.062     0.955    core_inst_gen[0].u_engine_core/u_iv_top/u_bs_datapath/cdf_delay_gen[31].r_cdf_pipe_reg[32][0]_srl32
  -------------------------------------------------------------------
                         required time                         -0.955    
                         arrival time                           0.983    
  -------------------------------------------------------------------
                         slack                                  0.028    

Slack (MET) :             0.033ns  (arrival time - required time)
  Source:                 core_inst_gen[2].u_engine_core/u_iv_top/u_bs_datapath/u_norm_d1/p3_mult_3c_reg[13]/C
                            (rising edge-triggered cell FDCE clocked by aclk  {rise@0.000ns fall@5.000ns period=10.000ns})
  Destination:            core_inst_gen[2].u_engine_core/u_iv_top/u_bs_datapath/u_norm_d1/p3_3c_reg[16]/D
                            (rising edge-triggered cell FDCE clocked by aclk  {rise@0.000ns fall@5.000ns period=10.000ns})
  Path Group:             aclk
  Path Type:              Hold (Min at Fast Process Corner)
  Requirement:            0.000ns  (aclk rise@0.000ns - aclk rise@0.000ns)
  Data Path Delay:        0.530ns  (logic 0.391ns (73.815%)  route 0.139ns (26.185%))
  Logic Levels:           2  (CARRY4=2)
  Clock Path Skew:        0.363ns (DCD - SCD - CPR)
    Destination Clock Delay (DCD):    0.983ns
    Source Clock Delay      (SCD):    0.615ns
    Clock Pessimism Removal (CPR):    0.005ns

    Location             Delay type                Incr(ns)  Path(ns)    Netlist Resource(s)
  -------------------------------------------------------------------    -------------------
                         (clock aclk rise edge)       0.000     0.000 r  
                                                      0.000     0.000 r  aclk (IN)
                         net (fo=138870, unset)       0.615     0.615    core_inst_gen[2].u_engine_core/u_iv_top/u_bs_datapath/u_norm_d1/aclk
    SLICE_X143Y199       FDCE                                         r  core_inst_gen[2].u_engine_core/u_iv_top/u_bs_datapath/u_norm_d1/p3_mult_3c_reg[13]/C
  -------------------------------------------------------------------    -------------------
    SLICE_X143Y199       FDCE (Prop_fdce_C_Q)         0.141     0.756 r  core_inst_gen[2].u_engine_core/u_iv_top/u_bs_datapath/u_norm_d1/p3_mult_3c_reg[13]/Q
                         net (fo=1, routed)           0.138     0.894    core_inst_gen[2].u_engine_core/u_iv_top/u_bs_datapath/u_norm_d1/p3_mult_3c[13]
    SLICE_X142Y199       CARRY4 (Prop_carry4_S[1]_CO[3])
                                                      0.197     1.091 r  core_inst_gen[2].u_engine_core/u_iv_top/u_bs_datapath/u_norm_d1/p3_3c_reg[15]_i_1__3/CO[3]
                         net (fo=1, routed)           0.001     1.092    core_inst_gen[2].u_engine_core/u_iv_top/u_bs_datapath/u_norm_d1/p3_3c_reg[15]_i_1__3_n_0
    SLICE_X142Y200       CARRY4 (Prop_carry4_CI_O[0])
                                                      0.053     1.145 r  core_inst_gen[2].u_engine_core/u_iv_top/u_bs_datapath/u_norm_d1/p3_3c_reg[19]_i_1__3/O[0]
                         net (fo=1, routed)           0.000     1.145    core_inst_gen[2].u_engine_core/u_iv_top/u_bs_datapath/u_norm_d1/p3_3c_reg[19]_i_1__3_n_7
    SLICE_X142Y200       FDCE                                         r  core_inst_gen[2].u_engine_core/u_iv_top/u_bs_datapath/u_norm_d1/p3_3c_reg[16]/D
  -------------------------------------------------------------------    -------------------

                         (clock aclk rise edge)       0.000     0.000 r  
                                                      0.000     0.000 r  aclk (IN)
                         net (fo=138870, unset)       0.983     0.983    core_inst_gen[2].u_engine_core/u_iv_top/u_bs_datapath/u_norm_d1/aclk
    SLICE_X142Y200       FDCE                                         r  core_inst_gen[2].u_engine_core/u_iv_top/u_bs_datapath/u_norm_d1/p3_3c_reg[16]/C
                         clock pessimism             -0.005     0.978    
    SLICE_X142Y200       FDCE (Hold_fdce_C_D)         0.134     1.112    core_inst_gen[2].u_engine_core/u_iv_top/u_bs_datapath/u_norm_d1/p3_3c_reg[16]
  -------------------------------------------------------------------
                         required time                         -1.112    
                         arrival time                           1.145    
  -------------------------------------------------------------------
                         slack                                  0.033    

Slack (MET) :             0.043ns  (arrival time - required time)
  Source:                 core_inst_gen[3].u_engine_core/u_iv_top/u_bs_datapath/den_d1_d12_reg_reg[4]/C
                            (rising edge-triggered cell FDCE clocked by aclk  {rise@0.000ns fall@5.000ns period=10.000ns})
  Destination:            core_inst_gen[3].u_engine_core/u_iv_top/u_bs_datapath/cdf_delay_gen[31].den_d1_cdf_pipe_reg[32][4]_srl32/D
                            (rising edge-triggered cell SRLC32E clocked by aclk  {rise@0.000ns fall@5.000ns period=10.000ns})
  Path Group:             aclk
  Path Type:              Hold (Min at Fast Process Corner)
  Requirement:            0.000ns  (aclk rise@0.000ns - aclk rise@0.000ns)
  Data Path Delay:        0.298ns  (logic 0.128ns (42.985%)  route 0.170ns (57.015%))
  Logic Levels:           0  
  Clock Path Skew:        0.193ns (DCD - SCD - CPR)
    Destination Clock Delay (DCD):    0.964ns
    Source Clock Delay      (SCD):    0.763ns
    Clock Pessimism Removal (CPR):    0.008ns

    Location             Delay type                Incr(ns)  Path(ns)    Netlist Resource(s)
  -------------------------------------------------------------------    -------------------
                         (clock aclk rise edge)       0.000     0.000 r  
                                                      0.000     0.000 r  aclk (IN)
                         net (fo=138870, unset)       0.763     0.763    core_inst_gen[3].u_engine_core/u_iv_top/u_bs_datapath/aclk
    SLICE_X147Y49        FDCE                                         r  core_inst_gen[3].u_engine_core/u_iv_top/u_bs_datapath/den_d1_d12_reg_reg[4]/C
  -------------------------------------------------------------------    -------------------
    SLICE_X147Y49        FDCE (Prop_fdce_C_Q)         0.128     0.891 r  core_inst_gen[3].u_engine_core/u_iv_top/u_bs_datapath/den_d1_d12_reg_reg[4]/Q
                         net (fo=1, routed)           0.170     1.061    core_inst_gen[3].u_engine_core/u_iv_top/u_bs_datapath/den_d1_d12_reg[4]
    SLICE_X146Y50        SRLC32E                                      r  core_inst_gen[3].u_engine_core/u_iv_top/u_bs_datapath/cdf_delay_gen[31].den_d1_cdf_pipe_reg[32][4]_srl32/D
  -------------------------------------------------------------------    -------------------

                         (clock aclk rise edge)       0.000     0.000 r  
                                                      0.000     0.000 r  aclk (IN)
                         net (fo=138870, unset)       0.964     0.964    core_inst_gen[3].u_engine_core/u_iv_top/u_bs_datapath/aclk
    SLICE_X146Y50        SRLC32E                                      r  core_inst_gen[3].u_engine_core/u_iv_top/u_bs_datapath/cdf_delay_gen[31].den_d1_cdf_pipe_reg[32][4]_srl32/CLK
                         clock pessimism             -0.008     0.956    
    SLICE_X146Y50        SRLC32E (Hold_srlc32e_CLK_D)
                                                      0.062     1.018    core_inst_gen[3].u_engine_core/u_iv_top/u_bs_datapath/cdf_delay_gen[31].den_d1_cdf_pipe_reg[32][4]_srl32
  -------------------------------------------------------------------
                         required time                         -1.018    
                         arrival time                           1.061    
  -------------------------------------------------------------------
                         slack                                  0.043    

Slack (MET) :             0.046ns  (arrival time - required time)
  Source:                 core_inst_gen[2].u_engine_core/u_iv_top/u_bs_datapath/u_norm_d1/p3_mult_3c_reg[13]/C
                            (rising edge-triggered cell FDCE clocked by aclk  {rise@0.000ns fall@5.000ns period=10.000ns})
  Destination:            core_inst_gen[2].u_engine_core/u_iv_top/u_bs_datapath/u_norm_d1/p3_3c_reg[18]/D
                            (rising edge-triggered cell FDCE clocked by aclk  {rise@0.000ns fall@5.000ns period=10.000ns})
  Path Group:             aclk
  Path Type:              Hold (Min at Fast Process Corner)
  Requirement:            0.000ns  (aclk rise@0.000ns - aclk rise@0.000ns)
  Data Path Delay:        0.543ns  (logic 0.404ns (74.443%)  route 0.139ns (25.557%))
  Logic Levels:           2  (CARRY4=2)
  Clock Path Skew:        0.363ns (DCD - SCD - CPR)
    Destination Clock Delay (DCD):    0.983ns
    Source Clock Delay      (SCD):    0.615ns
    Clock Pessimism Removal (CPR):    0.005ns

    Location             Delay type                Incr(ns)  Path(ns)    Netlist Resource(s)
  -------------------------------------------------------------------    -------------------
                         (clock aclk rise edge)       0.000     0.000 r  
                                                      0.000     0.000 r  aclk (IN)
                         net (fo=138870, unset)       0.615     0.615    core_inst_gen[2].u_engine_core/u_iv_top/u_bs_datapath/u_norm_d1/aclk
    SLICE_X143Y199       FDCE                                         r  core_inst_gen[2].u_engine_core/u_iv_top/u_bs_datapath/u_norm_d1/p3_mult_3c_reg[13]/C
  -------------------------------------------------------------------    -------------------
    SLICE_X143Y199       FDCE (Prop_fdce_C_Q)         0.141     0.756 r  core_inst_gen[2].u_engine_core/u_iv_top/u_bs_datapath/u_norm_d1/p3_mult_3c_reg[13]/Q
                         net (fo=1, routed)           0.138     0.894    core_inst_gen[2].u_engine_core/u_iv_top/u_bs_datapath/u_norm_d1/p3_mult_3c[13]
    SLICE_X142Y199       CARRY4 (Prop_carry4_S[1]_CO[3])
                                                      0.197     1.091 r  core_inst_gen[2].u_engine_core/u_iv_top/u_bs_datapath/u_norm_d1/p3_3c_reg[15]_i_1__3/CO[3]
                         net (fo=1, routed)           0.001     1.092    core_inst_gen[2].u_engine_core/u_iv_top/u_bs_datapath/u_norm_d1/p3_3c_reg[15]_i_1__3_n_0
    SLICE_X142Y200       CARRY4 (Prop_carry4_CI_O[2])
                                                      0.066     1.158 r  core_inst_gen[2].u_engine_core/u_iv_top/u_bs_datapath/u_norm_d1/p3_3c_reg[19]_i_1__3/O[2]
                         net (fo=1, routed)           0.000     1.158    core_inst_gen[2].u_engine_core/u_iv_top/u_bs_datapath/u_norm_d1/p3_3c_reg[19]_i_1__3_n_5
    SLICE_X142Y200       FDCE                                         r  core_inst_gen[2].u_engine_core/u_iv_top/u_bs_datapath/u_norm_d1/p3_3c_reg[18]/D
  -------------------------------------------------------------------    -------------------

                         (clock aclk rise edge)       0.000     0.000 r  
                                                      0.000     0.000 r  aclk (IN)
                         net (fo=138870, unset)       0.983     0.983    core_inst_gen[2].u_engine_core/u_iv_top/u_bs_datapath/u_norm_d1/aclk
    SLICE_X142Y200       FDCE                                         r  core_inst_gen[2].u_engine_core/u_iv_top/u_bs_datapath/u_norm_d1/p3_3c_reg[18]/C
                         clock pessimism             -0.005     0.978    
    SLICE_X142Y200       FDCE (Hold_fdce_C_D)         0.134     1.112    core_inst_gen[2].u_engine_core/u_iv_top/u_bs_datapath/u_norm_d1/p3_3c_reg[18]
  -------------------------------------------------------------------
                         required time                         -1.112    
                         arrival time                           1.158    
  -------------------------------------------------------------------
                         slack                                  0.046    

Slack (MET) :             0.054ns  (arrival time - required time)
  Source:                 core_inst_gen[0].u_engine_core/u_iv_top/u_bs_datapath/K_r2_reg[12]/C
                            (rising edge-triggered cell FDCE clocked by aclk  {rise@0.000ns fall@5.000ns period=10.000ns})
  Destination:            core_inst_gen[0].u_engine_core/u_iv_top/u_bs_datapath/d1_delay_gen[31].K_d1_pipe_reg[32][12]_srl32/D
                            (rising edge-triggered cell SRLC32E clocked by aclk  {rise@0.000ns fall@5.000ns period=10.000ns})
  Path Group:             aclk
  Path Type:              Hold (Min at Fast Process Corner)
  Requirement:            0.000ns  (aclk rise@0.000ns - aclk rise@0.000ns)
  Data Path Delay:        0.253ns  (logic 0.141ns (55.655%)  route 0.112ns (44.345%))
  Logic Levels:           0  
  Clock Path Skew:        0.016ns (DCD - SCD - CPR)
    Destination Clock Delay (DCD):    0.921ns
    Source Clock Delay      (SCD):    0.647ns
    Clock Pessimism Removal (CPR):    0.258ns

    Location             Delay type                Incr(ns)  Path(ns)    Netlist Resource(s)
  -------------------------------------------------------------------    -------------------
                         (clock aclk rise edge)       0.000     0.000 r  
                                                      0.000     0.000 r  aclk (IN)
                         net (fo=138870, unset)       0.647     0.647    core_inst_gen[0].u_engine_core/u_iv_top/u_bs_datapath/aclk
    SLICE_X61Y63         FDCE                                         r  core_inst_gen[0].u_engine_core/u_iv_top/u_bs_datapath/K_r2_reg[12]/C
  -------------------------------------------------------------------    -------------------
    SLICE_X61Y63         FDCE (Prop_fdce_C_Q)         0.141     0.788 r  core_inst_gen[0].u_engine_core/u_iv_top/u_bs_datapath/K_r2_reg[12]/Q
                         net (fo=1, routed)           0.112     0.900    core_inst_gen[0].u_engine_core/u_iv_top/u_bs_datapath/K_r2[12]
    SLICE_X60Y62         SRLC32E                                      r  core_inst_gen[0].u_engine_core/u_iv_top/u_bs_datapath/d1_delay_gen[31].K_d1_pipe_reg[32][12]_srl32/D
  -------------------------------------------------------------------    -------------------

                         (clock aclk rise edge)       0.000     0.000 r  
                                                      0.000     0.000 r  aclk (IN)
                         net (fo=138870, unset)       0.921     0.921    core_inst_gen[0].u_engine_core/u_iv_top/u_bs_datapath/aclk
    SLICE_X60Y62         SRLC32E                                      r  core_inst_gen[0].u_engine_core/u_iv_top/u_bs_datapath/d1_delay_gen[31].K_d1_pipe_reg[32][12]_srl32/CLK
                         clock pessimism             -0.258     0.663    
    SLICE_X60Y62         SRLC32E (Hold_srlc32e_CLK_D)
                                                      0.183     0.846    core_inst_gen[0].u_engine_core/u_iv_top/u_bs_datapath/d1_delay_gen[31].K_d1_pipe_reg[32][12]_srl32
  -------------------------------------------------------------------
                         required time                         -0.846    
                         arrival time                           0.900    
  -------------------------------------------------------------------
                         slack                                  0.054    

Slack (MET) :             0.054ns  (arrival time - required time)
  Source:                 core_inst_gen[0].u_engine_core/u_iv_top/u_bs_datapath/K_r2_reg[6]/C
                            (rising edge-triggered cell FDCE clocked by aclk  {rise@0.000ns fall@5.000ns period=10.000ns})
  Destination:            core_inst_gen[0].u_engine_core/u_iv_top/u_bs_datapath/d1_delay_gen[31].K_d1_pipe_reg[32][6]_srl32/D
                            (rising edge-triggered cell SRLC32E clocked by aclk  {rise@0.000ns fall@5.000ns period=10.000ns})
  Path Group:             aclk
  Path Type:              Hold (Min at Fast Process Corner)
  Requirement:            0.000ns  (aclk rise@0.000ns - aclk rise@0.000ns)
  Data Path Delay:        0.253ns  (logic 0.141ns (55.655%)  route 0.112ns (44.345%))
  Logic Levels:           0  
  Clock Path Skew:        0.016ns (DCD - SCD - CPR)
    Destination Clock Delay (DCD):    0.923ns
    Source Clock Delay      (SCD):    0.649ns
    Clock Pessimism Removal (CPR):    0.258ns

    Location             Delay type                Incr(ns)  Path(ns)    Netlist Resource(s)
  -------------------------------------------------------------------    -------------------
                         (clock aclk rise edge)       0.000     0.000 r  
                                                      0.000     0.000 r  aclk (IN)
                         net (fo=138870, unset)       0.649     0.649    core_inst_gen[0].u_engine_core/u_iv_top/u_bs_datapath/aclk
    SLICE_X57Y63         FDCE                                         r  core_inst_gen[0].u_engine_core/u_iv_top/u_bs_datapath/K_r2_reg[6]/C
  -------------------------------------------------------------------    -------------------
    SLICE_X57Y63         FDCE (Prop_fdce_C_Q)         0.141     0.790 r  core_inst_gen[0].u_engine_core/u_iv_top/u_bs_datapath/K_r2_reg[6]/Q
                         net (fo=1, routed)           0.112     0.902    core_inst_gen[0].u_engine_core/u_iv_top/u_bs_datapath/K_r2[6]
    SLICE_X56Y62         SRLC32E                                      r  core_inst_gen[0].u_engine_core/u_iv_top/u_bs_datapath/d1_delay_gen[31].K_d1_pipe_reg[32][6]_srl32/D
  -------------------------------------------------------------------    -------------------

                         (clock aclk rise edge)       0.000     0.000 r  
                                                      0.000     0.000 r  aclk (IN)
                         net (fo=138870, unset)       0.923     0.923    core_inst_gen[0].u_engine_core/u_iv_top/u_bs_datapath/aclk
    SLICE_X56Y62         SRLC32E                                      r  core_inst_gen[0].u_engine_core/u_iv_top/u_bs_datapath/d1_delay_gen[31].K_d1_pipe_reg[32][6]_srl32/CLK
                         clock pessimism             -0.258     0.665    
    SLICE_X56Y62         SRLC32E (Hold_srlc32e_CLK_D)
                                                      0.183     0.848    core_inst_gen[0].u_engine_core/u_iv_top/u_bs_datapath/d1_delay_gen[31].K_d1_pipe_reg[32][6]_srl32
  -------------------------------------------------------------------
                         required time                         -0.848    
                         arrival time                           0.902    
  -------------------------------------------------------------------
                         slack                                  0.054    

Slack (MET) :             0.054ns  (arrival time - required time)
  Source:                 core_inst_gen[0].u_engine_core/u_iv_top/u_bs_datapath/K_r0_reg[6]/C
                            (rising edge-triggered cell FDCE clocked by aclk  {rise@0.000ns fall@5.000ns period=10.000ns})
  Destination:            core_inst_gen[0].u_engine_core/u_iv_top/u_bs_datapath/ln_delay_gen[31].K_ln_pipe_reg[32][6]_srl32/D
                            (rising edge-triggered cell SRLC32E clocked by aclk  {rise@0.000ns fall@5.000ns period=10.000ns})
  Path Group:             aclk
  Path Type:              Hold (Min at Fast Process Corner)
  Requirement:            0.000ns  (aclk rise@0.000ns - aclk rise@0.000ns)
  Data Path Delay:        0.253ns  (logic 0.141ns (55.655%)  route 0.112ns (44.345%))
  Logic Levels:           0  
  Clock Path Skew:        0.016ns (DCD - SCD - CPR)
    Destination Clock Delay (DCD):    0.923ns
    Source Clock Delay      (SCD):    0.649ns
    Clock Pessimism Removal (CPR):    0.258ns

    Location             Delay type                Incr(ns)  Path(ns)    Netlist Resource(s)
  -------------------------------------------------------------------    -------------------
                         (clock aclk rise edge)       0.000     0.000 r  
                                                      0.000     0.000 r  aclk (IN)
                         net (fo=138870, unset)       0.649     0.649    core_inst_gen[0].u_engine_core/u_iv_top/u_bs_datapath/aclk
    SLICE_X61Y61         FDCE                                         r  core_inst_gen[0].u_engine_core/u_iv_top/u_bs_datapath/K_r0_reg[6]/C
  -------------------------------------------------------------------    -------------------
    SLICE_X61Y61         FDCE (Prop_fdce_C_Q)         0.141     0.790 r  core_inst_gen[0].u_engine_core/u_iv_top/u_bs_datapath/K_r0_reg[6]/Q
                         net (fo=1, routed)           0.112     0.902    core_inst_gen[0].u_engine_core/u_iv_top/u_bs_datapath/K_r0[6]
    SLICE_X60Y60         SRLC32E                                      r  core_inst_gen[0].u_engine_core/u_iv_top/u_bs_datapath/ln_delay_gen[31].K_ln_pipe_reg[32][6]_srl32/D
  -------------------------------------------------------------------    -------------------

                         (clock aclk rise edge)       0.000     0.000 r  
                                                      0.000     0.000 r  aclk (IN)
                         net (fo=138870, unset)       0.923     0.923    core_inst_gen[0].u_engine_core/u_iv_top/u_bs_datapath/aclk
    SLICE_X60Y60         SRLC32E                                      r  core_inst_gen[0].u_engine_core/u_iv_top/u_bs_datapath/ln_delay_gen[31].K_ln_pipe_reg[32][6]_srl32/CLK
                         clock pessimism             -0.258     0.665    
    SLICE_X60Y60         SRLC32E (Hold_srlc32e_CLK_D)
                                                      0.183     0.848    core_inst_gen[0].u_engine_core/u_iv_top/u_bs_datapath/ln_delay_gen[31].K_ln_pipe_reg[32][6]_srl32
  -------------------------------------------------------------------
                         required time                         -0.848    
                         arrival time                           0.902    
  -------------------------------------------------------------------
                         slack                                  0.054    

Slack (MET) :             0.055ns  (arrival time - required time)
  Source:                 core_inst_gen[1].u_engine_core/u_iv_top/u_gamma_divider/div_stage[4].den_pipe_reg[5][13]/C
                            (rising edge-triggered cell FDCE clocked by aclk  {rise@0.000ns fall@5.000ns period=10.000ns})
  Destination:            core_inst_gen[1].u_engine_core/u_iv_top/u_gamma_divider/div_stage[5].den_pipe_reg[6][13]/D
                            (rising edge-triggered cell FDCE clocked by aclk  {rise@0.000ns fall@5.000ns period=10.000ns})
  Path Group:             aclk
  Path Type:              Hold (Min at Fast Process Corner)
  Requirement:            0.000ns  (aclk rise@0.000ns - aclk rise@0.000ns)
  Data Path Delay:        0.382ns  (logic 0.141ns (36.909%)  route 0.241ns (63.091%))
  Logic Levels:           0  
  Clock Path Skew:        0.266ns (DCD - SCD - CPR)
    Destination Clock Delay (DCD):    0.895ns
    Source Clock Delay      (SCD):    0.629ns
    Clock Pessimism Removal (CPR):    -0.000ns

    Location             Delay type                Incr(ns)  Path(ns)    Netlist Resource(s)
  -------------------------------------------------------------------    -------------------
                         (clock aclk rise edge)       0.000     0.000 r  
                                                      0.000     0.000 r  aclk (IN)
                         net (fo=138870, unset)       0.629     0.629    core_inst_gen[1].u_engine_core/u_iv_top/u_gamma_divider/aclk
    SLICE_X13Y149        FDCE                                         r  core_inst_gen[1].u_engine_core/u_iv_top/u_gamma_divider/div_stage[4].den_pipe_reg[5][13]/C
  -------------------------------------------------------------------    -------------------
    SLICE_X13Y149        FDCE (Prop_fdce_C_Q)         0.141     0.770 r  core_inst_gen[1].u_engine_core/u_iv_top/u_gamma_divider/div_stage[4].den_pipe_reg[5][13]/Q
                         net (fo=4, routed)           0.241     1.011    core_inst_gen[1].u_engine_core/u_iv_top/u_gamma_divider/div_stage[4].den_pipe_reg_n_0_[5][13]
    SLICE_X11Y150        FDCE                                         r  core_inst_gen[1].u_engine_core/u_iv_top/u_gamma_divider/div_stage[5].den_pipe_reg[6][13]/D
  -------------------------------------------------------------------    -------------------

                         (clock aclk rise edge)       0.000     0.000 r  
                                                      0.000     0.000 r  aclk (IN)
                         net (fo=138870, unset)       0.895     0.895    core_inst_gen[1].u_engine_core/u_iv_top/u_gamma_divider/aclk
    SLICE_X11Y150        FDCE                                         r  core_inst_gen[1].u_engine_core/u_iv_top/u_gamma_divider/div_stage[5].den_pipe_reg[6][13]/C
                         clock pessimism              0.000     0.895    
    SLICE_X11Y150        FDCE (Hold_fdce_C_D)         0.061     0.956    core_inst_gen[1].u_engine_core/u_iv_top/u_gamma_divider/div_stage[5].den_pipe_reg[6][13]
  -------------------------------------------------------------------
                         required time                         -0.956    
                         arrival time                           1.011    
  -------------------------------------------------------------------
                         slack                                  0.055    

Slack (MET) :             0.055ns  (arrival time - required time)
  Source:                 core_inst_gen[2].u_engine_core/u_iv_top/u_bs_datapath/sqrt_T_r2_reg[14]/C
                            (rising edge-triggered cell FDCE clocked by aclk  {rise@0.000ns fall@5.000ns period=10.000ns})
  Destination:            core_inst_gen[2].u_engine_core/u_iv_top/u_bs_datapath/d1_delay_gen[31].sqrt_T_d1_pipe_reg[32][14]_srl32/D
                            (rising edge-triggered cell SRLC32E clocked by aclk  {rise@0.000ns fall@5.000ns period=10.000ns})
  Path Group:             aclk
  Path Type:              Hold (Min at Fast Process Corner)
  Requirement:            0.000ns  (aclk rise@0.000ns - aclk rise@0.000ns)
  Data Path Delay:        0.253ns  (logic 0.141ns (55.655%)  route 0.112ns (44.345%))
  Logic Levels:           0  
  Clock Path Skew:        0.015ns (DCD - SCD - CPR)
    Destination Clock Delay (DCD):    0.832ns
    Source Clock Delay      (SCD):    0.563ns
    Clock Pessimism Removal (CPR):    0.254ns

    Location             Delay type                Incr(ns)  Path(ns)    Netlist Resource(s)
  -------------------------------------------------------------------    -------------------
                         (clock aclk rise edge)       0.000     0.000 r  
                                                      0.000     0.000 r  aclk (IN)
                         net (fo=138870, unset)       0.563     0.563    core_inst_gen[2].u_engine_core/u_iv_top/u_bs_datapath/aclk
    SLICE_X93Y173        FDCE                                         r  core_inst_gen[2].u_engine_core/u_iv_top/u_bs_datapath/sqrt_T_r2_reg[14]/C
  -------------------------------------------------------------------    -------------------
    SLICE_X93Y173        FDCE (Prop_fdce_C_Q)         0.141     0.704 r  core_inst_gen[2].u_engine_core/u_iv_top/u_bs_datapath/sqrt_T_r2_reg[14]/Q
                         net (fo=1, routed)           0.112     0.816    core_inst_gen[2].u_engine_core/u_iv_top/u_bs_datapath/sqrt_T_r2[14]
    SLICE_X92Y172        SRLC32E                                      r  core_inst_gen[2].u_engine_core/u_iv_top/u_bs_datapath/d1_delay_gen[31].sqrt_T_d1_pipe_reg[32][14]_srl32/D
  -------------------------------------------------------------------    -------------------

                         (clock aclk rise edge)       0.000     0.000 r  
                                                      0.000     0.000 r  aclk (IN)
                         net (fo=138870, unset)       0.832     0.832    core_inst_gen[2].u_engine_core/u_iv_top/u_bs_datapath/aclk
    SLICE_X92Y172        SRLC32E                                      r  core_inst_gen[2].u_engine_core/u_iv_top/u_bs_datapath/d1_delay_gen[31].sqrt_T_d1_pipe_reg[32][14]_srl32/CLK
                         clock pessimism             -0.254     0.578    
    SLICE_X92Y172        SRLC32E (Hold_srlc32e_CLK_D)
                                                      0.183     0.761    core_inst_gen[2].u_engine_core/u_iv_top/u_bs_datapath/d1_delay_gen[31].sqrt_T_d1_pipe_reg[32][14]_srl32
  -------------------------------------------------------------------
                         required time                         -0.761    
                         arrival time                           0.816    
  -------------------------------------------------------------------
                         slack                                  0.055    

Slack (MET) :             0.057ns  (arrival time - required time)
  Source:                 core_inst_gen[1].u_engine_core/u_iv_top/u_bs_datapath/term1_5b_reg[20]/C
                            (rising edge-triggered cell FDCE clocked by aclk  {rise@0.000ns fall@5.000ns period=10.000ns})
  Destination:            core_inst_gen[1].u_engine_core/u_iv_top/u_bs_datapath/term1_5c_reg[20]/D
                            (rising edge-triggered cell FDCE clocked by aclk  {rise@0.000ns fall@5.000ns period=10.000ns})
  Path Group:             aclk
  Path Type:              Hold (Min at Fast Process Corner)
  Requirement:            0.000ns  (aclk rise@0.000ns - aclk rise@0.000ns)
  Data Path Delay:        0.402ns  (logic 0.141ns (35.057%)  route 0.261ns (64.943%))
  Logic Levels:           0  
  Clock Path Skew:        0.270ns (DCD - SCD - CPR)
    Destination Clock Delay (DCD):    0.890ns
    Source Clock Delay      (SCD):    0.620ns
    Clock Pessimism Removal (CPR):    -0.000ns

    Location             Delay type                Incr(ns)  Path(ns)    Netlist Resource(s)
  -------------------------------------------------------------------    -------------------
                         (clock aclk rise edge)       0.000     0.000 r  
                                                      0.000     0.000 r  aclk (IN)
                         net (fo=138870, unset)       0.620     0.620    core_inst_gen[1].u_engine_core/u_iv_top/u_bs_datapath/aclk
    SLICE_X21Y150        FDCE                                         r  core_inst_gen[1].u_engine_core/u_iv_top/u_bs_datapath/term1_5b_reg[20]/C
  -------------------------------------------------------------------    -------------------
    SLICE_X21Y150        FDCE (Prop_fdce_C_Q)         0.141     0.761 r  core_inst_gen[1].u_engine_core/u_iv_top/u_bs_datapath/term1_5b_reg[20]/Q
                         net (fo=1, routed)           0.261     1.022    core_inst_gen[1].u_engine_core/u_iv_top/u_bs_datapath/term1_5b[20]
    SLICE_X37Y148        FDCE                                         r  core_inst_gen[1].u_engine_core/u_iv_top/u_bs_datapath/term1_5c_reg[20]/D
  -------------------------------------------------------------------    -------------------

                         (clock aclk rise edge)       0.000     0.000 r  
                                                      0.000     0.000 r  aclk (IN)
                         net (fo=138870, unset)       0.890     0.890    core_inst_gen[1].u_engine_core/u_iv_top/u_bs_datapath/aclk
    SLICE_X37Y148        FDCE                                         r  core_inst_gen[1].u_engine_core/u_iv_top/u_bs_datapath/term1_5c_reg[20]/C
                         clock pessimism              0.000     0.890    
    SLICE_X37Y148        FDCE (Hold_fdce_C_D)         0.075     0.965    core_inst_gen[1].u_engine_core/u_iv_top/u_bs_datapath/term1_5c_reg[20]
  -------------------------------------------------------------------
                         required time                         -0.965    
                         arrival time                           1.022    
  -------------------------------------------------------------------
                         slack                                  0.057    





Pulse Width Checks
--------------------------------------------------------------------------------------
Clock Name:         aclk
Waveform(ns):       { 0.000 5.000 }
Period(ns):         10.000
Sources:            { aclk }

Check Type        Corner  Lib Pin      Reference Pin  Required(ns)  Actual(ns)  Slack(ns)  Location       Pin
Min Period        n/a     DSP48E1/CLK  n/a            2.863         10.000      7.137      DSP48_X3Y39    core_inst_gen[0].u_engine_core/u_iv_top/gen_init_guess.u_init_guess/den_reg1__0/CLK
Min Period        n/a     DSP48E1/CLK  n/a            2.863         10.000      7.137      DSP48_X4Y51    core_inst_gen[0].u_engine_core/u_iv_top/gen_init_guess.u_init_guess/num_reg1__0/CLK
Min Period        n/a     DSP48E1/CLK  n/a            2.863         10.000      7.137      DSP48_X5Y46    core_inst_gen[0].u_engine_core/u_iv_top/gen_init_guess.u_init_guess/num_reg1__2/CLK
Min Period        n/a     DSP48E1/CLK  n/a            2.863         10.000      7.137      DSP48_X2Y31    core_inst_gen[0].u_engine_core/u_iv_top/u_bs_datapath/knd2_5a1__0/CLK
Min Period        n/a     DSP48E1/CLK  n/a            2.863         10.000      7.137      DSP48_X2Y35    core_inst_gen[0].u_engine_core/u_iv_top/u_bs_datapath/knd2_5a1__2/CLK
Min Period        n/a     DSP48E1/CLK  n/a            2.863         10.000      7.137      DSP48_X4Y43    core_inst_gen[0].u_engine_core/u_iv_top/u_bs_datapath/term1_5a1__0/CLK
Min Period        n/a     DSP48E1/CLK  n/a            2.863         10.000      7.137      DSP48_X4Y45    core_inst_gen[0].u_engine_core/u_iv_top/u_bs_datapath/term1_5a1__2/CLK
Min Period        n/a     DSP48E1/CLK  n/a            2.863         10.000      7.137      DSP48_X5Y55    core_inst_gen[1].u_engine_core/u_iv_top/gen_init_guess.u_init_guess/den_reg1__0/CLK
Min Period        n/a     DSP48E1/CLK  n/a            2.863         10.000      7.137      DSP48_X5Y51    core_inst_gen[1].u_engine_core/u_iv_top/gen_init_guess.u_init_guess/num_reg1__0/CLK
Min Period        n/a     DSP48E1/CLK  n/a            2.863         10.000      7.137      DSP48_X5Y49    core_inst_gen[1].u_engine_core/u_iv_top/gen_init_guess.u_init_guess/num_reg1__2/CLK
Low Pulse Width   Slow    RAMD64E/CLK  n/a            1.050         5.000       3.950      SLICE_X74Y124  core_inst_gen[0].u_engine_core/u_iv_top/ctx_iter_reg_0_63_0_2/RAMA/CLK
Low Pulse Width   Fast    RAMD64E/CLK  n/a            1.050         5.000       3.950      SLICE_X74Y124  core_inst_gen[0].u_engine_core/u_iv_top/ctx_iter_reg_0_63_0_2/RAMA/CLK
Low Pulse Width   Slow    RAMD64E/CLK  n/a            1.050         5.000       3.950      SLICE_X74Y124  core_inst_gen[0].u_engine_core/u_iv_top/ctx_iter_reg_0_63_0_2/RAMB/CLK
Low Pulse Width   Fast    RAMD64E/CLK  n/a            1.050         5.000       3.950      SLICE_X74Y124  core_inst_gen[0].u_engine_core/u_iv_top/ctx_iter_reg_0_63_0_2/RAMB/CLK
Low Pulse Width   Slow    RAMD64E/CLK  n/a            1.050         5.000       3.950      SLICE_X74Y124  core_inst_gen[0].u_engine_core/u_iv_top/ctx_iter_reg_0_63_0_2/RAMC/CLK
Low Pulse Width   Fast    RAMD64E/CLK  n/a            1.050         5.000       3.950      SLICE_X74Y124  core_inst_gen[0].u_engine_core/u_iv_top/ctx_iter_reg_0_63_0_2/RAMC/CLK
Low Pulse Width   Slow    RAMD64E/CLK  n/a            1.050         5.000       3.950      SLICE_X74Y124  core_inst_gen[0].u_engine_core/u_iv_top/ctx_iter_reg_0_63_0_2/RAMD/CLK
Low Pulse Width   Fast    RAMD64E/CLK  n/a            1.050         5.000       3.950      SLICE_X74Y124  core_inst_gen[0].u_engine_core/u_iv_top/ctx_iter_reg_0_63_0_2/RAMD/CLK
Low Pulse Width   Slow    RAMD64E/CLK  n/a            1.050         5.000       3.950      SLICE_X76Y124  core_inst_gen[0].u_engine_core/u_iv_top/ctx_iter_reg_0_63_3_3/DP/CLK
Low Pulse Width   Fast    RAMD64E/CLK  n/a            1.050         5.000       3.950      SLICE_X76Y124  core_inst_gen[0].u_engine_core/u_iv_top/ctx_iter_reg_0_63_3_3/DP/CLK
High Pulse Width  Slow    RAMD64E/CLK  n/a            1.050         5.000       3.950      SLICE_X74Y124  core_inst_gen[0].u_engine_core/u_iv_top/ctx_iter_reg_0_63_0_2/RAMA/CLK
High Pulse Width  Fast    RAMD64E/CLK  n/a            1.050         5.000       3.950      SLICE_X74Y124  core_inst_gen[0].u_engine_core/u_iv_top/ctx_iter_reg_0_63_0_2/RAMA/CLK
High Pulse Width  Slow    RAMD64E/CLK  n/a            1.050         5.000       3.950      SLICE_X74Y124  core_inst_gen[0].u_engine_core/u_iv_top/ctx_iter_reg_0_63_0_2/RAMB/CLK
High Pulse Width  Fast    RAMD64E/CLK  n/a            1.050         5.000       3.950      SLICE_X74Y124  core_inst_gen[0].u_engine_core/u_iv_top/ctx_iter_reg_0_63_0_2/RAMB/CLK
High Pulse Width  Slow    RAMD64E/CLK  n/a            1.050         5.000       3.950      SLICE_X74Y124  core_inst_gen[0].u_engine_core/u_iv_top/ctx_iter_reg_0_63_0_2/RAMC/CLK
High Pulse Width  Fast    RAMD64E/CLK  n/a            1.050         5.000       3.950      SLICE_X74Y124  core_inst_gen[0].u_engine_core/u_iv_top/ctx_iter_reg_0_63_0_2/RAMC/CLK
High Pulse Width  Slow    RAMD64E/CLK  n/a            1.050         5.000       3.950      SLICE_X74Y124  core_inst_gen[0].u_engine_core/u_iv_top/ctx_iter_reg_0_63_0_2/RAMD/CLK
High Pulse Width  Fast    RAMD64E/CLK  n/a            1.050         5.000       3.950      SLICE_X74Y124  core_inst_gen[0].u_engine_core/u_iv_top/ctx_iter_reg_0_63_0_2/RAMD/CLK
High Pulse Width  Slow    RAMD64E/CLK  n/a            1.050         5.000       3.950      SLICE_X76Y124  core_inst_gen[0].u_engine_core/u_iv_top/ctx_iter_reg_0_63_3_3/DP/CLK
High Pulse Width  Fast    RAMD64E/CLK  n/a            1.050         5.000       3.950      SLICE_X76Y124  core_inst_gen[0].u_engine_core/u_iv_top/ctx_iter_reg_0_63_3_3/DP/CLK



--------------------------------------------------------------------------------------
Path Group:  (none)
From Clock:  
  To Clock:  aclk

Max Delay        124934 Endpoints
Min Delay        124934 Endpoints
--------------------------------------------------------------------------------------


Max Delay Paths
--------------------------------------------------------------------------------------
Slack:                    inf
  Source:                 aresetn
                            (input port)
  Destination:            core_inst_gen[2].u_engine_core/fifo_mem_reg[60][1]/CE
                            (rising edge-triggered cell FDRE clocked by aclk  {rise@0.000ns fall@5.000ns period=10.000ns})
  Path Group:             (none)
  Path Type:              Setup (Max at Slow Process Corner)
  Data Path Delay:        6.624ns  (logic 0.344ns (5.193%)  route 6.280ns (94.807%))
  Logic Levels:           2  (LUT4=1 LUT6=1)
  Clock Path Skew:        1.179ns (DCD - SCD + CPR)
    Destination Clock Delay (DCD):    1.179ns
    Source Clock Delay      (SCD):    0.000ns
    Clock Pessimism Removal (CPR):    0.000ns
  Clock Uncertainty:      0.025ns  ((TSJ^2 + TIJ^2)^1/2 + DJ) / 2 + PE
    Total System Jitter     (TSJ):    0.050ns
    Total Input Jitter      (TIJ):    0.000ns
    Discrete Jitter          (DJ):    0.000ns
    Phase Error              (PE):    0.000ns
  Timing Exception:       False Path

    Location             Delay type                Incr(ns)  Path(ns)    Netlist Resource(s)
  -------------------------------------------------------------------    -------------------
                                                      0.000     0.000 r  aresetn (IN)
                         net (fo=16, unset)           0.704     0.704    core_inst_gen[2].u_engine_core/u_iv_top/u_gain_comp/aresetn
    SLICE_X117Y198       LUT4 (Prop_lut4_I3_O)        0.105     0.809 r  core_inst_gen[2].u_engine_core/u_iv_top/u_gain_comp/fifo_mem[63][127]_i_3__1/O
                         net (fo=32, routed)          1.738     2.547    core_inst_gen[2].u_engine_core/u_iv_top/u_gain_comp/fifo_mem[63][127]_i_3__1_n_0
    SLICE_X136Y228       LUT6 (Prop_lut6_I0_O)        0.239     2.786 r  core_inst_gen[2].u_engine_core/u_iv_top/u_gain_comp/fifo_mem[60][127]_i_1__1/O
                         net (fo=127, routed)         3.838     6.624    core_inst_gen[2].u_engine_core/u_iv_top_n_162
    SLICE_X103Y136       FDRE                                         r  core_inst_gen[2].u_engine_core/fifo_mem_reg[60][1]/CE
  -------------------------------------------------------------------    -------------------

                         (clock aclk rise edge)       0.000     0.000 r  
                                                      0.000     0.000 r  aclk (IN)
                         net (fo=138870, unset)       1.179     1.179    core_inst_gen[2].u_engine_core/aclk
    SLICE_X103Y136       FDRE                                         r  core_inst_gen[2].u_engine_core/fifo_mem_reg[60][1]/C

Slack:                    inf
  Source:                 aresetn
                            (input port)
  Destination:            core_inst_gen[2].u_engine_core/fifo_mem_reg[53][1]/CE
                            (rising edge-triggered cell FDRE clocked by aclk  {rise@0.000ns fall@5.000ns period=10.000ns})
  Path Group:             (none)
  Path Type:              Setup (Max at Slow Process Corner)
  Data Path Delay:        6.546ns  (logic 0.344ns (5.255%)  route 6.202ns (94.745%))
  Logic Levels:           2  (LUT4=1 LUT6=1)
  Clock Path Skew:        1.179ns (DCD - SCD + CPR)
    Destination Clock Delay (DCD):    1.179ns
    Source Clock Delay      (SCD):    0.000ns
    Clock Pessimism Removal (CPR):    0.000ns
  Clock Uncertainty:      0.025ns  ((TSJ^2 + TIJ^2)^1/2 + DJ) / 2 + PE
    Total System Jitter     (TSJ):    0.050ns
    Total Input Jitter      (TIJ):    0.000ns
    Discrete Jitter          (DJ):    0.000ns
    Phase Error              (PE):    0.000ns
  Timing Exception:       False Path

    Location             Delay type                Incr(ns)  Path(ns)    Netlist Resource(s)
  -------------------------------------------------------------------    -------------------
                                                      0.000     0.000 r  aresetn (IN)
                         net (fo=16, unset)           0.704     0.704    core_inst_gen[2].u_engine_core/u_iv_top/u_gain_comp/aresetn
    SLICE_X117Y198       LUT4 (Prop_lut4_I3_O)        0.105     0.809 r  core_inst_gen[2].u_engine_core/u_iv_top/u_gain_comp/fifo_mem[63][127]_i_3__1/O
                         net (fo=32, routed)          1.536     2.345    core_inst_gen[2].u_engine_core/u_iv_top/u_gain_comp/fifo_mem[63][127]_i_3__1_n_0
    SLICE_X134Y214       LUT6 (Prop_lut6_I0_O)        0.239     2.584 r  core_inst_gen[2].u_engine_core/u_iv_top/u_gain_comp/fifo_mem[53][127]_i_1__1/O
                         net (fo=127, routed)         3.962     6.546    core_inst_gen[2].u_engine_core/u_iv_top_n_155
    SLICE_X100Y141       FDRE                                         r  core_inst_gen[2].u_engine_core/fifo_mem_reg[53][1]/CE
  -------------------------------------------------------------------    -------------------

                         (clock aclk rise edge)       0.000     0.000 r  
                                                      0.000     0.000 r  aclk (IN)
                         net (fo=138870, unset)       1.179     1.179    core_inst_gen[2].u_engine_core/aclk
    SLICE_X100Y141       FDRE                                         r  core_inst_gen[2].u_engine_core/fifo_mem_reg[53][1]/C

Slack:                    inf
  Source:                 aresetn
                            (input port)
  Destination:            core_inst_gen[2].u_engine_core/fifo_mem_reg[39][124]/CE
                            (rising edge-triggered cell FDRE clocked by aclk  {rise@0.000ns fall@5.000ns period=10.000ns})
  Path Group:             (none)
  Path Type:              Setup (Max at Slow Process Corner)
  Data Path Delay:        6.523ns  (logic 0.344ns (5.273%)  route 6.179ns (94.727%))
  Logic Levels:           2  (LUT4=1 LUT6=1)
  Clock Path Skew:        1.189ns (DCD - SCD + CPR)
    Destination Clock Delay (DCD):    1.189ns
    Source Clock Delay      (SCD):    0.000ns
    Clock Pessimism Removal (CPR):    0.000ns
  Clock Uncertainty:      0.025ns  ((TSJ^2 + TIJ^2)^1/2 + DJ) / 2 + PE
    Total System Jitter     (TSJ):    0.050ns
    Total Input Jitter      (TIJ):    0.000ns
    Discrete Jitter          (DJ):    0.000ns
    Phase Error              (PE):    0.000ns
  Timing Exception:       False Path

    Location             Delay type                Incr(ns)  Path(ns)    Netlist Resource(s)
  -------------------------------------------------------------------    -------------------
                                                      0.000     0.000 r  aresetn (IN)
                         net (fo=16, unset)           0.704     0.704    core_inst_gen[2].u_engine_core/u_iv_top/u_gain_comp/aresetn
    SLICE_X117Y198       LUT4 (Prop_lut4_I3_O)        0.105     0.809 r  core_inst_gen[2].u_engine_core/u_iv_top/u_gain_comp/fifo_mem[63][127]_i_3__1/O
                         net (fo=32, routed)          2.122     2.931    core_inst_gen[2].u_engine_core/u_iv_top/u_gain_comp/fifo_mem[63][127]_i_3__1_n_0
    SLICE_X136Y228       LUT6 (Prop_lut6_I0_O)        0.239     3.170 r  core_inst_gen[2].u_engine_core/u_iv_top/u_gain_comp/fifo_mem[39][127]_i_1__1/O
                         net (fo=127, routed)         3.353     6.523    core_inst_gen[2].u_engine_core/u_iv_top_n_141
    SLICE_X111Y144       FDRE                                         r  core_inst_gen[2].u_engine_core/fifo_mem_reg[39][124]/CE
  -------------------------------------------------------------------    -------------------

                         (clock aclk rise edge)       0.000     0.000 r  
                                                      0.000     0.000 r  aclk (IN)
                         net (fo=138870, unset)       1.189     1.189    core_inst_gen[2].u_engine_core/aclk
    SLICE_X111Y144       FDRE                                         r  core_inst_gen[2].u_engine_core/fifo_mem_reg[39][124]/C

Slack:                    inf
  Source:                 aresetn
                            (input port)
  Destination:            core_inst_gen[2].u_engine_core/fifo_mem_reg[39][15]/CE
                            (rising edge-triggered cell FDRE clocked by aclk  {rise@0.000ns fall@5.000ns period=10.000ns})
  Path Group:             (none)
  Path Type:              Setup (Max at Slow Process Corner)
  Data Path Delay:        6.523ns  (logic 0.344ns (5.273%)  route 6.179ns (94.727%))
  Logic Levels:           2  (LUT4=1 LUT6=1)
  Clock Path Skew:        1.189ns (DCD - SCD + CPR)
    Destination Clock Delay (DCD):    1.189ns
    Source Clock Delay      (SCD):    0.000ns
    Clock Pessimism Removal (CPR):    0.000ns
  Clock Uncertainty:      0.025ns  ((TSJ^2 + TIJ^2)^1/2 + DJ) / 2 + PE
    Total System Jitter     (TSJ):    0.050ns
    Total Input Jitter      (TIJ):    0.000ns
    Discrete Jitter          (DJ):    0.000ns
    Phase Error              (PE):    0.000ns
  Timing Exception:       False Path

    Location             Delay type                Incr(ns)  Path(ns)    Netlist Resource(s)
  -------------------------------------------------------------------    -------------------
                                                      0.000     0.000 r  aresetn (IN)
                         net (fo=16, unset)           0.704     0.704    core_inst_gen[2].u_engine_core/u_iv_top/u_gain_comp/aresetn
    SLICE_X117Y198       LUT4 (Prop_lut4_I3_O)        0.105     0.809 r  core_inst_gen[2].u_engine_core/u_iv_top/u_gain_comp/fifo_mem[63][127]_i_3__1/O
                         net (fo=32, routed)          2.122     2.931    core_inst_gen[2].u_engine_core/u_iv_top/u_gain_comp/fifo_mem[63][127]_i_3__1_n_0
    SLICE_X136Y228       LUT6 (Prop_lut6_I0_O)        0.239     3.170 r  core_inst_gen[2].u_engine_core/u_iv_top/u_gain_comp/fifo_mem[39][127]_i_1__1/O
                         net (fo=127, routed)         3.353     6.523    core_inst_gen[2].u_engine_core/u_iv_top_n_141
    SLICE_X111Y144       FDRE                                         r  core_inst_gen[2].u_engine_core/fifo_mem_reg[39][15]/CE
  -------------------------------------------------------------------    -------------------

                         (clock aclk rise edge)       0.000     0.000 r  
                                                      0.000     0.000 r  aclk (IN)
                         net (fo=138870, unset)       1.189     1.189    core_inst_gen[2].u_engine_core/aclk
    SLICE_X111Y144       FDRE                                         r  core_inst_gen[2].u_engine_core/fifo_mem_reg[39][15]/C

Slack:                    inf
  Source:                 aresetn
                            (input port)
  Destination:            core_inst_gen[2].u_engine_core/fifo_mem_reg[39][19]/CE
                            (rising edge-triggered cell FDRE clocked by aclk  {rise@0.000ns fall@5.000ns period=10.000ns})
  Path Group:             (none)
  Path Type:              Setup (Max at Slow Process Corner)
  Data Path Delay:        6.523ns  (logic 0.344ns (5.273%)  route 6.179ns (94.727%))
  Logic Levels:           2  (LUT4=1 LUT6=1)
  Clock Path Skew:        1.189ns (DCD - SCD + CPR)
    Destination Clock Delay (DCD):    1.189ns
    Source Clock Delay      (SCD):    0.000ns
    Clock Pessimism Removal (CPR):    0.000ns
  Clock Uncertainty:      0.025ns  ((TSJ^2 + TIJ^2)^1/2 + DJ) / 2 + PE
    Total System Jitter     (TSJ):    0.050ns
    Total Input Jitter      (TIJ):    0.000ns
    Discrete Jitter          (DJ):    0.000ns
    Phase Error              (PE):    0.000ns
  Timing Exception:       False Path

    Location             Delay type                Incr(ns)  Path(ns)    Netlist Resource(s)
  -------------------------------------------------------------------    -------------------
                                                      0.000     0.000 r  aresetn (IN)
                         net (fo=16, unset)           0.704     0.704    core_inst_gen[2].u_engine_core/u_iv_top/u_gain_comp/aresetn
    SLICE_X117Y198       LUT4 (Prop_lut4_I3_O)        0.105     0.809 r  core_inst_gen[2].u_engine_core/u_iv_top/u_gain_comp/fifo_mem[63][127]_i_3__1/O
                         net (fo=32, routed)          2.122     2.931    core_inst_gen[2].u_engine_core/u_iv_top/u_gain_comp/fifo_mem[63][127]_i_3__1_n_0
    SLICE_X136Y228       LUT6 (Prop_lut6_I0_O)        0.239     3.170 r  core_inst_gen[2].u_engine_core/u_iv_top/u_gain_comp/fifo_mem[39][127]_i_1__1/O
                         net (fo=127, routed)         3.353     6.523    core_inst_gen[2].u_engine_core/u_iv_top_n_141
    SLICE_X111Y144       FDRE                                         r  core_inst_gen[2].u_engine_core/fifo_mem_reg[39][19]/CE
  -------------------------------------------------------------------    -------------------

                         (clock aclk rise edge)       0.000     0.000 r  
                                                      0.000     0.000 r  aclk (IN)
                         net (fo=138870, unset)       1.189     1.189    core_inst_gen[2].u_engine_core/aclk
    SLICE_X111Y144       FDRE                                         r  core_inst_gen[2].u_engine_core/fifo_mem_reg[39][19]/C

Slack:                    inf
  Source:                 aresetn
                            (input port)
  Destination:            core_inst_gen[2].u_engine_core/fifo_mem_reg[39][20]/CE
                            (rising edge-triggered cell FDRE clocked by aclk  {rise@0.000ns fall@5.000ns period=10.000ns})
  Path Group:             (none)
  Path Type:              Setup (Max at Slow Process Corner)
  Data Path Delay:        6.523ns  (logic 0.344ns (5.273%)  route 6.179ns (94.727%))
  Logic Levels:           2  (LUT4=1 LUT6=1)
  Clock Path Skew:        1.189ns (DCD - SCD + CPR)
    Destination Clock Delay (DCD):    1.189ns
    Source Clock Delay      (SCD):    0.000ns
    Clock Pessimism Removal (CPR):    0.000ns
  Clock Uncertainty:      0.025ns  ((TSJ^2 + TIJ^2)^1/2 + DJ) / 2 + PE
    Total System Jitter     (TSJ):    0.050ns
    Total Input Jitter      (TIJ):    0.000ns
    Discrete Jitter          (DJ):    0.000ns
    Phase Error              (PE):    0.000ns
  Timing Exception:       False Path

    Location             Delay type                Incr(ns)  Path(ns)    Netlist Resource(s)
  -------------------------------------------------------------------    -------------------
                                                      0.000     0.000 r  aresetn (IN)
                         net (fo=16, unset)           0.704     0.704    core_inst_gen[2].u_engine_core/u_iv_top/u_gain_comp/aresetn
    SLICE_X117Y198       LUT4 (Prop_lut4_I3_O)        0.105     0.809 r  core_inst_gen[2].u_engine_core/u_iv_top/u_gain_comp/fifo_mem[63][127]_i_3__1/O
                         net (fo=32, routed)          2.122     2.931    core_inst_gen[2].u_engine_core/u_iv_top/u_gain_comp/fifo_mem[63][127]_i_3__1_n_0
    SLICE_X136Y228       LUT6 (Prop_lut6_I0_O)        0.239     3.170 r  core_inst_gen[2].u_engine_core/u_iv_top/u_gain_comp/fifo_mem[39][127]_i_1__1/O
                         net (fo=127, routed)         3.353     6.523    core_inst_gen[2].u_engine_core/u_iv_top_n_141
    SLICE_X111Y144       FDRE                                         r  core_inst_gen[2].u_engine_core/fifo_mem_reg[39][20]/CE
  -------------------------------------------------------------------    -------------------

                         (clock aclk rise edge)       0.000     0.000 r  
                                                      0.000     0.000 r  aclk (IN)
                         net (fo=138870, unset)       1.189     1.189    core_inst_gen[2].u_engine_core/aclk
    SLICE_X111Y144       FDRE                                         r  core_inst_gen[2].u_engine_core/fifo_mem_reg[39][20]/C

Slack:                    inf
  Source:                 aresetn
                            (input port)
  Destination:            core_inst_gen[2].u_engine_core/fifo_mem_reg[39][23]/CE
                            (rising edge-triggered cell FDRE clocked by aclk  {rise@0.000ns fall@5.000ns period=10.000ns})
  Path Group:             (none)
  Path Type:              Setup (Max at Slow Process Corner)
  Data Path Delay:        6.523ns  (logic 0.344ns (5.273%)  route 6.179ns (94.727%))
  Logic Levels:           2  (LUT4=1 LUT6=1)
  Clock Path Skew:        1.189ns (DCD - SCD + CPR)
    Destination Clock Delay (DCD):    1.189ns
    Source Clock Delay      (SCD):    0.000ns
    Clock Pessimism Removal (CPR):    0.000ns
  Clock Uncertainty:      0.025ns  ((TSJ^2 + TIJ^2)^1/2 + DJ) / 2 + PE
    Total System Jitter     (TSJ):    0.050ns
    Total Input Jitter      (TIJ):    0.000ns
    Discrete Jitter          (DJ):    0.000ns
    Phase Error              (PE):    0.000ns
  Timing Exception:       False Path

    Location             Delay type                Incr(ns)  Path(ns)    Netlist Resource(s)
  -------------------------------------------------------------------    -------------------
                                                      0.000     0.000 r  aresetn (IN)
                         net (fo=16, unset)           0.704     0.704    core_inst_gen[2].u_engine_core/u_iv_top/u_gain_comp/aresetn
    SLICE_X117Y198       LUT4 (Prop_lut4_I3_O)        0.105     0.809 r  core_inst_gen[2].u_engine_core/u_iv_top/u_gain_comp/fifo_mem[63][127]_i_3__1/O
                         net (fo=32, routed)          2.122     2.931    core_inst_gen[2].u_engine_core/u_iv_top/u_gain_comp/fifo_mem[63][127]_i_3__1_n_0
    SLICE_X136Y228       LUT6 (Prop_lut6_I0_O)        0.239     3.170 r  core_inst_gen[2].u_engine_core/u_iv_top/u_gain_comp/fifo_mem[39][127]_i_1__1/O
                         net (fo=127, routed)         3.353     6.523    core_inst_gen[2].u_engine_core/u_iv_top_n_141
    SLICE_X111Y144       FDRE                                         r  core_inst_gen[2].u_engine_core/fifo_mem_reg[39][23]/CE
  -------------------------------------------------------------------    -------------------

                         (clock aclk rise edge)       0.000     0.000 r  
                                                      0.000     0.000 r  aclk (IN)
                         net (fo=138870, unset)       1.189     1.189    core_inst_gen[2].u_engine_core/aclk
    SLICE_X111Y144       FDRE                                         r  core_inst_gen[2].u_engine_core/fifo_mem_reg[39][23]/C

Slack:                    inf
  Source:                 aresetn
                            (input port)
  Destination:            core_inst_gen[2].u_engine_core/fifo_mem_reg[39][26]/CE
                            (rising edge-triggered cell FDRE clocked by aclk  {rise@0.000ns fall@5.000ns period=10.000ns})
  Path Group:             (none)
  Path Type:              Setup (Max at Slow Process Corner)
  Data Path Delay:        6.523ns  (logic 0.344ns (5.273%)  route 6.179ns (94.727%))
  Logic Levels:           2  (LUT4=1 LUT6=1)
  Clock Path Skew:        1.189ns (DCD - SCD + CPR)
    Destination Clock Delay (DCD):    1.189ns
    Source Clock Delay      (SCD):    0.000ns
    Clock Pessimism Removal (CPR):    0.000ns
  Clock Uncertainty:      0.025ns  ((TSJ^2 + TIJ^2)^1/2 + DJ) / 2 + PE
    Total System Jitter     (TSJ):    0.050ns
    Total Input Jitter      (TIJ):    0.000ns
    Discrete Jitter          (DJ):    0.000ns
    Phase Error              (PE):    0.000ns
  Timing Exception:       False Path

    Location             Delay type                Incr(ns)  Path(ns)    Netlist Resource(s)
  -------------------------------------------------------------------    -------------------
                                                      0.000     0.000 r  aresetn (IN)
                         net (fo=16, unset)           0.704     0.704    core_inst_gen[2].u_engine_core/u_iv_top/u_gain_comp/aresetn
    SLICE_X117Y198       LUT4 (Prop_lut4_I3_O)        0.105     0.809 r  core_inst_gen[2].u_engine_core/u_iv_top/u_gain_comp/fifo_mem[63][127]_i_3__1/O
                         net (fo=32, routed)          2.122     2.931    core_inst_gen[2].u_engine_core/u_iv_top/u_gain_comp/fifo_mem[63][127]_i_3__1_n_0
    SLICE_X136Y228       LUT6 (Prop_lut6_I0_O)        0.239     3.170 r  core_inst_gen[2].u_engine_core/u_iv_top/u_gain_comp/fifo_mem[39][127]_i_1__1/O
                         net (fo=127, routed)         3.353     6.523    core_inst_gen[2].u_engine_core/u_iv_top_n_141
    SLICE_X111Y144       FDRE                                         r  core_inst_gen[2].u_engine_core/fifo_mem_reg[39][26]/CE
  -------------------------------------------------------------------    -------------------

                         (clock aclk rise edge)       0.000     0.000 r  
                                                      0.000     0.000 r  aclk (IN)
                         net (fo=138870, unset)       1.189     1.189    core_inst_gen[2].u_engine_core/aclk
    SLICE_X111Y144       FDRE                                         r  core_inst_gen[2].u_engine_core/fifo_mem_reg[39][26]/C

Slack:                    inf
  Source:                 aresetn
                            (input port)
  Destination:            core_inst_gen[2].u_engine_core/fifo_mem_reg[39][8]/CE
                            (rising edge-triggered cell FDRE clocked by aclk  {rise@0.000ns fall@5.000ns period=10.000ns})
  Path Group:             (none)
  Path Type:              Setup (Max at Slow Process Corner)
  Data Path Delay:        6.523ns  (logic 0.344ns (5.273%)  route 6.179ns (94.727%))
  Logic Levels:           2  (LUT4=1 LUT6=1)
  Clock Path Skew:        1.189ns (DCD - SCD + CPR)
    Destination Clock Delay (DCD):    1.189ns
    Source Clock Delay      (SCD):    0.000ns
    Clock Pessimism Removal (CPR):    0.000ns
  Clock Uncertainty:      0.025ns  ((TSJ^2 + TIJ^2)^1/2 + DJ) / 2 + PE
    Total System Jitter     (TSJ):    0.050ns
    Total Input Jitter      (TIJ):    0.000ns
    Discrete Jitter          (DJ):    0.000ns
    Phase Error              (PE):    0.000ns
  Timing Exception:       False Path

    Location             Delay type                Incr(ns)  Path(ns)    Netlist Resource(s)
  -------------------------------------------------------------------    -------------------
                                                      0.000     0.000 r  aresetn (IN)
                         net (fo=16, unset)           0.704     0.704    core_inst_gen[2].u_engine_core/u_iv_top/u_gain_comp/aresetn
    SLICE_X117Y198       LUT4 (Prop_lut4_I3_O)        0.105     0.809 r  core_inst_gen[2].u_engine_core/u_iv_top/u_gain_comp/fifo_mem[63][127]_i_3__1/O
                         net (fo=32, routed)          2.122     2.931    core_inst_gen[2].u_engine_core/u_iv_top/u_gain_comp/fifo_mem[63][127]_i_3__1_n_0
    SLICE_X136Y228       LUT6 (Prop_lut6_I0_O)        0.239     3.170 r  core_inst_gen[2].u_engine_core/u_iv_top/u_gain_comp/fifo_mem[39][127]_i_1__1/O
                         net (fo=127, routed)         3.353     6.523    core_inst_gen[2].u_engine_core/u_iv_top_n_141
    SLICE_X111Y144       FDRE                                         r  core_inst_gen[2].u_engine_core/fifo_mem_reg[39][8]/CE
  -------------------------------------------------------------------    -------------------

                         (clock aclk rise edge)       0.000     0.000 r  
                                                      0.000     0.000 r  aclk (IN)
                         net (fo=138870, unset)       1.189     1.189    core_inst_gen[2].u_engine_core/aclk
    SLICE_X111Y144       FDRE                                         r  core_inst_gen[2].u_engine_core/fifo_mem_reg[39][8]/C

Slack:                    inf
  Source:                 aresetn
                            (input port)
  Destination:            core_inst_gen[2].u_engine_core/fifo_mem_reg[39][9]/CE
                            (rising edge-triggered cell FDRE clocked by aclk  {rise@0.000ns fall@5.000ns period=10.000ns})
  Path Group:             (none)
  Path Type:              Setup (Max at Slow Process Corner)
  Data Path Delay:        6.523ns  (logic 0.344ns (5.273%)  route 6.179ns (94.727%))
  Logic Levels:           2  (LUT4=1 LUT6=1)
  Clock Path Skew:        1.189ns (DCD - SCD + CPR)
    Destination Clock Delay (DCD):    1.189ns
    Source Clock Delay      (SCD):    0.000ns
    Clock Pessimism Removal (CPR):    0.000ns
  Clock Uncertainty:      0.025ns  ((TSJ^2 + TIJ^2)^1/2 + DJ) / 2 + PE
    Total System Jitter     (TSJ):    0.050ns
    Total Input Jitter      (TIJ):    0.000ns
    Discrete Jitter          (DJ):    0.000ns
    Phase Error              (PE):    0.000ns
  Timing Exception:       False Path

    Location             Delay type                Incr(ns)  Path(ns)    Netlist Resource(s)
  -------------------------------------------------------------------    -------------------
                                                      0.000     0.000 r  aresetn (IN)
                         net (fo=16, unset)           0.704     0.704    core_inst_gen[2].u_engine_core/u_iv_top/u_gain_comp/aresetn
    SLICE_X117Y198       LUT4 (Prop_lut4_I3_O)        0.105     0.809 r  core_inst_gen[2].u_engine_core/u_iv_top/u_gain_comp/fifo_mem[63][127]_i_3__1/O
                         net (fo=32, routed)          2.122     2.931    core_inst_gen[2].u_engine_core/u_iv_top/u_gain_comp/fifo_mem[63][127]_i_3__1_n_0
    SLICE_X136Y228       LUT6 (Prop_lut6_I0_O)        0.239     3.170 r  core_inst_gen[2].u_engine_core/u_iv_top/u_gain_comp/fifo_mem[39][127]_i_1__1/O
                         net (fo=127, routed)         3.353     6.523    core_inst_gen[2].u_engine_core/u_iv_top_n_141
    SLICE_X111Y144       FDRE                                         r  core_inst_gen[2].u_engine_core/fifo_mem_reg[39][9]/CE
  -------------------------------------------------------------------    -------------------

                         (clock aclk rise edge)       0.000     0.000 r  
                                                      0.000     0.000 r  aclk (IN)
                         net (fo=138870, unset)       1.189     1.189    core_inst_gen[2].u_engine_core/aclk
    SLICE_X111Y144       FDRE                                         r  core_inst_gen[2].u_engine_core/fifo_mem_reg[39][9]/C





Min Delay Paths
--------------------------------------------------------------------------------------
Slack:                    inf
  Source:                 aresetn
                            (input port)
  Destination:            core_inst_gen[2].u_engine_core/u_iv_top/ingress_q_tids_reg[20][3]/CE
                            (rising edge-triggered cell FDRE clocked by aclk  {rise@0.000ns fall@5.000ns period=10.000ns})
  Path Group:             (none)
  Path Type:              Hold (Min at Fast Process Corner)
  Data Path Delay:        0.693ns  (logic 0.090ns (12.986%)  route 0.603ns (87.014%))
  Logic Levels:           2  (LUT3=1 LUT6=1)
  Clock Path Skew:        0.891ns (DCD - SCD - CPR)
    Destination Clock Delay (DCD):    0.891ns
    Source Clock Delay      (SCD):    0.000ns
    Clock Pessimism Removal (CPR):    -0.000ns
  Timing Exception:       False Path

    Location             Delay type                Incr(ns)  Path(ns)    Netlist Resource(s)
  -------------------------------------------------------------------    -------------------
                                                      0.000     0.000 r  aresetn (IN)
                         net (fo=16, unset)           0.411     0.411    core_inst_gen[2].u_engine_core/u_iv_top/gen_init_guess.u_init_guess/aresetn
    SLICE_X151Y138       LUT3 (Prop_lut3_I1_O)        0.045     0.456 f  core_inst_gen[2].u_engine_core/u_iv_top/gen_init_guess.u_init_guess/ingress_q_tids[31][5]_i_2__1/O
                         net (fo=32, routed)          0.078     0.534    core_inst_gen[2].u_engine_core/u_iv_top/gen_init_guess.u_init_guess/ingress_q_tids[31][5]_i_2__1_n_0
    SLICE_X151Y138       LUT6 (Prop_lut6_I5_O)        0.045     0.579 r  core_inst_gen[2].u_engine_core/u_iv_top/gen_init_guess.u_init_guess/ingress_q_tids[20][5]_i_1__1/O
                         net (fo=6, routed)           0.114     0.693    core_inst_gen[2].u_engine_core/u_iv_top/gen_init_guess.u_init_guess_n_23
    SLICE_X151Y139       FDRE                                         r  core_inst_gen[2].u_engine_core/u_iv_top/ingress_q_tids_reg[20][3]/CE
  -------------------------------------------------------------------    -------------------

                         (clock aclk rise edge)       0.000     0.000 r  
                                                      0.000     0.000 r  aclk (IN)
                         net (fo=138870, unset)       0.891     0.891    core_inst_gen[2].u_engine_core/u_iv_top/aclk
    SLICE_X151Y139       FDRE                                         r  core_inst_gen[2].u_engine_core/u_iv_top/ingress_q_tids_reg[20][3]/C

Slack:                    inf
  Source:                 aresetn
                            (input port)
  Destination:            core_inst_gen[2].u_engine_core/u_iv_top/ingress_q_tids_reg[18][0]/CE
                            (rising edge-triggered cell FDRE clocked by aclk  {rise@0.000ns fall@5.000ns period=10.000ns})
  Path Group:             (none)
  Path Type:              Hold (Min at Fast Process Corner)
  Data Path Delay:        0.747ns  (logic 0.090ns (12.044%)  route 0.657ns (87.956%))
  Logic Levels:           2  (LUT3=1 LUT6=1)
  Clock Path Skew:        0.889ns (DCD - SCD - CPR)
    Destination Clock Delay (DCD):    0.889ns
    Source Clock Delay      (SCD):    0.000ns
    Clock Pessimism Removal (CPR):    -0.000ns
  Timing Exception:       False Path

    Location             Delay type                Incr(ns)  Path(ns)    Netlist Resource(s)
  -------------------------------------------------------------------    -------------------
                                                      0.000     0.000 r  aresetn (IN)
                         net (fo=16, unset)           0.411     0.411    core_inst_gen[2].u_engine_core/u_iv_top/gen_init_guess.u_init_guess/aresetn
    SLICE_X151Y138       LUT3 (Prop_lut3_I1_O)        0.045     0.456 f  core_inst_gen[2].u_engine_core/u_iv_top/gen_init_guess.u_init_guess/ingress_q_tids[31][5]_i_2__1/O
                         net (fo=32, routed)          0.075     0.531    core_inst_gen[2].u_engine_core/u_iv_top/gen_init_guess.u_init_guess/ingress_q_tids[31][5]_i_2__1_n_0
    SLICE_X151Y138       LUT6 (Prop_lut6_I5_O)        0.045     0.576 r  core_inst_gen[2].u_engine_core/u_iv_top/gen_init_guess.u_init_guess/ingress_q_tids[18][5]_i_1__1/O
                         net (fo=6, routed)           0.171     0.747    core_inst_gen[2].u_engine_core/u_iv_top/gen_init_guess.u_init_guess_n_21
    SLICE_X152Y136       FDRE                                         r  core_inst_gen[2].u_engine_core/u_iv_top/ingress_q_tids_reg[18][0]/CE
  -------------------------------------------------------------------    -------------------

                         (clock aclk rise edge)       0.000     0.000 r  
                                                      0.000     0.000 r  aclk (IN)
                         net (fo=138870, unset)       0.889     0.889    core_inst_gen[2].u_engine_core/u_iv_top/aclk
    SLICE_X152Y136       FDRE                                         r  core_inst_gen[2].u_engine_core/u_iv_top/ingress_q_tids_reg[18][0]/C

Slack:                    inf
  Source:                 aresetn
                            (input port)
  Destination:            core_inst_gen[2].u_engine_core/u_iv_top/ingress_q_tids_reg[18][1]/CE
                            (rising edge-triggered cell FDRE clocked by aclk  {rise@0.000ns fall@5.000ns period=10.000ns})
  Path Group:             (none)
  Path Type:              Hold (Min at Fast Process Corner)
  Data Path Delay:        0.747ns  (logic 0.090ns (12.044%)  route 0.657ns (87.956%))
  Logic Levels:           2  (LUT3=1 LUT6=1)
  Clock Path Skew:        0.889ns (DCD - SCD - CPR)
    Destination Clock Delay (DCD):    0.889ns
    Source Clock Delay      (SCD):    0.000ns
    Clock Pessimism Removal (CPR):    -0.000ns
  Timing Exception:       False Path

    Location             Delay type                Incr(ns)  Path(ns)    Netlist Resource(s)
  -------------------------------------------------------------------    -------------------
                                                      0.000     0.000 r  aresetn (IN)
                         net (fo=16, unset)           0.411     0.411    core_inst_gen[2].u_engine_core/u_iv_top/gen_init_guess.u_init_guess/aresetn
    SLICE_X151Y138       LUT3 (Prop_lut3_I1_O)        0.045     0.456 f  core_inst_gen[2].u_engine_core/u_iv_top/gen_init_guess.u_init_guess/ingress_q_tids[31][5]_i_2__1/O
                         net (fo=32, routed)          0.075     0.531    core_inst_gen[2].u_engine_core/u_iv_top/gen_init_guess.u_init_guess/ingress_q_tids[31][5]_i_2__1_n_0
    SLICE_X151Y138       LUT6 (Prop_lut6_I5_O)        0.045     0.576 r  core_inst_gen[2].u_engine_core/u_iv_top/gen_init_guess.u_init_guess/ingress_q_tids[18][5]_i_1__1/O
                         net (fo=6, routed)           0.171     0.747    core_inst_gen[2].u_engine_core/u_iv_top/gen_init_guess.u_init_guess_n_21
    SLICE_X152Y136       FDRE                                         r  core_inst_gen[2].u_engine_core/u_iv_top/ingress_q_tids_reg[18][1]/CE
  -------------------------------------------------------------------    -------------------

                         (clock aclk rise edge)       0.000     0.000 r  
                                                      0.000     0.000 r  aclk (IN)
                         net (fo=138870, unset)       0.889     0.889    core_inst_gen[2].u_engine_core/u_iv_top/aclk
    SLICE_X152Y136       FDRE                                         r  core_inst_gen[2].u_engine_core/u_iv_top/ingress_q_tids_reg[18][1]/C

Slack:                    inf
  Source:                 aresetn
                            (input port)
  Destination:            core_inst_gen[2].u_engine_core/u_iv_top/ingress_q_tids_reg[18][3]/CE
                            (rising edge-triggered cell FDRE clocked by aclk  {rise@0.000ns fall@5.000ns period=10.000ns})
  Path Group:             (none)
  Path Type:              Hold (Min at Fast Process Corner)
  Data Path Delay:        0.747ns  (logic 0.090ns (12.044%)  route 0.657ns (87.956%))
  Logic Levels:           2  (LUT3=1 LUT6=1)
  Clock Path Skew:        0.889ns (DCD - SCD - CPR)
    Destination Clock Delay (DCD):    0.889ns
    Source Clock Delay      (SCD):    0.000ns
    Clock Pessimism Removal (CPR):    -0.000ns
  Timing Exception:       False Path

    Location             Delay type                Incr(ns)  Path(ns)    Netlist Resource(s)
  -------------------------------------------------------------------    -------------------
                                                      0.000     0.000 r  aresetn (IN)
                         net (fo=16, unset)           0.411     0.411    core_inst_gen[2].u_engine_core/u_iv_top/gen_init_guess.u_init_guess/aresetn
    SLICE_X151Y138       LUT3 (Prop_lut3_I1_O)        0.045     0.456 f  core_inst_gen[2].u_engine_core/u_iv_top/gen_init_guess.u_init_guess/ingress_q_tids[31][5]_i_2__1/O
                         net (fo=32, routed)          0.075     0.531    core_inst_gen[2].u_engine_core/u_iv_top/gen_init_guess.u_init_guess/ingress_q_tids[31][5]_i_2__1_n_0
    SLICE_X151Y138       LUT6 (Prop_lut6_I5_O)        0.045     0.576 r  core_inst_gen[2].u_engine_core/u_iv_top/gen_init_guess.u_init_guess/ingress_q_tids[18][5]_i_1__1/O
                         net (fo=6, routed)           0.171     0.747    core_inst_gen[2].u_engine_core/u_iv_top/gen_init_guess.u_init_guess_n_21
    SLICE_X152Y136       FDRE                                         r  core_inst_gen[2].u_engine_core/u_iv_top/ingress_q_tids_reg[18][3]/CE
  -------------------------------------------------------------------    -------------------

                         (clock aclk rise edge)       0.000     0.000 r  
                                                      0.000     0.000 r  aclk (IN)
                         net (fo=138870, unset)       0.889     0.889    core_inst_gen[2].u_engine_core/u_iv_top/aclk
    SLICE_X152Y136       FDRE                                         r  core_inst_gen[2].u_engine_core/u_iv_top/ingress_q_tids_reg[18][3]/C

Slack:                    inf
  Source:                 aresetn
                            (input port)
  Destination:            core_inst_gen[2].u_engine_core/u_iv_top/ingress_q_tids_reg[18][4]/CE
                            (rising edge-triggered cell FDRE clocked by aclk  {rise@0.000ns fall@5.000ns period=10.000ns})
  Path Group:             (none)
  Path Type:              Hold (Min at Fast Process Corner)
  Data Path Delay:        0.747ns  (logic 0.090ns (12.044%)  route 0.657ns (87.956%))
  Logic Levels:           2  (LUT3=1 LUT6=1)
  Clock Path Skew:        0.889ns (DCD - SCD - CPR)
    Destination Clock Delay (DCD):    0.889ns
    Source Clock Delay      (SCD):    0.000ns
    Clock Pessimism Removal (CPR):    -0.000ns
  Timing Exception:       False Path

    Location             Delay type                Incr(ns)  Path(ns)    Netlist Resource(s)
  -------------------------------------------------------------------    -------------------
                                                      0.000     0.000 r  aresetn (IN)
                         net (fo=16, unset)           0.411     0.411    core_inst_gen[2].u_engine_core/u_iv_top/gen_init_guess.u_init_guess/aresetn
    SLICE_X151Y138       LUT3 (Prop_lut3_I1_O)        0.045     0.456 f  core_inst_gen[2].u_engine_core/u_iv_top/gen_init_guess.u_init_guess/ingress_q_tids[31][5]_i_2__1/O
                         net (fo=32, routed)          0.075     0.531    core_inst_gen[2].u_engine_core/u_iv_top/gen_init_guess.u_init_guess/ingress_q_tids[31][5]_i_2__1_n_0
    SLICE_X151Y138       LUT6 (Prop_lut6_I5_O)        0.045     0.576 r  core_inst_gen[2].u_engine_core/u_iv_top/gen_init_guess.u_init_guess/ingress_q_tids[18][5]_i_1__1/O
                         net (fo=6, routed)           0.171     0.747    core_inst_gen[2].u_engine_core/u_iv_top/gen_init_guess.u_init_guess_n_21
    SLICE_X152Y136       FDRE                                         r  core_inst_gen[2].u_engine_core/u_iv_top/ingress_q_tids_reg[18][4]/CE
  -------------------------------------------------------------------    -------------------

                         (clock aclk rise edge)       0.000     0.000 r  
                                                      0.000     0.000 r  aclk (IN)
                         net (fo=138870, unset)       0.889     0.889    core_inst_gen[2].u_engine_core/u_iv_top/aclk
    SLICE_X152Y136       FDRE                                         r  core_inst_gen[2].u_engine_core/u_iv_top/ingress_q_tids_reg[18][4]/C

Slack:                    inf
  Source:                 aresetn
                            (input port)
  Destination:            core_inst_gen[2].u_engine_core/u_iv_top/ingress_q_tids_reg[20][0]/CE
                            (rising edge-triggered cell FDRE clocked by aclk  {rise@0.000ns fall@5.000ns period=10.000ns})
  Path Group:             (none)
  Path Type:              Hold (Min at Fast Process Corner)
  Data Path Delay:        0.764ns  (logic 0.090ns (11.782%)  route 0.674ns (88.218%))
  Logic Levels:           2  (LUT3=1 LUT6=1)
  Clock Path Skew:        0.892ns (DCD - SCD - CPR)
    Destination Clock Delay (DCD):    0.892ns
    Source Clock Delay      (SCD):    0.000ns
    Clock Pessimism Removal (CPR):    -0.000ns
  Timing Exception:       False Path

    Location             Delay type                Incr(ns)  Path(ns)    Netlist Resource(s)
  -------------------------------------------------------------------    -------------------
                                                      0.000     0.000 r  aresetn (IN)
                         net (fo=16, unset)           0.411     0.411    core_inst_gen[2].u_engine_core/u_iv_top/gen_init_guess.u_init_guess/aresetn
    SLICE_X151Y138       LUT3 (Prop_lut3_I1_O)        0.045     0.456 f  core_inst_gen[2].u_engine_core/u_iv_top/gen_init_guess.u_init_guess/ingress_q_tids[31][5]_i_2__1/O
                         net (fo=32, routed)          0.078     0.534    core_inst_gen[2].u_engine_core/u_iv_top/gen_init_guess.u_init_guess/ingress_q_tids[31][5]_i_2__1_n_0
    SLICE_X151Y138       LUT6 (Prop_lut6_I5_O)        0.045     0.579 r  core_inst_gen[2].u_engine_core/u_iv_top/gen_init_guess.u_init_guess/ingress_q_tids[20][5]_i_1__1/O
                         net (fo=6, routed)           0.185     0.764    core_inst_gen[2].u_engine_core/u_iv_top/gen_init_guess.u_init_guess_n_23
    SLICE_X154Y138       FDRE                                         r  core_inst_gen[2].u_engine_core/u_iv_top/ingress_q_tids_reg[20][0]/CE
  -------------------------------------------------------------------    -------------------

                         (clock aclk rise edge)       0.000     0.000 r  
                                                      0.000     0.000 r  aclk (IN)
                         net (fo=138870, unset)       0.892     0.892    core_inst_gen[2].u_engine_core/u_iv_top/aclk
    SLICE_X154Y138       FDRE                                         r  core_inst_gen[2].u_engine_core/u_iv_top/ingress_q_tids_reg[20][0]/C

Slack:                    inf
  Source:                 aresetn
                            (input port)
  Destination:            core_inst_gen[2].u_engine_core/u_iv_top/ingress_q_tids_reg[20][1]/CE
                            (rising edge-triggered cell FDRE clocked by aclk  {rise@0.000ns fall@5.000ns period=10.000ns})
  Path Group:             (none)
  Path Type:              Hold (Min at Fast Process Corner)
  Data Path Delay:        0.764ns  (logic 0.090ns (11.782%)  route 0.674ns (88.218%))
  Logic Levels:           2  (LUT3=1 LUT6=1)
  Clock Path Skew:        0.892ns (DCD - SCD - CPR)
    Destination Clock Delay (DCD):    0.892ns
    Source Clock Delay      (SCD):    0.000ns
    Clock Pessimism Removal (CPR):    -0.000ns
  Timing Exception:       False Path

    Location             Delay type                Incr(ns)  Path(ns)    Netlist Resource(s)
  -------------------------------------------------------------------    -------------------
                                                      0.000     0.000 r  aresetn (IN)
                         net (fo=16, unset)           0.411     0.411    core_inst_gen[2].u_engine_core/u_iv_top/gen_init_guess.u_init_guess/aresetn
    SLICE_X151Y138       LUT3 (Prop_lut3_I1_O)        0.045     0.456 f  core_inst_gen[2].u_engine_core/u_iv_top/gen_init_guess.u_init_guess/ingress_q_tids[31][5]_i_2__1/O
                         net (fo=32, routed)          0.078     0.534    core_inst_gen[2].u_engine_core/u_iv_top/gen_init_guess.u_init_guess/ingress_q_tids[31][5]_i_2__1_n_0
    SLICE_X151Y138       LUT6 (Prop_lut6_I5_O)        0.045     0.579 r  core_inst_gen[2].u_engine_core/u_iv_top/gen_init_guess.u_init_guess/ingress_q_tids[20][5]_i_1__1/O
                         net (fo=6, routed)           0.185     0.764    core_inst_gen[2].u_engine_core/u_iv_top/gen_init_guess.u_init_guess_n_23
    SLICE_X154Y138       FDRE                                         r  core_inst_gen[2].u_engine_core/u_iv_top/ingress_q_tids_reg[20][1]/CE
  -------------------------------------------------------------------    -------------------

                         (clock aclk rise edge)       0.000     0.000 r  
                                                      0.000     0.000 r  aclk (IN)
                         net (fo=138870, unset)       0.892     0.892    core_inst_gen[2].u_engine_core/u_iv_top/aclk
    SLICE_X154Y138       FDRE                                         r  core_inst_gen[2].u_engine_core/u_iv_top/ingress_q_tids_reg[20][1]/C

Slack:                    inf
  Source:                 aresetn
                            (input port)
  Destination:            core_inst_gen[2].u_engine_core/u_iv_top/ingress_q_tids_reg[20][2]/CE
                            (rising edge-triggered cell FDRE clocked by aclk  {rise@0.000ns fall@5.000ns period=10.000ns})
  Path Group:             (none)
  Path Type:              Hold (Min at Fast Process Corner)
  Data Path Delay:        0.764ns  (logic 0.090ns (11.782%)  route 0.674ns (88.218%))
  Logic Levels:           2  (LUT3=1 LUT6=1)
  Clock Path Skew:        0.892ns (DCD - SCD - CPR)
    Destination Clock Delay (DCD):    0.892ns
    Source Clock Delay      (SCD):    0.000ns
    Clock Pessimism Removal (CPR):    -0.000ns
  Timing Exception:       False Path

    Location             Delay type                Incr(ns)  Path(ns)    Netlist Resource(s)
  -------------------------------------------------------------------    -------------------
                                                      0.000     0.000 r  aresetn (IN)
                         net (fo=16, unset)           0.411     0.411    core_inst_gen[2].u_engine_core/u_iv_top/gen_init_guess.u_init_guess/aresetn
    SLICE_X151Y138       LUT3 (Prop_lut3_I1_O)        0.045     0.456 f  core_inst_gen[2].u_engine_core/u_iv_top/gen_init_guess.u_init_guess/ingress_q_tids[31][5]_i_2__1/O
                         net (fo=32, routed)          0.078     0.534    core_inst_gen[2].u_engine_core/u_iv_top/gen_init_guess.u_init_guess/ingress_q_tids[31][5]_i_2__1_n_0
    SLICE_X151Y138       LUT6 (Prop_lut6_I5_O)        0.045     0.579 r  core_inst_gen[2].u_engine_core/u_iv_top/gen_init_guess.u_init_guess/ingress_q_tids[20][5]_i_1__1/O
                         net (fo=6, routed)           0.185     0.764    core_inst_gen[2].u_engine_core/u_iv_top/gen_init_guess.u_init_guess_n_23
    SLICE_X154Y138       FDRE                                         r  core_inst_gen[2].u_engine_core/u_iv_top/ingress_q_tids_reg[20][2]/CE
  -------------------------------------------------------------------    -------------------

                         (clock aclk rise edge)       0.000     0.000 r  
                                                      0.000     0.000 r  aclk (IN)
                         net (fo=138870, unset)       0.892     0.892    core_inst_gen[2].u_engine_core/u_iv_top/aclk
    SLICE_X154Y138       FDRE                                         r  core_inst_gen[2].u_engine_core/u_iv_top/ingress_q_tids_reg[20][2]/C

Slack:                    inf
  Source:                 aresetn
                            (input port)
  Destination:            core_inst_gen[2].u_engine_core/u_iv_top/ingress_q_tids_reg[20][4]/CE
                            (rising edge-triggered cell FDRE clocked by aclk  {rise@0.000ns fall@5.000ns period=10.000ns})
  Path Group:             (none)
  Path Type:              Hold (Min at Fast Process Corner)
  Data Path Delay:        0.764ns  (logic 0.090ns (11.782%)  route 0.674ns (88.218%))
  Logic Levels:           2  (LUT3=1 LUT6=1)
  Clock Path Skew:        0.892ns (DCD - SCD - CPR)
    Destination Clock Delay (DCD):    0.892ns
    Source Clock Delay      (SCD):    0.000ns
    Clock Pessimism Removal (CPR):    -0.000ns
  Timing Exception:       False Path

    Location             Delay type                Incr(ns)  Path(ns)    Netlist Resource(s)
  -------------------------------------------------------------------    -------------------
                                                      0.000     0.000 r  aresetn (IN)
                         net (fo=16, unset)           0.411     0.411    core_inst_gen[2].u_engine_core/u_iv_top/gen_init_guess.u_init_guess/aresetn
    SLICE_X151Y138       LUT3 (Prop_lut3_I1_O)        0.045     0.456 f  core_inst_gen[2].u_engine_core/u_iv_top/gen_init_guess.u_init_guess/ingress_q_tids[31][5]_i_2__1/O
                         net (fo=32, routed)          0.078     0.534    core_inst_gen[2].u_engine_core/u_iv_top/gen_init_guess.u_init_guess/ingress_q_tids[31][5]_i_2__1_n_0
    SLICE_X151Y138       LUT6 (Prop_lut6_I5_O)        0.045     0.579 r  core_inst_gen[2].u_engine_core/u_iv_top/gen_init_guess.u_init_guess/ingress_q_tids[20][5]_i_1__1/O
                         net (fo=6, routed)           0.185     0.764    core_inst_gen[2].u_engine_core/u_iv_top/gen_init_guess.u_init_guess_n_23
    SLICE_X154Y138       FDRE                                         r  core_inst_gen[2].u_engine_core/u_iv_top/ingress_q_tids_reg[20][4]/CE
  -------------------------------------------------------------------    -------------------

                         (clock aclk rise edge)       0.000     0.000 r  
                                                      0.000     0.000 r  aclk (IN)
                         net (fo=138870, unset)       0.892     0.892    core_inst_gen[2].u_engine_core/u_iv_top/aclk
    SLICE_X154Y138       FDRE                                         r  core_inst_gen[2].u_engine_core/u_iv_top/ingress_q_tids_reg[20][4]/C

Slack:                    inf
  Source:                 aresetn
                            (input port)
  Destination:            core_inst_gen[2].u_engine_core/u_iv_top/ingress_q_tids_reg[20][5]/CE
                            (rising edge-triggered cell FDRE clocked by aclk  {rise@0.000ns fall@5.000ns period=10.000ns})
  Path Group:             (none)
  Path Type:              Hold (Min at Fast Process Corner)
  Data Path Delay:        0.764ns  (logic 0.090ns (11.782%)  route 0.674ns (88.218%))
  Logic Levels:           2  (LUT3=1 LUT6=1)
  Clock Path Skew:        0.892ns (DCD - SCD - CPR)
    Destination Clock Delay (DCD):    0.892ns
    Source Clock Delay      (SCD):    0.000ns
    Clock Pessimism Removal (CPR):    -0.000ns
  Timing Exception:       False Path

    Location             Delay type                Incr(ns)  Path(ns)    Netlist Resource(s)
  -------------------------------------------------------------------    -------------------
                                                      0.000     0.000 r  aresetn (IN)
                         net (fo=16, unset)           0.411     0.411    core_inst_gen[2].u_engine_core/u_iv_top/gen_init_guess.u_init_guess/aresetn
    SLICE_X151Y138       LUT3 (Prop_lut3_I1_O)        0.045     0.456 f  core_inst_gen[2].u_engine_core/u_iv_top/gen_init_guess.u_init_guess/ingress_q_tids[31][5]_i_2__1/O
                         net (fo=32, routed)          0.078     0.534    core_inst_gen[2].u_engine_core/u_iv_top/gen_init_guess.u_init_guess/ingress_q_tids[31][5]_i_2__1_n_0
    SLICE_X151Y138       LUT6 (Prop_lut6_I5_O)        0.045     0.579 r  core_inst_gen[2].u_engine_core/u_iv_top/gen_init_guess.u_init_guess/ingress_q_tids[20][5]_i_1__1/O
                         net (fo=6, routed)           0.185     0.764    core_inst_gen[2].u_engine_core/u_iv_top/gen_init_guess.u_init_guess_n_23
    SLICE_X154Y138       FDRE                                         r  core_inst_gen[2].u_engine_core/u_iv_top/ingress_q_tids_reg[20][5]/CE
  -------------------------------------------------------------------    -------------------

                         (clock aclk rise edge)       0.000     0.000 r  
                                                      0.000     0.000 r  aclk (IN)
                         net (fo=138870, unset)       0.892     0.892    core_inst_gen[2].u_engine_core/u_iv_top/aclk
    SLICE_X154Y138       FDRE                                         r  core_inst_gen[2].u_engine_core/u_iv_top/ingress_q_tids_reg[20][5]/C





--------------------------------------------------------------------------------------
Path Group:  (none)
From Clock:  
  To Clock:  

Max Delay             1 Endpoint
Min Delay             1 Endpoint
--------------------------------------------------------------------------------------


Max Delay Paths
--------------------------------------------------------------------------------------
Slack:                    inf
  Source:                 s_axis_tdata[160]
                            (input port)
  Destination:            s_axis_tready
                            (output port)
  Path Group:             (none)
  Path Type:              Max at Slow Process Corner
  Data Path Delay:        5.788ns  (logic 0.891ns (15.394%)  route 4.897ns (84.606%))
  Logic Levels:           7  (LUT4=1 LUT5=1 LUT6=3 MUXF7=1 MUXF8=1)

    Location             Delay type                Incr(ns)  Path(ns)    Netlist Resource(s)
  -------------------------------------------------------------------    -------------------
                                                      0.000     0.000 r  s_axis_tdata[160] (IN)
                         net (fo=101, unset)          0.704     0.704    core_inst_gen[2].u_engine_core/u_iv_top/cordic_inst/s_axis_tdata[97]
    SLICE_X122Y141       LUT6 (Prop_lut6_I4_O)        0.097     0.801 f  core_inst_gen[2].u_engine_core/u_iv_top/cordic_inst/s_axis_tready_INST_0_i_98/O
                         net (fo=1, routed)           0.000     0.801    core_inst_gen[2].u_engine_core/u_iv_top/cordic_inst/s_axis_tready_INST_0_i_98_n_0
    SLICE_X122Y141       MUXF7 (Prop_muxf7_I1_O)      0.188     0.989 f  core_inst_gen[2].u_engine_core/u_iv_top/cordic_inst/s_axis_tready_INST_0_i_55/O
                         net (fo=1, routed)           0.000     0.989    core_inst_gen[2].u_engine_core/u_iv_top/cordic_inst/s_axis_tready_INST_0_i_55_n_0
    SLICE_X122Y141       MUXF8 (Prop_muxf8_I0_O)      0.076     1.065 f  core_inst_gen[2].u_engine_core/u_iv_top/cordic_inst/s_axis_tready_INST_0_i_31/O
                         net (fo=1, routed)           0.704     1.769    core_inst_gen[2].u_engine_core/u_iv_top/cordic_inst/s_axis_tready_INST_0_i_31_n_0
    SLICE_X122Y138       LUT6 (Prop_lut6_I1_O)        0.239     2.008 f  core_inst_gen[2].u_engine_core/u_iv_top/cordic_inst/s_axis_tready_INST_0_i_15/O
                         net (fo=1, routed)           0.705     2.713    core_inst_gen[2].u_engine_core/u_iv_top/u_arb_fsm/ctx_T_reg
    SLICE_X110Y148       LUT5 (Prop_lut5_I3_O)        0.097     2.810 f  core_inst_gen[2].u_engine_core/u_iv_top/u_arb_fsm/s_axis_tready_INST_0_i_6/O
                         net (fo=2, routed)           0.768     3.578    core_inst_gen[2].u_engine_core/u_iv_top/u_arb_fsm/iv_fifo_full
    SLICE_X101Y159       LUT4 (Prop_lut4_I2_O)        0.097     3.675 r  core_inst_gen[2].u_engine_core/u_iv_top/u_arb_fsm/s_axis_tready_INST_0_i_2/O
                         net (fo=1, routed)           1.312     4.987    core_inst_gen[3].u_engine_core/u_iv_top/u_arb_fsm/s_axis_tready_0[2]
    SLICE_X83Y133        LUT6 (Prop_lut6_I4_O)        0.097     5.084 r  core_inst_gen[3].u_engine_core/u_iv_top/u_arb_fsm/iv_arbitration_3_LUT6_129/O
                         net (fo=1, unset)            0.704     5.788    s_axis_tready
                                                                      r  s_axis_tready (OUT)
  -------------------------------------------------------------------    -------------------





Min Delay Paths
--------------------------------------------------------------------------------------
Slack:                    inf
  Source:                 s_axis_tdata[164]
                            (input port)
  Destination:            s_axis_tready
                            (output port)
  Path Group:             (none)
  Path Type:              Min at Fast Process Corner
  Data Path Delay:        1.906ns  (logic 0.135ns (7.082%)  route 1.771ns (92.918%))
  Logic Levels:           3  (LUT3=1 LUT6=2)

    Location             Delay type                Incr(ns)  Path(ns)    Netlist Resource(s)
  -------------------------------------------------------------------    -------------------
                                                      0.000     0.000 r  s_axis_tdata[164] (IN)
                         net (fo=65, unset)           0.411     0.411    core_inst_gen[0].u_engine_core/u_iv_top/u_arb_fsm/s_axis_tdata[4]
    SLICE_X80Y142        LUT6 (Prop_lut6_I3_O)        0.045     0.456 r  core_inst_gen[0].u_engine_core/u_iv_top/u_arb_fsm/iv_arbitration__LUT6_2/O
                         net (fo=1, routed)           0.385     0.840    core_inst_gen[0].u_engine_core/u_iv_top/u_arb_fsm/iv_arbitration__net_2
    SLICE_X66Y147        LUT3 (Prop_lut3_I2_O)        0.045     0.885 r  core_inst_gen[0].u_engine_core/u_iv_top/u_arb_fsm/iv_arbitration__LUT3_6/O
                         net (fo=2, routed)           0.565     1.450    core_inst_gen[3].u_engine_core/u_iv_top/u_arb_fsm/s_axis_tready_0[0]
    SLICE_X83Y133        LUT6 (Prop_lut6_I2_O)        0.045     1.495 r  core_inst_gen[3].u_engine_core/u_iv_top/u_arb_fsm/iv_arbitration_3_LUT6_129/O
                         net (fo=1, unset)            0.411     1.906    s_axis_tready
                                                                      r  s_axis_tready (OUT)
  -------------------------------------------------------------------    -------------------





--------------------------------------------------------------------------------------
Path Group:  (none)
From Clock:  aclk
  To Clock:  

Max Delay           130 Endpoints
Min Delay           130 Endpoints
--------------------------------------------------------------------------------------


Max Delay Paths
--------------------------------------------------------------------------------------
Slack:                    inf
  Source:                 core_inst_gen[3].u_engine_core/m_axis_tvalid_reg_reg/C
                            (rising edge-triggered cell FDCE clocked by aclk  {rise@0.000ns fall@5.000ns period=10.000ns})
  Destination:            m_axis_tdata[75]
                            (output port)
  Path Group:             (none)
  Path Type:              Max at Slow Process Corner
  Data Path Delay:        10.357ns  (logic 0.535ns (5.166%)  route 9.822ns (94.834%))
  Logic Levels:           2  (LUT6=2)
  Clock Uncertainty:      0.025ns  ((TSJ^2 + TIJ^2)^1/2 + DJ) / 2 + PE
    Total System Jitter     (TSJ):    0.050ns
    Total Input Jitter      (TIJ):    0.000ns
    Discrete Jitter          (DJ):    0.000ns
    Phase Error              (PE):    0.000ns

    Location             Delay type                Incr(ns)  Path(ns)    Netlist Resource(s)
  -------------------------------------------------------------------    -------------------
                         (clock aclk rise edge)       0.000     0.000 r  
                                                      0.000     0.000 r  aclk (IN)
                         net (fo=138870, unset)       1.284     1.284    core_inst_gen[3].u_engine_core/aclk
    SLICE_X107Y135       FDCE                                         r  core_inst_gen[3].u_engine_core/m_axis_tvalid_reg_reg/C
  -------------------------------------------------------------------    -------------------
    SLICE_X107Y135       FDCE (Prop_fdce_C_Q)         0.341     1.625 f  core_inst_gen[3].u_engine_core/m_axis_tvalid_reg_reg/Q
                         net (fo=7, routed)           1.877     3.502    core_inst_gen[1].u_engine_core/m_axis_tvalid_reg_reg_0[2]
    SLICE_X87Y187        LUT6 (Prop_lut6_I2_O)        0.097     3.599 r  core_inst_gen[1].u_engine_core/iv_axis_wrapper1_LUT6_1/O
                         net (fo=133, routed)         7.242    10.840    core_inst_gen[1].u_engine_core/iv_axis_wrapper1_net_4
    SLICE_X114Y231       LUT6 (Prop_lut6_I5_O)        0.097    10.937 r  core_inst_gen[1].u_engine_core/iv_axis_wrapper1_LUT6_101/O
                         net (fo=0)                   0.704    11.641    m_axis_tdata[75]
                                                                      r  m_axis_tdata[75] (OUT)
  -------------------------------------------------------------------    -------------------

Slack:                    inf
  Source:                 core_inst_gen[3].u_engine_core/m_axis_tvalid_reg_reg/C
                            (rising edge-triggered cell FDCE clocked by aclk  {rise@0.000ns fall@5.000ns period=10.000ns})
  Destination:            m_axis_tdata[87]
                            (output port)
  Path Group:             (none)
  Path Type:              Max at Slow Process Corner
  Data Path Delay:        10.355ns  (logic 0.535ns (5.167%)  route 9.820ns (94.833%))
  Logic Levels:           2  (LUT6=2)
  Clock Uncertainty:      0.025ns  ((TSJ^2 + TIJ^2)^1/2 + DJ) / 2 + PE
    Total System Jitter     (TSJ):    0.050ns
    Total Input Jitter      (TIJ):    0.000ns
    Discrete Jitter          (DJ):    0.000ns
    Phase Error              (PE):    0.000ns

    Location             Delay type                Incr(ns)  Path(ns)    Netlist Resource(s)
  -------------------------------------------------------------------    -------------------
                         (clock aclk rise edge)       0.000     0.000 r  
                                                      0.000     0.000 r  aclk (IN)
                         net (fo=138870, unset)       1.284     1.284    core_inst_gen[3].u_engine_core/aclk
    SLICE_X107Y135       FDCE                                         r  core_inst_gen[3].u_engine_core/m_axis_tvalid_reg_reg/C
  -------------------------------------------------------------------    -------------------
    SLICE_X107Y135       FDCE (Prop_fdce_C_Q)         0.341     1.625 f  core_inst_gen[3].u_engine_core/m_axis_tvalid_reg_reg/Q
                         net (fo=7, routed)           1.877     3.502    core_inst_gen[1].u_engine_core/m_axis_tvalid_reg_reg_0[2]
    SLICE_X87Y187        LUT6 (Prop_lut6_I2_O)        0.097     3.599 r  core_inst_gen[1].u_engine_core/iv_axis_wrapper1_LUT6_1/O
                         net (fo=133, routed)         7.239    10.838    core_inst_gen[1].u_engine_core/iv_axis_wrapper1_net_4
    SLICE_X114Y231       LUT6 (Prop_lut6_I5_O)        0.097    10.935 r  core_inst_gen[1].u_engine_core/iv_axis_wrapper1_LUT6_114/O
                         net (fo=0)                   0.704    11.639    m_axis_tdata[87]
                                                                      r  m_axis_tdata[87] (OUT)
  -------------------------------------------------------------------    -------------------

Slack:                    inf
  Source:                 core_inst_gen[3].u_engine_core/m_axis_tvalid_reg_reg/C
                            (rising edge-triggered cell FDCE clocked by aclk  {rise@0.000ns fall@5.000ns period=10.000ns})
  Destination:            m_axis_tdata[49]
                            (output port)
  Path Group:             (none)
  Path Type:              Max at Slow Process Corner
  Data Path Delay:        10.067ns  (logic 0.535ns (5.314%)  route 9.532ns (94.686%))
  Logic Levels:           2  (LUT6=2)
  Clock Uncertainty:      0.025ns  ((TSJ^2 + TIJ^2)^1/2 + DJ) / 2 + PE
    Total System Jitter     (TSJ):    0.050ns
    Total Input Jitter      (TIJ):    0.000ns
    Discrete Jitter          (DJ):    0.000ns
    Phase Error              (PE):    0.000ns

    Location             Delay type                Incr(ns)  Path(ns)    Netlist Resource(s)
  -------------------------------------------------------------------    -------------------
                         (clock aclk rise edge)       0.000     0.000 r  
                                                      0.000     0.000 r  aclk (IN)
                         net (fo=138870, unset)       1.284     1.284    core_inst_gen[3].u_engine_core/aclk
    SLICE_X107Y135       FDCE                                         r  core_inst_gen[3].u_engine_core/m_axis_tvalid_reg_reg/C
  -------------------------------------------------------------------    -------------------
    SLICE_X107Y135       FDCE (Prop_fdce_C_Q)         0.341     1.625 f  core_inst_gen[3].u_engine_core/m_axis_tvalid_reg_reg/Q
                         net (fo=7, routed)           1.877     3.502    core_inst_gen[1].u_engine_core/m_axis_tvalid_reg_reg_0[2]
    SLICE_X87Y187        LUT6 (Prop_lut6_I2_O)        0.097     3.599 r  core_inst_gen[1].u_engine_core/iv_axis_wrapper1_LUT6_1/O
                         net (fo=133, routed)         6.952    10.550    core_inst_gen[1].u_engine_core/iv_axis_wrapper1_net_4
    SLICE_X114Y223       LUT6 (Prop_lut6_I5_O)        0.097    10.647 r  core_inst_gen[1].u_engine_core/iv_axis_wrapper1_LUT6_73/O
                         net (fo=0)                   0.704    11.351    m_axis_tdata[49]
                                                                      r  m_axis_tdata[49] (OUT)
  -------------------------------------------------------------------    -------------------

Slack:                    inf
  Source:                 core_inst_gen[3].u_engine_core/m_axis_tvalid_reg_reg/C
                            (rising edge-triggered cell FDCE clocked by aclk  {rise@0.000ns fall@5.000ns period=10.000ns})
  Destination:            m_axis_tdata[57]
                            (output port)
  Path Group:             (none)
  Path Type:              Max at Slow Process Corner
  Data Path Delay:        9.954ns  (logic 0.535ns (5.375%)  route 9.419ns (94.625%))
  Logic Levels:           2  (LUT6=2)
  Clock Uncertainty:      0.025ns  ((TSJ^2 + TIJ^2)^1/2 + DJ) / 2 + PE
    Total System Jitter     (TSJ):    0.050ns
    Total Input Jitter      (TIJ):    0.000ns
    Discrete Jitter          (DJ):    0.000ns
    Phase Error              (PE):    0.000ns

    Location             Delay type                Incr(ns)  Path(ns)    Netlist Resource(s)
  -------------------------------------------------------------------    -------------------
                         (clock aclk rise edge)       0.000     0.000 r  
                                                      0.000     0.000 r  aclk (IN)
                         net (fo=138870, unset)       1.284     1.284    core_inst_gen[3].u_engine_core/aclk
    SLICE_X107Y135       FDCE                                         r  core_inst_gen[3].u_engine_core/m_axis_tvalid_reg_reg/C
  -------------------------------------------------------------------    -------------------
    SLICE_X107Y135       FDCE (Prop_fdce_C_Q)         0.341     1.625 f  core_inst_gen[3].u_engine_core/m_axis_tvalid_reg_reg/Q
                         net (fo=7, routed)           1.877     3.502    core_inst_gen[1].u_engine_core/m_axis_tvalid_reg_reg_0[2]
    SLICE_X87Y187        LUT6 (Prop_lut6_I2_O)        0.097     3.599 r  core_inst_gen[1].u_engine_core/iv_axis_wrapper1_LUT6_1/O
                         net (fo=133, routed)         6.838    10.437    core_inst_gen[1].u_engine_core/iv_axis_wrapper1_net_4
    SLICE_X114Y219       LUT6 (Prop_lut6_I5_O)        0.097    10.534 r  core_inst_gen[1].u_engine_core/iv_axis_wrapper1_LUT6_82/O
                         net (fo=0)                   0.704    11.238    m_axis_tdata[57]
                                                                      r  m_axis_tdata[57] (OUT)
  -------------------------------------------------------------------    -------------------

Slack:                    inf
  Source:                 core_inst_gen[3].u_engine_core/m_axis_tvalid_reg_reg/C
                            (rising edge-triggered cell FDCE clocked by aclk  {rise@0.000ns fall@5.000ns period=10.000ns})
  Destination:            m_axis_tdata[41]
                            (output port)
  Path Group:             (none)
  Path Type:              Max at Slow Process Corner
  Data Path Delay:        9.947ns  (logic 0.535ns (5.378%)  route 9.412ns (94.622%))
  Logic Levels:           2  (LUT6=2)
  Clock Uncertainty:      0.025ns  ((TSJ^2 + TIJ^2)^1/2 + DJ) / 2 + PE
    Total System Jitter     (TSJ):    0.050ns
    Total Input Jitter      (TIJ):    0.000ns
    Discrete Jitter          (DJ):    0.000ns
    Phase Error              (PE):    0.000ns

    Location             Delay type                Incr(ns)  Path(ns)    Netlist Resource(s)
  -------------------------------------------------------------------    -------------------
                         (clock aclk rise edge)       0.000     0.000 r  
                                                      0.000     0.000 r  aclk (IN)
                         net (fo=138870, unset)       1.284     1.284    core_inst_gen[3].u_engine_core/aclk
    SLICE_X107Y135       FDCE                                         r  core_inst_gen[3].u_engine_core/m_axis_tvalid_reg_reg/C
  -------------------------------------------------------------------    -------------------
    SLICE_X107Y135       FDCE (Prop_fdce_C_Q)         0.341     1.625 f  core_inst_gen[3].u_engine_core/m_axis_tvalid_reg_reg/Q
                         net (fo=7, routed)           1.877     3.502    core_inst_gen[1].u_engine_core/m_axis_tvalid_reg_reg_0[2]
    SLICE_X87Y187        LUT6 (Prop_lut6_I2_O)        0.097     3.599 r  core_inst_gen[1].u_engine_core/iv_axis_wrapper1_LUT6_1/O
                         net (fo=133, routed)         6.831    10.430    core_inst_gen[1].u_engine_core/iv_axis_wrapper1_net_4
    SLICE_X114Y219       LUT6 (Prop_lut6_I5_O)        0.097    10.527 r  core_inst_gen[1].u_engine_core/iv_axis_wrapper1_LUT6_65/O
                         net (fo=0)                   0.704    11.231    m_axis_tdata[41]
                                                                      r  m_axis_tdata[41] (OUT)
  -------------------------------------------------------------------    -------------------

Slack:                    inf
  Source:                 core_inst_gen[3].u_engine_core/m_axis_tvalid_reg_reg/C
                            (rising edge-triggered cell FDCE clocked by aclk  {rise@0.000ns fall@5.000ns period=10.000ns})
  Destination:            m_axis_tdata[76]
                            (output port)
  Path Group:             (none)
  Path Type:              Max at Slow Process Corner
  Data Path Delay:        9.702ns  (logic 0.535ns (5.514%)  route 9.167ns (94.486%))
  Logic Levels:           2  (LUT6=2)
  Clock Uncertainty:      0.025ns  ((TSJ^2 + TIJ^2)^1/2 + DJ) / 2 + PE
    Total System Jitter     (TSJ):    0.050ns
    Total Input Jitter      (TIJ):    0.000ns
    Discrete Jitter          (DJ):    0.000ns
    Phase Error              (PE):    0.000ns

    Location             Delay type                Incr(ns)  Path(ns)    Netlist Resource(s)
  -------------------------------------------------------------------    -------------------
                         (clock aclk rise edge)       0.000     0.000 r  
                                                      0.000     0.000 r  aclk (IN)
                         net (fo=138870, unset)       1.284     1.284    core_inst_gen[3].u_engine_core/aclk
    SLICE_X107Y135       FDCE                                         r  core_inst_gen[3].u_engine_core/m_axis_tvalid_reg_reg/C
  -------------------------------------------------------------------    -------------------
    SLICE_X107Y135       FDCE (Prop_fdce_C_Q)         0.341     1.625 f  core_inst_gen[3].u_engine_core/m_axis_tvalid_reg_reg/Q
                         net (fo=7, routed)           1.877     3.502    core_inst_gen[1].u_engine_core/m_axis_tvalid_reg_reg_0[2]
    SLICE_X87Y187        LUT6 (Prop_lut6_I2_O)        0.097     3.599 r  core_inst_gen[1].u_engine_core/iv_axis_wrapper1_LUT6_1/O
                         net (fo=133, routed)         6.587    10.185    core_inst_gen[1].u_engine_core/iv_axis_wrapper1_net_4
    SLICE_X114Y220       LUT6 (Prop_lut6_I5_O)        0.097    10.282 r  core_inst_gen[1].u_engine_core/iv_axis_wrapper1_LUT6_102/O
                         net (fo=0)                   0.704    10.986    m_axis_tdata[76]
                                                                      r  m_axis_tdata[76] (OUT)
  -------------------------------------------------------------------    -------------------

Slack:                    inf
  Source:                 core_inst_gen[3].u_engine_core/m_axis_tvalid_reg_reg/C
                            (rising edge-triggered cell FDCE clocked by aclk  {rise@0.000ns fall@5.000ns period=10.000ns})
  Destination:            m_axis_tdata[43]
                            (output port)
  Path Group:             (none)
  Path Type:              Max at Slow Process Corner
  Data Path Delay:        9.579ns  (logic 0.535ns (5.585%)  route 9.044ns (94.415%))
  Logic Levels:           2  (LUT6=2)
  Clock Uncertainty:      0.025ns  ((TSJ^2 + TIJ^2)^1/2 + DJ) / 2 + PE
    Total System Jitter     (TSJ):    0.050ns
    Total Input Jitter      (TIJ):    0.000ns
    Discrete Jitter          (DJ):    0.000ns
    Phase Error              (PE):    0.000ns

    Location             Delay type                Incr(ns)  Path(ns)    Netlist Resource(s)
  -------------------------------------------------------------------    -------------------
                         (clock aclk rise edge)       0.000     0.000 r  
                                                      0.000     0.000 r  aclk (IN)
                         net (fo=138870, unset)       1.284     1.284    core_inst_gen[3].u_engine_core/aclk
    SLICE_X107Y135       FDCE                                         r  core_inst_gen[3].u_engine_core/m_axis_tvalid_reg_reg/C
  -------------------------------------------------------------------    -------------------
    SLICE_X107Y135       FDCE (Prop_fdce_C_Q)         0.341     1.625 f  core_inst_gen[3].u_engine_core/m_axis_tvalid_reg_reg/Q
                         net (fo=7, routed)           1.877     3.502    core_inst_gen[1].u_engine_core/m_axis_tvalid_reg_reg_0[2]
    SLICE_X87Y187        LUT6 (Prop_lut6_I2_O)        0.097     3.599 r  core_inst_gen[1].u_engine_core/iv_axis_wrapper1_LUT6_1/O
                         net (fo=133, routed)         6.463    10.062    core_inst_gen[1].u_engine_core/iv_axis_wrapper1_net_4
    SLICE_X114Y218       LUT6 (Prop_lut6_I5_O)        0.097    10.159 r  core_inst_gen[1].u_engine_core/iv_axis_wrapper1_LUT6_67/O
                         net (fo=0)                   0.704    10.863    m_axis_tdata[43]
                                                                      r  m_axis_tdata[43] (OUT)
  -------------------------------------------------------------------    -------------------

Slack:                    inf
  Source:                 core_inst_gen[3].u_engine_core/m_axis_tvalid_reg_reg/C
                            (rising edge-triggered cell FDCE clocked by aclk  {rise@0.000ns fall@5.000ns period=10.000ns})
  Destination:            m_axis_tdata[60]
                            (output port)
  Path Group:             (none)
  Path Type:              Max at Slow Process Corner
  Data Path Delay:        9.514ns  (logic 0.535ns (5.623%)  route 8.979ns (94.377%))
  Logic Levels:           2  (LUT6=2)
  Clock Uncertainty:      0.025ns  ((TSJ^2 + TIJ^2)^1/2 + DJ) / 2 + PE
    Total System Jitter     (TSJ):    0.050ns
    Total Input Jitter      (TIJ):    0.000ns
    Discrete Jitter          (DJ):    0.000ns
    Phase Error              (PE):    0.000ns

    Location             Delay type                Incr(ns)  Path(ns)    Netlist Resource(s)
  -------------------------------------------------------------------    -------------------
                         (clock aclk rise edge)       0.000     0.000 r  
                                                      0.000     0.000 r  aclk (IN)
                         net (fo=138870, unset)       1.284     1.284    core_inst_gen[3].u_engine_core/aclk
    SLICE_X107Y135       FDCE                                         r  core_inst_gen[3].u_engine_core/m_axis_tvalid_reg_reg/C
  -------------------------------------------------------------------    -------------------
    SLICE_X107Y135       FDCE (Prop_fdce_C_Q)         0.341     1.625 f  core_inst_gen[3].u_engine_core/m_axis_tvalid_reg_reg/Q
                         net (fo=7, routed)           1.877     3.502    core_inst_gen[1].u_engine_core/m_axis_tvalid_reg_reg_0[2]
    SLICE_X87Y187        LUT6 (Prop_lut6_I2_O)        0.097     3.599 r  core_inst_gen[1].u_engine_core/iv_axis_wrapper1_LUT6_1/O
                         net (fo=133, routed)         6.398     9.997    core_inst_gen[1].u_engine_core/iv_axis_wrapper1_net_4
    SLICE_X114Y215       LUT6 (Prop_lut6_I5_O)        0.097    10.094 r  core_inst_gen[1].u_engine_core/iv_axis_wrapper1_LUT6_86/O
                         net (fo=0)                   0.704    10.798    m_axis_tdata[60]
                                                                      r  m_axis_tdata[60] (OUT)
  -------------------------------------------------------------------    -------------------

Slack:                    inf
  Source:                 core_inst_gen[3].u_engine_core/m_axis_tvalid_reg_reg/C
                            (rising edge-triggered cell FDCE clocked by aclk  {rise@0.000ns fall@5.000ns period=10.000ns})
  Destination:            m_axis_tdata[88]
                            (output port)
  Path Group:             (none)
  Path Type:              Max at Slow Process Corner
  Data Path Delay:        9.507ns  (logic 0.535ns (5.627%)  route 8.972ns (94.373%))
  Logic Levels:           2  (LUT6=2)
  Clock Uncertainty:      0.025ns  ((TSJ^2 + TIJ^2)^1/2 + DJ) / 2 + PE
    Total System Jitter     (TSJ):    0.050ns
    Total Input Jitter      (TIJ):    0.000ns
    Discrete Jitter          (DJ):    0.000ns
    Phase Error              (PE):    0.000ns

    Location             Delay type                Incr(ns)  Path(ns)    Netlist Resource(s)
  -------------------------------------------------------------------    -------------------
                         (clock aclk rise edge)       0.000     0.000 r  
                                                      0.000     0.000 r  aclk (IN)
                         net (fo=138870, unset)       1.284     1.284    core_inst_gen[3].u_engine_core/aclk
    SLICE_X107Y135       FDCE                                         r  core_inst_gen[3].u_engine_core/m_axis_tvalid_reg_reg/C
  -------------------------------------------------------------------    -------------------
    SLICE_X107Y135       FDCE (Prop_fdce_C_Q)         0.341     1.625 f  core_inst_gen[3].u_engine_core/m_axis_tvalid_reg_reg/Q
                         net (fo=7, routed)           1.877     3.502    core_inst_gen[1].u_engine_core/m_axis_tvalid_reg_reg_0[2]
    SLICE_X87Y187        LUT6 (Prop_lut6_I2_O)        0.097     3.599 r  core_inst_gen[1].u_engine_core/iv_axis_wrapper1_LUT6_1/O
                         net (fo=133, routed)         6.392     9.990    core_inst_gen[1].u_engine_core/iv_axis_wrapper1_net_4
    SLICE_X114Y215       LUT6 (Prop_lut6_I5_O)        0.097    10.087 r  core_inst_gen[1].u_engine_core/iv_axis_wrapper1_LUT6_115/O
                         net (fo=0)                   0.704    10.791    m_axis_tdata[88]
                                                                      r  m_axis_tdata[88] (OUT)
  -------------------------------------------------------------------    -------------------

Slack:                    inf
  Source:                 core_inst_gen[3].u_engine_core/m_axis_tvalid_reg_reg/C
                            (rising edge-triggered cell FDCE clocked by aclk  {rise@0.000ns fall@5.000ns period=10.000ns})
  Destination:            m_axis_tdata[83]
                            (output port)
  Path Group:             (none)
  Path Type:              Max at Slow Process Corner
  Data Path Delay:        9.348ns  (logic 0.535ns (5.723%)  route 8.813ns (94.277%))
  Logic Levels:           2  (LUT6=2)
  Clock Uncertainty:      0.025ns  ((TSJ^2 + TIJ^2)^1/2 + DJ) / 2 + PE
    Total System Jitter     (TSJ):    0.050ns
    Total Input Jitter      (TIJ):    0.000ns
    Discrete Jitter          (DJ):    0.000ns
    Phase Error              (PE):    0.000ns

    Location             Delay type                Incr(ns)  Path(ns)    Netlist Resource(s)
  -------------------------------------------------------------------    -------------------
                         (clock aclk rise edge)       0.000     0.000 r  
                                                      0.000     0.000 r  aclk (IN)
                         net (fo=138870, unset)       1.284     1.284    core_inst_gen[3].u_engine_core/aclk
    SLICE_X107Y135       FDCE                                         r  core_inst_gen[3].u_engine_core/m_axis_tvalid_reg_reg/C
  -------------------------------------------------------------------    -------------------
    SLICE_X107Y135       FDCE (Prop_fdce_C_Q)         0.341     1.625 f  core_inst_gen[3].u_engine_core/m_axis_tvalid_reg_reg/Q
                         net (fo=7, routed)           1.877     3.502    core_inst_gen[1].u_engine_core/m_axis_tvalid_reg_reg_0[2]
    SLICE_X87Y187        LUT6 (Prop_lut6_I2_O)        0.097     3.599 r  core_inst_gen[1].u_engine_core/iv_axis_wrapper1_LUT6_1/O
                         net (fo=133, routed)         6.232     9.831    core_inst_gen[1].u_engine_core/iv_axis_wrapper1_net_4
    SLICE_X114Y214       LUT6 (Prop_lut6_I5_O)        0.097     9.928 r  core_inst_gen[1].u_engine_core/iv_axis_wrapper1_LUT6_110/O
                         net (fo=0)                   0.704    10.632    m_axis_tdata[83]
                                                                      r  m_axis_tdata[83] (OUT)
  -------------------------------------------------------------------    -------------------





Min Delay Paths
--------------------------------------------------------------------------------------
Slack:                    inf
  Source:                 core_inst_gen[0].u_engine_core/m_axis_tdata_reg_reg[103]/C
                            (rising edge-triggered cell FDCE clocked by aclk  {rise@0.000ns fall@5.000ns period=10.000ns})
  Destination:            m_axis_tdata[103]
                            (output port)
  Path Group:             (none)
  Path Type:              Min at Fast Process Corner
  Data Path Delay:        0.710ns  (logic 0.186ns (26.185%)  route 0.524ns (73.815%))
  Logic Levels:           1  (LUT6=1)
  Clock Uncertainty:      0.025ns  ((TSJ^2 + TIJ^2)^1/2 + DJ) / 2 + PE
    Total System Jitter     (TSJ):    0.050ns
    Total Input Jitter      (TIJ):    0.000ns
    Discrete Jitter          (DJ):    0.000ns
    Phase Error              (PE):    0.000ns

    Location             Delay type                Incr(ns)  Path(ns)    Netlist Resource(s)
  -------------------------------------------------------------------    -------------------
                         (clock aclk rise edge)       0.000     0.000 r  
                                                      0.000     0.000 r  aclk (IN)
                         net (fo=138870, unset)       0.554     0.554    core_inst_gen[0].u_engine_core/aclk
    SLICE_X78Y181        FDCE                                         r  core_inst_gen[0].u_engine_core/m_axis_tdata_reg_reg[103]/C
  -------------------------------------------------------------------    -------------------
    SLICE_X78Y181        FDCE (Prop_fdce_C_Q)         0.141     0.695 r  core_inst_gen[0].u_engine_core/m_axis_tdata_reg_reg[103]/Q
                         net (fo=1, routed)           0.114     0.809    core_inst_gen[1].u_engine_core/m_axis_tdata[127][103]
    SLICE_X78Y180        LUT6 (Prop_lut6_I0_O)        0.045     0.854 r  core_inst_gen[1].u_engine_core/iv_axis_wrapper1_LUT6_6/O
                         net (fo=0)                   0.411     1.264    m_axis_tdata[103]
                                                                      r  m_axis_tdata[103] (OUT)
  -------------------------------------------------------------------    -------------------

Slack:                    inf
  Source:                 core_inst_gen[0].u_engine_core/m_axis_tvalid_reg_reg/C
                            (rising edge-triggered cell FDCE clocked by aclk  {rise@0.000ns fall@5.000ns period=10.000ns})
  Destination:            m_axis_tlast
                            (output port)
  Path Group:             (none)
  Path Type:              Min at Fast Process Corner
  Data Path Delay:        0.712ns  (logic 0.186ns (26.112%)  route 0.526ns (73.888%))
  Logic Levels:           1  (LUT4=1)
  Clock Uncertainty:      0.025ns  ((TSJ^2 + TIJ^2)^1/2 + DJ) / 2 + PE
    Total System Jitter     (TSJ):    0.050ns
    Total Input Jitter      (TIJ):    0.000ns
    Discrete Jitter          (DJ):    0.000ns
    Phase Error              (PE):    0.000ns

    Location             Delay type                Incr(ns)  Path(ns)    Netlist Resource(s)
  -------------------------------------------------------------------    -------------------
                         (clock aclk rise edge)       0.000     0.000 r  
                                                      0.000     0.000 r  aclk (IN)
                         net (fo=138870, unset)       0.558     0.558    core_inst_gen[0].u_engine_core/aclk
    SLICE_X86Y187        FDCE                                         r  core_inst_gen[0].u_engine_core/m_axis_tvalid_reg_reg/C
  -------------------------------------------------------------------    -------------------
    SLICE_X86Y187        FDCE (Prop_fdce_C_Q)         0.141     0.699 r  core_inst_gen[0].u_engine_core/m_axis_tvalid_reg_reg/Q
                         net (fo=7, routed)           0.116     0.815    core_inst_gen[1].u_engine_core/m_axis_tvalid_reg_reg_0[0]
    SLICE_X87Y187        LUT4 (Prop_lut4_I1_O)        0.045     0.860 r  core_inst_gen[1].u_engine_core/m_axis_tlast_INST_0/O
                         net (fo=0)                   0.411     1.270    m_axis_tvalid
                                                                      r  m_axis_tlast (OUT)
  -------------------------------------------------------------------    -------------------

Slack:                    inf
  Source:                 core_inst_gen[0].u_engine_core/m_axis_tvalid_reg_reg/C
                            (rising edge-triggered cell FDCE clocked by aclk  {rise@0.000ns fall@5.000ns period=10.000ns})
  Destination:            m_axis_tvalid
                            (output port)
  Path Group:             (none)
  Path Type:              Min at Fast Process Corner
  Data Path Delay:        0.712ns  (logic 0.186ns (26.112%)  route 0.526ns (73.888%))
  Logic Levels:           1  (LUT4=1)
  Clock Uncertainty:      0.025ns  ((TSJ^2 + TIJ^2)^1/2 + DJ) / 2 + PE
    Total System Jitter     (TSJ):    0.050ns
    Total Input Jitter      (TIJ):    0.000ns
    Discrete Jitter          (DJ):    0.000ns
    Phase Error              (PE):    0.000ns

    Location             Delay type                Incr(ns)  Path(ns)    Netlist Resource(s)
  -------------------------------------------------------------------    -------------------
                         (clock aclk rise edge)       0.000     0.000 r  
                                                      0.000     0.000 r  aclk (IN)
                         net (fo=138870, unset)       0.558     0.558    core_inst_gen[0].u_engine_core/aclk
    SLICE_X86Y187        FDCE                                         r  core_inst_gen[0].u_engine_core/m_axis_tvalid_reg_reg/C
  -------------------------------------------------------------------    -------------------
    SLICE_X86Y187        FDCE (Prop_fdce_C_Q)         0.141     0.699 r  core_inst_gen[0].u_engine_core/m_axis_tvalid_reg_reg/Q
                         net (fo=7, routed)           0.116     0.815    core_inst_gen[1].u_engine_core/m_axis_tvalid_reg_reg_0[0]
    SLICE_X87Y187        LUT4 (Prop_lut4_I1_O)        0.045     0.860 r  core_inst_gen[1].u_engine_core/m_axis_tlast_INST_0/O
                         net (fo=0)                   0.411     1.270    m_axis_tvalid
                                                                      r  m_axis_tvalid (OUT)
  -------------------------------------------------------------------    -------------------

Slack:                    inf
  Source:                 core_inst_gen[0].u_engine_core/m_axis_tdata_reg_reg[28]/C
                            (rising edge-triggered cell FDCE clocked by aclk  {rise@0.000ns fall@5.000ns period=10.000ns})
  Destination:            m_axis_tdata[28]
                            (output port)
  Path Group:             (none)
  Path Type:              Min at Fast Process Corner
  Data Path Delay:        0.699ns  (logic 0.186ns (26.602%)  route 0.513ns (73.398%))
  Logic Levels:           1  (LUT6=1)
  Clock Uncertainty:      0.025ns  ((TSJ^2 + TIJ^2)^1/2 + DJ) / 2 + PE
    Total System Jitter     (TSJ):    0.050ns
    Total Input Jitter      (TIJ):    0.000ns
    Discrete Jitter          (DJ):    0.000ns
    Phase Error              (PE):    0.000ns

    Location             Delay type                Incr(ns)  Path(ns)    Netlist Resource(s)
  -------------------------------------------------------------------    -------------------
                         (clock aclk rise edge)       0.000     0.000 r  
                                                      0.000     0.000 r  aclk (IN)
                         net (fo=138870, unset)       0.572     0.572    core_inst_gen[0].u_engine_core/aclk
    SLICE_X99Y184        FDCE                                         r  core_inst_gen[0].u_engine_core/m_axis_tdata_reg_reg[28]/C
  -------------------------------------------------------------------    -------------------
    SLICE_X99Y184        FDCE (Prop_fdce_C_Q)         0.141     0.713 r  core_inst_gen[0].u_engine_core/m_axis_tdata_reg_reg[28]/Q
                         net (fo=1, routed)           0.102     0.815    core_inst_gen[1].u_engine_core/m_axis_tdata[127][28]
    SLICE_X99Y183        LUT6 (Prop_lut6_I0_O)        0.045     0.860 r  core_inst_gen[1].u_engine_core/iv_axis_wrapper1_LUT6_50/O
                         net (fo=0)                   0.411     1.271    m_axis_tdata[28]
                                                                      r  m_axis_tdata[28] (OUT)
  -------------------------------------------------------------------    -------------------

Slack:                    inf
  Source:                 core_inst_gen[0].u_engine_core/m_axis_tdata_reg_reg[100]/C
                            (rising edge-triggered cell FDCE clocked by aclk  {rise@0.000ns fall@5.000ns period=10.000ns})
  Destination:            m_axis_tdata[100]
                            (output port)
  Path Group:             (none)
  Path Type:              Min at Fast Process Corner
  Data Path Delay:        0.735ns  (logic 0.186ns (25.299%)  route 0.549ns (74.701%))
  Logic Levels:           1  (LUT6=1)
  Clock Uncertainty:      0.025ns  ((TSJ^2 + TIJ^2)^1/2 + DJ) / 2 + PE
    Total System Jitter     (TSJ):    0.050ns
    Total Input Jitter      (TIJ):    0.000ns
    Discrete Jitter          (DJ):    0.000ns
    Phase Error              (PE):    0.000ns

    Location             Delay type                Incr(ns)  Path(ns)    Netlist Resource(s)
  -------------------------------------------------------------------    -------------------
                         (clock aclk rise edge)       0.000     0.000 r  
                                                      0.000     0.000 r  aclk (IN)
                         net (fo=138870, unset)       0.559     0.559    core_inst_gen[0].u_engine_core/aclk
    SLICE_X83Y191        FDCE                                         r  core_inst_gen[0].u_engine_core/m_axis_tdata_reg_reg[100]/C
  -------------------------------------------------------------------    -------------------
    SLICE_X83Y191        FDCE (Prop_fdce_C_Q)         0.141     0.700 r  core_inst_gen[0].u_engine_core/m_axis_tdata_reg_reg[100]/Q
                         net (fo=1, routed)           0.138     0.838    core_inst_gen[1].u_engine_core/m_axis_tdata[127][100]
    SLICE_X83Y191        LUT6 (Prop_lut6_I0_O)        0.045     0.883 r  core_inst_gen[1].u_engine_core/iv_axis_wrapper1_LUT6_3/O
                         net (fo=0)                   0.411     1.294    m_axis_tdata[100]
                                                                      r  m_axis_tdata[100] (OUT)
  -------------------------------------------------------------------    -------------------

Slack:                    inf
  Source:                 core_inst_gen[0].u_engine_core/m_axis_tdata_reg_reg[125]/C
                            (rising edge-triggered cell FDCE clocked by aclk  {rise@0.000ns fall@5.000ns period=10.000ns})
  Destination:            m_axis_tdata[125]
                            (output port)
  Path Group:             (none)
  Path Type:              Min at Fast Process Corner
  Data Path Delay:        0.730ns  (logic 0.186ns (25.473%)  route 0.544ns (74.527%))
  Logic Levels:           1  (LUT6=1)
  Clock Uncertainty:      0.025ns  ((TSJ^2 + TIJ^2)^1/2 + DJ) / 2 + PE
    Total System Jitter     (TSJ):    0.050ns
    Total Input Jitter      (TIJ):    0.000ns
    Discrete Jitter          (DJ):    0.000ns
    Phase Error              (PE):    0.000ns

    Location             Delay type                Incr(ns)  Path(ns)    Netlist Resource(s)
  -------------------------------------------------------------------    -------------------
                         (clock aclk rise edge)       0.000     0.000 r  
                                                      0.000     0.000 r  aclk (IN)
                         net (fo=138870, unset)       0.578     0.578    core_inst_gen[0].u_engine_core/aclk
    SLICE_X105Y182       FDCE                                         r  core_inst_gen[0].u_engine_core/m_axis_tdata_reg_reg[125]/C
  -------------------------------------------------------------------    -------------------
    SLICE_X105Y182       FDCE (Prop_fdce_C_Q)         0.141     0.719 r  core_inst_gen[0].u_engine_core/m_axis_tdata_reg_reg[125]/Q
                         net (fo=1, routed)           0.133     0.852    core_inst_gen[1].u_engine_core/m_axis_tdata[127][125]
    SLICE_X105Y182       LUT6 (Prop_lut6_I0_O)        0.045     0.897 r  core_inst_gen[1].u_engine_core/iv_axis_wrapper1_LUT6_30/O
                         net (fo=0)                   0.411     1.308    m_axis_tdata[125]
                                                                      r  m_axis_tdata[125] (OUT)
  -------------------------------------------------------------------    -------------------

Slack:                    inf
  Source:                 core_inst_gen[0].u_engine_core/m_axis_tdata_reg_reg[12]/C
                            (rising edge-triggered cell FDCE clocked by aclk  {rise@0.000ns fall@5.000ns period=10.000ns})
  Destination:            m_axis_tdata[12]
                            (output port)
  Path Group:             (none)
  Path Type:              Min at Fast Process Corner
  Data Path Delay:        0.743ns  (logic 0.209ns (28.122%)  route 0.534ns (71.878%))
  Logic Levels:           1  (LUT6=1)
  Clock Uncertainty:      0.025ns  ((TSJ^2 + TIJ^2)^1/2 + DJ) / 2 + PE
    Total System Jitter     (TSJ):    0.050ns
    Total Input Jitter      (TIJ):    0.000ns
    Discrete Jitter          (DJ):    0.000ns
    Phase Error              (PE):    0.000ns

    Location             Delay type                Incr(ns)  Path(ns)    Netlist Resource(s)
  -------------------------------------------------------------------    -------------------
                         (clock aclk rise edge)       0.000     0.000 r  
                                                      0.000     0.000 r  aclk (IN)
                         net (fo=138870, unset)       0.572     0.572    core_inst_gen[0].u_engine_core/aclk
    SLICE_X70Y195        FDCE                                         r  core_inst_gen[0].u_engine_core/m_axis_tdata_reg_reg[12]/C
  -------------------------------------------------------------------    -------------------
    SLICE_X70Y195        FDCE (Prop_fdce_C_Q)         0.164     0.736 r  core_inst_gen[0].u_engine_core/m_axis_tdata_reg_reg[12]/Q
                         net (fo=1, routed)           0.123     0.859    core_inst_gen[1].u_engine_core/m_axis_tdata[127][12]
    SLICE_X72Y195        LUT6 (Prop_lut6_I0_O)        0.045     0.904 r  core_inst_gen[1].u_engine_core/iv_axis_wrapper1_LUT6_33/O
                         net (fo=0)                   0.411     1.315    m_axis_tdata[12]
                                                                      r  m_axis_tdata[12] (OUT)
  -------------------------------------------------------------------    -------------------

Slack:                    inf
  Source:                 core_inst_gen[0].u_engine_core/m_axis_tdata_reg_reg[93]/C
                            (rising edge-triggered cell FDCE clocked by aclk  {rise@0.000ns fall@5.000ns period=10.000ns})
  Destination:            m_axis_tdata[93]
                            (output port)
  Path Group:             (none)
  Path Type:              Min at Fast Process Corner
  Data Path Delay:        0.737ns  (logic 0.186ns (25.254%)  route 0.551ns (74.746%))
  Logic Levels:           1  (LUT6=1)
  Clock Uncertainty:      0.025ns  ((TSJ^2 + TIJ^2)^1/2 + DJ) / 2 + PE
    Total System Jitter     (TSJ):    0.050ns
    Total Input Jitter      (TIJ):    0.000ns
    Discrete Jitter          (DJ):    0.000ns
    Phase Error              (PE):    0.000ns

    Location             Delay type                Incr(ns)  Path(ns)    Netlist Resource(s)
  -------------------------------------------------------------------    -------------------
                         (clock aclk rise edge)       0.000     0.000 r  
                                                      0.000     0.000 r  aclk (IN)
                         net (fo=138870, unset)       0.582     0.582    core_inst_gen[0].u_engine_core/aclk
    SLICE_X103Y197       FDCE                                         r  core_inst_gen[0].u_engine_core/m_axis_tdata_reg_reg[93]/C
  -------------------------------------------------------------------    -------------------
    SLICE_X103Y197       FDCE (Prop_fdce_C_Q)         0.141     0.723 r  core_inst_gen[0].u_engine_core/m_axis_tdata_reg_reg[93]/Q
                         net (fo=1, routed)           0.140     0.863    core_inst_gen[1].u_engine_core/m_axis_tdata[127][93]
    SLICE_X103Y195       LUT6 (Prop_lut6_I0_O)        0.045     0.908 r  core_inst_gen[1].u_engine_core/iv_axis_wrapper1_LUT6_121/O
                         net (fo=0)                   0.411     1.319    m_axis_tdata[93]
                                                                      r  m_axis_tdata[93] (OUT)
  -------------------------------------------------------------------    -------------------

Slack:                    inf
  Source:                 core_inst_gen[0].u_engine_core/m_axis_tdata_reg_reg[30]/C
                            (rising edge-triggered cell FDCE clocked by aclk  {rise@0.000ns fall@5.000ns period=10.000ns})
  Destination:            m_axis_tdata[30]
                            (output port)
  Path Group:             (none)
  Path Type:              Min at Fast Process Corner
  Data Path Delay:        0.753ns  (logic 0.209ns (27.749%)  route 0.544ns (72.251%))
  Logic Levels:           1  (LUT6=1)
  Clock Uncertainty:      0.025ns  ((TSJ^2 + TIJ^2)^1/2 + DJ) / 2 + PE
    Total System Jitter     (TSJ):    0.050ns
    Total Input Jitter      (TIJ):    0.000ns
    Discrete Jitter          (DJ):    0.000ns
    Phase Error              (PE):    0.000ns

    Location             Delay type                Incr(ns)  Path(ns)    Netlist Resource(s)
  -------------------------------------------------------------------    -------------------
                         (clock aclk rise edge)       0.000     0.000 r  
                                                      0.000     0.000 r  aclk (IN)
                         net (fo=138870, unset)       0.572     0.572    core_inst_gen[0].u_engine_core/aclk
    SLICE_X70Y195        FDCE                                         r  core_inst_gen[0].u_engine_core/m_axis_tdata_reg_reg[30]/C
  -------------------------------------------------------------------    -------------------
    SLICE_X70Y195        FDCE (Prop_fdce_C_Q)         0.164     0.736 r  core_inst_gen[0].u_engine_core/m_axis_tdata_reg_reg[30]/Q
                         net (fo=1, routed)           0.133     0.869    core_inst_gen[1].u_engine_core/m_axis_tdata[127][30]
    SLICE_X71Y194        LUT6 (Prop_lut6_I0_O)        0.045     0.914 r  core_inst_gen[1].u_engine_core/iv_axis_wrapper1_LUT6_53/O
                         net (fo=0)                   0.411     1.325    m_axis_tdata[30]
                                                                      r  m_axis_tdata[30] (OUT)
  -------------------------------------------------------------------    -------------------

Slack:                    inf
  Source:                 core_inst_gen[0].u_engine_core/m_axis_tdata_reg_reg[111]/C
                            (rising edge-triggered cell FDCE clocked by aclk  {rise@0.000ns fall@5.000ns period=10.000ns})
  Destination:            m_axis_tdata[111]
                            (output port)
  Path Group:             (none)
  Path Type:              Min at Fast Process Corner
  Data Path Delay:        0.751ns  (logic 0.209ns (27.823%)  route 0.542ns (72.177%))
  Logic Levels:           1  (LUT6=1)
  Clock Uncertainty:      0.025ns  ((TSJ^2 + TIJ^2)^1/2 + DJ) / 2 + PE
    Total System Jitter     (TSJ):    0.050ns
    Total Input Jitter      (TIJ):    0.000ns
    Discrete Jitter          (DJ):    0.000ns
    Phase Error              (PE):    0.000ns

    Location             Delay type                Incr(ns)  Path(ns)    Netlist Resource(s)
  -------------------------------------------------------------------    -------------------
                         (clock aclk rise edge)       0.000     0.000 r  
                                                      0.000     0.000 r  aclk (IN)
                         net (fo=138870, unset)       0.589     0.589    core_inst_gen[0].u_engine_core/aclk
    SLICE_X120Y198       FDCE                                         r  core_inst_gen[0].u_engine_core/m_axis_tdata_reg_reg[111]/C
  -------------------------------------------------------------------    -------------------
    SLICE_X120Y198       FDCE (Prop_fdce_C_Q)         0.164     0.753 r  core_inst_gen[0].u_engine_core/m_axis_tdata_reg_reg[111]/Q
                         net (fo=1, routed)           0.131     0.884    core_inst_gen[1].u_engine_core/m_axis_tdata[127][111]
    SLICE_X120Y198       LUT6 (Prop_lut6_I0_O)        0.045     0.929 r  core_inst_gen[1].u_engine_core/iv_axis_wrapper1_LUT6_15/O
                         net (fo=0)                   0.411     1.340    m_axis_tdata[111]
                                                                      r  m_axis_tdata[111] (OUT)
  -------------------------------------------------------------------    -------------------





--------------------------------------------------------------------------------------
Path Group:  (none)
From Clock:  
  To Clock:  aclk

Max Delay         67861 Endpoints
Min Delay         67861 Endpoints
--------------------------------------------------------------------------------------


Max Delay Paths
--------------------------------------------------------------------------------------
Slack:                    inf
  Source:                 s_axis_tdata[159]
                            (input port)
  Destination:            core_inst_gen[0].u_engine_core/fifo_mem_reg[46][118]/D
                            (rising edge-triggered cell FDRE clocked by aclk  {rise@0.000ns fall@5.000ns period=10.000ns})
  Path Group:             (none)
  Path Type:              Setup (Max at Slow Process Corner)
  Data Path Delay:        17.069ns  (logic 0.388ns (2.273%)  route 16.681ns (97.727%))
  Logic Levels:           4  (LUT4=2 LUT5=1 LUT6=1)
  Clock Path Skew:        1.185ns (DCD - SCD + CPR)
    Destination Clock Delay (DCD):    1.185ns
    Source Clock Delay      (SCD):    0.000ns
    Clock Pessimism Removal (CPR):    0.000ns
  Clock Uncertainty:      0.025ns  ((TSJ^2 + TIJ^2)^1/2 + DJ) / 2 + PE
    Total System Jitter     (TSJ):    0.050ns
    Total Input Jitter      (TIJ):    0.000ns
    Discrete Jitter          (DJ):    0.000ns
    Phase Error              (PE):    0.000ns

    Location             Delay type                Incr(ns)  Path(ns)    Netlist Resource(s)
  -------------------------------------------------------------------    -------------------
                                                      0.000     0.000 r  s_axis_tdata[159] (IN)
                         net (fo=32, unset)           0.704     0.704    core_inst_gen[3].u_engine_core/u_iv_top/gen_init_guess.u_init_guess/u_init_divider/s_axis_tdata[31]
    SLICE_X102Y140       LUT4 (Prop_lut4_I3_O)        0.097     0.801 r  core_inst_gen[3].u_engine_core/u_iv_top/gen_init_guess.u_init_guess/u_init_divider/ctx_C_reg_i_11/O
                         net (fo=6, routed)           3.460     4.261    core_inst_gen[0].u_engine_core/fifo_mem_reg[0][127]_2
    SLICE_X104Y199       LUT4 (Prop_lut4_I0_O)        0.097     4.358 f  core_inst_gen[0].u_engine_core/iv_axis_wrapper_LUT4_7/O
                         net (fo=1, routed)           0.768     5.126    core_inst_gen[0].u_engine_core/iv_axis_wrapper_net_53
    SLICE_X103Y199       LUT6 (Prop_lut6_I5_O)        0.097     5.223 f  core_inst_gen[0].u_engine_core/iv_axis_wrapper_LUT6/O
                         net (fo=128, routed)         5.235    10.458    core_inst_gen[0].u_engine_core/iv_axis_wrapper_net_54
    SLICE_X50Y132        LUT5 (Prop_lut5_I2_O)        0.097    10.555 r  core_inst_gen[0].u_engine_core/iv_axis_wrapper_LUT5_48/O
                         net (fo=64, routed)          6.514    17.069    core_inst_gen[0].u_engine_core/iv_done_gamma[22]
    SLICE_X106Y141       FDRE                                         r  core_inst_gen[0].u_engine_core/fifo_mem_reg[46][118]/D
  -------------------------------------------------------------------    -------------------

                         (clock aclk rise edge)       0.000     0.000 r  
                                                      0.000     0.000 r  aclk (IN)
                         net (fo=138870, unset)       1.185     1.185    core_inst_gen[0].u_engine_core/aclk
    SLICE_X106Y141       FDRE                                         r  core_inst_gen[0].u_engine_core/fifo_mem_reg[46][118]/C

Slack:                    inf
  Source:                 s_axis_tdata[159]
                            (input port)
  Destination:            core_inst_gen[0].u_engine_core/fifo_mem_reg[1][103]/D
                            (rising edge-triggered cell FDRE clocked by aclk  {rise@0.000ns fall@5.000ns period=10.000ns})
  Path Group:             (none)
  Path Type:              Setup (Max at Slow Process Corner)
  Data Path Delay:        16.977ns  (logic 0.388ns (2.285%)  route 16.589ns (97.715%))
  Logic Levels:           4  (LUT4=2 LUT5=1 LUT6=1)
  Clock Path Skew:        1.160ns (DCD - SCD + CPR)
    Destination Clock Delay (DCD):    1.160ns
    Source Clock Delay      (SCD):    0.000ns
    Clock Pessimism Removal (CPR):    0.000ns
  Clock Uncertainty:      0.025ns  ((TSJ^2 + TIJ^2)^1/2 + DJ) / 2 + PE
    Total System Jitter     (TSJ):    0.050ns
    Total Input Jitter      (TIJ):    0.000ns
    Discrete Jitter          (DJ):    0.000ns
    Phase Error              (PE):    0.000ns

    Location             Delay type                Incr(ns)  Path(ns)    Netlist Resource(s)
  -------------------------------------------------------------------    -------------------
                                                      0.000     0.000 r  s_axis_tdata[159] (IN)
                         net (fo=32, unset)           0.704     0.704    core_inst_gen[3].u_engine_core/u_iv_top/gen_init_guess.u_init_guess/u_init_divider/s_axis_tdata[31]
    SLICE_X102Y140       LUT4 (Prop_lut4_I3_O)        0.097     0.801 r  core_inst_gen[3].u_engine_core/u_iv_top/gen_init_guess.u_init_guess/u_init_divider/ctx_C_reg_i_11/O
                         net (fo=6, routed)           3.460     4.261    core_inst_gen[0].u_engine_core/fifo_mem_reg[0][127]_2
    SLICE_X104Y199       LUT4 (Prop_lut4_I0_O)        0.097     4.358 f  core_inst_gen[0].u_engine_core/iv_axis_wrapper_LUT4_7/O
                         net (fo=1, routed)           0.768     5.126    core_inst_gen[0].u_engine_core/iv_axis_wrapper_net_53
    SLICE_X103Y199       LUT6 (Prop_lut6_I5_O)        0.097     5.223 f  core_inst_gen[0].u_engine_core/iv_axis_wrapper_LUT6/O
                         net (fo=128, routed)         5.092    10.315    core_inst_gen[0].u_engine_core/iv_axis_wrapper_net_54
    SLICE_X49Y133        LUT5 (Prop_lut5_I2_O)        0.097    10.412 r  core_inst_gen[0].u_engine_core/iv_axis_wrapper_LUT5_57/O
                         net (fo=64, routed)          6.565    16.977    core_inst_gen[0].u_engine_core/iv_done_gamma[7]
    SLICE_X105Y184       FDRE                                         r  core_inst_gen[0].u_engine_core/fifo_mem_reg[1][103]/D
  -------------------------------------------------------------------    -------------------

                         (clock aclk rise edge)       0.000     0.000 r  
                                                      0.000     0.000 r  aclk (IN)
                         net (fo=138870, unset)       1.160     1.160    core_inst_gen[0].u_engine_core/aclk
    SLICE_X105Y184       FDRE                                         r  core_inst_gen[0].u_engine_core/fifo_mem_reg[1][103]/C

Slack:                    inf
  Source:                 s_axis_tdata[142]
                            (input port)
  Destination:            core_inst_gen[1].u_engine_core/fifo_mem_reg[63][103]/D
                            (rising edge-triggered cell FDRE clocked by aclk  {rise@0.000ns fall@5.000ns period=10.000ns})
  Path Group:             (none)
  Path Type:              Setup (Max at Slow Process Corner)
  Data Path Delay:        16.972ns  (logic 0.291ns (1.715%)  route 16.681ns (98.285%))
  Logic Levels:           3  (LUT4=1 LUT5=1 LUT6=1)
  Clock Path Skew:        1.130ns (DCD - SCD + CPR)
    Destination Clock Delay (DCD):    1.130ns
    Source Clock Delay      (SCD):    0.000ns
    Clock Pessimism Removal (CPR):    0.000ns
  Clock Uncertainty:      0.025ns  ((TSJ^2 + TIJ^2)^1/2 + DJ) / 2 + PE
    Total System Jitter     (TSJ):    0.050ns
    Total Input Jitter      (TIJ):    0.000ns
    Discrete Jitter          (DJ):    0.000ns
    Phase Error              (PE):    0.000ns

    Location             Delay type                Incr(ns)  Path(ns)    Netlist Resource(s)
  -------------------------------------------------------------------    -------------------
                                                      0.000     0.000 r  s_axis_tdata[142] (IN)
                         net (fo=12, unset)           0.704     0.704    core_inst_gen[3].u_engine_core/u_iv_top/gen_init_guess.u_init_guess/u_init_divider/s_axis_tdata[14]
    SLICE_X136Y189       LUT4 (Prop_lut4_I3_O)        0.097     0.801 r  core_inst_gen[3].u_engine_core/u_iv_top/gen_init_guess.u_init_guess/u_init_divider/ctx_C_reg_i_10/O
                         net (fo=5, routed)           2.683     3.484    core_inst_gen[1].u_engine_core/fifo_mem_reg[0][127]_1
    SLICE_X85Y196        LUT6 (Prop_lut6_I0_O)        0.097     3.581 f  core_inst_gen[1].u_engine_core/iv_axis_wrapper1_LUT6_129/O
                         net (fo=128, routed)         7.855    11.436    core_inst_gen[1].u_engine_core/iv_axis_wrapper1_net_56
    SLICE_X15Y166        LUT5 (Prop_lut5_I2_O)        0.097    11.533 r  core_inst_gen[1].u_engine_core/iv_axis_wrapper1_LUT5_55/O
                         net (fo=64, routed)          5.440    16.972    core_inst_gen[1].u_engine_core/iv_done_gamma[7]
    SLICE_X80Y189        FDRE                                         r  core_inst_gen[1].u_engine_core/fifo_mem_reg[63][103]/D
  -------------------------------------------------------------------    -------------------

                         (clock aclk rise edge)       0.000     0.000 r  
                                                      0.000     0.000 r  aclk (IN)
                         net (fo=138870, unset)       1.130     1.130    core_inst_gen[1].u_engine_core/aclk
    SLICE_X80Y189        FDRE                                         r  core_inst_gen[1].u_engine_core/fifo_mem_reg[63][103]/C

Slack:                    inf
  Source:                 s_axis_tdata[159]
                            (input port)
  Destination:            core_inst_gen[0].u_engine_core/fifo_mem_reg[40][118]/D
                            (rising edge-triggered cell FDRE clocked by aclk  {rise@0.000ns fall@5.000ns period=10.000ns})
  Path Group:             (none)
  Path Type:              Setup (Max at Slow Process Corner)
  Data Path Delay:        16.938ns  (logic 0.388ns (2.291%)  route 16.550ns (97.709%))
  Logic Levels:           4  (LUT4=2 LUT5=1 LUT6=1)
  Clock Path Skew:        1.189ns (DCD - SCD + CPR)
    Destination Clock Delay (DCD):    1.189ns
    Source Clock Delay      (SCD):    0.000ns
    Clock Pessimism Removal (CPR):    0.000ns
  Clock Uncertainty:      0.025ns  ((TSJ^2 + TIJ^2)^1/2 + DJ) / 2 + PE
    Total System Jitter     (TSJ):    0.050ns
    Total Input Jitter      (TIJ):    0.000ns
    Discrete Jitter          (DJ):    0.000ns
    Phase Error              (PE):    0.000ns

    Location             Delay type                Incr(ns)  Path(ns)    Netlist Resource(s)
  -------------------------------------------------------------------    -------------------
                                                      0.000     0.000 r  s_axis_tdata[159] (IN)
                         net (fo=32, unset)           0.704     0.704    core_inst_gen[3].u_engine_core/u_iv_top/gen_init_guess.u_init_guess/u_init_divider/s_axis_tdata[31]
    SLICE_X102Y140       LUT4 (Prop_lut4_I3_O)        0.097     0.801 r  core_inst_gen[3].u_engine_core/u_iv_top/gen_init_guess.u_init_guess/u_init_divider/ctx_C_reg_i_11/O
                         net (fo=6, routed)           3.460     4.261    core_inst_gen[0].u_engine_core/fifo_mem_reg[0][127]_2
    SLICE_X104Y199       LUT4 (Prop_lut4_I0_O)        0.097     4.358 f  core_inst_gen[0].u_engine_core/iv_axis_wrapper_LUT4_7/O
                         net (fo=1, routed)           0.768     5.126    core_inst_gen[0].u_engine_core/iv_axis_wrapper_net_53
    SLICE_X103Y199       LUT6 (Prop_lut6_I5_O)        0.097     5.223 f  core_inst_gen[0].u_engine_core/iv_axis_wrapper_LUT6/O
                         net (fo=128, routed)         5.235    10.458    core_inst_gen[0].u_engine_core/iv_axis_wrapper_net_54
    SLICE_X50Y132        LUT5 (Prop_lut5_I2_O)        0.097    10.555 r  core_inst_gen[0].u_engine_core/iv_axis_wrapper_LUT5_48/O
                         net (fo=64, routed)          6.383    16.938    core_inst_gen[0].u_engine_core/iv_done_gamma[22]
    SLICE_X110Y141       FDRE                                         r  core_inst_gen[0].u_engine_core/fifo_mem_reg[40][118]/D
  -------------------------------------------------------------------    -------------------

                         (clock aclk rise edge)       0.000     0.000 r  
                                                      0.000     0.000 r  aclk (IN)
                         net (fo=138870, unset)       1.189     1.189    core_inst_gen[0].u_engine_core/aclk
    SLICE_X110Y141       FDRE                                         r  core_inst_gen[0].u_engine_core/fifo_mem_reg[40][118]/C

Slack:                    inf
  Source:                 s_axis_tdata[142]
                            (input port)
  Destination:            core_inst_gen[1].u_engine_core/fifo_mem_reg[60][103]/D
                            (rising edge-triggered cell FDRE clocked by aclk  {rise@0.000ns fall@5.000ns period=10.000ns})
  Path Group:             (none)
  Path Type:              Setup (Max at Slow Process Corner)
  Data Path Delay:        16.838ns  (logic 0.291ns (1.728%)  route 16.547ns (98.272%))
  Logic Levels:           3  (LUT4=1 LUT5=1 LUT6=1)
  Clock Path Skew:        1.149ns (DCD - SCD + CPR)
    Destination Clock Delay (DCD):    1.149ns
    Source Clock Delay      (SCD):    0.000ns
    Clock Pessimism Removal (CPR):    0.000ns
  Clock Uncertainty:      0.025ns  ((TSJ^2 + TIJ^2)^1/2 + DJ) / 2 + PE
    Total System Jitter     (TSJ):    0.050ns
    Total Input Jitter      (TIJ):    0.000ns
    Discrete Jitter          (DJ):    0.000ns
    Phase Error              (PE):    0.000ns

    Location             Delay type                Incr(ns)  Path(ns)    Netlist Resource(s)
  -------------------------------------------------------------------    -------------------
                                                      0.000     0.000 r  s_axis_tdata[142] (IN)
                         net (fo=12, unset)           0.704     0.704    core_inst_gen[3].u_engine_core/u_iv_top/gen_init_guess.u_init_guess/u_init_divider/s_axis_tdata[14]
    SLICE_X136Y189       LUT4 (Prop_lut4_I3_O)        0.097     0.801 r  core_inst_gen[3].u_engine_core/u_iv_top/gen_init_guess.u_init_guess/u_init_divider/ctx_C_reg_i_10/O
                         net (fo=5, routed)           2.683     3.484    core_inst_gen[1].u_engine_core/fifo_mem_reg[0][127]_1
    SLICE_X85Y196        LUT6 (Prop_lut6_I0_O)        0.097     3.581 f  core_inst_gen[1].u_engine_core/iv_axis_wrapper1_LUT6_129/O
                         net (fo=128, routed)         7.855    11.436    core_inst_gen[1].u_engine_core/iv_axis_wrapper1_net_56
    SLICE_X15Y166        LUT5 (Prop_lut5_I2_O)        0.097    11.533 r  core_inst_gen[1].u_engine_core/iv_axis_wrapper1_LUT5_55/O
                         net (fo=64, routed)          5.306    16.838    core_inst_gen[1].u_engine_core/iv_done_gamma[7]
    SLICE_X69Y195        FDRE                                         r  core_inst_gen[1].u_engine_core/fifo_mem_reg[60][103]/D
  -------------------------------------------------------------------    -------------------

                         (clock aclk rise edge)       0.000     0.000 r  
                                                      0.000     0.000 r  aclk (IN)
                         net (fo=138870, unset)       1.149     1.149    core_inst_gen[1].u_engine_core/aclk
    SLICE_X69Y195        FDRE                                         r  core_inst_gen[1].u_engine_core/fifo_mem_reg[60][103]/C

Slack:                    inf
  Source:                 s_axis_tdata[159]
                            (input port)
  Destination:            core_inst_gen[0].u_engine_core/fifo_mem_reg[4][79]/D
                            (rising edge-triggered cell FDRE clocked by aclk  {rise@0.000ns fall@5.000ns period=10.000ns})
  Path Group:             (none)
  Path Type:              Setup (Max at Slow Process Corner)
  Data Path Delay:        16.816ns  (logic 0.388ns (2.307%)  route 16.428ns (97.693%))
  Logic Levels:           4  (LUT4=2 LUT5=1 LUT6=1)
  Clock Path Skew:        1.379ns (DCD - SCD + CPR)
    Destination Clock Delay (DCD):    1.379ns
    Source Clock Delay      (SCD):    0.000ns
    Clock Pessimism Removal (CPR):    0.000ns
  Clock Uncertainty:      0.025ns  ((TSJ^2 + TIJ^2)^1/2 + DJ) / 2 + PE
    Total System Jitter     (TSJ):    0.050ns
    Total Input Jitter      (TIJ):    0.000ns
    Discrete Jitter          (DJ):    0.000ns
    Phase Error              (PE):    0.000ns

    Location             Delay type                Incr(ns)  Path(ns)    Netlist Resource(s)
  -------------------------------------------------------------------    -------------------
                                                      0.000     0.000 r  s_axis_tdata[159] (IN)
                         net (fo=32, unset)           0.704     0.704    core_inst_gen[3].u_engine_core/u_iv_top/gen_init_guess.u_init_guess/u_init_divider/s_axis_tdata[31]
    SLICE_X102Y140       LUT4 (Prop_lut4_I3_O)        0.097     0.801 r  core_inst_gen[3].u_engine_core/u_iv_top/gen_init_guess.u_init_guess/u_init_divider/ctx_C_reg_i_11/O
                         net (fo=6, routed)           3.460     4.261    core_inst_gen[0].u_engine_core/fifo_mem_reg[0][127]_2
    SLICE_X104Y199       LUT4 (Prop_lut4_I0_O)        0.097     4.358 f  core_inst_gen[0].u_engine_core/iv_axis_wrapper_LUT4_7/O
                         net (fo=1, routed)           0.768     5.126    core_inst_gen[0].u_engine_core/iv_axis_wrapper_net_53
    SLICE_X103Y199       LUT6 (Prop_lut6_I5_O)        0.097     5.223 f  core_inst_gen[0].u_engine_core/iv_axis_wrapper_LUT6/O
                         net (fo=128, routed)         7.235    12.458    core_inst_gen[0].u_engine_core/iv_axis_wrapper_net_54
    SLICE_X38Y171        LUT5 (Prop_lut5_I2_O)        0.097    12.555 r  core_inst_gen[0].u_engine_core/iv_axis_wrapper_LUT5_66/O
                         net (fo=64, routed)          4.261    16.816    core_inst_gen[0].u_engine_core/iv_done_vega[15]
    SLICE_X36Y241        FDRE                                         r  core_inst_gen[0].u_engine_core/fifo_mem_reg[4][79]/D
  -------------------------------------------------------------------    -------------------

                         (clock aclk rise edge)       0.000     0.000 r  
                                                      0.000     0.000 r  aclk (IN)
                         net (fo=138870, unset)       1.379     1.379    core_inst_gen[0].u_engine_core/aclk
    SLICE_X36Y241        FDRE                                         r  core_inst_gen[0].u_engine_core/fifo_mem_reg[4][79]/C

Slack:                    inf
  Source:                 s_axis_tdata[142]
                            (input port)
  Destination:            core_inst_gen[1].u_engine_core/fifo_mem_reg[48][103]/D
                            (rising edge-triggered cell FDRE clocked by aclk  {rise@0.000ns fall@5.000ns period=10.000ns})
  Path Group:             (none)
  Path Type:              Setup (Max at Slow Process Corner)
  Data Path Delay:        16.771ns  (logic 0.291ns (1.735%)  route 16.480ns (98.265%))
  Logic Levels:           3  (LUT4=1 LUT5=1 LUT6=1)
  Clock Path Skew:        1.138ns (DCD - SCD + CPR)
    Destination Clock Delay (DCD):    1.138ns
    Source Clock Delay      (SCD):    0.000ns
    Clock Pessimism Removal (CPR):    0.000ns
  Clock Uncertainty:      0.025ns  ((TSJ^2 + TIJ^2)^1/2 + DJ) / 2 + PE
    Total System Jitter     (TSJ):    0.050ns
    Total Input Jitter      (TIJ):    0.000ns
    Discrete Jitter          (DJ):    0.000ns
    Phase Error              (PE):    0.000ns

    Location             Delay type                Incr(ns)  Path(ns)    Netlist Resource(s)
  -------------------------------------------------------------------    -------------------
                                                      0.000     0.000 r  s_axis_tdata[142] (IN)
                         net (fo=12, unset)           0.704     0.704    core_inst_gen[3].u_engine_core/u_iv_top/gen_init_guess.u_init_guess/u_init_divider/s_axis_tdata[14]
    SLICE_X136Y189       LUT4 (Prop_lut4_I3_O)        0.097     0.801 r  core_inst_gen[3].u_engine_core/u_iv_top/gen_init_guess.u_init_guess/u_init_divider/ctx_C_reg_i_10/O
                         net (fo=5, routed)           2.683     3.484    core_inst_gen[1].u_engine_core/fifo_mem_reg[0][127]_1
    SLICE_X85Y196        LUT6 (Prop_lut6_I0_O)        0.097     3.581 f  core_inst_gen[1].u_engine_core/iv_axis_wrapper1_LUT6_129/O
                         net (fo=128, routed)         7.855    11.436    core_inst_gen[1].u_engine_core/iv_axis_wrapper1_net_56
    SLICE_X15Y166        LUT5 (Prop_lut5_I2_O)        0.097    11.533 r  core_inst_gen[1].u_engine_core/iv_axis_wrapper1_LUT5_55/O
                         net (fo=64, routed)          5.238    16.771    core_inst_gen[1].u_engine_core/iv_done_gamma[7]
    SLICE_X76Y188        FDRE                                         r  core_inst_gen[1].u_engine_core/fifo_mem_reg[48][103]/D
  -------------------------------------------------------------------    -------------------

                         (clock aclk rise edge)       0.000     0.000 r  
                                                      0.000     0.000 r  aclk (IN)
                         net (fo=138870, unset)       1.138     1.138    core_inst_gen[1].u_engine_core/aclk
    SLICE_X76Y188        FDRE                                         r  core_inst_gen[1].u_engine_core/fifo_mem_reg[48][103]/C

Slack:                    inf
  Source:                 s_axis_tdata[142]
                            (input port)
  Destination:            core_inst_gen[1].u_engine_core/fifo_mem_reg[62][103]/D
                            (rising edge-triggered cell FDRE clocked by aclk  {rise@0.000ns fall@5.000ns period=10.000ns})
  Path Group:             (none)
  Path Type:              Setup (Max at Slow Process Corner)
  Data Path Delay:        16.771ns  (logic 0.291ns (1.735%)  route 16.480ns (98.265%))
  Logic Levels:           3  (LUT4=1 LUT5=1 LUT6=1)
  Clock Path Skew:        1.138ns (DCD - SCD + CPR)
    Destination Clock Delay (DCD):    1.138ns
    Source Clock Delay      (SCD):    0.000ns
    Clock Pessimism Removal (CPR):    0.000ns
  Clock Uncertainty:      0.025ns  ((TSJ^2 + TIJ^2)^1/2 + DJ) / 2 + PE
    Total System Jitter     (TSJ):    0.050ns
    Total Input Jitter      (TIJ):    0.000ns
    Discrete Jitter          (DJ):    0.000ns
    Phase Error              (PE):    0.000ns

    Location             Delay type                Incr(ns)  Path(ns)    Netlist Resource(s)
  -------------------------------------------------------------------    -------------------
                                                      0.000     0.000 r  s_axis_tdata[142] (IN)
                         net (fo=12, unset)           0.704     0.704    core_inst_gen[3].u_engine_core/u_iv_top/gen_init_guess.u_init_guess/u_init_divider/s_axis_tdata[14]
    SLICE_X136Y189       LUT4 (Prop_lut4_I3_O)        0.097     0.801 r  core_inst_gen[3].u_engine_core/u_iv_top/gen_init_guess.u_init_guess/u_init_divider/ctx_C_reg_i_10/O
                         net (fo=5, routed)           2.683     3.484    core_inst_gen[1].u_engine_core/fifo_mem_reg[0][127]_1
    SLICE_X85Y196        LUT6 (Prop_lut6_I0_O)        0.097     3.581 f  core_inst_gen[1].u_engine_core/iv_axis_wrapper1_LUT6_129/O
                         net (fo=128, routed)         7.855    11.436    core_inst_gen[1].u_engine_core/iv_axis_wrapper1_net_56
    SLICE_X15Y166        LUT5 (Prop_lut5_I2_O)        0.097    11.533 r  core_inst_gen[1].u_engine_core/iv_axis_wrapper1_LUT5_55/O
                         net (fo=64, routed)          5.238    16.771    core_inst_gen[1].u_engine_core/iv_done_gamma[7]
    SLICE_X77Y188        FDRE                                         r  core_inst_gen[1].u_engine_core/fifo_mem_reg[62][103]/D
  -------------------------------------------------------------------    -------------------

                         (clock aclk rise edge)       0.000     0.000 r  
                                                      0.000     0.000 r  aclk (IN)
                         net (fo=138870, unset)       1.138     1.138    core_inst_gen[1].u_engine_core/aclk
    SLICE_X77Y188        FDRE                                         r  core_inst_gen[1].u_engine_core/fifo_mem_reg[62][103]/C

Slack:                    inf
  Source:                 s_axis_tdata[159]
                            (input port)
  Destination:            core_inst_gen[0].u_engine_core/fifo_mem_reg[45][118]/D
                            (rising edge-triggered cell FDRE clocked by aclk  {rise@0.000ns fall@5.000ns period=10.000ns})
  Path Group:             (none)
  Path Type:              Setup (Max at Slow Process Corner)
  Data Path Delay:        16.737ns  (logic 0.388ns (2.318%)  route 16.349ns (97.682%))
  Logic Levels:           4  (LUT4=2 LUT5=1 LUT6=1)
  Clock Path Skew:        1.189ns (DCD - SCD + CPR)
    Destination Clock Delay (DCD):    1.189ns
    Source Clock Delay      (SCD):    0.000ns
    Clock Pessimism Removal (CPR):    0.000ns
  Clock Uncertainty:      0.025ns  ((TSJ^2 + TIJ^2)^1/2 + DJ) / 2 + PE
    Total System Jitter     (TSJ):    0.050ns
    Total Input Jitter      (TIJ):    0.000ns
    Discrete Jitter          (DJ):    0.000ns
    Phase Error              (PE):    0.000ns

    Location             Delay type                Incr(ns)  Path(ns)    Netlist Resource(s)
  -------------------------------------------------------------------    -------------------
                                                      0.000     0.000 r  s_axis_tdata[159] (IN)
                         net (fo=32, unset)           0.704     0.704    core_inst_gen[3].u_engine_core/u_iv_top/gen_init_guess.u_init_guess/u_init_divider/s_axis_tdata[31]
    SLICE_X102Y140       LUT4 (Prop_lut4_I3_O)        0.097     0.801 r  core_inst_gen[3].u_engine_core/u_iv_top/gen_init_guess.u_init_guess/u_init_divider/ctx_C_reg_i_11/O
                         net (fo=6, routed)           3.460     4.261    core_inst_gen[0].u_engine_core/fifo_mem_reg[0][127]_2
    SLICE_X104Y199       LUT4 (Prop_lut4_I0_O)        0.097     4.358 f  core_inst_gen[0].u_engine_core/iv_axis_wrapper_LUT4_7/O
                         net (fo=1, routed)           0.768     5.126    core_inst_gen[0].u_engine_core/iv_axis_wrapper_net_53
    SLICE_X103Y199       LUT6 (Prop_lut6_I5_O)        0.097     5.223 f  core_inst_gen[0].u_engine_core/iv_axis_wrapper_LUT6/O
                         net (fo=128, routed)         5.235    10.458    core_inst_gen[0].u_engine_core/iv_axis_wrapper_net_54
    SLICE_X50Y132        LUT5 (Prop_lut5_I2_O)        0.097    10.555 r  core_inst_gen[0].u_engine_core/iv_axis_wrapper_LUT5_48/O
                         net (fo=64, routed)          6.181    16.737    core_inst_gen[0].u_engine_core/iv_done_gamma[22]
    SLICE_X108Y141       FDRE                                         r  core_inst_gen[0].u_engine_core/fifo_mem_reg[45][118]/D
  -------------------------------------------------------------------    -------------------

                         (clock aclk rise edge)       0.000     0.000 r  
                                                      0.000     0.000 r  aclk (IN)
                         net (fo=138870, unset)       1.189     1.189    core_inst_gen[0].u_engine_core/aclk
    SLICE_X108Y141       FDRE                                         r  core_inst_gen[0].u_engine_core/fifo_mem_reg[45][118]/C

Slack:                    inf
  Source:                 s_axis_tdata[159]
                            (input port)
  Destination:            core_inst_gen[0].u_engine_core/fifo_mem_reg[6][43]/D
                            (rising edge-triggered cell FDRE clocked by aclk  {rise@0.000ns fall@5.000ns period=10.000ns})
  Path Group:             (none)
  Path Type:              Setup (Max at Slow Process Corner)
  Data Path Delay:        16.725ns  (logic 0.388ns (2.320%)  route 16.337ns (97.680%))
  Logic Levels:           4  (LUT4=2 LUT5=1 LUT6=1)
  Clock Path Skew:        1.371ns (DCD - SCD + CPR)
    Destination Clock Delay (DCD):    1.371ns
    Source Clock Delay      (SCD):    0.000ns
    Clock Pessimism Removal (CPR):    0.000ns
  Clock Uncertainty:      0.025ns  ((TSJ^2 + TIJ^2)^1/2 + DJ) / 2 + PE
    Total System Jitter     (TSJ):    0.050ns
    Total Input Jitter      (TIJ):    0.000ns
    Discrete Jitter          (DJ):    0.000ns
    Phase Error              (PE):    0.000ns

    Location             Delay type                Incr(ns)  Path(ns)    Netlist Resource(s)
  -------------------------------------------------------------------    -------------------
                                                      0.000     0.000 r  s_axis_tdata[159] (IN)
                         net (fo=32, unset)           0.704     0.704    core_inst_gen[3].u_engine_core/u_iv_top/gen_init_guess.u_init_guess/u_init_divider/s_axis_tdata[31]
    SLICE_X102Y140       LUT4 (Prop_lut4_I3_O)        0.097     0.801 r  core_inst_gen[3].u_engine_core/u_iv_top/gen_init_guess.u_init_guess/u_init_divider/ctx_C_reg_i_11/O
                         net (fo=6, routed)           3.460     4.261    core_inst_gen[0].u_engine_core/fifo_mem_reg[0][127]_2
    SLICE_X104Y199       LUT4 (Prop_lut4_I0_O)        0.097     4.358 f  core_inst_gen[0].u_engine_core/iv_axis_wrapper_LUT4_7/O
                         net (fo=1, routed)           0.768     5.126    core_inst_gen[0].u_engine_core/iv_axis_wrapper_net_53
    SLICE_X103Y199       LUT6 (Prop_lut6_I5_O)        0.097     5.223 f  core_inst_gen[0].u_engine_core/iv_axis_wrapper_LUT6/O
                         net (fo=128, routed)         7.002    12.225    core_inst_gen[0].u_engine_core/iv_axis_wrapper_net_54
    SLICE_X39Y183        LUT5 (Prop_lut5_I2_O)        0.097    12.322 r  core_inst_gen[0].u_engine_core/iv_axis_wrapper_LUT5_5/O
                         net (fo=64, routed)          4.403    16.725    core_inst_gen[0].u_engine_core/iv_done_delta[11]
    SLICE_X34Y222        FDRE                                         r  core_inst_gen[0].u_engine_core/fifo_mem_reg[6][43]/D
  -------------------------------------------------------------------    -------------------

                         (clock aclk rise edge)       0.000     0.000 r  
                                                      0.000     0.000 r  aclk (IN)
                         net (fo=138870, unset)       1.371     1.371    core_inst_gen[0].u_engine_core/aclk
    SLICE_X34Y222        FDRE                                         r  core_inst_gen[0].u_engine_core/fifo_mem_reg[6][43]/C





Min Delay Paths
--------------------------------------------------------------------------------------
Slack:                    inf
  Source:                 s_axis_tdata[96]
                            (input port)
  Destination:            core_inst_gen[0].u_engine_core/u_iv_top/cordic_inst/cordic_pipeline[0].m_pipe_reg[1]/D
                            (rising edge-triggered cell FDCE clocked by aclk  {rise@0.000ns fall@5.000ns period=10.000ns})
  Path Group:             (none)
  Path Type:              Hold (Min at Fast Process Corner)
  Data Path Delay:        0.411ns  (logic 0.000ns (0.000%)  route 0.411ns (100.000%))
  Logic Levels:           0  
  Clock Path Skew:        0.846ns (DCD - SCD - CPR)
    Destination Clock Delay (DCD):    0.846ns
    Source Clock Delay      (SCD):    0.000ns
    Clock Pessimism Removal (CPR):    -0.000ns

    Location             Delay type                Incr(ns)  Path(ns)    Netlist Resource(s)
  -------------------------------------------------------------------    -------------------
                                                      0.000     0.000 r  s_axis_tdata[96] (IN)
                         net (fo=340, unset)          0.411     0.411    core_inst_gen[0].u_engine_core/u_iv_top/cordic_inst/s_axis_tdata[96]
    SLICE_X95Y150        FDCE                                         r  core_inst_gen[0].u_engine_core/u_iv_top/cordic_inst/cordic_pipeline[0].m_pipe_reg[1]/D
  -------------------------------------------------------------------    -------------------

                         (clock aclk rise edge)       0.000     0.000 r  
                                                      0.000     0.000 r  aclk (IN)
                         net (fo=138870, unset)       0.846     0.846    core_inst_gen[0].u_engine_core/u_iv_top/cordic_inst/aclk
    SLICE_X95Y150        FDCE                                         r  core_inst_gen[0].u_engine_core/u_iv_top/cordic_inst/cordic_pipeline[0].m_pipe_reg[1]/C

Slack:                    inf
  Source:                 s_axis_tdata[96]
                            (input port)
  Destination:            core_inst_gen[0].u_engine_core/u_iv_top/cordic_inst/cordic_pipeline[0].m_pipe_reg[1]_rep/D
                            (rising edge-triggered cell FDCE clocked by aclk  {rise@0.000ns fall@5.000ns period=10.000ns})
  Path Group:             (none)
  Path Type:              Hold (Min at Fast Process Corner)
  Data Path Delay:        0.411ns  (logic 0.000ns (0.000%)  route 0.411ns (100.000%))
  Logic Levels:           0  
  Clock Path Skew:        0.847ns (DCD - SCD - CPR)
    Destination Clock Delay (DCD):    0.847ns
    Source Clock Delay      (SCD):    0.000ns
    Clock Pessimism Removal (CPR):    -0.000ns

    Location             Delay type                Incr(ns)  Path(ns)    Netlist Resource(s)
  -------------------------------------------------------------------    -------------------
                                                      0.000     0.000 r  s_axis_tdata[96] (IN)
                         net (fo=340, unset)          0.411     0.411    core_inst_gen[0].u_engine_core/u_iv_top/cordic_inst/s_axis_tdata[96]
    SLICE_X57Y162        FDCE                                         r  core_inst_gen[0].u_engine_core/u_iv_top/cordic_inst/cordic_pipeline[0].m_pipe_reg[1]_rep/D
  -------------------------------------------------------------------    -------------------

                         (clock aclk rise edge)       0.000     0.000 r  
                                                      0.000     0.000 r  aclk (IN)
                         net (fo=138870, unset)       0.847     0.847    core_inst_gen[0].u_engine_core/u_iv_top/cordic_inst/aclk
    SLICE_X57Y162        FDCE                                         r  core_inst_gen[0].u_engine_core/u_iv_top/cordic_inst/cordic_pipeline[0].m_pipe_reg[1]_rep/C

Slack:                    inf
  Source:                 s_axis_tdata[96]
                            (input port)
  Destination:            core_inst_gen[0].u_engine_core/u_iv_top/cordic_inst/cordic_pipeline[0].m_pipe_reg[1]_rep__0/D
                            (rising edge-triggered cell FDCE clocked by aclk  {rise@0.000ns fall@5.000ns period=10.000ns})
  Path Group:             (none)
  Path Type:              Hold (Min at Fast Process Corner)
  Data Path Delay:        0.411ns  (logic 0.000ns (0.000%)  route 0.411ns (100.000%))
  Logic Levels:           0  
  Clock Path Skew:        0.830ns (DCD - SCD - CPR)
    Destination Clock Delay (DCD):    0.830ns
    Source Clock Delay      (SCD):    0.000ns
    Clock Pessimism Removal (CPR):    -0.000ns

    Location             Delay type                Incr(ns)  Path(ns)    Netlist Resource(s)
  -------------------------------------------------------------------    -------------------
                                                      0.000     0.000 r  s_axis_tdata[96] (IN)
                         net (fo=340, unset)          0.411     0.411    core_inst_gen[0].u_engine_core/u_iv_top/cordic_inst/s_axis_tdata[96]
    SLICE_X73Y172        FDCE                                         r  core_inst_gen[0].u_engine_core/u_iv_top/cordic_inst/cordic_pipeline[0].m_pipe_reg[1]_rep__0/D
  -------------------------------------------------------------------    -------------------

                         (clock aclk rise edge)       0.000     0.000 r  
                                                      0.000     0.000 r  aclk (IN)
                         net (fo=138870, unset)       0.830     0.830    core_inst_gen[0].u_engine_core/u_iv_top/cordic_inst/aclk
    SLICE_X73Y172        FDCE                                         r  core_inst_gen[0].u_engine_core/u_iv_top/cordic_inst/cordic_pipeline[0].m_pipe_reg[1]_rep__0/C

Slack:                    inf
  Source:                 s_axis_tdata[96]
                            (input port)
  Destination:            core_inst_gen[0].u_engine_core/u_iv_top/cordic_inst/cordic_pipeline[0].m_pipe_reg[1]_rep__1/D
                            (rising edge-triggered cell FDCE clocked by aclk  {rise@0.000ns fall@5.000ns period=10.000ns})
  Path Group:             (none)
  Path Type:              Hold (Min at Fast Process Corner)
  Data Path Delay:        0.411ns  (logic 0.000ns (0.000%)  route 0.411ns (100.000%))
  Logic Levels:           0  
  Clock Path Skew:        0.876ns (DCD - SCD - CPR)
    Destination Clock Delay (DCD):    0.876ns
    Source Clock Delay      (SCD):    0.000ns
    Clock Pessimism Removal (CPR):    -0.000ns

    Location             Delay type                Incr(ns)  Path(ns)    Netlist Resource(s)
  -------------------------------------------------------------------    -------------------
                                                      0.000     0.000 r  s_axis_tdata[96] (IN)
                         net (fo=340, unset)          0.411     0.411    core_inst_gen[0].u_engine_core/u_iv_top/cordic_inst/s_axis_tdata[96]
    SLICE_X40Y183        FDCE                                         r  core_inst_gen[0].u_engine_core/u_iv_top/cordic_inst/cordic_pipeline[0].m_pipe_reg[1]_rep__1/D
  -------------------------------------------------------------------    -------------------

                         (clock aclk rise edge)       0.000     0.000 r  
                                                      0.000     0.000 r  aclk (IN)
                         net (fo=138870, unset)       0.876     0.876    core_inst_gen[0].u_engine_core/u_iv_top/cordic_inst/aclk
    SLICE_X40Y183        FDCE                                         r  core_inst_gen[0].u_engine_core/u_iv_top/cordic_inst/cordic_pipeline[0].m_pipe_reg[1]_rep__1/C

Slack:                    inf
  Source:                 s_axis_tdata[160]
                            (input port)
  Destination:            core_inst_gen[0].u_engine_core/u_iv_top/cordic_tid_gen[17].tid_pipe_cordic_reg[18][0]_srl18_core_inst_gen_c_16/D
                            (rising edge-triggered cell SRLC32E clocked by aclk  {rise@0.000ns fall@5.000ns period=10.000ns})
  Path Group:             (none)
  Path Type:              Hold (Min at Fast Process Corner)
  Data Path Delay:        0.411ns  (logic 0.000ns (0.000%)  route 0.411ns (100.000%))
  Logic Levels:           0  
  Clock Path Skew:        0.834ns (DCD - SCD - CPR)
    Destination Clock Delay (DCD):    0.834ns
    Source Clock Delay      (SCD):    0.000ns
    Clock Pessimism Removal (CPR):    -0.000ns

    Location             Delay type                Incr(ns)  Path(ns)    Netlist Resource(s)
  -------------------------------------------------------------------    -------------------
                                                      0.000     0.000 r  s_axis_tdata[160] (IN)
                         net (fo=101, unset)          0.411     0.411    core_inst_gen[0].u_engine_core/u_iv_top/s_axis_tdata[160]
    SLICE_X90Y182        SRLC32E                                      r  core_inst_gen[0].u_engine_core/u_iv_top/cordic_tid_gen[17].tid_pipe_cordic_reg[18][0]_srl18_core_inst_gen_c_16/D
  -------------------------------------------------------------------    -------------------

                         (clock aclk rise edge)       0.000     0.000 r  
                                                      0.000     0.000 r  aclk (IN)
                         net (fo=138870, unset)       0.834     0.834    core_inst_gen[0].u_engine_core/u_iv_top/aclk
    SLICE_X90Y182        SRLC32E                                      r  core_inst_gen[0].u_engine_core/u_iv_top/cordic_tid_gen[17].tid_pipe_cordic_reg[18][0]_srl18_core_inst_gen_c_16/CLK

Slack:                    inf
  Source:                 s_axis_tdata[161]
                            (input port)
  Destination:            core_inst_gen[0].u_engine_core/u_iv_top/cordic_tid_gen[17].tid_pipe_cordic_reg[18][1]_srl18_core_inst_gen_c_16/D
                            (rising edge-triggered cell SRLC32E clocked by aclk  {rise@0.000ns fall@5.000ns period=10.000ns})
  Path Group:             (none)
  Path Type:              Hold (Min at Fast Process Corner)
  Data Path Delay:        0.411ns  (logic 0.000ns (0.000%)  route 0.411ns (100.000%))
  Logic Levels:           0  
  Clock Path Skew:        0.837ns (DCD - SCD - CPR)
    Destination Clock Delay (DCD):    0.837ns
    Source Clock Delay      (SCD):    0.000ns
    Clock Pessimism Removal (CPR):    -0.000ns

    Location             Delay type                Incr(ns)  Path(ns)    Netlist Resource(s)
  -------------------------------------------------------------------    -------------------
                                                      0.000     0.000 r  s_axis_tdata[161] (IN)
                         net (fo=101, unset)          0.411     0.411    core_inst_gen[0].u_engine_core/u_iv_top/s_axis_tdata[161]
    SLICE_X92Y182        SRLC32E                                      r  core_inst_gen[0].u_engine_core/u_iv_top/cordic_tid_gen[17].tid_pipe_cordic_reg[18][1]_srl18_core_inst_gen_c_16/D
  -------------------------------------------------------------------    -------------------

                         (clock aclk rise edge)       0.000     0.000 r  
                                                      0.000     0.000 r  aclk (IN)
                         net (fo=138870, unset)       0.837     0.837    core_inst_gen[0].u_engine_core/u_iv_top/aclk
    SLICE_X92Y182        SRLC32E                                      r  core_inst_gen[0].u_engine_core/u_iv_top/cordic_tid_gen[17].tid_pipe_cordic_reg[18][1]_srl18_core_inst_gen_c_16/CLK

Slack:                    inf
  Source:                 s_axis_tdata[162]
                            (input port)
  Destination:            core_inst_gen[0].u_engine_core/u_iv_top/cordic_tid_gen[17].tid_pipe_cordic_reg[18][2]_srl18_core_inst_gen_c_16/D
                            (rising edge-triggered cell SRLC32E clocked by aclk  {rise@0.000ns fall@5.000ns period=10.000ns})
  Path Group:             (none)
  Path Type:              Hold (Min at Fast Process Corner)
  Data Path Delay:        0.411ns  (logic 0.000ns (0.000%)  route 0.411ns (100.000%))
  Logic Levels:           0  
  Clock Path Skew:        0.829ns (DCD - SCD - CPR)
    Destination Clock Delay (DCD):    0.829ns
    Source Clock Delay      (SCD):    0.000ns
    Clock Pessimism Removal (CPR):    -0.000ns

    Location             Delay type                Incr(ns)  Path(ns)    Netlist Resource(s)
  -------------------------------------------------------------------    -------------------
                                                      0.000     0.000 r  s_axis_tdata[162] (IN)
                         net (fo=69, unset)           0.411     0.411    core_inst_gen[0].u_engine_core/u_iv_top/s_axis_tdata[162]
    SLICE_X84Y188        SRLC32E                                      r  core_inst_gen[0].u_engine_core/u_iv_top/cordic_tid_gen[17].tid_pipe_cordic_reg[18][2]_srl18_core_inst_gen_c_16/D
  -------------------------------------------------------------------    -------------------

                         (clock aclk rise edge)       0.000     0.000 r  
                                                      0.000     0.000 r  aclk (IN)
                         net (fo=138870, unset)       0.829     0.829    core_inst_gen[0].u_engine_core/u_iv_top/aclk
    SLICE_X84Y188        SRLC32E                                      r  core_inst_gen[0].u_engine_core/u_iv_top/cordic_tid_gen[17].tid_pipe_cordic_reg[18][2]_srl18_core_inst_gen_c_16/CLK

Slack:                    inf
  Source:                 s_axis_tdata[163]
                            (input port)
  Destination:            core_inst_gen[0].u_engine_core/u_iv_top/cordic_tid_gen[17].tid_pipe_cordic_reg[18][3]_srl18_core_inst_gen_c_16/D
                            (rising edge-triggered cell SRLC32E clocked by aclk  {rise@0.000ns fall@5.000ns period=10.000ns})
  Path Group:             (none)
  Path Type:              Hold (Min at Fast Process Corner)
  Data Path Delay:        0.411ns  (logic 0.000ns (0.000%)  route 0.411ns (100.000%))
  Logic Levels:           0  
  Clock Path Skew:        0.831ns (DCD - SCD - CPR)
    Destination Clock Delay (DCD):    0.831ns
    Source Clock Delay      (SCD):    0.000ns
    Clock Pessimism Removal (CPR):    -0.000ns

    Location             Delay type                Incr(ns)  Path(ns)    Netlist Resource(s)
  -------------------------------------------------------------------    -------------------
                                                      0.000     0.000 r  s_axis_tdata[163] (IN)
                         net (fo=77, unset)           0.411     0.411    core_inst_gen[0].u_engine_core/u_iv_top/s_axis_tdata[163]
    SLICE_X88Y182        SRLC32E                                      r  core_inst_gen[0].u_engine_core/u_iv_top/cordic_tid_gen[17].tid_pipe_cordic_reg[18][3]_srl18_core_inst_gen_c_16/D
  -------------------------------------------------------------------    -------------------

                         (clock aclk rise edge)       0.000     0.000 r  
                                                      0.000     0.000 r  aclk (IN)
                         net (fo=138870, unset)       0.831     0.831    core_inst_gen[0].u_engine_core/u_iv_top/aclk
    SLICE_X88Y182        SRLC32E                                      r  core_inst_gen[0].u_engine_core/u_iv_top/cordic_tid_gen[17].tid_pipe_cordic_reg[18][3]_srl18_core_inst_gen_c_16/CLK

Slack:                    inf
  Source:                 s_axis_tdata[164]
                            (input port)
  Destination:            core_inst_gen[0].u_engine_core/u_iv_top/cordic_tid_gen[17].tid_pipe_cordic_reg[18][4]_srl18_core_inst_gen_c_16/D
                            (rising edge-triggered cell SRLC32E clocked by aclk  {rise@0.000ns fall@5.000ns period=10.000ns})
  Path Group:             (none)
  Path Type:              Hold (Min at Fast Process Corner)
  Data Path Delay:        0.411ns  (logic 0.000ns (0.000%)  route 0.411ns (100.000%))
  Logic Levels:           0  
  Clock Path Skew:        0.831ns (DCD - SCD - CPR)
    Destination Clock Delay (DCD):    0.831ns
    Source Clock Delay      (SCD):    0.000ns
    Clock Pessimism Removal (CPR):    -0.000ns

    Location             Delay type                Incr(ns)  Path(ns)    Netlist Resource(s)
  -------------------------------------------------------------------    -------------------
                                                      0.000     0.000 r  s_axis_tdata[164] (IN)
                         net (fo=65, unset)           0.411     0.411    core_inst_gen[0].u_engine_core/u_iv_top/s_axis_tdata[164]
    SLICE_X88Y182        SRLC32E                                      r  core_inst_gen[0].u_engine_core/u_iv_top/cordic_tid_gen[17].tid_pipe_cordic_reg[18][4]_srl18_core_inst_gen_c_16/D
  -------------------------------------------------------------------    -------------------

                         (clock aclk rise edge)       0.000     0.000 r  
                                                      0.000     0.000 r  aclk (IN)
                         net (fo=138870, unset)       0.831     0.831    core_inst_gen[0].u_engine_core/u_iv_top/aclk
    SLICE_X88Y182        SRLC32E                                      r  core_inst_gen[0].u_engine_core/u_iv_top/cordic_tid_gen[17].tid_pipe_cordic_reg[18][4]_srl18_core_inst_gen_c_16/CLK

Slack:                    inf
  Source:                 s_axis_tdata[165]
                            (input port)
  Destination:            core_inst_gen[0].u_engine_core/u_iv_top/cordic_tid_gen[17].tid_pipe_cordic_reg[18][5]_srl18_core_inst_gen_c_16/D
                            (rising edge-triggered cell SRLC32E clocked by aclk  {rise@0.000ns fall@5.000ns period=10.000ns})
  Path Group:             (none)
  Path Type:              Hold (Min at Fast Process Corner)
  Data Path Delay:        0.411ns  (logic 0.000ns (0.000%)  route 0.411ns (100.000%))
  Logic Levels:           0  
  Clock Path Skew:        0.831ns (DCD - SCD - CPR)
    Destination Clock Delay (DCD):    0.831ns
    Source Clock Delay      (SCD):    0.000ns
    Clock Pessimism Removal (CPR):    -0.000ns

    Location             Delay type                Incr(ns)  Path(ns)    Netlist Resource(s)
  -------------------------------------------------------------------    -------------------
                                                      0.000     0.000 r  s_axis_tdata[165] (IN)
                         net (fo=65, unset)           0.411     0.411    core_inst_gen[0].u_engine_core/u_iv_top/s_axis_tdata[165]
    SLICE_X88Y182        SRLC32E                                      r  core_inst_gen[0].u_engine_core/u_iv_top/cordic_tid_gen[17].tid_pipe_cordic_reg[18][5]_srl18_core_inst_gen_c_16/D
  -------------------------------------------------------------------    -------------------

                         (clock aclk rise edge)       0.000     0.000 r  
                                                      0.000     0.000 r  aclk (IN)
                         net (fo=138870, unset)       0.831     0.831    core_inst_gen[0].u_engine_core/u_iv_top/aclk
    SLICE_X88Y182        SRLC32E                                      r  core_inst_gen[0].u_engine_core/u_iv_top/cordic_tid_gen[17].tid_pipe_cordic_reg[18][5]_srl18_core_inst_gen_c_16/CLK





