tick,S,K,C,r,T,true_iv,true_delta,true_vega,true_gamma,is_liquid
0,42.472407,57.996073,0.656474,0.043946,1.124792,0.212407,0.146674,10.346178,0.024006,0
1,29.359671,21.745491,10.485423,0.044045,1.312647,0.433229,0.833852,8.387503,0.017111,0
2,21.235070,29.281821,0.387949,0.028494,1.265420,0.222730,0.155472,5.703546,0.044877,0
3,31.004271,28.305956,4.960878,0.037278,0.834659,0.266492,0.733527,9.303908,0.043514,1
4,56.711174,45.235424,13.203310,0.034654,0.509003,0.332428,0.874154,8.368195,0.015377,0
5,67.110558,56.357544,13.090047,0.043697,0.819928,0.168580,0.927165,8.411703,0.013512,0
6,56.452691,46.255466,11.904178,0.057955,0.191072,0.536253,0.844793,5.885298,0.018023,0
7,68.503841,62.559738,8.262792,0.047369,0.236741,0.326061,0.764897,10.245223,0.028283,1
8,27.322294,28.596164,0.643075,0.056373,0.148144,0.253512,0.369702,3.969552,0.141587,1
9,59.751337,54.863543,8.721220,0.041868,0.828095,0.223942,0.755158,17.087194,0.025808,1
10,78.175078,97.139802,10.243810,0.055793,1.415299,0.389160,0.473250,37.018999,0.010998,0
11,75.312454,57.383929,18.635197,0.021809,0.374376,0.280132,0.957243,4.191378,0.007046,0
12,43.320637,38.552955,8.564306,0.034270,1.260233,0.262374,0.754827,15.293929,0.024647,1
13,52.561765,41.978294,17.852809,0.022982,1.223076,0.544755,0.764571,17.881272,0.009714,0
14,66.334686,55.661500,11.400248,0.052618,0.107731,0.432743,0.910847,3.510887,0.017115,0
15,63.740430,79.031074,0.019921,0.034339,0.203663,0.196348,0.010628,0.808504,0.004976,0
16,71.786206,81.571289,2.814465,0.022542,0.563257,0.274393,0.324233,19.371924,0.024323,1
17,39.510999,47.836928,3.252391,0.055489,0.992580,0.338886,0.407330,15.278410,0.029095,0
18,27.175655,32.590984,3.961536,0.042451,1.165099,0.458387,0.492058,11.699989,0.029664,0
19,49.627736,52.898848,2.173333,0.021017,0.698557,0.193157,0.411484,16.138616,0.048563,1
20,21.885751,25.069850,2.303767,0.040343,0.540098,0.513027,0.454636,6.375116,0.048034,1
21,34.957534,34.512456,3.517517,0.029152,1.157772,0.180792,0.631804,14.179288,0.055433,1
22,37.385087,30.388651,11.775778,0.052325,1.401577,0.403362,0.795667,12.550900,0.015884,0
23,72.287635,91.268233,1.555219,0.055702,0.361198,0.365737,0.195097,11.981714,0.017357,0
24,68.446409,90.846449,0.393759,0.024402,0.545205,0.241174,0.076918,7.293005,0.011839,0
25,45.626467,58.064714,3.837062,0.020278,1.305023,0.354299,0.371509,19.705818,0.020473,0
26,45.044660,38.534602,8.737649,0.033505,0.267812,0.527164,0.770799,7.064505,0.024662,0
27,39.392176,41.879927,8.339428,0.034545,1.084227,0.538713,0.594086,15.906433,0.017550,1
28,77.746838,68.125480,13.873314,0.032035,0.796148,0.263936,0.784361,20.304549,0.015986,1
29,22.213217,25.027521,1.196652,0.022059,0.803751,0.261459,0.375977,7.557708,0.072886,1
30,74.495953,64.639641,14.602526,0.039578,0.302853,0.544260,0.746526,13.123077,0.014346,0
31,34.523316,40.409365,4.892858,0.029506,1.166267,0.441287,0.492082,14.870860,0.024243,1
32,42.066988,48.066333,1.607999,0.041431,0.986942,0.186116,0.341840,15.344340,0.047205,1
33,70.118150,64.827458,9.531613,0.021631,0.361126,0.386357,0.687095,14.925720,0.021758,1
34,60.653862,43.161984,20.080623,0.029060,0.816930,0.408069,0.879245,11.015095,0.008982,0
35,30.461986,36.056525,0.638177,0.057469,0.641429,0.205008,0.235669,7.508932,0.061538,0
36,40.463981,31.538900,11.971014,0.055094,1.394571,0.253177,0.892500,8.837887,0.015288,0
37,59.599043,75.813293,1.568743,0.041186,0.877281,0.246741,0.220847,16.565124,0.021544,0
38,25.586166,33.979734,1.428731,0.045324,1.360585,0.285612,0.308563,10.507681,0.041304,0
39,40.952574,49.477630,6.937944,0.055483,1.355954,0.461950,0.522834,18.993353,0.018080,0
40,58.521899,44.412150,15.413886,0.055942,0.326280,0.392572,0.922754,4.839461,0.011032,0
41,20.551823,15.846074,5.210911,0.020202,1.028902,0.214323,0.919304,3.119565,0.033493,0
42,52.924027,62.679335,6.373144,0.028971,1.012746,0.434872,0.459892,21.140289,0.017137,0
43,34.234945,31.762490,8.894272,0.045985,1.145088,0.489689,0.693412,12.861785,0.019571,1
44,59.456774,65.272599,1.103598,0.034709,0.231145,0.256081,0.263930,9.343679,0.044653,1
45,34.639379,47.840702,1.332767,0.055682,0.650337,0.402455,0.235452,8.593396,0.027363,0
46,67.688678,71.198063,5.417910,0.039701,0.907665,0.228097,0.516702,25.704442,0.027098,1
47,63.347127,56.793275,7.068620,0.045819,0.134042,0.220844,0.928825,3.154111,0.026552,1
48,76.427515,104.533734,0.530392,0.034806,1.380810,0.156183,0.088069,14.350439,0.011392,0
49,75.699114,75.678592,20.170951,0.058545,1.453317,0.491204,0.670112,33.044458,0.008078,1
50,37.666934,36.520669,5.061153,0.032677,1.291591,0.217797,0.662438,15.641823,0.039191,1
51,53.408076,72.384411,0.519408,0.042802,1.074442,0.188871,0.111202,10.491088,0.018124,0
52,56.900434,79.264449,1.074745,0.040733,0.296118,0.500949,0.150224,7.226569,0.015047,0
53,64.446117,76.556253,3.868235,0.034380,1.083478,0.267437,0.364830,25.210664,0.020948,0
54,68.561669,86.873077,6.898396,0.056530,1.313901,0.354537,0.422101,30.752933,0.014044,0
55,50.090978,63.054855,5.996392,0.048079,1.009950,0.468317,0.440165,19.856267,0.016732,0
56,73.400321,68.746491,11.590207,0.023759,0.625816,0.381312,0.661758,21.233616,0.016516,1
57,22.156536,22.730803,3.163308,0.031462,0.859702,0.386333,0.572671,8.059346,0.049429,1
58,21.830015,15.851729,6.737583,0.034408,1.251641,0.200824,0.958035,2.188066,0.018267,0
59,51.334596,63.603332,0.126625,0.044916,0.402149,0.184139,0.052387,3.484412,0.017856,0
60,23.100903,24.762973,3.442108,0.045497,0.856889,0.440437,0.551346,8.460270,0.042007,1
61,78.551125,83.374968,4.943488,0.051807,0.552139,0.258333,0.473895,23.235691,0.026401,1
62,46.338285,34.981674,11.790385,0.058506,0.135491,0.484392,0.956405,1.575944,0.011183,0
63,61.758452,60.910327,4.302829,0.026257,0.342612,0.250097,0.590608,14.047839,0.042984,1
64,52.953600,63.555819,8.308081,0.031197,1.024276,0.531946,0.495828,21.379147,0.013993,0
65,64.273815,69.932985,4.896437,0.036784,0.956409,0.249092,0.468045,24.995958,0.025398,1
66,41.358361,50.891143,0.000155,0.024643,0.120151,0.168401,0.000257,0.013728,0.000397,0
67,22.443728,29.150417,0.329262,0.038967,1.085121,0.189134,0.155305,5.578268,0.053959,0
68,49.496953,51.052654,3.167952,0.037354,0.342483,0.309402,0.496121,11.555461,0.044511,1
69,56.951006,65.184160,1.181824,0.034985,0.163426,0.400344,0.236363,7.097596,0.033447,1
70,50.188176,65.221687,0.458180,0.026517,1.022171,0.178227,0.112460,9.693473,0.021124,0
71,58.545157,42.068086,19.964275,0.057609,0.920086,0.380190,0.891395,10.463163,0.008727,0
72,43.290196,49.796788,5.950899,0.041825,0.741554,0.526586,0.494550,14.870668,0.020321,1
73,43.166158,59.259944,0.428123,0.027832,1.367491,0.177745,0.107954,9.364503,0.020677,0
74,26.046680,18.564909,7.684669,0.047320,0.232220,0.178475,0.999980,0.001085,0.000039,0
75,39.138538,50.544005,0.006196,0.052579,0.132581,0.262742,0.005348,0.218795,0.004100,0
76,27.089890,32.175096,3.488665,0.055099,0.980520,0.444028,0.480639,10.688917,0.033454,0
77,68.208856,61.212278,11.853117,0.050025,0.348415,0.472734,0.722350,13.497475,0.017614,1
78,79.430309,78.543261,8.778118,0.051057,0.620825,0.286321,0.619086,23.847021,0.021264,1
79,75.845440,98.666492,5.345190,0.050035,0.700592,0.451817,0.339515,23.248347,0.012767,0
80,26.187432,34.876083,0.641784,0.053058,0.807353,0.278020,0.197501,6.537793,0.042472,0
81,73.731394,71.699443,3.341383,0.056215,0.115173,0.186515,0.717500,8.459317,0.072438,1
82,39.158818,53.453486,4.046550,0.042938,1.430850,0.402735,0.390677,17.980774,0.020349,0
83,46.906731,42.462203,9.088756,0.046901,0.560130,0.450950,0.705933,12.095041,0.021763,1
84,67.494743,84.552871,0.008534,0.039777,0.227689,0.173024,0.004965,0.462811,0.002579,0
85,52.971733,53.452258,5.737304,0.034037,1.342786,0.196827,0.608277,23.580659,0.031796,1
86,28.579501,35.240166,0.442127,0.024045,0.965505,0.183643,0.173069,7.188035,0.049633,0
87,62.058148,46.601580,18.380021,0.048250,1.250604,0.182540,0.964136,5.470841,0.006223,0
88,25.090263,34.891716,1.259538,0.034826,0.623979,0.475120,0.263331,6.470859,0.034672,0
89,76.834915,106.815956,0.551552,0.035050,1.154729,0.183400,0.085695,12.926578,0.010339,0
90,66.628815,72.684240,2.961950,0.056254,0.693911,0.194479,0.414887,21.636504,0.036115,1
91,49.557506,35.084115,15.103457,0.022252,0.756125,0.197527,0.985907,1.546642,0.004216,0
92,27.051575,31.229615,5.142496,0.043335,1.144463,0.534869,0.548462,11.459966,0.025583,1
93,42.492235,38.242946,12.654212,0.028944,1.316039,0.535289,0.705624,16.802817,0.013210,1
94,20.729268,28.583903,0.019145,0.055646,0.160424,0.361080,0.018418,0.374806,0.015058,0
95,79.577888,59.815324,24.619781,0.058772,0.875396,0.359239,0.879093,14.973216,0.007519,0
96,57.763918,68.567162,4.529133,0.045102,0.736357,0.383726,0.399292,19.141291,0.020302,0
97,74.069481,54.204969,23.373896,0.058016,0.493348,0.506106,0.872145,10.879479,0.007942,0
98,47.339405,53.687279,2.389213,0.027525,0.488334,0.335479,0.358603,12.359605,0.033665,1
99,41.201134,45.673899,2.595526,0.058976,0.208828,0.544484,0.405049,7.297520,0.037808,1
100,61.889703,66.547983,6.456666,0.052552,0.533339,0.423892,0.504349,18.030351,0.020821,1
101,29.757016,39.804444,3.476847,0.057992,1.251552,0.440288,0.421922,13.025619,0.026695,0
102,56.804912,56.394219,6.995346,0.054643,1.405820,0.168087,0.698991,23.453348,0.030759,1
103,21.582018,20.794800,3.239304,0.059491,1.234775,0.210167,0.722545,8.037100,0.066491,1
104,55.647843,53.790518,15.313755,0.053685,1.457880,0.485331,0.685980,23.836831,0.010879,1
105,48.121590,47.658354,7.013121,0.022255,0.482770,0.495889,0.591550,12.986120,0.023425,1
106,68.774061,96.270093,8.712997,0.042217,1.495292,0.457595,0.417430,32.829201,0.010144,0
107,76.685944,99.289369,0.169703,0.038022,0.446287,0.201664,0.042342,4.623121,0.008735,0
108,77.243062,86.846092,4.948083,0.046868,0.420100,0.397251,0.401333,19.359102,0.019442,1
109,41.489763,32.340868,13.179962,0.040812,1.040202,0.458927,0.804266,11.693436,0.014230,0
110,51.209810,66.394904,5.420826,0.042438,0.872670,0.500661,0.404308,18.533135,0.016175,0
111,44.208972,35.093553,9.498874,0.050205,0.140296,0.398124,0.952567,1.637376,0.014999,0
112,62.244786,52.850486,10.343275,0.020582,0.290920,0.290235,0.877310,6.821464,0.020852,0
113,55.395061,53.986411,7.161897,0.056166,0.712465,0.289302,0.652268,17.277800,0.027317,1
114,50.839369,63.475856,4.524748,0.044883,0.655160,0.494945,0.389584,15.783755,0.018832,0
115,76.971237,61.804166,20.438251,0.039685,1.397223,0.253298,0.857212,20.523154,0.009788,0
116,47.548145,65.902814,2.205166,0.033150,0.789665,0.403360,0.255117,13.571045,0.018846,0
117,34.408737,25.913369,8.682084,0.025122,0.280432,0.210761,0.996087,0.211665,0.003025,0
118,28.329630,32.539762,2.040096,0.033827,0.354632,0.508715,0.395009,6.495944,0.044865,1
119,48.437698,56.540861,0.150045,0.027692,0.341248,0.166347,0.074088,3.968176,0.029795,1
120,30.136104,26.972212,3.650503,0.023548,0.347815,0.198254,0.859293,3.969411,0.063384,1
121,47.646726,40.234497,10.868560,0.040137,0.609978,0.426158,0.772771,11.222880,0.019018,0
122,22.358728,28.162770,2.697652,0.023270,0.979061,0.499431,0.431004,8.693633,0.035565,0
123,75.252344,55.894023,22.335235,0.052248,0.487629,0.449304,0.882175,10.376990,0.008364,0
124,31.071261,26.303206,6.853549,0.039381,0.618661,0.397302,0.778552,7.263501,0.030609,0
125,42.134818,43.136544,4.524567,0.021467,1.146459,0.250975,0.555083,17.826428,0.034897,1
126,62.800975,83.314586,0.425442,0.041285,0.816348,0.192869,0.089883,9.205430,0.014824,0
127,46.844742,50.256542,2.615682,0.030770,0.439459,0.300914,0.426654,12.178849,0.041969,1
128,21.204272,19.623608,2.180084,0.033100,0.396027,0.197905,0.785106,3.897872,0.110611,1
129,73.431637,81.914072,8.775855,0.051567,1.050743,0.349377,0.510021,30.019575,0.015165,1
130,25.215217,27.130933,2.809491,0.049818,0.921578,0.322664,0.526586,9.635471,0.050964,1
131,27.654818,24.851812,5.090989,0.045837,0.608315,0.378311,0.727152,7.169156,0.040733,1
132,41.365804,57.521660,0.195071,0.029489,0.948085,0.190713,0.062748,4.968818,0.016060,0
133,29.171548,25.442561,4.315753,0.027463,0.324954,0.264038,0.851580,3.849906,0.052728,1
134,30.402416,40.366376,0.055976,0.040980,0.212327,0.314159,0.033945,1.055601,0.017121,0
135,78.942717,61.451161,23.578424,0.058779,0.656998,0.496203,0.821185,16.720692,0.008230,0
136,69.024324,60.778125,13.220186,0.046746,0.339243,0.521750,0.733291,13.211178,0.015666,1
137,53.405774,58.753234,1.870334,0.050780,0.491971,0.224817,0.356477,13.966196,0.044272,1
138,39.420754,39.334246,3.276100,0.029696,0.810655,0.195935,0.593719,13.767133,0.055776,1
139,56.637203,51.089101,10.811531,0.026175,0.913734,0.342456,0.709414,18.549596,0.018480,1
140,51.955366,38.253514,14.267407,0.025377,0.571246,0.175350,0.993535,0.713340,0.002638,0
141,79.397614,73.494218,18.635980,0.030186,1.233824,0.422601,0.683902,31.375933,0.009545,1
142,65.613672,73.287001,4.405876,0.036474,0.760207,0.289547,0.419945,22.361800,0.023598,1
143,75.771749,97.096464,10.209113,0.024972,1.451038,0.442347,0.447904,36.102108,0.009797,0
144,76.300427,63.090011,14.461798,0.049645,0.193095,0.379789,0.899738,5.895414,0.013809,0
145,70.509727,56.255527,17.151250,0.028065,1.213374,0.215462,0.887574,14.834379,0.011413,0
146,29.855948,37.923094,1.489532,0.040923,1.031276,0.293532,0.304413,10.611100,0.039325,0
147,72.632032,70.795283,12.082502,0.037565,1.243239,0.300778,0.649258,30.019936,0.015218,1
148,47.760787,43.508382,8.366430,0.040109,1.146653,0.242885,0.747107,16.351225,0.025738,1
149,73.974474,71.660838,13.555003,0.056259,0.860974,0.399695,0.656054,25.260634,0.013414,1
150,27.013882,36.681678,0.260975,0.033396,0.978791,0.205709,0.107334,4.937502,0.033604,0
151,67.641511,76.708919,9.371613,0.055756,0.846846,0.465439,0.512244,24.821090,0.013763,1
152,29.100493,26.720231,3.227893,0.049758,0.447885,0.163413,0.850538,4.529955,0.073087,1
153,54.193381,66.859517,8.513413,0.033683,1.327472,0.478503,0.490341,24.902427,0.013349,0
154,26.637904,34.429934,0.622350,0.035891,0.278484,0.468918,0.191386,3.831709,0.041352,0
155,28.995046,24.949540,7.634072,0.048801,1.111154,0.406459,0.755379,9.600257,0.025284,0
156,61.636907,66.562134,2.154679,0.033828,0.452519,0.222639,0.368360,15.632374,0.040842,1
157,74.507034,82.581678,10.406618,0.038480,0.661192,0.528913,0.513941,24.154933,0.012442,1
158,29.201084,32.423742,0.862127,0.044458,0.808244,0.157244,0.338831,9.606466,0.088644,1
159,72.327435,97.821611,7.504566,0.047866,0.891186,0.519000,0.388116,26.161017,0.010812,0
160,62.434318,50.370592,15.915189,0.044269,0.906804,0.319652,0.838776,14.538025,0.012867,0
161,64.186654,86.912383,1.184245,0.038034,1.395796,0.195295,0.166463,18.931924,0.016857,0
162,79.090472,101.807522,2.287257,0.056834,0.274528,0.497959,0.218435,12.219794,0.014290,0
163,51.130283,56.953655,2.818025,0.022190,0.658604,0.284079,0.386217,15.875953,0.032458,1
164,68.171207,47.940884,21.821392,0.035927,0.566899,0.364958,0.932242,6.720885,0.006990,0
165,75.191337,70.863489,10.866332,0.049500,0.585734,0.330887,0.682678,20.506559,0.018714,1
166,33.476289,34.035600,2.409704,0.027055,0.297200,0.349347,0.520115,7.271418,0.062494,1
167,45.135527,60.499305,1.769629,0.043224,0.607351,0.402906,0.244340,11.041836,0.022149,0
168,20.785667,24.204414,0.201683,0.058443,0.349250,0.209465,0.157855,2.962475,0.093730,1
169,44.877447,34.095406,15.278209,0.040088,1.495624,0.388154,0.827030,14.042982,0.012011,0
170,24.024589,29.429456,0.196618,0.055922,0.393868,0.232056,0.121147,3.036402,0.057558,0
171,31.441263,22.813302,9.370410,0.042594,0.760894,0.176283,0.991195,0.653944,0.004932,0
172,66.531657,67.682800,7.923698,0.037631,0.834146,0.310305,0.576102,23.799087,0.020772,1
173,53.578420,43.327163,13.083459,0.054471,0.354699,0.528446,0.814211,8.540119,0.015872,0
174,42.398559,37.714420,6.599533,0.036349,1.001599,0.160155,0.850294,9.880550,0.034265,1
175,29.369156,35.277659,1.151038,0.021084,1.022494,0.238789,0.291454,10.189425,0.048383,0
176,33.864488,39.632454,0.594743,0.024164,0.127595,0.469966,0.201972,3.406560,0.049537,1
177,30.712680,35.532183,0.606929,0.023978,0.433456,0.247269,0.226586,6.088498,0.060223,1
178,63.336016,82.272695,6.851926,0.035887,1.262308,0.417234,0.410213,27.666505,0.013095,0
179,32.299058,29.237217,4.966525,0.020520,1.354870,0.184203,0.758467,11.728065,0.045045,1
180,32.473175,23.334332,9.563215,0.043322,0.354010,0.318570,0.972525,1.221959,0.010275,0
181,73.560303,93.584189,1.652253,0.030377,0.578544,0.301877,0.195673,15.458655,0.016358,0
182,55.417697,49.191216,12.086268,0.036376,0.973808,0.370819,0.727567,18.163113,0.016378,1
183,46.167592,41.833657,8.747893,0.050544,1.427835,0.206045,0.792923,15.768212,0.025146,1
184,72.108079,75.079064,11.586454,0.051994,1.352373,0.320085,0.605092,32.285999,0.014344,1
185,21.348158,18.958748,3.803391,0.045339,0.858288,0.253155,0.785032,5.778366,0.058353,1
186,28.361364,36.428788,1.151911,0.041028,1.478163,0.218672,0.280772,11.622822,0.044704,0
187,36.338440,25.904710,12.807869,0.024710,1.380018,0.380607,0.854697,9.743307,0.014048,0
188,36.443313,39.647577,2.911903,0.053190,1.011989,0.232569,0.494755,14.624404,0.046786,1
189,20.659750,16.441441,6.598967,0.054956,1.360026,0.388965,0.814620,6.439453,0.028519,0
190,56.031012,65.305582,1.550774,0.056576,0.345520,0.317508,0.266757,10.824022,0.031427,1
191,42.988312,45.706995,2.092287,0.026651,0.165752,0.445213,0.411644,6.810217,0.049938,1
192,24.967920,28.019162,0.829080,0.035572,0.443489,0.265477,0.317564,5.927048,0.080754,1
193,41.340363,49.746187,1.649804,0.042656,0.515970,0.340420,0.292988,10.213514,0.034024,0
194,59.820270,81.103174,0.287671,0.028598,1.125601,0.162473,0.067737,8.308262,0.012695,0
195,35.735843,39.901018,0.954583,0.039855,0.171996,0.388737,0.287497,5.052462,0.059173,1
196,40.054633,49.653267,0.895056,0.023006,0.249238,0.441276,0.200751,5.610949,0.031799,0
197,49.729479,58.774360,5.187850,0.029856,0.708758,0.477641,0.435696,16.484733,0.019690,0
198,67.964953,80.625976,2.010717,0.043609,0.481003,0.294390,0.263737,15.401819,0.023547,0
199,25.494924,34.217235,0.130935,0.058009,0.291546,0.328402,0.070055,1.849441,0.029718,0
200,31.107976,33.575792,6.526204,0.049289,1.322124,0.472624,0.599154,13.826756,0.022866,1
201,59.527002,70.515305,6.288862,0.029987,1.288874,0.345770,0.445591,26.709457,0.016914,0
202,33.272567,46.294371,3.402109,0.021577,1.421683,0.432230,0.373093,15.019262,0.022078,0
203,75.514899,62.405720,16.457297,0.056620,0.895123,0.163578,0.949173,7.465469,0.008941,0
204,61.845216,56.164381,19.490072,0.058842,1.394155,0.527707,0.725026,24.364675,0.008659,1
205,48.452853,63.154895,6.597949,0.032764,1.282369,0.481566,0.445821,21.687335,0.014959,0
206,22.220458,24.828894,0.298263,0.024823,0.422012,0.180781,0.212668,4.191050,0.111260,1
207,61.777327,57.941725,9.808997,0.022614,1.114673,0.276116,0.674404,23.492424,0.020000,1
208,52.369478,65.645466,3.973359,0.045036,0.546254,0.504391,0.361780,14.505038,0.019196,0
209,56.951791,49.153475,8.162052,0.054804,0.134161,0.158508,0.996449,0.222095,0.003220,0
210,72.482100,77.574402,18.708503,0.051951,1.414695,0.549174,0.631250,32.514627,0.007966,1
211,41.042709,50.771136,2.577481,0.039195,0.662703,0.401002,0.341334,12.260609,0.027389,0
212,72.420627,100.581998,3.281605,0.036711,1.175583,0.318543,0.256737,25.303541,0.012884,0
213,64.254938,55.718284,9.532146,0.034185,0.254664,0.264896,0.884607,6.309198,0.022653,0
214,37.778487,32.622684,6.365392,0.020715,0.158930,0.545089,0.787865,4.366351,0.035315,0
215,45.666388,44.252038,10.913065,0.028730,1.051506,0.529984,0.649959,17.345668,0.014925,1
216,67.180701,51.231176,21.351041,0.055165,0.684613,0.527893,0.822617,14.451924,0.008860,0
217,48.044091,54.260418,0.967898,0.059647,0.333848,0.242669,0.256019,8.932485,0.047767,1
218,76.563906,88.412374,4.084342,0.040508,0.950832,0.242268,0.371487,28.225133,0.020902,1
219,30.591682,26.135708,5.333107,0.051183,0.361014,0.290050,0.863566,4.019802,0.041021,0
220,23.470561,32.351160,3.862491,0.057110,1.337300,0.547963,0.472473,10.802207,0.026760,0
221,30.433715,29.744982,3.961416,0.047841,1.161534,0.211558,0.676565,11.781719,0.051765,1
222,68.949987,59.097613,13.142838,0.041479,0.413345,0.387176,0.791825,12.710235,0.016706,0
223,54.805172,41.873387,15.063149,0.030624,1.328445,0.201806,0.926231,8.829432,0.010965,0
224,73.324885,100.378545,7.366163,0.052381,1.306979,0.412097,0.387545,32.104685,0.011087,0
225,53.051442,40.366351,13.949170,0.034908,0.671834,0.253902,0.936969,5.383191,0.011213,0
226,63.405207,66.392417,3.853721,0.028807,0.213465,0.423304,0.457727,11.621193,0.031991,1
227,24.567852,31.836124,1.434122,0.039223,0.793205,0.386963,0.312282,7.743940,0.041800,0
228,69.480858,65.552858,10.831858,0.042629,1.049223,0.256811,0.699438,24.766358,0.019039,1
229,72.717799,91.493405,9.784770,0.054023,1.021833,0.496918,0.461684,29.189818,0.010871,0
230,62.501779,80.371620,5.693121,0.047206,1.076460,0.397445,0.389580,24.872916,0.014882,0
231,65.162998,52.848728,16.341655,0.054874,1.333219,0.161699,0.945979,8.251868,0.009014,0
232,69.549005,54.958243,16.336928,0.049740,0.569166,0.214304,0.956578,4.832385,0.008190,0
233,69.078021,88.592143,1.609327,0.020255,0.810455,0.264815,0.196113,17.205030,0.016800,0
234,57.015615,79.070984,3.483229,0.030392,0.984539,0.403602,0.294033,19.490147,0.015088,0
235,52.399123,65.283636,0.684292,0.050441,0.249773,0.366507,0.149195,6.083997,0.024205,0
236,77.779520,73.059121,10.965039,0.057281,0.985671,0.191004,0.765073,23.725787,0.020831,1
237,76.233709,90.071653,1.766993,0.032039,0.194972,0.433269,0.228567,10.185495,0.020747,0
238,24.041036,26.625912,0.549860,0.044837,0.584236,0.168297,0.299471,6.384047,0.112338,1
239,72.292208,99.867513,1.573977,0.049986,1.456429,0.202034,0.182792,23.114557,0.015031,0
240,65.495792,46.974292,18.731239,0.032944,0.130973,0.345457,0.997071,0.212221,0.001093,0
241,66.224445,78.032712,8.708936,0.030945,0.724264,0.548850,0.472197,22.429541,0.012866,0
242,45.570878,46.298687,4.471669,0.051792,0.329073,0.427473,0.550727,10.344605,0.035411,1
243,33.246177,25.189522,9.649270,0.046180,1.052699,0.259304,0.912901,5.405738,0.017917,0
244,77.051814,62.083769,19.057427,0.057745,0.705269,0.317891,0.863264,14.172854,0.010648,0
245,58.311557,57.047134,6.513571,0.059359,0.483901,0.313734,0.633518,15.267412,0.029576,1
246,73.645952,63.406825,13.686020,0.021245,0.398347,0.410667,0.770291,14.104007,0.015896,0
247,42.111581,54.957751,0.592137,0.058728,0.762494,0.224210,0.150738,8.601831,0.028372,0
248,72.117390,89.686470,9.925740,0.053791,1.179291,0.454410,0.473475,31.174472,0.011185,0
249,57.573219,45.590587,12.538611,0.056834,0.145537,0.396660,0.952780,2.163970,0.011309,0
250,67.792237,70.305001,5.005541,0.025007,0.264231,0.424226,0.489005,13.896880,0.026976,1
251,45.818354,38.504247,10.502597,0.022568,0.788232,0.382789,0.768530,12.396035,0.019570,0
252,36.139604,45.474152,0.056769,0.038209,0.534507,0.154648,0.036333,2.105104,0.019499,0
253,24.346813,23.731946,2.978987,0.044001,0.771914,0.266665,0.644790,7.965287,0.065280,1
254,61.698913,80.337271,4.077906,0.021585,1.191791,0.342203,0.326017,24.273460,0.015635,0
255,26.295811,22.862406,6.556808,0.025700,1.481328,0.349555,0.736004,10.462659,0.029221,0
256,57.089344,68.034826,2.749178,0.020391,0.883508,0.280585,0.321005,19.214967,0.023782,0
257,51.062699,38.884579,12.711560,0.021328,0.590878,0.181431,0.982729,1.677304,0.006001,0
258,43.815397,34.741273,13.269366,0.047579,0.894557,0.470235,0.799501,11.619305,0.014388,0
259,32.009015,26.158977,6.662113,0.045457,0.246395,0.432590,0.864209,3.463566,0.031715,0
260,21.895169,29.675586,0.094841,0.041652,0.172760,0.433624,0.059737,1.080362,0.030083,0
261,72.258147,86.699722,11.217481,0.033578,1.222419,0.475930,0.497942,31.871405,0.010492,0
262,24.806891,32.903157,1.085063,0.052692,0.866629,0.330927,0.269421,7.627540,0.043219,0
263,58.614662,62.628703,3.304007,0.023265,1.124225,0.174141,0.450353,24.601558,0.036576,1
264,34.826194,28.267770,11.935107,0.028769,1.320497,0.540346,0.760425,12.429055,0.014362,0
265,40.213748,33.276174,10.881178,0.046348,1.205578,0.349278,0.797079,12.469363,0.018312,0
266,53.321813,64.169669,4.236161,0.059853,0.419837,0.539917,0.388743,13.243830,0.020549,0
267,59.019541,49.557512,11.144894,0.022888,1.052320,0.162261,0.899320,10.677993,0.017953,0
268,35.460973,36.306224,7.766192,0.049087,1.315582,0.447083,0.631713,15.333702,0.020732,1
269,45.529600,42.895917,4.944396,0.059506,0.619454,0.166044,0.789115,10.353010,0.048557,1
270,72.021890,79.589430,6.414968,0.049010,0.714062,0.344668,0.469210,24.207300,0.018962,1
271,72.405394,96.334748,3.051036,0.031073,0.690409,0.386940,0.254415,19.295482,0.013777,0
272,74.741801,63.340950,20.063407,0.045262,0.972153,0.443245,0.757383,23.044838,0.009573,0
273,27.894061,33.502928,1.673002,0.027187,1.372646,0.245017,0.357659,12.198754,0.046616,0
274,78.283706,64.715876,18.949054,0.039691,1.296139,0.248892,0.840116,21.674731,0.010963,0
275,72.244994,73.091249,10.579796,0.034369,0.820744,0.387180,0.588077,25.471925,0.015358,1
276,29.811432,29.029093,6.738257,0.030325,1.457177,0.412695,0.652165,13.299096,0.024884,1
277,39.511404,49.050689,0.495265,0.058793,0.283223,0.331516,0.148428,4.868369,0.033213,0
278,34.163028,25.671729,8.910060,0.040791,0.337661,0.284801,0.970797,1.320881,0.011769,0
279,69.733002,69.846058,8.609593,0.044686,0.448200,0.432711,0.582538,18.224451,0.019324,1
280,30.022514,24.538405,5.868139,0.049456,0.151340,0.415522,0.915426,1.810592,0.031943,0
281,48.477853,62.580996,7.030684,0.043414,1.227938,0.497309,0.463709,21.342228,0.014871,0
282,32.350473,25.179788,7.980308,0.022283,0.477649,0.362468,0.878607,4.509009,0.024885,0
283,76.196342,55.435923,22.301853,0.038088,0.270954,0.523550,0.910090,6.436037,0.007814,0
284,38.969366,41.115190,2.547073,0.025934,0.158202,0.544652,0.452172,6.139080,0.046916,1
285,77.907122,54.804387,31.803059,0.045565,1.432536,0.497167,0.840942,22.600272,0.005228,0
286,47.284391,50.164825,2.961485,0.046675,0.784385,0.205861,0.487087,16.698020,0.046252,1
287,21.798415,19.957560,4.908877,0.028074,1.086553,0.419373,0.687998,8.038674,0.037126,1
288,78.194723,59.876084,26.240532,0.037750,1.041643,0.497257,0.804330,22.049209,0.006962,0
289,30.628987,36.290393,4.649401,0.057785,1.273361,0.423299,0.515077,13.778700,0.027249,0
290,49.830486,56.432680,2.321002,0.042824,1.316467,0.162155,0.392541,21.976660,0.041460,1
291,75.856922,89.713609,8.752414,0.028627,1.047119,0.413554,0.454608,30.766623,0.012347,0
292,43.631864,50.432461,2.576556,0.046314,0.249230,0.549765,0.363744,8.177976,0.031352,1
293,22.892722,31.684030,1.276022,0.054830,0.669671,0.462954,0.283832,6.347705,0.039068,0
294,54.020976,65.738906,3.952512,0.036166,1.329922,0.280813,0.383700,23.789673,0.021828,0
295,60.055603,75.999895,4.511476,0.051913,1.167199,0.324233,0.372945,24.560205,0.017994,0
296,69.070053,54.161029,17.144098,0.020230,0.862285,0.279834,0.871355,13.469909,0.011701,0
297,41.987692,41.035448,6.853949,0.035542,1.073654,0.329477,0.636707,16.327279,0.026181,1
298,34.252648,32.926257,4.249691,0.022928,0.418177,0.391379,0.625695,8.394269,0.043716,1
299,60.092768,68.123760,7.880526,0.035191,0.748892,0.495333,0.493290,20.743419,0.015485,1
300,51.144907,52.956834,1.605111,0.033650,0.135899,0.302078,0.414539,7.348523,0.068432,1
301,43.929367,48.591180,6.187835,0.044316,0.847044,0.455953,0.523493,16.101412,0.021604,1
302,68.779144,82.719725,3.611215,0.020729,1.437733,0.228311,0.334173,30.015832,0.019330,0
303,20.453772,23.587951,4.108397,0.029739,1.357243,0.520814,0.553666,9.420173,0.031855,1
304,23.616043,31.978608,0.503058,0.024057,0.592272,0.344349,0.169126,4.583995,0.040300,0
305,35.406594,31.845081,6.160504,0.052121,0.530206,0.365665,0.737313,8.406868,0.034589,1
306,38.678462,43.599664,3.759897,0.030905,1.102611,0.315420,0.462905,16.132718,0.031007,1
307,27.313166,22.582649,6.901072,0.027258,1.053565,0.360065,0.781448,8.269578,0.029221,0
308,62.542776,48.459009,20.258809,0.030263,0.894237,0.535171,0.791216,16.986936,0.009074,0
309,49.012739,61.961649,3.585512,0.021737,0.870317,0.403261,0.350204,16.939847,0.020092,0
310,77.084201,86.421277,6.782391,0.055368,1.246864,0.241232,0.486644,34.319550,0.019202,1
311,32.722690,36.900942,4.348412,0.053594,0.675440,0.510009,0.503689,10.728373,0.029085,1
312,41.205283,35.675921,11.661536,0.030992,1.192736,0.479046,0.728293,14.926351,0.015386,0
313,45.424295,53.023095,0.779965,0.044954,0.233749,0.330707,0.205607,6.250819,0.039189,1
314,55.196508,45.129214,13.693937,0.054512,1.131623,0.236696,0.879127,11.805842,0.014467,0
315,25.742873,18.445979,8.712363,0.044284,0.998760,0.368679,0.886649,4.942564,0.020255,0
316,33.916826,33.022581,7.921079,0.039871,0.932267,0.545114,0.649715,12.133430,0.020755,1
317,28.186385,33.445998,2.435454,0.037128,0.666046,0.437039,0.408261,8.933300,0.038629,0
318,61.546169,85.787925,0.616325,0.024164,0.279752,0.439736,0.099837,5.706157,0.012246,0
319,54.703215,48.790479,8.481149,0.023426,0.211187,0.507676,0.735048,8.233336,0.025662,1
320,31.512039,29.191496,3.156622,0.034200,0.417319,0.177770,0.801720,5.669575,0.076961,1
321,51.143587,38.221076,16.320381,0.029348,1.220499,0.366005,0.844005,13.520562,0.011571,0
322,72.804745,84.134194,4.290440,0.032973,0.846141,0.283201,0.375301,25.401159,0.019998,1
323,60.169217,83.990063,4.797144,0.042311,1.026575,0.442260,0.336017,22.236173,0.013528,0
324,47.912337,35.555728,14.305473,0.058305,0.887216,0.220121,0.963413,3.616193,0.008066,0
325,61.400293,51.616377,13.497364,0.023867,0.850159,0.330148,0.784963,16.543592,0.015634,0
326,65.369800,61.663336,16.649169,0.051818,1.030876,0.520871,0.682894,23.644507,0.010305,1
327,34.078525,33.380636,4.566756,0.059699,0.313382,0.520800,0.610612,7.316314,0.038600,1
328,52.397428,67.562465,0.464830,0.044943,0.829341,0.185650,0.115359,9.282612,0.021960,0
329,65.316225,51.560592,21.365225,0.051281,1.256495,0.433498,0.805720,20.140720,0.008667,0
330,22.169623,20.222905,2.560624,0.034405,0.468358,0.185057,0.820234,3.977927,0.093381,1
331,76.217469,82.898812,5.202763,0.035879,0.527734,0.328881,0.439198,21.831763,0.021653,1
332,56.035660,59.452468,14.072385,0.039879,1.387149,0.546863,0.624010,25.046587,0.010515,1
333,71.085497,60.135300,21.742694,0.024655,1.402833,0.476980,0.738850,27.371897,0.008095,0
334,42.837398,56.313273,5.892327,0.052237,1.315279,0.466012,0.453827,19.467956,0.017308,0
335,38.280748,28.964879,11.082035,0.026941,0.664172,0.427980,0.847368,7.358618,0.017666,0
336,40.765984,56.376385,0.395162,0.052899,0.997361,0.203010,0.107953,7.552657,0.022446,0
337,71.720869,96.531272,5.056224,0.044250,0.781887,0.455924,0.326529,22.869104,0.012472,0
338,30.490318,32.069602,2.483043,0.025855,0.658128,0.297014,0.492625,9.866272,0.054293,1
339,24.090339,17.298509,7.146996,0.058525,0.289233,0.369812,0.967827,0.934043,0.015047,0
340,77.949330,78.163575,8.085136,0.040246,0.536543,0.325805,0.578597,22.334961,0.021028,1
341,26.339881,30.253419,1.517518,0.044784,0.402453,0.410080,0.369521,6.306448,0.055077,1
342,29.121491,21.635659,8.518560,0.038392,1.193066,0.173266,0.971719,2.060784,0.011755,0
343,79.691979,59.007638,24.900273,0.059347,1.073049,0.245672,0.940419,9.779986,0.005842,0
344,28.534962,22.399074,7.305265,0.024042,0.524585,0.426865,0.836080,5.108527,0.028018,0
345,23.737508,25.080944,4.770894,0.052559,1.495376,0.396088,0.614393,11.100923,0.033262,1
346,38.375217,43.622149,1.416646,0.037043,0.837858,0.202284,0.332900,12.765463,0.051145,1
347,73.196253,74.283163,5.555703,0.034710,0.372472,0.315652,0.534632,17.754356,0.028186,1
348,69.652274,84.525128,5.161085,0.020441,1.177027,0.316462,0.373746,28.624048,0.015840,0
349,48.880649,34.873146,14.821939,0.050412,0.463738,0.204844,0.996069,0.388241,0.001711,0
350,52.118608,44.334241,8.835791,0.029648,0.116969,0.540350,0.838056,4.371337,0.025461,0
351,68.092227,93.402356,2.528264,0.024389,0.782996,0.369184,0.227932,18.203160,0.013582,0
352,47.262640,61.018429,0.014631,0.039530,0.237316,0.210019,0.009286,0.575178,0.005166,0
353,39.480556,48.014276,1.860182,0.035036,0.766425,0.307791,0.311410,12.217868,0.033228,0
354,47.566806,59.435275,7.592212,0.058213,1.348919,0.464761,0.501077,22.039683,0.015538,0
355,38.924414,45.996758,4.196917,0.030187,0.712644,0.486349,0.440796,12.964355,0.024688,0
356,22.305581,29.693934,1.268219,0.045488,0.746068,0.413742,0.299118,6.689892,0.043560,0
357,73.707064,84.443882,6.967247,0.022666,0.959507,0.357363,0.439860,28.475461,0.015286,1
358,29.010140,35.282238,0.361936,0.047209,0.817111,0.166669,0.166569,6.549474,0.057144,0
359,25.087521,30.140809,0.002989,0.022850,0.200918,0.154843,0.005493,0.176802,0.009029,0
360,77.390084,94.126142,2.298846,0.031861,0.594552,0.289881,0.248450,18.900178,0.018310,0
361,66.479212,77.312626,0.413688,0.026964,0.359274,0.189358,0.117415,7.849379,0.026107,1
362,59.618163,73.632060,0.190297,0.020838,0.471065,0.182869,0.061643,4.978363,0.016260,0
363,78.071602,70.796214,15.904655,0.044987,1.176912,0.302776,0.733434,27.824759,0.012811,1
364,32.341236,25.386916,9.671230,0.050985,0.961018,0.407562,0.823394,8.220096,0.020065,0
365,51.818128,37.794373,17.519294,0.051949,1.455884,0.267129,0.915419,9.693257,0.009282,0
366,78.798220,88.357792,12.018672,0.049923,0.915392,0.474708,0.530131,29.990860,0.011115,1
367,59.388716,46.897311,14.291187,0.057123,0.573575,0.239846,0.941934,5.221967,0.010762,0
368,42.330021,42.433892,7.988042,0.044518,0.715167,0.527230,0.613649,13.697640,0.020274,1
369,34.441563,27.038382,8.532455,0.055477,0.376459,0.408324,0.879922,4.229199,0.023194,0
370,37.154407,47.229303,6.378988,0.053861,1.305918,0.517571,0.503588,16.937948,0.018153,0
371,35.134461,43.163717,3.148755,0.053680,0.744755,0.441396,0.403266,11.738868,0.028928,0
372,66.586847,77.195016,5.115092,0.041801,0.348400,0.543868,0.399509,15.179593,0.018068,1
373,76.243284,55.674494,21.817611,0.025269,0.330741,0.440392,0.919397,6.555754,0.007743,0
374,69.067120,58.669614,17.606718,0.053628,0.808194,0.443121,0.763482,19.148513,0.011209,0
375,52.534232,58.483387,5.347886,0.031902,0.811705,0.376009,0.471758,18.834817,0.022360,1
376,61.333118,80.427715,1.127121,0.050445,0.990808,0.214029,0.175901,15.788633,0.019792,0
377,47.693448,33.696954,15.890384,0.049058,0.445350,0.546724,0.883846,6.221880,0.011234,0
378,25.950686,25.458817,4.824832,0.028161,1.220099,0.372034,0.631432,10.809177,0.035360,1
379,63.984278,72.378363,4.354364,0.034215,0.363235,0.463517,0.398552,14.884141,0.021594,1
380,53.253591,37.472461,19.327876,0.021412,1.165387,0.448294,0.846082,13.635635,0.009203,0
381,32.148834,44.064845,0.088392,0.033077,0.615117,0.209555,0.043414,2.321822,0.017428,0
382,38.336253,50.360631,3.127124,0.034732,1.494868,0.329444,0.364294,17.606535,0.024326,0
383,63.324256,83.609362,2.571995,0.035661,0.930262,0.315049,0.256748,19.682266,0.016748,0
384,61.737089,43.355043,22.371743,0.034220,0.967425,0.467679,0.857772,13.661033,0.007922,0
385,25.579438,28.437725,0.866425,0.045693,0.773362,0.175941,0.352392,8.352616,0.093819,1
386,54.799027,59.897486,7.480390,0.044140,0.884924,0.420587,0.528578,20.512552,0.018353,1
387,68.299340,60.709542,12.005730,0.039930,1.255069,0.180823,0.823862,19.805036,0.018708,1
388,23.513056,21.960414,5.975637,0.048307,1.198856,0.465446,0.692342,9.052563,0.029344,1
389,51.036143,51.451542,3.691107,0.033128,0.306434,0.323608,0.540219,11.213511,0.043414,1
390,25.316026,21.630731,7.492021,0.049427,0.937515,0.549339,0.741780,7.922758,0.024003,0
391,75.986800,87.369291,8.411447,0.045447,0.689747,0.464261,0.464966,25.079234,0.013564,1
392,27.100171,26.746065,5.267543,0.035353,1.275723,0.378749,0.636856,11.485486,0.032367,1
393,55.266162,45.823019,10.487607,0.033380,0.607130,0.160479,0.957563,3.893135,0.013082,0
394,21.451506,27.504862,0.240056,0.040723,0.482299,0.269490,0.129318,3.140059,0.052500,0
395,76.440755,67.383116,18.115069,0.054909,0.701520,0.486773,0.728299,21.235802,0.010643,1
396,31.166085,39.326934,0.365713,0.039319,0.741462,0.203392,0.141422,6.014281,0.041058,0
397,24.836091,30.040680,2.393807,0.037474,0.795046,0.441803,0.416693,8.641322,0.039883,0
398,65.930774,53.485399,18.535668,0.025414,0.954315,0.450550,0.773514,19.388564,0.010374,0
399,59.417309,81.379743,0.009705,0.022282,0.196541,0.262875,0.004619,0.354883,0.001946,0
400,35.702341,31.164044,7.491875,0.029982,1.368756,0.258780,0.769126,12.710174,0.028151,1
401,65.563896,66.535414,10.118006,0.022615,1.187395,0.345028,0.587175,27.818606,0.015796,1
402,22.016816,16.377368,7.177924,0.025570,1.369012,0.362968,0.839286,6.286149,0.026098,0
403,44.665736,42.126057,10.182326,0.020873,1.359767,0.415516,0.663364,19.011156,0.016866,1
404,77.803666,84.970763,9.836424,0.022090,1.411551,0.317517,0.515032,36.851066,0.013583,1
405,35.609467,43.143529,5.077846,0.030261,1.473816,0.411670,0.482096,17.228979,0.022394,0
406,31.885858,34.938329,3.686100,0.058880,0.749505,0.393411,0.512543,11.007301,0.036717,1
407,40.970382,31.951451,9.370929,0.029013,0.311746,0.250387,0.972130,1.464076,0.011174,0
408,71.036963,77.633168,10.753851,0.024591,0.832747,0.494056,0.529454,25.790827,0.012422,1
409,63.368858,47.359848,18.276146,0.041742,1.090969,0.182690,0.968564,4.681315,0.005849,0
410,47.498038,49.364113,4.933821,0.057828,0.332084,0.489990,0.528985,10.890846,0.029667,1
411,60.141340,61.561090,7.445941,0.046039,0.676472,0.368173,0.570326,19.426267,0.021565,1
412,23.736386,25.130943,1.683051,0.038370,1.228965,0.170783,0.516824,10.488371,0.088694,1
413,67.176692,56.492551,12.411279,0.026588,0.462069,0.282086,0.856176,10.350829,0.017597,0
414,65.405090,69.562899,7.001136,0.055113,0.386834,0.501833,0.510732,16.222830,0.019535,1
415,72.234706,62.638856,17.529460,0.059400,0.731735,0.458805,0.748621,19.692914,0.011242,0
416,21.630045,16.128296,6.594020,0.056369,0.749504,0.365481,0.888644,3.552209,0.027717,0
417,49.868750,38.590014,14.347016,0.052884,1.019492,0.302168,0.878929,10.135746,0.013230,0
418,66.536711,91.496871,0.163007,0.040933,0.385273,0.264855,0.039240,3.503876,0.007756,0
419,67.571265,74.619986,6.878557,0.051917,0.988415,0.308388,0.498816,26.800318,0.019257,1
420,74.905404,80.382503,6.163134,0.047836,0.321137,0.467305,0.469682,16.885412,0.020054,1
421,39.005701,50.708405,6.751018,0.031076,1.368601,0.543409,0.488841,18.197284,0.016082,0
422,28.442692,23.931993,5.769384,0.055760,0.357915,0.411717,0.817325,4.506466,0.037802,0
423,29.126257,29.365861,5.841087,0.023339,0.961417,0.502967,0.608522,10.969146,0.026739,1
424,68.216212,71.875653,17.553924,0.036710,1.453977,0.543644,0.629102,31.081663,0.008450,1
425,60.075200,68.742242,1.890988,0.055277,0.332337,0.320996,0.295815,11.964611,0.031076,1
426,29.734004,21.076213,10.367773,0.041096,0.883658,0.437741,0.870833,5.886599,0.017213,0
427,73.415483,55.471609,25.119022,0.027496,1.124095,0.493271,0.804136,21.518234,0.007200,0
428,69.143811,74.575446,8.566664,0.032574,1.094340,0.338467,0.525568,28.796940,0.016262,1
429,69.298214,70.787130,10.333224,0.039768,0.600918,0.481300,0.576765,21.032877,0.015143,1
430,40.112483,32.957744,9.351883,0.053039,1.096820,0.190255,0.915834,6.488889,0.019326,0
431,34.392447,27.492648,8.953537,0.038014,0.587118,0.449531,0.812488,7.093365,0.022722,0
432,59.068855,67.022476,3.918995,0.053658,0.593325,0.338515,0.408271,17.669643,0.025214,1
433,78.746296,90.077849,1.417502,0.047047,0.276771,0.280042,0.226476,12.470722,0.025947,1
434,61.179632,45.808176,16.258640,0.054229,0.344834,0.240872,0.987731,1.143889,0.003679,0
435,70.222468,62.883746,15.190690,0.047766,1.000035,0.355062,0.733337,23.074360,0.013178,1
436,38.318641,32.526819,6.346516,0.032158,0.146465,0.411265,0.874882,3.020803,0.034154,0
437,76.298289,99.938790,7.868184,0.051538,1.172491,0.415994,0.405232,32.025048,0.011279,0
438,35.617211,47.550278,0.414221,0.042418,1.039025,0.194396,0.127818,7.590612,0.029624,0
439,46.823333,47.865189,7.110080,0.041866,1.310389,0.302160,0.605623,20.629299,0.023764,1
440,78.608020,61.118082,21.894524,0.021681,0.691568,0.445962,0.817123,17.324449,0.009091,0
441,75.084593,67.277757,21.890503,0.031689,1.301678,0.514308,0.709109,29.365545,0.007781,1
442,65.237714,82.423595,0.370820,0.058512,0.125209,0.440668,0.084619,3.580032,0.015245,0
443,38.285066,49.026946,0.134040,0.054910,0.494130,0.195032,0.062091,3.292873,0.023311,0
444,62.221159,67.104831,0.474554,0.029676,0.235148,0.154962,0.190757,8.207742,0.058181,1
445,48.126078,43.837355,8.015556,0.031890,0.937700,0.269968,0.726458,15.509312,0.026452,1
446,64.591592,47.390850,23.710830,0.054091,1.364053,0.417122,0.848650,17.694385,0.007454,0
447,55.593294,73.639531,0.117515,0.023159,0.359462,0.245804,0.037753,2.740182,0.010034,0
448,67.674697,49.014698,24.389771,0.059818,0.915930,0.492278,0.850033,15.098894,0.007312,0
449,51.286741,38.185473,15.389130,0.043959,1.263923,0.195973,0.955546,5.411790,0.008306,0
450,25.631437,34.262536,3.047148,0.053171,1.036880,0.501592,0.418818,10.195979,0.029840,0
451,54.306341,57.684871,4.996217,0.032678,0.702598,0.323838,0.499187,18.159893,0.027063,1
452,66.432779,74.494158,10.320888,0.037735,1.349533,0.392836,0.535380,30.667039,0.013107,1
453,57.878453,64.487479,6.713524,0.029497,1.083687,0.354946,0.491476,24.031442,0.018650,1
454,26.253488,25.443776,5.612994,0.046089,0.782734,0.530212,0.647372,8.626583,0.030158,1
455,56.039064,68.396560,0.790051,0.045364,0.808772,0.178373,0.175327,13.006461,0.028709,0
456,35.263495,33.616590,3.702410,0.021826,0.761491,0.206010,0.673064,11.102208,0.056912,1
457,36.608858,50.522893,0.118034,0.039282,0.563886,0.228439,0.048155,2.751375,0.015937,0
458,56.646804,50.782628,6.884652,0.040663,0.389790,0.152202,0.913770,5.562845,0.029221,1
459,20.459842,17.459369,3.131759,0.024321,0.151410,0.285544,0.935241,1.006523,0.055615,0
460,68.155141,75.000238,10.872115,0.031740,0.817735,0.522701,0.535368,24.490845,0.012335,1
461,43.820902,33.346170,12.058913,0.024554,0.963893,0.288089,0.883153,8.445764,0.015839,0
462,50.444716,66.181237,5.546825,0.048090,0.790965,0.547127,0.406510,17.404268,0.015804,0
463,27.889347,24.886001,4.810923,0.036873,0.652407,0.314408,0.748688,7.178329,0.044992,1
464,74.456660,89.334802,9.562974,0.032375,0.951067,0.479516,0.464183,28.851222,0.011411,0
465,77.303631,98.549668,0.000006,0.045456,0.102191,0.170454,0.000007,0.000788,0.000008,0
466,35.456433,26.296877,10.393097,0.047464,0.945314,0.195795,0.971334,2.258689,0.009707,0
467,43.030333,43.863639,4.195649,0.024841,0.616674,0.317579,0.543482,13.400554,0.036954,1
468,65.070683,48.783840,17.373710,0.034191,0.212252,0.526690,0.909623,4.883403,0.010317,0
469,60.114359,70.638518,0.504940,0.043746,0.606688,0.154052,0.143823,10.613586,0.031425,1
470,58.165763,77.901456,5.038513,0.054948,0.957603,0.439589,0.366273,21.419548,0.015040,0
471,27.233505,36.267330,0.000864,0.041359,0.193021,0.206855,0.001269,0.050096,0.001692,0
472,20.702397,20.607662,2.481596,0.039440,0.513057,0.380880,0.589940,5.764818,0.068832,1
473,22.624344,17.785049,6.615372,0.033727,0.882099,0.441669,0.804915,5.860049,0.029386,0
474,59.137499,76.401098,5.591087,0.037197,1.069490,0.419187,0.388851,23.445218,0.014954,0
475,36.522870,33.397223,9.493834,0.037857,1.204579,0.469352,0.698387,13.971047,0.018525,1
476,69.345342,90.169307,3.901823,0.037239,1.383289,0.277547,0.314405,28.949505,0.015680,0
477,54.931925,52.724798,11.068306,0.048223,0.941504,0.425362,0.661196,19.503655,0.016139,1
478,42.473173,34.692179,11.461762,0.025704,0.702741,0.506039,0.767827,10.868314,0.016942,0
479,40.752648,32.933104,8.193716,0.045833,0.135627,0.404761,0.938880,1.813879,0.019895,0
480,40.436250,30.335207,11.957417,0.032449,0.673480,0.420848,0.857275,7.483196,0.016147,0
481,56.346755,53.823300,6.725969,0.059521,0.405050,0.331601,0.668895,13.004406,0.030495,1
482,61.296454,48.938297,15.256794,0.021101,0.779826,0.352182,0.824434,13.981843,0.013550,0
483,77.841044,75.423667,5.145681,0.021238,0.154594,0.305195,0.636929,11.483523,0.040169,1
484,29.601496,21.204927,9.620450,0.038341,1.158699,0.265698,0.928501,4.348526,0.016120,0
485,74.004991,57.819898,26.498284,0.032559,1.438286,0.505361,0.784509,25.967133,0.006523,0
486,56.176573,71.832711,10.404830,0.031536,1.477618,0.534454,0.507241,27.237981,0.010929,0
487,43.368914,42.061702,4.010761,0.041656,0.576542,0.211658,0.662841,12.027005,0.052400,1
488,53.222689,57.437573,7.125669,0.053346,1.166663,0.326177,0.554280,22.721375,0.021079,1
489,38.139995,33.621719,5.589650,0.022306,0.372473,0.286979,0.803706,6.443515,0.041440,1
490,36.214862,49.849473,1.763802,0.033891,0.880792,0.382187,0.264905,11.130472,0.025211,0
491,28.351802,28.658870,3.815567,0.039556,0.976728,0.310712,0.596491,10.849767,0.044476,1
492,79.630903,104.811814,5.928982,0.042775,0.972768,0.398264,0.345624,28.956382,0.011787,0
493,32.078726,31.327969,2.331171,0.039022,0.155243,0.367210,0.609452,4.851375,0.082700,1
494,33.664984,46.283300,2.752974,0.048886,1.373236,0.363355,0.353075,14.658616,0.025921,0
495,72.198150,57.141705,22.939103,0.024993,1.206714,0.467684,0.779593,23.508115,0.007991,0
496,36.546054,48.020178,2.781848,0.025952,1.421659,0.335070,0.347772,16.102470,0.025309,0
497,78.859243,81.886271,11.418955,0.043549,1.308967,0.300132,0.590179,35.070192,0.014355,1
498,37.147013,31.287301,9.419037,0.035462,1.166517,0.354510,0.772721,12.101445,0.021207,0
499,49.539529,54.696362,6.602479,0.059230,1.311808,0.313034,0.547670,22.474073,0.022301,1
500,69.651135,86.030955,2.249919,0.058242,0.902941,0.230190,0.269012,21.843515,0.021663,0
501,26.555853,34.463479,2.418555,0.053879,0.714810,0.507236,0.380732,8.553739,0.033453,0
502,23.747456,31.309247,1.251568,0.040417,0.727647,0.400637,0.290490,6.939576,0.042211,0
503,75.582956,53.919465,25.685416,0.047509,0.767581,0.439083,0.878010,13.400760,0.006960,0
504,61.551946,48.878683,16.022427,0.034349,0.519154,0.471775,0.816108,11.794077,0.012710,0
505,36.725592,31.124700,12.254942,0.020355,1.440427,0.549128,0.734044,14.463628,0.013557,0
506,60.609278,77.575543,2.872574,0.020573,0.512467,0.445148,0.280259,14.612049,0.017437,0
507,70.048676,85.342634,2.608283,0.050137,0.299990,0.457569,0.273365,12.764212,0.018951,0
508,59.512431,73.574097,1.806770,0.044544,1.284290,0.185442,0.263694,22.035137,0.026123,0
509,49.257669,37.157746,13.030387,0.036284,0.670560,0.176404,0.985814,1.455920,0.005073,0
510,40.929232,31.830609,11.440393,0.057908,1.231529,0.178927,0.957702,4.095467,0.011095,0
511,77.306912,82.393987,6.083664,0.023074,0.519392,0.350250,0.468603,22.157883,0.020381,1
512,67.670933,80.864094,0.381606,0.022916,0.170316,0.311149,0.098097,4.832807,0.019915,0
513,37.717430,32.537658,8.596920,0.052139,0.493406,0.521691,0.744265,8.520236,0.023267,0
514,44.306162,59.116724,0.265717,0.039057,0.550094,0.240412,0.079608,4.867246,0.018748,0
515,58.428563,80.940315,3.562905,0.034313,0.944890,0.409127,0.294901,19.593482,0.014846,0
516,27.375241,36.191748,1.459835,0.037974,0.804318,0.384346,0.291499,8.424246,0.036363,0
517,57.487032,43.129247,18.715571,0.029677,1.055664,0.435581,0.825327,15.207550,0.010007,0
518,69.352088,87.575802,1.182824,0.040807,0.873501,0.207150,0.177702,16.871068,0.019385,0
519,66.520769,59.202591,10.175483,0.031371,0.795374,0.203531,0.807933,16.206136,0.022624,1
520,57.773462,42.638688,16.753472,0.032703,1.148103,0.150054,0.986211,2.180460,0.003792,0
521,50.667748,37.129140,14.405660,0.048279,0.486637,0.175076,0.997436,0.280606,0.001283,0
522,70.360310,49.440356,22.085017,0.049636,0.445553,0.276508,0.983162,1.963901,0.003220,0
523,26.113543,24.864369,2.994620,0.053708,0.478551,0.275339,0.687057,6.399231,0.071220,1
524,67.335948,89.173703,1.744077,0.056398,0.707344,0.300927,0.204493,16.066958,0.016647,0
525,77.844705,59.356795,22.681127,0.039753,1.061827,0.305060,0.875756,16.442710,0.008377,0
526,57.962713,69.132125,0.478652,0.026678,0.106109,0.435218,0.124630,3.878665,0.024999,0
527,59.983125,82.550771,5.788037,0.058031,1.165453,0.431016,0.378921,24.634559,0.013630,0
528,37.883133,29.312280,10.244604,0.045766,1.194553,0.169274,0.962003,3.421846,0.011792,0
529,41.603028,56.986158,1.286434,0.037309,0.800562,0.333080,0.209972,10.727136,0.023243,0
530,32.532963,31.169670,5.457731,0.022094,0.617739,0.457027,0.631856,9.638466,0.032256,1
531,44.990266,57.386250,5.005586,0.028480,1.290487,0.412941,0.418442,19.961874,0.018506,0
532,48.336908,63.616675,1.079896,0.047113,0.402037,0.393101,0.183686,8.144848,0.022057,0
533,37.718089,30.009290,9.927541,0.049544,1.012296,0.276251,0.873273,7.887103,0.019825,0
534,58.689956,57.316120,13.565519,0.027969,1.098490,0.506086,0.643485,22.934985,0.011977,1
535,37.244576,35.659826,3.179607,0.024460,0.181329,0.356345,0.652342,5.860005,0.065379,1
536,36.055561,46.325488,0.008324,0.035164,0.120571,0.284938,0.007327,0.253981,0.005687,0
537,21.159658,16.653875,5.316097,0.039715,0.679100,0.311716,0.878112,3.526658,0.037209,0
538,51.856261,57.902295,1.700795,0.038564,0.113893,0.535400,0.310056,6.174545,0.037655,1
539,51.141937,60.054932,4.231828,0.050960,0.536609,0.459169,0.409763,14.561730,0.022596,1
540,51.277763,70.927898,0.621323,0.020678,0.275770,0.458063,0.114170,5.199913,0.015655,0
541,68.429332,53.658523,15.717705,0.020702,0.471816,0.267323,0.929119,6.372045,0.010789,0
542,66.388512,70.542599,1.941745,0.034870,0.587334,0.150541,0.385578,19.456939,0.049928,1
543,37.988032,43.782009,1.936475,0.053882,1.463872,0.159438,0.408843,17.855386,0.053013,1
544,73.913636,92.261875,5.175214,0.038320,1.192527,0.309202,0.362225,30.261065,0.015022,0
545,38.174944,28.477989,10.334059,0.029864,0.419530,0.343631,0.931124,3.278831,0.015607,0
546,64.846664,66.900156,5.198167,0.058312,0.180982,0.527090,0.508038,11.003416,0.027430,1
547,67.111373,93.548524,0.245849,0.058511,0.862275,0.180242,0.054882,6.920710,0.009887,0
548,41.940845,35.975468,7.725474,0.025632,0.374166,0.398965,0.785233,7.491369,0.028529,0
549,66.879311,73.888857,3.723615,0.052445,0.305748,0.404382,0.396565,14.254418,0.025776,1
550,43.289942,50.731103,3.711645,0.033808,0.463867,0.516994,0.409092,11.455616,0.025490,1
551,37.430270,38.515441,3.688183,0.048309,1.346198,0.174881,0.610687,16.654351,0.050493,1
552,28.838183,20.345024,9.288842,0.037907,0.983291,0.203710,0.977920,1.505506,0.009038,0
553,77.476047,82.958392,6.957339,0.040024,0.438651,0.421848,0.483179,20.452699,0.018414,1
554,24.574353,21.927515,5.790661,0.038387,1.229752,0.368631,0.725296,9.088235,0.033198,1
555,45.968960,33.590896,12.810599,0.037822,0.332050,0.233674,0.993620,0.475576,0.002901,0
556,22.998742,29.681136,3.926141,0.051726,1.473670,0.491514,0.499441,11.138168,0.029072,0
557,34.518628,47.374707,1.393203,0.058057,0.375696,0.547928,0.238917,6.561191,0.026750,0
558,62.703368,86.957070,1.946297,0.030382,0.897356,0.324798,0.206008,16.925786,0.014770,0
559,55.613656,41.774592,16.451062,0.059247,0.971281,0.226043,0.950951,5.566796,0.008198,0
560,67.555707,90.222616,6.431472,0.058405,1.421182,0.358584,0.394000,30.988074,0.013324,0
561,78.638474,96.734536,2.693005,0.039076,0.326340,0.437332,0.256866,14.480242,0.016407,0
562,34.840419,40.011804,3.776391,0.026508,1.033241,0.376034,0.460450,14.058952,0.029810,1
563,66.297615,69.561245,1.436805,0.020362,0.116944,0.292812,0.342353,8.329040,0.055339,1
564,75.571644,64.997187,15.375025,0.028883,0.988109,0.278668,0.783977,22.010106,0.013996,0
565,70.882525,85.782246,0.020271,0.037148,0.233559,0.161668,0.010959,0.988828,0.005212,0
566,48.853409,56.850898,0.840959,0.031555,0.265904,0.309135,0.206471,7.188031,0.036639,1
567,75.171861,104.885683,0.011466,0.050440,0.162876,0.298690,0.004209,0.376188,0.001368,0
568,43.547491,53.475687,5.652383,0.058037,1.385797,0.380849,0.478259,20.421021,0.020403,0
569,41.427270,51.837294,0.696522,0.042563,0.451402,0.293431,0.173340,7.131456,0.031372,0
570,59.397864,51.573933,9.121817,0.056730,0.368230,0.190721,0.927686,4.961915,0.020026,0
571,50.357474,43.035344,7.514390,0.021441,0.154502,0.220089,0.971140,1.304176,0.015124,0
572,72.006221,64.642514,16.787956,0.043265,1.430643,0.324646,0.736103,28.150290,0.011690,1
573,54.805330,58.186209,6.285766,0.031300,1.162287,0.291220,0.532752,23.492142,0.023107,1
574,73.645658,100.343650,8.969017,0.036778,1.349582,0.462146,0.414775,33.349786,0.009859,0
575,48.580144,50.925491,2.061460,0.043645,0.386552,0.224454,0.441491,11.919787,0.058212,1
576,39.893882,51.803049,0.019733,0.022846,0.389906,0.177603,0.013218,0.845974,0.007676,0
577,76.447071,80.639758,11.464421,0.052435,0.673177,0.484330,0.560862,24.731022,0.012979,1
578,39.931462,47.340052,1.890910,0.046186,1.179572,0.210638,0.347744,16.025769,0.040451,0
579,72.552985,78.166133,1.757114,0.037009,0.495461,0.165028,0.335208,18.609781,0.043238,1
580,27.672008,34.199357,0.045719,0.036663,0.100016,0.359004,0.037843,0.720845,0.026217,0
581,23.278065,32.150609,0.073854,0.032168,0.416575,0.271577,0.046655,1.466056,0.023915,0
582,33.825000,23.712396,11.761938,0.058674,1.121083,0.239717,0.962911,2.901934,0.009438,0
583,59.782832,72.894846,3.961789,0.036905,1.287796,0.271172,0.368402,25.578906,0.020494,0
584,39.517708,47.375209,3.035372,0.027265,1.243491,0.298376,0.390972,16.919494,0.029201,0
585,74.116412,93.733949,6.555569,0.050170,1.478802,0.307278,0.403986,34.910208,0.013986,0
586,55.438270,64.458630,1.643440,0.041780,0.209838,0.433728,0.269179,8.384011,0.029973,1
587,30.039278,37.442224,0.398723,0.058089,0.917282,0.166969,0.167420,7.209158,0.052164,0
588,35.919568,40.268987,3.364648,0.048577,0.515184,0.453602,0.455646,10.221793,0.033902,1
589,26.150958,27.712121,4.563067,0.034771,0.812447,0.523170,0.568567,9.264385,0.031872,1
590,69.650379,82.747894,11.567410,0.038469,1.100057,0.518398,0.513073,29.127818,0.010529,0
591,61.675726,74.645313,9.730166,0.030963,1.306367,0.472828,0.496768,28.121775,0.011969,0
592,31.714436,29.866733,6.026924,0.059141,0.569855,0.492615,0.669300,8.677491,0.030733,1
593,62.070192,75.039121,4.837660,0.057884,0.886902,0.348504,0.398356,22.559055,0.018944,0
594,42.831063,34.869828,11.467840,0.049378,1.200688,0.303742,0.832078,11.783006,0.017612,0
595,21.511605,27.691849,0.182827,0.048148,0.115985,0.538103,0.104563,1.328131,0.045986,0
596,46.259680,39.990632,11.505669,0.052685,1.086819,0.368572,0.764280,14.844976,0.017318,0
597,78.022117,57.437394,26.398029,0.048738,0.806714,0.495056,0.841249,16.963385,0.006978,0
598,30.755337,38.751799,0.481739,0.035862,0.873790,0.202686,0.168602,7.236610,0.043198,0
599,71.917746,58.259936,18.386392,0.031602,0.533703,0.498566,0.790067,15.139112,0.011000,0
600,60.362180,75.916124,1.959926,0.044995,0.450655,0.378698,0.243541,12.697626,0.020420,0
601,69.969823,93.358001,0.000001,0.046961,0.117019,0.170734,0.000001,0.000089,0.000001,0
602,52.931520,47.709450,9.286827,0.034118,0.529487,0.398517,0.714126,13.095306,0.022151,1
603,40.042998,48.567725,3.400341,0.022734,0.666338,0.463504,0.389394,12.535745,0.025313,0
604,37.145499,37.254589,3.221974,0.033298,1.059621,0.172634,0.606766,14.704687,0.058259,1
605,42.435263,57.759231,2.993716,0.046859,0.998428,0.402913,0.326975,15.298835,0.021119,0
606,31.939528,31.710640,4.072125,0.024055,1.151316,0.261141,0.604344,13.201758,0.043043,1
607,36.579147,36.667421,6.759243,0.022700,1.472516,0.357480,0.613478,16.986859,0.024118,1
608,30.761881,42.435202,0.310678,0.036144,0.258625,0.445154,0.102656,2.798430,0.025687,0
609,62.273266,62.018571,5.602888,0.035904,0.585134,0.255711,0.589461,18.523908,0.031925,1
610,32.319976,33.552266,3.345117,0.031498,0.475947,0.412702,0.525352,8.877332,0.043266,1
611,78.112240,87.684586,4.197776,0.023023,0.207771,0.530569,0.367949,13.418939,0.019950,1
612,37.837447,28.924719,11.679179,0.044946,0.938662,0.409402,0.836918,9.031118,0.016415,0
613,36.044122,25.612141,13.426893,0.030036,1.451022,0.420411,0.844700,10.359250,0.013071,0
614,62.397792,70.322636,4.557387,0.030844,0.538070,0.389067,0.413678,17.830771,0.021876,1
615,71.965738,98.068691,1.354931,0.026193,0.248268,0.527895,0.153783,8.500105,0.012523,0
616,64.192114,84.611348,1.698531,0.043503,0.383686,0.430456,0.200479,11.147892,0.016380,0
617,60.806713,59.937553,2.748218,0.043317,0.121553,0.251241,0.605754,8.158617,0.072253,1
618,47.015255,64.425319,0.270388,0.053592,0.658649,0.225416,0.075269,5.416017,0.016503,0
619,60.347630,83.515379,0.093440,0.020333,0.242650,0.323433,0.026884,1.846285,0.006460,0
620,25.557529,31.279069,1.601011,0.037361,1.380368,0.253485,0.360826,11.242604,0.049191,0
621,46.064199,55.572470,0.257812,0.043578,0.112676,0.395317,0.094965,2.612726,0.027643,0
622,58.261295,50.653270,10.781497,0.023656,1.099674,0.229708,0.790844,17.566265,0.020487,0
623,72.648203,88.420578,0.019405,0.029935,0.119244,0.235763,0.009935,0.664840,0.004481,0
624,36.248380,31.655414,5.676577,0.038358,0.187537,0.443093,0.799409,4.402518,0.040322,1
625,56.403903,66.049544,2.112584,0.058060,0.213609,0.485397,0.295896,9.007140,0.027306,1
626,68.305419,87.163771,3.013746,0.041770,1.405795,0.230113,0.293931,27.896597,0.018483,0
627,57.007016,69.549532,1.373215,0.040858,1.133084,0.177383,0.237733,18.766743,0.028731,0
628,42.266776,56.829229,0.902239,0.041533,0.918228,0.257541,0.178346,10.566143,0.025010,0
629,42.106935,55.865050,2.331715,0.051495,1.033048,0.331738,0.304272,14.974970,0.024646,0
630,57.814833,50.522563,12.762038,0.037104,1.087645,0.327018,0.753069,19.034691,0.016011,1
631,58.959339,79.913279,0.014491,0.052990,0.189609,0.266953,0.006728,0.483073,0.002745,0
632,46.635167,33.359969,13.968665,0.040105,0.521465,0.172470,0.998250,0.189146,0.000967,0
633,49.465744,66.728172,0.115714,0.050578,0.247551,0.313868,0.039321,2.091524,0.011001,0
634,59.310423,52.321616,7.677840,0.026419,0.323289,0.178197,0.915027,5.246364,0.025888,1
635,31.138802,36.275259,5.031586,0.052565,1.334367,0.424054,0.530457,14.308083,0.026078,1
636,26.625912,24.028054,4.354765,0.029998,0.533730,0.356002,0.721174,6.534662,0.048511,1
637,52.133229,49.517193,9.403862,0.053142,0.595305,0.465717,0.659456,14.747459,0.019572,1
638,38.467750,51.533395,2.147557,0.033070,1.433941,0.291770,0.299268,15.998428,0.025841,0
639,50.338049,68.398564,2.536396,0.024103,1.326847,0.307092,0.274438,19.328067,0.018720,0
640,53.202271,55.979043,4.722624,0.054353,0.371408,0.420776,0.503407,12.934517,0.029241,1
641,70.274502,91.436614,6.266813,0.037568,1.147698,0.394219,0.378265,28.625199,0.012811,0
642,29.621924,34.703619,0.387546,0.047758,0.350955,0.241839,0.179704,4.599951,0.061766,1
643,27.053078,22.067173,5.204664,0.048750,0.102789,0.442960,0.938305,1.055950,0.031688,0
644,50.896001,41.376106,9.735704,0.020765,0.216976,0.216299,0.984239,0.936810,0.007706,0
645,73.451332,63.834774,11.934249,0.024214,0.595980,0.238945,0.824119,14.663527,0.019086,0
646,51.153474,57.569495,2.071730,0.022309,0.443493,0.306413,0.334125,12.397903,0.034866,1
647,34.052202,29.069948,9.473929,0.044652,1.443808,0.372751,0.764567,12.586516,0.020169,0
648,44.946506,44.958239,7.897647,0.047857,0.857267,0.430858,0.618541,15.863723,0.021260,1
649,30.301634,31.819108,3.831933,0.054821,0.676741,0.402568,0.551739,9.860852,0.039420,1
650,51.950244,40.561517,13.416311,0.024688,0.947893,0.284883,0.867633,10.833853,0.014866,0
651,28.570518,33.840394,1.952282,0.035674,0.388753,0.508270,0.369964,6.725704,0.041700,0
652,32.258983,34.048181,4.424239,0.020725,0.686980,0.467103,0.536224,10.622767,0.031811,1
653,24.142754,24.914804,3.915742,0.045137,0.884950,0.425453,0.587558,8.841474,0.040289,1
654,35.196343,24.883292,13.275497,0.041426,1.112821,0.484447,0.847137,8.766399,0.013127,0
655,69.283302,89.398206,5.731340,0.033345,0.779133,0.466623,0.363229,22.949213,0.013150,0
656,47.077647,38.999572,13.101253,0.055302,1.296964,0.336524,0.807840,14.650186,0.015145,0
657,24.541984,23.842004,3.695615,0.056071,1.224953,0.231389,0.694707,9.518500,0.055755,1
658,24.018417,31.563690,2.047468,0.041670,0.645167,0.537226,0.361283,7.226360,0.036141,0
659,23.993884,27.684685,0.862591,0.035019,0.203748,0.471526,0.297258,3.749978,0.067800,1
660,46.008334,64.320923,0.468987,0.032846,0.882683,0.238045,0.104427,7.828832,0.017602,0
661,41.031232,39.421712,3.431615,0.034783,0.196199,0.335695,0.651497,6.721291,0.060615,1
662,63.364265,73.484212,3.251264,0.020335,1.092272,0.237067,0.350302,24.536674,0.023601,1
663,59.701057,62.017014,2.739479,0.052180,0.107439,0.459124,0.444171,7.730228,0.043968,1
664,52.905150,39.494981,18.586546,0.043349,1.173121,0.462784,0.825178,14.761512,0.009714,0
665,65.104820,82.168887,4.928316,0.025613,0.825211,0.418463,0.356927,22.060164,0.015072,0
666,57.228427,69.794487,2.892602,0.027799,0.337833,0.506164,0.310052,11.735867,0.020955,0
667,64.998668,86.822617,5.983830,0.043886,1.162201,0.411653,0.376183,26.597292,0.013159,0
668,73.347675,81.061264,7.615833,0.026259,0.985348,0.339568,0.479520,29.008044,0.016115,1
669,62.983827,56.034184,8.637713,0.032553,0.383156,0.246600,0.822249,10.149471,0.027078,1
670,32.894758,32.809087,4.357024,0.040282,1.370974,0.225168,0.637275,14.446758,0.043249,1
671,24.618300,29.229537,1.938333,0.052873,0.635918,0.413804,0.399976,7.584457,0.047557,0
672,67.774487,60.343843,18.688980,0.030562,1.069302,0.525627,0.707310,24.093476,0.009332,1
673,58.182457,53.944346,9.309305,0.027637,0.477317,0.427856,0.673026,14.503335,0.020979,1
674,33.122937,36.988790,3.123578,0.046479,0.470489,0.475976,0.457040,9.011265,0.036677,1
675,66.681515,82.191364,2.383127,0.023535,0.362811,0.429580,0.259198,13.007313,0.018769,0
676,42.100833,42.212078,1.076081,0.030383,0.143609,0.163471,0.523448,6.353897,0.152700,1
677,72.751146,63.320974,16.590613,0.021559,0.880272,0.416739,0.725446,22.757274,0.011721,1
678,39.381641,52.320220,5.879918,0.033012,1.343365,0.510384,0.456408,18.100804,0.017022,0
679,79.769460,101.928696,7.698478,0.029960,1.282820,0.380681,0.395962,34.811013,0.011203,0
680,24.035355,18.421719,8.451468,0.033066,1.498450,0.449274,0.801986,8.187653,0.021053,0
681,68.399903,88.962028,1.114555,0.029660,1.496680,0.166140,0.165247,20.792156,0.017872,0
682,44.671491,35.337672,9.725315,0.034417,0.131396,0.463495,0.933965,2.078463,0.017102,0
683,53.970841,49.596213,6.916904,0.029281,1.016079,0.155753,0.789995,15.679216,0.034013,1
684,65.861203,74.859171,11.045326,0.021558,1.167224,0.484848,0.526102,28.326039,0.011539,1
685,57.171572,62.567239,7.737272,0.054577,0.974460,0.384775,0.536849,22.418897,0.018293,1
686,54.857023,76.441912,4.767141,0.037692,1.159422,0.432959,0.350161,21.882435,0.014486,0
687,43.353828,37.293519,12.455284,0.057127,0.935593,0.521656,0.744292,13.485095,0.014700,0
688,40.514317,43.324966,4.761276,0.059825,0.396290,0.542447,0.517447,10.165055,0.028809,1
689,58.970536,74.485085,0.910511,0.043726,1.101140,0.171339,0.173264,15.850623,0.024159,0
690,47.285861,55.435598,7.895393,0.034925,1.048544,0.526677,0.517036,19.299166,0.015629,1
691,30.041422,31.551052,5.057974,0.047885,1.067238,0.409456,0.585664,12.094610,0.030668,1
692,36.517293,29.555074,8.655125,0.043972,0.990316,0.221742,0.897292,6.502968,0.022207,0
693,62.308349,63.468555,6.602265,0.053495,1.034865,0.217891,0.609244,24.332937,0.027796,1
694,21.148692,26.337985,2.612764,0.047986,0.953576,0.485262,0.448450,8.170061,0.039475,0
695,68.168656,93.571304,1.905778,0.039540,0.850309,0.310755,0.199130,17.552260,0.014294,0
696,29.221463,32.167718,2.291924,0.056852,0.487818,0.383276,0.451690,8.082409,0.050625,1
697,55.570411,52.705604,4.644421,0.021270,0.172785,0.319334,0.688924,8.161534,0.047900,1
698,25.073923,28.202969,4.296697,0.055317,1.333362,0.413618,0.558438,11.426504,0.032955,1
699,32.673910,42.609973,4.009599,0.027866,1.340531,0.444970,0.426513,14.835317,0.023296,0
700,37.191173,46.929615,6.466369,0.021201,1.496133,0.508946,0.495457,18.147086,0.017230,0
701,57.357832,79.232264,0.121292,0.053896,0.751013,0.174958,0.036884,4.009439,0.009275,0
702,40.116743,29.963660,15.535496,0.052679,1.465480,0.491019,0.820691,12.712473,0.010977,0
703,76.277914,57.938601,19.505634,0.022841,0.639837,0.234317,0.949383,6.354560,0.007285,0
704,33.761947,34.719943,1.762232,0.024039,0.475987,0.216996,0.485797,9.286664,0.078878,1
705,28.836534,39.827687,1.563591,0.058710,1.163010,0.325896,0.291573,10.671978,0.033861,0
706,36.702109,46.200807,0.439093,0.031975,0.556755,0.243002,0.139951,6.093953,0.033438,0
707,27.780739,24.433830,4.235697,0.046960,0.597448,0.175026,0.889512,4.050534,0.050191,1
708,32.630416,41.320436,1.148106,0.033706,0.305691,0.495864,0.246180,5.686148,0.035231,0
709,29.295519,22.203536,8.451718,0.032097,0.778353,0.375363,0.859488,5.766947,0.022999,0
710,68.228293,54.309991,16.375473,0.040220,0.912979,0.207632,0.924255,9.298071,0.010537,0
711,57.439909,51.210453,10.526877,0.023291,0.782968,0.333834,0.725097,16.956261,0.019662,1
712,38.387808,48.970054,0.118257,0.036744,0.179770,0.333373,0.054238,1.790737,0.020277,0
713,63.500365,69.977484,11.511856,0.051082,1.034097,0.494881,0.564972,25.418853,0.012318,1
714,38.832530,41.807719,8.766312,0.059578,1.276151,0.505808,0.613924,16.782240,0.017241,1
715,42.288036,35.378871,9.898261,0.049666,0.785150,0.347028,0.805298,10.321460,0.021183,0
716,48.990852,63.039532,1.329630,0.054392,0.605965,0.312722,0.218107,11.235944,0.024704,0
717,39.693986,40.400259,4.111454,0.025040,1.167426,0.228568,0.567666,16.863266,0.040110,1
718,77.086690,63.430331,19.166584,0.043173,0.894818,0.345850,0.809939,19.791862,0.010762,0
719,58.684715,50.520422,13.980023,0.034887,0.873727,0.414667,0.745028,17.613332,0.014116,0
720,28.473413,31.309769,0.725571,0.031146,0.359378,0.237484,0.302509,5.957172,0.086094,1
721,30.970267,39.579929,2.303182,0.057085,0.499991,0.537971,0.352120,8.129152,0.031509,0
722,54.275628,43.425973,13.017696,0.051909,0.624368,0.296956,0.886070,8.269229,0.015140,0
723,25.221033,27.484607,2.286294,0.051837,1.283169,0.220049,0.518614,11.385231,0.063389,1
724,60.365877,51.573767,10.495892,0.054963,0.405491,0.249868,0.886657,7.384527,0.020001,0
725,35.794841,25.072760,13.641443,0.051704,1.318937,0.400932,0.875243,8.450831,0.012473,0
726,65.015946,52.431069,14.171656,0.034049,0.741653,0.187511,0.941717,6.519635,0.011091,0
727,49.167829,66.107019,0.001115,0.031658,0.156083,0.233016,0.000917,0.060374,0.000687,0
728,34.288799,45.806550,2.332035,0.038652,0.755297,0.454230,0.321935,10.683490,0.026486,0
729,29.269532,30.472093,5.219232,0.043876,0.701979,0.549823,0.583084,9.570422,0.028944,1
730,66.166934,64.744741,6.667460,0.026828,1.258574,0.162185,0.653937,27.380631,0.030639,1
731,32.266902,30.275650,7.304205,0.044605,0.814813,0.514242,0.672785,10.512076,0.024096,1
732,50.591241,53.165978,2.106257,0.021396,0.170340,0.370464,0.411233,8.122917,0.050292,1
733,46.290717,59.595885,0.438609,0.020999,0.324951,0.329616,0.112309,5.036209,0.021943,0
734,34.248713,25.163559,11.168972,0.024464,1.114438,0.393328,0.845101,8.611654,0.016749,0
735,36.862985,30.280997,8.303745,0.052058,0.631652,0.306837,0.856181,6.640840,0.025215,0
736,65.046179,51.246008,19.893121,0.029477,1.181880,0.420957,0.795601,20.056748,0.009528,0
737,53.946893,72.849955,0.032074,0.022647,0.642252,0.157662,0.013931,1.536318,0.005213,0
738,69.611514,74.297409,7.775895,0.029377,1.185342,0.288033,0.523960,30.180657,0.018242,1
739,21.806232,29.940930,0.547424,0.057328,1.035015,0.256199,0.195347,6.123146,0.048561,0
740,56.687817,66.605349,5.916675,0.053924,0.544570,0.528865,0.443253,16.519733,0.017849,1
741,73.091307,88.977475,6.010609,0.031265,0.488451,0.535344,0.382940,19.495419,0.013956,0
742,20.617070,24.765945,3.606243,0.044908,1.088745,0.546044,0.519496,8.571977,0.033921,0
743,38.712766,36.311812,3.403201,0.037712,0.210515,0.254419,0.750119,5.642978,0.070302,1
744,40.603202,52.142642,2.698597,0.027429,1.409678,0.299004,0.337910,17.622105,0.025360,0
745,75.717834,56.278486,20.041863,0.026512,0.229305,0.388085,0.957483,3.282964,0.006435,0
746,29.028336,39.990988,0.274068,0.040061,0.725400,0.248663,0.102106,4.405364,0.028983,0
747,48.257615,56.139992,6.048231,0.050155,1.151648,0.381156,0.490366,20.654237,0.020205,1
748,74.261586,94.474513,0.609147,0.022224,1.159867,0.152751,0.110397,15.077547,0.015432,0
749,32.746837,38.132595,3.772059,0.036096,0.675676,0.503835,0.459503,10.683252,0.029264,1
750,73.733771,98.539484,0.595662,0.047642,0.539429,0.258653,0.097441,9.325412,0.012294,0
751,31.436590,26.068563,7.750946,0.037198,0.578951,0.482380,0.774077,7.190477,0.026053,0
752,27.193466,33.025052,1.779632,0.031518,0.844037,0.347128,0.357050,9.319883,0.043016,0
753,37.996524,42.451897,1.187811,0.026576,0.707381,0.196633,0.317725,11.394055,0.056739,1
754,52.801741,70.315504,2.190885,0.049320,0.581541,0.413465,0.254669,12.921022,0.019274,0
755,75.893295,96.740174,8.932700,0.046281,0.893247,0.509355,0.429527,28.167721,0.010749,0
756,43.971127,40.838461,4.710227,0.053062,0.115136,0.470392,0.719426,5.027447,0.048011,1
757,26.267271,28.993818,4.053882,0.024748,0.749574,0.542227,0.525463,9.054127,0.032286,1
758,32.881753,24.564772,9.451420,0.049555,0.932786,0.162977,0.986957,1.066104,0.006486,0
759,59.523058,63.844689,2.878024,0.026901,0.244571,0.377190,0.402375,11.390108,0.034849,1
760,37.781457,51.262674,1.396808,0.059343,1.246236,0.253868,0.250139,13.406925,0.029687,0
761,78.183418,78.329129,4.505901,0.022014,0.586526,0.171106,0.559556,23.620704,0.038504,1
762,61.520675,62.784943,3.926295,0.044559,0.417130,0.251143,0.528015,15.812278,0.039880,1
763,54.657905,52.004052,11.164344,0.052828,1.252973,0.340940,0.689586,21.597153,0.016923,1
764,41.049147,39.152342,6.008773,0.033127,1.228000,0.233624,0.680579,16.254911,0.033625,1
765,25.081301,25.750600,2.276135,0.053636,0.774985,0.238495,0.570453,8.670881,0.074574,1
766,42.859476,54.255126,3.386142,0.035384,1.253073,0.333650,0.372287,18.150788,0.023634,0
767,38.197153,51.672667,0.424679,0.057350,0.266101,0.423547,0.114312,3.808287,0.023159,0
768,51.894329,37.512404,15.506137,0.036310,0.765835,0.214488,0.975638,2.597254,0.005871,0
769,59.384576,81.939173,0.224240,0.048590,0.887064,0.177380,0.056423,6.348534,0.011441,0
770,45.060020,35.212195,13.798365,0.057539,0.957914,0.414711,0.828002,11.243797,0.013940,0
771,24.608183,23.335112,5.284428,0.036128,0.870929,0.483458,0.660221,8.412608,0.032994,1
772,68.880260,77.716338,1.647737,0.030213,0.622841,0.192350,0.275849,18.166112,0.031960,1
773,41.293861,40.848745,4.250853,0.046326,1.046152,0.178043,0.661551,15.448549,0.048640,1
774,43.715559,36.163487,8.178983,0.053092,0.319538,0.166766,0.987420,0.804049,0.007896,0
775,45.150973,36.921872,11.318253,0.042282,1.331062,0.242552,0.855440,11.848561,0.018002,0
776,50.145637,60.778541,9.209369,0.028818,1.441365,0.504473,0.521490,23.982782,0.013117,0
777,76.058247,102.031711,3.159830,0.045193,0.989580,0.311284,0.258013,24.444584,0.013718,0
778,65.143873,69.828096,10.876087,0.037138,1.048413,0.442599,0.563279,26.274856,0.013343,1
779,69.468291,55.748677,23.070139,0.041612,1.266102,0.487866,0.779719,23.161586,0.007770,0
780,45.878102,44.287432,11.747786,0.030047,1.381085,0.487685,0.662953,19.688967,0.013888,1
781,49.041234,51.977177,3.239964,0.042922,0.531856,0.280084,0.471794,14.232495,0.039726,1
782,22.356165,19.905907,3.115709,0.059134,0.108931,0.536299,0.782520,2.170312,0.074331,1
783,43.709318,52.882138,3.615894,0.046844,0.584129,0.472172,0.392950,12.844453,0.024376,0
784,76.805375,75.280680,19.733414,0.030637,1.196617,0.546133,0.653075,31.019329,0.008046,1
785,21.546176,24.184940,1.132079,0.047522,1.023308,0.198155,0.407674,8.461372,0.089885,1
786,76.311787,63.096745,17.120357,0.028907,0.971855,0.272887,0.827874,19.189218,0.012425,0
787,52.787513,52.367081,4.221385,0.026837,0.324316,0.317258,0.572511,11.794283,0.041137,1
788,65.436979,86.937951,0.001686,0.035724,0.217779,0.190098,0.001069,0.109266,0.000616,0
789,20.995549,24.422087,0.989258,0.026521,0.943429,0.243525,0.339041,7.464125,0.073701,1
790,21.422465,27.516365,0.950633,0.025418,1.464567,0.242590,0.281254,8.745947,0.053640,0
791,72.104571,97.234793,0.081076,0.022025,0.687478,0.165757,0.022926,3.248896,0.005484,0
792,54.436992,53.077514,2.254308,0.043330,0.140113,0.154521,0.716046,6.905761,0.107636,1
793,67.242317,61.493299,7.128408,0.043534,0.156361,0.309074,0.801806,7.403419,0.033881,1
794,78.428025,84.775916,3.856561,0.048378,0.485335,0.258597,0.416204,21.314646,0.027610,1
795,74.254597,71.455599,10.808482,0.022023,0.869816,0.320448,0.633859,26.057630,0.016955,1
796,69.941812,88.403245,3.267286,0.029043,0.414046,0.476922,0.284108,15.256388,0.015794,0
797,75.823905,58.138180,23.156368,0.033498,0.730082,0.498275,0.814376,17.329942,0.008286,0
798,25.011495,21.204449,5.971820,0.022052,1.153456,0.347014,0.757304,8.401554,0.033553,0
799,46.526422,43.459439,5.625335,0.041198,0.652401,0.214547,0.737369,12.252867,0.040439,1
800,54.319753,68.649446,1.360946,0.026156,1.164225,0.209700,0.215634,17.154717,0.023814,0
801,36.090462,34.385271,3.651538,0.047188,0.671838,0.172672,0.737852,9.635982,0.063771,1
802,22.080362,21.513723,4.218380,0.027737,1.076029,0.406602,0.634310,8.614656,0.040386,1
803,35.589688,46.987652,1.269378,0.031891,1.353966,0.241998,0.244308,12.998722,0.031321,0
804,44.678238,38.797336,11.575913,0.053043,1.041337,0.419237,0.749499,14.503550,0.016643,0
805,69.461027,67.925557,5.929831,0.049518,0.318844,0.294190,0.622733,14.900876,0.032925,1
806,60.276250,53.612756,7.583795,0.059703,0.213721,0.212481,0.914912,4.339532,0.026302,1
807,79.305260,109.766089,5.929359,0.046377,1.211345,0.381123,0.333146,31.729511,0.010928,0
808,71.966093,64.957147,12.790148,0.044776,0.754754,0.314476,0.737401,20.383733,0.016582,1
809,45.649187,42.508490,6.844641,0.054023,0.889925,0.230611,0.744546,13.840987,0.032364,1
810,76.065982,89.937478,12.228514,0.042248,1.252582,0.461807,0.514640,33.939946,0.010141,0
811,20.972024,26.694582,0.364626,0.055597,0.156194,0.546785,0.166457,2.069196,0.055086,0
812,37.644048,31.892903,11.160493,0.030121,1.171509,0.496225,0.739865,13.219642,0.016047,0
813,26.170556,20.626811,9.421113,0.046954,1.470812,0.488755,0.792313,9.087676,0.018458,0
814,39.459763,46.307556,4.577426,0.044126,0.931939,0.423013,0.465343,15.139630,0.024664,1
815,54.521550,54.540287,4.293004,0.050743,0.486292,0.240509,0.590542,14.775610,0.042499,1
816,61.541258,53.130598,12.409393,0.049883,0.975462,0.237486,0.829264,15.423609,0.017579,0
817,23.596598,18.680993,5.903138,0.053978,0.948396,0.167999,0.965810,1.741822,0.019634,0
818,64.049076,60.137153,9.800078,0.057154,0.769940,0.282789,0.710687,19.216306,0.021514,1
819,47.920216,34.003116,14.137430,0.030344,0.214238,0.161141,0.999999,0.000126,0.000002,0
820,57.882520,57.794472,6.426572,0.026986,0.867403,0.268373,0.588899,20.970212,0.026887,1
821,59.829468,82.308112,0.101313,0.055615,0.170583,0.380752,0.029420,1.654358,0.007116,0
822,53.835174,56.537429,2.705583,0.023595,0.197152,0.390365,0.432876,9.400919,0.042147,1
823,40.457514,54.297530,2.055235,0.025731,0.669227,0.435888,0.274739,11.038298,0.023118,0
824,37.601205,40.151666,7.117073,0.056011,1.076966,0.466876,0.591460,15.156369,0.021320,1
825,60.581664,71.228481,1.789851,0.031833,1.424295,0.150445,0.287937,24.665736,0.031364,1
826,36.317274,30.961346,9.185195,0.045348,1.026568,0.387385,0.764658,11.316715,0.021576,0
827,20.974607,25.382308,1.067105,0.046602,0.552943,0.372631,0.323897,5.605661,0.061841,0
828,40.563856,32.215951,9.524085,0.053261,0.232186,0.517359,0.864013,4.265030,0.021578,0
829,58.987283,45.562006,17.277292,0.049158,0.662838,0.461928,0.831816,12.069233,0.011329,0
830,27.093117,18.965765,8.999854,0.034264,1.096992,0.251793,0.948104,3.014648,0.014869,0
831,20.773848,22.398562,3.517479,0.058305,1.291611,0.376298,0.584665,9.205831,0.043890,1
832,50.867680,38.636010,15.183171,0.035199,0.868422,0.392854,0.845620,11.265704,0.012762,0
833,43.323581,37.613940,6.072367,0.032597,0.232951,0.188658,0.953615,2.030899,0.024621,0
834,30.613817,42.587962,2.101330,0.041275,0.721745,0.499447,0.310068,9.176384,0.027162,0
835,79.734134,88.337456,7.574941,0.033078,1.237463,0.272298,0.479387,35.337865,0.016496,1
836,44.162223,51.703147,1.675788,0.032610,1.055068,0.203284,0.313545,16.082318,0.038447,1
837,57.943775,45.765622,17.140049,0.047737,0.909890,0.430245,0.812174,14.892788,0.011331,0
838,65.208327,85.488220,4.005983,0.049210,0.799943,0.397669,0.318166,20.806280,0.015382,0
839,31.198396,22.399910,9.584516,0.037721,0.498358,0.396842,0.917705,3.344914,0.017376,0
840,70.997560,59.451369,12.568895,0.058539,0.275770,0.193218,0.974947,2.182903,0.008127,0
841,48.709464,54.062372,1.542205,0.023441,0.857924,0.172811,0.327900,16.297018,0.046330,1
842,26.329006,29.222863,3.095911,0.029350,0.862083,0.405110,0.491263,9.750230,0.040274,1
843,69.204050,50.457038,20.940707,0.047572,0.797382,0.250925,0.954614,5.897847,0.006155,0
844,38.466254,43.449424,6.015423,0.052397,1.357109,0.383252,0.543660,17.769947,0.023090,1
845,63.813303,60.965681,8.454596,0.038647,0.997352,0.225974,0.686488,22.592950,0.024617,1
846,62.104296,67.664199,1.746752,0.056454,0.602070,0.158374,0.359536,18.020217,0.048999,1
847,38.946389,28.813200,12.304451,0.048084,1.173138,0.282541,0.906929,7.022688,0.013968,0
848,60.539774,59.156807,10.007462,0.038167,1.158755,0.314912,0.643612,24.295110,0.018166,1
849,76.083795,66.620140,14.007585,0.043382,0.268626,0.537729,0.744655,12.671477,0.015154,1
850,42.670353,31.722238,11.729083,0.040237,0.575027,0.214769,0.979523,1.598312,0.007108,0
851,59.486133,83.186870,1.097026,0.034189,0.732435,0.310282,0.150153,11.878095,0.014770,0
852,26.908771,35.473604,1.383034,0.035491,0.680756,0.413876,0.285107,7.538891,0.036954,0
853,46.522005,53.675388,1.937038,0.052549,0.186025,0.526202,0.317870,7.155425,0.033775,1
854,58.925923,80.622221,0.569796,0.039097,0.312005,0.390723,0.101794,5.851823,0.013824,0
855,54.904199,53.862295,5.948480,0.025073,0.573318,0.306697,0.602767,16.031571,0.030245,1
856,29.759649,36.129880,0.912974,0.022343,0.392363,0.370946,0.247976,5.898141,0.045757,0
857,55.713784,73.003952,5.221138,0.033819,0.907774,0.471205,0.378592,20.188488,0.015205,0
858,52.416734,39.600643,15.580454,0.056321,0.892191,0.308525,0.899772,8.703471,0.011508,0
859,37.779548,30.239832,8.407879,0.037311,0.312024,0.388272,0.882683,4.154606,0.024027,0
860,24.836924,33.721043,2.871262,0.043465,1.157187,0.481375,0.407306,10.369808,0.030178,0
861,24.811205,25.649507,4.700424,0.053146,0.982130,0.463388,0.606773,9.455940,0.033752,1
862,36.624155,49.758167,0.926562,0.055005,0.274084,0.538376,0.185956,5.134465,0.025941,0
863,30.629211,36.921868,0.221794,0.036217,0.156400,0.356513,0.112263,2.311138,0.044182,0
864,54.838714,74.315016,5.496883,0.039251,1.041151,0.473870,0.381224,21.326235,0.014374,0
865,77.031969,55.112238,29.514483,0.023445,1.475530,0.475755,0.823356,24.263750,0.005825,0
866,36.820085,29.180866,9.216447,0.045758,0.715798,0.302381,0.877965,6.305745,0.021489,0
867,23.273924,26.058016,1.934409,0.035329,1.363365,0.236533,0.461511,10.790912,0.061775,1
868,46.554641,34.164305,16.308475,0.053054,1.248683,0.385200,0.861709,11.482539,0.011015,0
869,41.186173,51.888333,3.392155,0.053037,0.876562,0.402584,0.381692,14.701915,0.024560,0
870,67.064328,75.044587,6.064569,0.058318,0.679797,0.366446,0.464208,21.970443,0.019610,1
871,56.305371,48.104007,11.298772,0.042864,0.975911,0.223935,0.844068,13.306817,0.019206,0
872,23.575226,26.476193,1.781047,0.040936,1.169169,0.240709,0.447552,10.081604,0.064454,1
873,59.991319,45.357877,15.731137,0.026535,0.718567,0.223784,0.952478,5.036017,0.008702,0
874,32.137637,31.195842,2.470479,0.035912,0.171610,0.354683,0.624696,5.049626,0.080324,1
875,48.997657,47.427227,9.131752,0.025813,1.274805,0.352279,0.641887,20.659222,0.019162,1
876,23.722485,17.787332,7.991217,0.042641,0.903412,0.501213,0.822118,5.872612,0.023046,0
877,53.472421,73.356339,0.000002,0.023920,0.168173,0.167626,0.000003,0.000341,0.000004,0
878,31.116611,33.571372,5.846336,0.021823,1.003801,0.528388,0.564601,12.273883,0.023900,1
879,70.529923,64.014985,7.275946,0.026795,0.208063,0.200778,0.877980,6.511636,0.031335,1
880,27.397027,29.122853,3.435943,0.034326,0.444186,0.545802,0.522273,7.273083,0.039968,1
881,61.058855,83.301769,0.447125,0.035286,0.299579,0.371893,0.084977,5.199350,0.012518,0
882,24.605484,17.295962,8.435428,0.045673,1.038608,0.314316,0.920535,3.709067,0.018767,0
883,49.378645,48.924860,1.937391,0.033415,0.133607,0.220833,0.583183,7.043422,0.097907,1
884,25.905451,35.482808,0.652902,0.049146,0.939104,0.276145,0.192336,6.863653,0.039439,0
885,43.588828,37.741247,7.488750,0.027161,0.235752,0.469006,0.780693,6.255250,0.029776,0
886,60.652748,65.677841,2.844144,0.056897,0.765126,0.179094,0.439642,20.922720,0.041505,1
887,36.836049,34.808464,6.328514,0.059701,1.195396,0.246268,0.729052,13.339901,0.033395,1
888,72.458440,92.850849,1.011403,0.035973,0.414520,0.313869,0.146327,10.698153,0.015662,0
889,78.693240,65.049747,23.191021,0.033368,1.218821,0.442348,0.763420,26.796401,0.008026,0
890,45.200660,49.940032,9.358273,0.052167,1.265656,0.496569,0.586684,19.805959,0.015424,1
891,23.577040,27.925480,0.627624,0.036633,0.295982,0.369435,0.245812,4.039507,0.066458,0
892,44.164369,46.978884,8.539385,0.025409,1.495137,0.420182,0.583395,21.071373,0.017196,1
893,43.760058,34.706402,10.836115,0.057971,0.322231,0.501841,0.846538,5.880290,0.018989,0
894,74.422518,103.750418,1.222000,0.034218,0.391642,0.417688,0.138071,10.268971,0.011334,0
895,49.028152,48.678713,6.492424,0.043751,0.600936,0.380237,0.602893,14.655311,0.026682,1
896,29.687470,30.584563,2.692804,0.042811,0.874860,0.234043,0.557469,10.962639,0.060748,1
897,64.536284,46.313778,20.402678,0.051209,0.596765,0.375557,0.918344,7.527253,0.008064,0
898,35.669746,42.320983,4.230456,0.051850,0.894347,0.444010,0.465412,13.406854,0.026536,0
899,56.606475,58.968345,3.041694,0.030453,0.286455,0.317640,0.458532,12.021253,0.041231,1
900,55.957957,59.292800,4.378020,0.020259,0.503458,0.348496,0.472408,15.802047,0.028763,1
901,37.137559,45.093383,0.679211,0.043393,0.133525,0.526590,0.188770,3.667862,0.037823,0
902,30.464556,31.383204,1.880665,0.045027,0.227991,0.370213,0.491381,5.801793,0.074063,1
903,44.441931,47.329053,2.783007,0.027852,1.355205,0.159026,0.482636,20.620244,0.048443,1
904,71.699893,79.155388,14.440985,0.043878,1.346922,0.474064,0.580319,32.521973,0.009907,1
905,45.780402,56.076504,2.333619,0.042885,1.378258,0.222314,0.337135,19.628910,0.030566,0
906,36.127857,30.313122,7.286523,0.032257,0.445600,0.372054,0.812899,6.482643,0.029958,0
907,55.279498,55.199333,4.635184,0.023263,0.961589,0.185115,0.587838,21.099308,0.038789,1
908,30.309768,32.208803,1.748881,0.031331,0.399593,0.310125,0.441131,7.560289,0.066408,1
909,68.711967,48.765123,25.198501,0.046755,1.009130,0.469462,0.856100,15.651789,0.006998,0
910,75.965176,54.246466,22.792795,0.055447,0.315297,0.333407,0.976465,2.369698,0.003906,0
911,53.875438,62.717424,10.078317,0.057270,1.050693,0.548780,0.546997,21.878184,0.013072,1
912,63.209448,56.955179,11.270651,0.021969,1.331653,0.242432,0.731341,24.057793,0.018651,1
913,73.843143,64.932791,14.270176,0.025525,0.408911,0.493645,0.725167,15.751242,0.014310,1
914,50.003496,58.625360,3.362854,0.050322,0.434693,0.454002,0.378777,12.540343,0.025414,1
915,38.755881,38.270574,4.599529,0.059062,0.393566,0.408241,0.605658,9.357462,0.038775,1
916,76.072633,69.406379,19.079761,0.050634,1.194647,0.426662,0.712104,28.364333,0.009616,1
917,77.938339,76.027971,8.702872,0.046868,0.283004,0.441724,0.610088,15.907003,0.020948,1
918,54.503634,46.043173,11.758097,0.032488,0.806238,0.320987,0.793969,13.946384,0.018141,0
919,58.713115,71.726895,0.740583,0.036213,0.425115,0.257665,0.154802,9.114312,0.024138,0
920,31.917897,39.845379,4.623776,0.034809,1.372954,0.450512,0.473779,14.887881,0.023627,0
921,73.819717,95.396257,0.656722,0.058252,0.355939,0.300671,0.110448,8.305484,0.014241,0
922,40.354440,30.011675,11.167615,0.024361,0.780643,0.249416,0.938245,4.344153,0.013701,0
923,39.016557,49.401923,6.031616,0.032099,1.325684,0.493479,0.477520,17.893232,0.017967,0
924,71.433856,88.239076,3.411150,0.047613,0.305373,0.528010,0.298619,13.696393,0.016647,0
925,60.952429,56.815697,10.785791,0.045829,0.800811,0.354228,0.690048,19.241882,0.018258,1
926,27.197177,24.979106,4.684632,0.054457,1.223354,0.204920,0.783070,8.835158,0.047646,1
927,77.143205,71.756745,18.750967,0.050073,1.027239,0.474778,0.690727,27.555556,0.009494,1
928,76.744982,70.531991,18.750794,0.025267,1.301909,0.432016,0.685972,31.065934,0.009378,1
929,64.518664,75.771123,0.963544,0.054922,0.453241,0.217543,0.196419,12.028502,0.029307,1
930,23.218087,27.913377,1.227389,0.053964,0.765666,0.303359,0.342573,7.465507,0.059623,0
931,30.096715,38.689614,2.463914,0.027568,0.868473,0.438154,0.362310,10.516166,0.030510,0
932,50.666818,56.899804,6.811096,0.053148,0.745258,0.481825,0.509683,17.444519,0.018924,1
933,62.563329,48.410313,20.890912,0.046841,1.274395,0.428810,0.814648,18.874755,0.008824,0
934,41.778970,54.960055,2.046481,0.024504,1.115520,0.313111,0.280560,14.868288,0.024388,0
935,73.182822,53.645767,26.646006,0.047167,1.445983,0.402550,0.847199,20.772399,0.006663,0
936,36.233555,31.673717,10.535507,0.031931,1.418882,0.460202,0.726444,14.363978,0.016756,1
937,43.587308,34.759913,9.344483,0.041770,0.115001,0.540312,0.911956,2.361396,0.020003,0
938,42.148172,40.042223,5.725850,0.040822,0.581728,0.326266,0.664884,11.713140,0.034740,1
939,72.794878,76.715941,13.144005,0.025535,0.810861,0.543096,0.571260,25.732447,0.011027,1
940,34.998373,26.296198,10.598889,0.043815,1.028405,0.316058,0.883520,6.951912,0.017461,0
941,45.331534,56.643780,1.475257,0.052810,0.373998,0.409499,0.246513,8.743886,0.027783,0
942,45.138186,46.068937,4.376954,0.050085,0.459306,0.355150,0.552161,12.099622,0.036406,1
943,39.251273,43.852899,8.959640,0.037410,1.494028,0.518277,0.590947,18.640518,0.015625,1
944,40.701010,30.050081,11.102988,0.036748,0.385939,0.237854,0.986894,0.852406,0.005605,0
945,20.013622,26.828282,0.518723,0.049692,1.281431,0.217126,0.208884,6.508899,0.058405,0
946,27.221815,20.343497,8.721049,0.057152,1.113641,0.322214,0.887580,5.486506,0.020633,0
947,27.148440,28.741374,2.879218,0.034993,0.588365,0.398532,0.513433,8.302941,0.048043,1
948,63.123087,49.073309,14.491666,0.059773,0.149826,0.243091,0.997583,0.183888,0.001267,0
949,23.229831,19.348422,4.302460,0.035672,0.154541,0.470961,0.866465,1.967929,0.050106,0
950,40.474667,40.916990,8.595293,0.040356,1.045821,0.494578,0.623561,15.714360,0.018545,1
951,71.962141,50.872735,28.610409,0.038429,1.189265,0.545536,0.830776,19.800744,0.005893,0
952,48.993925,68.142081,2.886449,0.029944,1.156397,0.365358,0.289417,18.017623,0.017766,0
953,79.528138,103.408166,0.183408,0.048255,0.236314,0.288232,0.042487,3.498436,0.008121,0
954,20.418936,20.060311,1.925551,0.052755,0.428656,0.284932,0.621522,5.083933,0.099835,1
955,69.651422,48.785148,21.695019,0.029647,0.530947,0.243427,0.985552,1.860999,0.002968,0
956,24.091197,20.019471,5.507452,0.031654,0.877769,0.316958,0.806620,6.191452,0.038344,0
957,42.612013,55.955259,2.372229,0.039718,1.367419,0.282062,0.309828,17.575120,0.025095,0
958,26.408042,36.109882,0.004344,0.031906,0.184318,0.269226,0.004683,0.154635,0.004468,0
959,39.224077,31.967654,11.065222,0.024900,1.196426,0.403963,0.773769,12.907160,0.017358,0
960,27.430762,20.555926,9.860872,0.027605,1.373201,0.478500,0.805796,8.840459,0.017881,0
961,52.677852,39.745417,19.354626,0.029878,1.437627,0.493858,0.800761,17.642243,0.008955,0
962,30.128600,39.099693,0.118390,0.040471,0.118520,0.457777,0.061222,1.255229,0.025487,0
963,76.087731,101.686801,2.340699,0.055528,1.247475,0.229688,0.232027,25.931536,0.015633,0
964,37.051058,33.430353,6.585706,0.035733,0.627876,0.367822,0.717533,9.924782,0.031305,1
965,29.592786,35.034090,0.811841,0.032412,0.334593,0.351338,0.249656,5.435618,0.052800,0
966,67.786434,82.538691,5.677041,0.026231,1.003748,0.368818,0.390938,26.074671,0.015328,0
967,25.246790,24.341799,2.785727,0.021592,0.678923,0.259595,0.635383,7.816435,0.069579,1
968,77.338968,105.764351,0.242516,0.021724,0.593258,0.221638,0.047190,5.866068,0.007459,0
969,43.533068,59.354978,0.004126,0.050541,0.297679,0.193473,0.003057,0.221032,0.002025,0
970,78.875455,76.282941,16.121645,0.033704,1.185328,0.401068,0.650384,31.794901,0.010750,1
971,31.520965,25.286582,11.326744,0.056706,1.413290,0.504988,0.788363,10.848971,0.015300,0
972,57.526007,72.815715,0.092662,0.033392,0.196652,0.275481,0.034800,1.961915,0.010944,0
973,58.138719,55.183554,7.939823,0.043859,0.307909,0.475754,0.648309,11.970320,0.024175,1
974,42.927410,34.023754,9.473979,0.029499,0.375363,0.269959,0.940036,3.131504,0.016770,0
975,58.567704,65.634591,9.756971,0.034500,1.074512,0.479599,0.537443,24.113232,0.013641,1
976,32.245260,33.158720,2.830613,0.027206,1.221314,0.193945,0.552453,14.093343,0.057224,1
977,73.021038,68.643483,15.312381,0.021014,1.057418,0.426019,0.659420,27.530994,0.011462,1
978,38.966079,28.796657,11.626677,0.029632,0.953738,0.304723,0.896171,6.863592,0.015554,0
979,24.834849,19.942738,6.444007,0.023590,0.517168,0.514331,0.791330,5.128012,0.031257,0
980,20.362823,21.150908,1.944351,0.032307,0.272546,0.520424,0.511366,4.239279,0.072081,1
981,29.701673,40.871956,0.354611,0.049663,0.388112,0.368671,0.116788,3.631189,0.028767,0
982,73.068724,79.483813,3.976425,0.027818,0.848383,0.216492,0.419192,26.296875,0.026817,1
983,74.989349,69.701606,10.773008,0.050393,0.620915,0.285529,0.717884,19.963623,0.020024,1
984,77.123747,93.824851,1.421478,0.055236,0.936401,0.169842,0.213078,21.692760,0.022931,0
985,35.423762,36.327968,4.639082,0.049756,0.417770,0.517683,0.561234,9.026449,0.033260,1
986,45.426207,42.677596,9.848654,0.037794,1.446171,0.345619,0.687752,19.332954,0.018744,1
987,41.098992,54.936363,3.797779,0.050487,0.896538,0.474723,0.374427,14.749209,0.020516,0
988,40.510943,40.656216,9.141924,0.034530,1.287860,0.467574,0.633965,17.296694,0.017502,1
989,76.459539,86.876942,13.693193,0.052204,1.138278,0.488016,0.551376,32.273397,0.009938,1
990,43.703200,32.160504,13.019343,0.046950,0.662627,0.330140,0.917936,5.391521,0.012904,0
991,64.937789,61.683607,13.675431,0.027457,0.988642,0.449748,0.655150,23.785467,0.012686,1
992,52.741758,44.453131,10.797106,0.049944,0.508676,0.343040,0.822512,9.783547,0.020156,0
993,32.961886,45.391479,1.613283,0.058285,1.101175,0.320842,0.277127,11.585179,0.030181,0
994,48.506020,64.443578,0.922323,0.048291,0.835069,0.250869,0.171377,11.274865,0.022874,0
995,46.803588,36.807039,10.293404,0.020038,0.388372,0.165706,0.992930,0.573410,0.004067,0
996,78.637029,68.386503,19.016607,0.053564,1.028635,0.370264,0.760032,24.791851,0.010526,1
997,29.188670,35.308994,3.547427,0.049250,0.940352,0.457899,0.459225,11.232936,0.030620,0
998,78.524622,86.494423,2.101382,0.045939,0.578298,0.177376,0.325541,21.506828,0.034003,1
999,73.843839,57.861574,19.395499,0.052630,0.558980,0.388925,0.861114,12.221696,0.010310,0
1000,43.618131,44.987957,9.948482,0.033600,1.296366,0.497860,0.620091,18.907999,0.015398,1
1001,25.288066,31.452257,1.982857,0.027273,1.286567,0.322139,0.375139,10.877906,0.041043,0
1002,29.929986,35.755047,1.028317,0.045413,0.849487,0.228595,0.289245,9.431171,0.054216,0
1003,32.704752,23.843338,10.367018,0.042390,0.550895,0.493174,0.866531,5.229245,0.017995,0
1004,60.015647,60.302367,16.233865,0.048770,1.434368,0.522066,0.661619,26.288525,0.009747,1
1005,51.655278,45.520336,6.608131,0.049043,0.173957,0.198521,0.952680,2.126263,0.023075,1
1006,38.166508,40.942344,2.588718,0.044023,0.890183,0.216502,0.480176,14.348138,0.051108,1
1007,42.784244,48.433303,9.692130,0.049105,1.457746,0.519042,0.590825,20.071558,0.014492,1
1008,65.732723,73.239524,3.977039,0.046667,0.368833,0.399352,0.399889,15.421875,0.024232,1
1009,56.148150,58.554105,6.976173,0.033378,0.840119,0.357725,0.548352,20.380294,0.021510,1
1010,31.853354,40.250602,0.422653,0.023399,0.360088,0.324498,0.144348,4.343386,0.036635,0
1011,59.498446,59.879342,5.176958,0.042327,0.487456,0.288801,0.568083,16.330402,0.032768,1
1012,75.972061,102.247120,5.082935,0.033115,0.803321,0.444853,0.316010,24.221975,0.011743,0
1013,22.202777,22.920777,1.041866,0.056821,0.570853,0.154801,0.525394,6.678799,0.153315,1
1014,53.168893,64.784408,6.510040,0.023416,0.779025,0.538985,0.444667,18.541254,0.015621,0
1015,51.080626,57.717551,2.250159,0.039340,0.431254,0.321660,0.347394,12.390899,0.034234,1
1016,24.493751,18.965811,6.570931,0.029593,1.272462,0.227983,0.897885,4.923523,0.028289,0
1017,50.294687,62.271008,0.012699,0.043072,0.186725,0.197684,0.009049,0.530781,0.005685,0
1018,22.187663,16.350550,6.394816,0.024719,1.267830,0.168061,0.969497,1.723465,0.016431,0
1019,46.273993,59.730259,0.038435,0.036869,0.467372,0.165969,0.020621,1.571927,0.009464,0
1020,46.944711,51.842413,3.558037,0.033297,0.899270,0.276213,0.446865,17.602189,0.032156,1
1021,26.397417,25.255962,3.464487,0.050664,0.239293,0.536510,0.635271,4.852472,0.054242,1
1022,78.204467,102.099824,2.386818,0.048035,0.941109,0.264082,0.230809,23.082052,0.015186,0
1023,57.846225,58.942682,5.871149,0.050311,0.774824,0.262767,0.580434,19.899307,0.029209,1
1024,39.082377,52.653703,0.412881,0.039425,0.178714,0.515120,0.109816,3.102973,0.022067,0
1025,56.621780,61.292225,5.915206,0.033731,0.449642,0.490819,0.487963,15.140116,0.021398,1
1026,53.553088,56.783385,4.379251,0.020641,0.239412,0.535474,0.470632,10.425293,0.028355,1
1027,42.619170,47.829327,2.344521,0.047325,0.211601,0.523027,0.375448,7.436864,0.036995,1
1028,54.539915,42.992764,14.776691,0.050654,0.914410,0.312567,0.864412,11.357315,0.013359,0
1029,72.790265,84.005648,4.439567,0.044940,1.358948,0.202515,0.408939,32.966300,0.022608,1
1030,38.581503,32.456939,11.619475,0.050416,1.372357,0.420559,0.769630,13.736418,0.015989,0
1031,38.057979,31.543646,8.782595,0.038966,1.159032,0.240316,0.848394,9.621109,0.023848,0
1032,56.997319,41.507368,16.415327,0.038742,0.556638,0.209183,0.987719,1.355088,0.003582,0
1033,79.079269,66.930175,15.109256,0.028141,0.282494,0.457624,0.799568,11.782305,0.014574,0
1034,45.530340,49.891743,0.735285,0.021377,0.129413,0.328330,0.244468,5.142983,0.058388,1
1035,68.999315,91.056133,1.290643,0.041535,0.221389,0.515292,0.162339,7.974397,0.014682,0
1036,43.278365,55.426433,1.056311,0.057416,0.287174,0.450569,0.201682,6.525673,0.026926,0
1037,76.480064,89.759455,2.708579,0.057527,0.608766,0.260227,0.303438,20.854218,0.022506,1
1038,39.930351,47.539714,2.327503,0.057176,1.171443,0.231921,0.381115,16.470103,0.038021,0
1039,67.879882,82.608611,0.173289,0.035489,0.189312,0.263106,0.054858,3.278793,0.014286,0
1040,38.269425,53.120366,4.500405,0.048707,0.999888,0.540647,0.402782,14.810871,0.018707,0
1041,42.632107,53.771370,0.684440,0.054781,0.708343,0.222263,0.173618,9.202627,0.032161,0
1042,76.861171,65.573354,14.972340,0.050248,0.556709,0.307502,0.823532,14.861448,0.014695,0
1043,56.492683,57.125483,4.764775,0.029133,1.139318,0.173383,0.583827,23.523034,0.037313,1
1044,37.995764,39.212239,2.376757,0.034192,0.335228,0.309993,0.491232,8.774260,0.058485,1
1045,23.443511,25.982796,3.545338,0.026070,1.338081,0.389123,0.529528,10.789022,0.037702,1
1046,59.884352,59.497157,9.907329,0.036429,1.081537,0.351855,0.621096,23.691713,0.017361,1
1047,20.441183,24.206532,1.327196,0.021536,1.025880,0.297300,0.367856,7.802331,0.061224,0
1048,78.741910,78.310058,13.963924,0.056397,0.802724,0.436905,0.627570,26.693347,0.012275,1
1049,54.924208,69.120099,4.861476,0.038276,1.310113,0.340043,0.394653,24.200455,0.018007,0
1050,43.163056,59.422333,4.444555,0.023329,1.076033,0.495184,0.375751,16.988726,0.017114,0
1051,48.833596,36.533768,16.230245,0.036687,0.869604,0.501100,0.821972,11.866782,0.011420,0
1052,32.239676,41.219239,3.854603,0.022184,0.880764,0.538738,0.422882,11.844417,0.024016,0
1053,50.756915,45.864648,8.613492,0.054314,0.757170,0.271961,0.764358,13.592838,0.025622,1
1054,31.560584,24.943903,7.752010,0.051202,0.517003,0.338651,0.884289,4.424098,0.025368,0
1055,33.648896,27.468587,7.511443,0.057597,0.565821,0.287211,0.884582,4.925639,0.026770,0
1056,79.287445,82.432089,5.565820,0.055646,0.350829,0.334142,0.500428,18.735370,0.025423,1
1057,62.580281,86.898859,0.192554,0.023868,0.170245,0.438183,0.044290,2.416344,0.008271,0
1058,36.909500,30.598381,6.865571,0.020874,0.155107,0.459794,0.873683,3.014302,0.031025,0
1059,28.066006,28.835139,1.861424,0.037134,0.948256,0.160843,0.551922,10.810709,0.089984,1
1060,67.010090,47.400208,23.699253,0.055732,1.166646,0.323136,0.911934,11.565099,0.006832,0
1061,52.132548,53.899236,8.472966,0.055497,0.644892,0.507573,0.583106,16.338057,0.018365,1
1062,40.148982,45.390384,5.978652,0.058482,1.397671,0.353584,0.544197,18.819624,0.023625,1
1063,47.169488,42.220750,11.614155,0.025713,1.442421,0.381932,0.709469,19.408470,0.015834,1
1064,36.953016,33.084250,5.513990,0.059952,0.666956,0.171987,0.873328,6.270192,0.040030,1
1065,54.712509,41.461167,14.048406,0.037583,0.316329,0.354184,0.939609,3.684361,0.010986,0
1066,35.527545,32.739343,5.138587,0.032129,0.221754,0.536623,0.683666,5.953899,0.039640,1
1067,76.682443,71.653210,9.782363,0.056384,0.899196,0.152474,0.813837,19.485377,0.024170,1
1068,68.641014,93.616644,1.153534,0.026458,0.227856,0.534299,0.143310,7.409146,0.012917,0
1069,52.252409,37.095952,16.446458,0.037998,0.460685,0.427164,0.917267,5.407835,0.010065,0
1070,63.989623,89.380389,1.039564,0.041529,0.502516,0.363329,0.138366,10.016000,0.013398,0
1071,44.338716,36.287396,13.282270,0.054133,1.468439,0.349333,0.808617,14.645302,0.014522,0
1072,56.194725,48.275918,12.762380,0.047799,0.861302,0.356067,0.773208,15.711444,0.016223,0
1073,79.417110,89.577669,2.738086,0.050886,0.619363,0.218185,0.332968,22.715501,0.026652,1
1074,43.070949,40.610360,6.917627,0.051271,0.704530,0.343669,0.682029,12.893882,0.028706,1
1075,67.640867,74.644553,3.162660,0.052399,0.578897,0.245316,0.392803,19.785729,0.030451,1
1076,33.462979,35.241605,3.115185,0.020363,0.465189,0.409319,0.495220,9.104543,0.042701,1
1077,50.665629,51.266649,12.890350,0.042848,1.453756,0.495373,0.649209,22.645669,0.012250,1
1078,28.367014,31.159591,5.202641,0.043324,1.315171,0.437206,0.570273,12.776345,0.027613,1
1079,42.322614,32.364724,13.048669,0.035779,0.741060,0.496824,0.816751,9.667746,0.014660,0
1080,34.639718,47.688984,1.655617,0.029905,1.441393,0.289221,0.266658,13.664945,0.027318,0
1081,73.733344,101.503944,2.302421,0.032840,0.720815,0.360438,0.207773,17.928496,0.012693,0
1082,61.266152,54.614619,9.289746,0.022066,1.131062,0.169718,0.806547,17.877543,0.024811,1
1083,43.177262,40.907487,5.191032,0.039641,0.541887,0.278293,0.681139,11.349341,0.040369,1
1084,31.535475,28.906321,6.983995,0.036445,1.464866,0.327885,0.709633,13.072781,0.027368,1
1085,54.592699,75.793148,1.345189,0.047251,0.438242,0.436394,0.178886,9.446258,0.016573,0
1086,56.439465,43.007145,16.977744,0.022564,1.047621,0.388457,0.826868,14.789826,0.011409,0
1087,64.374871,54.569221,19.135180,0.021214,1.278271,0.487525,0.733884,23.890336,0.009251,0
1088,47.619743,40.586857,7.759159,0.058132,0.287289,0.179066,0.970419,1.716554,0.014715,0
1089,31.945605,30.139900,4.182233,0.041792,0.968329,0.200257,0.725465,10.480451,0.052960,1
1090,37.383679,32.416369,7.078404,0.036446,0.398960,0.431613,0.761956,7.307800,0.030367,0
1091,33.047176,31.615414,6.783883,0.059058,0.647284,0.531867,0.657921,9.764674,0.025971,1
1092,68.008255,59.110140,9.605386,0.032676,0.195252,0.256718,0.911352,4.825369,0.020814,0
1093,50.355548,62.662924,3.898304,0.053795,1.301652,0.293870,0.391391,22.064797,0.022749,0
1094,61.234061,56.273118,5.598767,0.048063,0.185268,0.153931,0.925444,3.714090,0.034733,1
1095,44.550955,41.457581,7.785567,0.050650,1.070729,0.271638,0.722239,15.457692,0.026777,1
1096,68.697621,62.222302,14.234285,0.049081,0.724857,0.427168,0.709485,20.037367,0.013712,1
1097,79.242108,67.959040,23.064936,0.044387,1.027245,0.516039,0.739685,26.067464,0.007831,0
1098,29.381728,36.029601,1.879301,0.030987,0.895576,0.339774,0.349282,10.291365,0.039177,0
1099,40.026596,44.250177,6.706597,0.042772,1.344601,0.402689,0.556383,18.331114,0.021131,1
1100,51.124871,37.618491,14.245085,0.039680,0.426002,0.274094,0.971201,2.194740,0.007191,0
1101,30.905816,32.540517,2.603276,0.030324,0.551934,0.335594,0.494041,9.158942,0.051768,1
1102,27.997055,37.779843,0.504139,0.048305,1.314783,0.192486,0.168612,8.081019,0.040737,0
1103,66.552635,84.227027,6.695885,0.024559,1.174870,0.407563,0.402475,27.914389,0.013162,0
1104,70.059488,77.356000,8.344159,0.038335,1.004970,0.361483,0.505627,28.016278,0.015712,1
1105,22.062612,25.311863,0.221000,0.037401,0.214026,0.267062,0.162204,2.505712,0.090061,1
1106,52.725677,41.832101,13.617990,0.051800,1.068301,0.215342,0.919205,8.162573,0.012763,0
1107,26.258785,21.055892,7.557818,0.041128,1.327979,0.336904,0.816888,8.025902,0.026016,0
1108,26.402709,30.486923,4.028733,0.053127,1.315199,0.400422,0.527327,12.051300,0.032827,1
1109,24.516723,19.090631,5.524217,0.030299,0.169033,0.204265,0.998971,0.034841,0.001679,0
1110,35.602882,34.518441,9.414233,0.044415,1.420176,0.483990,0.674142,15.287054,0.017546,1
1111,62.621090,48.766311,19.060336,0.031004,1.130289,0.405643,0.809683,18.084810,0.010059,0
1112,40.457718,56.574883,1.699784,0.031165,0.468972,0.522269,0.236435,8.542749,0.021309,0
1113,21.478664,25.509829,3.925005,0.053455,1.115457,0.539776,0.535030,9.014989,0.032455,0
1114,78.536115,58.563889,27.015941,0.045852,1.250575,0.408937,0.840304,21.342547,0.006766,0
1115,27.700996,31.998279,3.662151,0.056473,1.475476,0.325652,0.517489,13.410774,0.036373,1
1116,22.396878,21.357785,4.427931,0.048060,1.256946,0.333737,0.682783,8.946637,0.042517,1
1117,23.306092,23.278738,3.730171,0.057142,0.756635,0.406434,0.618821,7.726227,0.046254,1
1118,38.699175,41.319991,1.145645,0.058903,0.192477,0.294024,0.361069,6.358326,0.075020,1
1119,48.672041,46.175106,10.771859,0.046489,1.055516,0.436129,0.674036,18.019286,0.016523,1
1120,36.088594,33.236438,3.481293,0.046220,0.275352,0.165919,0.871882,3.965742,0.066650,1
1121,55.860940,73.110079,4.279698,0.037962,1.347165,0.333721,0.356050,24.163274,0.017224,0
1122,24.618151,28.791802,2.342062,0.029786,1.249763,0.318520,0.437536,10.844558,0.044951,1
1123,70.330360,92.412991,0.225165,0.042023,0.440452,0.226997,0.053222,5.059016,0.010230,0
1124,26.112726,34.933196,0.307468,0.050401,1.248711,0.169507,0.133628,6.291212,0.043589,0
1125,70.623728,71.092023,4.610139,0.041859,0.579353,0.186541,0.577400,21.040426,0.039033,1
1126,65.398793,72.442541,1.343511,0.027529,0.361226,0.223699,0.267752,12.941921,0.037447,1
1127,23.420143,26.030527,1.051921,0.020700,1.276487,0.169602,0.375329,10.036458,0.084519,1
1128,54.366217,69.243368,2.225796,0.033985,0.557434,0.388539,0.266485,13.332916,0.020828,0
1129,36.452773,26.195905,12.685993,0.045026,1.129320,0.382302,0.873186,8.054917,0.014040,0
1130,64.501048,75.637901,0.516932,0.034099,0.388235,0.200444,0.134180,8.689490,0.026839,1
1131,27.791421,32.608703,4.126212,0.058509,1.302040,0.401339,0.518454,12.637700,0.031312,1
1132,31.046079,24.028276,9.923045,0.043150,1.237991,0.397314,0.821609,9.013167,0.019011,0
1133,66.887725,79.749838,9.687235,0.022249,1.268242,0.449008,0.484368,30.027827,0.011786,0
1134,71.051165,63.966976,18.968596,0.032566,0.996626,0.533188,0.700015,24.661696,0.009193,1
1135,22.005414,24.334797,0.442527,0.048489,0.333105,0.220356,0.274064,4.230670,0.119027,1
1136,34.122996,35.694686,3.226642,0.028469,1.380769,0.207696,0.539265,15.918691,0.047672,1
1137,65.538610,68.843963,12.049469,0.025865,1.376499,0.408371,0.583624,29.999348,0.012425,1
1138,33.972749,27.508832,10.193049,0.043747,1.056801,0.451931,0.784090,10.229548,0.018558,0
1139,38.567755,39.091511,3.826965,0.059364,0.667660,0.266900,0.590539,12.247054,0.046204,1
1140,37.689034,35.736130,8.513083,0.030093,0.890432,0.516116,0.658282,13.056212,0.020000,1
1141,35.941134,47.696437,0.755674,0.046263,0.244865,0.512794,0.172674,4.545700,0.028025,0
1142,30.124966,41.507048,1.562270,0.057829,0.734037,0.420728,0.277204,8.645836,0.030849,0
1143,38.095212,31.688046,7.031962,0.023721,0.525229,0.207547,0.916562,4.236760,0.026781,0
1144,26.279626,26.176097,2.771018,0.025655,1.213810,0.202128,0.606000,11.140436,0.065749,1
1145,58.605737,49.113254,11.646320,0.026674,0.236654,0.519493,0.802490,7.921641,0.018760,0
1146,69.288275,65.674559,14.560869,0.041491,1.018149,0.420850,0.669286,25.341260,0.012319,1
1147,60.960269,69.501645,2.783331,0.021560,0.472542,0.332227,0.338935,15.335999,0.026287,1
1148,73.458433,80.704967,6.483327,0.059665,1.265347,0.215446,0.517745,32.932652,0.022387,1
1149,61.506658,72.086142,10.815592,0.059424,1.471938,0.424671,0.547492,29.558670,0.012500,1
1150,34.616888,43.582284,1.092073,0.051228,0.249841,0.514078,0.236377,5.334375,0.034659,0
1151,42.970004,49.047883,2.178923,0.037511,0.702200,0.274148,0.364539,13.528727,0.038061,1
1152,65.727777,89.082407,9.387111,0.026991,1.417051,0.499897,0.440732,30.869075,0.010087,0
1153,64.245886,56.342755,10.508212,0.030720,0.194198,0.514883,0.763700,8.726775,0.021145,1
1154,57.990720,69.863640,0.202459,0.048776,0.460013,0.161249,0.074472,5.537686,0.022200,0
1155,42.519281,48.417868,0.671523,0.052920,0.304535,0.244013,0.218361,6.917769,0.051493,1
1156,59.136867,58.169269,4.756178,0.024298,0.934461,0.156765,0.630986,21.565391,0.042095,1
1157,74.573866,66.276852,15.448337,0.059974,1.247548,0.234573,0.806962,22.823893,0.014024,1
1158,35.910244,41.799591,5.020913,0.056633,1.451628,0.351150,0.518704,17.241635,0.026230,1
1159,67.706617,53.828257,19.143571,0.058574,1.468413,0.215492,0.909614,13.365814,0.009214,0
1160,37.965387,29.237468,9.724956,0.052638,0.480405,0.301326,0.930063,3.530716,0.016922,0
1161,25.303818,23.774401,5.351477,0.045187,1.473937,0.316464,0.701156,10.662541,0.035701,1
1162,29.992311,41.699022,0.220664,0.031259,1.249189,0.178027,0.086848,5.300864,0.026498,0
1163,23.397533,18.349860,6.667942,0.057151,0.913076,0.348697,0.853723,5.125923,0.029409,0
1164,70.576729,71.432164,7.862023,0.049275,1.092017,0.219585,0.616662,28.155759,0.023573,1
1165,41.672964,47.761863,0.869184,0.034462,0.198975,0.363920,0.236783,5.736242,0.045616,1
1166,79.773470,82.340061,16.901725,0.037283,1.242479,0.468556,0.613787,34.021326,0.009183,1
1167,55.724888,73.591224,2.705323,0.044172,0.675320,0.402007,0.278828,15.383791,0.018248,0
1168,45.042977,36.080254,10.023843,0.020667,0.230983,0.499414,0.856399,4.901925,0.020945,0
1169,34.188495,28.993714,8.385531,0.032801,1.130450,0.352418,0.766128,11.140743,0.023925,0
1170,29.750664,40.812615,1.719236,0.054552,1.292214,0.312709,0.303869,11.826596,0.033067,0
1171,65.741673,52.640232,13.347955,0.020799,0.112067,0.384641,0.964738,1.710985,0.009184,0
1172,47.323694,50.286666,1.652855,0.036907,0.110448,0.437227,0.375536,5.966453,0.055169,1
1173,46.561622,56.458455,1.886132,0.052526,0.426227,0.385372,0.290732,10.417731,0.029255,0
1174,32.645786,28.261598,7.302817,0.053198,0.979243,0.316251,0.783405,9.479775,0.028722,0
1175,35.498026,46.392658,2.155883,0.037923,1.036976,0.345160,0.317785,12.889356,0.028578,0
1176,32.255388,36.731205,2.205504,0.059826,0.602240,0.342073,0.412532,9.745135,0.045467,1
1177,49.153136,53.876569,7.168683,0.052033,1.383458,0.330452,0.557043,22.828340,0.020668,1
1178,63.121956,70.088401,5.374191,0.027693,0.789314,0.335575,0.448774,22.187851,0.021024,1
1179,34.749115,46.577349,0.990992,0.058091,0.569570,0.363222,0.208695,7.530438,0.030145,0
1180,57.892663,62.527452,0.907286,0.035033,0.281133,0.189658,0.268407,10.119363,0.056627,1
1181,57.377243,58.112356,5.951208,0.028819,1.189179,0.215826,0.582854,24.421368,0.028903,1
1182,44.379934,59.851212,2.699548,0.036757,1.094591,0.356909,0.306260,16.293685,0.021176,0
1183,25.052781,34.803401,1.450658,0.031416,1.032970,0.384323,0.286648,8.668250,0.034788,0
1184,26.568942,36.561140,0.030534,0.045921,0.344699,0.248182,0.022244,0.826384,0.013684,0
1185,63.053683,78.424592,8.928830,0.044580,1.042788,0.506988,0.471016,25.619478,0.012189,0
1186,24.717603,23.027916,3.280594,0.059521,0.447602,0.305756,0.718593,5.580196,0.066737,1
1187,63.956762,75.424696,1.090375,0.029560,0.396914,0.262514,0.199449,11.261939,0.026424,0
1188,44.667637,38.594069,7.293954,0.055176,0.127512,0.536244,0.814801,4.260449,0.031229,0
1189,40.494223,37.941257,4.094236,0.047210,0.109929,0.480176,0.698898,4.675871,0.054021,1
1190,28.796498,23.376031,6.808058,0.044652,1.206117,0.167944,0.935098,4.005186,0.023845,0
1191,57.352819,52.549085,11.606500,0.050789,0.616215,0.474374,0.693270,15.809638,0.016442,1
1192,44.021398,60.001476,1.218874,0.050873,0.669048,0.343551,0.200328,10.090653,0.022654,0
1193,73.851940,98.624308,1.027564,0.057460,0.222384,0.480214,0.134006,7.523265,0.012917,0
1194,67.478643,56.725107,16.439523,0.054005,1.227167,0.265660,0.832029,18.770739,0.012645,0
1195,77.135605,56.687118,21.564569,0.041503,0.309873,0.380317,0.947547,4.600510,0.006561,0
1196,58.709005,41.793672,18.571322,0.021784,1.444513,0.207225,0.946888,7.635307,0.007400,0
1197,20.840871,22.858286,4.443700,0.046638,1.405174,0.479063,0.593530,9.583660,0.032778,1
1198,20.796872,22.448367,0.871150,0.039959,0.743388,0.178885,0.410704,6.973501,0.121245,1
1199,61.066122,64.257089,5.386540,0.039412,1.171208,0.209753,0.536834,26.252524,0.028657,1
1200,58.895417,48.333729,14.281704,0.044525,1.321352,0.212882,0.879081,13.615747,0.013955,0
1201,77.740283,82.626713,1.897454,0.045073,0.202058,0.251280,0.343627,12.855823,0.041896,1
1202,68.221607,86.810320,6.342312,0.040075,1.470526,0.331983,0.400955,31.981685,0.014076,0
1203,65.208536,51.692728,15.609887,0.041850,0.865682,0.185789,0.949467,6.310521,0.009227,0
1204,45.079045,58.481016,0.763981,0.023970,1.298615,0.186288,0.165197,12.761748,0.025959,0
1205,35.761729,46.931413,0.006834,0.048800,0.280464,0.190466,0.006061,0.324928,0.004756,0
1206,57.388271,54.475651,12.271882,0.029348,1.204480,0.405681,0.662390,23.015004,0.014301,1
1207,34.140952,40.954196,5.825149,0.025072,1.323149,0.496638,0.510051,15.662181,0.020448,0
1208,55.614515,43.878593,14.985353,0.026434,0.698559,0.430139,0.813374,12.475063,0.013423,0
1209,65.532088,50.725608,21.106259,0.052585,0.808596,0.524465,0.807581,16.115438,0.008849,0
1210,50.811072,69.367045,4.228022,0.035768,0.849965,0.489281,0.345621,17.270913,0.016086,0
1211,49.578963,51.082780,8.662813,0.053871,0.786437,0.482777,0.596086,17.029154,0.018247,1
1212,44.211200,41.262750,6.205760,0.042911,0.788699,0.245335,0.719395,13.230807,0.034983,1
1213,67.637305,70.379182,4.210380,0.024273,0.567664,0.245538,0.480929,20.306979,0.031847,1
1214,76.956870,70.305471,9.339445,0.038427,0.336403,0.272835,0.767931,13.621314,0.025059,1
1215,22.109555,20.477906,3.632663,0.042068,0.861752,0.292624,0.709354,7.032924,0.057054,1
1216,46.838165,64.442877,0.290914,0.030329,0.628288,0.247387,0.076073,5.312591,0.015580,0
1217,47.465877,58.462017,0.054061,0.048372,0.388383,0.158460,0.030717,2.052526,0.014803,0
1218,45.135979,56.108785,0.599518,0.042549,0.574226,0.231992,0.156014,8.185308,0.030160,0
1219,64.519723,47.524930,23.771254,0.027928,1.293560,0.499759,0.812087,19.778125,0.007349,0
1220,41.151754,49.624016,0.494699,0.056236,0.546915,0.200655,0.163513,7.510334,0.040412,0
1221,30.711187,32.096910,2.485052,0.027839,0.214714,0.527507,0.486486,5.673975,0.053114,1
1222,78.589380,75.711557,13.090796,0.041793,1.392600,0.257897,0.679387,33.192142,0.014964,1
1223,62.143923,72.163467,10.062784,0.030602,1.484775,0.418824,0.520457,30.169468,0.012563,1
1224,23.121425,18.024359,5.271878,0.059978,0.105486,0.470909,0.959604,0.652318,0.024564,0
1225,67.203381,71.021088,3.895755,0.026051,0.520094,0.263870,0.450655,19.186812,0.030956,1
1226,42.558273,52.321868,0.319103,0.023099,0.855527,0.157212,0.112801,7.536283,0.030936,0
1227,26.139931,25.809237,6.550839,0.045496,1.406470,0.470730,0.661499,11.339664,0.025066,1
1228,47.982476,45.735277,5.895421,0.055037,0.251761,0.463264,0.648838,8.928296,0.033250,1
1229,30.087086,31.849659,5.296561,0.045004,0.782325,0.528475,0.574265,10.432073,0.027874,1
1230,54.786287,59.067949,0.668842,0.022516,0.170452,0.224939,0.234989,6.950665,0.060397,1
1231,21.948246,26.784477,3.055327,0.025442,1.112662,0.484432,0.468593,9.207526,0.035461,0
1232,29.287162,26.675418,3.755653,0.034892,0.448568,0.251866,0.767566,5.991179,0.061825,1
1233,49.337056,48.606153,6.066381,0.022237,1.481197,0.206873,0.623995,22.788081,0.030552,1
1234,23.169554,26.369010,0.435929,0.053458,0.176313,0.354775,0.232527,2.972198,0.088512,1
1235,51.620457,56.427156,1.734962,0.027908,0.339139,0.277527,0.340351,11.019193,0.043936,1
1236,55.609785,47.106072,9.244887,0.058805,0.262864,0.158793,0.988366,0.866870,0.006716,0
1237,68.161844,85.313041,0.403491,0.025425,0.516100,0.208251,0.090499,7.984569,0.015990,0
1238,61.845897,71.120593,9.690321,0.057499,1.195844,0.426771,0.532388,26.892044,0.013776,1
1239,29.351092,25.547479,5.295243,0.028372,1.279071,0.179009,0.832985,8.304950,0.042104,1
1240,62.196803,61.062859,8.033876,0.046010,1.388056,0.186168,0.686066,25.993203,0.026002,1
1241,76.871394,67.722936,11.111959,0.036090,0.572097,0.170490,0.886319,11.193414,0.019421,1
1242,49.790925,39.151747,13.800854,0.034028,0.661358,0.459136,0.813473,10.863738,0.014431,0
1243,68.190231,55.056043,14.645011,0.034934,0.613172,0.210564,0.934471,6.813092,0.011348,0
1244,67.907210,81.153179,0.300099,0.034669,0.366535,0.192322,0.086430,6.477862,0.019928,0
1245,57.692396,45.286243,17.694510,0.051227,1.480308,0.306095,0.850821,16.306298,0.010812,0
1246,54.713836,73.203790,1.611081,0.026980,0.875739,0.301481,0.209806,14.748387,0.018660,0
1247,70.588692,81.243992,11.910448,0.054673,1.011014,0.507589,0.535075,28.205963,0.011031,1
1248,75.187554,57.623323,23.577243,0.049620,0.861776,0.452771,0.827643,17.818866,0.008078,0
1249,56.402972,46.067191,13.460591,0.048804,1.216389,0.184454,0.917515,9.463985,0.013259,0
1250,47.828589,39.304778,10.023105,0.020723,0.572468,0.310132,0.842395,8.718324,0.021466,0
1251,52.992615,60.078142,3.525828,0.053452,1.028886,0.236185,0.430744,21.120224,0.030949,1
1252,27.228909,35.290736,0.884759,0.058990,0.319258,0.487015,0.230737,4.680032,0.040598,0
1253,50.052596,69.422701,0.254440,0.032123,0.236327,0.405290,0.063836,3.042176,0.012678,0
1254,41.000412,55.344849,0.137714,0.041976,0.191877,0.386347,0.050452,1.865607,0.014971,0
1255,59.163687,52.002891,9.797792,0.053747,0.610393,0.227977,0.840752,11.212004,0.023018,1
1256,69.612071,76.145776,5.980112,0.048544,1.167063,0.233005,0.497818,30.000962,0.022767,1
1257,54.128764,70.768282,1.957053,0.058664,0.704963,0.330886,0.249186,14.417200,0.021095,0
1258,28.567138,27.784521,7.520718,0.032789,1.432383,0.497239,0.663908,12.471672,0.021457,1
1259,72.875041,68.876429,6.437444,0.048982,0.216561,0.274605,0.721903,11.378181,0.036027,1
1260,66.975417,67.635687,8.053943,0.051116,0.779373,0.302945,0.597160,22.885329,0.021608,1
1261,46.587641,44.879427,8.156168,0.041038,0.614277,0.473520,0.638384,13.681346,0.021671,1
1262,41.706099,44.499502,3.824866,0.030778,1.039018,0.261009,0.503808,16.959047,0.035952,1
1263,76.004788,91.697815,1.156874,0.045909,0.908061,0.161720,0.192031,19.782673,0.023320,0
1264,57.086178,60.320464,3.219528,0.034377,0.864050,0.182590,0.474156,21.125052,0.041089,1
1265,31.600354,43.150956,0.039349,0.038667,0.672179,0.171084,0.024672,1.497514,0.013040,0
1266,22.253974,26.749878,0.841115,0.040348,0.853333,0.247250,0.294357,7.085856,0.067815,0
1267,64.685044,52.897204,12.909627,0.038428,0.365909,0.264512,0.922953,5.653516,0.013960,0
1268,34.847779,40.133014,3.192488,0.052981,1.011360,0.317083,0.454081,13.888280,0.035663,1
1269,24.385105,21.740942,6.908791,0.043850,1.472008,0.433895,0.727030,9.835780,0.025898,1
1270,20.441470,21.724050,1.183789,0.042769,0.152540,0.518308,0.433618,3.140840,0.095071,1
1271,78.105148,84.227566,10.130272,0.057801,0.741487,0.419444,0.535979,26.722088,0.014084,1
1272,23.893957,24.515389,1.993335,0.038792,0.436343,0.332186,0.527841,6.281348,0.075904,1
1273,54.928688,52.167936,7.741557,0.040149,0.329979,0.482081,0.645246,11.744072,0.024469,1
1274,59.840734,56.062241,11.007128,0.056488,1.409732,0.233739,0.745606,22.786505,0.019311,1
1275,22.365055,27.261126,3.973392,0.058715,1.258654,0.505935,0.526007,9.988705,0.031359,0
1276,56.032086,60.012417,1.383436,0.029866,0.138977,0.333846,0.324255,7.511027,0.051563,1
1277,57.710234,62.908557,7.991445,0.031191,1.139690,0.375981,0.529645,24.510662,0.017175,1
1278,25.288535,25.024671,6.477126,0.047736,1.150225,0.546257,0.657097,9.969798,0.024812,1
1279,36.673468,38.460658,4.965283,0.037624,0.561343,0.492780,0.544956,10.891979,0.029277,1
1280,61.052545,80.449477,0.022842,0.054934,0.384916,0.173905,0.010523,1.055379,0.004230,0
1281,73.315957,68.209621,14.343854,0.040484,0.540423,0.526276,0.668796,19.547190,0.012786,1
1282,22.866882,21.644914,3.536824,0.035842,1.299201,0.229663,0.697969,9.089947,0.058261,1
1283,45.487651,44.117870,9.475404,0.050477,1.381583,0.352046,0.673401,19.281991,0.019160,1
1284,79.302234,81.339847,3.664381,0.030491,0.181533,0.324428,0.470355,13.442250,0.036293,1
1285,29.414157,40.100191,2.151461,0.030731,1.173588,0.386322,0.328138,11.513623,0.029352,0
1286,63.286949,86.000335,7.701245,0.040608,1.334289,0.459861,0.416939,28.529729,0.011609,0
1287,53.728685,58.397317,2.316245,0.025046,0.260639,0.361813,0.373200,10.385475,0.038150,1
1288,36.131693,25.824254,12.185967,0.021299,1.111975,0.388111,0.860626,8.454564,0.015006,0
1289,52.351628,72.149458,1.885909,0.022544,0.777898,0.370675,0.222430,13.757838,0.017409,0
1290,70.465770,98.496666,4.775793,0.032812,0.702480,0.512661,0.304704,20.678640,0.011564,0
1291,31.474528,35.591404,1.646986,0.021643,0.668000,0.288915,0.366446,9.682017,0.050641,1
1292,35.913711,42.387654,6.402042,0.030722,1.428307,0.474586,0.527405,17.082633,0.019539,0
1293,23.321589,25.109998,1.290452,0.057361,0.198770,0.456541,0.418702,4.061616,0.082291,1
1294,59.476995,75.935913,6.267399,0.058758,1.006528,0.435583,0.418708,23.309259,0.015029,0
1295,75.479517,80.158667,1.631786,0.041127,0.263890,0.200749,0.334895,14.124181,0.046798,1
1296,55.549609,57.646337,4.543824,0.020402,0.971606,0.227936,0.514224,21.830311,0.031944,1
1297,49.479826,67.557404,2.255814,0.036975,0.637053,0.435878,0.256727,12.726223,0.018720,0
1298,56.227565,51.124819,12.624703,0.028708,0.675143,0.536409,0.684458,16.424201,0.014345,1
1299,27.838063,26.732495,2.518315,0.028871,0.136175,0.462188,0.635303,3.860215,0.079144,1
1300,32.070514,24.246732,8.256611,0.020399,0.764234,0.183906,0.972369,1.781557,0.012324,0
1301,68.457552,84.889510,9.862340,0.054181,1.381194,0.423270,0.486708,32.078768,0.011709,0
1302,23.139971,28.878546,2.330867,0.051963,1.283715,0.353392,0.426028,10.279089,0.042316,0
1303,33.974110,43.885411,0.926155,0.059230,1.118028,0.212277,0.231716,10.953376,0.039985,0
1304,33.539875,28.450491,6.493067,0.027476,1.209556,0.176664,0.867619,7.901706,0.032872,0
1305,79.913648,57.327818,30.251034,0.034615,1.269342,0.486646,0.831498,22.654553,0.005743,0
1306,53.277229,70.919550,0.706725,0.020364,1.396670,0.180165,0.134935,13.666033,0.019134,0
1307,35.021524,40.923379,4.900840,0.038398,1.343581,0.392789,0.499560,16.194844,0.025020,1
1308,31.309991,39.559447,3.048140,0.030744,1.454259,0.347930,0.404763,14.631802,0.029498,0
1309,25.166967,27.467118,2.242074,0.025777,0.803897,0.326826,0.467633,8.972399,0.053917,1
1310,40.046279,42.660565,6.189925,0.020340,0.919916,0.454402,0.546072,15.220793,0.022705,1
1311,62.780858,60.043642,7.189393,0.050197,0.174110,0.532070,0.637268,9.825885,0.026911,1
1312,34.409096,31.878900,3.587268,0.043077,0.357338,0.211937,0.784565,6.017104,0.067105,1
1313,41.371637,49.145744,2.732190,0.035459,0.884162,0.318100,0.373983,14.738683,0.030617,0
1314,53.726653,37.829222,16.333638,0.055250,0.209914,0.181152,0.999995,0.000592,0.000005,0
1315,62.408216,83.878309,1.363267,0.034820,0.478957,0.377569,0.174367,11.107897,0.015771,0
1316,72.902538,99.098892,5.914405,0.023465,1.135389,0.417662,0.341844,28.521861,0.011317,0
1317,44.618223,45.934046,2.923217,0.027642,0.168808,0.466205,0.487395,7.309736,0.046656,1
1318,47.237530,43.041116,9.545759,0.054176,0.637627,0.449600,0.703627,13.042466,0.020389,1
1319,36.338924,28.426170,9.245427,0.056830,0.452798,0.382636,0.881491,4.848524,0.021192,0
1320,52.008813,58.118575,4.151227,0.052284,0.612440,0.359314,0.444121,16.077936,0.027011,1
1321,27.004874,21.343183,7.063479,0.057463,0.851603,0.273341,0.894876,4.535345,0.026717,0
1322,72.172470,89.123395,0.248023,0.021454,0.446937,0.190739,0.064828,6.105195,0.013749,0
1323,63.709636,53.501366,14.999002,0.040068,0.619779,0.440187,0.773026,15.116911,0.013651,0
1324,26.793873,26.377402,5.022841,0.041633,0.779102,0.477344,0.627346,8.950145,0.033522,1
1325,30.300692,38.344980,3.234621,0.042235,1.070030,0.429811,0.418541,12.242751,0.028993,0
1326,44.721064,35.637246,13.019844,0.040987,1.032071,0.405750,0.804982,12.526873,0.014957,0
1327,40.279927,53.765912,1.611445,0.023416,0.922318,0.329922,0.246720,12.206555,0.024724,0
1328,65.381363,82.112074,1.955302,0.055790,0.792436,0.257067,0.245708,18.324963,0.021044,0
1329,44.635922,59.321936,6.633158,0.047429,1.354759,0.493592,0.461760,20.631195,0.015485,0
1330,25.326396,33.063521,0.198712,0.027133,0.548868,0.245748,0.098283,3.251458,0.037581,0
1331,45.078110,39.480960,7.258722,0.025399,0.548795,0.268471,0.798461,9.392217,0.031371,1
1332,54.337029,54.842233,8.827543,0.049858,0.585406,0.507404,0.596948,16.093552,0.018351,1
1333,65.407353,60.985848,9.023401,0.026079,1.142219,0.202127,0.715631,23.707295,0.024002,1
1334,40.737622,51.549047,0.121915,0.022530,0.444888,0.202684,0.054868,3.016920,0.020161,0
1335,71.524698,81.799099,3.791116,0.042212,0.454482,0.361032,0.362811,18.087485,0.021548,1
1336,59.326159,51.212196,16.358519,0.032375,1.310164,0.427653,0.736260,22.188335,0.011252,0
1337,20.967479,20.146811,1.892731,0.041739,0.592394,0.179095,0.704694,5.570845,0.119436,1
1338,67.407882,57.461618,17.149729,0.052128,1.047853,0.374751,0.773481,20.773453,0.011642,0
1339,64.452992,74.978309,2.465382,0.052354,0.597742,0.267881,0.317144,17.753000,0.026689,1
1340,54.272775,66.309305,2.316500,0.032111,0.630538,0.333738,0.292209,14.804332,0.023884,0
1341,69.077810,93.320338,6.746288,0.046459,0.863117,0.511309,0.377783,24.391532,0.011583,0
1342,25.912811,22.348634,7.553342,0.052950,1.092460,0.492812,0.744449,8.706857,0.024085,0
1343,44.906431,34.242857,11.767597,0.029229,0.712894,0.266479,0.920735,5.597572,0.014612,0
1344,66.336053,49.942356,21.795882,0.037107,1.258614,0.388426,0.835584,18.431346,0.008568,0
1345,25.379134,23.758711,3.282383,0.058462,0.225581,0.472905,0.678951,4.316510,0.062821,1
1346,47.577965,40.751564,10.035452,0.033784,1.406837,0.214394,0.822021,14.702997,0.021535,0
1347,53.789863,73.188741,0.156912,0.029525,0.105362,0.525379,0.044349,1.635658,0.010213,0
1348,30.265158,23.584742,8.610193,0.054474,0.898262,0.340844,0.861044,6.352030,0.022650,0
1349,79.673855,93.650258,0.903680,0.059713,0.203705,0.313158,0.161871,8.816086,0.021771,1
1350,37.244152,40.615322,0.622821,0.023458,0.526031,0.150571,0.265704,8.859669,0.080640,1
1351,46.975001,60.400663,1.600222,0.059968,0.901241,0.264739,0.254779,14.313437,0.027186,0
1352,36.827304,29.897312,8.267415,0.031407,0.329689,0.467136,0.828930,5.372529,0.025721,0
1353,74.345407,102.787062,0.335593,0.055252,0.425206,0.281302,0.061028,5.852242,0.008852,0
1354,26.770433,35.042963,1.243167,0.026589,0.990548,0.321933,0.274915,8.888870,0.038895,0
1355,37.235462,45.269243,0.465848,0.059571,0.734783,0.171898,0.169756,8.069542,0.046079,0
1356,41.300916,42.842684,6.305032,0.032637,0.804387,0.441696,0.568214,14.560994,0.024026,1
1357,72.484824,98.369410,5.744651,0.054023,1.227131,0.370218,0.352769,29.826312,0.012496,0
1358,69.553294,63.464093,11.474888,0.032677,0.657870,0.336955,0.709025,19.341153,0.018036,1
1359,37.134777,50.990802,0.706575,0.023922,0.537982,0.360727,0.154452,6.475166,0.024196,0
1360,23.425945,18.210866,5.691898,0.038574,0.407145,0.323300,0.919244,2.238049,0.030983,0
1361,67.981512,82.776482,2.228520,0.033348,0.696846,0.276588,0.262148,18.485444,0.020753,0
1362,66.439705,48.929566,17.816187,0.051822,0.117950,0.340859,0.996775,0.222828,0.001256,0
1363,27.852868,24.089839,8.312390,0.054380,1.405506,0.433914,0.754255,10.397487,0.021976,0
1364,48.933514,52.076344,6.086482,0.058631,1.465342,0.236108,0.589286,23.036878,0.027807,1
1365,68.666274,57.547135,13.224769,0.047044,0.398952,0.312000,0.862184,9.550699,0.016273,0
1366,75.892664,57.853495,24.960380,0.056741,0.816136,0.511645,0.820815,17.939349,0.007459,0
1367,29.391753,28.117514,6.957334,0.026376,0.966770,0.537209,0.654054,10.658483,0.023756,1
1368,74.884960,61.170912,16.320895,0.023416,0.269618,0.513777,0.819981,10.203775,0.013136,0
1369,31.617429,31.345501,2.579780,0.043960,0.728392,0.178694,0.634145,10.150658,0.078013,1
1370,33.605517,45.436113,0.350235,0.051252,1.371774,0.157760,0.123131,8.017365,0.032804,0
1371,39.620406,45.150270,2.823548,0.056383,0.485266,0.403556,0.410265,10.731070,0.034908,1
1372,24.314403,32.491432,2.041818,0.023108,1.440873,0.362944,0.355253,10.868499,0.035154,0
1373,38.201857,37.246327,5.498738,0.043123,0.351512,0.533192,0.612615,8.673315,0.031710,1
1374,50.184356,38.041760,16.602786,0.033609,0.968002,0.492370,0.810900,13.359535,0.011130,0
1375,46.080689,38.476810,8.621489,0.050751,0.367548,0.256235,0.912870,4.428451,0.022144,0
1376,66.034004,55.740697,16.155305,0.038619,0.550361,0.527278,0.752739,15.476225,0.012230,0
1377,75.903885,64.124385,15.609177,0.025976,0.601507,0.353994,0.790583,16.938329,0.013807,0
1378,47.634953,63.379835,3.821888,0.035343,1.402008,0.346695,0.355799,21.015036,0.019054,0
1379,73.774175,93.301865,0.037344,0.032802,0.105119,0.318710,0.014351,0.872012,0.004782,0
1380,33.782977,28.367570,5.654553,0.045735,0.152898,0.255004,0.969406,0.913555,0.020530,0
1381,23.140831,19.940119,5.867358,0.054060,1.222680,0.343226,0.775225,7.669800,0.034130,0
1382,44.964240,62.252882,0.092975,0.028614,0.380791,0.266747,0.033776,2.082199,0.010139,0
1383,30.365439,29.319529,5.779531,0.044614,1.375168,0.314779,0.672103,12.862528,0.032226,1
1384,76.064648,55.825744,21.881322,0.042636,0.394387,0.396221,0.924387,6.804019,0.007526,0
1385,22.373450,21.973573,4.256458,0.047923,1.008816,0.405256,0.643041,8.382343,0.040960,1
1386,39.233793,30.032060,12.051226,0.025150,0.697957,0.529049,0.806595,8.991946,0.015820,0
1387,48.510252,44.730402,8.779015,0.039918,1.172826,0.274014,0.718877,17.718858,0.023430,1
1388,68.718065,89.814957,4.690414,0.021879,1.042211,0.376529,0.328157,25.348775,0.013679,0
1389,65.797695,52.345495,14.667837,0.055300,0.420139,0.158049,0.993974,0.727908,0.002532,0
1390,65.163628,67.225490,10.061935,0.020284,0.725481,0.477759,0.564771,21.850103,0.014846,1
1391,41.589494,44.855764,8.526149,0.048105,1.048221,0.532392,0.589533,16.557522,0.017153,1
1392,51.880397,50.832604,8.733505,0.045684,1.435185,0.269260,0.665600,22.627018,0.021754,1
1393,27.587855,35.582488,0.877359,0.046419,0.607054,0.338327,0.233710,6.585256,0.042128,0
1394,31.935787,35.805785,0.789754,0.036534,0.184956,0.368646,0.274396,4.577840,0.065830,1
1395,46.162818,56.506545,1.214919,0.050850,1.259095,0.165525,0.257532,16.719060,0.037645,0
1396,31.647726,34.041094,7.226193,0.053398,1.408751,0.487014,0.615254,14.355651,0.020891,1
1397,38.192492,38.215924,2.519366,0.026295,0.758988,0.162427,0.582173,12.991525,0.072245,1
1398,76.814174,66.713019,16.064367,0.023335,0.435928,0.521403,0.729475,16.785483,0.012516,0
1399,54.784227,63.929128,7.863339,0.033825,1.376208,0.398603,0.501285,25.639251,0.015573,1
1400,22.327967,18.548753,5.745958,0.050671,1.263744,0.290257,0.823220,6.511841,0.035609,0
1401,42.608638,45.739866,0.315579,0.029650,0.100337,0.233293,0.188779,3.648049,0.085842,1
1402,35.028977,44.281324,0.972370,0.027661,0.491543,0.351705,0.220022,7.272148,0.034282,0
1403,71.938702,62.510761,11.776478,0.034256,0.209951,0.449061,0.794048,9.391328,0.019248,0
1404,53.041433,67.455726,6.616938,0.051706,1.443429,0.391521,0.453348,25.248753,0.015880,0
1405,49.600495,36.111559,15.678111,0.035339,1.478051,0.210891,0.941772,7.016402,0.009149,0
1406,60.002531,53.942384,11.818686,0.043471,0.920090,0.328292,0.733217,18.916012,0.017394,1
1407,70.167117,62.131364,14.937446,0.041508,0.728086,0.415450,0.727611,19.883597,0.013351,1
1408,67.038311,65.453867,15.219652,0.026024,1.004466,0.523059,0.639680,25.143842,0.010649,1
1409,42.983528,52.038653,0.164131,0.028207,0.128478,0.344833,0.072759,2.130955,0.026034,0
1410,72.695148,77.716827,11.452537,0.039352,1.401819,0.346180,0.570070,33.805914,0.013182,1
1411,27.184807,34.303404,1.719912,0.055984,0.445752,0.514330,0.332524,6.592930,0.038913,0
1412,76.598607,81.513276,6.022507,0.051141,1.047931,0.202406,0.524765,31.221909,0.025088,1
1413,56.057432,40.586059,16.470143,0.026194,0.796593,0.223169,0.966055,3.770034,0.006749,0
1414,41.902854,42.016244,6.125685,0.022977,0.972441,0.351477,0.590942,16.054670,0.026752,1
1415,30.957508,34.108444,4.754989,0.042268,0.992366,0.445318,0.538979,12.244257,0.028911,1
1416,40.136555,49.591708,2.813094,0.039367,0.705874,0.409241,0.358489,12.597344,0.027070,0
1417,21.101503,24.431235,0.642424,0.032394,0.966019,0.184318,0.292717,7.130308,0.089935,1
1418,25.456127,34.270480,0.884539,0.025084,1.064991,0.292689,0.228167,7.941215,0.039314,0
1419,55.548980,71.374895,0.697123,0.029465,0.161125,0.505900,0.133598,4.806647,0.019110,0
1420,20.549933,17.282070,5.038123,0.044536,1.442634,0.254669,0.823602,6.394680,0.041216,0
1421,24.019466,17.287625,7.230834,0.055259,0.442643,0.316365,0.962782,1.298530,0.016072,0
1422,63.220002,84.891789,1.949192,0.027651,0.671257,0.356847,0.212288,15.022843,0.015692,0
1423,74.485021,94.079207,0.562799,0.047703,0.192162,0.378759,0.102337,5.827550,0.014432,0
1424,74.447791,58.496383,20.179145,0.055179,0.847651,0.314010,0.872942,14.271254,0.009674,0
1425,48.919695,36.656627,14.616764,0.032980,0.489401,0.528049,0.843658,8.201366,0.013261,0
1426,36.960042,37.795638,5.237228,0.026487,1.039826,0.344577,0.575520,14.765465,0.030167,1
1427,64.312342,84.043282,0.936536,0.046762,0.976763,0.200513,0.153702,15.061752,0.018593,0
1428,76.746590,60.844839,25.816049,0.030593,1.184542,0.523437,0.775179,25.039897,0.006856,0
1429,63.197572,77.585738,2.300184,0.037722,0.406683,0.397125,0.266731,13.244346,0.020533,0
1430,66.198417,51.156254,20.205359,0.055609,1.447311,0.258139,0.893338,14.646581,0.008946,0
1431,69.365615,73.723630,8.034128,0.032577,0.746529,0.382387,0.521684,23.874568,0.017382,1
1432,63.793347,63.005693,12.493946,0.047973,0.980907,0.434449,0.638097,23.680074,0.013654,1
1433,23.117966,30.095510,0.353223,0.030497,0.741555,0.246706,0.151766,4.677969,0.047845,0
1434,48.980847,64.693025,0.171884,0.049989,0.629687,0.188727,0.057891,4.501850,0.015790,0
1435,48.563402,67.706138,2.620338,0.028421,1.178613,0.350577,0.275988,17.623034,0.018085,0
1436,34.017486,33.564803,4.784501,0.050849,1.192118,0.241240,0.660087,13.607775,0.040890,1
1437,75.333399,83.981502,6.802300,0.040077,0.631894,0.392029,0.455553,23.741774,0.016888,1
1438,53.593432,55.763083,8.662512,0.027056,0.806906,0.475093,0.568104,18.925295,0.017188,1
1439,52.505619,41.571634,18.453697,0.057298,1.172620,0.528923,0.791422,16.320863,0.009545,0
1440,42.141064,33.496322,12.632277,0.024504,0.825759,0.523595,0.777256,11.419314,0.014872,0
1441,31.014778,27.197978,6.943604,0.035327,0.669291,0.467865,0.724493,8.474024,0.028133,1
1442,47.379009,38.828888,9.458478,0.040365,0.474094,0.208982,0.943858,3.688337,0.016584,0
1443,56.699341,62.143788,11.445536,0.057508,1.100583,0.514902,0.586099,23.175287,0.012721,1
1444,76.764537,66.885012,14.044293,0.032091,0.284191,0.508034,0.751043,12.975472,0.015251,1
1445,78.323208,101.939807,0.375547,0.057897,0.254025,0.319343,0.071389,5.380951,0.010813,0
1446,20.558617,20.757535,0.922081,0.041755,0.164497,0.285422,0.513575,3.324537,0.167532,1
1447,48.406096,54.661096,5.941017,0.046476,1.316322,0.323620,0.509218,22.150073,0.022191,1
1448,69.165671,92.260607,0.084756,0.041277,0.267664,0.263805,0.024893,2.083908,0.006169,0
1449,22.823672,26.657654,3.860468,0.026516,1.307879,0.474965,0.519767,10.400299,0.032140,1
1450,71.203744,95.415745,0.576232,0.056158,0.471399,0.278265,0.097154,8.400227,0.012631,0
1451,53.140281,39.076983,14.386563,0.048815,0.161434,0.327792,0.993048,0.413543,0.002767,0
1452,35.377543,29.479733,9.884400,0.020016,1.037935,0.472356,0.746258,11.543579,0.018812,0
1453,24.754976,20.646708,5.159845,0.039394,0.640731,0.291998,0.841650,4.788662,0.041767,0
1454,39.242730,53.948598,1.396365,0.020937,0.998212,0.322070,0.222663,11.689289,0.023610,0
1455,72.500522,66.049377,9.575677,0.050335,0.232379,0.392406,0.741853,11.294508,0.023564,1
1456,54.218750,39.986523,14.773063,0.044902,0.296699,0.233130,0.994859,0.437757,0.002153,0
1457,50.244205,54.334946,5.818729,0.057937,0.496910,0.486986,0.510968,14.124424,0.023121,1
1458,63.342410,47.797911,16.019667,0.039711,0.248582,0.214285,0.997293,0.263356,0.001232,0
1459,78.695928,63.819577,20.385273,0.034565,0.782455,0.405755,0.799153,19.538134,0.009937,0
1460,27.742185,27.776072,1.646398,0.055510,0.484587,0.166234,0.610171,7.408681,0.119500,1
1461,74.823650,96.005918,0.106065,0.051572,0.516599,0.162485,0.032305,3.890346,0.008278,0
1462,78.011933,83.364836,2.433231,0.034503,0.524593,0.176562,0.376960,21.460721,0.038072,1
1463,79.360971,57.735452,29.043544,0.037709,1.016870,0.529566,0.824991,20.629770,0.006083,0
1464,34.759984,37.278720,1.668354,0.048115,0.775299,0.177204,0.447786,12.105511,0.072926,1
1465,31.627348,26.889425,7.910113,0.027566,1.133411,0.379397,0.752096,10.652033,0.024764,0
1466,32.914629,42.892286,2.126348,0.040740,1.419060,0.290924,0.335816,14.298090,0.031968,0
1467,34.043467,25.016729,9.886817,0.046169,0.475900,0.363447,0.925321,3.313574,0.016530,0
1468,76.642477,74.909903,13.409758,0.039573,1.071409,0.355030,0.641077,29.648664,0.013269,1
1469,36.066459,36.732446,6.813271,0.048266,0.759099,0.526256,0.606134,12.089821,0.023266,1
1470,39.759277,29.005996,11.793056,0.041778,0.794813,0.217376,0.970982,2.346130,0.008590,0
1471,65.627876,91.186678,8.967357,0.027884,1.424085,0.500145,0.426176,30.707488,0.010010,0
1472,62.269618,63.371329,8.634948,0.053984,0.856855,0.342054,0.598325,22.293335,0.019616,1
1473,42.392442,44.311686,7.831460,0.027563,0.910782,0.510363,0.580888,15.807174,0.018923,1
1474,60.451217,69.113166,0.301838,0.044167,0.239295,0.198384,0.110773,5.588455,0.032214,1
1475,24.721861,26.430577,1.089251,0.043552,0.663900,0.185689,0.430550,7.913968,0.105037,1
1476,45.858984,37.712167,14.502295,0.042446,1.481940,0.424975,0.775871,16.706241,0.012614,0
1477,39.525097,30.288763,12.137166,0.031450,1.466219,0.319523,0.841480,11.574239,0.015814,0
1478,58.991835,42.314142,19.399905,0.041463,1.234363,0.261287,0.928686,8.926728,0.007953,0
1479,23.696479,19.282984,6.181009,0.047441,1.353047,0.249961,0.858813,6.170338,0.032491,0
1480,23.936046,28.326652,1.449530,0.036181,0.901371,0.295445,0.365456,8.545374,0.056008,0
1481,33.008857,38.578371,4.663399,0.027029,1.458935,0.388847,0.494746,15.904532,0.025730,1
1482,45.451103,46.027519,4.445115,0.053005,0.455806,0.344102,0.565885,12.074454,0.037266,1
1483,52.604351,48.045271,8.020553,0.023436,0.354532,0.435648,0.695400,10.965030,0.025655,1
1484,31.774057,37.590385,1.736238,0.036631,0.646527,0.337671,0.346001,9.423232,0.042754,0
1485,42.062510,32.406388,11.479080,0.046549,0.533485,0.416314,0.862450,6.756383,0.017194,0
1486,37.173458,37.993945,1.244146,0.028415,0.370826,0.159219,0.472887,9.009977,0.110432,1
1487,73.804793,62.549168,12.407554,0.031184,0.418547,0.200963,0.924799,6.772809,0.014782,0
1488,58.355773,43.918559,15.089192,0.045790,0.287883,0.285864,0.978084,1.638064,0.005845,0
1489,62.476870,68.112116,1.722241,0.046033,0.458430,0.196509,0.335809,15.425557,0.043868,1
1490,52.184623,52.497922,7.460173,0.044160,0.475023,0.498533,0.585284,14.019487,0.021739,1
1491,79.934282,89.960754,3.534590,0.029008,0.666588,0.252838,0.353624,24.263044,0.022531,1
1492,48.767299,46.674908,8.862944,0.034732,1.379340,0.299378,0.668864,20.770562,0.021149,1
1493,43.012071,55.297787,1.858174,0.044567,1.011104,0.283657,0.280862,14.580699,0.027479,0
1494,69.074251,50.206944,23.010179,0.040510,1.319116,0.309300,0.889922,14.925171,0.007667,0
1495,49.830037,58.161164,0.268062,0.054862,0.117872,0.328696,0.104515,3.100398,0.032228,1
1496,40.577991,32.331403,9.979033,0.039853,0.715252,0.311459,0.864858,7.456416,0.020328,0
1497,60.719606,60.393394,15.258319,0.043971,1.445985,0.472991,0.657498,26.828107,0.010639,1
1498,26.561354,25.979764,4.482628,0.042779,0.571587,0.494445,0.622307,7.631764,0.038276,1
1499,24.700293,18.545038,8.270334,0.028514,1.290445,0.417501,0.820963,7.337893,0.022324,0
1500,52.572688,67.452100,0.598179,0.025191,0.275124,0.372727,0.126819,5.734009,0.020231,0
1501,76.782719,76.053163,13.006884,0.044268,0.557719,0.522179,0.611325,21.979498,0.012801,1
1502,70.215670,98.079953,0.041141,0.024514,0.131596,0.393787,0.012366,0.816540,0.003196,0
1503,69.234586,62.288352,8.806417,0.051479,0.434896,0.172553,0.881546,9.050197,0.025160,1
1504,42.162959,44.442561,4.433031,0.049145,0.884488,0.291938,0.541343,15.734276,0.034277,1
1505,56.761061,62.991313,3.825303,0.045619,0.866663,0.253780,0.438274,20.827890,0.029393,1
1506,25.078925,19.649091,6.528993,0.040008,0.414415,0.486177,0.838684,3.949240,0.031165,0
1507,62.077601,77.741544,1.744395,0.036186,0.591366,0.307473,0.228778,14.452290,0.020625,0
1508,31.512391,23.409032,9.464496,0.059569,0.927283,0.216732,0.963540,2.424608,0.012149,0
1509,22.801089,28.402682,1.086836,0.053186,0.453620,0.431575,0.298953,5.331004,0.052378,0
1510,76.740412,75.685160,14.169797,0.038594,1.026758,0.402235,0.631183,29.329233,0.012059,1
1511,46.975934,39.085977,12.644157,0.041143,0.811056,0.474242,0.764913,13.003321,0.015320,0
1512,64.131242,74.690717,1.508360,0.048825,0.258742,0.350122,0.243254,10.215540,0.027418,1
1513,73.645972,98.973533,0.000025,0.052826,0.177219,0.165079,0.000022,0.002956,0.000019,0
1514,42.030178,45.376199,0.507807,0.049853,0.307341,0.153342,0.248782,7.385266,0.088708,1
1515,30.115943,33.325031,4.929743,0.056666,1.100143,0.432199,0.555994,12.477423,0.028933,1
1516,60.306756,58.861734,3.623939,0.024806,0.101798,0.363822,0.613605,7.362817,0.054662,1
1517,60.507793,60.036667,6.227419,0.040874,1.122951,0.179670,0.647036,23.822359,0.032250,1
1518,31.520975,40.598977,0.699109,0.055790,1.114878,0.197023,0.207942,9.536517,0.043696,0
1519,79.413352,67.230129,12.716039,0.059897,0.116492,0.262430,0.976265,1.516559,0.007866,0
1520,60.081167,49.487513,14.416366,0.056161,0.912320,0.278072,0.854524,13.108612,0.014314,0
1521,60.215239,50.070929,12.917374,0.033458,0.974714,0.234483,0.853952,13.615565,0.016430,0
1522,38.790923,32.009833,9.432378,0.035887,1.362683,0.248112,0.835733,11.208170,0.022031,0
1523,46.904470,43.357335,9.731911,0.058849,1.142187,0.325213,0.723552,16.769637,0.020521,1
1524,71.662004,78.549020,3.542855,0.047625,0.320130,0.355374,0.389736,15.553812,0.026622,1
1525,59.036391,78.092228,4.043251,0.056047,0.716608,0.450268,0.330712,18.114336,0.016108,0
1526,49.316296,55.345484,4.455517,0.059344,0.555814,0.416940,0.456393,14.580090,0.025869,1
1527,22.630811,21.015771,2.629204,0.022253,0.972640,0.159554,0.753880,7.033544,0.088494,1
1528,47.001454,43.846864,5.714454,0.030508,0.713618,0.215887,0.722912,13.297704,0.039072,1
1529,61.348601,65.041774,4.625642,0.032784,0.380216,0.386723,0.470647,15.050544,0.027196,1
1530,24.333761,19.545293,5.277647,0.052493,0.202544,0.450964,0.891316,2.041516,0.037746,0
1531,65.198776,78.331618,7.182029,0.039080,1.037140,0.406911,0.445188,26.238739,0.014626,0
1532,22.301693,25.312982,2.118455,0.040014,1.189029,0.293005,0.465038,9.664336,0.055774,1
1533,36.645604,42.141031,3.124270,0.054839,1.069922,0.286934,0.450379,15.004830,0.036396,1
1534,66.186338,72.338298,9.900792,0.041112,1.335971,0.357052,0.549371,30.285460,0.014493,1
1535,54.672625,66.947764,1.420202,0.022943,1.450567,0.171374,0.236718,20.316437,0.027342,0
1536,76.253020,81.660346,4.557611,0.039297,0.960864,0.187463,0.469919,29.734538,0.028390,1
1537,66.085363,80.826182,4.910345,0.032250,0.536385,0.485137,0.366790,18.222042,0.016034,0
1538,24.341435,32.052160,1.350212,0.043719,0.459326,0.524398,0.294570,5.688232,0.039857,0
1539,60.687350,60.086598,7.807545,0.033759,1.065348,0.260903,0.619872,23.852549,0.023301,1
1540,79.800997,97.800364,1.237304,0.034212,1.002608,0.169664,0.181310,21.062628,0.019443,0
1541,21.863413,23.785794,4.223922,0.041495,1.166846,0.486314,0.577071,9.245449,0.034085,1
1542,22.005592,21.053332,1.778417,0.037891,0.431899,0.178951,0.717054,4.892842,0.130731,1
1543,77.247898,66.145736,25.715225,0.037036,1.391231,0.544210,0.739868,29.562024,0.006543,0
1544,53.243503,71.963014,0.160599,0.049930,0.107489,0.511220,0.046313,1.693309,0.010870,0
1545,28.383234,21.778118,8.075786,0.057347,0.694402,0.366955,0.874802,4.874215,0.023744,0
1546,51.647388,41.255328,10.610101,0.052406,0.101105,0.185030,0.999959,0.002811,0.000056,0
1547,58.030989,77.774961,0.019578,0.046611,0.392113,0.181479,0.009155,0.896601,0.003741,0
1548,56.225309,45.809694,14.664918,0.032049,1.130335,0.335356,0.803581,16.553792,0.013814,0
1549,55.965833,45.885904,15.823703,0.032106,1.138293,0.414949,0.774115,17.947752,0.012132,0
1550,29.496983,34.856065,0.239883,0.037014,0.279463,0.248882,0.130418,3.306031,0.054630,0
1551,64.902515,57.336472,13.693934,0.055673,1.334404,0.228577,0.811329,20.257349,0.015767,1
1552,56.830757,43.271072,16.481454,0.048533,0.648152,0.413769,0.859773,10.194808,0.011770,0
1553,57.482040,51.606146,11.247117,0.024118,0.629235,0.437609,0.701223,15.824488,0.017393,1
1554,50.233328,60.085889,1.106367,0.032978,0.448521,0.283686,0.220704,9.979477,0.031082,0
1555,21.544545,20.224586,4.668541,0.055892,1.224626,0.357287,0.702190,8.262068,0.040681,1
1556,47.330102,34.152324,18.199099,0.020520,1.330886,0.527900,0.811966,14.722440,0.009354,0
1557,49.352975,46.359922,10.766222,0.020976,1.393906,0.382570,0.666069,21.201212,0.016323,1
1558,52.935951,45.182120,12.580358,0.046091,0.700442,0.440852,0.758424,13.821861,0.015973,0
1559,20.043012,27.174263,0.028295,0.029343,0.330336,0.255389,0.026539,0.707783,0.020884,0
1560,22.269208,17.506637,5.839194,0.032609,1.480890,0.196120,0.908223,4.465075,0.031001,0
1561,26.419476,31.799062,0.603612,0.030278,1.296396,0.158364,0.235759,9.260416,0.064623,0
1562,33.385401,24.690540,8.924062,0.037260,0.244753,0.241967,0.996050,0.193469,0.002931,0
1563,50.956753,44.711780,13.882590,0.056238,1.416752,0.376722,0.755988,19.025524,0.013728,1
1564,41.265440,39.895543,5.785391,0.049103,0.676593,0.330656,0.648870,12.587180,0.033041,1
1565,71.403797,97.171024,0.099143,0.042428,0.570325,0.188023,0.026894,3.350108,0.006128,0
1566,32.028143,31.689478,2.224251,0.055062,0.388684,0.213315,0.620714,7.598478,0.089340,1
1567,47.339649,53.209267,8.171182,0.035323,1.068609,0.497640,0.541168,19.418873,0.016294,1
1568,54.099149,54.513302,4.536559,0.038588,0.194137,0.478294,0.541705,9.457422,0.034801,1
1569,56.872461,72.939712,0.178534,0.024738,0.791616,0.155456,0.056118,5.719040,0.014368,0
1570,38.193173,45.396150,3.837016,0.031830,1.206364,0.348262,0.436428,16.522423,0.026960,0
1571,45.267134,44.695227,3.213736,0.025455,0.423888,0.228675,0.591853,11.444566,0.057619,1
1572,23.319943,19.558239,3.880278,0.045090,0.112881,0.276550,0.976951,0.427689,0.025193,0
1573,78.388683,65.501735,14.337603,0.034314,0.584160,0.153381,0.960937,5.064307,0.009198,0
1574,70.352477,50.822357,25.708021,0.055683,1.416252,0.364209,0.874704,17.263397,0.006762,0
1575,52.615734,60.910318,0.795987,0.045889,0.641870,0.167907,0.211281,12.192270,0.040864,1
1576,23.242858,23.709139,1.979436,0.055513,0.869471,0.191864,0.598017,8.383942,0.093029,1
1577,69.358876,58.749266,13.917439,0.032664,0.651717,0.310062,0.808788,15.253891,0.015692,0
1578,29.029730,30.553763,4.343391,0.037661,1.222300,0.346245,0.570634,12.602673,0.035336,1
1579,70.926055,84.702780,8.474171,0.030308,0.786636,0.503971,0.452123,24.914966,0.012493,0
1580,54.621224,46.690404,9.220709,0.052125,0.476768,0.167658,0.948211,4.000199,0.016774,0
1581,79.525531,62.924272,22.856145,0.035791,1.214496,0.346886,0.820518,22.955241,0.008616,0
1582,72.839035,72.040561,5.145114,0.021972,0.852491,0.150939,0.611480,25.775440,0.037756,1
1583,34.687992,40.807237,0.554867,0.024550,0.269771,0.314384,0.191399,4.911191,0.048125,1
1584,58.870222,70.553041,3.595906,0.023184,0.349831,0.526159,0.344563,12.822833,0.020101,0
1585,35.639983,46.237266,1.214754,0.050901,1.308888,0.217533,0.256604,13.136022,0.036321,0
1586,69.308088,85.836361,2.487358,0.033488,0.935412,0.255003,0.268656,22.108596,0.019295,0
1587,27.313353,28.865569,3.262682,0.034374,0.919365,0.340144,0.536051,10.405215,0.044602,1
1588,41.810867,48.028321,4.174496,0.026557,1.361763,0.302564,0.454744,19.339423,0.026850,1
1589,28.452116,32.363162,2.374480,0.057277,1.120419,0.261549,0.462156,11.960652,0.050419,1
1590,77.012672,57.319290,25.911031,0.022285,0.944219,0.507510,0.812760,20.124967,0.007081,0
1591,51.788543,60.517184,1.560106,0.026012,1.264203,0.165437,0.285166,19.774396,0.035252,1
1592,72.732869,66.947206,9.537714,0.038738,0.280570,0.389322,0.711496,13.155520,0.022766,1
1593,21.858236,19.506879,3.112950,0.036813,0.145920,0.508040,0.761507,2.586786,0.073033,1
1594,78.959145,90.481912,2.968911,0.056234,0.326293,0.356499,0.316681,16.058645,0.022143,1
1595,29.224959,39.313668,2.943992,0.049268,1.160457,0.433672,0.390196,12.080885,0.028106,0
1596,32.020389,27.143834,7.370920,0.028789,1.063610,0.325469,0.773760,9.934896,0.027991,0
1597,66.920110,83.567609,6.526276,0.051688,0.734566,0.485449,0.407235,22.259978,0.013939,0
1598,59.286545,50.980387,9.505773,0.032594,0.483616,0.196722,0.900945,7.185657,0.021488,0
1599,36.389577,30.809725,7.099027,0.056338,0.737460,0.191792,0.910724,5.044281,0.026932,0
1600,63.216075,74.664387,1.394874,0.056903,0.234056,0.377389,0.227411,9.227792,0.026142,0
1601,41.823531,51.425252,0.108716,0.047740,0.460312,0.165884,0.056508,3.224668,0.024143,0
1602,70.364482,71.329854,12.120114,0.028850,0.991370,0.420829,0.596865,27.121983,0.013130,1
1603,66.334417,68.407316,13.223944,0.038253,0.964818,0.507637,0.603193,25.119384,0.011656,1
1604,49.872151,64.298473,1.824473,0.036420,1.221893,0.242034,0.257992,17.810129,0.024213,0
1605,44.364928,56.714002,1.990348,0.040977,0.418686,0.472439,0.276139,9.598120,0.024653,0
1606,41.208649,47.371268,3.079132,0.024371,0.443884,0.467754,0.398715,10.598077,0.030058,1
1607,25.938117,23.084068,7.905642,0.033859,1.297153,0.539218,0.715117,10.027430,0.021309,1
1608,78.784060,69.943954,10.228813,0.048203,0.157370,0.330395,0.848839,7.324539,0.022696,1
1609,26.045171,31.130906,0.011115,0.054808,0.143645,0.205461,0.015756,0.389958,0.019478,0
1610,27.638713,22.745848,9.205950,0.047727,1.444373,0.470549,0.773126,10.008950,0.019278,0
1611,43.858099,41.025695,6.060243,0.039226,0.428278,0.370731,0.679292,10.273637,0.033639,1
1612,57.906491,50.956725,18.305149,0.026790,1.428116,0.536261,0.718918,23.337989,0.009088,1
1613,20.891367,21.659919,2.232095,0.037965,0.566715,0.378266,0.536280,6.248251,0.066783,1
1614,46.135349,45.692118,10.527280,0.047435,1.125813,0.483309,0.647793,18.172935,0.015692,1
1615,34.997539,39.430676,3.368101,0.034790,0.919273,0.344423,0.460488,13.320874,0.034350,1
1616,38.826929,31.034018,9.059578,0.024221,0.399322,0.423228,0.843165,5.892032,0.023126,0
1617,59.643644,81.438890,6.722226,0.022082,1.121550,0.503698,0.393294,24.292151,0.012088,0
1618,71.760510,72.501381,11.326272,0.059043,0.920208,0.362922,0.618152,26.249024,0.015263,1
1619,74.319310,56.343485,19.503788,0.037630,0.367473,0.383903,0.913974,7.073771,0.009078,0
1620,68.973671,95.996416,3.392477,0.021897,0.644392,0.470469,0.258121,17.892187,0.012406,0
1621,56.262843,47.203400,14.749358,0.049692,0.792760,0.458165,0.767586,15.300060,0.013307,0
1622,49.977105,45.661590,11.212109,0.046535,1.463240,0.313295,0.728225,20.054494,0.017515,1
1623,36.827793,44.626892,1.258686,0.026868,0.439057,0.361934,0.263745,7.973621,0.036996,0
1624,37.399244,42.643874,0.562228,0.046198,0.265114,0.263319,0.209025,5.534602,0.056682,1
1625,20.014576,15.788603,5.740299,0.054694,1.407062,0.243444,0.891063,4.433166,0.032308,0
1626,66.702314,75.106814,11.692607,0.034944,1.459267,0.422584,0.548813,31.904433,0.011628,1
1627,23.812143,23.273349,3.945635,0.041559,1.449345,0.265152,0.662757,10.471043,0.048054,1
1628,27.216258,32.454567,4.280221,0.034958,1.002798,0.530377,0.500054,10.872898,0.027599,0
1629,21.332169,19.467880,3.958908,0.032837,1.389497,0.250901,0.729520,8.321702,0.052454,1
1630,52.053225,66.454333,1.132567,0.057721,0.244405,0.468029,0.189715,6.976795,0.022510,0
1631,30.875015,37.000790,2.717503,0.036092,0.638942,0.463316,0.404673,9.563299,0.033889,0
1632,77.767088,61.331723,19.325543,0.039238,0.688882,0.300525,0.881977,12.761203,0.010192,0
1633,41.791347,30.783008,12.462351,0.037449,1.059754,0.227918,0.944024,4.852716,0.011503,0
1634,68.962010,87.015749,4.735165,0.031938,0.780948,0.405237,0.344348,22.437735,0.014908,0
1635,37.289128,32.262761,6.549126,0.021613,1.122721,0.187907,0.828594,10.051249,0.034264,0
1636,20.407290,16.469913,4.152408,0.059832,0.196586,0.265524,0.976123,0.508805,0.023406,0
1637,28.956081,25.154072,6.842471,0.040806,1.410576,0.295927,0.770350,10.433689,0.029811,0
1638,72.403487,70.701512,7.932678,0.028291,0.569012,0.301119,0.613774,20.896462,0.023265,1
1639,39.001061,45.791644,0.354550,0.043088,0.505416,0.176357,0.148275,6.415013,0.047316,1
1640,31.477349,31.010971,6.979475,0.035090,1.411729,0.415630,0.647083,13.894602,0.023900,1
1641,35.305233,27.853128,7.618183,0.032217,0.181951,0.213064,0.996722,0.149224,0.003088,0
1642,30.440627,37.519032,0.036020,0.042312,0.122173,0.301785,0.030036,0.724685,0.021211,0
1643,50.393000,55.128993,5.025504,0.031804,0.538715,0.443361,0.475811,14.728565,0.024283,1
1644,72.276619,60.337038,13.091488,0.055912,0.236666,0.289958,0.925676,4.943021,0.013789,0
1645,53.079043,50.514275,5.668409,0.043573,0.276123,0.360056,0.662742,10.187967,0.036372,1
1646,32.179614,32.704409,3.241825,0.043617,1.215727,0.188767,0.610689,13.606571,0.057257,1
1647,52.881290,63.030098,2.487855,0.045165,1.209785,0.211063,0.342808,21.378719,0.029940,0
1648,62.610396,73.513326,0.205395,0.036470,0.134198,0.283180,0.073743,3.205086,0.021515,1
1649,60.164724,51.217933,16.540887,0.056528,0.927221,0.469121,0.757504,18.111682,0.011503,0
1650,75.287464,104.269688,0.003605,0.044910,0.114938,0.315136,0.001607,0.132636,0.000646,0
1651,71.591269,62.733303,21.825643,0.044548,1.473441,0.467415,0.736362,28.389394,0.008043,1
1652,25.135973,20.823156,7.393178,0.020879,1.161765,0.476751,0.748714,8.632910,0.024669,0
1653,20.836941,24.170501,1.795922,0.044460,0.611131,0.428413,0.422878,6.376666,0.056096,1
1654,40.548513,31.448361,9.486007,0.043557,0.197504,0.358262,0.958176,1.610070,0.013839,0
1655,64.532061,68.198440,2.581367,0.035923,0.691424,0.160579,0.436019,21.131205,0.045703,1
1656,40.133432,55.513130,3.223682,0.033175,1.322978,0.385118,0.340245,16.918822,0.020616,0
1657,70.837805,71.467697,3.340545,0.022980,0.125141,0.354157,0.505958,9.996007,0.044947,1
1658,78.166363,92.646422,2.069158,0.027574,0.199283,0.458529,0.241626,10.887626,0.019501,0
1659,70.486386,79.817811,10.638301,0.021133,1.002192,0.481412,0.510748,28.140591,0.011740,1
1660,67.296512,59.310072,10.877242,0.028594,1.092147,0.166132,0.839964,17.114334,0.020828,1
1661,32.068193,26.457548,7.087330,0.036738,0.572847,0.353416,0.824181,6.275095,0.030140,0
1662,48.605233,43.233004,6.027886,0.044204,0.140839,0.308298,0.869493,3.869172,0.037719,1
1663,37.920329,49.556514,2.828196,0.054311,1.145441,0.347993,0.357435,15.145651,0.026424,0
1664,27.855875,33.074813,0.112773,0.037649,0.388503,0.176000,0.084220,2.683146,0.050571,0
1665,69.518504,54.791596,21.446655,0.054569,1.364337,0.335833,0.839596,19.789741,0.008937,0
1666,64.662092,73.301695,11.128990,0.037272,1.224306,0.464323,0.540465,28.396381,0.011947,1
1667,47.747409,64.873261,3.316039,0.038505,0.780921,0.464029,0.319493,15.079108,0.018253,0
1668,69.294662,75.402458,6.770525,0.038710,0.351717,0.537229,0.474847,16.362216,0.018034,1
1669,65.179172,82.635055,0.346682,0.038714,0.145956,0.408648,0.079909,3.698765,0.014597,0
1670,69.801961,51.268951,21.800189,0.041936,1.293414,0.228926,0.936212,9.919306,0.006876,0
1671,39.035313,35.028365,5.769622,0.022067,0.843203,0.213414,0.772050,10.829613,0.039495,1
1672,68.761583,54.515750,16.160475,0.038135,0.426755,0.356848,0.881446,8.909150,0.012373,0
1673,65.816629,66.680979,6.924011,0.044734,1.205810,0.195240,0.617124,27.580988,0.027045,1
1674,29.379886,29.553921,3.966450,0.049742,0.655645,0.382295,0.595242,9.218857,0.042610,1
1675,43.287985,35.475897,9.046572,0.043020,0.417572,0.319376,0.875869,5.730259,0.022930,0
1676,50.895651,41.707673,12.411979,0.054102,1.028069,0.253176,0.868769,10.988135,0.016297,0
1677,49.490854,68.439374,0.046861,0.043802,0.566538,0.186078,0.019355,1.754142,0.006793,0
1678,56.360900,42.988839,20.599792,0.048627,1.442930,0.465264,0.813156,18.183114,0.008526,0
1679,62.246262,69.268283,9.554602,0.054335,0.729878,0.532734,0.531821,21.147742,0.014037,1
1680,49.942170,67.525537,2.048686,0.041535,0.916666,0.331793,0.251156,15.231967,0.020079,0
1681,32.557266,22.874857,10.150587,0.040389,0.438109,0.301984,0.974668,1.273469,0.009081,0
1682,46.909114,65.037317,0.083288,0.038087,0.590381,0.203406,0.030836,2.508951,0.009495,0
1683,22.877464,28.431807,0.530402,0.050428,0.898956,0.209945,0.222234,6.459775,0.065397,0
1684,54.309726,47.659486,7.545471,0.020461,0.419287,0.202136,0.870541,7.417898,0.029674,1
1685,38.556087,30.143732,10.282608,0.032345,1.480202,0.202130,0.906338,7.845912,0.017640,0
1686,31.944939,35.503358,1.767003,0.054497,0.189661,0.534600,0.384828,5.317180,0.051389,1
1687,34.804845,35.329239,1.440112,0.045628,0.130988,0.315570,0.491424,5.024184,0.100336,1
1688,36.203508,30.584216,7.439875,0.036649,1.015632,0.221864,0.849115,8.540301,0.028917,0
1689,61.346545,67.208244,11.418622,0.024699,1.302141,0.464267,0.560936,27.600891,0.012132,1
1690,60.411007,47.151254,20.445736,0.037662,1.072749,0.527994,0.788278,18.119280,0.008766,0
1691,28.496681,32.770709,1.419473,0.058273,0.634772,0.281990,0.365032,8.534171,0.058711,1
1692,77.731155,103.463283,4.846542,0.052142,0.478537,0.548242,0.309034,18.944427,0.011951,0
1693,35.159780,35.361739,2.350040,0.031797,0.828253,0.156106,0.585543,12.470895,0.078023,1
1694,33.207755,29.799172,7.462780,0.026844,0.721040,0.499302,0.696054,9.861967,0.024841,1
1695,62.294668,47.321542,21.819367,0.046146,1.010129,0.532488,0.807404,17.131948,0.008208,0
1696,20.181252,17.629388,5.990422,0.057285,1.398908,0.438235,0.750030,7.584669,0.030377,1
1697,65.945799,50.385101,17.125040,0.029263,0.819426,0.222487,0.940157,7.096516,0.008951,0
1698,68.618198,54.518990,16.845020,0.057543,0.756112,0.224333,0.933154,7.731369,0.009681,0
1699,78.679605,109.836854,1.335245,0.026806,0.877864,0.276442,0.142835,16.632475,0.011071,0
1700,45.469570,41.674087,5.774783,0.058889,0.492890,0.211346,0.804348,8.819158,0.040949,1
1701,63.999675,44.818153,21.804044,0.056638,0.934656,0.265174,0.957678,5.581427,0.005498,0
1702,31.131559,35.993556,2.449698,0.047521,1.097642,0.277727,0.430938,12.816456,0.043380,1
1703,35.132144,48.100935,4.811231,0.038293,1.392619,0.488478,0.434747,16.318080,0.019435,0
1704,47.139409,47.001399,4.199502,0.037056,0.319468,0.364967,0.569360,10.468327,0.040404,1
1705,21.350260,21.582531,4.141404,0.047202,1.193899,0.404063,0.626987,8.831163,0.040160,1
1706,74.573326,53.142623,25.174381,0.051494,0.879867,0.366534,0.901321,12.157455,0.006779,0
1707,39.433733,31.364621,13.613192,0.038830,1.342588,0.501246,0.780637,13.506584,0.012907,0
1708,55.151127,64.633508,5.285669,0.046366,1.225966,0.309222,0.449796,24.168326,0.020960,1
1709,50.818003,64.139021,0.295465,0.035525,0.623110,0.188276,0.089608,6.493105,0.021432,0
1710,74.875066,57.183991,21.494561,0.036528,1.007493,0.312248,0.871636,15.759699,0.008936,0
1711,60.773110,45.395424,20.662106,0.050881,0.931188,0.481285,0.832073,14.723775,0.008895,0
1712,30.231823,40.153706,1.797389,0.055274,1.018605,0.344112,0.315096,10.840331,0.033838,0
1713,52.522001,70.554211,2.130213,0.037926,1.359873,0.259765,0.257000,19.747585,0.020265,0
1714,43.590226,42.345073,6.920672,0.030743,0.501614,0.494425,0.618631,11.767764,0.024972,1
1715,24.191715,28.409004,0.085191,0.033780,0.341948,0.174617,0.079332,2.089800,0.059803,1
1716,36.198418,44.809832,3.244400,0.028861,1.339021,0.335419,0.398896,16.171096,0.027478,0
1717,48.219443,63.239930,4.795976,0.040523,1.167919,0.418299,0.393910,20.049741,0.017651,0
1718,70.841303,50.061939,24.183158,0.056290,0.664046,0.446125,0.892435,10.681553,0.007185,0
1719,52.570482,56.289906,5.616796,0.040821,0.586878,0.412153,0.506877,16.064287,0.024031,1
1720,45.101782,54.117953,4.243500,0.026187,1.305725,0.330619,0.419573,20.141062,0.022936,0
1721,44.481205,52.542328,3.492559,0.045610,0.449814,0.500996,0.394882,11.485968,0.025760,0
1722,45.087896,60.314574,1.636952,0.024244,1.490429,0.243221,0.238935,17.070435,0.023164,0
1723,77.022785,105.585097,0.003900,0.020600,0.236790,0.214440,0.001729,0.208172,0.000691,0
1724,79.760767,65.882372,16.878035,0.053937,0.803567,0.158161,0.957727,6.443723,0.007970,0
1725,56.269339,50.300164,14.505897,0.031338,1.307269,0.424702,0.711612,21.964839,0.012495,1
1726,60.453178,51.690217,9.180393,0.036370,0.148719,0.265677,0.948712,2.453645,0.016992,0
1727,68.538665,86.376191,4.343286,0.044260,0.739834,0.391704,0.336911,21.524951,0.015812,0
1728,69.629489,69.455533,7.591410,0.030601,0.485625,0.364477,0.577442,18.991836,0.022131,1
1729,46.948892,47.328452,2.172004,0.048744,0.227592,0.235495,0.533173,8.904495,0.075374,1
1730,31.817218,31.465027,2.900616,0.043354,0.418890,0.298585,0.598010,7.966091,0.062915,1
1731,46.934703,50.502610,4.591378,0.026230,0.384950,0.502169,0.481270,11.604519,0.027251,1
1732,46.023422,45.492566,3.036989,0.039919,0.149857,0.371668,0.576971,6.974968,0.059122,1
1733,53.530452,63.964705,2.740788,0.030089,0.348475,0.474292,0.323261,11.348209,0.023961,0
1734,76.830237,61.091788,17.344705,0.028567,0.796709,0.174029,0.955419,6.451506,0.007883,0
1735,39.530200,31.647141,9.674372,0.041349,1.093906,0.207534,0.910137,6.706399,0.018904,0
1736,20.554495,26.016029,0.169661,0.044249,0.346672,0.284769,0.109343,2.265895,0.054327,0
1737,55.129156,50.771612,5.311157,0.028918,0.221715,0.225223,0.813246,6.969759,0.045925,1
1738,45.681161,53.026630,2.117836,0.020483,0.469329,0.357575,0.327450,11.298080,0.032262,1
1739,56.345569,77.419339,2.958682,0.038847,0.925259,0.379361,0.277674,18.170741,0.016306,0
1740,75.674038,96.852530,0.870949,0.029490,0.552170,0.255053,0.131085,11.964152,0.014835,0
1741,50.265262,61.365572,4.521232,0.022712,0.804507,0.439432,0.396347,17.375774,0.019453,0
1742,68.358208,61.703434,17.887333,0.037064,1.029776,0.505648,0.702134,24.040804,0.009880,1
1743,70.713533,75.508081,9.903911,0.055334,1.068108,0.348287,0.564315,28.775780,0.015469,1
1744,38.795044,47.623489,2.263046,0.035541,0.408093,0.496291,0.329085,8.965167,0.029411,0
1745,63.465340,62.365340,5.202479,0.034239,0.400642,0.263642,0.606579,15.450640,0.036316,1
1746,30.565357,37.299915,0.701838,0.038167,0.452898,0.304344,0.216109,6.028243,0.046813,0
1747,78.924643,76.854021,6.819104,0.023593,0.211975,0.386301,0.605083,13.990725,0.027429,1
1748,55.961813,55.577428,7.225158,0.022157,0.704581,0.356619,0.588952,18.272121,0.023220,1
1749,50.284369,40.463053,10.080868,0.024943,0.245375,0.190411,0.992153,0.536812,0.004544,0
1750,56.582492,47.389979,13.226035,0.026943,0.452002,0.533134,0.760470,11.813293,0.015312,0
1751,71.277048,61.394228,13.536009,0.028396,0.558593,0.346750,0.778376,15.840007,0.016097,0
1752,21.176632,24.775762,0.789492,0.055946,0.832421,0.215757,0.321900,6.926456,0.085998,1
1753,68.246555,85.606616,0.100614,0.035942,0.278054,0.218061,0.033881,2.707443,0.009587,0
1754,35.283230,31.199984,9.251422,0.036456,0.878731,0.529093,0.712449,11.276491,0.019483,1
1755,27.582209,38.107152,0.130226,0.050915,0.422894,0.285588,0.062806,2.214352,0.024100,0
1756,28.584884,37.175282,0.939083,0.046354,0.532405,0.376577,0.232972,6.378762,0.038937,0
1757,48.305379,50.579288,8.075405,0.023511,1.125133,0.417272,0.570302,20.123034,0.018369,1
1758,73.748726,54.607372,20.092118,0.048665,0.296915,0.324913,0.969079,2.803698,0.005343,0
1759,44.212917,35.188028,11.132271,0.025062,0.809478,0.340648,0.832570,9.968111,0.018493,0
1760,65.816918,57.970557,15.136251,0.059681,0.773101,0.424660,0.742230,18.687633,0.013140,1
1761,70.481406,69.804314,7.246312,0.021620,1.175005,0.199164,0.606547,29.385687,0.025278,1
1762,32.184236,31.584526,6.780748,0.033851,1.284043,0.411848,0.643110,13.602852,0.024833,1
1763,62.558858,69.460829,3.554802,0.043082,0.600139,0.286906,0.403846,18.769801,0.027854,1
1764,25.032424,34.919300,0.404386,0.022894,0.278055,0.501412,0.135083,2.867134,0.032818,0
1765,38.110080,44.025064,1.196539,0.035658,0.560608,0.254845,0.289116,9.753474,0.047005,1
1766,40.582640,40.074963,9.806477,0.040461,1.108582,0.527426,0.648437,15.852436,0.016462,1
1767,22.512824,23.686818,1.472157,0.056808,0.917915,0.169663,0.535595,8.570535,0.108582,1
1768,54.409975,70.599171,0.025992,0.055052,0.438699,0.157617,0.013502,1.246498,0.006089,0
1769,63.947278,86.532130,0.317222,0.037561,1.020077,0.167952,0.070463,8.715953,0.012441,0
1770,75.206829,77.403421,3.113346,0.047593,0.140595,0.342735,0.457119,11.184962,0.041038,1
1771,27.460719,23.341344,4.687254,0.042972,0.190287,0.398812,0.857293,2.701060,0.047199,0
1772,50.344538,64.036817,0.768647,0.044625,1.305412,0.155103,0.173561,14.749909,0.028742,0
1773,61.713779,61.257064,8.124763,0.045963,0.891780,0.290095,0.623130,22.133522,0.022464,1
1774,75.025910,59.554248,23.791580,0.020174,1.040117,0.519860,0.770431,23.209576,0.007626,0
1775,26.750248,20.501897,6.742783,0.034943,0.566211,0.235720,0.955439,1.892928,0.019820,0
1776,55.107300,55.660570,3.872610,0.032786,0.147846,0.474173,0.525099,8.436515,0.039628,1
1777,61.382092,74.113327,1.624345,0.032439,1.077364,0.189866,0.248091,20.163874,0.026163,0
1778,36.348031,46.607252,0.599365,0.039754,1.472659,0.153880,0.177617,11.477648,0.038336,0
1779,28.402689,26.285450,6.807496,0.023004,0.910019,0.527343,0.672612,9.780933,0.025265,1
1780,41.905020,56.102816,3.699553,0.050217,1.192731,0.392688,0.372112,17.311405,0.021048,0
1781,57.607029,66.052350,10.165642,0.042149,0.980210,0.544566,0.536836,22.656273,0.012790,1
1782,63.937434,79.529375,1.603207,0.028626,1.321448,0.183522,0.226747,22.139814,0.022332,0
1783,48.973666,51.905058,8.025016,0.037751,1.260854,0.378341,0.574412,21.555666,0.018840,1
1784,51.624256,37.517513,16.110833,0.053122,0.961301,0.213000,0.969763,3.466513,0.006353,0
1785,55.659904,62.090147,4.665704,0.024939,0.329859,0.542021,0.432851,12.572045,0.022697,1
1786,43.623150,37.480802,7.977595,0.046704,0.339854,0.393778,0.800947,7.099406,0.027877,0
1787,58.613127,44.640005,17.385581,0.035571,1.350948,0.275348,0.877199,13.850916,0.010838,0
1788,47.741687,46.454869,8.220142,0.057170,1.309008,0.271381,0.685904,19.379991,0.023935,1
1789,71.836148,89.584432,8.106677,0.029830,1.403131,0.380784,0.432039,33.453282,0.012133,0
1790,36.472675,46.570724,0.006372,0.042593,0.107454,0.285681,0.005965,0.202234,0.004952,0
1791,39.361022,45.321636,7.414755,0.044368,1.292078,0.491269,0.551463,17.700568,0.017999,1
1792,35.875827,38.159370,3.840651,0.020466,0.730751,0.372725,0.505017,12.233829,0.034898,1
1793,59.691459,66.516586,2.996880,0.042854,1.130792,0.176700,0.411253,24.693719,0.034685,1
1794,26.986731,30.158541,1.363414,0.023186,0.484971,0.321841,0.369355,7.091816,0.062388,1
1795,53.259356,49.537709,9.526526,0.045751,1.108607,0.283127,0.713007,19.101323,0.021454,1
1796,65.292352,75.353024,1.615760,0.042137,0.992424,0.154556,0.280222,21.903932,0.033498,1
1797,61.790431,59.518351,14.208818,0.052719,1.419654,0.385078,0.682316,26.248038,0.012575,1
1798,35.130919,29.601389,6.780989,0.039063,0.576539,0.268426,0.853755,6.114887,0.032015,0
1799,50.895770,41.518697,17.489164,0.024317,1.468798,0.522778,0.756337,19.333719,0.009720,0
1800,74.814681,79.883550,11.844547,0.037442,1.114874,0.402014,0.562038,31.132638,0.012410,1
1801,40.434556,36.828251,8.286171,0.039925,0.909522,0.381815,0.704830,13.308737,0.023440,1
1802,37.199635,35.595233,2.730010,0.022091,0.217457,0.251383,0.682849,6.180180,0.081699,1
1803,24.454812,18.894822,7.632220,0.021555,1.238100,0.413577,0.801947,7.573238,0.024731,0
1804,36.353465,47.626019,1.607864,0.032223,0.778989,0.357056,0.267685,10.563215,0.028737,0
1805,42.917481,46.995103,1.529299,0.059880,0.260346,0.320222,0.352568,8.132568,0.052961,1
1806,40.893838,48.955932,2.011520,0.053331,0.609459,0.331708,0.330014,11.561780,0.034199,0
1807,63.173505,48.973191,18.019201,0.049429,1.284567,0.234687,0.908064,11.812240,0.009818,0
1808,28.717161,26.460125,6.219725,0.030273,1.466499,0.332451,0.696686,12.151325,0.030223,1
1809,21.801214,21.322879,3.673706,0.058125,0.899848,0.356694,0.651482,7.648236,0.050134,1
1810,69.146440,74.884858,2.152985,0.032600,0.157099,0.380220,0.337357,10.011957,0.035057,1
1811,77.035638,100.253505,0.247812,0.028804,0.419698,0.230469,0.053835,5.458530,0.009509,0
1812,75.349934,97.718790,5.654498,0.035709,1.184837,0.351752,0.353092,30.476263,0.012880,0
1813,47.859905,41.991260,7.531350,0.021220,0.807039,0.202724,0.816843,11.405350,0.030434,1
1814,73.195376,89.750401,2.775943,0.040686,0.692016,0.298000,0.279277,20.471091,0.018529,0
1815,64.446792,80.489598,2.672897,0.048904,1.168599,0.231802,0.296765,24.103841,0.021424,0
1816,40.278199,41.441909,3.386960,0.050198,0.563110,0.281741,0.541689,11.992144,0.046592,1
1817,28.293925,27.709042,6.107918,0.029035,1.471880,0.394863,0.645180,12.777175,0.027462,1
1818,45.978383,34.470784,13.728921,0.048087,0.783027,0.355288,0.883606,7.965073,0.013543,0
1819,72.326364,65.256889,9.019041,0.057463,0.220749,0.301279,0.812467,9.147489,0.026293,1
1820,54.584333,68.470707,0.404133,0.048647,0.554039,0.204168,0.107832,7.531197,0.022346,0
1821,37.477625,30.030725,11.477358,0.028906,1.235723,0.436961,0.780079,12.333098,0.016262,0
1822,76.597904,81.916904,6.777914,0.038441,0.856041,0.280356,0.499099,28.273078,0.020079,1
1823,48.539302,54.459411,10.936442,0.057511,1.480388,0.494861,0.599217,22.828429,0.013226,1
1824,73.347832,75.364489,10.028965,0.055803,1.020422,0.307180,0.599189,28.640445,0.016984,1
1825,77.705749,77.010301,17.503607,0.048392,0.941516,0.530237,0.641802,28.159166,0.009341,1
1826,34.676976,42.385380,3.524621,0.030742,0.829142,0.460643,0.417592,12.327241,0.026840,0
1827,53.133337,61.777157,3.620267,0.039251,0.552061,0.396942,0.385859,15.100543,0.024409,1
1828,44.294649,37.157044,13.736593,0.040459,1.446297,0.443568,0.759845,16.565939,0.013161,0
1829,44.662832,42.366815,6.968634,0.036368,0.670030,0.367672,0.657925,13.426645,0.027322,1
1830,52.608192,55.133789,1.662895,0.039843,0.288700,0.217642,0.403559,10.945693,0.062943,1
1831,27.568147,37.295623,1.027962,0.046380,0.946930,0.310717,0.241000,8.358600,0.037380,0
1832,74.538854,85.462623,14.330113,0.034742,1.176838,0.534005,0.549403,32.011349,0.009168,1
1833,69.227677,89.841182,0.267315,0.030839,0.341072,0.264251,0.061344,4.900287,0.011345,0
1834,36.254553,47.086896,0.005685,0.023044,0.144639,0.259566,0.005156,0.204914,0.004153,0
1835,31.992378,27.587083,6.074883,0.042525,1.217120,0.152308,0.898619,6.256478,0.032975,0
1836,45.759366,45.096745,4.580057,0.047046,0.259523,0.430839,0.591664,9.053321,0.038668,1
1837,63.253593,76.532399,0.552129,0.058157,0.100074,0.475684,0.124569,4.109181,0.021575,0
1838,74.238902,52.780170,29.881860,0.052392,1.407402,0.484888,0.843480,21.122101,0.005616,0
1839,25.597243,31.155547,3.354057,0.047142,1.443883,0.378225,0.477923,12.251905,0.034240,0
1840,76.737781,77.509455,16.182801,0.039054,0.939011,0.523138,0.620224,28.308221,0.009786,1
1841,24.565084,25.812592,3.900061,0.051676,1.061733,0.383207,0.583528,9.875863,0.040224,1
1842,74.535065,101.322521,0.000010,0.036095,0.190047,0.159384,0.000009,0.001333,0.000008,0
1843,39.764999,42.779495,3.748487,0.053862,1.375113,0.201000,0.548579,18.464791,0.042248,1
1844,25.581822,28.459448,3.934827,0.030655,0.844965,0.509781,0.524756,9.363186,0.033215,1
1845,75.641985,74.267419,17.442463,0.035358,1.346424,0.444727,0.650182,32.504328,0.009487,1
1846,48.556533,38.156122,16.265636,0.038164,1.399108,0.443795,0.794851,16.325675,0.011152,0
1847,42.030429,29.976800,12.486958,0.039849,0.240743,0.425986,0.961419,1.725650,0.009525,0
1848,40.084120,47.573514,3.880156,0.048157,1.078090,0.347009,0.439919,16.415240,0.027309,0
1849,74.893169,78.071453,6.259962,0.027975,0.730371,0.273062,0.510427,25.525588,0.022818,1
1850,22.540070,25.773999,1.707156,0.032166,0.447950,0.458326,0.406438,5.852106,0.056105,1
1851,39.633271,34.462600,5.936481,0.050994,0.336681,0.201883,0.919022,3.450388,0.032317,0
1852,47.225226,49.815580,9.019482,0.045331,1.062346,0.474288,0.592392,18.895451,0.016815,1
1853,22.685086,20.586909,3.044056,0.025841,0.492188,0.265671,0.752425,5.031228,0.074768,1
1854,38.585919,41.106317,6.358223,0.035244,1.029186,0.437788,0.564059,15.414819,0.022979,1
1855,40.169920,36.281415,5.426670,0.020949,0.857663,0.181916,0.786755,10.818168,0.042970,1
1856,45.078173,61.308068,4.823954,0.023525,1.110116,0.488527,0.386162,18.171132,0.016489,0
1857,63.938046,72.100541,4.829384,0.036164,1.248410,0.238600,0.441161,28.189670,0.023150,1
1858,50.721403,54.991599,8.911513,0.042603,0.853657,0.529482,0.561082,18.476185,0.015889,1
1859,74.134737,97.339053,1.526889,0.057737,1.221984,0.189398,0.195172,22.606717,0.017773,0
1860,35.907396,37.578496,7.305848,0.040207,1.285148,0.449214,0.605175,15.671753,0.021054,1
1861,28.337594,24.843276,5.750401,0.026589,1.124487,0.290542,0.751190,9.524899,0.036305,1
1862,35.891975,33.914442,7.055237,0.034714,1.091654,0.372105,0.669174,13.594436,0.025979,1
1863,25.995913,32.846158,1.684092,0.045941,0.617844,0.440156,0.336872,7.460439,0.040595,0
1864,32.579655,42.981443,0.546074,0.037149,0.962714,0.222934,0.160148,7.782522,0.034163,0
1865,76.538056,94.030656,3.856490,0.033508,0.391234,0.473870,0.307829,16.837628,0.015504,0
1866,61.740660,76.314481,2.534901,0.048659,0.717682,0.304597,0.288797,17.869021,0.021444,0
1867,32.675775,37.344291,4.132222,0.032424,1.466419,0.334388,0.496045,15.784969,0.030150,1
1868,60.440082,65.218137,4.409413,0.050470,1.280799,0.173319,0.515847,27.266712,0.033625,1
1869,79.905274,98.018339,13.518375,0.046048,1.309465,0.492514,0.510478,36.465534,0.008856,0
1870,26.742978,25.229767,3.557731,0.028066,1.326989,0.181297,0.712825,10.496699,0.061006,1
1871,67.287136,86.453225,1.650580,0.054174,0.327713,0.424707,0.201497,10.832332,0.017190,0
1872,51.204961,65.602523,0.955138,0.027760,0.686949,0.263941,0.174613,10.924590,0.022980,0
1873,50.309841,53.928706,8.318477,0.051654,1.227813,0.382547,0.578357,21.809338,0.018345,1
1874,66.847129,55.766644,11.606640,0.054945,0.170090,0.180222,0.995355,0.373294,0.002725,0
1875,34.801306,41.299519,1.365609,0.055053,0.673227,0.269192,0.309648,10.068891,0.045874,0
1876,20.712281,18.857681,4.079949,0.035038,0.909305,0.363949,0.703890,6.826455,0.048083,1
1877,72.595887,97.186984,1.511239,0.038486,0.472364,0.369658,0.171138,12.679969,0.013779,0
1878,76.946747,107.650971,0.417552,0.049079,0.429570,0.301212,0.067412,6.577530,0.008586,0
1879,20.486492,14.473230,6.435317,0.039533,0.744792,0.159028,0.997560,0.134210,0.002700,0
1880,61.215645,55.449276,9.207874,0.032037,0.883850,0.216854,0.766112,17.639095,0.024559,1
1881,44.430424,38.325300,9.503580,0.027953,0.848721,0.353362,0.754811,12.872921,0.021744,0
1882,29.442711,34.438618,2.782750,0.024416,1.155513,0.337121,0.431148,12.437760,0.036832,1
1883,24.252302,27.131722,1.472449,0.041105,0.470166,0.356984,0.398591,6.418694,0.065019,1
1884,75.461261,81.827041,13.685230,0.036066,0.916198,0.529632,0.563127,28.454158,0.010298,1
1885,66.631155,59.953627,18.542321,0.037296,1.281893,0.481467,0.710205,25.814939,0.009421,1
1886,69.373284,57.733080,15.740670,0.031626,1.081598,0.268997,0.820871,18.874032,0.013479,0
1887,37.780885,45.635446,1.848553,0.020036,0.421756,0.436095,0.310130,8.657706,0.032977,0
1888,30.271085,23.403716,7.539614,0.035196,0.432523,0.340363,0.908139,3.282376,0.024332,0
1889,22.674202,31.276825,0.655707,0.032928,1.102488,0.277479,0.202220,6.709555,0.042660,0
1890,46.912553,53.403907,2.914916,0.027557,0.304922,0.493774,0.378979,9.855360,0.029742,1
1891,35.375295,34.177364,6.216175,0.046526,1.319781,0.286685,0.675703,14.613845,0.030864,1
1892,61.021973,43.556157,22.613668,0.039481,1.129900,0.475273,0.843351,15.564616,0.007784,0
1893,77.278259,104.175111,4.220846,0.040487,1.372971,0.294057,0.296952,31.337610,0.012997,0
1894,47.902119,56.664720,8.993082,0.028279,1.337597,0.517277,0.532498,22.028415,0.013875,0
1895,68.910814,95.455205,0.834015,0.031197,1.332352,0.192382,0.121173,16.021037,0.013162,0
1896,26.734464,24.164115,6.994487,0.052173,0.959857,0.509700,0.709661,8.970669,0.025654,1
1897,57.425203,40.424008,17.416479,0.023989,0.360843,0.295330,0.982843,1.465824,0.004171,0
1898,50.081060,36.578105,15.075437,0.027167,0.587869,0.408828,0.886865,7.366951,0.012221,0
1899,47.856342,50.092303,3.650039,0.058241,0.698769,0.235894,0.529259,15.916447,0.042162,1
1900,50.999856,61.975645,2.990618,0.057161,0.879582,0.301187,0.355386,17.813859,0.025853,0
1901,47.820548,36.437614,12.745381,0.031528,0.952599,0.214124,0.939312,5.609726,0.012026,0
1902,52.671878,56.496761,2.504146,0.047929,0.206220,0.399509,0.404697,9.268739,0.040551,1
1903,31.341037,32.237529,4.281046,0.041177,1.108452,0.308196,0.585501,12.860322,0.038325,1
1904,39.340307,44.347373,2.469692,0.046870,1.414752,0.179898,0.443140,18.477650,0.046910,1
1905,47.641098,63.056657,1.057870,0.059555,0.232247,0.529628,0.179695,6.018092,0.021556,0
1906,24.696469,33.423937,0.486914,0.053788,0.608386,0.317353,0.166885,4.816959,0.040905,0
1907,46.451307,53.138909,5.788774,0.021352,1.184268,0.387262,0.480682,20.142970,0.020355,1
1908,31.203980,29.399287,4.009882,0.038762,0.587156,0.283655,0.687042,8.470208,0.052231,1
1909,26.441667,21.204634,5.679284,0.038810,0.146813,0.531779,0.887454,1.936540,0.035477,0
1910,26.940513,36.703355,2.227691,0.045500,1.126706,0.408111,0.352377,10.618044,0.031816,0
1911,69.603659,53.931971,19.978257,0.047884,0.806656,0.384728,0.846799,14.781696,0.009831,0
1912,69.966744,52.516352,21.072078,0.041361,1.066981,0.301664,0.888414,13.729835,0.008714,0
1913,40.416499,45.855866,7.755393,0.039847,1.347394,0.479889,0.558921,18.511624,0.017526,1
1914,44.129383,34.053591,10.255709,0.022053,0.186108,0.302060,0.981497,0.862797,0.007881,0
1915,40.234265,48.383953,1.785734,0.022034,1.139950,0.238449,0.309050,15.134842,0.034396,0
1916,36.455711,39.493507,3.127344,0.025358,0.302321,0.527516,0.458389,7.953147,0.037524,1
1917,68.252174,56.407585,17.294965,0.034225,0.669195,0.466402,0.773484,16.808805,0.011561,0
1918,50.612775,39.958523,13.203993,0.035876,1.134589,0.255170,0.876011,11.034962,0.014879,0
1919,42.529917,44.589624,3.434491,0.029676,0.580362,0.309401,0.496121,12.925086,0.039795,1
1920,21.150375,26.242295,0.595095,0.021756,0.339323,0.411479,0.226833,3.712028,0.059431,0
1921,66.436168,84.352699,5.324744,0.028215,0.790913,0.444891,0.363456,22.176563,0.014279,0
1922,61.982785,54.073131,19.544985,0.024175,1.364771,0.543075,0.720526,24.352811,0.008552,1
1923,71.614869,84.615048,4.902734,0.048892,1.414250,0.226183,0.409592,33.100093,0.020176,0
1924,46.529368,34.899451,13.164675,0.049664,0.645520,0.304577,0.923452,5.374847,0.012627,0
1925,39.817651,44.466322,4.224084,0.021903,1.321086,0.304188,0.476776,18.226973,0.028608,1
1926,29.494445,35.002472,0.229862,0.046592,0.248014,0.264472,0.125823,3.037562,0.053234,0
1927,31.935009,43.286205,0.000000,0.037511,0.125934,0.158651,0.000000,0.000004,0.000000,0
1928,49.015583,51.502299,3.598214,0.025286,0.550327,0.300555,0.480834,14.489495,0.036462,1
1929,60.335776,75.279564,1.471087,0.043593,0.843051,0.230247,0.221490,16.466816,0.023303,0
1930,37.239820,30.288148,8.119881,0.028995,0.449013,0.357780,0.849905,5.820657,0.026127,0
1931,53.761325,73.194066,1.501600,0.045667,0.373799,0.476904,0.196574,9.106662,0.017675,0
1932,53.614488,47.100465,8.203770,0.021570,0.467570,0.272178,0.800458,10.249574,0.028018,1
1933,64.676221,47.424643,19.241700,0.048249,0.407013,0.463061,0.896954,7.401372,0.009388,0
1934,47.319105,56.245950,2.034340,0.026397,0.643133,0.309260,0.307003,13.330878,0.029934,0
1935,54.798069,74.724691,0.020137,0.040296,0.196251,0.281568,0.009119,0.596893,0.003597,0
1936,50.498702,36.196601,15.808173,0.052795,0.538235,0.371577,0.928132,5.076009,0.009953,0
1937,47.034950,42.325225,9.239796,0.035324,0.517260,0.484228,0.701789,11.729822,0.021169,1
1938,78.032792,78.583608,9.045459,0.053862,0.650694,0.320762,0.593920,24.412524,0.019209,1
1939,53.121090,45.772274,15.089206,0.041280,1.140904,0.473614,0.739033,18.439797,0.012093,0
1940,66.843964,56.851014,15.630379,0.052002,1.101890,0.288443,0.809332,19.081913,0.013437,0
1941,30.356547,21.305515,10.027956,0.034097,0.731265,0.371964,0.911572,4.160609,0.016599,0
1942,31.282466,40.722446,0.588533,0.029057,0.460857,0.342286,0.168243,5.338263,0.034581,0
1943,49.931061,42.469347,10.421858,0.026788,0.480605,0.437384,0.766655,10.595697,0.020218,0
1944,66.205342,67.769771,6.657495,0.049437,1.099722,0.205310,0.599360,26.834192,0.027115,1
1945,77.970681,99.390971,0.131699,0.027447,0.386277,0.200264,0.035715,3.807101,0.008095,0
1946,28.302714,34.634406,2.665374,0.051317,0.757516,0.448502,0.411989,9.587171,0.035227,0
1947,56.276763,66.432277,0.569470,0.032471,0.125698,0.405129,0.145760,4.563596,0.028296,0
1948,20.560697,14.867108,6.788698,0.047361,1.292643,0.256148,0.929105,3.169499,0.022644,0
1949,61.277770,76.886424,4.583271,0.021441,0.529512,0.523112,0.353475,16.575205,0.015936,0
1950,40.710790,31.532023,10.690809,0.050739,0.788600,0.238659,0.933227,4.680532,0.015005,0
1951,36.169403,31.463781,9.524577,0.027896,1.488342,0.380208,0.733001,14.508260,0.019598,1
1952,75.515878,60.626231,27.432100,0.057899,1.459196,0.503829,0.789293,26.341962,0.006283,0
1953,32.873391,37.601852,2.255401,0.059441,1.165248,0.222170,0.439733,13.994913,0.050024,1
1954,65.961554,61.816584,9.680561,0.036855,0.345877,0.467534,0.662712,14.170328,0.020140,1
1955,47.890988,51.543450,8.779945,0.035964,1.493223,0.396160,0.579713,22.879125,0.016863,1
1956,41.914652,40.864688,7.961829,0.057515,1.073897,0.366944,0.662493,15.870278,0.022924,1
1957,66.103996,50.400634,16.499542,0.040085,0.395621,0.158005,0.998350,0.221271,0.000810,0
1958,35.171299,37.358282,0.943743,0.030582,0.120946,0.355612,0.346041,4.511657,0.084799,1
1959,54.388955,73.317735,6.296084,0.036589,1.003484,0.522140,0.405460,21.122601,0.013628,0
1960,67.092979,56.358521,12.604068,0.047032,0.283179,0.373953,0.851421,8.271786,0.017353,0
1961,67.380417,82.012986,6.052385,0.059455,0.975296,0.363436,0.418191,25.986645,0.016148,0
1962,26.786345,34.280937,1.727251,0.051092,0.452595,0.532843,0.328359,6.513042,0.037640,0
1963,61.807731,69.052902,4.073265,0.034576,0.744541,0.291202,0.415644,20.798913,0.025111,1
1964,58.182362,71.325245,4.509639,0.027936,1.049924,0.347595,0.377748,22.658107,0.018340,0
1965,67.498404,69.725369,10.548194,0.050845,0.851273,0.414506,0.586878,24.253460,0.015086,1
1966,44.560695,59.122636,0.019378,0.059821,0.327594,0.197541,0.011572,0.771915,0.006007,0
1967,20.896998,27.647005,0.868360,0.049188,0.442935,0.474406,0.254731,4.463422,0.048642,0
1968,71.539183,99.733918,0.058497,0.048410,0.511656,0.196160,0.016948,2.151766,0.004189,0
1969,44.408557,57.446030,1.538171,0.043644,0.614721,0.351509,0.242316,10.880685,0.025533,0
1970,58.757092,81.145076,0.411575,0.042958,0.178030,0.495212,0.080169,3.691560,0.012128,0
1971,48.882963,36.905123,13.262271,0.033283,0.884755,0.211977,0.951249,4.647365,0.010370,0
1972,70.942071,75.561794,14.483375,0.052241,1.406587,0.427189,0.607895,32.330620,0.010691,1
1973,20.301530,20.290901,1.312474,0.056432,0.376481,0.219834,0.590501,4.841048,0.141920,1
1974,37.163603,39.459784,3.211349,0.028395,0.468709,0.389640,0.483458,10.141589,0.040207,1
1975,25.335771,18.766647,7.535950,0.048827,0.621143,0.371923,0.898660,3.538491,0.023862,0
1976,45.372588,49.729541,1.401008,0.057446,0.611632,0.171962,0.361937,13.299841,0.061424,1
1977,60.403489,79.968050,2.292633,0.027362,1.225439,0.268371,0.247291,21.125622,0.017606,0
1978,63.022876,47.833695,21.766235,0.048756,1.236606,0.441843,0.823720,18.149344,0.008363,0
1979,26.014482,31.280656,0.619328,0.053237,1.051745,0.166638,0.252825,8.528489,0.071904,0
1980,21.386640,20.554806,2.966814,0.042335,0.308304,0.516940,0.628243,4.490491,0.061601,1
1981,43.488784,56.164254,0.000000,0.026741,0.100337,0.162169,0.000000,0.000033,0.000001,0
1982,39.688831,53.013670,0.121593,0.044256,0.235733,0.330598,0.048637,1.944042,0.015836,0
1983,76.308093,59.960106,17.580363,0.021182,0.396839,0.323574,0.907575,7.961631,0.010648,0
1984,36.669974,47.998581,2.259501,0.044564,0.946917,0.362764,0.320396,12.767388,0.027640,0
1985,25.511020,25.804731,6.897876,0.053409,1.499307,0.507384,0.663160,11.404524,0.023035,1
1986,69.393582,53.580810,16.559011,0.020125,0.418428,0.271404,0.946166,4.909498,0.008978,0
1987,26.516444,27.337270,5.125553,0.054980,1.047978,0.449687,0.613752,10.386066,0.031344,1
1988,76.315136,56.299874,20.321064,0.046454,0.117052,0.265741,0.999721,0.027023,0.000149,0
1989,35.210061,32.802431,4.778016,0.040457,0.477714,0.326059,0.695931,8.512836,0.044083,1
1990,50.745713,59.418131,1.134655,0.030052,0.641983,0.216480,0.238342,12.592136,0.035185,1
1991,40.968447,49.951375,2.103557,0.046676,1.159387,0.243611,0.337856,16.124059,0.034013,0
1992,55.285175,60.785097,5.302821,0.041999,0.777973,0.346716,0.479913,19.428977,0.023566,1
1993,53.927382,64.758921,0.122825,0.049985,0.253479,0.204354,0.054313,2.990412,0.019851,0
1994,23.997680,33.194929,1.429770,0.022417,1.439788,0.327301,0.291998,9.888345,0.036437,0
1995,31.174696,32.413623,6.039199,0.058024,1.262248,0.403701,0.618802,13.348608,0.026954,1
1996,41.234340,46.278450,4.570995,0.056393,0.536802,0.498160,0.479759,12.036956,0.026474,1
1997,53.493905,49.608067,9.361993,0.021337,0.510746,0.476328,0.664128,13.941953,0.020026,1
1998,47.022993,43.618201,6.293714,0.052750,0.759554,0.199846,0.772972,12.353431,0.036806,1
1999,71.459359,94.916336,2.604919,0.035900,1.425391,0.236856,0.247781,26.982775,0.015651,0
2000,42.418449,39.578045,5.256600,0.044291,0.346615,0.340650,0.699308,8.692137,0.040913,1
2001,71.942060,51.976462,25.583735,0.050518,1.001415,0.453795,0.854125,16.475340,0.007005,0
2002,73.164438,88.552647,8.058736,0.033306,1.398934,0.351284,0.444509,34.188505,0.012996,0
2003,20.844780,14.692866,6.321675,0.024032,0.436177,0.254085,0.987145,0.456399,0.009478,0
2004,30.622598,22.047168,11.102611,0.020329,1.373026,0.444433,0.827641,9.160543,0.016009,0
2005,29.128873,38.990766,3.240460,0.046156,1.349914,0.418894,0.409914,13.155940,0.027420,0
2006,20.320349,28.233297,2.033437,0.055804,1.328966,0.413698,0.383753,8.945797,0.039406,0
2007,40.687216,53.933104,0.065274,0.042508,0.508124,0.189892,0.031811,2.071513,0.012969,0
2008,75.317338,60.143856,18.451937,0.042325,0.414856,0.455637,0.834761,12.053418,0.011241,0
2009,57.161078,49.301072,9.057438,0.050286,0.101320,0.544083,0.834018,4.533937,0.025172,0
2010,68.594787,70.113794,12.233380,0.036394,1.365274,0.359974,0.608865,30.776989,0.013309,1
2011,48.627786,49.276321,6.606006,0.041071,1.185267,0.276687,0.605741,20.374113,0.026273,1
2012,35.489490,25.780386,10.491261,0.029198,0.916473,0.209254,0.966321,2.543567,0.010531,0
2013,59.229798,69.704379,10.147210,0.040143,1.153017,0.507622,0.523409,25.329093,0.012336,0
2014,76.180565,96.380578,10.693397,0.032149,0.989831,0.543178,0.457738,30.066906,0.009636,0
2015,36.448170,30.684251,9.665974,0.022274,0.719016,0.541398,0.738718,10.050297,0.019434,0
2016,55.306013,60.276169,2.559731,0.039881,1.018115,0.162825,0.422891,21.845691,0.043083,1
2017,56.738677,68.161405,1.595120,0.050292,0.683449,0.240801,0.258108,15.157444,0.028609,0
2018,33.276595,27.053602,8.879156,0.053880,0.620793,0.481165,0.794998,7.449456,0.022522,0
2019,42.969452,47.798493,2.629336,0.029648,1.109143,0.217256,0.417865,17.669608,0.039714,1
2020,78.325760,88.687484,13.926121,0.033510,1.473982,0.431213,0.547280,37.670076,0.009661,1
2021,33.356218,29.448208,5.449938,0.032785,0.816663,0.217049,0.807815,8.237538,0.041768,1
2022,35.772842,25.936165,11.001373,0.039685,1.086193,0.187697,0.975114,2.170642,0.008320,0
2023,30.301640,23.386023,9.262602,0.023768,0.957630,0.451713,0.804712,8.182854,0.020602,0
2024,21.230655,18.567547,4.200632,0.048741,1.346933,0.179187,0.856375,5.580007,0.051293,1
2025,69.267566,72.393236,13.471063,0.044030,1.285496,0.422733,0.604746,30.244832,0.011600,1
2026,79.610094,68.674444,14.219027,0.038413,0.973524,0.165781,0.887581,15.001832,0.014667,0
2027,20.868238,16.349430,6.053952,0.042687,1.008728,0.371372,0.830516,5.293444,0.032448,0
2028,21.911406,22.536146,4.288397,0.035904,1.394472,0.399969,0.611273,9.918330,0.037039,1
2029,66.789121,83.402760,3.219382,0.054318,0.826992,0.306551,0.309833,21.422732,0.018943,0
2030,73.321593,63.654802,14.997075,0.022125,0.492303,0.468233,0.734919,16.853278,0.013600,0
2031,45.023314,38.737232,9.547823,0.056056,0.424506,0.483567,0.761259,9.093172,0.021852,0
2032,53.211853,60.197375,7.514520,0.035667,0.764056,0.516191,0.505036,18.554377,0.016615,1
2033,27.536762,27.341602,3.174265,0.039926,0.582387,0.333053,0.597372,8.132588,0.055294,1
2034,51.133372,40.801531,11.786268,0.029697,0.818398,0.223733,0.909304,7.554957,0.015781,0
2035,23.890053,29.476904,1.933486,0.045066,0.698419,0.441037,0.381913,7.613456,0.043307,0
2036,60.759000,62.542307,7.689157,0.035038,0.643058,0.406020,0.556914,19.239597,0.019961,1
2037,49.687661,64.315340,1.201684,0.026822,1.324583,0.204493,0.203901,16.196028,0.024219,0
2038,57.824056,52.669505,5.799522,0.055546,0.125999,0.240760,0.888226,3.904001,0.038489,1
2039,75.756839,91.075184,3.762126,0.028058,1.167715,0.243678,0.328783,29.602765,0.018127,0
2040,51.276065,42.070468,10.198839,0.032858,0.527604,0.213852,0.928288,5.094518,0.017173,0
2041,32.310970,40.452891,0.780808,0.021138,0.334074,0.401742,0.205736,5.317480,0.037950,0
2042,78.558987,73.205166,11.404897,0.042815,0.266118,0.512542,0.670846,14.661294,0.017417,1
2043,67.043707,76.145635,1.239967,0.041675,0.541079,0.186498,0.243526,15.452888,0.034069,1
2044,60.736725,73.343678,1.585769,0.030416,1.451044,0.157383,0.252300,23.362385,0.027732,0
2045,52.736508,63.007120,3.042383,0.027750,1.206570,0.254701,0.353291,21.529039,0.025189,0
2046,50.755456,47.274675,13.286491,0.038950,1.304716,0.469831,0.689844,20.457689,0.012955,1
2047,54.837186,68.061891,1.070931,0.053257,0.565742,0.259829,0.196662,11.430664,0.025859,0
2048,52.765928,44.840749,10.246747,0.032727,0.765737,0.256681,0.828550,11.748074,0.021468,0
2049,78.019101,63.355557,19.291275,0.059367,1.202256,0.157961,0.955502,8.035697,0.006951,0
2050,61.941645,54.325193,9.752030,0.036116,0.156683,0.524087,0.777407,7.308581,0.023198,1
2051,20.705906,23.015028,0.838274,0.054935,0.801955,0.183601,0.384804,7.086824,0.112264,1
2052,60.891562,71.613152,9.353159,0.057693,1.036712,0.479235,0.513631,24.719667,0.013419,1
2053,22.518364,23.188465,2.319888,0.032406,0.657134,0.330535,0.541418,7.243108,0.065763,1
2054,43.051651,43.165038,11.156712,0.023545,1.470967,0.518892,0.642638,19.484508,0.013773,1
2055,48.814203,55.483178,5.361712,0.034419,1.262256,0.322169,0.478950,21.848665,0.022548,1
2056,44.571109,42.891300,6.669367,0.053157,1.395741,0.193600,0.727978,17.475726,0.032555,1
2057,26.487401,26.474387,1.216742,0.044764,0.238120,0.207477,0.563858,5.090212,0.146856,1
2058,51.342396,36.199160,16.385458,0.047088,0.543235,0.343616,0.946034,4.146837,0.008428,0
2059,78.696169,103.239353,4.953651,0.021819,0.602699,0.488251,0.311382,21.595542,0.011850,0
2060,74.674059,95.167546,0.211310,0.059917,0.279130,0.253434,0.052691,4.242236,0.010754,0
2061,63.452295,84.748434,0.400391,0.056330,0.429962,0.273793,0.082674,6.340812,0.013378,0
2062,78.584793,70.481288,20.737778,0.022142,1.434810,0.433709,0.702081,32.625576,0.008490,1
2063,51.926668,53.718863,2.678718,0.048224,0.412892,0.226324,0.490548,13.307512,0.052814,1
2064,53.170508,46.644985,10.246292,0.021145,1.437870,0.229891,0.765196,19.583705,0.020956,1
2065,34.538636,34.187982,4.883827,0.039654,0.425822,0.498986,0.597160,8.723449,0.034416,1
2066,62.723805,69.370859,0.704885,0.047760,0.224604,0.216566,0.204528,8.434435,0.044074,1
2067,67.182043,58.786957,15.670651,0.034019,0.683868,0.493526,0.721779,18.643929,0.012239,1
2068,27.592668,30.240223,2.207060,0.048192,0.298886,0.512031,0.445956,5.962757,0.051175,1
2069,46.076459,47.996216,7.766366,0.040840,1.398392,0.345039,0.596359,21.100000,0.020598,1
2070,54.699746,64.680306,0.869290,0.052844,0.249637,0.324202,0.191542,7.453279,0.030779,0
2071,24.340911,30.434119,1.328745,0.024015,0.627730,0.403512,0.311432,6.817316,0.045427,0
2072,72.807881,96.210333,0.989330,0.054708,1.440729,0.150856,0.155436,20.862950,0.018108,0
2073,42.814470,54.501956,2.086704,0.044062,0.612754,0.392527,0.293217,11.531327,0.026154,0
2074,41.901518,55.860244,4.421000,0.038591,0.804520,0.549005,0.391798,14.438756,0.018619,0
2075,49.610022,40.922254,13.652955,0.052561,0.818297,0.460744,0.780386,13.274422,0.014306,0
2076,67.314906,80.482822,5.290908,0.054483,0.455905,0.507377,0.390616,17.446607,0.016645,0
2077,31.649162,25.044581,11.684698,0.054733,1.465847,0.507294,0.793550,10.932865,0.014678,0
2078,73.182583,78.977237,3.898744,0.041815,1.004962,0.170483,0.454404,29.076607,0.031688,1
2079,64.730185,68.208295,8.608545,0.040106,1.006793,0.346725,0.555500,25.660015,0.017544,1
2080,30.307347,27.128094,5.450409,0.027827,0.322394,0.539191,0.706902,5.919774,0.037075,1
2081,29.186807,25.932165,4.978784,0.044407,0.926826,0.211590,0.811739,7.581950,0.045385,1
2082,67.623046,84.504598,4.296095,0.031547,0.432245,0.525195,0.332405,16.147454,0.015555,0
2083,69.540287,82.645705,1.194490,0.036731,0.215127,0.373721,0.193845,8.860617,0.022790,0
2084,31.244677,31.674561,5.772521,0.033095,0.941436,0.462378,0.603843,11.682254,0.027491,1
2085,70.426975,65.252468,18.266208,0.024143,1.274120,0.485092,0.680582,28.406900,0.009266,1
2086,29.165026,22.108519,9.960016,0.038877,0.998486,0.513156,0.808480,7.947151,0.018235,0
2087,41.791352,37.654283,7.182420,0.038238,0.801029,0.287771,0.742941,12.061065,0.029958,1
2088,61.624478,75.902456,4.069530,0.058914,1.294178,0.256662,0.379581,26.683948,0.021154,0
2089,62.965609,61.453223,15.534496,0.039039,1.047915,0.547509,0.654171,23.769493,0.010450,1
2090,63.734128,87.108232,8.088195,0.056116,1.268957,0.475768,0.427745,28.171080,0.011487,0
2091,47.549548,41.665382,8.829837,0.020809,0.618448,0.359597,0.743456,12.045368,0.023956,1
2092,50.303468,53.707772,5.592339,0.056458,1.463644,0.214685,0.577655,23.817293,0.029954,1
2093,42.132951,41.996833,5.358027,0.051940,0.604746,0.359615,0.604001,12.624570,0.032701,1
2094,54.325989,70.466756,5.963318,0.025288,1.228299,0.435566,0.407812,23.375629,0.014804,0
2095,46.126168,41.802035,5.159709,0.039490,0.170026,0.292175,0.824596,4.910003,0.046455,1
2096,35.090782,41.627150,0.925954,0.029792,1.177280,0.169779,0.259542,12.338780,0.050133,0
2097,70.925162,50.142091,24.857509,0.045105,1.411957,0.278739,0.919965,12.533293,0.006331,0
2098,34.788675,24.571379,10.768204,0.025509,0.429660,0.394866,0.935134,2.886730,0.014059,0
2099,29.992735,32.093453,1.396334,0.031922,0.926163,0.164026,0.435401,11.363864,0.083156,1
2100,22.235233,15.974750,8.059516,0.032720,1.134775,0.468520,0.838051,5.808867,0.022099,0
2101,45.903969,46.688866,4.774306,0.048521,0.818036,0.259401,0.584814,16.187551,0.036202,1
2102,27.295241,29.731072,2.588521,0.037700,0.557769,0.408779,0.476686,8.118609,0.047793,1
2103,49.647544,56.310005,6.260525,0.049592,0.861880,0.432375,0.497398,18.387471,0.020018,1
2104,52.051394,61.172469,5.213003,0.037291,1.322983,0.315105,0.449011,23.689340,0.020974,1
2105,65.854737,72.953067,0.247863,0.055684,0.199409,0.162313,0.110693,5.554624,0.039571,1
2106,64.903781,79.906673,7.753590,0.022165,1.434356,0.388743,0.442125,30.683590,0.013063,0
2107,45.670434,42.539409,4.955225,0.042506,0.226446,0.341616,0.718155,7.339054,0.045485,1
2108,26.273267,29.655758,5.004990,0.050691,1.133134,0.512149,0.561909,11.022832,0.027516,1
2109,44.568245,60.931517,0.841198,0.031860,1.311601,0.213713,0.162408,12.540692,0.022524,0
2110,46.123364,45.262199,8.971473,0.043335,0.906007,0.449995,0.636767,16.474877,0.018995,1
2111,50.593397,39.127711,18.356977,0.032391,1.301608,0.538519,0.786432,16.800082,0.009364,0
2112,27.071607,37.109104,0.000037,0.029241,0.227417,0.168632,0.000073,0.003786,0.000135,0
2113,62.306789,80.700321,3.356837,0.057141,0.707700,0.386120,0.305221,18.365939,0.017313,0
2114,57.800428,74.666214,3.699446,0.034171,0.515520,0.512381,0.321280,14.865805,0.016846,0
2115,74.057810,102.461790,9.019803,0.025095,1.362574,0.479490,0.405521,33.515735,0.009353,0
2116,44.590309,62.139313,1.487589,0.042153,0.761193,0.361910,0.214320,11.346300,0.020715,0
2117,39.304222,29.577035,11.981350,0.052107,1.353912,0.205811,0.945383,5.059455,0.011753,0
2118,66.606096,75.803910,7.871186,0.030161,0.672801,0.493892,0.473427,21.747164,0.014752,1
2119,62.011296,67.184150,6.694568,0.023643,0.953396,0.339568,0.496855,24.154832,0.019403,1
2120,31.622018,26.748071,7.613580,0.056450,1.025826,0.311503,0.808356,8.737285,0.027344,0
2121,32.464956,37.468548,6.357163,0.049933,1.319662,0.497503,0.559715,14.711412,0.021260,1
2122,52.193280,64.005317,0.574574,0.033931,0.296090,0.305820,0.139540,6.307163,0.025569,0
2123,50.677745,68.432868,1.082250,0.025381,1.324015,0.219116,0.175674,15.068269,0.020224,0
2124,41.458433,37.458553,11.277328,0.056111,0.960679,0.534917,0.711739,13.870309,0.015703,1
2125,59.216177,76.194133,3.124736,0.028333,0.835283,0.359875,0.298039,18.761159,0.017799,0
2126,53.304956,65.017137,0.957558,0.034732,0.407836,0.295611,0.188702,9.198828,0.026853,0
2127,77.566376,78.401104,10.214192,0.050032,1.157132,0.256218,0.621349,31.734970,0.017791,1
2128,54.312181,72.018606,0.775253,0.057805,0.765277,0.235783,0.146758,10.917214,0.020511,0
2129,24.449546,32.371632,2.830243,0.059704,1.286754,0.421757,0.425880,10.872904,0.033516,0
2130,76.201276,97.451092,5.157709,0.042766,1.282197,0.302946,0.349869,31.955839,0.014168,0
2131,76.073484,76.262300,11.494809,0.037845,0.854347,0.375927,0.602434,27.121932,0.014592,1
2132,48.230305,35.380656,16.682832,0.037776,1.334867,0.385577,0.848826,13.060096,0.010908,0
2133,28.351268,19.913123,8.860349,0.048183,0.443406,0.189678,0.998775,0.076556,0.001132,0
2134,74.533246,63.391704,11.904282,0.027260,0.386431,0.155593,0.966470,3.456064,0.010347,0
2135,66.308328,87.031283,1.770426,0.027528,0.959828,0.264111,0.206243,18.523965,0.016619,0
2136,48.555602,66.426111,0.509995,0.049266,0.446292,0.325779,0.109334,6.072884,0.017716,0
2137,37.870841,38.595733,1.517858,0.051947,0.199689,0.247321,0.491050,6.749681,0.095292,1
2138,63.524727,47.506577,23.691633,0.027721,1.437138,0.503097,0.802165,21.180807,0.007260,0
2139,68.568393,94.453094,1.466206,0.049096,0.769047,0.298284,0.171250,15.287992,0.014175,0
2140,31.062094,31.377472,1.492255,0.059282,0.332049,0.188499,0.556669,7.068550,0.117047,1
2141,55.352703,63.020420,2.086404,0.046487,0.853311,0.196472,0.342553,18.788676,0.036577,1
2142,53.301111,48.026903,17.065933,0.050483,1.416246,0.539006,0.723952,21.204963,0.009778,1
2143,22.253364,20.018976,2.801081,0.020446,0.373592,0.246930,0.795924,3.854227,0.084367,1
2144,60.726559,52.331856,14.844358,0.055513,0.812605,0.427503,0.756723,17.143491,0.013382,0
2145,43.677744,41.962443,7.195633,0.027082,0.738030,0.403600,0.635538,14.097029,0.024807,1
2146,41.849169,54.263966,2.264833,0.044421,1.159174,0.295681,0.310250,15.901358,0.026490,0
2147,32.595910,40.526700,0.638906,0.028990,0.780973,0.228070,0.192866,7.888956,0.041686,0
2148,29.924054,37.225908,0.662171,0.041066,0.420582,0.330619,0.203110,5.483527,0.044039,0
2149,54.776654,71.976985,0.558011,0.038043,1.314846,0.156147,0.123780,12.841425,0.020846,0
2150,45.586628,51.254663,2.209315,0.046053,0.880871,0.211630,0.387261,16.382646,0.042288,1
2151,58.792106,48.671405,16.814134,0.033564,1.150734,0.433958,0.764713,19.393830,0.011236,0
2152,22.871936,22.540339,4.845356,0.029075,1.087048,0.468115,0.632587,8.983075,0.033746,1
2153,57.846784,64.284740,4.982348,0.039298,0.594968,0.388940,0.450736,17.664769,0.022813,1
2154,48.347727,57.476712,1.299868,0.028091,0.707176,0.235574,0.250233,12.926351,0.033195,0
2155,20.348226,18.530527,3.648129,0.051767,1.148485,0.230987,0.770943,6.606322,0.060144,1
2156,77.542640,81.550195,16.308590,0.048271,1.383770,0.438973,0.614076,34.891988,0.009553,1
2157,25.102617,21.437479,3.823445,0.048645,0.112341,0.287775,0.959177,0.737130,0.036184,0
2158,67.199151,62.982764,9.807016,0.025228,1.247067,0.219349,0.696882,26.213477,0.021221,1
2159,40.452592,39.883876,3.256834,0.050546,0.588184,0.188781,0.646366,11.534279,0.063479,1
2160,41.073021,52.822698,0.913756,0.057694,0.193516,0.544527,0.188368,4.877112,0.027436,0
2161,25.314090,22.881173,4.726748,0.051056,0.621361,0.388371,0.721319,6.701659,0.043338,1
2162,58.661942,72.169258,1.526726,0.053328,0.265171,0.432248,0.224776,9.054595,0.022956,0
2163,54.640504,72.279263,2.715797,0.028068,1.080429,0.321898,0.281566,19.170270,0.018462,0
2164,49.642572,36.668602,17.510291,0.025143,1.436493,0.428985,0.820298,15.596163,0.010270,0
2165,50.373862,36.165540,18.389344,0.054073,1.394646,0.359703,0.878998,11.970124,0.009403,0
2166,33.736540,26.487773,8.479003,0.030217,0.608749,0.352676,0.860713,5.838362,0.023893,0
2167,77.984558,85.975436,11.054068,0.046035,1.345903,0.340099,0.542634,35.886917,0.012891,1
2168,71.276454,73.411731,6.959195,0.031663,1.316079,0.201525,0.566773,32.162993,0.023870,1
2169,71.318868,79.248857,4.768899,0.057513,1.344729,0.171451,0.483294,32.964839,0.028110,1
2170,50.058158,48.179735,7.351781,0.051744,0.976202,0.262236,0.681579,17.650345,0.027515,1
2171,53.407903,63.881727,1.520762,0.052563,0.288204,0.392444,0.250559,9.122024,0.028275,0
2172,76.972246,72.174585,6.339374,0.040260,0.251404,0.184324,0.802914,10.709642,0.039008,1
2173,78.171591,56.836959,25.257245,0.041004,1.154905,0.297448,0.904060,14.302175,0.006813,0
2174,23.950530,27.196230,3.760794,0.031235,0.919308,0.514089,0.518696,9.151211,0.033756,1
2175,38.246600,38.812948,7.424601,0.024009,0.861267,0.522865,0.600616,13.707499,0.020809,1
2176,42.472169,32.132126,11.973160,0.044008,0.642208,0.355461,0.888967,6.443073,0.015646,0
2177,61.672518,45.566047,17.300254,0.052769,0.498357,0.181957,0.995671,0.553553,0.001605,0
2178,71.329157,54.518820,22.946237,0.034432,1.268236,0.394884,0.822492,20.893891,0.008200,0
2179,29.173227,21.772507,7.692668,0.025114,0.402313,0.274962,0.965839,1.401609,0.014887,0
2180,50.862995,56.566345,7.668048,0.046250,1.205815,0.393503,0.539494,22.172634,0.018063,1
2181,44.706922,46.122607,3.665234,0.053687,0.680329,0.242000,0.550373,14.593645,0.044349,1
2182,20.343256,23.515256,1.506007,0.055605,0.383447,0.493619,0.400728,4.869139,0.062160,1
2183,24.603642,19.054829,6.452818,0.044369,0.793240,0.259963,0.914907,3.412655,0.027339,0
2184,63.007863,70.344575,5.934218,0.021015,0.554754,0.450060,0.449786,18.573617,0.018739,1
2185,32.885220,42.228951,2.827926,0.043083,0.688406,0.499179,0.372545,10.324762,0.027783,0
2186,71.817380,68.949260,7.988490,0.051006,0.392444,0.323232,0.655927,16.559473,0.025310,1
2187,31.522520,42.022600,0.002052,0.021032,0.377346,0.158112,0.002328,0.140918,0.002377,0
2188,57.338921,66.695059,2.023129,0.032800,0.535458,0.285798,0.296600,14.512889,0.028845,1
2189,60.809513,45.041220,23.747715,0.028901,1.400763,0.549869,0.802014,20.026446,0.007031,0
2190,30.291362,37.563788,1.691396,0.023234,0.412778,0.499973,0.315825,6.921174,0.036549,0
2191,71.525076,70.273335,16.291354,0.042283,1.083355,0.491182,0.647937,27.633628,0.010151,1
2192,38.903358,41.493181,6.291721,0.034156,0.779521,0.506582,0.555301,13.570993,0.022707,1
2193,29.952675,24.101601,7.165506,0.046300,0.907673,0.227848,0.903774,4.868929,0.026241,0
2194,43.443047,59.195265,1.309291,0.046734,0.445264,0.446060,0.205903,8.257977,0.022030,0
2195,46.887722,63.592326,3.295437,0.038317,1.131319,0.377734,0.326462,17.982386,0.019141,0
2196,61.556807,68.607100,6.024114,0.034276,1.330177,0.269954,0.481588,28.292931,0.020793,1
2197,32.830333,23.849533,9.235102,0.054802,0.160220,0.421357,0.978886,0.666159,0.009155,0
2198,59.631945,67.399004,11.657804,0.039211,1.288907,0.498164,0.561847,26.683250,0.011687,1
2199,41.566702,56.060813,2.693630,0.030287,1.078120,0.375634,0.312695,15.283719,0.021843,0
2200,51.981834,41.405047,11.999193,0.032591,0.927740,0.170940,0.950288,5.140102,0.011995,0
2201,76.919369,88.383683,7.928093,0.047042,1.327687,0.292793,0.476881,35.299086,0.015347,1
2202,50.761284,59.544140,9.831821,0.030147,1.444353,0.499991,0.542738,24.197903,0.013004,1
2203,75.444668,88.216761,15.728267,0.035915,1.403773,0.531206,0.558158,35.280877,0.008312,1
2204,62.166973,45.344841,21.049109,0.039379,1.369622,0.334131,0.872929,15.149366,0.008566,0
2205,53.987996,43.437078,12.338277,0.053245,0.756832,0.156193,0.975280,2.719198,0.007892,0
2206,36.375030,25.525021,12.647666,0.049133,0.681996,0.469509,0.883734,5.876303,0.013870,0
2207,76.711386,86.373432,6.646897,0.056966,0.456478,0.460126,0.443337,20.467710,0.016560,1
2208,54.465709,64.647973,5.369646,0.048496,1.394043,0.297350,0.452217,25.470711,0.020713,0
2209,62.781692,45.717296,18.200611,0.036253,0.640982,0.216735,0.979750,2.459418,0.004491,0
2210,21.385129,16.966253,7.219200,0.052092,1.016470,0.545281,0.785888,6.284635,0.024794,0
2211,40.781810,45.657906,7.177087,0.026682,1.412003,0.437058,0.545678,19.205921,0.018712,1
2212,65.298724,49.776099,18.960593,0.052524,1.305749,0.163361,0.972243,4.759497,0.005233,0
2213,25.465065,18.701259,7.509463,0.040372,0.568641,0.362939,0.911286,3.085133,0.023052,0
2214,36.060006,48.252536,0.388893,0.021822,0.615568,0.270091,0.114075,5.460077,0.025256,0
2215,51.866565,51.127740,7.451591,0.025253,0.483380,0.477666,0.597162,13.957255,0.022470,1
2216,79.768715,74.239107,14.733157,0.044722,0.634269,0.437377,0.677902,22.780486,0.012905,1
2217,43.521772,58.034136,2.865069,0.038016,0.884006,0.408669,0.319407,14.622013,0.021368,0
2218,77.168231,96.937698,0.227162,0.033292,0.156018,0.338218,0.054622,3.372311,0.010732,0
2219,38.871054,46.261658,7.749479,0.049254,1.256777,0.545733,0.548775,17.254536,0.016650,0
2220,36.352859,47.712860,3.933864,0.034487,1.173272,0.443650,0.404626,15.257904,0.022181,0
2221,26.244557,32.872186,2.075609,0.031692,0.845263,0.412311,0.369266,9.104382,0.037928,0
2222,58.497200,49.526090,9.659090,0.037345,0.142556,0.377805,0.898973,3.905161,0.021189,0
2223,72.596317,97.987006,2.629598,0.050152,0.840327,0.325721,0.237605,20.574968,0.014263,0
2224,64.764929,54.620220,11.825613,0.045369,0.619491,0.157263,0.952072,5.082515,0.012438,0
2225,63.347679,81.393839,4.971742,0.037918,0.658798,0.490513,0.356517,19.170985,0.014784,0
2226,66.539278,59.998776,11.710144,0.047155,0.553567,0.375279,0.726967,16.460473,0.017896,1
2227,29.733774,27.264412,9.161826,0.047527,1.359977,0.544390,0.710829,11.853433,0.018109,1
2228,66.020752,89.747428,0.004800,0.050859,0.402664,0.158087,0.002505,0.325766,0.001174,0
2229,60.245601,61.962456,9.087342,0.054496,0.585464,0.491707,0.578569,18.032353,0.017258,1
2230,21.338102,24.040649,2.390954,0.036626,0.614965,0.482816,0.473625,6.661018,0.049272,1
2231,38.590386,52.488103,0.653943,0.046509,0.351487,0.418842,0.147161,5.266697,0.024023,0
2232,35.131710,32.578528,6.816065,0.050472,1.268718,0.281638,0.725185,13.199504,0.029930,1
2233,52.037393,38.672952,13.963372,0.039433,0.392244,0.184389,0.997127,0.286752,0.001464,0
2234,70.599941,84.903796,14.396081,0.047739,1.421087,0.526161,0.550784,33.303268,0.008936,0
2235,53.270753,59.671396,3.124203,0.045685,1.467759,0.162315,0.445244,25.504083,0.037724,1
2236,63.428167,84.602270,6.314205,0.043353,1.213812,0.418521,0.389725,26.806442,0.013116,0
2237,79.411507,60.627784,24.483916,0.031336,1.034143,0.406036,0.826023,20.739455,0.007832,0
2238,56.457415,45.584833,11.743106,0.044865,0.389445,0.201292,0.971596,2.290869,0.009168,0
2239,35.910853,46.133663,2.725540,0.039522,0.557928,0.526456,0.350363,9.939129,0.026240,0
2240,33.628945,32.712160,7.657243,0.050214,0.949041,0.510661,0.655456,12.064410,0.022012,1
2241,74.928379,93.184533,1.200422,0.020992,0.419663,0.303510,0.167051,12.145716,0.016985,0
2242,28.492931,34.113770,3.861328,0.021759,1.025583,0.484638,0.469719,11.478341,0.028446,0
2243,34.924596,35.013966,5.168398,0.037177,1.035107,0.326515,0.608052,13.652189,0.033117,1
2244,23.937680,23.483115,4.186701,0.056607,1.170787,0.315399,0.663128,9.456732,0.044693,1
2245,45.415150,54.127545,4.707641,0.030682,1.419881,0.326058,0.442234,21.362489,0.022372,0
2246,67.758395,76.349176,0.740474,0.045109,0.254821,0.224699,0.185573,9.147691,0.034798,1
2247,50.612956,54.174706,5.694461,0.038500,1.326685,0.261777,0.537689,23.153243,0.026025,1
2248,33.857981,44.420869,0.045541,0.037035,0.339415,0.224869,0.027989,1.266937,0.014480,0
2249,66.398242,68.527026,9.629283,0.034444,0.591601,0.490886,0.563233,20.117758,0.015713,1
2250,53.226437,64.005190,4.669676,0.056070,1.355854,0.281404,0.433706,24.383264,0.022558,0
2251,77.147076,55.346324,23.902301,0.055832,0.627570,0.259855,0.970381,4.114541,0.004239,0
2252,36.384887,33.177035,8.277959,0.037533,0.957239,0.440694,0.696014,12.450914,0.022295,1
2253,73.694639,86.365662,1.355201,0.057307,0.386253,0.255797,0.217905,13.486851,0.025135,1
2254,28.993658,22.121497,7.488485,0.024550,0.888737,0.205510,0.945844,3.003625,0.019563,0
2255,38.001829,34.093611,9.327568,0.052670,0.945935,0.454540,0.718781,12.467866,0.020079,1
2256,35.749067,31.163082,10.876061,0.020329,1.452108,0.501888,0.718439,14.540385,0.015611,1
2257,31.983711,43.596966,1.270512,0.037614,0.579230,0.432848,0.239024,7.550421,0.029439,0
2258,55.260143,50.980661,7.417028,0.049228,0.875363,0.166934,0.807875,14.126128,0.031657,1
2259,20.671958,21.098769,0.966812,0.046574,0.284571,0.235621,0.502273,4.399265,0.153537,1
2260,45.971066,38.540747,8.507677,0.024642,0.867877,0.159243,0.920244,6.352195,0.021749,0
2261,23.067898,31.556444,0.000734,0.048339,0.299201,0.177170,0.001201,0.050234,0.001781,0
2262,26.489621,27.978692,4.672829,0.058063,0.750819,0.527934,0.581008,8.967571,0.032241,1
2263,66.776519,74.887948,9.667439,0.034247,0.736944,0.528835,0.511990,22.858884,0.013154,1
2264,56.174529,62.092559,5.642828,0.021868,0.424662,0.528075,0.463343,14.542278,0.020550,1
2265,38.824116,39.205070,1.352481,0.053477,0.260496,0.161053,0.536564,7.871960,0.124483,1
2266,70.039446,55.905451,18.609563,0.049191,1.341190,0.215868,0.901561,14.072240,0.009908,0
2267,53.949080,49.571620,6.995798,0.054367,0.349526,0.311409,0.743735,10.268328,0.032413,1
2268,43.912623,35.960955,9.953485,0.054865,0.636292,0.295251,0.867403,7.511938,0.020736,0
2269,77.096214,105.037133,1.648947,0.027092,0.302858,0.495070,0.166331,10.586871,0.011879,0
2270,43.565655,30.629347,14.315309,0.043905,0.483421,0.469706,0.904405,5.143228,0.011934,0
2271,28.003317,21.769189,9.209966,0.050046,1.390930,0.385912,0.824800,8.519574,0.020240,0
2272,66.151207,66.164309,8.269589,0.034872,1.161838,0.247638,0.611989,27.317676,0.021697,1
2273,63.740805,63.343739,17.125894,0.033979,1.473928,0.518691,0.657010,28.449096,0.009159,1
2274,75.977753,66.047237,22.841486,0.037323,1.217510,0.517010,0.729210,27.760003,0.007640,0
2275,47.007456,57.396697,1.042878,0.029112,0.753754,0.229740,0.214364,11.904172,0.031110,0
2276,45.525872,55.944297,2.020701,0.047545,0.947100,0.262931,0.308032,15.587173,0.030200,0
2277,48.886121,35.739503,16.636816,0.059596,1.244545,0.312752,0.900570,9.531251,0.010246,0
2278,20.657819,16.915755,6.097676,0.044483,1.013538,0.465146,0.775531,6.228978,0.030961,0
2279,35.233041,43.496680,3.032485,0.032913,1.063178,0.368195,0.392428,13.963037,0.028734,0
2280,28.836429,29.320741,6.740058,0.036848,1.333676,0.485827,0.632481,12.546008,0.023286,1
2281,55.415202,46.233662,12.810501,0.040239,0.913549,0.309457,0.811817,14.288238,0.016458,0
2282,27.177826,26.952143,1.714183,0.023951,0.201867,0.316367,0.565036,4.806570,0.101894,1
2283,38.322889,51.654695,1.180194,0.050314,0.625988,0.362099,0.215099,8.861817,0.026620,0
2284,62.245140,54.905267,18.758603,0.041204,1.418667,0.482530,0.728202,24.594979,0.009273,1
2285,41.902742,32.271310,11.780152,0.020310,1.043196,0.340117,0.838058,10.495619,0.016847,0
2286,31.568114,35.961223,6.314156,0.038576,1.471188,0.476999,0.564415,15.075849,0.021558,1
2287,50.467051,52.843445,11.573105,0.055599,1.402593,0.464320,0.630465,22.557558,0.013600,1
2288,37.775345,40.854258,2.344936,0.037757,0.413456,0.343685,0.431159,9.545581,0.047076,1
2289,69.898402,92.770548,4.936126,0.020708,0.680468,0.494710,0.324513,20.739752,0.012610,0
2290,30.456721,34.578044,1.070940,0.035980,0.134959,0.544384,0.304914,3.918715,0.057500,1
2291,26.041616,25.952689,4.123552,0.056204,0.530010,0.497736,0.607507,7.287134,0.040732,1
2292,34.261926,25.930503,10.735102,0.033455,0.977994,0.418834,0.831158,8.536656,0.017754,0
2293,21.927185,17.396579,6.904372,0.028495,1.060921,0.493035,0.779117,6.702715,0.026652,0
2294,23.515453,20.007827,7.072935,0.037323,1.497984,0.431186,0.750447,9.137256,0.025582,0
2295,30.959783,34.888831,5.230149,0.032579,1.116548,0.481559,0.536298,12.997032,0.025219,1
2296,56.205055,54.653014,6.419397,0.043070,0.880699,0.216214,0.665093,19.214003,0.031942,1
2297,44.163942,41.531834,6.939990,0.050444,0.661264,0.343015,0.684156,12.772310,0.028870,1
2298,76.418969,69.202993,14.283021,0.051478,0.681985,0.368410,0.723586,21.110726,0.014388,1
2299,52.821689,38.947444,17.341898,0.030829,0.658040,0.549734,0.829389,10.867961,0.010768,0
2300,38.501304,50.788902,2.541577,0.033637,1.046727,0.367414,0.324466,14.167678,0.024852,0
2301,70.432153,92.854779,0.274218,0.033583,0.324551,0.284089,0.059443,4.744962,0.010374,0
2302,22.522688,25.197627,3.935009,0.035263,1.296748,0.446014,0.548954,10.154812,0.034612,1
2303,57.662025,55.525884,7.573013,0.048373,0.297484,0.491826,0.628731,11.887746,0.024437,1
2304,61.151270,43.571193,18.379895,0.022779,0.402726,0.378154,0.941868,4.509540,0.007918,0
2305,65.388661,50.833500,21.442554,0.042220,1.273673,0.425988,0.809479,20.059353,0.008647,0
2306,78.284111,59.384502,23.433189,0.025044,1.361714,0.307184,0.852034,21.106069,0.008233,0
2307,71.086322,94.856021,4.838181,0.043764,0.808920,0.433259,0.324703,23.002516,0.012988,0
2308,69.965520,54.926979,20.317084,0.039251,1.234097,0.330249,0.835243,19.275436,0.009662,0
2309,45.433985,47.998648,11.379232,0.041928,1.423071,0.531271,0.627177,20.514205,0.013145,1
2310,30.817408,37.193381,3.808506,0.047165,1.237135,0.392769,0.468731,13.632578,0.029541,0
2311,53.888767,70.198274,7.208725,0.024892,1.250305,0.489435,0.439348,23.760640,0.013371,0
2312,44.844117,39.354649,12.965184,0.037281,1.317676,0.473346,0.726548,17.128480,0.013656,1
2313,35.804217,25.161432,12.253385,0.024009,0.793643,0.451750,0.869724,6.757514,0.014703,0
2314,36.564508,36.950335,3.113657,0.031466,0.221847,0.462596,0.536971,6.841105,0.049860,1
2315,29.095275,33.547192,5.548591,0.047193,1.384396,0.474409,0.556094,13.522007,0.024321,1
2316,26.538298,23.234606,7.279928,0.048604,1.352354,0.405822,0.744394,9.922272,0.025671,1
2317,59.826004,59.224178,4.582310,0.051378,0.162379,0.421485,0.576744,9.439065,0.038533,1
2318,48.368268,64.321657,2.908284,0.031773,0.570624,0.499119,0.301727,12.736655,0.019115,0
2319,67.819259,71.921366,4.478632,0.028603,0.283029,0.412491,0.451845,14.288907,0.026610,1
2320,43.102474,55.409577,3.375058,0.052225,1.429937,0.301018,0.378152,19.595549,0.024504,0
2321,67.321186,63.686459,6.902960,0.021336,0.333940,0.304287,0.671509,14.062818,0.030536,1
2322,74.213558,64.364722,11.443292,0.058793,0.389118,0.160002,0.955965,4.312079,0.012575,0
2323,67.146929,62.108154,5.943749,0.056712,0.152483,0.205857,0.868253,5.598178,0.039556,1
2324,53.106757,47.362621,6.106385,0.021997,0.191270,0.196223,0.923042,3.352920,0.031676,1
2325,24.282021,29.924936,1.148629,0.033716,0.779793,0.317348,0.304429,7.504577,0.051433,0
2326,75.736804,101.299965,3.024390,0.055387,1.101947,0.277859,0.260446,25.811012,0.014696,0
2327,42.866560,48.422003,3.771278,0.039268,0.973076,0.310263,0.452127,16.747889,0.030189,1
2328,79.170819,100.925894,1.713723,0.049092,0.708972,0.257825,0.197811,18.539510,0.016181,0
2329,26.010160,24.623863,4.787427,0.020661,0.664162,0.475917,0.644504,7.895477,0.036922,1
2330,41.551604,45.968237,2.222403,0.027000,0.203548,0.505877,0.380413,7.140218,0.040163,1
2331,56.521252,77.162747,2.597695,0.034874,1.498250,0.269521,0.267537,22.770213,0.017651,0
2332,71.501363,100.032409,6.066909,0.051806,0.981498,0.462698,0.347389,26.165952,0.011270,0
2333,41.320382,45.534618,2.277197,0.047525,1.266280,0.158466,0.453041,18.421143,0.053768,1
2334,40.202340,32.207421,8.772037,0.056220,0.426161,0.164757,0.990308,0.680619,0.005998,0
2335,33.188043,30.423431,5.286894,0.041364,0.963638,0.237308,0.745677,10.446892,0.041476,1
2336,29.854464,25.846760,7.798168,0.030847,0.803541,0.529041,0.723525,8.953126,0.023630,0
2337,47.831913,35.450967,15.862667,0.033154,1.120973,0.411396,0.839111,12.366591,0.011721,0
2338,36.775662,40.435599,3.609222,0.057120,1.181014,0.254451,0.515603,15.931830,0.039200,1
2339,40.091417,41.093161,4.566591,0.056055,1.398045,0.185951,0.638376,17.761984,0.042508,1
2340,27.915790,29.223824,0.729198,0.033823,0.249267,0.209354,0.380116,5.307240,0.130504,1
2341,58.162421,79.371162,5.746855,0.035010,1.495427,0.389605,0.380399,27.090060,0.013745,0
2342,71.376059,55.832027,18.520279,0.036354,1.065390,0.232458,0.904062,12.542464,0.009941,0
2343,44.165217,33.264014,12.676223,0.030110,1.073570,0.274562,0.894766,8.334420,0.014496,0
2344,27.264878,35.587792,1.478176,0.042886,0.790822,0.377773,0.300116,8.431690,0.037966,0
2345,44.629587,37.255482,9.082843,0.025082,1.143186,0.191550,0.869539,10.119251,0.023201,0
2346,62.608702,52.978602,12.402339,0.039009,0.529482,0.329741,0.816507,12.098896,0.017679,0
2347,62.514748,71.041900,4.644643,0.048562,1.002155,0.267045,0.435418,24.638775,0.023558,1
2348,39.339999,39.599581,5.840941,0.059398,0.530447,0.475621,0.596838,11.092079,0.028408,1
2349,29.879281,21.032501,8.946635,0.029763,0.159897,0.195717,0.999998,0.000129,0.000005,0
2350,52.000287,67.631399,2.728159,0.028624,1.131450,0.309720,0.296416,19.126764,0.020185,0
2351,50.473653,63.957391,4.900097,0.056389,1.274770,0.353698,0.415581,22.223862,0.019348,0
2352,61.656485,47.984792,16.535174,0.029948,0.891405,0.322687,0.856067,13.202080,0.012073,0
2353,58.043030,51.071491,7.182949,0.020409,0.173059,0.158864,0.978446,1.245565,0.013448,1
2354,20.500984,15.934360,5.624616,0.028849,0.435284,0.544719,0.820119,3.547678,0.035600,0
2355,38.360366,30.273792,11.240472,0.054318,0.863788,0.421224,0.821297,9.312689,0.017394,0
2356,37.764925,41.282022,5.998612,0.049124,1.100798,0.416615,0.555097,15.656122,0.023937,1
2357,72.248625,94.578784,5.207177,0.037194,0.910511,0.406628,0.339867,25.256611,0.013069,0
2358,69.092720,48.638268,24.511922,0.027316,1.488796,0.338100,0.876114,17.246100,0.007177,0
2359,72.321784,62.017975,14.302764,0.025303,0.767513,0.308031,0.781260,18.698530,0.015121,0
2360,30.628127,29.235755,6.354841,0.059727,0.622850,0.547925,0.659037,8.866437,0.027695,1
2361,26.887177,32.484499,0.008016,0.021208,0.172444,0.192134,0.011170,0.327696,0.013681,0
2362,77.929139,105.874878,0.122329,0.026467,0.371499,0.246214,0.028615,3.107430,0.005594,0
2363,50.932820,55.964638,2.069727,0.050265,0.410231,0.273821,0.369973,12.316801,0.042268,1
2364,75.327880,87.358186,8.753434,0.051596,0.710892,0.477166,0.469729,25.264744,0.013126,1
2365,37.428896,35.100826,4.982090,0.026590,1.410337,0.166860,0.729863,14.700820,0.044591,1
2366,47.243319,59.566594,4.502393,0.056781,1.180335,0.363280,0.412889,19.986271,0.020884,0
2367,26.003880,28.918455,1.653683,0.023733,1.189754,0.219063,0.418023,11.075835,0.062845,1
2368,20.737440,23.133792,4.758574,0.046827,1.341428,0.542816,0.594959,9.309105,0.029729,1
2369,23.782019,31.680046,3.587612,0.032570,1.239696,0.539411,0.456229,10.500061,0.027763,0
2370,37.276265,49.298356,3.565615,0.050306,1.333048,0.375388,0.392225,16.539388,0.023786,0
2371,27.200165,29.168919,3.347981,0.051689,0.599515,0.453252,0.525774,8.384438,0.041705,1
2372,74.636750,53.020538,28.956952,0.057538,1.232745,0.465720,0.854750,18.909480,0.005913,0
2373,27.811668,21.050523,6.915662,0.045150,0.129183,0.401869,0.979372,0.496847,0.012373,0
2374,79.214823,77.522020,12.993739,0.044977,0.564669,0.480243,0.621975,22.628456,0.013298,1
2375,76.206437,96.186768,6.897958,0.045397,0.697344,0.492520,0.388388,24.387640,0.012227,0
2376,49.436581,42.104180,9.378024,0.020006,0.337613,0.437295,0.783911,8.417755,0.023330,0
2377,26.665833,23.217604,4.702865,0.042415,0.517027,0.309183,0.797482,5.408393,0.047581,1
2378,60.480440,44.691843,16.323578,0.039968,0.273515,0.284786,0.985338,1.174635,0.004123,0
2379,37.748802,28.195322,11.509507,0.047673,1.354007,0.198647,0.951261,4.438812,0.011581,0
2380,23.902757,33.043429,1.883662,0.036698,1.053642,0.430692,0.335790,8.946850,0.034508,0
2381,65.379907,81.461635,0.346663,0.037195,0.769028,0.154411,0.089290,9.255913,0.018235,0
2382,75.593427,84.839676,6.794559,0.056784,0.384416,0.515973,0.447287,18.534512,0.016353,1
2383,79.351050,104.095849,12.295336,0.029787,1.496898,0.486900,0.466951,38.598040,0.008411,0
2384,69.381699,59.783313,10.861043,0.059177,0.237813,0.268410,0.904988,5.719226,0.018613,0
2385,72.253507,50.786196,21.720674,0.038635,0.129435,0.245486,0.999979,0.002391,0.000014,0
2386,61.390477,67.277519,1.462360,0.026505,0.208480,0.305220,0.291934,9.624857,0.040134,1
2387,31.136244,39.062150,1.299884,0.023737,0.682498,0.343737,0.274398,8.573681,0.037697,0
2388,25.450291,20.112248,6.797198,0.054381,0.435454,0.519845,0.822975,4.360821,0.029742,0
2389,69.575464,64.973329,11.347379,0.041966,0.481425,0.438741,0.671255,17.455888,0.017072,1
2390,79.602367,63.052995,17.816348,0.047774,0.169009,0.482890,0.905571,5.506625,0.010648,0
2391,70.780927,83.162244,14.499677,0.040440,1.435622,0.515526,0.556403,33.494744,0.009033,1
2392,78.068728,100.943663,2.384475,0.027849,0.533662,0.369248,0.222825,17.010110,0.014163,0
2393,47.180885,62.016010,0.657988,0.030310,0.240044,0.450720,0.136818,5.065071,0.021031,0
2394,25.699199,23.759811,3.283911,0.044904,0.642018,0.213253,0.762187,6.369455,0.070440,1
2395,71.636269,72.587568,10.026503,0.038715,1.383830,0.260016,0.612163,32.281341,0.017482,1
2396,28.509730,20.031551,9.171126,0.024286,0.845020,0.306691,0.928626,3.571789,0.016956,0
2397,55.356306,49.432081,10.363101,0.050989,0.345314,0.528716,0.717806,10.991476,0.019646,1
2398,26.026425,21.053119,9.118813,0.021511,1.444018,0.541053,0.757733,9.772462,0.018466,0
2399,20.278669,26.596855,0.260757,0.057544,0.530255,0.276778,0.137077,3.239792,0.053681,0
2400,59.258379,44.800686,16.049856,0.050947,0.439262,0.361474,0.916302,6.041066,0.010835,0
2401,75.678144,75.687678,19.923827,0.037958,1.317737,0.541699,0.652157,32.104919,0.007853,1
2402,77.590063,72.189460,14.095120,0.053904,1.340293,0.234272,0.747931,28.669579,0.015167,1
2403,57.457424,43.143494,15.999140,0.026982,1.271395,0.178326,0.955063,6.134045,0.008195,0
2404,44.013146,48.583713,6.065510,0.058970,1.296884,0.325797,0.549874,19.839532,0.024239,1
2405,23.626815,28.928222,1.022742,0.037916,0.891243,0.273708,0.300328,7.759130,0.056980,0
2406,50.143912,46.988642,12.992094,0.041756,1.159817,0.500739,0.684371,19.200000,0.013148,1
2407,52.612635,45.603774,11.086560,0.042289,1.291529,0.232736,0.810372,16.205882,0.019477,0
2408,57.410469,54.563009,13.707283,0.038132,1.282168,0.440577,0.673433,23.443159,0.012591,1
2409,25.732172,25.145917,3.947925,0.052338,1.476538,0.213976,0.697024,10.920014,0.052199,1
2410,36.665843,34.131172,8.514122,0.050280,1.010512,0.449811,0.690361,12.996673,0.021269,1
2411,50.592443,64.129685,2.575041,0.024955,0.711909,0.375777,0.296927,14.772664,0.021574,0
2412,77.138083,96.815665,9.979571,0.045872,0.910181,0.522225,0.451000,29.137372,0.010302,0
2413,45.700568,42.591828,9.452398,0.054538,1.468138,0.279217,0.730411,18.295162,0.021369,1
2414,47.826836,47.375097,3.945251,0.058313,0.308734,0.311725,0.596901,10.287361,0.046731,1
2415,72.519745,60.376267,18.889678,0.020958,0.867019,0.455688,0.753924,21.277813,0.010240,0
2416,54.854834,62.420013,0.086574,0.028442,0.172409,0.179732,0.051746,2.414191,0.025891,1
2417,37.334859,42.532144,3.830501,0.044486,0.892660,0.369701,0.466213,14.021886,0.030482,1
2418,36.381728,31.694133,6.181192,0.053963,0.291884,0.396592,0.795146,5.582321,0.036433,1
2419,31.190661,25.702557,9.490305,0.049709,1.322250,0.413760,0.783127,10.532446,0.019789,0
2420,44.411846,39.232665,10.235799,0.051890,1.471231,0.270712,0.780623,15.924314,0.020271,1
2421,70.853888,87.239017,0.743676,0.037062,0.515913,0.224381,0.137512,11.189950,0.019255,0
2422,26.663147,32.153980,2.386388,0.052802,0.474517,0.548243,0.404911,7.118216,0.038488,0
2423,24.597189,25.362766,5.199451,0.051558,1.222888,0.453999,0.623832,10.324420,0.030736,1
2424,40.939696,41.664217,5.132067,0.058958,0.932956,0.281019,0.607855,15.195478,0.034580,1
2425,75.388633,66.986558,18.748338,0.046811,1.484704,0.335405,0.746505,29.405676,0.010390,1
2426,56.803426,50.598891,7.480671,0.024542,0.483843,0.195620,0.842636,9.509543,0.031138,1
2427,40.860304,50.421568,4.947418,0.024103,0.951160,0.490895,0.439627,15.715460,0.020160,0
2428,56.082058,76.978171,2.512108,0.027007,1.038260,0.339513,0.254163,18.318178,0.016522,0
2429,58.909856,42.402448,16.636320,0.025176,0.120874,0.250666,0.999941,0.004913,0.000047,0
2430,45.772947,47.659174,3.299445,0.046936,0.293239,0.388455,0.491478,9.886224,0.041424,1
2431,37.667846,26.727669,11.138509,0.035668,0.208707,0.211590,0.999881,0.008020,0.000128,0
2432,42.609176,48.562864,2.782310,0.029247,0.866132,0.287529,0.397315,15.292979,0.033824,1
2433,56.841872,74.042138,2.940578,0.042136,1.154499,0.294917,0.300730,21.258727,0.019324,0
2434,41.903077,55.127357,0.173249,0.059519,0.154941,0.415750,0.062039,2.016824,0.017831,0
2435,60.868262,44.226787,18.365726,0.039391,0.947741,0.192312,0.977192,3.206118,0.004748,0
2436,36.675321,48.529522,0.209074,0.036537,0.869984,0.179073,0.080313,5.100629,0.024341,0
2437,62.847292,74.913694,4.656390,0.040411,0.959661,0.323514,0.392294,23.660880,0.019295,0
2438,55.596266,48.000527,13.043650,0.043552,1.417763,0.274477,0.788676,19.148930,0.015920,0
2439,46.980791,59.382750,1.199034,0.031713,0.326262,0.421803,0.209281,7.718334,0.025410,0
2440,38.929352,48.846651,0.016991,0.050507,0.282635,0.177341,0.013605,0.720568,0.009486,0
2441,20.755557,27.579080,0.381803,0.034073,0.913875,0.243038,0.165222,4.929632,0.051521,0
2442,57.013147,60.223074,11.879298,0.059329,1.488237,0.404010,0.623409,26.408907,0.013513,1
2443,46.572230,48.612033,4.998182,0.024063,1.055471,0.281341,0.533504,19.020636,0.029532,1
2444,24.516334,18.420410,6.807513,0.039410,0.374175,0.463910,0.885178,2.907666,0.027869,0
2445,49.129753,45.928146,4.514389,0.042012,0.215294,0.258507,0.757157,7.132186,0.053092,1
2446,56.896051,78.745922,0.142909,0.028485,0.255840,0.339238,0.038715,2.414898,0.008595,0
2447,78.116829,96.885713,14.821601,0.033349,1.357521,0.546815,0.520591,36.261763,0.008005,0
2448,26.169969,19.289388,8.325605,0.057091,1.297844,0.186234,0.970832,1.981796,0.011972,0
2449,26.805646,19.386430,7.865860,0.028377,0.246311,0.538031,0.915157,2.067285,0.021710,0
2450,60.071613,74.788385,8.376114,0.041403,1.186595,0.468996,0.469188,26.027518,0.012961,0
2451,55.748452,51.298737,12.856896,0.041340,0.885554,0.479381,0.688324,18.551453,0.014061,1
2452,78.903633,77.935469,16.821685,0.023991,1.168747,0.460733,0.629347,32.225676,0.009613,1
2453,42.285015,30.765440,12.364211,0.044426,0.608545,0.197700,0.989683,0.903441,0.004200,0
2454,75.442070,56.911286,23.849970,0.048286,1.402009,0.281885,0.887668,17.051151,0.007581,0
2455,43.445021,52.940649,2.663412,0.046866,0.942060,0.305666,0.356012,15.714474,0.028913,0
2456,49.268809,68.626881,0.113359,0.036714,0.399492,0.266729,0.036374,2.483359,0.009601,0
2457,65.906691,81.382164,0.113270,0.023256,0.509424,0.154573,0.040126,4.063981,0.011882,0
2458,45.647032,45.064408,7.081727,0.038792,1.483746,0.252567,0.649017,20.616005,0.026402,1
2459,73.473766,76.688065,7.930024,0.023827,0.938846,0.303167,0.530794,28.316735,0.018429,1
2460,76.653420,85.288717,9.464755,0.045027,0.582303,0.514164,0.496382,23.334479,0.013264,1
2461,36.439436,38.391923,7.364503,0.026896,1.442167,0.437866,0.593834,16.972635,0.020242,1
2462,56.868860,66.864847,4.304970,0.032555,0.591707,0.423684,0.391741,16.805143,0.020727,1
2463,32.932597,32.727042,4.441017,0.020332,0.363445,0.538023,0.580926,7.757021,0.036577,1
2464,45.902179,63.278207,0.015372,0.043495,0.296453,0.230390,0.008340,0.568240,0.003949,0
2465,67.404448,84.160660,0.125231,0.056483,0.257650,0.227852,0.041284,3.024939,0.011341,0
2466,56.778640,78.919104,2.740299,0.058263,1.335355,0.287040,0.276838,21.964625,0.017775,0
2467,26.334539,21.906197,5.564577,0.051729,0.800693,0.210061,0.902138,4.070649,0.034898,0
2468,59.583892,55.204733,9.151247,0.046477,0.577683,0.336800,0.702319,15.690528,0.022715,1
2469,68.721998,55.605920,15.982050,0.022569,1.205928,0.227622,0.860177,16.782763,0.012946,0
2470,59.368983,77.087535,1.364153,0.033088,0.453751,0.364848,0.189781,10.844618,0.018585,0
2471,32.694368,41.450227,2.335175,0.025812,1.183091,0.335532,0.350477,13.178533,0.031058,0
2472,66.489666,62.243016,12.903438,0.022009,0.986350,0.393476,0.662697,24.121545,0.014059,1
2473,29.159179,37.364815,2.021582,0.031262,0.597629,0.486356,0.336581,8.227453,0.033291,0
2474,23.008641,22.493850,4.105690,0.031392,0.618005,0.514702,0.620267,6.885572,0.040889,1
2475,65.055704,48.449989,23.338270,0.041092,1.100562,0.510347,0.816637,18.117000,0.007621,0
2476,38.776737,42.728606,3.544599,0.039582,0.801057,0.332442,0.471767,13.810956,0.034491,1
2477,32.337769,39.743019,0.995514,0.058341,0.731870,0.254323,0.260212,8.977267,0.046122,0
2478,60.964630,82.820570,6.440137,0.054851,1.028842,0.480992,0.394204,23.796976,0.012938,0
2479,41.607063,46.603520,0.806928,0.041421,0.318766,0.242169,0.253184,7.514995,0.056235,1
2480,64.624209,69.124697,10.344000,0.030752,0.675718,0.549479,0.548866,21.033606,0.013565,1
2481,24.302631,17.752889,7.571863,0.058843,0.404160,0.541695,0.875575,3.170216,0.024517,0
2482,59.295664,78.037521,0.092625,0.058882,0.399546,0.207114,0.031957,2.687191,0.009236,0
2483,26.067511,20.294811,7.163844,0.051239,0.902379,0.296667,0.883611,4.847608,0.026648,0
2484,78.673759,78.995857,7.643617,0.038639,0.310628,0.421615,0.560084,17.294069,0.021334,1
2485,69.933547,71.411788,11.149873,0.030694,0.931050,0.408367,0.585685,26.297096,0.014142,1
2486,79.158317,58.128920,25.192971,0.042491,1.341143,0.250839,0.919900,13.641319,0.006471,0
2487,77.293383,80.257430,4.967881,0.027260,0.564366,0.247781,0.489453,23.156938,0.027718,1
2488,69.970942,79.073253,4.191430,0.029279,1.378544,0.198455,0.407056,31.881117,0.023802,1
2489,20.365252,21.495593,2.862703,0.047799,1.497630,0.273358,0.586977,9.705401,0.057161,1
2490,72.611515,90.561487,0.029827,0.052674,0.121581,0.270211,0.012889,0.841304,0.004857,0
2491,28.980408,24.877698,5.544102,0.036995,0.756012,0.265555,0.815324,6.718809,0.039847,0
2492,30.333099,37.417745,2.395580,0.051112,1.486154,0.268375,0.402910,14.313203,0.039003,0
2493,34.688538,29.567334,6.270924,0.042053,0.291373,0.392160,0.820779,4.899944,0.035637,0
2494,62.330160,73.309577,4.088956,0.033212,0.509267,0.422606,0.370283,16.798681,0.020091,1
2495,40.966858,34.774154,7.132227,0.030883,0.624071,0.185325,0.907295,5.372092,0.027676,0
2496,69.808334,90.553833,2.320896,0.022591,0.407650,0.445531,0.229626,13.521541,0.015277,0
2497,32.691718,31.887660,3.128722,0.029051,0.189789,0.467161,0.599175,5.505290,0.058099,1
2498,68.263787,57.680127,11.758573,0.025370,0.570279,0.179669,0.921629,7.545382,0.015803,0
2499,79.530303,92.168922,10.979626,0.050620,0.858935,0.486031,0.497738,29.404642,0.011136,1
2500,68.402886,48.673963,20.628087,0.046196,0.361531,0.300304,0.980645,1.936728,0.003813,0
2501,78.948959,92.037382,15.175628,0.028058,1.439168,0.495583,0.542675,37.567998,0.008451,1
2502,39.281138,54.706659,0.675800,0.040654,0.320764,0.467138,0.142212,5.004656,0.021646,0
2503,45.958549,47.229709,9.176442,0.037012,1.480898,0.391629,0.616405,21.355346,0.017433,1
2504,23.272380,30.010829,0.153362,0.036161,1.007435,0.156468,0.095318,3.957786,0.046358,0
2505,55.500129,39.341848,16.336474,0.044644,0.101685,0.225607,0.999999,0.000047,0.000001,0
2506,31.513253,36.469976,0.069111,0.032536,0.175176,0.209773,0.059972,1.570604,0.043038,1
2507,54.810582,63.757621,1.908034,0.030209,1.109590,0.185700,0.307192,20.287807,0.032774,1
2508,24.721019,24.679144,3.445073,0.028709,1.424182,0.252697,0.614852,11.278361,0.051280,1
2509,26.053328,29.281314,4.522040,0.045717,1.051822,0.494452,0.546982,10.585680,0.029987,1
2510,49.185550,39.059226,12.238584,0.046497,0.505167,0.395249,0.851909,8.081476,0.016731,0
2511,51.860188,61.095196,5.671373,0.055253,0.992347,0.384407,0.462827,20.520369,0.020002,0
2512,66.716082,58.316194,14.792818,0.056088,1.049456,0.304293,0.781234,20.171479,0.014191,1
2513,66.746251,80.586254,0.042449,0.043260,0.183337,0.202076,0.020534,1.415027,0.008573,0
2514,78.039150,98.952492,0.989582,0.024870,0.253613,0.387790,0.138777,8.695343,0.014518,0
2515,40.693350,29.479651,12.149667,0.035514,0.858298,0.190431,0.981610,1.699641,0.006280,0
2516,68.115224,91.312117,1.912236,0.052897,1.159232,0.236596,0.216977,21.542610,0.016929,0
2517,35.814377,30.297863,10.449884,0.057917,1.171089,0.436735,0.768448,11.812841,0.018007,0
2518,72.888006,83.609056,1.371660,0.037030,0.642724,0.180129,0.237844,18.076272,0.029389,1
2519,21.887432,25.976725,1.576715,0.042089,0.713800,0.373064,0.385704,7.072354,0.055439,0
2520,36.642549,37.856324,5.961930,0.035537,0.759064,0.478270,0.577254,12.496507,0.025637,1
2521,47.069840,52.838304,10.159567,0.054649,1.353728,0.506169,0.588538,21.308051,0.014036,1
2522,36.200300,26.226673,11.303886,0.031148,0.465494,0.513744,0.872044,5.167725,0.016490,0
2523,58.954564,44.639970,15.132397,0.026227,0.289530,0.402169,0.923439,4.561478,0.011271,0
2524,64.124842,83.474560,3.390855,0.028068,1.416891,0.273909,0.300201,26.547372,0.016635,0
2525,34.419373,32.737405,8.662528,0.043005,1.380531,0.445277,0.681119,14.441045,0.019830,1
2526,49.407154,35.583059,14.227751,0.041517,0.189874,0.437516,0.968439,1.527706,0.007534,0
2527,32.919832,39.679481,4.740307,0.036476,1.234932,0.448568,0.486020,14.585538,0.024296,0
2528,44.241797,51.977274,3.867141,0.059677,1.169596,0.288159,0.445407,18.909010,0.028664,1
2529,44.662447,36.441611,10.733081,0.047736,0.385702,0.516818,0.802788,7.700005,0.019365,0
2530,43.676297,36.071866,8.773745,0.038202,0.499139,0.266260,0.887306,5.903605,0.023286,0
2531,34.014745,41.334349,0.311902,0.041569,0.110983,0.467507,0.126332,2.349985,0.039146,0
2532,35.973697,40.373426,3.785190,0.046201,1.036460,0.328340,0.486123,14.601875,0.033156,1
2533,40.794679,52.427154,0.730193,0.032850,1.161824,0.191208,0.176441,11.393882,0.030819,0
2534,24.308453,18.620109,6.490869,0.022066,0.916017,0.284771,0.882690,4.580061,0.029714,0
2535,65.191982,59.066786,12.251493,0.049819,1.168631,0.248331,0.763818,21.716974,0.017608,1
2536,63.729331,77.969245,3.238536,0.028417,0.656435,0.358508,0.313894,18.314707,0.019162,0
2537,75.283855,86.405668,2.335245,0.047310,0.342091,0.320881,0.289758,15.066586,0.024217,1
2538,55.491728,67.358347,5.605243,0.052559,0.820926,0.438862,0.428560,19.735655,0.017789,0
2539,56.904400,45.839623,14.859159,0.057436,1.270329,0.204786,0.914393,10.033480,0.011911,0
2540,49.294468,43.439375,9.386376,0.048865,1.156333,0.206354,0.825215,13.653419,0.023548,1
2541,72.621636,60.034937,17.863507,0.038279,1.216163,0.281309,0.820878,20.950346,0.011611,0
2542,29.494356,24.106621,6.690323,0.042017,1.026647,0.198834,0.905925,5.014770,0.028240,0
2543,26.761872,20.087927,7.807790,0.048475,1.141274,0.173372,0.973816,1.736922,0.012257,0
2544,53.616205,40.709353,19.071359,0.056285,1.365244,0.429293,0.829711,15.870359,0.009420,0
2545,75.571335,95.825747,4.244119,0.042788,1.259954,0.272424,0.327317,30.619065,0.015620,0
2546,33.067947,30.721446,4.961909,0.026906,0.979894,0.253456,0.699825,11.384318,0.041919,1
2547,48.083652,41.502686,12.600426,0.056927,0.924101,0.449236,0.751293,14.648136,0.015261,0
2548,59.985597,66.458345,8.762953,0.027463,0.783127,0.507884,0.517780,21.156389,0.014783,1
2549,34.912160,26.669965,9.953129,0.027025,1.150021,0.298758,0.863841,8.176567,0.019525,0
2550,21.697096,17.269750,4.961860,0.022176,0.342485,0.412663,0.863727,2.774666,0.041703,0
2551,70.220468,67.504395,11.513565,0.028534,1.324407,0.280156,0.655704,29.751404,0.016261,1
2552,29.044220,32.947514,3.249839,0.044531,0.687817,0.454670,0.474232,9.589571,0.036350,1
2553,52.742181,60.091342,5.497886,0.031963,1.409350,0.293666,0.471835,24.916875,0.021642,1
2554,63.062202,71.128731,2.451310,0.035046,0.349946,0.337135,0.329123,13.495603,0.028764,1
2555,45.163390,37.250420,12.904413,0.050493,1.394202,0.342542,0.803040,14.792293,0.015185,0
2556,60.803662,80.753214,0.516048,0.030015,0.290644,0.367080,0.098391,5.685003,0.014413,0
2557,67.940622,49.282662,22.845244,0.038196,1.477625,0.293692,0.891755,15.350875,0.007663,0
2558,37.563466,30.879036,10.218717,0.058217,1.208203,0.315458,0.826736,10.576067,0.019666,0
2559,77.145242,98.488115,3.293751,0.046961,0.773472,0.323994,0.278526,22.780395,0.015274,0
2560,53.523404,39.641169,18.219817,0.022113,1.074769,0.476834,0.816638,14.729722,0.010033,0
2561,69.496816,60.181053,13.848538,0.039252,0.553128,0.388665,0.763480,15.939911,0.015352,0
2562,37.241220,41.514295,0.430066,0.022220,0.516902,0.151011,0.200343,7.503679,0.069312,1
2563,26.069063,32.705608,2.743440,0.037079,1.446004,0.355074,0.423827,12.277387,0.035186,0
2564,28.810890,31.280616,2.484639,0.044449,0.302517,0.523303,0.462111,6.293278,0.047892,1
2565,31.741912,39.207439,0.001276,0.035020,0.132903,0.194299,0.001983,0.072788,0.002798,0
2566,41.148526,33.802521,8.726607,0.036701,0.622627,0.270236,0.872025,6.794262,0.023849,0
2567,59.397317,79.782264,0.625021,0.027694,0.660834,0.258289,0.112549,9.229442,0.015327,0
2568,71.240049,78.374584,5.814905,0.025985,0.737015,0.329891,0.449161,24.200648,0.019612,1
2569,36.709520,49.932810,2.582033,0.023356,1.337698,0.356661,0.321401,15.211086,0.023659,0
2570,33.503501,33.086180,5.383048,0.041101,1.327587,0.283686,0.643829,14.388346,0.034035,1
2571,32.473301,40.923744,0.954314,0.038723,0.974325,0.236994,0.238706,9.935256,0.040802,0
2572,40.054782,54.950771,1.565258,0.036028,0.828126,0.358569,0.237484,11.266306,0.023649,0
2573,66.739310,62.606562,9.149164,0.043397,0.350189,0.416082,0.671642,14.274082,0.021994,1
2574,62.763080,82.683537,4.823212,0.023014,0.619644,0.533339,0.339914,18.100927,0.013904,0
2575,46.100716,52.383333,2.771547,0.041861,1.032827,0.232103,0.405012,18.158610,0.035642,1
2576,65.308583,82.460340,0.927376,0.039542,0.874166,0.195575,0.159913,14.851656,0.020367,0
2577,25.037100,23.477173,4.481865,0.058146,0.535185,0.463449,0.674022,6.600377,0.042452,1
2578,59.595458,63.311453,3.081378,0.059138,0.334315,0.300016,0.441179,13.597079,0.038170,1
2579,26.415536,27.621649,2.241874,0.055492,1.323597,0.154386,0.599078,11.748197,0.082392,1
2580,73.177745,65.131043,10.694997,0.053912,0.154561,0.495547,0.769778,8.740461,0.021310,1
2581,55.773865,61.468579,11.648621,0.051452,1.238368,0.506042,0.587871,24.157775,0.012392,1
2582,53.164847,73.226759,7.396713,0.024662,1.494606,0.489818,0.431054,25.541529,0.012343,0
2583,49.989335,48.554463,7.980739,0.022239,0.958301,0.352584,0.625023,18.555937,0.021977,1
2584,72.253434,61.373733,15.548777,0.057579,0.696946,0.321426,0.813777,16.167022,0.013824,0
2585,41.502058,41.849665,7.538684,0.045280,0.827234,0.470277,0.611004,14.472159,0.021598,1
2586,47.126132,59.955593,3.560835,0.033539,0.847209,0.413180,0.356347,16.170432,0.020800,0
2587,63.063335,68.779035,0.991623,0.026795,0.179261,0.264119,0.249210,8.470555,0.044985,1
2588,36.957536,43.291857,0.070716,0.050227,0.125688,0.256137,0.051850,1.390973,0.031633,1
2589,38.601311,41.285525,1.085996,0.055379,0.402296,0.184148,0.372051,9.260771,0.083894,1
2590,46.662942,60.409639,2.203743,0.031693,0.962181,0.318304,0.283263,15.494278,0.023234,0
2591,62.401663,86.194326,9.760912,0.033697,1.350394,0.549279,0.453980,28.736510,0.009949,0
2592,20.210280,14.538079,6.212526,0.027979,1.253377,0.174308,0.975313,1.308487,0.014663,0
2593,34.228884,34.169672,4.385783,0.044973,1.122793,0.245048,0.629665,13.698292,0.042494,1
2594,50.196227,67.682076,7.478800,0.032928,1.241011,0.542906,0.450572,22.136983,0.013040,0
2595,62.517224,46.494969,16.351316,0.026736,0.149225,0.441142,0.967566,1.752767,0.006812,0
2596,31.024336,32.825011,1.143921,0.056835,0.230564,0.287584,0.403373,5.767851,0.090376,1
2597,74.487923,101.408823,0.000000,0.038565,0.108580,0.159862,0.000000,0.000001,0.000000,0
2598,74.521566,79.207876,2.395297,0.024411,0.204922,0.303404,0.367325,12.706879,0.036802,1
2599,76.414052,90.553433,2.426791,0.034658,1.314666,0.167285,0.290588,30.019593,0.023377,0
2600,78.459058,55.864504,25.369853,0.034747,1.426712,0.154036,0.986359,3.270299,0.002417,0
2601,61.349434,85.053519,1.360354,0.026437,1.451876,0.222499,0.173264,18.934957,0.015573,0
2602,53.932335,61.812571,9.954249,0.027242,1.135185,0.533603,0.539344,22.812546,0.012948,1
2603,58.324355,75.409475,6.865602,0.036571,0.856092,0.540873,0.420511,21.100039,0.013396,0
2604,54.927282,71.779605,5.654251,0.047014,1.434609,0.369575,0.408732,25.556246,0.015977,0
2605,20.210651,14.713632,5.666948,0.027440,0.381192,0.251904,0.985594,0.456412,0.011636,0
2606,38.296078,36.459622,3.489565,0.023955,0.688753,0.166945,0.706451,10.941055,0.064881,1
2607,60.436667,65.037975,8.784893,0.045378,0.721802,0.481072,0.541799,20.371688,0.016062,1
2608,45.661575,52.455269,5.806442,0.053585,1.435001,0.320400,0.512312,21.811231,0.022753,1
2609,58.683010,48.351845,15.140668,0.059253,0.884731,0.357326,0.815987,14.684843,0.013489,0
2610,75.658298,74.533595,9.259477,0.043169,1.498383,0.166908,0.688660,32.734247,0.022866,1
2611,55.205288,49.254207,6.601993,0.052834,0.145474,0.260292,0.899021,3.721631,0.032250,1
2612,67.792913,61.132416,9.625390,0.058957,0.372057,0.294658,0.784447,12.100454,0.024016,1
2613,56.082573,63.204333,7.213257,0.056588,0.884663,0.419776,0.508545,21.039105,0.018013,1
2614,44.223980,57.653311,1.904352,0.041769,0.353488,0.530220,0.262147,8.564769,0.023365,0
2615,57.523858,73.163324,8.194788,0.053575,1.014985,0.527795,0.466468,23.038288,0.012997,0
2616,36.375304,29.782744,8.138546,0.048074,0.777587,0.240877,0.889449,6.053112,0.024424,0
2617,20.246087,19.032427,4.240323,0.047799,1.456403,0.310530,0.704743,8.433708,0.045494,1
2618,31.554566,29.953575,4.623938,0.024252,0.337775,0.512697,0.637290,6.878586,0.039892,1
2619,79.859020,65.075527,15.459837,0.033189,0.176332,0.334664,0.941632,3.909221,0.010387,0
2620,32.289275,29.415447,5.266813,0.050970,0.381219,0.435031,0.710101,6.823173,0.039462,1
2621,58.097091,56.415325,9.165600,0.058781,1.372657,0.219456,0.711106,23.257753,0.022874,1
2622,33.380758,35.648705,1.639094,0.037458,0.227751,0.382717,0.412209,6.200794,0.063844,1
2623,51.324414,47.815672,7.710233,0.058352,0.859424,0.232407,0.748303,15.174179,0.028840,1
2624,59.289882,43.304006,16.336120,0.042073,0.192983,0.191976,0.999944,0.005950,0.000046,0
2625,21.340807,17.500723,4.852815,0.048134,0.890789,0.230991,0.887934,3.838175,0.040957,0
2626,60.095566,49.743109,15.940789,0.036478,0.958840,0.411520,0.775615,17.621227,0.012366,0
2627,79.703165,108.115102,0.000000,0.055418,0.105994,0.176596,0.000000,0.000016,0.000000,0
2628,77.182795,69.254422,10.326010,0.023666,0.634849,0.194909,0.808487,16.769623,0.022750,1
2629,63.604434,86.567706,5.460014,0.048634,0.955048,0.454788,0.356880,23.184237,0.013194,0
2630,35.768856,26.170668,9.689429,0.034026,0.102622,0.246586,0.999973,0.001311,0.000040,0
2631,23.739064,19.600628,4.464682,0.056595,0.274298,0.206107,0.975717,0.709109,0.022257,0
2632,52.258908,58.277784,3.511010,0.023962,0.860885,0.277519,0.415081,18.903956,0.028973,1
2633,23.076220,22.544750,2.785660,0.042465,0.364039,0.427123,0.609975,5.342132,0.064519,1
2634,51.927192,52.133119,4.711647,0.053668,0.642267,0.237747,0.600794,16.069343,0.039028,1
2635,64.053100,78.800534,2.988335,0.031892,0.686880,0.338217,0.301215,18.491343,0.019400,0
2636,25.592836,18.737821,7.043091,0.027486,0.256244,0.351671,0.969940,0.882973,0.014960,0
2637,70.948198,61.366618,24.017240,0.058196,1.409227,0.533562,0.750237,26.750710,0.007068,0
2638,70.253764,67.069690,6.693442,0.042753,0.201757,0.373473,0.659750,11.565759,0.031099,1
2639,70.998546,99.198724,0.467495,0.033808,0.811420,0.224361,0.078073,9.333963,0.010171,0
2640,20.287989,21.431818,2.582925,0.052998,0.877726,0.351831,0.555487,7.509319,0.059079,1
2641,74.988101,85.460822,13.677388,0.025932,1.276471,0.492134,0.540791,33.622477,0.009518,1
2642,60.508631,49.566439,11.989132,0.057060,0.365669,0.162886,0.988879,1.069770,0.004906,0
2643,47.752097,43.904839,8.964770,0.053585,1.031108,0.294151,0.730903,16.005816,0.023143,1
2644,45.614125,63.282412,2.484615,0.055888,1.197483,0.325505,0.290085,17.088579,0.021071,0
2645,34.044572,33.646401,4.282729,0.024377,1.102529,0.258188,0.609526,13.720208,0.041585,1
2646,22.798154,22.858419,4.470308,0.020987,1.258424,0.420129,0.612593,9.793794,0.035640,1
2647,75.949752,65.761055,23.129053,0.059004,1.071089,0.534911,0.742527,25.367525,0.007676,0
2648,34.095752,26.261630,8.686613,0.048081,0.307596,0.440304,0.894666,3.446422,0.021889,0
2649,60.454194,56.540079,7.362896,0.043230,0.337688,0.343472,0.694378,12.316590,0.029056,1
2650,63.730049,64.300564,4.793655,0.031739,0.574096,0.234588,0.556162,19.072791,0.034869,1
2651,35.944783,27.547409,8.859826,0.021463,0.585600,0.224566,0.956125,2.554628,0.015035,0
2652,64.806227,60.129051,13.703763,0.048675,1.035532,0.382474,0.697273,23.023063,0.013841,1
2653,77.521864,55.428746,29.850567,0.058351,1.134114,0.494909,0.847454,19.465549,0.005771,0
2654,30.073562,27.931548,4.366022,0.044052,0.341433,0.434875,0.683328,6.256547,0.046590,1
2655,39.024426,42.054852,7.278666,0.036854,1.067289,0.491606,0.573045,15.813404,0.019790,1
2656,66.292996,49.405908,20.419929,0.029413,0.969575,0.373007,0.855834,14.820345,0.009324,0
2657,77.413307,101.825082,0.842471,0.031661,0.666323,0.243762,0.120598,12.685159,0.013032,0
2658,51.950892,40.520341,13.074976,0.020053,0.868985,0.279540,0.875086,9.964334,0.015199,0
2659,33.196059,45.805686,0.255971,0.033986,1.118139,0.187138,0.090755,5.735723,0.024875,0
2660,51.008036,43.326915,12.551389,0.053414,0.851001,0.396317,0.774439,14.132241,0.016105,0
2661,58.027305,62.595284,9.753362,0.057276,1.398172,0.355089,0.587139,26.717423,0.015982,1
2662,38.345569,39.178086,3.123980,0.045454,0.361181,0.350037,0.532328,9.163444,0.049293,1
2663,26.198029,21.963208,6.328137,0.055504,0.771485,0.376556,0.796143,6.516240,0.032682,0
2664,60.892100,57.075382,12.172396,0.037895,0.899976,0.413652,0.672949,20.844444,0.015101,1
2665,23.034534,24.078232,3.238890,0.033047,0.514390,0.534367,0.547900,6.543198,0.044864,1
2666,30.961689,28.418857,5.523997,0.054521,0.813850,0.316668,0.725127,9.317887,0.037715,1
2667,64.631917,83.986711,0.993415,0.035710,0.534023,0.292622,0.151766,11.098465,0.017002,0
2668,69.971349,51.152051,20.929793,0.047176,0.531790,0.376177,0.914756,7.957140,0.008124,0
2669,46.177362,49.777522,2.790453,0.037229,0.376618,0.350681,0.430114,11.131590,0.039526,1
2670,74.071347,65.374231,13.493692,0.045770,1.314960,0.158136,0.866789,18.273580,0.016017,1
2671,63.477880,46.014247,21.988769,0.054905,1.496334,0.268937,0.918073,11.753084,0.007248,0
2672,35.444674,34.275310,3.980851,0.034894,0.598634,0.277311,0.640947,10.250479,0.049149,1
2673,57.268004,46.672540,16.344806,0.052496,1.284374,0.340593,0.815327,17.305231,0.012062,0
2674,71.163798,62.126106,9.818094,0.044768,0.124592,0.333164,0.896374,4.524148,0.021521,1
2675,54.029873,71.834747,7.532330,0.045378,1.457896,0.455622,0.451280,25.831675,0.013322,0
2676,25.028506,20.335684,6.589748,0.037255,1.126487,0.328386,0.813380,7.129237,0.030765,0
2677,38.516461,43.336776,0.671007,0.045077,0.359231,0.219520,0.239673,7.171224,0.061299,1
2678,23.829562,22.191289,2.435650,0.055560,0.423596,0.171981,0.816621,4.117274,0.099528,1
2679,30.596822,33.170128,0.872583,0.021834,0.773494,0.152901,0.341752,9.879229,0.089228,1
2680,79.284077,92.063424,2.729798,0.038817,0.611569,0.256620,0.299437,21.539450,0.021834,1
2681,40.692427,46.972535,7.381635,0.027365,1.335937,0.486145,0.536091,18.686783,0.017376,1
2682,27.293398,23.212886,4.753698,0.025632,0.152045,0.516921,0.822133,2.771725,0.047341,0
2683,47.566325,35.882423,17.626166,0.055160,1.443618,0.451873,0.825701,14.694699,0.009956,0
2684,76.008368,64.918032,23.699625,0.047600,1.270917,0.497904,0.748384,27.322710,0.007474,0
2685,67.814694,63.918505,11.334857,0.030498,1.184158,0.281437,0.678768,26.432382,0.017246,1
2686,26.474343,35.860917,0.305150,0.040825,0.507405,0.306533,0.117852,3.724610,0.034166,0
2687,77.595687,72.515841,15.720344,0.054217,1.189964,0.324243,0.709072,29.017895,0.012491,1
2688,42.690309,52.228266,2.664939,0.050197,1.378054,0.240851,0.371763,18.950758,0.031330,0
2689,73.298465,71.195324,9.145794,0.053257,0.906721,0.225358,0.680105,24.956452,0.022732,1
2690,67.070608,74.938927,7.829040,0.026879,1.350678,0.318273,0.493300,31.092598,0.016078,1
2691,69.970586,49.921367,20.818111,0.059623,0.257082,0.262158,0.996754,0.348494,0.001056,0
2692,78.532592,65.007087,18.774478,0.050115,0.605532,0.413111,0.800418,17.087177,0.011076,0
2693,54.867344,58.759053,7.348505,0.029398,1.280817,0.326988,0.540464,24.644828,0.019547,1
2694,29.327138,32.763079,1.555505,0.033354,0.450762,0.338500,0.379155,7.491935,0.057088,1
2695,21.606235,16.514867,7.288311,0.037159,1.060301,0.495916,0.804751,6.138773,0.025008,0
2696,61.680320,43.525992,21.802147,0.023749,0.963397,0.462373,0.852097,13.983493,0.008251,0
2697,79.490461,85.200989,9.268841,0.029493,1.055891,0.325039,0.520944,32.541357,0.015006,1
2698,71.365720,58.319785,16.629106,0.037817,0.471750,0.434900,0.811898,13.219465,0.012651,0
2699,42.553037,57.421605,0.379520,0.034832,0.232240,0.433582,0.098354,3.555495,0.019500,0
2700,33.559206,38.911537,0.214286,0.022239,0.329904,0.198406,0.119564,3.845983,0.052172,1
2701,75.799087,82.334910,11.507781,0.033306,1.214884,0.387063,0.545497,33.113490,0.012256,1
2702,49.697128,67.688312,0.372674,0.049222,1.146604,0.168541,0.095264,9.012791,0.018883,0
2703,52.980180,54.405030,6.797637,0.030294,1.398979,0.257933,0.581005,24.482233,0.024172,1
2704,44.680775,38.888306,7.398972,0.054297,0.280857,0.373311,0.809982,6.426037,0.030701,1
2705,71.681763,91.881278,0.161271,0.041909,0.494859,0.183287,0.044552,4.741278,0.010173,0
2706,74.915113,73.640350,9.364102,0.032110,0.651147,0.334265,0.608730,23.215408,0.019005,1
2707,35.105563,33.785474,5.938053,0.053370,1.219926,0.271673,0.689611,13.686761,0.033510,1
2708,48.140866,63.145115,0.006969,0.055566,0.173743,0.237674,0.004777,0.278587,0.002911,0
2709,60.712355,67.256308,2.929077,0.054374,0.874117,0.190629,0.413500,22.110576,0.035999,1
2710,40.821682,43.955845,7.819778,0.028658,1.235804,0.471172,0.574672,17.785987,0.018330,1
2711,43.978309,36.600495,11.118724,0.023636,1.162581,0.355907,0.770959,14.364950,0.017950,0
2712,23.832547,22.628825,3.907332,0.042245,0.941508,0.311862,0.675090,8.322092,0.049901,1
2713,45.742880,39.281180,11.728831,0.058130,0.738236,0.490181,0.749866,12.492988,0.016499,0
2714,28.713972,20.698368,10.213565,0.041070,1.406934,0.365135,0.865581,7.372937,0.017407,0
2715,66.843080,61.514502,13.764371,0.058747,0.774671,0.418859,0.703024,20.361453,0.014045,1
2716,29.224702,23.182750,6.614280,0.050668,0.385971,0.268151,0.944188,2.043237,0.023115,0
2717,21.283331,28.964954,0.021636,0.020382,0.337599,0.244853,0.020350,0.607620,0.016227,0
2718,34.101727,33.944985,6.531169,0.055167,1.388546,0.332758,0.656586,14.779891,0.027506,1
2719,44.653994,48.606157,4.833463,0.022087,0.440836,0.525690,0.483823,11.818204,0.025576,1
2720,31.201939,26.174699,5.919242,0.039665,0.761444,0.157374,0.941553,3.177361,0.027235,0
2721,28.877284,27.858158,4.649143,0.029137,1.057223,0.319206,0.643351,11.072195,0.039344,1
2722,53.440704,70.649399,1.236533,0.025342,0.556499,0.345709,0.184376,10.619130,0.019327,0
2723,64.803296,50.345799,15.249539,0.020711,0.694557,0.163424,0.978680,2.760406,0.005791,0
2724,48.977202,44.507450,10.781371,0.044086,1.283150,0.331573,0.723477,18.562275,0.018188,1
2725,44.476122,46.614171,3.118411,0.055712,0.156614,0.549321,0.473232,7.006057,0.041168,1
2726,30.889227,24.225435,7.397955,0.046441,0.301008,0.414576,0.893168,3.120361,0.026206,0
2727,70.875450,86.913038,5.746366,0.044514,0.729566,0.425314,0.385729,23.153510,0.014854,0
2728,50.764188,52.437157,8.424415,0.042299,1.003136,0.407577,0.590419,19.760484,0.018755,1
2729,56.771286,68.320700,6.413148,0.040790,0.999925,0.422719,0.448185,22.456322,0.016484,0
2730,46.968918,40.823968,6.641005,0.042399,0.101986,0.386262,0.891294,2.796591,0.032180,0
2731,78.322938,74.644488,7.317340,0.028072,0.651787,0.178214,0.703138,21.880593,0.030707,1
2732,66.368270,58.057419,14.565135,0.047511,0.952467,0.338495,0.760261,20.123864,0.014171,1
2733,72.581127,73.354579,10.611556,0.055841,0.498872,0.494626,0.588651,19.944601,0.015343,1
2734,29.842397,21.431995,8.842286,0.031462,0.225980,0.538904,0.926202,1.983520,0.018289,0
2735,53.510969,51.439196,9.087446,0.038125,1.344203,0.276095,0.671300,22.432262,0.021109,1
2736,76.473172,99.006937,10.261683,0.040491,1.281136,0.465775,0.449131,34.250503,0.009815,0
2737,30.761202,33.875960,6.301899,0.031638,1.477384,0.467741,0.578019,14.630106,0.022374,1
2738,49.428704,35.977373,16.692735,0.026743,1.168227,0.402589,0.845980,12.677188,0.011033,0
2739,25.139852,34.260770,0.031004,0.029059,0.508413,0.201655,0.023954,1.010729,0.015599,0
2740,76.760132,91.984170,7.085361,0.039976,1.138325,0.339891,0.423822,32.074769,0.014070,0
2741,26.601275,29.045633,2.632236,0.059086,0.445683,0.468632,0.483892,7.078991,0.047897,1
2742,44.779524,36.089559,10.573230,0.024882,1.199464,0.225734,0.868006,10.484402,0.019311,0
2743,32.691231,35.627670,1.975185,0.032573,1.201879,0.183868,0.447603,14.174388,0.060017,1
2744,47.872308,58.580250,3.179805,0.028797,0.410329,0.528891,0.347695,11.331027,0.022783,0
2745,77.249224,107.633353,1.461522,0.027527,1.230723,0.234793,0.155501,20.464523,0.011868,0
2746,40.413514,37.289258,11.023142,0.051563,1.439139,0.439604,0.711223,16.562565,0.016029,1
2747,31.157793,41.647622,4.095069,0.026546,1.259019,0.498468,0.428809,13.724723,0.022527,0
2748,36.334852,27.491270,10.209554,0.046152,1.019551,0.187973,0.965029,2.832950,0.011197,0
2749,39.131109,54.586727,0.647896,0.049203,1.049797,0.235167,0.147631,9.249240,0.024467,0
2750,24.726924,22.101696,3.320277,0.029382,0.448458,0.227102,0.816123,4.403345,0.070713,1
2751,54.485341,50.653520,10.771222,0.027358,1.248483,0.335851,0.681884,21.717217,0.017447,1
2752,20.819470,21.593489,1.393853,0.059109,0.178174,0.466237,0.486611,3.503940,0.097312,1
2753,49.406689,37.579278,13.833097,0.050351,0.929424,0.226287,0.942705,5.472197,0.010659,0
2754,54.092500,68.694643,8.118094,0.052120,1.175547,0.501729,0.478197,23.362422,0.013537,0
2755,76.260926,75.030441,14.346478,0.051626,0.896277,0.428856,0.639468,27.024174,0.012089,1
2756,79.731214,56.575225,24.371795,0.031241,0.597187,0.254926,0.973490,3.782192,0.003908,0
2757,33.351787,39.901634,0.805220,0.049664,0.218663,0.427370,0.228752,4.721205,0.045419,0
2758,35.048248,30.736740,9.595034,0.050487,0.980405,0.500594,0.729904,11.476482,0.019036,1
2759,71.128374,97.831253,6.216382,0.056346,0.913939,0.473405,0.357838,25.386439,0.011598,0
2760,73.680057,52.175694,29.052105,0.038941,1.452264,0.469273,0.839651,21.634908,0.005848,0
2761,27.632247,27.001093,2.068650,0.031666,0.480045,0.199302,0.635501,7.192871,0.098464,1
2762,68.345830,48.284253,21.516667,0.026976,0.537508,0.385616,0.922446,7.276119,0.007515,0
2763,35.255144,31.070320,5.834433,0.046108,0.783673,0.198522,0.844344,7.457646,0.038567,1
2764,30.530687,26.653971,8.220050,0.035886,1.463247,0.389596,0.737352,12.041781,0.022661,1
2765,34.492569,35.986844,1.532184,0.021390,0.203767,0.337493,0.431093,6.118694,0.074784,1
2766,43.919557,34.951896,12.278587,0.059716,1.062642,0.308259,0.859328,10.109828,0.016000,0
2767,57.473518,78.973393,6.032668,0.038542,1.264149,0.444996,0.386823,24.735154,0.013311,0
2768,27.688102,29.307100,1.957579,0.026447,0.490684,0.320512,0.466905,7.710926,0.063955,1
2769,27.860873,33.134646,0.646499,0.041246,0.738736,0.208550,0.239623,7.437892,0.062196,0
2770,28.386300,31.463114,2.839936,0.023850,1.479014,0.264293,0.480174,13.755241,0.043671,1
2771,72.167547,54.168269,22.869828,0.040971,1.326240,0.313307,0.869948,17.586416,0.008126,0
2772,38.580834,35.030703,7.235130,0.055392,0.528124,0.439518,0.710043,9.596687,0.027776,1
2773,60.183380,75.778363,1.443030,0.044722,0.459961,0.334026,0.208095,11.700434,0.021026,0
2774,66.946498,61.355078,12.957366,0.055288,1.000450,0.310860,0.730347,22.126309,0.015874,1
2775,23.997325,25.466815,3.539546,0.046889,0.584361,0.530413,0.549235,7.262555,0.040688,1
2776,49.136499,50.430418,4.923064,0.024140,1.016419,0.251402,0.548148,19.618789,0.031800,1
2777,75.138760,87.834192,0.898298,0.028185,0.118822,0.423135,0.164920,6.427391,0.022643,1
2778,65.863952,84.826296,2.151953,0.057241,0.509048,0.371179,0.237937,14.539876,0.017739,0
2779,61.792341,69.066363,0.652591,0.058525,0.271836,0.199150,0.193062,8.828674,0.042711,1
2780,35.292917,44.805753,2.525003,0.053526,0.966036,0.356294,0.359893,12.976212,0.030267,0
2781,42.619594,57.335793,0.001400,0.054245,0.150753,0.242327,0.001270,0.069363,0.001045,0
2782,70.924180,56.557610,19.326914,0.055524,0.912307,0.339416,0.845316,16.120595,0.010350,0
2783,64.794000,81.852326,4.960693,0.057013,1.131092,0.328734,0.378586,26.208010,0.016789,0
2784,30.387526,22.288270,8.650300,0.025728,0.445044,0.373179,0.921549,2.969488,0.019363,0
2785,31.096720,22.615202,8.682501,0.053263,0.150386,0.386580,0.987864,0.380346,0.006766,0
2786,41.485118,55.007592,0.227998,0.059213,0.198275,0.396517,0.074486,2.601191,0.019225,0
2787,31.007855,36.445032,5.167699,0.037174,1.168734,0.494653,0.518543,13.358881,0.024033,1
2788,29.043944,25.999741,3.486161,0.028435,0.230889,0.245492,0.853894,3.197156,0.066867,1
2789,75.057991,56.644523,23.698383,0.041296,0.698381,0.509477,0.826827,16.061527,0.008013,0
2790,79.861773,98.020079,16.536092,0.051484,1.459107,0.535281,0.548794,38.196881,0.007668,0
2791,62.436244,47.191461,17.214033,0.045864,0.662688,0.290287,0.923838,7.279566,0.009707,0
2792,36.403035,40.195485,6.829815,0.021399,1.406903,0.457692,0.557388,17.047277,0.019978,1
2793,63.363637,87.110262,5.209385,0.050489,1.402996,0.358164,0.355260,27.948885,0.013853,0
2794,32.256053,34.890244,6.252572,0.055827,1.171493,0.465885,0.589456,13.576436,0.023908,1
2795,31.716016,35.514974,0.991317,0.020368,0.565043,0.230088,0.308153,8.388903,0.064146,1
2796,26.793239,34.560690,1.655949,0.031388,0.461909,0.533975,0.315594,6.473973,0.036563,0
2797,42.745203,30.208460,12.912339,0.024772,0.497385,0.191123,0.996873,0.286301,0.001648,0
2798,24.649237,27.490842,1.986196,0.034450,0.365087,0.494807,0.431175,5.853072,0.053327,1
2799,45.460288,60.961517,3.158361,0.035953,0.797113,0.450156,0.323558,14.581347,0.019663,0
2800,24.390506,18.601050,7.985597,0.039478,1.012763,0.466166,0.815248,6.546506,0.023309,0
2801,74.976250,72.866180,17.530217,0.040028,0.934974,0.542644,0.651023,26.824352,0.009405,1
2802,69.865064,93.494575,0.360328,0.050901,0.456076,0.256189,0.071704,6.453207,0.011315,0
2803,32.524552,44.265470,0.000018,0.058616,0.127026,0.209705,0.000033,0.001636,0.000058,0
2804,69.166285,61.775576,12.559811,0.028670,0.590983,0.384206,0.721616,17.848610,0.016431,1
2805,40.885733,47.434610,0.014255,0.022575,0.121906,0.189864,0.015136,0.544809,0.014081,1
2806,45.139621,57.343448,4.614802,0.029792,1.343449,0.379748,0.408014,20.315361,0.019543,0
2807,66.101900,59.635851,9.373232,0.040959,0.672611,0.203950,0.806143,14.893345,0.024847,1
2808,21.558938,17.397288,4.863234,0.022945,0.977595,0.225879,0.879490,4.276833,0.041671,0
2809,40.271233,30.385010,10.512275,0.056451,0.368379,0.157720,0.999331,0.056848,0.000603,0
2810,59.205915,57.375639,8.001584,0.043548,1.041708,0.239400,0.668707,21.918161,0.025073,1
2811,70.832569,73.974579,16.984682,0.036241,1.251550,0.543874,0.620744,30.153884,0.008829,1
2812,66.229362,91.142539,4.407693,0.038948,0.820057,0.452182,0.309585,21.146548,0.013001,0
2813,72.817476,100.116897,0.294727,0.051948,0.554373,0.234258,0.057853,6.276424,0.009115,0
2814,52.734461,43.553059,10.889148,0.057254,0.586356,0.208436,0.931708,5.319598,0.015651,0
2815,57.944054,64.611560,2.288447,0.033039,0.269034,0.375193,0.338452,10.993062,0.032437,1
2816,31.230717,39.364337,1.330019,0.028590,1.461019,0.224765,0.286934,12.857208,0.040142,0
2817,47.296104,57.863742,1.772347,0.020795,0.494241,0.366488,0.269612,10.986124,0.027114,0
2818,77.396034,75.375518,13.237488,0.058756,0.688188,0.427843,0.642788,23.955597,0.013582,1
2819,63.150315,69.079587,14.769305,0.047555,1.464453,0.508013,0.608223,29.358816,0.009895,1
2820,61.962732,75.258762,4.116366,0.032139,0.506575,0.463194,0.353663,16.396574,0.018201,0
2821,37.802377,41.353497,0.992063,0.052679,0.449093,0.194201,0.328868,9.161665,0.073510,1
2822,69.766798,78.272129,1.853685,0.041681,0.361673,0.263000,0.290166,14.365987,0.031029,1
2823,39.408040,37.282750,2.790302,0.059438,0.188647,0.162614,0.836212,4.228573,0.088760,1
2824,59.749812,57.351416,11.907324,0.034250,1.004414,0.419500,0.651540,22.144331,0.014721,1
2825,63.754131,75.445800,0.546301,0.046276,0.259547,0.261995,0.134626,7.038585,0.025466,0
2826,21.728082,21.519090,3.484512,0.038687,0.706960,0.431930,0.611606,7.001247,0.048565,1
2827,38.530629,35.475009,4.430655,0.047473,0.184773,0.377130,0.740487,5.367098,0.051880,1
2828,40.965507,48.897751,3.106272,0.038770,0.852301,0.354530,0.391205,14.523189,0.028640,0
2829,58.180888,67.606297,0.929206,0.025630,0.504541,0.212654,0.202459,11.654941,0.032091,1
2830,58.363453,76.515147,3.596731,0.026781,0.673295,0.452641,0.310353,16.903600,0.016283,0
2831,69.949368,92.081888,0.375224,0.054429,0.949564,0.156166,0.082147,10.338031,0.014248,0
2832,26.434148,20.216922,7.704043,0.022783,1.097647,0.348546,0.837775,6.799453,0.025434,0
2833,48.362414,44.372150,9.206981,0.026817,1.318567,0.290985,0.702155,19.245653,0.021446,1
2834,66.450290,47.930303,25.081221,0.052656,1.042131,0.522907,0.836884,16.714082,0.006946,0
2835,72.577798,67.030596,10.722437,0.023092,0.920910,0.253148,0.704123,24.064002,0.019596,1
2836,25.653343,23.617265,5.831257,0.033887,1.325262,0.374759,0.695495,10.337011,0.031627,1
2837,46.002851,46.980024,9.275073,0.031846,1.457401,0.400930,0.615801,21.215572,0.017157,1
2838,45.203760,33.577458,13.034862,0.052534,0.785063,0.189501,0.982152,1.760261,0.005790,0
2839,24.175511,19.522742,7.023209,0.048960,1.170160,0.376007,0.807786,7.147231,0.027794,0
2840,48.093584,63.571450,6.053420,0.052478,1.173377,0.475305,0.434513,20.502731,0.015894,0
2841,58.563029,59.770027,5.878863,0.057040,1.310549,0.159522,0.651340,24.797690,0.034585,1
2842,23.093292,31.663682,0.230357,0.054935,0.488025,0.305518,0.106290,2.959519,0.037220,0
2843,27.146003,20.530800,6.950745,0.029996,0.319111,0.345407,0.942724,1.761290,0.021684,0
2844,62.089874,86.334666,1.855261,0.040727,0.718109,0.358726,0.201520,14.797531,0.014900,0
2845,52.366061,55.634670,0.330466,0.020069,0.112285,0.189067,0.187147,4.717510,0.081036,1
2846,26.093396,31.140585,1.857707,0.055789,0.386882,0.521443,0.375816,6.158566,0.044837,0
2847,78.553600,106.625272,0.163045,0.040391,0.480644,0.220182,0.036082,4.314500,0.006607,0
2848,68.372579,90.381863,8.340316,0.037335,1.291804,0.453470,0.424581,30.446401,0.011118,0
2849,25.854750,18.826688,9.874261,0.037014,1.154531,0.548220,0.817425,7.354791,0.017383,0
2850,25.835253,33.558427,2.267611,0.053086,0.771976,0.476851,0.375636,8.612099,0.035051,0
2851,74.959520,68.100350,11.887417,0.026067,1.429719,0.182788,0.763892,27.614923,0.018806,1
2852,45.896931,58.740089,3.645266,0.053171,0.762790,0.441875,0.366457,15.087204,0.021249,0
2853,32.565703,44.426690,0.007165,0.055931,0.185094,0.271777,0.006050,0.239972,0.004498,0
2854,50.008885,49.791162,3.039344,0.034326,0.340568,0.227174,0.574318,11.440244,0.059126,1
2855,32.233189,26.783839,7.941115,0.051917,0.784624,0.377588,0.800313,7.985891,0.025944,0
2856,73.592395,84.306060,7.408212,0.046704,1.065076,0.329784,0.466923,30.195148,0.015873,1
2857,61.360329,45.946334,19.097198,0.051112,1.303792,0.248092,0.918958,10.518415,0.008637,0
2858,66.081947,46.842176,20.567284,0.022605,0.404145,0.462091,0.911392,6.743367,0.008269,0
2859,65.352449,82.967889,0.205740,0.040049,0.106274,0.431934,0.055437,2.384854,0.012164,0
2860,29.324068,33.865003,0.528999,0.027253,0.217754,0.340319,0.214816,3.996287,0.062713,1
2861,59.213909,47.495973,12.390803,0.028178,0.359313,0.245480,0.949597,3.684264,0.011913,0
2862,33.593231,32.807296,7.035289,0.037521,1.015306,0.460390,0.642482,12.633236,0.023949,1
2863,63.156110,49.802941,13.813751,0.055118,0.168378,0.181932,0.999586,0.038640,0.000316,0
2864,28.900351,20.678007,10.888804,0.043295,0.979671,0.544761,0.833766,7.135028,0.016007,0
2865,73.215944,72.307350,6.021726,0.031874,0.620220,0.210963,0.609195,22.136076,0.031560,1
2866,28.285019,22.418667,6.097613,0.029620,0.259761,0.272667,0.963867,1.143405,0.020178,0
2867,77.694738,85.847346,10.967989,0.034899,1.482634,0.333051,0.533592,37.607581,0.012617,1
2868,39.474720,32.685911,8.886286,0.057803,0.300431,0.544724,0.799409,6.068201,0.023796,0
2869,22.694570,18.274623,5.210013,0.027453,0.692934,0.295552,0.860103,4.202719,0.039844,0
2870,27.745781,28.288439,1.400031,0.034076,0.480372,0.187725,0.516749,7.665016,0.110413,1
2871,45.687683,63.427312,2.241989,0.055057,0.560366,0.487280,0.263555,11.171079,0.019600,0
2872,77.123505,96.641664,1.444371,0.054263,1.023436,0.180258,0.200056,21.846881,0.019910,0
2873,47.769839,66.518516,5.121956,0.058483,1.177440,0.461854,0.392557,19.924599,0.016056,0
2874,72.492918,86.597919,12.531829,0.040927,1.164703,0.519695,0.519314,31.174811,0.009801,0
2875,69.502335,89.708017,0.564348,0.032183,1.042213,0.164252,0.107849,13.153848,0.015907,0
2876,76.139308,84.536274,7.713759,0.025965,0.517400,0.481809,0.464217,21.761088,0.015058,1
2877,70.191212,89.153759,2.753250,0.034641,1.003116,0.271628,0.269188,23.209484,0.017289,0
2878,20.513286,26.329322,0.127049,0.045230,0.222406,0.351630,0.086653,1.527226,0.046409,0
2879,51.601362,69.594704,0.000003,0.050936,0.144261,0.170821,0.000004,0.000367,0.000006,0
2880,22.289216,22.308661,1.488848,0.051566,0.188305,0.361825,0.553613,3.823759,0.112964,1
2881,21.742327,15.836034,7.031295,0.052244,0.957736,0.325120,0.905336,3.586983,0.024368,0
2882,53.274840,67.119939,4.279493,0.028990,0.954709,0.395221,0.369388,19.643536,0.018343,0
2883,57.696768,70.036657,2.312986,0.058770,0.969224,0.228915,0.310447,20.051950,0.027149,0
2884,77.065441,82.986968,7.862642,0.023978,1.040739,0.302230,0.498006,31.364267,0.016789,1
2885,66.162749,79.053747,0.017107,0.041864,0.156195,0.185311,0.010592,0.732778,0.005783,0
2886,79.751386,105.918422,0.515819,0.054346,0.129513,0.517772,0.081979,4.346297,0.010190,0
2887,41.212893,49.605947,1.733969,0.046209,0.718945,0.286127,0.306504,12.267065,0.035109,0
2888,39.353554,39.239575,2.868126,0.053246,0.303795,0.289479,0.579000,8.483125,0.062286,1
2889,44.008973,58.348779,4.444966,0.041770,0.795273,0.532599,0.387284,15.027866,0.018319,0
2890,73.203583,59.926407,17.479818,0.058852,0.762501,0.298947,0.857480,14.400708,0.011789,0
2891,42.294387,35.380149,8.406060,0.049612,0.260052,0.458012,0.825435,5.550966,0.026053,0
2892,78.140778,97.003395,5.474785,0.021605,0.440693,0.544175,0.347680,19.167160,0.013090,0
2893,40.427042,37.127390,7.409132,0.043404,1.368337,0.235948,0.745910,15.156843,0.028725,1
2894,73.345775,102.343217,0.055728,0.054490,0.221350,0.306206,0.015513,1.345088,0.003689,0
2895,51.444347,68.954520,1.735911,0.030487,1.462731,0.235140,0.232359,19.000422,0.020874,0
2896,24.830994,27.146695,0.062666,0.036476,0.119046,0.179354,0.090167,1.393193,0.105827,1
2897,44.313547,32.258159,13.973847,0.028390,1.269304,0.281323,0.898663,8.847085,0.012617,0
2898,72.202880,88.259807,3.203804,0.022876,0.406654,0.436270,0.291419,15.796857,0.017080,0
2899,43.442153,53.705622,2.013115,0.033840,0.723413,0.330482,0.299135,12.830143,0.028436,0
2900,64.913539,86.435896,0.000018,0.040964,0.169674,0.163134,0.000019,0.002160,0.000019,0
2901,48.104573,63.483507,2.121692,0.057298,0.606226,0.402243,0.268211,12.342910,0.021874,0
2902,76.049321,93.541930,0.565480,0.029246,0.244809,0.307668,0.108075,6.986150,0.016038,0
2903,30.206413,31.609142,3.371924,0.058250,0.759915,0.323491,0.554486,10.406772,0.046397,1
2904,67.137608,91.262661,4.575803,0.028347,1.327784,0.348412,0.319110,27.633328,0.013252,0
2905,40.864387,40.043057,5.204453,0.053054,0.605130,0.330856,0.630174,12.000490,0.035894,1
2906,51.421660,71.358514,0.259616,0.039518,0.183971,0.459625,0.063431,2.743929,0.012272,0
2907,29.069717,32.792738,1.077950,0.054696,0.435251,0.280840,0.333855,6.977538,0.067550,1
2908,39.743769,44.462774,1.480000,0.031396,0.356988,0.316653,0.330259,8.602398,0.048178,1
2909,41.218272,43.996963,6.089072,0.042667,0.939496,0.411667,0.554275,15.790764,0.024032,1
2910,38.464971,30.329567,10.600034,0.054031,1.165131,0.252802,0.892133,7.698035,0.017664,0
2911,44.425517,46.602299,2.539687,0.046380,0.846658,0.166641,0.508292,16.304318,0.058553,1
2912,63.288625,47.047479,18.998156,0.053107,0.755604,0.330486,0.905845,9.237320,0.009235,0
2913,28.945385,40.220298,1.662315,0.050853,1.345000,0.314605,0.297460,11.626728,0.032795,0
2914,31.030744,42.170403,0.787789,0.054094,0.845292,0.286838,0.195477,7.877537,0.033741,0
2915,40.117299,55.758165,0.354054,0.025628,0.830566,0.237870,0.094750,6.167512,0.019397,0
2916,48.916657,35.695934,15.950342,0.036758,0.747548,0.461735,0.854900,9.644183,0.011677,0
2917,41.296518,57.310652,0.003694,0.043639,0.353078,0.185880,0.002783,0.209823,0.001875,0
2918,64.031839,89.409423,3.786715,0.042228,1.246794,0.343897,0.294497,24.649856,0.014022,0
2919,70.101798,95.000685,12.300248,0.035862,1.484889,0.546367,0.482597,34.046521,0.008540,0
2920,29.355575,25.759072,4.716896,0.030870,0.224623,0.457175,0.771418,4.209995,0.047573,1
2921,71.175461,88.629453,7.430535,0.040559,0.983492,0.433482,0.419788,27.588435,0.012774,0
2922,43.450013,56.003410,3.272718,0.047912,1.048066,0.364374,0.359703,16.636767,0.023076,0
2923,73.113739,64.077635,14.227419,0.051106,0.633607,0.347100,0.768165,17.750316,0.015099,1
2924,73.352841,69.133550,11.080945,0.055549,0.617062,0.335748,0.686678,20.422368,0.018320,1
2925,50.967475,47.549321,5.494760,0.046238,0.487338,0.197936,0.768696,10.838033,0.043252,1
2926,72.756358,90.613839,2.079008,0.047761,0.367048,0.391053,0.231477,13.432465,0.017679,0
2927,31.072103,27.692777,6.316625,0.047970,0.672581,0.405489,0.728912,8.442632,0.032064,1
2928,51.934091,64.288556,7.180443,0.044714,1.161113,0.464796,0.471296,22.267615,0.015298,0
2929,40.055802,52.748472,2.613751,0.052895,0.960874,0.368512,0.329717,14.214648,0.025020,0
2930,33.106295,35.744439,2.870838,0.047900,0.619556,0.340318,0.483448,10.386925,0.044947,1
2931,70.166768,82.421448,12.075220,0.028686,1.058362,0.543700,0.518410,28.767092,0.010154,1
2932,70.500513,88.288033,0.529289,0.041425,0.562301,0.204841,0.108181,9.822298,0.017157,0
2933,52.308559,41.957870,13.288430,0.045949,0.874253,0.306078,0.854038,11.197204,0.015293,0
2934,49.912693,65.533238,0.018742,0.051669,0.251988,0.218302,0.010414,0.691843,0.005048,0
2935,22.202479,18.425887,6.877371,0.036205,1.171060,0.499008,0.756092,7.534934,0.026157,0
2936,51.482452,36.839569,18.383548,0.024409,1.103399,0.465752,0.837376,13.298318,0.009763,0
2937,30.086153,28.335514,5.703684,0.058169,1.165780,0.298574,0.711408,11.094143,0.035212,1
2938,69.764013,58.152113,16.254517,0.046300,1.230052,0.227097,0.858784,17.322988,0.012742,0
2939,38.150238,30.224130,9.834508,0.028146,0.636154,0.407599,0.824848,7.848010,0.020796,0
2940,79.670306,56.438956,28.992916,0.042947,0.857288,0.515684,0.850331,17.174034,0.006120,0
2941,50.360320,54.418908,1.899465,0.030756,0.760314,0.172412,0.387879,16.821926,0.050599,1
2942,44.519461,32.802563,13.714946,0.032292,0.870689,0.363441,0.875559,8.524692,0.013592,0
2943,28.057818,37.957766,1.292952,0.027600,1.352330,0.287378,0.265817,10.703912,0.034986,0
2944,56.809566,43.571821,16.739889,0.030044,0.596395,0.516207,0.818524,11.571125,0.011646,0
2945,71.150638,78.684275,11.890327,0.057229,0.828485,0.522971,0.550206,25.631486,0.011686,1
2946,78.159808,61.571578,18.301664,0.047069,0.324781,0.366574,0.906506,7.440361,0.010230,0
2947,21.107954,15.691284,6.942135,0.054755,1.343313,0.292908,0.896150,4.413140,0.025174,0
2948,73.463037,81.953348,4.402493,0.037097,1.228268,0.195359,0.426054,31.921143,0.024650,1
2949,46.023624,46.949152,9.288773,0.024223,0.871322,0.546561,0.601579,16.580172,0.016437,1
2950,34.648209,29.069386,7.881147,0.041488,0.837524,0.325928,0.803507,8.782972,0.026802,0
2951,66.313529,70.402294,3.732462,0.048950,0.953574,0.160010,0.497581,25.833386,0.038501,1
2952,54.238651,71.537316,0.345835,0.036207,0.124344,0.520491,0.081965,2.895936,0.015210,0
2953,41.189264,42.058777,3.901861,0.027973,1.474158,0.176102,0.580067,19.547892,0.044384,1
2954,71.565355,93.602170,6.031399,0.040568,0.760909,0.484323,0.362757,23.415918,0.012406,0
2955,64.313570,56.956374,9.057201,0.039188,0.123651,0.493565,0.792369,6.474308,0.025648,1
2956,73.750081,100.990288,4.649571,0.043202,1.331389,0.327842,0.312146,30.111696,0.012684,0
2957,66.490991,80.977725,8.323280,0.023493,0.853401,0.520433,0.449117,24.305116,0.012378,0
2958,47.336152,45.174483,6.605281,0.046954,0.981394,0.234275,0.697069,16.376096,0.031787,1
2959,70.216331,63.402255,11.484734,0.036256,0.361357,0.442224,0.714373,14.345041,0.018207,1
2960,77.927491,98.694924,1.696005,0.025624,1.416488,0.178471,0.201809,26.106111,0.017005,0
2961,53.462286,48.287577,16.119509,0.046880,1.259277,0.538291,0.715081,20.365263,0.010511,1
2962,35.287541,36.700768,4.608070,0.029567,0.801737,0.386037,0.550848,12.502603,0.032441,1
2963,46.597159,47.189180,5.182586,0.020677,0.607831,0.358838,0.555543,14.352399,0.030306,1
2964,40.114870,28.117472,12.608253,0.031145,0.531121,0.307379,0.961817,2.425710,0.009233,0
2965,27.911119,29.456800,5.313586,0.045207,1.069416,0.471502,0.591888,11.208104,0.028533,1
2966,47.120497,50.106250,8.613528,0.037108,1.234563,0.430640,0.581834,20.446029,0.017321,1
2967,46.076142,45.726670,6.457267,0.026993,1.164288,0.285434,0.610552,19.067762,0.027026,1
2968,33.450337,31.823880,5.118788,0.043176,0.422525,0.469268,0.646442,8.083158,0.036434,1
2969,67.196784,64.183053,13.456902,0.043754,1.484265,0.309760,0.685228,29.072899,0.014004,1
2970,70.132357,84.924099,5.903277,0.027846,1.148985,0.337330,0.397437,28.994008,0.015209,0
2971,71.709688,75.497867,14.015251,0.043517,1.056834,0.486943,0.594576,28.579403,0.010800,1
2972,37.073650,40.886034,2.156131,0.047608,0.272529,0.442787,0.400620,7.480313,0.045101,1
2973,22.570239,26.476102,1.168689,0.024964,0.680566,0.317963,0.339964,6.822156,0.061887,1
2974,31.653976,31.365661,5.178579,0.049536,0.638075,0.459686,0.615848,9.658924,0.032865,1
2975,56.421719,40.391225,18.695765,0.047449,1.403431,0.163678,0.984773,2.564206,0.003507,0
2976,69.129974,58.082058,15.785960,0.038665,0.910910,0.317936,0.800007,18.471167,0.013346,0
2977,73.382823,73.834341,7.054194,0.057866,0.205482,0.518214,0.556443,13.137574,0.022911,1
2978,61.065961,62.746788,1.683805,0.051630,0.230003,0.180191,0.446867,11.579811,0.074927,1
2979,24.116059,25.952948,1.093769,0.020309,0.324180,0.319245,0.390988,5.272034,0.087590,1
2980,28.233034,22.935410,5.794010,0.028204,0.207675,0.436194,0.879860,2.575865,0.035673,0
2981,68.535638,69.685224,4.386012,0.021306,0.809175,0.177727,0.533363,24.509001,0.036283,1
2982,35.454064,38.316231,4.191051,0.044200,1.135372,0.306851,0.531690,15.023531,0.034306,1
2983,27.099444,33.780576,1.202017,0.049442,0.609300,0.355192,0.291998,7.264093,0.045705,0
2984,64.319723,85.873436,5.421973,0.041404,1.389441,0.354603,0.365122,28.500866,0.013983,0
2985,35.940708,48.701811,0.908996,0.025104,0.741087,0.323082,0.187672,8.332527,0.026941,0
2986,27.623195,29.053308,1.594315,0.033510,0.885786,0.178660,0.484211,10.363537,0.085823,1
2987,76.610212,95.099871,10.692960,0.034675,1.274434,0.454332,0.468552,34.395620,0.010121,0
2988,49.122374,41.300050,8.290835,0.033802,0.274193,0.205021,0.960428,2.197283,0.016198,0
2989,79.896139,58.678304,23.285131,0.038084,0.717601,0.270253,0.943184,7.724424,0.006240,0
2990,54.281094,43.695408,15.620057,0.033298,1.197477,0.386537,0.793499,16.950126,0.012428,0
2991,62.938354,83.225241,3.742573,0.044332,1.270102,0.305357,0.316968,25.264144,0.016445,0
2992,50.192280,62.143783,3.673019,0.024151,1.328564,0.303943,0.365830,21.762222,0.021392,0
2993,66.566996,66.710530,8.332767,0.036453,0.565119,0.391138,0.583070,19.529237,0.019939,1
2994,79.988309,83.595357,2.193809,0.026514,0.391892,0.166940,0.393435,19.259531,0.046011,1
2995,53.529034,57.875617,4.592068,0.047813,0.387327,0.446443,0.469943,13.252679,0.026747,1
2996,35.545892,33.444058,9.388037,0.034971,1.486660,0.454321,0.684690,15.402674,0.018049,1
2997,47.163526,59.206325,6.964461,0.046710,1.176633,0.491911,0.477516,20.377285,0.015827,0
2998,76.353110,84.445648,6.434518,0.035945,0.432456,0.453322,0.445624,19.844888,0.017364,1
2999,59.053009,48.686775,10.815651,0.047318,0.171735,0.250432,0.976712,1.347515,0.008985,0
3000,49.980215,61.111945,1.258094,0.023332,0.887733,0.224232,0.227202,14.201196,0.028559,0
3001,33.159691,29.197273,5.866624,0.040159,0.891565,0.231264,0.803981,8.659880,0.038197,1
3002,24.053291,19.723759,8.210716,0.038742,1.478134,0.496938,0.765876,8.968064,0.021102,0
3003,70.925148,75.043324,11.703454,0.027710,1.089363,0.425359,0.564679,29.143276,0.012503,1
3004,36.343075,46.607939,0.004035,0.050926,0.217214,0.189975,0.004140,0.206931,0.003797,0
3005,72.871354,66.527405,13.369265,0.039500,1.016151,0.296521,0.721886,24.646370,0.015404,1
3006,58.726510,80.059859,0.110379,0.056754,0.157778,0.393633,0.032412,1.692072,0.007900,0
3007,68.438858,66.297575,9.910153,0.054754,0.760580,0.315939,0.656995,21.942951,0.019496,1
3008,52.079574,37.191922,15.810460,0.045667,0.322037,0.436791,0.938409,3.593372,0.009419,0
3009,54.956056,43.982267,13.662105,0.034204,0.723568,0.348265,0.837337,11.497271,0.015107,0
3010,72.219742,89.776579,0.573544,0.055612,0.217585,0.338707,0.110900,6.371589,0.016576,0
3011,64.631729,51.577894,16.967712,0.029453,1.039007,0.325352,0.825979,16.921919,0.011984,0
3012,21.011772,16.938166,4.192000,0.029590,0.228913,0.190007,0.993624,0.180385,0.009394,0
3013,61.514602,44.310686,22.164597,0.025628,0.964837,0.528065,0.826255,15.504621,0.008042,0
3014,75.985644,65.184450,20.974185,0.021120,0.960190,0.522715,0.724090,24.884882,0.008587,0
3015,51.379238,37.520008,14.728493,0.023074,0.579500,0.307178,0.935549,4.926663,0.010484,0
3016,60.195581,61.936613,4.400495,0.024766,0.637211,0.247976,0.513824,19.158235,0.033461,1
3017,26.008597,32.907355,0.149856,0.043815,0.289336,0.287096,0.086257,2.201020,0.039171,0
3018,33.558703,38.512904,2.983399,0.036006,0.739803,0.387141,0.433672,11.355727,0.035206,1
3019,49.476058,45.143882,6.884281,0.046780,0.882686,0.160677,0.830471,11.741903,0.033821,1
3020,47.952304,35.502845,13.890608,0.042420,0.360968,0.496476,0.886518,5.539425,0.013442,0
3021,72.968341,54.650427,20.057510,0.043320,0.686747,0.208828,0.973123,3.754795,0.004917,0
3022,65.925933,80.493236,3.216992,0.020339,1.364677,0.236674,0.314389,27.335662,0.019473,0
3023,69.631203,81.427149,9.107812,0.022287,1.352146,0.388786,0.478682,32.255598,0.012655,1
3024,54.142794,39.252015,16.442643,0.044381,0.818931,0.226517,0.967756,3.538833,0.006508,0
3025,36.399775,41.795792,2.222472,0.054321,0.755621,0.286953,0.395541,12.187720,0.042424,1
3026,35.999580,50.018037,3.982830,0.021160,1.375590,0.458291,0.386312,16.155578,0.019774,0
3027,26.620086,19.146221,8.328631,0.030774,0.483174,0.477728,0.885560,3.579173,0.021882,0
3028,62.640035,86.889658,5.082224,0.036730,1.096118,0.429571,0.339725,24.022255,0.013002,0
3029,79.967544,95.729092,3.337420,0.057535,1.166354,0.195461,0.334037,31.427753,0.021557,0
3030,62.287058,80.696880,5.566927,0.028439,1.436130,0.351572,0.379417,28.407779,0.014502,0
3031,60.833291,53.121297,11.802683,0.030303,0.940662,0.283383,0.768633,17.974880,0.018221,1
3032,46.491122,49.765634,3.478013,0.039728,0.729112,0.269436,0.478106,15.813305,0.037242,1
3033,29.537906,21.655567,8.670750,0.043278,0.374370,0.464446,0.901722,3.131740,0.020644,0
3034,30.154856,23.399829,10.429710,0.032206,1.149007,0.530600,0.786797,9.398599,0.016953,0
3035,62.859078,58.379064,6.720496,0.040948,0.505360,0.181658,0.787379,12.972370,0.035763,1
3036,27.060591,22.273586,5.964640,0.040554,1.184613,0.154227,0.936977,3.645808,0.027251,0
3037,60.410992,60.204575,8.744403,0.028565,0.815193,0.370713,0.597604,21.105334,0.019136,1
3038,78.749194,59.173033,20.657442,0.029720,0.497484,0.249420,0.963800,4.412093,0.005734,0
3039,42.722381,54.371786,4.175827,0.028089,1.378002,0.367180,0.399709,19.371793,0.020976,0
3040,58.213938,62.014100,5.650573,0.027679,0.707707,0.345288,0.497994,19.537018,0.023592,1
3041,44.072890,55.394966,0.821918,0.025360,1.169046,0.185408,0.186081,12.765969,0.030322,0
3042,74.489237,80.065193,10.829723,0.022326,1.300921,0.360606,0.540129,33.722875,0.012955,1
3043,52.365591,68.205733,0.168647,0.029618,0.236654,0.312615,0.053085,2.755406,0.013582,0
3044,71.950489,97.652521,0.879262,0.058368,1.489814,0.152377,0.139691,19.517675,0.016608,0
3045,22.862500,18.366013,6.282021,0.053197,0.588407,0.507062,0.798982,4.924773,0.031579,0
3046,31.210064,35.384876,1.882072,0.038549,1.384307,0.191417,0.417659,14.336284,0.055544,1
3047,47.468819,45.715151,4.683756,0.037546,0.908721,0.156938,0.710376,15.480020,0.048172,1
3048,79.639864,86.049134,4.741750,0.058185,0.763083,0.212344,0.466059,27.653554,0.026908,1
3049,31.354256,39.682270,0.345063,0.051969,0.465164,0.258613,0.133449,4.606271,0.038949,0
3050,21.991258,23.352743,1.792939,0.050314,0.375361,0.406480,0.483706,5.370594,0.072784,1
3051,75.416160,94.126295,2.244680,0.052006,0.353086,0.406695,0.235691,13.793470,0.016889,0
3052,60.137099,77.130882,4.613171,0.038640,0.903354,0.404656,0.357915,21.340496,0.016143,0
3053,37.877446,31.355631,7.724217,0.029354,0.963223,0.181966,0.904173,6.323386,0.025146,0
3054,20.033251,22.553906,1.163603,0.050092,0.607008,0.300071,0.397439,6.019797,0.082350,1
3055,49.160207,48.420812,11.415402,0.034246,1.010805,0.535507,0.641189,18.469636,0.014119,1
3056,76.168819,98.533472,7.349366,0.037966,1.388420,0.364572,0.396739,34.599122,0.011782,0
3057,64.525556,76.611331,13.650722,0.048653,1.346950,0.549154,0.560453,29.532002,0.009589,0
3058,40.910348,52.492003,1.928301,0.047655,1.076689,0.280334,0.296281,14.675929,0.029052,0
3059,67.136108,89.308694,0.590414,0.045020,0.405968,0.306854,0.102330,7.634206,0.013597,0
3060,79.372887,82.165461,7.731473,0.035274,0.419648,0.411535,0.523571,20.476985,0.018820,1
3061,24.565362,27.575143,1.633009,0.054015,1.403715,0.177069,0.466285,11.569593,0.077135,1
3062,79.603393,94.657099,0.459055,0.020497,0.327193,0.218513,0.102117,8.114063,0.017910,0
3063,70.290555,50.268117,21.602943,0.050292,0.426406,0.384444,0.939002,5.538740,0.006838,0
3064,66.964143,81.850630,0.076650,0.055700,0.170842,0.240813,0.030646,1.916809,0.010390,0
3065,53.203546,61.237373,1.892186,0.059049,0.336079,0.345262,0.307347,10.840448,0.033005,1
3066,23.458562,31.811767,1.192812,0.047968,0.920775,0.360070,0.280619,7.585552,0.041576,0
3067,70.084277,50.684488,20.333048,0.038786,0.475730,0.180641,0.997534,0.370515,0.000878,0
3068,62.354400,60.830732,8.507195,0.020135,0.481735,0.437932,0.604603,16.668630,0.020321,1
3069,70.028559,68.384874,11.981250,0.029107,0.889905,0.398879,0.625554,25.038433,0.014384,1
3070,20.728247,21.599885,2.639387,0.056728,1.001888,0.302534,0.580460,8.108256,0.062260,1
3071,65.911412,73.714066,6.924652,0.035935,1.397817,0.277638,0.490549,31.079493,0.018434,1
3072,73.228520,53.784230,20.724405,0.023296,0.290940,0.487244,0.908476,6.494617,0.008544,0
3073,20.636445,26.892590,0.575555,0.020161,0.731775,0.310658,0.209543,5.081160,0.052485,0
3074,31.208050,35.486061,1.079158,0.039501,1.051102,0.166208,0.335407,11.661958,0.068540,1
3075,59.367728,76.550361,1.880324,0.053198,1.108454,0.230204,0.246882,19.729948,0.021938,0
3076,73.333276,67.872544,8.567225,0.053736,0.118767,0.526729,0.709600,8.656479,0.025731,1
3077,59.333492,51.145805,12.834831,0.038664,0.452442,0.509132,0.744061,12.840114,0.015833,0
3078,28.975859,37.036409,2.018445,0.052343,0.507824,0.518108,0.341578,7.579272,0.034310,0
3079,45.649632,43.619842,10.322504,0.041179,1.223110,0.423780,0.669615,18.291937,0.016935,1
3080,57.369754,46.298665,19.235660,0.027831,1.282707,0.522913,0.763751,20.025371,0.009071,0
3081,35.034277,42.521687,0.719015,0.032711,0.498518,0.274001,0.206065,7.049852,0.042050,0
3082,64.873535,70.697270,11.544821,0.032295,1.336133,0.426797,0.563512,29.536015,0.012307,1
3083,65.176916,52.535037,15.091230,0.039313,0.660825,0.292275,0.871954,11.091230,0.013518,0
3084,39.326756,46.424996,3.026799,0.048376,0.402213,0.524018,0.391819,9.581959,0.029395,0
3085,53.911851,60.812782,0.625000,0.054579,0.196506,0.264179,0.189864,6.482380,0.042963,1
3086,56.903070,78.832291,2.130614,0.048988,0.933704,0.328128,0.234133,16.862302,0.016998,0
3087,23.621951,29.723962,0.000058,0.048026,0.148998,0.159169,0.000164,0.005728,0.000433,0
3088,71.738314,58.132800,17.877546,0.043886,0.819980,0.333018,0.833347,16.229734,0.011549,0
3089,40.445809,41.556856,3.333385,0.037525,0.535982,0.293565,0.529874,11.779825,0.045765,1
3090,53.972289,46.769521,11.724884,0.040035,1.484119,0.227665,0.807674,17.976264,0.018264,0
3091,48.624005,63.526805,0.070021,0.047182,0.130530,0.369187,0.029281,1.171480,0.010282,0
3092,30.173480,38.387712,2.178425,0.031752,0.616438,0.481250,0.345868,8.736589,0.032347,0
3093,58.311503,77.483238,6.231180,0.049633,0.981837,0.484578,0.401120,22.338986,0.013809,0
3094,23.284378,28.947937,1.571834,0.022780,0.959189,0.353431,0.347242,8.422219,0.045823,0
3095,24.947485,30.315261,0.798277,0.058143,0.865102,0.223254,0.276780,7.767061,0.064615,0
3096,56.362007,47.801041,15.065962,0.048906,0.959691,0.438922,0.760308,17.152634,0.012819,0
3097,68.904439,89.402488,0.677456,0.033731,0.208180,0.424849,0.113075,6.029404,0.014358,0
3098,49.915177,41.602961,11.290808,0.036297,0.873793,0.306015,0.813451,12.519300,0.018792,0
3099,68.585223,67.578312,5.567688,0.022323,0.137036,0.492498,0.574977,9.949399,0.031340,1
3100,77.636049,91.757001,6.092542,0.057544,0.610116,0.415121,0.403237,23.477275,0.015379,0
3101,70.660013,87.342603,1.043222,0.039148,0.630795,0.224453,0.168190,14.104109,0.019952,0
3102,37.520846,46.701745,3.663135,0.048978,1.351570,0.336069,0.422521,17.072887,0.026699,0
3103,25.190556,18.637575,7.499630,0.038553,0.624056,0.393648,0.885264,3.856298,0.024738,0
3104,20.389371,28.398439,0.505501,0.053924,0.609514,0.363987,0.181892,4.204409,0.045586,0
3105,27.826367,35.013803,2.238525,0.041097,1.093758,0.355821,0.378068,11.063280,0.036713,0
3106,25.248776,29.265712,1.881051,0.023730,1.375743,0.255405,0.407463,11.495326,0.051319,1
3107,74.138478,66.653512,16.577084,0.041393,1.015521,0.388531,0.717337,25.264869,0.011650,1
3108,44.947334,40.901806,5.797524,0.049771,0.167947,0.448437,0.742345,5.946864,0.039085,1
3109,60.243544,69.312828,4.520000,0.020894,0.441204,0.473486,0.397691,15.436080,0.020360,1
3110,49.468312,45.252954,5.484396,0.022509,0.242705,0.289547,0.768525,7.426564,0.043185,1
3111,68.284224,91.712993,10.814758,0.056800,1.355452,0.513090,0.473588,31.646039,0.009759,0
3112,51.633485,44.073875,11.013716,0.028549,1.217265,0.256883,0.794710,16.199415,0.019432,0
3113,33.995259,36.051554,2.685079,0.026166,0.550559,0.331269,0.477105,10.046487,0.047664,1
3114,72.434434,79.633475,5.462323,0.027835,1.329670,0.216790,0.457795,33.135049,0.021909,1
3115,54.534628,55.861468,10.492625,0.051785,1.024242,0.450523,0.614697,21.101910,0.015377,1
3116,76.535670,74.911544,5.223376,0.042037,0.388941,0.194297,0.645249,17.765670,0.040133,1
3117,37.331067,31.564225,6.434295,0.024449,0.655189,0.162737,0.928039,4.144197,0.027890,0
3118,59.407640,66.962764,3.169593,0.046415,1.091703,0.195718,0.406959,24.086534,0.031941,1
3119,37.464733,29.622189,10.200086,0.049876,1.280161,0.230611,0.898906,7.498507,0.018096,0
3120,40.478554,55.724012,0.784889,0.052046,0.931823,0.255836,0.164922,9.696579,0.024824,0
3121,32.603175,40.712949,2.873163,0.047239,1.060221,0.371054,0.397704,12.949971,0.030968,0
3122,53.814701,65.384229,3.873721,0.034111,0.478003,0.498655,0.364984,13.984768,0.020259,0
3123,38.531912,41.707585,4.928440,0.059997,1.083695,0.324117,0.550405,15.874471,0.030440,1
3124,45.685573,58.925794,3.540445,0.049243,1.227704,0.335292,0.368229,19.082749,0.022211,0
3125,39.436347,44.409718,2.737594,0.055351,1.326713,0.193399,0.463296,18.044795,0.045220,1
3126,45.701017,46.857498,7.757100,0.047120,1.468662,0.312899,0.620272,21.083281,0.021967,1
3127,21.563473,23.628599,1.192081,0.053378,0.234506,0.451007,0.400430,4.035437,0.082057,1
3128,47.630550,47.651866,6.433854,0.031538,1.356275,0.249608,0.614457,21.212262,0.027619,1
3129,76.351846,96.697482,2.067834,0.027808,1.248876,0.207318,0.225454,25.619424,0.016974,0
3130,21.561773,18.670966,5.777477,0.029602,1.183867,0.441641,0.729983,7.757322,0.031913,0
3131,35.114496,34.296495,6.151320,0.029792,1.476427,0.300548,0.643409,15.909683,0.029078,1
3132,38.065231,29.566692,10.965419,0.035148,0.785852,0.427955,0.823417,8.748176,0.017952,0
3133,69.055673,74.647442,0.329330,0.044757,0.145075,0.172156,0.145567,6.010685,0.050467,1
3134,56.981379,67.210732,4.047677,0.052774,0.376875,0.514434,0.381355,13.333585,0.021181,0
3135,68.785218,62.840554,12.332160,0.056593,0.921300,0.278266,0.747669,21.083838,0.017382,1
3136,69.201669,48.900155,20.583574,0.050388,0.105105,0.454579,0.993165,0.428070,0.001871,0
3137,67.338631,90.975756,1.365236,0.029279,0.265069,0.511490,0.163214,8.545506,0.013900,0
3138,30.634172,36.073590,1.355922,0.023328,0.842648,0.264105,0.318509,10.036645,0.048057,0
3139,51.222333,66.417186,3.579403,0.044875,1.090554,0.348413,0.345479,19.718450,0.019779,0
3140,37.921039,29.710051,8.895655,0.021141,0.672706,0.234422,0.924961,4.404446,0.019423,0
3141,45.949003,45.628445,3.040292,0.043562,0.162014,0.369874,0.567050,7.273938,0.057493,1
3142,24.686258,33.578597,0.000014,0.054193,0.239136,0.150124,0.000035,0.001768,0.000081,0
3143,72.936866,52.062613,26.426367,0.034468,1.160937,0.445287,0.847555,18.521449,0.006735,0
3144,44.104712,33.062460,15.649716,0.022850,1.174509,0.518848,0.799927,13.384679,0.011291,0
3145,23.058442,23.877655,2.342716,0.035730,1.112248,0.236893,0.557348,9.601136,0.068534,1
3146,65.545458,81.866689,6.604784,0.035047,1.391773,0.352501,0.417047,30.179389,0.014318,0
3147,41.787707,36.771396,9.082380,0.033586,1.151446,0.321260,0.743930,14.430241,0.022340,1
3148,44.220419,53.014218,4.989987,0.046670,1.384914,0.338633,0.462681,20.669907,0.022539,0
3149,66.752307,76.677035,0.057494,0.023827,0.184854,0.165167,0.031840,2.051415,0.015079,1
3150,47.408980,60.593294,3.341343,0.035366,0.538316,0.513791,0.340198,12.748058,0.020507,0
3151,70.214207,81.837023,0.357726,0.024682,0.473525,0.156424,0.103714,8.707571,0.023845,1
3152,26.420640,23.905858,3.746367,0.022560,0.872506,0.204491,0.764914,7.585415,0.060905,1
3153,30.864842,35.259609,1.883400,0.042031,0.962106,0.250201,0.399381,11.691522,0.050984,1
3154,42.267181,32.447788,12.034394,0.055908,0.417045,0.541877,0.840642,6.623928,0.016407,0
3155,58.859575,78.976383,7.216066,0.021328,0.999839,0.548705,0.411907,22.904887,0.012051,0
3156,25.937138,30.550039,1.428896,0.035679,0.453971,0.408374,0.345143,6.439740,0.051634,0
3157,46.189241,40.433241,10.581528,0.033662,0.568225,0.533730,0.718880,11.743139,0.018149,1
3158,67.916781,69.341956,3.524391,0.052441,0.379749,0.212873,0.523560,16.667768,0.044700,1
3159,32.627733,31.198944,4.265446,0.025271,1.332487,0.198894,0.675985,13.538685,0.047986,1
3160,49.638499,44.351373,9.651294,0.038065,0.896219,0.323984,0.736234,15.355449,0.021463,1
3161,26.718378,21.340898,7.253122,0.055435,1.249510,0.243873,0.887771,5.697158,0.026190,0
3162,26.807630,19.767723,8.297276,0.048614,0.951617,0.299124,0.911241,4.203051,0.020546,0
3163,60.780552,72.880208,3.181642,0.022595,1.409479,0.226917,0.336884,26.346311,0.022298,0
3164,24.111559,31.528172,0.392160,0.042986,1.209622,0.183465,0.165889,6.605695,0.051199,0
3165,36.398742,33.064759,4.992483,0.030322,0.885040,0.179184,0.791997,9.813395,0.046707,1
3166,63.845738,58.058514,13.454329,0.025107,0.733324,0.471019,0.685414,19.411280,0.013787,1
3167,53.931913,71.789305,5.095163,0.057657,0.793660,0.506747,0.379628,18.288561,0.015634,0
3168,54.587591,73.896609,0.031381,0.034626,0.552324,0.168191,0.013642,1.415760,0.005115,0
3169,55.352054,66.718420,4.606268,0.025993,1.182927,0.327664,0.397582,23.221360,0.019554,0
3170,30.611793,35.616489,0.394341,0.056167,0.321125,0.242254,0.183263,4.603329,0.063147,1
3171,37.484136,48.565737,1.481202,0.020960,0.741855,0.347835,0.253726,10.340003,0.028519,0
3172,25.072600,34.844428,1.177139,0.030261,0.923356,0.375487,0.256455,7.759392,0.035601,0
3173,24.612026,31.009280,1.893752,0.054978,1.395459,0.286703,0.387307,11.132978,0.045937,0
3174,39.546087,28.653565,12.843967,0.041396,1.011961,0.333739,0.894772,7.245130,0.013717,0
3175,74.457857,60.870432,13.755574,0.022933,0.113533,0.239349,0.994929,0.367349,0.002438,0
3176,21.997133,23.140777,2.555335,0.027219,0.539727,0.450034,0.522507,6.436818,0.054767,1
3177,32.267080,38.117862,3.395823,0.040473,0.588971,0.523547,0.438606,9.761868,0.030406,0
3178,22.241098,23.357271,2.697942,0.043519,1.296192,0.260748,0.568872,9.950943,0.059520,1
3179,43.860868,51.588536,1.525330,0.021643,1.347137,0.178616,0.295125,17.568331,0.037953,1
3180,39.503091,34.089026,6.324611,0.028851,0.470903,0.228330,0.865596,5.867803,0.034972,0
3181,27.837438,37.685430,0.024316,0.028176,0.301865,0.248506,0.018405,0.690033,0.011870,0
3182,75.980892,93.380509,11.057075,0.024190,1.205579,0.484524,0.473380,33.208105,0.009847,0
3183,44.491585,39.329499,11.151370,0.052887,0.906050,0.461461,0.728897,14.031406,0.016953,1
3184,73.399849,99.067228,0.007374,0.036954,0.433371,0.155851,0.003310,0.482935,0.001327,0
3185,72.759300,58.804103,19.255789,0.033175,1.306065,0.297253,0.822321,21.641495,0.010530,0
3186,22.347935,20.757101,4.260074,0.021022,1.343709,0.312531,0.678299,9.284559,0.044268,1
3187,21.883978,21.000880,3.070896,0.030089,0.341697,0.501039,0.626343,4.845254,0.059095,1
3188,46.162953,41.161594,7.830273,0.025684,0.925074,0.253757,0.754659,13.968192,0.027923,1
3189,52.774878,45.717089,14.116493,0.039660,1.050779,0.458796,0.735332,17.708240,0.013188,0
3190,76.894672,60.059616,18.151456,0.032782,0.568531,0.210473,0.960269,4.968942,0.007023,0
3191,68.618188,84.531782,0.712865,0.041511,0.778196,0.173818,0.141660,13.581138,0.021324,0
3192,53.330441,66.873124,4.563360,0.030612,0.903359,0.417019,0.380954,19.314452,0.018027,0
3193,41.689306,45.083286,5.535826,0.035247,0.782592,0.437551,0.524958,14.684236,0.024674,1
3194,73.032567,51.389275,28.070114,0.040461,1.407063,0.430293,0.854369,19.802935,0.006132,0
3195,71.337474,73.261630,7.086968,0.027105,1.268964,0.213667,0.560670,31.687735,0.022965,1
3196,59.448282,77.823752,5.430139,0.045750,1.349397,0.360196,0.387071,26.438554,0.015391,0
3197,39.883585,55.278661,0.824366,0.049767,0.547574,0.362793,0.163502,7.282948,0.023047,0
3198,56.510741,55.122633,15.918988,0.042867,1.450752,0.525115,0.675046,24.496371,0.010069,1
3199,20.455485,22.518818,4.012148,0.049803,1.104062,0.511991,0.576348,8.417145,0.035587,1
3200,20.264097,14.189551,7.253484,0.021172,0.761169,0.539813,0.847633,4.165275,0.024687,0
3201,33.323910,34.352463,1.390570,0.040882,0.185593,0.301982,0.456088,5.692524,0.091464,1
3202,22.679602,21.196061,3.003853,0.059597,0.648010,0.233154,0.745390,5.857771,0.075377,1
3203,52.686777,73.293676,7.559293,0.059735,1.208827,0.537319,0.443867,22.880531,0.012690,0
3204,49.372373,58.627870,1.887118,0.037646,0.254620,0.473607,0.287957,8.499594,0.028915,0
3205,50.320119,59.976013,7.992132,0.030139,1.144052,0.500280,0.501571,21.471937,0.014816,0
3206,47.589346,40.314342,14.055882,0.036713,1.311582,0.450125,0.749521,17.336844,0.012966,0
3207,52.881984,51.153284,9.261289,0.043379,1.233827,0.306225,0.664630,21.409084,0.020262,1
3208,26.575872,35.261179,0.009012,0.054527,0.149657,0.293985,0.009192,0.254555,0.008192,0
3209,58.360326,78.526142,1.140044,0.042678,0.312389,0.455773,0.162217,8.008093,0.016514,0
3210,65.455030,69.902198,11.980623,0.050301,0.974635,0.486411,0.581334,25.241853,0.012428,1
3211,65.708786,62.279015,8.995453,0.037380,1.495417,0.159786,0.744773,25.814314,0.025021,1
3212,41.757017,32.964996,9.072068,0.031261,0.270020,0.171350,0.997402,0.174384,0.002162,0
3213,61.310731,46.092931,15.642236,0.023716,0.384605,0.175267,0.997136,0.333587,0.001316,0
3214,36.065100,39.683485,8.325115,0.055022,1.450560,0.500374,0.608385,16.685145,0.017674,1
3215,30.564022,27.062456,3.836083,0.051139,0.206951,0.177927,0.952981,1.365224,0.039689,1
3216,53.401740,46.647109,10.710138,0.059629,0.440824,0.452712,0.754163,11.166502,0.019621,1
3217,70.216361,77.265233,15.816595,0.045820,1.319420,0.528469,0.596972,31.221275,0.009082,1
3218,36.880315,41.185121,6.514359,0.035717,1.066184,0.501883,0.547586,15.083999,0.020725,1
3219,78.788190,82.383976,11.696382,0.038878,0.646897,0.491095,0.558900,25.004648,0.012679,1
3220,58.728106,42.950252,19.181335,0.020692,0.859038,0.461414,0.838178,13.342156,0.009760,0
3221,39.698736,40.905786,3.662321,0.021858,1.218149,0.213417,0.541278,17.386172,0.042435,1
3222,43.877623,37.776334,10.201394,0.059927,0.573062,0.480166,0.754313,10.457590,0.019740,0
3223,73.034109,99.029741,0.410469,0.031883,0.577310,0.243625,0.073118,7.704151,0.010269,0
3224,69.807015,82.071151,2.763453,0.035080,0.430641,0.352685,0.302116,15.978210,0.021589,1
3225,51.688403,68.337725,1.413309,0.056341,0.632793,0.326547,0.209601,11.836786,0.021441,0
3226,64.782360,87.532502,1.688043,0.022278,1.370606,0.232282,0.195301,20.930070,0.015665,0
3227,48.614326,48.715832,5.129194,0.057788,0.997248,0.194962,0.649004,18.000467,0.039174,1
3228,47.111520,39.323407,13.287204,0.058583,1.351751,0.341481,0.803199,15.186193,0.014823,0
3229,26.240618,32.793065,3.655410,0.034187,1.075998,0.504963,0.462780,10.811705,0.028898,0
3230,78.549913,85.658499,9.430902,0.031901,0.892019,0.383802,0.508277,29.590300,0.014008,1
3231,46.378539,42.275602,4.737864,0.030108,0.194059,0.229142,0.847549,4.815250,0.050344,1
3232,52.522519,58.886621,4.778178,0.035527,0.952000,0.318492,0.458652,20.334484,0.024311,1
3233,70.054306,72.391525,14.455605,0.037585,1.482883,0.409832,0.616175,32.579422,0.010923,1
3234,23.021780,26.643980,5.031203,0.057698,1.291997,0.548928,0.578187,10.238362,0.027238,1
3235,36.930719,40.725684,1.681088,0.042553,0.731005,0.212981,0.391546,12.128345,0.057117,1
3236,71.368974,95.398784,0.403715,0.031217,0.729526,0.206333,0.076452,8.755912,0.011420,0
3237,61.025889,56.056081,15.476851,0.046840,1.373354,0.408274,0.709258,24.509635,0.011737,1
3238,53.564127,39.211268,21.657148,0.045117,1.404691,0.547625,0.816669,16.850429,0.007635,0
3239,52.241384,62.536992,1.115820,0.045269,0.178693,0.455860,0.213263,6.422208,0.028888,0
3240,66.710858,82.659967,4.809423,0.059016,0.416796,0.548073,0.359645,16.107140,0.015844,0
3241,24.535753,33.258519,0.217637,0.047571,0.505229,0.285244,0.100211,3.065380,0.035333,0
3242,78.065259,60.192429,20.657386,0.037122,0.796846,0.280409,0.900084,12.222213,0.008976,0
3243,58.732039,46.500447,19.311288,0.059224,1.103327,0.471823,0.802571,17.137142,0.009543,0
3244,71.601005,68.145950,6.496062,0.040682,0.554841,0.168291,0.738028,17.367012,0.036279,1
3245,76.721488,61.427030,25.090961,0.023343,1.364218,0.479050,0.768536,27.306666,0.007099,0
3246,29.117752,21.159641,10.069042,0.031211,1.107285,0.435798,0.841545,7.407835,0.018106,0
3247,53.305115,41.373574,18.178447,0.038093,1.404982,0.443779,0.801354,17.616816,0.009944,0
3248,50.061234,56.221421,3.299695,0.028014,0.523883,0.367028,0.401767,14.014886,0.029084,1
3249,46.413138,45.163662,5.078132,0.047620,1.041594,0.168368,0.703118,16.391595,0.043389,1
3250,40.324670,39.850257,1.728605,0.029436,0.235649,0.170657,0.605654,7.533839,0.115209,1
3251,79.774526,96.973119,1.737247,0.020810,0.222430,0.437715,0.206089,10.723520,0.017307,0
3252,46.351530,57.974533,2.194785,0.043972,1.392866,0.224843,0.315718,19.451786,0.028910,0
3253,66.931642,91.633984,1.742786,0.047280,0.912324,0.284990,0.195050,17.628890,0.015135,0
3254,42.891662,52.081550,7.235036,0.045160,1.398880,0.465939,0.515117,20.223725,0.016866,0
3255,30.298101,25.704041,7.170012,0.027062,0.844849,0.403998,0.754923,8.756134,0.027946,0
3256,37.499191,47.026717,1.378672,0.038551,1.231354,0.222324,0.273617,13.850076,0.035978,0
3257,58.806498,82.032178,0.085955,0.021431,0.971627,0.156918,0.026188,3.522169,0.006680,0
3258,39.221718,32.830487,9.544797,0.053792,1.238272,0.253448,0.843244,10.477590,0.021702,0
3259,39.538687,34.215707,11.005127,0.040106,1.371736,0.412455,0.743684,14.910028,0.016857,0
3260,44.928925,51.295800,3.819943,0.033587,0.640198,0.403792,0.427752,14.105629,0.027031,1
3261,55.463725,50.220715,7.267001,0.034743,0.309088,0.316079,0.762407,9.533203,0.031721,1
3262,57.721060,77.356041,0.000854,0.029746,0.150659,0.227486,0.000639,0.049917,0.000437,0
3263,50.137665,50.177302,8.849902,0.029697,1.120653,0.387799,0.611950,20.335064,0.018614,1
3264,73.031436,97.677677,12.105812,0.050930,1.442298,0.512395,0.481861,34.954109,0.008868,0
3265,34.071852,28.562661,6.068436,0.048274,0.109083,0.524987,0.871655,2.359497,0.035491,0
3266,31.216121,35.769320,4.529345,0.057105,1.145044,0.408744,0.522684,13.304458,0.029172,1
3267,78.217624,73.623997,10.607621,0.041721,0.589900,0.303401,0.685046,21.339549,0.019489,1
3268,20.085544,24.348508,1.440304,0.049879,1.152404,0.288008,0.388964,8.266565,0.061737,0
3269,51.337368,48.872223,3.153333,0.042498,0.122451,0.199504,0.792272,5.144305,0.079900,1
3270,24.802479,30.478511,0.065454,0.058360,0.113309,0.356102,0.054346,0.920003,0.037065,0
3271,78.980986,58.493184,26.600687,0.033973,0.916941,0.487393,0.827296,19.332477,0.006935,0
3272,41.673364,36.770130,7.157815,0.034986,1.300574,0.156733,0.851816,10.991193,0.031048,1
3273,43.417346,50.284476,0.360734,0.037280,0.456103,0.172686,0.145723,6.705557,0.045164,1
3274,55.285567,67.968433,0.528988,0.036809,0.678638,0.185313,0.132871,9.780979,0.025446,0
3275,32.116452,25.958852,9.455124,0.041170,0.774363,0.529576,0.775827,8.458378,0.019997,0
3276,24.393890,27.318903,3.650767,0.040649,0.837098,0.499264,0.521919,8.890436,0.035748,1
3277,32.332308,23.555422,9.612989,0.033806,1.041180,0.157036,0.988586,0.986619,0.005772,0
3278,35.082440,32.154065,6.225653,0.026903,0.963574,0.315222,0.698531,12.000105,0.032100,1
3279,48.948527,49.999264,12.514554,0.021820,1.463517,0.530387,0.632126,22.315971,0.011999,1
3280,54.916233,69.030221,5.153765,0.038154,0.702550,0.501731,0.393620,17.706444,0.016656,0
3281,73.756070,63.952577,14.954155,0.039849,0.378939,0.510111,0.745143,14.574984,0.013861,0
3282,39.341306,45.494688,4.727213,0.051147,1.091412,0.375570,0.487267,16.388228,0.025832,1
3283,44.147311,60.786926,1.250704,0.049143,0.955863,0.287993,0.203742,12.218581,0.022774,0
3284,60.196951,53.000909,10.481273,0.048589,0.443136,0.358558,0.771241,12.130992,0.021069,1
3285,60.996597,54.201999,13.485951,0.037757,0.938213,0.388784,0.724403,19.735120,0.014542,1
3286,37.452784,44.973890,2.423901,0.030397,1.228301,0.270248,0.368216,15.647552,0.033606,0
3287,59.669256,70.822014,4.820633,0.047308,1.085740,0.307123,0.414909,24.237736,0.020415,0
3288,43.691220,38.377159,6.063341,0.047703,0.319567,0.187276,0.922473,3.585552,0.031385,1
3289,76.267537,97.521806,5.987288,0.056267,1.300508,0.313442,0.380453,33.128362,0.013972,0
3290,70.802043,57.395175,13.790406,0.051396,0.130299,0.179919,0.999621,0.035097,0.000299,0
3291,79.311480,92.981409,10.384719,0.029832,1.154830,0.419546,0.479719,33.958102,0.011142,1
3292,22.593196,29.065650,0.065855,0.047894,0.337474,0.239792,0.052328,1.403564,0.033978,0
3293,24.107190,25.000255,1.152771,0.049178,0.337001,0.245026,0.472853,5.570126,0.116072,1
3294,40.548353,44.489956,4.182358,0.035120,0.498956,0.476249,0.477882,11.408961,0.029201,1
3295,30.752591,23.296352,8.442886,0.036975,0.559701,0.367064,0.889492,4.340457,0.022340,0
3296,42.345422,53.056196,0.072225,0.037271,0.155047,0.302902,0.037334,1.358343,0.016130,0
3297,58.854709,81.007232,1.106324,0.059475,0.814526,0.270900,0.161998,13.029119,0.017047,0
3298,21.852088,17.830522,4.490603,0.032653,0.653175,0.188822,0.939288,2.123305,0.036053,0
3299,45.959606,43.049492,6.458517,0.031845,0.271667,0.504574,0.660239,8.774968,0.030306,1
3300,38.122932,45.738704,1.628249,0.037087,0.956866,0.245610,0.311985,13.192765,0.038625,0
3301,42.140882,46.964962,1.113172,0.028596,0.591055,0.196585,0.298149,11.232915,0.054439,1
3302,72.786016,73.384251,15.071980,0.039616,0.975292,0.499027,0.621036,27.346308,0.010606,1
3303,52.816091,54.746360,5.636772,0.048788,1.394441,0.194620,0.600539,24.087121,0.031817,1
3304,30.662268,38.358068,3.154187,0.041808,1.270192,0.371782,0.421447,13.518218,0.030448,0
3305,57.915978,58.343458,12.929180,0.024339,1.052279,0.534512,0.620750,22.607250,0.011983,1
3306,65.009289,74.229033,3.085869,0.026438,0.542851,0.313737,0.346023,17.666879,0.024545,1
3307,59.694604,68.266560,6.504993,0.044531,0.635698,0.475499,0.464266,18.911393,0.017557,1
3308,21.577086,21.910123,4.080871,0.041846,1.161977,0.410590,0.616596,8.879839,0.039977,1
3309,51.000584,71.110735,0.000017,0.039642,0.176470,0.186567,0.000020,0.001814,0.000021,0
3310,29.587134,28.644098,4.202814,0.058547,0.317756,0.528716,0.625563,6.321304,0.042982,1
3311,40.166579,46.104139,4.398390,0.052623,0.847255,0.400978,0.472815,14.715399,0.026848,1
3312,20.015147,24.703136,3.118403,0.040389,1.145587,0.511168,0.489424,8.543392,0.036418,0
3313,74.506772,79.479218,7.537571,0.059861,0.951184,0.269528,0.540728,28.838119,0.020263,1
3314,39.477035,32.684684,9.408256,0.049780,1.354214,0.192257,0.895641,8.316485,0.020497,0
3315,78.906041,95.608335,7.706892,0.021926,1.290731,0.351984,0.417060,34.987649,0.012369,0
3316,61.915897,66.873045,6.897083,0.052715,1.033306,0.299735,0.531220,25.031923,0.021083,1
3317,70.920121,57.731905,14.758624,0.021734,0.479240,0.295771,0.876585,10.016768,0.014050,0
3318,42.794573,54.079049,3.980954,0.037469,1.014383,0.410846,0.394795,16.593490,0.021741,0
3319,23.167001,19.140346,6.637521,0.045655,0.977727,0.459654,0.772030,6.921324,0.028695,0
3320,44.179986,53.271691,2.194678,0.058536,1.057572,0.236052,0.346610,16.768640,0.034413,0
3321,53.100774,59.538452,7.722012,0.028047,1.498107,0.359287,0.522016,25.889303,0.017058,1
3322,40.771118,43.548654,3.045649,0.021904,0.424980,0.379026,0.457987,10.544592,0.039381,1
3323,40.151259,33.219505,10.088196,0.021971,0.553510,0.530177,0.760689,9.271796,0.019598,0
3324,54.868875,69.702021,2.454952,0.056133,0.692365,0.343327,0.288177,15.581814,0.021773,0
3325,54.436719,56.845859,6.059262,0.042666,1.126590,0.258640,0.561436,22.776872,0.026378,1
3326,28.732372,32.303434,2.005212,0.023839,0.784852,0.308247,0.411404,9.903445,0.049586,1
3327,50.886585,65.075051,0.857726,0.033940,0.206541,0.479062,0.161436,5.659830,0.022090,0
3328,58.905436,53.189890,13.388801,0.039732,1.283469,0.349341,0.720600,22.440910,0.014424,1
3329,78.595240,107.123863,0.800786,0.025623,0.601946,0.280267,0.106659,11.214360,0.010761,0
3330,21.828996,15.597636,7.496505,0.057641,0.653731,0.498543,0.870527,3.723190,0.023974,0
3331,50.686570,55.535170,0.053893,0.028620,0.108307,0.159910,0.049398,1.703865,0.038293,1
3332,65.272372,52.345313,17.257934,0.045733,1.316666,0.241767,0.875203,15.400416,0.011355,0
3333,29.463219,33.568544,3.178148,0.048734,1.361172,0.289419,0.491609,13.710416,0.040091,1
3334,55.243016,50.687300,14.417744,0.049954,1.498809,0.395753,0.717159,22.877615,0.012638,1
3335,45.395549,51.419838,2.288008,0.021155,0.578262,0.308035,0.358441,12.895287,0.035130,1
3336,75.828849,86.324378,0.836873,0.055400,0.217538,0.257550,0.179106,9.251401,0.028717,1
3337,34.626170,31.439304,6.778752,0.041788,0.908083,0.346566,0.716468,11.174688,0.029615,1
3338,63.052212,58.107431,15.608344,0.027013,1.194890,0.463048,0.683746,24.525512,0.011150,1
3339,59.828606,70.492805,1.227075,0.046680,0.774175,0.181919,0.236088,16.218089,0.032171,0
3340,71.093067,52.529463,19.971657,0.043072,0.308238,0.445765,0.919266,5.908537,0.008508,0
3341,24.575094,33.042083,2.038397,0.044238,1.463051,0.342497,0.362699,11.149196,0.036841,0
3342,64.483698,59.960176,15.310511,0.056646,0.790570,0.532262,0.686140,20.335960,0.011622,1
3343,75.624147,66.830091,12.047077,0.031907,0.425457,0.326524,0.773572,14.846941,0.018687,1
3344,38.850045,37.371760,8.199585,0.050501,0.968892,0.444223,0.662484,13.972393,0.021509,1
3345,68.865414,49.757264,19.571117,0.051575,0.166827,0.363232,0.989904,0.755916,0.002630,0
3346,54.688440,40.295034,16.561894,0.045534,0.457439,0.493673,0.873702,7.669199,0.011355,0
3347,75.019004,78.791983,10.007097,0.053322,0.863664,0.365050,0.563848,27.456412,0.015474,1
3348,51.011512,68.026851,1.641613,0.056363,1.205906,0.237299,0.237766,17.325564,0.023267,0
3349,51.462529,66.372793,0.038133,0.051786,0.255607,0.223189,0.018712,1.190487,0.007879,0
3350,68.487125,77.280917,4.181493,0.038934,0.370530,0.422762,0.387940,15.970964,0.021737,1
3351,58.031174,57.977381,10.859203,0.040771,1.359113,0.352347,0.634028,25.451921,0.015782,1
3352,23.735035,31.935117,0.610892,0.041134,0.347963,0.471427,0.190349,3.803646,0.041160,0
3353,32.927197,35.204484,2.627449,0.050388,0.436959,0.375736,0.477504,8.669498,0.048704,1
3354,71.358552,94.635041,4.754939,0.049016,1.008227,0.369688,0.329321,25.927030,0.013661,0
3355,43.065724,49.684174,3.936753,0.036667,1.371604,0.275764,0.450086,19.963612,0.028458,1
3356,43.306216,43.513148,2.772170,0.039938,0.202985,0.347726,0.539689,7.745268,0.058511,1
3357,55.306630,52.761088,13.650196,0.055129,0.958351,0.532188,0.674489,19.499251,0.012499,1
3358,55.016733,40.151964,18.602262,0.048234,1.456930,0.284385,0.902154,11.470161,0.009146,0
3359,28.829462,23.074900,6.865794,0.021823,0.334842,0.510862,0.822703,4.335937,0.030498,0
3360,52.446094,62.409362,9.532917,0.051662,1.259352,0.503042,0.535620,23.386273,0.013421,0
3361,78.035277,78.608792,9.068502,0.048932,1.430470,0.178267,0.655625,34.363783,0.022129,1
3362,60.906987,71.912981,8.065839,0.034917,1.368205,0.383965,0.484478,28.400361,0.014573,0
3363,20.731253,19.330912,2.527873,0.040875,0.187141,0.476979,0.684095,3.189776,0.083146,1
3364,32.386562,34.627994,2.063889,0.024828,0.385612,0.354399,0.440171,7.932854,0.055342,1
3365,24.748917,27.499716,0.498812,0.024269,0.143872,0.369999,0.255936,3.020159,0.092627,1
3366,55.484445,39.964938,19.295648,0.053540,0.902728,0.438926,0.866750,11.343644,0.009300,0
3367,27.871106,31.068821,4.602210,0.021489,1.041154,0.492139,0.531620,11.309792,0.028415,1
3368,74.376044,96.340524,8.009200,0.049799,1.254484,0.403373,0.417396,32.518501,0.011617,0
3369,60.717620,76.776016,3.108705,0.033109,1.027498,0.300384,0.306183,21.595541,0.018979,0
3370,73.823448,52.561222,27.159583,0.058191,1.078349,0.432491,0.868782,16.322187,0.006422,0
3371,79.634719,94.071015,0.221551,0.053080,0.148108,0.263852,0.065205,3.895390,0.015718,0
3372,46.763434,42.950546,6.407140,0.037256,0.475976,0.301501,0.725128,10.762636,0.034295,1
3373,58.000315,73.614338,2.542849,0.028549,0.515924,0.416758,0.275090,13.903146,0.019221,0
3374,60.219204,80.139227,0.039206,0.054122,0.122324,0.358401,0.015220,0.807653,0.005080,0
3375,57.278125,43.758197,14.817275,0.029092,0.705661,0.251690,0.930061,6.456093,0.011080,0
3376,50.245707,63.747691,4.348146,0.043640,1.141293,0.365767,0.387339,20.554812,0.019504,0
3377,45.638363,63.021877,0.544977,0.030159,0.884270,0.242036,0.117612,8.463956,0.018987,0
3378,56.681182,60.420965,1.918633,0.053203,0.110777,0.431649,0.369989,7.122884,0.046366,1
3379,59.709757,44.671644,18.724374,0.057415,0.606878,0.495036,0.849798,10.855177,0.010135,0
3380,37.132576,30.075204,9.623791,0.034233,0.728723,0.422891,0.797724,8.934763,0.021027,0
3381,77.986089,74.406606,4.999801,0.055905,0.187114,0.165180,0.799467,9.459413,0.050323,1
3382,77.165954,89.914202,2.848172,0.027986,1.418365,0.166280,0.318241,32.788741,0.023348,1
3383,49.292599,50.053498,7.413340,0.058306,0.564089,0.479033,0.590461,14.388153,0.021914,1
3384,59.694921,48.591714,15.963966,0.049080,1.128053,0.320027,0.825953,16.286882,0.012660,0
3385,75.487155,61.664288,17.795370,0.022529,0.474273,0.468180,0.794363,14.797815,0.011695,0
3386,57.305563,52.747376,5.866091,0.021606,0.329339,0.216698,0.784033,9.634181,0.041108,1
3387,47.197079,41.204177,8.617512,0.055023,0.462575,0.356055,0.784339,9.396044,0.025610,1
3388,63.755118,46.222312,18.713032,0.039167,0.611229,0.224567,0.980100,2.403097,0.004307,0
3389,27.211492,35.625630,1.528651,0.023152,1.415204,0.289607,0.303396,11.312415,0.037275,0
3390,77.497138,58.759354,27.781361,0.058889,1.001098,0.541289,0.813460,20.804301,0.006393,0
3391,48.273400,39.290897,11.713199,0.055584,0.382918,0.514673,0.808542,8.144265,0.017734,0
3392,56.472779,69.818622,8.111451,0.046473,1.135904,0.480911,0.478217,23.975736,0.013762,0
3393,61.124397,65.635477,4.143861,0.049756,0.431739,0.339375,0.455615,15.923415,0.029087,1
3394,37.687501,47.537596,1.181809,0.057494,1.075399,0.216177,0.258538,12.640113,0.038281,0
3395,58.951357,51.344724,15.602422,0.023980,1.365016,0.412465,0.724263,23.011980,0.011761,1
3396,67.465143,63.986808,12.854080,0.054029,1.435793,0.267847,0.714680,27.459827,0.015688,1
3397,20.452466,18.563885,4.229843,0.055599,0.493835,0.536848,0.697848,5.013383,0.045207,1
3398,24.226399,24.950923,2.606216,0.023716,0.867665,0.300999,0.543193,8.949927,0.058388,1
3399,39.024945,41.961160,2.822483,0.048139,1.025667,0.204702,0.496769,15.766720,0.049309,1
3400,68.776862,80.811398,13.126019,0.037973,1.344705,0.507556,0.542634,31.635628,0.009799,1
3401,71.946447,72.441909,10.847884,0.057312,0.633601,0.436066,0.601950,22.096751,0.015450,1
3402,75.694721,95.215053,2.651933,0.024634,0.953016,0.266592,0.254234,23.691078,0.016274,0
3403,78.130544,72.161017,10.286524,0.048302,0.230557,0.443602,0.702614,12.992049,0.020810,1
3404,37.127463,33.725488,7.819424,0.020872,0.756450,0.465729,0.683946,11.487413,0.023655,1
3405,39.025327,50.640598,2.038844,0.046456,1.223683,0.279950,0.307511,15.176403,0.029089,0
3406,50.978994,51.559159,5.738066,0.053925,0.574435,0.343403,0.581477,15.091623,0.029438,1
3407,69.963386,54.127379,17.353261,0.059093,0.297435,0.385107,0.920817,5.628644,0.010039,0
3408,50.586180,53.935453,1.424799,0.048748,0.401376,0.183912,0.372956,12.131592,0.064223,1
3409,54.399423,59.814241,4.316690,0.041047,1.379864,0.204825,0.484574,25.474030,0.030457,1
3410,54.365196,41.531169,13.689661,0.021244,0.385311,0.355317,0.914390,5.279418,0.013047,0
3411,25.071957,25.788415,2.633544,0.048790,1.406123,0.180965,0.616271,11.353316,0.070979,1
3412,33.452589,39.191838,5.677289,0.021317,1.352583,0.474980,0.516655,15.507543,0.021570,1
3413,53.708833,58.127132,12.277746,0.049906,1.440938,0.490048,0.611021,24.717955,0.012135,1
3414,41.239734,44.871092,5.174032,0.032863,0.961568,0.378099,0.517148,16.118124,0.026067,1
3415,34.199323,27.371872,9.638000,0.049572,0.623558,0.516475,0.795523,7.661369,0.020340,0
3416,47.462843,54.581158,1.400494,0.056179,0.244252,0.377442,0.280182,7.898670,0.038033,1
3417,66.820295,83.933563,4.654174,0.041167,0.459073,0.534192,0.345756,16.694323,0.015247,0
3418,25.378073,29.898794,4.842037,0.032023,1.447170,0.494579,0.539767,12.118913,0.026290,0
3419,76.019453,92.968776,0.144564,0.033360,0.423860,0.164324,0.044969,4.688624,0.011649,0
3420,69.887194,90.484895,0.704654,0.034101,0.985794,0.180724,0.122527,14.085530,0.016187,0
3421,65.183457,78.778662,11.571491,0.049221,1.377644,0.481478,0.526845,30.453075,0.010805,0
3422,64.757277,73.919203,6.416663,0.056085,0.697753,0.410387,0.459992,21.471294,0.017881,1
3423,43.901319,33.296012,11.462648,0.041749,0.506987,0.260254,0.955342,2.944804,0.011580,0
3424,33.274121,35.575873,1.955300,0.052016,0.337748,0.343747,0.441570,7.631706,0.059371,1
3425,54.431766,43.717869,14.083682,0.036404,0.554407,0.473285,0.803853,11.214092,0.014425,0
3426,66.209571,56.680970,19.084578,0.029738,0.962651,0.545299,0.729549,21.497128,0.009342,0
3427,77.127433,84.399416,12.834830,0.052057,1.078464,0.438399,0.560819,31.581699,0.011229,1
3428,61.989721,84.987152,5.807584,0.045452,0.935039,0.489708,0.366997,22.571968,0.012828,0
3429,60.193452,73.017838,0.405062,0.034851,0.427836,0.208921,0.108244,7.318210,0.022597,0
3430,50.345927,51.302961,12.208643,0.044448,1.496028,0.464578,0.643564,22.958167,0.013032,1
3431,40.040880,51.335681,1.463011,0.047880,0.961119,0.267772,0.261086,12.760228,0.030925,0
3432,52.918304,60.529325,8.559134,0.056608,0.924733,0.509309,0.530844,20.240602,0.015347,1
3433,78.259043,91.343925,7.274753,0.053299,1.460680,0.258333,0.464252,37.581477,0.016262,1
3434,45.646140,39.569485,6.192728,0.027522,0.105876,0.151624,0.998556,0.070011,0.002093,0
3435,63.190308,63.055966,9.693753,0.050469,0.537605,0.482995,0.602450,17.870941,0.017236,1
3436,78.517972,90.249304,3.088283,0.032211,0.746141,0.238927,0.324532,24.396205,0.022197,1
3437,32.775557,32.330877,4.302135,0.020034,1.488501,0.228882,0.616130,15.271964,0.041729,1
3438,31.303579,37.626390,0.455789,0.038290,0.593479,0.209450,0.179136,6.308797,0.051793,0
3439,44.299822,34.210089,13.311443,0.023918,0.846261,0.466203,0.806283,11.190741,0.014454,0
3440,53.996103,65.161283,0.701109,0.035260,0.685923,0.189284,0.166950,11.185554,0.029549,0
3441,51.431336,54.525009,8.107336,0.049621,0.755343,0.483002,0.563570,17.605529,0.018243,1
3442,65.047380,52.083829,18.297207,0.023213,0.970883,0.427849,0.785663,18.693860,0.010636,0
3443,42.910346,34.017145,12.118803,0.044560,1.306871,0.291890,0.850219,11.426319,0.016268,0
3444,21.843631,23.506306,5.346990,0.043855,1.392516,0.538660,0.617335,9.835316,0.027480,1
3445,28.187067,30.944145,1.787381,0.041022,1.217375,0.186427,0.456974,12.334927,0.068408,1
3446,54.973160,62.021628,9.156329,0.050448,1.120193,0.458309,0.543928,23.070852,0.014870,1
3447,59.806664,50.899527,15.573766,0.051045,0.665930,0.531371,0.747646,15.586125,0.012314,0
3448,24.736818,26.589004,1.957978,0.029016,0.537531,0.352324,0.464147,7.206049,0.062182,1
3449,56.365360,39.841323,22.703812,0.052795,1.192289,0.536204,0.839605,14.999124,0.007385,0
3450,30.838624,34.421665,2.778920,0.033393,0.697276,0.376253,0.452775,10.201175,0.040886,1
3451,66.942986,47.940345,26.304548,0.052395,1.457160,0.450461,0.847628,19.039005,0.006472,0
3452,65.623243,63.808268,15.961247,0.035471,1.152269,0.509483,0.655225,25.947385,0.010263,1
3453,30.633343,27.712245,5.575935,0.032768,0.871873,0.319695,0.719271,9.640773,0.036858,1
3454,49.545361,64.381588,0.998567,0.034498,0.832469,0.249094,0.180745,11.892581,0.023363,0
3455,44.520559,47.236993,3.930092,0.024842,1.144561,0.238644,0.502811,19.001126,0.035097,1
3456,42.779241,40.737768,5.619253,0.051741,0.648447,0.279662,0.683928,12.255133,0.036927,1
3457,50.113891,56.966210,2.720624,0.048748,0.425050,0.368845,0.372003,12.357549,0.031386,1
3458,46.806870,59.297228,1.407965,0.055327,0.440893,0.374419,0.233007,9.505859,0.026283,0
3459,56.550493,74.224856,6.869754,0.044062,1.244616,0.451275,0.428755,24.766473,0.013788,0
3460,45.999169,49.824664,2.418069,0.023594,0.186898,0.481770,0.398108,7.673272,0.040275,1
3461,23.580299,19.302347,5.504569,0.020046,1.214166,0.262962,0.821149,6.790539,0.038250,0
3462,55.042319,61.472085,7.019813,0.040237,1.188014,0.353761,0.512061,23.923187,0.018789,1
3463,63.518635,66.633406,7.799436,0.055911,0.951888,0.310580,0.567164,24.371960,0.020433,1
3464,43.107504,30.282345,14.297064,0.021191,0.958797,0.351659,0.895571,7.645041,0.012202,0
3465,68.254027,74.051849,3.239440,0.051447,0.477491,0.257887,0.408829,18.322210,0.031939,1
3466,63.981907,72.119185,1.175020,0.056205,0.337995,0.230257,0.246519,11.732414,0.036826,1
3467,79.375224,55.968847,24.136825,0.027994,0.468877,0.155597,0.999726,0.055321,0.000120,0
3468,63.942074,75.796811,5.887569,0.030268,1.209291,0.327734,0.424595,27.549308,0.017001,0
3469,59.546811,60.013536,6.013648,0.045359,1.076256,0.195859,0.619218,23.536070,0.031489,1
3470,66.862587,80.534211,3.083720,0.026204,1.018168,0.257199,0.314089,23.937185,0.020446,0
3471,43.590622,39.055050,7.481660,0.052214,0.418934,0.405293,0.736757,9.210086,0.028547,1
3472,53.928328,46.279506,15.996837,0.027647,1.385307,0.467980,0.733237,20.860183,0.011064,0
3473,78.000360,94.299698,5.342998,0.046042,1.490002,0.236984,0.391963,36.582469,0.017028,0
3474,32.229170,29.882725,2.744960,0.047268,0.109982,0.257467,0.838638,2.615034,0.088907,1
3475,68.910994,65.563357,9.340158,0.058628,0.771939,0.246869,0.707707,20.801250,0.022986,1
3476,63.275246,77.738857,1.030903,0.040040,0.409397,0.290081,0.176701,10.500467,0.022084,0
3477,66.314375,75.315777,3.341079,0.051175,0.766376,0.244062,0.380053,22.105151,0.026874,1
3478,65.217313,85.158290,4.719011,0.051347,1.330070,0.313206,0.356100,28.032316,0.015821,0
3479,78.908481,76.203148,18.756341,0.026443,0.994076,0.542180,0.649306,29.161899,0.008690,1
3480,62.239155,76.390116,1.219772,0.050537,0.192087,0.459889,0.192840,7.469913,0.021829,0
3481,60.306364,54.537260,10.719007,0.024417,0.785566,0.338635,0.708498,18.340702,0.018957,1
3482,34.629431,32.702923,2.778964,0.029202,0.327641,0.180627,0.757367,6.198727,0.087343,1
3483,75.194082,80.554479,8.389455,0.041401,0.655439,0.401317,0.513573,24.272156,0.016320,1
3484,75.312728,62.139407,16.136887,0.059032,0.513773,0.298477,0.874397,11.149894,0.012819,0
3485,21.353699,17.154504,4.344431,0.059597,0.136874,0.261548,0.991702,0.178814,0.010954,0
3486,75.412565,105.360433,0.236427,0.021328,0.939778,0.182637,0.045796,7.028007,0.007200,0
3487,48.895343,48.128684,10.868217,0.037554,0.948648,0.523631,0.639021,17.833388,0.015016,1
3488,52.084383,61.751674,3.185187,0.025875,1.355079,0.241894,0.367182,22.834792,0.025680,0
3489,26.439120,21.091725,6.607939,0.032847,0.817618,0.319269,0.846158,5.668527,0.031065,0
3490,78.949390,63.924772,18.121897,0.023955,0.857137,0.277399,0.848574,17.149932,0.011572,0
3491,51.651555,70.382590,0.820988,0.022596,0.647720,0.305265,0.140728,9.285113,0.017602,0
3492,28.744471,24.748780,6.189545,0.022697,0.965327,0.335890,0.753303,8.911159,0.033262,0
3493,56.567695,56.301876,2.729658,0.059421,0.126777,0.296846,0.566978,7.921725,0.065783,1
3494,66.714631,61.908012,10.087246,0.035539,0.765023,0.287016,0.702526,20.210846,0.020681,1
3495,21.311083,20.288463,3.286936,0.047616,1.345286,0.208169,0.722302,8.287291,0.065158,1
3496,55.469300,73.472505,6.426552,0.025947,1.080048,0.497133,0.408470,22.389713,0.013553,0
3497,38.092641,38.772720,7.626595,0.054020,0.836600,0.522643,0.616592,13.301935,0.020966,1
3498,75.779173,53.467354,24.874823,0.022175,1.390644,0.256309,0.920285,13.249451,0.006473,0
3499,50.899271,52.728997,10.272432,0.039178,0.946594,0.523750,0.601896,19.108229,0.014877,1
3500,34.432931,30.707883,8.520433,0.023070,1.389033,0.393824,0.708081,13.934151,0.021484,1
3501,60.904157,64.185625,11.652077,0.026910,1.071925,0.491053,0.582276,24.618963,0.012609,1
3502,28.401541,27.849663,2.531068,0.041808,0.205361,0.417898,0.596246,4.984487,0.072003,1
3503,76.473298,93.108943,5.383054,0.057305,0.857544,0.341375,0.378616,26.933887,0.015732,0
3504,53.672339,59.966439,2.333722,0.053539,0.673972,0.224070,0.376506,16.729394,0.038455,1
3505,53.290531,64.245108,6.423465,0.055357,1.365567,0.353496,0.474875,24.794430,0.018087,0
3506,58.589687,57.181567,12.181882,0.056251,0.755449,0.522282,0.645863,18.942253,0.013986,1
3507,73.724843,58.748350,21.310176,0.057935,1.290118,0.294500,0.857588,18.855537,0.009131,0
3508,51.118777,63.661622,3.250010,0.059739,0.886909,0.332285,0.353672,17.898816,0.023242,0
3509,62.836563,78.848186,4.026825,0.054279,0.791741,0.368462,0.345562,20.612600,0.017895,0
3510,44.699048,34.663064,13.478399,0.049357,0.650779,0.518515,0.814294,9.648016,0.014310,0
3511,35.100764,33.298862,5.299545,0.047629,0.315545,0.534075,0.646453,7.329887,0.035302,1
3512,58.457133,66.170761,7.216703,0.023538,0.874886,0.441802,0.482659,21.792786,0.016499,1
3513,56.122973,65.272911,10.187365,0.051358,1.358336,0.462366,0.547214,25.911860,0.013099,1
3514,75.631026,105.350576,2.466109,0.024355,0.913796,0.333652,0.209005,20.778183,0.011914,0
3515,67.256069,48.384536,19.228813,0.022686,0.179642,0.442414,0.969381,1.972718,0.005487,0
3516,50.069998,47.978502,4.237641,0.049290,0.247864,0.278408,0.679136,8.924504,0.051586,1
3517,35.919444,41.545271,3.838815,0.034496,0.882615,0.406595,0.456119,13.380969,0.028900,1
3518,36.273291,45.573081,1.658796,0.026354,0.421047,0.462976,0.283462,7.970195,0.031075,0
3519,62.473522,51.718535,12.911554,0.053536,0.262744,0.460639,0.835906,7.920852,0.016768,0
3520,39.635442,46.006372,0.067996,0.040282,0.273824,0.157492,0.051171,2.178893,0.032162,1
3521,43.496113,32.726039,12.420842,0.036867,0.765206,0.327754,0.891409,7.088544,0.014939,0
3522,22.719878,21.655030,5.068152,0.034757,1.159077,0.436069,0.663777,8.923929,0.034204,1
3523,42.168723,42.011333,4.254983,0.058027,0.889449,0.193544,0.653397,14.677931,0.047949,1
3524,21.974826,24.734206,3.277615,0.059589,1.428736,0.343666,0.549614,10.397661,0.043853,1
3525,48.084897,55.368540,7.025374,0.045364,0.877889,0.499600,0.507108,17.970888,0.017721,1
3526,64.778370,67.875694,7.035712,0.045584,0.746610,0.332283,0.539597,22.219831,0.021344,1
3527,47.466761,33.768525,14.702672,0.039541,0.343690,0.479061,0.919424,4.159500,0.011213,0
3528,36.723620,39.141886,5.184989,0.024192,0.582947,0.533319,0.532524,11.148684,0.026590,1
3529,71.280432,53.812784,25.695184,0.033903,1.107702,0.547940,0.799804,21.015360,0.006815,0
3530,38.143911,33.075230,7.376557,0.053405,0.895047,0.227008,0.839851,8.785668,0.029719,0
3531,62.564166,46.484212,23.375769,0.023243,1.386509,0.515693,0.801203,20.549857,0.007343,0
3532,49.448435,50.124087,11.195852,0.059615,1.462630,0.410071,0.654103,22.054892,0.015039,1
3533,27.627158,29.127839,3.578952,0.040578,0.840828,0.377797,0.547368,10.035157,0.041389,1
3534,21.123483,25.302956,2.100956,0.024619,1.097352,0.378096,0.424823,8.670517,0.046835,0
3535,54.101671,63.716365,0.362460,0.045060,0.219557,0.262301,0.117228,4.988037,0.029591,0
3536,50.420179,62.587904,4.586337,0.024756,1.087904,0.386474,0.394377,20.240526,0.018937,0
3537,78.146992,63.278636,25.371182,0.048102,1.294070,0.459601,0.783518,26.078706,0.007180,0
3538,36.917500,33.281947,6.106604,0.034393,1.368427,0.175206,0.798965,12.127972,0.037115,1
3539,56.035802,44.121042,19.192566,0.045670,1.215235,0.499891,0.791044,17.750824,0.009306,0
3540,67.090235,52.228376,17.484312,0.050982,0.633499,0.316937,0.893773,9.791748,0.010835,0
3541,78.341929,95.186879,0.003900,0.055199,0.121700,0.190322,0.002563,0.216951,0.001526,0
3542,28.431423,34.519862,1.941891,0.041454,1.310956,0.265620,0.379319,12.387990,0.044010,0
3543,41.078933,38.615122,6.327978,0.029716,0.557349,0.393547,0.660487,11.230834,0.030342,1
3544,74.024319,67.729120,11.894328,0.053543,0.361372,0.446713,0.704466,15.366524,0.017372,1
3545,75.850222,61.883451,15.984338,0.041657,0.301952,0.395773,0.864843,9.056677,0.013173,0
3546,48.810407,54.632348,2.876363,0.039185,0.352532,0.413237,0.389631,11.116372,0.032029,1
3547,45.962387,54.033986,1.947019,0.033344,0.731668,0.271442,0.317163,14.006902,0.033385,1
3548,44.654124,31.979619,14.889479,0.053804,1.035935,0.291851,0.927861,6.245073,0.010359,0
3549,22.761988,31.656074,0.138844,0.025065,0.469178,0.297901,0.072588,2.152555,0.029725,0
3550,64.313422,58.251343,9.555648,0.036622,0.904584,0.197106,0.787724,17.740497,0.024056,1
3551,39.817221,48.075685,1.125754,0.024791,0.956805,0.215329,0.249233,12.356499,0.037829,0
3552,58.444002,74.188277,0.527426,0.043812,0.589264,0.218257,0.117835,8.859898,0.020168,0
3553,38.682580,27.626679,14.390476,0.036040,1.175586,0.476450,0.839379,10.230715,0.012207,0
3554,62.502380,80.010608,4.379769,0.027404,0.499922,0.538762,0.336564,16.129218,0.015329,0
3555,63.039667,80.932190,0.255697,0.034178,0.118387,0.447127,0.064155,2.722380,0.012942,0
3556,24.678970,27.076235,1.239154,0.020705,0.700702,0.244390,0.389755,7.924733,0.075982,1
3557,37.087519,28.865289,9.645602,0.029696,0.984152,0.261048,0.886893,7.057552,0.019972,0
3558,73.894316,75.888440,12.275850,0.048955,0.648979,0.513846,0.586830,23.183774,0.012732,1
3559,21.502180,21.798205,3.972751,0.032743,0.955094,0.458963,0.603920,8.097257,0.039953,1
3560,78.288624,106.503778,3.935272,0.029054,0.472376,0.532996,0.267778,17.717511,0.011481,0
3561,47.517709,40.190878,10.176269,0.031377,1.089796,0.256899,0.812198,13.365009,0.021142,0
3562,72.754943,59.203273,14.477396,0.030767,0.190150,0.392778,0.907122,5.273587,0.013339,0
3563,27.385271,28.210013,2.903129,0.053949,0.978272,0.241948,0.585586,10.556171,0.059469,1
3564,69.040779,59.681224,12.857096,0.037227,1.047473,0.195872,0.846479,16.731112,0.017108,0
3565,62.855808,53.580417,11.873572,0.034333,0.347273,0.411316,0.796470,10.479252,0.018569,0
3566,34.039789,28.204112,6.011348,0.038866,0.113935,0.321458,0.966245,0.861790,0.020307,0
3567,34.032065,25.100571,10.802835,0.051528,0.700958,0.436113,0.867618,6.103576,0.017239,0
3568,71.647693,50.633990,29.753612,0.033656,1.452987,0.546159,0.824007,22.342501,0.005485,0
3569,35.157168,36.214536,5.101817,0.034230,0.595499,0.486913,0.564843,10.680131,0.029800,1
3570,64.785136,90.343262,0.300476,0.038530,0.958921,0.186030,0.062817,7.832971,0.010462,0
3571,79.793685,86.661644,10.718142,0.036270,1.080668,0.369086,0.531405,32.989549,0.012990,1
3572,76.554664,62.506394,18.413391,0.026082,0.509322,0.466886,0.792440,15.637670,0.011221,0
3573,23.722716,17.961468,6.329780,0.040568,0.517892,0.312510,0.925475,2.404935,0.026404,0
3574,22.688979,31.089439,2.633115,0.031174,1.434017,0.442610,0.403255,10.519023,0.032194,0
3575,54.714525,47.395564,9.628655,0.039646,0.467040,0.317695,0.803793,10.348028,0.023296,0
3576,37.473760,47.413979,0.676752,0.046194,0.774048,0.225709,0.182614,8.729640,0.035581,0
3577,52.010460,47.983978,11.487436,0.051233,0.836979,0.457565,0.692950,16.716633,0.016136,1
3578,41.253241,48.926095,2.386972,0.045027,1.417806,0.209364,0.380742,18.714163,0.037045,0
3579,60.782518,47.011209,18.076608,0.040666,1.320955,0.304056,0.856251,15.829709,0.010668,0
3580,23.420396,22.636951,4.326066,0.020839,1.364489,0.339859,0.639015,10.244620,0.040275,1
3581,75.869485,74.078108,10.382578,0.043142,0.699446,0.335175,0.630451,23.947934,0.017746,1
3582,30.116101,21.472445,9.807613,0.056832,0.953736,0.192546,0.985420,1.086950,0.006526,0
3583,32.657163,31.323466,8.221787,0.030770,1.232239,0.502822,0.663384,13.231759,0.020024,1
3584,23.297472,31.653568,0.676727,0.046351,0.885046,0.297076,0.208918,6.297501,0.044128,0
3585,66.919657,54.646349,13.547907,0.035821,0.168477,0.491478,0.871841,5.753490,0.015516,0
3586,65.295610,69.344537,10.938212,0.025196,0.900993,0.486273,0.559470,24.450809,0.013090,1
3587,67.217581,77.940753,8.872420,0.058578,0.752667,0.501613,0.491537,23.259307,0.013635,1
3588,58.665830,56.334491,9.327819,0.043018,0.965231,0.307697,0.663722,21.029190,0.020573,1
3589,38.400438,37.820882,4.607989,0.037125,0.903476,0.255430,0.626343,13.824970,0.040626,1
3590,65.657799,70.386950,4.111042,0.034733,0.194745,0.503965,0.432065,11.391251,0.026923,1
3591,65.314192,60.498756,19.038704,0.023064,1.413456,0.534494,0.687774,27.480027,0.008527,1
3592,34.742306,24.540781,11.274948,0.034359,0.707331,0.365636,0.913594,4.602957,0.014745,0
3593,67.806372,87.449983,0.528336,0.037194,0.661722,0.209271,0.102975,9.889047,0.015532,0
3594,22.852857,26.254515,0.457246,0.049353,0.190213,0.365636,0.232218,3.042682,0.083770,1
3595,31.914979,34.393689,2.747430,0.037549,0.356197,0.469824,0.468575,7.575294,0.044441,1
3596,47.715158,38.367258,14.193320,0.027471,1.113360,0.445420,0.777568,15.001487,0.013287,0
3597,48.761137,49.620271,4.698942,0.048344,1.292009,0.163164,0.631316,20.902469,0.041702,1
3598,37.770459,49.465872,0.125576,0.041810,0.125657,0.441130,0.053339,1.453702,0.018383,0
3599,57.311365,70.628953,8.143031,0.047681,1.115969,0.478616,0.477988,24.116544,0.013747,0
3600,58.741440,57.666057,11.539443,0.048669,0.760673,0.500522,0.635104,19.255178,0.014657,1
3601,36.333128,34.133294,6.058818,0.043140,1.403035,0.221585,0.725682,14.342507,0.034947,1
3602,59.821708,83.363555,1.392320,0.049830,1.252835,0.233219,0.183647,17.791780,0.017015,0
3603,72.568387,77.506825,5.177438,0.033193,1.345006,0.174820,0.498744,33.575114,0.027115,1
3604,48.558558,43.163038,12.551112,0.058284,1.101321,0.426390,0.735787,16.666115,0.015052,1
3605,73.216036,74.469261,15.071034,0.053722,1.180297,0.434350,0.630941,30.008031,0.010919,1
3606,50.466637,57.436397,7.946364,0.030123,1.080710,0.473832,0.519840,20.904099,0.016028,1
3607,77.019472,78.996371,14.069655,0.049481,1.081494,0.414899,0.610654,30.716628,0.011540,1
3608,52.826906,69.581148,4.024161,0.022444,0.728497,0.487823,0.339379,16.509445,0.016647,0
3609,60.438876,78.236979,1.989923,0.021230,0.293966,0.523750,0.228145,9.905188,0.017612,0
3610,28.863698,36.563281,0.891938,0.048348,1.252494,0.202505,0.253715,10.345302,0.048959,0
3611,60.043917,79.399711,1.754999,0.036541,0.695744,0.327143,0.213488,14.573919,0.017760,0
3612,24.936313,33.026100,2.533718,0.059916,1.316856,0.384073,0.405897,11.096852,0.035284,0
3613,65.071498,54.781764,19.463129,0.045989,1.034540,0.510483,0.752620,20.914617,0.009353,0
3614,69.847563,94.778011,0.962440,0.054748,1.316367,0.175489,0.145184,18.280895,0.016221,0
3615,70.757717,79.619051,6.520061,0.022261,0.632622,0.421070,0.443221,22.224275,0.016664,1
3616,39.692105,40.781391,8.256020,0.056471,1.054420,0.480175,0.622627,15.485685,0.019414,1
3617,47.035828,45.692871,3.508522,0.034897,0.435692,0.194419,0.658499,11.395038,0.060805,1
3618,78.266331,86.229320,3.402212,0.034112,0.278928,0.368816,0.362721,15.504185,0.024604,1
3619,51.973138,37.672852,16.012977,0.031015,1.431177,0.156474,0.979805,3.035338,0.005018,0
3620,24.586641,27.196179,0.733962,0.021669,0.292900,0.301851,0.309612,4.691830,0.087788,1
3621,57.365672,44.647006,13.728280,0.036710,0.538659,0.213784,0.964229,3.311953,0.008740,0
3622,50.364434,38.259335,12.365531,0.040793,0.165126,0.249159,0.997689,0.147927,0.001417,0
3623,25.722428,25.638543,6.398451,0.048968,1.381197,0.476246,0.657822,11.103582,0.025512,1
3624,72.314839,99.855181,2.913415,0.044336,1.168545,0.296170,0.246353,24.647236,0.013618,0
3625,30.898594,36.480793,5.283946,0.038694,1.492930,0.439472,0.526624,15.027958,0.023991,0
3626,49.705547,49.822524,5.393793,0.040185,0.674428,0.296758,0.588394,15.883416,0.032122,1
3627,64.926399,85.182814,9.733846,0.029108,1.336039,0.508364,0.459323,29.783495,0.010403,0
3628,40.493074,37.112524,5.706748,0.032188,1.117458,0.171187,0.779642,12.686155,0.040445,1
3629,42.417066,51.113664,2.701773,0.045182,0.557742,0.414048,0.356799,11.814499,0.028435,0
3630,64.024161,85.023530,1.083715,0.026657,0.705590,0.277570,0.154010,12.760938,0.015895,0
3631,45.930035,55.103367,0.523688,0.032631,0.118371,0.461937,0.148714,3.663311,0.031758,0
3632,60.251462,73.037906,8.261767,0.051329,1.236535,0.422873,0.484375,26.708385,0.014070,0
3633,46.379692,64.399076,0.764920,0.028111,0.896702,0.267125,0.141973,9.868555,0.019153,0
3634,61.613747,83.013292,1.838400,0.023294,0.350208,0.502612,0.204364,10.340670,0.015475,0
3635,74.916679,66.935471,12.382272,0.046408,0.628200,0.281972,0.772236,17.931490,0.018037,1
3636,72.629522,56.310039,16.576569,0.028339,0.153175,0.264435,0.994656,0.436064,0.002041,0
3637,26.775595,19.974147,9.550255,0.026571,1.157851,0.515569,0.805403,7.933579,0.018538,0
3638,42.079980,49.209341,1.894563,0.029613,0.415563,0.379884,0.320459,9.706552,0.034724,1
3639,53.638576,66.410481,4.385432,0.046828,1.160939,0.329652,0.393319,22.227066,0.020187,0
3640,73.438423,83.411724,4.463660,0.052775,1.486278,0.167724,0.445545,35.384431,0.026319,1
3641,39.235634,43.171479,6.827852,0.042013,1.110057,0.464452,0.557496,16.320052,0.020562,1
3642,36.959339,30.629625,6.971457,0.042933,0.175483,0.425440,0.882075,3.059224,0.029998,0
3643,39.568983,44.693520,1.152808,0.023972,0.173020,0.430702,0.285343,5.591040,0.047919,1
3644,42.084182,49.235708,2.638810,0.054105,1.264410,0.218867,0.406447,18.357240,0.037454,1
3645,49.177134,59.688683,2.689973,0.051387,1.183573,0.241267,0.353808,19.894114,0.028807,0
3646,31.552089,35.117751,1.676925,0.032766,1.137520,0.191882,0.405661,13.047973,0.060047,1
3647,63.004783,57.321026,7.658854,0.025909,0.332908,0.275964,0.766555,11.130208,0.030520,1
3648,55.560684,52.831630,3.822416,0.023876,0.128927,0.266201,0.728051,6.620033,0.062484,1
3649,59.582269,45.816414,15.288900,0.024795,0.884920,0.234646,0.919239,8.392411,0.011385,0
3650,30.331312,22.659311,10.416795,0.038536,1.039862,0.482421,0.821266,8.080078,0.017508,0
3651,25.933450,20.780812,5.928930,0.050635,0.529041,0.272304,0.911915,3.014480,0.031114,0
3652,44.505122,40.549618,5.621811,0.057577,0.212314,0.369416,0.759204,6.386551,0.041110,1
3653,67.269991,78.090367,6.493759,0.023587,0.819956,0.407093,0.433357,23.961282,0.015863,1
3654,29.322221,29.030999,5.639346,0.051289,0.980758,0.424018,0.638151,10.883027,0.030438,1
3655,60.292012,48.494646,15.008899,0.021716,0.584580,0.437791,0.803949,12.751177,0.013706,0
3656,77.155159,68.272847,12.469677,0.039023,0.222775,0.492679,0.751625,11.532256,0.017650,1
3657,53.118452,38.922227,17.366124,0.053146,1.463981,0.202638,0.956201,5.960664,0.007121,0
3658,75.307865,76.473767,11.655891,0.038442,0.620657,0.483829,0.584288,23.138551,0.013587,1
3659,59.568781,44.168697,21.316036,0.025911,1.440646,0.448227,0.814437,19.121127,0.008345,0
3660,58.168192,48.353452,11.371971,0.054813,0.339025,0.317878,0.883252,6.644856,0.018223,0
3661,59.274591,62.407235,6.402967,0.039170,1.118295,0.264952,0.544834,24.848641,0.023869,1
3662,41.803002,54.400520,3.990661,0.028538,0.755249,0.523842,0.380703,13.840215,0.020019,0
3663,67.796027,50.098980,21.665346,0.047797,1.498520,0.214107,0.940442,9.829199,0.006665,0
3664,34.230061,40.552758,2.030450,0.029561,1.191665,0.252788,0.363694,14.028340,0.039745,0
3665,38.427242,42.985207,2.211056,0.024170,0.340543,0.421546,0.382396,8.554537,0.040355,1
3666,66.745876,70.126594,5.555203,0.037282,0.609366,0.305363,0.502877,20.785585,0.025074,1
3667,77.599094,96.041523,2.094070,0.035368,0.391322,0.367605,0.226005,14.595317,0.016849,0
3668,56.779152,58.353565,9.668256,0.050704,1.234177,0.352063,0.612418,24.158633,0.017246,1
3669,71.265763,87.354912,4.334009,0.058256,1.190015,0.256587,0.367067,29.276516,0.018879,0
3670,36.058890,47.679465,0.509290,0.057062,1.181117,0.175252,0.154437,9.315698,0.034613,0
3671,57.665425,46.203835,12.808599,0.026230,0.805456,0.201231,0.924254,7.381438,0.013695,0
3672,20.730101,23.656510,0.879183,0.024208,0.602632,0.279135,0.332241,5.843685,0.080838,1
3673,30.136645,40.961318,1.485190,0.033358,0.548007,0.485943,0.266834,7.332886,0.030319,0
3674,58.865346,70.468890,2.729740,0.057848,0.990403,0.232800,0.339639,21.456376,0.026856,0
3675,79.342355,101.690662,6.559556,0.046495,0.924562,0.409530,0.372912,28.877959,0.012115,0
3676,23.503773,20.039589,5.893445,0.041375,1.446059,0.301341,0.784159,8.277134,0.034384,0
3677,65.722308,70.136432,2.416882,0.049450,0.118428,0.442887,0.377569,8.594672,0.037936,1
3678,29.908923,40.965117,0.012941,0.038310,0.413471,0.195894,0.010485,0.534181,0.007373,0
3679,56.196939,54.107300,4.880720,0.053079,0.594443,0.153825,0.740488,14.040457,0.048621,1
3680,67.876806,74.665437,4.750535,0.043578,1.480538,0.172152,0.483120,32.919425,0.028034,1
3681,23.038720,30.369804,2.202632,0.033836,1.277700,0.397213,0.384174,9.948210,0.036930,0
3682,49.375481,67.990771,7.487626,0.059354,1.429945,0.496580,0.460601,23.439930,0.013540,0
3683,74.573095,63.543373,24.301618,0.048354,1.263410,0.535115,0.748065,26.745323,0.007114,0
3684,54.275710,41.228753,15.240337,0.047463,0.936358,0.238128,0.933357,6.789369,0.010336,0
3685,43.646803,48.838695,1.307695,0.034998,0.623748,0.203235,0.314205,12.232252,0.050652,1
3686,76.444803,93.671339,0.446639,0.050625,0.101741,0.445918,0.093172,4.062614,0.015324,0
3687,20.583858,19.734218,4.349481,0.038110,0.949447,0.461194,0.655058,7.389244,0.039828,1
3688,45.527500,36.772747,14.533119,0.029682,1.466982,0.437077,0.773479,16.601043,0.012491,0
3689,28.589379,26.596951,4.461127,0.027689,0.718839,0.329984,0.680549,8.662015,0.044677,1
3690,29.429769,32.116842,5.141045,0.022497,1.029199,0.498453,0.550071,11.817014,0.026596,1
3691,31.108453,26.683391,7.292660,0.038750,1.025890,0.349758,0.764998,9.682679,0.027885,0
3692,27.689299,34.999691,1.255874,0.025415,0.963876,0.299600,0.285634,9.238944,0.041729,0
3693,68.624596,75.339412,1.307659,0.034911,0.252108,0.247078,0.267790,11.346023,0.038678,1
3694,51.047933,65.869843,4.614062,0.037334,0.710774,0.512140,0.377121,16.348335,0.017234,0
3695,54.571125,59.828166,4.050615,0.044309,0.466674,0.380364,0.442570,14.717986,0.027843,1
3696,43.811088,61.050177,3.352601,0.049983,1.334647,0.364938,0.337978,18.502850,0.019792,0
3697,47.723588,39.583289,10.246809,0.050958,0.528032,0.331500,0.843398,8.319736,0.020869,0
3698,72.936171,58.606970,18.947638,0.045879,0.811686,0.356739,0.830748,16.581418,0.010765,0
3699,73.353613,102.159159,0.002086,0.025198,0.262169,0.202130,0.001018,0.128540,0.000451,0
3700,60.870626,58.488957,12.395990,0.036219,1.126641,0.401043,0.656328,23.770478,0.014199,1
3701,66.191480,71.735092,5.997442,0.023529,0.855305,0.314313,0.475237,24.374458,0.020694,1
3702,52.746629,53.980192,12.723904,0.056261,1.361095,0.478767,0.646166,22.883077,0.012622,1
3703,42.517885,51.111149,1.498468,0.029304,0.653404,0.287161,0.276098,11.490345,0.033875,0
3704,24.257878,22.614267,3.715081,0.058219,0.745039,0.275364,0.724586,6.991710,0.057915,1
3705,74.147212,63.781491,13.986362,0.040760,0.367356,0.419005,0.781983,13.237500,0.015643,0
3706,22.659935,19.368491,5.311441,0.033240,0.737957,0.435048,0.749355,6.194260,0.037575,0
3707,50.669636,41.156481,15.802065,0.031716,1.352252,0.442452,0.771796,17.813022,0.011596,0
3708,66.794947,91.790310,1.298209,0.044633,0.797910,0.283951,0.162058,14.638829,0.014482,0
3709,60.690758,62.169697,3.904668,0.054219,0.712713,0.170068,0.568769,20.135989,0.045102,1
3710,72.917746,94.534130,2.332807,0.039608,0.808913,0.294723,0.233902,20.101258,0.015858,0
3711,79.650428,61.953579,26.234132,0.047267,0.926301,0.523732,0.798807,21.538454,0.006998,0
3712,66.812210,76.880345,0.386023,0.034949,0.263537,0.205537,0.116975,6.738437,0.027869,1
3713,72.872764,89.249811,6.893663,0.046090,1.160552,0.352817,0.419728,30.682820,0.014111,0
3714,28.998264,26.991190,2.815384,0.048997,0.291682,0.214092,0.788648,4.530627,0.086279,1
3715,62.126813,73.594104,2.536806,0.025409,0.743026,0.275920,0.303665,18.721759,0.023659,0
3716,39.205587,46.665218,1.414951,0.053163,0.259240,0.454403,0.281769,6.740085,0.037224,0
3717,31.178415,37.520574,1.325845,0.049925,1.035918,0.225571,0.320447,11.354848,0.049988,0
3718,29.455419,25.494808,6.583806,0.051747,0.612220,0.445170,0.751647,7.298177,0.030864,0
3719,75.527096,55.968651,19.869926,0.047966,0.116179,0.261715,0.999737,0.025227,0.000145,0
3720,40.044734,43.358893,1.139890,0.045708,0.243378,0.280059,0.335084,7.197881,0.065854,1
3721,57.962907,74.413061,0.954839,0.057235,0.339556,0.362275,0.162108,8.288561,0.020055,0
3722,75.375666,63.723421,20.205662,0.036155,0.946388,0.459689,0.750364,23.283687,0.009420,0
3723,56.354537,58.955908,6.342081,0.035085,1.378180,0.237992,0.560108,26.093045,0.025049,1
3724,56.486071,64.214490,7.898546,0.039464,0.714732,0.533821,0.501599,19.051085,0.015649,1
3725,63.961141,49.724749,16.690437,0.059023,0.396982,0.440586,0.870799,8.488881,0.011864,0
3726,74.902708,68.363928,14.052185,0.048560,1.138614,0.267876,0.744062,25.714141,0.015027,1
3727,53.048980,60.432898,7.068660,0.053087,0.773585,0.483148,0.500975,18.613999,0.017697,1
3728,71.036033,89.675639,6.771667,0.035258,0.783317,0.482551,0.394587,24.200976,0.012688,0
3729,49.412088,43.110069,11.140014,0.025674,0.810281,0.426652,0.726231,14.808427,0.017544,1
3730,40.155277,35.435472,12.128430,0.051075,1.439112,0.464828,0.737242,15.710067,0.014565,1
3731,57.423318,73.927984,8.913967,0.043951,1.162827,0.534450,0.475469,24.656641,0.012032,0
3732,31.495697,42.845669,0.099091,0.041136,0.662013,0.199096,0.049401,2.617665,0.020021,0
3733,52.406446,59.106334,12.864938,0.059008,1.496782,0.536559,0.610067,24.598648,0.011152,1
3734,40.903284,57.014537,0.322659,0.054073,0.737669,0.236528,0.090641,5.735056,0.019646,0
3735,50.349991,69.292084,6.708842,0.047349,1.425844,0.469126,0.432723,23.643440,0.013943,0
3736,30.585602,36.860574,0.693789,0.023662,0.965271,0.195264,0.224297,8.996337,0.051022,0
3737,26.506617,31.994808,0.314401,0.038709,0.298401,0.292793,0.152832,3.418287,0.055685,0
3738,53.030248,63.346410,4.550271,0.040621,1.058612,0.335734,0.413954,21.258881,0.021270,0
3739,43.868936,57.176005,2.213363,0.030375,0.563193,0.447326,0.284214,11.162285,0.023023,0
3740,41.585808,53.766250,0.077326,0.048078,0.559044,0.168044,0.038547,2.599934,0.016003,0
3741,43.133773,40.557010,9.072223,0.058682,1.243350,0.334353,0.707926,16.518566,0.021357,1
3742,69.490177,82.678459,3.409812,0.052444,1.454340,0.180991,0.367843,31.580683,0.024846,0
3743,62.796903,67.497239,2.815963,0.030053,0.123010,0.518702,0.387637,8.435712,0.033526,1
3744,75.563682,95.149435,1.766704,0.052262,1.474491,0.154082,0.233795,28.116603,0.021674,0
3745,37.270060,26.887998,10.609680,0.028754,0.231751,0.351423,0.980011,0.868327,0.007676,0
3746,70.851920,92.346744,4.439345,0.057127,0.962683,0.350025,0.330095,25.178510,0.014885,0
3747,73.342163,74.651003,6.566130,0.056657,0.488115,0.305174,0.560939,20.203115,0.025214,1
3748,50.204247,46.700113,7.165608,0.059801,1.027973,0.160205,0.817299,13.481736,0.032479,1
3749,73.990880,51.996961,24.486835,0.026744,0.609919,0.452937,0.888810,10.949744,0.007240,0
3750,23.036650,25.050963,2.342101,0.025347,0.512897,0.458727,0.479534,6.573132,0.052644,1
3751,33.045010,28.305452,6.769178,0.043471,0.485107,0.413866,0.774684,6.908192,0.031510,0
3752,21.056151,18.304297,5.080828,0.033279,0.703359,0.503668,0.725142,5.890835,0.037506,0
3753,67.262524,76.553036,7.157522,0.048027,0.573259,0.487455,0.463578,20.232234,0.016003,1
3754,55.689823,69.563440,3.059768,0.042869,1.148747,0.274873,0.329758,21.609634,0.022067,0
3755,64.746929,54.695451,19.763573,0.052182,1.191284,0.478858,0.758988,22.019374,0.009208,0
3756,48.374958,40.380345,9.818474,0.049734,0.239613,0.504505,0.816789,6.282688,0.022209,0
3757,59.050302,47.294098,17.887673,0.059564,1.408855,0.323351,0.838664,17.146568,0.010794,0
3758,55.689517,69.281099,1.696607,0.058711,1.130946,0.195953,0.265946,19.433386,0.028275,0
3759,54.843492,64.953999,11.609419,0.054964,1.346138,0.541200,0.564480,25.052866,0.011433,0
3760,50.724707,65.005366,0.883089,0.036893,0.698194,0.251339,0.170172,10.732517,0.023770,0
3761,69.094237,96.045866,2.204786,0.022245,0.458878,0.476217,0.203829,13.253164,0.012704,0
3762,57.213803,78.485275,0.692017,0.022841,0.453135,0.346977,0.116568,7.547826,0.014665,0
3763,25.127961,22.194347,3.217424,0.028965,0.276369,0.192458,0.912563,2.099516,0.062514,1
3764,77.234360,69.124281,16.498081,0.055944,0.721457,0.420929,0.726395,21.834587,0.012053,1
3765,57.082249,68.150168,7.952355,0.055107,1.260351,0.407056,0.497076,25.564968,0.015293,0
3766,73.400436,78.889194,6.075296,0.055203,0.488207,0.366589,0.480758,20.436439,0.021195,1
3767,74.368255,54.148826,22.440113,0.057912,0.656522,0.249860,0.968293,4.292225,0.004731,0
3768,76.492175,104.620774,7.484791,0.042547,1.334999,0.408776,0.379569,33.639780,0.010535,0
3769,72.177020,89.725271,7.731711,0.059290,0.982131,0.424271,0.432948,28.132033,0.012960,0
3770,78.528920,58.124902,21.176748,0.038058,0.294545,0.303952,0.975829,2.421415,0.004386,0
3771,66.964090,54.403624,18.592821,0.032603,1.466533,0.321569,0.802590,22.525419,0.010652,0
3772,36.484702,40.335828,1.445185,0.025987,0.182080,0.448319,0.343046,5.723762,0.052676,1
3773,31.190035,26.975017,7.027150,0.023732,1.210175,0.324990,0.747036,10.971516,0.028676,0
3774,21.383803,20.159905,5.165993,0.023604,1.078574,0.505334,0.663932,8.100759,0.032503,1
3775,74.569943,57.679348,20.135915,0.031901,1.487025,0.183641,0.929317,12.300980,0.008101,0
3776,20.304027,20.019081,4.246660,0.033287,0.981734,0.484687,0.632167,7.581244,0.038647,1
3777,62.996377,59.538699,9.153388,0.057620,1.128034,0.187238,0.761191,20.743406,0.024748,1
3778,38.366238,39.299617,3.845675,0.041688,0.797186,0.270251,0.563070,13.494790,0.042554,1
3779,60.035579,69.134520,4.988570,0.024550,0.908950,0.340787,0.419489,22.367764,0.020035,1
3780,41.373613,43.182754,3.254241,0.039221,1.390613,0.155592,0.561883,19.229562,0.051919,1
3781,46.330204,59.045701,1.940904,0.040536,1.192085,0.249908,0.282548,17.102584,0.026745,0
3782,47.905320,52.436758,9.488068,0.045767,1.499820,0.427706,0.587219,22.843648,0.015517,1
3783,49.487249,46.920973,13.839545,0.039797,1.238134,0.547876,0.681890,19.642968,0.011824,1
3784,47.427234,35.456610,13.335981,0.021866,1.055609,0.250201,0.911476,7.816246,0.013157,0
3785,41.224295,50.196289,3.075267,0.021146,0.791930,0.396740,0.369276,13.842545,0.025925,0
3786,44.686174,60.115602,0.585703,0.048359,0.799387,0.237547,0.133862,8.624294,0.022744,0
3787,65.658414,79.096637,6.158313,0.021353,1.365714,0.329000,0.414411,29.904004,0.015438,0
3788,60.749324,46.571327,16.825682,0.057686,0.674846,0.324374,0.899147,8.812713,0.010909,0
3789,79.124287,58.535146,25.542570,0.043241,1.104962,0.350216,0.871299,17.472879,0.007212,0
3790,78.250844,61.877268,21.842245,0.047650,1.354399,0.253598,0.877320,18.502296,0.008797,0
3791,74.100149,74.137676,17.231845,0.035553,1.239918,0.490372,0.637890,30.931005,0.009265,1
3792,58.197747,46.484440,14.932677,0.027654,1.009528,0.314769,0.830710,14.757454,0.013712,0
3793,30.217735,21.618109,9.070583,0.041455,0.396641,0.342624,0.958727,1.682198,0.013556,0
3794,50.089826,43.747493,10.760728,0.048171,1.059226,0.293187,0.778946,15.306032,0.019644,1
3795,72.870205,83.860217,1.799309,0.031094,1.098255,0.150245,0.275407,25.499838,0.029103,1
3796,71.922537,91.751369,1.240830,0.034964,0.272469,0.414536,0.165258,9.328714,0.015967,0
3797,59.126651,76.997400,0.015580,0.037198,0.296375,0.188890,0.007986,0.704509,0.003600,0
3798,43.375715,30.821708,17.078300,0.041082,1.357582,0.489921,0.836872,12.453010,0.009952,0
3799,23.594282,20.272695,4.967059,0.035468,0.463132,0.471147,0.753254,5.066967,0.041713,0
3800,43.193472,36.423218,7.744393,0.023180,0.190986,0.454019,0.836640,4.655487,0.028777,0
3801,46.688179,56.414578,1.376759,0.025414,1.055202,0.207155,0.255634,15.420278,0.032363,0
3802,65.320521,78.703899,0.320754,0.023097,0.629243,0.154839,0.090490,8.448326,0.020322,0
3803,37.289417,26.343317,11.354828,0.036780,0.422102,0.198566,0.998002,0.153473,0.001317,0
3804,26.256665,34.855886,0.917181,0.057378,0.919658,0.288330,0.243375,7.887294,0.043145,0
3805,60.628696,51.127220,11.089376,0.025183,0.965676,0.150832,0.917456,9.069055,0.016939,0
3806,75.891908,82.602731,8.803019,0.033353,1.397717,0.281114,0.520533,35.746984,0.015796,1
3807,44.039300,52.592996,0.797593,0.057014,0.892132,0.160176,0.223211,12.418830,0.044810,0
3808,62.491756,58.194160,7.956847,0.040416,0.352327,0.352026,0.696237,12.969513,0.026777,1
3809,28.220662,23.742811,5.665147,0.036352,0.671431,0.277023,0.836990,5.695191,0.038446,0
3810,28.912709,20.327415,10.943021,0.057740,1.458329,0.343460,0.896132,6.299176,0.015044,0
3811,79.703105,93.376813,2.946321,0.024709,0.196401,0.516444,0.289051,12.072295,0.018736,1
3812,57.803132,74.579251,0.990167,0.037918,1.357578,0.169410,0.175805,17.411581,0.022658,0
3813,31.296821,23.366218,8.243741,0.036421,0.364236,0.197279,0.995672,0.240113,0.003412,0
3814,30.003995,30.366301,3.056931,0.038706,0.576239,0.321669,0.565243,8.964591,0.053723,1
3815,58.668682,79.556650,0.910193,0.023970,0.251010,0.491122,0.137792,6.471868,0.015252,0
3816,50.383802,62.298741,3.157225,0.053155,0.401591,0.519539,0.338968,11.685408,0.022063,0
3817,58.128981,44.998534,20.302231,0.051700,1.353413,0.450351,0.811706,18.249444,0.008861,0
3818,22.203691,27.960526,0.366100,0.028895,0.293131,0.380854,0.165069,2.984921,0.054233,0
3819,35.898846,41.748339,3.966299,0.024326,0.951299,0.412406,0.453574,13.873784,0.027441,1
3820,75.437295,61.313693,18.892362,0.033675,0.935887,0.333845,0.816186,19.402468,0.010912,0
3821,37.220011,35.280530,3.453503,0.059262,0.140477,0.399920,0.687053,4.941731,0.063496,1
3822,50.042335,48.471043,6.887039,0.035204,0.855124,0.293963,0.642079,17.277772,0.027447,1
3823,47.836793,42.727255,8.530211,0.042264,0.352070,0.487106,0.721337,9.532583,0.024290,1
3824,29.169691,21.087179,9.175553,0.059189,0.445536,0.481503,0.894769,3.546034,0.019427,0
3825,55.751963,75.291590,0.936622,0.059331,0.723391,0.268521,0.155421,11.319465,0.018748,0
3826,34.418345,39.465236,1.539914,0.045055,0.629416,0.271998,0.346504,10.076897,0.049687,1
3827,57.075095,50.969338,8.509654,0.056485,0.171361,0.503282,0.756067,7.409941,0.026375,1
3828,78.247889,94.020240,2.567523,0.042360,1.055810,0.200377,0.283764,27.239785,0.021029,0
3829,31.354119,28.301130,9.149022,0.026919,1.346219,0.519149,0.702433,12.602034,0.018342,1
3830,51.367144,61.686739,2.326312,0.030761,0.254342,0.533407,0.302598,9.042244,0.025260,0
3831,35.968997,32.644210,4.343250,0.025163,0.376636,0.243303,0.784560,6.457588,0.054468,1
3832,58.539614,59.637665,10.282480,0.024895,0.875258,0.470847,0.589993,21.290533,0.015075,1
3833,67.045682,47.945235,21.729405,0.022751,0.636921,0.466842,0.869742,11.334742,0.008480,0
3834,64.236181,85.523516,0.140456,0.038252,0.430966,0.223795,0.038989,3.559031,0.008943,0
3835,42.274096,45.046020,1.632619,0.048595,0.174663,0.367317,0.389099,6.774187,0.059083,1
3836,69.737541,62.083591,22.123900,0.059948,1.364650,0.517719,0.735616,26.652138,0.007757,1
3837,66.673549,84.585942,5.516388,0.027606,0.903242,0.420816,0.369691,23.918494,0.014156,0
3838,62.765180,87.229139,3.577402,0.030855,0.857822,0.423469,0.282444,19.650981,0.013732,0
3839,78.762549,64.904258,15.833471,0.041675,0.556397,0.218086,0.921249,8.630851,0.011466,0
3840,21.333238,19.965526,4.036968,0.021739,1.311519,0.321572,0.670565,8.841631,0.046065,1
3841,65.732046,89.870682,10.835314,0.036879,1.479666,0.530154,0.468929,31.801612,0.009383,0
3842,22.125138,27.040058,1.712116,0.029981,0.999844,0.352927,0.379401,8.419554,0.048742,0
3843,27.773224,36.386201,0.163085,0.045042,0.601057,0.213511,0.082948,3.289636,0.033232,0
3844,32.369891,45.135587,1.026738,0.058479,1.154321,0.268340,0.219227,10.276736,0.031664,0
3845,29.873773,31.431628,4.309463,0.026998,0.792536,0.443288,0.548837,10.530258,0.033586,1
3846,41.706652,34.635525,9.863503,0.042546,0.564777,0.440588,0.787916,9.085590,0.020991,0
3847,48.913453,52.235483,4.497168,0.056588,0.294524,0.521490,0.487323,10.584726,0.028804,1
3848,61.005595,43.456847,22.495832,0.045169,0.851904,0.547862,0.841277,13.628547,0.007846,0
3849,79.764017,103.719374,0.493665,0.058131,0.189363,0.395064,0.084164,5.361276,0.011264,0
3850,68.053206,67.034790,5.436052,0.038530,0.547537,0.208750,0.622261,19.138392,0.036155,1
3851,41.423968,53.864922,0.000463,0.026035,0.153131,0.200046,0.000548,0.031351,0.000596,0
3852,44.184533,61.765153,1.114093,0.025819,0.342701,0.516022,0.176570,6.705418,0.019422,0
3853,72.923031,52.691868,26.646496,0.046219,1.152388,0.457096,0.845211,18.636975,0.006653,0
3854,49.670147,69.238469,0.009302,0.029375,0.161386,0.308618,0.004957,0.286301,0.002330,0
3855,46.986676,63.195068,1.469172,0.021804,0.884006,0.313145,0.213626,12.860223,0.021043,0
3856,44.989425,61.898415,3.314396,0.045426,0.938876,0.435301,0.328357,15.755402,0.019046,0
3857,66.202359,75.770966,4.796980,0.054962,0.432072,0.442848,0.406469,16.881145,0.020130,1
3858,64.512229,90.161628,8.930195,0.053166,1.223537,0.530562,0.434034,28.078168,0.010393,0
3859,29.068040,30.475199,5.134113,0.033171,0.912794,0.485761,0.577471,10.869732,0.029013,1
3860,65.745177,79.197834,10.664343,0.030375,1.496009,0.444183,0.505037,32.077941,0.011168,0
3861,53.084268,48.789349,7.500507,0.055835,0.324822,0.388182,0.716998,10.236869,0.028811,1
3862,69.496030,75.176739,3.507624,0.033502,0.407968,0.302616,0.405495,17.209331,0.028862,1
3863,78.376089,55.172322,34.082032,0.059218,1.479932,0.548460,0.839184,23.276108,0.004668,0
3864,48.595291,66.802307,0.272280,0.021052,0.653839,0.239739,0.070299,5.293268,0.014300,0
3865,76.717775,54.441640,23.833981,0.023024,0.864392,0.264559,0.945024,7.931776,0.005893,0
3866,25.285571,32.913470,2.195075,0.056084,0.927499,0.425341,0.377590,9.253931,0.036688,0
3867,78.261748,82.715965,10.227900,0.043052,0.994195,0.343704,0.553587,30.849899,0.014740,1
3868,70.757562,81.453812,4.815722,0.051455,1.221837,0.226418,0.426163,30.666557,0.022141,1
3869,59.009812,49.553703,17.717300,0.047097,0.916649,0.548894,0.750874,17.920075,0.010228,0
3870,21.832519,16.677199,5.480390,0.035934,0.207837,0.478635,0.915860,1.537047,0.032415,0
3871,70.643380,85.894277,2.342624,0.032914,1.355630,0.185262,0.277092,27.547196,0.021979,0
3872,23.489182,30.453557,1.158734,0.047945,1.122611,0.285871,0.298700,8.636200,0.048774,0
3873,42.794311,58.657284,0.009698,0.050949,0.189327,0.273853,0.006112,0.321854,0.003390,0
3874,22.343277,27.254309,1.490618,0.048886,0.563277,0.433062,0.357902,6.260880,0.051413,0
3875,52.087213,64.804888,5.151458,0.031465,0.913454,0.443646,0.406938,19.317396,0.017570,0
3876,55.348389,39.236976,22.012509,0.041826,1.362302,0.497451,0.836696,15.929099,0.007673,0
3877,72.964210,73.801596,9.210614,0.036630,0.810724,0.329775,0.583185,25.637517,0.018012,1
3878,73.708830,92.261402,3.165334,0.044412,0.277136,0.548363,0.277355,13.001788,0.015747,0
3879,55.733042,69.672441,3.506223,0.034013,1.176686,0.298740,0.343353,22.234567,0.020363,0
3880,63.444585,66.616083,10.840069,0.048516,0.898799,0.461030,0.581880,23.488641,0.014082,1
3881,36.290995,29.132800,8.137098,0.040302,0.508513,0.286857,0.899113,4.571100,0.023793,0
3882,54.101766,39.896049,16.525968,0.034719,0.813651,0.363867,0.880640,9.725488,0.011223,0
3883,45.352001,40.769549,11.631664,0.027391,1.365751,0.422546,0.704839,18.291705,0.015410,1
3884,75.478683,81.295747,10.706213,0.024994,1.326972,0.347516,0.538854,34.522239,0.013141,1
3885,47.421517,33.464566,15.823761,0.034761,0.720560,0.417919,0.890764,7.531413,0.011121,0
3886,76.299787,57.991940,20.447466,0.037763,0.558467,0.332074,0.905688,9.585848,0.008879,0
3887,66.488583,67.178533,4.847457,0.048404,0.138026,0.503932,0.529556,9.827504,0.031961,1
3888,50.834283,56.262162,1.139346,0.028826,0.328111,0.244068,0.278229,9.771734,0.047220,1
3889,45.844518,61.876422,0.708779,0.027684,0.830499,0.256435,0.142759,9.422839,0.021052,0
3890,43.040902,48.906571,3.706179,0.035698,0.716046,0.375891,0.435548,14.339847,0.028759,1
3891,34.510100,26.063142,8.551844,0.030050,0.134180,0.186637,0.999987,0.000747,0.000025,0
3892,40.180438,49.866073,5.718794,0.044437,1.102812,0.491000,0.473697,16.796939,0.019214,0
3893,36.924057,48.722683,0.879302,0.036036,0.658935,0.312141,0.191079,8.161957,0.029106,0
3894,25.885662,35.795815,0.030487,0.033635,0.293909,0.277720,0.022113,0.739743,0.013525,0
3895,24.480766,19.745747,5.138185,0.031696,0.162802,0.496663,0.884652,1.921403,0.039650,0
3896,40.366532,31.751680,10.907823,0.059864,1.003971,0.242930,0.912265,6.444703,0.016217,0
3897,36.774260,50.759252,0.038384,0.040449,0.350287,0.245861,0.020439,1.073385,0.009216,0
3898,75.941114,105.335239,3.453818,0.032591,1.240577,0.311395,0.256760,27.258483,0.012235,0
3899,34.538341,45.712550,3.813634,0.036755,1.380382,0.412613,0.408594,15.761866,0.023199,0
3900,29.933191,30.066547,3.874190,0.035416,0.984099,0.293040,0.598688,11.481958,0.044437,1
3901,20.059940,25.335812,2.875216,0.058779,1.345073,0.437709,0.479904,9.269602,0.039127,0
3902,52.927539,47.026074,14.934274,0.043590,1.499019,0.422462,0.730231,21.417162,0.012073,1
3903,60.944370,78.720395,0.137632,0.028810,0.113542,0.416214,0.041683,1.829818,0.010425,0
3904,73.708744,86.956944,6.766664,0.034462,0.678888,0.445179,0.419395,23.732347,0.014453,0
3905,64.474262,72.529714,4.493406,0.057006,0.508054,0.370752,0.419265,17.957030,0.022933,1
3906,67.429541,57.316174,12.149782,0.054983,0.581657,0.170043,0.941148,6.033966,0.013418,0
3907,50.738919,52.626094,5.136734,0.031276,1.151722,0.237627,0.549958,21.552714,0.030590,1
3908,75.567970,83.139636,5.524123,0.027721,0.246565,0.549530,0.425259,14.706241,0.019007,1
3909,31.736540,35.777644,3.685259,0.055424,0.688179,0.452067,0.487882,10.498325,0.033504,1
3910,55.817084,39.491552,22.398278,0.037787,1.331713,0.522631,0.831137,16.229833,0.007485,0
3911,49.732341,58.980425,0.330653,0.049806,0.197010,0.285198,0.113816,4.253173,0.030606,0
3912,41.081541,32.169274,9.303376,0.027430,0.305600,0.281282,0.955842,2.120137,0.014614,0
3913,73.518195,70.414416,14.100722,0.023310,1.114108,0.386440,0.645562,28.873396,0.012408,1
3914,48.913474,67.724156,5.430353,0.038193,1.284691,0.460057,0.393891,21.330571,0.015085,0
3915,31.582324,34.539549,0.460922,0.033924,0.204467,0.240345,0.240271,4.442280,0.090628,1
3916,63.134589,65.853384,5.115854,0.040612,1.151499,0.184594,0.548660,26.826404,0.031663,1
3917,64.122059,82.285304,8.926170,0.042880,1.364944,0.451434,0.460886,29.742730,0.011740,0
3918,65.122660,52.685849,13.192645,0.022835,0.329909,0.277965,0.927082,5.182207,0.013325,0
3919,48.410515,67.703485,2.238208,0.049050,0.703391,0.427359,0.254510,13.024288,0.018488,0
3920,32.268917,23.909816,11.387388,0.048012,0.864409,0.549301,0.822173,7.812462,0.015801,0
3921,41.516663,55.111510,1.695635,0.047576,0.634705,0.389301,0.254346,10.606657,0.024904,0
3922,23.178728,17.496970,5.809456,0.034833,0.129070,0.448320,0.968157,0.595263,0.019148,0
3923,30.365324,34.133572,2.920789,0.051880,0.504359,0.469358,0.457878,8.555159,0.039195,1
3924,66.524871,71.007547,3.087538,0.052378,0.498393,0.224440,0.433457,18.474901,0.037320,1
3925,37.385576,30.983797,10.357810,0.047449,1.043894,0.411004,0.780885,11.283800,0.018817,0
3926,44.936088,34.606167,13.692538,0.040309,1.375637,0.312789,0.852355,12.159211,0.013995,0
3927,55.329494,46.197544,9.804889,0.036221,0.285568,0.240888,0.938944,3.570553,0.016955,0
3928,34.657418,45.912693,2.419649,0.039339,0.843063,0.425792,0.330319,11.528729,0.026738,0
3929,77.092887,60.019819,20.983547,0.043361,1.266948,0.208466,0.921950,12.661673,0.008066,0
3930,37.828959,39.253333,5.557945,0.029704,1.067648,0.363952,0.569097,15.359194,0.027622,1
3931,61.080298,61.942661,10.917502,0.054778,1.308236,0.338276,0.633990,26.283950,0.015920,1
3932,78.375543,59.009696,19.616769,0.035227,0.104707,0.390439,0.990326,0.656638,0.002615,0
3933,57.752009,59.687396,5.270084,0.026820,0.274837,0.490859,0.511654,12.073387,0.026833,1
3934,72.074668,84.451977,3.622801,0.043907,1.029905,0.231170,0.357378,27.295209,0.022069,1
3935,45.695042,54.245784,6.247628,0.020743,0.852153,0.531423,0.472753,16.788949,0.017755,0
3936,70.688963,62.374634,12.686010,0.056930,0.963043,0.188404,0.856734,15.683352,0.017298,1
3937,50.181769,51.153796,5.344949,0.053424,0.674287,0.302258,0.576105,16.139071,0.031446,1
3938,23.819800,17.771629,6.215263,0.036366,0.159842,0.437363,0.963738,0.757536,0.019098,0
3939,32.223348,37.138309,3.760328,0.030208,1.061924,0.390223,0.471227,13.212832,0.030708,1
3940,61.092100,62.718955,9.882517,0.044766,0.571403,0.541139,0.580359,18.048232,0.015639,1
3941,45.610485,44.434398,6.721741,0.023049,0.749974,0.371265,0.616299,15.083470,0.026040,1
3942,39.721843,31.181468,9.859923,0.020135,0.752759,0.310714,0.861921,7.598923,0.020591,0
3943,26.344116,18.888860,8.897829,0.056650,1.254265,0.233070,0.953250,2.883652,0.014213,0
3944,52.357896,46.837840,8.719550,0.037465,0.791008,0.257620,0.767352,14.230385,0.025474,1
3945,62.023615,48.908329,13.881025,0.050707,0.174302,0.416372,0.933761,3.331697,0.011933,0
3946,49.911567,51.281782,5.502622,0.037481,0.796376,0.307157,0.558491,17.577971,0.028846,1
3947,49.981436,53.478168,5.838787,0.048448,1.068663,0.301052,0.541688,20.500260,0.025507,1
3948,44.812431,43.091097,9.623042,0.038134,0.851150,0.505839,0.650556,15.304521,0.017701,1
3949,61.781676,82.111521,5.515736,0.058840,1.092792,0.404295,0.378421,24.559542,0.014563,0
3950,77.813008,63.084478,16.612374,0.043165,0.173469,0.543397,0.858452,7.267465,0.012733,0
3951,45.056315,38.227145,9.474390,0.045952,0.830158,0.276071,0.824041,10.618936,0.022824,0
3952,62.886162,86.945159,2.534918,0.031663,1.355748,0.280689,0.243075,22.920813,0.015231,0
3953,42.292473,41.285360,3.231267,0.050479,0.240447,0.296136,0.626335,7.854989,0.061675,1
3954,72.789199,98.182325,0.175851,0.059540,0.134204,0.434009,0.039849,2.290798,0.007423,0
3955,51.223534,49.823560,8.624758,0.032985,0.825925,0.399075,0.630381,17.570762,0.020317,1
3956,25.578817,29.026478,1.491245,0.020705,0.485483,0.371082,0.374151,6.753348,0.057295,1
3957,54.706865,54.630183,4.186145,0.055734,0.201201,0.394572,0.563472,9.665474,0.040680,1
3958,26.942798,28.496088,3.318313,0.022416,0.796156,0.392744,0.526390,9.569742,0.042161,1
3959,68.499584,83.864427,1.067404,0.054492,0.384157,0.287017,0.175930,10.981023,0.021225,0
3960,76.790503,57.610045,21.578765,0.043885,0.780692,0.249060,0.941983,7.872087,0.006866,0
3961,66.282811,75.484654,0.701171,0.044335,0.125353,0.346591,0.170361,5.946634,0.031154,1
3962,31.761752,44.371922,2.276801,0.031700,1.356027,0.366428,0.319369,13.215697,0.026365,0
3963,38.990128,48.458765,6.197838,0.034353,1.402464,0.472234,0.490836,18.416029,0.018291,0
3964,49.904453,48.786842,9.681947,0.040416,1.413791,0.336964,0.655229,21.856943,0.018422,1
3965,60.346064,53.277364,12.187735,0.057282,0.554710,0.421412,0.743801,14.467710,0.016995,1
3966,69.598229,61.926989,13.280186,0.058856,0.861306,0.277482,0.782039,19.023029,0.016432,1
3967,29.628589,31.335794,4.284607,0.026383,0.642950,0.505421,0.542311,9.424488,0.033037,1
3968,79.443435,87.229489,13.783850,0.054362,1.184547,0.430393,0.568314,33.987094,0.010563,1
3969,22.649363,18.353775,4.408836,0.020395,0.199385,0.272399,0.965863,0.765609,0.027479,0
3970,43.541358,37.825284,6.214089,0.041195,0.190447,0.259328,0.914571,2.967968,0.031698,0
3971,67.762229,47.815525,26.264253,0.058190,1.279538,0.436454,0.865175,16.627431,0.006484,0
3972,64.018644,86.648826,1.857007,0.059783,0.392700,0.459392,0.204418,11.379214,0.015391,0
3973,63.594242,60.590267,11.878278,0.046157,0.864088,0.398137,0.664057,21.560068,0.015496,1
3974,62.299078,47.201969,16.430452,0.037360,0.597908,0.254252,0.947757,5.144892,0.008720,0
3975,30.357636,24.202602,6.785968,0.039738,0.612937,0.175191,0.971165,1.564860,0.015813,0
3976,76.787486,94.884017,7.521852,0.026914,1.123192,0.391520,0.409175,31.620860,0.012195,0
3977,51.783497,71.861418,5.791865,0.043030,1.146740,0.490325,0.394529,21.344782,0.014157,0
3978,29.305656,20.826111,9.072443,0.023932,1.066327,0.196173,0.972153,1.935488,0.010774,0
3979,64.680844,57.525486,12.855589,0.056696,0.980084,0.276590,0.778754,19.021328,0.016772,1
3980,33.028649,25.583794,7.610392,0.022489,0.282647,0.185057,0.996635,0.178154,0.003122,0
3981,45.920275,42.458141,11.503375,0.054810,1.089185,0.463909,0.701003,16.637629,0.015615,1
3982,51.838235,40.004058,13.545097,0.034513,1.093674,0.184260,0.949192,5.663019,0.010458,0
3983,70.547984,66.085935,12.003332,0.054858,0.405548,0.510854,0.667087,16.327238,0.015835,1
3984,40.338250,38.255223,4.872757,0.049338,0.911480,0.175260,0.748347,12.280827,0.047246,1
3985,55.600619,76.004604,2.813787,0.056353,0.466931,0.530067,0.271166,12.589366,0.016454,0
3986,36.149218,44.389119,2.069869,0.049504,0.434285,0.468968,0.329850,8.625697,0.032410,0
3987,34.832342,41.837429,1.558262,0.034343,1.236946,0.217081,0.321926,13.888500,0.042630,0
3988,25.517874,28.140274,3.763514,0.052918,1.469337,0.324336,0.557853,12.210022,0.039347,1
3989,52.197254,46.751490,7.529893,0.039283,0.328292,0.335401,0.769302,9.096712,0.030322,1
3990,51.315797,70.146807,0.435112,0.044231,0.945453,0.201210,0.099190,8.704905,0.017377,0
3991,79.789332,99.017880,7.838871,0.036572,1.328085,0.350851,0.416169,35.870339,0.012092,0
3992,51.325029,42.900855,11.641008,0.056119,1.065285,0.215482,0.882215,10.458419,0.017295,0
3993,25.179096,30.636747,1.400822,0.044955,0.482483,0.428303,0.330772,6.339775,0.048391,0
3994,39.314646,49.953237,3.872771,0.054760,0.869985,0.455317,0.405398,14.215924,0.023219,0
3995,72.114538,51.497927,21.454536,0.023600,0.440909,0.326833,0.956181,4.442618,0.005928,0
3996,73.397607,75.399761,9.973530,0.033087,1.289598,0.285828,0.583493,32.521199,0.016377,1
3997,73.733704,73.591545,17.943862,0.029466,1.205672,0.529520,0.638756,30.325211,0.008737,1
3998,54.474695,67.087030,1.676655,0.039707,0.225322,0.510415,0.241503,8.065944,0.023634,0
3999,72.622318,53.215439,20.516727,0.037733,0.525178,0.218906,0.984775,2.018784,0.003330,0
4000,63.799899,52.900222,14.061944,0.046531,0.585296,0.342836,0.828754,12.409371,0.015193,0
4001,64.314262,88.293548,0.021800,0.048383,0.263165,0.242138,0.008505,0.763164,0.002895,0
4002,44.868604,32.440176,12.767706,0.032791,0.290270,0.286794,0.987388,0.788312,0.004704,0
4003,73.975113,90.195565,5.016199,0.043963,1.461056,0.246685,0.381948,34.098690,0.017288,0
4004,39.659302,36.640640,6.335754,0.046919,0.557092,0.362323,0.700074,10.290957,0.032415,1
4005,43.125451,34.688510,8.567907,0.028753,0.130995,0.192989,0.999326,0.036544,0.000777,0
4006,67.126702,52.274823,17.174716,0.035426,1.113920,0.179351,0.947832,7.557925,0.008396,0
4007,68.763803,76.034984,1.135576,0.055787,0.430066,0.168103,0.261402,14.667761,0.042907,1
4008,32.109176,39.379749,0.607777,0.031571,1.093129,0.174810,0.201421,9.438632,0.047909,0
4009,71.484684,65.736483,12.292943,0.040642,0.373999,0.514091,0.681601,15.600696,0.015878,1
4010,22.612795,27.950836,2.323758,0.037018,0.901463,0.447632,0.417757,8.382557,0.040626,0
4011,77.949465,67.071177,14.231014,0.056515,0.301106,0.417581,0.800887,11.942914,0.015632,0
4012,46.279161,50.966393,9.417306,0.050921,1.143859,0.517958,0.582375,19.323671,0.015228,1
4013,45.610567,41.295244,9.844239,0.036629,0.995530,0.387839,0.706973,15.653361,0.019488,1
4014,45.199148,36.480099,12.674785,0.047637,0.757197,0.469714,0.793021,11.238794,0.015467,0
4015,49.599577,40.456714,11.640296,0.051452,0.680563,0.315144,0.852770,9.422212,0.017857,0
4016,61.791848,65.193463,2.169116,0.051846,0.437712,0.183685,0.423301,16.006963,0.052141,1
4017,51.493417,43.574951,8.720888,0.040117,0.193892,0.349825,0.887143,4.342522,0.024145,0
4018,62.414054,76.227875,6.824023,0.036382,1.118908,0.402676,0.436105,25.999880,0.014813,0
4019,54.616715,54.348723,6.375541,0.057890,0.936098,0.227157,0.647596,19.621471,0.030934,1
4020,74.346326,54.824383,21.692791,0.031526,0.531745,0.400546,0.893671,9.948073,0.008450,0
4021,27.873497,36.727327,2.000980,0.046083,1.259972,0.333366,0.346459,11.545667,0.035380,0
4022,75.977363,97.366706,4.585014,0.048075,0.799041,0.376772,0.324897,24.440601,0.014064,0
4023,55.276534,51.500221,7.979866,0.023125,0.746918,0.292939,0.682362,17.030802,0.025474,1
4024,61.749711,84.427368,6.129845,0.042229,1.448290,0.392649,0.383511,28.373441,0.013085,0
4025,31.143271,36.958208,0.646754,0.031387,0.198922,0.417345,0.213867,4.046109,0.050249,0
4026,38.618608,28.380537,11.475626,0.032413,1.264619,0.175242,0.969230,3.017682,0.009130,0
4027,24.487290,21.456526,3.777200,0.050972,0.349222,0.278674,0.839581,3.526938,0.060439,1
4028,68.281747,56.106579,17.710386,0.047521,0.790031,0.410796,0.794816,17.253138,0.011402,0
4029,56.067765,75.544311,2.246590,0.039749,0.419935,0.503597,0.242178,11.350642,0.017074,0
4030,24.673626,18.236815,6.820726,0.045321,0.426623,0.253952,0.978409,0.832552,0.012623,0
4031,31.414393,32.079172,3.417744,0.029942,0.959037,0.270276,0.564235,12.113723,0.047356,1
4032,56.813558,77.381026,2.168971,0.051316,1.044638,0.296724,0.244980,18.253653,0.018244,0
4033,36.335262,36.988839,8.183562,0.038252,1.229986,0.488690,0.627374,15.249843,0.019217,1
4034,79.326319,59.527950,20.075741,0.025984,0.163574,0.303748,0.992518,0.663030,0.002121,0
4035,27.862533,36.485015,0.000388,0.032632,0.132405,0.223878,0.000650,0.022968,0.000998,0
4036,75.892360,88.690597,10.048900,0.058893,1.376842,0.348839,0.508792,35.517692,0.012839,1
4037,34.059146,28.460169,6.199556,0.048344,0.412086,0.166178,0.972799,1.371278,0.017262,0
4038,23.081664,25.983031,2.062816,0.046611,0.998880,0.298752,0.463614,9.164790,0.057645,1
4039,68.356693,73.383454,5.535492,0.051884,0.247652,0.531227,0.465086,13.518998,0.021992,1
4040,23.602179,22.987246,4.573579,0.025859,0.782522,0.497084,0.627756,7.898506,0.036451,1
4041,37.048979,46.241052,1.199769,0.043922,1.039392,0.226857,0.259390,12.236969,0.037808,0
4042,33.242211,24.371324,9.949180,0.033818,0.436997,0.483258,0.880535,4.382055,0.018778,0
4043,41.983560,51.565688,4.975027,0.051395,0.715219,0.540509,0.444029,14.025111,0.020583,0
4044,34.390493,44.832793,2.895365,0.052692,0.970554,0.410634,0.371922,12.813621,0.027184,0
4045,45.436970,39.060003,8.258360,0.041421,0.198049,0.546130,0.781567,5.962659,0.026702,0
4046,64.282508,59.727571,11.915006,0.050759,1.258087,0.262654,0.730238,23.829737,0.017452,1
4047,20.858449,16.326197,6.086960,0.053463,1.328229,0.268084,0.880453,4.795998,0.030958,0
4048,37.111726,46.575419,4.702480,0.051165,1.412832,0.392231,0.460554,17.512038,0.022945,0
4049,34.560281,36.911194,2.100536,0.052320,0.426917,0.304784,0.452744,8.945358,0.057558,1
4050,70.021833,67.719967,12.516143,0.033333,1.253809,0.326053,0.651204,29.004969,0.014471,1
4051,56.929305,42.651511,19.083029,0.042944,1.427490,0.353128,0.850978,15.789876,0.009665,0
4052,70.363638,91.897298,0.493014,0.057090,0.831165,0.175895,0.098720,11.152528,0.015408,0
4053,26.793548,29.948535,1.382153,0.038569,0.595692,0.281232,0.382669,7.890522,0.065608,1
4054,44.283519,56.499236,4.826206,0.059894,0.930867,0.464752,0.422790,16.724732,0.019714,0
4055,36.419975,32.233193,5.363523,0.053730,0.570258,0.160915,0.906229,4.604034,0.037826,1
4056,33.810877,45.084873,0.634227,0.029074,0.995855,0.237658,0.165354,8.387203,0.031000,0
4057,71.757086,95.123364,3.151767,0.036820,0.458584,0.483838,0.259472,15.745354,0.013782,0
4058,66.260446,84.133624,2.408263,0.056462,0.825757,0.280381,0.265354,19.735308,0.019415,0
4059,29.400328,35.166104,0.650886,0.054183,0.855096,0.182464,0.241221,8.475056,0.062842,0
4060,70.621544,63.934126,14.997416,0.021605,1.016798,0.393833,0.693005,25.016201,0.012526,1
4061,63.036301,60.396666,9.407956,0.041505,0.401575,0.483276,0.635790,15.003865,0.019456,1
4062,39.412841,34.554362,6.759656,0.057965,0.490509,0.293711,0.810738,7.472662,0.033391,1
4063,20.216254,25.213244,3.097929,0.025143,1.078985,0.543962,0.475923,8.362315,0.034861,0
4064,56.483737,59.338744,4.088780,0.055947,0.635107,0.247585,0.511499,17.950496,0.035781,1
4065,37.146134,29.185256,11.371264,0.043822,1.162767,0.393626,0.816080,10.653087,0.016868,0
4066,33.108226,38.267079,5.341033,0.034316,1.171642,0.470539,0.519654,14.279597,0.023629,1
4067,40.927435,50.369269,0.811783,0.042047,0.147222,0.537811,0.191396,4.280626,0.032276,0
4068,78.874676,70.768474,17.588185,0.022519,0.717959,0.499337,0.693599,23.457566,0.010518,1
4069,54.114329,52.467656,5.206512,0.057871,0.257879,0.362088,0.633508,10.343233,0.037827,1
4070,36.975676,34.947582,6.597173,0.044072,0.478976,0.521985,0.653658,9.442041,0.027622,1
4071,71.401628,72.991501,8.781124,0.036924,1.257099,0.250923,0.589936,31.122618,0.019353,1
4072,79.004907,72.109461,10.533877,0.059588,0.553214,0.203571,0.815026,15.684075,0.022312,1
4073,65.632039,88.935937,1.514999,0.020101,0.816513,0.300024,0.177561,15.428753,0.014621,0
4074,26.694140,26.462738,4.399892,0.037548,1.206037,0.322770,0.629130,11.077034,0.039934,1
4075,53.407369,59.131752,10.257461,0.032334,1.298815,0.478669,0.564778,23.961209,0.013512,1
4076,53.956025,49.119983,9.090852,0.034446,0.513176,0.399077,0.703066,13.376382,0.022435,1
4077,33.848704,45.500561,0.169585,0.056801,0.904878,0.168562,0.074340,4.527239,0.025906,0
4078,40.556682,29.037180,12.271618,0.054480,0.481153,0.164644,0.999342,0.064484,0.000495,0
4079,46.168826,36.117732,12.780647,0.053554,0.683577,0.399228,0.846083,9.053817,0.015564,0
4080,64.205381,60.633820,13.394759,0.048370,1.422157,0.318720,0.699030,26.660858,0.014268,1
4081,45.587888,61.228132,1.757478,0.048255,0.906967,0.316814,0.247713,13.729100,0.022990,0
4082,33.421566,40.322835,3.282908,0.040054,0.950953,0.399608,0.424997,12.771718,0.030089,0
4083,32.497135,40.808508,2.488575,0.055644,1.427428,0.278574,0.390047,14.897230,0.035475,0
4084,44.360346,56.154947,5.663602,0.041917,0.933164,0.520657,0.444521,16.930009,0.017708,0
4085,52.161498,55.315029,0.326055,0.022777,0.158826,0.152968,0.191313,5.665014,0.085699,1
4086,74.794654,73.737855,12.016928,0.053815,0.755986,0.393699,0.629895,24.556342,0.014748,1
4087,56.570096,51.341554,8.443596,0.026633,1.267472,0.171260,0.780674,18.824334,0.027099,1
4088,31.496201,27.950235,4.719167,0.046821,0.495235,0.237130,0.825914,5.694581,0.048882,1
4089,60.599498,46.285444,16.176344,0.040353,0.306083,0.518758,0.869793,7.100203,0.012177,0
4090,71.574055,98.638167,4.826588,0.047033,1.010671,0.400009,0.316226,25.603424,0.012363,0
4091,57.369135,46.066512,14.446833,0.035443,0.861235,0.327015,0.835304,13.200194,0.014241,0
4092,51.416034,40.612359,14.573819,0.022538,0.603283,0.541867,0.789067,11.539439,0.013353,0
4093,27.111682,23.884506,5.216925,0.039308,1.347810,0.204255,0.809605,8.552239,0.042264,1
4094,43.053832,33.629675,10.070251,0.022081,0.380302,0.325291,0.915227,4.123251,0.017981,0
4095,68.398167,75.934170,5.458112,0.028023,0.948883,0.287558,0.445059,26.327909,0.020625,1
4096,70.714526,53.849064,25.184017,0.039348,1.301103,0.484859,0.805587,22.198224,0.007037,0
4097,39.080385,36.625749,6.504232,0.051400,1.152247,0.241858,0.728340,13.913076,0.032689,1
4098,78.372279,59.495773,19.805653,0.043820,0.195904,0.439096,0.940530,4.103581,0.007767,0
4099,77.653168,76.368943,3.945173,0.044116,0.135408,0.265878,0.610424,10.960123,0.050486,1
4100,45.976827,47.904573,1.896311,0.039439,0.190318,0.320528,0.432450,7.886833,0.061162,1
4101,62.752656,72.288935,1.055623,0.028246,0.359302,0.250402,0.211893,10.897902,0.030760,1
4102,30.737026,35.656464,4.874614,0.046084,1.492202,0.392673,0.529372,14.938486,0.026985,1
4103,44.595676,40.974783,10.606028,0.058760,1.375503,0.348710,0.728794,17.332170,0.018169,1
4104,37.412030,46.356705,1.299105,0.050624,0.285440,0.477579,0.255924,6.430465,0.033702,0
4105,27.494237,38.046608,2.314061,0.057469,1.479717,0.348414,0.361712,12.532759,0.032158,0
4106,34.764449,38.498376,2.508221,0.028238,0.687907,0.319471,0.428877,11.319693,0.042619,1
4107,59.833390,44.853462,17.285880,0.020712,0.566785,0.449798,0.854275,10.301421,0.011287,0
4108,58.441476,43.472890,19.505472,0.020905,1.450633,0.385984,0.824886,18.151827,0.009492,0
4109,66.582048,83.329258,1.039327,0.056257,0.147999,0.517381,0.162095,6.285449,0.018516,0
4110,53.683422,55.694309,2.013103,0.042478,0.162814,0.313752,0.431505,8.513968,0.057833,1
4111,66.368384,65.221439,6.910210,0.024056,1.057013,0.203181,0.621577,25.947412,0.027429,1
4112,28.382611,20.772321,9.259581,0.051759,0.857860,0.394164,0.876812,5.356498,0.019664,0
4113,54.497293,64.112618,1.797400,0.034478,0.575503,0.275708,0.281823,13.960655,0.029625,1
4114,62.726536,51.005972,12.592148,0.043848,0.118235,0.526953,0.896301,3.886682,0.015855,0
4115,56.564475,70.595019,6.261198,0.039897,1.041907,0.437357,0.428573,22.663768,0.015545,0
4116,69.446247,59.537112,13.221431,0.028949,0.570583,0.330869,0.790179,15.110747,0.016596,0
4117,73.103873,68.837894,11.524358,0.054415,0.624254,0.356150,0.682638,20.583485,0.017324,1
4118,52.126940,67.898511,0.357007,0.047262,0.786737,0.184258,0.095413,7.839672,0.019903,0
4119,30.717903,30.197644,6.632683,0.058629,0.792775,0.538261,0.645148,10.180892,0.025285,1
4120,71.071825,65.451407,15.475366,0.047574,1.449640,0.307176,0.723792,28.614315,0.012722,1
4121,62.100495,44.188595,18.904470,0.053187,0.304617,0.408229,0.954950,3.251691,0.006780,0
4122,41.851682,43.963796,6.233736,0.045263,1.367199,0.309260,0.585422,19.073386,0.025754,1
4123,27.219599,24.650689,6.338893,0.037495,1.469676,0.338736,0.719352,11.120464,0.030149,1
4124,49.915882,65.832700,2.064570,0.047747,0.945500,0.305765,0.264210,15.873731,0.022037,0
4125,21.745257,29.392652,3.727459,0.057966,1.428779,0.527475,0.487497,10.364390,0.029084,0
4126,68.914516,81.265186,3.467524,0.044022,1.282314,0.203748,0.361493,29.237041,0.023563,0
4127,43.473090,59.988797,0.059589,0.054713,0.591593,0.187285,0.026268,2.036882,0.009727,0
4128,40.051031,37.874951,2.918391,0.024764,0.172244,0.227266,0.753223,5.245704,0.083541,1
4129,70.268935,52.306888,20.073461,0.020407,0.518181,0.428251,0.874109,10.464450,0.009550,0
4130,57.218185,65.886030,5.141957,0.028331,0.624136,0.438128,0.427255,17.733011,0.019808,1
4131,68.667072,54.729102,15.728678,0.029949,0.781561,0.217243,0.919123,9.099541,0.011366,0
4132,64.059519,68.970825,7.064603,0.032400,0.402659,0.536661,0.496672,16.216144,0.018287,1
4133,70.920774,93.329095,1.963204,0.044952,0.744017,0.300707,0.211876,17.722541,0.015749,0
4134,24.662719,24.187925,5.103600,0.031486,0.931573,0.489180,0.632834,8.965002,0.032343,1
4135,29.066010,27.815891,1.926951,0.036193,0.274865,0.165865,0.746473,4.878432,0.126659,1
4136,36.352964,35.644615,4.216875,0.041748,0.769432,0.259996,0.633509,12.002200,0.045399,1
4137,51.382480,54.275480,4.967781,0.053208,0.542649,0.368256,0.516015,15.088102,0.028598,1
4138,39.936183,54.438487,4.342001,0.059304,1.283157,0.426894,0.404591,17.528878,0.020064,0
4139,42.693374,38.278985,10.213114,0.059233,1.028645,0.400686,0.732928,14.238869,0.018953,1
4140,72.896896,67.821261,14.385708,0.056251,0.669735,0.452747,0.684997,21.192439,0.013152,1
4141,78.884619,98.001119,8.215340,0.041243,0.727922,0.510206,0.416103,26.254093,0.011360,0
4142,53.098804,46.662070,8.419608,0.040653,0.709868,0.188688,0.858556,10.027148,0.026551,1
4143,64.625760,50.184989,17.326480,0.052185,0.666885,0.337028,0.881581,10.458855,0.011142,0
4144,70.520931,66.241504,9.467375,0.028379,1.440691,0.165306,0.732627,27.850451,0.023515,1
4145,72.345593,88.734901,2.234306,0.059390,0.424777,0.350912,0.252008,15.047121,0.019287,0
4146,77.063926,81.188399,6.810464,0.037966,0.760624,0.283950,0.511926,26.801075,0.020895,1
4147,52.022090,52.895450,1.612214,0.030417,0.151446,0.235249,0.465827,8.046908,0.083458,1
4148,72.046136,80.634683,11.277504,0.058273,1.169156,0.407616,0.547531,30.857448,0.012474,1
4149,78.956599,72.500700,10.484597,0.036132,0.360774,0.338320,0.720903,15.939292,0.020947,1
4150,73.721693,80.501015,5.462382,0.049705,0.509053,0.352333,0.450812,20.824238,0.021363,1
4151,29.727917,32.812897,5.007943,0.053705,1.375952,0.384724,0.567731,13.710594,0.029307,1
4152,42.624990,32.432721,11.904066,0.050083,0.757508,0.294109,0.910487,6.000203,0.014823,0
4153,34.126810,46.138279,0.641354,0.045531,1.250178,0.204713,0.169955,9.654305,0.032390,0
4154,28.694530,22.159458,9.063635,0.024623,0.962815,0.487051,0.796543,7.963923,0.020626,0
4155,79.577900,76.111784,16.898262,0.048467,0.735138,0.524861,0.656578,25.095475,0.010271,1
4156,73.645626,54.520909,20.761952,0.050184,0.336701,0.425557,0.920664,6.313103,0.008124,0
4157,27.993116,29.433227,5.833591,0.028751,1.193140,0.498515,0.596051,11.843231,0.025410,1
4158,23.178306,28.915785,2.345653,0.032608,0.962146,0.438373,0.410447,8.840616,0.039015,0
4159,66.941948,90.621275,2.379120,0.047441,0.614885,0.391047,0.229880,15.934510,0.014788,0
4160,51.512364,68.165875,0.022355,0.031284,0.104434,0.365311,0.011124,0.486818,0.004809,0
4161,30.697596,40.996841,3.120075,0.039115,1.006633,0.475881,0.387920,11.798960,0.026138,0
4162,47.053171,51.337697,0.160389,0.034628,0.103851,0.205516,0.109645,2.844639,0.060199,1
4163,61.381321,63.549240,3.731916,0.038713,0.522461,0.233852,0.499534,17.699979,0.038451,1
4164,75.505198,55.706289,26.176778,0.040454,1.311584,0.397579,0.844252,20.670774,0.006953,0
4165,38.156337,52.529384,2.120180,0.043555,0.494591,0.547367,0.280277,9.037377,0.022929,0
4166,72.865664,78.361985,8.205646,0.048055,1.486524,0.233480,0.554806,35.107092,0.019051,1
4167,44.335773,41.416055,7.244301,0.050418,0.581619,0.383705,0.684145,12.025256,0.027413,1
4168,22.285563,29.287997,1.514646,0.059883,0.515515,0.531676,0.328509,5.784158,0.042492,0
4169,76.431843,96.899474,0.440178,0.041305,0.408859,0.239721,0.086735,7.720802,0.013484,0
4170,35.580527,40.122959,1.427635,0.058778,0.157167,0.517469,0.330666,5.112468,0.049655,1
4171,42.846054,45.450911,5.958751,0.055288,0.752567,0.425441,0.554627,14.689142,0.024991,1
4172,36.686675,37.155856,3.196037,0.058373,0.700552,0.220124,0.596812,11.887579,0.057275,1
4173,25.374580,33.403939,2.314175,0.054870,1.355360,0.354391,0.389810,11.332731,0.036644,0
4174,59.584666,65.206725,0.249860,0.043833,0.197227,0.155446,0.125827,5.472353,0.050276,1
4175,39.499245,53.426868,0.240258,0.057593,0.525663,0.250054,0.079517,4.238040,0.020666,0
4176,38.873734,44.311596,7.078773,0.040056,1.166278,0.502846,0.546352,16.634996,0.018770,1
4177,22.414425,30.159425,0.158908,0.055370,0.374831,0.310345,0.087263,2.177797,0.037263,0
4178,69.965423,81.871152,1.016848,0.056722,0.346318,0.248207,0.192607,11.266880,0.026776,1
4179,34.648407,44.000886,0.294096,0.028881,0.248223,0.351471,0.108206,3.207838,0.030628,0
4180,69.828622,56.089057,20.989524,0.048450,0.866736,0.494238,0.787421,18.870254,0.009034,0
4181,76.133934,95.110160,1.519983,0.037345,1.013960,0.194844,0.199568,21.434958,0.018718,0
4182,62.584232,87.299753,3.029520,0.020668,1.131465,0.348504,0.258038,21.508924,0.013926,0
4183,56.878798,67.274646,3.091864,0.042324,1.107616,0.239344,0.361541,22.428001,0.026150,0
4184,76.532040,90.894542,5.868883,0.032893,0.431576,0.518771,0.384912,19.217209,0.014654,0
4185,73.249111,72.048009,3.764782,0.021940,0.153630,0.263567,0.596509,11.117019,0.051170,1
4186,57.747333,64.038111,2.292788,0.048691,0.987359,0.157613,0.391676,22.042622,0.042475,1
4187,26.305136,25.032978,3.127241,0.023013,0.316804,0.406386,0.641681,5.530187,0.062077,1
4188,68.920189,84.553952,9.726960,0.046634,1.243856,0.444138,0.480876,30.629659,0.011672,0
4189,36.306726,50.651718,0.052019,0.028580,0.356432,0.265569,0.025199,1.275277,0.010221,0
4190,78.519946,109.284219,5.026119,0.045162,1.212851,0.358025,0.307694,30.407795,0.011358,0
4191,78.237251,92.862606,6.745979,0.032662,1.422622,0.283510,0.420619,36.488457,0.014780,0
4192,71.283476,57.375959,25.266316,0.040299,1.424299,0.520566,0.774086,25.572928,0.006788,0
4193,40.207567,48.296173,2.726921,0.045072,0.776025,0.351749,0.373071,13.409065,0.030386,0
4194,78.026937,92.420861,1.810305,0.056387,0.451847,0.267612,0.238989,16.267563,0.022097,0
4195,42.296306,32.631033,11.884325,0.031444,1.359953,0.253567,0.878964,9.926870,0.016091,0
4196,75.215756,95.062847,2.921625,0.050773,0.297510,0.515213,0.261396,13.344149,0.015388,0
4197,24.710673,31.571604,1.403481,0.046768,0.866388,0.347142,0.318697,8.211229,0.044712,0
4198,61.868185,44.784431,19.815163,0.021334,1.167789,0.332120,0.874771,13.780458,0.009283,0
4199,29.057900,37.092467,0.703192,0.038164,0.539125,0.321500,0.203564,6.036724,0.041248,0
4200,66.350118,68.791872,6.315590,0.022940,1.204542,0.226638,0.535923,28.933253,0.024075,1
4201,53.092055,72.362444,0.001216,0.021723,0.204661,0.212620,0.000889,0.072591,0.000592,0
4202,58.469188,57.258586,7.338289,0.022877,1.255773,0.228566,0.626241,24.819323,0.025294,1
4203,38.001584,43.272824,6.654398,0.024968,1.059242,0.527522,0.532247,15.552043,0.019273,1
4204,40.462648,48.523541,4.767718,0.028910,0.833891,0.488491,0.448214,14.616360,0.021916,0
4205,69.094282,67.522407,12.731175,0.030313,0.924051,0.425941,0.629050,25.098481,0.013357,1
4206,38.541609,49.751633,0.204454,0.020592,0.404339,0.257403,0.076775,3.531549,0.022843,0
4207,31.463149,33.218809,1.445382,0.050528,0.385185,0.246548,0.439925,7.701672,0.081924,1
4208,62.418091,68.967599,14.597527,0.059996,1.480750,0.497810,0.612109,29.096852,0.010132,1
4209,65.599002,63.665110,7.973808,0.058267,1.154587,0.159351,0.743210,22.716910,0.028693,1
4210,52.274882,44.569502,12.307452,0.038658,0.881027,0.380307,0.764428,15.098541,0.016490,0
4211,53.057733,72.799186,1.216757,0.053849,0.873061,0.277928,0.182150,13.105851,0.019186,0
4212,46.286041,47.641733,4.782413,0.035192,0.490219,0.389405,0.537332,12.872066,0.031474,1
4213,54.811266,62.786565,4.145585,0.032633,0.592545,0.394647,0.408414,16.386659,0.023325,1
4214,27.971705,24.534600,3.628003,0.022904,0.158979,0.247353,0.921554,1.633620,0.053095,1
4215,21.171757,18.457271,4.410417,0.022444,1.016967,0.324695,0.742950,6.884584,0.046514,1
4216,74.786527,93.774780,1.517612,0.056992,0.527613,0.281859,0.196028,15.025126,0.018064,0
4217,24.350930,33.989982,2.261198,0.038637,1.318032,0.416551,0.362508,10.483810,0.032203,0
4218,60.273685,50.397092,13.472425,0.038783,0.380068,0.514629,0.779103,11.028086,0.015520,0
4219,20.599626,25.703265,0.201363,0.039129,0.180537,0.405149,0.123292,1.784524,0.057494,0
4220,61.205556,45.349368,17.216670,0.043353,0.686045,0.176418,0.990059,1.344132,0.002965,0
4221,28.105673,32.730583,2.302660,0.026473,0.830293,0.364096,0.410197,9.956957,0.041696,1
4222,74.761542,53.148826,22.844844,0.022946,0.999687,0.152580,0.993116,1.435356,0.001684,0
4223,29.039269,28.924118,5.604629,0.031271,1.223282,0.400269,0.624278,12.186368,0.029514,1
4224,44.669398,38.595801,11.543380,0.051899,0.819946,0.482997,0.742196,13.062639,0.016530,0
4225,70.791172,66.330653,16.671558,0.028487,1.210838,0.445370,0.673003,28.106501,0.010400,1
4226,76.903066,54.572006,25.901470,0.045911,0.716510,0.430710,0.887509,12.438167,0.006815,0
4227,30.565265,42.196214,0.058475,0.026574,0.961372,0.158209,0.033140,2.214039,0.015581,0
4228,66.995852,50.635017,17.484590,0.042993,0.297471,0.391402,0.930326,4.888597,0.009354,0
4229,61.213227,59.711043,9.662008,0.058974,1.183458,0.258438,0.683388,23.707411,0.020686,1
4230,62.181717,83.940844,1.405291,0.047244,1.060801,0.239509,0.186776,17.196872,0.017505,0
4231,52.107812,56.993753,2.951936,0.059873,1.080181,0.163458,0.475305,21.563940,0.044980,1
4232,23.913960,18.044638,7.556085,0.025454,1.140171,0.398981,0.826945,6.535706,0.025123,0
4233,39.480133,40.274630,3.865926,0.054644,0.401928,0.384460,0.551810,9.901021,0.041108,1
4234,76.673796,84.511190,5.943971,0.026835,0.273471,0.545630,0.431443,15.759277,0.017965,1
4235,63.533912,46.665349,19.483933,0.036487,1.085293,0.272883,0.914168,10.374863,0.008679,0
4236,29.243648,37.663852,0.026569,0.031593,0.189378,0.272553,0.021503,0.655179,0.014843,0
4237,29.654317,31.306935,1.482144,0.032039,0.116384,0.523452,0.423275,3.961062,0.073938,1
4238,38.631774,36.789872,7.702133,0.042468,0.762431,0.473483,0.656598,12.406634,0.023028,1
4239,31.419273,41.166238,0.502223,0.048906,1.160569,0.184722,0.165264,8.410857,0.039743,0
4240,21.298441,23.764990,1.808812,0.043378,1.308388,0.235294,0.475400,9.700617,0.069463,1
4241,25.431194,30.255937,0.512973,0.026901,1.110478,0.161276,0.223210,8.001025,0.069077,0
4242,44.497011,49.298376,6.428467,0.052398,1.088403,0.394215,0.537902,18.436134,0.021701,1
4243,26.652837,31.391902,5.553251,0.056223,1.477847,0.498668,0.567577,12.740231,0.024336,0
4244,38.130209,46.730544,2.287135,0.047133,1.291545,0.250225,0.359805,16.208805,0.034496,0
4245,77.230038,78.432787,6.376769,0.024391,0.281728,0.409008,0.527511,16.314616,0.023738,1
4246,46.262579,35.443553,15.475724,0.051973,1.136510,0.440166,0.823348,12.789161,0.011945,0
4247,32.135653,38.011426,0.092427,0.032204,0.115012,0.309529,0.065279,1.386439,0.037712,0
4248,70.114817,68.241073,4.456305,0.034094,0.115777,0.349570,0.625664,9.041517,0.045443,1
4249,76.940287,104.540616,0.039439,0.027406,0.353224,0.215353,0.012052,1.433653,0.003184,0
4250,67.335316,47.418568,20.467444,0.041518,0.278048,0.249025,0.997629,0.262633,0.000837,0
4251,25.541387,24.313220,4.600343,0.040444,0.483891,0.541693,0.644728,6.616369,0.038693,1
4252,27.458278,26.384898,5.462064,0.055075,1.404779,0.307708,0.692809,11.435788,0.035089,1
4253,61.937196,47.165169,19.780452,0.058914,1.097557,0.364995,0.858328,14.559417,0.009474,0
4254,49.909414,41.480863,13.418016,0.043617,0.987303,0.410773,0.777205,14.790124,0.014640,0
4255,21.564997,23.378752,1.443855,0.028301,0.932909,0.233333,0.448881,8.241268,0.081410,1
4256,36.573090,43.822064,2.019027,0.053831,0.948772,0.268263,0.357217,13.291659,0.039042,0
4257,74.724084,91.207792,1.676198,0.023810,0.653016,0.252793,0.212566,17.527057,0.019015,0
4258,77.406093,71.001077,14.527197,0.027584,0.561861,0.472740,0.678910,20.778634,0.013056,1
4259,36.538654,34.024092,5.526161,0.037349,0.680087,0.314536,0.692343,10.595303,0.037100,1
4260,50.224622,63.793256,1.347833,0.051933,1.246999,0.190450,0.237733,17.345159,0.028953,0
4261,67.980728,53.308872,16.672951,0.057915,0.274613,0.477759,0.876931,7.253923,0.011964,0
4262,53.144628,69.751216,6.182893,0.044426,1.485110,0.395159,0.425881,25.390183,0.015318,0
4263,65.265622,56.291420,10.760965,0.050383,0.333975,0.287962,0.858410,8.459575,0.020651,0
4264,28.104221,25.867530,5.292757,0.058609,0.602092,0.429184,0.698991,7.593764,0.037206,1
4265,51.851379,71.462151,7.476365,0.040480,1.364396,0.512272,0.442509,23.911093,0.012724,0
4266,44.258279,38.119411,8.123144,0.046493,0.425749,0.350428,0.803429,8.000873,0.027378,0
4267,59.537051,70.268793,0.440143,0.022162,0.131252,0.363071,0.120585,4.329572,0.025631,0
4268,31.462129,35.954091,1.984078,0.043430,0.873060,0.270982,0.401009,11.364978,0.048530,1
4269,58.390610,74.777634,6.934046,0.053538,1.497300,0.373000,0.445071,28.233490,0.014827,0
4270,31.605776,37.200381,2.279094,0.028475,1.412715,0.252398,0.397746,14.491608,0.040686,0
4271,28.940513,35.183130,2.778333,0.022508,0.669186,0.499980,0.406625,9.184836,0.032776,0
4272,53.460314,49.812503,7.750188,0.031610,0.581576,0.332192,0.683749,14.507313,0.026274,1
4273,40.222501,43.583591,4.229436,0.046978,1.182924,0.267783,0.524271,17.420188,0.033992,1
4274,51.724461,66.625673,0.275760,0.023132,0.195489,0.372468,0.076726,3.293871,0.016908,0
4275,58.346908,49.477542,18.057431,0.045851,1.143308,0.519316,0.748249,19.898757,0.009845,0
4276,30.137252,36.947125,0.373178,0.042612,0.217100,0.370758,0.149315,3.264069,0.044648,0
4277,43.303103,55.912958,0.000569,0.040807,0.106119,0.236861,0.000646,0.031790,0.000674,0
4278,64.609917,47.174750,24.554525,0.053524,1.264177,0.483146,0.835253,18.014839,0.007066,0
4279,29.154112,33.273138,0.541837,0.053919,0.120114,0.439190,0.226757,3.043701,0.067882,1
4280,51.869224,62.835104,0.255817,0.041146,0.232054,0.266511,0.087660,3.978736,0.023912,0
4281,78.357168,101.862952,4.124841,0.057350,1.126586,0.288737,0.311362,29.397408,0.014719,0
4282,74.052794,68.696316,10.507928,0.049457,1.125915,0.157340,0.806956,21.531632,0.022164,1
4283,41.663582,29.731252,14.746957,0.024888,1.495929,0.367124,0.855177,11.604920,0.012173,0
4284,67.433374,56.703681,13.439333,0.044297,0.779074,0.214082,0.883809,11.637863,0.015345,0
4285,66.713328,60.678141,9.261915,0.042332,0.395432,0.314125,0.746506,13.429294,0.024291,1
4286,75.217157,98.989079,1.730092,0.034371,0.776691,0.280207,0.189287,17.946943,0.014576,0
4287,36.053817,38.980792,3.001249,0.032430,1.226970,0.226038,0.488975,15.926209,0.044177,1
4288,48.529028,36.315441,15.202338,0.040734,1.081791,0.348550,0.864886,10.965299,0.012348,0
4289,38.026723,50.699942,0.064999,0.054793,0.226681,0.300682,0.032093,1.302602,0.013216,0
4290,72.837411,88.142956,1.838535,0.053261,0.245839,0.422871,0.228925,10.937303,0.019831,0
4291,21.938115,17.409910,6.682233,0.046504,0.989879,0.448661,0.800728,6.097281,0.028526,0
4292,63.214724,73.434267,4.447680,0.043003,1.172734,0.254317,0.411652,26.637955,0.022351,1
4293,74.742597,53.272773,23.541255,0.049155,0.613186,0.320862,0.944456,6.561578,0.005970,0
4294,21.490064,16.035599,6.987354,0.058595,1.008092,0.370745,0.871043,4.539079,0.026298,0
4295,50.405469,46.515561,5.973908,0.020839,0.459367,0.259182,0.725587,11.387260,0.037644,1
4296,46.946626,39.367791,9.270900,0.048709,0.222287,0.507848,0.816009,5.888168,0.023666,0
4297,76.206324,86.311215,0.222958,0.049635,0.173884,0.194038,0.081998,4.813046,0.024564,1
4298,60.184887,74.963652,7.728445,0.058075,1.116211,0.445259,0.462647,25.255811,0.014029,0
4299,61.592587,54.399818,18.614279,0.027182,1.394676,0.511959,0.715795,24.661875,0.009105,1
4300,38.759753,30.663403,12.556614,0.020100,1.257356,0.482835,0.773422,13.086425,0.014348,0
4301,35.738711,47.150256,1.616865,0.046647,1.068071,0.296128,0.277718,12.383799,0.030655,0
4302,23.564178,30.186918,0.464900,0.034890,0.339265,0.390142,0.177685,3.572298,0.048605,0
4303,48.935224,41.059709,9.956580,0.024930,0.296863,0.495203,0.791798,7.645324,0.021718,0
4304,21.893573,30.298734,0.245054,0.024413,0.377940,0.380789,0.109072,2.515505,0.036466,0
4305,24.799157,27.817644,4.404999,0.021916,1.290877,0.469947,0.541747,11.179000,0.029964,1
4306,43.668646,35.443371,8.953565,0.056751,0.346535,0.194242,0.980026,1.243286,0.009686,0
4307,72.006967,77.837460,3.301397,0.038579,0.154679,0.476980,0.386122,10.834475,0.028322,1
4308,63.572167,66.251587,14.457316,0.024815,1.304070,0.513976,0.609596,27.862068,0.010286,1
4309,70.786473,84.646023,9.716529,0.041753,1.245043,0.420065,0.485551,31.489627,0.012016,0
4310,53.635884,50.889725,8.591255,0.030299,0.896405,0.326112,0.660037,18.606171,0.022125,1
4311,36.846524,28.962159,9.132943,0.054079,0.550607,0.302432,0.906212,4.577616,0.020248,0
4312,64.880219,53.372966,12.925004,0.024594,0.694187,0.205448,0.907564,8.953879,0.014914,0
4313,57.046183,64.190491,4.787942,0.038977,0.398721,0.495322,0.432039,14.161450,0.022034,1
4314,30.452091,21.725964,11.284068,0.022140,1.012793,0.541976,0.824557,7.912531,0.015545,0
4315,56.577217,58.233654,3.552522,0.042923,0.701990,0.186250,0.534343,18.840994,0.045019,1
4316,75.801144,86.257869,0.912377,0.042503,0.357570,0.203303,0.190189,12.307668,0.029466,1
4317,21.053163,24.029278,1.142795,0.043348,1.007877,0.223393,0.388733,8.101891,0.081185,1
4318,56.205792,41.567424,18.346405,0.042161,0.952934,0.412102,0.853367,12.599961,0.010156,0
4319,73.728536,95.496936,11.591805,0.059050,1.472916,0.458928,0.488097,35.681351,0.009711,0
4320,77.385177,101.150066,0.639964,0.023015,1.118615,0.169620,0.103904,14.769790,0.012999,0
4321,70.255974,73.260056,9.553831,0.032517,1.240449,0.309060,0.566571,30.780780,0.016266,1
4322,62.011203,83.140201,0.753460,0.054459,0.222866,0.467205,0.122195,5.931255,0.014813,0
4323,38.932356,36.933243,3.321460,0.020630,0.165046,0.340802,0.682446,5.637966,0.066129,1
4324,25.732379,21.507155,7.381163,0.042841,1.285474,0.403453,0.770720,8.843397,0.025752,0
4325,31.248760,40.000390,5.114162,0.040933,1.315172,0.515023,0.487404,14.289516,0.021604,0
4326,70.689717,85.670772,3.527851,0.024216,1.127706,0.258334,0.321347,26.892193,0.018473,0
4327,24.010833,16.953493,7.359576,0.055219,0.321633,0.245950,0.996451,0.144923,0.003178,0
4328,78.209238,87.446038,2.141992,0.039885,0.432162,0.237638,0.299394,17.859893,0.028432,1
4329,79.038413,102.203426,0.390153,0.057911,0.136734,0.438426,0.072760,4.042399,0.010794,0
4330,24.942875,29.169356,3.277319,0.028752,1.005697,0.453379,0.478729,9.964886,0.035128,1
4331,25.223882,26.298713,1.147425,0.058749,0.113892,0.450625,0.438665,3.355798,0.102769,1
4332,29.531125,27.734800,2.585716,0.050665,0.324787,0.173559,0.802420,4.677260,0.095145,1
4333,70.424399,95.744607,2.333645,0.028519,1.047279,0.294036,0.220347,21.358777,0.013985,0
4334,48.634392,54.627966,4.278982,0.042169,1.036128,0.290526,0.461215,19.656287,0.027607,1
4335,73.455037,55.603585,20.008701,0.051023,0.752758,0.174349,0.985002,2.413202,0.003408,0
4336,62.320113,79.383244,1.341596,0.020517,1.025164,0.222055,0.192039,17.235440,0.019495,0
4337,40.526785,34.998243,9.574437,0.046064,1.447713,0.268788,0.794292,13.883007,0.021722,0
4338,75.781850,92.333814,0.903375,0.035155,0.498450,0.229772,0.151819,12.575133,0.019119,0
4339,78.264440,83.125252,17.285078,0.033860,1.354479,0.494337,0.603587,35.106022,0.008560,1
4340,23.233211,32.235226,2.718474,0.034528,1.376848,0.459889,0.401703,10.543994,0.030849,0
4341,65.135476,86.687395,3.583215,0.038621,0.530157,0.496000,0.289718,16.226835,0.014545,0
4342,66.714767,65.075365,15.231809,0.021878,1.284015,0.462819,0.641782,28.233717,0.010674,1
4343,32.405952,29.174580,6.225325,0.037989,0.790501,0.358228,0.720170,9.695994,0.032605,1
4344,52.686536,49.107507,6.295279,0.050739,0.345319,0.309990,0.716830,10.478813,0.035265,1
4345,50.350452,57.967856,2.446577,0.048302,1.373493,0.168184,0.389887,22.638582,0.038657,1
4346,70.313622,97.915129,2.653107,0.058784,0.761479,0.368931,0.233137,18.772359,0.013516,0
4347,47.576960,44.340934,6.224243,0.029193,1.020577,0.191974,0.730327,15.882496,0.035813,1
4348,21.634226,19.571751,3.341627,0.042083,0.654079,0.267100,0.757797,5.466346,0.066851,1
4349,79.043574,71.472909,11.731446,0.024131,0.717366,0.254251,0.743957,21.543501,0.018905,1
4350,22.899928,24.998845,2.373574,0.027828,1.151491,0.297164,0.493983,9.802232,0.054626,1
4351,20.996974,27.037077,1.078420,0.022530,1.191949,0.295947,0.295344,7.913734,0.050886,0
4352,77.317197,75.339341,12.788478,0.034210,0.836692,0.388453,0.629733,26.708963,0.013747,1
4353,78.689413,110.027609,4.304045,0.036172,1.184601,0.347773,0.279891,28.824673,0.011300,0
4354,41.403880,57.547345,0.115867,0.037957,1.090864,0.154846,0.044675,4.075136,0.014073,0
4355,51.229005,71.144267,0.054378,0.027297,0.832285,0.158837,0.020821,2.341391,0.006749,0
4356,41.282225,55.432106,5.726952,0.057815,1.495176,0.441768,0.454029,20.004285,0.017771,0
4357,53.488564,59.558462,4.786527,0.048282,0.854589,0.317549,0.468583,19.665278,0.025329,1
4358,60.152240,47.227237,16.463554,0.053440,0.471973,0.511500,0.825334,10.639603,0.012180,0
4359,52.340494,37.797423,18.194969,0.048083,1.397763,0.315611,0.892345,11.456867,0.009480,0
4360,55.902737,55.949828,5.272747,0.055472,0.751475,0.214434,0.622734,18.410760,0.036559,1
4361,26.220148,18.404187,8.095636,0.025897,0.539601,0.237994,0.985808,0.695461,0.007877,0
4362,20.674339,17.760018,4.143257,0.021263,0.565796,0.393162,0.758764,4.847967,0.050988,0
4363,54.128021,41.566263,18.547002,0.059946,0.933014,0.527788,0.811269,14.129577,0.009793,0
4364,20.160260,25.336705,0.358047,0.022546,0.595047,0.268393,0.174753,4.005198,0.061703,0
4365,39.304191,41.908918,3.708372,0.049962,1.025517,0.248361,0.529632,15.835079,0.040245,1
4366,39.306234,35.999290,7.886742,0.059986,0.607832,0.461177,0.700421,10.648109,0.024587,1
4367,78.499428,93.035775,4.570053,0.035590,0.668779,0.345432,0.353493,23.863466,0.016763,0
4368,45.012187,57.607874,3.576274,0.031825,0.751003,0.459944,0.359521,14.586773,0.020843,0
4369,71.265225,70.859032,11.301651,0.022352,1.034932,0.361786,0.603497,27.944172,0.014695,1
4370,22.698868,16.353027,7.791595,0.032133,0.958095,0.447015,0.850492,5.169034,0.023425,0
4371,73.764954,58.832996,18.109569,0.040581,1.114332,0.194848,0.922537,11.297070,0.009562,0
4372,59.095556,66.578635,5.890409,0.057059,0.821899,0.358432,0.476031,21.334831,0.020737,1
4373,79.430907,83.915589,2.160735,0.038819,0.262193,0.222932,0.368846,15.341001,0.041599,1
4374,55.828009,66.166939,3.381664,0.023908,0.755809,0.337457,0.355372,18.076024,0.022739,0
4375,24.887253,29.304446,1.371437,0.058495,1.206516,0.209521,0.386598,10.462076,0.066820,0
4376,51.945220,56.998252,4.399433,0.045091,1.391467,0.208204,0.500115,24.445117,0.031271,1
4377,46.181079,53.493104,2.632595,0.054523,1.080398,0.222203,0.395173,18.484917,0.036104,1
4378,77.092529,57.156215,28.448860,0.054311,1.477267,0.414109,0.842685,22.546865,0.006201,0
4379,64.099730,48.131488,16.151066,0.024071,0.158072,0.184944,0.999966,0.003623,0.000030,0
4380,52.842874,44.959287,15.086580,0.037830,1.304288,0.428204,0.750413,19.160812,0.012286,0
4381,59.172386,54.669197,9.952781,0.033698,0.440435,0.468663,0.676425,14.108304,0.019521,1
4382,55.176611,48.416211,14.239798,0.022190,1.244985,0.429673,0.715649,20.878762,0.012820,1
4383,46.346048,56.166928,4.919030,0.050001,1.398446,0.326786,0.450986,21.699577,0.022106,0
4384,29.058541,36.742947,2.126256,0.023012,0.744988,0.437622,0.349404,9.284283,0.033725,0
4385,37.511118,27.541479,11.960149,0.039324,1.363851,0.262384,0.909301,7.154814,0.014209,0
4386,62.983193,83.146108,0.119698,0.047514,0.100430,0.456805,0.034904,1.538805,0.008456,0
4387,32.595646,33.988675,2.575805,0.049870,0.225000,0.488982,0.493587,6.167442,0.052761,1
4388,26.491199,33.684148,2.935460,0.033877,1.180198,0.426116,0.420316,11.251455,0.031880,0
4389,20.002887,27.049072,1.300427,0.044814,0.870537,0.415864,0.314476,6.625153,0.045738,0
4390,53.682141,69.772543,3.987628,0.056310,0.953583,0.382933,0.355502,19.525839,0.018555,0
4391,30.267345,40.542921,4.108292,0.047970,1.054278,0.544193,0.439116,12.253635,0.023314,0
4392,24.511793,24.512157,3.250421,0.045217,0.434734,0.472725,0.586622,6.294990,0.050982,1
4393,77.978643,79.399201,15.934675,0.056682,1.200706,0.423330,0.632972,32.176652,0.010411,1
4394,34.563953,38.901657,6.276216,0.059502,1.457933,0.406944,0.572061,16.377178,0.023106,1
4395,73.219265,61.522089,13.549085,0.058116,0.444510,0.204094,0.937862,5.976530,0.012288,0
4396,31.466386,31.289672,3.905786,0.044153,0.925418,0.266790,0.621519,11.511422,0.047090,1
4397,75.236834,100.860238,3.724080,0.037372,0.648895,0.430999,0.274001,20.186331,0.012751,0
4398,59.779754,57.843363,6.468904,0.033922,0.679942,0.244154,0.647576,18.303931,0.030853,1
4399,47.488302,56.060125,4.034962,0.051155,1.138753,0.299893,0.429954,19.904331,0.025845,0
4400,65.878160,46.415210,22.551088,0.051756,0.767870,0.402018,0.900252,10.112479,0.007548,0
4401,48.443787,55.770881,8.985798,0.042655,1.369724,0.469914,0.549784,22.442207,0.014857,1
4402,78.844564,94.132346,4.390086,0.021499,0.902656,0.299791,0.340291,27.456359,0.016321,0
4403,53.926564,67.842023,1.393343,0.058402,0.713347,0.258718,0.226435,13.709134,0.025543,0
4404,64.674032,64.242138,7.577641,0.052100,0.780384,0.268486,0.624857,21.667008,0.024723,1
4405,25.808723,27.465099,4.829070,0.051887,0.840312,0.537328,0.582586,9.235404,0.030707,1
4406,23.318041,25.980556,4.562804,0.059432,1.053790,0.527036,0.573945,9.384954,0.031078,1
4407,62.747046,66.841453,4.115324,0.035367,0.326133,0.384049,0.449881,14.182596,0.028760,1
4408,63.512024,72.707275,9.296691,0.037166,1.099772,0.441051,0.510892,26.561674,0.013575,1
4409,28.624475,23.294896,5.764792,0.055635,0.327965,0.180414,0.986870,0.553497,0.011417,0
4410,68.090502,58.796124,15.411255,0.056638,0.755802,0.384375,0.768640,18.033966,0.013389,0
4411,32.607061,29.309282,8.125072,0.037086,1.388625,0.384794,0.717502,12.990042,0.022865,1
4412,47.595932,45.925632,6.552617,0.047448,0.412591,0.437297,0.632062,11.522097,0.028190,1
4413,36.493105,45.700593,1.563824,0.056827,1.296349,0.214485,0.309405,14.646328,0.039554,0
4414,38.235421,49.791975,1.488053,0.020139,0.377956,0.498331,0.246991,7.421746,0.026953,0
4415,39.586967,39.196966,4.755123,0.053931,0.724868,0.285157,0.626725,12.761743,0.039397,1
4416,73.536793,83.233163,3.871068,0.033025,0.838201,0.247485,0.377828,25.589435,0.022812,1
4417,57.443507,58.180272,10.490661,0.039666,1.374722,0.354718,0.621118,25.621409,0.015923,1
4418,45.003397,56.366039,4.059199,0.030774,0.694775,0.494812,0.386756,14.357982,0.020621,0
4419,55.809693,62.175188,4.550780,0.048754,0.955151,0.275227,0.462583,21.664067,0.026458,1
4420,22.030662,27.921996,0.008609,0.048873,0.280467,0.182926,0.012026,0.365109,0.014663,0
4421,42.518471,31.638770,12.208202,0.046125,0.831099,0.218573,0.962073,3.198583,0.009740,0
4422,42.297657,57.151226,3.569501,0.052102,0.719345,0.520874,0.353627,13.337345,0.019896,0
4423,78.460749,104.260638,4.267569,0.058503,0.544367,0.474958,0.292815,19.905252,0.012506,0
4424,70.230535,49.907299,27.816520,0.051124,1.435934,0.457187,0.848842,19.722839,0.006091,0
4425,24.891484,21.476322,6.130849,0.040027,1.447166,0.309143,0.769902,9.094601,0.032810,0
4426,70.396449,53.581433,18.833387,0.035028,0.683719,0.289941,0.912805,9.232243,0.009398,0
4427,38.461535,32.578938,8.170925,0.045616,0.342075,0.517758,0.773702,6.768555,0.025834,0
4428,50.531099,45.911656,8.906105,0.053206,0.322824,0.538597,0.699311,9.992813,0.022508,1
4429,40.949324,37.004483,8.229850,0.051013,0.942090,0.332161,0.733837,13.047468,0.024865,1
4430,57.804389,69.456849,11.969737,0.026601,1.444829,0.548953,0.543741,27.552321,0.010396,0
4431,43.529399,52.506907,4.547589,0.039467,0.901380,0.429230,0.432870,16.253225,0.022171,0
4432,43.745231,34.483359,10.688969,0.040877,0.784451,0.230761,0.922646,5.615052,0.016209,0
4433,76.137161,65.419558,15.560429,0.026197,0.672919,0.364319,0.763025,19.281696,0.013568,0
4434,38.458256,40.092377,4.011860,0.022151,0.414464,0.461691,0.515755,9.869703,0.034873,1
4435,58.465177,54.870595,4.676931,0.054623,0.166492,0.217918,0.805204,6.573073,0.053001,1
4436,75.844533,78.500363,11.249936,0.049670,0.576541,0.500736,0.569421,22.625956,0.013624,1
4437,42.242814,41.615112,7.056554,0.056893,0.706422,0.427026,0.630488,13.399682,0.024893,1
4438,34.858767,28.915340,6.554434,0.030543,0.422515,0.242073,0.911281,3.640499,0.029292,0
4439,59.510387,46.486744,14.858035,0.045002,0.642302,0.266344,0.919124,7.149065,0.011800,0
4440,23.916463,18.111381,6.254060,0.053434,0.276353,0.413145,0.927401,1.736024,0.026582,0
4441,23.871345,23.244679,2.930152,0.043122,0.490019,0.359122,0.623836,6.342623,0.063250,1
4442,48.867441,44.965799,7.629945,0.049695,0.292920,0.501943,0.689951,9.331347,0.026577,1
4443,76.649055,56.799500,28.606164,0.049060,1.135872,0.528844,0.819230,21.493054,0.006090,0
4444,35.174876,42.896652,0.119816,0.045250,0.176477,0.290339,0.066718,1.911850,0.030158,0
4445,66.134566,86.260175,0.290235,0.041023,0.610749,0.196962,0.068605,6.832794,0.012987,0
4446,45.014418,42.878946,3.974418,0.055779,0.356373,0.209235,0.729301,8.896670,0.058882,1
4447,58.144361,76.930796,1.972333,0.051730,1.376756,0.220456,0.248981,21.632950,0.021082,0
4448,69.045885,61.699083,20.058956,0.048363,1.391357,0.464107,0.726461,27.104053,0.008804,1
4449,25.101947,27.811340,1.429996,0.054464,1.249599,0.161453,0.459939,11.137962,0.087614,1
4450,76.349554,55.760913,23.218381,0.047736,0.960326,0.192938,0.977199,4.047256,0.003747,0
4451,22.880712,28.588043,1.620284,0.024285,0.638539,0.455067,0.349028,6.765383,0.044472,0
4452,70.949784,78.837295,4.191490,0.020609,0.325732,0.430321,0.390090,15.537386,0.022020,1
4453,53.008380,61.254258,2.669255,0.037369,1.238459,0.199806,0.370353,22.280044,0.032043,1
4454,76.398997,82.639534,14.744225,0.057336,0.961412,0.522633,0.583390,29.229672,0.009966,1
4455,54.325676,49.345533,12.495285,0.047233,1.495959,0.313375,0.734620,21.779593,0.015742,1
4456,53.590208,53.112389,13.051559,0.039300,1.343627,0.479411,0.651359,22.976143,0.012420,1
4457,70.410578,89.916606,4.338369,0.054195,1.111064,0.304892,0.339855,27.189701,0.016190,0
4458,26.879792,34.667351,0.221354,0.025095,0.797436,0.196125,0.105491,4.379440,0.038756,0
4459,29.554544,36.224451,4.102342,0.028153,1.095199,0.488769,0.467400,12.297807,0.026302,0
4460,36.877688,46.284814,1.533799,0.049262,0.784328,0.302555,0.284415,11.077128,0.034324,0
4461,40.828436,52.625883,0.190868,0.058989,0.149423,0.409272,0.070833,2.138432,0.020977,0
4462,45.949003,52.365238,3.070193,0.040562,0.271837,0.544038,0.389694,9.189715,0.029431,1
4463,34.116166,41.130268,0.878077,0.046098,0.708960,0.231955,0.244360,9.017644,0.047114,0
4464,48.227899,66.846998,0.553552,0.045458,0.373402,0.380239,0.112024,5.614320,0.017001,0
4465,53.903095,60.942101,7.543254,0.020677,0.803133,0.510039,0.498546,19.271462,0.016192,1
4466,69.618730,57.220844,19.609113,0.050822,0.678582,0.542025,0.770264,17.402776,0.009762,0
4467,77.068223,102.466167,2.331735,0.056579,0.321723,0.501378,0.213189,12.709959,0.013266,0
4468,42.616995,41.601253,4.954888,0.046247,0.743872,0.254334,0.646719,13.660434,0.039755,1
4469,21.376906,17.077169,5.817100,0.031280,0.716162,0.455807,0.797614,5.100793,0.034194,0
4470,26.401404,35.436642,3.357762,0.056350,1.353458,0.445844,0.436020,12.095564,0.028757,0
4471,26.419998,26.596915,1.719125,0.059508,0.283968,0.283215,0.556937,5.559348,0.099031,1
4472,55.119833,68.655893,7.702275,0.050222,1.388863,0.419802,0.477865,25.874884,0.014607,0
4473,47.958907,53.895265,1.536710,0.055357,0.231829,0.367511,0.309069,8.135867,0.041517,1
4474,22.408103,30.114955,1.913809,0.054744,0.785023,0.492755,0.359297,7.422686,0.038215,0
4475,68.945095,51.224973,20.790588,0.055022,0.445893,0.509596,0.867636,9.861161,0.009130,0
4476,47.484132,47.865383,2.900302,0.058736,0.345197,0.235255,0.562750,10.991956,0.060030,1
4477,31.456207,36.568164,0.183176,0.057551,0.439982,0.154363,0.120566,4.187754,0.062315,1
4478,20.345196,21.431909,2.218110,0.026535,0.783287,0.347808,0.520889,7.173591,0.063614,1
4479,44.699666,59.147969,0.053110,0.059051,0.112955,0.399757,0.024546,0.864623,0.009583,0
4480,29.110607,21.330273,8.561510,0.029396,0.853348,0.270466,0.929217,3.641691,0.018619,0
4481,34.707930,40.091845,2.992054,0.023119,0.874941,0.360611,0.421173,12.698079,0.033409,1
4482,67.471386,51.064788,25.567902,0.043132,1.345635,0.530250,0.803685,21.667354,0.006671,0
4483,28.888473,40.313734,1.381194,0.042700,1.001982,0.356112,0.262187,9.420170,0.031635,0
4484,21.419262,29.081949,0.058558,0.023665,1.001592,0.158381,0.044506,2.013897,0.027672,0
4485,23.047018,25.964242,1.697231,0.039987,0.959622,0.272706,0.432926,8.879284,0.063878,1
4486,51.904564,55.092089,0.320992,0.031299,0.127182,0.171274,0.189419,5.013659,0.085433,1
4487,74.009285,89.377773,14.059565,0.032087,1.494561,0.501394,0.530649,35.988933,0.008768,0
4488,56.183256,57.148922,7.406678,0.049536,0.411602,0.511656,0.569196,14.163051,0.021305,1
4489,34.118504,28.071792,10.276936,0.059079,1.074711,0.449982,0.784514,10.348341,0.018382,0
4490,37.074844,36.851238,6.049077,0.054084,0.638045,0.458548,0.615570,11.315208,0.028136,1
4491,55.338526,49.388051,17.760536,0.046133,1.413184,0.538191,0.725615,21.926400,0.009414,1
4492,54.807022,69.869906,8.941611,0.033493,1.238348,0.535608,0.484131,24.312174,0.012203,0
4493,21.316488,26.391893,2.857732,0.033556,1.451780,0.409244,0.465023,10.207108,0.037808,0
4494,53.733395,66.256238,8.570457,0.044122,1.312649,0.476362,0.498067,24.559729,0.013603,0
4495,38.737135,33.314360,7.087831,0.047109,0.702935,0.224899,0.857625,7.311698,0.030822,0
4496,60.821132,59.353247,12.344324,0.021473,1.213805,0.417193,0.632950,25.233918,0.013471,1
4497,58.989340,80.146152,7.352572,0.051852,1.098715,0.511836,0.421976,24.194265,0.012364,0
4498,60.503115,54.640820,13.622449,0.049903,1.317683,0.319775,0.739016,22.571609,0.014634,1
4499,62.631750,81.883636,4.296728,0.058094,1.465913,0.280131,0.355849,28.255267,0.017540,0
4500,45.301623,35.184666,11.252130,0.055297,0.446562,0.294340,0.934324,3.869346,0.014344,0
4501,57.233160,66.743933,4.096207,0.027312,1.194561,0.271925,0.397865,24.132888,0.022681,1
4502,46.900180,44.807904,10.327257,0.053398,1.476067,0.341875,0.694033,19.987160,0.018006,1
4503,72.756118,68.634997,17.262043,0.028947,1.200160,0.458929,0.668749,28.908979,0.009915,1
4504,47.387204,36.736908,12.643600,0.036091,0.482567,0.449717,0.847748,7.751706,0.015907,0
4505,24.378963,28.320624,3.667683,0.046157,1.102419,0.454268,0.512345,10.206825,0.034293,1
4506,30.690117,34.095871,5.182774,0.044431,1.417603,0.394535,0.557617,14.425296,0.027383,1
4507,64.186379,59.901486,8.975343,0.056649,1.080666,0.154358,0.813887,17.877314,0.026013,1
4508,72.206782,61.594756,18.438642,0.054094,0.738293,0.479565,0.754498,19.525583,0.010577,0
4509,73.515649,99.855699,1.670444,0.046255,0.726020,0.306191,0.180203,16.448479,0.013691,0
4510,41.043003,41.129882,8.956044,0.040058,1.140307,0.475624,0.632966,16.504375,0.018065,1
4511,64.713109,46.226833,21.286400,0.037463,0.982333,0.332652,0.902650,11.037146,0.008065,0
4512,69.102383,74.860380,11.325459,0.048512,1.339871,0.371136,0.571346,31.398902,0.013223,1
4513,65.272279,47.442786,17.989757,0.023334,0.137917,0.325026,0.996835,0.232743,0.001219,0
4514,34.127009,47.401832,0.543933,0.046497,0.859206,0.261528,0.142449,7.124157,0.027222,0
4515,39.307815,36.745862,7.752146,0.038948,1.078230,0.357073,0.684537,14.508592,0.024389,1
4516,55.520179,68.743318,0.705587,0.051075,0.226518,0.375294,0.148715,6.125756,0.023377,0
4517,60.145727,55.892596,12.995787,0.029247,0.673142,0.541720,0.666959,17.936234,0.013597,1
4518,49.820178,69.611436,1.515275,0.028790,0.785700,0.352981,0.200346,12.376106,0.017979,0
4519,22.375734,29.834436,2.101717,0.049033,1.245970,0.393931,0.383823,9.538620,0.038815,0
4520,54.790054,76.580593,1.040210,0.051187,0.489196,0.382562,0.152917,9.050160,0.016109,0
4521,78.552833,100.505382,3.841197,0.043533,1.497935,0.231818,0.309630,33.900247,0.015821,0
4522,50.221222,60.153865,4.686829,0.020020,1.184105,0.352011,0.413821,21.291118,0.020252,0
4523,34.114075,44.772618,0.081453,0.046658,0.314068,0.256425,0.042884,1.743110,0.018598,0
4524,41.392529,56.227258,0.010603,0.023800,0.436627,0.177714,0.006924,0.527888,0.003971,0
4525,50.276907,57.778122,0.743267,0.047610,0.558211,0.174413,0.212414,10.898639,0.044285,1
4526,71.440079,90.842993,5.945957,0.057460,1.479695,0.292479,0.398019,33.529757,0.015180,0
4527,43.956523,53.722581,0.071904,0.032561,0.287716,0.197416,0.039778,2.022638,0.018430,0
4528,47.293187,51.379460,3.743441,0.021065,0.395625,0.437742,0.447076,11.762677,0.030367,1
4529,21.200310,29.285723,0.161721,0.046556,0.410250,0.323901,0.086673,2.144053,0.035900,0
4530,23.580432,24.300307,3.901478,0.054187,0.823465,0.442940,0.593738,8.299843,0.040924,1
4531,24.758148,20.955640,4.813015,0.024656,0.536643,0.332760,0.805163,4.997943,0.045660,0
4532,79.058551,83.820165,16.159634,0.047318,1.138635,0.489965,0.599711,32.598357,0.009349,1
4533,32.943409,40.443912,2.319931,0.026860,1.333897,0.288721,0.366563,14.321679,0.034265,0
4534,78.206106,97.487938,1.869351,0.042558,0.495627,0.311730,0.212333,15.970788,0.016901,0
4535,49.397911,46.859665,8.082129,0.046991,0.491063,0.461417,0.654013,12.767461,0.023092,1
4536,72.437427,58.582391,19.297952,0.030192,1.251998,0.320935,0.809480,22.031740,0.010450,0
4537,74.086621,75.431480,5.864819,0.026395,0.375889,0.339194,0.525985,18.082440,0.025839,1
4538,65.760345,91.935830,6.709458,0.055080,1.202372,0.449133,0.382221,27.503978,0.011778,0
4539,73.726106,55.545652,27.816243,0.035856,1.401904,0.518646,0.802336,24.266321,0.006140,0
4540,24.543970,29.469210,3.641900,0.059876,1.129964,0.457542,0.502505,10.408273,0.033419,0
4541,42.954422,46.823498,2.136787,0.027841,0.613171,0.249401,0.398759,12.984213,0.046017,1
4542,33.320632,36.125254,2.615886,0.056509,1.368625,0.171906,0.533182,15.497433,0.059328,1
4543,24.793964,21.610006,4.073973,0.023796,0.457083,0.305385,0.794352,4.771652,0.055607,1
4544,55.263524,61.050363,7.225991,0.033547,0.860802,0.432582,0.509771,20.448896,0.017981,1
4545,69.589036,65.580150,5.404852,0.031853,0.219750,0.204947,0.769889,9.908161,0.045430,1
4546,48.041524,38.873020,12.723683,0.028840,0.747983,0.445492,0.787640,12.053188,0.015672,0
4547,21.654094,23.566636,1.804792,0.020040,0.337284,0.497680,0.450290,4.978044,0.063246,1
4548,60.291667,46.379966,17.775651,0.044466,1.029701,0.339343,0.857003,13.814199,0.010876,0
4549,45.155486,59.648086,0.353218,0.035932,0.443207,0.281646,0.095805,5.112664,0.020087,0
4550,66.272062,88.905675,10.872131,0.051908,1.289694,0.544716,0.477102,29.975593,0.009715,0
4551,61.828673,75.785733,8.043465,0.020280,1.475924,0.403619,0.456647,29.789105,0.013081,0
4552,64.338292,86.372802,10.442703,0.053678,1.337382,0.528317,0.476451,29.631242,0.010131,0
4553,52.242751,36.822993,15.597838,0.041786,0.115476,0.324109,0.999471,0.033233,0.000325,0
4554,47.074703,46.146546,11.988157,0.034367,1.384816,0.492491,0.657722,20.349559,0.013464,1
4555,74.171888,77.854614,10.486137,0.050441,0.725713,0.433189,0.560563,24.916599,0.014407,1
4556,39.712107,30.649156,9.622605,0.025241,0.470793,0.267893,0.941311,3.190157,0.016039,0
4557,35.709294,40.937063,7.844067,0.047430,1.436294,0.520660,0.580125,16.727610,0.017542,1
4558,67.047936,81.095439,6.535935,0.032992,0.679687,0.488511,0.414783,21.547068,0.014436,0
4559,74.323594,75.536387,2.271834,0.051701,0.112688,0.264028,0.471074,9.927334,0.060402,1
4560,20.593272,26.019434,2.360925,0.047408,0.824380,0.515876,0.427913,7.337209,0.040682,0
4561,52.470430,55.211267,6.188520,0.032208,0.506927,0.468617,0.525177,14.874123,0.022743,1
4562,46.941755,38.232573,9.348683,0.038917,0.232340,0.335982,0.919840,3.368925,0.019585,0
4563,59.207497,60.968756,6.177587,0.040312,0.300866,0.512716,0.531686,12.915183,0.023883,1
4564,29.566485,34.972073,1.075235,0.049943,0.931403,0.210240,0.309656,10.061873,0.058780,0
4565,76.496320,86.798577,12.684805,0.029864,1.285900,0.445765,0.531389,34.499045,0.010285,1
4566,66.861842,65.404568,5.794746,0.046312,0.637535,0.187363,0.662561,19.504453,0.036525,1
4567,64.137449,46.821667,18.112226,0.046566,0.366826,0.189329,0.998414,0.199446,0.000698,0
4568,78.310525,102.420562,9.387005,0.052762,0.976823,0.505032,0.426653,30.353878,0.010033,0
4569,35.568539,46.046608,0.659887,0.036534,0.372711,0.373304,0.168726,5.468503,0.031067,0
4570,62.833458,45.309139,18.743513,0.044341,0.506713,0.292947,0.962464,3.659798,0.006245,0
4571,66.501503,76.886146,3.622684,0.025837,0.428162,0.401619,0.352473,16.158898,0.021248,1
4572,47.028040,38.481631,9.400684,0.032122,0.556924,0.193253,0.943725,3.975391,0.016701,0
4573,52.814541,65.202405,1.201412,0.053052,0.905654,0.201027,0.225242,15.083204,0.029701,0
4574,46.136711,51.977184,6.985785,0.047831,1.046402,0.441586,0.529012,18.778272,0.019092,1
4575,59.085789,45.257331,21.155705,0.048991,1.073428,0.547392,0.801342,17.069012,0.008321,0
4576,61.601746,72.738189,9.273618,0.054717,0.820739,0.548734,0.501844,22.263881,0.013027,0
4577,66.742692,75.335831,2.529429,0.049070,0.210537,0.433425,0.323620,11.002909,0.027068,1
4578,66.534089,52.374888,20.291191,0.031829,1.015226,0.454108,0.794567,19.071293,0.009345,0
4579,34.422437,40.576655,2.005517,0.020360,0.512990,0.403343,0.348722,9.119805,0.037198,0
4580,26.796145,31.123830,2.331610,0.058770,1.395853,0.244369,0.464116,12.578842,0.051358,1
4581,68.555194,64.955175,10.294968,0.051500,1.360640,0.179569,0.757034,25.026036,0.021794,1
4582,44.428220,41.590255,10.248112,0.036411,1.199253,0.423835,0.680239,17.393586,0.017337,1
4583,56.146115,77.647108,6.324771,0.037108,1.412899,0.439431,0.397753,25.745420,0.013154,0
4584,69.767606,92.736499,0.039999,0.032083,0.195388,0.278092,0.013807,1.087459,0.004112,0
4585,46.066757,37.704965,11.351876,0.046529,0.794688,0.348946,0.820772,10.746754,0.018262,0
4586,59.947586,44.751421,21.156259,0.057563,1.326382,0.397163,0.849610,16.125340,0.008518,0
4587,72.883460,57.724590,19.681824,0.024766,1.216428,0.313204,0.825093,20.714115,0.010235,0
4588,39.429112,43.762934,2.099960,0.045493,0.522120,0.296955,0.394343,10.965135,0.045490,1
4589,71.647423,81.944496,5.482784,0.033445,0.401418,0.488968,0.407017,17.615461,0.017483,1
4590,43.188785,46.430507,3.912892,0.033912,1.008519,0.267591,0.496931,17.302553,0.034373,1
4591,48.515294,41.258215,8.564115,0.022483,0.497895,0.271588,0.841280,8.285663,0.026033,0
4592,39.242246,53.890717,0.143866,0.051495,0.925620,0.168151,0.056457,4.287437,0.017888,0
4593,26.392202,33.522738,1.303629,0.027639,0.972969,0.311918,0.295958,8.995714,0.042554,0
4594,52.320350,67.520818,0.487406,0.043869,0.184577,0.436814,0.110837,4.249722,0.019255,0
4595,78.673511,99.522940,4.173668,0.048383,0.486718,0.455311,0.306039,19.254669,0.014038,0
4596,63.784130,81.267414,1.490614,0.023937,1.365222,0.191906,0.205403,21.199765,0.019889,0
4597,67.783999,59.423571,10.656267,0.036049,0.181958,0.477951,0.782237,8.511143,0.021300,1
4598,27.593901,32.292850,0.058729,0.024389,0.105062,0.290340,0.055170,0.997386,0.042942,1
4599,25.016137,32.324130,1.154584,0.050223,1.309699,0.246992,0.297130,9.910652,0.048956,0
4600,51.394825,42.602813,11.811645,0.040640,0.493790,0.444006,0.794362,10.280214,0.017751,0
4601,25.679263,23.308751,7.766189,0.037165,1.397270,0.525548,0.708880,10.409224,0.021496,1
4602,79.484032,84.941555,3.435632,0.051631,0.503262,0.213724,0.424340,22.089270,0.032507,1
4603,35.122812,43.883001,2.290363,0.028062,0.707104,0.410450,0.339033,10.809965,0.030193,0
4604,63.965712,50.376188,14.958860,0.028851,0.487772,0.301942,0.904005,7.608867,0.012627,0
4605,65.806694,78.941425,1.893319,0.020251,1.027533,0.206857,0.253406,21.349788,0.023195,0
4606,33.397853,29.736416,4.137979,0.036413,0.304997,0.180072,0.908082,3.042423,0.049664,1
4607,65.001331,81.342962,7.611605,0.023588,0.903973,0.506033,0.428086,24.253620,0.012549,0
4608,77.938150,65.596994,20.447138,0.053678,1.086496,0.365937,0.786854,23.617839,0.009779,0
4609,39.399386,40.778014,7.268696,0.036025,0.817176,0.521937,0.589170,13.852372,0.020922,1
4610,64.632987,56.160323,11.974716,0.047548,0.919780,0.206063,0.848759,14.532216,0.018354,0
4611,41.505545,55.363573,0.329998,0.028680,0.894042,0.199114,0.096818,6.726289,0.021933,0
4612,51.093614,55.353799,1.600829,0.045217,0.568180,0.177474,0.367033,14.503022,0.055094,1
4613,28.708382,31.073713,0.335657,0.055236,0.186542,0.206859,0.233868,3.800156,0.119491,1
4614,60.435192,58.854353,8.530478,0.050596,0.659703,0.349785,0.637893,18.400988,0.021833,1
4615,63.539328,66.947187,9.404610,0.050429,0.930067,0.392923,0.569605,24.073088,0.016316,1
4616,56.936907,71.310840,6.590624,0.035069,1.428722,0.380847,0.437694,26.818696,0.015204,0
4617,25.176389,23.946843,3.965211,0.053409,0.676869,0.355357,0.670428,7.497328,0.049176,1
4618,63.863982,45.554509,20.330268,0.056053,0.750290,0.239726,0.973404,3.404903,0.004641,0
4619,21.891331,21.965458,3.394842,0.038179,1.086205,0.333991,0.611591,8.743580,0.050292,1
4620,60.188302,52.849673,12.610650,0.026125,1.152646,0.308300,0.741930,20.879529,0.016219,1
4621,59.360487,75.973012,3.631725,0.048867,1.208143,0.293639,0.337165,23.829962,0.019063,0
4622,27.338259,23.286290,9.081535,0.054293,1.310767,0.530624,0.753317,9.875598,0.018998,0
4623,24.559319,26.420089,3.736279,0.048426,1.008156,0.407545,0.557816,9.734137,0.039279,1
4624,66.200683,62.998563,4.740467,0.028183,0.351206,0.154791,0.756232,12.299767,0.051625,1
4625,41.019312,31.347813,12.083957,0.045128,0.550084,0.507791,0.833529,7.595456,0.016161,0
4626,70.376327,61.711027,12.987561,0.027723,0.287716,0.538395,0.734669,12.372376,0.016126,1
4627,52.968469,43.844732,17.142624,0.035808,1.277045,0.509689,0.756658,18.748412,0.010266,0
4628,35.640628,34.758709,7.366922,0.055705,0.806927,0.497503,0.648063,11.882295,0.023301,1
4629,54.461304,46.577641,12.282891,0.059025,0.664700,0.393109,0.779516,13.163661,0.016985,0
4630,66.865865,67.862520,10.975695,0.037158,0.844810,0.431168,0.594846,23.822284,0.014627,1
4631,71.088261,75.009097,4.633970,0.033611,0.773214,0.220839,0.481838,24.911941,0.028869,1
4632,76.354863,70.342361,20.064450,0.048614,1.220968,0.466367,0.702637,29.217347,0.008801,1
4633,76.206088,86.597515,11.360640,0.026708,1.357130,0.400685,0.514833,35.392417,0.011207,1
4634,66.336537,59.049388,18.388181,0.051139,1.137055,0.482475,0.724561,23.621306,0.009785,1
4635,38.772975,45.640623,1.798452,0.049562,0.525955,0.335189,0.329220,10.173670,0.038387,0
4636,55.852662,55.354903,2.811260,0.027121,0.326776,0.181028,0.588579,12.422075,0.067315,1
4637,57.084361,73.869839,0.046188,0.022650,0.129172,0.332987,0.019243,0.961359,0.006859,0
4638,64.263244,52.078634,13.849888,0.029280,0.480312,0.309620,0.875456,9.144778,0.014890,0
4639,33.499921,31.718364,4.457911,0.044440,1.119960,0.182473,0.738029,11.544240,0.050336,1
4640,58.264740,60.243062,12.270812,0.031572,1.408392,0.440467,0.611240,26.505840,0.012586,1
4641,63.851649,54.596388,18.292117,0.039647,1.364513,0.421553,0.749870,23.708398,0.010109,0
4642,28.751334,25.314478,6.027017,0.032761,0.920550,0.349877,0.737913,8.984640,0.033746,1
4643,42.440312,48.737930,4.097813,0.020184,0.782004,0.409872,0.437641,14.789168,0.025617,1
4644,45.327293,42.570888,3.887852,0.028815,0.231805,0.239509,0.745260,7.003955,0.061401,1
4645,76.122170,76.332197,2.246540,0.025553,0.158892,0.181613,0.521620,12.087434,0.072287,1
4646,55.332163,45.960834,14.686138,0.034802,0.797981,0.471551,0.763335,15.248545,0.013236,0
4647,39.229378,40.044794,7.959944,0.037334,1.109800,0.467286,0.613523,15.814979,0.019816,1
4648,59.701061,58.947060,10.403986,0.058688,0.805575,0.414645,0.635805,20.126031,0.016905,1
4649,74.299714,61.306993,17.070504,0.056346,0.776531,0.279045,0.860500,14.537487,0.012153,0
4650,78.059852,59.946394,21.528801,0.037808,1.363740,0.179498,0.946339,9.944671,0.006667,0
4651,72.771296,63.773718,10.225195,0.025432,0.131150,0.413646,0.836014,6.515812,0.022680,1
4652,78.668689,61.206089,22.448485,0.027225,0.746727,0.448015,0.814451,18.179370,0.008781,0
4653,27.083534,23.505507,5.415789,0.042101,0.374968,0.499274,0.747919,5.293339,0.038547,0
4654,50.665412,37.531438,14.938840,0.051901,0.888745,0.202862,0.971663,3.099557,0.006697,0
4655,24.362673,20.256721,6.513865,0.043667,1.144521,0.366238,0.786554,7.583500,0.030481,0
4656,34.968794,32.610695,9.995966,0.029625,1.452239,0.510658,0.688306,14.902114,0.016433,1
4657,54.831890,43.114728,14.584943,0.057942,0.754237,0.317426,0.878684,9.599305,0.013336,0
4658,71.803194,63.150915,19.425973,0.053754,0.899291,0.518275,0.727527,22.616761,0.009412,1
4659,49.149402,56.412783,0.104043,0.030129,0.104172,0.261485,0.060121,1.892670,0.028763,1
4660,25.609581,22.940717,4.941670,0.058751,0.549571,0.417441,0.730621,6.270118,0.041673,1
4661,45.560305,63.403457,0.459129,0.039042,0.314525,0.408825,0.101474,4.532350,0.016981,0
4662,23.334838,28.046123,0.049132,0.025611,0.239814,0.213876,0.050001,1.178568,0.042200,0
4663,75.733390,89.233993,4.616418,0.042220,1.017599,0.267122,0.376530,29.006334,0.018605,0
4664,57.253382,56.515089,3.354497,0.047584,0.303583,0.201833,0.618755,12.023113,0.059861,1
4665,31.440115,40.004073,1.845793,0.045240,1.024164,0.317281,0.328016,11.494794,0.035787,0
4666,43.776831,51.796039,7.900072,0.040409,1.136008,0.537708,0.529156,18.564495,0.015859,0
4667,77.341974,76.468059,14.304539,0.041731,1.248871,0.354702,0.639956,32.337076,0.012204,1
4668,23.297844,25.669152,4.728787,0.051205,1.360809,0.464527,0.587321,10.581600,0.030840,1
4669,29.595742,28.143024,3.859349,0.032637,0.426487,0.381816,0.648898,7.167170,0.050249,1
4670,41.887029,45.761096,1.548127,0.031465,0.713902,0.188161,0.368579,13.345943,0.056627,1
4671,73.510307,52.042457,21.841657,0.053072,0.102313,0.548724,0.981529,1.064079,0.003507,0
4672,63.626170,45.218590,20.412918,0.058873,0.417366,0.473442,0.911466,6.593996,0.008243,0
4673,54.007991,46.760253,7.862335,0.020834,0.120118,0.394792,0.872824,3.899828,0.028194,0
4674,21.309913,29.738859,0.006415,0.048428,0.356737,0.212024,0.007507,0.263790,0.007680,0
4675,52.405605,39.641062,14.914528,0.043397,1.173490,0.184467,0.960087,4.883397,0.008214,0
4676,70.915171,76.794963,16.997118,0.056665,1.390229,0.518203,0.619461,31.850475,0.008791,1
4677,24.667112,19.355553,6.929167,0.039504,1.482788,0.245286,0.876430,6.133688,0.027716,0
4678,66.179869,58.569161,18.037751,0.053491,1.118102,0.463705,0.731151,23.088679,0.010168,1
4679,36.442868,35.755301,3.438001,0.039651,0.678551,0.216949,0.635512,11.278322,0.057687,1
4680,47.148203,49.861492,5.910922,0.052796,0.844393,0.356934,0.551448,17.140199,0.025583,1
4681,33.847035,39.404384,4.569246,0.032775,1.216240,0.408122,0.490364,14.887219,0.026180,1
4682,28.816280,27.068527,6.858206,0.056452,1.372914,0.380130,0.704431,11.660236,0.026906,1
4683,62.141088,80.647374,6.505512,0.039595,1.441974,0.374630,0.409974,29.008013,0.013906,0
4684,44.938494,33.721278,14.114905,0.051625,0.691925,0.471954,0.845842,8.875370,0.013458,0
4685,73.542627,54.129336,20.846576,0.024297,0.838016,0.230297,0.951117,6.819382,0.006533,0
4686,74.012990,77.547398,9.390346,0.022575,1.161963,0.316731,0.544155,31.633197,0.015691,1
4687,60.454417,47.963600,15.055586,0.022582,0.556145,0.410536,0.828963,11.453189,0.013726,0
4688,78.253476,100.080862,13.623188,0.053824,1.464472,0.492078,0.506768,37.773896,0.008560,0
4689,54.630632,58.060158,3.347955,0.052724,0.668756,0.222827,0.480254,17.801135,0.040026,1
4690,23.373495,31.870360,0.023754,0.059073,0.105289,0.441541,0.020223,0.370684,0.014595,0
4691,39.709935,47.194221,6.007348,0.029814,1.245025,0.458358,0.496283,17.675816,0.019643,0
4692,68.262178,59.698567,8.997044,0.028165,0.158697,0.230259,0.940141,3.233392,0.018990,1
4693,23.914427,28.893535,0.647478,0.055375,0.631965,0.250868,0.250414,6.046578,0.066688,0
4694,47.193930,54.146172,4.895388,0.040985,1.328451,0.299410,0.472935,21.650502,0.024439,1
4695,72.020905,66.055593,9.646198,0.037802,0.211193,0.464037,0.708668,11.353808,0.022335,1
4696,21.846850,24.252572,1.750380,0.057142,0.932250,0.264586,0.471035,8.393021,0.071292,1
4697,36.730197,37.036474,4.945760,0.049454,0.599681,0.406701,0.589115,11.063025,0.033623,1
4698,65.535262,83.493841,12.119163,0.037237,1.392174,0.543879,0.509673,30.839271,0.009483,0
4699,32.939649,39.529410,2.390385,0.052676,0.847613,0.340708,0.388891,11.626089,0.037104,0
4700,67.036318,90.573983,0.647746,0.051044,1.125212,0.176870,0.114288,13.741639,0.015365,0
4701,32.297460,44.635497,1.124679,0.042458,1.070462,0.296791,0.225996,10.046958,0.030316,0
4702,22.663340,21.720435,2.521867,0.028458,0.798478,0.219255,0.666709,7.363045,0.081884,1
4703,50.504993,56.067258,5.024915,0.043496,0.435885,0.510136,0.465923,13.253854,0.023368,1
4704,48.390395,62.915891,0.946880,0.023696,1.398180,0.188325,0.179135,14.968879,0.024277,0
4705,48.562651,53.985725,4.923814,0.033058,0.696237,0.406398,0.470200,16.120446,0.024158,1
4706,20.124891,27.725082,0.009352,0.056684,0.424911,0.193606,0.011166,0.384896,0.011552,0
4707,34.285231,29.636551,9.315570,0.020184,1.494614,0.405855,0.726595,13.945813,0.019558,0
4708,72.181195,84.494697,7.928087,0.058332,0.607827,0.507408,0.455913,22.313179,0.013886,1
4709,46.037295,50.702252,7.062539,0.059302,1.454527,0.329929,0.568739,21.820734,0.021454,1
4710,70.841002,64.563508,9.433243,0.026593,0.620538,0.233674,0.753570,17.597866,0.024183,1
4711,59.412398,62.831411,3.574187,0.036116,0.423585,0.299273,0.455677,15.330834,0.034261,1
4712,79.241612,102.815682,1.780797,0.056557,0.643153,0.287054,0.195392,17.542500,0.015132,0
4713,60.074091,82.701297,0.623250,0.047195,0.646390,0.268370,0.108931,9.018373,0.014405,0
4714,35.978739,39.645320,8.442275,0.038125,1.470970,0.525055,0.600282,16.855441,0.016859,1
4715,74.861811,65.701258,14.754770,0.045732,0.662547,0.357218,0.757566,19.047324,0.014360,1
4716,25.757512,35.946890,1.854877,0.037508,1.153716,0.397267,0.320477,9.899986,0.032557,0
4717,25.254369,26.434030,3.752301,0.055864,1.403165,0.284952,0.604783,11.520353,0.045176,1
4718,51.882072,61.644642,2.535941,0.022595,0.576013,0.352177,0.321785,14.114045,0.025848,0
4719,56.098144,39.498093,16.871473,0.028292,0.233806,0.289221,0.995680,0.344228,0.001618,0
4720,52.463073,47.515283,6.959885,0.054774,0.486657,0.208020,0.826098,9.396598,0.033724,1
4721,49.727608,67.976511,2.035813,0.048688,0.975019,0.322495,0.250357,15.615452,0.020083,0
4722,21.195930,24.423885,1.830361,0.024417,0.984694,0.334864,0.425404,8.243869,0.055649,1
4723,74.919737,63.199247,19.067880,0.038444,0.745538,0.474305,0.754954,20.338026,0.010247,0
4724,69.474552,85.557119,1.877015,0.022881,0.611636,0.289793,0.228536,16.439485,0.019216,0
4725,60.787472,72.453962,8.889474,0.038146,1.451000,0.402974,0.498023,29.211413,0.013520,0
4726,52.351452,42.165587,15.357163,0.041793,0.745683,0.530300,0.779210,13.413040,0.012376,0
4727,41.992343,58.204301,0.348644,0.029699,0.859220,0.226666,0.092198,6.435102,0.018738,0
4728,28.501695,28.987735,2.084202,0.037802,0.130697,0.545362,0.515106,4.107732,0.070943,1
4729,60.206408,74.165281,0.296819,0.038924,0.266608,0.264489,0.083396,4.768740,0.018657,0
4730,73.645852,60.898103,17.425637,0.043522,0.742227,0.355616,0.810299,17.200874,0.012015,0
4731,69.814612,60.181397,14.463111,0.051683,0.628348,0.361229,0.780868,16.348913,0.014778,0
4732,44.127043,31.798378,15.884263,0.058887,1.154740,0.398115,0.872596,9.891713,0.011050,0
4733,71.392473,75.805458,6.073966,0.020578,0.424353,0.411359,0.477172,18.523137,0.020819,1
4734,49.586531,61.857645,4.305514,0.059518,1.072555,0.354125,0.403043,19.879180,0.021286,0
4735,45.630487,41.100191,6.739895,0.054915,0.767606,0.166976,0.859046,8.939376,0.033497,1
4736,78.674003,109.775019,0.951905,0.033262,0.936950,0.239220,0.117367,14.996812,0.010810,0
4737,36.589424,26.895927,11.445009,0.022293,0.765155,0.437390,0.850909,7.432247,0.016588,0
4738,42.315767,35.526427,11.193832,0.058950,0.862795,0.428052,0.778330,11.688680,0.017675,0
4739,49.504811,61.576065,2.115248,0.055669,1.132467,0.231868,0.306623,18.496712,0.028743,0
4740,71.532655,65.146095,21.283707,0.031243,1.417398,0.520739,0.702727,29.487790,0.007808,1
4741,77.827443,62.405464,19.534230,0.023429,1.464300,0.237427,0.848899,22.065553,0.010478,0
4742,46.650127,65.101099,2.472867,0.042016,0.783988,0.427770,0.273076,13.734749,0.018819,0
4743,78.097613,97.492842,0.185735,0.032120,0.413816,0.189051,0.049077,5.104994,0.010699,0
4744,58.667142,48.489461,12.041923,0.055525,0.460367,0.280702,0.890621,7.454541,0.016760,0
4745,53.998803,52.826824,3.832696,0.034515,0.203644,0.313227,0.608587,9.359050,0.050319,1
4746,73.742066,68.367409,14.219849,0.051316,0.630938,0.453583,0.684406,20.824587,0.013381,1
4747,67.897117,92.858780,7.832212,0.036304,1.213780,0.478603,0.402626,28.948832,0.010810,0
4748,50.520478,45.185507,6.810729,0.028954,0.524084,0.207997,0.820488,9.580547,0.034435,1
4749,31.069425,23.122631,10.939221,0.057240,1.343831,0.384708,0.854943,8.211213,0.016454,0
4750,70.429373,58.350720,15.946871,0.040254,1.362343,0.176866,0.899768,14.451214,0.012091,0
4751,28.478765,26.094623,2.601268,0.032372,0.160981,0.173972,0.913416,1.802781,0.079368,1
4752,34.161656,30.266163,6.911737,0.029422,1.492117,0.245675,0.757969,13.032072,0.030463,1
4753,61.207338,79.664425,1.314817,0.055025,0.641878,0.286057,0.189080,13.267443,0.019287,0
4754,31.820953,29.617262,6.643058,0.034686,0.953099,0.419158,0.677519,11.145237,0.027552,1
4755,34.216153,40.741003,1.972414,0.038235,0.586414,0.373098,0.348431,9.689243,0.037827,0
4756,61.173500,53.043517,13.317128,0.048874,1.270324,0.243639,0.811299,18.631177,0.016086,0
4757,78.498474,91.478816,5.718628,0.026301,0.733398,0.363288,0.391922,25.828626,0.015732,1
4758,29.886553,29.905805,2.685586,0.048798,0.672198,0.226953,0.604826,9.435962,0.069247,1
4759,69.312281,64.342080,12.971764,0.050894,0.721584,0.400157,0.690369,20.761011,0.014966,1
4760,38.481521,37.340238,4.169846,0.043791,0.528102,0.283050,0.641190,10.450122,0.047210,1
4761,63.541862,70.267832,1.269448,0.032411,0.303989,0.238579,0.266240,11.502344,0.039280,1
4762,43.418793,46.075539,3.147870,0.050181,0.809468,0.225669,0.503619,15.583672,0.045253,1
4763,76.788370,72.180421,13.453747,0.047407,0.520348,0.472207,0.664367,20.194773,0.013939,1
4764,42.708306,52.223412,1.221798,0.050672,1.337230,0.163679,0.270920,16.357474,0.040973,0
4765,69.642135,86.505049,10.968704,0.050401,1.037006,0.541770,0.491050,28.285478,0.010381,0
4766,45.866773,34.265060,12.539625,0.021857,0.745246,0.267700,0.926177,5.537718,0.013194,0
4767,55.212788,50.615551,11.002929,0.052879,1.059553,0.318176,0.725837,18.935090,0.018425,1
4768,74.008277,55.941913,23.057508,0.053143,1.276158,0.278798,0.896418,15.053296,0.007725,0
4769,37.922911,34.645101,7.650657,0.053266,1.235951,0.281889,0.743839,13.570196,0.027083,1
4770,55.555421,44.291740,13.512319,0.059952,0.756290,0.213536,0.940284,5.733955,0.011504,0
4771,76.853758,98.140582,3.328453,0.027183,1.461101,0.235407,0.281841,31.370747,0.015442,0
4772,21.012031,25.367641,2.623461,0.027123,1.001733,0.466458,0.455462,8.337507,0.040414,0
4773,37.951730,30.152532,8.719598,0.023639,0.691588,0.255297,0.897368,5.644792,0.022197,0
4774,42.280002,54.807774,4.851128,0.037710,1.209568,0.439830,0.420608,18.182137,0.019119,0
4775,54.118978,50.795494,11.797468,0.047340,1.116224,0.397638,0.686763,20.262789,0.015587,1
4776,57.077331,67.242084,1.366299,0.054763,0.638364,0.214923,0.253031,14.584275,0.032629,0
4777,73.033128,68.621729,7.522247,0.044001,0.275044,0.300395,0.709206,13.127709,0.029789,1
4778,68.929984,69.036813,7.566521,0.032330,1.035988,0.233781,0.599953,27.106361,0.023555,1
4779,43.282942,48.683159,8.178677,0.043128,1.019725,0.545222,0.556308,17.262892,0.016574,1
4780,61.465411,83.105154,0.066293,0.022455,0.265106,0.274398,0.021579,1.634181,0.005946,0
4781,28.195336,30.115663,4.199321,0.043002,0.826574,0.448091,0.551403,10.141518,0.034443,1
4782,78.279782,102.920777,0.089533,0.033541,0.265714,0.252329,0.024392,2.310094,0.005623,0
4783,30.609041,33.097783,4.277624,0.029090,0.874570,0.434759,0.529335,11.388877,0.031970,1
4784,63.974858,45.721935,20.603131,0.055606,0.654061,0.358127,0.923667,7.422920,0.007743,0
4785,40.857668,35.855599,7.954731,0.023991,0.440696,0.476891,0.727145,9.015337,0.025697,1
4786,25.199444,22.795577,2.630154,0.051255,0.163946,0.165713,0.950830,1.038363,0.060188,1
4787,38.498066,42.398234,2.100887,0.031291,0.673386,0.260076,0.402563,12.225405,0.047100,1
4788,67.867418,93.778158,0.022436,0.021566,0.587257,0.164626,0.008202,1.165263,0.002617,0
4789,65.552805,71.233537,13.836343,0.047900,1.197030,0.513003,0.592787,27.834941,0.010548,1
4790,73.149457,91.570625,3.866549,0.032325,0.765265,0.352811,0.310912,22.604374,0.015646,0
4791,50.124296,56.499750,2.028144,0.046225,0.360537,0.332640,0.338652,11.011033,0.036543,1
4792,57.212290,49.644441,13.735162,0.028408,0.708153,0.500122,0.724197,16.087767,0.013878,0
4793,49.277663,42.254955,7.408877,0.047030,0.157692,0.235858,0.961434,1.636920,0.018125,0
4794,79.374932,85.216153,4.245139,0.046307,0.504568,0.260088,0.434272,22.187320,0.026835,1
4795,69.216458,63.386026,20.426488,0.044206,1.483547,0.487764,0.710742,28.823712,0.008314,1
4796,24.368928,22.999628,3.723167,0.046202,1.132482,0.227697,0.717609,8.765557,0.057242,1
4797,41.372176,36.589982,7.728504,0.033783,0.958718,0.273622,0.762179,12.530572,0.027907,1
4798,32.442679,31.998830,2.275058,0.058503,0.373704,0.211801,0.633067,7.467758,0.089640,1
4799,74.798283,74.793134,10.140270,0.029253,0.629012,0.404303,0.586256,23.110995,0.016243,1
4800,61.131681,62.800556,5.109327,0.056740,0.177990,0.542132,0.516255,10.280473,0.028509,1
4801,45.862605,51.804682,1.188917,0.032875,0.730418,0.180928,0.289350,13.402921,0.048218,1
4802,47.364064,60.288258,0.397243,0.043284,0.123844,0.502309,0.106347,3.058920,0.021919,0
4803,33.052966,27.377081,7.351385,0.030203,1.181187,0.226794,0.849046,8.411171,0.028740,0
4804,42.679355,41.601761,7.734135,0.044738,1.323741,0.312385,0.661160,17.968739,0.023856,1
4805,52.063278,71.210884,1.072144,0.028309,0.258501,0.535011,0.161468,6.479111,0.017283,0
4806,77.439491,63.811364,14.369843,0.036843,0.303152,0.169887,0.987309,1.397913,0.004526,0
4807,59.294212,44.722494,15.447571,0.039407,0.181241,0.533115,0.917373,3.845391,0.011320,0
4808,45.607756,43.306243,9.030064,0.041279,1.497139,0.300097,0.688965,19.716040,0.021097,1
4809,43.151649,36.095131,9.061418,0.037554,0.817112,0.258318,0.844440,9.316955,0.023705,0
4810,29.632405,27.198613,3.908711,0.022333,0.812157,0.211498,0.738949,8.680077,0.057550,1
4811,76.859436,83.008094,0.611680,0.047724,0.188829,0.174721,0.195726,9.229169,0.047354,1
4812,64.332454,78.805577,1.492090,0.049288,1.011511,0.185186,0.233093,19.793356,0.025532,0
4813,63.606833,50.610801,15.921103,0.057710,0.575308,0.351150,0.867778,10.326228,0.012634,0
4814,78.045586,59.489914,22.316727,0.022496,0.768579,0.402084,0.840246,16.630992,0.008835,0
4815,24.722420,20.340556,4.943833,0.049950,0.462362,0.215585,0.940821,1.981007,0.032516,0
4816,70.797923,56.095514,15.836802,0.035802,0.149342,0.541777,0.892884,5.047222,0.012445,0
4817,26.620534,20.529833,8.535575,0.032486,1.151633,0.436913,0.807394,7.817245,0.021924,0
4818,32.000635,32.706262,3.940920,0.038061,0.471406,0.457639,0.557563,8.673885,0.039263,1
4819,65.720596,69.732221,7.136916,0.030551,1.399721,0.246125,0.535450,30.896774,0.020764,1
4820,56.828384,64.494983,0.636721,0.044311,0.165156,0.299774,0.179362,6.046542,0.037817,1
4821,64.846552,82.074592,4.740638,0.020068,0.873015,0.404546,0.349020,22.419366,0.015096,0
4822,64.932877,56.770054,12.371355,0.058629,0.750504,0.269246,0.810904,15.220217,0.017864,1
4823,33.389195,28.300627,8.394281,0.057991,0.882321,0.393476,0.779531,9.297763,0.024023,0
4824,38.199387,43.814653,1.808720,0.043877,0.974779,0.213770,0.366311,14.193012,0.046678,1
4825,58.074008,58.138767,4.592711,0.041591,0.126029,0.545707,0.547033,8.167605,0.035213,1
4826,40.984375,56.390052,0.000714,0.049298,0.234688,0.195732,0.000697,0.047966,0.000622,0
4827,36.414294,40.040742,4.807122,0.051008,0.929892,0.396125,0.526563,13.977644,0.028617,1
4828,55.616882,74.451382,0.365334,0.029011,0.733025,0.214715,0.083954,7.341209,0.015079,0
4829,43.999676,52.752396,0.013217,0.025162,0.159561,0.192445,0.011621,0.533872,0.008981,0
4830,55.115009,47.950348,10.153159,0.043711,0.332763,0.454524,0.763525,9.803924,0.021339,1
4831,39.929295,44.111618,0.943220,0.057408,0.237374,0.284758,0.291021,6.670133,0.061893,1
4832,79.850342,110.593636,4.817047,0.020803,1.190353,0.367390,0.291029,29.870785,0.010712,0
4833,25.210185,33.443746,2.402971,0.058894,1.205491,0.393353,0.392020,10.635519,0.035291,0
4834,51.330368,54.578641,5.808083,0.038748,0.641028,0.404165,0.519513,16.375815,0.023989,1
4835,75.976856,84.875193,11.033586,0.054511,1.299962,0.357533,0.542195,34.365168,0.012809,1
4836,40.848178,46.881524,2.288230,0.023258,0.724228,0.301124,0.365527,13.072709,0.035925,1
4837,79.644328,58.455617,27.441894,0.053648,1.075334,0.409490,0.859164,18.457024,0.006608,0
4838,54.184894,64.766558,6.348269,0.023654,0.701080,0.534949,0.445405,17.929978,0.016283,0
4839,45.938046,53.553309,6.531772,0.022187,0.843835,0.531099,0.487202,16.826264,0.017791,1
4840,67.552234,54.336891,20.395870,0.049476,1.474308,0.338929,0.819118,21.588864,0.009468,0
4841,56.682203,43.912592,15.701744,0.022946,0.884576,0.367942,0.833804,13.295446,0.012714,0
4842,53.161741,69.753901,6.747217,0.029982,1.115081,0.505370,0.428762,22.037568,0.013837,0
4843,54.394560,61.164813,4.422849,0.054311,0.336574,0.522386,0.430450,12.397619,0.023832,1
4844,66.499439,90.341264,1.273635,0.054445,0.523220,0.345557,0.161851,11.791907,0.014748,0
4845,29.835032,34.852104,0.702274,0.031477,1.057768,0.160997,0.256293,9.879213,0.065172,1
4846,31.990836,31.346037,2.725392,0.027761,0.334588,0.306556,0.600975,7.144539,0.068062,1
4847,77.707197,95.966093,4.351989,0.058064,0.547648,0.408259,0.329161,20.804389,0.015410,0
4848,47.326979,48.643149,4.552466,0.029320,0.675042,0.304653,0.537698,15.443280,0.033526,1
4849,51.673783,55.271268,9.069549,0.034352,1.166432,0.436719,0.570675,21.914055,0.016111,1
4850,54.685510,75.099162,3.202171,0.056049,0.639399,0.478257,0.293033,15.041031,0.016447,0
4851,58.259857,67.474243,0.168667,0.058009,0.218510,0.192774,0.074409,3.831869,0.026801,1
4852,53.793999,50.084879,11.580776,0.044407,0.701793,0.513541,0.674945,16.220623,0.015553,1
4853,47.454027,66.028041,0.437236,0.026422,0.929937,0.226004,0.097849,7.904288,0.016701,0
4854,62.966662,46.298030,18.518557,0.025929,0.772478,0.323287,0.902305,9.548101,0.009643,0
4855,64.995045,66.370929,4.083447,0.030077,0.328832,0.297016,0.508073,14.865795,0.036031,1
4856,24.173671,26.809480,2.112306,0.022486,0.950547,0.310925,0.452511,9.335722,0.054055,1
4857,44.840041,41.865967,7.421055,0.033838,0.880836,0.316564,0.684338,14.963082,0.026689,1
4858,67.851413,55.195533,16.314493,0.040224,0.966761,0.272029,0.853357,15.321234,0.012654,0
4859,63.652079,69.115455,9.208179,0.046707,0.768306,0.470916,0.537377,22.160428,0.015117,1
4860,78.360127,89.373272,9.735820,0.020044,1.324216,0.362094,0.482624,35.939533,0.012207,1
4861,32.878853,25.183055,9.327924,0.049873,0.844759,0.314909,0.887164,5.786749,0.020123,0
4862,60.206447,62.783492,5.612433,0.031610,0.711920,0.303037,0.520710,20.238717,0.025880,1
4863,40.987738,47.231442,1.466885,0.023705,0.262426,0.414005,0.296960,7.266748,0.039813,1
4864,52.777884,52.838055,5.722370,0.036441,0.313420,0.465893,0.567429,11.618824,0.028566,1
4865,73.377274,87.451299,0.205433,0.046816,0.183877,0.246394,0.063450,3.915411,0.016051,0
4866,38.915075,32.576247,10.798360,0.045944,1.186058,0.394734,0.774964,12.711745,0.017929,0
4867,60.078357,52.012271,13.372122,0.045330,0.722502,0.404638,0.753758,16.097223,0.015255,0
4868,67.511112,60.825674,16.531592,0.037607,1.178471,0.418069,0.710329,25.073531,0.011166,1
4869,47.343163,64.577358,0.556383,0.047000,0.351023,0.380614,0.116876,5.507396,0.018391,0
4870,30.363862,22.657649,8.704714,0.026298,1.218802,0.224603,0.924200,4.783697,0.018954,0
4871,78.706053,94.611177,3.104238,0.043638,0.450682,0.363645,0.290708,18.107193,0.017836,0
4872,70.668396,85.545826,8.680587,0.028460,1.264410,0.406088,0.455698,31.505781,0.012287,0
4873,22.414452,16.771802,6.965859,0.020977,1.098938,0.381906,0.836983,5.787183,0.027446,0
4874,70.424306,68.027011,7.365230,0.048554,0.162777,0.521875,0.620693,10.812409,0.025664,1
4875,63.030284,69.642984,4.679936,0.020615,0.422040,0.427869,0.425188,16.047570,0.022369,1
4876,33.861571,44.044215,2.520825,0.041225,0.752910,0.451575,0.346107,10.838321,0.027802,0
4877,66.765836,76.771070,15.095579,0.059292,1.413805,0.528754,0.589238,30.875121,0.009265,1
4878,69.450751,82.919867,3.402936,0.024150,1.028656,0.258594,0.326357,25.395158,0.019793,0
4879,20.341293,16.195472,5.798948,0.025861,0.714921,0.510665,0.784234,5.035814,0.033336,0
4880,68.341951,51.265234,19.842348,0.052763,0.448479,0.471218,0.873659,9.491836,0.009616,0
4881,76.727033,107.286139,2.523228,0.036406,1.466778,0.250131,0.218014,27.371280,0.012673,0
4882,65.504611,59.575856,17.406133,0.041358,1.228961,0.467571,0.705489,25.036344,0.010154,1
4883,36.552793,38.585827,3.475625,0.057724,0.889633,0.256639,0.543626,13.671907,0.044818,1
4884,76.201294,96.272810,7.613847,0.051475,1.123252,0.392170,0.414649,31.478720,0.012307,0
4885,34.644801,28.846871,8.392792,0.049006,1.312878,0.235282,0.853785,9.098609,0.024541,0
4886,56.905602,57.661453,3.383152,0.041274,0.322117,0.262608,0.529970,12.848260,0.046904,1
4887,25.774647,26.467233,2.993916,0.021876,0.926152,0.310837,0.551186,9.814078,0.051316,1
4888,35.459715,25.582603,10.059206,0.025561,0.275928,0.223150,0.998158,0.109576,0.001415,0
4889,68.202654,68.724016,4.038528,0.024012,0.305920,0.269176,0.528950,15.009633,0.039185,1
4890,67.880931,64.834563,7.668443,0.036165,0.323856,0.372125,0.647289,14.348454,0.025839,1
4891,21.775051,24.809388,1.942525,0.020389,0.653141,0.419556,0.430172,6.912757,0.053203,1
4892,62.743258,71.539101,3.205519,0.041184,0.578702,0.304863,0.364309,17.929312,0.025815,1
4893,62.037304,68.768732,2.629346,0.045724,0.214519,0.424895,0.353750,10.683764,0.030456,1
4894,42.242131,55.466032,6.121899,0.027007,1.280220,0.511707,0.451768,18.928173,0.016192,0
4895,46.452342,56.050546,3.924745,0.040204,1.239736,0.309641,0.409884,20.105250,0.024272,0
4896,74.927082,64.556986,15.977239,0.034465,0.459758,0.493786,0.745263,16.305055,0.012793,0
4897,76.327296,65.187129,24.474083,0.030328,1.309418,0.538256,0.735190,28.597595,0.006965,0
4898,55.844474,39.368149,16.626736,0.025899,0.147782,0.225029,0.999982,0.001701,0.000016,0
4899,66.057147,56.540698,19.739724,0.045444,1.456798,0.427007,0.754266,25.104467,0.009249,0
4900,33.068991,43.812922,4.438073,0.054576,1.034940,0.532592,0.442717,13.282527,0.022036,0
4901,27.538459,21.138825,8.983191,0.054645,1.224771,0.383505,0.839654,7.425802,0.020847,0
4902,41.960033,48.541076,2.149398,0.029535,0.527930,0.345258,0.347091,11.258072,0.035081,1
4903,32.969230,34.241596,8.666332,0.053591,1.439249,0.526652,0.647305,14.690987,0.017831,1
4904,68.379738,64.846260,19.184924,0.056917,1.236863,0.528814,0.692861,26.720524,0.008737,1
4905,60.991871,51.718463,10.905115,0.025888,0.155621,0.536219,0.817131,6.376309,0.020541,0
4906,47.725809,61.971496,0.157618,0.046433,0.751062,0.159656,0.058609,4.837236,0.017710,0
4907,34.991897,35.180450,6.560734,0.026861,0.982883,0.455821,0.607374,13.335405,0.024309,1
4908,41.864282,53.259936,0.095505,0.047190,0.237157,0.267331,0.044734,1.923237,0.017309,0
4909,67.722990,66.471422,7.189731,0.057372,1.031489,0.158251,0.713836,23.396532,0.031251,1
4910,20.667007,25.610462,1.492531,0.031719,1.004950,0.347759,0.363382,7.775808,0.052092,0
4911,22.516140,18.794490,5.136950,0.053362,0.694295,0.341867,0.817725,4.961883,0.041234,0
4912,55.181750,72.377910,3.293537,0.048028,0.532346,0.494667,0.308430,14.172599,0.017675,0
4913,32.156942,30.534133,5.945483,0.059329,1.471734,0.239292,0.733788,12.807473,0.035169,1
4914,23.986750,21.339696,4.720880,0.037640,0.656825,0.397523,0.726006,6.474866,0.043100,1
4915,73.970166,68.884244,9.638969,0.023739,1.289978,0.166750,0.736474,27.439935,0.023314,1
4916,50.242711,37.268212,14.461916,0.055871,0.649486,0.246593,0.962879,3.283172,0.008121,0
4917,62.358547,56.849529,8.154537,0.042268,0.162888,0.483941,0.727896,8.353808,0.027253,1
4918,44.568107,50.455807,3.699161,0.051588,1.360033,0.227551,0.471900,20.683776,0.033648,1
4919,64.003038,67.288001,5.353019,0.039781,1.144354,0.201183,0.534492,27.212191,0.028854,1
4920,54.194567,56.605889,9.931323,0.055156,0.825090,0.507935,0.592885,19.104132,0.015521,1
4921,47.212226,48.109846,9.245258,0.040784,0.821262,0.530155,0.606703,16.454660,0.016955,1
4922,58.964028,52.726807,12.856018,0.045089,0.844152,0.405909,0.721841,18.178104,0.015259,1
4923,55.115254,45.437859,10.040470,0.033514,0.147030,0.321009,0.952560,2.089964,0.014577,0
4924,23.708254,30.120795,0.201832,0.056545,0.581708,0.211764,0.115501,3.520659,0.050847,0
4925,23.416097,24.297041,0.700751,0.057496,0.364781,0.154121,0.450307,5.598272,0.181606,1
4926,44.757181,60.365058,0.494806,0.023724,0.638185,0.271158,0.114520,6.919517,0.019961,0
4927,49.880624,41.381274,13.760172,0.053454,0.753186,0.499047,0.770600,13.125570,0.014035,0
4928,22.955644,18.654499,4.972186,0.043795,0.485406,0.294398,0.888338,3.039832,0.040367,0
4929,70.642455,84.888940,0.103754,0.044982,0.240638,0.195205,0.039408,2.950254,0.012586,0
4930,35.302140,29.106948,7.276324,0.044656,0.342287,0.375442,0.854954,4.708432,0.029400,0
4931,30.561689,42.576130,0.062885,0.023883,0.690571,0.198228,0.033610,1.898137,0.014846,0
4932,55.033623,76.240751,2.028033,0.057962,0.900732,0.327653,0.234281,16.023384,0.017926,0
4933,46.150466,48.458227,9.153363,0.034705,1.076396,0.495554,0.592825,18.582267,0.016356,1
4934,21.756883,21.927347,2.326080,0.044281,0.815389,0.260429,0.594033,7.618965,0.075796,1
4935,45.648798,47.437155,8.574913,0.050942,1.061674,0.445131,0.603901,18.124361,0.018405,1
4936,40.494983,56.677401,0.754469,0.030401,1.288131,0.228042,0.154278,10.918010,0.022666,0
4937,38.841275,39.487648,9.289987,0.051134,1.291119,0.490498,0.643382,16.457253,0.017225,1
4938,36.317427,40.509288,2.912628,0.024361,0.496549,0.423679,0.430113,10.052476,0.036228,1
4939,28.579853,33.363790,1.237439,0.052410,1.007150,0.205822,0.348099,10.602574,0.062619,1
4940,67.008809,93.778397,6.254660,0.050072,1.291459,0.414866,0.366923,28.673315,0.011919,0
4941,45.306889,54.882505,6.457441,0.045260,1.113849,0.468511,0.484613,19.061818,0.017795,0
4942,46.925833,36.831003,12.154600,0.030602,0.882695,0.303773,0.861278,9.751876,0.016516,0
4943,21.044894,20.370477,2.384867,0.041709,1.232322,0.153920,0.717986,7.891453,0.093939,1
4944,48.190629,43.565107,11.433043,0.036188,0.768571,0.522792,0.694979,14.798976,0.015860,1
4945,22.470638,26.481908,1.450905,0.058370,1.291437,0.221054,0.409757,9.925606,0.068858,0
4946,51.878288,37.897749,17.108482,0.025018,0.798857,0.485159,0.838190,11.365077,0.010896,0
4947,26.832200,28.423399,3.893685,0.058866,0.829534,0.411992,0.565223,9.618940,0.039092,1
4948,37.270418,32.371576,6.480852,0.050261,0.279547,0.426303,0.788214,5.707476,0.034478,0
4949,56.592628,41.232727,21.709871,0.045676,1.167960,0.535556,0.823465,15.853237,0.007913,0
4950,55.232128,50.414027,10.453137,0.027034,0.634129,0.439166,0.686118,15.600495,0.018363,1
4951,62.463300,52.497593,13.056396,0.023080,0.321885,0.514790,0.778335,10.538516,0.016300,0
4952,33.984190,31.976216,5.392595,0.036545,0.492706,0.435620,0.659445,8.745996,0.035283,1
4953,72.235738,59.798125,22.677799,0.034102,1.060977,0.542211,0.752498,23.518251,0.007835,0
4954,37.935150,26.745611,11.767229,0.026029,0.821896,0.167798,0.994035,0.581698,0.002931,0
4955,61.896154,75.054131,4.149692,0.047075,0.744979,0.365296,0.366002,20.099199,0.019278,0
4956,57.788066,64.589305,4.097110,0.027985,1.032152,0.257483,0.426955,23.028078,0.025947,1
4957,46.397789,46.968000,4.951803,0.034696,1.184176,0.215002,0.594983,19.568972,0.035704,1
4958,35.087958,29.835763,9.605351,0.038814,1.124324,0.433452,0.750973,11.798482,0.019664,0
4959,44.973181,59.491195,7.314177,0.046794,1.476928,0.495525,0.480581,21.778526,0.014713,0
4960,50.475996,68.356340,4.900632,0.059671,1.264221,0.399237,0.388580,21.752677,0.016916,0
4961,66.752404,72.093111,7.480210,0.034190,0.462768,0.507602,0.498235,18.115672,0.017307,1
4962,23.356877,26.020400,2.882054,0.035468,0.621478,0.503828,0.492901,7.344611,0.042996,1
4963,71.229342,79.719144,3.560466,0.039018,0.482086,0.313317,0.373582,18.731105,0.024442,1
4964,41.217082,31.817522,12.061425,0.032073,0.860359,0.414323,0.825741,9.828519,0.016230,0
4965,39.152236,39.223276,2.454003,0.059702,0.173305,0.353044,0.552330,6.446349,0.068732,1
4966,21.454256,23.146170,4.111347,0.050902,1.318496,0.430363,0.590679,9.572963,0.036653,1
4967,28.367879,32.918540,5.088476,0.042897,1.172818,0.507100,0.537955,12.200588,0.025492,1
4968,36.619387,31.840604,6.965491,0.045016,1.317398,0.150579,0.892259,7.786271,0.029270,0
4969,41.187885,53.564810,0.005460,0.020130,0.138247,0.262504,0.004465,0.200197,0.003252,0
4970,74.840002,99.614610,1.888610,0.042129,0.826267,0.282803,0.198097,18.936114,0.014468,0
4971,34.624200,43.995423,0.493432,0.039494,0.248813,0.403759,0.149205,4.012617,0.033318,0
4972,26.220817,27.891738,2.233535,0.049700,0.908530,0.243934,0.517851,9.960722,0.065371,1
4973,37.599650,41.309412,9.033721,0.028700,1.476377,0.544362,0.599679,17.654124,0.015538,1
4974,62.860552,80.351969,0.003163,0.032017,0.225498,0.173095,0.002133,0.200651,0.001301,0
4975,42.292820,58.656028,0.000012,0.042495,0.247382,0.152428,0.000018,0.001608,0.000024,0
4976,62.760969,52.595881,12.426926,0.033481,0.281418,0.458418,0.812440,8.963139,0.017639,0
4977,26.396785,22.724657,3.994802,0.058737,0.111850,0.386858,0.898531,1.565890,0.051936,0
4978,63.193978,73.050230,0.436132,0.043798,0.302110,0.202566,0.129817,7.340713,0.030037,1
4979,44.074187,48.405543,1.460415,0.024763,0.882434,0.163774,0.348139,15.305510,0.054519,1
4980,67.894059,82.025916,2.159107,0.025097,0.214546,0.507034,0.253098,10.058665,0.020059,0
4981,66.147734,92.429036,0.134764,0.039512,0.455582,0.244584,0.033258,3.308086,0.006785,0
4982,57.368008,44.792365,13.599026,0.022876,0.278140,0.427434,0.892260,5.604784,0.014325,0
4983,49.644355,56.217856,6.425809,0.049613,1.331021,0.334689,0.516769,22.829090,0.020793,1
4984,79.061359,80.593511,2.402152,0.059706,0.257431,0.159128,0.497211,16.002731,0.062497,1
4985,52.993014,48.561040,8.065318,0.042349,0.804973,0.246038,0.745518,15.251071,0.027421,1
4986,53.411525,65.655732,0.751957,0.035337,0.473114,0.257297,0.162733,9.038129,0.026026,0
4987,69.233584,83.598693,2.038819,0.026802,1.319675,0.179432,0.261075,25.852776,0.022778,0
4988,27.163010,22.075727,6.740683,0.058836,0.846316,0.292894,0.861958,5.508829,0.030120,0
4989,77.510496,56.330021,29.920726,0.027246,1.397621,0.514990,0.813595,24.574791,0.005683,0
4990,23.373646,31.875894,0.214857,0.032109,0.381118,0.346377,0.099100,2.515696,0.034882,0
4991,42.843253,50.009626,7.505976,0.044257,1.464731,0.438594,0.538300,20.590356,0.017461,1
4992,25.280315,28.806128,1.728422,0.055431,0.735390,0.305284,0.416010,8.456324,0.058938,1
4993,60.767249,52.242066,10.390546,0.035045,0.463122,0.271625,0.840858,10.026569,0.021585,0
4994,35.232730,25.887886,12.912951,0.022572,1.271445,0.504946,0.809591,10.795001,0.013545,0
4995,27.527923,20.527110,8.339788,0.040098,0.888207,0.346494,0.879198,5.214193,0.022358,0
4996,54.470260,49.074415,10.221344,0.040096,1.028129,0.283897,0.742000,17.843628,0.020604,1
4997,69.590040,84.162526,7.487777,0.053905,0.651054,0.518103,0.435721,22.109508,0.013535,0
4998,52.211976,44.404548,10.242172,0.027579,1.382109,0.169369,0.865298,13.306965,0.020853,0
4999,39.649221,47.931009,7.937616,0.045491,1.392584,0.530735,0.544363,18.550646,0.015966,0
5000,25.542250,18.965826,8.164775,0.058645,0.945869,0.351089,0.885903,4.794772,0.022131,0
5001,23.090914,19.739338,3.705219,0.033514,0.442710,0.167441,0.944815,1.713648,0.043357,0
5002,74.293562,78.817651,4.037839,0.022687,1.039303,0.171646,0.453995,30.014551,0.030483,1
5003,55.188066,72.909352,4.990835,0.055113,0.839875,0.474397,0.375748,19.190541,0.015814,0
5004,24.551227,20.656672,5.404547,0.037740,1.020795,0.266280,0.821142,6.482884,0.039568,0
5005,45.118031,45.643194,5.942319,0.024138,1.374773,0.261892,0.588589,20.582030,0.028082,1
5006,52.253889,62.119468,7.272634,0.057666,0.982892,0.468244,0.492682,20.663723,0.016443,0
5007,53.424611,45.425765,13.642276,0.047735,0.731224,0.485185,0.752540,14.438657,0.014259,0
5008,77.584173,87.190408,2.220979,0.020708,0.837687,0.178840,0.299676,24.677270,0.027366,1
5009,29.366300,21.682077,8.852628,0.033475,0.661209,0.404942,0.875577,4.899746,0.021220,0
5010,52.139906,58.249636,7.784765,0.031109,0.760768,0.531130,0.517361,18.125708,0.016501,1
5011,25.184550,34.181068,0.034560,0.040506,0.535733,0.193537,0.026669,1.137200,0.017292,0
5012,24.255864,24.272402,4.203762,0.030775,1.138376,0.374939,0.612519,9.911094,0.039468,1
5013,36.719020,35.691958,7.730690,0.054234,1.369025,0.356407,0.675295,15.457332,0.023496,1
5014,34.286338,28.636935,10.786297,0.028109,1.435722,0.473267,0.749275,13.075107,0.016369,0
5015,42.138213,58.570510,1.365342,0.034061,0.615418,0.404985,0.208514,9.487268,0.021438,0
5016,77.691008,107.473602,5.022391,0.050184,1.090089,0.375361,0.311189,28.664543,0.011606,0
5017,65.346544,85.071122,3.295429,0.044794,0.780533,0.364927,0.291666,19.814961,0.016291,0
5018,53.748237,71.110720,1.250234,0.028327,0.597864,0.332512,0.185568,11.114461,0.019353,0
5019,32.485111,34.072993,7.518205,0.044697,1.364911,0.492173,0.621950,14.427705,0.020352,1
5020,29.971455,39.880363,1.964320,0.021270,0.942502,0.403248,0.314661,10.331602,0.030262,0
5021,77.083817,58.230418,21.834457,0.056619,0.915439,0.153878,0.990117,1.945542,0.002324,0
5022,57.854776,59.731099,2.871554,0.045101,0.585785,0.171081,0.509370,17.660322,0.052648,1
5023,65.183783,45.833040,20.527890,0.040158,0.529710,0.300809,0.965267,3.642872,0.005381,0
5024,38.448556,49.275077,4.063186,0.054949,1.408766,0.358973,0.425605,17.888308,0.023928,0
5025,73.049851,98.223055,0.199401,0.031338,0.672934,0.189306,0.045202,5.700553,0.008386,0
5026,48.745515,66.411272,0.328042,0.046702,0.885271,0.195154,0.085773,7.185427,0.017504,0
5027,28.611180,29.330216,7.011201,0.034431,1.431771,0.500994,0.633285,12.888326,0.021949,1
5028,27.217316,30.807607,0.824119,0.054395,0.940858,0.151327,0.336475,9.634482,0.091348,1
5029,31.395900,26.805234,6.047583,0.026148,1.429953,0.164785,0.862254,8.264424,0.035582,0
5030,52.067690,55.711955,8.677208,0.057954,1.281666,0.365418,0.588181,22.939294,0.018067,1
5031,75.799651,91.536523,4.167824,0.057137,0.470383,0.416977,0.336269,18.967491,0.016831,0
5032,44.845756,52.746209,3.868293,0.024567,0.661838,0.437591,0.408219,14.167934,0.024324,1
5033,69.445257,84.040173,0.181648,0.058265,0.420761,0.160102,0.060712,5.415855,0.016671,0
5034,39.961118,35.248292,5.652180,0.036229,0.167377,0.399246,0.812481,4.400694,0.041239,1
5035,72.953172,101.607923,7.013267,0.038747,1.231325,0.439482,0.367799,30.505519,0.010592,0
5036,70.617427,72.433357,10.031524,0.039306,1.199076,0.304598,0.591713,30.030482,0.016488,1
5037,51.565450,60.491343,5.770050,0.034269,1.117635,0.378528,0.458922,21.632583,0.019231,1
5038,74.592252,103.192342,1.463063,0.027713,0.418147,0.420674,0.155172,11.502123,0.011752,0
5039,44.881033,32.177710,14.754918,0.052270,0.585607,0.468971,0.883350,6.734287,0.012173,0
5040,49.681109,51.211513,6.697845,0.028776,0.911310,0.360417,0.563587,18.679736,0.023042,1
5041,20.662782,21.342415,2.463753,0.046995,0.570471,0.405341,0.553669,6.169670,0.062493,1
5042,42.850153,30.213261,13.252548,0.045334,0.453183,0.178949,0.999130,0.085454,0.000574,0
5043,26.458545,30.504706,2.825814,0.032862,1.158074,0.345869,0.462565,11.309062,0.040332,1
5044,76.742682,104.514361,2.081365,0.052400,0.530504,0.387578,0.196412,15.478684,0.012782,0
5045,78.529070,81.224933,12.722578,0.050725,1.184590,0.348973,0.602277,32.970863,0.012933,1
5046,67.737807,59.794075,12.014439,0.037007,0.271154,0.527452,0.735005,11.553250,0.017605,1
5047,50.044676,57.285210,3.853036,0.025303,0.973827,0.306119,0.415001,19.253044,0.025788,1
5048,62.416338,86.159081,0.005114,0.036418,0.335225,0.188038,0.002599,0.290534,0.001183,0
5049,34.542588,33.289781,4.127682,0.029223,0.856901,0.241025,0.651498,11.825217,0.047985,1
5050,66.669799,91.594247,0.380856,0.047520,0.553058,0.253232,0.073135,6.884731,0.011060,0
5051,75.677135,88.620321,9.135340,0.021974,1.223748,0.389402,0.464656,33.266864,0.012190,1
5052,51.656740,46.754403,9.108565,0.043201,0.467402,0.432594,0.709971,12.089403,0.022407,1
5053,21.990365,24.127413,1.295280,0.025615,0.338643,0.399248,0.402964,4.953439,0.075763,1
5054,38.652207,38.985241,4.378637,0.045933,0.603998,0.338048,0.580943,11.736490,0.038475,1
5055,77.807520,73.657884,14.759917,0.030292,1.136398,0.353501,0.664657,30.229897,0.012430,1
5056,53.154185,49.453405,5.785911,0.031171,0.760493,0.152400,0.784598,13.558804,0.041406,1
5057,32.938898,39.198768,2.732458,0.031208,1.179348,0.313217,0.407788,13.887599,0.034651,0
5058,22.241940,19.260275,4.608358,0.044239,1.190907,0.232308,0.816560,6.444944,0.047090,0
5059,35.446520,45.079516,1.087061,0.033366,0.392718,0.415743,0.228993,6.728480,0.032799,0
5060,53.666743,54.880102,11.384203,0.028788,1.359638,0.446568,0.615082,23.918673,0.013678,1
5061,29.543830,33.414476,5.060516,0.038316,1.318873,0.439718,0.543304,13.455805,0.026583,1
5062,69.223601,55.047888,20.648236,0.056794,1.088158,0.380548,0.824173,18.669780,0.009409,0
5063,31.167335,24.586657,7.379428,0.024141,0.463629,0.355358,0.874394,4.383387,0.027389,0
5064,24.182281,20.709300,5.268356,0.038957,0.715875,0.376159,0.768492,6.235508,0.039598,0
5065,62.336898,45.696689,16.903142,0.022434,0.212869,0.319260,0.986593,0.988780,0.003744,0
5066,22.510877,27.514074,0.651664,0.057568,0.412200,0.344562,0.245296,4.546345,0.063169,0
5067,46.779545,58.304953,7.212779,0.044292,1.098416,0.524059,0.484927,19.545162,0.015516,0
5068,45.335556,57.393552,0.838686,0.053534,0.632130,0.253790,0.184006,9.589237,0.029082,0
5069,37.356024,43.874975,0.731576,0.029166,0.397799,0.272105,0.216570,6.913365,0.045769,1
5070,60.735726,80.327350,4.284244,0.053113,1.044395,0.367424,0.341236,22.774332,0.016089,0
5071,24.135393,18.592129,6.285805,0.033112,0.876149,0.238227,0.920996,3.326898,0.027363,0
5072,47.975416,55.965612,4.540911,0.052102,0.638989,0.445409,0.435993,15.102094,0.023054,1
5073,64.094893,89.068364,2.785032,0.045789,0.513322,0.492191,0.245063,14.438170,0.013910,0
5074,54.771466,68.609560,0.330621,0.043620,0.680233,0.172267,0.095845,7.685076,0.021862,0
5075,79.146056,99.725055,3.409077,0.047772,1.316333,0.224420,0.299909,31.568064,0.017059,0
5076,21.861707,28.535203,0.875336,0.030555,0.654863,0.374669,0.254289,5.672538,0.048374,0
5077,45.253911,52.321043,5.873623,0.047889,0.777311,0.491369,0.487067,15.908718,0.020339,1
5078,31.733421,29.531217,4.988979,0.058482,0.711542,0.296133,0.718843,9.028757,0.042551,1
5079,42.865991,49.614417,5.376093,0.058049,0.686880,0.507788,0.483155,14.160412,0.022095,1
5080,50.804527,58.493419,1.383537,0.047829,0.181243,0.432880,0.265810,7.095358,0.035038,1
5081,41.551958,35.476148,11.759523,0.037068,1.381110,0.411482,0.750023,15.516947,0.015814,0
5082,21.999728,21.776365,4.309969,0.035503,1.244162,0.391264,0.634128,9.230972,0.039180,1
5083,32.591348,32.316536,8.600997,0.042658,1.398693,0.510773,0.660865,14.109340,0.018593,1
5084,74.121158,100.871740,10.666483,0.020131,1.353548,0.523606,0.437808,33.983549,0.008728,0
5085,28.247566,20.562770,7.849741,0.033957,0.177544,0.398322,0.977875,0.627704,0.011124,0
5086,44.138672,31.686623,14.782052,0.037685,0.767076,0.452740,0.865861,8.356583,0.012351,0
5087,36.776774,31.343808,7.239404,0.032150,0.458315,0.389666,0.786317,7.248853,0.030010,0
5088,48.291529,45.192478,9.996871,0.034837,0.624040,0.538963,0.662656,13.935837,0.017767,1
5089,33.979819,43.244182,5.024829,0.020223,1.091495,0.547270,0.461288,14.095839,0.020437,0
5090,65.386362,77.006481,2.190555,0.042208,0.667455,0.251308,0.288818,18.250589,0.025449,0
5091,22.129004,28.440532,3.031054,0.026499,1.355078,0.464822,0.449535,10.194381,0.033051,0
5092,64.469160,53.178193,16.405945,0.036910,0.690560,0.453986,0.778326,15.931877,0.012227,0
5093,70.259654,53.842965,22.422958,0.050470,0.888157,0.464476,0.823616,17.153755,0.008424,0
5094,28.879611,30.839197,3.902118,0.032741,1.300582,0.320047,0.547478,13.046084,0.037579,1
5095,68.261511,52.051017,18.500383,0.032446,1.303291,0.150580,0.971876,5.025451,0.005496,0
5096,34.049549,25.967904,8.370958,0.047713,0.229339,0.235591,0.994691,0.248722,0.003971,0
5097,76.084542,80.764592,10.107945,0.037371,0.744138,0.427035,0.538889,26.059326,0.014166,1
5098,47.135766,37.238209,12.021544,0.037136,1.332241,0.179602,0.930468,7.267301,0.013670,0
5099,51.761959,59.688931,3.652169,0.052014,0.485815,0.417910,0.398671,13.926365,0.025601,1
5100,59.020470,58.700430,11.943978,0.030968,1.446681,0.381082,0.632613,26.740927,0.013924,1
5101,38.543309,47.075385,0.667580,0.021836,0.166908,0.474344,0.179788,4.128857,0.035104,0
5102,46.056090,43.238656,6.729135,0.048076,0.950538,0.230481,0.724626,14.992766,0.032263,1
5103,31.125874,42.664408,2.596662,0.035605,0.925530,0.470577,0.345547,11.039219,0.026162,0
5104,51.509538,44.770234,10.249429,0.035874,0.389429,0.493958,0.743556,10.352280,0.020283,0
5105,23.686875,20.204151,6.392337,0.024869,1.350413,0.401850,0.740849,8.913375,0.029275,0
5106,32.810682,36.882711,2.669249,0.024067,0.636346,0.382990,0.428562,10.273859,0.039158,1
5107,60.982565,71.727134,5.740550,0.040009,0.991848,0.357789,0.434119,23.898030,0.018108,1
5108,58.138407,68.788290,2.303761,0.043478,1.016827,0.212336,0.318442,20.922208,0.028669,0
5109,32.636992,28.790945,8.536328,0.050376,1.387526,0.371147,0.747063,12.292307,0.022409,1
5110,35.123416,27.312813,10.024003,0.055707,1.358263,0.194278,0.940408,4.850266,0.014899,0
5111,67.833000,68.691192,8.390811,0.049564,0.553554,0.395732,0.578360,19.744391,0.019588,1
5112,66.801806,50.236976,17.843246,0.032773,0.546022,0.281901,0.940399,5.849467,0.008516,0
5113,50.148792,45.039115,10.576270,0.034711,0.722137,0.444118,0.705354,14.695782,0.018220,1
5114,56.210048,65.065413,0.250693,0.033020,0.394817,0.158466,0.098776,6.142930,0.031075,1
5115,26.502482,23.468954,4.334767,0.044105,0.191649,0.549252,0.745672,3.720437,0.050320,1
5116,26.048913,33.208747,0.423316,0.046797,0.266343,0.407263,0.160849,3.282272,0.044594,0
5117,74.163016,57.829497,18.022705,0.023631,0.541622,0.312953,0.894502,9.958675,0.010682,0
5118,74.695590,93.150347,10.889633,0.041321,1.112060,0.503394,0.474510,31.360392,0.010040,0
5119,46.966508,37.797705,10.980952,0.031186,1.272619,0.171453,0.922891,7.660089,0.015915,0
5120,27.562282,31.044535,3.716269,0.030407,0.949915,0.440872,0.502067,10.716716,0.033685,1
5121,66.418409,89.289711,5.640638,0.051177,0.918912,0.451240,0.359760,23.814085,0.013019,0
5122,35.468543,32.530263,5.188775,0.020762,0.769875,0.268959,0.709581,10.660057,0.040923,1
5123,48.432972,37.566963,11.890686,0.038529,0.276786,0.442386,0.895037,4.632126,0.016127,0
5124,70.024936,75.796372,4.008600,0.035371,0.764649,0.227180,0.435181,24.105170,0.028299,1
5125,28.793720,36.116756,2.311543,0.051613,0.751009,0.431633,0.376329,9.472519,0.035246,0
5126,31.633755,33.443683,3.528541,0.036955,0.721623,0.367028,0.525106,10.699290,0.040369,1
5127,78.924914,100.158117,2.232559,0.021186,1.365197,0.206135,0.227018,27.797035,0.015857,0
5128,25.085820,22.182430,4.923716,0.045682,0.718649,0.350333,0.749590,6.763725,0.042691,1
5129,74.191035,100.743945,0.531187,0.054117,0.328929,0.342689,0.085690,6.661427,0.010736,0
5130,47.199768,58.974107,0.800852,0.055300,0.230397,0.418345,0.172269,5.781938,0.026927,0
5131,72.515696,101.241651,0.389946,0.023730,0.825206,0.216610,0.067064,8.557182,0.009104,0
5132,39.417095,30.449195,14.136502,0.031875,1.241479,0.540354,0.786843,12.768622,0.012251,0
5133,62.155486,51.054594,14.807427,0.038675,0.766460,0.347005,0.815166,14.517071,0.014128,0
5134,52.141470,37.636816,18.663917,0.039488,1.060822,0.466386,0.842791,12.916818,0.009603,0
5135,68.920974,59.366776,12.009490,0.048129,0.167792,0.541105,0.794037,8.043700,0.018651,0
5136,46.799479,41.264456,6.703050,0.031498,0.319341,0.281168,0.825091,6.814994,0.034655,1
5137,45.432485,52.646481,1.546624,0.022039,0.482428,0.299311,0.289860,10.799318,0.036233,1
5138,71.337777,74.822346,9.220794,0.040145,1.450697,0.260360,0.575514,33.662281,0.017513,1
5139,31.598840,37.481506,3.618376,0.044160,0.850934,0.452051,0.455885,11.557475,0.030091,0
5140,63.554208,46.417090,20.707244,0.041308,1.223601,0.306683,0.893410,12.922918,0.008526,0
5141,52.251166,58.976727,1.256896,0.036697,0.309309,0.284234,0.269241,9.594940,0.039974,1
5142,41.024537,31.340057,10.082767,0.026473,0.323781,0.299290,0.956978,2.133916,0.013084,0
5143,73.669493,62.193197,17.890443,0.032464,0.682670,0.464953,0.755086,19.131297,0.011106,0
5144,23.007586,19.270703,4.732915,0.059719,0.394898,0.378310,0.832376,3.625752,0.045848,0
5145,28.337496,25.235656,4.830304,0.024984,0.334951,0.468873,0.723654,5.485477,0.043497,1
5146,49.745158,56.801364,1.753774,0.042148,0.563752,0.253028,0.316272,13.291041,0.037653,1
5147,38.482176,44.507199,2.279344,0.044689,0.310490,0.490894,0.365321,8.062260,0.035719,1
5148,27.225394,36.161391,0.155546,0.033956,0.211224,0.394204,0.075427,1.778909,0.028823,0
5149,53.564886,41.109644,15.736597,0.058926,1.218478,0.222491,0.932247,7.741765,0.009953,0
5150,73.707858,80.324363,14.743480,0.027043,1.410307,0.466809,0.575704,34.289890,0.009587,1
5151,23.586895,31.093129,0.473636,0.034810,1.043823,0.226187,0.178045,6.280071,0.047811,0
5152,68.991986,77.427562,7.700631,0.037753,0.604582,0.480617,0.475781,21.361667,0.015445,1
5153,40.335632,30.765716,12.111079,0.035494,1.375795,0.289355,0.866837,10.175926,0.015711,0
5154,32.263977,42.852879,1.329413,0.045467,0.404507,0.502306,0.251077,6.535697,0.030900,0
5155,22.094817,28.284772,0.628590,0.046319,0.674839,0.298962,0.224951,5.442915,0.055263,0
5156,61.730975,54.200194,7.947523,0.057912,0.130703,0.156547,0.993069,0.431132,0.005529,1
5157,69.445957,56.834316,15.108482,0.052900,0.649108,0.232373,0.911088,9.004061,0.012378,0
5158,71.942456,75.426720,5.824416,0.046498,0.612615,0.286556,0.511280,22.455124,0.024714,1
5159,40.837302,49.554778,2.951591,0.028031,0.533765,0.473058,0.365526,11.219836,0.026644,0
5160,68.322262,71.622910,8.573007,0.047843,0.837318,0.353710,0.555605,24.698550,0.017865,1
5161,45.022398,62.870444,0.915340,0.043709,0.306697,0.504345,0.156759,5.985720,0.019091,0
5162,61.232902,80.622075,3.685310,0.030880,0.570869,0.490509,0.305239,16.211301,0.015441,0
5163,43.646875,52.235603,1.158153,0.050234,0.306848,0.369593,0.242042,7.550903,0.034950,0
5164,36.116698,37.783584,5.665284,0.020475,1.075721,0.404987,0.561605,14.765503,0.025983,1
5165,52.495447,44.841627,11.198501,0.032138,1.154174,0.260744,0.798155,15.876276,0.019143,0
5166,48.273101,56.639060,4.690985,0.025654,1.400384,0.308587,0.437742,22.511636,0.022355,1
5167,24.019376,29.567504,0.846891,0.048277,0.726826,0.278878,0.271723,6.792322,0.058083,0
5168,70.659034,75.914629,10.749749,0.023153,1.421051,0.355711,0.547923,33.360609,0.013219,1
5169,65.987315,73.912844,0.488633,0.058894,0.132472,0.269305,0.151841,5.645471,0.036342,1
5170,34.956672,36.353607,4.026061,0.050652,0.859021,0.307309,0.562615,12.765813,0.039574,1
5171,46.397623,49.852944,6.617494,0.056582,0.652142,0.490501,0.543744,14.857838,0.021577,1
5172,47.298422,33.115347,15.746167,0.024973,1.361308,0.247805,0.932556,7.200117,0.009541,0
5173,29.141677,24.067263,9.668329,0.043180,1.224029,0.532438,0.760849,10.003527,0.018074,0
5174,33.887211,35.240816,7.672523,0.053058,1.468400,0.441446,0.633031,15.462572,0.020772,1
5175,31.338512,38.815373,1.659575,0.041221,0.586591,0.393664,0.316069,8.538709,0.037651,0
5176,56.561823,68.358720,4.119188,0.022735,1.026383,0.332939,0.373050,21.693167,0.019843,0
5177,59.841296,54.287730,8.976879,0.024983,0.538279,0.317446,0.723203,14.696514,0.024018,1
5178,79.209826,71.266946,11.690552,0.049729,0.844012,0.155399,0.865535,15.756779,0.019148,1
5179,74.026374,71.848897,9.137147,0.021558,1.316762,0.208265,0.641773,31.725261,0.021111,1
5180,39.351767,37.062409,8.622221,0.020448,1.286912,0.406445,0.661882,16.322224,0.020151,1
5181,27.878746,35.580276,1.002040,0.039997,1.190003,0.235075,0.261935,9.902327,0.045545,0
5182,58.069723,47.000521,14.310478,0.045068,0.366033,0.546491,0.803683,9.726021,0.014419,0
5183,73.463650,81.924837,8.199064,0.059935,0.853951,0.368959,0.500345,27.083139,0.015927,1
5184,45.206991,60.427682,1.012488,0.023901,0.427858,0.403636,0.176602,7.666620,0.021722,0
5185,25.750978,24.751942,5.385087,0.041902,0.693008,0.546664,0.647395,7.961543,0.031692,1
5186,33.258903,32.029304,3.925928,0.044305,0.285136,0.441069,0.629809,6.706617,0.048209,1
5187,48.924609,42.666266,9.049517,0.041566,0.969244,0.218474,0.824126,12.455358,0.024574,1
5188,44.340914,44.546566,10.768823,0.053971,1.475665,0.443748,0.658616,19.766922,0.015353,1
5189,73.326622,89.080046,6.817534,0.022182,1.364763,0.332426,0.409437,33.289973,0.013647,0
5190,64.813900,71.833703,1.982812,0.033620,0.345233,0.277110,0.316011,13.546771,0.033708,1
5191,35.680815,33.546920,7.414691,0.054195,0.820795,0.446813,0.678902,11.576682,0.024794,1
5192,70.114982,92.448190,0.173718,0.033841,0.682611,0.173049,0.044476,5.439420,0.009367,0
5193,75.829497,56.574577,27.561655,0.035124,1.137590,0.529512,0.808342,22.064812,0.006370,0
5194,45.176121,57.447123,1.590611,0.031964,0.495717,0.388208,0.246823,10.038917,0.025561,0
5195,79.878958,84.855472,17.882214,0.051450,1.410832,0.468346,0.617907,36.185817,0.008583,1
5196,46.157599,44.799623,7.022579,0.058558,0.368691,0.533757,0.625820,10.620300,0.025331,1
5197,64.824064,58.819846,8.076930,0.059544,0.443251,0.176617,0.866469,9.300245,0.028271,1
5198,70.613858,66.999883,7.840092,0.053279,0.686418,0.186241,0.743650,18.838023,0.029552,1
5199,41.250181,56.364948,3.988205,0.050198,1.078692,0.453002,0.377058,16.273525,0.019572,0
5200,23.634205,19.905798,5.094792,0.034726,0.787769,0.314365,0.803133,5.817033,0.042052,0
5201,66.886843,47.508083,20.417018,0.020004,1.024689,0.175223,0.983536,2.777311,0.003457,0
5202,44.497167,57.341896,0.897547,0.042185,0.302994,0.421402,0.178204,6.386647,0.025263,0
5203,33.771973,35.752064,3.337232,0.040489,1.375970,0.212929,0.547687,15.691102,0.046957,1
5204,57.668858,64.274256,0.203710,0.023624,0.137737,0.212713,0.098011,3.701310,0.037987,1
5205,28.177345,24.841881,6.751846,0.034869,0.735747,0.506260,0.714415,8.213515,0.027773,1
5206,56.726565,74.499057,2.261939,0.023595,0.837855,0.335315,0.251398,16.549128,0.018305,0
5207,69.321953,57.944323,12.248929,0.033177,0.227700,0.305559,0.912177,5.274680,0.015776,0
5208,38.375461,30.495772,8.888218,0.047291,0.451176,0.304371,0.908365,4.242192,0.020977,0
5209,57.952967,62.323353,6.566500,0.029942,0.868674,0.358617,0.510936,21.540261,0.020588,1
5210,21.415683,21.463239,2.267657,0.027280,0.901672,0.252623,0.584428,7.930359,0.075911,1
5211,33.171861,24.858680,9.368940,0.059159,0.587000,0.291552,0.940463,3.009177,0.015979,0
5212,47.632197,55.118125,7.706657,0.057996,1.007897,0.493026,0.528171,19.029796,0.016879,1
5213,67.637041,92.401604,2.597092,0.044682,0.423072,0.504879,0.233220,13.462534,0.013777,0
5214,57.448289,79.519597,1.012957,0.037573,0.240494,0.540945,0.144831,6.416175,0.014944,0
5215,42.774082,52.085549,0.831454,0.047793,0.142564,0.523851,0.194229,4.442120,0.032510,0
5216,42.962377,30.714228,12.523591,0.055681,0.139074,0.439006,0.985335,0.595069,0.005280,0
5217,26.401183,19.489702,8.217980,0.052394,1.226756,0.198209,0.962879,2.371028,0.013990,0
5218,38.091224,47.462360,2.369949,0.058263,0.835577,0.342425,0.348023,12.870269,0.031002,0
5219,60.617476,64.063480,6.834399,0.035946,1.420152,0.241919,0.551493,28.578367,0.022638,1
5220,39.598032,51.356376,2.039233,0.034170,0.797114,0.367704,0.292912,12.158218,0.026455,0
5221,27.993782,19.700667,9.094107,0.044200,0.492819,0.434672,0.915483,3.044978,0.018139,0
5222,69.596658,93.862541,0.170030,0.049621,0.676957,0.179869,0.042699,5.202752,0.008821,0
5223,23.451800,18.464976,5.653096,0.028451,0.727997,0.264770,0.896688,3.595978,0.033921,0
5224,58.872810,55.986013,7.293720,0.036496,0.880320,0.217588,0.693475,19.391357,0.029208,1
5225,24.441199,21.150486,4.033771,0.044744,0.180781,0.468287,0.806880,2.848301,0.056322,0
5226,40.384446,39.212398,4.857709,0.028905,1.242667,0.197664,0.657939,16.533275,0.041271,1
5227,50.067087,57.693963,1.542852,0.048555,0.939516,0.172700,0.311780,17.163462,0.042199,1
5228,45.692097,39.615019,10.102942,0.054909,1.162770,0.262534,0.808180,13.448756,0.021102,0
5229,25.713085,22.560650,3.885611,0.032897,0.245612,0.365279,0.804455,3.519384,0.059331,1
5230,78.420857,76.817870,5.635372,0.026672,0.408056,0.219216,0.616088,19.132677,0.034779,1
5231,31.555861,38.926897,0.252349,0.059896,0.185439,0.359075,0.113430,2.611924,0.039393,0
5232,52.656314,50.039017,8.432282,0.038858,1.066358,0.281625,0.678390,19.485956,0.023402,1
5233,35.908304,48.402809,0.345616,0.037456,0.507385,0.290137,0.105742,4.674730,0.024628,0
5234,25.170730,20.895584,4.943729,0.047746,0.365303,0.312634,0.879381,3.054323,0.042212,0
5235,66.918054,80.051769,3.298791,0.042517,0.368870,0.447164,0.320496,14.543587,0.019690,0
5236,57.982575,64.941154,8.830142,0.022271,1.135455,0.442569,0.519574,24.618942,0.014572,1
5237,36.359316,40.006540,2.216601,0.053553,0.439227,0.342224,0.419036,9.414592,0.047377,1
5238,58.576473,73.563699,2.350948,0.049282,1.353441,0.209507,0.294886,23.508681,0.024163,0
5239,71.271942,80.751434,4.850959,0.056854,0.953230,0.249533,0.433176,27.370147,0.022652,1
5240,34.375257,36.411492,5.695168,0.037890,1.151208,0.403557,0.573122,14.466216,0.026351,1
5241,47.151483,53.152501,7.358159,0.027219,1.251167,0.428151,0.524088,21.002476,0.017635,1
5242,67.245544,68.118256,9.257460,0.020542,0.552527,0.468842,0.567423,19.655686,0.016780,1
5243,39.676320,37.697131,6.487115,0.039950,0.570409,0.431000,0.651717,11.079317,0.028628,1
5244,66.311788,64.640698,9.607984,0.048827,1.028343,0.268767,0.660618,24.622072,0.020260,1
5245,25.797288,34.214066,0.224975,0.045924,1.047962,0.173561,0.109436,4.947493,0.040873,0
5246,69.072383,75.719765,15.988866,0.058982,1.287038,0.532840,0.608659,30.094675,0.009198,1
5247,71.365361,50.502637,27.383750,0.023002,1.340018,0.490478,0.828231,21.044151,0.006287,0
5248,36.810444,41.487131,0.093701,0.050847,0.153296,0.194682,0.076544,2.072058,0.051239,1
5249,44.641290,56.793194,2.359111,0.020242,1.073489,0.311213,0.302212,16.134992,0.024235,0
5250,22.515651,26.375957,1.773412,0.046210,1.456528,0.239749,0.432659,10.685808,0.060362,1
5251,41.313982,57.164314,0.256215,0.042461,0.413673,0.310182,0.074946,3.759369,0.017165,0
5252,66.098918,86.402687,2.254191,0.046416,0.577172,0.369619,0.236344,15.480242,0.016608,0
5253,36.706669,32.682097,8.619245,0.026160,0.854084,0.474324,0.703700,11.728316,0.021487,1
5254,24.140290,18.496342,6.289760,0.024724,0.579117,0.340280,0.887469,3.511056,0.030574,0
5255,43.980553,53.008303,2.704298,0.050142,1.434206,0.221779,0.382325,20.091575,0.032656,0
5256,76.131277,74.189427,8.949690,0.036863,0.763865,0.262219,0.636904,24.966126,0.021505,1
5257,73.702657,68.732681,16.126578,0.029601,0.910035,0.468950,0.670015,25.461933,0.010983,1
5258,66.451920,60.299701,14.694273,0.048155,1.054176,0.375005,0.717923,23.049384,0.013204,1
5259,56.035903,61.758191,1.653821,0.046811,0.214610,0.337910,0.316077,9.235106,0.040556,1
5260,46.307437,60.292257,0.000152,0.030053,0.132517,0.198561,0.000186,0.011914,0.000211,0
5261,22.120463,19.752996,5.915028,0.030809,1.483867,0.415482,0.714659,9.153345,0.030342,1
5262,27.097933,30.384732,5.651299,0.031674,1.478274,0.489230,0.572862,12.924053,0.024336,1
5263,79.854283,88.796993,8.693833,0.046941,0.533162,0.487939,0.480241,23.232962,0.014005,1
5264,30.281015,30.788556,4.398247,0.031334,0.546863,0.494329,0.573065,8.783211,0.035434,1
5265,45.299240,42.461399,6.346829,0.028776,0.944915,0.241957,0.694369,15.438295,0.032907,1
5266,51.217324,50.525424,5.820586,0.022158,0.512975,0.358310,0.589246,14.266678,0.029589,1
5267,68.996552,89.417051,3.298367,0.043986,0.429616,0.492353,0.279796,15.218026,0.015113,0
5268,44.523556,60.217921,1.531130,0.028325,1.364170,0.253586,0.229370,15.766196,0.022991,0
5269,30.826520,25.809135,7.221665,0.057246,1.371007,0.170759,0.916360,5.549070,0.024943,0
5270,55.616201,60.897632,8.001430,0.045268,0.646767,0.528947,0.527210,17.802193,0.016823,1
5271,30.215293,23.697481,6.649248,0.034553,0.146747,0.285051,0.989996,0.308599,0.008081,0
5272,45.849181,48.247874,5.350220,0.035685,1.160954,0.282245,0.547996,19.565495,0.028404,1
5273,69.612729,90.138576,3.043402,0.032587,0.425872,0.480047,0.266345,14.918049,0.015058,0
5274,24.764495,22.983748,3.118813,0.027483,0.727690,0.221966,0.723879,7.063031,0.071302,1
5275,45.491723,55.871352,1.549691,0.059169,1.276326,0.179594,0.294845,17.728433,0.037373,0
5276,33.000932,40.579295,0.881503,0.033107,0.856838,0.232236,0.235090,9.389276,0.043326,0
5277,36.828653,36.847151,2.043381,0.058569,0.348012,0.193035,0.591544,8.438273,0.092609,1
5278,79.134646,102.030301,4.892422,0.049593,0.692412,0.418606,0.323909,23.667301,0.013039,0
5279,32.797215,30.742439,5.896131,0.045514,0.818372,0.367158,0.681896,10.583731,0.032746,1
5280,48.379248,48.873035,6.710393,0.037374,0.797570,0.366532,0.588508,16.810720,0.024569,1
5281,73.279118,83.756604,10.012089,0.043899,1.111669,0.407207,0.506810,30.818735,0.012678,1
5282,54.700990,39.319431,18.149712,0.021344,1.499438,0.308059,0.874660,13.814694,0.009995,0
5283,26.306941,20.199782,8.936137,0.037037,1.210938,0.470455,0.803929,8.008042,0.020312,0
5284,36.367188,31.985813,7.263581,0.044646,0.451724,0.476000,0.733774,8.024751,0.028218,1
5285,47.135661,45.508265,9.243274,0.024670,1.463011,0.344653,0.647768,21.166193,0.018894,1
5286,44.509265,34.213766,12.261008,0.021138,0.475481,0.500782,0.832374,7.696712,0.016316,0
5287,56.470972,71.747101,4.670004,0.043980,0.830176,0.430342,0.373938,19.493236,0.017110,0
5288,74.480698,56.920110,22.483471,0.048361,0.563328,0.533340,0.826374,14.338074,0.008603,0
5289,78.848446,90.413313,6.226451,0.024768,0.371038,0.528417,0.406825,18.635743,0.015289,1
5290,46.035661,38.502902,13.696255,0.024181,1.407450,0.441828,0.747902,17.432243,0.013228,0
5291,57.515782,43.793337,15.670663,0.025997,0.574248,0.391799,0.867961,9.319858,0.012522,0
5292,48.626782,34.184267,16.641117,0.033983,1.465995,0.253282,0.928531,8.032381,0.009149,0
5293,33.346577,27.049781,9.217135,0.031804,1.498792,0.312205,0.806029,11.219526,0.021562,0
5294,72.281355,83.074497,7.161594,0.055933,0.616172,0.449890,0.452272,22.473180,0.015517,1
5295,33.674030,38.745922,5.857389,0.039858,1.391358,0.443445,0.539564,15.768191,0.022538,1
5296,78.266225,92.611633,1.809347,0.029782,0.243414,0.388039,0.227985,11.667393,0.020165,0
5297,36.533349,50.060888,1.699641,0.038289,0.667493,0.430641,0.258884,9.660112,0.025179,0
5298,51.454984,49.782809,5.679254,0.043858,0.207293,0.497032,0.617650,8.936668,0.032761,1
5299,61.145747,59.130781,8.139892,0.052654,0.278816,0.526699,0.622605,12.267412,0.022343,1
5300,43.296379,52.390764,4.200904,0.040091,0.675069,0.484591,0.416125,13.876923,0.022629,0
5301,25.005461,26.786718,1.988666,0.033592,0.400468,0.407772,0.465929,6.289866,0.061601,1
5302,21.633705,24.136239,0.561338,0.046779,0.496819,0.206633,0.301822,5.316321,0.110650,1
5303,64.148696,73.895950,6.545327,0.056449,1.459739,0.263321,0.489411,30.908820,0.019541,1
5304,21.638994,25.074358,0.681213,0.021097,0.944042,0.199071,0.287016,7.161902,0.081387,1
5305,55.082102,73.715225,3.049407,0.026059,1.369100,0.303830,0.294074,22.205523,0.017594,0
5306,22.592172,23.235829,3.674804,0.051599,1.154317,0.349596,0.607030,9.332846,0.045311,1
5307,25.752180,24.901194,4.255608,0.029185,1.404943,0.277902,0.652172,11.280366,0.043566,1
5308,64.809631,78.646911,7.185491,0.035525,1.377083,0.355839,0.445325,30.055593,0.014603,0
5309,48.043548,64.831237,0.856597,0.053258,1.177063,0.203239,0.167386,13.059359,0.023651,0
5310,67.510802,67.719082,4.124212,0.022404,0.132674,0.421163,0.530290,9.781879,0.038410,1
5311,42.320746,55.342032,3.939251,0.020867,1.127982,0.424755,0.375656,17.053205,0.019873,0
5312,31.541148,31.408922,4.941481,0.054909,0.974629,0.332439,0.633056,11.724956,0.036375,1
5313,68.509427,85.504969,4.874817,0.040039,0.680354,0.430194,0.355569,21.049788,0.015323,0
5314,21.868906,28.944984,3.205124,0.029977,1.177743,0.542472,0.451508,9.398058,0.030758,0
5315,30.763421,41.218698,0.631398,0.050526,0.554263,0.332551,0.172381,5.847466,0.033522,0
5316,64.188043,51.931217,15.871677,0.023994,0.477309,0.496058,0.794765,12.608418,0.012925,0
5317,37.777579,44.809247,1.770345,0.056057,1.248310,0.192519,0.359155,15.777959,0.046003,0
5318,73.580896,61.666452,15.622443,0.049154,1.131663,0.153401,0.933829,10.063175,0.010707,0
5319,33.237434,34.711048,3.159784,0.056743,0.688049,0.293896,0.541452,10.939420,0.048970,1
5320,76.219023,77.865394,18.902810,0.049494,1.450094,0.481734,0.646889,34.105108,0.008404,1
5321,26.292613,29.192662,1.314928,0.031905,0.299781,0.399426,0.372460,5.447041,0.065804,1
5322,63.573542,46.245216,19.014188,0.042613,0.843321,0.181531,0.986375,2.035210,0.003289,0
5323,50.041282,60.034005,0.606152,0.050411,0.174518,0.380571,0.156168,5.006128,0.030100,0
5324,69.993632,59.679637,16.193785,0.023782,1.266583,0.311532,0.762973,24.321779,0.012582,0
5325,31.969087,41.982272,0.148996,0.021014,1.086888,0.153809,0.069887,4.469468,0.026159,0
5326,37.474955,29.991138,12.076616,0.046552,0.982426,0.526780,0.780923,10.971643,0.015096,0
5327,77.122395,89.556661,0.490372,0.034360,0.107945,0.355257,0.116921,4.976463,0.021818,1
5328,49.950785,56.061687,3.864191,0.055408,1.444772,0.193563,0.485775,23.937339,0.034306,1
5329,35.958823,46.141521,4.326224,0.031015,1.254030,0.442235,0.429625,15.813978,0.022053,0
5330,60.322243,62.220389,5.985753,0.055546,0.382037,0.421140,0.536910,14.810719,0.025298,1
5331,30.139575,35.967413,1.743907,0.055475,1.138007,0.239136,0.375271,12.194701,0.049330,0
5332,79.325246,64.045252,20.415507,0.046287,0.940964,0.317581,0.838904,18.806032,0.010001,0
5333,48.502263,64.199393,0.627171,0.039880,1.003384,0.201340,0.137639,10.689186,0.022492,0
5334,20.440258,16.096254,7.698282,0.050563,1.438658,0.536847,0.789870,7.068364,0.021905,0
5335,22.142523,26.043023,0.142555,0.051282,0.162011,0.302380,0.114300,1.722439,0.071712,1
5336,25.745922,28.259564,2.227051,0.046383,0.492168,0.413270,0.461123,7.171444,0.053192,1
5337,62.300448,86.892028,3.181380,0.038613,0.641377,0.471845,0.265674,16.363511,0.013931,0
5338,54.702201,39.718177,16.495101,0.022060,1.280310,0.218328,0.937432,7.618643,0.009108,0
5339,26.124798,19.712440,6.480110,0.022201,0.135959,0.326976,0.992267,0.204932,0.006754,0
5340,35.171136,27.735108,8.341876,0.029044,1.022188,0.157580,0.960533,3.031037,0.015212,0
5341,45.105187,41.375128,7.847138,0.037811,0.546046,0.417566,0.691792,11.729007,0.025284,1
5342,56.988747,77.281479,0.667651,0.038903,0.824803,0.235366,0.121403,10.438450,0.016556,0
5343,65.322877,52.163129,17.677241,0.036853,0.787586,0.413320,0.809443,15.759780,0.011346,0
5344,75.057288,102.274330,1.668098,0.030473,0.334919,0.474654,0.170580,11.015978,0.012300,0
5345,51.096786,51.971777,11.960570,0.044077,1.094876,0.538286,0.632000,20.151251,0.013096,1
5346,55.038479,56.479479,8.456694,0.052342,0.859944,0.395070,0.593088,19.804738,0.019244,1
5347,58.822885,81.176006,4.106134,0.035211,0.965754,0.426530,0.316432,20.574873,0.014435,0
5348,59.567564,42.274704,19.594790,0.049716,0.754261,0.349617,0.919945,7.694966,0.008224,0
5349,66.777268,67.820235,7.028988,0.031716,1.476650,0.186849,0.599299,31.364528,0.025493,1
5350,45.800708,49.427955,4.737552,0.029691,0.588731,0.418823,0.491186,14.016345,0.027098,1
5351,42.627506,48.678820,4.286438,0.050440,1.190700,0.300124,0.476795,18.525318,0.028529,1
5352,54.073894,54.872065,8.522242,0.055150,1.319127,0.287497,0.633466,23.376750,0.021081,1
5353,25.504247,20.844818,6.232356,0.042570,0.613802,0.412715,0.806864,5.476912,0.033238,0
5354,39.882263,46.552547,2.604246,0.046081,1.412836,0.213426,0.410547,18.434487,0.038435,1
5355,54.780135,59.125671,7.247358,0.034012,1.318980,0.319178,0.538802,24.979953,0.019773,1
5356,55.919543,59.671617,7.813055,0.021616,1.106623,0.375406,0.537279,23.365333,0.017986,1
5357,27.300314,25.133933,4.488793,0.026297,1.026278,0.273537,0.703436,9.565715,0.045720,1
5358,62.180389,71.853398,0.269109,0.043091,0.227456,0.208902,0.096277,5.061780,0.027552,1
5359,35.136283,35.889882,1.423043,0.059746,0.253086,0.216148,0.499309,7.051782,0.104416,1
5360,66.878758,85.664144,11.491853,0.037146,1.492250,0.499638,0.496169,32.591096,0.009773,0
5361,77.452366,63.590399,18.935434,0.022400,0.771211,0.398290,0.784673,19.891599,0.010795,0
5362,54.884369,46.261398,15.891344,0.021491,1.217064,0.472491,0.738494,19.698387,0.011372,0
5363,21.598717,25.049764,0.658682,0.030049,0.210277,0.438765,0.272680,3.290977,0.076462,1
5364,36.824288,38.953531,7.719131,0.021985,1.381348,0.474432,0.591908,16.805915,0.018911,1
5365,23.916320,18.864150,5.362423,0.059764,0.267047,0.222075,0.988220,0.379887,0.011199,0
5366,73.805711,102.859514,3.619644,0.045242,0.637299,0.461637,0.261678,19.174878,0.011965,0
5367,43.558705,35.424984,11.793001,0.050876,0.707268,0.462305,0.793484,10.453849,0.016851,0
5368,33.832328,27.826276,10.252038,0.021760,1.388785,0.443895,0.755822,12.511136,0.017730,0
5369,22.785283,29.313951,0.447613,0.031897,1.367581,0.179574,0.187531,7.172724,0.056257,0
5370,48.841072,44.392829,7.195988,0.046599,0.683991,0.233930,0.774896,12.117657,0.031748,1
5371,41.417094,51.679991,3.985550,0.033051,1.001267,0.415721,0.403371,16.046100,0.022473,0
5372,65.918775,73.482290,5.541222,0.020010,0.435296,0.471140,0.434080,17.113066,0.019203,1
5373,69.358013,82.419733,2.138977,0.043409,0.207213,0.478408,0.260401,10.249072,0.021492,0
5374,43.380099,36.378573,8.979982,0.053052,0.922678,0.169548,0.928238,5.702689,0.019371,0
5375,55.817073,64.202006,6.532280,0.046001,0.943314,0.402550,0.479468,21.598797,0.018257,1
5376,27.824233,24.052818,6.510296,0.020708,0.966592,0.403898,0.730972,9.028638,0.029872,0
5377,59.923197,51.978720,11.726600,0.041364,0.937386,0.254277,0.804642,16.013626,0.018710,0
5378,47.778441,63.867218,0.084910,0.045194,0.697244,0.164140,0.034446,3.042596,0.011646,0
5379,24.668007,18.671600,7.036824,0.034010,1.189537,0.241045,0.910638,4.345957,0.024908,0
5380,64.839474,53.101717,13.293692,0.037237,0.445090,0.282575,0.892791,7.985008,0.015101,0
5381,55.123533,51.622551,11.351417,0.054515,0.650132,0.503813,0.674326,16.010512,0.016086,1
5382,69.662671,90.936373,4.329235,0.045849,0.897620,0.372869,0.322313,23.673350,0.014575,0
5383,67.135285,72.888802,4.244601,0.052383,0.255508,0.454234,0.426606,13.308510,0.025442,1
5384,69.218036,57.679432,14.226773,0.031830,0.480264,0.353232,0.823763,12.420490,0.015281,0
5385,28.032625,27.185121,3.422754,0.030591,0.355021,0.432555,0.614137,6.388874,0.052942,1
5386,71.288669,51.045119,21.291821,0.021442,0.892256,0.184100,0.982903,2.852813,0.003417,0
5387,62.305042,75.695995,10.150648,0.038970,1.239573,0.493923,0.503501,27.672767,0.011643,0
5388,30.010297,26.253053,4.372497,0.051901,0.288303,0.241470,0.887222,3.084515,0.049196,1
5389,29.330675,33.324852,0.100093,0.021796,0.207915,0.192687,0.087299,2.123086,0.061601,1
5390,20.014453,23.775031,0.774470,0.028395,0.887129,0.243202,0.299039,6.544876,0.075729,0
5391,68.658116,72.178498,6.678786,0.038110,1.077940,0.245087,0.536717,28.317481,0.022738,1
5392,78.224168,85.730035,2.257338,0.036244,0.283375,0.281735,0.320085,14.892952,0.030486,1
5393,32.845248,44.453021,1.528157,0.027966,1.333288,0.290859,0.266928,12.468060,0.029802,0
5394,65.738924,55.612121,16.900274,0.047992,0.928191,0.411589,0.768063,19.321679,0.011703,0
5395,62.384518,74.530142,11.883618,0.033860,1.450728,0.501436,0.535371,29.858530,0.010547,0
5396,21.308424,19.214702,2.296487,0.046048,0.168118,0.190316,0.928353,1.194238,0.082205,1
5397,70.742412,81.538707,1.901971,0.048591,0.140342,0.494814,0.262145,8.632599,0.024840,1
5398,59.667260,43.041990,20.365161,0.049299,1.301087,0.301381,0.904655,11.534050,0.008262,0
5399,39.717815,41.142657,3.529211,0.030082,1.313942,0.190386,0.551215,18.012956,0.045646,1
5400,71.878182,51.637494,24.903525,0.032230,1.375396,0.353289,0.867011,18.114590,0.007216,0
5401,27.937731,37.201282,2.822989,0.056966,1.149771,0.423292,0.397558,11.554858,0.030418,0
5402,31.081627,28.464147,7.307899,0.044290,0.781588,0.520584,0.690221,9.691211,0.024655,1
5403,43.037088,51.306682,7.911255,0.026095,1.445412,0.495084,0.526188,20.597370,0.015540,0
5404,45.242364,54.865200,0.155584,0.033359,0.510954,0.160853,0.070581,4.369860,0.025976,0
5405,78.284249,99.375341,0.940831,0.059980,0.231485,0.392010,0.136339,8.233194,0.014805,0
5406,71.223718,53.180082,19.688321,0.046786,0.645232,0.192573,0.984656,2.209235,0.003505,0
5407,49.334170,49.821321,6.736102,0.032011,0.402456,0.536847,0.571134,12.286813,0.023365,1
5408,37.318909,31.698618,9.535407,0.046838,0.850693,0.440037,0.759059,10.723181,0.020569,0
5409,65.254831,47.360830,21.865674,0.050958,0.651265,0.511941,0.856035,11.944884,0.008414,0
5410,56.132007,41.347667,17.190565,0.022969,0.655304,0.449415,0.856230,10.297368,0.011097,0
5411,23.810328,19.762852,5.196856,0.038506,0.683742,0.312593,0.829429,4.992939,0.041205,0
5412,47.803799,57.329538,1.487328,0.041910,0.616976,0.271348,0.266096,12.324653,0.032215,0
5413,41.217650,46.561900,4.052451,0.048921,0.786693,0.374215,0.465970,14.531550,0.029055,1
5414,68.214445,68.922903,6.610425,0.046799,0.787447,0.238498,0.591391,23.512424,0.026905,1
5415,43.155772,49.084895,0.741229,0.037479,0.140427,0.389540,0.219803,4.785961,0.046977,1
5416,78.042532,102.540987,0.071420,0.040288,0.493039,0.172566,0.021250,2.793096,0.005390,0
5417,34.445265,42.794766,1.355573,0.030308,0.272640,0.527617,0.267598,5.920214,0.034687,0
5418,69.431348,86.600290,2.486074,0.049984,1.310380,0.198234,0.283781,26.928071,0.021504,0
5419,50.993680,51.553118,5.400515,0.053362,0.535612,0.335656,0.577209,14.608821,0.031249,1
5420,23.617856,21.078368,4.145832,0.055499,0.420069,0.408975,0.742039,4.945008,0.051602,1
5421,53.622576,56.553289,7.889536,0.050195,1.010158,0.371754,0.571465,21.154785,0.019592,1
5422,76.297125,105.578735,12.480086,0.046776,1.493479,0.523048,0.468408,37.081159,0.008154,0
5423,44.268782,57.625323,6.888687,0.056166,1.372844,0.482339,0.481033,20.669360,0.015928,0
5424,44.395950,36.015559,9.730185,0.050692,0.567539,0.243154,0.917838,5.073355,0.018652,0
5425,48.696324,53.360441,7.037117,0.057429,0.945402,0.414597,0.543537,18.776649,0.020201,1
5426,67.177929,74.387118,5.281487,0.030547,1.267012,0.233951,0.456816,29.989744,0.022419,1
5427,75.579203,89.594354,5.470017,0.038692,1.040136,0.300679,0.393515,29.648830,0.016596,0
5428,53.341472,41.840861,14.215829,0.038215,0.736598,0.365335,0.846382,10.844504,0.014163,0
5429,58.081137,79.578293,3.564418,0.055349,1.013037,0.372522,0.307535,20.551834,0.016144,0
5430,57.615673,43.147563,15.107515,0.043187,0.286569,0.308285,0.971915,1.986701,0.006774,0
5431,67.928631,73.378173,6.575505,0.058893,1.335207,0.209054,0.550471,31.062985,0.024117,1
5432,43.689665,50.919724,3.717013,0.030681,0.527684,0.475495,0.411465,12.348147,0.025782,1
5433,78.822708,97.871188,5.205653,0.037700,0.833147,0.365859,0.349328,26.630408,0.014062,0
5434,47.770382,50.255476,4.726219,0.056150,0.384834,0.451814,0.514478,11.814614,0.029776,1
5435,60.858645,83.068855,2.460399,0.023246,0.498152,0.480455,0.237688,13.282714,0.014984,0
5436,79.905018,88.287270,0.374555,0.051219,0.182333,0.179500,0.126863,7.096519,0.033960,1
5437,52.400839,46.860642,15.778067,0.038053,1.381037,0.509385,0.716938,20.838359,0.010788,1
5438,37.944865,36.850300,7.951281,0.028053,1.425967,0.381400,0.647961,16.818656,0.021478,1
5439,43.310620,53.788187,1.083405,0.037489,0.281015,0.429573,0.214387,6.697372,0.029577,0
5440,44.420974,32.914708,12.946947,0.040128,1.087157,0.154523,0.986518,1.599984,0.004827,0
5441,56.759354,76.279844,0.698056,0.043627,0.255436,0.441468,0.122357,5.817530,0.016013,0
5442,24.246420,17.356335,7.580162,0.051647,0.749874,0.214288,0.982271,0.917498,0.009712,0
5443,70.198236,81.402161,7.844375,0.040633,0.565043,0.536230,0.456654,20.926819,0.014016,1
5444,32.986218,34.624801,1.826218,0.025521,0.974281,0.167409,0.475959,12.965678,0.073058,1
5445,20.807597,19.294573,2.941196,0.052151,0.203526,0.548928,0.681370,3.350895,0.069276,1
5446,23.678229,23.747095,0.978378,0.025360,0.136025,0.279169,0.522639,3.478312,0.163374,1
5447,43.621893,59.231903,0.373139,0.039851,0.654172,0.248233,0.097939,6.098289,0.019735,0
5448,20.007508,26.600665,0.001138,0.058570,0.214401,0.202338,0.002123,0.062009,0.003571,0
5449,56.292709,78.786567,0.753814,0.036958,0.293850,0.462169,0.120350,6.116820,0.014213,0
5450,21.931409,25.941522,0.049728,0.029461,0.212523,0.214030,0.056016,1.141078,0.052156,0
5451,74.440186,61.511392,13.476861,0.043505,0.156608,0.288472,0.963102,2.376893,0.009495,0
5452,44.342373,34.735329,12.461444,0.044062,1.147528,0.295687,0.861904,10.474486,0.015700,0
5453,30.294497,33.790973,1.256280,0.032496,1.190036,0.160344,0.376035,12.542460,0.071621,1
5454,32.860639,38.699267,2.666129,0.020535,1.484735,0.272461,0.407189,15.539634,0.035574,0
5455,23.721252,21.857817,3.074546,0.056834,0.668280,0.182224,0.810206,5.258735,0.076743,1
5456,66.628043,65.087208,7.446060,0.040536,1.235768,0.165713,0.688304,26.192403,0.028812,1
5457,76.772353,58.186829,21.650449,0.055107,0.936757,0.181908,0.974744,4.380044,0.004361,0
5458,53.233603,67.979466,3.399725,0.048973,1.480855,0.261334,0.351297,24.026735,0.021909,0
5459,61.974220,73.999495,2.064269,0.054170,1.079952,0.184952,0.300768,22.418714,0.029223,0
5460,26.505191,30.439409,5.852035,0.038634,1.435434,0.534225,0.575518,12.441052,0.023093,1
5461,76.285116,101.614583,11.150642,0.055933,1.373791,0.477956,0.462346,35.511584,0.009294,0
5462,61.698738,44.243284,17.774395,0.025369,0.285155,0.159416,0.999973,0.003844,0.000022,0
5463,27.002106,36.286038,2.617656,0.032483,1.029326,0.467344,0.376126,10.397902,0.029646,0
5464,49.302169,39.416538,15.526735,0.033546,1.338303,0.429544,0.784987,16.665714,0.011927,0
5465,37.435650,39.309299,8.640884,0.026271,1.242754,0.540901,0.608206,16.032764,0.017019,1
5466,24.212955,26.000022,2.843333,0.057828,1.382436,0.242844,0.568812,11.188063,0.056844,1
5467,28.639099,34.569744,0.510542,0.039410,0.158763,0.468542,0.189090,3.087486,0.050604,0
5468,53.615283,44.586968,13.543128,0.056851,0.781862,0.396885,0.796039,13.429209,0.015055,0
5469,63.289438,59.199973,8.013612,0.030226,0.363877,0.363271,0.678885,13.672576,0.025823,1
5470,36.813209,39.735271,2.939399,0.049376,1.090909,0.215874,0.505133,15.338115,0.048059,1
5471,65.025851,76.137579,0.657311,0.022355,0.116807,0.408500,0.148834,5.154779,0.025549,1
5472,43.022234,34.515568,9.280673,0.026376,0.162155,0.533006,0.875683,3.552650,0.022208,0
5473,63.653938,68.071127,13.071987,0.044764,1.418157,0.440258,0.600739,29.271747,0.011571,1
5474,36.959109,41.109147,0.254284,0.036179,0.300868,0.163296,0.153441,4.798514,0.071501,1
5475,32.997685,24.827724,9.307004,0.053721,0.642890,0.301174,0.925321,3.732986,0.017707,0
5476,69.898378,81.050581,9.640534,0.029476,0.813341,0.518862,0.487577,25.136391,0.012191,1
5477,23.252049,27.489481,1.113102,0.037642,0.969736,0.246128,0.337639,8.367405,0.064842,0
5478,45.841756,60.095834,2.441085,0.057655,1.271473,0.273117,0.313086,18.314653,0.025097,0
5479,43.226250,30.824998,14.835774,0.033176,1.420130,0.311666,0.889322,9.728923,0.011764,0
5480,74.468277,79.578208,8.450091,0.027049,0.892644,0.349464,0.514841,28.049166,0.016214,1
5481,75.092516,81.933644,3.438640,0.021247,0.457163,0.284521,0.379596,19.325790,0.026349,1
5482,54.355455,39.670204,18.721763,0.040937,0.953710,0.463374,0.843396,12.735070,0.009754,0
5483,21.733290,27.092571,2.683649,0.034821,0.829228,0.536153,0.441094,7.809143,0.037187,0
5484,29.607173,31.943995,2.576051,0.041099,0.549374,0.370910,0.477376,8.740615,0.048934,1
5485,25.366895,29.496488,0.910292,0.050779,0.988274,0.186263,0.326017,9.087831,0.076722,1
5486,37.835513,43.702947,0.141208,0.047104,0.291423,0.173611,0.089324,3.298296,0.045540,1
5487,40.095893,51.831872,5.665838,0.045790,1.184008,0.498183,0.459162,17.314257,0.018258,0
5488,62.556173,66.532404,11.936315,0.047794,1.471605,0.390547,0.600743,29.303930,0.013029,1
5489,44.532234,59.303075,0.159269,0.020369,0.513993,0.228696,0.054663,3.534374,0.015162,0
5490,26.571050,24.532934,4.493656,0.046061,1.256230,0.217592,0.753780,9.387186,0.048641,1
5491,67.329303,70.894653,11.304835,0.034484,0.817800,0.495847,0.568290,23.933825,0.013020,1
5492,39.099638,29.946328,10.778445,0.048614,0.523821,0.413033,0.870096,5.983362,0.018090,0
5493,31.281029,24.344430,8.757244,0.047055,1.025212,0.296460,0.874105,6.552541,0.022033,0
5494,70.568083,97.718704,0.001159,0.043083,0.387903,0.152139,0.000660,0.100960,0.000344,0
5495,62.783264,62.155273,8.024659,0.050089,0.370577,0.474260,0.596178,14.802039,0.021367,1
5496,26.669990,19.434343,8.415725,0.045040,0.567710,0.467368,0.874403,4.150402,0.021992,0
5497,52.763750,58.384363,8.018572,0.041154,1.219802,0.394462,0.540110,23.130648,0.017267,1
5498,50.973040,67.096871,0.067714,0.030560,0.429723,0.201185,0.027527,2.116613,0.009423,0
5499,69.168005,68.354873,12.334525,0.059254,0.587052,0.520721,0.624118,20.110690,0.013751,1
5500,78.319261,62.624809,18.798856,0.033148,1.347753,0.155063,0.943000,10.403380,0.008116,0
5501,43.477900,45.931682,3.324500,0.041507,0.251509,0.477785,0.473786,8.679928,0.038211,1
5502,42.659057,40.391786,4.341252,0.056924,0.574335,0.169503,0.771525,9.780113,0.055205,1
5503,46.704569,41.343800,10.171013,0.023842,1.351330,0.314577,0.727194,18.044309,0.019460,1
5504,44.408969,58.703155,0.052717,0.045796,0.401691,0.203762,0.025363,1.665003,0.010315,0
5505,77.238543,86.129508,6.424310,0.037351,0.976759,0.286913,0.454700,30.257012,0.018098,1
5506,32.760586,36.783305,6.954036,0.034392,1.436386,0.503263,0.575918,15.379328,0.019823,1
5507,28.926579,39.203851,0.586304,0.035189,0.590681,0.335137,0.165818,5.536339,0.033424,0
5508,63.094656,75.950660,0.688968,0.040926,0.771424,0.162004,0.156179,13.271231,0.026675,0
5509,38.257802,36.046958,7.822419,0.042332,0.882218,0.433960,0.670561,13.004647,0.023208,1
5510,63.021638,54.491502,16.480655,0.020784,1.178262,0.436465,0.724260,22.856216,0.011190,0
5511,26.123666,31.629327,2.485209,0.037490,0.837965,0.426267,0.415081,9.323237,0.038246,0
5512,22.182250,18.997527,4.992678,0.053889,0.963016,0.302443,0.801066,6.074682,0.042387,0
5513,35.525688,37.767910,6.563348,0.036804,0.971241,0.500684,0.577351,13.704045,0.022329,1
5514,51.406323,37.273517,15.347778,0.038026,0.412276,0.429090,0.913321,5.211985,0.011149,0
5515,33.185135,45.907658,0.006708,0.041299,0.545982,0.157587,0.005619,0.393362,0.004152,0
5516,73.093443,91.526459,0.757855,0.057329,0.373641,0.276336,0.131332,9.518531,0.017255,0
5517,61.531177,78.346628,8.870506,0.056703,1.137280,0.495710,0.471814,26.112792,0.012234,0
5518,79.676691,65.958595,18.763016,0.045449,0.526667,0.443219,0.794655,16.445372,0.011098,0
5519,52.076303,39.148353,16.964502,0.058435,1.278233,0.312207,0.884251,11.480976,0.010608,0
5520,33.488749,23.894880,10.782442,0.047997,0.432219,0.514636,0.890303,4.131731,0.016563,0
5521,25.610784,27.846130,3.450892,0.031055,1.073744,0.377959,0.526829,10.563302,0.039683,1
5522,62.914906,80.933953,1.541974,0.049914,0.733500,0.270713,0.208275,15.453987,0.019662,0
5523,32.782805,27.246432,6.420404,0.021435,0.602422,0.263197,0.857886,5.721229,0.033575,0
5524,59.133369,68.212904,1.289025,0.031497,0.202975,0.377823,0.236850,8.222337,0.030662,1
5525,39.113128,38.823363,4.783569,0.020371,1.097935,0.260557,0.597029,15.864113,0.036249,1
5526,28.542335,22.529219,8.733757,0.035062,1.442656,0.360835,0.810372,9.291831,0.021910,0
5527,64.029313,46.947140,19.575221,0.053286,0.437432,0.494796,0.881617,8.390587,0.009456,0
5528,42.377055,40.783810,5.196051,0.031803,1.159656,0.196838,0.677516,16.372099,0.039940,1
5529,35.452127,34.429025,3.250293,0.039147,0.173087,0.446003,0.612986,5.646564,0.058197,1
5530,50.824709,38.135138,14.019037,0.048356,0.716209,0.173239,0.988359,1.308483,0.004083,0
5531,23.590831,22.633539,2.921226,0.057391,0.372950,0.382537,0.650160,5.335386,0.067198,1
5532,37.239524,44.439552,0.885800,0.025285,0.624901,0.244893,0.231276,8.966504,0.042250,0
5533,58.564837,43.122067,16.095172,0.028332,0.481765,0.230454,0.981189,1.868284,0.004906,0
5534,60.965745,77.918602,8.770573,0.045829,1.102213,0.516581,0.464904,25.435708,0.012019,0
5535,23.503543,19.207992,5.334056,0.034898,0.680170,0.317221,0.839641,4.723256,0.039627,0
5536,32.387294,26.060512,8.218878,0.057122,0.812871,0.306788,0.862573,6.417691,0.024534,0
5537,22.601193,26.992992,0.569907,0.029804,0.507547,0.279703,0.237121,4.972608,0.068572,0
5538,63.428931,80.756039,2.215624,0.032899,0.923278,0.274191,0.251537,19.430543,0.019078,0
5539,27.458501,37.159884,1.906028,0.021079,0.993395,0.414947,0.317700,9.757334,0.031395,0
5540,46.829205,64.661325,4.456313,0.026853,1.246696,0.438044,0.364410,19.642942,0.016402,0
5541,49.133960,40.826961,10.399324,0.041896,1.078236,0.162150,0.926814,7.088330,0.016794,0
5542,58.795277,67.290663,2.255580,0.033960,0.301719,0.384360,0.313785,11.453659,0.028571,1
5543,28.326981,36.737442,0.000132,0.024113,0.138480,0.196443,0.000256,0.010066,0.000461,0
5544,51.686428,58.616534,5.800594,0.031547,0.665237,0.473727,0.468860,16.766758,0.019916,1
5545,24.097159,21.595978,2.793803,0.020556,0.154762,0.291352,0.851103,2.199430,0.084003,1
5546,31.689420,28.135645,8.489649,0.026519,1.249326,0.462093,0.709761,12.129189,0.020922,1
5547,60.503037,56.177788,8.027594,0.037777,0.865179,0.201358,0.746711,18.007356,0.028237,1
5548,74.431119,81.779896,5.448433,0.052953,1.332336,0.181910,0.497033,34.273582,0.025526,1
5549,32.436240,26.003575,9.732850,0.054498,1.263091,0.361189,0.820448,9.550631,0.019898,0
5550,26.250684,20.867499,7.149926,0.057168,1.238968,0.229790,0.903553,4.993833,0.025454,0
5551,20.668255,19.255931,1.997225,0.053119,0.142699,0.346605,0.746637,2.498627,0.118260,1
5552,58.511647,57.811813,8.874750,0.028888,0.583711,0.458213,0.601634,17.252190,0.018841,1
5553,61.732855,58.801180,5.216749,0.020050,0.549563,0.175421,0.699822,15.916100,0.043322,1
5554,57.395331,60.851972,6.235489,0.053100,0.708724,0.351559,0.530903,19.218512,0.023415,1
5555,43.069615,35.010405,10.291118,0.043050,1.248963,0.186984,0.912003,7.686522,0.017743,0
5556,58.933904,58.789488,11.962786,0.056757,1.235941,0.390186,0.649607,24.277906,0.014495,1
5557,63.896769,47.258919,19.999466,0.050214,0.884358,0.348705,0.888614,11.400642,0.009055,0
5558,55.613005,73.924351,1.251719,0.023930,0.377339,0.426257,0.178366,8.912835,0.017917,0
5559,69.370934,89.859163,6.685248,0.053329,0.998302,0.430266,0.396215,26.710441,0.012922,0
5560,25.242615,31.135010,0.352743,0.029464,0.351104,0.307860,0.158130,3.611356,0.052434,0
5561,38.874024,35.964545,3.595061,0.031755,0.336963,0.157865,0.844110,5.397504,0.067144,1
5562,48.374657,59.888486,4.308745,0.052817,1.307146,0.316583,0.413651,21.545419,0.022249,0
5563,63.825589,57.540271,8.383450,0.047039,0.177787,0.409518,0.768875,8.194077,0.027627,1
5564,68.097764,77.037253,3.372784,0.054126,0.319648,0.400901,0.361473,14.424026,0.024272,1
5565,68.456582,85.014517,0.557299,0.022982,0.517010,0.220602,0.112862,9.427321,0.017638,0
5566,25.571740,22.257354,6.447851,0.056272,0.743345,0.498808,0.737311,7.189277,0.029651,1
5567,63.115989,45.246505,19.114938,0.047294,0.577945,0.201612,0.992380,1.007707,0.002171,0
5568,68.065271,91.221183,0.267822,0.048234,0.595746,0.209282,0.060080,6.264805,0.010846,0
5569,61.448987,43.937180,18.580600,0.048395,0.311080,0.434740,0.941414,4.007045,0.007847,0
5570,58.469762,60.466786,13.089582,0.050952,1.044871,0.536593,0.621751,22.724480,0.011856,1
5571,73.318462,92.100741,1.692305,0.042966,1.072661,0.198244,0.216615,22.284012,0.019494,0
5572,29.933411,38.141023,2.247798,0.044578,1.224638,0.325536,0.366564,12.468808,0.034906,0
5573,21.561959,20.031574,4.645791,0.039433,0.688896,0.521730,0.673378,6.454269,0.038625,1
5574,26.522564,28.198972,3.808422,0.059604,0.615091,0.494746,0.551930,8.228016,0.038436,1
5575,46.327151,64.848141,1.712744,0.026685,0.819689,0.372350,0.222372,12.495492,0.019076,0
5576,33.572346,38.454403,3.238999,0.051448,1.412416,0.259265,0.479766,15.896959,0.038516,1
5577,37.811517,28.301987,10.275009,0.023705,0.500215,0.349779,0.910299,4.331991,0.017318,0
5578,62.500825,76.615187,0.130256,0.033598,0.183341,0.265269,0.046321,2.596350,0.013666,0
5579,26.258019,25.043059,4.616280,0.045380,0.519048,0.503321,0.646880,7.029547,0.039026,1
5580,47.290503,57.820473,0.146660,0.055799,0.304415,0.211038,0.063950,3.266713,0.022737,0
5581,31.526071,24.417719,9.199643,0.042096,0.533551,0.545198,0.815170,6.143366,0.021249,0
5582,67.602082,65.324234,14.351315,0.044932,0.906184,0.479091,0.652643,23.770113,0.011981,1
5583,64.187107,70.509780,4.130710,0.049837,1.036856,0.203258,0.459864,25.942503,0.029878,1
5584,32.027328,37.856590,6.343955,0.036370,1.290596,0.541956,0.544783,14.423747,0.020104,0
5585,32.964304,32.690354,3.467766,0.057212,0.629932,0.264151,0.624201,9.927600,0.054905,1
5586,48.247447,40.096701,10.923456,0.054296,0.829773,0.271616,0.853994,10.063777,0.019182,0
5587,68.647524,91.844766,0.019161,0.050257,0.202141,0.252137,0.007723,0.655905,0.002731,0
5588,30.519660,34.205997,1.195470,0.035790,1.087844,0.165669,0.363844,11.952122,0.071199,1
5589,74.522271,90.285434,0.238478,0.039875,0.480334,0.161117,0.067981,6.780067,0.015775,0
5590,40.356967,43.011433,6.022643,0.028327,0.824113,0.460699,0.544833,14.523390,0.023487,1
5591,37.931730,41.963380,1.230353,0.037007,0.480131,0.233006,0.331836,9.539630,0.059265,1
5592,57.980468,57.859233,2.870332,0.021127,0.122564,0.338454,0.539337,8.058525,0.057787,1
5593,30.993552,34.388258,4.443401,0.046177,0.671468,0.530958,0.519907,10.119361,0.029548,1
5594,51.724168,64.715470,2.281410,0.056872,1.154257,0.235607,0.308774,19.571041,0.026899,0
5595,69.639618,92.889798,5.456713,0.032553,0.649868,0.530814,0.340966,20.592415,0.012309,0
5596,57.657969,55.724902,7.637392,0.032179,1.208559,0.220563,0.663584,23.130464,0.026101,1
5597,52.638178,57.709784,10.172017,0.038281,1.256045,0.475835,0.573118,23.138563,0.013972,1
5598,38.679361,42.653965,3.438197,0.035418,0.391862,0.493016,0.453170,9.592900,0.033189,1
5599,32.959292,41.764947,0.102476,0.021380,0.496020,0.193974,0.056221,2.627376,0.025138,0
5600,64.752773,57.205814,13.184793,0.047968,1.015804,0.288047,0.770303,19.802170,0.016141,1
5601,48.495139,47.653116,6.637803,0.032798,1.426289,0.223329,0.645954,21.541214,0.028755,1
5602,41.935571,49.008466,7.120678,0.056962,1.076308,0.502702,0.531671,17.301726,0.018183,1
5603,37.299231,37.993529,5.316115,0.056661,1.146177,0.284866,0.619802,15.206897,0.033477,1
5604,46.666486,62.049383,3.201853,0.039221,0.601877,0.511802,0.322918,12.996008,0.019373,0
5605,68.134593,59.304462,15.368162,0.034118,0.554713,0.515095,0.726730,16.879817,0.012726,1
5606,79.936024,99.264796,6.248561,0.020407,0.778057,0.428995,0.366498,26.539139,0.012443,0
5607,43.361670,49.566314,7.206360,0.039233,0.949372,0.527755,0.527693,16.814586,0.017849,1
5608,21.388781,25.634298,1.736389,0.048552,0.673776,0.420088,0.398276,6.775177,0.052323,0
5609,20.614280,18.547429,3.379134,0.026679,0.364728,0.441391,0.714348,4.231222,0.061850,1
5610,34.373081,35.483893,3.809999,0.043209,0.445785,0.438230,0.541188,9.106849,0.039455,1
5611,39.864484,44.732520,6.345958,0.023769,1.254797,0.434268,0.526986,17.774107,0.020525,1
5612,39.388697,30.953803,11.762371,0.029050,0.863916,0.478545,0.794065,10.430165,0.016261,0
5613,22.573755,17.360505,6.857558,0.043558,0.829395,0.441955,0.827265,5.255663,0.028137,0
5614,35.555644,45.839484,5.116923,0.039962,1.434399,0.454213,0.464288,16.920335,0.020543,0
5615,51.490901,38.547475,15.805585,0.023499,0.556556,0.545552,0.828175,9.787340,0.012158,0
5616,33.741555,38.638476,0.868611,0.046130,0.498083,0.234161,0.274795,7.942846,0.059818,1
5617,67.116204,52.187421,22.779822,0.053617,1.353211,0.421523,0.817588,20.658274,0.008040,0
5618,24.044878,20.341926,4.957434,0.024879,1.303106,0.212373,0.827614,7.008013,0.043800,0
5619,52.640199,46.951068,7.883563,0.043033,0.410906,0.299031,0.783705,9.893871,0.029058,1
5620,28.433594,30.548986,1.249391,0.049381,0.641817,0.191102,0.426553,8.933119,0.090087,1
5621,57.236795,57.554191,3.420444,0.029292,0.668487,0.162170,0.568386,18.394486,0.051793,1
5622,70.861352,65.793848,15.245906,0.057903,1.053527,0.375996,0.706536,25.035005,0.012586,1
5623,43.828814,38.910849,12.066810,0.047283,1.407661,0.416113,0.733273,17.088651,0.015187,1
5624,45.569500,58.854562,3.811874,0.031327,1.099141,0.389831,0.367921,18.005145,0.020236,0
5625,45.811637,32.279480,15.803371,0.024913,1.230673,0.353982,0.878188,10.274130,0.011238,0
5626,40.173572,37.741557,6.545203,0.059881,0.768311,0.313352,0.702705,12.193148,0.031381,1
5627,30.939754,34.947208,0.305295,0.024222,0.430803,0.170070,0.173143,5.199383,0.074133,1
5628,21.372876,21.411674,3.439138,0.027422,0.697416,0.463608,0.594174,6.921313,0.046862,1
5629,27.756238,37.213399,3.022973,0.021105,0.922606,0.535189,0.391479,10.240031,0.026919,0
5630,38.476476,39.052948,3.888880,0.049137,0.497976,0.344272,0.563944,10.692580,0.042129,1
5631,27.942378,21.597859,7.260891,0.029483,1.115526,0.205117,0.926326,4.121092,0.023068,0
5632,49.965656,63.053445,2.945576,0.031057,0.490296,0.483553,0.318164,12.481349,0.021087,0
5633,28.870028,32.672479,1.837017,0.053652,1.437019,0.174726,0.453074,13.711031,0.065517,1
5634,39.194653,31.342479,11.129747,0.059438,1.428937,0.243997,0.885615,9.059563,0.016914,0
5635,60.181943,77.583083,0.018690,0.027507,0.427152,0.154484,0.009422,0.995156,0.004164,0
5636,44.717747,59.456995,1.306110,0.025110,1.364172,0.231741,0.214580,15.243580,0.024113,0
5637,44.482840,55.445066,3.727076,0.040554,0.956592,0.386773,0.385662,16.638833,0.022728,0
5638,25.771982,26.657624,4.465572,0.023538,1.488889,0.357699,0.587498,12.242563,0.034610,1
5639,37.738956,40.680304,6.416019,0.043099,0.903346,0.490884,0.561930,14.136819,0.022384,1
5640,43.384845,46.050753,0.623621,0.051582,0.115300,0.253795,0.280997,4.967566,0.090189,1
5641,68.993301,61.124413,9.841589,0.026193,0.115104,0.544273,0.777704,6.972059,0.023380,1
5642,39.188075,30.416872,9.033440,0.032414,0.266262,0.165058,0.999092,0.062305,0.000923,0
5643,50.689315,43.066587,10.690497,0.025631,0.827035,0.321943,0.780952,13.615243,0.019902,0
5644,55.875012,41.537481,15.431395,0.032101,0.658249,0.246144,0.954531,4.332932,0.008566,0
5645,56.272078,62.573390,4.042419,0.026355,0.982980,0.264284,0.430462,21.918461,0.026645,1
5646,32.580727,35.133509,4.506671,0.033212,0.745492,0.464406,0.529538,11.191794,0.030454,1
5647,25.638425,35.443268,0.035151,0.050923,0.263162,0.297292,0.025039,0.769686,0.014967,0
5648,71.915734,54.074804,22.673960,0.033418,0.624610,0.547263,0.822191,14.799422,0.008371,0
5649,79.132940,65.906879,16.939417,0.041421,0.981926,0.211749,0.879071,15.771510,0.012113,0
5650,30.066782,41.867279,0.186044,0.025032,0.733822,0.235916,0.074043,3.610358,0.023069,0
5651,36.100884,38.181814,1.815928,0.038200,0.569767,0.216600,0.449114,10.782625,0.067040,1
5652,39.603721,29.671964,13.851680,0.027950,1.345594,0.452760,0.811637,12.400344,0.012977,0
5653,40.973107,42.287448,5.525797,0.047858,0.507765,0.487819,0.560753,11.512388,0.027685,1
5654,37.176211,32.326662,9.002366,0.027806,1.054016,0.405936,0.730424,12.609849,0.021324,0
5655,25.665685,29.107351,2.711952,0.024556,0.818769,0.409641,0.460209,9.218839,0.041726,1
5656,46.793429,39.867091,8.149352,0.039684,0.594738,0.186622,0.911332,5.795520,0.023847,0
5657,77.456569,90.306111,0.914312,0.052914,0.243549,0.279022,0.170493,9.691013,0.023770,1
5658,55.807972,49.892327,13.035757,0.048920,1.126768,0.370817,0.732869,19.482491,0.014971,1
5659,34.455536,30.237925,5.843021,0.025800,0.636008,0.285062,0.776434,8.211230,0.038149,1
5660,61.061276,78.255624,3.916655,0.029344,0.565615,0.483057,0.324342,16.514465,0.016211,0
5661,73.442242,72.488599,5.731695,0.047798,0.137666,0.463613,0.579355,10.655211,0.030952,1
5662,21.081455,23.537900,2.961706,0.035148,0.923716,0.449907,0.514515,8.077786,0.043735,1
5663,45.690742,53.629197,4.103921,0.029939,0.823964,0.392600,0.419913,16.211447,0.024005,1
5664,64.214510,88.727369,4.480134,0.022579,0.632153,0.545188,0.309851,18.008346,0.012672,0
5665,57.428400,78.247074,0.002703,0.033681,0.245358,0.203575,0.001666,0.152779,0.000927,0
5666,70.130609,92.308707,0.517125,0.027464,0.801836,0.200848,0.094178,10.546378,0.013315,0
5667,55.289847,58.301121,6.635016,0.032208,1.072705,0.310947,0.541272,22.722871,0.022285,1
5668,21.281664,23.986567,2.171931,0.056791,0.692401,0.406715,0.472839,7.048333,0.055262,1
5669,43.921669,38.849262,8.949886,0.020651,1.367399,0.280765,0.733669,16.865471,0.022772,1
5670,76.610335,88.701216,9.886662,0.028141,0.845807,0.483350,0.478527,28.067472,0.011698,1
5671,32.251944,28.181022,6.402791,0.026326,0.368592,0.531325,0.728955,6.486780,0.031843,1
5672,56.121896,64.342967,2.058969,0.029223,1.436056,0.152367,0.334490,24.486899,0.035531,1
5673,55.933019,59.036820,5.594824,0.022475,0.768711,0.331774,0.507650,19.560497,0.024515,1
5674,37.253574,33.237463,5.424230,0.033301,0.411334,0.291253,0.781537,7.046020,0.042378,1
5675,38.526547,53.364156,6.240455,0.042980,1.405824,0.542422,0.463727,18.148277,0.016034,0
5676,79.471881,75.431355,14.057515,0.058362,0.723263,0.393450,0.673428,24.373421,0.013561,1
5677,32.775745,38.759497,0.417403,0.033574,0.388045,0.241024,0.169785,5.162426,0.051381,0
5678,34.698813,24.402249,11.386306,0.031840,1.332992,0.184550,0.974878,2.350943,0.007937,0
5679,25.219244,27.469124,1.824081,0.025801,1.490089,0.189849,0.465345,12.235044,0.068002,1
5680,46.298233,50.665632,2.832508,0.032101,0.512133,0.319791,0.417758,12.936125,0.036849,1
5681,38.848737,52.085749,0.230952,0.029383,0.158736,0.473421,0.075572,2.203727,0.019430,0
5682,70.037487,54.495367,20.695536,0.047734,1.463269,0.259037,0.881068,16.841127,0.009058,0
5683,47.362272,43.004802,6.661987,0.031647,0.310031,0.382037,0.727809,8.754845,0.032951,1
5684,69.558182,66.391222,10.879058,0.038720,0.587062,0.407822,0.647326,19.794989,0.017088,1
5685,65.096976,60.459445,13.872800,0.035574,0.920893,0.436560,0.678704,22.377358,0.013135,1
5686,29.880495,26.290276,6.228735,0.055577,0.696485,0.379330,0.753300,7.868448,0.033357,1
5687,77.923767,60.180087,21.850506,0.036763,0.744246,0.390082,0.845515,15.983578,0.009067,0
5688,68.717877,88.578279,9.557933,0.045661,1.038272,0.529612,0.455107,27.757094,0.010690,0
5689,43.021244,55.194033,5.830847,0.039662,1.390105,0.441641,0.455305,20.108509,0.017697,0
5690,42.621191,34.574963,10.541167,0.027859,0.921105,0.333040,0.814518,10.936505,0.019626,0
5691,72.372759,55.018693,17.709132,0.044259,0.142600,0.282425,0.996353,0.298040,0.001413,0
5692,45.076262,44.354926,4.729573,0.020143,0.221268,0.509369,0.581499,8.281839,0.036164,1
5693,33.067914,33.010220,4.383725,0.053071,1.460696,0.193172,0.675895,14.367933,0.046567,1
5694,50.511142,61.171787,4.299673,0.050434,1.077750,0.332982,0.411429,20.402025,0.022282,0
5695,30.555376,31.331810,2.464802,0.044344,1.007042,0.178209,0.578793,11.993306,0.071579,1
5696,23.897146,32.874837,0.389995,0.031778,0.312528,0.457054,0.139705,2.969253,0.036400,0
5697,44.580625,36.869309,10.319086,0.042758,0.754125,0.331107,0.820277,10.148723,0.020451,0
5698,75.136765,67.569704,14.089398,0.024492,1.025865,0.306914,0.718277,25.693904,0.014455,1
5699,64.459595,55.265843,11.470768,0.026137,0.925679,0.191081,0.855556,14.098755,0.019184,0
5700,51.393965,60.259819,0.392563,0.056711,0.258714,0.240309,0.131175,5.564506,0.033885,1
5701,27.198518,22.898140,5.510512,0.023627,0.337401,0.469136,0.787298,4.587398,0.039177,0
5702,49.732266,48.337953,7.031886,0.034840,1.430879,0.216789,0.666970,21.622567,0.028183,1
5703,36.442574,31.605790,7.637091,0.031660,0.798238,0.356424,0.753565,10.267653,0.027174,0
5704,60.157605,74.842627,1.326434,0.028224,1.094221,0.196360,0.208878,18.078810,0.023250,0
5705,52.547010,44.099461,9.071371,0.041084,0.218907,0.280718,0.929021,3.336459,0.019663,0
5706,65.368941,60.135120,11.180711,0.050341,1.470204,0.173077,0.803797,21.934745,0.020173,1
5707,50.532364,55.274036,6.156152,0.039912,1.073424,0.343377,0.518424,20.864204,0.022168,1
5708,42.076317,37.448888,7.341104,0.032704,1.424680,0.175369,0.811612,13.557259,0.030650,1
5709,30.037084,39.051022,3.091952,0.051151,0.921287,0.473513,0.402651,11.157630,0.028348,0
5710,69.394186,75.322504,4.130448,0.025929,0.347969,0.379594,0.415334,15.961486,0.025094,1
5711,41.990861,45.796651,1.542776,0.044088,0.797869,0.162845,0.389014,14.380552,0.062771,1
5712,21.970201,26.476654,0.694412,0.046088,0.370378,0.368630,0.259984,4.336880,0.065807,0
5713,78.907668,101.379319,0.572643,0.044657,0.678388,0.196916,0.100769,11.469921,0.013790,0
5714,43.183163,52.412329,1.409747,0.039379,0.971740,0.220612,0.272273,14.134074,0.035356,0
5715,68.188756,60.770952,14.741171,0.044464,1.248671,0.299093,0.751057,24.159078,0.013912,1
5716,22.436313,19.355655,6.147103,0.052719,1.344699,0.379941,0.763135,8.030098,0.031223,0
5717,47.979348,55.320182,2.531501,0.045772,0.752747,0.272962,0.367964,15.688846,0.033169,1
5718,70.309833,83.763094,3.493807,0.053227,0.561966,0.344937,0.332827,19.152865,0.019987,0
5719,30.478332,22.992815,10.595614,0.054605,1.079448,0.472977,0.826180,8.127683,0.017137,0
5720,59.339062,47.409687,13.375107,0.033801,0.231662,0.491964,0.864185,6.226660,0.015516,0
5721,77.704176,67.521246,14.360752,0.042955,1.166934,0.162723,0.879431,16.847352,0.014694,0
5722,52.574981,66.463098,0.539777,0.055894,0.486572,0.244504,0.129312,7.729624,0.023505,0
5723,24.588388,19.964726,7.819876,0.036692,1.271804,0.468778,0.772356,8.371444,0.023225,0
5724,51.873984,53.761750,10.883181,0.036940,1.229678,0.470813,0.610101,22.068955,0.014166,1
5725,26.039730,29.826364,1.790914,0.055964,1.083622,0.239730,0.430042,10.647281,0.060446,1
5726,56.253193,56.437680,3.969194,0.024269,0.635880,0.203693,0.562009,17.678936,0.043133,1
5727,70.219308,86.006532,0.670032,0.053139,0.635278,0.182306,0.137703,12.317610,0.021570,0
5728,57.486435,75.176347,6.920216,0.034911,1.274410,0.448094,0.424855,25.429224,0.013475,0
5729,45.648089,58.799153,0.414319,0.050594,0.843067,0.181429,0.118922,8.331187,0.026139,0
5730,55.401558,60.121711,10.260352,0.047826,0.953967,0.517244,0.571842,21.236346,0.014022,1
5731,67.140925,57.321336,17.583361,0.024883,1.256255,0.398879,0.741228,24.349954,0.010780,0
5732,72.965228,56.240536,23.203939,0.051945,1.289570,0.351510,0.846044,19.656225,0.008145,0
5733,38.533856,37.909868,7.948617,0.028068,1.456121,0.381842,0.638524,17.420472,0.021101,1
5734,24.994445,21.308393,7.784972,0.032104,1.168643,0.544306,0.735366,8.843983,0.022255,0
5735,50.049023,53.130918,0.741737,0.058261,0.150841,0.219693,0.289558,6.648997,0.080099,1
5736,52.300436,51.096073,8.396700,0.045732,0.681819,0.414835,0.629418,16.313901,0.021086,1
5737,29.257317,30.711717,2.727675,0.037731,1.206668,0.216322,0.542308,12.749323,0.057060,1
5738,38.793017,32.922302,6.870710,0.035103,0.276144,0.366374,0.841080,4.938099,0.032433,0
5739,24.365092,27.354112,5.370540,0.058565,1.490234,0.481669,0.597016,11.513405,0.027019,1
5740,35.980467,25.750692,11.238916,0.022229,1.266958,0.232251,0.935499,5.104463,0.013400,0
5741,52.667193,43.443304,16.497309,0.051086,1.267304,0.452308,0.776333,17.721895,0.011146,0
5742,68.967657,58.883982,18.162891,0.034211,1.120449,0.416738,0.747227,23.334329,0.010506,0
5743,27.321304,32.619194,1.045323,0.021744,1.460951,0.187532,0.298602,11.457620,0.056025,0
5744,27.418206,27.456447,2.959403,0.052277,0.507092,0.339515,0.588919,7.594905,0.058681,1
5745,49.072241,58.981235,3.904182,0.034128,0.606757,0.452771,0.387268,14.636452,0.022124,0
5746,66.802505,47.435065,19.816965,0.028524,0.301307,0.290640,0.988688,1.088082,0.002784,0
5747,37.486885,43.783333,4.518058,0.027683,1.259389,0.375192,0.469940,16.735327,0.025204,1
5748,42.068975,44.342572,3.767802,0.055744,0.969061,0.226917,0.546922,16.407020,0.042159,1
5749,25.220395,28.727249,0.594096,0.026516,0.651783,0.196835,0.263997,6.656325,0.081569,1
5750,53.534587,48.734110,10.115400,0.036236,1.496397,0.234915,0.745151,21.022155,0.020867,1
5751,57.730943,50.282405,11.725360,0.039303,0.791720,0.331423,0.764667,15.797864,0.018065,1
5752,67.765142,57.710767,16.827922,0.051654,1.366030,0.283249,0.806150,21.758231,0.012246,0
5753,30.836150,27.619154,4.141841,0.042277,0.565691,0.168547,0.868893,4.935147,0.054435,1
5754,74.861548,57.573950,18.272942,0.024371,0.490983,0.252669,0.949412,5.460729,0.007854,0
5755,70.260429,79.438062,5.723400,0.054870,0.418253,0.470285,0.430098,17.848606,0.018382,1
5756,65.218957,84.350474,2.835835,0.040057,0.967510,0.299574,0.276225,21.452111,0.017401,0
5757,33.425841,36.440456,7.542971,0.043759,1.345289,0.517843,0.600468,14.973695,0.019238,1
5758,41.415042,49.142947,4.753881,0.046817,1.008132,0.408017,0.461133,16.510461,0.023402,0
5759,33.299280,26.656528,9.409166,0.021812,1.470080,0.337095,0.795939,11.440085,0.020819,0
5760,45.504819,43.321192,12.031180,0.049814,1.194777,0.512090,0.682270,17.734207,0.013998,1
5761,43.729252,47.880280,10.556163,0.059754,1.349230,0.537718,0.616455,19.394385,0.013979,1
5762,63.070632,50.472859,13.404354,0.053009,0.132460,0.486377,0.917267,3.500165,0.013658,0
5763,64.781654,58.040893,12.934266,0.032650,0.995745,0.330259,0.724690,21.581754,0.015638,1
5764,42.946105,57.528372,0.329844,0.043104,0.427820,0.294393,0.092400,4.651484,0.020024,0
5765,59.784267,65.475382,5.259601,0.024064,1.393569,0.238256,0.474709,28.098770,0.023678,1
5766,65.980878,63.219630,8.015412,0.040133,0.332097,0.410857,0.638792,14.241607,0.023975,1
5767,22.689603,20.514471,3.618888,0.040810,1.233192,0.164152,0.821230,6.583157,0.063169,1
5768,36.917060,42.358578,2.146911,0.053096,0.379103,0.420630,0.373087,8.605273,0.039596,1
5769,48.282744,64.744100,2.121356,0.029403,0.648521,0.414561,0.256330,12.519500,0.019975,0
5770,54.397711,50.844101,6.907973,0.035928,0.581130,0.266455,0.704348,14.322585,0.031258,1
5771,62.614484,72.379269,3.409936,0.035914,0.717089,0.296021,0.363146,19.895803,0.023907,1
5772,37.008099,28.125699,9.831959,0.032848,0.475487,0.369074,0.897429,4.562183,0.018981,0
5773,66.427311,64.898918,19.405739,0.053094,1.422660,0.543921,0.683209,28.213969,0.008263,1
5774,72.572182,82.130531,9.387294,0.025181,0.937871,0.438960,0.490847,28.030928,0.012928,1
5775,56.012411,59.084831,7.958627,0.037762,1.070602,0.359544,0.560067,22.858517,0.018928,1
5776,43.901138,52.776176,7.401534,0.053634,1.327255,0.464410,0.522503,20.145194,0.016958,0
5777,20.827262,27.873465,0.076058,0.055519,0.484826,0.228787,0.056976,1.658771,0.034475,0
5778,46.378745,56.794445,4.871754,0.036637,0.996391,0.421450,0.426823,18.157444,0.020102,0
5779,52.936971,47.273531,12.327350,0.028170,1.004861,0.427595,0.706896,18.254947,0.015161,1
5780,20.186653,21.885173,1.827685,0.032124,0.661495,0.356283,0.475848,6.537937,0.068075,1
5781,58.718698,80.780404,3.821732,0.048686,1.266290,0.341587,0.316591,23.523042,0.015773,0
5782,43.528647,31.461233,13.315382,0.053935,0.602736,0.303610,0.948782,3.552845,0.010247,0
5783,47.695100,42.462189,8.263144,0.022475,0.483786,0.395522,0.725585,11.057677,0.025403,1
5784,46.884164,52.705891,6.437196,0.051954,0.865642,0.450405,0.514972,17.389991,0.020291,1
5785,66.287231,69.566282,3.074223,0.057337,0.595434,0.171708,0.483853,20.389229,0.045386,1
5786,29.157278,28.974152,5.266750,0.020328,0.959541,0.437729,0.608179,10.972804,0.030729,1
5787,53.523593,55.626638,3.560675,0.040779,0.692893,0.214714,0.512694,17.765134,0.041682,1
5788,26.522704,23.943272,5.647664,0.043532,1.093307,0.342049,0.725070,9.252396,0.035171,1
5789,54.291258,59.257855,6.341034,0.023898,0.529859,0.508713,0.493200,15.763655,0.019841,1
5790,55.994676,66.545394,4.514974,0.050259,0.749596,0.383799,0.405170,18.791617,0.020832,0
5791,23.228067,30.732311,0.031881,0.025516,0.527751,0.185216,0.027857,1.079584,0.020470,0
5792,63.226419,75.415072,4.742271,0.056630,1.080227,0.289577,0.408275,25.519956,0.020408,0
5793,53.667983,60.840543,12.074086,0.032494,1.471275,0.532532,0.580349,25.441498,0.011274,1
5794,28.924060,35.715459,0.424372,0.052676,0.986040,0.161474,0.181079,7.564821,0.056791,0
5795,24.687863,18.485952,8.477503,0.044117,0.930143,0.512442,0.820038,6.246903,0.021503,0
5796,48.056211,35.928473,13.340466,0.020323,0.393341,0.460686,0.880752,6.002428,0.014343,0
5797,68.935966,96.410967,0.374947,0.020772,0.677072,0.243892,0.066670,7.335004,0.009347,0
5798,55.266132,75.900299,0.440298,0.024863,0.245010,0.430704,0.088032,4.369818,0.013558,0
5799,60.032423,52.549649,17.676869,0.025151,1.238403,0.520297,0.716752,22.613953,0.009738,1
5800,32.061916,24.269160,8.716012,0.027514,0.575331,0.360776,0.887292,4.653159,0.021808,0
5801,61.210792,63.882344,3.775225,0.034597,1.024850,0.161169,0.514784,24.704152,0.039918,1
5802,78.443847,99.905257,0.748788,0.037967,0.202786,0.404008,0.115848,6.892517,0.013672,0
5803,31.435656,34.723575,1.432628,0.028331,0.847108,0.206484,0.381276,11.027577,0.063798,1
5804,65.537737,60.675526,10.823502,0.049515,0.441657,0.444427,0.685350,15.464860,0.018343,1
5805,36.584099,47.954361,1.901971,0.033831,1.063550,0.320996,0.293452,12.986093,0.028421,0
5806,63.602581,53.941901,14.442542,0.046142,0.756265,0.365799,0.784254,16.193855,0.014471,0
5807,56.499701,61.152380,3.505116,0.036408,0.378918,0.362794,0.428219,13.649673,0.031105,1
5808,66.803765,77.340920,1.751516,0.058976,0.697227,0.193118,0.283440,18.888117,0.031433,1
5809,32.408292,30.428756,2.978245,0.045018,0.420001,0.165820,0.792796,6.005445,0.082100,1
5810,30.646207,27.745331,7.930929,0.055035,1.056684,0.469397,0.714938,10.696325,0.022961,1
5811,30.924856,33.886963,1.156583,0.032421,0.142032,0.472394,0.344982,4.293948,0.066919,1
5812,47.399943,38.155007,11.065648,0.027921,0.713975,0.307277,0.851349,9.282228,0.018831,0
5813,49.270008,46.544918,13.528642,0.042501,1.411757,0.487157,0.688418,20.698704,0.012398,1
5814,65.643713,76.331587,5.815827,0.020087,0.795644,0.395387,0.418375,22.868782,0.016870,1
5815,41.357447,32.359453,12.768895,0.049422,0.722477,0.534671,0.801129,9.808105,0.014845,0
5816,42.446293,45.838020,3.353352,0.033360,1.291742,0.206903,0.489597,19.239335,0.039955,1
5817,36.912910,49.071505,0.273274,0.033169,0.323150,0.335856,0.090176,3.412484,0.023076,0
5818,70.826793,96.069413,0.442797,0.057278,0.696134,0.214584,0.082204,8.967323,0.011967,0
5819,29.411138,40.130779,1.004333,0.027436,0.813552,0.345196,0.220428,7.863535,0.032370,0
5820,66.992669,85.673190,10.441037,0.042783,1.309557,0.496778,0.480122,30.546396,0.010462,0
5821,50.601813,56.924101,2.384774,0.037017,1.162208,0.179433,0.386100,20.869835,0.039084,1
5822,41.009981,46.618546,0.956913,0.025935,0.369265,0.267232,0.258110,8.052938,0.048523,1
5823,21.926688,26.759243,1.100458,0.024970,0.462202,0.429652,0.309837,5.257872,0.055070,0
5824,70.575681,50.384890,21.577672,0.057809,0.427040,0.304102,0.972531,2.916309,0.004509,0
5825,76.315524,68.069538,9.634797,0.028564,0.405295,0.184091,0.871404,10.200768,0.023475,1
5826,73.785937,102.258788,10.646210,0.054081,1.436312,0.488755,0.447636,34.974002,0.009151,0
5827,59.665128,76.272892,1.668549,0.035517,0.391679,0.406335,0.216576,10.956951,0.019339,0
5828,72.486280,84.252878,11.330064,0.038958,1.274631,0.436921,0.516894,32.618834,0.011147,1
5829,78.798848,63.625499,24.551644,0.040895,1.397689,0.407287,0.789202,26.908433,0.007613,0
5830,72.672140,71.709810,5.369635,0.041087,0.686170,0.157641,0.649243,22.314877,0.039062,1
5831,49.799971,45.007276,10.838771,0.023509,1.399136,0.333728,0.704380,20.344222,0.017568,1
5832,76.848090,102.263650,2.471324,0.043574,1.081888,0.262292,0.230230,24.284994,0.014491,0
5833,42.017427,32.063263,13.600650,0.032955,1.200552,0.417113,0.817710,12.176525,0.013773,0
5834,41.455687,42.493377,4.032401,0.052074,0.877003,0.234463,0.581284,15.165374,0.042915,1
5835,43.925923,34.747913,9.504558,0.044187,0.206065,0.225636,0.992418,0.416911,0.004647,0
5836,23.587961,31.324070,0.085105,0.025385,0.848040,0.171370,0.056818,2.479184,0.030660,0
5837,27.191603,28.005613,2.517191,0.045651,1.035851,0.207769,0.575292,10.843406,0.068142,1
5838,58.009337,57.046727,7.222148,0.052057,0.750641,0.283000,0.636911,18.857812,0.026380,1
5839,28.819943,37.794969,0.816344,0.031761,0.396983,0.432636,0.208391,5.209642,0.036520,0
5840,61.013019,76.893489,0.107863,0.034091,0.357413,0.200353,0.038387,3.039718,0.011403,0
5841,52.462349,47.467903,7.308919,0.020014,1.064510,0.173873,0.778199,16.101966,0.031608,1
5842,45.953618,62.989953,2.979440,0.059760,1.347192,0.316732,0.324565,19.186482,0.021293,0
5843,22.794109,20.837675,3.822395,0.025407,1.046079,0.269989,0.712020,7.954063,0.054204,1
5844,23.369970,24.128955,1.599169,0.023650,0.392489,0.314486,0.493380,5.840125,0.086632,1
5845,41.073524,44.205890,7.375841,0.024503,1.148654,0.466450,0.563263,17.340432,0.019184,1
5846,21.577399,21.796870,3.536416,0.058280,0.922402,0.379569,0.618665,7.898920,0.048457,1
5847,29.524952,31.363744,1.731642,0.039174,0.654098,0.228839,0.461977,9.482917,0.072676,1
5848,50.049623,40.291339,12.048196,0.043756,1.141660,0.181411,0.929694,7.204401,0.013887,0
5849,73.376868,83.023411,5.467999,0.021826,0.542550,0.402891,0.409853,21.009150,0.017851,1
5850,42.406416,56.626672,0.365769,0.021564,0.148829,0.529720,0.097283,2.813786,0.019847,0
5851,77.892437,56.037342,27.098000,0.028860,1.102447,0.430557,0.847285,19.297733,0.006701,0
5852,72.123968,55.577434,17.066794,0.020963,0.434273,0.167532,0.993759,0.836870,0.002211,0
5853,21.777071,27.449512,1.289961,0.039728,0.517610,0.465138,0.321689,5.615197,0.049179,0
5854,49.696620,49.718349,1.462887,0.042722,0.116202,0.199897,0.540030,6.724361,0.117213,1
5855,65.878894,58.000860,15.903467,0.045849,1.043862,0.396670,0.737281,21.949402,0.012214,1
5856,36.017120,31.945848,6.403824,0.020512,1.308267,0.222609,0.759224,12.829333,0.033958,1
5857,56.610255,72.004416,2.433668,0.046138,0.601684,0.372863,0.277236,14.710422,0.020461,0
5858,23.872406,27.100556,1.187588,0.059698,1.239465,0.161856,0.419519,10.386376,0.090847,1
5859,59.603490,59.018463,2.063965,0.044574,0.113703,0.198971,0.601065,7.759348,0.096543,1
5860,42.714011,37.714634,7.299016,0.039708,0.605629,0.293684,0.777608,9.903519,0.030518,1
5861,53.163912,46.096024,10.792482,0.054151,0.989506,0.239627,0.827015,13.532242,0.020192,0
5862,50.472633,58.249600,5.479233,0.034626,0.890477,0.406880,0.459792,18.904450,0.020482,1
5863,21.694772,20.803863,3.389050,0.020825,0.845657,0.353060,0.635227,7.497333,0.053352,1
5864,59.255268,72.969626,1.154597,0.059623,0.258724,0.392467,0.193301,8.265723,0.023184,0
5865,41.791628,36.541136,9.413834,0.055268,0.902056,0.358226,0.761537,12.296022,0.021787,1
5866,59.688323,56.727037,10.146452,0.031447,0.643413,0.432255,0.647462,17.780294,0.017944,1
5867,41.551253,34.633031,10.182951,0.054153,0.617161,0.445301,0.785543,9.523822,0.020072,0
5868,40.078451,53.495364,0.001023,0.021990,0.204766,0.200988,0.001035,0.063037,0.000954,0
5869,26.987285,20.550387,8.544914,0.044034,1.025880,0.409042,0.834943,6.786775,0.022207,0
5870,61.301963,75.390125,1.946260,0.044892,0.390048,0.382019,0.250041,12.167264,0.021729,0
5871,76.619602,66.096467,12.637778,0.046140,0.182212,0.446069,0.819969,8.582989,0.017988,0
5872,36.991760,40.675914,0.259727,0.058402,0.183350,0.193970,0.165368,3.937606,0.080911,1
5873,24.054232,17.580688,7.547501,0.023886,0.698181,0.447859,0.857566,4.526170,0.025017,0
5874,73.932450,65.219751,14.248377,0.021694,0.980282,0.304626,0.737954,23.839413,0.014605,1
5875,37.576527,32.317067,10.197433,0.025209,1.002613,0.494284,0.726809,12.513731,0.017883,0
5876,59.890154,71.719336,8.129657,0.057695,1.409482,0.370661,0.498092,28.365491,0.015137,0
5877,49.722789,46.479229,13.052971,0.041528,1.101800,0.523150,0.684647,18.549532,0.013016,1
5878,34.317557,31.475270,4.244345,0.052240,0.542527,0.189616,0.813744,6.775588,0.055927,1
5879,47.338947,47.306118,3.197834,0.036432,0.202395,0.355351,0.551874,8.424359,0.052269,1
5880,23.906282,25.266632,4.424248,0.059157,1.442933,0.362672,0.612838,10.994956,0.036763,1
5881,50.905816,45.807889,11.699362,0.030969,1.495962,0.331161,0.718172,21.025090,0.016377,1
5882,20.176043,19.055519,2.060030,0.049753,0.200016,0.374406,0.685946,3.201314,0.105014,1
5883,54.330313,48.927592,10.232845,0.020131,1.240855,0.283440,0.715227,20.538951,0.019784,1
5884,59.569849,79.558261,1.037434,0.041644,0.428462,0.365197,0.154761,9.282008,0.016717,0
5885,72.450462,53.277304,20.191275,0.027299,0.694266,0.158613,0.994384,0.967941,0.001675,0
5886,28.821856,39.875888,0.036179,0.057401,0.400788,0.232102,0.023891,1.026550,0.013284,0
5887,75.877714,87.884197,1.023362,0.043277,0.258506,0.277406,0.186286,10.342179,0.025049,1
5888,42.989189,43.338247,6.932516,0.046564,0.691790,0.457347,0.600106,13.813025,0.023624,1
5889,39.750661,53.546318,0.280871,0.021628,1.413853,0.155964,0.088690,7.592226,0.021790,0
5890,45.503980,50.666483,3.652117,0.030377,0.489067,0.421334,0.433696,12.519573,0.029342,1
5891,56.102257,45.835702,15.152435,0.047199,1.338301,0.295030,0.828410,16.521792,0.013295,0
5892,61.017481,47.523902,14.537804,0.026759,0.755559,0.166572,0.973699,3.234284,0.006902,0
5893,40.299576,32.461907,9.669384,0.046963,0.986925,0.209477,0.914036,6.282684,0.018712,0
5894,21.476780,26.952659,0.022451,0.033757,0.102880,0.347833,0.025664,0.411553,0.024934,0
5895,69.118531,88.954931,7.254744,0.029888,1.114915,0.438075,0.404337,28.274445,0.012118,0
5896,34.792352,29.581353,6.634699,0.047154,0.865979,0.171221,0.912175,5.162862,0.028765,0
5897,23.601356,29.476193,1.997258,0.044178,1.303296,0.321531,0.395441,10.377682,0.044459,0
5898,70.718989,85.582135,2.248697,0.032790,0.911432,0.229198,0.265718,22.144367,0.021196,0
5899,45.120382,40.643349,6.291266,0.040625,0.574962,0.217638,0.804355,9.451809,0.037102,1
5900,68.370601,54.824376,17.577673,0.049839,0.773391,0.344008,0.843404,14.424638,0.011598,0
5901,41.661324,43.012147,8.310352,0.059617,1.288139,0.402457,0.628035,17.883570,0.019875,1
5902,67.606643,48.010322,25.317723,0.058162,1.332510,0.380068,0.880243,15.589165,0.006735,0
5903,65.228292,69.071629,6.288939,0.054090,0.500685,0.388735,0.511111,18.406024,0.022226,1
5904,54.762985,63.601322,3.938714,0.049276,1.298404,0.234450,0.425834,24.462983,0.026796,1
5905,48.009413,66.551072,3.946994,0.057530,0.876385,0.475348,0.345288,16.564343,0.017251,0
5906,59.961407,56.636885,8.026401,0.045737,0.526047,0.323024,0.678426,15.584174,0.025508,1
5907,67.925217,83.705585,2.615860,0.048109,0.536983,0.347820,0.277327,16.677353,0.019353,0
5908,39.397526,38.967172,5.872750,0.034381,1.353493,0.264960,0.633342,17.254348,0.030997,1
5909,41.108433,34.951743,10.616381,0.025897,0.862489,0.476978,0.738320,12.424554,0.017872,0
5910,33.534815,37.513336,1.115618,0.059138,0.275036,0.331830,0.321411,6.300843,0.061391,1
5911,69.330280,85.834595,1.860219,0.053095,1.099170,0.190185,0.248706,23.034520,0.022924,0
5912,60.709832,53.793711,18.169933,0.058275,1.200220,0.510596,0.732682,21.881313,0.009688,1
5913,26.897133,25.785924,2.404775,0.024892,0.610052,0.189250,0.677984,7.532460,0.090182,1
5914,43.093408,60.091607,1.557182,0.044871,0.896520,0.338408,0.226043,12.269363,0.021777,0
5915,59.739833,81.823466,2.385116,0.022602,0.924177,0.347156,0.237891,17.767618,0.015517,0
5916,79.565076,77.272162,8.371482,0.024265,0.931434,0.206472,0.640502,28.714231,0.023585,1
5917,72.480887,65.975093,14.901766,0.035489,0.527632,0.536591,0.685882,18.680424,0.012559,1
5918,25.063430,31.909126,2.243665,0.053979,0.578181,0.546702,0.382862,7.272812,0.036627,0
5919,40.920045,32.349319,9.079876,0.050350,0.302126,0.207969,0.987656,0.719944,0.006843,0
5920,35.625294,30.034932,8.486760,0.022975,0.597950,0.492697,0.750030,8.753573,0.023411,0
5921,71.608779,70.824879,14.133468,0.045678,0.956923,0.449703,0.634704,26.337087,0.011935,1
5922,51.241405,54.174219,5.646281,0.048122,0.983825,0.288676,0.545433,20.144735,0.027014,1
5923,39.822228,35.394111,8.216977,0.034406,0.868385,0.366125,0.726967,12.338444,0.024472,1
5924,44.359086,57.033095,0.300839,0.042888,0.202382,0.380250,0.091288,3.275000,0.021627,0
5925,43.023039,42.795646,10.077388,0.031227,1.220184,0.498562,0.638394,17.806791,0.015814,1
5926,73.780598,85.248576,8.776509,0.044518,1.182001,0.360104,0.484497,31.976656,0.013801,1
5927,78.000665,70.033558,11.742199,0.031499,0.315811,0.395850,0.739004,14.246270,0.018730,1
5928,31.111006,41.569588,0.377243,0.053999,0.675434,0.249695,0.128838,5.375337,0.032930,0
5929,38.790101,28.761168,11.763594,0.039613,0.460875,0.528455,0.856356,5.964168,0.016275,0
5930,43.334178,49.739868,3.023165,0.021872,0.698794,0.351413,0.393425,13.932781,0.030214,1
5931,23.954819,31.586583,2.154184,0.035146,1.154252,0.406087,0.373431,9.746069,0.036235,0
5932,26.721689,31.846602,1.995105,0.052870,1.251825,0.263711,0.411839,11.634961,0.049359,0
5933,35.824772,38.152607,5.347428,0.056821,1.454881,0.293855,0.592057,16.777792,0.030578,1
5934,66.789770,89.827061,0.351062,0.053212,0.465297,0.257158,0.072077,6.256058,0.011721,0
5935,40.596928,34.067906,9.734948,0.053732,0.809912,0.361221,0.798359,10.278769,0.021318,0
5936,27.406401,24.014671,6.138679,0.043327,0.888007,0.380762,0.743711,8.314896,0.032740,1
5937,24.620210,30.223452,3.619272,0.040421,1.373199,0.437532,0.485915,11.502648,0.031584,0
5938,74.840930,86.054790,5.087802,0.048856,1.044056,0.254201,0.416334,29.834430,0.020070,1
5939,54.960672,70.873028,2.138656,0.055887,0.514628,0.398153,0.258906,12.761061,0.020618,0
5940,45.390491,51.573950,3.372366,0.053521,0.662604,0.342927,0.424301,14.473987,0.030917,1
5941,74.072802,78.285000,6.441221,0.059910,1.024516,0.208786,0.553454,29.641911,0.025256,1
5942,64.203749,51.183907,22.435891,0.043858,1.274413,0.525264,0.780224,21.448174,0.007773,0
5943,71.957396,54.141495,18.827987,0.044047,0.292224,0.357326,0.949073,4.070951,0.007529,0
5944,30.113908,23.806594,9.053432,0.021957,0.889587,0.499494,0.781092,8.385873,0.020811,0
5945,68.424975,85.514727,0.179671,0.021906,0.122396,0.369936,0.050791,2.500000,0.011793,0
5946,79.665541,74.855443,12.991206,0.025371,0.582125,0.419734,0.655684,22.378003,0.014431,1
5947,58.800601,45.330894,16.356112,0.046683,0.754377,0.347406,0.870718,10.762478,0.011877,0
5948,60.461815,76.870503,7.866479,0.044645,1.060142,0.491436,0.449078,24.632921,0.012934,0
5949,74.035314,71.978651,5.869455,0.052714,0.342550,0.235501,0.657012,15.929885,0.036026,1
5950,75.737040,54.228824,29.192400,0.043567,1.389780,0.459897,0.841081,21.628042,0.005899,0
5951,43.909555,61.218764,0.003125,0.030574,0.418572,0.170573,0.002254,0.200750,0.001458,0
5952,76.428402,77.897395,16.354691,0.047498,1.044793,0.499801,0.623736,29.654555,0.009722,1
5953,59.895515,65.490644,4.703023,0.050039,1.094446,0.224371,0.488118,24.986696,0.028363,1
5954,26.580022,19.998655,7.675064,0.039920,0.623675,0.396260,0.873924,4.347019,0.024897,0
5955,77.482071,72.178538,12.604021,0.041254,1.165224,0.238036,0.722908,28.011852,0.016822,1
5956,56.918326,78.377862,0.000410,0.040291,0.274032,0.170643,0.000321,0.035104,0.000232,0
5957,39.272978,44.552125,4.893665,0.049213,1.277480,0.335143,0.508940,17.704018,0.026810,1
5958,74.553365,67.985234,20.294017,0.038960,1.155577,0.509454,0.700012,27.864698,0.008516,1
5959,67.845969,90.304937,1.991676,0.046726,0.399947,0.445385,0.209537,12.349728,0.015062,0
5960,64.544856,67.952845,1.233550,0.030457,0.115751,0.279320,0.323897,7.892540,0.058596,1
5961,71.122197,91.649491,0.048364,0.057993,0.246552,0.222983,0.017615,1.534748,0.005519,0
5962,44.861567,38.159692,11.058238,0.049976,1.304465,0.291412,0.801899,14.262400,0.018643,0
5963,60.912718,50.500104,12.298128,0.035084,0.635216,0.245175,0.879226,9.755582,0.016883,0
5964,72.578723,85.293936,0.365805,0.029685,0.491915,0.157181,0.100843,8.988517,0.022069,1
5965,40.794935,43.599175,2.824930,0.048018,0.488795,0.314700,0.465944,11.336880,0.044285,1
5966,38.979070,52.907865,0.345884,0.035930,0.467921,0.302916,0.098570,4.630381,0.021501,0
5967,34.471901,29.378116,7.742618,0.054569,0.523332,0.456833,0.768976,7.591072,0.026720,0
5968,60.859971,62.075472,4.072045,0.030686,0.810856,0.179726,0.544775,21.725346,0.040248,1
5969,39.862433,41.732326,1.040055,0.023529,0.180238,0.255210,0.370783,6.394130,0.087480,1
5970,42.024822,40.987724,2.903476,0.029033,0.265040,0.254659,0.623559,8.213862,0.068907,1
5971,24.058093,22.332401,2.457560,0.048138,0.201110,0.304419,0.753138,3.405464,0.096105,1
5972,39.605143,31.231250,10.461457,0.029308,0.417105,0.544082,0.812323,6.888695,0.019352,0
5973,70.120963,49.833819,21.818817,0.030236,0.963571,0.191751,0.980461,3.267428,0.003597,0
5974,62.335986,49.377823,16.455035,0.045287,0.721237,0.371798,0.841190,12.817962,0.012301,0
5975,78.657746,98.323742,0.995126,0.034224,1.183871,0.153358,0.155975,20.478214,0.018230,0
5976,64.064656,89.678503,0.199667,0.059421,0.668231,0.206683,0.047339,5.170196,0.009121,0
5977,37.790741,30.969847,8.786662,0.051879,0.765246,0.286265,0.859620,7.371680,0.023563,0
5978,74.373736,80.426367,3.637420,0.051481,0.751594,0.190577,0.437723,25.408930,0.032070,1
5979,66.425148,57.794290,14.541544,0.043978,0.493138,0.510774,0.734949,15.280162,0.013749,1
5980,54.704417,63.143369,9.089654,0.030373,1.187232,0.480893,0.522734,23.740750,0.013895,1
5981,45.077609,37.097023,9.098411,0.029845,0.590165,0.241485,0.892145,6.420050,0.022169,0
5982,36.953792,30.547910,10.157542,0.043200,1.034782,0.409377,0.780153,11.126010,0.019233,0
5983,40.623483,50.324915,0.196865,0.042845,0.281452,0.260181,0.081492,3.249010,0.026885,0
5984,51.656594,47.862212,13.188585,0.055651,1.206716,0.447032,0.704589,19.591577,0.013610,1
5985,30.535023,27.249663,9.434824,0.037489,1.387101,0.526472,0.718192,12.143616,0.017835,1
5986,43.547101,59.495890,0.354369,0.046421,1.396035,0.153531,0.101627,9.136730,0.022479,0
5987,44.020081,58.892908,2.495742,0.027496,1.339154,0.309673,0.297947,17.656598,0.021972,0
5988,70.130596,77.460260,15.217777,0.053063,1.286219,0.512993,0.593806,30.849100,0.009506,1
5989,27.033235,21.671209,5.746000,0.057411,0.215933,0.340065,0.940207,1.492378,0.027810,0
5990,23.859517,22.071746,4.454016,0.052382,0.591978,0.444191,0.687759,6.496691,0.043400,1
5991,61.363223,43.893389,22.022907,0.028622,1.374974,0.401625,0.848607,16.880316,0.008118,0
5992,23.709143,17.949439,5.864627,0.042637,0.113408,0.401752,0.984629,0.308785,0.012057,0
5993,23.027738,20.801864,4.015125,0.024052,1.292036,0.236619,0.734994,8.573593,0.052885,1
5994,45.463473,58.629325,0.622792,0.059885,0.456789,0.292105,0.146638,7.056469,0.025586,0
5995,43.186920,33.922217,12.645328,0.029739,1.052277,0.401547,0.807341,12.124677,0.015385,0
5996,33.389464,32.438217,4.777563,0.049556,1.299341,0.211836,0.693955,13.351905,0.043511,1
5997,56.462490,64.369975,0.593340,0.038632,0.226796,0.254267,0.171177,6.834534,0.037176,1
5998,48.027809,59.744178,0.261858,0.024932,0.321563,0.257727,0.086016,4.275873,0.022367,0
5999,77.136527,94.374763,0.039194,0.036040,0.127238,0.252959,0.016202,1.113281,0.005813,0
6000,58.288674,59.542156,11.181130,0.028759,1.450298,0.385143,0.608712,26.957889,0.014205,1
6001,62.012601,79.245601,1.367852,0.047477,0.669759,0.271281,0.197587,14.104577,0.020187,0
6002,46.128566,61.209792,3.102211,0.048753,1.429871,0.299741,0.338880,20.185348,0.022134,0
6003,69.203467,49.695491,20.078869,0.046455,0.243844,0.266499,0.996186,0.387915,0.001246,0
6004,77.083173,77.487276,12.623400,0.047123,0.701111,0.457027,0.604114,24.867228,0.013061,1
6005,48.533524,41.243820,10.025386,0.032814,1.182632,0.220044,0.831964,13.256779,0.021627,0
6006,57.898411,44.194875,22.617483,0.045296,1.459894,0.544358,0.799554,19.611332,0.007362,0
6007,40.333605,55.654068,0.000242,0.021628,0.303787,0.163194,0.000269,0.022180,0.000275,0
6008,47.892222,36.307234,13.164190,0.033100,0.817035,0.284252,0.905167,7.307289,0.013718,0
6009,58.136540,47.332945,19.057491,0.043281,1.173175,0.515978,0.769789,19.130377,0.009350,0
6010,41.890439,58.139761,0.106828,0.058936,0.906159,0.160824,0.043104,3.650822,0.014276,0
6011,63.678579,80.975915,0.813026,0.043159,0.174443,0.470777,0.138843,5.886380,0.017676,0
6012,53.662324,39.960696,18.123747,0.022424,1.070826,0.476988,0.813999,14.872367,0.010111,0
6013,22.582051,17.979336,6.122029,0.045335,0.485151,0.540544,0.802910,4.364769,0.032638,0
6014,27.069371,21.652665,6.672263,0.053449,0.616419,0.336892,0.864539,4.625162,0.030395,0
6015,39.296636,42.945041,1.880578,0.036046,0.464732,0.283042,0.390956,10.285519,0.050636,1
6016,68.248461,91.929245,4.374812,0.037563,1.163401,0.351734,0.315527,26.168934,0.013730,0
6017,27.504422,33.632552,0.991436,0.056098,0.935066,0.230244,0.288925,9.088201,0.055801,0
6018,65.583567,77.340744,5.753427,0.046695,0.472184,0.519749,0.412394,17.543548,0.016620,0
6019,75.106159,90.408183,1.060703,0.054891,0.167302,0.413111,0.168888,7.741218,0.019856,0
6020,38.626055,32.101159,7.642004,0.022009,0.262685,0.451641,0.826411,5.076989,0.028682,0
6021,34.150580,24.485182,10.327799,0.039304,0.656179,0.217692,0.983046,1.163570,0.006984,0
6022,22.642900,18.847675,5.670667,0.023290,1.050744,0.372015,0.769113,7.062933,0.035242,0
6023,28.784719,24.092304,5.385589,0.024033,0.650309,0.219281,0.881622,4.599061,0.038925,0
6024,40.937145,38.102997,10.201170,0.022991,1.148980,0.494180,0.673705,15.818993,0.016624,1
6025,68.973930,85.265169,0.797173,0.052915,0.533121,0.223121,0.147567,11.614552,0.020524,0
6026,27.464552,20.089481,10.661491,0.032320,1.415035,0.517047,0.813346,8.768988,0.015889,0
6027,36.356814,48.547114,3.125021,0.056947,1.365501,0.348461,0.376173,16.125771,0.025639,0
6028,71.956777,98.259579,2.735371,0.036755,0.554464,0.437696,0.232568,16.370748,0.013028,0
6029,38.021589,46.677832,0.018740,0.040940,0.203449,0.198925,0.015844,0.680717,0.011635,0
6030,37.599409,33.126499,10.466736,0.027741,1.274505,0.473379,0.715784,14.391996,0.016874,1
6031,67.637621,70.966619,4.874342,0.029076,0.427381,0.335970,0.479124,17.616135,0.026818,1
6032,20.528540,22.005477,3.424302,0.026188,1.433891,0.379338,0.562314,9.686898,0.042260,1
6033,77.706721,101.202553,4.247125,0.052874,1.290532,0.273609,0.317395,31.460089,0.014755,0
6034,73.437010,99.796361,1.990697,0.034183,0.794109,0.315692,0.196810,18.144291,0.013420,0
6035,40.052387,33.992176,9.346908,0.042504,0.965828,0.335034,0.784526,11.515930,0.022185,0
6036,25.750723,32.389905,0.623728,0.024582,0.344907,0.399229,0.204700,4.293120,0.047019,0
6037,43.918662,32.581759,13.130193,0.050871,0.597796,0.396100,0.890162,6.378305,0.013965,0
6038,41.767161,34.844812,11.360428,0.055502,0.984514,0.408509,0.783636,12.153587,0.017323,0
6039,68.774231,73.249335,13.082809,0.055849,1.105160,0.459272,0.594323,28.033542,0.011677,1
6040,74.591237,74.725331,18.823562,0.044863,1.365908,0.498020,0.652921,32.190911,0.008505,1
6041,22.362592,25.951713,3.185347,0.026968,1.287165,0.414715,0.497077,10.121332,0.037915,1
6042,69.497283,62.656287,12.629764,0.042781,0.667345,0.357667,0.725232,18.935719,0.016425,1
6043,22.351364,17.189774,5.298370,0.030491,0.240653,0.248346,0.988589,0.327840,0.010980,0
6044,64.533343,71.046117,7.715560,0.022796,1.169567,0.344086,0.499731,27.842395,0.016613,1
6045,39.426535,51.055688,0.495640,0.054770,1.090905,0.168571,0.149011,9.559104,0.033440,0
6046,63.249409,68.183233,9.636221,0.040286,1.255000,0.366084,0.557718,27.971206,0.015219,1
6047,23.106043,26.987073,0.176327,0.020788,0.482396,0.176575,0.130734,3.408168,0.074944,1
6048,77.437137,72.965460,22.583939,0.058387,1.315306,0.527307,0.701153,30.824766,0.007412,1
6049,72.903514,96.698546,2.250954,0.026059,0.504611,0.405705,0.214654,15.117737,0.013894,0
6050,49.286336,37.907240,16.553406,0.042514,1.048558,0.495227,0.804861,13.920729,0.011036,0
6051,56.551028,62.305792,8.527194,0.038511,0.717052,0.531752,0.528399,19.055650,0.015627,1
6052,28.306761,28.656439,3.326464,0.037320,1.018158,0.263286,0.590818,11.098284,0.051669,1
6053,37.241442,32.160191,7.469438,0.054867,0.581464,0.352090,0.787985,8.230301,0.028986,0
6054,34.414324,33.353285,2.941636,0.056161,0.248163,0.313279,0.643564,6.391607,0.069417,1
6055,78.823472,74.352380,10.404049,0.030255,1.270898,0.180461,0.718288,30.000956,0.021054,1
6056,21.904002,24.627061,2.200186,0.037741,0.536203,0.477459,0.459197,6.365297,0.051821,1
6057,34.886485,31.958000,9.485141,0.039710,1.283471,0.481066,0.700866,13.723871,0.018263,1
6058,42.468560,41.570732,5.748960,0.056654,0.333994,0.508713,0.611810,9.404325,0.030689,1
6059,79.053021,77.607377,13.870020,0.036598,1.246061,0.331720,0.639882,33.017586,0.012782,1
6060,69.799964,57.526110,15.714027,0.032589,0.408435,0.465272,0.800618,12.465411,0.013464,0
6061,42.359093,40.271541,7.239296,0.035352,1.498343,0.249108,0.688611,18.328073,0.027367,1
6062,57.392821,72.390481,0.001451,0.044756,0.197451,0.164294,0.001254,0.105636,0.000989,0
6063,51.579941,45.384886,11.312732,0.038684,0.529298,0.520843,0.719438,12.644378,0.017240,1
6064,62.640038,84.926858,1.292906,0.020284,1.023959,0.256234,0.167475,15.886534,0.015431,0
6065,74.346355,85.528929,6.661441,0.026239,1.474306,0.268699,0.441258,35.622245,0.016269,1
6066,41.742060,38.761279,6.403345,0.037739,0.452788,0.406919,0.680783,10.034283,0.031256,1
6067,38.675415,29.230490,12.097294,0.038361,1.091946,0.372593,0.846466,9.569920,0.015725,0
6068,47.324039,62.621547,2.543162,0.056931,0.882243,0.354230,0.299965,15.454264,0.022081,0
6069,37.555290,35.632827,7.225027,0.041200,0.830981,0.424935,0.661923,12.516627,0.025132,1
6070,33.469692,38.864673,3.727015,0.047064,1.190023,0.342731,0.474893,14.537117,0.031817,1
6071,79.500839,78.178677,4.953338,0.052860,0.249227,0.234880,0.623241,15.071930,0.040736,1
6072,62.797134,51.825432,11.216865,0.026392,0.123628,0.300795,0.971244,1.450465,0.009891,0
6073,26.397095,22.130674,8.062096,0.050795,1.170477,0.476995,0.762648,8.824373,0.022683,0
6074,70.469314,70.068000,12.684010,0.041037,1.314570,0.338239,0.635981,30.342000,0.013742,1
6075,63.112180,53.624708,12.999828,0.037179,1.205296,0.200918,0.853593,15.895255,0.016479,0
6076,27.158715,22.146159,7.615353,0.059638,1.346802,0.292790,0.842973,7.574986,0.026044,0
6077,37.528631,32.017164,11.564160,0.028368,1.253343,0.519636,0.734020,13.787322,0.015031,0
6078,60.041023,79.733845,3.881347,0.047627,0.875614,0.397783,0.321346,20.126859,0.016030,0
6079,69.871727,89.792336,8.546215,0.045300,0.925710,0.518750,0.432899,26.439138,0.011277,0
6080,75.791989,88.295761,1.311235,0.024176,0.110856,0.493177,0.202841,7.124804,0.022686,1
6081,25.082847,21.306961,4.929157,0.044009,0.422765,0.380653,0.804585,4.502345,0.044469,0
6082,37.365051,31.585723,8.129149,0.057418,1.170345,0.171122,0.913593,6.367847,0.022774,0
6083,27.990828,32.175871,4.535367,0.051648,1.226218,0.437873,0.534140,12.320138,0.029287,1
6084,73.245677,62.415880,13.758907,0.044615,0.250207,0.478910,0.797938,10.320541,0.016054,0
6085,54.922615,75.469068,0.485939,0.048032,1.213790,0.174103,0.104384,10.955987,0.017187,0
6086,26.464534,33.064428,1.367944,0.021153,0.377533,0.514304,0.301078,5.662920,0.041642,0
6087,73.448322,62.646915,15.437049,0.021919,1.192289,0.264023,0.784229,23.482279,0.013828,0
6088,57.420014,70.869234,0.007671,0.033048,0.114559,0.235738,0.005384,0.300140,0.003371,0
6089,79.926824,93.489412,5.850173,0.023026,0.667940,0.389468,0.387844,25.023071,0.015057,1
6090,58.502088,74.384478,1.477838,0.059257,0.504008,0.325786,0.213686,12.092243,0.021518,0
6091,37.756625,35.639027,7.818612,0.057468,0.827420,0.444064,0.678167,12.311228,0.023504,1
6092,54.626579,44.464247,11.935950,0.040088,0.309095,0.441483,0.844187,7.261909,0.017834,0
6093,65.060730,55.831220,12.105993,0.035378,0.240139,0.517269,0.777507,9.501200,0.018070,0
6094,52.722035,48.718842,7.735454,0.025283,0.553093,0.339289,0.689537,13.841842,0.026536,1
6095,67.481761,92.989265,3.599716,0.026689,0.802233,0.423180,0.274284,20.141788,0.013029,0
6096,65.407481,49.068026,21.593164,0.053173,1.290195,0.339016,0.868027,15.881031,0.008487,0
6097,53.625351,64.317476,1.451810,0.020661,1.047447,0.198974,0.246765,17.319817,0.028898,0
6098,29.755433,36.568628,2.657517,0.041820,0.716117,0.459075,0.397667,9.713098,0.033370,0
6099,40.458936,49.530767,1.417743,0.035087,0.719219,0.283215,0.268573,11.314976,0.033935,0
6100,77.896689,96.621603,0.701594,0.058297,0.128274,0.460176,0.119146,5.552899,0.015503,0
6101,28.950483,21.812356,8.180698,0.044967,0.531472,0.396619,0.886161,4.067153,0.023021,0
6102,36.551008,36.988614,3.217262,0.022023,0.396646,0.356788,0.539138,9.139331,0.048339,1
6103,40.819468,44.085748,2.222529,0.025735,1.425110,0.150785,0.446742,19.266756,0.053811,1
6104,24.612693,25.200833,3.798878,0.043231,1.089705,0.347958,0.597273,9.943774,0.043291,1
6105,41.237788,37.814306,5.472769,0.044465,0.626801,0.217102,0.774072,9.814473,0.042412,1
6106,66.281725,73.087351,7.626678,0.040046,0.476819,0.535111,0.488795,18.251950,0.016283,1
6107,21.229492,17.825679,4.281175,0.045538,0.727732,0.234891,0.872372,3.782519,0.049098,0
6108,75.884237,87.251727,13.869120,0.033173,1.328405,0.481582,0.541984,34.698686,0.009419,1
6109,42.693153,37.438746,13.135034,0.023689,1.376317,0.527156,0.717117,16.943697,0.012813,1
6110,47.510912,66.270018,0.057493,0.050300,0.855433,0.152828,0.023897,2.472760,0.008379,0
6111,49.800009,60.567639,3.843900,0.026322,1.195958,0.317588,0.382355,20.775186,0.022055,0
6112,45.144317,34.876178,11.970108,0.052284,0.720264,0.270072,0.919958,5.698139,0.014373,0
6113,45.954471,63.080374,0.121557,0.043661,0.144391,0.447374,0.040821,1.529822,0.011214,0
6114,65.652946,78.859471,6.127721,0.022361,1.117032,0.363655,0.413046,27.021803,0.015433,0
6115,66.978144,51.294913,16.110590,0.052582,0.116870,0.434918,0.971929,1.474253,0.006465,0
6116,44.732385,60.758992,6.243527,0.058714,1.173237,0.521726,0.445351,19.148057,0.015633,0
6117,48.877616,60.036194,6.395376,0.052458,1.036868,0.465075,0.467098,19.787979,0.017176,0
6118,29.193918,25.212302,6.247229,0.052740,0.472024,0.474297,0.754682,6.309730,0.033068,0
6119,49.720121,55.019420,2.540351,0.032504,1.257691,0.170072,0.412431,21.706761,0.041051,1
6120,48.955786,65.581269,0.490122,0.034665,1.206656,0.175909,0.115073,10.442930,0.020528,0
6121,58.215170,74.756636,0.993613,0.037003,1.030928,0.199341,0.172086,15.074776,0.021645,0
6122,74.646455,66.672036,15.100875,0.052639,0.414002,0.542488,0.712475,16.374575,0.013085,1
6123,59.609616,67.798030,1.512798,0.020817,0.547203,0.226719,0.269042,14.553923,0.033015,1
6124,55.065826,44.378735,15.601882,0.027526,1.337370,0.358842,0.792792,18.208626,0.012513,0
6125,50.720795,56.947378,3.216499,0.054941,0.558408,0.327721,0.410952,14.742433,0.031314,1
6126,62.009215,71.009083,1.945137,0.044906,0.264019,0.370281,0.289493,10.897545,0.028990,1
6127,73.916244,97.319135,0.183529,0.023267,0.311337,0.267837,0.042958,3.765601,0.008265,0
6128,79.196771,56.633741,27.753463,0.044341,1.042049,0.408631,0.869329,17.163290,0.006426,0
6129,33.097153,28.420597,5.449748,0.023834,0.702899,0.179845,0.884307,5.409069,0.039062,0
6130,25.301567,27.859187,1.483989,0.031745,0.656839,0.276328,0.411026,7.976325,0.068648,1
6131,32.436998,32.049497,2.109481,0.047922,0.384281,0.199573,0.620903,7.650599,0.094812,1
6132,76.894525,58.660777,27.174920,0.053332,1.420845,0.422285,0.826374,23.509018,0.006627,0
6133,74.738099,59.600133,15.970342,0.030086,0.346841,0.247925,0.954922,4.177887,0.008698,0
6134,38.650896,42.629682,0.311335,0.035291,0.139442,0.248554,0.169477,3.645110,0.070401,1
6135,56.397791,78.371415,1.192560,0.037027,0.824716,0.297297,0.165878,12.757464,0.016359,0
6136,67.096953,50.348658,20.814981,0.036717,1.443679,0.275480,0.883608,15.782641,0.008815,0
6137,78.444087,106.300775,6.424045,0.020740,0.998708,0.449414,0.342394,28.800927,0.010428,0
6138,40.133444,39.001527,4.850980,0.040938,0.322239,0.447821,0.614681,8.710617,0.037476,1
6139,36.380667,49.372678,0.594838,0.022650,0.372632,0.407746,0.142656,5.006360,0.024895,0
6140,70.959124,97.014818,9.592863,0.027986,1.174039,0.541064,0.426886,30.156661,0.009428,0
6141,75.166153,61.201574,18.685309,0.042221,0.882300,0.327014,0.827407,18.040420,0.011067,0
6142,79.056880,58.639299,24.335779,0.028212,0.978092,0.360932,0.862749,17.168896,0.007781,0
6143,66.784446,58.283371,15.243554,0.058031,0.650703,0.454592,0.744608,17.312889,0.013122,1
6144,54.363391,46.502345,13.456402,0.050962,0.695428,0.478217,0.751721,14.353518,0.014604,0
6145,34.676372,40.343953,0.768247,0.020928,0.233004,0.369470,0.231991,5.107112,0.049336,1
6146,33.462791,25.272386,11.431297,0.039919,1.121760,0.468511,0.817022,9.395849,0.015966,0
6147,59.836654,72.454018,3.033538,0.030531,0.530305,0.390350,0.317748,15.536438,0.020962,0
6148,32.004928,40.671494,2.208981,0.029080,0.832088,0.400067,0.341680,10.717297,0.031430,0
6149,76.702144,58.099290,19.390467,0.053754,0.253083,0.193838,0.998805,0.153020,0.000530,0
6150,22.362522,21.100189,3.681868,0.042778,0.753388,0.352920,0.672943,7.004024,0.052676,1
6151,74.791074,92.596410,2.579967,0.039058,1.477334,0.183732,0.278863,30.540407,0.020115,0
6152,77.331839,54.354942,28.322699,0.021251,1.186534,0.454486,0.843905,20.165865,0.006253,0
6153,76.276336,74.177380,8.446960,0.029051,0.437351,0.346687,0.614764,19.285493,0.021862,1
6154,30.253222,35.427931,1.612399,0.032924,0.615693,0.334514,0.347126,8.766178,0.046504,1
6155,52.555250,42.010101,13.955272,0.055318,1.090869,0.261195,0.880709,10.934634,0.013894,0
6156,30.823454,37.985401,0.892067,0.021650,0.356958,0.397697,0.233319,5.636749,0.041792,0
6157,34.385085,28.204960,11.757645,0.031675,1.474244,0.511377,0.759517,12.993133,0.014577,0
6158,30.693126,39.081066,2.422461,0.023144,0.802826,0.443442,0.358439,10.273211,0.030631,0
6159,73.524402,59.857090,21.996246,0.037802,1.115826,0.451548,0.775801,23.245894,0.008535,0
6160,62.835677,45.154984,19.383280,0.038841,0.350209,0.523438,0.897152,6.660806,0.009203,0
6161,40.524407,46.206392,0.539160,0.048445,0.116917,0.391227,0.191702,3.780825,0.050332,1
6162,62.923685,83.893785,2.109178,0.030464,0.305099,0.548312,0.221370,10.327787,0.015592,0
6163,29.377038,35.382847,1.516662,0.047320,1.115106,0.240976,0.345906,11.440778,0.049334,0
6164,32.908044,38.385217,1.122418,0.046463,0.360750,0.347011,0.289778,6.763342,0.049889,1
6165,43.197732,39.316962,10.543254,0.040324,1.426608,0.374501,0.713181,17.569828,0.017623,1
6166,76.955365,89.092313,14.591016,0.024255,1.440994,0.488656,0.541105,36.657814,0.008791,1
6167,40.124878,50.851913,2.861692,0.030860,1.297891,0.313532,0.354737,17.013843,0.025969,0
6168,63.560861,48.899846,21.726093,0.024419,1.157747,0.515782,0.788412,19.797526,0.008206,0
6169,36.580358,40.345191,1.098217,0.030780,0.264015,0.311582,0.315233,6.679098,0.060677,1
6170,49.222933,34.458379,18.617949,0.020307,1.344118,0.459474,0.838185,13.987719,0.009348,0
6171,48.234735,51.452764,3.418995,0.044295,0.391572,0.364893,0.463062,11.989709,0.036067,1
6172,29.854184,25.874123,4.103849,0.022651,0.193665,0.155510,0.985704,0.477398,0.017785,0
6173,33.228460,39.068789,0.477009,0.033709,0.542702,0.202762,0.187585,6.590544,0.054244,1
6174,54.528240,51.229311,11.311090,0.049658,1.046844,0.383877,0.687094,19.762357,0.016539,1
6175,36.564172,38.612697,4.009435,0.056117,0.452703,0.456554,0.523458,9.797627,0.035457,1
6176,49.580354,68.213643,0.202320,0.033141,0.865458,0.188187,0.058086,5.356560,0.013379,0
6177,52.624739,68.532757,3.521905,0.044183,1.313406,0.307375,0.341296,22.130324,0.019794,0
6178,59.017778,72.798326,4.216871,0.039050,0.676275,0.422247,0.361415,18.181842,0.018280,0
6179,72.599156,91.018090,0.725844,0.024975,0.131348,0.491111,0.122433,5.338157,0.015701,0
6180,70.029370,68.080085,15.968953,0.056234,0.917989,0.514623,0.658541,24.624993,0.010629,1
6181,66.985571,56.717504,19.645385,0.024044,1.122396,0.507575,0.735158,23.237628,0.009090,0
6182,28.948928,33.686248,2.990091,0.051076,0.954341,0.370631,0.459012,11.222614,0.037860,1
6183,23.573995,28.149527,2.693051,0.032811,0.636416,0.546669,0.444010,7.428624,0.038422,0
6184,55.423986,66.370409,6.159827,0.050799,0.836857,0.450829,0.449176,20.062725,0.017311,0
6185,59.428767,83.106385,3.681648,0.048248,0.743711,0.469111,0.295308,17.691712,0.014358,0
6186,42.562083,43.414283,6.002138,0.021292,1.456834,0.284118,0.580865,20.072054,0.026769,1
6187,49.172778,34.471371,16.627125,0.031450,1.358778,0.253082,0.932729,7.463676,0.008976,0
6188,69.219572,61.923016,17.908953,0.052860,1.020672,0.466991,0.721182,23.492203,0.010287,1
6189,66.917044,50.993886,16.270610,0.032271,0.211786,0.164379,0.999901,0.012125,0.000078,0
6190,50.025784,48.842547,7.603596,0.031952,0.879836,0.344302,0.626517,17.770528,0.023441,1
6191,40.084686,33.536679,11.656846,0.046937,1.009113,0.481693,0.760657,12.499192,0.016004,0
6192,72.485107,86.483672,1.992808,0.022267,1.062497,0.193912,0.252993,23.892721,0.022072,0
6193,68.753763,59.339027,11.397291,0.025812,0.597791,0.228061,0.843953,12.723374,0.019743,0
6194,66.525034,58.761678,13.975647,0.026067,0.728649,0.421172,0.718281,19.172266,0.014116,1
6195,63.696184,60.714223,14.020081,0.029596,1.198645,0.426762,0.659889,25.555275,0.012313,1
6196,63.797875,87.917310,0.149228,0.023748,0.425250,0.255214,0.037300,3.386637,0.007667,0
6197,27.371732,22.411591,7.069838,0.036560,0.567760,0.511490,0.777959,6.139163,0.028216,0
6198,31.736946,43.804326,4.451221,0.055259,1.234214,0.521778,0.441001,13.911897,0.021448,0
6199,65.194472,81.632989,6.766227,0.040418,0.712946,0.522994,0.411712,21.420844,0.013516,0
6200,42.695355,31.140410,15.594801,0.042926,1.167856,0.475950,0.833528,11.519356,0.011369,0
6201,24.533076,27.841665,0.414382,0.056131,0.446788,0.193964,0.236522,5.057236,0.096959,1
6202,70.584156,53.784278,17.021157,0.029402,0.135136,0.283218,0.996544,0.269615,0.001414,0
6203,57.591726,45.624581,16.335470,0.028171,0.712262,0.492121,0.792982,13.890339,0.011948,0
6204,22.697990,21.543943,5.452575,0.056524,0.983924,0.497197,0.679093,8.061062,0.031984,1
6205,73.711520,54.841172,27.963831,0.051197,1.277293,0.510973,0.819657,21.885880,0.006172,0
6206,38.694576,51.782458,0.945942,0.045364,0.663698,0.319672,0.191355,8.591778,0.027046,0
6207,45.658906,49.432428,4.737525,0.051709,0.598297,0.403455,0.500286,14.089449,0.027998,1
6208,61.385346,52.897248,13.820895,0.046407,1.457405,0.228878,0.821613,19.335688,0.015383,0
6209,65.029415,53.428159,12.476664,0.041102,0.188739,0.371410,0.910941,4.552036,0.015356,0
6210,31.337934,29.578788,4.771469,0.031400,1.424077,0.212227,0.702396,12.955372,0.043649,1
6211,79.553718,72.522273,16.478713,0.029262,1.052355,0.370048,0.696618,28.518466,0.011571,1
6212,43.176919,59.286464,3.411014,0.043367,0.705928,0.527907,0.335756,13.227896,0.019040,0
6213,79.354058,61.194743,25.052752,0.035285,1.268049,0.387931,0.820088,23.440510,0.007567,0
6214,42.502885,41.686036,4.223711,0.042911,0.322401,0.368686,0.603900,9.299390,0.043308,1
6215,31.361347,33.845520,5.075644,0.048576,1.462343,0.342393,0.577098,14.846246,0.030148,1
6216,74.965039,82.665452,1.298496,0.041900,0.289067,0.222389,0.255688,12.960542,0.035875,1
6217,66.050290,90.952700,1.061113,0.037397,0.605146,0.318599,0.141052,11.494515,0.013666,0
6218,37.117999,46.617459,4.248754,0.022562,0.964820,0.485523,0.423198,14.274761,0.022118,0
6219,31.225294,43.259704,0.035750,0.044658,0.627328,0.181129,0.022464,1.321133,0.011925,0
6220,40.679796,51.323575,2.625335,0.056184,0.768092,0.380055,0.343961,13.120796,0.027161,0
6221,75.714332,105.078389,5.021748,0.042606,0.735452,0.483968,0.306207,22.783976,0.011166,0
6222,33.291980,43.384135,0.328303,0.049020,0.928688,0.181942,0.122452,6.509836,0.034761,0
6223,65.971261,60.531986,12.017611,0.040366,1.227325,0.259846,0.730705,24.133964,0.017388,1
6224,77.165582,95.341447,10.623651,0.034579,1.479961,0.409688,0.471102,37.352300,0.010346,0
6225,56.695321,66.973599,1.475173,0.031669,0.153643,0.513735,0.241179,6.927003,0.027302,0
6226,45.429203,62.349336,1.010670,0.059897,0.398904,0.429032,0.172402,7.326187,0.020742,0
6227,66.583605,65.105637,15.210863,0.041819,1.369811,0.422375,0.658531,28.600879,0.011150,1
6228,25.688496,29.340797,4.258047,0.027131,1.330711,0.445090,0.527157,11.794587,0.030177,1
6229,21.524046,29.021777,0.421521,0.034167,1.476084,0.192830,0.172757,6.685870,0.050702,0
6230,59.514582,42.903120,18.500116,0.030871,0.775481,0.339336,0.907372,8.694360,0.009328,0
6231,21.096531,15.529758,5.658353,0.044765,0.122366,0.374037,0.992831,0.146871,0.007210,0
6232,33.989480,39.177980,6.197615,0.031093,1.337890,0.482798,0.539556,15.607127,0.020915,1
6233,59.750548,43.239937,19.047534,0.040310,0.625210,0.442680,0.879197,9.495399,0.009610,0
6234,37.227833,51.668922,0.245731,0.034913,1.058356,0.188810,0.080720,5.732387,0.020699,0
6235,30.882066,32.158280,4.796440,0.050709,0.792573,0.440471,0.577418,10.761042,0.032321,1
6236,32.076382,35.812307,0.864592,0.035942,0.128871,0.455642,0.286565,3.919530,0.064876,1
6237,43.970516,56.498479,1.621903,0.044289,1.466617,0.208002,0.270463,17.621988,0.029878,0
6238,42.780632,30.230435,15.113062,0.052863,0.943816,0.401976,0.887279,7.952943,0.011454,0
6239,67.165174,84.623602,10.381600,0.030667,1.291418,0.498507,0.478187,30.404491,0.010469,0
6240,59.245640,53.487431,15.777043,0.058007,1.482213,0.379776,0.738352,23.472386,0.011880,1
6241,70.592503,62.336437,13.331416,0.027359,0.682452,0.358041,0.736151,19.059071,0.015652,1
6242,49.760086,42.244783,9.183446,0.024712,1.041922,0.174677,0.875309,10.437747,0.023162,0
6243,43.094298,42.528786,4.240713,0.030318,0.547637,0.285511,0.597447,12.341152,0.042501,1
6244,29.802534,29.278508,6.535162,0.028977,1.366445,0.423780,0.641858,13.010029,0.025295,1
6245,28.507071,27.017138,3.919918,0.057481,0.549645,0.321193,0.683380,7.524209,0.052445,1
6246,61.427957,68.905211,1.649153,0.057582,0.297442,0.288348,0.293604,11.533960,0.035639,1
6247,22.685501,20.650852,3.888147,0.023710,0.569887,0.397991,0.694260,6.005145,0.051448,1
6248,40.805852,46.534758,0.053241,0.059282,0.109437,0.218207,0.045134,1.282601,0.032256,1
6249,59.559859,71.534310,0.279970,0.024468,0.340252,0.211031,0.087067,5.504195,0.021609,0
6250,34.809095,28.465572,9.211794,0.036833,1.043599,0.365117,0.796428,10.061487,0.021793,0
6251,22.840207,29.757919,0.006678,0.034406,0.338800,0.178761,0.008687,0.313282,0.009916,0
6252,28.207588,32.891729,3.149574,0.047079,1.069622,0.370855,0.469118,11.603456,0.036764,1
6253,77.151300,81.396474,3.908472,0.029902,0.729177,0.189540,0.454103,26.108556,0.031737,1
6254,52.889296,48.680531,11.723855,0.028245,0.833636,0.485269,0.677899,17.316145,0.015302,1
6255,79.981833,74.037779,24.120940,0.054919,1.279259,0.548430,0.708122,31.059381,0.006920,1
6256,40.563208,49.861470,1.866283,0.044992,0.420333,0.431937,0.298248,9.119473,0.030528,0
6257,64.467242,54.476142,14.360797,0.036839,1.288216,0.236548,0.825932,18.797566,0.014843,0
6258,52.551865,68.546025,0.798958,0.049928,1.453923,0.152249,0.168493,15.943690,0.026081,0
6259,28.082046,21.156783,7.128404,0.035321,0.241699,0.285397,0.984190,0.546991,0.010055,0
6260,26.821099,35.338534,1.104230,0.051859,0.961599,0.298620,0.265958,8.630531,0.041780,0
6261,44.614161,41.149195,7.655004,0.044415,0.713797,0.347194,0.702070,13.064421,0.026485,1
6262,70.275020,93.472623,6.412304,0.029590,0.757557,0.528077,0.366163,23.015232,0.011649,0
6263,64.102319,73.595164,2.194100,0.023039,1.143579,0.177051,0.310101,24.187381,0.029072,1
6264,29.187239,23.443648,7.984282,0.026296,0.688939,0.491810,0.783859,7.100382,0.024599,0
6265,54.685816,52.377163,3.552855,0.043641,0.197472,0.196613,0.737615,7.919531,0.068208,1
6266,64.593215,81.512159,6.170588,0.025984,0.861567,0.464745,0.392921,23.052063,0.013799,0
6267,38.469667,32.924542,7.832241,0.056906,0.758779,0.268949,0.832938,8.385346,0.027765,0
6268,74.334710,54.826109,20.078523,0.047942,0.216933,0.226237,0.998818,0.135857,0.000501,0
6269,38.997241,31.020788,10.050622,0.031218,0.565148,0.444535,0.817171,7.768165,0.020332,0
6270,62.121403,85.009974,5.518323,0.047793,1.114190,0.427682,0.362733,24.595380,0.013375,0
6271,72.978047,66.217778,10.133758,0.049649,0.520129,0.241482,0.786265,15.325773,0.022911,1
6272,74.721200,80.276513,4.466900,0.051044,0.520175,0.274928,0.448831,21.322426,0.026704,1
6273,77.796699,107.989010,1.404872,0.024545,1.033515,0.255284,0.150086,18.447511,0.011552,0
6274,50.925018,65.999496,0.021003,0.024176,0.358841,0.179791,0.011509,0.918902,0.005492,0
6275,50.418054,66.516068,0.229436,0.028493,0.159303,0.427303,0.065161,2.556399,0.014774,0
6276,69.551806,87.995531,4.319731,0.025192,1.199095,0.308895,0.331072,27.617570,0.015414,0
6277,79.084680,110.103376,8.394798,0.048371,0.943398,0.530514,0.383624,29.331046,0.009370,0
6278,46.995672,37.399475,14.463734,0.058404,1.036528,0.428882,0.810582,12.959372,0.013199,0
6279,68.199268,67.921299,7.463254,0.026755,0.235048,0.543062,0.567904,12.999175,0.021895,1
6280,49.591059,35.131021,19.750121,0.039911,1.437514,0.484507,0.837109,14.636726,0.008545,0
6281,52.907489,40.801811,14.455478,0.059896,0.961797,0.163895,0.980071,2.504686,0.005676,0
6282,70.507652,60.977595,16.906064,0.034908,0.651413,0.509519,0.730403,18.801909,0.011395,0
6283,50.269171,50.923777,4.463352,0.021956,1.245235,0.184583,0.568640,22.046774,0.037958,1
6284,21.301331,25.169398,1.710081,0.055041,0.835863,0.349413,0.413487,7.585934,0.057243,0
6285,33.309174,42.089578,0.415161,0.057428,0.512053,0.250170,0.146127,5.460972,0.038423,0
6286,30.063239,31.425909,1.206623,0.021456,0.170721,0.348406,0.416633,4.846925,0.090162,1
6287,32.906413,23.249922,10.239238,0.039095,0.514480,0.307715,0.962076,1.947572,0.011361,0
6288,28.128168,31.103351,3.019812,0.047022,1.094466,0.307505,0.503305,11.739181,0.044086,1
6289,28.255769,29.658406,3.024667,0.038749,1.346604,0.228272,0.558250,12.941201,0.052731,1
6290,25.583198,34.812302,0.768307,0.032519,1.140213,0.268141,0.210938,7.893683,0.039448,0
6291,73.713109,60.761551,17.537208,0.048540,0.849052,0.308556,0.833158,16.981929,0.011930,0
6292,22.394141,19.246222,6.835866,0.040925,1.362531,0.476176,0.742404,8.438292,0.025934,0
6293,53.341133,72.571756,2.424942,0.039316,1.372788,0.277310,0.267967,20.586331,0.019006,0
6294,56.100127,65.772988,2.041672,0.052891,0.797697,0.223331,0.313402,17.760485,0.031677,1
6295,40.064710,47.294926,3.436490,0.037594,0.445357,0.535493,0.405660,10.366961,0.027081,0
6296,57.552558,78.521261,4.246066,0.048987,1.111418,0.386743,0.335572,22.119176,0.015536,0
6297,28.532516,30.352890,1.538046,0.059947,0.453733,0.256785,0.454688,7.617926,0.080313,1
6298,33.841151,38.467852,1.079580,0.020854,0.815328,0.201813,0.301953,10.655580,0.056546,1
6299,68.662577,71.311879,3.004405,0.038610,0.304421,0.251260,0.452642,15.006975,0.041616,1
6300,33.415488,45.792841,2.221508,0.021857,0.606834,0.538131,0.304870,9.116207,0.025001,0
6301,67.690374,59.438195,12.542693,0.054492,0.672449,0.292965,0.792120,15.902173,0.017617,1
6302,54.044243,58.065124,4.979198,0.045580,0.661812,0.339316,0.494945,17.538485,0.026740,1
6303,21.273830,27.019214,0.269899,0.038564,0.258418,0.381960,0.139439,2.400501,0.053736,0
6304,62.330363,61.554822,11.869260,0.025254,1.129768,0.411378,0.622675,25.170789,0.013940,1
6305,69.580336,92.027702,0.876889,0.032516,0.911393,0.215343,0.132823,14.262134,0.015010,0
6306,40.733525,43.910009,4.140248,0.058101,0.374862,0.508854,0.493881,9.948254,0.031432,1
6307,21.977432,24.029536,2.962232,0.029816,1.205032,0.359558,0.524804,9.606073,0.045901,1
6308,44.359513,37.154747,10.624748,0.059748,0.960632,0.296115,0.829845,11.008591,0.019667,0
6309,53.142740,49.396086,9.421848,0.054584,1.327728,0.221509,0.757411,19.147570,0.023053,1
6310,73.996932,59.645679,15.250501,0.046117,0.233616,0.304362,0.946560,3.889053,0.009989,0
6311,51.844436,59.973620,0.639188,0.031718,0.173972,0.334363,0.174863,5.571442,0.035634,1
6312,35.995245,26.430587,10.187392,0.052070,0.221347,0.514555,0.925701,2.380100,0.016129,0
6313,29.133998,25.477197,6.117573,0.058171,1.013149,0.269836,0.801393,8.175376,0.035232,1
6314,71.312818,75.179203,17.667424,0.025450,1.439182,0.539469,0.617378,32.641786,0.008267,1
6315,46.458718,63.511709,3.103624,0.041203,0.742166,0.471910,0.311864,14.156921,0.018727,0
6316,63.357710,71.830050,8.742870,0.051698,0.683772,0.529291,0.505124,20.899186,0.014385,1
6317,20.588654,22.884115,4.013325,0.046125,1.312373,0.470332,0.573609,9.248878,0.035349,1
6318,73.703666,90.336056,11.335354,0.058590,1.103824,0.495474,0.497456,30.891594,0.010398,0
6319,68.922672,52.414476,18.815336,0.042270,0.434642,0.433824,0.877902,9.201132,0.010272,0
6320,38.192894,29.230155,11.176457,0.050841,0.535539,0.500960,0.838203,6.850270,0.017504,0
6321,74.774219,72.172575,9.156494,0.036268,0.621554,0.300324,0.641758,22.017234,0.021096,1
6322,59.971796,57.022760,4.010694,0.037561,0.128482,0.239661,0.753676,6.777318,0.061196,1
6323,21.728428,22.371374,1.267419,0.038110,0.388336,0.261100,0.497243,5.401720,0.112839,1
6324,56.222532,78.352518,5.151806,0.045876,0.866125,0.517710,0.357374,19.525590,0.013776,0
6325,42.440025,34.655842,9.780517,0.036112,0.495916,0.408007,0.818907,7.872143,0.021601,0
6326,20.275282,26.304507,0.430129,0.056026,0.206532,0.529774,0.180654,2.423325,0.053877,0
6327,79.406168,100.580388,0.178440,0.048247,0.298598,0.231329,0.045244,4.130843,0.009485,0
6328,73.827670,68.041364,8.607614,0.056706,0.557514,0.155292,0.849553,12.878323,0.027291,1
6329,31.637969,31.490934,6.172244,0.045903,1.081010,0.417765,0.633879,12.376955,0.027380,1
6330,72.801322,57.128747,20.885865,0.049019,0.831026,0.404447,0.829542,16.823143,0.009444,0
6331,46.898847,33.391051,13.663925,0.024758,0.184633,0.287291,0.997818,0.138261,0.001185,0
6332,27.059207,27.012060,3.412585,0.051167,0.350099,0.498595,0.584781,6.242565,0.048842,1
6333,43.378850,45.891884,11.210141,0.041420,1.434895,0.548029,0.630426,19.611975,0.013254,1
6334,28.527860,37.187734,2.948450,0.020909,0.796084,0.538889,0.391150,9.774140,0.027995,0
6335,77.902874,75.432542,17.767618,0.025640,1.435799,0.422044,0.651500,34.521387,0.009387,1
6336,31.515739,27.502306,5.490579,0.035094,1.191072,0.152851,0.875042,7.078677,0.039146,1
6337,44.854305,38.558937,12.347743,0.027778,1.056662,0.486901,0.729418,15.261667,0.014744,0
6338,36.025581,35.129256,2.899964,0.045757,0.517252,0.190465,0.664654,9.443068,0.073854,1
6339,48.685962,45.478452,12.630420,0.022936,1.337793,0.481878,0.675808,20.246683,0.013250,1
6340,30.060829,22.906483,7.646904,0.024106,0.383252,0.358394,0.915840,2.874373,0.023158,0
6341,79.292897,57.410369,23.959048,0.035443,0.745580,0.285843,0.938077,8.359642,0.006239,0
6342,39.911817,52.943381,0.001134,0.050997,0.126567,0.251173,0.001163,0.054909,0.001084,0
6343,42.997731,42.744256,2.824762,0.023742,0.526624,0.195732,0.579522,12.200054,0.064019,1
6344,37.887867,48.317122,0.139134,0.049706,0.288479,0.265548,0.062639,2.507020,0.022798,0
6345,73.007896,72.995480,4.492880,0.059434,0.340413,0.220654,0.588172,16.576744,0.041404,1
6346,54.057189,59.381851,6.971784,0.058060,0.621939,0.487550,0.516682,16.992507,0.019177,1
6347,69.789174,96.442103,3.933575,0.023887,0.739953,0.456182,0.279929,20.206044,0.012290,0
6348,42.848755,35.703365,9.123702,0.057029,0.776546,0.218543,0.898585,6.694925,0.021486,0
6349,70.921929,70.407281,8.926328,0.053935,0.291523,0.537848,0.588786,14.896701,0.018888,1
6350,37.476243,34.196148,4.777366,0.052565,0.646764,0.154167,0.858804,6.747092,0.048180,1
6351,33.437393,39.928590,3.460012,0.033212,0.667895,0.498913,0.429810,10.732590,0.028808,0
6352,75.040035,102.323868,2.580174,0.056501,0.481571,0.444786,0.222956,15.536934,0.012882,0
6353,29.252885,32.973531,0.737160,0.048335,0.136869,0.443427,0.271769,3.590036,0.069125,1
6354,67.360311,55.287156,20.367181,0.027154,0.979550,0.528660,0.754885,20.963328,0.008922,0
6355,60.500642,46.387542,15.300098,0.046538,0.361845,0.340668,0.930675,4.850117,0.010749,0
6356,64.177860,57.538799,13.538922,0.027078,1.021085,0.367484,0.710278,22.188757,0.014357,1
6357,77.467975,88.294556,0.278817,0.059550,0.169991,0.212747,0.091417,5.247248,0.024177,1
6358,63.084146,67.674844,2.520151,0.027092,0.512105,0.221081,0.390812,17.331013,0.038466,1
6359,71.503981,93.744490,6.104445,0.024145,0.751204,0.503666,0.359213,23.168007,0.011976,0
6360,49.220989,49.572117,6.128167,0.034601,0.670300,0.360402,0.580059,15.751813,0.026914,1
6361,56.272474,57.763837,10.310439,0.032706,1.355307,0.381325,0.603684,25.247431,0.015427,1
6362,37.997235,46.635717,1.057125,0.027548,0.242970,0.470481,0.230100,5.688579,0.034467,0
6363,30.991856,35.269427,2.464507,0.040916,1.458341,0.224959,0.452063,14.823018,0.047041,1
6364,39.241463,50.088614,2.566283,0.048940,0.592325,0.460940,0.334004,10.989890,0.026140,0
6365,50.070971,62.501058,2.728579,0.040646,0.543664,0.424623,0.315218,13.118936,0.022667,0
6366,30.084389,26.821297,6.507795,0.046214,1.012851,0.347321,0.737983,9.859927,0.030968,1
6367,67.735121,70.271018,9.459539,0.049436,1.333851,0.275878,0.599058,30.241752,0.017912,1
6368,43.715241,51.032327,5.178892,0.027148,1.352234,0.355865,0.468770,20.217869,0.021985,1
6369,27.127065,24.295504,6.218236,0.023109,1.060374,0.414943,0.701595,9.688956,0.029924,1
6370,74.048667,102.080472,2.780961,0.049956,0.403285,0.520548,0.228157,14.214584,0.012349,0
6371,25.482159,25.222662,6.652601,0.028111,1.387174,0.523504,0.651041,11.104499,0.023549,1
6372,51.631524,39.752409,13.310391,0.033050,0.729828,0.262882,0.916809,6.753758,0.013205,0
6373,52.488535,54.510124,8.194234,0.023526,0.774754,0.470927,0.563581,18.196742,0.018103,1
6374,48.886359,62.312219,0.528635,0.032685,1.254432,0.151739,0.135318,11.907171,0.026175,0
6375,74.674741,92.035594,0.013334,0.048069,0.250153,0.158009,0.007076,0.734821,0.003334,0
6376,21.665544,23.140454,1.644280,0.058573,0.234452,0.507532,0.464446,4.168480,0.074631,1
6377,58.988722,43.922783,16.578234,0.034869,0.554769,0.342352,0.913071,6.952690,0.010520,0
6378,30.134172,33.275906,4.572959,0.057892,0.710079,0.524478,0.535696,10.089730,0.029835,1
6379,53.928437,62.074033,3.237673,0.028933,0.292915,0.510286,0.366711,10.987818,0.025277,1
6380,61.949955,51.579603,14.578026,0.057390,0.898294,0.288068,0.840456,14.259430,0.014358,0
6381,31.149223,42.344804,0.392194,0.036690,0.745772,0.257027,0.125255,5.545327,0.029816,0
6382,73.495118,94.950675,2.204376,0.021225,0.664187,0.328661,0.220733,17.768925,0.015070,0
6383,30.851481,24.678527,8.660730,0.023963,0.650331,0.532986,0.779521,7.375882,0.022357,0
6384,22.852351,22.417213,1.373460,0.047552,0.327784,0.181525,0.650595,4.843118,0.155862,1
6385,52.808334,65.544176,1.998218,0.047941,1.430084,0.189797,0.295855,21.818459,0.028825,0
6386,25.311233,30.680217,1.810479,0.037890,0.401461,0.540648,0.364716,6.026527,0.043339,0
6387,69.194408,89.441754,9.028224,0.044782,1.305078,0.447574,0.447482,31.261818,0.011178,0
6388,41.537655,58.107539,0.161034,0.043600,0.491471,0.262825,0.053318,3.160715,0.014182,0
6389,26.724263,29.324803,2.323770,0.043329,0.594688,0.373471,0.464557,8.189210,0.051628,1
6390,52.535404,41.309155,13.359199,0.052480,0.716253,0.276057,0.904341,7.553204,0.013841,0
6391,46.629890,48.760042,4.379845,0.046224,1.307824,0.190081,0.571933,20.927230,0.038716,1
6392,71.910259,92.221037,8.556671,0.038642,1.155104,0.453018,0.430217,30.359792,0.011220,0
6393,48.724524,59.231308,5.123412,0.055622,1.332154,0.331831,0.450310,22.261201,0.021212,0
6394,71.560561,55.174635,17.475623,0.041931,0.242547,0.410738,0.924632,5.007469,0.009815,0
6395,29.179627,30.070365,2.498022,0.044084,0.232108,0.492038,0.513898,5.604940,0.057640,1
6396,64.258339,61.996708,17.393217,0.046517,1.491311,0.476099,0.681411,28.010375,0.009554,1
6397,60.181843,83.808718,2.529717,0.040777,1.249904,0.296752,0.248668,21.320267,0.015871,0
6398,60.929290,67.823760,5.874446,0.033720,0.981091,0.321491,0.470692,24.011360,0.020506,1
6399,53.485794,68.862874,1.805677,0.024746,1.168072,0.248222,0.241939,18.049190,0.021761,0
6400,21.599463,15.239985,7.067389,0.051973,0.414126,0.511899,0.901251,2.417049,0.024439,0
6401,43.506102,47.606074,8.763300,0.058117,1.088474,0.515173,0.586627,17.679347,0.016657,1
6402,23.431538,20.472512,3.580403,0.044662,0.168802,0.434197,0.812787,2.588733,0.064331,1
6403,38.497005,49.957422,0.104829,0.059935,0.733938,0.150160,0.052677,3.545555,0.021708,0
6404,26.569383,24.211490,2.564214,0.051294,0.135711,0.171109,0.946980,1.057668,0.064521,1
6405,64.938778,47.846757,20.118924,0.053651,0.453818,0.530438,0.864678,9.513734,0.009372,0
6406,44.871581,61.875992,3.923822,0.036633,0.977633,0.471121,0.351968,16.466875,0.017757,0
6407,37.719711,33.421829,6.410237,0.035619,1.019167,0.204367,0.806607,10.446060,0.035250,1
6408,24.017854,30.058100,3.310306,0.036472,1.046275,0.508491,0.461013,9.754089,0.031783,0
6409,44.651405,53.456967,5.500340,0.053629,1.372761,0.354442,0.480658,20.846438,0.021489,0
6410,60.838184,60.203401,8.974785,0.030302,1.006076,0.323897,0.613542,23.351787,0.019361,1
6411,32.572744,23.671573,10.076579,0.054577,0.923956,0.160231,0.993374,0.581276,0.003701,0
6412,31.761784,32.464658,2.307219,0.026849,1.032256,0.172678,0.548128,12.780057,0.071072,1
6413,51.142923,65.109892,0.287534,0.033975,0.149329,0.415406,0.081921,2.991214,0.018436,0
6414,27.844520,24.090042,5.660051,0.058129,0.849690,0.264937,0.820541,6.722218,0.038515,0
6415,49.251645,48.264229,9.619480,0.022876,1.356355,0.376459,0.631632,21.626018,0.017460,1
6416,70.767182,98.485435,2.690149,0.035197,1.078216,0.314730,0.232141,22.428544,0.013198,0
6417,41.100933,46.136996,4.562776,0.052779,1.135168,0.316637,0.501459,17.469840,0.028772,1
6418,63.002510,84.508783,6.820255,0.048161,1.389155,0.404761,0.406393,28.804703,0.012906,0
6419,51.891565,42.978585,9.451277,0.039428,0.273082,0.213778,0.967055,1.993619,0.012682,0
6420,54.619996,62.921793,1.141083,0.021457,0.835862,0.173091,0.241448,15.574861,0.036084,1
6421,26.800471,21.642776,7.109650,0.033780,1.485836,0.266789,0.835025,8.108571,0.028479,0
6422,23.135998,26.484339,3.814194,0.027018,1.013067,0.517697,0.521399,9.276669,0.033045,1
6423,68.029613,58.588703,13.422952,0.038336,0.780190,0.289408,0.796522,16.997371,0.016266,0
6424,69.058083,53.622575,18.164154,0.037121,0.681440,0.337490,0.872469,11.900181,0.010850,0
6425,71.680999,61.123593,11.398910,0.044712,0.244092,0.219534,0.947793,3.780205,0.013729,0
6426,24.495925,24.462965,1.764053,0.034449,0.407505,0.253884,0.569837,6.142527,0.098944,1
6427,25.558188,27.915753,0.368674,0.058655,0.137826,0.286532,0.241878,2.962239,0.114830,1
6428,61.709451,78.201549,3.714165,0.049950,0.490747,0.482968,0.323320,15.525816,0.017202,0
6429,34.479034,48.089504,0.059751,0.028680,0.128964,0.462008,0.028712,0.812336,0.011469,0
6430,31.647862,37.622405,3.646285,0.058369,1.297743,0.339699,0.477018,14.359103,0.032520,0
6431,78.266547,77.337962,9.154543,0.040557,0.405379,0.409929,0.594533,19.319254,0.018979,1
6432,47.477799,52.077482,7.030101,0.040990,0.682973,0.531038,0.528905,15.612069,0.019096,1
6433,49.989869,43.852400,13.741238,0.033503,1.162245,0.476483,0.721616,18.090614,0.013072,1
6434,23.410519,21.830885,2.764365,0.023413,0.232104,0.413356,0.683554,4.014375,0.076347,1
6435,43.120088,56.488836,3.163447,0.031814,0.822967,0.438356,0.339280,14.321413,0.021351,0
6436,57.441007,72.359370,5.303491,0.026681,1.001024,0.418124,0.390160,22.052771,0.015969,0
6437,43.492952,44.545487,8.433670,0.034399,1.390190,0.394784,0.611834,19.648951,0.018926,1
6438,41.808904,32.038549,11.430677,0.043882,0.734935,0.313001,0.893673,6.576824,0.016356,0
6439,43.439971,55.354033,0.370659,0.031823,0.141559,0.474703,0.107027,3.013261,0.023763,0
6440,75.231809,74.374897,10.003432,0.027957,1.344312,0.238571,0.623843,33.108106,0.018240,1
6441,70.771483,94.287460,0.033057,0.022373,0.411928,0.186130,0.011766,1.394708,0.003632,0
6442,35.682850,43.997466,2.587918,0.038224,0.813989,0.383656,0.366108,12.113052,0.030463,0
6443,73.413387,56.036531,21.308787,0.057072,1.072614,0.235340,0.930724,10.127252,0.007444,0
6444,70.266339,83.519786,0.531958,0.029264,0.120256,0.392338,0.119774,4.867908,0.020897,0
6445,50.144020,53.631807,2.343446,0.047000,0.424703,0.256567,0.421061,12.780764,0.046648,1
6446,43.366098,41.555179,5.523439,0.023610,1.040835,0.232217,0.656244,16.278663,0.035813,1
6447,32.029824,24.851853,8.271141,0.044282,0.390633,0.442867,0.868127,4.276952,0.024098,0
6448,59.618207,61.563650,1.575816,0.058360,0.173408,0.217231,0.421575,9.712310,0.072539,1
6449,60.105282,80.482381,1.923229,0.028722,1.076888,0.276319,0.221576,18.543951,0.017250,0
6450,21.812352,24.624635,0.684648,0.049020,0.958190,0.154399,0.338689,7.811813,0.110982,1
6451,69.070477,84.065517,1.858393,0.033905,0.297241,0.405410,0.231848,11.485718,0.019979,0
6452,49.747812,38.831450,11.362943,0.051258,0.222284,0.212387,0.995829,0.288480,0.002469,0
6453,30.325560,38.866639,1.833337,0.044189,0.956995,0.341738,0.326855,10.702177,0.035584,0
6454,54.139701,60.703532,4.524561,0.028919,1.454957,0.235825,0.455354,25.889277,0.025742,1
6455,23.433109,27.199728,1.434365,0.024450,0.868659,0.295816,0.372306,8.262703,0.058559,1
6456,30.719792,28.631990,4.645489,0.047333,1.431770,0.153028,0.801235,10.252614,0.049586,1
6457,35.150484,24.860288,13.741623,0.038777,1.100816,0.547607,0.832582,9.241212,0.012407,0
6458,64.014996,68.018433,6.934621,0.048192,1.226588,0.247510,0.552274,28.040862,0.022539,1
6459,51.815496,56.437393,2.833695,0.027168,0.731724,0.239348,0.413770,17.267811,0.036723,1
6460,36.862844,26.068615,14.153772,0.047444,1.383721,0.425847,0.858404,9.725980,0.012147,0
6461,54.339837,64.257812,8.966542,0.035406,1.474608,0.435010,0.518185,26.297539,0.013884,0
6462,41.571740,53.960209,0.562225,0.056091,1.301240,0.152185,0.159816,11.529548,0.033689,0
6463,37.891487,30.076256,9.083645,0.039818,0.735581,0.252362,0.905032,5.491411,0.020604,0
6464,63.406790,56.358415,13.187272,0.027106,1.295448,0.296894,0.732896,23.733079,0.015348,1
6465,57.334266,64.428495,1.834984,0.053850,0.209241,0.389226,0.307513,9.219899,0.034439,1
6466,72.191573,94.379285,7.359441,0.056431,0.864286,0.489363,0.399594,25.922203,0.011760,0
6467,77.487377,100.373187,2.696438,0.038774,1.249685,0.234812,0.251428,27.609806,0.015670,0
6468,74.642524,90.002793,4.261066,0.033640,0.494447,0.424431,0.336491,19.154695,0.016382,0
6469,48.669039,36.844302,12.437508,0.049826,0.298027,0.281428,0.976437,1.477550,0.007437,0
6470,50.458966,62.399325,1.136581,0.026681,1.151646,0.189358,0.214067,15.782105,0.028424,0
6471,55.469138,67.624811,2.490004,0.034878,0.308656,0.498111,0.295029,10.633363,0.022478,0
6472,76.653388,78.021562,3.018723,0.030308,0.211322,0.243188,0.482028,14.043428,0.046507,1
6473,34.337823,35.907652,6.267841,0.024900,0.916516,0.505742,0.578044,12.862778,0.023535,1
6474,57.198429,63.952203,13.302960,0.045126,1.482191,0.521584,0.597573,26.945782,0.010654,1
6475,37.175418,32.271633,6.848310,0.040344,0.823126,0.240593,0.818413,8.899021,0.032515,0
6476,61.979339,44.671217,21.606831,0.038287,1.066883,0.425603,0.854891,14.598629,0.008369,0
6477,48.624838,67.303274,0.036874,0.059303,0.568559,0.175990,0.016617,1.515950,0.006408,0
6478,61.025646,62.121267,13.806598,0.051585,1.250993,0.470084,0.637499,25.596333,0.011688,1
6479,25.684316,32.764351,0.108200,0.021027,0.399656,0.237095,0.067683,2.124280,0.033983,0
6480,48.757106,59.458216,1.902553,0.024520,0.406085,0.408387,0.276234,10.390161,0.026355,0
6481,79.033882,88.566096,12.819628,0.042447,1.067480,0.462939,0.538164,32.427244,0.010505,1
6482,78.548265,84.902071,12.538202,0.054414,0.683507,0.537891,0.552139,25.685485,0.011323,1
6483,27.750898,30.656964,3.231124,0.041334,1.209444,0.313679,0.511448,12.170296,0.041656,1
6484,59.313789,52.735277,11.796334,0.059691,0.588787,0.404586,0.741217,14.727085,0.017573,1
6485,72.375638,91.586880,3.110353,0.053629,1.013182,0.264863,0.292561,25.039781,0.017813,0
6486,58.226987,64.831234,4.045731,0.026745,0.971387,0.260897,0.425352,22.492501,0.026177,1
6487,37.199499,41.714116,3.835726,0.058163,1.461566,0.240876,0.517619,17.923899,0.036791,1
6488,38.290715,27.770085,12.934486,0.053387,0.658342,0.516301,0.855476,7.065542,0.014178,0
6489,34.189789,30.294072,6.374024,0.034004,0.409190,0.471904,0.725008,7.297473,0.032330,1
6490,58.811448,73.523640,1.649497,0.030309,0.916244,0.241198,0.232287,17.188407,0.022487,0
6491,20.540042,25.607014,0.579987,0.050731,1.285970,0.179761,0.254733,7.475356,0.076648,0
6492,65.733298,48.119220,18.166466,0.037619,0.247830,0.340459,0.976156,1.838050,0.005042,0
6493,68.967118,81.082491,0.866363,0.029046,0.314648,0.264270,0.169545,9.772840,0.024709,1
6494,27.420358,24.715379,7.125628,0.029656,1.120037,0.484144,0.699763,10.093463,0.024756,1
6495,48.171020,44.609015,8.194215,0.048380,0.677385,0.356717,0.698497,13.815883,0.024640,1
6496,20.436720,27.500196,0.000010,0.057545,0.192394,0.161261,0.000031,0.001176,0.000091,0
6497,66.258760,71.179950,4.344232,0.022911,0.808017,0.245498,0.448116,23.559700,0.027053,1
6498,66.652839,88.240486,0.293875,0.034134,0.840766,0.173977,0.066923,7.926248,0.012197,0
6499,60.930712,54.527663,7.808667,0.046634,0.177019,0.344288,0.814848,6.846436,0.030259,1
6500,20.717729,16.111076,6.706391,0.022547,1.078883,0.496385,0.786033,6.270167,0.027277,0
6501,38.679577,29.476411,11.255020,0.040977,1.163660,0.272656,0.891216,7.783370,0.016397,0
6502,44.365901,31.721116,15.548904,0.034631,1.027778,0.435615,0.855673,10.219412,0.011596,0
6503,57.690269,66.682908,5.928555,0.045246,1.210050,0.317490,0.466771,25.229246,0.019732,1
6504,43.395654,34.009498,12.032359,0.050444,1.191221,0.248519,0.895386,8.589405,0.015407,0
6505,71.760915,79.819829,5.006617,0.020700,0.770162,0.303096,0.417928,24.590458,0.020456,1
6506,58.440246,44.579592,17.889680,0.059737,0.743394,0.436615,0.847401,11.883239,0.010720,0
6507,52.812253,56.674045,3.067310,0.058293,0.161271,0.521271,0.425613,8.313513,0.035456,1
6508,60.944283,46.884934,15.195953,0.027356,0.390967,0.357831,0.908544,6.262356,0.012052,0
6509,32.468232,38.541753,3.481445,0.020706,0.863322,0.447623,0.435903,11.879572,0.029161,0
6510,31.329724,40.021203,0.048680,0.033545,0.597064,0.154727,0.034333,1.841280,0.020306,0
6511,79.263739,89.441444,7.997688,0.023865,0.691822,0.429659,0.454957,26.133762,0.013994,1
6512,36.963828,51.446129,6.061803,0.049412,1.430766,0.538429,0.467512,17.580375,0.016702,0
6513,26.338032,23.597316,5.265993,0.022881,0.454541,0.538891,0.695927,6.211482,0.036556,1
6514,23.598445,30.670480,0.207159,0.035035,1.175426,0.157523,0.113466,4.918782,0.047704,0
6515,20.365754,17.164170,4.785981,0.038316,0.791427,0.384117,0.776403,5.414497,0.042942,0
6516,66.317559,63.939957,6.099583,0.052002,0.324509,0.283076,0.659716,13.846775,0.034274,1
6517,37.212914,45.958634,1.787344,0.056598,1.407795,0.204977,0.337715,16.136308,0.040381,0
6518,50.189489,38.395421,14.120066,0.028609,1.445366,0.228972,0.896334,10.870703,0.013040,0
6519,73.333140,101.016063,3.478230,0.024840,1.076685,0.344342,0.260162,24.689849,0.012383,0
6520,68.996306,75.946581,4.837038,0.026876,0.285633,0.495657,0.420395,14.417076,0.021391,1
6521,51.621750,61.640795,5.786499,0.041299,0.622288,0.540841,0.443461,16.082276,0.017932,0
6522,39.782182,46.638720,2.094086,0.024870,0.341508,0.463456,0.337121,8.490498,0.033896,1
6523,70.646493,82.502259,4.365712,0.029624,0.321474,0.514470,0.361915,15.012818,0.018188,1
6524,37.322243,47.518768,2.602167,0.057579,0.500312,0.515781,0.344327,9.719331,0.027039,0
6525,22.595790,28.002732,0.361672,0.028611,0.337246,0.333938,0.168638,3.303474,0.057452,0
6526,54.579089,50.652659,6.352189,0.026826,0.905537,0.158935,0.767268,15.874864,0.037028,1
6527,54.273463,57.648767,11.004016,0.045993,1.065516,0.508995,0.595278,21.709531,0.013589,1
6528,47.568117,33.576366,16.432581,0.047005,0.982914,0.358598,0.901043,8.213306,0.010298,0
6529,61.358292,56.848990,6.555946,0.046582,0.308332,0.248075,0.766471,10.433661,0.036232,1
6530,47.378955,49.470068,2.471634,0.043938,0.768079,0.161781,0.501716,16.565120,0.059387,1
6531,79.380950,95.369649,0.928942,0.027653,0.695543,0.182071,0.157235,15.924928,0.019956,0
6532,60.331425,55.617666,8.935971,0.035198,0.421270,0.387169,0.694409,13.728102,0.023124,1
6533,60.302313,69.445292,8.635720,0.028750,1.308572,0.404698,0.503113,27.518807,0.014290,1
6534,26.066863,28.244861,2.457941,0.028649,0.917542,0.306677,0.485320,9.954458,0.052063,1
6535,69.631573,55.975871,17.773695,0.057309,0.708309,0.351644,0.846789,13.857467,0.011475,0
6536,63.508023,81.214455,2.259687,0.028729,0.385284,0.453437,0.243929,12.363106,0.017546,0
6537,65.198404,48.385583,19.779919,0.035941,0.551498,0.481616,0.857260,10.919258,0.009671,0
6538,45.311735,61.087026,5.540044,0.051229,1.495251,0.416555,0.428021,21.743583,0.017003,0
6539,43.513830,32.501681,12.612002,0.034468,0.902394,0.290359,0.904656,7.005099,0.014120,0
6540,61.262555,62.766401,5.998575,0.035927,1.152931,0.210345,0.574934,25.778296,0.028322,1
6541,47.680852,65.118157,2.142809,0.028230,1.222134,0.306520,0.258321,17.040537,0.020009,0
6542,75.667526,59.519269,18.395057,0.030489,0.455530,0.378373,0.869081,10.856428,0.011001,0
6543,44.643999,33.746822,13.516943,0.023963,0.980854,0.392566,0.835122,10.970254,0.014295,0
6544,50.420503,52.718067,2.085496,0.045569,0.194495,0.322528,0.428637,8.728660,0.054734,1
6545,44.666367,49.915379,1.884416,0.020601,0.948747,0.200090,0.354813,16.194161,0.042758,1
6546,34.191093,40.160316,4.237414,0.050305,0.907438,0.446243,0.476631,12.971359,0.027401,1
6547,71.190972,68.611752,7.804009,0.053241,0.583089,0.245041,0.676051,19.539530,0.026983,1
6548,47.670342,39.853739,11.092395,0.036312,1.379377,0.234995,0.833573,13.975488,0.018973,0
6549,61.520803,53.600078,17.022273,0.034705,1.420905,0.415856,0.734135,24.059767,0.010758,1
6550,40.714696,51.507018,6.697179,0.051517,1.355692,0.489400,0.497945,18.911936,0.017195,0
6551,26.112850,35.169968,2.110098,0.054769,0.974021,0.423775,0.353722,9.582190,0.034045,0
6552,32.110860,36.178939,0.692867,0.047829,0.227325,0.313600,0.257751,4.943765,0.067256,1
6553,29.103990,40.322440,3.698537,0.055742,1.361518,0.465528,0.425087,13.308409,0.024789,0
6554,61.518868,71.273031,3.085869,0.056023,0.248531,0.502451,0.342105,11.263869,0.023834,1
6555,64.871158,87.519007,6.908380,0.037906,0.874317,0.537179,0.390103,23.274854,0.011776,0
6556,47.847871,54.973716,4.499108,0.045453,0.622287,0.438040,0.441513,14.895914,0.023869,1
6557,57.479332,60.939246,7.614624,0.045754,0.520155,0.513372,0.536466,16.469062,0.018667,1
6558,20.414755,16.204219,4.697120,0.056928,0.267682,0.415099,0.895056,1.919845,0.041458,0
6559,77.107286,85.432505,3.677010,0.051694,0.746426,0.214377,0.400275,25.741835,0.027057,1
6560,42.880287,44.011982,2.070458,0.034851,0.517842,0.181242,0.501539,12.310142,0.071333,1
6561,31.879015,29.802024,5.548191,0.027300,1.214247,0.288656,0.682629,12.518766,0.035145,1
6562,23.895217,26.045143,4.086550,0.054621,0.955751,0.477646,0.563865,9.199843,0.035295,1
6563,37.122677,29.544735,8.717564,0.058759,0.318516,0.419290,0.877438,4.253772,0.023113,0
6564,22.554247,17.947440,6.376456,0.028313,0.780120,0.471464,0.791007,5.725014,0.030599,0
6565,54.393027,61.401163,5.087010,0.030243,0.747956,0.385761,0.448818,18.612184,0.021803,1
6566,63.018203,60.476279,7.530019,0.053587,0.806921,0.209473,0.706329,19.491203,0.029037,1
6567,52.713465,49.755653,10.911639,0.020752,1.083913,0.418189,0.656154,20.194755,0.016033,1
6568,26.173864,19.508360,9.453417,0.045614,1.114473,0.507974,0.818856,7.279341,0.018769,0
6569,51.179297,54.813903,2.779087,0.032936,1.089825,0.164765,0.458509,21.199494,0.045073,1
6570,33.802750,29.293780,7.640748,0.057739,0.569922,0.471937,0.749316,8.121023,0.026425,0
6571,76.157375,106.546202,2.308800,0.029083,0.707291,0.374002,0.199095,17.882337,0.011655,0
6572,72.868065,74.763531,8.117322,0.025378,0.807559,0.318182,0.549671,25.920941,0.018999,1
6573,43.219689,40.893689,12.018125,0.022372,1.342218,0.538859,0.673233,18.061500,0.013369,1
6574,20.494810,27.912205,0.234105,0.048098,0.867267,0.224853,0.120753,3.834883,0.046818,0
6575,59.252692,78.057741,0.136286,0.025083,0.295272,0.271591,0.040602,2.808423,0.009975,0
6576,29.703554,23.093090,8.955678,0.028553,1.049647,0.416806,0.808723,8.292206,0.021482,0
6577,71.715754,82.933342,1.355802,0.042943,0.267114,0.307451,0.222750,11.052905,0.026168,1
6578,40.602256,37.474747,7.120227,0.049700,1.401205,0.203540,0.771016,14.557731,0.030963,1
6579,48.560329,44.809342,10.447527,0.059121,1.469114,0.277814,0.746988,18.822587,0.019557,1
6580,41.126787,46.045137,4.449509,0.028524,0.771030,0.414165,0.472771,14.373326,0.026611,1
6581,40.047719,46.359301,3.495203,0.048008,0.637154,0.417120,0.428104,12.545271,0.029432,1
6582,50.528765,60.296885,1.210671,0.024646,0.745352,0.222843,0.233621,13.361920,0.031509,0
6583,34.759588,25.870180,9.959999,0.034696,1.095934,0.187409,0.963863,2.886434,0.011632,0
6584,69.197487,81.553252,1.638328,0.029897,0.733114,0.210698,0.242279,18.513591,0.025031,0
6585,47.502452,62.687656,2.039284,0.042746,0.363753,0.534674,0.257613,9.248713,0.021074,0
6586,58.226994,58.691373,10.630252,0.052983,1.102922,0.386207,0.628275,23.123133,0.016012,1
6587,72.309942,76.664029,11.742747,0.058081,1.262041,0.350497,0.592716,31.528259,0.013632,1
6588,56.300103,63.429232,2.638471,0.052919,1.194009,0.160892,0.408707,23.897292,0.039245,1
6589,64.001574,79.916888,1.042079,0.048548,1.080601,0.166561,0.185910,17.813222,0.024161,0
6590,46.522320,59.210154,4.973994,0.029179,1.407610,0.381678,0.414711,21.514615,0.018503,0
6591,68.259814,83.733314,7.081813,0.020748,0.966446,0.439554,0.416692,26.185124,0.013229,0
6592,66.394550,80.071473,12.012407,0.037237,1.172133,0.547501,0.521540,28.635007,0.010122,0
6593,66.247215,73.208208,14.198664,0.056328,1.407868,0.475827,0.597076,30.425709,0.010349,1
6594,53.821695,57.533816,4.558644,0.030035,0.560191,0.354944,0.478112,16.046533,0.027859,1
6595,54.666906,47.624086,14.132717,0.042291,1.391642,0.360602,0.750246,20.482498,0.013658,1
6596,46.138303,34.172330,15.861879,0.032680,1.335362,0.406984,0.833056,13.335460,0.011527,0
6597,56.446014,62.606575,3.552133,0.027258,0.835997,0.262242,0.414070,20.110009,0.028790,1
6598,51.451284,64.444777,0.385213,0.028157,0.704785,0.185178,0.106923,7.957940,0.023034,0
6599,59.780660,59.561742,3.410370,0.046979,0.275519,0.233031,0.578075,12.277839,0.053510,1
6600,50.540963,46.211199,10.597235,0.029132,1.404366,0.317967,0.703558,20.711864,0.018158,1
6601,77.569616,71.605104,10.750936,0.032669,1.002430,0.194270,0.750787,24.638456,0.021027,1
6602,57.652834,77.325254,2.767519,0.045047,0.733591,0.393559,0.272799,16.411264,0.017102,0
6603,44.905382,50.762285,2.149662,0.035122,0.463045,0.326928,0.356906,11.397613,0.037337,1
6604,71.840521,67.805456,10.203869,0.028536,0.989192,0.251028,0.680618,25.531063,0.019922,1
6605,58.905733,72.667110,6.378935,0.033404,0.746964,0.514109,0.423013,19.930988,0.014958,0
6606,28.148469,33.904830,4.595485,0.047610,1.066239,0.524168,0.508236,11.593100,0.026180,0
6607,63.691418,58.028973,7.617136,0.035644,0.594773,0.162323,0.835392,12.174383,0.031085,1
6608,74.810619,56.219194,26.231314,0.049206,1.079712,0.487486,0.821782,20.270392,0.006881,0
6609,53.201735,64.250943,1.484797,0.049823,0.523812,0.287366,0.248934,12.208142,0.028654,0
6610,74.170309,60.401871,18.409297,0.039951,0.542060,0.460340,0.799329,15.318870,0.011159,0
6611,64.927946,55.026552,11.500874,0.032159,0.301930,0.343502,0.846716,8.438962,0.019301,0
6612,52.340303,52.361046,11.849920,0.037102,1.028326,0.528532,0.632480,19.995897,0.013430,1
6613,35.658131,40.620334,2.946696,0.031263,0.955929,0.314675,0.431514,13.703089,0.035827,1
6614,41.928417,34.412721,8.882787,0.035466,0.768213,0.221327,0.895395,6.664117,0.022295,0
6615,46.992803,46.771503,4.337158,0.025248,0.283912,0.409003,0.564944,9.856602,0.038437,1
6616,62.394848,84.783760,0.000125,0.024714,0.221807,0.170727,0.000106,0.012253,0.000083,0
6617,51.933706,58.992672,5.223114,0.051916,0.664933,0.424680,0.462083,16.818249,0.022082,1
6618,79.150425,63.045410,16.459241,0.030992,0.181642,0.157620,0.999771,0.029040,0.000162,0
6619,75.956686,69.330692,11.768702,0.032723,0.873402,0.248323,0.736468,23.185368,0.018529,1
6620,29.141883,26.934565,6.072930,0.058865,0.961587,0.373237,0.709822,9.784735,0.032103,1
6621,51.962544,37.656430,19.475195,0.021794,1.276139,0.512493,0.814267,15.707340,0.008895,0
6622,52.320304,42.794169,12.169735,0.059799,0.732390,0.272033,0.878563,9.032290,0.016561,0
6623,36.167586,28.304902,10.787100,0.023569,0.935999,0.456403,0.795565,9.925541,0.017762,0
6624,75.153411,101.630692,0.002385,0.042331,0.251083,0.188844,0.001223,0.152505,0.000569,0
6625,54.320968,69.014052,5.549319,0.054882,0.852906,0.470670,0.410707,19.510302,0.016471,0
6626,36.592901,41.755120,0.078916,0.035842,0.110377,0.245184,0.062911,1.502811,0.041471,1
6627,76.226981,74.989993,16.088441,0.049279,1.015690,0.459285,0.646139,28.567784,0.010539,1
6628,64.146512,57.886809,14.498256,0.041960,1.060495,0.388949,0.714888,22.431035,0.013216,1
6629,20.048877,17.658656,4.669199,0.031603,1.402957,0.325206,0.738025,7.732798,0.042165,1
6630,31.200439,24.867430,7.904373,0.042146,0.392137,0.517611,0.819377,5.137886,0.026003,0
6631,39.571951,36.658884,9.375577,0.034270,0.889797,0.514166,0.678329,13.377867,0.018673,1
6632,42.670883,44.518940,5.872764,0.051283,0.846745,0.375562,0.569759,15.424458,0.026639,1
6633,34.349306,27.025726,9.352841,0.052063,1.412884,0.159186,0.959997,3.518603,0.013259,0
6634,69.291739,77.150701,9.073127,0.020489,0.826452,0.462346,0.497941,25.130119,0.013698,1
6635,31.883901,38.566347,0.000243,0.051854,0.122216,0.159216,0.000525,0.020719,0.001047,0
6636,34.153574,30.321364,4.705245,0.039242,0.320512,0.263475,0.830662,4.880718,0.049548,1
6637,79.597279,88.032851,6.946710,0.028835,0.893069,0.313476,0.458196,29.844046,0.016826,1
6638,27.438680,33.853033,0.791472,0.050079,0.563623,0.298678,0.242316,6.437370,0.050791,0
6639,79.325434,65.029812,15.270984,0.043793,0.102133,0.531181,0.900044,4.447645,0.013028,0
6640,58.823243,44.706045,16.252131,0.056379,0.856673,0.152602,0.990752,1.355290,0.002996,0
6641,30.014733,38.124506,5.636993,0.048286,1.351470,0.546624,0.517571,13.906769,0.020896,0
6642,25.412956,27.496146,4.547219,0.048106,1.058993,0.467394,0.572445,10.260562,0.032099,1
6643,75.057563,71.541042,7.081750,0.034498,0.160149,0.418646,0.656583,11.047718,0.029249,1
6644,32.807365,41.566311,0.672201,0.020403,0.407670,0.353232,0.184173,5.575867,0.035975,0
6645,63.587694,60.075030,9.176338,0.037536,1.148454,0.218686,0.706641,23.451644,0.023094,1
6646,25.433504,30.454357,1.595409,0.056511,0.640001,0.366102,0.364969,7.647677,0.050459,0
6647,40.905945,38.627224,4.774997,0.043752,0.284013,0.382867,0.671419,7.881155,0.043314,1
6648,67.999622,57.176657,12.549447,0.023890,0.507105,0.268137,0.856971,10.935391,0.017393,0
6649,45.686127,62.810196,1.356336,0.051315,1.014292,0.280204,0.211141,13.302786,0.022425,0
6650,28.670769,25.221789,4.607420,0.043325,0.459055,0.286588,0.804992,5.355903,0.049526,1
6651,71.443932,99.448607,2.323493,0.048202,0.580618,0.412995,0.210506,15.711593,0.012837,0
6652,31.667749,42.517311,0.168641,0.049478,0.379220,0.289044,0.072041,2.676836,0.024352,0
6653,42.024894,42.815565,3.588407,0.025610,1.310311,0.171828,0.569141,18.902329,0.047537,1
6654,44.122449,32.602500,15.836969,0.050413,1.062641,0.491885,0.830443,11.490505,0.011292,0
6655,64.630535,86.698371,1.649812,0.057443,1.147622,0.227244,0.207783,19.829779,0.018203,0
6656,49.991788,69.776109,0.194970,0.055146,1.054209,0.162158,0.058179,5.968410,0.013970,0
6657,72.305474,85.927772,0.766200,0.021027,0.339058,0.253971,0.148004,9.729125,0.021611,0
6658,74.946402,87.514393,15.376807,0.037846,1.387257,0.524651,0.556876,34.857440,0.008526,1
6659,47.777589,40.275471,8.634144,0.059752,0.311951,0.283545,0.898930,4.719677,0.023375,0
6660,29.603182,20.896468,9.478797,0.055565,0.499797,0.363604,0.944255,2.352964,0.014775,0
6661,57.946103,77.976551,1.375173,0.053531,0.817976,0.279533,0.190856,14.260908,0.018575,0
6662,78.626112,59.376058,22.839396,0.046423,1.114761,0.226669,0.934385,10.603062,0.006788,0
6663,43.330640,39.820008,6.571927,0.043392,0.232290,0.547468,0.688053,7.387733,0.030941,1
6664,53.575288,57.951422,1.472038,0.025569,0.156439,0.355288,0.322752,7.604941,0.047670,1
6665,79.110714,103.921844,2.598711,0.041720,0.576293,0.371081,0.228993,18.191146,0.013592,0
6666,61.121637,72.212001,10.774754,0.020999,1.205709,0.527472,0.518115,26.747202,0.011258,0
6667,24.203723,25.009999,2.245275,0.039507,1.387411,0.175455,0.583163,11.125494,0.078016,1
6668,33.754401,37.300866,0.683001,0.036947,0.223006,0.281637,0.266733,5.238322,0.073202,1
6669,68.912458,53.551344,20.516840,0.036264,1.055918,0.385100,0.824314,18.299157,0.009476,0
6670,32.331906,36.431352,5.073168,0.022809,1.043569,0.479738,0.519948,13.160080,0.025146,1
6671,71.675247,53.361350,20.514812,0.043760,0.944462,0.154983,0.989520,1.934011,0.002572,0
6672,40.540785,55.875258,2.639618,0.057328,0.877631,0.420258,0.311993,13.436212,0.022165,0
6673,21.703431,16.373052,6.180874,0.042183,1.111051,0.200861,0.951380,2.307266,0.021949,0
6674,56.843761,72.032479,2.257307,0.029846,1.154175,0.253278,0.271711,20.255851,0.021444,0
6675,78.070268,103.145140,0.345749,0.052962,0.545672,0.214695,0.067496,7.528807,0.010544,0
6676,31.810466,26.302078,6.162637,0.054187,0.222809,0.381523,0.887423,2.870616,0.033372,0
6677,35.537366,45.987431,3.472446,0.024038,1.223705,0.407656,0.389380,15.076330,0.023931,0
6678,63.310016,76.040339,3.752464,0.026778,1.112400,0.276035,0.351436,24.769519,0.020126,0
6679,70.650711,93.885908,3.388284,0.020921,0.490864,0.493907,0.267965,16.304621,0.013473,0
6680,42.625510,39.668344,5.938772,0.036628,0.585800,0.301307,0.698511,11.368669,0.035450,1
6681,53.985854,40.773259,21.355367,0.057458,1.460156,0.523763,0.813942,17.474816,0.007840,0
6682,72.756657,84.559854,0.571630,0.021979,0.409552,0.189728,0.134940,10.106303,0.024570,1
6683,39.439550,41.518729,6.929325,0.037418,1.490554,0.359858,0.590831,18.709430,0.022424,1
6684,61.709435,51.003698,15.568182,0.041161,1.405958,0.260503,0.831134,18.436782,0.013219,0
6685,76.106539,86.595195,9.090879,0.043206,0.777166,0.449321,0.482802,26.741455,0.013221,1
6686,29.272280,38.211487,3.720357,0.042680,1.443310,0.422908,0.440681,13.874259,0.026527,0
6687,71.590009,68.895894,14.588242,0.047220,1.489965,0.319599,0.682154,31.161464,0.012768,1
6688,60.640279,64.592571,3.322954,0.051835,0.256298,0.375750,0.433698,12.077870,0.034105,1
6689,67.750733,54.772292,21.070892,0.050665,0.853700,0.545322,0.776319,18.711659,0.008756,0
6690,73.063837,95.351576,0.237805,0.053519,0.446444,0.217713,0.055555,5.473873,0.010550,0
6691,31.886460,24.778385,8.232247,0.024330,1.300635,0.205245,0.908194,5.993029,0.022080,0
6692,34.753229,38.258568,5.191562,0.036729,1.332252,0.368514,0.540541,15.920191,0.026848,1
6693,29.989364,26.575438,4.615058,0.036397,0.287496,0.386134,0.769679,4.886440,0.048943,1
6694,37.041172,47.864495,0.486269,0.024806,1.473734,0.157144,0.145319,10.264168,0.032303,0
6695,67.386614,56.163365,17.072719,0.035769,0.594405,0.516640,0.761122,16.109692,0.011552,0
6696,59.530293,43.363451,16.313664,0.027983,0.120734,0.277269,0.999627,0.028002,0.000236,0
6697,49.071430,63.129786,0.744012,0.035061,0.540745,0.281735,0.153662,8.549406,0.023305,0
6698,20.537920,28.109041,0.002118,0.031507,0.294594,0.201721,0.003198,0.108037,0.004310,0
6699,49.432589,66.858382,0.000092,0.037636,0.240981,0.158950,0.000102,0.009760,0.000104,0
6700,66.253893,76.116335,11.500759,0.038893,1.079578,0.513053,0.533865,27.364030,0.011255,1
6701,44.573447,47.241594,3.865645,0.040822,1.073405,0.225734,0.522217,18.394753,0.038210,1
6702,39.024237,29.838171,10.183819,0.044376,0.705659,0.197412,0.970635,2.191288,0.010329,0
6703,57.835227,76.632283,3.645047,0.028881,0.572813,0.507202,0.309216,15.425511,0.015873,0
6704,61.516714,47.600182,16.970026,0.046964,0.671357,0.379754,0.860188,11.208651,0.011617,0
6705,57.112827,62.652464,9.606035,0.032817,1.217286,0.433385,0.551328,24.930186,0.014487,1
6706,79.464767,77.316929,11.494499,0.029844,1.207468,0.262759,0.642099,32.601643,0.016273,1
6707,76.091832,54.645871,22.508713,0.039317,0.404398,0.310739,0.968177,3.457184,0.004752,0
6708,57.750184,48.215942,10.370214,0.034773,0.198766,0.359742,0.894042,4.712552,0.019761,0
6709,53.720110,60.222686,7.170367,0.029830,0.868127,0.455820,0.501710,19.967999,0.017486,1
6710,25.266816,21.195011,6.284410,0.031189,1.135129,0.347389,0.775025,8.073099,0.032068,0
6711,39.631864,41.807133,3.212650,0.059768,0.585318,0.292991,0.511874,12.090886,0.044887,1
6712,57.622965,76.168355,3.890406,0.042634,0.993109,0.377692,0.329738,20.789436,0.016692,0
6713,49.787643,62.996617,0.308394,0.055405,0.170594,0.384517,0.089677,3.330453,0.020482,0
6714,70.932393,50.168701,26.158761,0.024806,1.316987,0.438487,0.842499,19.602758,0.006747,0
6715,44.991284,52.943523,3.949001,0.026536,0.979466,0.355846,0.415951,17.367984,0.024617,0
6716,36.633828,40.015343,4.590547,0.023250,1.133205,0.356305,0.510505,15.552347,0.028701,1
6717,57.057789,51.737562,10.682916,0.040812,1.434205,0.223007,0.763991,21.048015,0.020214,1
6718,26.467296,28.562491,0.736772,0.027702,0.625334,0.162279,0.346599,7.724628,0.108663,1
6719,53.996005,60.422618,4.109041,0.044070,0.298524,0.530789,0.421761,11.542512,0.024985,1
6720,78.697737,104.034084,1.623124,0.028375,1.229910,0.212574,0.179308,22.846077,0.014109,0
6721,46.696856,52.942198,5.568095,0.029279,1.290950,0.341859,0.487378,21.156070,0.021984,1
6722,58.846415,59.547611,11.098828,0.029005,0.735871,0.544664,0.600231,19.499689,0.014049,1
6723,48.511597,52.049032,2.025901,0.040565,0.405983,0.252140,0.399260,11.936045,0.049547,1
6724,32.140175,28.701356,3.734317,0.042806,0.103864,0.304992,0.893556,1.902164,0.058130,1
6725,73.921341,53.851329,20.546990,0.055435,0.160480,0.200658,0.999979,0.002735,0.000016,0
6726,20.129606,16.611750,5.239952,0.052109,1.253427,0.286053,0.832439,5.650204,0.038891,0
6727,60.081855,63.390851,12.608732,0.022257,1.366629,0.475272,0.593306,27.250764,0.011622,1
6728,30.235920,29.453857,3.705607,0.048105,0.368740,0.421330,0.617790,7.003121,0.049306,1
6729,52.873856,62.851900,2.724753,0.051058,0.995391,0.245763,0.353768,19.614817,0.028681,0
6730,45.734757,36.868552,12.139356,0.048068,0.701431,0.426556,0.809546,10.409508,0.016633,0
6731,62.565614,57.318691,16.375827,0.034699,1.027100,0.527797,0.690697,22.347879,0.010531,1
6732,40.601982,45.560002,4.773956,0.056256,1.150204,0.325171,0.511784,17.364218,0.028163,1
6733,41.629106,41.671557,6.859391,0.046157,0.553175,0.523087,0.601617,11.949132,0.023829,1
6734,27.564260,30.117964,3.797340,0.024005,1.356708,0.347546,0.525510,12.782346,0.035680,1
6735,71.913776,95.668086,0.381352,0.020998,0.820093,0.192256,0.073059,9.035893,0.011082,0
6736,55.203005,43.428260,13.421207,0.050885,0.309185,0.450277,0.874148,6.348771,0.014965,0
6737,70.566366,54.619397,18.340317,0.053318,0.377403,0.438435,0.877067,8.820455,0.010705,0
6738,68.357368,95.209644,2.526963,0.040819,1.310204,0.274307,0.233328,23.949807,0.014261,0
6739,54.180595,62.145716,1.027951,0.050837,0.569437,0.187102,0.243268,12.803800,0.040938,1
6740,66.763571,48.229934,20.622742,0.054457,0.797152,0.184598,0.989796,1.616876,0.002465,0
6741,51.064336,41.442488,18.050273,0.053294,1.352742,0.523567,0.778077,17.673280,0.009570,0
6742,72.498940,88.128793,1.725692,0.032100,0.358845,0.348742,0.219195,12.832160,0.019509,0
6743,55.333807,69.030494,1.242922,0.025131,0.417743,0.343044,0.200655,10.032226,0.022864,0
6744,29.470485,34.940671,0.684839,0.049644,0.905883,0.175375,0.252338,8.957424,0.064919,0
6745,77.881854,54.517599,24.777489,0.047185,0.555619,0.168057,0.999093,0.178690,0.000315,0
6746,25.000975,18.842660,7.793697,0.055837,0.914114,0.372175,0.867808,5.115373,0.024056,0
6747,56.214281,52.965161,5.824853,0.020865,0.126238,0.505324,0.668598,7.245426,0.035943,1
6748,26.154346,36.612229,0.695970,0.046985,0.330192,0.529582,0.183474,3.991025,0.033365,0
6749,41.737357,50.673460,0.689319,0.032198,0.591199,0.230722,0.184699,8.557545,0.036014,0
6750,69.256094,60.957202,11.618000,0.059959,0.496421,0.280924,0.814396,13.051469,0.019512,1
6751,45.366469,63.197253,2.295726,0.034646,0.617020,0.481086,0.263800,11.645286,0.019062,0
6752,38.715822,33.436930,6.600471,0.048026,0.692494,0.167297,0.913311,5.087776,0.029299,0
6753,42.434962,39.989496,4.791645,0.046171,0.442746,0.265996,0.705179,9.739629,0.045927,1
6754,56.403894,59.395319,2.178086,0.030663,0.404066,0.218240,0.415337,13.980280,0.049832,1
6755,23.397753,26.519760,2.855264,0.026640,1.041904,0.396157,0.484480,9.520709,0.042133,1
6756,78.925084,59.358093,21.879154,0.049322,0.786519,0.168404,0.987522,2.261494,0.002741,0
6757,66.696410,92.418405,0.053691,0.052889,0.223883,0.301433,0.016480,1.295566,0.004316,0
6758,28.646972,29.942825,0.400054,0.040884,0.200126,0.157743,0.317137,4.565603,0.176233,1
6759,63.716687,66.365949,5.873288,0.027848,0.742516,0.294505,0.519078,21.878577,0.024644,1
6760,30.912166,37.551267,0.370843,0.044670,0.378635,0.261843,0.153393,4.501407,0.047515,0
6761,59.418932,64.072532,5.140582,0.046920,0.692814,0.316289,0.487513,19.721068,0.025491,1
6762,69.282236,83.881314,8.468368,0.055082,0.856895,0.481545,0.460094,25.457492,0.012853,0
6763,51.910364,38.824456,15.697269,0.034210,0.892395,0.366045,0.864594,10.668996,0.012121,0
6764,58.827828,67.733596,2.542314,0.047171,1.042934,0.193713,0.357562,22.423041,0.032071,1
6765,31.502740,35.956556,0.912810,0.050514,0.671441,0.199964,0.302187,9.004706,0.067579,1
6766,31.491380,34.354741,2.698866,0.030656,0.801047,0.313337,0.467111,11.206026,0.045019,1
6767,22.098877,16.042164,6.387054,0.043072,0.232898,0.495487,0.933327,1.379135,0.024472,0
6768,35.613397,25.775477,11.413242,0.054214,1.092078,0.205269,0.970648,2.486864,0.008747,0
6769,43.144862,34.995479,9.733197,0.045927,0.248900,0.537015,0.830970,5.426998,0.021812,0
6770,60.689938,84.320795,0.417253,0.055915,0.708153,0.232034,0.083218,7.821815,0.012924,0
6771,27.074262,32.266132,1.981712,0.032708,0.619972,0.418512,0.379772,8.115388,0.042669,0
6772,40.009043,44.041583,2.031385,0.051350,0.519237,0.274955,0.400891,11.144638,0.048767,1
6773,52.099649,37.314980,17.026336,0.044814,1.208423,0.226895,0.953519,5.571790,0.007487,0
6774,32.922403,29.095010,6.067413,0.041933,0.907142,0.259545,0.781545,9.246957,0.036235,1
6775,61.643738,81.513290,0.172981,0.036688,0.160922,0.387408,0.046274,2.397125,0.010119,0
6776,55.186112,39.384934,16.501196,0.022473,0.394792,0.377586,0.942702,3.983845,0.008775,0
6777,58.723393,47.672797,14.928996,0.033192,0.566216,0.477921,0.791542,12.679848,0.013588,0
6778,31.679564,34.334942,5.492078,0.053183,1.196110,0.416626,0.575652,13.572851,0.027139,1
6779,37.971665,48.456880,0.653926,0.048179,1.139032,0.176934,0.182406,10.722670,0.036901,0
6780,22.595893,26.815805,4.288045,0.050949,1.422713,0.482590,0.546284,10.679777,0.030465,0
6781,52.698937,48.125212,12.306171,0.048479,1.048832,0.420143,0.706886,18.566491,0.015171,1
6782,76.802543,73.501979,4.966573,0.056338,0.155521,0.214200,0.747281,9.679981,0.049263,1
6783,61.839100,81.086094,0.851816,0.053217,0.534198,0.282823,0.142309,10.172126,0.017606,0
6784,67.655476,50.665894,21.123526,0.047086,1.017340,0.346570,0.872662,14.229976,0.008817,0
6785,61.225452,82.423452,3.633736,0.058452,1.127397,0.329445,0.313256,23.038563,0.016547,0
6786,51.697444,45.732442,11.144141,0.022205,1.479842,0.293448,0.730386,20.779159,0.017904,1
6787,37.861830,36.747109,10.196150,0.034722,1.384805,0.516791,0.667230,16.189339,0.015781,1
6788,45.400332,58.944982,1.899623,0.032454,0.830450,0.329740,0.264697,13.543543,0.023995,0
6789,45.462865,40.095512,7.162380,0.027458,0.505494,0.284400,0.785545,9.430618,0.031738,1
6790,57.464348,55.774363,9.782699,0.059479,1.097252,0.300840,0.677023,21.609032,0.019824,1
6791,47.758353,38.917189,10.479125,0.049073,0.649101,0.236962,0.908999,6.299883,0.017957,0
6792,30.923243,29.793382,8.370145,0.044946,1.246109,0.533032,0.675155,12.421599,0.019557,1
6793,74.272426,59.848427,15.017042,0.035964,0.159574,0.358832,0.947177,3.196632,0.010120,0
6794,50.934237,40.435422,11.858034,0.021874,0.274744,0.490344,0.853140,6.137369,0.017560,0
6795,76.864648,60.029716,19.896229,0.023595,0.398371,0.501001,0.833877,12.095836,0.010258,0
6796,77.522524,68.472359,13.572299,0.034507,0.525017,0.350986,0.753807,17.704411,0.015987,1
6797,60.947659,64.182359,13.069390,0.023996,1.431402,0.469442,0.598669,28.195942,0.011296,1
6798,40.068985,38.637857,8.932767,0.057175,1.092361,0.436480,0.671742,15.133991,0.019770,1
6799,66.551635,81.562054,4.817963,0.050277,0.549370,0.463808,0.367155,18.577529,0.016461,0
6800,52.004019,55.942251,6.086420,0.052681,1.163609,0.284878,0.546008,22.230522,0.024798,1
6801,68.093733,86.475385,0.337677,0.048678,0.427776,0.224614,0.079048,6.561366,0.014727,0
6802,25.582947,28.197015,5.012673,0.021418,1.372113,0.480601,0.563901,11.801474,0.027344,1
6803,50.388273,65.637115,6.773667,0.055011,1.280868,0.457550,0.453998,22.599119,0.015188,0
6804,70.579541,58.102324,16.559570,0.029699,0.525394,0.446971,0.791203,14.694328,0.012561,0
6805,29.218587,24.180118,9.701606,0.048235,1.330551,0.500152,0.766626,10.317381,0.018160,0
6806,28.361315,27.773847,2.530184,0.020387,0.496412,0.263809,0.602567,7.706882,0.073163,1
6807,42.774995,32.703783,11.154479,0.035327,0.893083,0.168585,0.975164,2.349599,0.008529,0
6808,62.238732,75.339729,11.626551,0.039422,1.268260,0.537464,0.527756,27.894727,0.010564,0
6809,74.843849,81.276388,8.910672,0.020121,0.722933,0.434398,0.500328,25.387209,0.014432,1
6810,53.897270,73.099838,5.430040,0.059714,0.931925,0.491528,0.386783,19.915538,0.014967,0
6811,77.215876,71.761651,11.338070,0.051875,0.309070,0.464479,0.682567,15.299395,0.017875,1
6812,32.686936,40.378867,2.139963,0.024381,0.914763,0.350713,0.346120,11.532350,0.033644,0
6813,75.868280,80.004640,13.677660,0.021156,1.204179,0.441233,0.573413,32.649628,0.010676,1
6814,76.810243,80.625366,11.193185,0.045866,0.572794,0.516504,0.555138,22.969619,0.013160,1
6815,30.606179,30.073201,2.965230,0.039866,0.318806,0.366169,0.598636,6.682374,0.061109,1
6816,76.652217,75.790693,10.260341,0.055411,0.893739,0.278562,0.641565,27.069665,0.018505,1
6817,60.449832,74.354097,2.371582,0.026574,0.562740,0.351164,0.275119,15.134247,0.020958,0
6818,41.408104,36.709265,12.684062,0.040086,1.462790,0.492591,0.725240,16.703565,0.013520,1
6819,31.719045,43.062090,1.653863,0.052348,1.212204,0.305906,0.290844,11.970463,0.032085,0
6820,49.138220,54.806216,2.971298,0.053962,1.205672,0.181218,0.451385,21.365020,0.040498,1
6821,74.243743,100.692903,6.466746,0.027470,0.930042,0.477366,0.353371,26.612373,0.010875,0
6822,52.915257,67.310192,5.160876,0.023469,1.240731,0.392809,0.395654,22.705191,0.016638,0
6823,48.988658,66.736447,2.439436,0.028240,0.515298,0.508835,0.266334,11.547805,0.018352,0
6824,28.922934,34.145364,1.740668,0.042714,0.520028,0.396488,0.359458,7.798977,0.045216,0
6825,45.042157,62.269678,0.120844,0.035656,0.284566,0.322158,0.040963,2.110912,0.011350,0
6826,57.862817,56.999610,4.372481,0.057897,0.235850,0.316432,0.603919,10.828058,0.043335,1
6827,40.560424,41.075764,2.094268,0.024009,0.403234,0.209431,0.517690,10.265116,0.073886,1
6828,29.999290,25.150547,7.069039,0.044956,0.687944,0.401555,0.784858,7.273110,0.029255,0
6829,20.005854,26.901279,1.083718,0.058558,1.251986,0.293995,0.304003,7.829567,0.053148,0
6830,59.887957,48.965263,14.680529,0.026455,1.243846,0.280394,0.817400,17.684269,0.014137,0
6831,49.450091,55.194816,4.133963,0.024084,0.883486,0.318670,0.441913,18.345967,0.026648,1
6832,75.374556,98.790262,0.831750,0.042893,0.927097,0.194670,0.127683,15.162544,0.014788,0
6833,32.015567,28.072780,6.525888,0.049254,0.783474,0.334290,0.765011,8.708163,0.032438,1
6834,27.563663,27.771609,1.481904,0.050046,0.327687,0.216600,0.553157,6.238756,0.115693,1
6835,48.952039,58.027235,1.962537,0.023041,0.419477,0.375320,0.295172,10.942182,0.029004,0
6836,23.252160,25.843335,2.789772,0.033173,1.154898,0.345340,0.501637,9.968769,0.046230,1
6837,75.725710,77.980535,16.129959,0.026280,1.495176,0.433574,0.611738,35.481624,0.009545,1
6838,59.157116,77.532107,0.006720,0.031208,0.229420,0.202872,0.003890,0.327442,0.002010,0
6839,75.985707,75.882726,8.752474,0.031776,1.374092,0.200547,0.621357,33.877412,0.021292,1
6840,37.792236,42.252554,7.749212,0.035416,1.283326,0.515923,0.571076,16.807945,0.017774,1
6841,34.653924,41.081481,0.772543,0.030959,1.129999,0.160788,0.240299,11.459607,0.052521,0
6842,41.914241,30.666022,15.855821,0.058141,1.361055,0.444152,0.844907,11.656638,0.010976,0
6843,63.601075,55.245476,9.936908,0.052084,0.203496,0.373665,0.837128,7.062273,0.022960,0
6844,60.897652,75.863174,4.858980,0.025782,0.673208,0.468015,0.368802,18.845687,0.016129,0
6845,47.225938,60.394748,0.519996,0.028681,0.712779,0.218402,0.129059,8.392167,0.024171,0
6846,64.635305,71.255408,5.881545,0.039685,0.666444,0.369855,0.466374,20.975645,0.020369,1
6847,34.364987,33.152449,4.308685,0.035537,0.509376,0.350225,0.633489,9.231650,0.043819,1
6848,30.401452,29.655417,5.865468,0.031440,0.639692,0.549399,0.626281,9.210274,0.028355,1
6849,24.417651,28.081905,1.795814,0.053581,0.344214,0.515679,0.401330,5.539451,0.052342,1
6850,44.088679,56.276329,0.458557,0.025603,0.449873,0.276351,0.122628,6.006275,0.024854,0
6851,40.500441,39.615518,6.315853,0.036446,0.622143,0.434013,0.618649,12.176391,0.027492,1
6852,34.734808,24.766019,10.708467,0.037932,0.785553,0.174026,0.993119,0.590903,0.003583,0
6853,28.028084,29.624133,1.217458,0.055104,0.428651,0.219317,0.440617,7.239497,0.098027,1
6854,21.207358,21.489302,3.498063,0.045355,1.480628,0.291612,0.629093,9.751041,0.050214,1
6855,21.012081,21.841300,1.806254,0.045910,0.389052,0.383203,0.512886,5.225845,0.079393,1
6856,35.912827,26.870620,12.778246,0.043419,1.157027,0.486850,0.819026,10.170816,0.014000,0
6857,35.588001,41.175440,1.266253,0.031672,0.266153,0.412616,0.294925,6.334042,0.045540,1
6858,69.534878,64.295276,13.406234,0.047110,1.218395,0.289470,0.720588,25.810604,0.015136,1
6859,72.583816,76.681924,9.119065,0.039825,1.007546,0.331088,0.548408,28.851559,0.016417,1
6860,70.878663,64.236843,9.385786,0.055191,0.151281,0.480010,0.747001,8.815886,0.024166,1
6861,41.993628,34.846976,9.900329,0.023150,1.045747,0.319502,0.790578,12.356302,0.020971,0
6862,25.151739,28.133145,0.610643,0.045170,0.138092,0.419282,0.273909,3.112574,0.084979,1
6863,49.228668,40.490832,9.442414,0.032532,0.241952,0.336083,0.905285,4.083724,0.020723,0
6864,58.532499,41.023970,20.558492,0.048508,1.095489,0.327815,0.913453,9.662714,0.007854,0
6865,40.604387,52.364067,2.599190,0.059331,1.198422,0.298772,0.345792,16.391328,0.027766,0
6866,74.409956,56.639469,20.370194,0.038615,0.676052,0.326350,0.894061,11.196914,0.009166,0
6867,57.505891,47.105691,19.291401,0.042071,1.313033,0.511684,0.766577,20.174172,0.009080,0
6868,20.157899,22.999995,2.118994,0.040204,0.677441,0.447522,0.460183,6.585985,0.053462,1
6869,33.629105,28.363783,7.337718,0.040855,1.084211,0.243456,0.834772,8.700001,0.029144,0
6870,49.041118,50.104863,7.727735,0.020106,1.068022,0.384704,0.578800,19.823324,0.020061,1
6871,56.340689,68.840271,4.288761,0.037608,1.344923,0.287008,0.388353,25.038844,0.020435,0
6872,26.139223,24.460695,3.199657,0.052113,0.195879,0.472802,0.681030,4.131519,0.065292,1
6873,45.034259,39.708907,7.883364,0.054049,0.265228,0.500998,0.749311,7.380890,0.027388,1
6874,35.977377,40.842683,0.308430,0.029005,0.462115,0.158483,0.158892,5.923673,0.062488,1
6875,54.629565,43.974564,10.795147,0.024194,0.117320,0.275508,0.991259,0.443317,0.004596,0
6876,60.149791,50.636268,14.316492,0.031540,1.342627,0.282491,0.793612,19.882037,0.014489,0
6877,33.078631,29.031915,5.364976,0.031791,0.203789,0.493847,0.766037,4.577620,0.041569,1
6878,61.305472,80.474942,0.042467,0.038225,0.246803,0.241702,0.016699,1.264533,0.005640,0
6879,63.272935,87.263911,2.028866,0.021411,1.241503,0.276664,0.211133,20.382554,0.014823,0
6880,21.714781,15.810899,6.010743,0.031053,0.211321,0.271681,0.996041,0.117172,0.004328,0
6881,44.027211,43.298638,5.054434,0.025656,1.179973,0.213096,0.624989,18.135274,0.037208,1
6882,57.595343,63.367520,1.883859,0.054091,0.315607,0.281624,0.338460,11.835065,0.040140,1
6883,42.018041,41.779465,4.372695,0.042298,0.551783,0.305459,0.595380,12.094142,0.040643,1
6884,35.566084,47.414299,0.435878,0.047940,0.531691,0.288891,0.127427,5.410586,0.027847,0
6885,46.113199,39.895317,8.842995,0.049488,1.153261,0.158896,0.897708,8.835570,0.022675,0
6886,23.611642,31.773326,1.783007,0.040243,1.344358,0.347343,0.344033,10.076098,0.038705,0
6887,68.745450,54.784288,20.664092,0.039039,1.015179,0.447332,0.793021,19.792470,0.009222,0
6888,21.806167,24.311868,2.868023,0.053634,0.879420,0.420735,0.516407,8.151170,0.046329,1
6889,72.809622,96.188159,3.299812,0.025497,0.671430,0.402113,0.264871,19.536659,0.013650,0
6890,72.424766,54.497271,19.169739,0.024600,0.881093,0.160798,0.982280,2.969457,0.003996,0
6891,60.778121,71.553762,1.811467,0.054369,0.940921,0.182351,0.292842,20.272707,0.031986,0
6892,26.315616,34.346479,1.964280,0.030922,0.804587,0.445263,0.342790,8.675955,0.034970,0
6893,73.664223,87.124320,4.912389,0.031300,1.208706,0.265510,0.382336,30.893569,0.017740,0
6894,71.847433,81.216625,4.978181,0.040966,0.427828,0.424344,0.405283,18.217124,0.019439,1
6895,33.112945,38.359177,0.654509,0.032148,0.159003,0.419589,0.222193,3.931823,0.053749,1
6896,28.960944,24.777226,7.603310,0.046973,1.330731,0.349567,0.771425,10.109151,0.025910,0
6897,32.653604,30.661301,5.546859,0.026213,0.904063,0.342698,0.665984,11.298065,0.034200,1
6898,44.538464,46.038570,4.201030,0.024260,0.247785,0.535644,0.512613,8.840275,0.033577,1
6899,78.762064,78.629370,9.009759,0.046232,1.204594,0.196767,0.645672,32.160935,0.021873,1
6900,37.800719,34.759878,9.471742,0.043199,0.934084,0.519403,0.690914,12.872240,0.018568,1
6901,67.402179,87.608905,4.189788,0.052051,1.347720,0.283153,0.337279,28.582294,0.016487,0
6902,32.900778,36.198658,5.819909,0.035463,1.065396,0.489335,0.554965,13.419101,0.023779,1
6903,77.633996,85.286923,2.538323,0.053715,0.739229,0.159708,0.371894,25.243790,0.035477,1
6904,27.740757,35.839958,3.746378,0.036645,1.124840,0.505541,0.447177,11.634409,0.026586,0
6905,41.087497,46.991432,2.576419,0.027373,0.988068,0.263941,0.390709,15.678152,0.035611,1
6906,74.960415,62.096488,13.787801,0.039185,0.343004,0.186879,0.971132,2.893252,0.008033,0
6907,73.677571,56.739422,23.373650,0.033591,0.963180,0.471709,0.806656,19.832802,0.008041,0
6908,55.388645,53.827477,11.593029,0.022649,1.477422,0.381115,0.642659,25.122479,0.014543,1
6909,79.374099,93.952489,1.567944,0.021284,1.135677,0.158545,0.220520,25.079759,0.022108,0
6910,22.166607,30.904832,0.858315,0.033380,1.471328,0.266393,0.237335,8.307756,0.043137,0
6911,28.757525,26.755950,5.784650,0.049931,0.618210,0.496517,0.676905,8.118368,0.031981,1
6912,64.804107,74.688844,7.302965,0.049540,1.172260,0.340300,0.482668,27.964978,0.016693,1
6913,40.151084,36.053526,9.394860,0.058372,1.051098,0.382422,0.734696,13.490885,0.020819,1
6914,74.751590,53.070681,27.621085,0.054144,1.212259,0.402398,0.873445,17.089243,0.006269,0
6915,76.043660,84.631962,4.612713,0.028629,0.436752,0.372335,0.397041,19.377442,0.020606,1
6916,74.389036,55.840692,21.359538,0.050792,0.946147,0.196161,0.967872,5.210686,0.005073,0
6917,27.006181,25.825730,2.541601,0.027933,0.483434,0.229478,0.671671,6.786280,0.083874,1
6918,27.840142,31.392483,3.358382,0.048117,1.063376,0.362942,0.501188,11.453098,0.038287,1
6919,77.174376,101.590261,12.211860,0.035552,1.440684,0.501113,0.471654,36.861192,0.008573,0
6920,65.772482,61.693341,5.661235,0.047305,0.249231,0.204581,0.786224,9.562442,0.043352,1
6921,37.626548,39.517478,6.098647,0.057049,1.051836,0.387296,0.589488,15.005997,0.026019,1
6922,60.284786,55.281733,15.290310,0.037512,1.062210,0.492772,0.692511,21.841734,0.011482,1
6923,43.547031,44.757221,7.865064,0.052445,0.705623,0.531480,0.596662,14.162854,0.019915,1
6924,39.636578,40.925541,6.199026,0.055815,1.088297,0.347480,0.602775,15.945573,0.026839,1
6925,26.533610,25.421055,3.224442,0.036701,0.870507,0.224622,0.677823,8.878101,0.064491,1
6926,22.219370,26.245210,3.832197,0.056768,1.489832,0.423308,0.539727,10.765891,0.034577,0
6927,70.491789,61.962940,16.678797,0.022424,0.971408,0.432874,0.714522,23.606214,0.011298,1
6928,78.192340,101.850067,8.877815,0.051550,0.848217,0.527560,0.416405,28.096436,0.010269,0
6929,32.961055,41.375384,0.128476,0.055078,0.477786,0.189342,0.070687,3.082142,0.031360,0
6930,30.693105,36.967743,0.862724,0.026322,0.344689,0.372187,0.241816,5.624951,0.046542,0
6931,70.099234,62.243017,17.877542,0.052318,1.277593,0.381642,0.740921,25.653569,0.010707,1
6932,58.793765,42.820018,16.831174,0.030536,0.613990,0.210002,0.983116,1.930897,0.004332,0
6933,43.379560,41.142603,11.127641,0.043924,1.120448,0.515240,0.677245,16.479394,0.015169,1
6934,28.724455,21.308491,9.166907,0.020041,0.848451,0.465088,0.829199,6.715594,0.020626,0
6935,50.358373,52.455593,4.604030,0.034999,0.607494,0.322453,0.519108,15.640635,0.031485,1
6936,20.961941,15.899256,6.419298,0.026005,0.807067,0.461505,0.822432,4.899267,0.029935,0
6937,36.469110,28.027596,8.856232,0.034284,0.429294,0.164127,0.995841,0.293137,0.003128,0
6938,28.500531,26.411235,5.397969,0.052015,0.534673,0.487302,0.680778,7.444996,0.035178,1
6939,31.605116,24.865575,10.608666,0.052185,0.987827,0.535489,0.792063,9.000549,0.017034,0
6940,20.407777,20.195019,2.255564,0.053142,1.127583,0.174914,0.681505,7.734304,0.094158,1
6941,60.836871,54.890499,6.732544,0.039564,0.204436,0.213261,0.884694,5.349297,0.033151,1
6942,64.220451,78.277233,1.285729,0.035103,1.278895,0.155324,0.216682,21.316568,0.026019,0
6943,35.584156,36.561589,5.487060,0.035282,1.071616,0.364419,0.585901,14.353565,0.029027,1
6944,51.455815,41.961582,15.052169,0.037570,0.972269,0.473167,0.772996,15.293249,0.012555,0
6945,61.436672,47.799478,15.542312,0.048100,0.784262,0.184805,0.967550,3.950385,0.007221,0
6946,67.549822,57.782331,15.872288,0.057622,0.804319,0.378534,0.778258,18.018918,0.012970,0
6947,45.443267,32.026436,13.879486,0.043147,0.286779,0.347530,0.979307,1.212802,0.005893,0
6948,41.829751,56.313349,1.204971,0.041486,0.565476,0.377485,0.205297,8.944907,0.023949,0
6949,51.648103,53.420138,5.098676,0.056351,0.571889,0.330321,0.547308,15.472214,0.030704,1
6950,51.706932,59.955976,0.900406,0.051252,0.194718,0.355003,0.211028,6.594675,0.035683,1
6951,59.430616,73.718238,9.153713,0.035689,1.323739,0.474572,0.486024,27.261822,0.012287,0
6952,35.530214,41.294456,0.090077,0.020801,0.243790,0.188305,0.064760,2.217975,0.038272,1
6953,39.162949,28.266494,13.461026,0.032662,0.982688,0.444550,0.849211,9.083503,0.013557,0
6954,22.754908,19.380153,4.059132,0.035306,0.671205,0.202399,0.883747,3.646508,0.051840,0
6955,79.648209,71.612318,21.169151,0.028801,1.109445,0.501140,0.700536,29.145585,0.008263,1
6956,43.265499,57.570446,1.096061,0.020346,0.578569,0.356808,0.191212,8.965370,0.023200,0
6957,51.487276,40.360048,12.017292,0.051340,0.428949,0.164702,0.994055,0.568722,0.003037,0
6958,49.371601,52.891090,6.830420,0.021498,1.064197,0.384259,0.532758,20.250274,0.020316,1
6959,20.185882,17.877119,3.414383,0.056451,0.799558,0.200636,0.845736,4.287533,0.065592,1
6960,30.157348,35.238108,3.713546,0.044937,0.624806,0.548982,0.469260,9.481654,0.030394,1
6961,79.212300,75.061536,9.632768,0.056188,0.805495,0.186867,0.750049,22.589208,0.023918,1
6962,47.138234,45.455595,7.407743,0.059768,0.512836,0.443420,0.644221,12.577165,0.024891,1
6963,43.324820,55.469430,1.097219,0.054913,0.785533,0.256552,0.216712,11.271484,0.029797,0
6964,33.416014,29.175544,5.678363,0.031653,0.853873,0.208848,0.826320,7.921429,0.039781,1
6965,79.677675,105.995471,9.915308,0.055662,0.989017,0.524185,0.428089,31.096809,0.009448,0
6966,60.566498,64.386781,5.477206,0.042712,1.334803,0.200720,0.539048,27.782037,0.028268,1
6967,42.011360,42.521574,10.679851,0.046367,1.409517,0.500111,0.650480,18.465222,0.014842,1
6968,65.455502,60.016321,12.222589,0.027812,1.106193,0.313258,0.698965,23.973554,0.016148,1
6969,68.365511,77.140253,11.427145,0.030188,1.255578,0.449900,0.534947,30.443763,0.011531,1
6970,32.139462,34.765671,1.541895,0.042259,0.706948,0.204213,0.421676,10.572146,0.070895,1
6971,41.673673,48.626203,3.612312,0.041959,0.881943,0.354332,0.426187,15.345196,0.028275,1
6972,76.633095,103.776444,2.204286,0.034076,0.604203,0.371959,0.202439,16.798233,0.012728,0
6973,25.736377,23.474270,4.036828,0.028936,0.423215,0.405402,0.700951,5.812970,0.051151,1
6974,43.061020,35.302073,14.610972,0.054966,1.342601,0.494985,0.776923,14.891365,0.012084,0
6975,43.444697,32.144197,11.554906,0.031042,0.249439,0.237988,0.996083,0.252290,0.002252,0
6976,72.439137,100.723051,5.696895,0.049194,1.243343,0.385450,0.341002,29.629516,0.011782,0
6977,66.194498,90.218025,0.633437,0.026185,0.941883,0.215543,0.104253,11.621295,0.013064,0
6978,55.031768,51.368192,13.757920,0.044466,1.374346,0.420597,0.695042,22.596882,0.012908,1
6979,20.349243,21.350303,1.931644,0.048235,0.703631,0.303055,0.528583,6.792257,0.076922,1
6980,78.594502,91.888151,14.276119,0.056774,1.023886,0.548082,0.539960,31.567630,0.009107,1
6981,31.869241,40.390222,0.027654,0.038282,0.327247,0.190074,0.022238,0.965586,0.015284,0
6982,57.402259,59.007382,9.416662,0.047118,0.980179,0.397773,0.596443,22.006330,0.017130,1
6983,37.641747,48.402447,4.655436,0.039594,0.872361,0.544826,0.431798,13.820344,0.020522,0
6984,37.010474,39.587189,3.768575,0.025009,1.055254,0.291696,0.505299,15.166138,0.035970,1
6985,68.101323,58.957410,15.872994,0.045225,0.790607,0.418465,0.748455,19.305216,0.012582,0
6986,63.698627,83.202135,3.874394,0.048265,0.650003,0.442870,0.315009,18.243649,0.015619,0
6987,38.016448,52.375662,3.606441,0.031594,1.311307,0.420027,0.367095,16.394458,0.020595,0
6988,63.068038,63.196605,13.378994,0.047609,1.309241,0.413262,0.642050,26.944307,0.012520,1
6989,33.250422,32.767946,5.156474,0.049346,0.707491,0.397358,0.623734,10.616465,0.034157,1
6990,25.151635,23.023520,5.340847,0.049469,0.762267,0.447428,0.697828,7.659972,0.035503,1
6991,49.432599,38.649009,13.107140,0.030188,0.510065,0.462411,0.830694,8.910426,0.015460,0
6992,30.799179,31.582860,7.230347,0.058591,1.039006,0.549696,0.634562,11.805047,0.021790,1
6993,77.175329,92.824142,12.468063,0.050368,1.145017,0.495042,0.510052,32.934924,0.009755,0
6994,77.107128,78.031974,10.955534,0.038419,0.683115,0.413927,0.584305,24.854634,0.014784,1
6995,66.526724,87.108833,6.607413,0.034535,0.738695,0.543341,0.386253,21.877118,0.012316,0
6996,33.913257,29.009515,7.518749,0.027186,1.101570,0.309764,0.768849,10.838207,0.027617,0
6997,37.543209,30.713999,9.238387,0.034940,0.911590,0.334894,0.812569,9.645871,0.022417,0
6998,31.751780,39.293043,0.481087,0.033709,0.540597,0.250862,0.167443,5.850421,0.042790,0
6999,46.064214,47.192955,9.029204,0.058703,0.841534,0.511877,0.613493,16.171266,0.017692,1
7000,56.563558,41.134853,18.737031,0.023587,0.957164,0.434138,0.845047,13.183932,0.009916,0
7001,43.404659,55.835212,3.730199,0.036684,1.419541,0.334222,0.381116,19.708030,0.022049,0
7002,55.408855,46.432227,12.618640,0.037320,1.398266,0.216728,0.846473,15.514316,0.016675,0
7003,65.763910,56.123313,12.177886,0.042515,0.300941,0.418598,0.805339,9.936188,0.018238,0
7004,54.173764,62.817592,0.840121,0.039041,0.261734,0.292807,0.199020,7.736303,0.034396,1
7005,78.402117,57.604917,25.231168,0.057674,0.517612,0.543398,0.855492,12.826949,0.007419,0
7006,69.494096,52.342868,22.458544,0.036005,0.885897,0.472581,0.824152,16.912635,0.008365,0
7007,23.301454,19.526388,5.687218,0.026306,0.784873,0.427086,0.761423,6.396691,0.035146,0
7008,69.246033,82.621869,1.571561,0.055136,0.716397,0.205074,0.240989,18.261122,0.025922,0
7009,35.620315,37.140511,1.324751,0.023827,0.185874,0.308977,0.415320,5.988029,0.082176,1
7010,76.633178,102.373464,0.604008,0.025686,0.752365,0.221243,0.094689,11.207721,0.011465,0
7011,42.652763,36.129106,7.476642,0.046951,0.216166,0.382579,0.859750,4.419231,0.029373,0
7012,37.477805,46.669757,0.938620,0.039640,1.186328,0.188613,0.230836,12.420199,0.039519,0
7013,75.108164,87.731020,2.591466,0.044418,0.445871,0.312009,0.292392,17.233337,0.021959,1
7014,58.120978,59.963973,8.240639,0.049435,0.779661,0.395490,0.577532,20.085813,0.019283,1
7015,24.797161,18.492768,6.744388,0.037210,0.527013,0.260089,0.960106,1.547939,0.018366,0
7016,59.087591,49.431234,13.030064,0.050926,1.085798,0.199728,0.890114,11.568779,0.015279,0
7017,59.048375,81.073724,0.838782,0.056372,0.369953,0.392419,0.131058,7.640433,0.015094,0
7018,55.456692,40.835307,19.250085,0.039131,1.147620,0.438470,0.836959,14.633494,0.009456,0
7019,68.550866,73.120293,2.529542,0.025663,0.469102,0.214201,0.388037,17.988223,0.038095,1
7020,72.016079,56.640982,20.360163,0.033371,0.638572,0.496182,0.804466,15.893023,0.009672,0
7021,48.661610,68.005208,0.451458,0.054037,1.131877,0.189469,0.104526,9.383003,0.018477,0
7022,35.186135,27.966374,8.428260,0.048731,0.749071,0.217625,0.934125,3.901562,0.019331,0
7023,27.810113,31.431716,0.293995,0.039173,0.422438,0.170447,0.183991,4.808424,0.086347,1
7024,60.836769,65.638096,5.194210,0.031016,1.006392,0.261441,0.484256,24.328842,0.024983,1
7025,68.081632,81.901769,1.565816,0.045126,0.911620,0.187618,0.238083,20.119433,0.025379,0
7026,71.370278,88.423130,2.037447,0.056744,0.926688,0.217455,0.252182,21.933252,0.021368,0
7027,61.199443,84.093374,2.119025,0.020612,0.534013,0.443947,0.216688,13.126761,0.014784,0
7028,20.418819,26.764449,0.021224,0.046111,0.178822,0.300874,0.022829,0.467545,0.020843,0
7029,32.200439,42.787328,1.080530,0.033618,1.144744,0.263661,0.232634,10.527966,0.033641,0
7030,64.160738,82.485014,2.172899,0.045600,1.102191,0.241170,0.252345,21.511159,0.019658,0
7031,71.168239,87.164254,5.262445,0.040464,0.824184,0.377669,0.373486,24.468366,0.015520,0
7032,69.696584,85.000677,8.742879,0.040291,1.298743,0.399860,0.462974,31.550580,0.012507,0
7033,71.274308,61.482932,18.147518,0.044826,0.721629,0.516059,0.735677,19.805882,0.010469,0
7034,20.950161,17.782522,3.673303,0.033065,0.428231,0.262715,0.869038,2.915042,0.059035,0
7035,55.408327,73.135345,6.000959,0.029661,0.991769,0.495501,0.398905,21.302924,0.014120,0
7036,57.922747,49.423945,13.349016,0.051599,0.606333,0.445572,0.764541,13.875134,0.015308,0
7037,54.594942,43.748961,17.169382,0.032302,1.224605,0.458639,0.778779,17.945547,0.010720,0
7038,58.853982,52.081018,8.232465,0.025236,0.397317,0.246778,0.823349,9.619857,0.028325,1
7039,29.469741,33.357857,3.629330,0.043447,0.938296,0.406756,0.494388,11.387108,0.034355,1
7040,68.887072,92.273330,0.031752,0.043511,0.422526,0.181334,0.011762,1.374510,0.003780,0
7041,27.208546,31.508517,1.921916,0.050333,0.781213,0.320271,0.405984,9.326350,0.050352,1
7042,27.655904,36.241336,0.019690,0.027559,0.216044,0.260791,0.016975,0.541265,0.012560,0
7043,79.716836,79.063308,13.194609,0.050788,0.802392,0.404566,0.624137,27.096921,0.013135,1
7044,70.485242,73.340135,11.603653,0.051872,1.461049,0.310546,0.611723,32.647465,0.014483,1
7045,42.876309,57.910623,4.133797,0.044857,1.058182,0.453132,0.378299,16.770517,0.019025,0
7046,53.650030,43.532532,11.161076,0.042318,0.546902,0.157267,0.980009,1.920266,0.007757,0
7047,46.241042,56.833109,1.970221,0.022582,0.329928,0.484412,0.282522,8.979693,0.026277,0
7048,57.036432,46.975507,14.553971,0.046325,1.228827,0.283648,0.830325,15.980014,0.014093,0
7049,42.571776,34.445749,12.349389,0.040360,1.269358,0.372808,0.798494,13.488650,0.015727,0
7050,73.009515,51.915710,21.359229,0.026463,0.193692,0.162015,0.999999,0.000083,0.000000,0
7051,59.489369,68.038921,0.761498,0.025976,0.395123,0.208274,0.188933,10.112393,0.034722,1
7052,77.194485,91.510447,5.439631,0.032899,0.919600,0.323217,0.383504,28.263959,0.015958,0
7053,25.364353,35.477281,1.754094,0.044858,1.157120,0.385107,0.316478,9.711752,0.033876,0
7054,50.258862,44.237810,7.053524,0.041981,0.416947,0.178080,0.906491,5.421514,0.028907,1
7055,24.468248,26.733262,1.660585,0.056571,1.387737,0.154331,0.514260,11.491823,0.089624,1
7056,26.443653,29.303650,5.557285,0.058178,1.287866,0.494233,0.591314,11.657009,0.026190,1
7057,60.656788,50.973997,10.716060,0.021901,0.201670,0.394831,0.863116,5.970604,0.020380,0
7058,22.171316,26.992867,3.312694,0.023184,1.097459,0.512649,0.479864,9.254267,0.033462,0
7059,51.315757,68.409395,2.868180,0.027881,1.362254,0.302231,0.297706,20.752028,0.019141,0
7060,28.077580,34.885961,0.744832,0.057152,0.805775,0.233286,0.238180,7.802653,0.052653,0
7061,61.302060,85.361020,3.409535,0.022751,1.031534,0.385370,0.277522,20.868034,0.013969,0
7062,30.790565,22.210834,9.743892,0.030644,0.568945,0.465508,0.876047,4.752894,0.018929,0
7063,42.420832,51.459488,0.000263,0.020592,0.122735,0.161725,0.000425,0.022702,0.000636,0
7064,33.161507,31.894453,5.288769,0.059437,0.950984,0.291764,0.683619,11.509297,0.037720,1
7065,23.339534,19.521889,7.405866,0.047975,1.356993,0.466080,0.764345,8.367823,0.024288,0
7066,27.450092,21.808848,5.964552,0.054287,0.257144,0.233987,0.982821,0.592127,0.013060,0
7067,58.589105,62.181581,7.856412,0.027817,0.862146,0.404098,0.537017,21.609385,0.018069,1
7068,22.586032,31.517240,0.000546,0.022006,0.137462,0.279859,0.000873,0.024897,0.001269,0
7069,69.897521,61.512087,10.367499,0.020719,0.760709,0.181552,0.837878,14.961235,0.022173,1
7070,56.477963,47.218453,17.058820,0.051416,1.071956,0.490134,0.762759,18.063524,0.010778,0
7071,28.027960,28.556455,3.354191,0.050883,1.425914,0.196784,0.635615,12.572959,0.057039,1
7072,50.150015,67.485190,1.749523,0.053497,0.716054,0.348337,0.232733,12.971079,0.020677,0
7073,26.408701,21.219350,5.631604,0.027813,0.165346,0.507446,0.882137,2.121045,0.036247,0
7074,59.011883,71.829255,2.141206,0.035462,0.970326,0.236744,0.281403,19.615173,0.024520,0
7075,75.536875,80.097856,7.611562,0.059844,0.773540,0.303572,0.534781,26.403149,0.019706,1
7076,71.247519,92.881176,3.882222,0.023794,0.425738,0.540248,0.292110,15.967017,0.013676,0
7077,45.553812,31.958469,16.115644,0.044772,0.798625,0.460435,0.875764,8.344344,0.010935,0
7078,76.576527,102.659981,8.671147,0.021285,1.416190,0.434710,0.401408,35.239263,0.009761,0
7079,33.551478,27.890903,10.727512,0.036685,1.220446,0.516640,0.754138,11.674124,0.016447,0
7080,22.546105,28.442511,0.249763,0.027063,0.291568,0.340941,0.129863,2.573516,0.050929,0
7081,43.735396,45.498835,6.011715,0.046296,1.416037,0.266124,0.595040,20.170547,0.027983,1
7082,30.374523,30.193260,3.212829,0.044052,0.732297,0.256401,0.611799,9.959736,0.057494,1
7083,66.050555,50.787736,17.714433,0.044941,0.884635,0.232733,0.932082,8.149331,0.009073,0
7084,69.560681,78.659391,11.923669,0.039910,1.004011,0.513838,0.538440,27.677119,0.011087,1
7085,61.635655,59.619238,4.882863,0.022842,0.434048,0.216144,0.645949,15.103277,0.042377,1
7086,79.560977,78.346624,13.594357,0.026823,1.358162,0.320144,0.627566,35.082558,0.012747,1
7087,77.631108,59.294064,26.719666,0.056767,0.931578,0.529873,0.812190,20.188214,0.006786,0
7088,70.760449,91.928727,6.671943,0.028817,1.013056,0.442271,0.382177,27.164669,0.012109,0
7089,78.703068,84.066954,7.572027,0.042939,0.464976,0.426244,0.494885,21.408264,0.017438,1
7090,32.496819,39.107729,1.660289,0.044494,0.922406,0.272395,0.337190,11.399370,0.042961,0
7091,29.316009,33.315150,1.882902,0.033520,0.920726,0.268357,0.402065,10.882383,0.051247,1
7092,40.834668,42.587224,10.040537,0.050543,1.464748,0.490696,0.637144,18.539276,0.015469,1
7093,50.338974,53.776448,2.963392,0.048842,0.386055,0.318634,0.444558,12.357130,0.039643,1
7094,64.546812,63.665022,6.736188,0.026922,0.251924,0.474628,0.581341,12.655089,0.025403,1
7095,35.516989,31.434244,6.943457,0.046305,1.401115,0.195723,0.821989,10.954707,0.031667,1
7096,28.615116,25.486259,5.318221,0.050113,0.931594,0.259799,0.780340,8.170565,0.041229,1
7097,72.238522,56.087876,17.467755,0.058819,0.390639,0.203898,0.987117,1.499669,0.003608,0
7098,73.286678,87.413019,0.975243,0.039348,0.202322,0.357592,0.167035,8.247937,0.021226,0
7099,75.928378,75.531517,11.182385,0.024499,0.725469,0.405669,0.594590,25.071577,0.014777,1
7100,32.653819,24.629903,9.449440,0.030785,1.495687,0.206421,0.923019,5.766368,0.017516,0
7101,61.969422,79.022014,0.002641,0.024216,0.189708,0.186070,0.001853,0.159628,0.001178,0
7102,22.817558,26.505321,2.111824,0.046512,0.923638,0.352267,0.441823,8.655245,0.051094,1
7103,69.050461,74.758712,14.271194,0.039426,1.386246,0.466263,0.590705,31.591747,0.010251,1
7104,44.441621,44.648574,8.009992,0.024306,1.288589,0.375967,0.608685,19.374408,0.020248,1
7105,63.580188,77.904450,2.469568,0.037923,0.928091,0.254313,0.286663,20.852549,0.021855,0
7106,74.565574,71.497317,10.383008,0.021267,1.218589,0.242868,0.650785,30.463580,0.018513,1
7107,40.735088,47.664201,0.720219,0.021655,0.547063,0.219547,0.208037,8.635373,0.043329,1
7108,35.549921,29.265877,7.281376,0.050758,0.385214,0.314813,0.883621,4.319138,0.028181,0
7109,44.310755,60.999268,0.637871,0.057106,0.725383,0.269625,0.136387,8.251442,0.021487,0
7110,44.037576,43.042254,5.365397,0.043370,0.864510,0.249250,0.646655,15.218412,0.036418,1
7111,67.615055,70.831379,2.993879,0.043654,0.109861,0.469224,0.424575,8.780502,0.037257,1
7112,35.028004,25.448185,11.417357,0.059051,1.230050,0.180625,0.980188,1.865938,0.006845,0
7113,76.282208,72.581918,21.525573,0.045954,1.418015,0.506098,0.688627,32.108357,0.007689,1
7114,67.149982,48.321021,19.207457,0.041030,0.191620,0.201848,0.999943,0.006889,0.000040,0
7115,47.662054,65.213187,0.490315,0.039557,0.512660,0.303704,0.107519,6.312545,0.017848,0
7116,57.789618,48.294290,13.371463,0.054351,0.463915,0.474534,0.786684,11.448479,0.015572,0
7117,67.351381,83.491717,2.854239,0.049156,0.743212,0.304882,0.292220,19.946274,0.019405,0
7118,26.042575,25.400944,2.065921,0.035634,0.322128,0.268970,0.623595,5.611395,0.095493,1
7119,55.949640,53.324387,14.008020,0.040486,1.087826,0.517797,0.670236,21.127064,0.011982,1
7120,25.461526,30.080156,2.023168,0.058025,1.041356,0.298621,0.422159,10.167644,0.050435,0
7121,38.326278,31.453434,9.227404,0.040076,0.471404,0.485085,0.792930,7.521269,0.022392,0
7122,37.057196,30.031874,9.327362,0.024037,0.480980,0.520678,0.786600,7.476764,0.021741,0
7123,72.357449,66.275386,8.174291,0.056216,0.445783,0.150709,0.879385,9.699024,0.027574,1
7124,56.034652,75.153822,0.631289,0.020119,0.811980,0.237549,0.117395,9.945186,0.016421,0
7125,75.346496,53.640353,25.688117,0.051590,0.652692,0.485236,0.874658,12.554666,0.006983,0
7126,48.656476,41.977821,9.359419,0.030551,0.939587,0.252106,0.800617,13.179546,0.023502,0
7127,68.455986,55.311484,13.419289,0.033471,0.107730,0.346390,0.975228,1.303137,0.007452,0
7128,62.304824,77.680450,6.422070,0.045060,1.028927,0.416299,0.420198,24.706835,0.014859,0
7129,36.291591,35.117664,4.741977,0.022623,0.963011,0.268130,0.632818,13.413091,0.039440,1
7130,44.385137,47.643382,4.671526,0.048725,0.781075,0.339371,0.516221,15.636329,0.029943,1
7131,74.247799,71.739919,9.221022,0.020128,0.835520,0.274191,0.629117,25.644507,0.020306,1
7132,71.994379,67.207003,7.218341,0.041741,0.454461,0.181492,0.781900,14.299129,0.033447,1
7133,51.896308,47.358809,9.898461,0.051655,0.636344,0.414786,0.705850,14.264837,0.020067,1
7134,46.766366,51.642293,3.705890,0.049831,1.173602,0.224129,0.481576,20.190203,0.035096,1
7135,38.055153,35.915154,3.377143,0.020486,0.362559,0.219587,0.712267,7.814668,0.067779,1
7136,68.494660,74.121107,7.715446,0.044334,0.578321,0.445934,0.504936,20.778687,0.017174,1
7137,41.265667,42.348989,1.770137,0.043884,0.189899,0.292563,0.470446,7.154278,0.075622,1
7138,46.011419,45.819111,6.758871,0.042899,0.985373,0.318842,0.619833,17.392836,0.026149,1
7139,21.017301,23.847782,4.708661,0.050782,1.331408,0.542646,0.586779,9.445012,0.029595,1
7140,28.344520,24.256221,4.913264,0.029435,0.854974,0.163820,0.897987,4.666886,0.041473,0
7141,44.137297,39.783210,6.287668,0.058127,0.469265,0.245382,0.806258,8.303364,0.037015,1
7142,27.765954,21.871894,7.387620,0.048594,1.228854,0.201794,0.925835,4.319954,0.022597,0
7143,33.185187,40.590133,1.362281,0.059262,0.484463,0.366228,0.291128,7.920917,0.040539,0
7144,31.520478,41.013372,0.428426,0.031552,0.547266,0.280976,0.140175,5.194468,0.034001,0
7145,66.091835,54.277858,16.667411,0.021233,0.634500,0.480651,0.770646,15.960614,0.011981,0
7146,40.443126,35.336010,10.478288,0.048200,0.911851,0.475158,0.732783,12.703054,0.017925,1
7147,40.867097,51.844432,3.662569,0.024046,0.750833,0.488523,0.379136,13.473786,0.021994,0
7148,52.858087,59.292433,2.601982,0.042366,1.412488,0.152233,0.415394,24.496168,0.040774,1
7149,72.236950,64.964550,11.769338,0.028195,0.802474,0.268793,0.743779,20.831090,0.018507,1
7150,61.198931,61.241852,8.350630,0.052943,0.977983,0.286329,0.626258,22.925060,0.021859,1
7151,54.100402,67.317754,3.449105,0.041594,1.101172,0.303353,0.350634,21.041847,0.021522,0
7152,44.450119,44.592121,3.271394,0.047963,0.588384,0.200166,0.594756,13.216815,0.056798,1
7153,78.047247,97.191445,4.068272,0.021702,0.517428,0.434521,0.305155,19.669538,0.014362,0
7154,64.061543,88.054886,2.668973,0.023309,0.455188,0.516054,0.239124,13.409380,0.013910,0
7155,35.518942,42.802883,0.024696,0.050423,0.184923,0.200810,0.022268,0.809896,0.017287,0
7156,61.735181,66.219633,6.827022,0.021477,1.437683,0.266819,0.514873,29.510222,0.020185,1
7157,24.170535,31.794849,0.294247,0.041399,0.931462,0.202583,0.134084,5.041220,0.045729,0
7158,49.341935,48.310322,3.815240,0.050888,0.542053,0.174510,0.671255,13.135858,0.057038,1
7159,58.801144,75.035853,3.476036,0.049837,1.370230,0.262982,0.338617,25.180866,0.020211,0
7160,56.030448,44.767349,12.965446,0.045545,0.263885,0.490443,0.856433,6.516456,0.016038,0
7161,24.034888,18.607873,6.899220,0.028728,0.891850,0.394727,0.826815,5.812333,0.028581,0
7162,32.872630,25.691189,9.826615,0.054488,0.863805,0.424049,0.826881,7.821666,0.019761,0
7163,69.123508,61.273471,20.203411,0.035082,1.340370,0.490979,0.718709,26.999087,0.008586,1
7164,48.270535,42.840117,6.635255,0.042707,0.464362,0.181604,0.882292,6.491027,0.033034,1
7165,75.803372,67.466854,9.939971,0.029332,0.569875,0.151203,0.889565,10.790656,0.021794,1
7166,61.553014,68.532328,12.165547,0.021640,1.233502,0.521462,0.559701,26.966822,0.011065,1
7167,39.853216,53.369391,0.276701,0.049757,0.249984,0.381743,0.085429,3.112380,0.020534,0
7168,41.491473,31.342645,12.022357,0.021058,0.946631,0.350513,0.853485,9.265558,0.016221,0
7169,56.252515,68.221172,4.480012,0.030404,1.487868,0.278956,0.395950,26.437344,0.020130,0
7170,40.468721,49.052456,8.334684,0.058973,1.404547,0.528325,0.554934,18.951958,0.015595,0
7171,72.762980,101.408613,3.472791,0.057933,0.626324,0.454408,0.260323,18.690574,0.012404,0
7172,30.107592,22.033507,8.811016,0.051150,0.400278,0.402679,0.924106,2.720859,0.018622,0
7173,33.461375,40.800961,1.296572,0.052874,0.297851,0.467664,0.278374,6.129969,0.039304,0
7174,78.354558,63.090753,21.645935,0.033644,1.369258,0.316424,0.814533,24.512244,0.009215,0
7175,48.106704,54.785494,10.867956,0.043998,1.492669,0.520686,0.585877,22.902176,0.012733,1
7176,35.301692,34.556409,7.470085,0.032916,0.806299,0.540747,0.633593,11.930175,0.021957,1
7177,63.541013,65.778734,4.564450,0.038698,1.151827,0.156890,0.556995,26.927455,0.036907,1
7178,52.591604,59.829769,6.979393,0.021632,1.473690,0.354839,0.496025,25.468775,0.017609,1
7179,25.889285,20.822678,7.429298,0.029263,0.954649,0.449670,0.781997,7.450624,0.025895,0
7180,50.851922,43.363926,12.860028,0.020035,0.791308,0.495096,0.731675,14.910317,0.014718,0
7181,20.760703,14.634363,7.820543,0.058941,0.956106,0.492373,0.860841,4.499820,0.022177,0
7182,35.121135,29.419807,8.301528,0.052906,0.976557,0.294831,0.824067,8.976833,0.025276,0
7183,45.941275,35.872908,10.556963,0.042734,0.313957,0.191062,0.993606,0.463043,0.003657,0
7184,32.122767,27.762870,6.410191,0.021824,0.721494,0.349908,0.755645,8.565386,0.032880,0
7185,75.720464,54.301005,24.803217,0.053434,0.983379,0.274984,0.939236,9.033733,0.005827,0
7186,27.891113,20.369935,8.536785,0.042089,1.001464,0.241718,0.944567,3.124230,0.016591,0
7187,69.897038,84.914728,1.129647,0.050135,0.487000,0.247998,0.184871,13.014632,0.022057,0
7188,60.516048,47.382948,17.501733,0.029551,1.069135,0.378988,0.816170,16.636805,0.011212,0
7189,30.347832,36.665548,0.034160,0.026617,0.185231,0.223655,0.031070,0.914879,0.023978,0
7190,22.480615,27.460268,4.277539,0.051136,1.473334,0.494253,0.536662,10.840011,0.029455,0
7191,20.360460,15.932242,6.102710,0.059115,0.882628,0.414285,0.831165,4.819174,0.031792,0
7192,42.448202,34.056384,9.604577,0.034510,0.313970,0.435524,0.857468,5.358701,0.021749,0
7193,21.909157,28.405755,3.872838,0.055553,1.418172,0.515211,0.504758,10.408049,0.029676,0
7194,20.920357,28.963285,0.085914,0.054771,0.612900,0.224724,0.058175,1.904315,0.031591,0
7195,46.791545,34.200645,13.026945,0.057731,0.156106,0.474243,0.965213,1.421377,0.008769,0
7196,51.789563,55.301968,9.412963,0.033667,1.148256,0.454748,0.574686,21.750590,0.015530,1
7197,49.100503,56.295798,5.867526,0.038853,1.450761,0.317362,0.492355,23.589255,0.021252,1
7198,74.344950,99.013077,4.590141,0.042035,1.489386,0.287705,0.321965,32.529264,0.013735,0
7199,34.423404,24.917982,11.589790,0.029339,1.117420,0.392656,0.856575,8.232890,0.015835,0
7200,74.995542,102.380128,0.134487,0.032683,0.106174,0.484951,0.030823,1.700455,0.005872,0
7201,52.186712,66.029557,3.427808,0.037705,1.294653,0.293593,0.347849,21.944514,0.021199,0
7202,47.325996,54.754125,5.422602,0.051000,0.614023,0.511597,0.466083,14.741061,0.020952,1
7203,36.938672,50.808876,0.288261,0.055127,0.971815,0.191567,0.095083,6.158658,0.024245,0
7204,35.089948,32.448144,6.493557,0.026874,0.523951,0.497280,0.668779,9.212048,0.028714,1
7205,45.116728,61.999009,2.064276,0.025536,0.916861,0.368362,0.255123,13.875635,0.020184,0
7206,79.612709,87.225290,0.451296,0.057323,0.102617,0.243958,0.145897,5.836871,0.036786,1
7207,61.311743,65.024544,8.406486,0.031306,0.555607,0.521504,0.535006,18.161906,0.016674,1
7208,74.715554,79.138295,2.856919,0.024094,0.461893,0.212631,0.401799,19.640920,0.035824,1
7209,51.335104,46.996311,6.277137,0.038207,0.158895,0.448476,0.731484,6.747337,0.035930,1
7210,73.501707,81.564758,8.763211,0.034563,1.112609,0.348495,0.502093,30.929492,0.014765,1
7211,63.777611,77.130141,7.109217,0.041747,0.694337,0.519542,0.438143,20.945975,0.014275,0
7212,57.919856,66.596380,6.548546,0.024609,1.198468,0.359154,0.466757,25.208069,0.017457,1
7213,77.565904,73.932894,8.168278,0.044048,0.512897,0.238448,0.690965,19.571093,0.026598,1
7214,53.356709,43.163252,13.501111,0.044095,0.911711,0.317360,0.837399,12.527053,0.015208,0
7215,42.964786,37.457593,7.147630,0.039934,0.563291,0.249064,0.828338,8.210999,0.031705,1
7216,66.970068,80.117944,0.167412,0.023897,0.477028,0.150072,0.058487,5.400724,0.016821,0
7217,55.803131,47.318523,9.581478,0.034363,0.117615,0.534799,0.844464,4.570702,0.023335,0
7218,61.396568,79.842221,0.002211,0.022932,0.302635,0.154612,0.001516,0.166438,0.000944,0
7219,77.339737,70.390137,15.966331,0.035781,0.743307,0.442183,0.694047,23.388426,0.011897,1
7220,38.597893,41.485672,6.666696,0.037763,1.493815,0.370509,0.575997,18.477589,0.022409,1
7221,50.151684,63.302975,2.434284,0.026818,0.473576,0.451637,0.290124,11.816231,0.021965,0
7222,44.937091,60.198096,0.331842,0.042574,1.001823,0.178183,0.094918,7.597263,0.021076,0
7223,63.824714,75.327731,10.078230,0.030716,0.996101,0.528696,0.503102,25.411917,0.011845,0
7224,39.299308,31.697315,11.553978,0.049850,1.482082,0.315915,0.827252,12.231653,0.016915,0
7225,76.154986,58.165820,18.606448,0.047298,0.222726,0.221189,0.996877,0.340946,0.001193,0
7226,75.028371,96.655406,0.130803,0.055554,0.528914,0.167155,0.037453,4.456734,0.008955,0
7227,52.918271,71.698645,1.221451,0.034243,1.297536,0.223148,0.185931,16.140447,0.019906,0
7228,32.632435,34.595456,3.425605,0.021313,0.935482,0.315421,0.510536,12.587104,0.040059,1
7229,69.823227,70.593396,4.432333,0.058194,0.336846,0.256510,0.552675,16.025718,0.038044,1
7230,67.905696,56.745797,15.186738,0.039617,0.692442,0.350254,0.803960,15.629719,0.013976,0
7231,50.988432,43.720708,9.680267,0.039269,0.822282,0.233488,0.837607,11.359283,0.022757,0
7232,79.291494,103.546315,2.514582,0.047423,1.342607,0.213959,0.243294,28.773857,0.015932,0
7233,54.085524,68.959462,0.070501,0.039834,0.154231,0.308449,0.029089,1.408744,0.010123,0
7234,32.727484,31.574658,5.936370,0.048930,1.476897,0.269815,0.689240,14.046580,0.032910,1
7235,56.321303,49.149313,13.270405,0.055847,0.955181,0.372751,0.758807,17.158169,0.015192,1
7236,64.000399,65.109993,11.595793,0.047803,0.833773,0.474962,0.606079,22.484872,0.013862,1
7237,59.567083,82.455401,7.416827,0.051086,1.247752,0.488041,0.418028,25.982524,0.012025,0
7238,36.872656,36.962368,7.214913,0.038495,0.890248,0.488983,0.617796,13.269853,0.022421,1
7239,21.624111,18.303140,4.625027,0.022364,1.334389,0.240795,0.801167,6.968643,0.046381,0
7240,41.075020,50.338192,1.505026,0.058184,0.884253,0.241150,0.288921,13.198301,0.036686,0
7241,72.327224,64.952700,9.121591,0.039935,0.443698,0.178482,0.867155,10.345188,0.024972,1
7242,43.058421,40.861286,4.558879,0.054432,0.324142,0.304356,0.688186,8.670546,0.047404,1
7243,78.915211,104.941097,1.380711,0.040205,0.372735,0.390722,0.155587,11.509209,0.012690,0
7244,69.137630,91.258210,3.398364,0.021405,0.973625,0.342511,0.277353,22.858399,0.014340,0
7245,73.088212,87.695821,2.412054,0.046963,1.318199,0.167614,0.298436,29.107406,0.024661,0
7246,78.080399,104.831758,0.512658,0.024508,0.277211,0.365631,0.080926,6.165020,0.009977,0
7247,65.423050,63.298191,5.518100,0.040422,0.290935,0.285026,0.643612,13.155611,0.037065,1
7248,41.106317,47.333508,6.650337,0.042344,1.339851,0.425041,0.529736,18.929461,0.019671,1
7249,59.596819,64.710366,3.241368,0.035112,0.535061,0.276282,0.415538,17.000173,0.032378,1
7250,75.049886,95.961266,9.005215,0.056490,0.911086,0.504563,0.435383,28.202837,0.010892,0
7251,75.661664,64.709010,20.854344,0.044369,1.104504,0.443532,0.749738,25.282683,0.009015,0
7252,35.802762,42.475192,3.614792,0.053364,0.673760,0.468146,0.436823,11.576771,0.028633,0
7253,32.681457,27.083080,8.735540,0.042019,1.104824,0.372882,0.786351,10.000496,0.022728,0
7254,65.150919,84.597137,2.962955,0.042222,0.434549,0.481582,0.272179,14.257513,0.016051,0
7255,72.367650,65.216755,11.582257,0.029313,0.245815,0.528200,0.710808,12.265694,0.018038,1
7256,47.748783,47.414620,2.954952,0.022041,0.118318,0.417478,0.555222,6.489489,0.057624,1
7257,55.389624,61.087544,3.319661,0.034082,0.254452,0.474943,0.400244,10.796258,0.029118,1
7258,30.494673,40.188353,0.174058,0.026766,0.270070,0.341100,0.076684,2.281568,0.026633,0
7259,76.717994,71.400162,11.229515,0.043547,1.021505,0.209849,0.743599,24.969702,0.019791,1
7260,34.890014,47.140140,1.323918,0.047800,0.358761,0.535878,0.234649,6.416665,0.027418,0
7261,27.170360,26.611394,1.836127,0.028862,0.413505,0.197594,0.625917,6.620070,0.109753,1
7262,58.973071,72.091068,2.047412,0.056986,1.047511,0.208272,0.289236,20.635138,0.027196,0
7263,39.190722,36.886346,4.906136,0.025688,0.424915,0.344681,0.666631,9.289152,0.041294,1
7264,70.066378,95.863263,1.218192,0.052926,0.281077,0.479832,0.147642,8.569890,0.012943,0
7265,43.338687,33.675059,16.710257,0.046224,1.486011,0.542878,0.792724,15.109134,0.009972,0
7266,49.019331,47.873999,4.537396,0.059343,0.446060,0.251303,0.648953,12.139612,0.045069,1
7267,21.425765,22.684055,2.381280,0.030455,0.627871,0.403843,0.516518,6.767200,0.058137,1
7268,41.856117,41.084944,1.763267,0.043563,0.132264,0.198828,0.645429,5.664695,0.122953,1
7269,32.828292,39.459031,1.657447,0.026528,0.538540,0.380970,0.320195,8.617453,0.038974,0
7270,32.894270,29.265530,8.144715,0.049594,0.969875,0.445864,0.724176,10.825220,0.023135,1
7271,48.934605,49.815811,4.856308,0.027721,1.202703,0.210881,0.572454,21.055380,0.034668,1
7272,59.881704,59.082574,8.258521,0.030264,1.093998,0.279949,0.619954,23.848691,0.021716,1
7273,73.800659,73.443432,7.230809,0.024267,0.927335,0.221532,0.592856,27.580809,0.024650,1
7274,22.153264,22.088124,5.081258,0.054955,1.484488,0.403164,0.661909,9.868551,0.033599,1
7275,71.665790,79.973184,6.536660,0.026942,0.616276,0.411219,0.449508,22.264482,0.017106,1
7276,31.583077,31.336725,3.438977,0.025169,1.256123,0.201609,0.613155,13.549565,0.053638,1
7277,33.464145,36.353510,1.547679,0.040128,0.452413,0.270793,0.395912,8.672207,0.063212,1
7278,50.374532,45.052061,14.345413,0.039709,1.472017,0.447457,0.720660,20.550116,0.012295,1
7279,62.032794,64.724493,6.199203,0.040429,0.434407,0.422389,0.519821,16.290832,0.023072,1
7280,47.595156,36.046076,11.698243,0.033115,0.125177,0.210090,0.999936,0.004350,0.000073,0
7281,74.371415,61.213837,19.406758,0.048483,0.651996,0.476169,0.782552,17.662030,0.010285,0
7282,48.662789,40.234127,9.856487,0.036759,0.479253,0.295838,0.868027,7.201166,0.021448,0
7283,40.920365,32.421110,11.427107,0.021190,1.378634,0.326001,0.809470,13.060539,0.017355,0
7284,78.819290,91.572783,8.894607,0.025844,0.597575,0.535549,0.453048,24.138876,0.012141,1
7285,20.839182,24.527119,3.127652,0.021006,1.332192,0.440070,0.495317,9.594985,0.037687,0
7286,79.930266,91.739941,6.572707,0.054976,0.680551,0.371672,0.430890,25.910094,0.016033,1
7287,64.966451,72.206656,0.169078,0.028526,0.153608,0.181505,0.082545,3.875865,0.032937,1
7288,26.401266,18.765593,8.909401,0.027146,0.689631,0.492279,0.861100,4.853799,0.020512,0
7289,65.002252,71.582033,5.854863,0.030235,0.784630,0.339981,0.463815,22.875971,0.020296,1
7290,58.473757,72.949532,1.077915,0.048339,0.214355,0.447092,0.180093,7.106114,0.021686,0
7291,53.538332,45.508837,12.016860,0.040108,0.854858,0.340284,0.783114,14.537002,0.017434,0
7292,47.638395,37.042563,11.005563,0.023893,0.356049,0.246991,0.966997,2.092877,0.010487,0
7293,35.808607,31.209103,7.087962,0.049417,0.395301,0.477426,0.749578,7.160797,0.029591,1
7294,39.626553,36.202431,7.679791,0.044957,1.281645,0.267375,0.738999,14.580214,0.027096,1
7295,62.816738,59.124054,10.158828,0.059705,0.921178,0.270638,0.717303,20.389213,0.020726,1
7296,75.831560,70.102993,16.593379,0.038399,0.856401,0.463264,0.682351,25.017993,0.010966,1
7297,23.665562,26.954735,1.160742,0.038886,1.164934,0.192117,0.380005,9.725579,0.077592,1
7298,34.688301,40.785486,4.480257,0.036864,1.353612,0.374165,0.484176,16.087866,0.026398,1
7299,33.703102,33.317179,6.037288,0.046221,0.571506,0.543880,0.617086,9.723614,0.027540,1
7300,68.798207,57.413150,14.171436,0.022656,0.908750,0.248766,0.833537,16.373362,0.015302,0
7301,30.333061,28.357829,7.772832,0.039976,1.050340,0.523164,0.681530,11.094763,0.021944,1
7302,32.764930,31.288752,6.216683,0.029439,0.561794,0.547268,0.639754,9.189844,0.027843,1
7303,43.233533,58.726541,0.109643,0.028164,0.646663,0.197683,0.041583,3.091781,0.012940,0
7304,71.333792,51.536407,23.336855,0.036728,1.450152,0.248950,0.921013,12.648168,0.006885,0
7305,57.046768,45.240317,12.421919,0.053111,0.201004,0.319868,0.961057,2.156471,0.010306,0
7306,51.095295,42.086541,9.586475,0.034711,0.185994,0.352459,0.918419,3.324753,0.019426,0
7307,65.925837,69.270677,4.452366,0.024617,1.195510,0.175585,0.496608,28.755876,0.031519,1
7308,29.531658,36.631319,0.420366,0.025655,1.163062,0.162395,0.165477,7.920628,0.048085,0
7309,61.116916,79.372371,5.066000,0.028112,1.155751,0.383507,0.363555,24.663748,0.014897,0
7310,65.441943,57.528710,11.328386,0.032578,0.838809,0.240230,0.793886,17.084241,0.019797,1
7311,78.175360,104.661748,4.535311,0.025471,0.723935,0.441163,0.294417,22.929062,0.011748,0
7312,35.342068,28.908485,7.315055,0.041194,0.634141,0.188976,0.943413,3.201849,0.021391,0
7313,54.304788,38.596795,21.171593,0.056830,1.348617,0.443228,0.857604,14.199048,0.008055,0
7314,47.992965,42.158335,9.580588,0.057272,1.141757,0.213413,0.833775,12.790888,0.022790,1
7315,47.949319,44.146130,10.028622,0.036230,0.599439,0.530719,0.677034,13.326983,0.018220,1
7316,35.518230,37.112043,8.443976,0.039042,1.432082,0.495440,0.624269,16.127387,0.018018,1
7317,23.525886,32.162740,0.017788,0.059197,0.362544,0.220231,0.016584,0.584679,0.013231,0
7318,46.661957,42.743759,10.522039,0.030021,0.706524,0.536127,0.679755,14.030605,0.017012,1
7319,38.343499,44.374642,1.242021,0.052975,0.292426,0.367003,0.288154,7.076322,0.044847,1
7320,78.766767,78.481754,9.098865,0.033841,0.373627,0.444786,0.577608,18.842966,0.018276,1
7321,59.546391,74.125919,1.578634,0.043215,0.202858,0.522867,0.219167,7.923829,0.021069,0
7322,26.474115,20.280090,8.312032,0.032607,1.103246,0.413432,0.819571,7.307521,0.022859,0
7323,52.723071,73.298073,1.770702,0.047123,1.344679,0.254670,0.225585,18.362993,0.019291,0
7324,35.714490,47.056364,1.731412,0.051571,0.919477,0.329946,0.286504,11.655817,0.030121,0
7325,26.184418,24.426934,3.681973,0.051273,0.325609,0.430205,0.682170,5.327942,0.055476,1
7326,25.304775,28.720155,3.446324,0.047895,1.323790,0.354445,0.519509,11.601185,0.038613,1
7327,38.711797,51.137035,2.696373,0.054216,0.691927,0.463200,0.332707,11.699677,0.024359,0
7328,68.973618,96.070474,1.042349,0.021362,1.148262,0.232174,0.133739,15.944150,0.012571,0
7329,22.111709,18.417716,3.832065,0.040065,0.186015,0.161282,0.997195,0.082117,0.005598,0
7330,48.354746,64.272579,1.531389,0.057758,1.148006,0.240659,0.236524,15.978046,0.024734,0
7331,51.865149,47.871824,6.465682,0.042283,0.791348,0.164474,0.802182,12.831760,0.036650,1
7332,33.995368,40.568065,2.164831,0.042778,1.182099,0.258332,0.378720,14.058666,0.039836,0
7333,44.305047,33.991974,13.051266,0.054747,1.434451,0.176241,0.958444,4.716518,0.009504,0
7334,29.989440,33.191296,2.579245,0.057376,0.425402,0.452236,0.454743,7.753033,0.044809,1
7335,36.397491,25.633697,13.268669,0.036964,1.219226,0.406951,0.865461,8.705434,0.013244,0
7336,37.218490,29.775212,9.212594,0.038013,1.045436,0.244068,0.880631,7.584228,0.021458,0
7337,28.257680,31.262481,4.506300,0.031355,1.115770,0.444057,0.537317,11.855732,0.029967,1
7338,30.987332,29.031752,5.227418,0.046406,1.142835,0.258209,0.714407,11.257618,0.039730,1
7339,27.328100,19.942173,8.091468,0.023006,1.273081,0.195938,0.952363,3.059470,0.016423,0
7340,34.262638,34.672720,5.830187,0.029899,1.205702,0.367403,0.603177,14.504167,0.027891,1
7341,25.422351,26.061919,1.603481,0.028448,0.348695,0.296731,0.500966,5.988901,0.089559,1
7342,65.680862,80.182572,1.725566,0.024747,0.680962,0.262277,0.230961,16.496180,0.021410,0
7343,50.321347,65.849923,3.376420,0.045499,1.455556,0.290275,0.343193,22.324220,0.020866,0
7344,61.607207,57.624985,9.164793,0.029751,0.975663,0.256795,0.693116,21.373640,0.022476,1
7345,24.513535,24.368876,5.087551,0.051552,0.965444,0.474139,0.637759,9.030290,0.032829,1
7346,79.546667,60.569140,24.764370,0.040855,0.790391,0.471813,0.825491,18.197410,0.007712,0
7347,35.981511,26.934342,11.123333,0.059357,0.539262,0.509776,0.852287,6.097782,0.017133,0
7348,43.714818,57.414622,0.199000,0.032568,0.145856,0.440725,0.065874,2.138891,0.017412,0
7349,33.287135,27.923701,11.260971,0.044638,1.306531,0.545609,0.753978,11.987846,0.015177,0
7350,28.080181,26.656231,3.273920,0.055205,0.535699,0.252119,0.703519,7.107583,0.066742,1
7351,41.207660,32.965457,9.668705,0.029508,1.185561,0.177328,0.924147,6.406335,0.017945,0
7352,46.106524,44.908708,6.241569,0.025344,0.348653,0.508623,0.605355,10.480015,0.027800,1
7353,24.070669,18.522805,6.026828,0.058114,0.443066,0.184154,0.991995,0.351402,0.007433,0
7354,68.960890,91.334320,3.229304,0.031756,0.629015,0.420951,0.269318,18.061168,0.014343,0
7355,62.158076,77.447969,7.615369,0.030736,1.262793,0.424785,0.444038,27.591326,0.013313,0
7356,28.094343,29.710103,1.603362,0.026469,0.958042,0.180603,0.466333,10.931279,0.080043,1
7357,31.684777,31.507727,7.297063,0.041277,1.342977,0.449397,0.647135,13.640629,0.022513,1
7358,30.448672,23.572897,7.642751,0.032555,0.435464,0.369241,0.890731,3.760150,0.025224,0
7359,72.874599,72.748150,4.970637,0.020185,0.826317,0.163325,0.578584,25.913334,0.036155,1
7360,25.026152,29.763499,1.977574,0.027718,0.780668,0.387040,0.392547,8.499449,0.044914,0
7361,52.676729,40.148070,15.141143,0.050686,0.996578,0.264622,0.911721,8.417756,0.011503,0
7362,61.249332,51.437413,15.860940,0.056471,1.159420,0.326747,0.804619,18.204878,0.012810,0
7363,34.677325,33.963793,4.270470,0.020050,0.450108,0.410183,0.597136,9.004918,0.040560,1
7364,22.551599,19.107372,4.645680,0.046629,1.111429,0.179332,0.893482,4.368203,0.043093,0
7365,59.603284,80.548023,0.430237,0.036628,0.204303,0.441774,0.085219,4.200275,0.013100,0
7366,60.063380,51.567858,12.392340,0.051370,0.328294,0.532498,0.760422,10.688279,0.016948,0
7367,66.055008,90.775642,4.912004,0.057164,0.946994,0.426174,0.334090,23.393284,0.013285,0
7368,74.533085,60.603767,16.477991,0.027870,1.241791,0.160972,0.924494,11.817537,0.010642,0
7369,51.055168,47.112496,5.906926,0.059212,0.160944,0.416586,0.732856,6.736259,0.038544,1
7370,74.108730,103.704631,0.247507,0.030189,0.648753,0.223554,0.047728,5.931653,0.007447,0
7371,50.911226,57.237280,2.071268,0.035490,0.761392,0.217309,0.351841,16.485919,0.038441,1
7372,46.511577,35.333459,13.612321,0.021876,1.311067,0.302258,0.853171,12.241050,0.014279,0
7373,26.008272,32.314923,0.970574,0.024524,0.537832,0.362597,0.263069,6.224222,0.047184,0
7374,74.976620,100.172619,0.020852,0.048786,0.449511,0.162114,0.007989,1.100487,0.002686,0
7375,27.911108,29.296354,3.439035,0.051930,0.420259,0.522429,0.536157,7.188811,0.042030,1
7376,20.259999,17.485211,5.124062,0.042523,0.715375,0.516361,0.734106,5.622343,0.037081,0
7377,73.513009,84.247311,1.684750,0.051332,0.460343,0.231061,0.261000,16.210543,0.028201,1
7378,77.910339,54.855730,25.156338,0.023536,0.897679,0.313040,0.919613,11.014159,0.006457,0
7379,58.096012,68.711255,3.757639,0.043733,1.199797,0.250528,0.388542,24.389581,0.024041,0
7380,73.355195,92.997896,3.464097,0.053060,0.324073,0.539058,0.286480,14.212251,0.015119,0
7381,58.233147,52.250486,13.149485,0.033701,0.949231,0.420379,0.708008,19.483074,0.014398,1
7382,52.687998,71.162698,4.128967,0.028559,0.965072,0.440044,0.338918,18.942090,0.016068,0
7383,38.052699,33.892537,8.696202,0.020480,0.648487,0.537656,0.696570,10.709060,0.021212,1
7384,51.939867,64.480525,1.893337,0.049865,0.460993,0.376868,0.265182,11.554968,0.024654,0
7385,45.448650,62.694980,0.053569,0.046298,0.791381,0.156137,0.023693,2.258850,0.008850,0
7386,38.087312,50.354630,5.161916,0.041470,1.162543,0.510064,0.442335,16.211608,0.018847,0
7387,49.173231,53.921149,3.039006,0.044802,0.635014,0.277601,0.429575,15.388357,0.036102,1
7388,43.129531,59.364710,0.000110,0.024210,0.255832,0.167326,0.000126,0.010755,0.000135,0
7389,39.202671,38.370025,3.483918,0.041965,0.232322,0.383321,0.603086,7.285167,0.053230,1
7390,65.061602,89.991755,0.284136,0.024466,0.967093,0.185410,0.059601,7.582003,0.009989,0
7391,66.652812,76.999587,3.485943,0.030134,0.326680,0.450096,0.346778,14.062902,0.021528,1
7392,53.969347,59.878993,4.307367,0.045162,0.394012,0.458251,0.438192,13.352348,0.025389,1
7393,73.115134,88.886223,5.353014,0.046930,0.906926,0.344045,0.381167,26.536517,0.015909,0
7394,33.613895,44.287815,3.846624,0.043773,0.845672,0.546044,0.411225,12.025296,0.023048,0
7395,79.100941,87.835084,3.341962,0.035846,0.147540,0.524917,0.347376,11.222985,0.023160,1
7396,37.298396,52.198660,0.067929,0.042725,0.218045,0.356180,0.029940,1.183076,0.010950,0
7397,35.321175,48.178965,1.113880,0.029209,0.966840,0.303619,0.213021,10.093454,0.027560,0
7398,63.273766,57.477110,11.539978,0.026627,1.331449,0.255802,0.723483,24.427558,0.017914,1
7399,28.693917,22.178251,7.217001,0.059967,0.520442,0.187732,0.986097,0.734317,0.009128,0
7400,32.780132,29.178636,8.154773,0.049814,0.966782,0.450773,0.723362,10.786039,0.023033,1
7401,20.518159,23.725051,1.592765,0.040706,0.983032,0.301683,0.419892,7.951643,0.063689,1
7402,67.846652,63.824469,8.296562,0.032404,0.422017,0.325859,0.676933,15.824385,0.024998,1
7403,32.843443,36.958723,4.158855,0.043818,1.337893,0.328667,0.513467,15.146834,0.031934,1
7404,67.812126,82.976751,4.994062,0.044166,0.613881,0.441937,0.370163,20.063559,0.016082,0
7405,34.727795,33.213376,2.484733,0.059507,0.248086,0.184351,0.755618,5.430273,0.098451,1
7406,30.116368,31.197014,6.338190,0.034235,1.311381,0.457438,0.610386,13.228576,0.024313,1
7407,60.562044,69.468593,11.600521,0.020567,1.283024,0.521661,0.542962,27.208208,0.011083,1
7408,69.753571,94.621211,1.870119,0.055144,1.211023,0.231231,0.209373,22.083865,0.016209,0
7409,39.153744,36.047079,3.919972,0.049183,0.252833,0.204468,0.835579,4.875973,0.061525,1
7410,23.150550,28.771800,3.861619,0.050565,1.366528,0.480141,0.506566,10.794981,0.030698,0
7411,55.737301,73.652520,0.430393,0.059533,0.795385,0.191366,0.101996,8.850439,0.018717,0
7412,68.550842,78.763039,10.092946,0.049032,0.912904,0.486117,0.511815,26.118307,0.012524,1
7413,71.773044,59.052469,13.350460,0.020647,0.375850,0.202737,0.954881,4.179667,0.010648,0
7414,35.832950,43.168853,2.325449,0.050316,0.766075,0.344614,0.367348,11.813821,0.034851,0
7415,53.335847,41.481774,15.288713,0.050325,1.187182,0.273025,0.883862,11.359169,0.012319,0
7416,39.714685,33.907485,10.878110,0.049880,1.239376,0.393659,0.764516,13.602224,0.017676,0
7417,34.329326,28.160255,6.288712,0.021824,0.170376,0.224854,0.986816,0.480133,0.010635,0
7418,26.031952,28.355964,2.436545,0.037798,0.601326,0.387627,0.476644,8.039457,0.050897,1
7419,59.546105,68.700795,5.600219,0.052385,0.465199,0.517084,0.436418,15.996316,0.018755,1
7420,38.956301,27.734774,13.326983,0.056942,1.358816,0.170379,0.986081,1.612471,0.004589,0
7421,20.297396,25.807800,0.202181,0.056583,0.522049,0.236697,0.125860,3.033421,0.059586,0
7422,71.669277,53.612274,19.611094,0.058925,0.464892,0.242479,0.977473,2.616491,0.004519,0
7423,27.980779,36.373285,0.068464,0.023898,0.264921,0.279370,0.043787,1.335368,0.023045,0
7424,58.119710,69.599659,5.398170,0.041636,1.333734,0.307367,0.430981,26.375650,0.019047,0
7425,41.530026,53.691342,6.359388,0.056217,1.113341,0.535614,0.475628,17.449180,0.016966,0
7426,38.003050,40.692598,1.890751,0.026554,0.984549,0.171339,0.435091,14.843882,0.060928,1
7427,72.065835,77.461149,11.224218,0.042197,0.899084,0.451984,0.553437,27.015941,0.012801,1
7428,28.730117,32.460260,2.629506,0.055878,0.757271,0.357848,0.460008,9.923931,0.044367,1
7429,76.576098,72.538784,18.471818,0.055006,1.453653,0.383705,0.698897,32.154263,0.009831,1
7430,41.222596,39.703393,7.220629,0.043225,1.181853,0.310635,0.666882,16.290332,0.026112,1
7431,58.163298,70.567399,0.003469,0.023595,0.132061,0.187794,0.002954,0.190693,0.002273,0
7432,33.916028,33.878494,3.078953,0.034044,1.225110,0.156991,0.630538,14.167171,0.064036,1
7433,49.001711,68.486752,0.060823,0.058450,0.588629,0.190538,0.023756,2.105119,0.007817,0
7434,30.385979,36.672396,3.652531,0.050605,0.801697,0.495423,0.455943,10.787716,0.029417,0
7435,35.065093,41.305992,2.844428,0.054461,0.950642,0.322042,0.420823,13.369832,0.035518,0
7436,23.112226,25.468062,2.076798,0.020585,1.442430,0.246103,0.468061,11.038354,0.058212,1
7437,38.964067,48.162986,2.043414,0.029563,0.552588,0.409423,0.311871,10.245186,0.029828,0
7438,22.784317,18.669875,4.987780,0.034224,0.671242,0.288866,0.854728,4.260017,0.042322,0
7439,26.513301,25.256253,5.533760,0.036554,1.217190,0.384468,0.666944,10.632209,0.032320,1
7440,29.814765,22.325235,9.159603,0.033255,1.331938,0.290135,0.877716,6.975095,0.020305,0
7441,72.661271,86.862186,2.701683,0.047280,1.158768,0.192317,0.310602,27.617763,0.023473,0
7442,77.479749,103.543581,0.828806,0.052160,0.430708,0.313759,0.115814,9.919458,0.012227,0
7443,61.026018,49.792477,15.037889,0.025065,0.853976,0.364467,0.798414,15.863370,0.013686,0
7444,34.615637,35.194638,3.706028,0.055083,1.035157,0.216116,0.615552,13.456725,0.050200,1
7445,73.596147,71.610990,18.571588,0.040502,1.281315,0.494883,0.663322,30.409269,0.008854,1
7446,59.769444,63.122587,7.600536,0.058756,0.537554,0.470359,0.542104,17.384916,0.019247,1
7447,42.871231,35.013214,11.214988,0.059598,1.191350,0.261590,0.864459,10.187632,0.017786,0
7448,74.951784,59.043980,22.195297,0.049814,1.433089,0.288638,0.857642,20.198416,0.008692,0
7449,38.277909,44.035089,5.364917,0.056757,0.930910,0.456497,0.508802,14.730124,0.023657,1
7450,52.421892,70.732654,5.166854,0.053987,0.929823,0.486377,0.383143,19.294704,0.015525,0
7451,75.151692,56.162469,22.746679,0.038736,0.917348,0.346217,0.875197,14.800838,0.008251,0
7452,47.594636,61.217491,0.365868,0.038510,0.545806,0.230273,0.101867,6.254725,0.021969,0
7453,35.102997,40.800005,0.881366,0.027513,0.263710,0.361214,0.248592,5.711175,0.048657,1
7454,22.626382,17.848796,6.596441,0.053846,1.308694,0.289110,0.863364,5.666484,0.029254,0
7455,40.879479,55.414620,0.046653,0.043212,0.136178,0.388956,0.022390,0.803608,0.009079,0
7456,67.273224,91.910385,2.531812,0.037513,0.598159,0.418519,0.231812,15.868078,0.014006,0
7457,78.036297,103.285304,0.917925,0.054269,1.033874,0.184082,0.134730,17.204090,0.014844,0
7458,42.627617,30.230003,13.451445,0.045220,0.348461,0.504225,0.912511,4.001099,0.012532,0
7459,57.966819,67.525354,1.103190,0.046594,0.245350,0.331739,0.218537,8.469078,0.030967,1
7460,59.086414,54.851169,11.328999,0.036963,0.914080,0.373455,0.684907,20.070284,0.016841,1
7461,28.825371,28.164619,4.612854,0.049456,0.623990,0.432564,0.628933,8.605293,0.038370,1
7462,74.531521,85.147710,4.546773,0.051329,0.540366,0.348799,0.388593,20.999282,0.020057,1
7463,31.609593,38.664475,1.011193,0.027126,0.285544,0.453502,0.248822,5.354109,0.041381,0
7464,66.208682,82.995687,3.651122,0.054663,0.510655,0.439067,0.317614,16.866412,0.017161,0
7465,70.038045,83.767171,7.403399,0.024376,0.911435,0.434374,0.432218,26.289203,0.013537,0
7466,61.427647,56.436269,13.369371,0.042018,1.130148,0.373762,0.702453,22.620705,0.014192,1
7467,42.056281,32.877478,9.978222,0.050753,0.403700,0.258577,0.955952,2.489582,0.013484,0
7468,20.135183,28.147218,0.678001,0.046215,0.394955,0.520769,0.210665,3.653687,0.043815,0
7469,55.982764,70.500295,6.853691,0.054415,1.466920,0.373162,0.457169,26.893976,0.015676,0
7470,41.822176,43.399922,9.630295,0.054134,1.278557,0.488342,0.630952,17.840138,0.016336,1
7471,55.833464,57.724496,6.862980,0.020134,0.535873,0.455794,0.539565,16.225306,0.021309,1
7472,36.619897,34.084867,9.943270,0.022090,1.280874,0.521048,0.678849,14.843351,0.016585,1
7473,20.081715,27.259290,0.996062,0.024085,0.736662,0.419665,0.267947,5.677190,0.045537,0
7474,73.751386,74.241904,9.468200,0.059175,1.067901,0.246280,0.636644,28.603610,0.019995,1
7475,69.226967,62.765736,11.692684,0.031271,0.696873,0.328405,0.717004,19.553574,0.017828,1
7476,20.305342,18.526740,3.968587,0.045290,0.723412,0.404945,0.703153,5.976000,0.049478,1
7477,55.027137,49.806288,10.390379,0.035679,1.426366,0.236758,0.749813,20.892308,0.020431,1
7478,53.270776,65.216752,0.530498,0.031054,0.117127,0.479991,0.129788,3.852380,0.024147,0
7479,50.421266,49.712434,10.348494,0.023581,1.403262,0.396228,0.631319,22.525425,0.015935,1
7480,40.531323,30.381322,10.693683,0.045117,0.399242,0.161311,0.998877,0.095881,0.000906,0
7481,55.534929,76.071484,0.787599,0.033824,1.213134,0.205283,0.136290,13.367432,0.017404,0
7482,47.903866,46.709398,9.667262,0.059595,1.460426,0.314234,0.686359,20.526964,0.019492,1
7483,28.927039,38.687794,1.404326,0.040451,1.210959,0.296142,0.281321,10.739932,0.035790,0
7484,46.889950,62.425379,0.003355,0.052271,0.358501,0.157276,0.002613,0.226749,0.001829,0
7485,75.234320,79.011692,5.926488,0.020114,0.417447,0.373819,0.481136,19.370501,0.021930,1
7486,34.669272,39.588323,1.824453,0.023521,0.493637,0.352021,0.357239,9.088550,0.043514,1
7487,53.869144,54.774847,7.018863,0.043586,0.741250,0.360541,0.581438,18.115722,0.023359,1
7488,27.954052,23.424376,5.304354,0.047732,0.298507,0.361439,0.856814,3.451616,0.040939,0
7489,45.791307,57.643806,0.181714,0.042724,0.556113,0.179763,0.070394,4.604826,0.021968,0
7490,64.664245,76.732838,10.252684,0.055379,1.223331,0.453211,0.517712,28.504804,0.012295,0
7491,70.669393,66.567616,13.960431,0.057772,0.580672,0.515830,0.667856,19.552655,0.013071,1
7492,52.909840,50.613085,7.420145,0.032936,1.312402,0.211454,0.685368,21.521447,0.027702,1
7493,58.369561,42.600164,17.374837,0.052307,0.630743,0.268086,0.959123,4.065726,0.007057,0
7494,75.878929,103.884116,5.812079,0.059506,1.242143,0.362306,0.347154,31.230318,0.012053,0
7495,54.151973,69.602439,3.380302,0.036269,0.789927,0.395901,0.324197,17.304800,0.018870,0
7496,59.459571,72.875260,6.674848,0.049829,1.035481,0.419824,0.443596,23.896432,0.015548,0
7497,48.826714,38.790589,16.588566,0.021231,1.199621,0.547000,0.766122,16.390553,0.010477,0
7498,69.707509,81.532512,3.273803,0.044499,1.453249,0.172573,0.367557,31.659440,0.025979,1
7499,53.562930,47.887559,11.084375,0.038383,0.617269,0.459840,0.710974,14.382259,0.017661,1
7500,50.175753,51.795236,3.375061,0.041595,0.522761,0.249356,0.513783,14.464261,0.044074,1
7501,35.659629,43.864237,0.879980,0.022056,0.579566,0.287471,0.218170,7.999662,0.037759,0
7502,58.314332,74.046951,5.341376,0.049849,1.446711,0.321541,0.406039,27.202094,0.017196,0
7503,37.947157,30.006372,11.190105,0.040395,0.978761,0.421081,0.806973,10.286738,0.017333,0
7504,34.227989,31.713975,4.115402,0.051906,0.508933,0.218492,0.769388,7.425539,0.056999,1
7505,56.508327,41.587219,15.963675,0.022557,0.869339,0.220351,0.954531,5.035894,0.008233,0
7506,26.781518,25.247145,3.240729,0.053057,0.581224,0.240275,0.719722,6.876377,0.068649,1
7507,25.183205,28.267096,3.206570,0.031793,1.062431,0.391126,0.499527,10.355501,0.039295,1
7508,66.563394,62.788388,6.822140,0.025865,0.835495,0.159459,0.732935,20.007107,0.033894,1
7509,78.882078,71.767830,14.415418,0.058930,0.490463,0.441293,0.710169,18.904912,0.014037,1
7510,55.117873,65.564164,1.706634,0.050533,1.093897,0.176876,0.292237,19.803940,0.033692,0
7511,44.769885,40.587985,5.747796,0.036504,0.198797,0.396469,0.753070,6.301640,0.039890,1
7512,30.709861,28.054033,7.757740,0.043173,0.994839,0.497514,0.697403,10.691425,0.022905,1
7513,67.473858,92.839153,6.416051,0.047939,0.936071,0.494203,0.368998,24.626468,0.011693,0
7514,70.399547,84.698057,8.291513,0.030928,0.800359,0.500886,0.446961,24.903550,0.012534,0
7515,66.599327,85.682356,0.491002,0.032593,0.297105,0.319954,0.096463,6.205012,0.014717,0
7516,70.301118,93.150435,0.083336,0.047457,0.498850,0.181126,0.025536,2.954015,0.006615,0
7517,44.574396,46.387165,5.971325,0.055679,1.171886,0.284913,0.593486,18.719333,0.028218,1
7518,51.664333,59.580020,5.472079,0.059422,0.560162,0.500310,0.458355,15.342031,0.020509,1
7519,37.784170,39.883547,3.543180,0.040580,0.423177,0.423333,0.501475,9.805685,0.038340,1
7520,25.131266,32.898888,0.164292,0.059584,0.931244,0.160237,0.095846,4.125850,0.043778,0
7521,69.889901,87.668084,2.485718,0.033412,0.285994,0.503918,0.251177,11.906805,0.016914,0
7522,51.107258,50.130958,9.188198,0.023734,1.367695,0.339249,0.628848,22.589722,0.018640,1
7523,59.142446,66.593153,4.678857,0.042533,0.469987,0.433425,0.427212,15.905313,0.022323,1
7524,55.093124,64.961601,2.118917,0.053314,0.458510,0.329876,0.302739,13.024001,0.028369,0
7525,79.233431,56.754885,24.576853,0.027219,0.632442,0.372244,0.908778,10.335431,0.006993,0
7526,34.592306,42.072358,1.463563,0.028435,1.334612,0.214271,0.303714,13.971846,0.040830,0
7527,72.521431,69.104971,10.162209,0.028839,0.708417,0.320126,0.651598,22.571174,0.018924,1
7528,33.878004,39.506808,1.852566,0.051522,0.798427,0.275091,0.368791,11.417413,0.045292,1
7529,50.335701,44.379293,10.125108,0.040877,1.408264,0.219385,0.798152,16.815674,0.021482,1
7530,36.365940,27.566523,8.960153,0.041037,0.138942,0.284849,0.996695,0.135301,0.002585,0
7531,77.826407,63.812360,18.295391,0.032639,1.211478,0.239415,0.849715,19.997999,0.011383,0
7532,78.178209,98.645547,11.467948,0.047885,0.982869,0.546553,0.471548,30.841630,0.009394,0
7533,55.592445,42.880138,13.355547,0.046664,0.190813,0.413040,0.942787,2.786765,0.011441,0
7534,64.890428,50.364388,21.660316,0.042046,1.422863,0.409822,0.811975,20.869952,0.008500,0
7535,22.091143,30.324113,2.228623,0.042535,0.887629,0.527422,0.377123,7.906132,0.034605,0
7536,75.761011,64.715738,16.068942,0.049465,1.403538,0.157560,0.904809,15.192625,0.011969,0
7537,34.390589,34.015254,3.994289,0.048053,0.915951,0.234084,0.639628,12.317954,0.048575,1
7538,70.202031,90.701075,8.049974,0.056844,0.988998,0.475193,0.425880,27.369969,0.011817,0
7539,33.297420,41.923909,6.210695,0.025504,1.434483,0.541479,0.510151,15.904781,0.018468,0
7540,21.499568,22.908157,4.081105,0.051618,1.183450,0.443869,0.593485,9.073342,0.037368,1
7541,51.761082,59.818990,6.219182,0.039782,1.079905,0.388274,0.479915,21.431636,0.019078,1
7542,70.782083,65.049818,14.115992,0.020339,0.832489,0.424975,0.675569,23.227352,0.013104,1
7543,31.723128,32.887395,2.337030,0.020941,0.394287,0.343288,0.491573,7.945030,0.058327,1
7544,45.490016,45.381052,2.322209,0.057888,0.392329,0.151403,0.622553,10.826478,0.088079,1
7545,73.492727,89.354761,4.495499,0.038888,0.340901,0.545540,0.339927,15.721363,0.015651,0
7546,58.621894,46.262271,16.837339,0.038728,0.740699,0.470905,0.804461,13.933508,0.011624,0
7547,74.969776,56.794784,22.631361,0.031938,0.539652,0.548419,0.824685,14.212822,0.008544,0
7548,53.553627,70.470256,0.932085,0.048909,0.696446,0.264634,0.163958,11.048637,0.020902,0
7549,74.707161,76.096892,14.541189,0.030233,1.225216,0.427442,0.608688,31.757706,0.010865,1
7550,44.309504,31.991799,13.264934,0.042001,0.678212,0.210705,0.983332,1.512672,0.005392,0
7551,31.034786,31.823193,3.098088,0.037630,0.579822,0.334331,0.545560,9.366159,0.050164,1
7552,28.404563,23.485921,8.139948,0.026509,1.287432,0.416366,0.761441,9.986299,0.023090,0
7553,45.111683,62.153328,0.060959,0.053216,0.192546,0.346580,0.024777,1.148263,0.008455,0
7554,20.321142,17.975313,3.503906,0.032568,0.670776,0.294980,0.763913,5.127510,0.062754,1
7555,75.000315,71.449336,14.299630,0.050445,0.686361,0.467533,0.658466,22.806177,0.012635,1
7556,25.045379,29.875356,0.876006,0.025354,0.775601,0.255884,0.280085,7.425998,0.059651,0
7557,22.702130,21.616197,3.048070,0.035284,0.457569,0.382136,0.648520,5.696782,0.063215,1
7558,63.940373,71.852764,11.442104,0.054626,1.049728,0.499530,0.555663,25.880259,0.012072,1
7559,71.643161,57.831666,15.585113,0.040093,0.451497,0.293496,0.899084,8.504808,0.012504,0
7560,27.900138,25.149887,6.240637,0.033877,1.465600,0.317566,0.722844,11.313557,0.031228,1
7561,20.384085,24.534090,2.299986,0.024126,0.678970,0.537423,0.436419,6.615519,0.043633,0
7562,66.645993,80.528690,10.413728,0.036299,1.441021,0.437413,0.500718,31.916745,0.011400,0
7563,32.372474,38.457993,0.107070,0.025052,0.119711,0.320104,0.070392,1.510365,0.037610,0
7564,20.725562,21.210044,1.573172,0.044864,0.831908,0.190155,0.566978,7.434904,0.109416,1
7565,30.860715,34.850955,3.315221,0.021036,1.021463,0.366147,0.465933,12.397669,0.034806,1
7566,67.098904,50.214848,21.233033,0.033060,0.678442,0.515466,0.828387,14.070452,0.008936,0
7567,31.148144,28.745136,6.950141,0.033226,1.357823,0.362539,0.694297,12.726557,0.026647,1
7568,21.982120,30.542655,0.182586,0.045376,1.254925,0.174302,0.097636,4.246666,0.040178,0
7569,24.492198,26.487860,2.107816,0.044912,0.499090,0.389277,0.473760,6.887895,0.059101,1
7570,70.319084,63.073683,14.529428,0.051095,0.909009,0.346309,0.737316,21.861627,0.014044,1
7571,69.838620,55.304738,19.529802,0.057719,1.127457,0.282753,0.873694,15.376356,0.009889,0
7572,41.980187,31.841332,11.511444,0.042098,0.998090,0.166138,0.977336,2.257145,0.007724,0
7573,65.132722,83.402394,5.520326,0.041829,1.369967,0.331032,0.383423,29.105426,0.015128,0
7574,72.568229,71.050666,10.953440,0.044614,1.017620,0.298864,0.644842,27.257844,0.017019,1
7575,25.213396,18.027348,8.501292,0.039248,0.699533,0.479071,0.865667,4.563049,0.021418,0
7576,44.864699,40.235197,6.302296,0.029520,0.746935,0.186544,0.814044,10.383211,0.037022,1
7577,26.782582,24.731254,2.918886,0.028808,0.117747,0.465009,0.725888,3.061637,0.077954,1
7578,34.077032,26.495255,9.397438,0.044899,1.428713,0.174010,0.947635,4.358238,0.015096,0
7579,23.734638,26.784195,1.166922,0.022735,0.856180,0.239726,0.364569,8.251607,0.071366,1
7580,75.742575,83.347703,2.973420,0.030006,0.716456,0.203479,0.365199,24.102348,0.028818,1
7581,44.157901,59.421371,0.001859,0.059639,0.168196,0.233125,0.001576,0.092459,0.001209,0
7582,44.526042,32.572399,14.666197,0.039342,0.918695,0.416683,0.858346,9.575041,0.012616,0
7583,52.560688,51.442430,9.162872,0.021001,1.132859,0.366412,0.622154,21.263617,0.018543,1
7584,26.832572,26.972258,6.354044,0.025698,1.207575,0.524324,0.630409,11.129082,0.024413,1
7585,73.310282,72.608962,5.367820,0.051590,0.108365,0.502358,0.569310,9.481954,0.032409,1
7586,30.484286,40.889625,4.061559,0.038852,1.379736,0.469214,0.436445,14.103469,0.023443,0
7587,46.696879,51.125255,4.719273,0.026379,0.547775,0.448615,0.474748,13.760294,0.025679,1
7588,20.083571,22.206141,2.069463,0.028851,1.310560,0.283160,0.487553,9.167862,0.061249,1
7589,55.249151,48.221966,14.001809,0.034664,1.286482,0.382645,0.736699,20.458491,0.013615,1
7590,33.567269,24.469547,9.400198,0.021848,0.343180,0.337442,0.958713,1.738668,0.013325,0
7591,55.198243,40.364966,15.543737,0.039421,0.226675,0.469672,0.939593,3.147159,0.009702,0
7592,57.680551,44.604206,17.588117,0.056698,1.342559,0.279983,0.882845,13.144670,0.010511,0
7593,56.961068,59.503183,14.505444,0.040350,1.418833,0.533986,0.632843,25.552974,0.010395,1
7594,31.960553,30.102869,7.761394,0.051344,1.193883,0.442873,0.688773,12.341314,0.022850,1
7595,71.576688,85.303831,5.795027,0.038357,0.990519,0.336835,0.404230,27.596409,0.016145,0
7596,44.369690,50.321806,1.072921,0.025900,0.669330,0.192612,0.270917,12.022788,0.047371,1
7597,75.468337,54.134738,21.846999,0.037812,0.247654,0.255171,0.997053,0.338176,0.000940,0
7598,44.350934,34.691885,10.836556,0.052026,0.283270,0.453643,0.884754,4.588736,0.018154,0
7599,26.255172,30.651687,2.343464,0.048535,0.953036,0.339780,0.435867,10.092970,0.045215,1
7600,36.199210,42.156710,1.753407,0.028758,0.619900,0.313452,0.336616,10.402835,0.040856,1
7601,65.796190,67.971099,9.325443,0.053275,0.519810,0.502658,0.566661,18.660061,0.016497,1
7602,45.995025,44.260167,8.793546,0.022319,0.957779,0.426529,0.637593,16.878865,0.019530,1
7603,66.937256,65.478650,7.253745,0.021153,0.344462,0.404898,0.595684,15.219895,0.024355,1
7604,36.139604,37.033073,3.951521,0.026995,0.640898,0.353347,0.546279,11.464431,0.038761,1
7605,47.575611,54.088871,3.918419,0.028586,0.452639,0.475738,0.420577,12.515504,0.025678,1
7606,62.131535,77.076935,1.040244,0.028962,0.272606,0.380213,0.171874,8.266826,0.020661,0
7607,71.432081,94.610380,8.858770,0.021736,1.264674,0.478352,0.419831,31.398116,0.010172,0
7608,73.945471,54.699266,21.037248,0.041464,0.682793,0.243100,0.959262,5.344136,0.005888,0
7609,51.001139,67.330126,4.264055,0.057593,1.313720,0.343644,0.375940,22.183781,0.018891,0
7610,44.634017,52.045561,4.060318,0.021678,0.683465,0.437969,0.419831,14.422651,0.024185,1
7611,36.859036,27.067792,9.990384,0.057254,0.128870,0.250830,0.999812,0.009480,0.000216,0
7612,46.873952,64.001858,1.701744,0.023144,0.754524,0.370774,0.226092,12.244819,0.019921,0
7613,25.291919,19.387812,8.295389,0.031577,1.292068,0.421468,0.810462,7.789838,0.022362,0
7614,50.535460,43.239589,9.930249,0.022760,0.824948,0.288885,0.787271,13.328772,0.021900,0
7615,51.370174,44.171981,11.410073,0.022072,1.024263,0.343924,0.749435,16.540883,0.017794,0
7616,62.899747,62.960272,16.598891,0.045288,1.324421,0.533397,0.656552,26.625211,0.009526,1
7617,37.047309,50.278849,3.968378,0.049807,0.949552,0.510864,0.393752,13.888280,0.020860,0
7618,53.071831,69.180541,2.362825,0.043968,0.858376,0.328039,0.275578,16.423705,0.020708,0
7619,28.738313,31.251544,6.069256,0.051487,1.468428,0.448999,0.601378,13.442022,0.024686,1
7620,58.598528,55.289825,4.486398,0.028982,0.337461,0.152529,0.791210,9.777275,0.055318,1
7621,60.408825,76.617376,0.815636,0.023674,0.476476,0.284291,0.145570,9.529147,0.019277,0
7622,37.523074,38.108938,5.241120,0.033589,0.469743,0.513022,0.570096,10.101011,0.029770,1
7623,40.090121,50.107144,4.699806,0.033502,0.976167,0.477115,0.433267,15.580315,0.020814,0
7624,55.704564,39.329267,16.775465,0.050106,0.196219,0.328611,0.994324,0.399393,0.001996,0
7625,44.330468,35.556538,10.491561,0.051910,0.320246,0.481607,0.842910,6.030852,0.019897,0
7626,53.600152,48.593334,15.290122,0.044958,1.405781,0.468657,0.715002,21.575660,0.011399,1
7627,20.196975,20.504448,4.273231,0.033529,1.319329,0.440620,0.621949,8.819086,0.037191,1
7628,59.460490,47.958028,17.738438,0.024501,1.184865,0.441166,0.772844,19.516326,0.010560,0
7629,79.458100,108.904239,7.336210,0.041381,1.220338,0.419930,0.367400,33.065158,0.010220,0
7630,63.686503,44.955097,19.208846,0.043882,0.243313,0.152614,0.999999,0.000121,0.000001,0
7631,74.534339,77.721718,9.048941,0.035753,0.460874,0.490311,0.535908,20.104512,0.016015,1
7632,75.631572,59.095825,23.269523,0.043129,1.189145,0.384201,0.821413,21.534394,0.008240,0
7633,66.767127,57.152079,11.948679,0.032774,0.843463,0.187805,0.874523,12.656373,0.017923,0
7634,26.304767,20.926232,7.117754,0.024233,0.960860,0.378042,0.806591,7.073718,0.028144,0
7635,55.297823,73.696933,0.342440,0.059424,0.976927,0.162397,0.088907,8.795377,0.018130,0
7636,62.248768,44.727984,21.458387,0.035434,1.121129,0.394523,0.863293,14.434200,0.008422,0
7637,38.572284,31.296530,9.661403,0.056185,1.112918,0.223433,0.897945,7.248017,0.019591,0
7638,75.242180,60.052851,19.660827,0.058378,1.129927,0.208948,0.922668,11.588656,0.008670,0
7639,46.105403,43.164811,8.208781,0.050126,0.643869,0.414476,0.677778,13.268244,0.023389,1
7640,78.121218,64.827772,22.386639,0.037965,0.860565,0.517542,0.756979,22.682711,0.008345,0
7641,20.637154,28.735571,0.383885,0.045022,0.771628,0.294021,0.154315,4.307098,0.044576,0
7642,71.151600,77.796559,7.213892,0.045956,1.027935,0.295593,0.503812,28.777814,0.018708,1
7643,24.559460,31.077402,1.005096,0.053957,0.505602,0.393457,0.272939,5.805344,0.048382,0
7644,41.222237,46.002904,6.824486,0.048267,1.003690,0.478935,0.544664,16.372242,0.020043,1
7645,29.585297,40.262662,0.249551,0.054418,0.675177,0.238192,0.098727,4.226584,0.030026,0
7646,21.741738,23.945064,0.688895,0.059378,0.554533,0.191781,0.354226,6.022887,0.119807,1
7647,22.838172,16.706408,6.554128,0.043168,0.403623,0.352225,0.943730,1.643394,0.022163,0
7648,41.004548,31.251829,11.034736,0.027366,0.427232,0.448267,0.867228,5.752998,0.017866,0
7649,66.796783,83.089174,7.663159,0.055370,1.456657,0.349122,0.453870,31.946832,0.014079,0
7650,44.896161,60.207457,2.590363,0.031776,0.955715,0.375786,0.297218,15.195996,0.020991,0
7651,79.528965,102.960508,5.662295,0.058118,0.493792,0.542585,0.340406,20.486272,0.012089,0
7652,33.870018,44.942617,3.476268,0.021590,1.336484,0.417876,0.388114,15.002502,0.023417,0
7653,38.316843,44.916108,4.076859,0.039951,1.378982,0.315765,0.462328,17.870512,0.027953,1
7654,75.291876,104.044371,0.000062,0.056914,0.187131,0.183107,0.000046,0.006239,0.000032,0
7655,40.237173,49.644700,0.873529,0.049033,1.187852,0.165645,0.226361,13.197301,0.041428,0
7656,27.977963,37.919975,0.306134,0.023142,0.214046,0.484258,0.110660,2.444401,0.030127,0
7657,58.475945,55.327556,9.311020,0.055367,0.331995,0.545415,0.652371,12.448900,0.020106,1
7658,22.998304,25.019380,1.238317,0.053295,0.465825,0.288429,0.419437,6.133939,0.086315,1
7659,62.877757,67.761246,7.070941,0.054320,0.858133,0.338162,0.526573,23.185662,0.020209,1
7660,70.735972,67.510325,7.900759,0.038219,0.344696,0.349342,0.653337,15.328523,0.025441,1
7661,48.702992,61.649771,3.230193,0.055538,0.890551,0.355674,0.349328,17.011797,0.022643,0
7662,33.482905,26.473161,8.168168,0.022247,1.315708,0.197044,0.900049,6.737857,0.023182,0
7663,23.819511,23.738857,3.320418,0.020795,0.845662,0.356234,0.590111,8.514709,0.049816,1
7664,43.625568,54.163395,4.044054,0.047399,1.261939,0.339398,0.412949,19.083752,0.023412,0
7665,32.968916,42.628162,2.418213,0.034252,0.578337,0.516405,0.341825,9.205530,0.028358,0
7666,78.535835,104.349910,10.677631,0.054756,1.497529,0.431743,0.452824,38.072789,0.009547,0
7667,37.629164,51.441699,2.483924,0.029630,1.327278,0.345665,0.313032,15.358786,0.023642,0
7668,24.203340,33.093618,0.457085,0.029808,0.901876,0.266960,0.158364,5.555048,0.039386,0
7669,78.839382,89.161823,2.163419,0.039994,0.688956,0.189420,0.298503,22.701213,0.027986,1
7670,24.501366,27.316460,2.514690,0.034366,0.816806,0.376446,0.473267,8.814207,0.047751,1
7671,24.360557,33.149695,0.048115,0.022871,0.511196,0.217802,0.033974,1.313325,0.019877,0
7672,25.728435,21.226554,5.574425,0.049522,0.683456,0.258939,0.877719,4.311614,0.036805,0
7673,46.155597,62.316061,0.118082,0.051789,0.514150,0.213127,0.043288,3.040418,0.013024,0
7674,30.699305,31.292017,1.436144,0.056121,0.427743,0.170301,0.539640,7.970383,0.116097,1
7675,55.836354,62.702024,1.204300,0.049303,0.192436,0.337559,0.259450,7.936332,0.039188,1
7676,63.384402,81.058984,0.770107,0.039379,0.552059,0.254304,0.137376,10.348001,0.018346,0
7677,32.090808,22.476926,10.830883,0.037637,1.449084,0.155228,0.989015,1.117375,0.004824,0
7678,20.536315,18.520610,2.110879,0.034981,0.119513,0.175175,0.964483,0.555222,0.062883,1
7679,22.355095,26.123426,4.110691,0.036375,1.369578,0.484708,0.538569,10.388288,0.031313,1
7680,21.755928,27.072707,0.474275,0.053538,0.187920,0.502947,0.198314,2.626932,0.058722,0
7681,67.158431,85.595053,5.093275,0.030595,0.886078,0.407292,0.355581,23.548948,0.014467,0
7682,46.372499,32.633978,14.875279,0.046048,0.767556,0.155553,0.998167,0.237908,0.000927,0
7683,57.281620,66.261793,4.011329,0.037243,0.321351,0.535733,0.386565,12.427061,0.021999,1
7684,73.051354,72.143690,4.685605,0.024963,0.589785,0.164076,0.609905,21.526510,0.041685,1
7685,37.847767,51.404774,2.239976,0.052501,1.442059,0.290330,0.313248,16.106904,0.026857,0
7686,28.617586,31.962221,4.014441,0.036983,1.005107,0.426659,0.516897,11.435613,0.032561,1
7687,64.800913,80.880817,0.508865,0.051666,0.803217,0.160191,0.118386,11.507081,0.021298,0
7688,60.824262,52.609566,9.547028,0.023652,0.478728,0.226957,0.858718,9.425129,0.023448,0
7689,79.520494,78.786766,10.388950,0.026516,1.398872,0.231624,0.620278,35.802818,0.017474,1
7690,53.468801,50.510521,12.165827,0.036882,1.001481,0.474639,0.668250,19.418971,0.014290,1
7691,45.893544,50.512474,4.266261,0.048162,0.549502,0.411894,0.470214,13.534237,0.028391,1
7692,43.820062,39.141064,7.673273,0.057726,0.959746,0.203057,0.827826,10.952007,0.029267,1
7693,67.946997,73.389160,8.868223,0.058467,0.835784,0.392350,0.540136,24.655962,0.016286,1
7694,69.831070,74.030296,8.576606,0.047780,0.449795,0.519271,0.527171,18.640480,0.016366,1
7695,70.473806,59.117271,15.145071,0.040675,0.543645,0.378641,0.801837,14.466699,0.014150,0
7696,31.628847,27.232710,9.321133,0.049213,1.162363,0.485684,0.744362,10.964149,0.019414,0
7697,75.975788,69.577319,22.648729,0.046640,1.303433,0.533108,0.708411,29.767425,0.007421,1
7698,36.324449,32.284083,9.983732,0.057136,1.086011,0.479822,0.729045,12.538476,0.018236,1
7699,63.622373,61.784733,14.265182,0.052044,1.104874,0.451314,0.662827,24.425137,0.012101,1
7700,60.608648,44.425647,22.128243,0.039132,1.023601,0.534628,0.820892,16.040128,0.007979,0
7701,56.431393,63.528153,5.248776,0.023744,1.491677,0.260527,0.459427,27.353599,0.022103,1
7702,59.364766,54.655085,10.240571,0.055706,0.584610,0.381742,0.705646,15.645360,0.019893,1
7703,26.171935,24.015467,2.592433,0.042245,0.206482,0.219307,0.841403,2.876965,0.092753,1
7704,71.426909,78.863866,2.320198,0.032035,0.183126,0.396535,0.321222,10.948089,0.029552,1
7705,40.129899,42.506539,5.122686,0.034001,1.373107,0.284349,0.553315,18.592119,0.029569,1
7706,69.185410,63.867098,9.628234,0.027238,0.209142,0.529520,0.682573,11.276406,0.021273,1
7707,75.997568,65.157918,18.073143,0.025495,0.874903,0.419871,0.740536,23.033019,0.010856,0
7708,31.118348,22.867420,9.305951,0.033016,1.254856,0.193409,0.957424,3.159818,0.013445,0
7709,70.034237,86.399714,5.929419,0.056450,1.057262,0.345690,0.403163,27.877863,0.015551,0
7710,27.683390,20.567167,7.770342,0.023473,0.545817,0.364204,0.900858,3.566827,0.023413,0
7711,20.869941,21.091879,2.077895,0.034731,0.349844,0.420014,0.551931,4.882792,0.076293,1
7712,41.057826,38.550750,9.515658,0.048753,1.487051,0.355545,0.701707,17.363202,0.019481,1
7713,54.762539,62.107720,1.017992,0.023211,0.134406,0.409676,0.228999,6.081361,0.036828,1
7714,41.868132,30.932629,12.778901,0.025211,0.516519,0.516526,0.849931,7.017955,0.015006,0
7715,32.175524,25.759204,8.930451,0.040876,0.976636,0.380373,0.812146,8.568545,0.022280,0
7716,46.156889,47.403980,6.324093,0.028797,1.190317,0.308612,0.575727,19.726873,0.025206,1
7717,77.469523,64.531337,13.975814,0.027663,0.511283,0.158198,0.963833,4.396896,0.009058,0
7718,36.189796,26.510010,9.967894,0.034507,0.316559,0.158288,0.999875,0.009943,0.000152,0
7719,65.177394,81.922269,4.547054,0.059387,0.675979,0.421598,0.355492,19.959986,0.016487,0
7720,64.623305,53.935276,16.017190,0.057802,1.272413,0.244524,0.855430,16.581452,0.012761,0
7721,61.187858,74.824106,0.403696,0.039000,0.527237,0.189016,0.106113,8.140623,0.021818,0
7722,30.385688,22.579586,10.459246,0.045011,0.884232,0.516448,0.825412,7.354337,0.017443,0
7723,52.531089,46.354901,7.331926,0.055398,0.183263,0.341543,0.840860,5.452359,0.031567,1
7724,64.239319,45.626268,19.791011,0.033029,0.783394,0.162133,0.995808,0.702454,0.001340,0
7725,66.540368,70.468323,5.748848,0.052232,0.566452,0.328769,0.504589,19.977826,0.024228,1
7726,20.209877,27.507934,0.775775,0.053223,0.457956,0.476566,0.236028,4.212945,0.047262,0
7727,29.742436,30.688301,1.731591,0.034182,0.156279,0.442392,0.475670,4.681960,0.076554,1
7728,34.224168,26.762942,9.835342,0.041479,0.809973,0.420332,0.823302,7.988503,0.020033,0
7729,65.548265,77.810161,7.768600,0.028916,1.283577,0.377907,0.460267,29.479567,0.014145,0
7730,41.605721,57.144570,2.564912,0.058389,0.716391,0.457626,0.302351,12.287151,0.021651,0
7731,63.107832,65.890546,5.322675,0.041062,0.720729,0.267453,0.521463,21.342746,0.027801,1
7732,74.270596,93.286206,1.536114,0.037326,1.221954,0.178436,0.204448,23.289423,0.019364,0
7733,60.984639,58.672681,9.112032,0.051214,1.318602,0.208131,0.713542,23.832629,0.023350,1
7734,56.102944,66.456728,2.363857,0.040562,0.895393,0.241145,0.319548,18.973432,0.027918,0
7735,34.154411,42.269693,0.109094,0.051156,0.126166,0.360719,0.060646,1.457317,0.027450,0
7736,76.173359,106.499884,3.247053,0.036490,1.028878,0.340034,0.244988,24.288884,0.011965,0
7737,32.252926,24.817466,8.908859,0.052220,0.910269,0.254707,0.918568,4.636438,0.019224,0
7738,45.179169,49.170367,4.207722,0.025545,1.371057,0.244753,0.488079,21.095125,0.030798,1
7739,75.111827,54.656992,24.022658,0.045581,1.018562,0.303302,0.910407,12.268784,0.007039,0
7740,48.089881,62.441948,0.583305,0.029263,0.330975,0.354940,0.129354,5.832524,0.021468,0
7741,44.584725,49.135076,4.699099,0.056684,1.389175,0.242007,0.531078,20.900381,0.031275,1
7742,38.128677,31.015699,10.617995,0.035915,1.398907,0.329882,0.803182,12.503820,0.018638,0
7743,68.158447,72.185345,4.280654,0.037514,0.267658,0.402210,0.450832,13.960609,0.027915,1
7744,63.152545,72.735710,2.686920,0.032174,0.266853,0.443426,0.321054,11.682452,0.024755,1
7745,72.811412,53.372985,19.875664,0.045736,0.159121,0.369218,0.987184,0.960386,0.003083,0
7746,29.320343,31.777508,4.461270,0.045236,1.464282,0.329656,0.565040,13.965877,0.033655,1
7747,69.651949,59.132815,14.935707,0.041111,0.680057,0.351816,0.789806,16.562950,0.014270,0
7748,75.258348,68.098847,8.337800,0.056655,0.179105,0.236827,0.874672,6.568448,0.027341,1
7749,42.741678,45.803014,6.598935,0.041411,1.466233,0.329097,0.570648,20.322683,0.023054,1
7750,55.018309,75.901372,6.015034,0.026759,1.245122,0.471304,0.387618,23.513624,0.013237,0
7751,70.465944,83.395449,7.968642,0.037635,1.020127,0.406678,0.455692,28.218037,0.013698,0
7752,64.254498,50.502376,16.747978,0.027763,0.460262,0.486485,0.824702,11.249053,0.012168,0
7753,60.800155,61.745293,14.912761,0.048671,1.256478,0.515437,0.643575,25.408570,0.010613,1
7754,24.608420,25.996585,2.612742,0.028300,1.089447,0.280850,0.525732,10.225681,0.055188,1
7755,45.138575,56.695311,2.078397,0.039715,0.791007,0.322355,0.293847,13.826608,0.026614,0
7756,33.715345,45.385915,0.091474,0.042699,0.544922,0.209512,0.045115,2.363923,0.018215,0
7757,46.054604,61.375241,1.311048,0.034470,1.493651,0.211596,0.217076,16.537901,0.024670,0
7758,38.867092,36.110219,8.946200,0.039846,1.002312,0.457384,0.683263,13.855394,0.020006,1
7759,62.078197,54.375293,16.072233,0.053898,1.197958,0.389356,0.750313,21.577093,0.012004,1
7760,75.660063,94.428577,6.588220,0.056247,0.933554,0.390143,0.397406,28.194195,0.013523,0
7761,51.271468,48.676149,9.918996,0.024909,1.336009,0.339401,0.660340,21.706086,0.018210,1
7762,52.244800,56.859289,4.312671,0.040232,1.012646,0.252727,0.481874,20.952378,0.029994,1
7763,71.416664,82.862450,10.075024,0.031042,1.301463,0.404823,0.498611,32.502959,0.012096,1
7764,62.850425,60.863321,12.269593,0.020100,1.237142,0.387968,0.636019,26.251558,0.013846,1
7765,56.814108,61.000749,8.419169,0.026689,0.982068,0.423913,0.541093,22.342146,0.016626,1
7766,40.147338,40.807264,4.889285,0.038957,0.566353,0.398628,0.567179,11.882125,0.032653,1
7767,70.300608,73.000471,8.353984,0.039518,0.552513,0.425521,0.543015,20.725558,0.017837,1
7768,40.802043,40.393919,4.327665,0.031760,0.887976,0.233634,0.611734,14.733224,0.042658,1
7769,28.423537,26.912172,2.069788,0.043339,0.167680,0.220364,0.767660,3.554204,0.119060,1
7770,42.643688,37.887039,10.135705,0.054014,0.982546,0.403320,0.735154,13.841145,0.019207,1
7771,52.550296,61.397591,0.022791,0.024914,0.141987,0.187971,0.017366,0.850173,0.011535,1
7772,25.891830,22.845361,6.556088,0.024587,0.844873,0.524046,0.706726,8.189233,0.027590,1
7773,71.255408,98.343226,0.311213,0.054056,0.159500,0.471494,0.058080,3.304549,0.008654,0
7774,74.126352,79.282649,4.546750,0.022051,1.203045,0.180351,0.457419,32.250790,0.027052,1
7775,27.111934,36.339541,0.331645,0.024006,0.185637,0.522164,0.121050,2.351122,0.032998,0
7776,26.443555,34.610102,0.192358,0.021611,1.204979,0.158739,0.095445,4.923104,0.036807,0
7777,52.063303,72.785684,2.384708,0.032401,1.330362,0.304524,0.256046,19.324083,0.017597,0
7778,43.274360,52.531835,3.049986,0.025912,0.577586,0.448843,0.361716,12.324129,0.025385,0
7779,47.480937,35.788524,15.082110,0.043412,1.206073,0.345748,0.858201,11.707028,0.012453,0
7780,60.400590,63.647567,9.572894,0.054700,1.007788,0.395406,0.581383,23.684908,0.016292,1
7781,59.576030,67.302996,3.864074,0.026879,0.843652,0.284271,0.401425,21.160622,0.024859,1
7782,61.586538,61.453097,4.210161,0.050371,0.668581,0.152228,0.636914,18.894638,0.048946,1
7783,60.739669,63.318588,3.645579,0.033621,0.627468,0.219150,0.487551,19.185213,0.037817,1
7784,40.055125,39.013409,5.585873,0.046892,0.712428,0.331428,0.638140,12.670830,0.033447,1
7785,67.777058,77.795632,0.490361,0.031087,0.365436,0.181700,0.136371,8.957600,0.029367,1
7786,76.743305,101.346084,1.570930,0.042963,0.218715,0.534161,0.170898,9.112910,0.013244,0
7787,64.828567,67.698433,6.753377,0.031161,0.437544,0.444495,0.518368,17.089400,0.020908,1
7788,66.834516,71.518635,5.266203,0.057355,0.269328,0.487905,0.468154,13.793202,0.023499,1
7789,28.432327,21.031657,8.191605,0.031366,0.850215,0.263300,0.929636,3.534131,0.019529,0
7790,25.233296,34.503253,3.161978,0.024553,1.262233,0.500640,0.412955,11.039480,0.027437,0
7791,60.977363,56.575334,16.796935,0.043921,1.319751,0.489468,0.697593,24.444062,0.010177,1
7792,48.156075,50.585825,4.498437,0.035508,0.507414,0.377101,0.507234,13.682674,0.030835,1
7793,76.823553,86.048713,5.085692,0.020280,0.306329,0.490395,0.397735,16.402432,0.018501,1
7794,41.859525,38.530695,10.952073,0.057815,1.221024,0.449218,0.711353,15.798431,0.016438,1
7795,30.430839,29.638566,8.192898,0.056277,1.163158,0.549440,0.674102,11.825583,0.019982,1
7796,50.693654,64.673310,0.064805,0.031433,0.165284,0.298605,0.028541,1.345418,0.010608,0
7797,78.531431,55.158557,25.155173,0.057216,0.531229,0.272671,0.978820,2.909270,0.003257,0
7798,33.504006,40.575427,5.658297,0.038887,1.143474,0.528767,0.509047,14.289214,0.021053,0
7799,32.162425,43.078065,3.636689,0.034728,1.157711,0.472763,0.404747,13.410300,0.023686,0
7800,27.992131,22.161027,6.690465,0.023791,1.401912,0.151632,0.942557,3.815426,0.022907,0
7801,43.341829,33.490045,13.827975,0.056908,1.308251,0.342971,0.851591,11.476587,0.013616,0
7802,45.528292,49.048881,1.143858,0.031919,0.416672,0.190391,0.331275,10.659460,0.064823,1
7803,46.787005,52.784357,8.671508,0.049563,1.402313,0.439225,0.564271,21.815876,0.016180,1
7804,38.479938,50.862986,0.699332,0.057291,1.425738,0.165521,0.184180,12.230687,0.035002,0
7805,56.261038,64.714685,1.993990,0.059696,0.513091,0.266475,0.316512,14.345287,0.033147,1
7806,32.996699,34.280336,3.083069,0.056961,0.552406,0.326031,0.537253,9.741165,0.049677,1
7807,44.608973,50.769628,1.791022,0.050269,0.213561,0.457360,0.324344,7.413478,0.038142,1
7808,48.441550,66.315928,4.986431,0.047809,0.911075,0.519738,0.383139,17.648957,0.015883,0
7809,59.980721,60.117369,4.819762,0.049132,0.134680,0.535946,0.547923,8.718145,0.033572,1
7810,48.214107,45.217024,5.592887,0.049137,0.826963,0.150276,0.798227,12.340038,0.042716,1
7811,73.232703,96.700416,4.868996,0.024895,0.857817,0.418722,0.319963,24.254492,0.012591,0
7812,28.270740,29.833631,0.985298,0.043563,0.231082,0.277228,0.396815,5.239258,0.102328,1
7813,69.859485,88.020316,1.737742,0.030300,1.497863,0.174720,0.223182,25.524376,0.019984,0
7814,46.580196,35.325598,12.232495,0.043892,0.349900,0.386852,0.917756,4.182650,0.014242,0
7815,22.599649,22.826398,4.240064,0.030721,0.842306,0.498817,0.603962,7.992017,0.037243,1
7816,29.665919,26.038704,5.407248,0.024662,0.319792,0.501592,0.735457,5.490092,0.038891,1
7817,36.671550,44.217338,4.199805,0.045435,0.699175,0.521270,0.444932,12.116255,0.024721,0
7818,70.676472,52.886531,21.837224,0.038073,1.283284,0.290058,0.884045,15.632215,0.008407,0
7819,60.343276,82.377352,0.008588,0.050723,0.231790,0.231403,0.004236,0.362305,0.001855,0
7820,42.808167,56.150451,2.015939,0.022698,0.864119,0.353219,0.273463,13.241313,0.023673,0
7821,67.378514,72.109592,6.492716,0.037802,0.333645,0.519738,0.486468,15.517574,0.019711,1
7822,59.492239,72.040376,6.273166,0.023628,1.200311,0.382615,0.428850,25.587992,0.015742,0
7823,42.554912,33.933772,9.344701,0.051246,0.383793,0.214596,0.972398,1.673764,0.011222,0
7824,38.745116,34.847797,5.272963,0.038486,0.168083,0.456372,0.756390,4.978286,0.043232,1
7825,21.329158,16.610850,6.795586,0.043743,1.108261,0.436099,0.810498,6.083431,0.027668,0
7826,33.806237,42.685045,0.334947,0.044412,0.771819,0.186861,0.129308,6.259695,0.037977,0
7827,32.301895,40.097974,1.024350,0.023701,0.413472,0.388881,0.241844,6.483997,0.038648,0
7828,52.876191,59.513515,5.474579,0.040008,0.965628,0.347510,0.475119,20.688516,0.022051,1
7829,75.449934,81.011892,13.348091,0.030679,0.964220,0.498437,0.563495,29.181628,0.010666,1
7830,21.462086,23.394934,1.486338,0.044156,0.637390,0.294069,0.448272,6.778185,0.078508,1
7831,63.061275,45.040381,19.740015,0.053251,0.668245,0.250080,0.972731,3.239869,0.004875,0
7832,23.165053,24.266941,1.850308,0.022566,1.467147,0.178023,0.518285,11.182108,0.079783,1
7833,55.706994,48.746260,9.648012,0.053220,0.674324,0.229539,0.839590,11.148939,0.023211,1
7834,63.157996,66.514203,10.843115,0.058918,1.366941,0.343984,0.607421,28.384190,0.015133,1
7835,55.078824,67.311267,4.936338,0.029070,0.546144,0.535874,0.394216,15.664316,0.017643,0
7836,45.956923,32.221023,15.667269,0.043987,1.272806,0.217423,0.963949,4.104631,0.007023,0
7837,21.808382,19.715599,4.771492,0.057340,1.399042,0.274401,0.764322,7.939511,0.043484,1
7838,70.155860,70.807729,10.756585,0.033378,1.016083,0.356389,0.598042,27.356008,0.015349,1
7839,37.626767,27.948412,10.658008,0.031627,0.295129,0.540502,0.883229,4.010945,0.017760,0
7840,77.940329,99.714078,1.313269,0.037664,0.425508,0.325913,0.164248,12.583167,0.014937,0
7841,43.218395,31.610635,14.213115,0.022912,0.848338,0.470767,0.837188,9.796053,0.013132,0
7842,61.478429,58.214902,8.825189,0.029321,1.005991,0.256100,0.675667,22.174467,0.022772,1
7843,38.848011,48.867229,0.195699,0.042511,0.394968,0.230187,0.081103,3.667375,0.026729,0
7844,37.102246,32.087391,9.568665,0.041069,1.003007,0.438520,0.740223,12.047415,0.019898,0
7845,33.196606,23.450215,10.567446,0.024594,1.052713,0.248522,0.944319,3.825904,0.013270,0
7846,38.341169,46.882104,3.387229,0.027371,0.976249,0.389155,0.396933,14.605958,0.026153,0
7847,62.488880,60.753441,7.985802,0.047159,0.444334,0.394356,0.624869,15.796773,0.023087,1
7848,24.674730,28.787409,0.919708,0.050135,0.783925,0.226287,0.318073,7.792890,0.072154,1
7849,35.492985,38.343743,4.831778,0.035455,0.774427,0.448413,0.528344,12.429249,0.028412,1
7850,53.885094,64.510712,1.147657,0.049160,0.314557,0.334611,0.216876,8.875029,0.029040,0
7851,22.026076,19.033703,3.158573,0.038275,0.136059,0.280352,0.934994,1.030217,0.055670,0
7852,79.246974,103.651307,10.426398,0.040045,1.255939,0.472835,0.441657,35.050926,0.009398,0
7853,36.012179,39.341671,1.078010,0.026854,0.650085,0.179045,0.337449,10.608224,0.070277,1
7854,53.493103,41.101286,15.234218,0.056859,1.105204,0.214842,0.940367,6.666945,0.009812,0
7855,48.256315,58.734798,3.865274,0.056831,0.501576,0.505386,0.385750,13.071286,0.022144,0
7856,26.225261,18.860679,9.496176,0.058259,1.467042,0.318914,0.897564,5.673218,0.017631,0
7857,23.033799,26.102198,2.184619,0.057469,0.510774,0.467865,0.452627,6.520992,0.051432,1
7858,58.975627,53.028094,8.824007,0.031567,1.081776,0.165052,0.816998,16.263024,0.026188,1
7859,50.506075,52.631330,6.837734,0.054627,1.168208,0.291787,0.590698,21.212531,0.024396,1
7860,46.968381,48.343629,4.961940,0.049735,0.553914,0.358840,0.551173,13.830697,0.031542,1
7861,74.837346,86.453415,2.109808,0.026592,0.396655,0.298954,0.268889,15.552129,0.023417,1
7862,40.815592,40.203043,2.798913,0.059129,0.357027,0.208284,0.638090,9.140580,0.073784,1
7863,59.158926,41.952462,18.483380,0.032367,0.669745,0.302810,0.945009,5.385009,0.007587,0
7864,49.884641,55.883892,7.803522,0.045229,0.916916,0.487819,0.531572,18.996728,0.017067,1
7865,73.203029,89.020389,2.519750,0.058452,0.210519,0.528959,0.263039,10.959741,0.018367,0
7866,62.702228,66.602767,7.387560,0.050254,0.450866,0.501144,0.522425,16.769874,0.018878,1
7867,59.911256,68.319851,3.648268,0.034312,0.370207,0.439254,0.378185,13.859218,0.023744,1
7868,21.013924,24.142582,0.839255,0.033388,1.173338,0.180467,0.340225,8.342508,0.089220,1
7869,69.147163,55.268344,18.867910,0.048290,0.619122,0.476794,0.806329,14.938445,0.010584,0
7870,71.742915,76.857613,8.520740,0.053933,0.766220,0.375231,0.532031,24.972560,0.016875,1
7871,54.719044,54.925956,5.609254,0.039222,0.621940,0.295939,0.581230,16.857507,0.030589,1
7872,40.612787,56.677786,0.354139,0.030255,0.570699,0.291570,0.092644,5.090359,0.018547,0
7873,55.446880,74.170923,7.406288,0.053690,1.203010,0.493603,0.441406,23.999574,0.013146,0
7874,75.231704,65.041559,14.618733,0.035408,0.741712,0.302751,0.785033,18.929804,0.014894,0
7875,59.137019,58.028918,7.812553,0.035291,0.962862,0.274451,0.629704,21.915469,0.023714,1
7876,41.184631,52.000948,4.950748,0.058960,0.941471,0.483062,0.442458,15.776099,0.020451,0
7877,49.146837,42.741207,11.288510,0.049066,1.043473,0.335670,0.766703,15.365666,0.018162,1
7878,33.795328,36.839166,2.800843,0.057600,0.455361,0.401554,0.465741,9.064407,0.043404,1
7879,37.515858,31.926426,9.834709,0.048312,1.103413,0.388853,0.767215,12.046733,0.019949,0
7880,56.858062,63.835018,4.148662,0.057497,0.604145,0.341711,0.431641,17.371362,0.026029,1
7881,21.219674,20.028252,2.489403,0.034535,0.282396,0.393305,0.665543,4.105506,0.082092,1
7882,21.359868,27.963066,0.655066,0.031815,0.954433,0.274482,0.224460,6.249913,0.052290,0
7883,47.940091,41.883544,6.293850,0.021062,0.106079,0.293096,0.931354,2.065150,0.028901,1
7884,27.453301,19.647080,9.431608,0.030965,1.302977,0.351249,0.871923,6.561122,0.019021,0
7885,30.764545,22.541412,8.897533,0.024998,1.142813,0.160287,0.980654,1.548066,0.008929,0
7886,55.233820,39.184380,17.191011,0.031553,0.710800,0.277767,0.953405,4.539278,0.007536,0
7887,20.233943,27.822526,1.145605,0.042900,0.823748,0.416449,0.287695,6.262653,0.044590,0
7888,67.851307,76.369115,6.654812,0.037949,1.167077,0.298510,0.472840,29.174949,0.018190,1
7889,69.388034,90.601162,1.208376,0.041706,0.292929,0.423457,0.159623,9.123463,0.015276,0
7890,25.015924,33.789453,0.258207,0.045818,0.828154,0.221297,0.114349,4.400975,0.038373,0
7891,35.866081,28.144145,9.511494,0.039696,0.469598,0.483452,0.829894,6.222047,0.021305,0
7892,52.023405,45.318864,7.431755,0.044879,0.162470,0.318064,0.884377,4.085853,0.029215,1
7893,79.061232,98.497006,10.421647,0.020489,1.231708,0.461118,0.450534,34.735365,0.009784,0
7894,31.676799,35.163056,1.266093,0.042864,0.726390,0.203377,0.368409,10.179142,0.068668,1
7895,47.413501,34.415624,13.465045,0.046310,0.157399,0.530679,0.951711,1.886823,0.010048,0
7896,66.643575,68.536856,1.693541,0.021801,0.178219,0.213157,0.411716,10.947980,0.064888,1
7897,78.548630,76.904038,16.596838,0.048206,1.280770,0.392171,0.658619,32.622208,0.010527,1
7898,76.869567,66.206843,17.026633,0.054589,0.736846,0.370705,0.774809,19.799133,0.012267,0
7899,34.786708,29.437956,10.345367,0.020512,1.154033,0.515677,0.732728,12.293303,0.017070,0
7900,21.105079,24.095507,2.000219,0.043136,0.946647,0.339737,0.455384,8.140738,0.056827,1
7901,71.145820,82.638218,2.183711,0.024621,1.194607,0.169959,0.289491,26.595969,0.025879,1
7902,21.711711,17.435463,6.508897,0.039761,1.033811,0.450901,0.787370,6.408803,0.029165,0
7903,31.503820,30.145191,8.956505,0.057429,1.343897,0.518692,0.692277,12.842967,0.018564,1
7904,69.098303,81.657964,14.410123,0.048567,1.379149,0.531574,0.560367,32.001670,0.009142,0
7905,21.487300,28.903630,0.278184,0.024472,0.878037,0.235965,0.128551,4.226366,0.044182,0
7906,71.129557,74.990602,10.304514,0.024701,1.475945,0.315001,0.559020,34.096328,0.014495,1
7907,39.912467,42.358893,2.130851,0.046465,0.986813,0.150518,0.493440,15.815296,0.066840,1
7908,25.337626,18.358242,8.259100,0.032532,1.310439,0.296825,0.893182,5.340016,0.021384,0
7909,47.022275,60.870950,0.130315,0.024745,0.119833,0.424065,0.047973,1.624203,0.014455,0
7910,77.833551,89.504731,7.748608,0.040795,0.465573,0.539992,0.442975,20.970244,0.013769,1
7911,51.684593,49.692428,8.970241,0.058681,0.636796,0.437567,0.653275,15.224109,0.020453,1
7912,61.230371,52.807401,11.630003,0.034270,0.883278,0.246081,0.812304,15.499032,0.019019,0
7913,73.733137,71.389092,7.090474,0.057269,0.495902,0.228939,0.676222,18.658994,0.030231,1
7914,64.730287,74.887958,11.215709,0.053282,1.388678,0.432118,0.545247,30.235216,0.012025,1
7915,38.874300,40.697439,8.297951,0.020928,1.422294,0.467733,0.598748,17.926023,0.017831,1
7916,35.108621,29.123018,8.315106,0.022390,0.425114,0.546792,0.767076,6.999978,0.024431,0
7917,72.192149,76.865809,13.731471,0.042264,1.101144,0.474632,0.585709,29.521755,0.010838,1
7918,70.685911,60.998641,18.692375,0.045394,0.743647,0.541376,0.732849,20.047638,0.009966,0
7919,60.961363,80.977691,8.919809,0.043283,1.284557,0.507462,0.456432,27.399413,0.011310,0
7920,42.645304,41.173976,6.349554,0.025382,1.193352,0.272330,0.643781,17.364619,0.029380,1
7921,56.514347,56.177856,11.550975,0.058340,1.417013,0.351033,0.663144,24.561637,0.015460,1
7922,52.343713,63.191370,4.762270,0.027604,0.740171,0.448788,0.404463,17.447906,0.019171,0
7923,64.267153,56.007974,13.592200,0.044546,1.266083,0.244521,0.800248,20.229989,0.015821,1
7924,59.122349,51.053725,13.279567,0.053920,0.471326,0.521797,0.745263,13.026611,0.015153,0
7925,35.412960,47.794595,0.008478,0.024691,0.434318,0.173290,0.006672,0.435908,0.004618,0
7926,34.526794,33.479686,5.934402,0.029686,1.398568,0.296186,0.648617,15.145689,0.030671,1
7927,64.049352,58.377902,10.448024,0.037283,1.058115,0.228578,0.751644,20.863132,0.021027,1
7928,64.043534,46.042638,19.204970,0.034247,0.509269,0.333287,0.942912,5.235781,0.007521,0
7929,60.792154,62.104261,7.518905,0.043831,0.932054,0.299309,0.583931,22.894029,0.022206,1
7930,76.038276,104.103827,2.985871,0.022868,0.914591,0.346451,0.235954,22.396532,0.012225,0
7931,31.065160,32.253407,1.083671,0.048154,0.363876,0.182172,0.449396,7.415627,0.115922,1
7932,77.198245,64.596644,17.862673,0.056678,1.024919,0.249155,0.856097,17.722171,0.011645,0
7933,76.057814,73.933692,12.490740,0.058855,1.444743,0.225232,0.710236,31.281367,0.016618,1
7934,69.865240,58.365052,12.399200,0.023365,0.417017,0.212615,0.926405,6.294952,0.014545,0
7935,57.933138,58.771831,14.031707,0.033280,1.207322,0.537450,0.632684,23.977193,0.011010,1
7936,22.992352,17.107579,8.132118,0.055502,1.081925,0.468200,0.834938,5.938086,0.022174,0
7937,49.389025,43.894444,6.119411,0.040378,0.118832,0.340254,0.865437,3.688316,0.037396,1
7938,40.654754,44.909313,3.584299,0.048036,1.120341,0.255301,0.486417,17.157129,0.036293,1
7939,55.118221,44.322884,12.240004,0.051434,0.270243,0.427498,0.875855,5.870099,0.016725,0
7940,66.075734,53.304854,21.999685,0.025324,1.380466,0.498015,0.764042,23.910816,0.007966,0
7941,41.142757,31.836425,10.338580,0.027258,0.501477,0.346268,0.889550,5.494545,0.018693,0
7942,76.984721,71.558054,16.427744,0.055669,0.956939,0.402030,0.697758,26.272368,0.011523,1
7943,41.731948,58.157117,0.897219,0.040930,0.362379,0.468682,0.162884,6.184048,0.020907,0
7944,20.038932,23.874991,0.382074,0.026789,0.473098,0.259678,0.206000,3.927495,0.079612,0
7945,78.008986,103.311565,0.544701,0.024681,0.399256,0.295661,0.087299,7.824823,0.010893,0
7946,55.540189,72.591096,6.388468,0.050046,1.452526,0.389603,0.428340,26.272213,0.015050,0
7947,28.539922,21.456880,9.549702,0.041563,0.934438,0.488435,0.821866,7.191918,0.019346,0
7948,39.356351,28.642907,13.084801,0.058767,0.693192,0.468230,0.867468,7.024751,0.013973,0
7949,22.026330,28.904608,0.544860,0.034591,0.760365,0.288696,0.197888,5.342861,0.050168,0
7950,55.708655,59.687345,4.031159,0.042946,1.019278,0.207578,0.493811,22.435039,0.034167,1
7951,35.434161,45.664736,0.815498,0.037936,1.028562,0.223041,0.201651,10.110663,0.035101,0
7952,20.461462,18.790194,2.629600,0.039291,0.176786,0.478721,0.711741,2.936587,0.082878,1
7953,37.123920,48.017114,3.242837,0.025010,1.086390,0.407825,0.371140,14.624333,0.023950,0
7954,29.100788,33.709004,0.977349,0.035700,0.299800,0.376638,0.288490,5.440850,0.056899,1
7955,23.022450,18.586389,5.988464,0.038493,0.548572,0.493395,0.795658,4.835571,0.033707,0
7956,31.236385,29.463085,5.527525,0.031831,0.766087,0.400299,0.659682,10.021270,0.033492,1
7957,35.396146,43.914062,2.564480,0.023452,0.807216,0.400800,0.357111,11.864306,0.029269,0
7958,54.154610,50.743853,4.447580,0.028028,0.115620,0.312284,0.756861,5.764996,0.054443,1
7959,31.994842,35.330105,4.910308,0.054241,1.097255,0.408793,0.548361,13.272020,0.028905,1
7960,61.340553,69.063900,5.770425,0.030440,1.479680,0.256503,0.468232,29.673028,0.020778,1
7961,27.580018,28.682641,1.442135,0.030806,0.234626,0.343072,0.456478,5.297834,0.086526,1
7962,77.455737,106.476008,8.824047,0.035570,1.141236,0.496065,0.397856,31.922447,0.009399,0
7963,72.527348,96.979085,0.548781,0.028072,0.996035,0.186432,0.093724,12.112693,0.012401,0
7964,74.886530,55.332330,20.671099,0.039478,0.514246,0.158791,0.998091,0.326419,0.000713,0
7965,74.414736,67.046538,8.424774,0.059744,0.139907,0.274557,0.874524,5.744990,0.027008,1
7966,72.605894,73.871569,10.676119,0.029644,1.028376,0.351150,0.585165,28.701767,0.015077,1
7967,35.459072,48.428536,0.328608,0.030987,0.185324,0.507244,0.098179,2.643193,0.022363,0
7968,48.802157,54.661290,1.424045,0.022837,1.012371,0.157095,0.311355,17.356125,0.045822,1
7969,76.270463,67.884678,12.180349,0.047284,0.632438,0.244522,0.802333,16.861353,0.018743,1
7970,63.984282,65.313206,7.300112,0.031142,1.299254,0.231529,0.582141,28.476861,0.023123,1
7971,69.901301,64.898342,12.833756,0.051748,0.676616,0.404231,0.689663,20.294685,0.015186,1
7972,46.503553,40.687045,13.478349,0.027217,1.169881,0.521312,0.717480,17.005131,0.012893,1
7973,29.018964,36.664114,0.950415,0.027440,0.693948,0.310952,0.242043,7.549722,0.041548,0
7974,33.293109,26.474532,7.472845,0.054696,0.434818,0.192377,0.980178,1.054922,0.011378,0
7975,78.352375,55.120811,30.407971,0.054260,1.021533,0.523583,0.849413,18.512342,0.005638,0
7976,28.639136,34.044656,0.912713,0.034104,0.250289,0.442771,0.263940,4.683432,0.051526,0
7977,40.758394,37.471731,3.904617,0.022658,0.262476,0.196111,0.827982,5.324175,0.062262,1
7978,72.528486,51.338489,25.721591,0.050745,1.070012,0.377155,0.888755,14.221507,0.006699,0
7979,63.846522,73.844170,8.510470,0.035308,0.737782,0.526533,0.484871,21.862452,0.013806,1
7980,78.316280,90.525003,2.953515,0.037916,0.376218,0.348615,0.307172,16.879088,0.020983,1
7981,65.478203,76.442135,1.198826,0.047215,0.820740,0.159623,0.232601,18.125661,0.032270,1
7982,66.598119,56.484700,12.581746,0.024559,1.018973,0.195784,0.855163,15.310955,0.017304,0
7983,22.139459,29.604064,1.990493,0.034478,0.946382,0.465111,0.365501,8.099255,0.037539,0
7984,57.564932,65.281877,2.726300,0.020317,0.781860,0.253385,0.352507,18.902254,0.028793,1
7985,26.544602,30.889605,0.802626,0.038007,0.448069,0.291372,0.276787,5.947712,0.064655,1
7986,28.591924,39.195501,3.666451,0.023384,1.406787,0.480946,0.416802,13.233781,0.023926,0
7987,49.302421,61.214631,2.059802,0.025291,0.311620,0.506303,0.275420,9.190241,0.023964,0
7988,73.869170,75.800000,8.794161,0.046698,1.318221,0.224004,0.605504,32.644882,0.020260,1
7989,39.737256,31.600753,12.070570,0.059410,1.183528,0.368551,0.828247,11.011614,0.015987,0
7990,59.351865,72.543695,1.268940,0.033440,0.413963,0.314928,0.205852,10.876657,0.023684,0
7991,55.675299,72.118709,2.312427,0.038836,0.455885,0.450614,0.261014,12.217858,0.019187,0
7992,25.243100,26.733085,2.044072,0.041566,0.302132,0.457129,0.479015,5.527764,0.062810,1
7993,34.216845,44.298322,0.880874,0.027631,0.568726,0.336129,0.203280,7.294946,0.032594,0
7994,72.564505,54.296619,20.100615,0.046127,0.558600,0.293032,0.939591,6.494989,0.007536,0
7995,24.249440,22.610160,3.764858,0.058722,1.249343,0.165912,0.806690,7.433452,0.060986,1
7996,54.157029,41.901965,13.266919,0.020316,1.052555,0.155897,0.965447,4.248180,0.008827,0
7997,66.612790,50.099794,20.706161,0.058322,0.527254,0.544099,0.840481,11.745592,0.009227,0
7998,29.684172,32.433856,5.087337,0.038095,0.882808,0.519880,0.552398,11.030635,0.027276,1
7999,65.242035,80.584929,2.010034,0.037373,0.477397,0.344969,0.244443,14.153658,0.020191,0
8000,37.934722,29.072126,9.098161,0.027227,0.276903,0.231461,0.989485,0.555843,0.006027,0
8001,34.535709,30.350741,6.186144,0.040383,0.738003,0.273552,0.786400,8.636009,0.035866,1
8002,74.437785,80.928597,6.494625,0.056970,1.202468,0.215254,0.521553,32.516652,0.022672,1
8003,45.672469,45.820780,6.839663,0.020356,0.596261,0.476389,0.582429,13.768230,0.023237,1
8004,26.693559,37.286536,0.372421,0.043200,1.182142,0.211843,0.132612,6.224597,0.034883,0
8005,50.923578,44.954119,8.339569,0.053181,0.453252,0.302258,0.797555,9.668326,0.027214,1
8006,47.043428,60.689566,0.381443,0.043785,0.222907,0.381286,0.101927,3.952549,0.021014,0
8007,45.512874,58.294812,3.971837,0.038613,1.420046,0.332459,0.386569,20.756320,0.021225,0
8008,50.123824,60.458696,1.003185,0.028913,1.035284,0.175558,0.214013,14.862023,0.032547,0
8009,76.955248,67.932155,15.405221,0.053138,0.994035,0.270111,0.786370,22.335210,0.014047,1
8010,58.126005,45.078470,17.146323,0.022326,1.457904,0.325270,0.822910,18.228039,0.011377,0
8011,52.209155,65.435678,0.217950,0.037632,0.269580,0.269885,0.070916,3.676233,0.018537,0
8012,38.720643,48.213068,0.259209,0.049963,0.107645,0.474159,0.097309,2.185459,0.028559,0
8013,74.081735,84.365558,8.753031,0.037089,0.566837,0.537894,0.473456,22.201778,0.013268,1
8014,72.871210,74.654232,18.851744,0.052918,1.420288,0.510436,0.650982,32.134292,0.008347,1
8015,60.978634,79.294044,10.025639,0.023681,1.348473,0.536087,0.476342,28.199686,0.010491,0
8016,40.016786,40.334105,9.557871,0.046596,1.208665,0.507224,0.642687,16.416201,0.016722,1
8017,44.034425,42.330368,3.939079,0.038509,0.144364,0.439628,0.637984,6.271368,0.050960,1
8018,38.070723,38.980939,1.635174,0.050912,0.407157,0.174205,0.511769,9.687083,0.094230,1
8019,62.322983,60.157759,4.845365,0.054139,0.158234,0.345089,0.651226,9.170902,0.043240,1
8020,55.959138,67.846061,7.157413,0.049234,1.017104,0.454913,0.467601,22.440288,0.015488,0
8021,55.349092,52.910770,9.584885,0.056116,0.440399,0.537970,0.645770,13.664139,0.018826,1
8022,41.459765,32.281299,9.848430,0.046827,0.411552,0.219173,0.976543,1.473512,0.009504,0
8023,66.807336,89.930770,10.742451,0.020373,1.449112,0.533262,0.461737,31.936073,0.009260,0
8024,64.411665,48.877836,20.515488,0.048002,0.681337,0.532674,0.821705,13.867872,0.009210,0
8025,29.848484,23.562790,9.346491,0.058724,0.761286,0.538552,0.797667,7.342018,0.020100,0
8026,33.674884,31.100204,10.277474,0.049394,1.371245,0.538927,0.708463,13.531597,0.016147,1
8027,73.588902,62.592309,20.828534,0.021943,1.163618,0.477133,0.732838,26.108016,0.008684,0
8028,56.093406,76.807055,1.140959,0.022033,1.444045,0.214209,0.166369,16.822173,0.017284,0
8029,49.052423,64.535598,5.021132,0.058575,1.240223,0.397234,0.407217,21.201082,0.017885,0
8030,35.393811,25.397702,11.225803,0.047011,0.412097,0.520510,0.888441,4.315649,0.016061,0
8031,39.254220,51.540517,1.317643,0.032331,0.652858,0.353538,0.230697,9.647186,0.027125,0
8032,46.536410,62.342962,3.544268,0.031093,0.755560,0.487026,0.335938,14.752905,0.018513,0
8033,79.924971,92.211037,0.657903,0.029553,0.450646,0.173083,0.145040,12.231164,0.024548,1
8034,24.637582,33.026388,0.233805,0.039374,0.235082,0.429249,0.103933,2.156125,0.035201,0
8035,71.021287,58.229619,15.083080,0.030059,0.712890,0.252329,0.872694,12.502346,0.013779,0
8036,38.230358,42.473215,0.151395,0.036351,0.123208,0.224732,0.107867,2.488029,0.061480,1
8037,78.027111,86.447048,14.752372,0.027828,1.315334,0.474006,0.559871,35.297658,0.009299,1
8038,44.886948,37.004184,15.083610,0.050480,1.165743,0.548355,0.764730,14.902572,0.011571,0
8039,66.856236,53.597780,14.565531,0.038069,0.551563,0.200661,0.955305,4.680664,0.009462,0
8040,67.282338,71.903893,11.285347,0.043572,1.422229,0.359160,0.580723,31.353205,0.013559,1
8041,24.285509,19.538715,7.056917,0.059627,1.289337,0.316072,0.841256,6.675017,0.027772,0
8042,68.605165,78.162553,9.642298,0.029525,1.442683,0.367934,0.508869,32.865860,0.013155,1
8043,44.527749,48.054400,3.827976,0.039910,0.476401,0.399922,0.472402,12.231689,0.032380,1
8044,24.872953,30.347268,1.994253,0.055218,1.089132,0.320343,0.402076,10.042104,0.046524,0
8045,23.700148,24.245791,0.760854,0.045898,0.292653,0.168853,0.477486,5.106757,0.183985,1
8046,42.439784,32.168933,10.620084,0.058422,0.104713,0.548451,0.953954,1.326001,0.012819,0
8047,53.330177,46.251614,16.949426,0.056921,1.375539,0.491804,0.748901,19.922369,0.010355,0
8048,52.662199,39.617325,14.072089,0.055865,0.223814,0.500331,0.915227,3.869069,0.012458,0
8049,46.063835,42.825927,10.608513,0.052280,1.001773,0.442674,0.692953,16.197354,0.017214,1
8050,56.936176,49.082271,12.109966,0.048963,0.467507,0.471048,0.755836,12.215633,0.017111,0
8051,26.968111,22.413411,6.987277,0.035559,1.052658,0.375317,0.779398,8.205473,0.028557,0
8052,56.888897,70.732379,5.412414,0.031204,1.228004,0.366519,0.405619,24.442834,0.016780,0
8053,27.411436,35.344597,0.770323,0.031980,1.283627,0.214248,0.224621,9.305318,0.045031,0
8054,24.205507,26.686172,1.114658,0.047224,0.227999,0.421251,0.370341,4.365230,0.077572,1
8055,56.839244,74.663597,0.114482,0.056091,0.629593,0.164770,0.039987,3.885406,0.011593,0
8056,26.765419,26.458792,4.231319,0.021295,0.931590,0.376974,0.605695,9.942296,0.039519,1
8057,38.443899,50.784497,4.127722,0.043516,0.846598,0.528249,0.399768,13.663830,0.020673,0
8058,65.850262,66.297470,6.188714,0.045917,0.767631,0.230080,0.595636,22.352175,0.029186,1
8059,25.319050,23.239484,3.857541,0.030293,1.189736,0.202304,0.746032,8.849187,0.057353,1
8060,33.141356,38.950407,2.120730,0.047533,0.959527,0.278783,0.386725,12.425527,0.042291,1
8061,74.051368,75.253906,15.290974,0.057952,0.819198,0.541711,0.621386,25.491054,0.010475,1
8062,59.692564,81.263620,1.203409,0.032291,0.858110,0.276037,0.165969,13.778346,0.016325,0
8063,53.536435,60.149539,4.105447,0.055351,0.715464,0.320678,0.441261,17.869469,0.027174,1
8064,36.405419,25.687202,14.043255,0.052973,1.458797,0.396224,0.870646,9.269751,0.012100,0
8065,69.832535,88.491961,7.421522,0.035443,1.404591,0.371941,0.419222,32.338234,0.012693,0
8066,25.917681,35.655493,1.963649,0.051563,1.479178,0.331648,0.344563,11.608226,0.035227,0
8067,49.794005,50.030868,2.834051,0.041112,0.510635,0.171378,0.576874,13.930862,0.064203,1
8068,79.513224,79.261572,12.586876,0.048971,1.398313,0.265977,0.649902,34.830165,0.014812,1
8069,33.323157,46.551544,0.191929,0.029986,1.180977,0.176978,0.072430,4.991331,0.021506,0
8070,61.814993,56.382167,10.098257,0.049397,0.409863,0.421705,0.709089,13.566355,0.020541,1
8071,48.884760,66.476389,0.926261,0.055737,1.051494,0.226221,0.169424,12.657387,0.022267,0
8072,37.798755,29.224640,11.136304,0.058871,0.526412,0.535142,0.825503,7.056468,0.017532,0
8073,65.623181,69.871218,3.952964,0.042139,1.193092,0.151403,0.502958,28.595147,0.036759,1
8074,50.092824,56.066214,1.692501,0.028132,0.472048,0.259524,0.319829,12.305021,0.040028,1
8075,57.417665,46.063028,14.883465,0.036907,1.108460,0.291339,0.842574,14.552965,0.013669,0
8076,68.433878,72.146024,5.878739,0.055126,0.629761,0.297301,0.516437,21.647122,0.024688,1
8077,71.540017,75.327280,3.649943,0.044513,0.391210,0.264129,0.450562,17.713817,0.033496,1
8078,28.829308,21.926723,8.141014,0.049462,0.438376,0.485200,0.859943,4.249702,0.024039,0
8079,71.703251,63.751632,16.304827,0.029214,1.025362,0.399105,0.714655,24.664269,0.011723,1
8080,73.232660,53.359189,28.437178,0.053084,1.479316,0.454665,0.839160,21.746259,0.006029,0
8081,61.481774,76.187705,5.428062,0.050808,1.492433,0.290640,0.415696,29.292741,0.017866,0
8082,56.835311,53.189105,13.928765,0.056006,1.458092,0.377048,0.709744,23.501869,0.013234,1
8083,66.876425,89.399125,0.990218,0.043179,0.441040,0.342687,0.140525,9.910517,0.014661,0
8084,66.295481,63.998858,7.903506,0.036120,1.092571,0.194430,0.680564,24.762738,0.026523,1
8085,26.427286,20.701535,5.943358,0.041319,0.145528,0.418761,0.950128,1.037647,0.024380,0
8086,27.603704,31.145276,2.253727,0.025884,0.936836,0.311633,0.432901,10.507705,0.047235,1
8087,65.308143,46.481713,20.094601,0.059833,0.305727,0.443418,0.943424,4.107542,0.007104,0
8088,47.847817,54.587708,4.795432,0.053692,1.284709,0.279881,0.484301,21.619129,0.026263,1
8089,49.477485,56.732793,0.814324,0.057832,0.200656,0.323097,0.213917,6.456891,0.040684,1
8090,42.251740,56.404816,0.486480,0.021570,0.265601,0.424001,0.117679,4.296221,0.021370,0
8091,43.100178,53.234455,0.058461,0.035350,0.195962,0.244130,0.033183,1.411038,0.015878,0
8092,64.376392,55.300549,16.854704,0.052755,0.741123,0.516156,0.742850,17.874246,0.011275,0
8093,63.356348,63.385484,12.996352,0.047588,0.900780,0.499973,0.628025,22.742763,0.012580,1
8094,73.314439,99.097562,7.652335,0.025872,1.234996,0.449056,0.385789,31.162400,0.010454,0
8095,68.875542,90.537589,7.911842,0.040366,1.394744,0.412037,0.419580,31.788982,0.011660,0
8096,20.573167,22.649997,3.205967,0.058492,0.762478,0.510684,0.542729,7.125645,0.043236,1
8097,67.856236,50.206553,19.230768,0.047842,0.662840,0.161864,0.995236,0.765209,0.001549,0
8098,34.148828,45.119310,0.328729,0.022055,0.281693,0.382234,0.107276,3.347117,0.026657,0
8099,76.787877,98.613857,6.988045,0.050141,1.464682,0.324948,0.400233,35.908969,0.012796,0
8100,76.796986,76.692796,11.924670,0.037928,0.590132,0.475590,0.597799,22.825005,0.013789,1
8101,75.061613,71.336866,8.307154,0.055933,0.747146,0.168817,0.760570,20.143744,0.028345,1
8102,67.032122,68.235511,6.886739,0.037877,0.627126,0.317476,0.559387,20.942215,0.023409,1
8103,65.397117,88.257547,4.451836,0.053309,0.788038,0.442778,0.323018,20.841964,0.013967,0
8104,39.840847,44.267949,3.621687,0.020940,1.033542,0.308382,0.456085,16.060561,0.031746,1
8105,79.558291,91.180126,2.204592,0.030001,0.567942,0.233793,0.277911,20.109413,0.023927,1
8106,44.098485,36.834846,8.479151,0.034563,0.289261,0.392800,0.842527,5.710829,0.025846,0
8107,28.783951,21.042228,7.837480,0.030695,0.148486,0.226053,0.999889,0.004845,0.000174,0
8108,52.355322,53.350289,5.715167,0.053342,0.554673,0.351979,0.568329,15.326969,0.028641,1
8109,25.491800,23.121956,5.463487,0.059079,1.462675,0.251869,0.775269,9.240057,0.038597,1
8110,30.034168,31.445224,3.568558,0.036406,0.774051,0.361743,0.541184,10.485473,0.041513,1
8111,33.931723,26.482031,8.930303,0.057304,0.898646,0.205100,0.949186,3.360459,0.015836,0
8112,62.288883,62.695485,6.511448,0.054124,0.511567,0.332597,0.582380,17.393168,0.026347,1
8113,54.998721,55.556375,3.199455,0.043796,0.213749,0.317536,0.527287,10.120399,0.049294,1
8114,25.205396,28.156147,0.603012,0.028341,0.113819,0.462428,0.270620,2.814896,0.084181,1
8115,22.275645,25.676635,2.442068,0.026848,1.429590,0.316845,0.466397,10.587704,0.047107,1
8116,54.529862,55.363683,4.987577,0.036164,0.968529,0.209402,0.579011,20.987949,0.034802,1
8117,25.342662,30.946183,1.370757,0.053898,0.434074,0.447211,0.325904,6.016257,0.048255,0
8118,22.967191,19.311912,5.300679,0.043779,0.508790,0.473931,0.772677,4.941886,0.038853,0
8119,23.619995,20.661030,4.530462,0.027335,0.626694,0.368117,0.746585,5.984682,0.046499,1
8120,48.680149,44.861043,7.735543,0.034233,0.823642,0.287278,0.709483,15.135442,0.026993,1
8121,35.923732,38.736795,1.088711,0.027853,0.721762,0.155187,0.361880,11.438335,0.079132,1
8122,29.055772,21.210255,8.600687,0.029004,0.704238,0.318182,0.917540,3.708773,0.019605,0
8123,39.766992,42.813556,2.396515,0.039173,1.113414,0.174787,0.471483,16.697431,0.054255,1
8124,21.050629,17.877495,4.019285,0.021796,0.694955,0.281094,0.810315,4.757226,0.054956,0
8125,73.221542,55.869012,27.341285,0.054267,1.427923,0.482712,0.813713,23.456088,0.006347,0
8126,71.819511,54.298077,17.957564,0.025375,0.311635,0.194497,0.996563,0.414562,0.001326,0
8127,39.662673,50.813906,1.433339,0.029769,0.452747,0.420356,0.246076,8.409412,0.028089,0
8128,25.815506,24.581422,3.587388,0.053892,0.513597,0.355801,0.665729,6.734360,0.055298,1
8129,58.788414,46.461897,19.122559,0.032898,1.400486,0.432736,0.789740,20.065167,0.009580,0
8130,77.277571,81.609303,7.328010,0.024690,0.810549,0.306110,0.504992,27.753596,0.018731,1
8131,71.147896,56.532308,20.957790,0.046692,1.384506,0.318384,0.834893,20.789878,0.009317,0
8132,52.789905,42.514225,11.337138,0.031456,0.404477,0.303938,0.900148,5.885744,0.017180,0
8133,74.931320,71.731626,14.194595,0.026481,0.833369,0.444389,0.642374,25.532457,0.012279,1
8134,53.616851,54.042312,12.053918,0.055626,1.426061,0.413805,0.652327,23.658041,0.013946,1
8135,75.308744,82.489227,4.761270,0.036378,1.257712,0.184698,0.454136,33.470593,0.025406,1
8136,79.648915,64.988900,16.328475,0.026524,0.452114,0.284992,0.888747,10.152397,0.012420,0
8137,37.356808,41.868449,7.158277,0.022100,1.495044,0.461377,0.555088,18.048446,0.018750,1
8138,27.679515,19.759978,9.044081,0.054933,0.994008,0.220519,0.970705,1.841043,0.010963,0
8139,40.496827,33.131472,10.910173,0.030814,1.369111,0.327885,0.795320,13.450753,0.018270,0
8140,73.684477,80.095648,11.488805,0.057058,1.405990,0.334640,0.575470,34.230389,0.013400,1
8141,54.942957,47.317973,16.658328,0.031133,1.486750,0.463323,0.735281,21.931378,0.010547,0
8142,38.778144,35.642139,4.078495,0.042396,0.245408,0.247933,0.797495,5.418411,0.059221,1
8143,28.903685,24.818632,5.143837,0.040163,0.451530,0.304369,0.825351,5.000171,0.043550,0
8144,24.529417,26.374520,5.515402,0.042969,1.202846,0.539816,0.602884,10.373623,0.026552,1
8145,25.949012,33.079973,1.423152,0.040864,0.807970,0.357640,0.311424,8.245254,0.042376,0
8146,39.519130,36.641683,7.725373,0.021791,0.984582,0.385514,0.671832,14.169256,0.023902,1
8147,63.475443,60.265389,5.214835,0.028535,0.404300,0.182736,0.727085,13.416622,0.045072,1
8148,25.383159,20.729957,4.746992,0.030649,0.126842,0.272561,0.985175,0.338927,0.015216,0
8149,79.713275,111.134767,0.515861,0.028521,0.361868,0.346763,0.075035,6.790260,0.008516,0
8150,28.927060,30.455207,4.103943,0.032985,0.659146,0.479042,0.546966,9.304252,0.035214,1
8151,69.687062,96.971124,0.842486,0.055531,0.412323,0.365138,0.116185,8.749128,0.011966,0
8152,55.487566,73.654486,3.445131,0.049072,1.419683,0.289137,0.327206,23.861018,0.018880,0
8153,49.380079,55.826042,5.220218,0.046318,1.260096,0.296179,0.489131,22.105607,0.024291,1
8154,45.072827,33.142338,15.198860,0.023525,1.393975,0.381972,0.836452,13.134477,0.012142,0
8155,72.299113,71.909108,8.100867,0.052153,1.220176,0.173938,0.675597,28.722099,0.025890,1
8156,44.728624,52.946070,3.367102,0.041807,0.691295,0.387783,0.392710,14.296538,0.026657,0
8157,29.073763,28.736124,1.757645,0.025985,0.139849,0.354902,0.572112,4.266452,0.101695,1
8158,54.415160,43.660770,17.920360,0.034920,1.157867,0.518260,0.772221,17.682947,0.009952,0
8159,43.259763,34.818386,11.576582,0.042712,1.161159,0.304675,0.835571,11.545544,0.017439,0
8160,41.357430,33.314993,9.509876,0.021174,0.577168,0.350961,0.838956,7.677379,0.022159,0
8161,73.803425,92.751093,0.151583,0.055250,0.139930,0.330930,0.042570,2.502237,0.009920,0
8162,31.453488,38.583628,0.322768,0.030133,0.552023,0.214527,0.136142,5.103284,0.043558,0
8163,49.197314,37.654434,14.842392,0.038827,1.199858,0.328791,0.853569,12.364058,0.012949,0
8164,20.111237,25.591644,1.704968,0.037596,0.789972,0.454554,0.374116,6.773037,0.046635,0
8165,23.773913,22.743940,2.966409,0.038423,0.906028,0.222656,0.684104,8.048520,0.070589,1
8166,37.956590,34.545826,7.018844,0.033048,1.488759,0.232073,0.741459,14.978573,0.030092,1
8167,69.358229,68.998945,10.184983,0.041956,0.721409,0.388276,0.607350,22.645604,0.016806,1
8168,55.433336,40.142040,17.428591,0.027794,1.246379,0.266937,0.911216,9.948581,0.009731,0
8169,30.405771,37.610530,2.871324,0.050212,0.917121,0.411359,0.410627,11.323872,0.032466,0
8170,26.249518,23.914619,3.867768,0.032198,0.810171,0.232922,0.749716,7.512655,0.057778,1
8171,72.188718,88.319184,4.294113,0.050600,0.583308,0.401015,0.341282,20.230639,0.016596,0
8172,20.227144,19.543131,1.938897,0.028716,0.506682,0.250636,0.641916,5.376590,0.103481,1
8173,76.541891,79.635863,7.494230,0.028569,1.286792,0.219762,0.545046,34.417799,0.020774,1
8174,73.327375,76.773269,16.887622,0.022521,1.353213,0.516574,0.608248,32.769275,0.008718,1
8175,44.926719,36.334904,10.713038,0.051876,1.056736,0.168950,0.947876,4.923516,0.013663,0
8176,79.231758,94.120897,2.810136,0.026052,0.549963,0.307013,0.281101,19.816876,0.018696,0
8177,33.233940,34.759619,4.828085,0.046405,1.194650,0.324374,0.582009,14.184185,0.033140,1
8178,27.136635,37.177458,0.653740,0.031113,0.478519,0.408201,0.178528,4.900351,0.034068,0
8179,66.230577,91.988108,4.663668,0.056550,1.456830,0.324125,0.332312,29.030804,0.014016,0
8180,30.000180,33.274094,0.019456,0.027850,0.124159,0.151012,0.031803,0.754870,0.044734,1
8181,30.832155,31.828958,4.636945,0.034772,0.650654,0.482381,0.567858,9.777889,0.032772,1
8182,60.499778,82.007585,0.234509,0.030889,0.723478,0.199074,0.057086,5.895030,0.011183,0
8183,60.321644,77.767795,1.023853,0.055150,0.357235,0.360510,0.163594,8.900193,0.018992,0
8184,28.644838,32.941688,1.870101,0.021127,0.828074,0.309697,0.384780,9.962202,0.047343,1
8185,67.087280,73.044404,3.037872,0.057146,0.494858,0.245112,0.403938,18.278909,0.033483,1
8186,35.164160,33.344329,8.426982,0.040305,1.352353,0.422872,0.678956,14.643574,0.020708,1
8187,78.575850,98.086816,2.843931,0.051534,0.341640,0.449335,0.259102,14.870719,0.015690,0
8188,33.957020,31.503451,5.153414,0.029536,1.094180,0.233275,0.712875,12.101727,0.041118,1
8189,62.208366,81.892141,0.368083,0.037836,0.205023,0.392870,0.078848,4.141852,0.013288,0
8190,60.576607,84.645943,7.461091,0.044806,1.055769,0.545894,0.408392,24.173718,0.011430,0
8191,23.640088,17.779848,6.446673,0.034347,0.884956,0.188679,0.968909,1.558614,0.016703,0
8192,38.386934,44.991334,4.561427,0.023773,1.332861,0.366058,0.464397,17.609694,0.024493,1
8193,37.766934,44.078858,0.900914,0.057068,0.869232,0.165074,0.272618,11.698526,0.057160,1
8194,48.202236,40.245575,13.899601,0.054143,0.851494,0.514527,0.762531,13.747467,0.013505,0
8195,43.893900,55.668279,2.578802,0.020252,0.492711,0.492096,0.313354,10.920539,0.023377,0
8196,27.164735,19.350195,8.220448,0.035175,0.595317,0.180888,0.995979,0.249468,0.003139,0
8197,68.850959,67.743485,9.856200,0.030585,0.785893,0.354603,0.612264,23.379547,0.017697,1
8198,66.003883,88.070823,11.748604,0.037069,1.458741,0.546014,0.489774,31.792597,0.009162,0
8199,37.697343,26.572222,12.000433,0.027137,1.174664,0.170982,0.984296,1.609403,0.005639,0
8200,75.440535,94.622618,2.060495,0.051076,0.243731,0.487600,0.220931,11.054528,0.016344,0
8201,74.318100,80.307087,12.343744,0.050490,1.084777,0.425456,0.567597,30.435483,0.011940,1
8202,58.810017,63.708390,4.998047,0.059845,0.770874,0.285024,0.495921,20.598247,0.027106,1
8203,25.296126,31.254019,0.070300,0.041308,0.399354,0.188321,0.057163,1.833221,0.038094,0
8204,57.157032,77.779585,7.372796,0.028581,1.111787,0.538455,0.419654,23.553835,0.012043,0
8205,38.425216,38.641569,3.249527,0.059629,0.797364,0.177557,0.634480,12.903184,0.061726,1
8206,61.803698,58.920655,6.258071,0.057401,0.209655,0.385943,0.665233,10.306822,0.033348,1
8207,65.211080,56.620812,15.514468,0.053139,1.166157,0.322332,0.775736,21.080798,0.013188,0
8208,54.317388,74.974876,5.035944,0.037794,1.285421,0.415830,0.365093,23.149630,0.014679,0
8209,67.053889,48.079661,25.078950,0.059381,0.923712,0.528872,0.845298,15.337053,0.006982,0
8210,69.946424,54.163004,20.433226,0.044382,1.491658,0.239163,0.894019,15.638661,0.008960,0
8211,60.456121,78.566750,1.662780,0.056658,0.257259,0.518082,0.208880,8.809574,0.018084,0
8212,20.807864,27.679108,0.906000,0.021508,1.425545,0.267667,0.262016,8.090538,0.048972,0
8213,42.386450,40.022275,11.227481,0.034324,1.162605,0.532632,0.676010,16.428094,0.014766,1
8214,79.699558,73.464917,15.220504,0.042308,0.812321,0.381761,0.694505,25.179442,0.012782,1
8215,42.452540,34.649570,8.675675,0.024254,0.176385,0.510516,0.858684,3.993671,0.024609,0
8216,36.822500,27.755920,9.773515,0.023012,0.972942,0.178021,0.966001,2.740405,0.011669,0
8217,57.294230,63.824436,0.949800,0.038419,0.158068,0.324307,0.234056,6.984431,0.041506,1
8218,52.801348,64.232380,3.503158,0.037311,0.495920,0.467097,0.353812,13.826639,0.021410,0
8219,75.353383,99.762310,3.309755,0.040835,0.768683,0.361642,0.265180,21.646880,0.013714,0
8220,72.122934,92.891285,1.272015,0.026514,0.536146,0.301590,0.165736,13.146962,0.015631,0
8221,37.304383,50.940870,1.645844,0.027248,0.472282,0.509792,0.249082,8.130806,0.024267,0
8222,25.188716,22.221139,4.495966,0.043804,0.714756,0.281069,0.781743,6.276648,0.049243,1
8223,49.774040,41.769470,13.776238,0.036313,0.903984,0.489704,0.751705,14.983873,0.013662,0
8224,44.944048,45.423637,3.933872,0.024927,0.929045,0.212718,0.565015,17.052256,0.042717,1
8225,67.414265,60.092614,17.150351,0.023897,1.058576,0.478739,0.702308,24.031680,0.010434,1
8226,79.293687,76.247514,16.652654,0.037708,0.807742,0.507675,0.648305,26.442683,0.010256,1
8227,20.596042,23.838303,1.089690,0.035295,1.013316,0.237733,0.366254,7.801871,0.076348,1
8228,34.380961,43.331181,0.055614,0.042553,0.192544,0.272736,0.035538,1.180395,0.019016,0
8229,35.914869,37.854859,7.788977,0.044724,1.357006,0.465444,0.612563,16.021853,0.019666,1
8230,56.041027,66.599215,3.752670,0.057039,0.705371,0.350776,0.381314,17.939741,0.023086,0
8231,53.106480,56.689885,1.723386,0.029250,0.542665,0.179534,0.379203,14.886089,0.054176,1
8232,63.090499,56.938714,11.920866,0.056797,0.644877,0.376579,0.729592,16.764582,0.017343,1
8233,25.824684,32.532086,0.710268,0.042108,0.458583,0.353993,0.222797,5.215671,0.048176,0
8234,34.284731,26.777736,7.882647,0.023894,0.395766,0.260251,0.950431,2.209176,0.018247,0
8235,79.837851,78.358023,17.512672,0.041967,1.309444,0.416633,0.652798,33.739874,0.009703,1
8236,29.380878,26.218441,4.623618,0.055246,0.814621,0.167155,0.870461,5.595984,0.047607,1
8237,50.415198,37.090892,16.218732,0.045155,0.739552,0.447889,0.859065,9.693676,0.011514,0
8238,28.311920,23.119591,6.773360,0.059921,0.758091,0.292419,0.864655,5.361509,0.030173,0
8239,45.651646,45.775486,2.292293,0.050967,0.212981,0.251241,0.551016,8.336171,0.074752,1
8240,62.220023,64.246089,11.889077,0.022159,0.956492,0.505986,0.589207,23.666738,0.012632,1
8241,34.631406,40.486426,2.890919,0.041602,1.217227,0.284934,0.429113,15.001571,0.036065,1
8242,78.674202,70.406157,16.898670,0.026249,1.428127,0.305689,0.722142,31.530976,0.011669,1
8243,28.309735,19.861214,9.406638,0.023488,0.464362,0.544538,0.879020,3.881228,0.019152,0
8244,65.699199,46.159821,20.551708,0.046805,0.413105,0.309421,0.975668,2.412478,0.004373,0
8245,69.910554,73.643955,11.091355,0.043881,1.015112,0.405268,0.573714,27.619158,0.013736,1
8246,33.805931,32.497730,2.694600,0.043505,0.170881,0.333703,0.658717,5.127806,0.078685,1
8247,65.642969,55.433369,14.807087,0.027230,0.711537,0.395592,0.767766,16.904414,0.013937,0
8248,70.881815,87.596476,11.916130,0.058869,1.421877,0.458814,0.515774,33.692737,0.010279,0
8249,37.208365,31.756706,7.976419,0.059755,0.726569,0.315067,0.812155,8.546352,0.026966,0
8250,31.944105,43.477205,1.786636,0.047636,0.640285,0.465261,0.287772,8.717929,0.028679,0
8251,70.589354,89.994104,5.146720,0.046706,1.270746,0.311532,0.364308,29.890766,0.015153,0
8252,60.037211,77.190685,1.118989,0.031860,0.590899,0.287483,0.173213,11.819115,0.019303,0
8253,53.077004,39.102397,15.426168,0.025554,1.190559,0.203135,0.948097,6.153248,0.009031,0
8254,31.859548,35.168137,3.632565,0.034724,0.499796,0.522660,0.485769,8.979859,0.033867,1
8255,70.832131,91.836221,7.002794,0.054659,0.908699,0.461426,0.398374,26.058278,0.012387,0
8256,77.194208,57.514153,20.254832,0.027001,0.140218,0.521634,0.947780,3.086100,0.007081,0
8257,56.333906,56.236942,11.563565,0.053184,0.817795,0.521644,0.629949,19.235701,0.014209,1
8258,63.781930,78.572544,5.112493,0.038681,0.548529,0.504084,0.376338,17.932704,0.015942,0
8259,67.156047,79.176283,0.088330,0.021580,0.191346,0.202164,0.038277,2.442321,0.013999,0
8260,54.883466,59.025565,6.834637,0.047790,1.419767,0.267589,0.557262,25.819955,0.022562,1
8261,29.689778,38.438561,1.551421,0.046139,0.743474,0.376057,0.298559,8.881510,0.036037,0
8262,26.447381,19.569498,7.949321,0.034462,0.627825,0.419519,0.872307,4.378360,0.023766,0
8263,57.932025,79.845314,3.909020,0.039863,1.301339,0.350010,0.317772,23.563993,0.015415,0
8264,60.447754,47.140991,22.465981,0.040752,1.499847,0.513962,0.790120,21.328168,0.007572,0
8265,78.041380,86.403508,3.228327,0.042934,0.244688,0.389057,0.352679,14.338333,0.024730,1
8266,67.351588,49.419934,23.501233,0.056911,0.752842,0.546520,0.836528,14.419127,0.007726,0
8267,31.482961,41.224396,0.081414,0.053647,0.304751,0.260911,0.045884,1.673368,0.021233,0
8268,77.577516,92.072698,2.127508,0.031239,0.658755,0.244095,0.254077,20.180223,0.020853,0
8269,60.847540,80.747953,7.174632,0.053392,1.156919,0.462554,0.422374,25.614012,0.012928,0
8270,78.748860,96.897594,1.103278,0.051664,0.394320,0.278828,0.163398,12.197774,0.017890,0
8271,79.747992,76.850814,11.284572,0.029569,0.509911,0.413406,0.627043,21.556456,0.016079,1
8272,26.553265,36.311376,0.008358,0.031816,0.512038,0.168426,0.008165,0.424028,0.006973,0
8273,34.761051,34.527650,2.265689,0.030921,0.617449,0.166298,0.603724,10.526495,0.084842,1
8274,38.034882,47.347026,1.047491,0.031631,0.714309,0.271917,0.229736,9.754755,0.034716,0
8275,53.266255,48.557777,8.264915,0.059578,0.983116,0.166471,0.840881,12.804076,0.027574,1
8276,30.124205,24.863774,6.741139,0.021657,0.725898,0.341009,0.805088,7.074339,0.031493,0
8277,75.735485,53.627908,23.776012,0.050436,0.610914,0.211798,0.990714,1.478778,0.001993,0
8278,24.653540,28.143125,0.009594,0.052071,0.113931,0.176741,0.018318,0.373912,0.030551,1
8279,51.461256,62.684410,0.391156,0.024142,0.438815,0.220249,0.113788,6.567156,0.025658,0
8280,71.281014,85.112825,3.465740,0.048645,0.377337,0.433447,0.321320,15.685413,0.018875,0
8281,79.863506,77.794180,20.705087,0.037858,1.310795,0.509104,0.663346,33.375390,0.007841,1
8282,25.496030,20.976064,6.652737,0.052772,1.289936,0.272174,0.842804,6.964422,0.030516,0
8283,55.807899,54.015897,2.456194,0.021044,0.114444,0.171703,0.736430,6.166881,0.100764,1
8284,55.644329,49.827239,7.013156,0.057645,0.301528,0.198527,0.890057,5.743337,0.030987,1
8285,60.438903,80.136674,0.757053,0.028589,0.329362,0.379525,0.126512,7.200365,0.015769,0
8286,50.506921,53.775688,2.958990,0.057996,0.876549,0.171535,0.502537,18.864286,0.049182,1
8287,65.626911,56.619913,12.354030,0.023572,0.623149,0.328251,0.775164,15.530754,0.017629,0
8288,68.253155,52.494746,16.693719,0.034922,0.485845,0.191560,0.984609,1.841927,0.004248,0
8289,65.739009,82.230488,6.259979,0.043356,1.270253,0.352896,0.410818,28.816561,0.014875,0
8290,35.753147,41.423974,5.015129,0.058831,0.722389,0.537272,0.499598,12.122987,0.024435,1
8291,74.312308,70.749954,13.026899,0.054107,0.615161,0.441654,0.659501,21.368125,0.014242,1
8292,62.261658,55.769492,13.986485,0.043177,1.266688,0.328746,0.735796,22.917129,0.014197,1
8293,71.925327,70.195296,13.136332,0.038636,1.015496,0.387095,0.639842,27.120314,0.013336,1
8294,22.432788,22.943821,4.181662,0.039709,0.879088,0.488964,0.601115,8.119931,0.037538,1
8295,38.667438,50.996689,0.143237,0.047781,0.664847,0.184689,0.060380,3.774423,0.020559,0
8296,32.009245,39.461516,0.003856,0.058741,0.117260,0.226252,0.005029,0.159301,0.005860,0
8297,74.078239,78.608977,7.015013,0.023365,0.890406,0.296088,0.500672,27.886501,0.019275,1
8298,29.373132,31.374971,5.151822,0.048387,0.871025,0.501311,0.572640,10.754637,0.028547,1
8299,48.090789,41.519291,8.265050,0.053884,0.567000,0.208345,0.886814,6.949675,0.025437,0
8300,57.635365,40.872702,17.772108,0.043656,0.443937,0.332565,0.959876,3.317551,0.006765,0
8301,49.612969,57.669790,2.926996,0.031232,0.428420,0.423783,0.361080,12.161460,0.027213,1
8302,52.297484,37.142237,16.894764,0.044804,1.038459,0.181443,0.985911,1.912355,0.003711,0
8303,64.851170,69.097042,4.938329,0.042374,0.386646,0.388183,0.470439,16.043174,0.025416,1
8304,75.207124,91.715170,5.552427,0.024725,0.522694,0.491274,0.365147,20.440280,0.014073,0
8305,70.764061,58.218797,13.941247,0.048475,0.186984,0.439033,0.879115,6.152900,0.014968,0
8306,30.628625,35.766525,0.893929,0.030425,0.490493,0.279807,0.268544,7.073405,0.054939,1
8307,51.223782,64.701668,5.292645,0.031922,0.798101,0.503590,0.406085,17.747987,0.016829,0
8308,23.305397,29.317352,0.812071,0.030142,1.198134,0.229318,0.259494,8.266228,0.055392,0
8309,72.482034,79.093113,1.338989,0.055633,0.164416,0.289602,0.272021,9.753952,0.038992,1
8310,40.529393,46.621024,1.768715,0.034133,1.025835,0.207312,0.346375,15.146668,0.043359,1
8311,53.136186,60.449075,8.185461,0.039378,1.304311,0.408278,0.526611,24.155912,0.016066,1
8312,23.264530,30.852629,1.527703,0.045289,0.558102,0.516421,0.318002,6.198957,0.039739,0
8313,68.631547,78.678705,11.413021,0.056836,1.085051,0.474837,0.538151,28.390102,0.011698,1
8314,56.591544,65.707983,0.878320,0.038807,0.306176,0.270399,0.199323,8.748817,0.032997,1
8315,45.918238,53.429213,0.936864,0.020695,0.308812,0.308770,0.223665,7.627102,0.037937,1
8316,39.331059,39.106968,6.529225,0.048283,1.403709,0.280984,0.650698,17.247568,0.028268,1
8317,30.756729,34.845369,1.867156,0.039345,1.020607,0.235104,0.406070,12.050742,0.053090,1
8318,21.713316,19.237183,5.197693,0.051517,0.740039,0.491502,0.721715,6.269031,0.036557,1
8319,44.776074,56.296368,6.947228,0.048664,1.490694,0.441440,0.491735,21.805050,0.016527,0
8320,74.572190,69.851837,6.594794,0.059479,0.115688,0.346187,0.749418,8.070068,0.036235,1
8321,67.140656,85.184290,3.085495,0.041651,0.656523,0.365966,0.286979,18.530161,0.017109,0
8322,33.212961,25.984068,8.426200,0.024806,0.861001,0.288435,0.870917,6.487583,0.023682,0
8323,31.165000,37.237228,3.006620,0.043117,1.320812,0.314062,0.438433,14.118373,0.035042,0
8324,79.798558,57.043712,23.967004,0.031147,0.526078,0.292481,0.961276,4.857745,0.004958,0
8325,33.835744,29.944092,5.413614,0.040230,0.460748,0.306422,0.782470,6.756395,0.041800,1
8326,58.356806,61.862930,3.710934,0.052402,0.356791,0.338878,0.462290,13.844023,0.033622,1
8327,29.193891,23.846034,8.182125,0.048120,1.215756,0.352611,0.806563,8.831553,0.024172,0
8328,38.364891,39.222938,6.186433,0.055171,0.991077,0.372347,0.607642,14.678873,0.027025,1
8329,36.604118,26.718002,10.312863,0.046007,0.345637,0.214175,0.996422,0.230678,0.002326,0
8330,48.892373,58.146160,2.745445,0.046764,0.531515,0.382429,0.347103,13.162687,0.027089,0
8331,46.336346,61.537997,4.931750,0.034424,1.068882,0.471706,0.396468,18.464349,0.017056,0
8332,64.286133,80.626303,3.095312,0.035175,0.997338,0.289431,0.302350,22.400642,0.018777,0
8333,59.249082,46.903351,18.090803,0.034813,1.247880,0.402149,0.799953,18.532258,0.010520,0
8334,49.943835,53.116694,5.057526,0.045067,1.133209,0.250124,0.537292,21.117569,0.029869,1
8335,24.453556,31.500187,1.252725,0.026580,1.338852,0.273791,0.298553,9.816370,0.044783,0
8336,36.940543,50.099281,0.035664,0.026662,0.386688,0.222735,0.019882,1.106661,0.009416,0
8337,63.792151,84.308592,2.478781,0.025443,0.650714,0.384289,0.244739,16.167638,0.015888,0
8338,32.596097,24.281029,12.878206,0.054834,1.340724,0.540364,0.816211,10.033609,0.013035,0
8339,48.440285,43.877251,8.389809,0.027220,1.177697,0.247317,0.733114,17.280357,0.025284,1
8340,35.340958,48.280469,0.275615,0.025348,1.121752,0.187138,0.091512,6.153993,0.023471,0
8341,70.568891,89.029150,4.684360,0.027844,1.039392,0.342113,0.341318,26.400495,0.014909,0
8342,56.163557,75.961001,0.026912,0.040618,0.337193,0.213101,0.011677,0.994831,0.004389,0
8343,46.630960,39.174413,11.454532,0.030189,1.270661,0.316842,0.780488,15.544081,0.017756,0
8344,44.467259,58.092315,0.465290,0.022303,1.160916,0.176835,0.120669,9.621873,0.023703,0
8345,53.071835,53.040168,3.655459,0.051705,0.485818,0.201454,0.600001,14.291342,0.051844,1
8346,78.443415,56.233868,22.834138,0.032453,0.265523,0.353660,0.975288,2.339564,0.004049,0
8347,32.968170,40.067885,2.883145,0.021542,0.600559,0.501089,0.391747,9.814961,0.030007,0
8348,76.631940,86.823570,5.829126,0.024844,1.229151,0.257528,0.425588,33.302652,0.017916,1
8349,39.513901,54.233905,0.856816,0.020297,0.817112,0.302074,0.167926,8.967653,0.023269,0
8350,20.465036,17.732217,3.306181,0.032936,0.736580,0.163094,0.897478,3.138889,0.062387,0
8351,26.980143,29.290199,4.426921,0.036182,1.073847,0.442593,0.553661,11.052813,0.031948,1
8352,29.799973,23.406108,8.537486,0.033569,1.275235,0.322899,0.831987,8.451701,0.023113,0
8353,76.854896,76.615004,1.914016,0.057519,0.104886,0.155647,0.581958,9.719518,0.100796,1
8354,59.737177,55.318038,9.702679,0.041891,0.758547,0.313384,0.703494,17.993455,0.021211,1
8355,66.462127,89.823199,0.002251,0.052010,0.220977,0.201468,0.001299,0.133655,0.000680,0
8356,24.816631,33.976003,0.999878,0.026104,0.785017,0.377983,0.239044,6.820541,0.037323,0
8357,35.794228,36.689668,2.644103,0.054771,0.974523,0.151233,0.605136,13.604356,0.072047,1
8358,32.848440,25.207544,8.486425,0.057831,0.235937,0.524433,0.888823,3.023198,0.022644,0
8359,64.958485,74.711620,3.060833,0.022336,1.287159,0.197794,0.350840,27.321224,0.025432,1
8360,39.026775,50.061388,0.711325,0.040143,0.761126,0.241706,0.176056,8.810251,0.031443,0
8361,58.903249,77.840025,0.796429,0.044767,0.561320,0.282780,0.137588,9.706992,0.017626,0
8362,67.563147,69.757045,3.474764,0.036802,0.575257,0.186491,0.497795,20.442976,0.041745,1
8363,71.967029,98.641489,3.589777,0.028853,0.768380,0.415862,0.267033,20.743018,0.012534,0
8364,47.142889,41.325930,7.202363,0.055588,0.153806,0.468694,0.803689,5.118248,0.031947,1
8365,69.740363,70.290462,10.253871,0.043249,1.154558,0.299910,0.614741,28.650068,0.017012,1
8366,70.564525,98.728964,8.086223,0.051048,1.358995,0.449003,0.402306,31.828512,0.010476,0
8367,59.014931,76.573776,4.599650,0.027269,0.790314,0.457220,0.350287,19.438414,0.015446,0
8368,75.170382,70.580975,20.052592,0.030949,1.196177,0.527040,0.677861,29.482270,0.008276,1
8369,61.007660,67.016499,12.561731,0.052529,1.191818,0.506948,0.587104,25.934616,0.011533,1
8370,74.067172,54.578883,21.322293,0.053042,0.272071,0.528421,0.902843,6.638497,0.008417,0
8371,38.460311,27.153798,12.581016,0.035315,0.551787,0.454413,0.895766,5.167425,0.013932,0
8372,22.855080,19.400493,6.686084,0.026193,1.351556,0.453699,0.739412,8.628581,0.026938,0
8373,41.678625,48.508174,0.530326,0.031462,0.203385,0.319916,0.174825,4.842155,0.042841,1
8374,71.432758,78.179374,0.303471,0.052075,0.163315,0.171809,0.126598,5.995381,0.041875,1
8375,76.061994,64.515951,16.866182,0.022891,0.783097,0.374685,0.763123,20.775126,0.012238,0
8376,49.833722,49.194553,4.127743,0.055157,0.149802,0.471055,0.582106,7.531166,0.042976,1
8377,57.981801,63.812508,10.870898,0.025760,1.072925,0.523058,0.557665,23.709240,0.012567,1
8378,37.080397,42.996322,5.674194,0.045465,0.949458,0.501581,0.511895,14.407851,0.022004,1
8379,37.754672,46.221676,2.147722,0.023042,0.937747,0.315662,0.330545,13.249140,0.031401,0
8380,70.277094,64.707155,13.468806,0.039546,0.775169,0.397204,0.690981,21.798768,0.014335,1
8381,73.041072,60.001592,16.262530,0.036971,0.806464,0.268368,0.855469,14.917596,0.012920,0
8382,75.176491,53.053535,22.835590,0.049334,0.270947,0.255377,0.997356,0.319430,0.000817,0
8383,63.390756,81.303559,0.192177,0.027678,0.456462,0.208120,0.053722,4.676503,0.012250,0
8384,32.005317,28.389669,5.810969,0.050800,1.316250,0.150738,0.878252,7.420452,0.036511,1
8385,72.447149,54.709812,19.349024,0.026059,1.017372,0.174910,0.966390,5.461505,0.005848,0
8386,65.586242,67.359837,4.728448,0.037014,0.938688,0.176869,0.552795,25.128007,0.035185,1
8387,64.377090,82.032236,0.250547,0.035029,0.157989,0.372927,0.063812,3.198300,0.013098,0
8388,56.311005,62.207165,6.212764,0.058673,1.070117,0.306235,0.516850,23.218350,0.022344,1
8389,53.397414,63.508484,5.313984,0.035470,0.929393,0.399632,0.431754,20.235443,0.019108,0
8390,59.006692,65.466622,5.263976,0.040239,0.387155,0.503743,0.450250,14.533130,0.021402,1
8391,72.116113,88.382013,5.298654,0.026131,1.076074,0.333786,0.369538,28.234041,0.015115,0
8392,26.657079,33.910446,1.592182,0.050675,0.507460,0.475832,0.321086,6.800471,0.039633,0
8393,73.549766,90.295654,3.341810,0.043927,0.890621,0.278233,0.308211,24.425835,0.018222,0
8394,30.619771,24.233876,6.905281,0.057358,0.354833,0.215773,0.979442,0.903973,0.012593,0
8395,63.424247,52.593921,16.878536,0.034663,1.465406,0.314855,0.792497,21.971930,0.011838,0
8396,44.270695,56.291137,1.468322,0.053241,0.405607,0.412824,0.241945,8.803569,0.026826,0
8397,33.216810,24.772608,11.861440,0.028759,1.184990,0.505627,0.807857,9.879990,0.014945,0
8398,27.787117,31.439877,2.320039,0.046308,1.069036,0.276412,0.453815,11.384822,0.049899,1
8399,72.531411,89.856534,5.089366,0.044132,0.814289,0.376548,0.361400,24.518994,0.015200,0
8400,76.801915,101.953717,3.996438,0.030510,0.429696,0.542575,0.280346,16.957312,0.012331,0
8401,34.193642,46.757601,0.903906,0.022004,1.009655,0.284291,0.190818,9.348299,0.027855,0
8402,48.569244,62.322356,3.551413,0.032423,0.560020,0.518105,0.343705,13.372610,0.019538,0
8403,24.742061,26.871482,0.993536,0.022293,0.805935,0.185104,0.379946,8.456938,0.092603,1
8404,42.918046,34.073188,11.950729,0.044356,0.769301,0.426559,0.814637,10.060356,0.016644,0
8405,52.788204,50.980842,4.703057,0.029899,0.281662,0.317769,0.633385,10.545951,0.042284,1
8406,75.446869,63.512714,18.225559,0.049292,0.678682,0.432081,0.775084,18.637054,0.011165,0
8407,77.935556,64.969488,13.238330,0.032893,0.123127,0.209877,0.994806,0.409048,0.002606,0
8408,52.908143,70.322612,0.587986,0.025432,1.063518,0.196436,0.121047,10.981717,0.018778,0
8409,74.686989,77.773554,19.717470,0.049449,1.393142,0.547339,0.643178,32.878400,0.007730,1
8410,72.273665,71.547208,9.436933,0.038849,1.161519,0.243229,0.633729,29.311809,0.019863,1
8411,34.461756,33.707922,2.924146,0.027111,0.256053,0.350243,0.599703,6.738436,0.063268,1
8412,77.235349,85.297208,3.337545,0.029708,0.671895,0.228361,0.370632,23.916855,0.026131,1
8413,59.504422,76.988470,3.581221,0.042026,0.658398,0.432691,0.315839,17.171374,0.017023,0
8414,23.497735,22.220114,3.106221,0.047385,1.121654,0.171339,0.755441,7.815699,0.073655,1
8415,34.269110,40.299447,0.220835,0.052576,0.479982,0.161802,0.122044,4.806112,0.052696,1
8416,31.420822,28.181935,9.643423,0.051853,1.395406,0.503658,0.726395,12.353695,0.017804,1
8417,46.428749,59.233494,8.146015,0.035998,1.294891,0.547785,0.498287,21.077041,0.013785,0
8418,71.074318,98.215317,10.615805,0.051048,1.313096,0.527538,0.451488,32.251075,0.009217,0
8419,45.189155,56.411131,2.113141,0.049312,0.398048,0.464141,0.293214,9.809474,0.026001,0
8420,62.991465,81.565704,0.124780,0.041791,0.678670,0.154267,0.040352,4.503824,0.010841,0
8421,28.763190,33.104583,1.406340,0.027893,0.887244,0.247386,0.351767,10.053586,0.055364,1
8422,40.644932,48.834492,4.687694,0.022783,0.953603,0.453976,0.442988,15.672387,0.021914,0
8423,35.759574,41.846989,0.111581,0.059917,0.272708,0.182134,0.075866,2.666665,0.041985,1
8424,64.504042,69.595426,1.786470,0.021072,0.220315,0.295066,0.327883,10.936285,0.040433,1
8425,68.133436,49.656048,21.494404,0.046215,1.086158,0.256215,0.933994,9.111292,0.007053,0
8426,24.649522,33.048240,0.831138,0.024455,0.520490,0.422607,0.221392,5.284601,0.039541,0
8427,33.000874,34.087973,1.461117,0.059719,0.170568,0.329048,0.461923,5.412523,0.088551,1
8428,79.946599,77.545995,9.413818,0.056583,0.586994,0.281786,0.656529,22.529873,0.021311,1
8429,45.920333,34.655033,16.134862,0.023406,1.437647,0.458474,0.801806,15.330538,0.011030,0
8430,52.316924,38.870616,13.713562,0.057422,0.102385,0.446869,0.985748,0.606663,0.004844,0
8431,61.186175,61.613840,6.684653,0.047195,0.434059,0.393320,0.572107,15.818513,0.024749,1
8432,63.580532,60.786470,8.128234,0.022680,1.481693,0.181881,0.679204,27.705437,0.025431,1
8433,75.012551,86.519064,4.090403,0.050478,0.556868,0.331109,0.366829,21.075552,0.020314,1
8434,21.267291,24.580151,0.404499,0.024613,0.440357,0.240109,0.223361,4.215084,0.088139,1
8435,48.569473,35.693681,15.565880,0.042397,1.336413,0.267198,0.909072,9.187617,0.010907,0
8436,61.220291,77.319118,0.907719,0.028100,0.959494,0.194115,0.160854,14.641629,0.020975,0
8437,71.593982,61.877332,10.119733,0.045716,0.128115,0.211154,0.979580,1.262811,0.009107,0
8438,79.458189,103.995798,4.422526,0.053355,0.951824,0.338214,0.309698,27.337156,0.013450,0
8439,67.309175,77.578770,1.823742,0.057950,0.140103,0.494368,0.264028,8.236721,0.026249,1
8440,77.204443,93.568400,1.410111,0.028279,0.676885,0.221999,0.195893,17.561254,0.019607,0
8441,28.694975,24.517754,6.007459,0.047350,0.870890,0.275623,0.816092,7.121717,0.036033,0
8442,52.924818,49.689887,12.200602,0.059539,1.075114,0.425607,0.694492,19.236288,0.015009,1
8443,23.541835,24.343775,5.477468,0.041690,1.178542,0.530425,0.623646,9.702127,0.028004,1
8444,23.286301,21.046365,3.619131,0.050705,0.409005,0.359517,0.740547,4.825333,0.060517,1
8445,28.300653,25.468190,5.302365,0.059845,0.831723,0.295717,0.761281,8.000182,0.040612,1
8446,29.409566,30.819654,2.570995,0.042639,0.534261,0.336684,0.510096,8.573068,0.055104,1
8447,61.369395,82.235204,2.581193,0.052847,0.380720,0.529706,0.251278,12.065609,0.015886,0
8448,42.416581,33.066435,11.838508,0.048044,1.250676,0.235085,0.904427,8.053133,0.015224,0
8449,46.713416,51.599384,3.044389,0.048597,0.337796,0.425953,0.416156,10.591160,0.033732,1
8450,73.227597,80.337343,5.584966,0.044775,0.904038,0.259513,0.464894,27.668933,0.021994,1
8451,65.516351,76.244620,9.642568,0.050743,1.274804,0.405429,0.515520,29.488499,0.013292,1
8452,29.653529,39.836644,0.601851,0.058572,0.614097,0.310748,0.172891,5.944129,0.035423,0
8453,28.756298,37.940709,0.494439,0.051452,1.213082,0.185764,0.171739,8.067115,0.043291,0
8454,72.756790,81.304290,8.459981,0.056527,0.758498,0.416417,0.497318,25.278483,0.015119,1
8455,27.981849,29.763622,2.825112,0.055942,0.991263,0.261958,0.542342,11.051612,0.054357,1
8456,67.654033,85.235221,1.018117,0.020689,0.279269,0.382564,0.155535,8.538751,0.017461,0
8457,67.368733,73.304025,11.414126,0.044892,1.238686,0.411317,0.565889,29.503348,0.012759,1
8458,21.689266,16.527627,6.846514,0.050514,1.115041,0.366871,0.850982,5.316664,0.027628,0
8459,55.409908,62.616303,1.533992,0.046716,0.246988,0.341388,0.285082,9.350290,0.036118,1
8460,56.151379,61.440798,6.011487,0.032743,1.168200,0.299410,0.500727,24.211876,0.021954,1
8461,43.496378,53.662320,4.821247,0.027083,0.703558,0.543216,0.424136,14.291060,0.019764,0
8462,49.602912,38.515354,14.664823,0.049566,1.038385,0.350089,0.848921,11.841640,0.013239,0
8463,58.787433,48.256982,12.588050,0.026473,0.615091,0.304894,0.844500,11.009782,0.016987,0
8464,53.768031,54.293753,6.399874,0.040070,0.930501,0.277126,0.593571,20.119738,0.026989,1
8465,28.604960,25.082860,5.501213,0.048297,0.380999,0.477987,0.743843,5.683078,0.038138,1
8466,63.223316,72.745627,4.378850,0.048439,0.530992,0.392033,0.398113,17.776681,0.021364,1
8467,22.813602,30.463653,0.075249,0.040108,0.211935,0.355228,0.051071,1.101640,0.028115,0
8468,70.220431,94.035498,8.174265,0.042787,1.415546,0.421617,0.416592,32.598893,0.011077,0
8469,25.311192,26.362649,2.220172,0.038228,1.356999,0.177838,0.562582,11.617820,0.075144,1
8470,32.038469,32.059449,2.602089,0.035692,0.432540,0.283185,0.568477,8.281965,0.065871,1
8471,39.135743,29.892477,13.162440,0.047708,1.335801,0.399353,0.829601,11.463288,0.014030,0
8472,56.388164,55.122338,6.739695,0.057202,1.252641,0.152247,0.738572,20.528627,0.033854,1
8473,24.751909,29.021190,1.442137,0.056468,0.430493,0.416965,0.360924,6.081113,0.055297,1
8474,42.097475,41.705871,9.259572,0.025639,1.067236,0.503365,0.629526,16.427190,0.017255,1
8475,20.286302,28.101861,0.000389,0.049684,0.334704,0.165970,0.000755,0.030514,0.001335,0
8476,45.885734,52.365698,0.462089,0.037732,0.198318,0.271255,0.165725,5.086864,0.044911,1
8477,49.894617,52.549189,3.499542,0.024940,1.199324,0.183088,0.496371,21.797872,0.039876,1
8478,44.113414,58.285463,6.531047,0.042400,1.297377,0.505510,0.460010,19.944566,0.015627,0
8479,68.320616,61.116728,8.810853,0.032046,0.338149,0.240847,0.827158,10.160630,0.026728,1
8480,57.363128,63.640339,8.501706,0.027572,0.937812,0.466745,0.521317,22.129942,0.015365,1
8481,46.017565,47.431056,7.194862,0.031291,1.495747,0.307655,0.591776,21.855632,0.022428,1
8482,60.587792,79.751052,1.686514,0.049402,0.277493,0.517312,0.205563,9.083014,0.017237,0
8483,45.375477,40.870093,8.622468,0.029843,1.048832,0.303716,0.723193,15.555755,0.023718,1
8484,73.814802,82.173058,2.896312,0.033188,0.232968,0.400906,0.338106,13.026477,0.025598,1
8485,48.889858,56.821628,9.420906,0.039225,1.166018,0.544781,0.546295,20.919155,0.013778,1
8486,74.880433,55.556428,20.234359,0.032022,0.473004,0.223716,0.982802,2.192834,0.003696,0
8487,38.720990,38.619326,1.342543,0.025092,0.172171,0.188498,0.550907,6.357433,0.130653,1
8488,22.779016,23.622931,1.266485,0.057418,0.567324,0.191104,0.518164,6.837704,0.121545,1
8489,75.562120,57.471183,24.504469,0.029909,0.966904,0.480722,0.809616,20.187789,0.007607,0
8490,23.688490,32.376378,0.016096,0.029645,0.166160,0.335674,0.014666,0.358660,0.011459,0
8491,65.363473,89.272053,3.592939,0.050292,0.699259,0.440865,0.285751,18.579702,0.014107,0
8492,54.270134,64.236487,1.080899,0.037663,0.153293,0.464344,0.210496,6.132248,0.029251,0
8493,48.453269,63.544195,1.245147,0.054538,1.267093,0.201999,0.219221,16.116527,0.026821,0
8494,34.648467,24.971777,11.548783,0.029446,1.475921,0.296837,0.886669,8.085847,0.015374,0
8495,36.495587,26.563515,10.389602,0.023928,0.465761,0.307713,0.952607,2.461172,0.012893,0
8496,78.009447,92.736356,11.412653,0.038127,1.089661,0.474522,0.492989,32.481489,0.010323,0
8497,74.497050,102.290782,0.015248,0.055186,0.238586,0.240033,0.005649,0.586503,0.001845,0
8498,43.836014,41.286250,5.940071,0.043917,1.045182,0.193642,0.736813,14.627724,0.037612,1
8499,66.969358,67.488490,2.932374,0.036580,0.103111,0.356533,0.509071,8.576805,0.052020,1
8500,24.132481,19.445825,6.502322,0.054848,1.491001,0.203331,0.907116,4.898395,0.027744,0
8501,54.818564,52.925696,5.444992,0.038821,0.861237,0.169260,0.696759,17.773920,0.040574,1
8502,38.925219,30.667794,12.388075,0.056293,0.784555,0.548213,0.795247,9.789093,0.015021,0
8503,76.655184,106.549785,0.000343,0.049178,0.121345,0.259180,0.000203,0.020525,0.000111,0
8504,71.937079,91.332282,1.433412,0.038930,0.693144,0.256037,0.187625,16.126969,0.017560,0
8505,37.328242,51.767631,1.160275,0.027675,1.344394,0.260210,0.209054,12.440667,0.025522,0
8506,26.518880,36.919837,2.749077,0.042084,1.370094,0.427157,0.383432,11.850949,0.028794,0
8507,64.876816,54.669608,14.281976,0.041070,1.408533,0.186981,0.873488,15.983571,0.014419,0
8508,43.824956,49.134463,5.239891,0.047968,0.593952,0.502820,0.488901,13.469122,0.023482,1
8509,66.313527,76.251313,4.953548,0.030179,0.817020,0.331978,0.407822,23.271512,0.019511,1
8510,37.577174,50.872594,4.846616,0.026233,1.370236,0.479048,0.422412,17.215237,0.018573,0
8511,62.174882,85.965989,2.092277,0.048887,0.748629,0.357154,0.219013,15.887509,0.015371,0
8512,24.164030,17.705838,6.617261,0.031848,0.270956,0.253645,0.993553,0.227932,0.005680,0
8513,63.699600,76.512514,12.757527,0.032416,1.459952,0.525381,0.541116,30.542279,0.009813,0
8514,56.771036,59.423157,5.137968,0.048110,1.034978,0.218772,0.551662,22.847590,0.031309,1
8515,65.102930,78.619661,10.752163,0.056478,1.496545,0.423864,0.523302,31.718586,0.011798,0
8516,62.741823,85.466280,8.511932,0.053079,1.454050,0.456957,0.442207,29.865348,0.011418,0
8517,26.681949,34.185595,0.442622,0.042551,0.454474,0.312149,0.163412,4.437189,0.043934,0
8518,40.736438,37.362443,9.431399,0.050765,1.297598,0.359380,0.717960,15.675485,0.020256,1
8519,59.868830,83.167956,1.624065,0.042044,0.656549,0.363409,0.190701,13.193817,0.015428,0
8520,76.158343,72.052927,11.156086,0.032188,1.480757,0.193563,0.710685,31.687599,0.019061,1
8521,31.482413,31.430622,4.394002,0.040673,1.009658,0.300511,0.615021,12.091937,0.040209,1
8522,53.721996,69.149040,9.035724,0.049049,1.274503,0.530979,0.493171,24.191849,0.012386,0
8523,55.412280,39.085625,17.427571,0.033129,0.507301,0.368930,0.936205,4.932019,0.008582,0
8524,74.293368,95.591826,2.375105,0.040776,0.425042,0.413659,0.231001,14.743168,0.015192,0
8525,79.250692,57.212024,28.239090,0.059524,0.749428,0.540882,0.847389,16.180974,0.006356,0
8526,39.843591,27.890981,13.568020,0.054678,0.921428,0.279719,0.950549,3.909963,0.009556,0
8527,76.056198,70.952196,12.885031,0.048882,0.954282,0.288166,0.709946,25.434463,0.015989,1
8528,41.132385,42.325075,7.412088,0.024034,1.269313,0.402592,0.591353,18.000659,0.020820,1
8529,60.640876,66.129538,10.896903,0.044080,1.410174,0.403831,0.574842,28.221397,0.013476,1
8530,55.985602,67.485780,0.060645,0.055771,0.289573,0.166997,0.031849,2.153909,0.014210,0
8531,58.444638,66.091338,0.812277,0.021628,0.391370,0.205534,0.204361,10.369137,0.037738,1
8532,36.300323,47.824732,1.447586,0.022554,1.298028,0.265707,0.253756,13.246249,0.029146,0
8533,73.358975,63.504027,21.558599,0.030274,1.494351,0.445645,0.732450,29.515747,0.008236,0
8534,45.023550,35.810435,10.321451,0.047005,0.457216,0.284823,0.918742,4.579645,0.017348,0
8535,56.247693,47.465838,11.974781,0.040490,0.728013,0.315114,0.809333,13.051609,0.017982,0
8536,31.875082,32.610997,6.592974,0.058596,1.070061,0.465809,0.626911,12.482887,0.024649,1
8537,29.688229,26.448985,3.621390,0.025426,0.210353,0.250273,0.866607,2.932135,0.063190,1
8538,31.971642,27.161652,5.329249,0.032027,0.423078,0.200234,0.922343,3.022772,0.034907,0
8539,36.670099,43.339960,0.193184,0.026874,0.430961,0.177078,0.100306,4.234207,0.041261,0
8540,49.998289,64.467190,0.357572,0.041693,0.182623,0.410248,0.093640,3.573119,0.019078,0
8541,55.547699,73.008355,2.882239,0.022292,1.312954,0.294378,0.289481,21.768967,0.018254,0
8542,60.249790,82.344066,1.780821,0.027064,1.226559,0.261684,0.206533,19.042790,0.016344,0
8543,65.815632,67.792233,4.943724,0.044359,0.866223,0.191317,0.555135,24.203595,0.033716,1
8544,71.357722,93.064321,4.487685,0.045074,0.755535,0.413962,0.321486,22.223812,0.013955,0
8545,31.383355,24.441651,7.125152,0.056515,0.128942,0.288285,0.994411,0.179927,0.004915,0
8546,25.149856,25.805261,1.336518,0.023410,0.205875,0.345554,0.478090,4.545608,0.101018,1
8547,50.530200,55.891462,5.433485,0.046731,1.018836,0.323199,0.499979,20.347602,0.024201,1
8548,58.611984,53.531370,9.088163,0.035733,0.717831,0.281644,0.728002,16.480007,0.023728,1
8549,34.314250,25.904558,9.656902,0.041492,0.808275,0.284462,0.912819,4.892387,0.018071,0
8550,78.550632,85.610201,7.219167,0.042803,1.344615,0.225966,0.508863,36.328837,0.019378,1
8551,78.477352,103.569270,0.990350,0.029722,0.759783,0.239068,0.131618,14.595017,0.013047,0
8552,68.361226,51.160381,19.834682,0.045605,0.993285,0.222982,0.947296,7.327460,0.007079,0
8553,62.294742,74.366491,5.580555,0.039335,0.590043,0.483105,0.409347,18.594891,0.016810,0
8554,51.389196,58.209055,7.075231,0.025984,0.677878,0.549227,0.495802,16.878485,0.017167,1
8555,51.892191,48.545795,8.318495,0.044833,1.099302,0.243163,0.719801,18.321205,0.025453,1
8556,72.615530,54.434929,21.082094,0.039116,0.947978,0.277279,0.909838,11.496602,0.008295,0
8557,69.582808,80.673886,12.841040,0.036586,1.163299,0.526959,0.539369,29.794503,0.010038,1
8558,40.683405,43.601685,3.078968,0.023328,1.407110,0.193524,0.482450,19.234058,0.042675,1
8559,79.651266,109.916661,4.785756,0.039368,1.180382,0.352424,0.298636,30.026318,0.011377,0
8560,35.432772,35.535943,4.110608,0.021444,0.703889,0.331263,0.572526,11.663003,0.039840,1
8561,48.787665,56.888769,3.167170,0.054467,0.823034,0.297025,0.393964,17.030045,0.029267,1
8562,44.583055,49.043044,3.197011,0.035740,0.383812,0.424467,0.428999,10.843949,0.033488,1
8563,44.708524,59.669407,2.133746,0.026151,0.961421,0.344978,0.270963,14.520531,0.021903,0
8564,65.886725,75.792241,3.361358,0.049999,1.339369,0.174646,0.397214,29.404581,0.028958,1
8565,26.750759,30.892421,1.986266,0.043513,0.433771,0.466887,0.400136,6.807342,0.046971,1
8566,54.615895,54.115723,10.323474,0.025745,1.004778,0.439283,0.617837,20.880761,0.015860,1
8567,61.821507,65.535889,5.224270,0.051903,0.490339,0.354220,0.496566,17.269578,0.026016,1
8568,23.550614,31.629153,1.341938,0.043392,1.174803,0.324730,0.302538,8.908980,0.042105,0
8569,77.593982,96.411640,2.740991,0.046126,0.848990,0.262300,0.269094,23.599922,0.017602,0
8570,31.742957,28.293249,4.552252,0.049590,0.510391,0.206024,0.847835,5.338153,0.050382,1
8571,66.655232,71.079588,6.289506,0.032016,0.638402,0.355280,0.495030,21.245054,0.021083,1
8572,39.051108,39.075179,8.202553,0.045040,1.134621,0.449193,0.634860,15.637230,0.020119,1
8573,62.778421,79.763170,1.155661,0.059805,0.382366,0.340308,0.177739,10.105533,0.019705,0
8574,63.093976,74.099150,3.032553,0.059833,0.892610,0.236926,0.356529,22.226021,0.026400,1
8575,45.303732,35.763282,10.153141,0.048519,0.354570,0.151937,0.997808,0.185882,0.001681,0
8576,73.389239,83.900717,2.049261,0.033254,0.717267,0.200510,0.286757,21.163254,0.027321,1
8577,75.293755,90.249025,2.100339,0.022837,0.570950,0.280273,0.245714,17.913106,0.019746,0
8578,31.078058,38.859734,4.484569,0.039926,1.107438,0.504336,0.471161,13.013287,0.024123,0
8579,30.840841,31.345888,3.952001,0.022712,1.094868,0.299071,0.573003,12.657955,0.040642,1
8580,54.299888,51.952095,7.721114,0.044325,0.772279,0.297356,0.666692,17.349874,0.025624,1
8581,26.360861,21.025717,7.788672,0.026990,0.837806,0.505933,0.778961,7.163620,0.024321,0
8582,70.051141,66.150865,10.624622,0.041328,1.263382,0.213620,0.717725,26.608739,0.020092,1
8583,56.852711,66.836945,0.022500,0.032578,0.217448,0.152154,0.015976,1.059821,0.009910,1
8584,38.985728,36.444316,4.549327,0.027962,0.982292,0.162036,0.748915,12.306780,0.050872,1
8585,38.938072,49.760274,1.407249,0.036604,0.658803,0.337611,0.251446,10.073961,0.029873,0
8586,65.107330,67.452328,1.976766,0.028256,0.227796,0.225159,0.414635,12.111995,0.055708,1
8587,50.471799,36.387675,15.036423,0.044288,0.497063,0.291860,0.964064,2.809753,0.007603,0
8588,62.462730,60.829637,16.846266,0.058614,1.470961,0.469936,0.685358,26.898580,0.009973,1
8589,77.263432,65.159711,21.549523,0.032866,1.151292,0.440118,0.750809,26.299122,0.008694,0
8590,42.433608,38.300339,11.617817,0.028395,1.442313,0.453427,0.703910,17.613222,0.014957,1
8591,60.480330,55.184330,13.598469,0.025718,0.741680,0.518483,0.681254,18.595934,0.013220,1
8592,78.087188,94.698217,5.983795,0.023305,1.289188,0.303587,0.382082,33.814478,0.014169,0
8593,39.848667,43.652864,2.671057,0.042535,0.356697,0.411746,0.426172,9.331490,0.040012,1
8594,27.941186,22.135133,5.985576,0.050436,0.149593,0.282403,0.987974,0.338175,0.010253,0
8595,33.525227,41.727713,1.007277,0.037087,0.300558,0.447915,0.234803,5.645453,0.037311,0
8596,54.429939,59.208893,3.042056,0.027237,0.320449,0.383024,0.405369,11.944677,0.032848,1
8597,21.414012,28.017720,0.228563,0.036665,0.590659,0.253373,0.120645,3.304650,0.048154,0
8598,72.600266,83.472363,4.419438,0.043412,0.729872,0.302148,0.386372,23.733509,0.020418,1
8599,47.934949,45.554621,4.750206,0.032599,0.674945,0.181056,0.713863,13.395222,0.047705,1
8600,22.240777,18.279124,5.010226,0.055619,0.452293,0.394499,0.833193,3.739186,0.042365,0
8601,77.497830,72.673807,13.115137,0.048790,0.662433,0.381161,0.679558,22.569504,0.014883,1
8602,51.672805,56.989669,7.105520,0.050630,0.917789,0.417233,0.528336,19.699095,0.019266,1
8603,77.438855,105.593618,0.041997,0.021429,0.690692,0.154430,0.012651,2.104312,0.003290,0
8604,27.391604,20.610215,7.746402,0.022115,0.622712,0.399966,0.864917,4.695061,0.025124,0
8605,31.410454,33.288036,2.253305,0.053109,0.244310,0.461984,0.466825,6.172343,0.055429,1
8606,43.189233,57.761943,0.574308,0.052557,0.359981,0.368342,0.131473,5.524603,0.022337,0
8607,39.774804,30.191171,10.505605,0.054515,0.339836,0.392754,0.919165,3.474262,0.016453,0
8608,34.225734,35.837663,2.915964,0.023954,0.250971,0.513106,0.489180,6.837780,0.045329,1
8609,47.471377,45.244828,8.608419,0.035960,1.428701,0.284497,0.678094,20.341741,0.022208,1
8610,36.379170,39.854981,4.509559,0.020648,0.881775,0.411625,0.501711,13.628175,0.028371,1
8611,67.298426,76.126309,4.739956,0.031057,1.317843,0.226792,0.426203,30.292179,0.022378,1
8612,61.836686,51.447589,11.969551,0.023865,0.227547,0.457357,0.835729,7.301212,0.018347,0
8613,21.724238,19.608725,3.005681,0.050196,0.280861,0.351397,0.763921,3.546927,0.076151,1
8614,32.329545,39.612991,1.749897,0.040921,1.150513,0.260340,0.337474,12.669691,0.040470,0
8615,55.176626,74.679967,0.007095,0.030678,0.172291,0.263988,0.003916,0.266244,0.001923,0
8616,57.908700,66.931748,4.531284,0.028644,0.388842,0.521285,0.401803,13.967260,0.020548,1
8617,65.377929,88.520983,1.019340,0.036085,1.261528,0.198763,0.148715,17.023048,0.015883,0
8618,57.773022,54.676027,12.020605,0.037035,0.695577,0.524608,0.656735,17.719087,0.014548,1
8619,24.131745,20.154173,7.250052,0.055350,0.951120,0.517177,0.762285,7.278093,0.025408,0
8620,53.521576,38.759943,16.618584,0.056753,0.608033,0.349978,0.925823,5.858139,0.009610,0
8621,63.596797,56.501645,8.943886,0.043134,0.135010,0.483992,0.784314,6.840480,0.025883,1
8622,79.416122,102.656374,7.941115,0.044349,0.875592,0.479666,0.397064,28.653818,0.010817,0
8623,21.188642,28.946885,1.610449,0.058082,0.843710,0.455807,0.337675,7.112472,0.041195,0
8624,29.139061,23.768204,6.474585,0.030560,0.595104,0.325720,0.843469,5.391244,0.032757,0
8625,56.234232,56.549462,3.169388,0.059025,0.178989,0.320049,0.541591,9.439632,0.052109,1
8626,71.064500,53.424018,23.519829,0.026936,1.234091,0.421762,0.819693,20.737437,0.007889,0
8627,59.708402,79.822055,3.250333,0.024358,0.548947,0.495826,0.284264,15.000472,0.015459,0
8628,39.894652,34.420054,7.388438,0.025845,0.780692,0.268785,0.795376,10.004394,0.029955,0
8629,43.116838,38.549847,9.436266,0.035386,0.730363,0.459836,0.707865,12.656579,0.020271,1
8630,75.104521,57.879017,25.489766,0.057271,1.252624,0.424645,0.825555,21.624255,0.007207,0
8631,79.785181,74.561653,14.862130,0.046948,1.262434,0.279372,0.712764,30.547765,0.013606,1
8632,62.280589,65.814096,5.317007,0.026955,0.364563,0.435360,0.483602,14.989331,0.024348,1
8633,62.715828,67.202620,5.937319,0.027202,0.801982,0.321714,0.491996,22.401758,0.022075,1
8634,72.283851,93.846783,9.465376,0.059894,1.025286,0.507271,0.447540,28.946588,0.010652,0
8635,28.713825,28.122191,3.236692,0.038644,0.284712,0.460553,0.599620,5.920723,0.054765,1
8636,29.347323,38.629746,0.173321,0.049958,0.896681,0.168062,0.085998,4.362306,0.033610,0
8637,25.630289,29.080199,4.293544,0.054955,1.273469,0.425348,0.548830,11.452179,0.032185,1
8638,32.056323,26.815602,9.168682,0.024529,1.333908,0.424428,0.750483,11.753111,0.020202,0
8639,52.010410,51.750050,9.658619,0.057808,0.716468,0.494577,0.625607,16.685131,0.017407,1
8640,71.899032,70.794146,4.140707,0.059914,0.249774,0.208137,0.634859,13.508208,0.050264,1
8641,50.934940,45.089312,12.556972,0.032197,0.815040,0.508755,0.709593,15.750794,0.014641,1
8642,78.100496,77.088704,5.038749,0.046533,0.198265,0.300650,0.592219,13.501209,0.037133,1
8643,79.158119,60.363001,20.439212,0.047977,0.266777,0.453460,0.908096,6.743371,0.008896,0
8644,48.265784,43.153724,6.933382,0.033519,0.533734,0.240113,0.796137,9.985595,0.033447,1
8645,71.038553,52.963080,19.827266,0.049904,0.670189,0.151530,0.996519,0.608266,0.001187,0
8646,72.681951,86.811704,0.889265,0.055800,0.202724,0.344922,0.160255,7.970647,0.021578,0
8647,59.134360,77.904987,2.229638,0.036350,1.333627,0.245076,0.254222,21.893533,0.019156,0
8648,35.445293,43.816021,0.624719,0.022889,1.401203,0.156008,0.188880,11.344434,0.041306,0
8649,69.376104,67.337960,7.039188,0.027535,0.487029,0.288592,0.623748,18.378258,0.027167,1
8650,78.288085,108.347253,0.614352,0.058548,0.564119,0.269945,0.090380,9.578601,0.010263,0
8651,71.268866,60.464716,15.277713,0.034149,1.257083,0.228289,0.825875,20.532454,0.014086,0
8652,76.086794,64.668376,14.681137,0.024343,1.488569,0.154008,0.875372,19.069815,0.014369,0
8653,72.247613,80.239867,6.495179,0.023279,0.690277,0.379957,0.450806,23.764382,0.017359,1
8654,43.623535,45.304583,9.230454,0.045597,0.982549,0.534240,0.609486,16.596958,0.016615,1
8655,59.303205,55.601671,7.195116,0.039086,0.561486,0.253731,0.708662,15.243861,0.030425,1
8656,42.586339,54.914187,4.359367,0.045112,1.303666,0.383136,0.409821,18.900569,0.020865,0
8657,45.625990,52.247655,1.951349,0.049514,1.228475,0.164184,0.374690,19.171011,0.045659,1
8658,63.867800,76.894491,1.935853,0.026010,0.238587,0.465163,0.249511,9.903202,0.021876,0
8659,53.539375,68.270214,0.102216,0.021225,0.358642,0.214777,0.038682,2.688672,0.012177,0
8660,47.154203,50.280759,11.514815,0.048648,1.300782,0.546156,0.621710,20.448814,0.012945,1
8661,24.723175,19.559858,5.360284,0.041538,0.218098,0.256744,0.981659,0.519361,0.015174,0
8662,61.017976,48.380154,13.265122,0.038407,0.244468,0.300359,0.955454,2.836427,0.010375,0
8663,69.749895,89.718443,0.795307,0.052493,0.264400,0.375666,0.128209,7.514509,0.015551,0
8664,50.213496,38.480328,13.610590,0.022385,1.135483,0.261077,0.882406,10.551510,0.014116,0
8665,25.725892,27.566254,4.382855,0.055634,1.003322,0.443549,0.576232,10.091922,0.034265,1
8666,77.666264,95.736476,2.523373,0.041903,0.517302,0.333176,0.253781,17.892354,0.017210,0
8667,53.958123,59.378893,8.469674,0.023322,1.082942,0.448698,0.532890,22.324929,0.015780,1
8668,28.624617,20.562354,8.792473,0.043259,0.826468,0.163940,0.994362,0.418725,0.003772,0
8669,50.922267,54.700656,0.798714,0.048463,0.173493,0.234116,0.274582,7.072007,0.067145,1
8670,67.667553,62.090088,15.016811,0.055674,0.769050,0.472472,0.697811,20.700271,0.012442,1
8671,66.911815,54.352731,13.110193,0.044230,0.167399,0.314277,0.958944,2.409594,0.010230,0
8672,74.544637,70.423458,14.196188,0.041040,0.674768,0.468560,0.659887,22.439672,0.012772,1
8673,36.097943,49.067012,1.683273,0.053639,0.855890,0.360247,0.268746,11.016414,0.027419,0
8674,66.319592,48.810857,21.618971,0.040958,1.218897,0.329766,0.877202,14.886087,0.008420,0
8675,26.696580,32.545635,0.046893,0.027693,0.283629,0.200569,0.042020,1.275152,0.031451,0
8676,20.394536,23.725773,0.577907,0.025979,0.479182,0.277989,0.265881,4.631958,0.083601,1
8677,49.945081,52.561643,4.419750,0.039797,0.614074,0.320937,0.507932,15.610882,0.031754,1
8678,69.359915,49.989756,25.170982,0.029757,1.315242,0.438713,0.836520,19.627463,0.007071,0
8679,44.302377,40.139419,8.876413,0.050755,0.961486,0.329975,0.731576,14.321414,0.022999,1
8680,47.993231,35.572560,16.132591,0.053876,1.393594,0.309197,0.886609,10.887337,0.010970,0
8681,65.897037,60.578844,13.280976,0.040668,1.122591,0.334307,0.706628,24.028635,0.014745,1
8682,23.391380,32.181751,0.929460,0.051736,1.272373,0.271966,0.250797,8.398805,0.044358,0
8683,37.375411,41.159117,3.971426,0.057385,1.284712,0.257572,0.527182,16.861235,0.036477,1
8684,56.444888,68.113850,0.511765,0.036299,0.416949,0.224990,0.132069,7.794849,0.026080,0
8685,61.934305,80.802566,3.748600,0.046804,1.328548,0.288861,0.327982,25.788977,0.017519,0
8686,59.662423,77.858669,7.197132,0.036516,0.976198,0.517921,0.422825,23.075477,0.012822,0
8687,70.112996,92.388222,10.333564,0.035752,1.364469,0.493856,0.458089,32.492638,0.009809,0
8688,54.220980,39.402998,16.748842,0.038825,0.990171,0.260062,0.934672,6.867771,0.009072,0
8689,78.222988,57.771557,24.732038,0.026371,1.424228,0.300795,0.870419,19.704057,0.007517,0
8690,45.034111,54.568479,2.380523,0.059444,0.401853,0.449605,0.327271,10.304042,0.028121,0
8691,67.397158,52.199109,18.022706,0.057824,0.766837,0.258026,0.925089,8.346939,0.009287,0
8692,28.723019,29.865510,4.412065,0.039472,1.402550,0.311934,0.590559,13.219455,0.036625,1
8693,59.016346,80.015472,0.000227,0.026136,0.168680,0.203102,0.000189,0.017440,0.000146,0
8694,25.119979,22.896214,3.347421,0.041948,0.421033,0.280916,0.756958,5.101889,0.068360,1
8695,44.312472,60.234177,0.050771,0.035538,0.317918,0.252833,0.022600,1.341448,0.008499,0
8696,52.949959,64.357252,8.632417,0.040612,1.243783,0.491967,0.504310,23.557146,0.013731,0
8697,67.104530,54.348150,17.216725,0.046869,0.443600,0.539918,0.795011,12.698244,0.011774,0
8698,42.567782,36.645134,11.720531,0.027984,1.316781,0.428963,0.734125,16.026286,0.015658,0
8699,22.054944,15.731491,6.868365,0.046262,0.732193,0.206974,0.985650,0.687982,0.009333,0
8700,65.832947,52.015634,19.002280,0.032332,0.847191,0.450901,0.799863,16.971153,0.010251,0
8701,68.247005,50.930274,18.597185,0.055706,0.369646,0.316245,0.957775,3.736107,0.006862,0
8702,48.604152,39.739566,12.302279,0.056922,1.492853,0.150810,0.950128,6.112304,0.011492,0
8703,53.044081,69.518892,1.342245,0.037473,0.702747,0.301739,0.200816,12.479494,0.020917,0
8704,21.729700,27.231624,0.520303,0.041243,0.739499,0.252274,0.214380,5.450795,0.061879,0
8705,67.047110,84.185959,1.178121,0.056185,0.874089,0.196354,0.189246,16.968757,0.021994,0
8706,67.197600,73.313180,2.683597,0.025292,0.423418,0.270403,0.364598,16.429463,0.031779,1
8707,71.378955,89.318881,9.868117,0.023613,1.003185,0.531932,0.456213,28.349430,0.010427,0
8708,38.326408,43.113376,5.596766,0.025314,1.224343,0.410879,0.514604,16.907077,0.022880,1
8709,21.937760,16.919552,6.236280,0.026203,1.112401,0.327403,0.843574,5.546873,0.031646,0
8710,34.899953,34.720590,1.434587,0.050196,0.208108,0.181616,0.590838,6.186179,0.134378,1
8711,70.274870,81.787735,2.261572,0.054659,0.683220,0.224453,0.300246,20.203971,0.026678,1
8712,35.873854,28.555105,8.513072,0.059469,0.634196,0.214411,0.949763,2.957577,0.016901,0
8713,69.858589,80.778608,1.893402,0.057796,0.122140,0.538437,0.261013,7.935091,0.024724,1
8714,75.494042,79.360678,6.448927,0.035651,0.408525,0.395677,0.494628,19.248320,0.020893,1
8715,42.730183,51.093341,3.505667,0.028376,1.213806,0.311977,0.402072,18.212326,0.026341,0
8716,77.464663,67.771103,12.849934,0.021426,0.585026,0.282946,0.783437,17.385247,0.017502,1
8717,42.255884,32.532167,9.867101,0.043016,0.102019,0.270611,0.999094,0.041487,0.000842,0
8718,21.069430,27.431577,2.189779,0.026847,0.918174,0.496099,0.395293,7.775221,0.038452,0
8719,35.215158,30.257287,10.781527,0.027178,1.352488,0.501594,0.730658,13.524703,0.016076,0
8720,68.178398,62.508974,6.151909,0.023303,0.148156,0.193811,0.893866,4.809034,0.036030,1
8721,73.447930,72.186475,3.516839,0.042262,0.145542,0.233197,0.621092,10.659502,0.058219,1
8722,34.107563,27.715437,8.660967,0.020025,1.166830,0.325594,0.797395,10.394956,0.023520,0
8723,25.212270,27.397221,1.834428,0.021134,0.584389,0.334390,0.440777,7.604178,0.061217,1
8724,54.235130,47.366675,14.576445,0.034842,1.171717,0.449739,0.727551,19.498893,0.012580,1
8725,54.740944,71.627274,4.976928,0.027425,0.865695,0.479036,0.371794,19.260620,0.015499,0
8726,66.982115,92.478795,0.153338,0.043649,0.231015,0.346668,0.036566,2.578484,0.007176,0
8727,60.252327,83.517311,1.314411,0.047430,0.845181,0.288885,0.172154,14.130513,0.015942,0
8728,37.938229,35.461151,2.999673,0.031390,0.154051,0.219179,0.811684,4.018672,0.082692,1
8729,47.445679,48.516876,7.339428,0.040092,1.171322,0.335233,0.598437,19.858598,0.022466,1
8730,33.897579,43.956211,0.174799,0.059292,0.227401,0.340430,0.075439,2.298397,0.025838,0
8731,31.159220,29.539864,2.244431,0.026661,0.121518,0.284136,0.732719,3.573233,0.106591,1
8732,53.264917,42.113192,15.766869,0.053771,1.046349,0.378936,0.827674,13.908053,0.012364,0
8733,37.814087,29.683099,8.380121,0.049272,0.121749,0.401392,0.967225,0.965911,0.013823,0
8734,48.577004,37.472150,12.264231,0.052607,0.389835,0.341941,0.921981,4.424192,0.014065,0
8735,77.769972,108.876444,1.593839,0.030327,1.220990,0.242446,0.162621,21.131646,0.011803,0
8736,35.218059,48.979500,2.135348,0.048258,0.569477,0.533607,0.291320,9.116705,0.024189,0
8737,69.175769,77.360830,2.845041,0.026998,0.336552,0.346969,0.340980,14.720582,0.026344,1
8738,77.116670,102.807748,1.000486,0.031509,0.332669,0.385525,0.128228,9.320168,0.012220,0
8739,48.645830,38.116633,14.484549,0.058189,0.617030,0.530577,0.810511,10.352236,0.013363,0
8740,53.565553,61.315573,0.472790,0.049678,0.410669,0.170998,0.160560,8.371182,0.041546,1
8741,33.240931,23.405557,11.837566,0.054010,0.639982,0.543003,0.865279,5.765511,0.015015,0
8742,60.065359,73.364230,3.380216,0.040813,0.467849,0.444631,0.328960,14.859815,0.019800,0
8743,49.836550,37.974577,13.330838,0.028783,1.137210,0.189079,0.946442,5.789029,0.010840,0
8744,48.683477,36.620994,14.117494,0.045619,0.981221,0.252681,0.925279,6.807012,0.011584,0
8745,77.872065,99.451669,0.310168,0.049940,0.253422,0.291230,0.065676,5.010558,0.011195,0
8746,65.017311,81.957985,2.459437,0.046474,0.311929,0.495092,0.258905,11.752888,0.018003,0
8747,39.402417,29.797283,9.705426,0.024400,0.138174,0.151682,1.000000,0.000017,0.000001,0
8748,39.616757,36.032629,6.429602,0.046045,0.254478,0.546763,0.699928,6.949383,0.031823,1
8749,74.055585,64.946409,22.348786,0.057475,1.177974,0.512546,0.737545,26.197341,0.007912,1
8750,73.072971,91.378873,2.158558,0.023343,0.510188,0.345128,0.231080,15.890218,0.016901,0
8751,23.287468,32.577574,1.061726,0.058334,0.601634,0.459248,0.252770,5.773505,0.038531,0
8752,44.677457,34.974317,11.790420,0.046922,0.432070,0.481974,0.840198,7.139657,0.017176,0
8753,78.766430,62.423461,16.969357,0.021698,0.318326,0.254146,0.959214,3.890611,0.007751,0
8754,69.264046,58.097283,14.993402,0.037856,0.867011,0.280330,0.823757,16.699694,0.014322,0
8755,57.100785,60.048787,3.904677,0.047554,0.568668,0.261987,0.492365,17.175215,0.035357,1
8756,58.591000,80.273895,5.517778,0.036736,1.120533,0.449024,0.367618,23.367945,0.013529,0
8757,68.554509,63.624640,16.805659,0.037376,1.087185,0.477409,0.684544,25.408236,0.010416,1
8758,37.722656,51.168209,1.288411,0.034132,0.904702,0.317749,0.225001,10.760962,0.026306,0
8759,40.867917,32.791290,8.432326,0.032871,0.195889,0.333476,0.946217,1.976827,0.018119,0
8760,41.709016,29.602710,12.957784,0.025793,0.910609,0.234402,0.959908,3.436233,0.009254,0
8761,27.244912,28.996839,1.114632,0.030254,0.233223,0.330683,0.395040,5.066324,0.088499,1
8762,30.062533,30.434375,4.503430,0.054424,0.579829,0.467961,0.591820,8.889451,0.036250,1
8763,79.571275,85.160219,8.790715,0.057866,0.905556,0.309837,0.537810,30.072372,0.016928,1
8764,53.340961,51.493222,10.361518,0.023231,0.864205,0.463518,0.634523,18.646805,0.016361,1
8765,79.116797,59.022577,22.962650,0.029669,1.221456,0.229019,0.923261,12.595537,0.007193,0
8766,61.602224,45.024608,18.582212,0.020058,0.748535,0.371758,0.881430,10.571736,0.010011,0
8767,47.724900,63.991351,1.781676,0.025040,1.108381,0.291816,0.238631,15.570960,0.021136,0
8768,75.894786,91.660706,4.801615,0.042363,0.931985,0.309239,0.362901,27.486352,0.016557,0
8769,55.112088,68.348087,0.214058,0.058793,0.278553,0.245746,0.070993,3.947971,0.018988,0
8770,46.864561,33.550383,14.557218,0.035275,0.870484,0.249902,0.953686,4.241524,0.008878,0
8771,79.131455,79.107621,6.143822,0.038524,0.680015,0.196462,0.596603,25.265645,0.030202,1
8772,43.585767,40.773743,5.932923,0.054265,0.751174,0.227114,0.740315,12.245529,0.037784,1
8773,56.464360,41.012660,16.319893,0.038906,0.543510,0.179712,0.995844,0.510379,0.001639,0
8774,52.638076,48.281114,10.362229,0.045239,1.489934,0.247670,0.745343,20.617253,0.020165,1
8775,26.160395,19.057948,7.496986,0.047202,0.227083,0.491997,0.934990,1.580846,0.020675,0
8776,29.403987,28.859840,2.702294,0.045781,0.595929,0.223071,0.637957,8.508533,0.074029,1
8777,77.199159,93.410169,9.873128,0.031095,1.437101,0.385086,0.466018,36.786360,0.011154,0
8778,63.936076,76.574279,1.266764,0.059932,0.129885,0.521224,0.204721,6.541589,0.023638,0
8779,27.185125,29.373439,2.865648,0.055156,0.540379,0.429008,0.502672,7.972250,0.046532,1
8780,33.411029,24.179656,9.511151,0.021525,0.508439,0.206524,0.990457,0.609505,0.005200,0
8781,58.168282,71.056021,1.159579,0.044012,0.755224,0.212354,0.208376,14.502250,0.026726,0
8782,39.007710,46.770974,0.748185,0.033952,0.610848,0.227597,0.207587,8.726802,0.041253,0
8783,55.689493,70.540601,5.004648,0.024622,0.757223,0.485347,0.380406,18.457494,0.016194,0
8784,24.283826,25.017420,2.898114,0.057453,0.465508,0.445017,0.556411,6.543648,0.053565,1
8785,53.984539,63.023106,5.797686,0.025904,0.845818,0.433639,0.446773,19.630412,0.018365,1
8786,49.560437,56.697957,0.927680,0.025681,0.163282,0.385748,0.224127,5.992963,0.038737,1
8787,47.565734,40.850003,7.663034,0.045266,0.437065,0.173587,0.940155,3.738378,0.021779,0
8788,46.055501,49.103106,1.605298,0.052822,0.531400,0.172708,0.411753,13.064719,0.067113,1
8789,71.946967,86.788482,6.503629,0.056979,0.724756,0.430895,0.414781,23.875703,0.014770,0
8790,75.862721,78.200267,4.561316,0.041230,0.734162,0.176171,0.529875,25.859167,0.034740,1
8791,74.509655,86.982716,12.990975,0.057059,0.964620,0.547455,0.533210,29.093269,0.009923,1
8792,29.803603,36.488489,4.250753,0.038440,0.911923,0.541045,0.473890,11.329911,0.025852,0
8793,71.015781,84.347217,4.390355,0.046642,0.635747,0.362678,0.363995,21.263736,0.018286,0
8794,34.962107,35.495871,3.849881,0.040017,0.397097,0.438095,0.555951,8.702748,0.040926,1
8795,22.198773,27.432485,0.093100,0.040691,0.127992,0.379391,0.073056,1.101871,0.046047,0
8796,65.674608,80.958414,4.654621,0.022655,0.684438,0.427400,0.355296,20.233745,0.016037,0
8797,50.659160,47.272136,5.695842,0.024790,0.428823,0.268057,0.706278,11.423229,0.038723,1
8798,47.509378,49.140204,9.258491,0.034499,0.915835,0.517959,0.596188,17.608544,0.016446,1
8799,49.752177,49.583394,3.429721,0.043961,0.167435,0.391148,0.558531,8.034103,0.049559,1
8800,54.997378,72.669017,0.721544,0.054696,1.168061,0.173769,0.146967,13.670827,0.022268,0
8801,39.087586,36.081686,9.195005,0.037945,1.019863,0.460989,0.687147,13.981508,0.019465,1
8802,43.065834,36.826684,7.239140,0.027299,0.507331,0.229157,0.869774,6.496874,0.030131,0
8803,33.010335,23.479139,10.462234,0.035984,1.102523,0.159069,0.990885,0.851892,0.004458,0
8804,42.200453,56.285178,2.138086,0.059470,0.815742,0.365984,0.288000,13.004443,0.024459,0
8805,77.767940,65.423097,19.190078,0.047999,0.505909,0.544729,0.758826,17.241454,0.010345,0
8806,69.517845,75.607169,0.645105,0.034575,0.219214,0.184570,0.200244,9.119011,0.046636,1
8807,38.676882,34.080307,6.295715,0.053491,0.643977,0.210151,0.850557,7.218739,0.035658,1
8808,38.363837,33.866907,5.851309,0.034425,0.514598,0.247725,0.813302,7.387783,0.039376,1
8809,76.554876,76.100998,4.095147,0.038706,0.259759,0.223773,0.578212,15.265572,0.044812,1
8810,32.967839,29.655527,5.233673,0.048845,0.274664,0.466779,0.729065,5.722738,0.041069,1
8811,43.657095,51.615556,1.940448,0.026563,0.644536,0.308867,0.314800,12.447419,0.032806,0
8812,53.419244,38.926390,19.328213,0.049704,1.016278,0.493988,0.837928,13.213360,0.009223,0
8813,26.166234,18.318078,8.123040,0.056965,0.202573,0.456222,0.970982,0.779479,0.012319,0
8814,70.126139,74.467624,11.423876,0.031940,0.837408,0.487101,0.558875,25.321797,0.012623,1
8815,69.786175,68.008019,5.395894,0.049535,0.560974,0.160467,0.693589,18.346046,0.041848,1
8816,71.596934,72.482845,10.500375,0.046763,0.717882,0.408300,0.592688,23.544730,0.015670,1
8817,35.958444,48.914092,3.388427,0.041040,1.480862,0.374552,0.376816,16.617984,0.023171,0
8818,53.259078,55.392167,4.962034,0.029790,1.423262,0.193183,0.551247,25.138717,0.032233,1
8819,75.772837,64.340748,23.166296,0.028155,1.148817,0.534074,0.735137,26.594620,0.007549,0
8820,67.467306,90.615523,4.379616,0.023377,1.431379,0.323356,0.314700,28.662388,0.013605,0
8821,58.886020,74.297627,0.452284,0.056584,0.438060,0.238391,0.107967,7.230971,0.019969,0
8822,71.970584,76.209566,4.074181,0.034960,0.821591,0.191402,0.469086,25.946958,0.031855,1
8823,40.825404,40.772972,4.905072,0.049564,0.770629,0.290828,0.611141,13.739124,0.036780,1
8824,44.395572,59.235636,4.885478,0.020914,1.153594,0.474836,0.396217,18.375495,0.017020,0
8825,79.396635,107.807723,2.924390,0.045167,1.270338,0.261277,0.243007,28.007964,0.013386,0
8826,59.265837,70.343495,1.912493,0.030213,0.494181,0.308770,0.270224,13.781320,0.025713,0
8827,58.468818,52.922676,10.401476,0.055969,0.877933,0.268040,0.763636,16.889048,0.020994,1
8828,77.958424,80.401921,3.479428,0.022202,0.241272,0.285470,0.455496,15.181433,0.036268,1
8829,35.525537,45.849235,3.298912,0.055382,1.132694,0.385701,0.396122,14.569402,0.026424,0
8830,46.127435,41.025628,9.071143,0.044721,0.916352,0.307179,0.753327,13.931907,0.023262,1
8831,76.195725,87.470271,6.958792,0.044816,1.272474,0.276615,0.458797,34.106760,0.016690,1
8832,64.197149,55.285184,11.932780,0.036095,0.935253,0.209954,0.842274,14.964712,0.018492,0
8833,44.794435,41.085302,5.610085,0.052953,0.257111,0.349433,0.743202,7.320318,0.040607,1
8834,40.781376,42.962159,5.934632,0.020732,1.156416,0.368701,0.550658,17.354370,0.024474,1
8835,48.749047,64.599757,1.570692,0.025493,0.878360,0.305473,0.223033,13.634245,0.021382,0
8836,57.264162,41.926166,16.714959,0.022711,1.338509,0.162236,0.972368,4.209947,0.005912,0
8837,20.120934,23.714959,2.262132,0.024113,0.738288,0.492483,0.446414,6.834860,0.046432,0
8838,32.163216,29.861196,4.914765,0.057070,0.348810,0.453227,0.686390,6.735187,0.041184,1
8839,63.437204,46.359732,19.424914,0.043018,0.831782,0.303008,0.919620,8.632140,0.008511,0
8840,39.305375,50.953916,0.020121,0.045014,0.132223,0.307699,0.013528,0.495189,0.007878,0
8841,59.957041,50.276514,14.164136,0.043474,0.434123,0.541975,0.765626,12.121907,0.014332,0
8842,78.481015,68.614907,11.687983,0.043614,0.243291,0.317993,0.841976,9.342318,0.019606,1
8843,65.701203,70.273258,3.878868,0.045858,0.814822,0.200567,0.470239,23.594128,0.033445,1
8844,60.629704,63.173956,7.033057,0.025548,1.248206,0.270299,0.547944,26.827931,0.021631,1
8845,77.014782,83.726699,18.144954,0.047561,1.401021,0.520573,0.610498,34.962864,0.008082,1
8846,39.069577,29.824685,12.939039,0.052179,1.223138,0.397531,0.836242,10.673533,0.014381,0
8847,54.774212,73.421311,0.005257,0.044662,0.347098,0.169908,0.003244,0.316760,0.001790,0
8848,28.451896,28.625187,7.358465,0.049325,1.249690,0.539626,0.653113,11.742429,0.021510,1
8849,22.690919,21.940906,1.787590,0.021478,0.322307,0.255759,0.637493,4.830895,0.113821,1
8850,34.668311,34.460973,4.163652,0.039543,0.296114,0.518039,0.580731,7.371502,0.039982,1
8851,64.891336,83.678944,7.421428,0.035585,1.226620,0.433584,0.421324,28.112219,0.012553,0
8852,65.255374,55.072513,13.418795,0.038310,1.304367,0.156544,0.906219,12.477114,0.014350,0
8853,58.603047,68.784398,4.446588,0.028497,0.872467,0.342911,0.396524,21.098841,0.020535,1
8854,44.007647,60.830901,0.949121,0.050476,1.254550,0.222429,0.178608,12.871087,0.023817,0
8855,39.862401,38.499039,6.368491,0.021209,0.789679,0.387204,0.626219,13.418505,0.027618,1
8856,41.471393,45.335448,1.200341,0.032857,0.112570,0.457466,0.315766,4.947983,0.055866,1
8857,50.064893,62.692317,0.655665,0.054197,1.078545,0.152977,0.166432,12.978918,0.031384,0
8858,35.679530,38.682362,5.393060,0.047192,1.417425,0.332636,0.564690,16.723186,0.027862,1
8859,27.808480,29.066834,2.861389,0.051138,0.717522,0.315339,0.541906,9.345444,0.053411,1
8860,39.130284,29.848729,9.478327,0.037565,0.165101,0.288745,0.992224,0.339919,0.004657,0
8861,53.319450,63.895358,1.151176,0.039849,0.156010,0.494789,0.212915,6.118750,0.027882,0
8862,47.309995,50.378973,2.516150,0.035592,0.781509,0.194048,0.452846,16.568454,0.048813,1
8863,27.581373,22.764630,8.915856,0.031013,1.209590,0.529250,0.753399,9.569465,0.019650,0
8864,68.610210,80.903682,7.151176,0.021905,1.108551,0.377356,0.438386,28.474464,0.014460,0
8865,76.463415,55.617739,22.391085,0.022060,0.507423,0.377897,0.912872,8.633907,0.007701,0
8866,26.972038,27.928874,5.013998,0.026578,1.107929,0.452146,0.589626,11.039044,0.030291,1
8867,23.612268,19.001669,6.097520,0.051844,0.492155,0.490055,0.810030,4.494701,0.033426,0
8868,33.222789,25.483496,9.486675,0.045975,1.287135,0.213142,0.928178,5.161708,0.017046,0
8869,53.463007,70.071825,0.025180,0.023349,0.197321,0.259443,0.012231,0.754107,0.005154,0
8870,59.135740,48.763683,16.869265,0.050017,1.242914,0.374402,0.793795,18.797159,0.011551,0
8871,26.964062,37.527338,2.453108,0.038083,0.786047,0.548228,0.353651,8.888013,0.028368,0
8872,71.832096,73.229763,12.177830,0.023836,0.686324,0.520605,0.582736,23.228298,0.012599,1
8873,70.626491,64.764615,12.582883,0.050509,1.154650,0.241164,0.754582,23.879467,0.017192,1
8874,56.819328,49.916925,14.333725,0.026152,1.205840,0.417562,0.719212,21.031804,0.012938,1
8875,39.560703,28.694463,11.232460,0.046196,0.273187,0.245966,0.996097,0.239623,0.002279,0
8876,57.862122,57.305229,7.918239,0.039718,1.069799,0.273419,0.627730,22.641216,0.023120,1
8877,28.749151,26.988805,4.146436,0.049619,0.988852,0.214136,0.736837,9.330832,0.053315,1
8878,59.856345,49.411152,11.761907,0.041253,0.410547,0.265681,0.905093,6.477554,0.016576,0
8879,59.695726,81.726054,1.524194,0.042820,0.308449,0.519320,0.184307,8.829133,0.015467,0
8880,30.591739,29.270042,3.513582,0.045682,0.273064,0.417657,0.643803,5.958493,0.055827,1
8881,59.850939,64.608427,12.252491,0.021435,1.144765,0.533005,0.576930,25.070487,0.011470,1
8882,33.325772,26.163843,11.680481,0.053217,1.417590,0.455948,0.804028,10.972819,0.015286,0
8883,26.284743,33.257308,3.689211,0.049276,0.952633,0.541228,0.463185,10.191125,0.028609,0
8884,31.666471,33.346927,2.205790,0.037346,1.154693,0.171861,0.518288,13.560831,0.068146,1
8885,26.686334,29.927773,1.111282,0.025514,0.499006,0.285957,0.343301,6.932701,0.068221,1
8886,32.058856,22.978429,9.474337,0.055323,0.312540,0.154815,0.999979,0.001662,0.000033,0
8887,66.431018,81.538945,8.050719,0.028338,0.889933,0.501224,0.442898,24.744588,0.012570,0
8888,48.504534,39.834075,10.613939,0.027797,0.700632,0.300403,0.838026,9.957868,0.020110,0
8889,49.801266,47.407350,8.399838,0.057437,1.019862,0.289260,0.696803,17.570233,0.024014,1
8890,41.344371,50.308315,4.616505,0.037154,0.842827,0.475523,0.436639,14.951053,0.021824,0
8891,73.462164,81.793554,3.490742,0.038651,0.359145,0.351748,0.367541,16.586156,0.024329,1
8892,45.932441,40.590605,7.635563,0.037862,0.761251,0.233797,0.802165,11.146369,0.029684,1
8893,74.205839,97.932315,3.603190,0.036038,1.163463,0.298137,0.283816,27.120093,0.014199,0
8894,62.987923,70.904463,7.269034,0.024964,0.940838,0.397314,0.478640,24.338938,0.016411,1
8895,74.111781,56.330254,21.029865,0.040361,0.574840,0.424404,0.861168,12.435566,0.009280,0
8896,25.378096,33.269778,0.000008,0.054308,0.156764,0.161061,0.000022,0.000971,0.000060,0
8897,29.211398,36.812983,1.029553,0.059291,1.304230,0.196286,0.282731,11.282566,0.051649,0
8898,51.587067,38.897117,13.025349,0.026980,0.318971,0.175355,0.998593,0.134087,0.000901,0
8899,73.578788,58.013112,18.819427,0.045030,0.981077,0.229458,0.912104,11.628341,0.009541,0
8900,79.904676,75.362689,23.751612,0.057931,1.367132,0.529596,0.702645,32.353729,0.006999,1
8901,65.170255,57.197555,9.502935,0.042795,0.268917,0.294016,0.843171,8.115560,0.024167,1
8902,69.862341,85.336363,0.878591,0.020681,0.487056,0.244926,0.152424,11.489899,0.019734,0
8903,54.026935,40.806448,15.427623,0.046868,1.021582,0.217758,0.945498,6.031040,0.009288,0
8904,55.779094,62.744787,2.154538,0.058130,0.769169,0.193265,0.364774,18.383902,0.039748,1
8905,44.397540,58.517935,2.168010,0.036986,0.640840,0.417310,0.278049,11.923426,0.022619,0
8906,59.933813,42.914490,19.379225,0.033340,0.737976,0.401078,0.887466,9.840446,0.009255,0
8907,53.342139,61.642343,2.987554,0.030195,1.015274,0.248586,0.370791,20.307642,0.028279,1
8908,42.216944,36.702183,8.369602,0.044115,1.055931,0.236555,0.813013,11.656759,0.026184,0
8909,73.046289,74.687188,5.142837,0.028519,0.277875,0.365940,0.508923,15.357621,0.028305,1
8910,40.305441,52.230022,0.374886,0.056612,0.792630,0.190731,0.119576,7.160311,0.029155,0
8911,60.115588,79.355546,1.082892,0.025428,0.510103,0.332658,0.159793,10.437872,0.017021,0
8912,77.680054,88.821187,2.559464,0.046860,1.001568,0.165905,0.329414,28.133705,0.028059,1
8913,46.738988,35.255238,13.442540,0.052864,0.542202,0.412508,0.879907,6.888335,0.014098,0
8914,79.734362,65.422690,17.260431,0.052386,0.655876,0.236277,0.904749,10.935366,0.011099,0
8915,29.223311,29.203696,3.609106,0.059208,0.637217,0.332501,0.609258,8.955199,0.049492,1
8916,71.656781,94.699872,0.181231,0.048612,0.321020,0.261043,0.044030,3.781365,0.008788,0
8917,25.684338,33.705388,0.278124,0.033815,0.509406,0.279596,0.119834,3.663492,0.038991,0
8918,32.017725,32.150675,5.761792,0.036350,0.699610,0.516519,0.604606,10.314455,0.027843,1
8919,40.385098,29.128367,11.974565,0.048860,0.349812,0.386343,0.947277,2.569605,0.011658,0
8920,77.104088,91.453512,2.434116,0.024826,0.371938,0.358304,0.264498,15.387320,0.019422,0
8921,59.915764,48.888011,17.271084,0.054601,0.942370,0.441028,0.790845,16.723160,0.011209,0
8922,59.851465,74.965859,0.006501,0.028153,0.245716,0.165240,0.004351,0.378912,0.002605,0
8923,28.698677,38.434061,0.747884,0.046484,0.411003,0.426627,0.194525,5.065125,0.035073,0
8924,58.719528,63.871857,9.311779,0.036797,0.780582,0.516759,0.542595,20.578661,0.014796,1
8925,20.570862,15.169833,6.070811,0.033220,0.789517,0.313292,0.907827,3.021187,0.028864,0
8926,79.870911,99.247138,4.110357,0.034743,1.328371,0.245824,0.322019,33.006337,0.015844,0
8927,66.079428,83.610516,8.588485,0.055838,0.869858,0.536930,0.451245,24.402874,0.011966,0
8928,48.261241,41.305187,10.103734,0.059581,0.823958,0.267171,0.832843,10.966170,0.021388,0
8929,57.055959,67.656304,1.120409,0.043538,0.399500,0.275803,0.214590,10.525513,0.029344,0
8930,71.252577,85.526427,1.681274,0.027987,1.256773,0.163830,0.238592,24.752347,0.023679,0
8931,71.031541,68.952302,7.289044,0.023676,0.351611,0.356600,0.612406,16.131741,0.025500,1
8932,29.007677,31.812268,5.668880,0.041402,1.118229,0.511480,0.573542,12.028861,0.024994,1
8933,29.334177,30.676727,3.158643,0.055036,0.328467,0.522896,0.524255,6.694621,0.045297,1
8934,43.999753,40.216820,7.690938,0.054389,0.491043,0.422977,0.705956,10.622380,0.026417,1
8935,72.835583,56.976493,22.326137,0.047047,0.766439,0.508836,0.803706,17.651324,0.008532,0
8936,42.921153,39.451538,9.034898,0.021901,1.378152,0.341838,0.686485,17.863212,0.020583,1
8937,47.517594,38.120490,11.348595,0.048904,0.652930,0.296747,0.879402,7.707744,0.017618,0
8938,38.579629,48.121407,6.998955,0.051174,1.484202,0.488537,0.521483,18.723379,0.017349,0
8939,76.370045,96.321011,10.700869,0.049891,1.472496,0.414609,0.474588,36.895881,0.010362,0
8940,61.600913,81.932743,1.518423,0.050448,1.056211,0.236404,0.202376,17.849929,0.018839,0
8941,74.758977,75.734527,5.111468,0.051991,0.325494,0.292557,0.542672,16.918082,0.031789,1
8942,31.047149,27.302111,4.288970,0.023625,0.148929,0.387050,0.831176,3.018485,0.054325,1
8943,71.973070,72.978626,9.508714,0.052389,0.976481,0.292708,0.607773,27.331706,0.018460,1
8944,59.258844,56.017545,14.681130,0.028704,0.999801,0.541136,0.665507,21.573862,0.011355,1
8945,24.570666,25.889202,1.901209,0.044034,0.500815,0.321323,0.492341,6.935625,0.071389,1
8946,38.399935,33.600955,5.778119,0.051315,0.355498,0.238880,0.872150,4.787719,0.038234,1
8947,66.411572,69.036624,5.052506,0.026618,0.201119,0.507162,0.486764,11.875216,0.026397,1
8948,56.168949,46.565925,13.848622,0.052930,1.085271,0.282261,0.836459,14.441850,0.014943,0
8949,53.395713,48.345278,7.439535,0.035980,0.212086,0.450573,0.732165,8.097849,0.029722,1
8950,47.520817,46.745672,5.023359,0.038357,0.612410,0.277292,0.615062,14.214513,0.037067,1
8951,56.731052,42.236052,18.737107,0.026927,1.230343,0.403378,0.830763,15.877900,0.009941,0
8952,46.992951,58.339187,5.657754,0.028168,1.256596,0.420872,0.441369,20.788176,0.017799,0
8953,31.394450,24.701115,8.281594,0.026576,1.402415,0.241253,0.867056,7.987442,0.023953,0
8954,27.819440,28.631888,4.915567,0.030562,1.387450,0.366741,0.597745,12.678383,0.032195,1
8955,44.687524,41.792067,7.266049,0.042356,0.901014,0.293747,0.697258,14.809024,0.028019,1
8956,71.033798,52.367570,19.708806,0.059631,0.219334,0.449073,0.947053,3.590930,0.007225,0
8957,68.235734,76.553039,2.043050,0.045169,0.687805,0.187034,0.321452,20.275691,0.033851,1
8958,65.466150,70.606561,6.290371,0.045499,1.439425,0.210677,0.534439,31.217572,0.024019,1
8959,48.653007,36.026363,15.150159,0.040073,1.143601,0.297861,0.893694,9.545710,0.011839,0
8960,78.112963,106.110130,9.141775,0.028839,1.433965,0.441428,0.406344,36.283536,0.009394,0
8961,76.722928,84.365236,7.372381,0.052712,0.399824,0.501967,0.470481,19.300959,0.016337,1
8962,62.194123,56.315971,8.999005,0.044971,0.366971,0.343120,0.745686,12.081109,0.024804,1
8963,60.126963,46.790188,13.880828,0.034516,0.290279,0.253504,0.976024,1.827994,0.006871,0
8964,57.160318,54.718336,8.103952,0.050752,1.057559,0.224867,0.704205,20.307082,0.026135,1
8965,75.189430,94.062871,3.121617,0.056357,0.977493,0.256347,0.294754,25.639496,0.018099,0
8966,45.302792,34.432427,13.216976,0.040256,0.738655,0.396427,0.856091,8.829232,0.014692,0
8967,23.842353,17.231493,7.666028,0.027565,0.687846,0.453515,0.864727,4.299251,0.024244,0
8968,60.124177,55.799979,6.678788,0.027298,0.164097,0.426672,0.706839,8.379272,0.033107,1
8969,79.409894,73.733856,12.246800,0.054684,1.222795,0.169272,0.801508,24.472066,0.018749,1
8970,74.973296,76.948234,9.930475,0.041542,1.449939,0.244057,0.603889,34.787488,0.017489,1
8971,78.480098,68.302284,21.002172,0.026925,1.335470,0.419907,0.726737,30.167334,0.008734,1
8972,44.677497,61.673385,0.608689,0.036352,0.358682,0.405911,0.124877,5.504318,0.018940,0
8973,78.657225,71.790776,11.303804,0.038472,0.655619,0.251080,0.750168,20.231642,0.019865,1
8974,69.041282,52.774944,19.400081,0.041357,1.086706,0.246771,0.911127,11.578539,0.009058,0
8975,49.569828,63.497184,0.172861,0.024876,0.723618,0.166321,0.060311,5.043421,0.017054,0
8976,66.667778,62.087915,14.267735,0.044686,1.403743,0.324514,0.705572,27.229099,0.013449,1
8977,53.867895,54.944868,5.644133,0.038321,1.368136,0.191626,0.601665,24.315797,0.031963,1
8978,55.825282,63.422363,6.468769,0.057331,1.171462,0.327233,0.502582,24.104383,0.020177,1
8979,41.124596,42.915149,10.731027,0.059199,1.360278,0.538494,0.645941,17.839774,0.014400,1
8980,33.781731,35.397401,1.046721,0.034719,0.463264,0.162674,0.412423,8.950967,0.104078,1
8981,29.636071,28.982689,2.839888,0.031153,0.610586,0.242124,0.622849,8.796998,0.067750,1
8982,64.937343,58.845232,16.378813,0.034745,1.089161,0.470792,0.699578,23.578278,0.010904,1
8983,30.034001,24.337233,7.372340,0.056597,1.051541,0.207195,0.915628,4.765919,0.024250,0
8984,24.422277,33.073772,0.517016,0.030015,0.264258,0.521798,0.166814,3.138551,0.038162,0
8985,68.175074,64.079829,10.315046,0.042722,1.436339,0.178899,0.752488,25.826374,0.021625,1
8986,62.184013,66.915852,4.423645,0.059764,0.901623,0.211006,0.501231,23.555878,0.032020,1
8987,59.407754,60.662373,6.886595,0.047742,0.480650,0.417285,0.560300,16.243092,0.022947,1
8988,71.389706,93.892346,3.775746,0.033023,0.886547,0.361832,0.291859,23.077868,0.014116,0
8989,41.555308,37.156647,8.941442,0.046317,0.872206,0.386229,0.726588,12.912582,0.022197,1
8990,77.265171,70.237539,14.118439,0.046706,0.621278,0.390143,0.711652,20.790861,0.014368,1
8991,20.111803,18.474699,3.710534,0.053597,0.455267,0.496499,0.689270,4.792354,0.052416,1
8992,37.033588,28.569555,8.837502,0.027063,0.387283,0.244974,0.967629,1.669979,0.012834,0
8993,34.078694,35.301678,2.703860,0.042393,0.547498,0.287654,0.519866,10.047207,0.054932,1
8994,68.880616,94.060251,0.488953,0.021979,0.665486,0.245831,0.083734,8.645931,0.011139,0
8995,26.111490,24.579652,3.907461,0.040756,1.003160,0.247150,0.703040,9.051064,0.053543,1
8996,66.035543,52.302561,14.910173,0.047042,0.419474,0.228894,0.962456,3.500158,0.008360,0
8997,60.725763,84.035890,3.836599,0.026400,1.263895,0.358199,0.300648,23.760045,0.014232,0
8998,45.339294,63.210619,6.489878,0.025084,1.450161,0.513492,0.432750,21.471542,0.014027,0
8999,31.605100,29.190978,6.153793,0.031473,0.594771,0.491298,0.673127,8.793263,0.030126,1
9000,39.795944,50.609175,3.196509,0.053630,1.492128,0.288457,0.390168,18.653624,0.027365,0
9001,62.675144,67.297211,10.010769,0.026124,1.201125,0.405254,0.552711,27.163541,0.014206,1
9002,66.420006,81.886698,4.867007,0.022336,1.449030,0.288312,0.368287,30.142219,0.016355,0
9003,48.593215,44.551934,8.979770,0.027045,0.533705,0.475181,0.679132,12.709501,0.021224,1
9004,74.484143,56.431358,19.000035,0.029138,0.316858,0.353595,0.938270,5.106759,0.008216,0
9005,67.470322,50.604014,23.403044,0.025973,0.991538,0.538583,0.803044,18.635797,0.007666,0
9006,73.926406,100.887957,0.007170,0.039521,0.248629,0.216099,0.003066,0.343951,0.001171,0
9007,56.021333,48.341782,14.358559,0.045760,1.178883,0.378642,0.756598,19.054183,0.013601,0
9008,69.513629,73.002597,9.355649,0.044828,0.477792,0.532825,0.543533,19.054769,0.015490,1
9009,56.069562,63.960434,12.789306,0.040611,1.408651,0.548543,0.583614,25.963180,0.010688,1
9010,29.579723,31.825649,0.934655,0.038133,0.398061,0.218230,0.362255,6.996919,0.092057,1
9011,33.351726,28.267590,7.536580,0.025384,0.548044,0.473737,0.753839,7.781481,0.026945,0
9012,33.240536,32.961259,2.536715,0.024195,0.122480,0.508509,0.560818,4.586956,0.066654,1
9013,70.229612,90.501089,0.377402,0.025661,0.675895,0.193158,0.079521,8.544757,0.013270,0
9014,56.336163,72.095376,3.242796,0.031549,1.360160,0.278411,0.320920,23.524148,0.019573,0
9015,26.052599,32.359591,1.913840,0.039237,0.485966,0.521559,0.358666,6.785848,0.039445,0
9016,65.132944,47.997543,17.423330,0.051496,0.111416,0.371000,0.994965,0.316305,0.001804,0
9017,63.220065,51.193758,21.768960,0.050933,1.320867,0.506336,0.779103,21.563840,0.008067,0
9018,40.465765,36.135671,5.315340,0.057204,0.312424,0.220732,0.869463,4.798467,0.042493,1
9019,27.159034,22.674392,8.416635,0.055581,1.179934,0.474365,0.768879,8.982436,0.021757,0
9020,53.794313,75.081744,0.036121,0.054688,0.196396,0.321086,0.014029,0.852283,0.004670,0
9021,47.307341,37.340461,10.147676,0.032665,0.146806,0.219941,0.998173,0.105878,0.001465,0
9022,49.000325,39.353698,11.641542,0.055079,0.293099,0.518518,0.836174,6.554744,0.017963,0
9023,77.852973,91.582477,10.836897,0.053431,1.179423,0.413569,0.501300,33.730111,0.011409,1
9024,39.814586,32.228749,9.448597,0.053617,0.432183,0.428439,0.834863,6.500819,0.022148,0
9025,47.347746,34.118007,14.338390,0.049156,0.472686,0.354955,0.940623,3.846189,0.010226,0
9026,46.131950,42.421814,11.799419,0.058655,0.949705,0.510449,0.701685,15.591266,0.015113,1
9027,21.829876,22.630327,2.424882,0.040424,0.561257,0.392485,0.540506,6.490765,0.061831,1
9028,32.001684,39.909225,0.246366,0.059680,0.765095,0.160051,0.118769,5.558887,0.044327,0
9029,31.383151,37.118135,5.487032,0.043288,1.073252,0.538784,0.524571,12.945911,0.022731,0
9030,44.918901,44.556215,7.426168,0.041538,1.374667,0.291491,0.641204,19.680338,0.024342,1
9031,63.136279,71.581983,3.017585,0.031917,0.528974,0.308245,0.354720,17.090641,0.026295,1
9032,24.297204,33.040111,0.369161,0.027753,0.356228,0.408815,0.136287,3.169131,0.036861,0
9033,63.454823,77.147410,3.610028,0.054933,0.625105,0.367600,0.341339,18.410271,0.019898,0
9034,46.315253,58.693955,1.303957,0.054407,0.440986,0.365532,0.224946,9.222986,0.026673,0
9035,74.003489,62.246464,21.750368,0.047515,1.410488,0.397331,0.771744,26.573765,0.008658,0
9036,45.324051,62.067685,2.773631,0.039942,0.721487,0.462599,0.297953,13.344062,0.019462,0
9037,37.090546,33.531586,9.655726,0.025143,1.185417,0.479186,0.695443,14.136180,0.018090,1
9038,57.510500,61.959434,5.731787,0.051455,0.420753,0.471981,0.492185,14.879473,0.022654,1
9039,48.976512,47.625656,6.430100,0.050169,0.444627,0.405781,0.625932,12.373906,0.028592,1
9040,32.397862,40.695850,4.471671,0.022370,1.335087,0.458968,0.456793,14.846503,0.023083,0
9041,71.168116,99.212306,2.934180,0.034840,0.432642,0.536476,0.235049,14.386802,0.012238,0
9042,25.640933,27.348504,2.272954,0.044262,0.809442,0.282317,0.505675,9.202227,0.061249,1
9043,75.555085,67.171711,13.996414,0.039837,1.009574,0.256669,0.770633,23.016148,0.015559,1
9044,31.331228,42.911045,2.477506,0.044168,0.885808,0.463158,0.339511,10.798793,0.026813,0
9045,24.873600,29.839240,0.119411,0.049619,0.331196,0.206531,0.091153,2.346631,0.055449,0
9046,69.949622,82.310516,1.408149,0.034353,0.640246,0.209579,0.225021,16.787112,0.025569,0
9047,74.243201,58.130236,22.926416,0.029461,0.760908,0.548531,0.787395,18.799881,0.008172,0
9048,55.150643,44.380227,16.130827,0.059664,1.034590,0.392017,0.815695,14.938758,0.012110,0
9049,47.442746,42.949400,6.130660,0.029130,0.228973,0.371448,0.753707,7.156867,0.037385,1
9050,65.227142,85.744445,7.465517,0.025019,1.211197,0.459384,0.409730,27.901910,0.011787,0
9051,54.896273,56.453970,3.436566,0.020323,0.901870,0.177092,0.510651,20.790744,0.043196,1
9052,51.550957,42.350837,14.886348,0.034169,0.863757,0.512965,0.761961,14.827516,0.012593,0
9053,76.981006,106.684040,8.711520,0.059436,1.358513,0.432459,0.407042,34.819071,0.010001,0
9054,77.632537,89.219560,11.204878,0.025276,1.232900,0.423040,0.502014,34.388420,0.010940,1
9055,75.866199,81.786324,5.955647,0.041076,0.361548,0.432776,0.459550,18.105107,0.020104,1
9056,66.187310,70.594816,6.528538,0.057068,0.404315,0.459447,0.501747,16.789613,0.020632,1
9057,36.241304,45.963724,2.663820,0.032497,0.587008,0.495231,0.349617,10.280686,0.026925,0
9058,72.394112,70.869274,5.830879,0.027463,0.112492,0.513719,0.590034,9.438919,0.031165,1
9059,73.924960,75.206917,10.810819,0.032110,0.525763,0.508878,0.572856,21.026764,0.014381,1
9060,39.483999,41.778263,3.765535,0.028379,1.123415,0.251536,0.516366,16.681524,0.037866,1
9061,41.483714,48.036331,2.206887,0.041868,1.244487,0.203171,0.380623,17.629314,0.040516,1
9062,46.774731,36.923201,11.109796,0.043585,0.223616,0.532485,0.865171,4.798244,0.018418,0
9063,70.256710,87.267959,9.214487,0.055885,1.117878,0.451134,0.466085,29.527183,0.011862,0
9064,57.612641,55.035976,7.371029,0.038441,0.241321,0.519914,0.634265,10.645185,0.025562,1
9065,54.986016,45.591816,16.707314,0.038618,1.008633,0.522552,0.756038,17.320429,0.010869,0
9066,29.656395,35.540467,3.182101,0.059342,1.054243,0.375965,0.454703,12.069446,0.034623,0
9067,72.294442,51.856786,21.175203,0.033838,0.272049,0.397731,0.959919,3.254743,0.005755,0
9068,46.944761,39.522201,11.351403,0.042668,0.924885,0.359779,0.783620,13.240613,0.018056,0
9069,25.433367,34.307522,1.797902,0.030560,0.929157,0.424967,0.324009,8.812590,0.034503,0
9070,39.074479,41.188378,6.106001,0.055216,0.577584,0.547592,0.562817,11.699904,0.024228,1
9071,29.670924,21.259373,8.792346,0.043598,0.407052,0.219580,0.995007,0.273363,0.003474,0
9072,68.689065,67.732186,14.974597,0.038225,0.954746,0.511331,0.637182,25.176687,0.010930,1
9073,22.108120,26.762130,1.591134,0.045981,1.013041,0.315596,0.383628,8.496775,0.054374,0
9074,20.940514,24.761498,1.949016,0.023409,1.261260,0.326647,0.423489,9.209014,0.050975,0
9075,29.755691,33.554197,2.806045,0.046668,1.199847,0.277224,0.476313,12.980056,0.044074,1
9076,28.383962,35.649907,1.125512,0.020886,0.553484,0.378568,0.265199,6.919268,0.040989,0
9077,34.800639,44.852601,0.085108,0.037392,0.300557,0.251252,0.045352,1.819804,0.019898,0
9078,61.376097,66.529948,3.169420,0.038345,1.207383,0.151923,0.451365,26.704750,0.038647,1
9079,32.911789,46.057086,2.143930,0.044809,0.667483,0.511973,0.300569,9.357048,0.025278,0
9080,21.231451,24.665111,0.473627,0.031170,0.503728,0.239941,0.241051,4.695631,0.086186,1
9081,69.363753,66.662965,4.283471,0.023874,0.193963,0.209446,0.700858,10.607760,0.054271,1
9082,73.935655,73.877276,18.765192,0.052699,1.382469,0.485153,0.660680,31.828477,0.008681,1
9083,37.209909,33.113845,7.596745,0.036717,0.884096,0.353624,0.730599,11.555473,0.026695,1
9084,23.192252,32.007932,0.075224,0.027153,0.181436,0.421280,0.046658,0.964009,0.023448,0
9085,29.330093,22.725219,6.808966,0.022477,0.315069,0.250527,0.973506,1.010110,0.014876,0
9086,36.267156,38.045533,4.514790,0.038949,0.714212,0.396416,0.542863,12.156838,0.032645,1
9087,33.857686,26.892919,8.733782,0.045358,1.330430,0.174265,0.939005,4.712331,0.017730,0
9088,77.663099,92.042263,1.351223,0.058765,0.312386,0.296163,0.202553,12.245091,0.021944,0
9089,79.070605,61.065670,18.916163,0.046297,0.323957,0.158857,0.998926,0.161847,0.000503,0
9090,21.121378,26.494403,0.285669,0.056752,0.334892,0.320358,0.152133,2.876788,0.060107,0
9091,72.419141,71.871255,11.998261,0.032661,0.842322,0.413231,0.611101,25.480665,0.013958,1
9092,39.092070,33.471376,5.999119,0.022307,0.213466,0.272390,0.908931,2.958840,0.033298,0
9093,64.188401,54.170777,14.067538,0.056207,0.518918,0.405663,0.795761,13.108559,0.015114,0
9094,75.183343,100.584654,0.000118,0.058200,0.188775,0.170471,0.000090,0.011759,0.000065,0
9095,75.537135,81.785069,12.626188,0.048531,0.846465,0.501685,0.558674,27.424827,0.011318,1
9096,57.020273,56.893682,2.764864,0.051568,0.256645,0.201317,0.580258,11.290070,0.067208,1
9097,63.581952,68.003915,8.241439,0.044519,0.640170,0.458942,0.531131,20.233300,0.017035,1
9098,76.468377,67.696523,23.568298,0.058438,1.425982,0.475452,0.740619,29.582781,0.007462,1
9099,72.886230,86.348263,1.342824,0.043003,0.154736,0.448882,0.202168,8.078846,0.021894,0
9100,76.502188,84.100102,7.602158,0.048202,1.211881,0.262321,0.507490,33.592115,0.018055,1
9101,29.283685,35.891071,1.187546,0.029788,0.427276,0.407578,0.280050,6.444085,0.043151,0
9102,67.344108,74.592520,5.995936,0.028458,1.338976,0.250966,0.469870,30.999533,0.020341,1
9103,58.217330,74.550652,4.307468,0.020415,0.855093,0.420777,0.345998,19.855980,0.016283,0
9104,68.814946,61.491697,7.842906,0.040718,0.175878,0.166862,0.959528,2.510721,0.018066,1
9105,44.961005,32.033479,13.399986,0.035553,0.414953,0.194682,0.998034,0.180761,0.001107,0
9106,26.849354,34.338800,0.281828,0.047559,0.157993,0.475793,0.121676,2.155807,0.039782,0
9107,27.843341,23.298181,6.673727,0.032626,0.998091,0.340569,0.785127,8.125002,0.030832,0
9108,70.160162,55.888759,17.511624,0.057696,0.967514,0.172987,0.959914,5.957383,0.007231,0
9109,23.600406,25.684786,2.755980,0.028819,1.444106,0.282317,0.517083,11.303961,0.049780,1
9110,25.918878,24.715544,2.274595,0.035564,0.162065,0.372195,0.666642,3.794003,0.093628,1
9111,78.500290,99.920788,1.520277,0.029126,1.250892,0.184894,0.187491,23.630751,0.016580,0
9112,56.184482,59.825053,6.031058,0.024360,0.823105,0.347554,0.508831,20.330486,0.022513,1
9113,29.021344,28.890174,1.001480,0.054276,0.187028,0.155272,0.599559,4.850296,0.198305,1
9114,76.359388,99.574496,1.127991,0.059302,1.153651,0.171528,0.164187,20.294107,0.017589,0
9115,58.495826,75.723518,0.299521,0.043391,0.277264,0.307569,0.075130,4.365860,0.014962,0
9116,46.149627,61.783591,4.544882,0.023730,0.854112,0.524886,0.375582,16.180818,0.016947,0
9117,31.112670,41.219490,3.997614,0.055113,1.459289,0.420854,0.443972,14.845902,0.024972,0
9118,64.613109,76.883595,2.409159,0.030977,0.744734,0.264001,0.291841,19.143331,0.023322,0
9119,63.870072,72.698545,8.966288,0.046104,0.918838,0.459914,0.509111,24.418197,0.014165,1
9120,64.900455,50.218511,17.030832,0.030559,0.608249,0.365295,0.866052,10.930838,0.011680,0
9121,23.684965,29.220729,0.633707,0.030856,0.249138,0.463097,0.223676,3.533722,0.054598,0
9122,23.093599,26.838012,3.905133,0.044706,1.394270,0.435063,0.534144,10.838784,0.033504,1
9123,67.536012,57.781950,13.267806,0.032362,0.913349,0.249798,0.815026,17.227114,0.016554,0
9124,31.547385,35.011333,3.938652,0.055036,1.212345,0.321434,0.528349,13.822549,0.035640,1
9125,42.373940,50.048489,2.846949,0.030133,1.192503,0.268916,0.382987,17.660420,0.030671,0
9126,52.003599,52.579278,5.027474,0.040179,1.088103,0.194640,0.603580,20.907470,0.036503,1
9127,29.957192,39.883093,0.866985,0.022003,0.418358,0.442582,0.204849,5.502937,0.033117,0
9128,61.040669,68.368797,2.679746,0.058783,0.803159,0.197933,0.388090,20.959385,0.035385,1
9129,50.609767,55.409165,1.721932,0.036480,0.131490,0.463121,0.334702,6.683513,0.042850,1
9130,48.265925,63.358435,5.217332,0.050643,1.002719,0.471792,0.408187,18.768566,0.017030,0
9131,61.370014,75.151661,5.884204,0.042019,1.073435,0.376613,0.417419,24.820711,0.016302,0
9132,31.393087,40.158271,0.342570,0.041429,0.536992,0.249818,0.128810,4.835647,0.036576,0
9133,61.751899,85.379303,4.552858,0.044764,1.222716,0.377003,0.330901,24.755627,0.014083,0
9134,49.386275,41.656336,12.310355,0.036256,0.587214,0.527828,0.750389,12.016210,0.015895,0
9135,45.534971,50.558993,4.433925,0.040737,1.391394,0.250580,0.494202,21.425669,0.029638,1
9136,42.860366,41.269280,9.181996,0.031845,1.100605,0.442115,0.651375,16.630936,0.018605,1
9137,73.354563,68.604936,7.831770,0.045542,0.289478,0.294342,0.720768,13.267820,0.028939,1
9138,52.039170,59.528436,3.281301,0.056988,0.670840,0.309846,0.400408,16.471321,0.029262,1
9139,38.442460,50.742995,1.118996,0.024968,0.290822,0.524279,0.207584,5.934158,0.026336,0
9140,32.538105,26.157584,8.505432,0.021872,0.849236,0.398006,0.796487,8.482701,0.023705,0
9141,47.175848,54.171478,1.514287,0.056219,0.497512,0.258232,0.303447,11.629134,0.040672,1
9142,58.253881,79.316405,0.078250,0.026457,0.661133,0.177353,0.025777,2.840244,0.007138,0
9143,77.781080,96.027824,6.208605,0.047953,1.386533,0.286979,0.398236,35.343073,0.014682,0
9144,27.380995,36.978439,1.249410,0.035860,0.785467,0.381117,0.261952,7.901653,0.035207,0
9145,26.393559,24.188184,3.706503,0.024005,0.993027,0.204097,0.741480,8.506113,0.060247,1
9146,50.635272,57.542935,4.103337,0.021323,0.361802,0.533347,0.415205,11.875124,0.024002,1
9147,21.649559,15.185790,6.927151,0.028898,0.552677,0.379435,0.927143,2.228388,0.022672,0
9148,73.652533,76.361132,8.250006,0.056369,1.182622,0.225760,0.597616,30.992259,0.021399,1
9149,49.298653,56.666288,4.218568,0.049590,0.564637,0.432126,0.428435,14.540052,0.024520,1
9150,45.265657,34.472859,10.931811,0.034774,0.116196,0.182828,0.999996,0.000287,0.000007,0
9151,66.897467,62.484110,15.520659,0.033855,1.032538,0.468375,0.675379,24.454243,0.011299,1
9152,73.304750,94.288960,2.223321,0.023358,0.778263,0.298684,0.225233,19.406401,0.015536,0
9153,45.467360,62.389302,3.610033,0.045634,0.891696,0.462801,0.340035,15.732331,0.018441,0
9154,54.092148,60.525826,4.100373,0.022355,0.443459,0.438554,0.418849,14.072123,0.024729,1
9155,70.921082,70.098406,9.951356,0.032291,0.868480,0.330088,0.611375,25.332965,0.017569,1
9156,32.533384,40.078551,0.291672,0.041886,0.788677,0.164835,0.130090,6.114914,0.044441,0
9157,57.343904,48.275485,11.983639,0.036509,0.636753,0.329493,0.809105,12.453196,0.018051,0
9158,33.646183,43.574403,1.804565,0.044485,0.698990,0.395575,0.300678,9.790615,0.031278,0
9159,56.419080,61.582702,7.416859,0.052505,1.251676,0.316858,0.546014,25.013839,0.019814,1
9160,58.150763,44.891253,14.499422,0.039197,0.227082,0.510082,0.889307,5.234095,0.013363,0
9161,58.999982,68.938617,1.298241,0.038132,0.320743,0.310316,0.233197,10.224498,0.029511,1
9162,66.978701,53.346986,20.777727,0.056454,0.854867,0.506984,0.794685,17.611364,0.009058,0
9163,71.140227,68.471737,19.526012,0.052212,1.417541,0.490457,0.685874,30.052822,0.008541,1
9164,75.941228,102.968778,1.889251,0.025108,0.436091,0.426350,0.183600,13.323238,0.012425,0
9165,53.792837,49.984227,6.583039,0.022480,1.058229,0.168883,0.741015,17.913135,0.034638,1
9166,41.258635,34.479538,11.755443,0.057921,1.105978,0.414651,0.781289,12.804139,0.016402,0
9167,59.287062,41.774666,20.612127,0.052684,0.817188,0.411648,0.892988,9.879993,0.008356,0
9168,33.666943,43.562758,1.350607,0.031160,1.450127,0.232838,0.268389,13.364895,0.034922,0
9169,40.311614,30.000339,14.334554,0.057172,1.322806,0.403321,0.848929,10.861465,0.012528,0
9170,65.860089,76.928237,6.823685,0.045282,0.628296,0.484528,0.444978,20.628023,0.015622,1
9171,68.594445,51.908178,20.866981,0.035893,0.747641,0.450803,0.836167,14.655371,0.009241,0
9172,50.082556,47.317537,7.716826,0.038943,1.088890,0.252650,0.694301,18.324553,0.026556,1
9173,73.425015,57.207889,16.402083,0.025756,0.125323,0.215457,0.999600,0.037599,0.000258,0
9174,52.282532,59.466458,1.543038,0.028167,0.728056,0.202876,0.295032,15.392994,0.038125,1
9175,49.529118,54.275898,1.186641,0.028818,0.525546,0.182237,0.304308,12.564387,0.053478,1
9176,21.574669,16.699128,5.561673,0.033761,1.138911,0.160968,0.964142,1.814791,0.021267,0
9177,50.489916,54.289135,6.431946,0.024427,0.700164,0.451987,0.516948,16.839243,0.020873,1
9178,61.344895,59.891659,9.843728,0.026237,0.633141,0.451420,0.615083,18.657309,0.017346,1
9179,55.974434,42.543672,15.639533,0.056142,0.629289,0.330950,0.905054,7.501852,0.011497,0
9180,39.495650,45.445624,2.207783,0.040952,0.384161,0.417809,0.362551,9.180460,0.036667,1
9181,71.292705,84.464247,7.781447,0.050712,0.638174,0.509360,0.446838,22.518818,0.013630,0
9182,48.665817,34.219396,15.819336,0.026618,1.333285,0.200530,0.963276,4.516510,0.007133,0
9183,38.460714,37.152612,4.437853,0.035567,1.219127,0.169528,0.695011,14.874717,0.048654,1
9184,58.157701,68.036061,2.314718,0.035955,1.239909,0.184428,0.328467,23.408623,0.030265,1
9185,53.183737,41.733181,11.734726,0.051143,0.123905,0.311364,0.989958,0.500757,0.004589,0
9186,51.500310,59.946075,1.681646,0.022045,0.661439,0.251097,0.284303,14.203234,0.032243,1
9187,31.660471,43.823659,0.195013,0.038062,1.135308,0.175347,0.078479,4.942843,0.024770,0
9188,26.951031,34.201659,4.527005,0.021254,1.423629,0.514159,0.487113,12.822041,0.024116,0
9189,42.833823,36.389168,7.381316,0.050870,0.243125,0.337564,0.872267,4.413737,0.029312,0
9190,69.945427,60.034860,12.585900,0.024725,1.049995,0.185900,0.849342,16.759884,0.017550,0
9191,28.003991,35.459519,1.396067,0.026639,1.017868,0.303909,0.298712,9.804226,0.040415,0
9192,65.821161,59.237206,16.865117,0.056584,1.389769,0.371160,0.738707,25.233630,0.011291,1
9193,57.918456,67.026298,0.804956,0.034613,0.461856,0.204376,0.192979,10.783620,0.034056,1
9194,75.492280,91.096128,0.250627,0.041975,0.164899,0.287229,0.067695,4.011163,0.014860,0
9195,68.917273,64.827726,12.952905,0.026630,1.001810,0.373502,0.663457,25.175357,0.014166,1
9196,37.633144,30.686890,11.915586,0.045546,0.966963,0.543342,0.767757,11.297894,0.015184,0
9197,60.146364,63.815109,10.676790,0.053131,1.377669,0.369499,0.598359,27.303454,0.014827,1
9198,50.680945,68.894583,0.353929,0.048551,0.963978,0.184672,0.089385,8.039408,0.017582,0
9199,63.098337,55.859525,10.104626,0.053987,0.261753,0.426476,0.768017,9.849537,0.022161,1
9200,44.453859,44.542398,3.264997,0.020382,0.375965,0.289744,0.548060,10.795092,0.050147,1
9201,28.904862,28.766371,2.921663,0.024590,1.267355,0.186701,0.608809,12.495767,0.063208,1
9202,74.126133,90.552313,0.974975,0.023183,0.174298,0.423970,0.153984,7.342278,0.018083,0
9203,42.220652,50.957005,3.490101,0.058711,0.666236,0.427767,0.400505,13.318484,0.026216,0
9204,22.796946,21.231964,2.516885,0.025675,0.889049,0.151008,0.767607,6.564741,0.094089,1
9205,24.758488,26.416921,3.632225,0.023716,0.985157,0.416063,0.542231,9.748651,0.038800,1
9206,57.027449,77.439164,8.978082,0.057730,1.276946,0.536443,0.468110,25.626527,0.011503,0
9207,46.448512,48.377866,2.305723,0.040337,0.494271,0.210286,0.473488,12.998820,0.057968,1
9208,60.285858,43.252256,19.000141,0.028323,0.429879,0.525156,0.879378,7.935761,0.009672,0
9209,28.694105,37.977877,0.061525,0.046028,0.274102,0.277954,0.038632,1.258409,0.020061,0
9210,38.960142,54.497048,0.515087,0.028102,0.416460,0.385734,0.119652,5.019212,0.020584,0
9211,64.445144,89.433952,2.577095,0.042475,1.081979,0.313653,0.241841,20.926080,0.014847,0
9212,55.706769,62.424141,1.350859,0.046848,0.404796,0.231770,0.284426,12.021232,0.041290,1
9213,49.397289,43.563897,7.223869,0.044555,0.537921,0.175794,0.889717,6.825014,0.029578,1
9214,20.722089,16.400166,4.951927,0.027915,0.336190,0.459572,0.852280,2.772887,0.041795,0
9215,46.811478,48.166918,3.304778,0.049164,1.002068,0.151403,0.584143,18.277003,0.054975,1
9216,71.403520,99.386873,0.000037,0.046043,0.270530,0.150966,0.000030,0.004711,0.000023,0
9217,22.941769,20.636138,5.174061,0.046100,1.284966,0.328328,0.735598,8.508300,0.038317,1
9218,46.315908,47.531122,5.157844,0.055109,0.535446,0.377148,0.560037,13.367277,0.030857,1
9219,49.036998,50.290071,5.838918,0.048946,1.410157,0.207926,0.618218,22.203395,0.031492,1
9220,46.218210,41.682380,7.981844,0.036616,1.481616,0.177148,0.799112,15.791948,0.028167,1
9221,44.672720,41.319818,5.493518,0.029043,0.939416,0.164389,0.770525,13.130637,0.042606,1
9222,25.752823,23.131270,4.011489,0.053378,0.587652,0.258028,0.788216,5.717878,0.056859,1
9223,21.889583,27.285660,1.299911,0.039692,1.316485,0.263971,0.343267,9.236131,0.055468,0
9224,66.328393,46.843027,24.921048,0.054621,1.393640,0.367933,0.883604,15.329517,0.006795,0
9225,36.654871,26.501157,12.738526,0.050483,1.499753,0.285484,0.906435,7.502376,0.013042,0
9226,21.156318,24.276964,1.307168,0.048283,1.481666,0.183486,0.426984,10.101105,0.083011,1
9227,44.136702,34.268990,14.815201,0.033217,1.377025,0.443351,0.797984,14.587555,0.012266,0
9228,25.081421,19.811571,6.623320,0.053739,1.051283,0.230580,0.912262,4.097730,0.026872,0
9229,45.100235,51.125262,2.432676,0.045128,1.214787,0.188170,0.406495,19.283512,0.041474,1
9230,52.569160,69.350533,8.951414,0.043401,1.315233,0.548278,0.485869,24.036428,0.012062,0
9231,26.307423,27.228624,6.031576,0.025642,1.185173,0.539100,0.612785,10.965915,0.024799,1
9232,41.242793,38.978474,5.347005,0.031521,0.398472,0.381036,0.658086,9.559682,0.037016,1
9233,45.761257,38.227340,13.701852,0.022490,1.232796,0.483861,0.743786,16.355895,0.013094,0
9234,36.496323,38.216480,5.106591,0.042824,0.633490,0.468396,0.553945,11.482445,0.029052,1
9235,79.359188,72.553455,20.200257,0.038640,0.875326,0.549571,0.690492,26.175912,0.008640,1
9236,68.534818,67.024221,12.103625,0.029838,0.767631,0.452099,0.622535,22.816019,0.013997,1
9237,70.712707,97.264677,2.543955,0.046827,0.892160,0.328424,0.230274,20.294511,0.013852,0
9238,56.547711,53.388069,6.330361,0.020908,1.132765,0.161383,0.711755,20.542685,0.035142,1
9239,62.967253,85.098855,6.312173,0.049061,0.985149,0.479574,0.384672,23.883839,0.012750,0
9240,41.700456,32.346191,13.316557,0.057543,1.406329,0.326736,0.855008,11.270795,0.014106,0
9241,33.030179,43.753363,0.356390,0.020329,1.091797,0.193088,0.118481,6.842207,0.029749,0
9242,78.991979,57.402659,22.827568,0.041940,0.495577,0.223742,0.987377,1.814681,0.002623,0
9243,33.923245,32.127933,4.600066,0.052134,0.477376,0.350110,0.673146,8.455426,0.043962,1
9244,36.717209,33.749255,4.265076,0.021976,0.155811,0.437163,0.723935,4.845222,0.052763,1
9245,26.774650,27.659760,3.608088,0.034738,1.279312,0.288301,0.579100,11.843270,0.044792,1
9246,72.382897,94.488291,12.106515,0.042877,1.332192,0.530922,0.485922,33.308790,0.008989,0
9247,69.137837,68.511731,11.081825,0.024872,0.981377,0.370533,0.608270,26.311431,0.015137,1
9248,35.788945,32.155761,4.882358,0.034328,0.276006,0.342556,0.769576,5.715129,0.047193,1
9249,56.021266,51.170303,13.333289,0.040838,1.209148,0.405221,0.704324,21.277110,0.013837,1
9250,36.688617,46.590695,0.882501,0.054494,0.973984,0.213981,0.219315,10.701846,0.038148,0
9251,42.839796,33.376970,11.330263,0.035782,0.401738,0.507833,0.836716,6.694738,0.017880,0
9252,53.422440,49.750440,9.166605,0.020787,1.145659,0.298037,0.676304,20.546297,0.021084,1
9253,56.049902,62.118207,4.464280,0.028460,0.950581,0.284832,0.446743,21.606603,0.025402,1
9254,75.893927,104.868929,0.324173,0.045780,0.536854,0.246519,0.058917,6.530258,0.008567,0
9255,42.111720,52.834808,3.201327,0.053984,0.801650,0.401496,0.370356,14.240573,0.024949,0
9256,57.735271,41.783941,19.925398,0.059115,1.149539,0.339211,0.895766,11.196411,0.008614,0
9257,29.514801,40.845072,0.012745,0.036368,0.506176,0.180947,0.010269,0.572791,0.007179,0
9258,26.650212,22.695213,6.399464,0.042312,0.867852,0.392498,0.765034,7.628749,0.031533,0
9259,55.029017,57.596995,6.853947,0.057356,1.222938,0.257905,0.590419,23.651256,0.024763,1
9260,27.811621,27.743791,1.149108,0.055333,0.136991,0.245883,0.561836,4.057174,0.155722,1
9261,52.957798,41.337082,15.574227,0.021560,0.874560,0.457523,0.798705,13.918964,0.012404,0
9262,77.325288,70.743610,12.399589,0.037920,0.461500,0.397989,0.701576,18.220708,0.016591,1
9263,31.337748,39.558128,0.620904,0.020219,0.377949,0.359700,0.181861,5.088007,0.038110,0
9264,26.908983,31.988514,0.688838,0.052695,0.334458,0.338147,0.243115,4.871834,0.059491,0
9265,53.976674,44.833545,9.991086,0.045252,0.305363,0.252184,0.933276,3.859453,0.017202,0
9266,43.155534,44.692493,5.605630,0.051817,0.421487,0.525770,0.552560,11.080199,0.026847,1
9267,45.913590,61.629071,1.055319,0.026642,1.335756,0.219353,0.185654,14.195596,0.022983,0
9268,48.644304,51.956982,3.775610,0.032517,0.577582,0.322547,0.472265,14.712875,0.033375,1
9269,61.428757,46.629067,21.042389,0.057050,1.094815,0.455403,0.828390,16.363425,0.008698,0
9270,31.500611,23.979426,10.062734,0.058256,0.786533,0.477624,0.832480,7.003062,0.018787,0
9271,53.764018,43.015892,18.057029,0.052520,1.099371,0.524028,0.783989,16.516267,0.009918,0
9272,56.726974,60.137744,8.809872,0.057730,0.966855,0.401251,0.575641,21.851378,0.017503,1
9273,35.455511,40.607409,4.581053,0.042680,1.331642,0.351080,0.503180,16.322017,0.027772,1
9274,64.002155,74.414799,0.661092,0.049012,0.179363,0.313020,0.157577,6.529483,0.028391,1
9275,76.453897,105.472898,1.168815,0.058752,0.728234,0.274328,0.141265,14.610539,0.012512,0
9276,60.958665,45.873730,16.882773,0.054581,0.302985,0.507514,0.888119,6.386473,0.011177,0
9277,51.956672,48.727117,7.033774,0.054785,0.731434,0.234397,0.732454,14.625125,0.031600,1
9278,37.692214,47.108108,5.747832,0.023717,1.409377,0.471509,0.476567,17.820721,0.018876,0
9279,58.704098,50.575934,12.050627,0.049117,1.158144,0.206812,0.850012,14.729159,0.017844,0
9280,50.135063,61.706424,0.151301,0.038511,0.368162,0.198296,0.060814,3.662152,0.019957,0
9281,38.410095,32.746966,7.784340,0.025649,0.807100,0.303260,0.787472,10.014967,0.027734,0
9282,36.509774,44.623496,5.630256,0.023797,1.079538,0.531394,0.483696,15.120816,0.019774,0
9283,64.680975,73.165249,9.443471,0.027117,0.768782,0.534806,0.506411,22.622061,0.013152,1
9284,20.471503,24.253342,1.249372,0.056103,0.810422,0.302279,0.374555,6.985629,0.068044,0
9285,51.118665,62.346245,0.041734,0.022179,0.166593,0.234669,0.023489,1.157206,0.011328,0
9286,28.785475,20.279667,11.059606,0.051838,0.972186,0.532846,0.847383,6.694158,0.015595,0
9287,46.454019,41.613717,12.128616,0.053776,1.309463,0.399937,0.733398,17.464899,0.015454,1
9288,36.388942,48.614256,0.929795,0.021746,0.349762,0.468647,0.189689,5.834076,0.026879,0
9289,53.819544,46.959030,14.965811,0.050669,1.039254,0.487818,0.735240,17.962618,0.012232,1
9290,36.927561,26.510710,11.656914,0.054243,0.814054,0.233129,0.970667,2.225104,0.008598,0
9291,45.267528,39.812543,5.749585,0.055941,0.118708,0.204021,0.974788,0.917996,0.018497,1
9292,66.006027,62.218750,10.342539,0.057641,0.488755,0.412880,0.672431,16.661789,0.018951,1
9293,61.215360,75.402450,1.229181,0.042547,0.577307,0.258089,0.200555,13.043244,0.023361,0
9294,70.072491,78.447216,4.611946,0.055990,0.440770,0.382336,0.412694,18.113160,0.021890,1
9295,49.701830,35.991148,18.188121,0.058091,1.373723,0.375039,0.871941,12.195372,0.009582,0
9296,46.550801,44.302190,4.368501,0.042981,0.475267,0.201238,0.716842,10.861501,0.052407,1
9297,75.150416,61.861652,17.249353,0.032276,1.143719,0.240428,0.848242,18.884773,0.012160,0
9298,53.472151,66.069520,2.928317,0.029350,1.117431,0.282201,0.326337,20.378203,0.022601,0
9299,72.129931,87.008217,9.821645,0.030756,1.097771,0.466802,0.472154,30.076126,0.011281,0
9300,41.505068,40.715366,4.352273,0.024856,0.502586,0.318157,0.599993,11.367910,0.041269,1
9301,21.016370,21.418564,2.087304,0.058430,1.115009,0.181445,0.631903,8.364903,0.093610,1
9302,36.877442,38.569812,2.246710,0.024673,0.338543,0.330927,0.462802,8.522843,0.055939,1
9303,54.843832,69.879016,3.068124,0.050971,1.496925,0.238536,0.336225,24.480647,0.022794,0
9304,64.878684,69.809953,8.635903,0.057429,0.731133,0.430837,0.539557,22.022596,0.016609,1
9305,60.901584,43.132279,21.235190,0.051732,1.311100,0.269577,0.932113,9.144480,0.006976,0
9306,37.526805,27.673576,10.074098,0.046744,0.171199,0.224495,0.999677,0.018392,0.000340,0
9307,75.412871,97.258705,1.287459,0.035203,0.588439,0.280911,0.164359,14.323892,0.015237,0
9308,25.543695,18.442576,8.918384,0.057722,0.732986,0.516900,0.853810,5.011933,0.020274,0
9309,68.590324,78.194098,4.733389,0.040603,1.298711,0.222064,0.427432,30.666471,0.022602,1
9310,61.050221,82.079105,0.001220,0.030058,0.127447,0.256175,0.000820,0.061123,0.000502,0
9311,25.942372,22.254559,6.365747,0.057593,0.637575,0.494106,0.751423,6.562643,0.030953,0
9312,76.760373,60.210856,17.372958,0.024395,0.139268,0.515718,0.915533,4.436577,0.010484,0
9313,29.449318,32.419155,0.492544,0.020825,0.418615,0.183849,0.249853,6.052978,0.090687,1
9314,62.587821,51.801218,13.482769,0.035090,0.420795,0.412897,0.814681,10.848914,0.015940,0
9315,48.162344,65.559890,1.576387,0.027965,0.707855,0.364457,0.215393,11.852399,0.019806,0
9316,47.053377,58.863626,4.143365,0.053452,1.409170,0.305616,0.409724,21.710462,0.022769,0
9317,32.966967,44.180426,2.749435,0.050808,0.640316,0.545811,0.352911,9.800436,0.025802,0
9318,54.646561,56.609265,7.656638,0.027757,1.079819,0.345296,0.565369,22.349376,0.020072,1
9319,38.739845,31.571405,11.168534,0.043028,0.954191,0.454481,0.780936,11.177413,0.017174,0
9320,72.378207,61.830038,19.082194,0.034695,1.191584,0.401522,0.749480,25.134523,0.010028,0
9321,71.014402,62.445064,17.915696,0.039213,0.941346,0.466231,0.723095,23.068181,0.010422,1
9322,61.834478,76.596982,2.770442,0.048174,0.503120,0.392322,0.293522,15.098075,0.020005,0
9323,47.400827,45.734242,4.239039,0.020387,0.564240,0.217823,0.644632,13.260533,0.048020,1
9324,23.538693,30.455544,3.466937,0.053848,1.304124,0.477168,0.471522,10.696546,0.031023,0
9325,33.279827,34.752470,2.758480,0.050391,1.370981,0.150728,0.592644,15.124497,0.066083,1
9326,47.565595,33.651190,15.642107,0.037430,0.492925,0.507160,0.885268,6.471315,0.011441,0
9327,59.263057,56.521500,8.290994,0.052696,0.786917,0.269862,0.688206,18.593331,0.024930,1
9328,56.902087,50.277137,13.263533,0.020986,0.771949,0.490910,0.705472,17.237113,0.014048,1
9329,22.900930,19.627296,5.030952,0.045006,0.566917,0.438013,0.761146,5.346388,0.041053,0
9330,24.827063,18.134328,9.268870,0.048487,1.218586,0.482620,0.833204,6.850959,0.018899,0
9331,60.592296,74.268498,5.100304,0.043607,0.630654,0.472157,0.388989,18.448452,0.016875,0
9332,30.327052,30.205018,6.058687,0.041305,1.136686,0.422663,0.632489,12.181096,0.027567,1
9333,37.572152,27.151129,10.760921,0.057711,0.140804,0.527816,0.962479,1.153212,0.010992,0
9334,32.676940,26.246967,6.539716,0.029250,0.125396,0.283741,0.988322,0.352994,0.009291,0
9335,34.474558,43.374817,3.749415,0.023241,1.149203,0.428929,0.416263,14.417732,0.024610,0
9336,51.235107,40.604656,12.418634,0.023442,1.135350,0.220860,0.888559,10.361482,0.015741,0
9337,28.953589,39.299383,3.026077,0.036451,1.077418,0.478882,0.387025,11.505576,0.026601,0
9338,32.957565,44.550892,3.393032,0.042383,1.075796,0.467859,0.388001,13.096351,0.023955,0
9339,58.686859,77.523961,1.891939,0.027913,1.260814,0.245866,0.228798,19.950842,0.018687,0
9340,23.905845,20.418920,4.281972,0.021153,0.580884,0.275985,0.819412,4.790728,0.052290,0
9341,66.292750,85.400265,0.000214,0.020286,0.112423,0.208523,0.000189,0.015985,0.000155,0
9342,72.354624,74.416342,18.972171,0.055493,1.476063,0.506051,0.653556,32.438349,0.008295,1
9343,27.708586,28.613563,5.154145,0.025962,1.491027,0.379693,0.597155,13.095657,0.030129,1
9344,40.656800,39.498109,9.898988,0.043516,1.347110,0.453511,0.666214,17.166856,0.016999,1
9345,60.394064,64.640430,14.084896,0.058829,1.208396,0.536728,0.618036,25.317634,0.010702,1
9346,67.367120,70.137986,2.767856,0.021779,0.328423,0.242578,0.432904,15.183560,0.041995,1
9347,40.415480,31.964390,9.376574,0.023342,0.414671,0.359471,0.879198,5.230648,0.021483,0
9348,27.579091,33.644783,2.388818,0.046883,0.565710,0.503008,0.395043,7.987289,0.036904,0
9349,25.160993,35.031664,0.532893,0.022135,1.003341,0.275601,0.163450,6.218030,0.035520,0
9350,73.174709,81.762751,7.159563,0.057620,0.502111,0.464901,0.466399,20.612326,0.016491,1
9351,64.132310,84.776435,5.177014,0.031470,1.177692,0.383554,0.354464,25.896635,0.013939,0
9352,70.537170,58.305579,12.963445,0.026359,0.328233,0.227702,0.944239,4.544548,0.012221,0
9353,26.193849,33.694204,2.948360,0.026055,1.245646,0.432215,0.415463,11.400062,0.030861,0
9354,57.618534,51.472709,10.138710,0.030023,0.418316,0.442252,0.719466,12.556241,0.020444,1
9355,39.159024,35.030547,5.209747,0.056329,0.131474,0.451082,0.790519,4.086160,0.044932,1
9356,48.367021,65.781510,0.348232,0.046988,0.510945,0.272060,0.086814,5.465550,0.016807,0
9357,38.874346,50.198303,0.609085,0.031764,1.201831,0.182556,0.161926,10.450577,0.031519,0
9358,41.455048,51.074289,1.370800,0.046884,0.240762,0.505905,0.251101,6.478943,0.030952,0
9359,30.753629,40.088679,0.288291,0.046675,0.171909,0.466416,0.108866,2.379868,0.031382,0
9360,46.685967,39.338067,12.355753,0.020799,1.394621,0.372028,0.750315,17.508361,0.015482,0
9361,42.370965,43.334482,3.854505,0.041390,0.851191,0.231449,0.566101,15.380674,0.043487,1
9362,60.782139,43.362209,17.649446,0.039139,0.129658,0.366761,0.996112,0.252793,0.001439,0
9363,36.493369,39.638107,4.576191,0.033969,0.822553,0.410710,0.515693,13.193797,0.029325,1
9364,77.476233,80.851244,15.034298,0.029904,1.200471,0.454780,0.593134,32.938190,0.010051,1
9365,58.934357,67.644174,5.797491,0.029334,1.350249,0.297380,0.455616,27.151057,0.019468,1
9366,24.984047,30.187824,1.942918,0.036233,1.281414,0.292731,0.395441,10.893045,0.046523,0
9367,59.519111,44.812732,16.254465,0.034649,0.511379,0.357436,0.904470,7.223398,0.011155,0
9368,48.594153,41.114361,9.653617,0.057035,0.857103,0.160835,0.936406,5.608154,0.017228,0
9369,60.818394,69.168536,9.805041,0.045814,1.394198,0.399937,0.539405,28.508982,0.013823,1
9370,66.188340,58.739779,13.420618,0.040777,0.934025,0.325389,0.744728,20.552101,0.015436,1
9371,24.769230,22.412195,5.000879,0.048970,0.491974,0.518262,0.699553,6.044652,0.038642,1
9372,33.847233,25.461133,13.133334,0.047648,1.499940,0.504588,0.812014,11.175416,0.012889,0
9373,28.632765,36.092678,0.850555,0.026060,1.238653,0.214562,0.237293,9.845230,0.045185,0
9374,37.727073,32.134080,11.511416,0.034518,1.465574,0.454523,0.744948,14.667519,0.015470,0
9375,68.303048,66.264791,10.361960,0.024312,1.055620,0.308785,0.631193,26.468683,0.017406,1
9376,78.038640,63.833380,19.541176,0.051621,0.639996,0.416169,0.807632,17.070667,0.010524,0
9377,57.891116,75.101000,0.515036,0.050847,0.140731,0.503020,0.106202,3.981645,0.016783,0
9378,20.970469,22.884529,1.395216,0.022031,0.588024,0.317099,0.426867,6.307184,0.076918,1
9379,58.641808,78.774101,0.665336,0.054270,0.968743,0.198629,0.126523,11.982238,0.018108,0
9380,32.631270,45.005211,2.832136,0.029409,1.342361,0.398390,0.351888,14.030884,0.024640,0
9381,41.757966,42.927980,5.365847,0.049429,1.305229,0.245377,0.607086,18.342525,0.032844,1
9382,38.959584,35.172609,11.231989,0.039604,1.192928,0.530290,0.708057,14.611297,0.015217,1
9383,69.001231,58.501734,15.394647,0.040243,1.200320,0.251484,0.819165,19.894371,0.013842,0
9384,41.799905,57.704278,1.325003,0.048784,0.777546,0.340834,0.212909,10.708618,0.023127,0
9385,42.293436,53.183743,2.062858,0.022876,1.287654,0.261591,0.300064,16.688229,0.027698,0
9386,50.472263,46.512634,12.560041,0.024589,1.197016,0.469119,0.681949,19.696946,0.013769,1
9387,57.073185,51.511826,8.056829,0.027316,0.582237,0.251029,0.762400,13.464118,0.028281,1
9388,63.036132,60.711290,7.978807,0.040564,1.062478,0.208119,0.685573,23.063769,0.026249,1
9389,49.944239,61.407885,0.608620,0.045923,0.516746,0.229613,0.152546,8.465222,0.028602,0
9390,28.141937,26.795579,4.118394,0.050440,0.644885,0.334032,0.669359,8.190666,0.048011,1
9391,24.874094,28.450980,2.983802,0.033266,0.756955,0.470888,0.475424,8.617220,0.039074,1
9392,29.263087,39.190550,1.900267,0.038438,0.567686,0.521693,0.311678,7.796738,0.030743,0
9393,65.674390,49.387910,19.492944,0.032415,0.909616,0.353395,0.864681,13.621499,0.009825,0
9394,64.578142,67.634047,0.880650,0.041199,0.199431,0.159652,0.309382,10.165387,0.076557,1
9395,40.904561,42.320733,3.557054,0.040248,1.002543,0.210779,0.553870,16.190103,0.045791,1
9396,75.933054,87.718606,7.853145,0.058638,0.543755,0.503031,0.453214,22.184121,0.014066,1
9397,28.609405,33.152589,1.294937,0.027712,0.884097,0.243390,0.336316,9.815210,0.055729,1
9398,53.826426,49.784159,14.628371,0.023910,1.268764,0.515612,0.683334,21.586394,0.011389,1
9399,70.433153,85.719714,2.119966,0.048598,0.467594,0.325508,0.251729,15.360953,0.020344,0
9400,58.025474,53.313114,13.793666,0.021623,1.270201,0.426584,0.682139,23.320684,0.012783,1
9401,69.717874,80.349828,2.691455,0.031399,0.368788,0.355962,0.310323,14.943440,0.023420,1
9402,39.766944,27.973719,12.014985,0.050711,0.156949,0.183483,1.000000,0.000025,0.000001,0
9403,75.681311,76.431730,17.290063,0.025020,1.161461,0.520603,0.623520,30.966375,0.008941,1
9404,22.028530,16.069725,6.040058,0.024136,0.176420,0.344733,0.988698,0.274346,0.009296,0
9405,67.296587,60.530822,19.133139,0.050962,1.144088,0.513311,0.716915,24.359173,0.009159,1
9406,28.961115,23.020442,6.352148,0.034372,0.270933,0.345765,0.921803,2.202726,0.028034,0
9407,47.696561,41.969831,9.410355,0.033531,0.970771,0.296433,0.756605,14.721110,0.022487,1
9408,26.331804,29.348426,4.776511,0.050318,1.017393,0.511604,0.558449,10.481903,0.029044,1
9409,65.960267,57.056988,13.617695,0.056603,0.429917,0.466053,0.760197,13.438901,0.015416,0
9410,66.934786,80.576066,0.679168,0.053896,0.474083,0.207154,0.146868,10.595004,0.024080,0
9411,41.001057,38.644815,6.924718,0.038538,0.884185,0.333923,0.675089,13.874501,0.027954,1
9412,53.214346,52.724397,7.336175,0.046565,0.449977,0.466253,0.599846,13.792402,0.023215,1
9413,48.739753,56.276782,3.374390,0.022360,0.849509,0.319234,0.390887,17.247047,0.026771,1
9414,20.591150,23.954004,1.672858,0.025073,0.811426,0.366877,0.408681,7.205001,0.057083,1
9415,73.905560,69.348805,20.922808,0.058375,1.475316,0.464124,0.707991,30.827073,0.008243,1
9416,68.827999,67.959510,8.315150,0.058176,0.663558,0.296478,0.630499,21.159716,0.022704,1
9417,25.812373,20.827766,6.183354,0.035319,1.094559,0.229737,0.879749,5.410097,0.032291,0
9418,68.827168,71.722826,5.341911,0.026158,0.894698,0.227102,0.509777,25.964363,0.026975,1
9419,27.551362,29.209402,3.036667,0.049291,1.185920,0.254492,0.555130,11.855161,0.051748,1
9420,71.093011,55.023331,16.880708,0.053972,0.259670,0.247768,0.986223,1.275074,0.003921,0
9421,62.486951,44.138015,18.799725,0.044372,0.231042,0.222966,0.999654,0.037908,0.000188,0
9422,21.692821,22.275550,3.109769,0.052090,0.562729,0.477532,0.574146,6.379507,0.050449,1
9423,56.865387,51.470205,8.053257,0.048090,0.746277,0.177723,0.831421,12.364306,0.028829,1
9424,39.949825,50.962346,0.259445,0.044987,0.668440,0.188534,0.095553,5.544153,0.027565,0
9425,66.622759,51.321233,23.294282,0.024264,1.306135,0.506357,0.786701,22.144986,0.007544,0
9426,41.826192,47.563555,3.148015,0.020410,1.285171,0.256277,0.418044,18.515836,0.032135,1
9427,74.500299,72.393672,14.757956,0.025600,1.088926,0.421349,0.636261,29.187501,0.011461,1
9428,24.389660,29.319483,0.347334,0.038634,0.553327,0.216504,0.176230,4.697487,0.065918,0
9429,57.670941,53.997149,7.042027,0.046088,0.636725,0.221545,0.734580,15.085212,0.032153,1
9430,71.120534,86.589284,6.857450,0.025133,0.908822,0.424844,0.410209,26.360550,0.013498,0
9431,21.085962,26.633195,0.131707,0.024688,0.525317,0.215796,0.091412,2.510623,0.049812,0
9432,77.788064,96.587984,0.415974,0.058539,0.433021,0.206047,0.089838,8.301280,0.015376,0
9433,64.011633,74.235426,6.211033,0.035268,1.250067,0.310734,0.449907,28.326569,0.017797,1
9434,57.474021,56.252355,4.533077,0.049188,0.157891,0.406378,0.603296,8.803746,0.041537,1
9435,45.422769,41.424688,8.490462,0.049641,0.549016,0.441664,0.701407,11.677113,0.023341,1
9436,69.135105,85.279971,1.694122,0.030071,1.161122,0.190645,0.226939,22.451170,0.021220,0
9437,65.705136,50.529392,22.116113,0.055004,1.474956,0.363385,0.841241,19.316952,0.008348,0
9438,41.131014,43.960422,2.939182,0.050253,1.128023,0.179466,0.517419,17.411016,0.050838,1
9439,68.291246,78.469916,0.929368,0.032526,0.156811,0.354257,0.188381,7.299952,0.028177,1
9440,31.307090,25.317053,6.161031,0.056462,0.119994,0.172443,0.999892,0.004633,0.000228,0
9441,41.960685,35.416503,12.440140,0.048287,1.137446,0.472489,0.757233,13.998975,0.014794,0
9442,57.008498,63.516429,1.926272,0.045454,0.669955,0.196082,0.343274,17.159739,0.040193,1
9443,61.070771,47.191121,19.100690,0.040227,1.306436,0.362143,0.830669,17.619442,0.009985,0
9444,55.091456,68.491723,1.651047,0.037104,0.769859,0.265333,0.243188,15.135072,0.024413,0
9445,27.682361,23.066044,4.909458,0.054777,0.100739,0.455983,0.914818,1.369408,0.038903,0
9446,33.120946,23.240075,11.576586,0.036503,0.788963,0.460403,0.873115,6.119590,0.015358,0
9447,44.173730,57.641372,1.019204,0.034634,0.234174,0.523576,0.186302,5.730862,0.023954,0
9448,20.703777,20.156216,1.947900,0.041274,0.463585,0.261507,0.635714,5.295093,0.101897,1
9449,72.194483,97.895486,11.181635,0.035943,1.288788,0.545974,0.457517,32.511203,0.008865,0
9450,64.102179,60.828241,7.445184,0.046682,0.231170,0.441427,0.656883,11.332135,0.027026,1
9451,27.347548,29.667042,3.205508,0.033050,1.481923,0.270758,0.526472,13.252072,0.044161,1
9452,74.198130,58.037127,22.590147,0.051179,1.406939,0.306336,0.854497,20.106174,0.008474,0
9453,25.012857,17.844727,7.930926,0.048214,0.626164,0.345012,0.931092,2.625550,0.019425,0
9454,64.319114,75.214745,8.088493,0.058700,0.902070,0.441354,0.485080,24.353781,0.014786,1
9455,74.876807,65.106312,21.960386,0.043912,1.099095,0.519718,0.731591,25.878575,0.008081,0
9456,50.627181,45.349245,7.444830,0.028753,0.638775,0.237989,0.779491,11.996692,0.030789,1
9457,48.225295,63.888783,1.629133,0.031515,0.368617,0.491195,0.225109,8.783668,0.020859,0
9458,40.355377,55.435752,0.021927,0.037686,0.476488,0.188244,0.012537,0.903727,0.006187,0
9459,79.530548,105.226822,11.955015,0.026294,1.244587,0.537743,0.455336,35.174140,0.008309,0
9460,75.749077,76.125551,11.709106,0.059698,1.054292,0.313898,0.633467,29.275909,0.015417,1
9461,26.782741,35.016970,1.410540,0.059479,0.767079,0.370357,0.300276,8.159271,0.040039,0
9462,21.768656,22.731024,2.680599,0.021041,1.105287,0.315379,0.541993,9.079551,0.054966,1
9463,29.333612,33.738575,5.097029,0.044983,1.440284,0.427951,0.544007,13.958754,0.026319,1
9464,43.793774,47.919087,7.106590,0.050384,0.861401,0.492765,0.550424,16.085607,0.019759,1
9465,59.773157,82.837595,3.594442,0.024986,1.259604,0.352990,0.292472,23.054510,0.014513,0
9466,74.194165,100.960037,1.428476,0.049028,0.632288,0.314218,0.162590,14.505698,0.013263,0
9467,27.419583,36.172680,0.330623,0.040190,1.404734,0.157323,0.137900,7.159266,0.043088,0
9468,68.962175,71.298080,1.806396,0.027576,0.205040,0.210848,0.404412,12.098429,0.058844,1
9469,61.176732,55.645538,10.175493,0.056706,0.278767,0.532612,0.703263,11.174819,0.020110,1
9470,28.314552,24.383504,5.105069,0.026020,0.928969,0.213437,0.828165,6.953552,0.043744,0
9471,40.194563,54.842234,4.874169,0.053672,1.447419,0.428285,0.422834,18.929856,0.018901,0
9472,63.240402,65.055464,10.440703,0.045378,0.842216,0.442515,0.589976,22.562097,0.015137,1
9473,25.810770,22.130694,5.835251,0.033406,1.448120,0.257390,0.790364,8.942439,0.036013,0
9474,45.314679,40.948361,6.131468,0.028318,0.227652,0.406064,0.743154,6.968888,0.036713,1
9475,33.390953,38.512025,1.535722,0.021675,0.240113,0.494627,0.327784,5.909424,0.044627,1
9476,65.601572,76.505824,1.440206,0.029574,0.143259,0.474926,0.229053,7.522152,0.025690,1
9477,28.680060,36.394922,2.442945,0.049615,0.917927,0.407803,0.382924,10.486612,0.034058,0
9478,45.019375,40.714809,7.172547,0.052277,1.041821,0.167893,0.838903,11.230451,0.031679,1
9479,42.794536,40.462698,9.700423,0.024557,0.883259,0.523368,0.656873,14.788029,0.017468,1
9480,52.910616,71.250862,0.822867,0.027666,1.243717,0.202936,0.146909,13.567744,0.019202,0
9481,71.675014,77.070004,1.669449,0.057369,0.127640,0.339211,0.316391,9.113700,0.040973,1
9482,38.056178,40.401143,4.494004,0.024412,1.252086,0.293573,0.530001,16.940334,0.031822,1
9483,39.132000,50.392416,4.075719,0.036004,1.189854,0.415795,0.406573,16.559865,0.021858,0
9484,43.666729,48.029895,10.841472,0.041423,1.487701,0.545430,0.611070,20.419106,0.013197,1
9485,64.831946,50.861025,18.841759,0.026451,1.214353,0.362931,0.812495,19.229922,0.010381,0
9486,56.794714,75.228081,2.590074,0.055038,0.394594,0.523798,0.266397,11.716828,0.017574,0
9487,25.369241,33.479777,1.403268,0.023240,0.462852,0.533430,0.290031,5.908297,0.037182,0
9488,43.532209,49.456440,4.992823,0.028527,0.874022,0.417826,0.473094,16.199173,0.023407,1
9489,22.766899,19.173519,6.435052,0.058140,1.422529,0.343062,0.795750,7.698348,0.030434,0
9490,30.144304,29.997623,3.285308,0.022811,1.327899,0.201147,0.605504,13.370438,0.055088,1
9491,73.739171,73.058439,7.379822,0.025568,0.216842,0.502979,0.571572,13.477672,0.022726,1
9492,49.406202,40.221392,12.236765,0.053811,1.351684,0.159209,0.944830,6.405349,0.012194,0
9493,54.859406,47.784499,10.316651,0.031171,0.846390,0.276351,0.780525,14.923468,0.021200,1
9494,56.111152,60.443013,8.342990,0.024303,0.653269,0.537770,0.532978,18.030931,0.016302,1
9495,30.476333,34.839998,0.100320,0.047533,0.215843,0.187936,0.085119,2.205571,0.058539,1
9496,33.770500,38.933660,0.539530,0.041314,0.496109,0.199802,0.213324,6.918532,0.061201,1
9497,32.144032,39.011384,0.021749,0.024472,0.149194,0.235982,0.020743,0.620031,0.017044,0
9498,21.211434,16.264187,5.911386,0.023717,0.493948,0.496448,0.833774,3.718349,0.033702,0
9499,23.964427,31.218186,0.215247,0.024030,1.252004,0.160077,0.111462,5.090006,0.044223,0
9500,22.999521,25.604553,2.840264,0.044826,1.038495,0.366591,0.509648,9.347684,0.046417,1
9501,30.481045,39.279940,0.678662,0.059447,0.558577,0.303943,0.195814,6.296810,0.039920,0
9502,35.780291,47.443791,1.415238,0.048874,0.894380,0.313360,0.255782,10.883117,0.030332,0
9503,73.214930,98.284283,3.498217,0.029629,0.711477,0.409069,0.267698,20.331750,0.013032,0
9504,77.275060,87.762253,16.518349,0.033752,1.435911,0.516032,0.572112,36.336237,0.008212,1
9505,26.754010,25.447989,3.699149,0.046124,0.792260,0.267656,0.685303,8.455956,0.055711,1
9506,75.454358,100.538959,0.806163,0.024575,1.219071,0.181316,0.118216,16.490140,0.013104,0
9507,49.887887,61.648489,0.773925,0.045657,0.272530,0.361142,0.167909,6.538250,0.026692,0
9508,63.559365,63.862077,6.866689,0.026384,1.070615,0.235838,0.586402,25.618777,0.025116,1
9509,74.200044,69.047782,15.859071,0.021848,1.479708,0.348350,0.676523,32.422967,0.011425,1
9510,39.499230,55.187357,1.353186,0.029410,1.486049,0.256903,0.220114,14.261452,0.023943,0
9511,64.980333,85.954172,0.642665,0.054588,1.029176,0.175317,0.121408,13.295661,0.017451,0
9512,58.431709,69.540723,4.050417,0.051119,0.366447,0.527706,0.372024,13.378761,0.020264,0
9513,73.877990,64.382983,11.794356,0.039984,0.553590,0.213344,0.861138,12.166857,0.018875,1
9514,77.237190,62.802922,21.513720,0.033657,1.165992,0.379488,0.789739,24.053957,0.009113,0
9515,22.830429,19.257657,5.746692,0.047088,0.722148,0.461025,0.763337,5.985214,0.034491,0
9516,21.808431,17.593802,5.587648,0.052522,1.121708,0.244629,0.882150,4.561802,0.034954,0
9517,33.779183,25.726922,8.503157,0.020321,0.310412,0.385932,0.919731,2.804987,0.020520,0
9518,74.233481,59.735925,24.801558,0.042946,1.152021,0.525969,0.774813,23.907202,0.007160,0
9519,67.887351,88.043806,3.006798,0.052453,0.994799,0.290348,0.283397,22.925856,0.017222,0
9520,32.541056,43.564793,3.794748,0.023628,1.128070,0.496764,0.405698,13.401235,0.022584,0
9521,40.934236,37.200807,8.488196,0.042744,0.972639,0.365303,0.712598,13.760500,0.023113,1
9522,35.292631,48.415900,1.534911,0.020166,1.430169,0.285131,0.250761,13.433817,0.026448,0
9523,22.732920,29.443090,3.387381,0.040732,1.341126,0.485871,0.467621,10.468065,0.031086,0
9524,62.201619,65.293149,4.096413,0.030649,0.609336,0.253772,0.479447,19.344759,0.032334,1
9525,53.723863,43.879834,11.270111,0.020416,0.344709,0.395331,0.845755,7.491913,0.019048,0
9526,79.660651,105.347512,4.340738,0.051421,1.087966,0.316741,0.304521,29.084510,0.013300,0
9527,37.884773,36.295121,2.663200,0.045352,0.213991,0.219946,0.714834,5.951454,0.088101,1
9528,65.772693,54.787569,12.454931,0.058292,0.419374,0.192158,0.957932,3.823603,0.010968,0
9529,49.930552,37.142367,13.358285,0.045340,0.226547,0.402291,0.954924,2.255714,0.009928,0
9530,31.587217,41.402646,0.906294,0.032024,1.083062,0.249355,0.217896,9.679788,0.035923,0
9531,65.257115,79.191907,0.349497,0.033968,0.308365,0.236671,0.092219,5.991942,0.019280,0
9532,37.648652,33.932533,11.047378,0.050008,1.466433,0.462021,0.724601,15.223358,0.015852,1
9533,36.645390,25.665294,11.176030,0.042120,0.181420,0.264192,0.999498,0.027867,0.000433,0
9534,31.577276,23.201361,9.811280,0.044005,1.326234,0.192949,0.960870,3.078142,0.012064,0
9535,65.984241,81.099773,4.321560,0.027537,0.505165,0.475593,0.344566,17.271006,0.016511,0
9536,39.773884,51.435573,0.002900,0.039972,0.161112,0.221838,0.002796,0.137099,0.002425,0
9537,60.322689,84.334113,0.591610,0.024012,0.677515,0.277069,0.099590,8.687783,0.012719,0
9538,73.490390,90.836526,2.885543,0.058144,0.425096,0.398875,0.277679,16.064194,0.017542,0
9539,30.082964,33.110077,2.227681,0.052788,0.731788,0.287664,0.456362,10.205039,0.053568,1
9540,72.498699,91.955847,10.389959,0.030344,1.044445,0.538132,0.460300,29.412066,0.009956,0
9541,52.920007,70.661957,1.894563,0.059335,0.402022,0.476424,0.233576,10.276573,0.019159,0
9542,76.953613,65.307146,13.639552,0.023905,0.702921,0.204788,0.872750,13.447478,0.015775,0
9543,37.037520,50.598362,4.368017,0.032585,1.034068,0.531829,0.403548,14.584110,0.019332,0
9544,64.383884,85.945101,2.743594,0.050031,1.398109,0.247253,0.273403,25.328981,0.017676,0
9545,79.795337,74.015249,12.700921,0.053792,1.040388,0.220060,0.756961,25.475703,0.017476,1
9546,56.542501,54.428995,8.649256,0.020471,0.442005,0.498790,0.620948,14.302201,0.020291,1
9547,28.152893,37.012102,2.899973,0.044842,0.940967,0.481461,0.396680,10.527374,0.029318,0
9548,50.566469,48.043161,5.688324,0.042817,0.294329,0.371267,0.661813,10.031237,0.035901,1
9549,37.633789,42.151343,3.566644,0.052221,0.715114,0.373795,0.467145,12.653173,0.033422,1
9550,76.020715,80.778706,12.827757,0.040821,1.342493,0.373214,0.580259,34.426167,0.011889,1
9551,42.008480,41.173283,5.185826,0.028931,1.406342,0.198583,0.646465,18.519390,0.037577,1
9552,69.812655,77.061830,4.800293,0.037296,0.498506,0.359962,0.425248,19.318121,0.022089,1
9553,55.528415,70.784054,4.417903,0.047060,0.652093,0.483907,0.364193,16.841959,0.017310,0
9554,70.626407,62.007983,15.958600,0.043796,0.590242,0.504309,0.724525,18.120528,0.012204,1
9555,67.426765,74.761046,14.476982,0.037559,1.477227,0.486980,0.585206,31.945292,0.009768,1
9556,69.105223,92.298789,2.447729,0.039828,1.482750,0.228252,0.245161,26.462549,0.016373,0
9557,47.653721,61.841159,0.632175,0.033439,1.270549,0.168923,0.146778,12.343436,0.025326,0
9558,50.590526,52.202879,2.040206,0.051796,0.220070,0.263436,0.460236,9.420951,0.063492,1
9559,58.745126,45.294930,17.925116,0.049571,1.304984,0.305369,0.865469,14.535669,0.010570,0
9560,57.769337,48.018897,19.200090,0.051844,1.479591,0.465576,0.771876,21.239446,0.009239,0
9561,29.202813,20.804477,10.122939,0.025765,0.919520,0.462173,0.850873,6.503773,0.017945,0
9562,44.964568,42.132519,6.015910,0.059843,0.203109,0.532404,0.670667,7.332790,0.033540,1
9563,27.895814,26.025906,5.754594,0.031872,0.647103,0.523787,0.664325,8.181699,0.031020,1
9564,63.280510,86.639971,6.861200,0.050182,1.324308,0.428787,0.399238,28.120239,0.012367,0
9565,71.969749,84.845492,2.418748,0.045925,0.364208,0.356001,0.280690,14.638157,0.021796,0
9566,78.913681,83.409857,4.688323,0.030568,0.153837,0.516953,0.440889,12.212094,0.024659,1
9567,77.741380,94.063105,0.574575,0.020942,0.179609,0.341838,0.111784,6.267052,0.016889,0
9568,79.980338,104.654890,12.599175,0.044942,1.406351,0.493650,0.476621,37.774047,0.008506,0
9569,39.181902,28.177853,14.431618,0.028737,1.385551,0.441395,0.834213,11.484012,0.012231,0
9570,59.538039,48.268350,13.620437,0.033163,0.374091,0.452772,0.826648,9.330678,0.015541,0
9571,22.354655,22.018175,2.259020,0.026859,1.031158,0.197767,0.623180,8.620895,0.084594,1
9572,43.412734,39.097138,7.004508,0.058783,1.008734,0.151788,0.875338,8.958647,0.031045,1
9573,74.142795,74.384213,13.020740,0.054041,1.029611,0.379383,0.628761,28.436247,0.013243,1
9574,25.838710,20.630055,7.418844,0.029164,1.204992,0.377615,0.798180,7.984024,0.026281,0
9575,45.684831,41.689568,11.136736,0.049249,1.201755,0.408444,0.712412,17.075919,0.016668,1
9576,42.360282,36.367540,9.868548,0.052684,0.822253,0.380266,0.770472,11.650179,0.020765,0
9577,78.208379,55.591004,31.706976,0.047656,1.497685,0.483070,0.839824,23.304439,0.005266,0
9578,40.097142,42.336124,5.105300,0.050426,1.215785,0.283614,0.570895,17.358860,0.031312,1
9579,39.464614,45.935542,3.868975,0.037551,1.407123,0.291177,0.454655,18.555230,0.029078,1
9580,73.681222,86.806739,6.152853,0.022291,0.643586,0.438596,0.401598,22.860400,0.014918,0
9581,41.173189,30.855037,11.884513,0.032920,0.957205,0.285383,0.900725,7.032032,0.015185,0
9582,48.750208,58.609076,1.484664,0.023238,0.486863,0.319770,0.253600,10.891308,0.029436,0
9583,23.295525,27.677133,1.928496,0.046350,1.442941,0.260156,0.428095,10.981838,0.053907,0
9584,30.902143,26.666958,4.736639,0.032553,0.410254,0.188939,0.917565,3.009908,0.040663,0
9585,73.743143,97.310298,6.951462,0.022477,0.961331,0.471600,0.373795,27.389175,0.011109,0
9586,23.707315,18.361194,5.938357,0.037259,0.555415,0.291556,0.916200,2.720134,0.029887,0
9587,29.913787,23.287608,8.137612,0.034527,1.303181,0.237440,0.889773,6.430665,0.023225,0
9588,49.219481,35.722337,15.973228,0.029940,0.940394,0.389279,0.867012,10.256697,0.011565,0
9589,56.847510,71.994923,3.491426,0.038539,0.421867,0.534755,0.322888,13.253578,0.018179,0
9590,63.627491,87.980319,2.322803,0.044430,1.398312,0.255572,0.237110,23.235405,0.016060,0
9591,65.415449,77.758264,6.640893,0.047913,0.924446,0.395435,0.441165,24.818401,0.015866,0
9592,51.162741,50.710915,4.507276,0.054628,0.162592,0.496216,0.574862,8.084916,0.038282,1
9593,55.642839,49.384078,6.443446,0.020057,0.139383,0.179163,0.968499,1.471803,0.019036,1
9594,41.593180,34.600416,10.199525,0.047986,0.471081,0.533660,0.772588,8.613527,0.019805,0
9595,32.406551,33.247525,5.431295,0.057267,1.488071,0.290927,0.635095,14.857720,0.032680,1
9596,39.181343,34.068940,6.069315,0.038402,0.317564,0.286448,0.846705,5.222984,0.037401,0
9597,64.690256,56.009247,15.895360,0.031526,1.130865,0.387092,0.739718,22.326538,0.012188,0
9598,58.305806,68.232194,0.758301,0.031308,0.345475,0.248446,0.176312,8.875974,0.030419,1
9599,54.569625,41.092154,14.985221,0.023499,0.825559,0.284822,0.903278,8.491762,0.012128,0
9600,61.202366,60.516583,8.530860,0.044634,0.492479,0.446108,0.603624,16.553193,0.020115,1
9601,35.275096,32.085519,6.195933,0.058609,0.996411,0.235549,0.779055,10.451609,0.035787,1
9602,59.254858,79.082297,3.254763,0.032674,0.746753,0.416748,0.289903,17.524933,0.016038,0
9603,21.885908,20.837844,2.044712,0.028985,0.461164,0.221904,0.687824,5.259331,0.107296,1
9604,64.223798,87.894754,2.806424,0.021964,0.638679,0.437565,0.247522,16.223912,0.014075,0
9605,52.292260,63.093291,1.838089,0.056217,1.007066,0.206176,0.297908,18.187857,0.032034,0
9606,30.149711,28.313547,6.831933,0.057029,0.787944,0.512786,0.678803,9.585586,0.026099,1
9607,72.312327,61.882637,21.640007,0.035340,1.121547,0.522473,0.735582,25.055585,0.008177,0
9608,32.872150,26.260922,11.051738,0.048676,1.279339,0.478569,0.788295,10.766554,0.016274,0
9609,29.476603,38.890100,2.223265,0.046062,1.048668,0.383034,0.349272,11.172139,0.032012,0
9610,65.892589,65.294668,6.942784,0.041571,0.285950,0.449241,0.582207,13.757456,0.024666,1
9611,29.218847,25.035131,5.681333,0.030786,1.075164,0.217976,0.827204,7.747127,0.038720,0
9612,73.363525,59.617163,16.774402,0.037137,0.581808,0.340456,0.844236,13.377691,0.012548,0
9613,41.678596,55.798343,1.490041,0.034380,1.022075,0.293088,0.236408,12.991199,0.024966,0
9614,50.177150,36.306392,18.196986,0.028932,1.397300,0.429037,0.834299,14.763909,0.009781,0
9615,66.663365,85.273650,0.038728,0.041468,0.331899,0.183470,0.015924,1.531026,0.005658,0
9616,68.287541,71.054284,3.633367,0.048747,0.321885,0.282468,0.472180,15.418567,0.036366,1
9617,26.870396,27.481743,2.095692,0.058009,0.429345,0.294545,0.543392,6.982459,0.076472,1
9618,54.347174,74.121540,0.218736,0.034325,0.651210,0.214962,0.057828,5.075347,0.012275,0
9619,76.298214,96.175527,4.260048,0.033307,0.409415,0.515965,0.310331,17.231333,0.014012,0
9620,52.236776,56.908520,10.160908,0.050487,1.007402,0.525714,0.578430,20.510922,0.014193,1
9621,68.133504,92.265331,0.861797,0.021857,1.248854,0.197014,0.126505,15.805244,0.013838,0
9622,73.093576,52.582606,25.166813,0.053994,1.211845,0.316186,0.904606,13.641397,0.006664,0
9623,41.291285,34.522940,7.061730,0.049815,0.168486,0.179491,0.995070,0.242021,0.004694,0
9624,76.680178,69.604163,16.487989,0.022387,1.211942,0.364511,0.694809,29.577308,0.011387,1
9625,40.945972,29.522078,13.120205,0.057727,1.018119,0.154301,0.994711,0.628003,0.002384,0
9626,36.226216,43.200632,1.169152,0.027631,1.319755,0.178287,0.281226,14.038857,0.045465,0
9627,20.518484,17.453935,3.352091,0.034375,0.199844,0.326050,0.890615,1.717839,0.062620,0
9628,48.795428,39.018314,10.970402,0.020362,0.749583,0.245768,0.890461,7.919879,0.018056,0
9629,42.145163,32.993177,13.565304,0.028048,1.239606,0.451956,0.790231,13.514651,0.013581,0
9630,48.433582,50.168481,3.215530,0.021771,1.003272,0.181504,0.506966,19.350840,0.045300,1
9631,39.610609,39.284842,2.853139,0.047075,0.701917,0.150282,0.652095,12.265056,0.074106,1
9632,77.546306,63.754012,15.416060,0.056225,0.448084,0.152197,0.986809,1.759715,0.004291,0
9633,79.478365,57.635337,22.409352,0.029604,0.268764,0.325489,0.979120,2.069104,0.003744,0
9634,51.107092,39.521264,11.775206,0.021274,0.203143,0.252700,0.990666,0.578053,0.004311,0
9635,75.291978,73.250795,7.993769,0.027608,1.169610,0.175872,0.658866,29.873712,0.025619,1
9636,53.256787,67.927151,3.064822,0.041848,1.357844,0.267613,0.329208,22.452651,0.021785,0
9637,26.570705,31.020660,1.616494,0.053758,0.492612,0.392048,0.371112,7.048131,0.051692,1
9638,71.532714,78.446859,9.228473,0.031772,1.180439,0.351224,0.518860,30.970693,0.014599,1
9639,21.164382,23.820136,2.770842,0.050211,0.847235,0.441582,0.506804,7.770598,0.046369,1
9640,57.657020,42.647733,20.652608,0.020721,1.364214,0.471307,0.809039,18.331286,0.008576,0
9641,48.760781,62.052750,1.634264,0.045878,0.751098,0.295306,0.248478,13.385367,0.025382,0
9642,64.620724,56.732041,16.367884,0.027735,1.107098,0.438867,0.718817,22.934812,0.011304,1
9643,37.620278,33.671738,9.947083,0.052548,1.236092,0.426561,0.728372,13.871175,0.018588,1
9644,75.434518,61.051840,15.999880,0.031761,0.477050,0.272115,0.903222,8.927066,0.012085,0
9645,39.681919,47.138407,1.885400,0.031437,0.479061,0.378166,0.319373,9.813905,0.034402,0
9646,31.601531,30.192775,2.467345,0.058102,0.181117,0.276923,0.703733,4.649491,0.092826,1
9647,71.002528,76.041003,6.144787,0.027737,0.419497,0.427984,0.473392,18.305472,0.020224,1
9648,77.892128,64.506273,14.532904,0.035484,0.261590,0.307524,0.909309,6.506281,0.013330,0
9649,68.375178,70.304897,3.001358,0.056827,0.187446,0.299275,0.472971,11.782785,0.044927,1
9650,60.111904,70.165126,0.052132,0.020144,0.178879,0.185215,0.029448,1.703440,0.014229,1
9651,77.391868,97.188326,1.448738,0.044595,0.284817,0.394790,0.179986,10.837287,0.016092,0
9652,20.033546,20.040457,4.300064,0.027472,1.096486,0.490362,0.623516,7.964527,0.036908,1
9653,59.618294,42.021776,22.993562,0.020776,1.296880,0.505172,0.827025,17.372254,0.007460,0
9654,40.023131,47.589712,3.041573,0.031251,1.202403,0.292575,0.396582,16.916761,0.030020,0
9655,50.572505,56.028472,4.891656,0.059696,0.508859,0.444802,0.472691,14.358333,0.024803,1
9656,36.449121,41.854618,2.024314,0.054413,0.709520,0.281580,0.381454,11.703579,0.044094,1
9657,31.271239,22.899784,9.884136,0.034369,1.478033,0.238207,0.918655,5.723595,0.016624,0
9658,49.506108,44.760825,6.027623,0.044655,0.426060,0.179939,0.859621,7.205626,0.038349,1
9659,50.539577,49.084134,8.271456,0.032818,0.845541,0.378128,0.632204,17.512402,0.021444,1
9660,24.909113,23.995229,2.683093,0.037524,0.432498,0.309334,0.642531,6.113561,0.073649,1
9661,57.871020,65.980509,4.712846,0.027265,0.678711,0.382765,0.420924,18.645262,0.021430,1
9662,77.990922,64.717640,14.041925,0.030582,0.196683,0.315168,0.926141,4.839164,0.012834,0
9663,38.371305,49.280144,4.068654,0.029845,0.790239,0.530080,0.403100,13.204630,0.021410,0
9664,27.503769,21.619008,6.919714,0.023071,0.443399,0.450661,0.838032,4.491781,0.029716,0
9665,38.768650,46.944439,3.663509,0.029501,1.167832,0.357345,0.415580,16.338394,0.026048,0
9666,51.175531,67.037647,0.368857,0.032672,0.135883,0.502996,0.090205,3.068596,0.017143,0
9667,34.208193,27.223427,8.913633,0.032235,0.906595,0.336918,0.832335,8.169392,0.022856,0
9668,69.200766,73.663377,10.569199,0.031127,0.822246,0.467146,0.549615,24.839663,0.013504,1
9669,64.388877,55.624544,11.834876,0.051545,0.548006,0.293087,0.819392,12.533887,0.018823,0
9670,44.213577,42.227883,5.927260,0.033636,0.326286,0.471174,0.635359,9.489788,0.031577,1
9671,49.464521,50.491021,1.592288,0.027103,0.318892,0.167180,0.468590,11.109042,0.085165,1
9672,20.837332,21.704370,3.523885,0.031015,0.672925,0.546019,0.571241,6.710214,0.042061,1
9673,43.879772,54.945936,1.159879,0.029882,0.394764,0.377357,0.217621,8.112319,0.028283,0
9674,20.241696,14.416092,6.002307,0.028925,0.299106,0.361140,0.968625,0.781729,0.017663,0
9675,61.173766,56.176791,7.326848,0.052912,0.434699,0.215111,0.797840,11.364682,0.032477,1
9676,60.699593,82.061684,2.826053,0.023479,0.425095,0.541904,0.258321,12.794073,0.015074,0
9677,36.246428,32.366764,9.022651,0.029242,0.777281,0.547149,0.699512,11.119084,0.019900,1
9678,22.577953,22.939904,3.167093,0.038678,0.867685,0.358209,0.586967,8.190108,0.051692,1
9679,79.254749,104.127354,0.037163,0.042059,0.531821,0.150124,0.012739,1.901135,0.003791,0
9680,44.574140,36.315085,13.009166,0.028844,1.095905,0.449558,0.769713,14.178912,0.014485,0
9681,38.789590,52.291472,1.922498,0.053581,0.723583,0.401266,0.277329,11.055453,0.025306,0
9682,78.643893,95.938151,6.816586,0.030595,1.118785,0.351944,0.399020,32.116637,0.013188,0
9683,37.406821,26.689969,12.189512,0.029433,1.094819,0.308930,0.904158,6.658486,0.014069,0
9684,37.078327,31.136344,6.155226,0.033516,0.193967,0.182698,0.989038,0.471514,0.009678,0
9685,52.419148,37.413479,18.608909,0.058659,1.416028,0.271862,0.927987,8.559599,0.008092,0
9686,35.611678,27.530806,11.681999,0.043475,1.366886,0.394050,0.820686,10.898827,0.015956,0
9687,73.751388,98.646224,10.450227,0.050938,1.259678,0.500896,0.451405,32.777216,0.009550,0
9688,72.558236,69.514520,14.195732,0.048365,1.462748,0.298084,0.689828,30.966850,0.013490,1
9689,46.522971,54.943245,0.930679,0.053062,0.605538,0.209225,0.228740,10.959017,0.039965,0
9690,74.455658,67.817062,8.944941,0.054321,0.313798,0.245785,0.808107,11.387225,0.026633,1
9691,70.603744,64.064784,11.225916,0.028763,1.407410,0.177860,0.775761,25.072500,0.020093,1
9692,76.191870,62.167843,19.218056,0.052959,1.421786,0.182770,0.917411,13.834855,0.009171,0
9693,46.708112,35.095530,13.168992,0.034060,0.561701,0.389853,0.882953,6.880445,0.014402,0
9694,78.553734,64.322500,16.229777,0.043484,0.560811,0.218568,0.926742,8.179068,0.010813,0
9695,62.642580,61.550206,11.125704,0.045195,1.429401,0.295232,0.658858,27.477071,0.016593,1
9696,63.168387,81.305813,4.020533,0.030511,1.220672,0.316793,0.330056,25.276431,0.016381,0
9697,47.130660,45.804798,3.583198,0.050110,0.535209,0.154890,0.707178,11.856036,0.064385,1
9698,37.612654,30.057478,8.527123,0.031078,0.280277,0.454861,0.861642,4.396638,0.024377,0
9699,78.165312,82.873438,3.220185,0.053167,0.574561,0.176841,0.443768,23.401788,0.037697,1
9700,25.590077,24.099619,5.577372,0.051914,0.727772,0.520106,0.670844,7.897857,0.031862,1
9701,51.876592,54.312264,6.079568,0.038047,0.398215,0.519458,0.527963,13.027826,0.023402,1
9702,43.573972,36.927972,9.326025,0.040584,0.572213,0.389434,0.784622,9.640842,0.022786,0
9703,45.945793,56.558137,5.817868,0.046602,0.918235,0.495168,0.455996,17.457417,0.018188,0
9704,71.941314,60.607379,15.107213,0.048666,0.972683,0.208341,0.878483,14.319279,0.013653,0
9705,70.566190,58.310883,20.636705,0.026459,1.218991,0.446711,0.757655,24.348713,0.008980,0
9706,28.888879,27.882983,4.019417,0.030829,0.300923,0.543806,0.617552,6.045714,0.044268,1
9707,26.460539,26.051073,2.614886,0.023784,1.047687,0.193613,0.619254,10.318578,0.072653,1
9708,28.595772,32.927759,6.424423,0.053040,1.373072,0.543222,0.583587,13.073251,0.021434,1
9709,54.688273,75.088865,0.604911,0.036860,0.526908,0.308417,0.111729,7.548403,0.015531,0
9710,22.841449,29.255183,0.019177,0.049195,0.134605,0.312826,0.020615,0.416313,0.018950,0
9711,20.374863,18.397744,3.916354,0.058588,0.584579,0.414432,0.721954,5.226139,0.051963,1
9712,52.614295,41.509280,14.138544,0.021431,0.647546,0.454674,0.807527,11.580740,0.014209,0
9713,29.766602,33.222653,4.078404,0.034660,1.079148,0.403037,0.514486,12.328022,0.031990,1
9714,65.853972,54.585478,15.651346,0.049355,0.941204,0.292819,0.833026,15.981647,0.013371,0
9715,29.749469,26.782889,5.173319,0.034298,1.406305,0.193080,0.783458,10.351030,0.043073,1
9716,24.963590,20.628577,4.711272,0.039802,0.278517,0.289021,0.919162,1.974075,0.039352,0
9717,70.484339,92.810604,2.692223,0.055541,0.762591,0.330185,0.253580,19.706991,0.015754,0
9718,58.517727,47.620228,11.159962,0.026403,0.173616,0.250738,0.980706,1.145074,0.007682,0
9719,65.058914,53.442883,13.701653,0.057104,0.282917,0.425521,0.853950,7.925567,0.015554,0
9720,48.398335,37.096253,15.253902,0.024330,1.292507,0.394419,0.812577,14.806287,0.012399,0
9721,60.060590,58.865213,14.441072,0.022028,1.375703,0.477247,0.644284,26.244920,0.011081,1
9722,53.227664,60.032427,10.820916,0.043306,1.481556,0.468811,0.574140,25.399156,0.012907,1
9723,29.211846,36.996882,4.735973,0.058724,1.165502,0.524284,0.494620,12.580158,0.024126,0
9724,32.839193,33.675055,5.657511,0.045631,1.376076,0.335480,0.615031,14.724855,0.029577,1
9725,26.536326,25.109475,4.868008,0.051077,1.031336,0.328867,0.688005,9.533905,0.039918,1
9726,23.350670,26.694965,4.961213,0.039856,1.390221,0.521370,0.571332,10.807715,0.027347,1
9727,41.246043,54.463587,5.254565,0.058470,1.200876,0.466408,0.440013,17.827663,0.018710,0
9728,39.288785,52.269692,0.221983,0.026483,1.037624,0.168386,0.078039,5.838975,0.021650,0
9729,41.950736,52.472187,0.355264,0.041085,0.965500,0.151491,0.122521,8.367244,0.032506,0
9730,46.130042,37.384080,13.314165,0.059671,0.736394,0.501816,0.789742,11.416904,0.014519,0
9731,38.637836,43.098774,6.141040,0.025202,0.802933,0.545923,0.524957,13.785156,0.021066,1
9732,45.510509,47.966317,3.849532,0.027662,1.006639,0.238891,0.506680,18.213682,0.036568,1
9733,31.553506,30.579319,4.160063,0.057056,0.379548,0.435726,0.629949,7.340012,0.044578,1
9734,73.870134,95.583439,6.199826,0.029710,1.084413,0.396128,0.366801,28.961711,0.012355,0
9735,31.177932,24.715783,7.788400,0.044985,0.985605,0.212649,0.921581,4.532615,0.022248,0
9736,41.145662,30.710991,14.410135,0.059500,1.102026,0.445962,0.841084,10.462873,0.012575,0
9737,70.649130,73.011656,2.766255,0.049064,0.233818,0.252608,0.454501,13.540005,0.045928,1
9738,43.297637,51.618121,8.712960,0.039450,1.366698,0.534642,0.546788,20.054419,0.014640,0
9739,51.194212,40.226226,14.307941,0.054425,0.825807,0.365218,0.847987,10.943729,0.013845,0
9740,64.865321,70.286137,4.089909,0.031390,0.864476,0.230504,0.444044,23.823140,0.028415,1
9741,36.735128,37.050555,4.513490,0.053160,1.233426,0.215351,0.639824,15.265802,0.042589,1
9742,53.171295,52.704419,6.528002,0.045905,0.899310,0.261845,0.627760,19.075452,0.028653,1
9743,75.154543,101.820405,0.000286,0.048121,0.247501,0.163293,0.000192,0.027282,0.000120,0
9744,22.793828,31.238028,1.751536,0.032982,1.072794,0.417951,0.333666,8.587564,0.036863,0
9745,70.750103,92.656630,0.423461,0.052729,0.128728,0.491281,0.080203,3.781016,0.011944,0
9746,55.734212,57.736892,3.205072,0.029585,0.255398,0.346194,0.471654,11.208384,0.040810,1
9747,71.904783,90.757789,6.579158,0.051425,0.794301,0.456293,0.394037,24.658663,0.013159,0
9748,54.740921,46.761218,8.884251,0.026563,0.587205,0.152860,0.937830,5.137616,0.019101,0
9749,24.831526,30.585933,0.500329,0.035994,0.146881,0.544312,0.192292,2.601551,0.052773,0
9750,67.714353,82.979357,2.377491,0.045669,0.484592,0.349485,0.266640,15.488018,0.019945,0
9751,57.429464,57.720705,7.135527,0.059536,0.843348,0.281725,0.619389,20.090774,0.025639,1
9752,32.987166,33.447209,5.711742,0.023425,0.834049,0.472389,0.590524,11.707768,0.027308,1
9753,45.323167,44.835072,10.970773,0.050930,1.022376,0.544376,0.651541,16.947074,0.014823,1
9754,30.411182,28.643957,3.804865,0.055234,0.335560,0.369397,0.682031,6.282999,0.054807,1
9755,71.146406,98.869151,1.495971,0.024726,0.870289,0.294507,0.163051,16.349222,0.012602,0
9756,22.171358,28.701059,0.000042,0.043687,0.125042,0.192453,0.000117,0.003602,0.000304,0
9757,20.453470,17.984845,4.426376,0.023004,0.872593,0.395955,0.721383,6.416114,0.044390,1
9758,60.319533,83.167889,7.472527,0.042672,1.359352,0.467346,0.416602,27.441222,0.011872,0
9759,41.818465,46.418435,4.592662,0.033482,0.664696,0.441056,0.480646,13.585579,0.026499,1
9760,37.800233,36.529638,3.923302,0.054816,0.614040,0.218162,0.685229,10.519047,0.054956,1
9761,42.888548,56.677595,0.237778,0.057915,0.121426,0.509560,0.074705,2.109204,0.018532,0
9762,45.070889,52.152323,2.631895,0.042198,1.487493,0.188759,0.402791,21.275457,0.037301,1
9763,71.218461,56.540773,16.406091,0.054941,0.460180,0.252412,0.943075,5.522148,0.009373,0
9764,64.705156,65.570366,9.398336,0.029294,1.163649,0.317826,0.591772,27.105746,0.017505,1
9765,39.089680,34.177313,8.804805,0.032920,0.540202,0.532151,0.720521,9.662553,0.021998,1
9766,51.993820,53.212375,8.176809,0.059845,0.804646,0.411436,0.599572,18.023880,0.020139,1
9767,62.209198,57.203553,12.103202,0.027363,0.760153,0.424076,0.680110,19.393374,0.015545,1
9768,40.669672,49.771620,0.994418,0.036140,0.398426,0.338474,0.220329,7.607558,0.034106,0
9769,29.991521,22.455065,8.649040,0.041796,0.543895,0.411072,0.881232,4.392508,0.021842,0
9770,45.516281,47.800940,2.839928,0.040476,0.860470,0.186131,0.501754,16.843818,0.050763,1
9771,44.300062,37.346370,10.825779,0.050323,0.847230,0.381795,0.783162,11.973284,0.018861,0
9772,33.309311,28.160685,5.454231,0.037055,0.151797,0.323145,0.925249,1.832401,0.033669,0
9773,34.186181,42.219281,2.184379,0.046776,0.641081,0.406028,0.346636,10.102677,0.033210,0
9774,56.284427,75.176088,0.119388,0.022721,0.122246,0.438856,0.036619,1.577989,0.009285,0
9775,41.211555,57.307374,0.531987,0.027337,0.402978,0.385289,0.118857,5.198112,0.019712,0
9776,36.765517,34.498742,7.712334,0.021050,1.389434,0.362504,0.666775,15.755326,0.023142,1
9777,40.093966,37.776309,3.404621,0.025394,0.446932,0.163793,0.758715,8.356915,0.071015,1
9778,79.261730,92.122439,1.952529,0.022600,1.188087,0.155935,0.260536,28.053221,0.024103,1
9779,56.017321,67.595092,2.230624,0.035510,0.652813,0.303792,0.291762,15.536679,0.024966,0
9780,29.165351,35.807452,1.161452,0.032976,0.401270,0.418504,0.277102,6.187699,0.043317,0
9781,20.006283,24.735368,2.234085,0.022065,1.358733,0.386650,0.428996,9.155692,0.043542,0
9782,44.507538,33.599825,14.374369,0.044493,1.055123,0.407064,0.839817,11.132008,0.013084,0
9783,68.809722,61.986776,11.977746,0.049733,1.047895,0.217526,0.792272,20.170697,0.018689,1
9784,77.424013,72.622696,15.581272,0.050161,1.099192,0.351612,0.694116,28.469739,0.012288,1
9785,27.723038,24.755677,3.928120,0.040746,0.427946,0.254508,0.807287,4.964363,0.059305,1
9786,52.806229,47.617738,6.036146,0.034530,0.101371,0.392740,0.820590,4.402603,0.039657,1
9787,66.421807,47.814078,19.971112,0.059418,0.461638,0.254726,0.983995,1.806953,0.003483,0
9788,66.631859,70.400659,6.198865,0.045736,0.271044,0.536536,0.494844,13.838062,0.021433,1
9789,73.209742,86.622129,3.878430,0.032773,0.817008,0.292787,0.343780,24.348410,0.018991,0
9790,40.772404,54.857533,0.354112,0.035121,0.395837,0.322785,0.098325,4.446656,0.020935,0
9791,44.534060,31.304717,14.494664,0.039943,0.479363,0.454197,0.909717,5.018779,0.011623,0
9792,54.168439,52.511069,7.560452,0.046636,1.031197,0.249170,0.669809,19.925299,0.026429,1
9793,26.226449,33.103770,0.682795,0.027061,0.841695,0.254828,0.217171,7.071473,0.047932,0
9794,65.985470,76.364368,3.013594,0.038598,1.423233,0.170875,0.364972,29.588326,0.027943,1
9795,62.025372,54.485415,10.010705,0.027866,0.553396,0.273574,0.792290,13.212264,0.022684,1
9796,69.768829,77.003808,3.237746,0.043464,0.252815,0.403425,0.370389,13.249746,0.026688,1
9797,73.089421,95.144287,0.000471,0.054668,0.188025,0.170354,0.000345,0.039869,0.000233,0
9798,29.247319,22.756900,7.378164,0.052130,0.354376,0.424448,0.883470,3.411339,0.026513,0
9799,61.217746,82.367825,2.435992,0.020131,0.648591,0.405907,0.240590,15.347119,0.015555,0
9800,72.084463,99.720358,4.035799,0.052886,0.609450,0.489691,0.283166,19.046278,0.012282,0
9801,28.666270,32.738285,2.023156,0.037865,0.342396,0.501707,0.396856,6.466920,0.045812,1
9802,67.368027,74.053469,5.042027,0.026113,1.232193,0.227968,0.452154,29.618617,0.023233,1
9803,32.531887,40.443951,6.040773,0.042513,1.347352,0.533189,0.520041,15.045664,0.019789,0
9804,63.681815,69.704757,3.555400,0.053981,0.956227,0.186072,0.451452,24.658929,0.034174,1
9805,30.081049,26.664037,7.012759,0.057798,1.352686,0.292468,0.774697,10.500678,0.029333,1
9806,75.431434,81.676663,8.406985,0.053311,0.762583,0.368433,0.515951,26.257825,0.016425,1
9807,47.268938,33.616461,13.831002,0.045104,0.118057,0.179367,1.000000,0.000001,0.000000,0
9808,64.216719,72.927012,9.686990,0.048392,0.740821,0.547229,0.516577,22.031282,0.013178,1
9809,34.781406,37.909611,2.760581,0.020675,1.279998,0.231403,0.461375,15.624998,0.043606,1
9810,51.257519,55.694996,1.921127,0.036297,0.220867,0.357914,0.358735,9.001223,0.043339,1
9811,45.378542,54.019405,4.023731,0.038410,1.179909,0.320264,0.421982,19.287352,0.024786,0
9812,62.321820,67.850492,9.915832,0.039246,1.318615,0.379731,0.556374,28.264678,0.014533,1
9813,27.728312,35.636373,0.968237,0.048763,0.691209,0.321793,0.248849,7.307770,0.042732,0
9814,20.060734,19.665280,1.543873,0.035945,0.306503,0.278538,0.609363,4.263178,0.124086,1
9815,32.152843,25.292727,8.761962,0.050194,1.119986,0.255999,0.890421,6.380747,0.021527,0
9816,49.711413,50.946725,3.299041,0.031105,0.597347,0.224413,0.520867,15.306812,0.046206,1
9817,72.373557,92.878342,3.049253,0.048848,0.684051,0.349333,0.273168,19.907166,0.015905,0
9818,25.122996,32.048737,0.566060,0.048273,0.406980,0.360959,0.195758,4.429273,0.047770,0
9819,61.432398,63.265672,4.060102,0.021313,1.083586,0.166341,0.519989,25.479655,0.037457,1
9820,73.780398,90.365185,6.698764,0.038263,1.259855,0.333859,0.410957,32.211422,0.014068,0
9821,52.040242,45.304332,15.494888,0.053178,1.126903,0.512890,0.737901,17.993364,0.011495,1
9822,51.022031,50.522196,12.716242,0.050107,1.263307,0.496909,0.659177,21.032004,0.012870,1
9823,59.343863,78.234161,0.002103,0.047182,0.224658,0.185518,0.001449,0.132996,0.000906,0
9824,64.934459,74.019485,0.087493,0.043970,0.122389,0.208512,0.046003,2.191738,0.020369,1
9825,28.544685,22.987723,6.181626,0.024621,0.777353,0.200262,0.922618,3.648341,0.028763,0
9826,35.370079,24.780304,11.422269,0.044736,0.486106,0.390628,0.936057,3.087241,0.012996,0
9827,78.172019,61.266621,22.361110,0.035648,1.311800,0.304815,0.842909,21.523956,0.008809,0
9828,40.928653,32.223766,12.412824,0.051495,0.769907,0.500173,0.803624,9.943776,0.015415,0
9829,77.771555,97.191482,9.934372,0.039901,0.972328,0.499959,0.449487,30.348507,0.010322,0
9830,64.370816,52.325796,17.741990,0.037242,1.055571,0.388320,0.793118,18.892844,0.011124,0
9831,73.901185,85.488845,4.978264,0.054655,1.414214,0.201561,0.434331,34.584496,0.022216,1
9832,20.699115,20.059264,4.594883,0.029205,1.311462,0.426560,0.650597,8.774636,0.036609,1
9833,48.559722,59.352336,0.314342,0.029564,0.330968,0.247010,0.101613,4.960306,0.025731,0
9834,52.907949,47.761969,12.972763,0.033872,1.236411,0.414340,0.706557,20.248974,0.014120,1
9835,76.910113,86.512079,0.804010,0.053218,0.439015,0.155017,0.193085,13.965683,0.034693,1
9836,35.392230,34.374467,3.998468,0.044161,0.374370,0.373200,0.623374,8.222625,0.046984,1
9837,44.389794,40.220066,6.462616,0.031648,0.707470,0.238503,0.759171,11.628840,0.034976,1
9838,41.076208,46.072509,7.307247,0.031894,1.007747,0.528959,0.543740,16.351417,0.018180,1
9839,35.717554,42.807220,0.405922,0.046594,0.214072,0.333979,0.151520,3.879087,0.042529,0
9840,54.146471,44.879349,14.044670,0.050651,0.706990,0.456834,0.780527,13.461923,0.014217,0
9841,34.253358,32.431747,2.129107,0.023598,0.105339,0.200692,0.818507,2.932317,0.118218,1
9842,37.619080,46.320780,3.764056,0.051704,0.814350,0.451962,0.419562,13.267047,0.025471,0
9843,55.228293,57.984303,9.161030,0.042771,1.403849,0.343130,0.591415,25.417099,0.017299,1
9844,72.147249,54.110949,23.935060,0.024521,1.018437,0.477929,0.813100,19.558485,0.007720,0
9845,67.559971,71.108222,9.353009,0.050905,1.025462,0.343322,0.570147,26.870491,0.016722,1
9846,74.357475,74.797746,12.704578,0.043310,1.348832,0.320497,0.628239,32.656279,0.013663,1
9847,20.245852,18.360743,4.329079,0.037149,1.315090,0.318587,0.720358,7.810678,0.045481,1
9848,49.364641,44.448556,11.759541,0.035031,0.788172,0.513777,0.697973,15.284115,0.015489,1
9849,53.838006,69.122922,6.682500,0.028504,1.061624,0.497066,0.431408,21.802233,0.014254,0
9850,25.236248,25.590729,1.838642,0.041502,0.434818,0.270020,0.544603,6.597246,0.088229,1
9851,63.369576,85.919201,4.497984,0.034212,1.092726,0.390028,0.325953,23.870175,0.013947,0
9852,73.311566,65.175439,10.351330,0.025231,0.265487,0.347941,0.783235,11.089631,0.022337,1
9853,63.928176,74.161825,5.985764,0.049172,0.735445,0.403588,0.439797,21.621936,0.017825,1
9854,57.693845,48.558803,13.315014,0.033777,0.537617,0.473276,0.765028,12.998748,0.015348,0
9855,66.506629,58.317730,9.315341,0.050711,0.177213,0.313946,0.870400,5.910012,0.024016,1
9856,33.188190,25.950238,7.356203,0.037109,0.117941,0.285906,0.995328,0.155125,0.004177,0
9857,61.788209,85.494232,0.201560,0.029721,0.389496,0.284921,0.047241,3.800634,0.008971,0
9858,47.956258,56.990694,3.663645,0.024168,0.592844,0.442137,0.384111,14.104792,0.023398,0
9859,67.678501,59.107293,9.746815,0.041112,0.291459,0.233326,0.891234,6.814890,0.021879,1
9860,42.449806,52.814047,1.677041,0.052250,0.407450,0.419608,0.273520,9.017276,0.029269,0
9861,33.183552,35.456068,2.131501,0.028011,0.959699,0.207980,0.463628,12.914882,0.058761,1
9862,51.870076,61.501769,6.282630,0.022802,0.751096,0.520085,0.454415,17.816696,0.016952,0
9863,61.697927,70.017115,11.118627,0.035944,1.001078,0.543760,0.542078,24.490059,0.011819,1
9864,27.960753,34.039391,2.372224,0.055244,0.689226,0.436905,0.398971,8.962057,0.038068,0
9865,53.735133,72.885558,1.285159,0.022093,1.377421,0.227035,0.184979,16.832856,0.018642,0
9866,60.562795,81.474377,2.715652,0.021532,0.702462,0.407319,0.256609,16.352989,0.015582,0
9867,31.681220,34.425612,4.529375,0.042321,0.638557,0.522975,0.529824,10.071538,0.030048,1
9868,49.148035,35.591541,16.763880,0.033030,0.913285,0.461254,0.846367,11.126723,0.010935,0
9869,48.195708,58.748617,9.498937,0.034491,1.372349,0.545751,0.533475,22.444932,0.012902,0
9870,28.988772,33.358892,0.506364,0.028522,0.148675,0.403511,0.212598,3.244682,0.064361,1
9871,22.771504,17.562545,5.592275,0.043025,0.507415,0.156393,0.995106,0.230126,0.005592,0
9872,48.941255,55.696158,4.072056,0.022706,0.663532,0.394350,0.422707,15.604909,0.024898,1
9873,56.350124,59.405971,9.206649,0.028312,1.070404,0.421416,0.566072,22.938628,0.016015,1
9874,29.687284,28.941704,2.439273,0.052765,0.194593,0.365293,0.618725,4.991398,0.079673,1
9875,78.262952,106.408550,7.579234,0.024051,1.497986,0.392632,0.372953,36.259248,0.010065,0
9876,44.454513,47.693700,4.504154,0.021923,0.532274,0.433100,0.488963,12.933838,0.028390,1
9877,77.949024,83.613368,5.610467,0.057531,0.561412,0.295867,0.476120,23.258549,0.023045,1
9878,74.871752,97.257177,5.844334,0.047075,0.840195,0.430127,0.357175,25.605131,0.012639,0
9879,58.465502,47.504680,16.469164,0.020129,1.069887,0.434015,0.768797,18.416411,0.011603,0
9880,53.290168,46.992991,12.308779,0.036211,1.225270,0.344311,0.737915,19.212358,0.016036,1
9881,21.660473,21.247273,1.575894,0.031046,0.334308,0.250856,0.609060,4.808454,0.122208,1
9882,22.761248,23.269875,2.899434,0.042843,0.831629,0.334888,0.578085,8.121644,0.056289,1
9883,72.171614,52.423715,22.462801,0.054645,0.959332,0.166416,0.990971,1.723042,0.002072,0
9884,49.778420,55.369484,3.686631,0.030100,0.367268,0.464237,0.421368,11.800375,0.027931,1
9885,54.043867,49.776838,10.420162,0.049869,1.170657,0.288161,0.728051,19.403600,0.019694,1
9886,49.318858,57.464521,1.518749,0.045160,0.580549,0.250429,0.284915,12.755890,0.036071,1
9887,37.521250,34.424653,9.320872,0.053347,1.410477,0.376066,0.720605,14.984707,0.020066,1
9888,53.832333,39.798382,17.321002,0.033125,1.009311,0.394920,0.851744,12.511681,0.010832,0
9889,70.414025,51.532421,21.268069,0.042568,0.949889,0.232707,0.952356,6.810096,0.006214,0
9890,58.785977,63.981756,6.927824,0.024425,1.174248,0.327443,0.507799,25.408601,0.019122,1
9891,79.875976,94.453070,2.389053,0.032715,1.058018,0.187555,0.276582,27.492001,0.021715,0
9892,76.969663,59.561433,20.792232,0.025031,1.489789,0.218363,0.891621,17.477906,0.009069,0
9893,38.502017,40.760647,5.168820,0.058840,1.206562,0.293530,0.581056,16.522613,0.031471,1
9894,21.224786,24.019573,1.259679,0.035898,1.095106,0.223390,0.403578,8.600885,0.078043,1
9895,38.360936,44.462618,1.653416,0.049737,0.791856,0.237268,0.341999,12.535729,0.045340,1
9896,70.519137,57.058405,17.759861,0.043648,0.561882,0.444745,0.809376,14.373354,0.011566,0
9897,35.970888,49.052918,3.122292,0.028707,1.088556,0.440306,0.352899,13.942507,0.022482,0
9898,61.780022,75.796602,5.159889,0.048469,1.382233,0.290764,0.408564,28.212230,0.018392,0
9899,67.431049,80.047616,9.584354,0.034153,0.903963,0.518420,0.484489,25.557411,0.011994,0
9900,50.765285,57.855792,2.869299,0.051233,0.681508,0.286416,0.387037,16.044272,0.031895,1
9901,68.638063,53.232868,21.624474,0.039075,1.092547,0.429501,0.812118,19.334842,0.008746,0
9902,51.883739,41.196437,15.045815,0.058582,0.767788,0.451936,0.814349,12.161725,0.013020,0
9903,38.011357,51.728892,2.966611,0.034578,1.190525,0.391430,0.340342,15.202586,0.022579,0
9904,45.601136,35.007230,13.465540,0.027643,1.228441,0.333215,0.839513,12.321918,0.014476,0
9905,62.158287,84.072165,0.214035,0.035729,0.187817,0.395859,0.050982,2.821651,0.009823,0
9906,66.758558,89.767017,0.000000,0.045111,0.100696,0.152775,0.000000,0.000000,0.000000,0
9907,67.235317,54.108739,21.339026,0.026205,1.352469,0.455732,0.770862,23.692883,0.008503,0
9908,37.358236,40.723380,2.985981,0.028270,0.951808,0.269479,0.462451,14.475772,0.040439,1
9909,26.450467,18.613255,8.458541,0.040640,0.435255,0.435439,0.923415,2.509851,0.018928,0
9910,67.613578,50.631493,18.800564,0.050809,0.481378,0.342348,0.924986,6.641467,0.008815,0
9911,30.931219,30.144014,4.377341,0.022026,0.478048,0.455451,0.607479,8.220309,0.039462,1
9912,37.501620,51.061903,1.799716,0.048651,1.343375,0.280654,0.279173,14.610650,0.027555,0
9913,36.795413,37.998257,2.280138,0.056046,0.596444,0.199398,0.533944,11.295684,0.070151,1
9914,63.468055,71.568340,9.457542,0.041699,1.228822,0.401816,0.527140,28.002909,0.014079,1
9915,77.764438,59.441043,19.081665,0.035744,0.246812,0.339093,0.958329,3.441608,0.006800,0
9916,31.992323,24.245940,7.919993,0.050584,0.131047,0.344023,0.990402,0.297799,0.006454,0
9917,70.604206,67.256583,14.352125,0.039541,1.084825,0.394828,0.665691,26.769130,0.012537,1
9918,42.211810,31.946693,13.428243,0.053444,1.426323,0.274757,0.893526,9.259740,0.013261,0
9919,77.522176,70.571702,12.478859,0.050205,0.720186,0.273602,0.750600,20.879286,0.017632,1
9920,39.470479,38.959632,2.790280,0.024945,0.755745,0.156997,0.618603,13.079457,0.070759,1
9921,75.149432,71.183950,6.714400,0.050367,0.242364,0.268024,0.715436,12.551136,0.034213,1
9922,30.899844,42.451063,4.315707,0.024230,1.388760,0.509714,0.431569,14.312890,0.021177,0
9923,73.452052,84.033715,2.355434,0.028698,0.841633,0.198554,0.303213,23.541935,0.026112,1
9924,56.382143,71.908098,2.129185,0.027232,1.064101,0.266007,0.259910,18.862078,0.020962,0
9925,52.785055,60.042724,1.875982,0.044562,0.201154,0.444528,0.308000,8.328491,0.033429,1
9926,30.881471,26.939547,5.418261,0.057592,0.462455,0.312806,0.808815,5.720638,0.041467,1
9927,51.834287,62.565024,3.412507,0.024222,0.620044,0.411729,0.354975,15.195013,0.022153,0
9928,60.036390,52.975118,8.567598,0.046614,0.149320,0.431370,0.809422,6.307237,0.027167,1
9929,21.563894,25.558137,2.561761,0.027151,1.414500,0.358530,0.462056,10.185174,0.043190,0
9930,61.806587,53.218907,18.121850,0.054724,1.152168,0.475820,0.749119,21.121474,0.010085,0
9931,35.533935,44.877637,0.405101,0.030659,0.678681,0.217189,0.135885,6.384365,0.034303,0
9932,74.538887,74.451548,16.457807,0.026382,1.312024,0.456797,0.629304,32.256335,0.009687,1
9933,26.600801,18.947630,9.163888,0.022941,1.493069,0.334616,0.868209,6.941361,0.019635,0
9934,72.703123,92.592203,4.773448,0.044434,0.759646,0.401882,0.337652,23.156243,0.014350,0
9935,26.589499,23.915469,3.818086,0.035125,0.521376,0.259567,0.775456,5.751493,0.060112,1
9936,35.089908,33.277509,3.890915,0.039489,0.630917,0.219414,0.703462,9.639814,0.056555,1
9937,67.300200,87.656316,2.397351,0.024932,0.447431,0.438925,0.237218,13.905636,0.015633,0
9938,75.454707,54.674771,21.003468,0.027337,0.120210,0.423917,0.988918,0.762554,0.002628,0
9939,77.886860,95.432174,2.789513,0.048022,0.902246,0.242279,0.281143,24.953245,0.018817,0
9940,61.313117,56.715336,9.232270,0.029462,0.411391,0.417115,0.680976,14.045428,0.021773,1
9941,66.033543,73.116399,0.655289,0.021520,0.189397,0.236867,0.184770,7.665010,0.039184,1
9942,37.188122,36.569830,3.405813,0.049006,0.206439,0.434599,0.592846,6.557399,0.052850,1
9943,40.800656,44.640069,2.601427,0.036609,0.241282,0.493026,0.415354,7.814742,0.039463,1
9944,59.637348,46.085395,18.355890,0.047228,1.286609,0.331223,0.849836,15.783738,0.010414,0
9945,61.525462,50.510816,18.239714,0.044717,0.870681,0.521098,0.766964,17.560219,0.010224,0
9946,24.013503,23.109344,6.095414,0.028689,1.411541,0.475280,0.663494,10.412103,0.026914,1
9947,20.096332,14.431555,6.072799,0.050740,0.558672,0.191657,0.995073,0.214353,0.004957,0
9948,42.971219,34.034396,9.743887,0.040120,0.413031,0.277655,0.931719,3.637631,0.017178,0
9949,32.714759,31.911542,5.369507,0.024777,1.081477,0.341838,0.626671,12.882520,0.032559,1
9950,36.483183,35.207534,5.938911,0.057189,1.250177,0.247191,0.700434,14.173895,0.034459,1
9951,57.798257,67.836318,6.713218,0.055962,1.279480,0.337197,0.483481,26.059682,0.018081,1
9952,78.954539,108.924125,4.306573,0.041681,0.809055,0.417100,0.280884,23.942718,0.011382,0
9953,42.428969,49.363166,5.315745,0.021417,0.820000,0.491092,0.468696,15.280570,0.021078,1
9954,76.426748,54.901946,26.540866,0.035433,1.204967,0.384253,0.863536,18.350096,0.006785,0
9955,49.999697,54.295544,6.662819,0.054135,0.793261,0.423403,0.533414,17.703477,0.021084,1
9956,44.758235,52.904145,4.248374,0.023212,1.451067,0.305236,0.428851,21.166342,0.023855,0
9957,72.227242,87.925008,12.372069,0.021592,1.408900,0.495110,0.504371,34.199927,0.009398,0
9958,67.507926,85.770664,4.324683,0.022077,0.936168,0.365652,0.329443,23.638724,0.015153,0
9959,44.465068,47.530011,4.706525,0.043838,1.136414,0.267025,0.533143,18.844960,0.031410,1
9960,55.970441,42.436615,13.779751,0.036061,0.107512,0.452875,0.975264,1.063104,0.006970,0
9961,69.358054,75.245687,15.476710,0.025037,1.315210,0.535642,0.590221,30.917550,0.009123,1
9962,75.305620,84.302087,0.496234,0.038168,0.182211,0.221709,0.141941,7.221895,0.031524,1
9963,57.705516,48.067289,11.457350,0.028225,0.774517,0.222738,0.873236,10.556900,0.018377,0
9964,34.875415,25.125557,12.162618,0.032269,1.102561,0.429243,0.848916,8.579372,0.014904,0
9965,59.208693,44.186196,18.175258,0.042674,0.536849,0.517360,0.846612,10.266226,0.010544,0
9966,44.079183,46.430987,9.807150,0.052132,1.150222,0.519336,0.615172,18.068205,0.015567,1
9967,49.831366,41.643403,11.934173,0.025023,1.170190,0.317337,0.782258,15.866548,0.017207,0
9968,57.692783,68.325524,10.163971,0.027741,1.126239,0.542660,0.519333,24.397001,0.011993,0
9969,30.705115,23.558542,9.550358,0.056400,1.029671,0.373753,0.851139,7.227738,0.019920,0
9970,55.728946,60.016693,1.199378,0.047252,0.159847,0.293280,0.305340,7.808403,0.053631,1
9971,76.140428,63.253891,16.098496,0.040194,0.522962,0.340942,0.831619,13.848227,0.013397,0
9972,44.018285,40.500434,5.569923,0.052837,0.306059,0.329508,0.737864,7.932253,0.040594,1
9973,54.377394,58.868260,7.441616,0.048194,0.905685,0.401752,0.538947,20.546636,0.019097,1
9974,36.434175,39.625698,2.145079,0.043553,0.442318,0.322774,0.423052,9.486501,0.050056,1
9975,22.365103,27.146538,0.435762,0.056808,0.484533,0.262223,0.206280,4.439635,0.069857,0
9976,79.797365,81.717753,1.445017,0.023051,0.136970,0.182835,0.393215,11.357172,0.071221,1
9977,23.372865,20.742310,3.875902,0.024451,0.554424,0.325253,0.748598,5.546779,0.056306,1
9978,41.921049,48.017493,1.833113,0.056559,0.374210,0.356396,0.338451,9.379855,0.040021,1
9979,57.423982,41.785378,20.131436,0.034724,0.882724,0.519669,0.830979,13.602208,0.008992,0
9980,73.138599,83.842732,2.609548,0.045784,1.174992,0.156787,0.343781,29.171142,0.029602,1
9981,62.187593,51.240309,14.045883,0.020420,1.055599,0.274363,0.817086,16.934917,0.015120,0
9982,51.015679,47.608822,13.450398,0.040908,1.071582,0.533867,0.684637,18.769316,0.012606,1
9983,41.468745,49.982342,6.050546,0.030145,1.270178,0.451653,0.485200,18.632207,0.018887,0
9984,43.598840,34.447836,9.331009,0.049750,0.105106,0.224498,0.999589,0.020962,0.000467,0
9985,23.071618,24.180125,1.160369,0.047672,0.585377,0.192946,0.478053,7.031503,0.116956,1
9986,27.959190,27.480400,4.652608,0.052968,0.828571,0.384250,0.636735,9.550761,0.038375,1
9987,74.155847,63.213223,19.400137,0.046210,0.934707,0.440322,0.754699,22.552972,0.009965,0
9988,79.319042,81.510125,5.708339,0.054088,0.617047,0.220716,0.548559,24.672525,0.028794,1
9989,22.221686,22.455288,3.258827,0.035861,0.446088,0.544433,0.578105,5.807191,0.048422,1
9990,40.909294,48.910170,0.625677,0.032137,0.450563,0.247262,0.182461,7.267037,0.038976,0
9991,54.329652,46.629837,12.766667,0.047211,1.105710,0.318508,0.782199,16.818108,0.016179,0
9992,21.534621,15.415683,7.271177,0.053568,0.845930,0.389549,0.892255,3.669258,0.024011,0
9993,46.139028,60.787393,0.765690,0.034377,0.375794,0.376124,0.152797,6.676217,0.022188,0
9994,37.500168,52.440188,0.154774,0.022069,0.733249,0.220433,0.055200,3.582390,0.015761,0
9995,51.948852,56.366548,10.043653,0.043999,1.477802,0.416651,0.587254,24.588818,0.014798,1
9996,32.823366,25.431722,9.875478,0.054595,0.942814,0.384949,0.843081,7.656316,0.019581,0
9997,46.566993,51.444636,5.679835,0.025675,0.756280,0.446474,0.495049,16.154599,0.022063,1
9998,51.982290,50.918005,7.357277,0.029649,0.883494,0.321183,0.620288,18.599569,0.024257,1
9999,57.346712,49.222719,16.836870,0.040840,1.148593,0.494683,0.739466,19.956530,0.010680,0
