tick,S,K,C,r,T,true_iv,true_delta,true_vega,true_gamma,is_liquid
0,1.011110,1.000000,0.011435,0.052500,0.005915,0.062627,0.990882,0.001912,5.048333,1
1,1.010442,1.000000,0.010767,0.052500,0.005915,0.059321,0.990542,0.001973,5.506755,1
2,1.009774,1.000000,0.010218,0.052500,0.005915,0.080001,0.948916,0.008147,16.886583,1
3,1.009108,1.000000,0.009597,0.052500,0.005915,0.080809,0.934722,0.009873,20.285027,1
4,1.008442,1.000000,0.008945,0.052500,0.005915,0.077617,0.928307,0.010606,22.718069,1
5,1.007777,1.000000,0.008471,0.052500,0.005915,0.087634,0.884720,0.015070,28.627084,1
6,1.007113,1.000000,0.007747,0.052500,0.005915,0.078555,0.890214,0.014544,30.861237,1
7,1.006450,1.000000,0.007202,0.052500,0.005915,0.080828,0.861565,0.017097,35.304937,1
8,1.005788,1.000000,0.006691,0.052500,0.005915,0.083469,0.829110,0.019640,39.324745,1
9,1.005127,1.000000,0.006036,0.052500,0.005915,0.077946,0.818023,0.020423,43.848208,1
10,1.004466,1.000000,0.005585,0.052500,0.005915,0.081450,0.777610,0.023015,47.349944,1
11,1.003807,1.000000,0.004997,0.052500,0.005915,0.077956,0.754452,0.024298,52.298240,1
12,1.003148,1.000000,0.004475,0.052500,0.005915,0.076556,0.722261,0.025868,56.770367,1
13,1.002490,1.000000,0.004000,0.052500,0.005915,0.076100,0.684738,0.027398,60.568050,1
14,1.001834,1.000000,0.003539,0.052500,0.005915,0.075235,0.645484,0.028671,64.193317,1
15,1.001177,1.000000,0.003098,0.052500,0.005915,0.074171,0.603951,0.029669,67.470340,1
16,1.000522,1.000000,0.002690,0.052500,0.005915,0.073292,0.559829,0.030352,69.942466,1
17,0.999868,1.000000,0.002328,0.052500,0.005915,0.072959,0.513801,0.030659,71.065596,1
18,0.999214,1.000000,0.001961,0.052500,0.005915,0.071423,0.466607,0.030550,72.430593,1
19,0.998562,1.000000,0.001659,0.052500,0.005915,0.071004,0.419185,0.030007,71.655446,1
20,0.997910,1.000000,0.001371,0.052500,0.005915,0.069966,0.371291,0.029010,70.395082,1
21,0.997259,1.000000,0.001115,0.052500,0.005915,0.068941,0.324026,0.027570,67.985157,1
22,0.996609,1.000000,0.000906,0.052500,0.005915,0.068446,0.279716,0.025788,64.134234,1
23,0.995960,1.000000,0.000743,0.052500,0.005915,0.068655,0.240306,0.023828,59.156943,1
24,0.995311,1.000000,0.000586,0.052500,0.005915,0.068053,0.201569,0.021531,53.995829,1
25,0.994664,1.000000,0.000429,0.052500,0.005915,0.066108,0.161382,0.018717,48.384323,1
26,0.994017,1.000000,0.000345,0.052500,0.005915,0.066708,0.134228,0.016533,42.407827,1
27,0.993371,1.000000,0.000247,0.052500,0.005915,0.065322,0.103907,0.013787,36.161573,1
28,0.992726,1.000000,0.000179,0.052500,0.005915,0.064587,0.080046,0.011355,30.161975,1
29,0.992082,1.000000,0.000133,0.052500,0.005915,0.064602,0.062381,0.009370,24.913912,1
30,0.991438,1.000000,0.000097,0.052500,0.005915,0.064544,0.047740,0.007579,20.196331,1
31,0.990796,1.000000,0.000068,0.052500,0.005915,0.064137,0.035210,0.005917,15.888530,1
32,1.031578,1.000000,0.032065,0.052500,0.008653,0.139691,0.992535,0.001979,1.538679,1
33,1.030187,1.000000,0.030687,0.052500,0.008653,0.140014,0.989962,0.002562,1.993000,1
34,1.024664,1.000000,0.025134,0.052500,0.008653,0.104259,0.994826,0.001421,1.500120,1
35,1.022607,1.000000,0.023197,0.052500,0.008653,0.129326,0.971422,0.006216,5.312363,1
36,1.021924,1.000000,0.022467,0.052500,0.008653,0.117731,0.978683,0.004858,4.566501,1
37,1.019199,1.000000,0.019873,0.052500,0.008653,0.124149,0.954661,0.009041,8.102120,1
38,1.017842,1.000000,0.018562,0.052500,0.008653,0.121917,0.945764,0.010416,9.531221,1
39,1.016488,1.000000,0.017274,0.052500,0.008653,0.120522,0.933818,0.012157,11.282980,1
40,1.015813,1.000000,0.016645,0.052500,0.008653,0.120420,0.926021,0.013236,12.311140,1
41,1.015138,1.000000,0.015983,0.052500,0.008653,0.117571,0.922318,0.013729,13.096095,1
42,1.014464,1.000000,0.015342,0.052500,0.008653,0.116027,0.915913,0.014566,14.097709,1
43,1.013120,1.000000,0.014142,0.052500,0.008653,0.117077,0.893259,0.017341,16.677712,1
44,1.012449,1.000000,0.013570,0.052500,0.008653,0.118311,0.879198,0.018928,18.037800,1
45,1.011779,1.000000,0.012813,0.052500,0.008653,0.109399,0.885020,0.018266,18.849734,1
46,1.011110,1.000000,0.012090,0.052500,0.008653,0.102240,0.887677,0.017952,19.849412,1
47,1.010442,1.000000,0.011487,0.052500,0.008653,0.101509,0.875529,0.019291,21.512129,1
48,1.009774,1.000000,0.010918,0.052500,0.008653,0.102006,0.859420,0.020965,23.295763,1
49,1.009108,1.000000,0.010310,0.052500,0.008653,0.100198,0.847589,0.022119,25.054666,1
50,1.008442,1.000000,0.009730,0.052500,0.008653,0.099259,0.832553,0.023508,26.915088,1
51,1.007113,1.000000,0.008577,0.052500,0.008653,0.096566,0.800713,0.026171,30.881052,1
52,1.006450,1.000000,0.008051,0.052500,0.008653,0.096502,0.779753,0.027738,32.795019,1
53,1.005788,1.000000,0.007605,0.052500,0.008653,0.098641,0.752730,0.029557,34.233159,1
54,1.005127,1.000000,0.007022,0.052500,0.008653,0.095604,0.735838,0.030575,36.584920,1
55,1.004466,1.000000,0.006472,0.052500,0.008653,0.093337,0.715649,0.031687,38.887255,1
56,1.003807,1.000000,0.005982,0.052500,0.008653,0.092525,0.690960,0.032897,40.780196,1
57,1.003148,1.000000,0.005538,0.052500,0.008653,0.092602,0.663475,0.034055,42.236642,1
58,1.002490,1.000000,0.005095,0.052500,0.008653,0.092151,0.635878,0.035022,43.705824,1
59,1.001834,1.000000,0.004659,0.052500,0.008653,0.091380,0.607651,0.035815,45.131643,1
60,1.001177,1.000000,0.004165,0.052500,0.008653,0.088489,0.580147,0.036401,47.430102,1
61,1.000522,1.000000,0.003776,0.052500,0.008653,0.087974,0.549107,0.036847,48.355772,1
62,0.999868,1.000000,0.003388,0.052500,0.008653,0.086911,0.517504,0.037069,49.306198,1
63,0.999214,1.000000,0.003013,0.052500,0.008653,0.085640,0.484983,0.037054,50.083607,1
64,0.998562,1.000000,0.002704,0.052500,0.008653,0.085556,0.452322,0.036791,49.842064,1
65,0.997910,1.000000,0.002389,0.052500,0.008653,0.084707,0.419198,0.036270,49.693085,1
66,0.997259,1.000000,0.002087,0.052500,0.008653,0.083602,0.385658,0.035477,49.313713,1
67,0.996609,1.000000,0.001773,0.052500,0.008653,0.081455,0.350274,0.034347,49.065605,1
68,0.995960,1.000000,0.001537,0.052500,0.008653,0.080896,0.317787,0.033034,47.577628,1
69,0.995311,1.000000,0.001302,0.052500,0.008653,0.079652,0.284572,0.031409,46.004727,1
70,0.994664,1.000000,0.001132,0.052500,0.008653,0.079813,0.255971,0.029769,43.570873,1
71,0.994017,1.000000,0.000949,0.052500,0.008653,0.078874,0.225917,0.027795,41.218888,1
72,0.993371,1.000000,0.000767,0.052500,0.008653,0.077119,0.194826,0.025462,38.669436,1
73,0.992726,1.000000,0.000636,0.052500,0.008653,0.076583,0.169156,0.023293,35.669016,1
74,0.992082,1.000000,0.000532,0.052500,0.008653,0.076467,0.146807,0.021209,32.569079,1
75,0.991438,1.000000,0.000435,0.052500,0.008653,0.075959,0.125255,0.019011,29.427764,1
76,0.990796,1.000000,0.000350,0.052500,0.008653,0.075374,0.105547,0.016822,26.274601,1
77,0.990154,1.000000,0.000272,0.052500,0.008653,0.074326,0.086600,0.014534,23.050470,1
78,0.989513,1.000000,0.000214,0.052500,0.008653,0.073735,0.071137,0.012513,20.030263,1
79,0.988873,1.000000,0.000168,0.052500,0.008653,0.073382,0.058294,0.010712,17.253257,1
80,0.988234,1.000000,0.000129,0.052500,0.008653,0.072833,0.046814,0.008994,14.614177,1
81,0.987596,1.000000,0.000107,0.052500,0.008653,0.073399,0.039354,0.007812,12.611921,1
82,0.986958,1.000000,0.000084,0.052500,0.008653,0.073399,0.031954,0.006582,10.638899,1
83,1.034369,1.000000,0.035027,0.052500,0.011390,0.141420,0.988875,0.003229,1.873400,1
84,1.032972,1.000000,0.033615,0.052500,0.011390,0.131834,0.990741,0.002747,1.714370,1
85,1.026039,1.000000,0.026698,0.052500,0.011390,0.112562,0.985938,0.003923,2.906281,1
86,1.024664,1.000000,0.025268,0.052500,0.011390,0.083383,0.997519,0.000843,0.845312,1
87,1.022607,1.000000,0.023284,0.052500,0.011390,0.103970,0.980966,0.005067,4.091252,1
88,1.019199,1.000000,0.020093,0.052500,0.011390,0.115637,0.944700,0.012152,8.881925,1
89,1.016488,1.000000,0.017500,0.052500,0.011390,0.111343,0.923994,0.015513,11.838645,1
90,1.015813,1.000000,0.016804,0.052500,0.011390,0.106704,0.924481,0.015427,12.301256,1
91,1.015138,1.000000,0.016361,0.052500,0.011390,0.116516,0.896622,0.019479,14.242850,1
92,1.013792,1.000000,0.015106,0.052500,0.011390,0.113693,0.881834,0.021410,16.085785,1
93,1.013120,1.000000,0.014493,0.052500,0.011390,0.112619,0.872905,0.022518,17.102078,1
94,1.012449,1.000000,0.013881,0.052500,0.011390,0.111335,0.863786,0.023605,18.158703,1
95,1.011110,1.000000,0.012672,0.052500,0.011390,0.108699,0.843687,0.025857,20.427967,1
96,1.010442,1.000000,0.012108,0.052500,0.011390,0.108538,0.829991,0.027290,21.620436,1
97,1.009774,1.000000,0.011460,0.052500,0.011390,0.105026,0.822962,0.027985,22.942247,1
98,1.009108,1.000000,0.010884,0.052500,0.011390,0.103940,0.809690,0.029255,24.266127,1
99,1.008442,1.000000,0.010462,0.052500,0.011390,0.107502,0.785400,0.031414,25.226509,1
100,1.007777,1.000000,0.009796,0.052500,0.011390,0.102885,0.778008,0.032011,26.895677,1
101,1.007113,1.000000,0.009315,0.052500,0.011390,0.103773,0.757890,0.033574,28.003990,1
102,1.006450,1.000000,0.008776,0.052500,0.011390,0.102534,0.741400,0.034744,29.369172,1
103,1.005788,1.000000,0.008322,0.052500,0.011390,0.103400,0.719952,0.036137,30.330733,1
104,1.005127,1.000000,0.007712,0.052500,0.011390,0.099604,0.706306,0.036937,32.225908,1
105,1.004466,1.000000,0.007234,0.052500,0.011390,0.099110,0.685502,0.038056,33.411637,1
106,1.003807,1.000000,0.006750,0.052500,0.011390,0.098105,0.664674,0.039045,34.676094,1
107,1.003148,1.000000,0.006345,0.052500,0.011390,0.098743,0.640685,0.040027,35.365714,1
108,1.002490,1.000000,0.005803,0.052500,0.011390,0.095600,0.620769,0.040712,37.202207,1
109,1.001834,1.000000,0.005387,0.052500,0.011390,0.095192,0.596483,0.041402,38.044456,1
110,1.001177,1.000000,0.005016,0.052500,0.011390,0.095498,0.571121,0.041948,38.473354,1
111,1.000522,1.000000,0.004607,0.052500,0.011390,0.094479,0.546224,0.042313,39.278104,1
112,0.999868,1.000000,0.004166,0.052500,0.011390,0.092310,0.520821,0.042514,40.444251,1
113,0.999214,1.000000,0.003850,0.052500,0.011390,0.092669,0.494392,0.042540,40.364967,1
114,0.998562,1.000000,0.003442,0.052500,0.011390,0.090465,0.467200,0.042372,41.239629,1
115,0.997910,1.000000,0.003101,0.052500,0.011390,0.089372,0.439637,0.042001,41.432055,1
116,0.997259,1.000000,0.002838,0.052500,0.011390,0.089722,0.413167,0.041451,40.783182,1
117,0.996609,1.000000,0.002490,0.052500,0.011390,0.087575,0.384078,0.040629,41.007806,1
118,0.995960,1.000000,0.002221,0.052500,0.011390,0.086870,0.356607,0.039636,40.382534,1
119,0.995311,1.000000,0.001979,0.052500,0.011390,0.086363,0.329819,0.038461,39.467073,1
120,0.994664,1.000000,0.001757,0.052500,0.011390,0.085902,0.303692,0.037113,38.338132,1
121,0.994017,1.000000,0.001521,0.052500,0.011390,0.084589,0.276264,0.035478,37.266738,1
122,0.993371,1.000000,0.001352,0.052500,0.011390,0.084614,0.252777,0.033887,35.631584,1
123,0.992726,1.000000,0.001182,0.052500,0.011390,0.084180,0.229179,0.032107,33.977560,1
124,0.992082,1.000000,0.000986,0.052500,0.011390,0.082362,0.202715,0.029883,32.364047,1
125,0.991438,1.000000,0.000856,0.052500,0.011390,0.082131,0.181848,0.027943,30.388109,1
126,0.990796,1.000000,0.000726,0.052500,0.011390,0.081380,0.160734,0.025806,28.358974,1
127,0.990154,1.000000,0.000622,0.052500,0.011390,0.081101,0.142369,0.023790,26.267674,1
128,0.989513,1.000000,0.000505,0.052500,0.011390,0.079671,0.121963,0.021368,24.048160,1
129,0.988873,1.000000,0.000440,0.052500,0.011390,0.080094,0.108465,0.019646,22.021431,1
130,0.988234,1.000000,0.000362,0.052500,0.011390,0.079366,0.093005,0.017549,19.877813,1
131,0.987596,1.000000,0.000297,0.052500,0.011390,0.078768,0.079353,0.015574,17.796781,1
132,0.986958,1.000000,0.000245,0.052500,0.011390,0.078427,0.067749,0.013791,15.848742,1
133,0.986321,1.000000,0.000200,0.052500,0.011390,0.077993,0.057209,0.012079,13.976790,1
134,0.985685,1.000000,0.000155,0.052500,0.011390,0.076883,0.046462,0.010231,12.024684,1
135,0.985050,1.000000,0.000129,0.052500,0.011390,0.077029,0.039599,0.008986,10.554465,1
136,0.984416,1.000000,0.000100,0.052500,0.011390,0.076251,0.031976,0.007536,8.953900,1
137,0.983782,1.000000,0.000084,0.052500,0.011390,0.076617,0.027281,0.006601,7.815664,1
138,0.983150,1.000000,0.000068,0.052500,0.011390,0.076553,0.022605,0.005635,6.685438,1
139,0.926544,1.000000,0.000081,0.052500,0.011390,0.294933,0.008446,0.002273,0.788261,1
140,1.042836,1.000000,0.043595,0.052500,0.014128,0.132975,0.996621,0.001262,0.617766,1
141,1.034369,1.000000,0.035284,0.052500,0.014128,0.148810,0.975074,0.007168,3.186476,1
142,1.032972,1.000000,0.033912,0.052500,0.014128,0.147296,0.971543,0.007996,3.600833,1
143,1.029494,1.000000,0.030525,0.052500,0.014128,0.144329,0.959608,0.010629,4.918029,1
144,1.026039,1.000000,0.027128,0.052500,0.014128,0.135833,0.950134,0.012551,6.212545,1
145,1.024664,1.000000,0.025764,0.052500,0.014128,0.131261,0.947056,0.013146,6.751620,1
146,1.023292,1.000000,0.024444,0.052500,0.014128,0.129421,0.939746,0.014537,7.592479,1
147,1.022607,1.000000,0.023880,0.052500,0.014128,0.134158,0.927360,0.016791,8.471137,1
148,1.020559,1.000000,0.021889,0.052500,0.014128,0.128425,0.917645,0.018433,9.754061,1
149,1.019199,1.000000,0.020580,0.052500,0.014128,0.124970,0.909484,0.019756,10.772025,1
150,1.018520,1.000000,0.020047,0.052500,0.014128,0.128774,0.895255,0.021975,11.643141,1
151,1.017842,1.000000,0.019334,0.052500,0.014128,0.123979,0.895757,0.021884,12.059556,1
152,1.017164,1.000000,0.018716,0.052500,0.014128,0.123348,0.888520,0.022953,12.730019,1
153,1.016488,1.000000,0.018185,0.052500,0.014128,0.126070,0.874582,0.024930,13.546019,1
154,1.015813,1.000000,0.017694,0.052500,0.014128,0.129714,0.858449,0.027076,14.317926,1
155,1.015138,1.000000,0.016879,0.052500,0.014128,0.120931,0.865214,0.026169,14.863397,1
156,1.014464,1.000000,0.016271,0.052500,0.014128,0.119870,0.857038,0.027222,15.618905,1
157,1.013792,1.000000,0.015650,0.052500,0.014128,0.118180,0.849652,0.028140,16.397864,1
158,1.013120,1.000000,0.015116,0.052500,0.014128,0.119299,0.836114,0.029762,17.203209,1
159,1.012449,1.000000,0.014391,0.052500,0.014128,0.113778,0.835578,0.029805,18.088280,1
160,1.011110,1.000000,0.013320,0.052500,0.014128,0.114746,0.808198,0.032803,19.792010,1
161,1.010442,1.000000,0.012743,0.052500,0.014128,0.113524,0.797157,0.033910,20.707620,1
162,1.009774,1.000000,0.012180,0.052500,0.014128,0.112503,0.785097,0.035061,21.633134,1
163,1.009108,1.000000,0.011571,0.052500,0.014128,0.110006,0.775368,0.035940,22.708649,1
164,1.008442,1.000000,0.010996,0.052500,0.014128,0.108285,0.763374,0.036975,23.765719,1
165,1.007777,1.000000,0.010468,0.052500,0.014128,0.107609,0.748594,0.038179,24.726107,1
166,1.007113,1.000000,0.009941,0.052500,0.014128,0.106698,0.733595,0.039315,25.713069,1
167,1.006450,1.000000,0.009460,0.052500,0.014128,0.106701,0.716264,0.040528,26.540635,1
168,1.005788,1.000000,0.008954,0.052500,0.014128,0.105792,0.699947,0.041570,27.493213,1
169,1.005127,1.000000,0.008462,0.052500,0.014128,0.104956,0.682823,0.042565,28.413073,1
170,1.004466,1.000000,0.007970,0.052500,0.014128,0.103874,0.665382,0.043477,29.362506,1
171,1.003807,1.000000,0.007505,0.052500,0.014128,0.103143,0.646752,0.044342,30.198418,1
172,1.003148,1.000000,0.007047,0.052500,0.014128,0.102295,0.627638,0.045113,31.018869,1
173,1.002490,1.000000,0.006597,0.052500,0.014128,0.101325,0.608011,0.045784,31.823622,1
174,1.001834,1.000000,0.006166,0.052500,0.014128,0.100511,0.587607,0.046356,32.524720,1
175,1.001177,1.000000,0.005796,0.052500,0.014128,0.100676,0.566042,0.046823,32.841578,1
176,1.000522,1.000000,0.005334,0.052500,0.014128,0.098595,0.545264,0.047138,33.804685,1
177,0.999868,1.000000,0.004944,0.052500,0.014128,0.097754,0.523235,0.047333,34.280876,1
178,0.999214,1.000000,0.004582,0.052500,0.014128,0.097161,0.500777,0.047382,34.571250,1
179,0.998562,1.000000,0.004193,0.052500,0.014128,0.095704,0.477816,0.047278,35.066295,1
180,0.997910,1.000000,0.003890,0.052500,0.014128,0.095725,0.455013,0.047019,34.912076,1
181,0.997259,1.000000,0.003562,0.052500,0.014128,0.094869,0.431721,0.046595,34.954963,1
182,0.996609,1.000000,0.003214,0.052500,0.014128,0.093249,0.407488,0.045982,35.140194,1
183,0.995960,1.000000,0.002912,0.052500,0.014128,0.092264,0.383595,0.045203,34.959168,1
184,0.995311,1.000000,0.002643,0.052500,0.014128,0.091645,0.360205,0.044269,34.512927,1
185,0.994664,1.000000,0.002368,0.052500,0.014128,0.090512,0.336141,0.043129,34.089806,1
186,0.994017,1.000000,0.002133,0.052500,0.014128,0.089909,0.313203,0.041869,33.359020,1
187,0.993371,1.000000,0.001910,0.052500,0.014128,0.089244,0.290554,0.040453,32.513428,1
188,0.992726,1.000000,0.001701,0.052500,0.014128,0.088518,0.268248,0.038888,31.552880,1
189,0.992082,1.000000,0.001512,0.052500,0.014128,0.087902,0.246782,0.037215,30.446035,1
190,0.991438,1.000000,0.001355,0.052500,0.014128,0.087788,0.227313,0.035548,29.158078,1
191,0.990796,1.000000,0.001192,0.052500,0.014128,0.087114,0.207191,0.033673,27.869806,1
192,0.990154,1.000000,0.001036,0.052500,0.014128,0.086204,0.187229,0.031650,26.506028,1
193,0.989513,1.000000,0.000906,0.052500,0.014128,0.085684,0.169239,0.029678,25.037728,1
194,0.988873,1.000000,0.000789,0.052500,0.014128,0.085190,0.152284,0.027682,23.520328,1
195,0.988234,1.000000,0.000672,0.052500,0.014128,0.084247,0.135043,0.025509,21.944806,1
196,0.987596,1.000000,0.000568,0.052500,0.014128,0.083314,0.118883,0.023328,20.319478,1
197,0.986958,1.000000,0.000510,0.052500,0.014128,0.083928,0.108115,0.021787,18.862402,1
198,0.986321,1.000000,0.000426,0.052500,0.014128,0.082967,0.094004,0.019662,17.242221,1
199,0.985685,1.000000,0.000355,0.052500,0.014128,0.082136,0.081361,0.017641,15.646982,1
200,0.985050,1.000000,0.000303,0.052500,0.014128,0.081938,0.071386,0.015960,14.207852,1
201,0.984416,1.000000,0.000254,0.052500,0.014128,0.081522,0.061835,0.014271,12.785777,1
202,0.983782,1.000000,0.000216,0.052500,0.014128,0.081359,0.053785,0.012780,11.488006,1
203,0.983150,1.000000,0.000180,0.052500,0.014128,0.081034,0.046237,0.011321,10.230182,1
204,0.982518,1.000000,0.000151,0.052500,0.014128,0.080856,0.039792,0.010021,9.087334,1
205,0.981887,1.000000,0.000122,0.052500,0.014128,0.080215,0.033283,0.008653,7.919417,1
206,0.981257,1.000000,0.000103,0.052500,0.014128,0.080232,0.028617,0.007631,6.991677,1
207,0.980627,1.000000,0.000087,0.052500,0.014128,0.080319,0.024611,0.006723,6.161298,1
208,0.979999,1.000000,0.000071,0.052500,0.014128,0.080014,0.020595,0.005782,5.325599,1
209,1.093561,1.000000,0.094499,0.052500,0.016866,0.267638,0.995552,0.001850,0.342704,1
210,1.072841,1.000000,0.073733,0.052500,0.016866,0.179387,0.998921,0.000503,0.144416,1
211,1.069090,1.000000,0.070000,0.052500,0.016866,0.191537,0.996869,0.001320,0.357505,1
212,1.064623,1.000000,0.065543,0.052500,0.016866,0.187329,0.995636,0.001771,0.494463,1
213,1.060193,1.000000,0.061130,0.052500,0.016866,0.184236,0.993647,0.002463,0.705123,1
214,1.057992,1.000000,0.059024,0.052500,0.016866,0.203787,0.985249,0.005129,1.333180,1
215,1.057260,1.000000,0.058216,0.052500,0.016866,0.183039,0.991610,0.003138,0.909413,1
216,1.052891,1.000000,0.053974,0.052500,0.016866,0.197374,0.980207,0.006562,1.778218,1
217,1.051443,1.000000,0.052448,0.052500,0.016866,0.179551,0.986128,0.004835,1.444079,1
218,1.050720,1.000000,0.051725,0.052500,0.016866,0.177334,0.986035,0.004859,1.471596,1
219,1.049999,1.000000,0.051010,0.052500,0.016866,0.176496,0.985320,0.005069,1.544625,1
220,1.047122,1.000000,0.048219,0.052500,0.016866,0.181841,0.977200,0.007356,2.187361,1
221,1.045689,1.000000,0.046758,0.052500,0.016866,0.173360,0.979072,0.006833,2.137149,1
222,1.044261,1.000000,0.045328,0.052500,0.016866,0.168763,0.978689,0.006929,2.232350,1
223,1.042836,1.000000,0.043990,0.052500,0.016866,0.175239,0.970842,0.009000,2.799990,1
224,1.041416,1.000000,0.042589,0.052500,0.016866,0.172638,0.968607,0.009555,3.025751,1
225,1.039999,1.000000,0.041095,0.052500,0.016866,0.159392,0.974279,0.008084,2.780287,1
226,1.038586,1.000000,0.039817,0.052500,0.016866,0.168802,0.962327,0.011069,3.604512,1
227,1.036473,1.000000,0.037695,0.052500,0.016866,0.160760,0.961531,0.011237,3.857817,1
228,1.035771,1.000000,0.037005,0.052500,0.016866,0.159460,0.959962,0.011601,4.020531,1
229,1.034369,1.000000,0.035697,0.052500,0.016866,0.161939,0.951481,0.013526,4.628535,1
230,1.032972,1.000000,0.034264,0.052500,0.016866,0.154274,0.952869,0.013197,4.753401,1
231,1.031578,1.000000,0.032976,0.052500,0.016866,0.156654,0.943156,0.015296,5.440196,1
232,1.029494,1.000000,0.030882,0.052500,0.016866,0.148256,0.941241,0.015668,5.911998,1
233,1.028801,1.000000,0.030229,0.052500,0.016866,0.148092,0.937238,0.016486,6.235850,1
234,1.028109,1.000000,0.029570,0.052500,0.016866,0.147382,0.933727,0.017186,6.540932,1
235,1.027418,1.000000,0.028965,0.052500,0.016866,0.149505,0.926251,0.018647,7.005487,1
236,1.026039,1.000000,0.027544,0.052500,0.016866,0.141772,0.926950,0.018487,7.343859,1
237,1.024664,1.000000,0.026307,0.052500,0.016866,0.143275,0.914078,0.020875,8.227795,1
238,1.023292,1.000000,0.024987,0.052500,0.016866,0.139963,0.907332,0.022053,8.921699,1
239,1.022607,1.000000,0.024361,0.052500,0.016866,0.139682,0.901517,0.023048,9.355389,1
240,1.021924,1.000000,0.023750,0.052500,0.016866,0.139799,0.894779,0.024169,9.815451,1
241,1.020559,1.000000,0.022410,0.052500,0.016866,0.134797,0.889116,0.025066,10.585356,1
242,1.019879,1.000000,0.021661,0.052500,0.016866,0.129060,0.891692,0.024630,10.878102,1
243,1.019199,1.000000,0.021033,0.052500,0.016866,0.128124,0.885783,0.025567,11.389940,1
244,1.018520,1.000000,0.020400,0.052500,0.016866,0.126816,0.880241,0.026423,11.908351,1
245,1.017842,1.000000,0.019787,0.052500,0.016866,0.126139,0.873223,0.027480,12.467974,1
246,1.017164,1.000000,0.019308,0.052500,0.016866,0.129885,0.857657,0.029735,13.119223,1
247,1.016488,1.000000,0.018544,0.052500,0.016866,0.123682,0.860213,0.029352,13.618017,1
248,1.015813,1.000000,0.017967,0.052500,0.016866,0.123706,0.850759,0.030655,14.238621,1
249,1.015138,1.000000,0.017377,0.052500,0.016866,0.123108,0.842099,0.031801,14.862246,1
250,1.014464,1.000000,0.016749,0.052500,0.016866,0.121136,0.835717,0.032612,15.510214,1
251,1.013792,1.000000,0.016373,0.052500,0.016866,0.126427,0.814976,0.035147,16.037394,1
252,1.013120,1.000000,0.015586,0.052500,0.016866,0.119631,0.816932,0.034892,16.847934,1
253,1.012449,1.000000,0.015033,0.052500,0.016866,0.119379,0.805897,0.036150,17.515488,1
254,1.011779,1.000000,0.014461,0.052500,0.016866,0.118403,0.795829,0.037244,18.218374,1
255,1.011110,1.000000,0.014028,0.052500,0.016866,0.120868,0.778792,0.039003,18.714389,1
256,1.010442,1.000000,0.013338,0.052500,0.016866,0.116505,0.774158,0.039440,19.658532,1
257,1.009774,1.000000,0.012827,0.052500,0.016866,0.116540,0.760754,0.040698,20.306237,1
258,1.009108,1.000000,0.012389,0.052500,0.016866,0.118087,0.744279,0.042144,20.780149,1
259,1.008442,1.000000,0.011814,0.052500,0.016866,0.116124,0.733581,0.043013,21.595534,1
260,1.007777,1.000000,0.011384,0.052500,0.016866,0.117327,0.717072,0.044279,22.032030,1
261,1.007113,1.000000,0.010843,0.052500,0.016866,0.115781,0.704644,0.045153,22.797187,1
262,1.006450,1.000000,0.010355,0.052500,0.016866,0.115226,0.690163,0.046102,23.419067,1
263,1.005788,1.000000,0.009836,0.052500,0.016866,0.113776,0.676492,0.046924,24.172120,1
264,1.005127,1.000000,0.009336,0.052500,0.016866,0.112571,0.661905,0.047726,24.881379,1
265,1.004466,1.000000,0.008844,0.052500,0.016866,0.111320,0.646815,0.048477,25.590157,1
266,1.003807,1.000000,0.008339,0.052500,0.016866,0.109616,0.631652,0.049149,26.383272,1
267,1.003148,1.000000,0.007887,0.052500,0.016866,0.108786,0.614945,0.049801,26.972510,1
268,1.002490,1.000000,0.007469,0.052500,0.016866,0.108396,0.597404,0.050384,27.422067,1
269,1.001834,1.000000,0.007018,0.052500,0.016866,0.107138,0.580140,0.050855,28.040149,1
270,1.001177,1.000000,0.006614,0.052500,0.016866,0.106562,0.561958,0.051245,28.445119,1
271,1.000522,1.000000,0.006191,0.052500,0.016866,0.105377,0.543675,0.051527,28.961293,1
272,0.999868,1.000000,0.005821,0.052500,0.016866,0.104975,0.524749,0.051704,29.210275,1
273,0.999214,1.000000,0.005386,0.052500,0.016866,0.103073,0.505637,0.051765,29.823384,1
274,0.998562,1.000000,0.004997,0.052500,0.016866,0.101811,0.485930,0.051704,30.196921,1
275,0.997910,1.000000,0.004674,0.052500,0.016866,0.101563,0.466171,0.051516,30.200300,1
276,0.997259,1.000000,0.004305,0.052500,0.016866,0.100171,0.445745,0.051190,30.465849,1
277,0.996609,1.000000,0.003990,0.052500,0.016866,0.099533,0.425507,0.050732,30.426420,1
278,0.995960,1.000000,0.003661,0.052500,0.016866,0.098367,0.404694,0.050122,30.456308,1
279,0.995311,1.000000,0.003372,0.052500,0.016866,0.097703,0.384276,0.049382,30.250579,1
280,0.994664,1.000000,0.003110,0.052500,0.016866,0.097292,0.364269,0.048522,29.887517,1
281,0.994017,1.000000,0.002802,0.052500,0.016866,0.095645,0.342509,0.047433,29.758946,1
282,0.993371,1.000000,0.002560,0.052500,0.016866,0.095058,0.322450,0.046282,29.253696,1
283,0.992726,1.000000,0.002351,0.052500,0.016866,0.094892,0.303488,0.045060,28.568367,1
284,0.992082,1.000000,0.002128,0.052500,0.016866,0.094148,0.283780,0.043652,27.930860,1
285,0.991438,1.000000,0.001920,0.052500,0.016866,0.093388,0.264385,0.042124,27.207563,1
286,0.990796,1.000000,0.001698,0.052500,0.016866,0.091974,0.243831,0.040347,26.494593,1
287,0.990154,1.000000,0.001516,0.052500,0.016866,0.091163,0.225114,0.038577,25.591160,1
288,0.989513,1.000000,0.001346,0.052500,0.016866,0.090344,0.206915,0.036714,24.608127,1
289,0.988873,1.000000,0.001223,0.052500,0.016866,0.090449,0.191798,0.035052,23.496927,1
290,0.988234,1.000000,0.001073,0.052500,0.016866,0.089497,0.174556,0.033030,22.405964,1
291,0.987596,1.000000,0.000937,0.052500,0.016866,0.088553,0.158023,0.030954,21.248950,1
292,0.986958,1.000000,0.000839,0.052500,0.016866,0.088521,0.144765,0.029182,20.066018,1
293,0.986321,1.000000,0.000729,0.052500,0.016866,0.087713,0.130153,0.027120,18.843724,1
294,0.985685,1.000000,0.000632,0.052500,0.016866,0.086994,0.116602,0.025092,17.601927,1
295,0.985050,1.000000,0.000567,0.052500,0.016866,0.087239,0.106445,0.023493,16.454816,1
296,0.984416,1.000000,0.000476,0.052500,0.016866,0.086024,0.093238,0.021312,15.157657,1
297,0.983782,1.000000,0.000425,0.052500,0.016866,0.086242,0.084538,0.019800,14.064875,1
298,0.983150,1.000000,0.000367,0.052500,0.016866,0.085834,0.075008,0.018076,12.917440,1
299,0.982518,1.000000,0.000308,0.052500,0.016866,0.085031,0.065344,0.016245,11.734236,1
300,0.981887,1.000000,0.000267,0.052500,0.016866,0.084829,0.057822,0.014756,10.697439,1
301,0.981257,1.000000,0.000228,0.052500,0.016866,0.084507,0.050725,0.013295,9.687420,1
302,0.980627,1.000000,0.000202,0.052500,0.016866,0.084859,0.045586,0.012198,8.862509,1
303,0.979999,1.000000,0.000167,0.052500,0.016866,0.084084,0.038897,0.010721,7.871276,1
304,0.979371,1.000000,0.000147,0.052500,0.016866,0.084455,0.034817,0.009786,7.162501,1
305,0.978744,1.000000,0.000128,0.052500,0.016866,0.084587,0.030762,0.008830,6.461280,1
306,0.978118,1.000000,0.000109,0.052500,0.016866,0.084431,0.026706,0.007846,5.758905,1
307,0.977492,1.000000,0.000090,0.052500,0.016866,0.083904,0.022618,0.006820,5.044105,1
308,0.976868,1.000000,0.000080,0.052500,0.016866,0.084481,0.020330,0.006229,4.580790,1
309,0.976244,1.000000,0.000073,0.052500,0.016866,0.085434,0.018690,0.005795,4.219985,1
310,1.047122,1.000000,0.048555,0.052500,0.025080,0.137544,0.985564,0.006076,1.606474,1
311,1.041416,1.000000,0.042990,0.052500,0.025080,0.140225,0.971139,0.010867,2.849102,1
312,1.039999,1.000000,0.041551,0.052500,0.025080,0.134360,0.972299,0.010488,2.877586,1
313,1.032972,1.000000,0.034804,0.052500,0.025080,0.134254,0.945015,0.018194,5.064025,1
314,1.029494,1.000000,0.031313,0.052500,0.025080,0.122967,0.941789,0.018966,5.802409,1
315,1.026039,1.000000,0.028007,0.052500,0.025080,0.119134,0.925307,0.022929,7.289611,1
316,1.024664,1.000000,0.026696,0.052500,0.025080,0.117311,0.917981,0.024582,7.957937,1
317,1.023292,1.000000,0.025569,0.052500,0.025080,0.121774,0.898287,0.028795,9.004048,1
318,1.022607,1.000000,0.024736,0.052500,0.025080,0.114059,0.906510,0.027050,9.042768,1
319,1.021924,1.000000,0.024311,0.052500,0.025080,0.120577,0.887669,0.030892,9.781761,1
320,1.021241,1.000000,0.023540,0.052500,0.025080,0.115208,0.891270,0.030158,10.007913,1
321,1.020559,1.000000,0.023011,0.052500,0.025080,0.117571,0.879608,0.032405,10.551521,1
322,1.019879,1.000000,0.022328,0.052500,0.025080,0.114984,0.877455,0.032790,10.931472,1
323,1.019199,1.000000,0.021780,0.052500,0.025080,0.116316,0.867159,0.034658,11.437396,1
324,1.017842,1.000000,0.020513,0.052500,0.025080,0.113572,0.856658,0.036455,12.353957,1
325,1.016488,1.000000,0.019415,0.052500,0.025080,0.114841,0.836626,0.039704,13.341622,1
326,1.015813,1.000000,0.018777,0.052500,0.025080,0.112991,0.831297,0.040509,13.853473,1
327,1.015138,1.000000,0.018147,0.052500,0.025080,0.111251,0.825448,0.041373,14.389454,1
328,1.013792,1.000000,0.017003,0.052500,0.025080,0.110189,0.807612,0.043903,15.457208,1
329,1.012449,1.000000,0.015861,0.052500,0.025080,0.108651,0.789348,0.046294,16.573663,1
330,1.011110,1.000000,0.014702,0.052500,0.025080,0.106259,0.771327,0.048464,17.788396,1
331,1.010442,1.000000,0.014250,0.052500,0.025080,0.107438,0.756909,0.050093,18.208356,1
332,1.009774,1.000000,0.013600,0.052500,0.025080,0.104521,0.750303,0.050784,18.999956,1
333,1.009108,1.000000,0.013096,0.052500,0.025080,0.104364,0.737770,0.052064,19.534026,1
334,1.008442,1.000000,0.012559,0.052500,0.025080,0.103432,0.726343,0.053160,20.151319,1
335,1.007777,1.000000,0.012063,0.052500,0.025080,0.103106,0.713370,0.054330,20.687581,1
336,1.007113,1.000000,0.011555,0.052500,0.025080,0.102392,0.700707,0.055395,21.268081,1
337,1.005788,1.000000,0.010618,0.052500,0.025080,0.101928,0.672630,0.057498,22.234355,1
338,1.005127,1.000000,0.010138,0.052500,0.025080,0.101236,0.658771,0.058405,22.769299,1
339,1.004466,1.000000,0.009593,0.052500,0.025080,0.099288,0.646180,0.059151,23.543792,1
340,1.003807,1.000000,0.009192,0.052500,0.025080,0.099634,0.630113,0.060016,23.836045,1
341,1.003148,1.000000,0.008661,0.052500,0.025080,0.097639,0.616450,0.060658,24.615788,1
342,1.002490,1.000000,0.008282,0.052500,0.025080,0.097976,0.599838,0.061342,24.840244,1
343,1.001834,1.000000,0.007772,0.052500,0.025080,0.096016,0.584987,0.061853,25.592057,1
344,1.001177,1.000000,0.007367,0.052500,0.025080,0.095594,0.568390,0.062321,25.933674,1
345,1.000522,1.000000,0.006963,0.052500,0.025080,0.095000,0.551616,0.062682,26.281007,1
346,0.999868,1.000000,0.006553,0.052500,0.025080,0.094131,0.534631,0.062932,26.664583,1
347,0.999214,1.000000,0.006203,0.052500,0.025080,0.094020,0.517185,0.063071,26.789748,1
348,0.998562,1.000000,0.005833,0.052500,0.025080,0.093417,0.499644,0.063088,27.005115,1
349,0.997910,1.000000,0.005483,0.052500,0.025080,0.092944,0.481921,0.062982,27.132563,1
350,0.997259,1.000000,0.005068,0.052500,0.025080,0.091245,0.463506,0.062742,27.568169,1
351,0.996609,1.000000,0.004772,0.052500,0.025080,0.091227,0.445609,0.062378,27.449801,1
352,0.995960,1.000000,0.004456,0.052500,0.025080,0.090706,0.427399,0.061879,27.422147,1
353,0.995311,1.000000,0.004082,0.052500,0.025080,0.089030,0.407919,0.061200,27.667897,1
354,0.994664,1.000000,0.003826,0.052500,0.025080,0.089062,0.390140,0.060444,27.351462,1
355,0.994017,1.000000,0.003498,0.052500,0.025080,0.087702,0.370576,0.059466,27.362198,1
356,0.993371,1.000000,0.003249,0.052500,0.025080,0.087437,0.352599,0.058426,27.000136,1
357,0.992726,1.000000,0.003006,0.052500,0.025080,0.087078,0.334679,0.057254,26.601807,1
358,0.992082,1.000000,0.002758,0.052500,0.025080,0.086392,0.316332,0.055912,26.219133,1
359,0.991438,1.000000,0.002490,0.052500,0.025080,0.085115,0.296850,0.054330,25.892750,1
360,0.990796,1.000000,0.002281,0.052500,0.025080,0.084668,0.279370,0.052761,25.310615,1
361,0.990154,1.000000,0.002079,0.052500,0.025080,0.084118,0.261977,0.051061,24.687272,1
362,0.989513,1.000000,0.001890,0.052500,0.025080,0.083588,0.245002,0.049263,24.000013,1
363,0.988873,1.000000,0.001714,0.052500,0.025080,0.083084,0.228515,0.047380,23.252861,1
364,0.988234,1.000000,0.001538,0.052500,0.025080,0.082330,0.211778,0.045328,22.478323,1
365,0.987596,1.000000,0.001408,0.052500,0.025080,0.082341,0.197742,0.043488,21.590866,1
366,0.986958,1.000000,0.001265,0.052500,0.025080,0.081831,0.182752,0.041405,20.711609,1
367,0.986321,1.000000,0.001123,0.052500,0.025080,0.081055,0.167525,0.039156,19.799864,1
368,0.985050,1.000000,0.000902,0.052500,0.025080,0.080398,0.141581,0.034987,17.882281,1
369,0.983782,1.000000,0.000714,0.052500,0.025080,0.079684,0.118002,0.030799,15.923538,1
370,0.983150,1.000000,0.000630,0.052500,0.025080,0.079249,0.106960,0.028692,14.935087,1
371,0.982518,1.000000,0.000546,0.052500,0.025080,0.078526,0.095756,0.026453,13.914065,1
372,0.981257,1.000000,0.000424,0.052500,0.025080,0.077979,0.077894,0.022640,12.023067,1
373,0.979999,1.000000,0.000321,0.052500,0.025080,0.077240,0.062031,0.018975,10.199180,1
374,0.978744,1.000000,0.000246,0.052500,0.025080,0.077002,0.049696,0.015908,8.599260,1
375,0.977492,1.000000,0.000189,0.052500,0.025080,0.076849,0.039523,0.013210,7.173385,1
376,0.976868,1.000000,0.000169,0.052500,0.025080,0.077183,0.035859,0.012194,6.601339,1
377,0.976244,1.000000,0.000147,0.052500,0.025080,0.077062,0.031721,0.011017,5.980932,1
378,0.974999,1.000000,0.000112,0.052500,0.025080,0.077050,0.024940,0.009006,4.902776,1
379,0.973757,1.000000,0.000089,0.052500,0.025080,0.077724,0.020308,0.007564,4.092335,1
380,0.972518,1.000000,0.000073,0.052500,0.025080,0.078716,0.016852,0.006445,3.451723,1
381,1.061665,1.000000,0.063160,0.052500,0.027818,0.141168,0.995542,0.002311,0.522156,1
382,1.057992,1.000000,0.059516,0.052500,0.027818,0.143724,0.992337,0.003724,0.832166,1
383,1.047122,1.000000,0.048795,0.052500,0.027818,0.143172,0.977324,0.009403,2.153328,1
384,1.043548,1.000000,0.045345,0.052500,0.027818,0.145364,0.966416,0.013000,2.952198,1
385,1.036473,1.000000,0.038461,0.052500,0.027818,0.138506,0.947975,0.018401,4.445780,1
386,1.032972,1.000000,0.035142,0.052500,0.027818,0.137224,0.932234,0.022561,5.539035,1
387,1.030187,1.000000,0.032244,0.052500,0.027818,0.123748,0.936001,0.021525,5.891809,1
388,1.026039,1.000000,0.028349,0.052500,0.027818,0.121303,0.911951,0.027340,7.696281,1
389,1.022607,1.000000,0.025311,0.052500,0.027818,0.122562,0.880062,0.034106,9.566128,1
390,1.021924,1.000000,0.024679,0.052500,0.027818,0.121637,0.875158,0.035055,9.920432,1
391,1.020559,1.000000,0.023465,0.052500,0.027818,0.120840,0.862648,0.037396,10.681299,1
392,1.019199,1.000000,0.022200,0.052500,0.027818,0.118293,0.852625,0.039169,11.459128,1
393,1.015813,1.000000,0.019276,0.052500,0.027818,0.115948,0.814999,0.045224,13.588235,1
394,1.015138,1.000000,0.018606,0.052500,0.027818,0.113272,0.811121,0.045778,14.098260,1
395,1.013792,1.000000,0.017553,0.052500,0.027818,0.113817,0.790452,0.048669,14.956532,1
396,1.013120,1.000000,0.016972,0.052500,0.027818,0.112736,0.782394,0.049718,15.445909,1
397,1.012449,1.000000,0.016331,0.052500,0.027818,0.110392,0.776521,0.050449,16.027040,1
398,1.011779,1.000000,0.015804,0.052500,0.027818,0.110192,0.766025,0.051732,16.486162,1
399,1.011110,1.000000,0.015258,0.052500,0.027818,0.109488,0.756203,0.052874,16.980849,1
400,1.010442,1.000000,0.014706,0.052500,0.027818,0.108553,0.746476,0.053951,17.499255,1
401,1.009774,1.000000,0.014174,0.052500,0.027818,0.107877,0.735902,0.055068,17.997069,1
402,1.009108,1.000000,0.013683,0.052500,0.027818,0.107793,0.723916,0.056267,18.427742,1
403,1.008442,1.000000,0.013127,0.052500,0.027818,0.106419,0.713890,0.057208,19.002680,1
404,1.007777,1.000000,0.012617,0.052500,0.027818,0.105745,0.702250,0.058242,19.495180,1
405,1.007113,1.000000,0.012200,0.052500,0.027818,0.106505,0.687977,0.059427,19.776028,1
406,1.006450,1.000000,0.011705,0.052500,0.027818,0.105786,0.675809,0.060354,20.247715,1
407,1.005788,1.000000,0.011118,0.052500,0.027818,0.103439,0.665607,0.061071,20.980617,1
408,1.005127,1.000000,0.010703,0.052500,0.027818,0.103771,0.651178,0.062018,21.265729,1
409,1.004466,1.000000,0.010184,0.052500,0.027818,0.102272,0.638860,0.062744,21.859004,1
410,1.003807,1.000000,0.009783,0.052500,0.027818,0.102522,0.624065,0.063535,22.109287,1
411,1.003148,1.000000,0.009331,0.052500,0.027818,0.101800,0.610122,0.064188,22.524631,1
412,1.002490,1.000000,0.008879,0.052500,0.027818,0.100942,0.595962,0.064764,22.950147,1
413,1.001834,1.000000,0.008453,0.052500,0.027818,0.100350,0.581244,0.065273,23.297357,1
414,1.001177,1.000000,0.007963,0.052500,0.027818,0.098617,0.566929,0.065677,23.884644,1
415,1.000522,1.000000,0.007611,0.052500,0.027818,0.098833,0.551128,0.066025,23.990361,1
416,0.999868,1.000000,0.007207,0.052500,0.027818,0.098102,0.535603,0.066264,24.288301,1
417,0.999214,1.000000,0.006765,0.052500,0.027818,0.096629,0.519903,0.066403,24.742478,1
418,0.997910,1.000000,0.005992,0.052500,0.027818,0.094890,0.487232,0.066365,25.247418,1
419,0.997259,1.000000,0.005701,0.052500,0.027818,0.095206,0.470925,0.066179,25.126100,1
420,0.996609,1.000000,0.005293,0.052500,0.027818,0.093581,0.453721,0.065866,25.474457,1
421,0.995960,1.000000,0.004958,0.052500,0.027818,0.092870,0.436698,0.065433,25.533960,1
422,0.995311,1.000000,0.004648,0.052500,0.027818,0.092386,0.419752,0.064882,25.484588,1
423,0.994664,1.000000,0.004340,0.052500,0.027818,0.091727,0.402595,0.064200,25.431261,1
424,0.994017,1.000000,0.004038,0.052500,0.027818,0.090988,0.385289,0.063386,25.345701,1
425,0.993371,1.000000,0.003762,0.052500,0.027818,0.090477,0.368275,0.062460,25.149129,1
426,0.992726,1.000000,0.003481,0.052500,0.027818,0.089674,0.350859,0.061383,24.968923,1
427,0.992082,1.000000,0.003219,0.052500,0.027818,0.088994,0.333679,0.060188,24.702004,1
428,0.991438,1.000000,0.002983,0.052500,0.027818,0.088554,0.317069,0.058905,24.327364,1
429,0.990796,1.000000,0.002767,0.052500,0.027818,0.088258,0.300975,0.057541,23.874588,1
430,0.990154,1.000000,0.002519,0.052500,0.027818,0.087193,0.283425,0.055918,23.515028,1
431,0.989513,1.000000,0.002311,0.052500,0.027818,0.086606,0.267136,0.054277,23.009364,1
432,0.988873,1.000000,0.002147,0.052500,0.027818,0.086665,0.252760,0.052716,22.361335,1
433,0.988234,1.000000,0.001933,0.052500,0.027818,0.085533,0.235712,0.050735,21.834278,1
434,0.987596,1.000000,0.001776,0.052500,0.027818,0.085324,0.221432,0.048953,21.146187,1
435,0.986321,1.000000,0.001458,0.052500,0.027818,0.084151,0.192079,0.044940,19.734139,1
436,0.985050,1.000000,0.001192,0.052500,0.027818,0.083239,0.165319,0.040834,18.174384,1
437,0.983782,1.000000,0.000972,0.052500,0.027818,0.082564,0.141319,0.036754,16.534620,1
438,0.983150,1.000000,0.000868,0.052500,0.027818,0.082064,0.129652,0.034624,15.691462,1
439,0.982518,1.000000,0.000778,0.052500,0.027818,0.081707,0.118958,0.032580,14.848715,1
440,0.981257,1.000000,0.000635,0.052500,0.027818,0.081584,0.100906,0.028912,13.230730,1
441,0.979999,1.000000,0.000494,0.052500,0.027818,0.080593,0.082614,0.024896,11.562780,1
442,0.978744,1.000000,0.000394,0.052500,0.027818,0.080366,0.068475,0.021549,10.062333,1
443,0.977492,1.000000,0.000307,0.052500,0.027818,0.079898,0.055685,0.018314,8.623933,1
444,0.976868,1.000000,0.000275,0.052500,0.027818,0.079957,0.050626,0.016971,7.995844,1
445,0.976244,1.000000,0.000243,0.052500,0.027818,0.079826,0.045562,0.015589,7.365863,1
446,0.974999,1.000000,0.000195,0.052500,0.027818,0.080066,0.037541,0.013307,6.285152,1
447,0.973757,1.000000,0.000156,0.052500,0.027818,0.080385,0.030886,0.011320,5.338999,1
448,0.972518,1.000000,0.000121,0.052500,0.027818,0.080301,0.024710,0.009388,4.443450,1
449,0.971282,1.000000,0.000102,0.052500,0.027818,0.081323,0.020984,0.008169,3.827994,1
450,0.970665,1.000000,0.000102,0.052500,0.027818,0.082898,0.020632,0.008048,3.704112,1
451,0.970049,1.000000,0.000086,0.052500,0.027818,0.082357,0.017839,0.007107,3.296930,1
452,0.968820,1.000000,0.000073,0.052500,0.027818,0.083489,0.015271,0.006214,2.850709,1
453,1.317929,1.000000,0.327621,0.052500,0.030555,1.127049,0.934211,0.029485,0.492928,0
454,1.312273,1.000000,0.321820,0.052500,0.030555,1.109488,0.934031,0.029420,0.503954,0
455,1.282549,1.000000,0.292181,0.052500,0.030555,1.044290,0.928307,0.030659,0.584128,0
456,1.280400,1.000000,0.302856,0.052500,0.030555,1.370212,0.876656,0.045645,0.665013,0
457,1.279329,1.000000,0.299289,0.052500,0.030555,1.311444,0.884188,0.043624,0.665161,0
458,1.278259,1.000000,0.300727,0.052500,0.030555,1.364693,0.875982,0.045743,0.671377,0
459,1.265561,1.000000,0.278046,0.052500,0.030555,1.088801,0.910046,0.035911,0.673937,0
460,1.204727,1.000000,0.214444,0.052500,0.030555,0.853799,0.908789,0.034538,0.912180,0
461,1.191581,1.000000,0.201325,0.052500,0.030555,0.819432,0.904313,0.035392,0.995538,0
462,1.171493,1.000000,0.174238,0.052500,0.030555,0.492000,0.971418,0.013384,0.648724,0
463,1.167021,1.000000,0.186992,0.052500,0.030555,0.984229,0.839671,0.049701,1.213464,0
464,1.155554,1.000000,0.165465,0.052500,0.030555,0.723043,0.888733,0.038295,1.298094,0
465,1.154681,1.000000,0.164585,0.052500,0.030555,0.720310,0.888382,0.038352,1.306950,0
466,1.134123,1.000000,0.139258,0.052500,0.030555,0.520216,0.926077,0.027755,1.357509,1
467,1.132443,1.000000,0.142578,0.052500,0.030555,0.659738,0.874945,0.040762,1.576735,1
468,1.129932,1.000000,0.140089,0.052500,0.030555,0.652546,0.873281,0.041048,1.612461,1
469,1.120820,1.000000,0.126488,0.052500,0.030555,0.502080,0.913367,0.030924,1.604604,1
470,1.116726,1.000000,0.119671,0.052500,0.030555,0.380925,0.956865,0.017882,1.231963,1
471,1.109433,1.000000,0.112765,0.052500,0.030555,0.382721,0.946271,0.021178,1.471322,1
472,1.095128,1.000000,0.105888,0.052500,0.030555,0.553539,0.842335,0.046130,2.274158,1
473,1.081952,1.000000,0.087834,0.052500,0.030555,0.393611,0.885420,0.036615,2.600657,1
474,1.075861,1.000000,0.087136,0.052500,0.030555,0.496101,0.817281,0.049813,2.839033,1
475,1.072088,1.000000,0.076052,0.052500,0.030555,0.306172,0.912667,0.029758,2.767527,1
476,1.063882,1.000000,0.068191,0.052500,0.030555,0.292471,0.897635,0.033198,3.282095,1
477,1.062403,1.000000,0.064065,0.052500,0.030555,0.144623,0.993255,0.003502,0.702135,1
478,1.058724,1.000000,0.063296,0.052500,0.030555,0.283939,0.886260,0.035641,3.664989,1
479,1.057992,1.000000,0.059668,0.052500,0.030555,0.139577,0.991540,0.004258,0.891867,1
480,1.057260,1.000000,0.058997,0.052500,0.030555,0.149522,0.986266,0.006487,1.270223,1
481,1.056529,1.000000,0.064679,0.052500,0.030555,0.361035,0.823376,0.047886,3.888724,1
482,1.055071,1.000000,0.056791,0.052500,0.030555,0.142133,0.987281,0.006058,1.253116,1
483,1.054343,1.000000,0.055952,0.052500,0.030555,0.101567,0.998965,0.000641,0.185716,1
484,1.052167,1.000000,0.064831,0.052500,0.030555,0.430350,0.768807,0.056009,3.847480,1
485,1.051443,1.000000,0.053226,0.052500,0.030555,0.143047,0.981366,0.008380,1.734176,1
486,1.050720,1.000000,0.052522,0.052500,0.030555,0.143658,0.979655,0.009023,1.861834,1
487,1.049999,1.000000,0.051827,0.052500,0.030555,0.144800,0.977443,0.009838,2.016948,1
488,1.049278,1.000000,0.051153,0.052500,0.030555,0.147587,0.973788,0.011153,2.246389,1
489,1.048558,1.000000,0.050418,0.052500,0.030555,0.144536,0.974583,0.010862,2.236967,1
490,1.047840,1.000000,0.049541,0.052500,0.030555,0.123803,0.987593,0.005888,1.417725,1
491,1.047122,1.000000,0.048829,0.052500,0.030555,0.123228,0.986888,0.006173,1.495193,1
492,1.046405,1.000000,0.048152,0.052500,0.030555,0.127431,0.982978,0.007720,1.810776,1
493,1.045689,1.000000,0.047544,0.052500,0.030555,0.137334,0.973802,0.011110,2.421258,1
494,1.044975,1.000000,0.046979,0.052500,0.030555,0.147124,0.962938,0.014792,3.013260,1
495,1.044261,1.000000,0.046243,0.052500,0.030555,0.143844,0.963976,0.014442,3.013228,1
496,1.043548,1.000000,0.045590,0.052500,0.030555,0.146013,0.959570,0.015856,3.263601,1
497,1.042836,1.000000,0.044864,0.052500,0.030555,0.143246,0.960087,0.015681,3.294277,1
498,1.042125,1.000000,0.044042,0.052500,0.030555,0.133841,0.967405,0.013275,2.988998,1
499,1.041416,1.000000,0.043535,0.052500,0.030555,0.145100,0.953121,0.017832,3.708431,1
500,1.040707,1.000000,0.042852,0.052500,0.030555,0.144647,0.950949,0.018477,3.859972,1
501,1.039999,1.000000,0.042163,0.052500,0.030555,0.143772,0.949181,0.018994,3.997415,1
502,1.038586,1.000000,0.040761,0.052500,0.030555,0.140527,0.947259,0.019536,4.217909,1
503,1.037881,1.000000,0.040007,0.052500,0.030555,0.136075,0.949753,0.018785,4.194164,1
504,1.037176,1.000000,0.039417,0.052500,0.030555,0.139878,0.941875,0.021066,4.581786,1
505,1.036473,1.000000,0.038786,0.052500,0.030555,0.141274,0.936740,0.022493,4.850367,1
506,1.035771,1.000000,0.038001,0.052500,0.030555,0.135528,0.940987,0.021289,4.791942,1
507,1.035070,1.000000,0.037326,0.052500,0.030555,0.134758,0.938604,0.021944,4.974403,1
508,1.034369,1.000000,0.036610,0.052500,0.030555,0.132112,0.938742,0.021891,5.068574,1
509,1.033670,1.000000,0.035984,0.052500,0.030555,0.133355,0.933334,0.023364,5.366356,1
510,1.032972,1.000000,0.035324,0.052500,0.030555,0.132989,0.930041,0.024233,5.588967,1
511,1.032274,1.000000,0.034740,0.052500,0.030555,0.135437,0.922386,0.026217,5.945296,1
512,1.031578,1.000000,0.033974,0.052500,0.030555,0.130706,0.925400,0.025422,5.981550,1
513,1.030882,1.000000,0.033311,0.052500,0.030555,0.129899,0.922411,0.026176,6.205617,1
514,1.030187,1.000000,0.032581,0.052500,0.030555,0.126485,0.923461,0.025888,6.311659,1
515,1.029494,1.000000,0.032061,0.052500,0.030555,0.130748,0.912039,0.028729,6.784960,1
516,1.028801,1.000000,0.031373,0.052500,0.030555,0.128795,0.910478,0.029088,6.983419,1
517,1.028109,1.000000,0.030726,0.052500,0.030555,0.128188,0.906572,0.030003,7.246997,1
518,1.027418,1.000000,0.030007,0.052500,0.030555,0.125081,0.906821,0.029924,7.417384,1
519,1.026728,1.000000,0.028972,0.052500,0.030555,0.110417,0.927770,0.024685,6.940606,1
520,1.026039,1.000000,0.028859,0.052500,0.030555,0.127986,0.891006,0.033503,8.137736,1
521,1.025351,1.000000,0.028102,0.052500,0.030555,0.123679,0.893065,0.033024,8.311829,1
522,1.024664,1.000000,0.027634,0.052500,0.030555,0.127779,0.879762,0.035880,8.752620,1
523,1.023977,1.000000,0.026926,0.052500,0.030555,0.124862,0.879001,0.036015,9.003014,1
524,1.023292,1.000000,0.026305,0.052500,0.030555,0.124321,0.873728,0.037083,9.322598,1
525,1.022607,1.000000,0.025652,0.052500,0.030555,0.122819,0.870077,0.037799,9.631761,1
526,1.021924,1.000000,0.025127,0.052500,0.030555,0.124526,0.860126,0.039735,9.999778,1
527,1.021241,1.000000,0.024422,0.052500,0.030555,0.121562,0.858873,0.039950,10.312704,1
528,1.020559,1.000000,0.023932,0.052500,0.030555,0.123790,0.847423,0.042068,10.678351,1
529,1.019879,1.000000,0.023302,0.052500,0.030555,0.122509,0.842498,0.042931,11.026100,1
530,1.019199,1.000000,0.022613,0.052500,0.030555,0.119800,0.840174,0.043317,11.391832,1
531,1.018520,1.000000,0.022019,0.052500,0.030555,0.119198,0.833506,0.044453,11.765469,1
532,1.017842,1.000000,0.021511,0.052500,0.030555,0.120397,0.823046,0.046187,12.118718,1
533,1.017164,1.000000,0.020845,0.052500,0.030555,0.118025,0.819374,0.046757,12.531412,1
534,1.016488,1.000000,0.020359,0.052500,0.030555,0.119378,0.808123,0.048509,12.870752,1
535,1.015813,1.000000,0.019767,0.052500,0.030555,0.118396,0.801205,0.049531,13.268568,1
536,1.015138,1.000000,0.019110,0.052500,0.030555,0.116023,0.796749,0.050161,13.730326,1
537,1.014464,1.000000,0.018626,0.052500,0.030555,0.116987,0.785509,0.051743,14.065341,1
538,1.013792,1.000000,0.017971,0.052500,0.030555,0.114513,0.780665,0.052380,14.565498,1
539,1.013120,1.000000,0.017409,0.052500,0.030555,0.113752,0.772212,0.053483,14.991699,1
540,1.012449,1.000000,0.016861,0.052500,0.030555,0.113144,0.763177,0.054617,15.412224,1
541,1.011779,1.000000,0.016340,0.052500,0.030555,0.112914,0.753151,0.055823,15.805566,1
542,1.011110,1.000000,0.015800,0.052500,0.030555,0.112221,0.743708,0.056904,16.232513,1
543,1.010442,1.000000,0.015380,0.052500,0.030555,0.113477,0.730543,0.058342,16.480234,1
544,1.009774,1.000000,0.014815,0.052500,0.030555,0.112110,0.721731,0.059238,16.959868,1
545,1.009108,1.000000,0.014224,0.052500,0.030555,0.110226,0.713432,0.060042,17.506801,1
546,1.008442,1.000000,0.013701,0.052500,0.030555,0.109360,0.703063,0.061005,17.952035,1
547,1.007777,1.000000,0.013296,0.052500,0.030555,0.110307,0.689566,0.062186,18.166596,1
548,1.007113,1.000000,0.012747,0.052500,0.030555,0.108798,0.679594,0.062989,18.680875,1
549,1.006450,1.000000,0.012291,0.052500,0.030555,0.108648,0.667314,0.063918,19.007817,1
550,1.005788,1.000000,0.011737,0.052500,0.030555,0.106848,0.656982,0.064636,19.570787,1
551,1.005127,1.000000,0.011328,0.052500,0.030555,0.107175,0.643548,0.065505,19.799440,1
552,1.004466,1.000000,0.010861,0.052500,0.030555,0.106470,0.631171,0.066226,20.176311,1
553,1.003807,1.000000,0.010355,0.052500,0.030555,0.105060,0.619222,0.066851,20.667306,1
554,1.003148,1.000000,0.009902,0.052500,0.030555,0.104325,0.606210,0.067461,21.030401,1
555,1.002490,1.000000,0.009489,0.052500,0.030555,0.104048,0.592530,0.068020,21.289116,1
556,1.001834,1.000000,0.009004,0.052500,0.030555,0.102588,0.579484,0.068472,21.763883,1
557,1.001177,1.000000,0.008644,0.052500,0.030555,0.102820,0.565022,0.068888,21.875447,1
558,1.000522,1.000000,0.008161,0.052500,0.030555,0.101116,0.551374,0.069193,22.371580,1
559,0.999868,1.000000,0.007757,0.052500,0.030555,0.100421,0.536904,0.069428,22.632681,1
560,0.999214,1.000000,0.007392,0.052500,0.030555,0.100155,0.522126,0.069574,22.770217,1
561,0.998562,1.000000,0.006982,0.052500,0.030555,0.099094,0.507251,0.069624,23.060756,1
562,0.997910,1.000000,0.006664,0.052500,0.030555,0.099207,0.492231,0.069577,23.048998,1
563,0.997259,1.000000,0.006301,0.052500,0.030555,0.098521,0.477025,0.069429,23.190362,1
564,0.996609,1.000000,0.005926,0.052500,0.030555,0.097503,0.461497,0.069175,23.377406,1
565,0.995960,1.000000,0.005609,0.052500,0.030555,0.097185,0.446149,0.068820,23.363848,1
566,0.995311,1.000000,0.005228,0.052500,0.030555,0.095768,0.429930,0.068335,23.573236,1
567,0.994664,1.000000,0.004906,0.052500,0.030555,0.095049,0.414031,0.067747,23.577682,1
568,0.994017,1.000000,0.004597,0.052500,0.030555,0.094364,0.398082,0.067044,23.533040,1
569,0.993371,1.000000,0.004360,0.052500,0.030555,0.094595,0.383251,0.066285,23.240167,1
570,0.992726,1.000000,0.004039,0.052500,0.030555,0.093392,0.366636,0.065323,23.227843,1
571,0.992082,1.000000,0.003757,0.052500,0.030555,0.092611,0.350530,0.064269,23.075806,1
572,0.991438,1.000000,0.003534,0.052500,0.030555,0.092576,0.335737,0.063192,22.726851,1
573,0.990796,1.000000,0.003266,0.052500,0.030555,0.091657,0.319534,0.061898,22.513862,1
574,0.990154,1.000000,0.003031,0.052500,0.030555,0.091083,0.304061,0.060543,22.188927,1
575,0.989513,1.000000,0.002796,0.052500,0.030555,0.090328,0.288361,0.059050,21.850851,1
576,0.988873,1.000000,0.002587,0.052500,0.030555,0.089830,0.273398,0.057511,21.427044,1
577,0.988234,1.000000,0.002392,0.052500,0.030555,0.089380,0.258794,0.055898,20.957942,1
578,0.987596,1.000000,0.002209,0.052500,0.030555,0.088985,0.244609,0.054223,20.446641,1
579,0.986958,1.000000,0.002053,0.052500,0.030555,0.088899,0.231537,0.052581,19.872308,1
580,0.986321,1.000000,0.001845,0.052500,0.030555,0.087630,0.215707,0.050472,19.376641,1
581,0.985685,1.000000,0.001715,0.052500,0.030555,0.087695,0.203762,0.048778,18.736573,1
582,0.985050,1.000000,0.001559,0.052500,0.030555,0.087053,0.190291,0.046770,18.120659,1
583,0.984416,1.000000,0.001429,0.052500,0.030555,0.086771,0.178213,0.044871,17.463890,1
584,0.983782,1.000000,0.001293,0.052500,0.030555,0.086151,0.165603,0.042789,16.795072,1
585,0.983150,1.000000,0.001170,0.052500,0.030555,0.085623,0.153687,0.040721,16.102857,1
586,0.982518,1.000000,0.001080,0.052500,0.030555,0.085706,0.143967,0.038956,15.409953,1
587,0.981887,1.000000,0.000976,0.052500,0.030555,0.085284,0.133265,0.036935,14.701603,1
588,0.981257,1.000000,0.000886,0.052500,0.030555,0.085017,0.123466,0.035005,13.995119,1
589,0.980627,1.000000,0.000808,0.052500,0.030555,0.084940,0.114660,0.033202,13.303263,1
590,0.979999,1.000000,0.000731,0.052500,0.030555,0.084687,0.105821,0.031325,12.604937,1
591,0.979371,1.000000,0.000653,0.052500,0.030555,0.084234,0.096907,0.029361,11.893353,1
592,0.978744,1.000000,0.000595,0.052500,0.030555,0.084250,0.089697,0.027713,11.238113,1
593,0.978118,1.000000,0.000531,0.052500,0.030555,0.083851,0.081850,0.025861,10.550264,1
594,0.977492,1.000000,0.000480,0.052500,0.030555,0.083755,0.075213,0.024239,9.912759,1
595,0.976868,1.000000,0.000428,0.052500,0.030555,0.083475,0.068546,0.022559,9.268537,1
596,0.976244,1.000000,0.000396,0.052500,0.030555,0.083889,0.063897,0.021351,8.740080,1
597,0.975621,1.000000,0.000354,0.052500,0.030555,0.083709,0.058232,0.019844,8.150912,1
598,0.974999,1.000000,0.000322,0.052500,0.030555,0.083848,0.053623,0.018583,7.629836,1
599,0.974377,1.000000,0.000284,0.052500,0.030555,0.083466,0.048274,0.017080,7.054042,1
600,0.973757,1.000000,0.000261,0.052500,0.030555,0.083852,0.044793,0.016074,6.616502,1
601,0.973137,1.000000,0.000239,0.052500,0.030555,0.084124,0.041340,0.015056,6.185138,1
602,0.972518,1.000000,0.000216,0.052500,0.030555,0.084269,0.037904,0.014021,5.757484,1
603,0.971900,1.000000,0.000194,0.052500,0.030555,0.084267,0.034474,0.012965,5.330766,1
604,0.971282,1.000000,0.000175,0.052500,0.030555,0.084360,0.031454,0.012014,4.940526,1
605,0.970665,1.000000,0.000165,0.052500,0.030555,0.085145,0.029701,0.011449,4.670770,1
606,0.970049,1.000000,0.000146,0.052500,0.030555,0.084983,0.026706,0.010473,4.286144,1
607,0.969434,1.000000,0.000130,0.052500,0.030555,0.084951,0.024133,0.009615,3.941379,1
608,0.968820,1.000000,0.000124,0.052500,0.030555,0.085804,0.022885,0.009189,3.734150,1
609,0.968206,1.000000,0.000111,0.052500,0.030555,0.085876,0.020775,0.008463,3.440398,1
610,0.967594,1.000000,0.000104,0.052500,0.030555,0.086599,0.019570,0.008040,3.245274,1
611,0.966982,1.000000,0.000098,0.052500,0.030555,0.087265,0.018385,0.007619,3.055759,1
612,0.966370,1.000000,0.000095,0.052500,0.030555,0.088306,0.017668,0.007360,2.920946,1
613,0.965760,1.000000,0.000085,0.052500,0.030555,0.088413,0.016064,0.006781,2.691054,1
614,0.965150,1.000000,0.000082,0.052500,0.030555,0.089371,0.015383,0.006529,2.566627,1
615,0.964541,1.000000,0.000076,0.052500,0.030555,0.089792,0.014258,0.006112,2.394678,1
616,0.963933,1.000000,0.000069,0.052500,0.030555,0.090127,0.013143,0.005694,2.225345,1
617,0.963326,1.000000,0.000069,0.052500,0.030555,0.091520,0.012964,0.005624,2.167002,1
618,0.962719,1.000000,0.000069,0.052500,0.030555,0.092910,0.012791,0.005555,2.111178,1
619,0.903545,1.000000,0.000089,0.052500,0.030555,0.232546,0.007437,0.003247,0.559659,1
620,0.902478,1.000000,0.000077,0.052500,0.030555,0.231098,0.006565,0.002905,0.505098,1
621,0.896656,1.000000,0.000076,0.052500,0.030555,0.244088,0.006250,0.002763,0.460807,1
622,0.896130,1.000000,0.000076,0.052500,0.030555,0.245261,0.006223,0.002751,0.457122,1
623,0.892989,1.000000,0.000090,0.052500,0.030555,0.257186,0.006958,0.003026,0.482857,1
624,0.891947,1.000000,0.000093,0.052500,0.030555,0.260698,0.007117,0.003083,0.486518,1
625,0.890908,1.000000,0.000064,0.052500,0.030555,0.252223,0.005209,0.002336,0.381829,1
626,1.039999,1.000000,0.042367,0.052500,0.033293,0.141098,0.945657,0.020910,4.115406,1
627,1.037176,1.000000,0.039742,0.052500,0.033293,0.142163,0.931564,0.024971,4.904486,1
628,1.032972,1.000000,0.035716,0.052500,0.033293,0.136970,0.916273,0.028999,5.959699,1
629,1.026039,1.000000,0.029195,0.052500,0.033293,0.128411,0.881679,0.037080,8.238609,1
630,1.023292,1.000000,0.026720,0.052500,0.033293,0.126374,0.861228,0.041310,9.376498,1
631,1.022607,1.000000,0.026241,0.052500,0.033293,0.128880,0.850071,0.043491,9.692619,1
632,1.019199,1.000000,0.023107,0.052500,0.033293,0.122819,0.825822,0.047795,11.252328,1
633,1.015813,1.000000,0.020213,0.052500,0.033293,0.119742,0.790742,0.053307,12.958493,1
634,1.015138,1.000000,0.019754,0.052500,0.033293,0.121059,0.779459,0.054922,13.223374,1
635,1.013792,1.000000,0.018607,0.052500,0.033293,0.119139,0.764661,0.056890,13.955002,1
636,1.012449,1.000000,0.017477,0.052500,0.033293,0.117164,0.748946,0.058836,14.714478,1
637,1.011110,1.000000,0.016409,0.052500,0.033293,0.115878,0.730983,0.060890,15.438044,1
638,1.009774,1.000000,0.015337,0.052500,0.033293,0.114138,0.712731,0.062788,16.204756,1
639,1.009108,1.000000,0.014931,0.052500,0.033293,0.115160,0.700266,0.063994,16.391025,1
640,1.008442,1.000000,0.014347,0.052500,0.033293,0.113290,0.692014,0.064731,16.875724,1
641,1.007113,1.000000,0.013320,0.052500,0.033293,0.111449,0.671724,0.066409,17.645657,1
642,1.005788,1.000000,0.012434,0.052500,0.033293,0.111281,0.648204,0.068102,18.170612,1
643,1.005127,1.000000,0.011887,0.052500,0.033293,0.109498,0.638115,0.068736,18.662920,1
644,1.004466,1.000000,0.011472,0.052500,0.033293,0.109529,0.625684,0.069459,18.878525,1
645,1.003148,1.000000,0.010512,0.052500,0.033293,0.107382,0.602349,0.070605,19.625390,1
646,1.002490,1.000000,0.010111,0.052500,0.033293,0.107265,0.589470,0.071131,19.819175,1
647,1.001834,1.000000,0.009699,0.052500,0.033293,0.106846,0.576664,0.071575,20.047383,1
648,1.000522,1.000000,0.008842,0.052500,0.033293,0.105212,0.550864,0.072238,20.601113,1
649,0.999214,1.000000,0.007980,0.052500,0.033293,0.103030,0.524149,0.072602,21.198930,1
650,0.997910,1.000000,0.007226,0.052500,0.033293,0.101806,0.496310,0.072637,21.520272,1
651,0.997259,1.000000,0.006908,0.052500,0.033293,0.101816,0.482304,0.072522,21.512043,1
652,0.996609,1.000000,0.006512,0.052500,0.033293,0.100618,0.467864,0.072310,21.733058,1
653,0.995960,1.000000,0.006143,0.052500,0.033293,0.099647,0.453254,0.072000,21.879112,1
654,0.995311,1.000000,0.005820,0.052500,0.033293,0.099177,0.438775,0.071597,21.888166,1
655,0.994017,1.000000,0.005169,0.052500,0.033293,0.097735,0.409209,0.070475,21.920095,1
656,0.992726,1.000000,0.004584,0.052500,0.033293,0.096655,0.379790,0.068957,21.744145,1
657,0.991438,1.000000,0.004034,0.052500,0.033293,0.095469,0.350283,0.067026,21.453225,1
658,0.990154,1.000000,0.003556,0.052500,0.033293,0.094764,0.321858,0.064765,20.938042,1
659,0.989513,1.000000,0.003294,0.052500,0.033293,0.093831,0.306746,0.063403,20.728350,1
660,0.988873,1.000000,0.003066,0.052500,0.033293,0.093244,0.292392,0.062001,20.423774,1
661,0.987596,1.000000,0.002649,0.052500,0.033293,0.092225,0.264522,0.058969,19.690923,1
662,0.986321,1.000000,0.002277,0.052500,0.033293,0.091332,0.237843,0.055672,18.819956,1
663,0.985050,1.000000,0.001959,0.052500,0.033293,0.090735,0.213030,0.052237,17.820858,1
664,0.983782,1.000000,0.001660,0.052500,0.033293,0.089862,0.188785,0.048520,16.756562,1
665,0.983150,1.000000,0.001531,0.052500,0.033293,0.089572,0.177573,0.046671,16.191303,1
666,0.982518,1.000000,0.001375,0.052500,0.033293,0.088538,0.164671,0.044444,15.618906,1
667,0.981257,1.000000,0.001162,0.052500,0.033293,0.088097,0.144502,0.040714,14.416445,1
668,0.979999,1.000000,0.000974,0.052500,0.033293,0.087648,0.125888,0.036992,13.199571,1
669,0.978744,1.000000,0.000807,0.052500,0.033293,0.087055,0.108486,0.033248,11.974995,1
670,0.977492,1.000000,0.000665,0.052500,0.033293,0.086552,0.092932,0.029660,10.772445,1
671,0.976868,1.000000,0.000607,0.052500,0.033293,0.086482,0.086206,0.028030,10.201753,1
672,0.976244,1.000000,0.000549,0.052500,0.033293,0.086254,0.079457,0.026346,9.626272,1
673,0.974999,1.000000,0.000466,0.052500,0.033293,0.086600,0.068930,0.023605,8.612280,1
674,0.973757,1.000000,0.000382,0.052500,0.033293,0.086400,0.058424,0.020728,7.599534,1
675,0.972518,1.000000,0.000315,0.052500,0.033293,0.086373,0.049531,0.018164,6.678664,1
676,0.971282,1.000000,0.000264,0.052500,0.033293,0.086693,0.042386,0.016007,5.878531,1
677,0.970665,1.000000,0.000241,0.052500,0.033293,0.086871,0.039191,0.015011,5.508506,1
678,0.970049,1.000000,0.000225,0.052500,0.033293,0.087374,0.036748,0.014234,5.199962,1
679,0.968820,1.000000,0.000187,0.052500,0.033293,0.087627,0.031172,0.012416,4.534191,1
680,0.967594,1.000000,0.000161,0.052500,0.033293,0.088495,0.027186,0.011068,4.012468,1
681,0.964541,1.000000,0.000114,0.052500,0.033293,0.090858,0.019510,0.008344,2.964890,1
682,0.961508,1.000000,0.000085,0.052500,0.033293,0.093940,0.014649,0.006510,2.251539,1
683,0.958494,1.000000,0.000069,0.052500,0.033293,0.097938,0.011742,0.005360,1.789424,1
684,1.091999,1.000000,0.093907,0.052500,0.036031,0.164307,0.998123,0.001241,0.175740,1
685,1.084254,1.000000,0.086291,0.052500,0.036031,0.191355,0.989199,0.005867,0.723781,1
686,1.080423,1.000000,0.082488,0.052500,0.036031,0.188657,0.987152,0.006796,0.856474,1
687,1.076618,1.000000,0.078761,0.052500,0.036031,0.191164,0.982344,0.008899,1.114619,1
688,1.069090,1.000000,0.071294,0.052500,0.036031,0.182182,0.977458,0.010872,1.449096,1
689,1.061665,1.000000,0.064014,0.052500,0.036031,0.177663,0.967651,0.014595,2.022742,1
690,1.058724,1.000000,0.061129,0.052500,0.036031,0.174714,0.963618,0.016029,2.271686,1
691,1.057992,1.000000,0.060263,0.052500,0.036031,0.164068,0.970381,0.013521,2.043283,1
692,1.057260,1.000000,0.059737,0.052500,0.036031,0.175691,0.959335,0.017527,2.476997,1
693,1.054343,1.000000,0.056848,0.052500,0.036031,0.170406,0.956427,0.018484,2.708085,1
694,1.050720,1.000000,0.053182,0.052500,0.036031,0.159521,0.956511,0.018392,2.898349,1
695,1.049999,1.000000,0.052479,0.052500,0.036031,0.158824,0.955071,0.018868,2.990568,1
696,1.047122,1.000000,0.049842,0.052500,0.036031,0.163135,0.941036,0.023356,3.623948,1
697,1.042836,1.000000,0.045655,0.052500,0.036031,0.156116,0.932422,0.025866,4.228438,1
698,1.039999,1.000000,0.042857,0.052500,0.036031,0.150136,0.927416,0.027254,4.658016,1
699,1.037176,1.000000,0.040265,0.052500,0.036031,0.150309,0.913073,0.031154,5.347396,1
700,1.035771,1.000000,0.038889,0.052500,0.036031,0.147306,0.909647,0.032020,5.623448,1
701,1.032972,1.000000,0.036351,0.052500,0.036031,0.146915,0.893438,0.036036,6.380007,1
702,1.031578,1.000000,0.035061,0.052500,0.036031,0.145558,0.886379,0.037683,6.751862,1
703,1.029494,1.000000,0.033044,0.052500,0.036031,0.140953,0.879094,0.039299,7.300965,1
704,1.028801,1.000000,0.032510,0.052500,0.036031,0.142759,0.871008,0.041089,7.547255,1
705,1.026039,1.000000,0.029946,0.052500,0.036031,0.138571,0.855960,0.044192,8.407514,1
706,1.024664,1.000000,0.028693,0.052500,0.036031,0.136752,0.847190,0.045913,8.874810,1
707,1.022607,1.000000,0.026910,0.052500,0.036031,0.135521,0.830322,0.049060,9.607932,1
708,1.019879,1.000000,0.024496,0.052500,0.036031,0.132055,0.808738,0.052748,10.658065,1
709,1.019199,1.000000,0.023920,0.052500,0.036031,0.131517,0.802340,0.053779,10.925420,1
710,1.018520,1.000000,0.023171,0.052500,0.036031,0.127723,0.801514,0.053879,11.285884,1
711,1.017842,1.000000,0.022683,0.052500,0.036031,0.128678,0.792082,0.055356,11.524543,1
712,1.016488,1.000000,0.021609,0.052500,0.036031,0.128459,0.776505,0.057647,12.054127,1
713,1.015813,1.000000,0.021023,0.052500,0.036031,0.127366,0.770127,0.058531,12.360350,1
714,1.015138,1.000000,0.020378,0.052500,0.036031,0.125209,0.765356,0.059165,12.726239,1
715,1.013792,1.000000,0.019284,0.052500,0.036031,0.123970,0.749919,0.061162,13.322649,1
716,1.013120,1.000000,0.018801,0.052500,0.036031,0.124251,0.740425,0.062326,13.563333,1
717,1.012449,1.000000,0.018185,0.052500,0.036031,0.122331,0.734303,0.063032,13.950794,1
718,1.011779,1.000000,0.017644,0.052500,0.036031,0.121509,0.726164,0.063949,14.268426,1
719,1.011110,1.000000,0.017123,0.052500,0.036031,0.120921,0.717437,0.064892,14.568560,1
720,1.010442,1.000000,0.016590,0.052500,0.036031,0.120051,0.708920,0.065768,14.891973,1
721,1.009774,1.000000,0.016077,0.052500,0.036031,0.119404,0.699839,0.066660,15.195617,1
722,1.009108,1.000000,0.015630,0.052500,0.036031,0.119653,0.689285,0.067644,15.408388,1
723,1.008442,1.000000,0.015053,0.052500,0.036031,0.117867,0.681349,0.068333,15.821918,1
724,1.007777,1.000000,0.014555,0.052500,0.036031,0.117169,0.671660,0.069137,16.124673,1
725,1.007113,1.000000,0.014065,0.052500,0.036031,0.116480,0.661731,0.069909,16.422757,1
726,1.006450,1.000000,0.013568,0.052500,0.036031,0.115613,0.651787,0.070630,16.738632,1
727,1.005788,1.000000,0.013158,0.052500,0.036031,0.115860,0.640367,0.071400,16.907404,1
728,1.005127,1.000000,0.012682,0.052500,0.036031,0.115087,0.629905,0.072043,17.196779,1
729,1.004466,1.000000,0.012194,0.052500,0.036031,0.114045,0.619464,0.072628,17.517984,1
730,1.003807,1.000000,0.011720,0.052500,0.036031,0.113096,0.608667,0.073177,17.821833,1
731,1.003148,1.000000,0.011234,0.052500,0.036031,0.111879,0.597819,0.073670,18.160768,1
732,1.002490,1.000000,0.010833,0.052500,0.036031,0.111724,0.585931,0.074147,18.327858,1
733,1.001834,1.000000,0.010393,0.052500,0.036031,0.110937,0.574307,0.074546,18.581330,1
734,1.001177,1.000000,0.009954,0.052500,0.036031,0.110053,0.562507,0.074883,18.840177,1
735,1.000522,1.000000,0.009581,0.052500,0.036031,0.109940,0.550173,0.075166,18.955595,1
736,0.999868,1.000000,0.009130,0.052500,0.036031,0.108679,0.538084,0.075371,19.253066,1
737,0.999214,1.000000,0.008706,0.052500,0.036031,0.107662,0.525643,0.075511,19.496229,1
738,0.998562,1.000000,0.008308,0.052500,0.036031,0.106886,0.512939,0.075578,19.681018,1
739,0.997910,1.000000,0.008003,0.052500,0.036031,0.107210,0.500126,0.075568,19.644727,1
740,0.997259,1.000000,0.007580,0.052500,0.036031,0.105868,0.487074,0.075479,19.896314,1
741,0.996609,1.000000,0.007269,0.052500,0.036031,0.105882,0.474149,0.075311,19.875134,1
742,0.995960,1.000000,0.006847,0.052500,0.036031,0.104310,0.460555,0.075052,20.131395,1
743,0.995311,1.000000,0.006523,0.052500,0.036031,0.103921,0.447296,0.074713,20.141752,1
744,0.994664,1.000000,0.006168,0.052500,0.036031,0.102977,0.433611,0.074277,20.234210,1
745,0.994017,1.000000,0.005845,0.052500,0.036031,0.102348,0.420031,0.073756,20.242088,1
746,0.993371,1.000000,0.005575,0.052500,0.036031,0.102305,0.406958,0.073169,20.115583,1
747,0.992726,1.000000,0.005234,0.052500,0.036031,0.101161,0.392778,0.072444,20.167662,1
748,0.992082,1.000000,0.004938,0.052500,0.036031,0.100511,0.379044,0.071647,20.100756,1
749,0.991438,1.000000,0.004663,0.052500,0.036031,0.100004,0.365490,0.070769,19.980976,1
750,0.990796,1.000000,0.004388,0.052500,0.036031,0.099367,0.351780,0.069790,19.856467,1
751,0.990154,1.000000,0.004126,0.052500,0.036031,0.098782,0.338179,0.068725,19.694807,1
752,0.989513,1.000000,0.003890,0.052500,0.036031,0.098442,0.325062,0.067607,19.466628,1
753,0.988873,1.000000,0.003642,0.052500,0.036031,0.097777,0.311477,0.066358,19.262088,1
754,0.988234,1.000000,0.003439,0.052500,0.036031,0.097661,0.299043,0.065128,18.951716,1
755,0.987596,1.000000,0.003230,0.052500,0.036031,0.097318,0.286357,0.063788,18.651401,1
756,0.986958,1.000000,0.002989,0.052500,0.036031,0.096321,0.272454,0.062224,18.406148,1
757,0.986321,1.000000,0.002781,0.052500,0.036031,0.095686,0.259437,0.060660,18.086094,1
758,0.985685,1.000000,0.002598,0.052500,0.036031,0.095331,0.247244,0.059106,17.711091,1
759,0.985050,1.000000,0.002423,0.052500,0.036031,0.094946,0.235210,0.057488,17.318271,1
760,0.984416,1.000000,0.002267,0.052500,0.036031,0.094761,0.223911,0.055888,16.890889,1
761,0.983782,1.000000,0.002091,0.052500,0.036031,0.094083,0.211655,0.054067,16.479551,1
762,0.983150,1.000000,0.001961,0.052500,0.036031,0.094096,0.201410,0.052467,16.010326,1
763,0.982518,1.000000,0.001819,0.052500,0.036031,0.093731,0.190499,0.050691,15.548642,1
764,0.981887,1.000000,0.001689,0.052500,0.036031,0.093476,0.180174,0.048936,15.070443,1
765,0.981257,1.000000,0.001534,0.052500,0.036031,0.092530,0.168328,0.046836,14.589925,1
766,0.980627,1.000000,0.001418,0.052500,0.036031,0.092234,0.158514,0.045014,14.085647,1
767,0.979999,1.000000,0.001314,0.052500,0.036031,0.092082,0.149413,0.043259,13.576246,1
768,0.978744,1.000000,0.001120,0.052500,0.036031,0.091663,0.131908,0.039699,12.548019,1
769,0.977492,1.000000,0.000953,0.052500,0.036031,0.091328,0.115969,0.036230,11.522902,1
770,0.976868,1.000000,0.000875,0.052500,0.036031,0.091124,0.108404,0.034503,11.012200,1
771,0.976244,1.000000,0.000798,0.052500,0.036031,0.090768,0.100794,0.032710,10.494187,1
772,0.974999,1.000000,0.000670,0.052500,0.036031,0.090397,0.087433,0.029413,9.499590,1
773,0.973757,1.000000,0.000573,0.052500,0.036031,0.090590,0.076655,0.026603,8.595599,1
774,0.972518,1.000000,0.000483,0.052500,0.036031,0.090540,0.066444,0.023808,7.716472,1
775,0.971282,1.000000,0.000407,0.052500,0.036031,0.090520,0.057381,0.021206,6.892104,1
776,0.970665,1.000000,0.000371,0.052500,0.036031,0.090466,0.053146,0.019948,6.495149,1
777,0.970049,1.000000,0.000349,0.052500,0.036031,0.090946,0.050168,0.019041,6.175202,1
778,0.968820,1.000000,0.000298,0.052500,0.036031,0.091304,0.043643,0.017006,5.507528,1
779,0.967594,1.000000,0.000256,0.052500,0.036031,0.091837,0.038152,0.015230,4.915946,1
780,0.966370,1.000000,0.000212,0.052500,0.036031,0.091729,0.032353,0.013286,4.304395,1
781,0.965150,1.000000,0.000189,0.052500,0.036031,0.092915,0.029037,0.012133,3.890454,1
782,0.964541,1.000000,0.000174,0.052500,0.036031,0.093010,0.026871,0.011366,3.645658,1
783,0.963933,1.000000,0.000167,0.052500,0.036031,0.093869,0.025798,0.010979,3.493512,1
784,0.962719,1.000000,0.000142,0.052500,0.036031,0.094229,0.022245,0.009681,3.076595,1
785,0.961508,1.000000,0.000129,0.052500,0.036031,0.095621,0.020217,0.008918,2.799848,1
786,0.960300,1.000000,0.000119,0.052500,0.036031,0.097230,0.018618,0.008305,2.570550,1
787,0.959095,1.000000,0.000107,0.052500,0.036031,0.098310,0.016694,0.007557,2.319331,1
788,0.958494,1.000000,0.000103,0.052500,0.036031,0.099205,0.016124,0.007331,2.232442,1
789,0.957893,1.000000,0.000100,0.052500,0.036031,0.100080,0.015565,0.007108,2.148217,1
790,0.956695,1.000000,0.000094,0.052500,0.036031,0.101767,0.014473,0.006669,1.987154,1
791,0.955499,1.000000,0.000081,0.052500,0.036031,0.102336,0.012665,0.005936,1.763268,1
792,0.954306,1.000000,0.000072,0.052500,0.036031,0.103185,0.011258,0.005353,1.580919,1
793,0.953116,1.000000,0.000075,0.052500,0.036031,0.106254,0.011395,0.005403,1.553430,1
794,0.952522,1.000000,0.000069,0.052500,0.036031,0.106299,0.010531,0.005041,1.450727,1
795,1.076618,1.000000,0.078993,0.052500,0.044245,0.142390,0.994727,0.003433,0.470146,1
796,1.069090,1.000000,0.071594,0.052500,0.044245,0.152613,0.984980,0.008526,1.104761,1
797,1.061665,1.000000,0.064368,0.052500,0.044245,0.156269,0.971776,0.014444,1.853402,1
798,1.035771,1.000000,0.039377,0.052500,0.044245,0.135695,0.907746,0.036035,5.594591,1
799,1.028801,1.000000,0.033001,0.052500,0.044245,0.131438,0.869673,0.045858,7.450323,1
800,1.027418,1.000000,0.031633,0.052500,0.044245,0.127800,0.865648,0.046767,7.835229,1
801,1.026039,1.000000,0.030362,0.052500,0.044245,0.126075,0.857730,0.048563,8.269758,1
802,1.024664,1.000000,0.029088,0.052500,0.044245,0.124060,0.849836,0.050290,8.726208,1
803,1.023292,1.000000,0.028046,0.052500,0.044245,0.126205,0.833505,0.053743,9.191471,1
804,1.021924,1.000000,0.026798,0.052500,0.044245,0.124133,0.824486,0.055513,9.678634,1
805,1.020559,1.000000,0.025574,0.052500,0.044245,0.122257,0.814487,0.057400,10.188256,1
806,1.019199,1.000000,0.024340,0.052500,0.044245,0.119985,0.804594,0.059182,10.732062,1
807,1.015813,1.000000,0.021555,0.052500,0.044245,0.118073,0.769635,0.064938,12.046489,1
808,1.015138,1.000000,0.020996,0.052500,0.044245,0.117431,0.762588,0.065988,12.324476,1
809,1.013792,1.000000,0.019967,0.052500,0.044245,0.117229,0.746021,0.068331,12.818163,1
810,1.012449,1.000000,0.018861,0.052500,0.044245,0.115584,0.731244,0.070252,13.401571,1
811,1.011110,1.000000,0.017778,0.052500,0.044245,0.113979,0.715563,0.072137,13.991863,1
812,1.009774,1.000000,0.016737,0.052500,0.044245,0.112664,0.698575,0.074008,14.560810,1
813,1.009108,1.000000,0.016297,0.052500,0.044245,0.112961,0.688362,0.075055,14.747555,1
814,1.008442,1.000000,0.015805,0.052500,0.044245,0.112469,0.679165,0.075939,15.006195,1
815,1.007113,1.000000,0.014822,0.052500,0.044245,0.111263,0.660497,0.077577,15.536899,1
816,1.005788,1.000000,0.013842,0.052500,0.044245,0.109765,0.641370,0.079044,16.089193,1
817,1.004466,1.000000,0.012917,0.052500,0.044245,0.108629,0.621006,0.080382,16.576133,1
818,1.003148,1.000000,0.011936,0.052500,0.044245,0.106453,0.600759,0.081480,17.191051,1
819,1.002490,1.000000,0.011495,0.052500,0.044245,0.105853,0.589855,0.081981,17.417615,1
820,1.001834,1.000000,0.011127,0.052500,0.044245,0.106045,0.578248,0.082447,17.507833,1
821,1.000522,1.000000,0.010209,0.052500,0.044245,0.103945,0.556085,0.083128,18.056289,1
822,0.999214,1.000000,0.009399,0.052500,0.044245,0.102761,0.532641,0.083568,18.409176,1
823,0.997910,1.000000,0.008668,0.052500,0.044245,0.102150,0.508566,0.083720,18.601552,1
824,0.996609,1.000000,0.007875,0.052500,0.044245,0.100383,0.483923,0.083563,18.942653,1
825,0.995960,1.000000,0.007511,0.052500,0.044245,0.099745,0.471395,0.083361,19.042769,1
826,0.995311,1.000000,0.007174,0.052500,0.044245,0.099320,0.458850,0.083077,19.083794,1
827,0.994017,1.000000,0.006508,0.052500,0.044245,0.098249,0.433429,0.082249,19.149313,1
828,0.992726,1.000000,0.005896,0.052500,0.044245,0.097402,0.407991,0.081079,19.090737,1
829,0.991438,1.000000,0.005279,0.052500,0.044245,0.096049,0.381889,0.079523,19.037525,1
830,0.990154,1.000000,0.004722,0.052500,0.044245,0.094987,0.356071,0.077621,18.838677,1
831,0.989513,1.000000,0.004472,0.052500,0.044245,0.094665,0.343540,0.076564,18.669619,1
832,0.988873,1.000000,0.004230,0.052500,0.044245,0.094318,0.331060,0.075425,18.483251,1
833,0.987596,1.000000,0.003708,0.052500,0.044245,0.092751,0.304686,0.072732,18.171365,1
834,0.986321,1.000000,0.003310,0.052500,0.044245,0.092399,0.281152,0.069977,17.595106,1
835,0.985050,1.000000,0.002919,0.052500,0.044245,0.091689,0.257549,0.066880,16.990235,1
836,0.983782,1.000000,0.002529,0.052500,0.044245,0.090481,0.233451,0.063358,16.352578,1
837,0.983150,1.000000,0.002367,0.052500,0.044245,0.090190,0.222479,0.061626,15.977288,1
838,0.982518,1.000000,0.002204,0.052500,0.044245,0.089776,0.211421,0.059798,15.594847,1
839,0.981257,1.000000,0.001919,0.052500,0.044245,0.089230,0.190797,0.056154,14.772282,1
840,0.979999,1.000000,0.001660,0.052500,0.044245,0.088653,0.171165,0.052392,13.907888,1
841,0.978744,1.000000,0.001440,0.052500,0.044245,0.088331,0.153375,0.048716,13.012583,1
842,0.977492,1.000000,0.001240,0.052500,0.044245,0.087931,0.136544,0.044991,12.103027,1
843,0.976868,1.000000,0.001137,0.052500,0.044245,0.087465,0.127841,0.042966,11.634768,1
844,0.973757,1.000000,0.000783,0.052500,0.044245,0.087207,0.094427,0.034465,9.420402,1
845,0.970665,1.000000,0.000527,0.052500,0.044245,0.086973,0.067933,0.026788,7.388517,1
846,0.967594,1.000000,0.000358,0.052500,0.044245,0.087329,0.048684,0.020549,5.680415,1
847,0.964541,1.000000,0.000256,0.052500,0.044245,0.088768,0.035946,0.016024,4.385363,1
848,0.961508,1.000000,0.000186,0.052500,0.044245,0.090491,0.026763,0.012514,3.380876,1
849,0.958494,1.000000,0.000147,0.052500,0.044245,0.093469,0.021270,0.010284,2.706871,1
850,0.955499,1.000000,0.000109,0.052500,0.044245,0.095395,0.016063,0.008072,2.094770,1
851,0.952522,1.000000,0.000090,0.052500,0.044245,0.098677,0.013168,0.006782,1.712116,1
852,0.949564,1.000000,0.000081,0.052500,0.044245,0.102875,0.011500,0.006012,1.464906,1
853,0.946624,1.000000,0.000068,0.052500,0.044245,0.106169,0.009614,0.005128,1.218163,1
854,1.054343,1.000000,0.057428,0.052500,0.046982,0.150764,0.956475,0.021088,2.678158,1
855,1.036473,1.000000,0.040373,0.052500,0.046982,0.137789,0.902682,0.038651,5.557618,1
856,1.032972,1.000000,0.037027,0.052500,0.046982,0.132676,0.890308,0.042017,6.317086,1
857,1.026039,1.000000,0.030799,0.052500,0.046982,0.128489,0.847430,0.052443,8.252012,1
858,1.021924,1.000000,0.027059,0.052500,0.046982,0.122958,0.821106,0.057898,9.597021,1
859,1.019199,1.000000,0.024780,0.052500,0.046982,0.121717,0.796020,0.062582,10.535243,1
860,1.016488,1.000000,0.022606,0.052500,0.046982,0.120890,0.767712,0.067273,11.463258,1
861,1.015813,1.000000,0.022033,0.052500,0.046982,0.120052,0.761369,0.068235,11.723965,1
862,1.015138,1.000000,0.021401,0.052500,0.046982,0.118299,0.756459,0.068949,12.038179,1
863,1.012449,1.000000,0.019325,0.052500,0.046982,0.117114,0.724826,0.073248,12.986867,1
864,1.009774,1.000000,0.017252,0.052500,0.046982,0.114770,0.692370,0.076958,13.997144,1
865,1.009108,1.000000,0.016680,0.052500,0.046982,0.113304,0.685054,0.077695,14.332965,1
866,1.008442,1.000000,0.016174,0.052500,0.046982,0.112631,0.676375,0.078535,14.593767,1
867,1.007113,1.000000,0.015264,0.052500,0.046982,0.112320,0.657126,0.080242,14.991855,1
868,1.005788,1.000000,0.014303,0.052500,0.046982,0.111055,0.638430,0.081683,15.475464,1
869,1.004466,1.000000,0.013364,0.052500,0.046982,0.109749,0.619026,0.082964,15.947092,1
870,1.003148,1.000000,0.012428,0.052500,0.046982,0.108154,0.599102,0.084054,16.438115,1
871,1.002490,1.000000,0.011961,0.052500,0.046982,0.107247,0.588906,0.084526,16.692014,1
872,1.001834,1.000000,0.011494,0.052500,0.046982,0.106267,0.578529,0.084947,16.952114,1
873,1.000522,1.000000,0.010720,0.052500,0.046982,0.105914,0.556327,0.085654,17.195040,1
874,0.999214,1.000000,0.009895,0.052500,0.046982,0.104618,0.534049,0.086090,17.542530,1
875,0.997910,1.000000,0.009119,0.052500,0.046982,0.103517,0.511130,0.086258,17.810213,1
876,0.996609,1.000000,0.008312,0.052500,0.046982,0.101691,0.487561,0.086137,18.151890,1
877,0.995960,1.000000,0.007967,0.052500,0.046982,0.101326,0.475660,0.085963,18.204217,1
878,0.995311,1.000000,0.007656,0.052500,0.046982,0.101249,0.463831,0.085713,18.188775,1
879,0.994017,1.000000,0.006970,0.052500,0.046982,0.100060,0.439545,0.084966,18.292090,1
880,0.992726,1.000000,0.006325,0.052500,0.046982,0.098949,0.415015,0.083888,18.310231,1
881,0.991438,1.000000,0.005713,0.052500,0.046982,0.097833,0.390292,0.082470,18.253220,1
882,0.990154,1.000000,0.005104,0.052500,0.046982,0.096304,0.364894,0.080663,18.183873,1
883,0.989513,1.000000,0.004841,0.052500,0.046982,0.095902,0.352681,0.079663,18.057246,1
884,0.988873,1.000000,0.004618,0.052500,0.046982,0.095889,0.341168,0.078640,17.850843,1
885,0.987596,1.000000,0.004115,0.052500,0.046982,0.094815,0.316662,0.076215,17.541500,1
886,0.986321,1.000000,0.003665,0.052500,0.046982,0.093986,0.292938,0.073526,17.116084,1
887,0.985050,1.000000,0.003235,0.052500,0.046982,0.092977,0.269297,0.070505,16.633935,1
888,0.983782,1.000000,0.002838,0.052500,0.046982,0.091960,0.246178,0.067208,16.072554,1
889,0.983150,1.000000,0.002682,0.052500,0.046982,0.091905,0.235983,0.065638,15.726678,1
890,0.982518,1.000000,0.002513,0.052500,0.046982,0.091548,0.225256,0.063912,15.392707,1
891,0.979999,1.000000,0.001929,0.052500,0.046982,0.090442,0.185393,0.056776,13.912559,1
892,0.978744,1.000000,0.001671,0.052500,0.046982,0.089752,0.166550,0.052981,13.116070,1
893,0.977492,1.000000,0.001451,0.052500,0.046982,0.089324,0.149471,0.049284,12.290717,1
894,0.976868,1.000000,0.001348,0.052500,0.046982,0.089068,0.141219,0.047407,11.871627,1
895,0.973757,1.000000,0.000949,0.052500,0.046982,0.088708,0.106531,0.038783,9.813907,1
896,0.970665,1.000000,0.000641,0.052500,0.046982,0.087986,0.077470,0.030526,7.837688,1
897,0.967594,1.000000,0.000449,0.052500,0.046982,0.088483,0.057116,0.024036,6.175585,1
898,0.964541,1.000000,0.000319,0.052500,0.046982,0.089411,0.042184,0.018810,4.813001,1
899,0.961508,1.000000,0.000233,0.052500,0.046982,0.090928,0.031686,0.014837,3.756765,1
900,0.958494,1.000000,0.000179,0.052500,0.046982,0.093203,0.024639,0.011995,2.981660,1
901,0.955499,1.000000,0.000138,0.052500,0.046982,0.095435,0.019178,0.009677,2.363855,1
902,0.952522,1.000000,0.000112,0.052500,0.046982,0.098394,0.015604,0.008089,1.928471,1
903,0.949564,1.000000,0.000093,0.052500,0.046982,0.101486,0.012890,0.006839,1.590848,1
904,0.946624,1.000000,0.000084,0.052500,0.046982,0.105504,0.011324,0.006094,1.371933,1
905,0.943702,1.000000,0.000071,0.052500,0.046982,0.108653,0.009542,0.005233,1.151104,1
906,1.080423,1.000000,0.083110,0.052500,0.049720,0.146550,0.993118,0.004625,0.543756,1
907,1.076618,1.000000,0.079380,0.052500,0.049720,0.153159,0.987940,0.007531,0.853185,1
908,1.069090,1.000000,0.072035,0.052500,0.049720,0.158323,0.976372,0.013288,1.476882,1
909,1.065364,1.000000,0.068105,0.052500,0.049720,0.132118,0.987858,0.007496,1.005377,1
910,1.037176,1.000000,0.041350,0.052500,0.049720,0.139281,0.898828,0.040934,5.494807,1
911,1.034369,1.000000,0.038769,0.052500,0.049720,0.137484,0.885466,0.044639,6.103539,1
912,1.032972,1.000000,0.037372,0.052500,0.049720,0.133901,0.882750,0.045327,6.380646,1
913,1.030187,1.000000,0.034751,0.052500,0.049720,0.130070,0.870748,0.048401,7.051910,1
914,1.026039,1.000000,0.031181,0.052500,0.049720,0.129690,0.839799,0.055712,8.206976,1
915,1.023292,1.000000,0.028842,0.052500,0.049720,0.128629,0.818091,0.060270,8.999714,1
916,1.021924,1.000000,0.027560,0.052500,0.049720,0.125878,0.810484,0.061739,9.445789,1
917,1.019199,1.000000,0.025293,0.052500,0.049720,0.124459,0.786161,0.066195,10.297811,1
918,1.015138,1.000000,0.021873,0.052500,0.049720,0.120097,0.749183,0.072055,11.709801,1
919,1.013792,1.000000,0.020869,0.052500,0.049720,0.120017,0.733278,0.074287,12.112527,1
920,1.012449,1.000000,0.019808,0.052500,0.049720,0.118875,0.718531,0.076187,12.575125,1
921,1.009774,1.000000,0.017649,0.052500,0.049720,0.115328,0.688852,0.079563,13.607971,1
922,1.009108,1.000000,0.017142,0.052500,0.049720,0.114699,0.680588,0.080405,13.845642,1
923,1.008442,1.000000,0.016675,0.052500,0.049720,0.114496,0.671582,0.081277,14.039145,1
924,1.005788,1.000000,0.014724,0.052500,0.049720,0.111889,0.636241,0.084202,14.961856,1
925,1.004466,1.000000,0.013778,0.052500,0.049720,0.110509,0.617572,0.085445,15.412851,1
926,1.002490,1.000000,0.012557,0.052500,0.049720,0.110158,0.586993,0.087049,15.814480,1
927,1.001834,1.000000,0.011992,0.052500,0.049720,0.108065,0.577851,0.087417,16.210183,1
928,1.000522,1.000000,0.011145,0.052500,0.049720,0.106894,0.556988,0.088093,16.557701,1
929,0.999214,1.000000,0.010392,0.052500,0.049720,0.106455,0.535350,0.088537,16.753559,1
930,0.997910,1.000000,0.009589,0.052500,0.049720,0.105111,0.513491,0.088720,17.047362,1
931,0.996609,1.000000,0.008807,0.052500,0.049720,0.103665,0.491036,0.088632,17.313116,1
932,0.995960,1.000000,0.008482,0.052500,0.049720,0.103555,0.479766,0.088483,17.324985,1
933,0.995311,1.000000,0.008079,0.052500,0.049720,0.102476,0.468111,0.088256,17.485272,1
934,0.994017,1.000000,0.007393,0.052500,0.049720,0.101386,0.444851,0.087578,17.583095,1
935,0.992726,1.000000,0.006727,0.052500,0.049720,0.100164,0.421197,0.086581,17.640688,1
936,0.991438,1.000000,0.006109,0.052500,0.049720,0.099103,0.397458,0.085265,17.604373,1
937,0.990154,1.000000,0.005531,0.052500,0.049720,0.098124,0.373732,0.083631,17.484435,1
938,0.989513,1.000000,0.005275,0.052500,0.049720,0.097882,0.362231,0.082721,17.359539,1
939,0.988873,1.000000,0.005000,0.052500,0.049720,0.097309,0.350295,0.081698,17.267969,1
940,0.987596,1.000000,0.004483,0.052500,0.049720,0.096262,0.326654,0.079423,17.013632,1
941,0.986321,1.000000,0.004052,0.052500,0.049720,0.095886,0.304532,0.076984,16.598885,1
942,0.985050,1.000000,0.003582,0.052500,0.049720,0.094601,0.281035,0.074070,16.229191,1
943,0.983782,1.000000,0.003205,0.052500,0.049720,0.094118,0.259715,0.071114,15.701899,1
944,0.983150,1.000000,0.003048,0.052500,0.049720,0.094186,0.250039,0.069670,15.391579,1
945,0.982518,1.000000,0.002853,0.052500,0.049720,0.093601,0.239002,0.067952,15.125385,1
946,0.981257,1.000000,0.002522,0.052500,0.049720,0.092961,0.218722,0.064569,14.508592,1
947,0.979999,1.000000,0.002224,0.052500,0.049720,0.092401,0.199444,0.061075,13.842075,1
948,0.978744,1.000000,0.001940,0.052500,0.049720,0.091620,0.180439,0.057354,13.143232,1
949,0.977492,1.000000,0.001688,0.052500,0.049720,0.090949,0.162636,0.053601,12.405509,1
950,0.976868,1.000000,0.001585,0.052500,0.049720,0.090869,0.154789,0.051858,12.027956,1
951,0.973757,1.000000,0.001121,0.052500,0.049720,0.090007,0.118015,0.042926,10.115994,1
952,0.970665,1.000000,0.000794,0.052500,0.049720,0.089779,0.089013,0.034861,8.288708,1
953,0.967594,1.000000,0.000570,0.052500,0.049720,0.090244,0.067153,0.028056,6.678619,1
954,0.964541,1.000000,0.000397,0.052500,0.049720,0.090428,0.049377,0.021961,5.250099,1
955,0.961508,1.000000,0.000296,0.052500,0.049720,0.091926,0.037754,0.017626,4.171366,1
956,0.958494,1.000000,0.000213,0.052500,0.049720,0.092965,0.028148,0.013792,3.247964,1
957,0.955499,1.000000,0.000169,0.052500,0.049720,0.095437,0.022437,0.011370,2.624457,1
958,0.952522,1.000000,0.000137,0.052500,0.049720,0.098186,0.018239,0.009508,2.146725,1
959,0.949564,1.000000,0.000112,0.052500,0.049720,0.100887,0.014881,0.007964,1.760776,1
960,0.946624,1.000000,0.000096,0.052500,0.049720,0.104195,0.012643,0.006898,1.485875,1
961,0.943702,1.000000,0.000083,0.052500,0.049720,0.107544,0.010852,0.006023,1.264764,1
962,0.940799,1.000000,0.000071,0.052500,0.049720,0.110481,0.009164,0.005180,1.065483,1
963,1.080423,1.000000,0.083329,0.052500,0.052458,0.155348,0.988372,0.007521,0.790602,1
964,1.076618,1.000000,0.079627,0.052500,0.052458,0.160515,0.982196,0.010814,1.108029,1
965,1.061665,1.000000,0.064993,0.052500,0.052458,0.155287,0.962270,0.019980,2.176111,1
966,1.054343,1.000000,0.057690,0.052500,0.052458,0.142156,0.957841,0.021716,2.619592,1
967,1.039999,1.000000,0.044238,0.052500,0.052458,0.140777,0.906232,0.039874,4.992117,1
968,1.036473,1.000000,0.041010,0.052500,0.052458,0.139321,0.889698,0.044726,5.696564,1
969,1.035771,1.000000,0.040366,0.052500,0.052458,0.138863,0.886390,0.045650,5.841362,1
970,1.032972,1.000000,0.037703,0.052500,0.052458,0.134697,0.876201,0.048375,6.416129,1
971,1.029494,1.000000,0.034660,0.052500,0.052458,0.134036,0.853575,0.054097,7.259224,1
972,1.026039,1.000000,0.031550,0.052500,0.052458,0.130575,0.833122,0.058763,8.149033,1
973,1.022607,1.000000,0.028562,0.052500,0.052458,0.127789,0.808544,0.063856,9.109206,1
974,1.019199,1.000000,0.025667,0.052500,0.052458,0.124996,0.780760,0.068981,10.127519,1
975,1.017842,1.000000,0.024614,0.052500,0.052458,0.124959,0.766825,0.071331,10.503534,1
976,1.015813,1.000000,0.022850,0.052500,0.052458,0.121871,0.750063,0.073924,11.205831,1
977,1.012449,1.000000,0.020225,0.052500,0.052458,0.119752,0.714034,0.078853,12.245534,1
978,1.009774,1.000000,0.018104,0.052500,0.052458,0.116653,0.684559,0.082207,13.174986,1
979,1.009108,1.000000,0.017597,0.052500,0.052458,0.116007,0.676583,0.083018,13.396736,1
980,1.008442,1.000000,0.017091,0.052500,0.052458,0.115304,0.668513,0.083796,13.622763,1
981,1.007113,1.000000,0.016146,0.052500,0.052458,0.114500,0.651145,0.085337,14.007517,1
982,1.005788,1.000000,0.015250,0.052500,0.052458,0.113972,0.632941,0.086751,14.343239,1
983,1.004466,1.000000,0.014336,0.052500,0.052458,0.112953,0.614724,0.087959,14.712914,1
984,1.003148,1.000000,0.013340,0.052500,0.052458,0.110717,0.596866,0.088945,15.218263,1
985,1.002490,1.000000,0.012892,0.052500,0.052458,0.110059,0.587272,0.089400,15.407604,1
986,1.001834,1.000000,0.012536,0.052500,0.052458,0.110357,0.576941,0.089833,15.460743,1
987,1.000522,1.000000,0.011610,0.052500,0.052458,0.108336,0.557424,0.090472,15.902868,1
988,0.999214,1.000000,0.010810,0.052500,0.052458,0.107411,0.536771,0.090913,16.160234,1
989,0.997910,1.000000,0.010007,0.052500,0.052458,0.106121,0.515707,0.091111,16.435185,1
990,0.996609,1.000000,0.009250,0.052500,0.052458,0.105032,0.494138,0.091053,16.638377,1
991,0.995960,1.000000,0.008899,0.052500,0.052458,0.104658,0.483242,0.090923,16.695748,1
992,0.995311,1.000000,0.008522,0.052500,0.052458,0.103919,0.472157,0.090723,16.799279,1
993,0.994017,1.000000,0.007828,0.052500,0.052458,0.102845,0.449839,0.090107,16.903378,1
994,0.992726,1.000000,0.007156,0.052500,0.052458,0.101659,0.427154,0.089192,16.970965,1
995,0.991438,1.000000,0.006537,0.052500,0.052458,0.100717,0.404459,0.087980,16.940919,1
996,0.990154,1.000000,0.005952,0.052500,0.052458,0.099799,0.381721,0.086467,16.846285,1
997,0.989513,1.000000,0.005657,0.052500,0.052458,0.099169,0.370124,0.085580,16.801102,1
998,0.988873,1.000000,0.005388,0.052500,0.052458,0.098751,0.358813,0.084637,16.707899,1
999,0.987596,1.000000,0.004871,0.052500,0.052458,0.097875,0.336241,0.082526,16.479627,1
1000,0.986321,1.000000,0.004387,0.052500,0.052458,0.097021,0.313921,0.080132,16.184218,1
1001,0.985050,1.000000,0.003982,0.052500,0.052458,0.096775,0.293141,0.077617,15.756746,1
1002,0.983782,1.000000,0.003539,0.052500,0.052458,0.095657,0.271054,0.074647,15.370379,1
1003,0.983150,1.000000,0.003357,0.052500,0.052458,0.095467,0.260987,0.073183,15.118237,1
1004,0.982518,1.000000,0.003168,0.052500,0.052458,0.095096,0.250662,0.071611,14.870401,1
1005,0.981257,1.000000,0.002798,0.052500,0.052458,0.094139,0.229943,0.068234,14.349943,1
1006,0.979999,1.000000,0.002474,0.052500,0.052458,0.093431,0.210481,0.064776,13.761263,1
1007,0.978744,1.000000,0.002215,0.052500,0.052458,0.093336,0.193376,0.061491,13.110309,1
1008,0.977492,1.000000,0.001944,0.052500,0.052458,0.092657,0.175585,0.057834,12.452710,1
1009,0.976868,1.000000,0.001815,0.052500,0.052458,0.092268,0.166876,0.055947,12.112648,1
1010,0.973757,1.000000,0.001331,0.052500,0.052458,0.091844,0.130765,0.047372,10.369510,1
1011,0.970665,1.000000,0.000946,0.052500,0.052458,0.091135,0.099568,0.038893,8.634571,1
1012,0.967594,1.000000,0.000690,0.052500,0.052458,0.091498,0.076347,0.031799,7.076279,1
1013,0.964541,1.000000,0.000486,0.052500,0.052458,0.091429,0.056819,0.025214,5.650724,1
1014,0.961508,1.000000,0.000362,0.052500,0.052458,0.092637,0.043671,0.020376,4.535349,1
1015,0.958494,1.000000,0.000270,0.052500,0.052458,0.093928,0.033495,0.016361,3.614343,1
1016,0.955499,1.000000,0.000206,0.052500,0.052458,0.095655,0.026121,0.013269,2.896331,1
1017,0.952522,1.000000,0.000168,0.052500,0.052458,0.098311,0.021348,0.011163,2.385735,1
1018,0.949564,1.000000,0.000134,0.052500,0.052458,0.100471,0.017097,0.009214,1.938842,1
1019,0.946624,1.000000,0.000111,0.052500,0.052458,0.103270,0.014232,0.007848,1.616571,1
1020,0.943702,1.000000,0.000096,0.052500,0.052458,0.106363,0.012119,0.006809,1.370304,1
1021,0.940799,1.000000,0.000083,0.052500,0.052458,0.109511,0.010424,0.005955,1.171163,1
1022,0.937913,1.000000,0.000074,0.052500,0.052458,0.112843,0.009123,0.005284,1.014680,1
1023,0.935045,1.000000,0.000064,0.052500,0.052458,0.115861,0.007893,0.004639,0.872984,1
1024,1.099855,1.000000,0.102950,0.052500,0.055196,0.186559,0.988076,0.008026,0.644361,1
1025,1.091999,1.000000,0.094921,0.052500,0.055196,0.139902,0.997301,0.002134,0.231741,1
1026,1.088112,1.000000,0.091359,0.052500,0.055196,0.183332,0.979787,0.012489,1.042426,1
1027,1.069090,1.000000,0.072727,0.052500,0.055196,0.173201,0.958484,0.022307,2.041569,1
1028,1.061665,1.000000,0.065514,0.052500,0.055196,0.167546,0.946680,0.027074,2.597370,1
1029,1.054343,1.000000,0.058221,0.052500,0.055196,0.153936,0.940789,0.029203,3.091809,1
1030,1.047122,1.000000,0.051514,0.052500,0.055196,0.153879,0.914951,0.038298,4.112362,1
1031,1.043548,1.000000,0.048089,0.052500,0.055196,0.149562,0.905436,0.041298,4.593826,1
1032,1.039999,1.000000,0.044748,0.052500,0.055196,0.146134,0.893234,0.044968,5.154388,1
1033,1.037176,1.000000,0.042198,0.052500,0.055196,0.145106,0.879557,0.048871,5.672248,1
1034,1.036473,1.000000,0.041478,0.052500,0.055196,0.143024,0.878832,0.049045,5.783083,1
1035,1.032972,1.000000,0.038318,0.052500,0.055196,0.140812,0.860976,0.053759,6.482324,1
1036,1.030187,1.000000,0.035768,0.052500,0.055196,0.137729,0.847284,0.057109,7.078484,1
1037,1.029494,1.000000,0.035138,0.052500,0.055196,0.136970,0.843612,0.057974,7.235194,1
1038,1.027418,1.000000,0.033448,0.052500,0.055196,0.137694,0.826877,0.061797,7.702799,1
1039,1.026039,1.000000,0.032148,0.052500,0.055196,0.135069,0.820494,0.063144,8.045268,1
1040,1.022607,1.000000,0.029258,0.052500,0.055196,0.133270,0.794520,0.068356,8.886214,1
1041,1.021924,1.000000,0.028603,0.052500,0.055196,0.131630,0.791157,0.068969,9.089843,1
1042,1.020559,1.000000,0.027443,0.052500,0.055196,0.130381,0.780623,0.070878,9.456199,1
1043,1.019199,1.000000,0.026293,0.052500,0.055196,0.129057,0.769719,0.072758,9.832684,1
1044,1.017842,1.000000,0.025133,0.052500,0.055196,0.127389,0.758870,0.074530,10.231260,1
1045,1.016488,1.000000,0.024169,0.052500,0.055196,0.128084,0.743702,0.076889,10.525784,1
1046,1.015813,1.000000,0.023581,0.052500,0.055196,0.126958,0.738282,0.077674,10.741820,1
1047,1.015138,1.000000,0.023001,0.052500,0.055196,0.125882,0.732633,0.078470,10.959235,1
1048,1.013792,1.000000,0.021857,0.052500,0.055196,0.123787,0.720785,0.080067,11.401836,1
1049,1.012449,1.000000,0.020841,0.052500,0.055196,0.123077,0.706279,0.081906,11.762191,1
1050,1.011110,1.000000,0.019874,0.052500,0.055196,0.122701,0.690831,0.083707,12.089641,1
1051,1.009774,1.000000,0.018877,0.052500,0.055196,0.121701,0.675744,0.085304,12.454282,1
1052,1.009108,1.000000,0.018370,0.052500,0.055196,0.121005,0.668241,0.086040,12.650660,1
1053,1.008442,1.000000,0.017850,0.052500,0.055196,0.120106,0.660827,0.086729,12.864485,1
1054,1.007113,1.000000,0.016877,0.052500,0.055196,0.118909,0.644839,0.088102,13.234515,1
1055,1.005788,1.000000,0.015849,0.052500,0.055196,0.116828,0.629139,0.089286,13.687301,1
1056,1.004466,1.000000,0.014934,0.052500,0.055196,0.115778,0.611784,0.090425,14.024327,1
1057,1.003148,1.000000,0.014003,0.052500,0.055196,0.114275,0.594230,0.091387,14.397762,1
1058,1.002490,1.000000,0.013580,0.052500,0.055196,0.113899,0.584971,0.091821,14.532968,1
1059,1.001834,1.000000,0.013191,0.052500,0.055196,0.113814,0.575444,0.092215,14.625337,1
1060,1.000522,1.000000,0.012356,0.052500,0.055196,0.112808,0.556575,0.092831,14.893355,1
1061,0.999214,1.000000,0.011484,0.052500,0.055196,0.111122,0.537424,0.093241,15.225797,1
1062,0.997910,1.000000,0.010705,0.052500,0.055196,0.110152,0.517574,0.093440,15.432973,1
1063,0.996609,1.000000,0.009889,0.052500,0.055196,0.108488,0.497272,0.093407,15.705069,1
1064,0.995960,1.000000,0.009564,0.052500,0.055196,0.108422,0.487060,0.093299,15.716900,1
1065,0.995311,1.000000,0.009206,0.052500,0.055196,0.107936,0.476722,0.093129,15.779377,1
1066,0.994017,1.000000,0.008466,0.052500,0.055196,0.106463,0.455585,0.092588,15.946276,1
1067,0.992726,1.000000,0.007779,0.052500,0.055196,0.105249,0.434199,0.091777,16.030471,1
1068,0.991438,1.000000,0.007121,0.052500,0.055196,0.104006,0.412514,0.090681,16.070113,1
1069,0.990154,1.000000,0.006548,0.052500,0.055196,0.103378,0.391296,0.089337,15.969516,1
1070,0.989513,1.000000,0.006207,0.052500,0.055196,0.102324,0.379816,0.088503,16.004008,1
1071,0.988873,1.000000,0.005944,0.052500,0.055196,0.102063,0.369267,0.087662,15.913088,1
1072,0.987596,1.000000,0.005446,0.052500,0.055196,0.101599,0.348421,0.085800,15.686566,1
1073,0.986321,1.000000,0.004877,0.052500,0.055196,0.099962,0.325873,0.083493,15.555012,1
1074,0.985050,1.000000,0.004414,0.052500,0.055196,0.099197,0.304912,0.081053,15.256195,1
1075,0.983782,1.000000,0.003977,0.052500,0.055196,0.098402,0.284222,0.078366,14.907943,1
1076,0.983150,1.000000,0.003775,0.052500,0.055196,0.098076,0.274176,0.076957,14.707505,1
1077,0.982518,1.000000,0.003573,0.052500,0.055196,0.097661,0.264053,0.075470,14.503103,1
1078,0.981257,1.000000,0.003203,0.052500,0.055196,0.096988,0.244529,0.072397,14.045185,1
1079,0.979999,1.000000,0.002865,0.052500,0.055196,0.096400,0.225781,0.069187,13.539123,1
1080,0.978744,1.000000,0.002548,0.052500,0.055196,0.095724,0.207462,0.065797,12.999886,1
1081,0.977492,1.000000,0.002270,0.052500,0.055196,0.095267,0.190393,0.062398,12.419259,1
1082,0.976868,1.000000,0.002153,0.052500,0.055196,0.095268,0.182733,0.060793,12.115055,1
1083,0.976244,1.000000,0.002024,0.052500,0.055196,0.094973,0.174506,0.059017,11.812726,1
1084,0.974999,1.000000,0.001779,0.052500,0.055196,0.094314,0.158460,0.055382,11.191247,1
1085,0.973757,1.000000,0.001586,0.052500,0.055196,0.094218,0.144700,0.052070,10.559544,1
1086,0.972518,1.000000,0.001393,0.052500,0.055196,0.093776,0.130863,0.048556,9.918568,1
1087,0.971282,1.000000,0.001226,0.052500,0.055196,0.093496,0.118281,0.045185,9.281125,1
1088,0.970665,1.000000,0.001149,0.052500,0.055196,0.093364,0.112318,0.043526,8.964468,1
1089,0.970049,1.000000,0.001091,0.052500,0.055196,0.093593,0.107465,0.042141,8.668930,1
1090,0.968820,1.000000,0.000957,0.052500,0.055196,0.093369,0.096635,0.038957,8.053506,1
1091,0.967594,1.000000,0.000842,0.052500,0.055196,0.093299,0.086955,0.035981,7.462763,1
1092,0.966370,1.000000,0.000746,0.052500,0.055196,0.093451,0.078517,0.033278,6.908401,1
1093,0.965150,1.000000,0.000663,0.052500,0.055196,0.093705,0.070968,0.030769,6.386286,1
1094,0.964541,1.000000,0.000612,0.052500,0.055196,0.093403,0.066525,0.029254,6.099109,1
1095,0.963933,1.000000,0.000586,0.052500,0.055196,0.093891,0.063897,0.028335,5.884346,1
1096,0.962719,1.000000,0.000510,0.052500,0.055196,0.093777,0.056832,0.025820,5.381988,1
1097,0.961508,1.000000,0.000459,0.052500,0.055196,0.094369,0.051694,0.023924,4.968101,1
1098,0.958494,1.000000,0.000342,0.052500,0.055196,0.095287,0.039801,0.019327,3.999785,1
1099,0.955499,1.000000,0.000259,0.052500,0.055196,0.096615,0.030987,0.015690,3.222537,1
1100,0.952522,1.000000,0.000212,0.052500,0.055196,0.099117,0.025423,0.013264,2.672245,1
1101,0.949564,1.000000,0.000158,0.052500,0.055196,0.100182,0.019513,0.010578,2.121556,1
1102,0.946624,1.000000,0.000139,0.052500,0.055196,0.103641,0.016936,0.009346,1.823225,1
1103,0.943702,1.000000,0.000117,0.052500,0.055196,0.106337,0.014229,0.008024,1.535021,1
1104,0.940799,1.000000,0.000102,0.052500,0.055196,0.109344,0.012227,0.007017,1.313542,1
1105,0.937913,1.000000,0.000086,0.052500,0.055196,0.111924,0.010326,0.006040,1.111349,1
1106,0.935045,1.000000,0.000076,0.052500,0.055196,0.115142,0.009086,0.005384,0.969016,1
1107,0.932194,1.000000,0.000070,0.052500,0.055196,0.118698,0.008198,0.004905,0.861485,1
1108,0.929360,1.000000,0.000064,0.052500,0.055196,0.122063,0.007360,0.004447,0.764250,1
1109,1.091999,1.000000,0.095350,0.052500,0.063410,0.130508,0.997411,0.002203,0.223198,1
1110,1.065364,1.000000,0.069310,0.052500,0.063410,0.150678,0.962089,0.022130,2.040688,1
1111,1.061665,1.000000,0.065743,0.052500,0.063410,0.149786,0.954829,0.025418,2.374312,1
1112,1.057992,1.000000,0.062215,0.052500,0.063410,0.148490,0.946882,0.028831,2.735524,1
1113,1.054343,1.000000,0.059097,0.052500,0.063410,0.157443,0.924861,0.037636,3.391208,1
1114,1.050720,1.000000,0.055052,0.052500,0.063410,0.138348,0.937381,0.032588,3.364767,1
1115,1.043548,1.000000,0.048471,0.052500,0.063410,0.139429,0.907657,0.043494,4.517492,1
1116,1.036473,1.000000,0.041932,0.052500,0.063410,0.134951,0.878827,0.052569,5.718488,1
1117,1.032972,1.000000,0.038669,0.052500,0.063410,0.131091,0.864349,0.056662,6.388394,1
1118,1.020559,1.000000,0.027850,0.052500,0.063410,0.122635,0.782966,0.075500,9.321880,1
1119,1.019199,1.000000,0.026807,0.052500,0.063410,0.122800,0.769771,0.077974,9.639984,1
1120,1.016488,1.000000,0.024495,0.052500,0.063410,0.119615,0.748100,0.081666,10.420722,1
1121,1.015813,1.000000,0.023987,0.052500,0.063410,0.119553,0.741110,0.082788,10.583317,1
1122,1.015138,1.000000,0.023433,0.052500,0.063410,0.118882,0.735020,0.083725,10.777926,1
1123,1.013792,1.000000,0.022374,0.052500,0.063410,0.117958,0.721758,0.085672,11.144493,1
1124,1.012449,1.000000,0.021311,0.052500,0.063410,0.116774,0.708381,0.087497,11.527753,1
1125,1.009774,1.000000,0.019273,0.052500,0.063410,0.114746,0.679495,0.090991,12.264745,1
1126,1.009108,1.000000,0.018865,0.052500,0.063410,0.115196,0.670688,0.091947,12.361455,1
1127,1.008442,1.000000,0.018351,0.052500,0.063410,0.114441,0.663357,0.092690,12.560191,1
1128,1.007113,1.000000,0.017286,0.052500,0.063410,0.112372,0.648876,0.094044,13.012553,1
1129,1.005788,1.000000,0.016349,0.052500,0.063410,0.111441,0.632442,0.095420,13.348295,1
1130,1.004466,1.000000,0.015440,0.052500,0.063410,0.110569,0.615449,0.096652,13.663224,1
1131,1.003148,1.000000,0.014528,0.052500,0.063410,0.109409,0.598204,0.097706,13.995279,1
1132,1.002490,1.000000,0.014079,0.052500,0.063410,0.108815,0.589388,0.098170,14.157188,1
1133,1.001834,1.000000,0.013722,0.052500,0.063410,0.109094,0.579885,0.098618,14.203951,1
1134,1.000522,1.000000,0.012788,0.052500,0.063410,0.107221,0.562037,0.099293,14.589218,1
1135,0.999214,1.000000,0.011967,0.052500,0.063410,0.106238,0.543175,0.099791,14.836776,1
1136,0.997910,1.000000,0.011162,0.052500,0.063410,0.105144,0.523902,0.100069,15.072240,1
1137,0.996609,1.000000,0.010391,0.052500,0.063410,0.104126,0.504197,0.100112,15.265996,1
1138,0.995960,1.000000,0.010085,0.052500,0.063410,0.104303,0.494309,0.100043,15.249342,1
1139,0.995311,1.000000,0.009648,0.052500,0.063410,0.103112,0.484121,0.099908,15.424796,1
1140,0.994017,1.000000,0.008986,0.052500,0.063410,0.102619,0.463951,0.099450,15.467980,1
1141,0.992726,1.000000,0.008286,0.052500,0.063410,0.101465,0.443276,0.098718,15.569227,1
1142,0.991438,1.000000,0.007607,0.052500,0.063410,0.100229,0.422241,0.097701,15.639375,1
1143,0.989513,1.000000,0.006706,0.052500,0.063410,0.099001,0.390939,0.095667,15.564111,1
1144,0.988873,1.000000,0.006462,0.052500,0.063410,0.099037,0.381056,0.094892,15.452462,1
1145,0.987596,1.000000,0.005904,0.052500,0.063410,0.098144,0.360171,0.093054,15.330635,1
1146,0.986321,1.000000,0.005335,0.052500,0.063410,0.096799,0.338601,0.090861,15.216399,1
1147,0.983150,1.000000,0.004180,0.052500,0.063410,0.094950,0.287889,0.084453,14.512002,1
1148,0.979999,1.000000,0.003231,0.052500,0.063410,0.093492,0.240400,0.076786,13.486481,1
1149,0.976868,1.000000,0.002473,0.052500,0.063410,0.092483,0.197559,0.068359,12.215398,1
1150,0.973757,1.000000,0.001854,0.052500,0.063410,0.091452,0.158963,0.059408,10.804148,1
1151,0.970665,1.000000,0.001378,0.052500,0.063410,0.090791,0.126053,0.050611,9.330600,1
1152,0.967594,1.000000,0.001025,0.052500,0.063410,0.090626,0.099175,0.042503,7.899870,1
1153,0.964541,1.000000,0.000757,0.052500,0.063410,0.090621,0.077107,0.035114,6.568407,1
1154,0.961508,1.000000,0.000572,0.052500,0.063410,0.091343,0.060537,0.029044,5.423961,1
1155,0.958494,1.000000,0.000426,0.052500,0.063410,0.091919,0.046862,0.023636,4.413923,1
1156,0.955499,1.000000,0.000331,0.052500,0.063410,0.093329,0.037246,0.019563,3.620809,1
1157,0.952522,1.000000,0.000262,0.052500,0.063410,0.095007,0.029913,0.016281,2.978645,1
1158,0.949564,1.000000,0.000205,0.052500,0.063410,0.096524,0.023847,0.013432,2.433843,1
1159,0.946624,1.000000,0.000170,0.052500,0.063410,0.098887,0.019857,0.011471,2.041586,1
1160,0.943702,1.000000,0.000139,0.052500,0.063410,0.100904,0.016309,0.009669,1.696876,1
1161,0.940799,1.000000,0.000120,0.052500,0.063410,0.103669,0.014006,0.008458,1.453601,1
1162,0.935045,1.000000,0.000095,0.052500,0.063410,0.109729,0.010829,0.006726,1.105702,1
1163,0.932194,1.000000,0.000079,0.052500,0.063410,0.111781,0.009085,0.005753,0.933979,1
1164,1.091999,1.000000,0.095564,0.052500,0.066147,0.146635,0.992749,0.005646,0.488106,1
1165,1.076618,1.000000,0.080486,0.052500,0.066147,0.154299,0.975446,0.015941,1.347444,1
1166,1.069090,1.000000,0.072944,0.052500,0.066147,0.141808,0.974125,0.016540,1.542747,1
1167,1.050720,1.000000,0.055381,0.052500,0.066147,0.141117,0.930166,0.036218,3.514455,1
1168,1.039999,1.000000,0.045442,0.052500,0.066147,0.137242,0.890116,0.050257,5.118409,1
1169,1.036473,1.000000,0.042163,0.052500,0.066147,0.134085,0.876313,0.054471,5.716842,1
1170,1.029494,1.000000,0.036061,0.052500,0.066147,0.132028,0.835283,0.065653,7.092988,1
1171,1.019199,1.000000,0.027133,0.052500,0.066147,0.122959,0.766376,0.080291,9.503381,1
1172,1.012449,1.000000,0.021848,0.052500,0.066147,0.119198,0.702698,0.090166,11.156077,1
1173,1.008442,1.000000,0.018826,0.052500,0.066147,0.116072,0.660144,0.095018,12.169256,1
1174,1.005788,1.000000,0.016901,0.052500,0.066147,0.113863,0.629417,0.097719,12.825469,1
1175,1.004466,1.000000,0.015972,0.052500,0.066147,0.112768,0.613287,0.098879,13.138144,1
1176,1.003148,1.000000,0.015000,0.052500,0.066147,0.111012,0.597160,0.099860,13.513812,1
1177,1.002490,1.000000,0.014577,0.052500,0.066147,0.110682,0.588468,0.100320,13.634457,1
1178,1.000522,1.000000,0.013259,0.052500,0.066147,0.108846,0.562259,0.101405,14.069559,1
1179,0.999214,1.000000,0.012503,0.052500,0.066147,0.108527,0.543881,0.101903,14.217424,1
1180,0.997910,1.000000,0.011691,0.052500,0.066147,0.107398,0.525431,0.102182,14.443826,1
1181,0.996609,1.000000,0.010867,0.052500,0.066147,0.105909,0.506544,0.102243,14.693870,1
1182,0.995960,1.000000,0.010502,0.052500,0.066147,0.105522,0.496949,0.102187,14.759010,1
1183,0.995311,1.000000,0.010124,0.052500,0.066147,0.104946,0.487249,0.102071,14.842550,1
1184,0.994017,1.000000,0.009408,0.052500,0.066147,0.103990,0.467657,0.101655,14.956792,1
1185,0.992726,1.000000,0.008695,0.052500,0.066147,0.102779,0.447654,0.100980,15.071560,1
1186,0.991438,1.000000,0.008061,0.052500,0.066147,0.102081,0.427749,0.100053,15.074523,1
1187,0.990154,1.000000,0.007455,0.052500,0.066147,0.101379,0.407780,0.098868,15.037893,1
1188,0.989513,1.000000,0.007113,0.052500,0.066147,0.100532,0.397245,0.098142,15.072749,1
1189,0.987596,1.000000,0.006273,0.052500,0.066147,0.099421,0.367098,0.095656,14.912915,1
1190,0.986321,1.000000,0.005723,0.052500,0.066147,0.098415,0.346683,0.093632,14.784850,1
1191,0.983150,1.000000,0.004585,0.052500,0.066147,0.097152,0.298529,0.087721,14.122130,1
1192,0.979999,1.000000,0.003551,0.052500,0.066147,0.095146,0.250954,0.080256,13.277808,1
1193,0.976868,1.000000,0.002735,0.052500,0.066147,0.093847,0.207909,0.071983,12.151291,1
1194,0.973757,1.000000,0.002102,0.052500,0.066147,0.093174,0.170331,0.063454,10.858017,1
1195,0.970665,1.000000,0.001575,0.052500,0.066147,0.092255,0.136407,0.054589,9.494398,1
1196,0.967594,1.000000,0.001184,0.052500,0.066147,0.091938,0.108507,0.046337,8.138248,1
1197,0.964541,1.000000,0.000890,0.052500,0.066147,0.091973,0.085718,0.038846,6.863320,1
1198,0.961508,1.000000,0.000673,0.052500,0.066147,0.092396,0.067619,0.032329,5.721622,1
1199,0.958494,1.000000,0.000502,0.052500,0.066147,0.092703,0.052569,0.026459,4.696612,1
1200,0.955499,1.000000,0.000394,0.052500,0.066147,0.094090,0.042215,0.022123,3.893426,1
1201,0.952522,1.000000,0.000305,0.052500,0.066147,0.095273,0.033540,0.018278,3.196694,1
1202,0.949564,1.000000,0.000242,0.052500,0.066147,0.096842,0.027055,0.015248,2.639984,1
1203,0.946624,1.000000,0.000198,0.052500,0.066147,0.098850,0.022307,0.012928,2.206497,1
1204,0.943702,1.000000,0.000160,0.052500,0.066147,0.100653,0.018252,0.010873,1.833688,1
1205,0.932194,1.000000,0.000091,0.052500,0.066147,0.111209,0.010193,0.006497,1.016416,1
1206,1.057992,1.000000,0.062651,0.052500,0.068885,0.147797,0.941310,0.032511,2.852775,1
1207,1.054343,1.000000,0.059255,0.052500,0.068885,0.148304,0.929476,0.037369,3.290505,1
1208,1.050720,1.000000,0.055993,0.052500,0.068885,0.150246,0.914045,0.043273,3.787173,1
1209,1.047122,1.000000,0.052466,0.052500,0.068885,0.144623,0.907799,0.045436,4.159535,1
1210,1.022607,1.000000,0.030515,0.052500,0.068885,0.128317,0.784659,0.078494,8.491976,1
1211,1.019199,1.000000,0.027700,0.052500,0.068885,0.126038,0.758266,0.083485,9.256785,1
1212,1.015813,1.000000,0.025090,0.052500,0.068885,0.124943,0.727446,0.088568,9.972662,1
1213,1.015138,1.000000,0.024515,0.052500,0.068885,0.123982,0.722115,0.089357,10.153065,1
1214,1.012449,1.000000,0.022450,0.052500,0.068885,0.122257,0.696487,0.092876,10.758634,1
1215,1.011110,1.000000,0.021435,0.052500,0.068885,0.121283,0.683182,0.094503,11.064188,1
1216,1.009108,1.000000,0.019934,0.052500,0.068885,0.119676,0.662570,0.096761,11.526359,1
1217,1.008442,1.000000,0.019367,0.052500,0.068885,0.118354,0.656371,0.097371,11.744070,1
1218,1.007113,1.000000,0.018379,0.052500,0.068885,0.117082,0.641965,0.098702,12.065680,1
1219,1.005788,1.000000,0.017487,0.052500,0.068885,0.116557,0.626341,0.099986,12.310171,1
1220,1.004466,1.000000,0.016531,0.052500,0.068885,0.115182,0.611090,0.101070,12.625172,1
1221,1.003148,1.000000,0.015682,0.052500,0.068885,0.114654,0.594712,0.102062,12.841577,1
1222,1.002490,1.000000,0.015180,0.052500,0.068885,0.113545,0.586956,0.102464,13.035158,1
1223,1.000522,1.000000,0.013959,0.052500,0.068885,0.112666,0.561488,0.103514,13.323834,1
1224,0.999214,1.000000,0.013052,0.052500,0.068885,0.110894,0.544511,0.103972,13.632193,1
1225,0.997910,1.000000,0.012252,0.052500,0.068885,0.109919,0.526812,0.104252,13.826139,1
1226,0.996609,1.000000,0.011473,0.052500,0.068885,0.108913,0.508766,0.104326,14.000369,1
1227,0.995960,1.000000,0.011153,0.052500,0.068885,0.108981,0.499679,0.104283,14.004010,1
1228,0.994017,1.000000,0.010039,0.052500,0.068885,0.107346,0.471878,0.103821,14.209728,1
1229,0.992726,1.000000,0.009331,0.052500,0.068885,0.106276,0.452981,0.103222,14.307158,1
1230,0.991438,1.000000,0.008645,0.052500,0.068885,0.105151,0.433795,0.102377,14.379088,1
1231,0.989513,1.000000,0.007683,0.052500,0.068885,0.103630,0.404765,0.100642,14.398797,1
1232,0.986321,1.000000,0.006271,0.052500,0.068885,0.101638,0.356659,0.096534,14.172974,1
1233,0.983150,1.000000,0.005061,0.052500,0.068885,0.100004,0.309756,0.091003,13.666903,1
1234,0.979999,1.000000,0.004019,0.052500,0.068885,0.098438,0.264638,0.084189,12.927513,1
1235,0.976868,1.000000,0.003144,0.052500,0.068885,0.097022,0.222334,0.076375,11.975170,1
1236,0.973757,1.000000,0.002446,0.052500,0.068885,0.096110,0.184518,0.068109,10.849493,1
1237,0.970665,1.000000,0.001879,0.052500,0.068885,0.095342,0.150851,0.059624,9.635476,1
1238,0.967594,1.000000,0.001430,0.052500,0.068885,0.094776,0.121701,0.051307,8.393948,1
1239,0.964541,1.000000,0.001091,0.052500,0.068885,0.094670,0.097656,0.043664,7.196819,1
1240,0.961508,1.000000,0.000836,0.052500,0.068885,0.094937,0.078139,0.036854,6.095591,1
1241,0.958494,1.000000,0.000639,0.052500,0.068885,0.095343,0.062143,0.030801,5.104623,1
1242,0.955499,1.000000,0.000487,0.052500,0.068885,0.095842,0.049133,0.025506,4.231486,1
1243,0.952522,1.000000,0.000386,0.052500,0.068885,0.097152,0.039797,0.021454,3.533334,1
1244,0.949564,1.000000,0.000311,0.052500,0.068885,0.098716,0.032524,0.018129,2.956795,1
1245,0.946624,1.000000,0.000248,0.052500,0.068885,0.100126,0.026398,0.015198,2.458940,1
1246,0.943702,1.000000,0.000207,0.052500,0.068885,0.102241,0.022154,0.013077,2.084869,1
1247,0.940799,1.000000,0.000172,0.052500,0.068885,0.104260,0.018566,0.011223,1.765499,1
1248,0.932194,1.000000,0.000113,0.052500,0.068885,0.111758,0.012041,0.007664,1.145677,1
1249,0.920963,1.000000,0.000072,0.052500,0.068885,0.122490,0.007497,0.005004,0.699222,1
1250,1.076618,1.000000,0.080782,0.052500,0.071623,0.149309,0.975096,0.016786,1.354175,1
1251,1.069090,1.000000,0.073755,0.052500,0.071623,0.159872,0.952611,0.028270,2.160113,1
1252,1.061665,1.000000,0.066451,0.052500,0.071623,0.151184,0.944319,0.031915,2.614970,1
1253,1.054343,1.000000,0.059628,0.052500,0.071623,0.151511,0.921916,0.041186,3.414166,1
1254,1.050720,1.000000,0.056103,0.052500,0.071623,0.146888,0.915262,0.043656,3.758631,1
1255,1.047122,1.000000,0.052733,0.052500,0.071623,0.144773,0.904027,0.047722,4.197381,1
1256,1.032972,1.000000,0.039980,0.052500,0.071623,0.138211,0.840658,0.067082,6.350862,1
1257,1.026039,1.000000,0.033812,0.052500,0.071623,0.131726,0.803300,0.076108,7.662640,1
1258,1.022607,1.000000,0.030963,0.052500,0.071623,0.130026,0.778724,0.081302,8.348363,1
1259,1.015813,1.000000,0.025382,0.052500,0.071623,0.124631,0.725674,0.090601,9.836188,1
1260,1.013792,1.000000,0.023840,0.052500,0.071623,0.123600,0.706886,0.093336,10.258475,1
1261,1.012449,1.000000,0.022801,0.052500,0.071623,0.122566,0.694349,0.095000,10.557373,1
1262,1.009108,1.000000,0.020290,0.052500,0.071623,0.120033,0.661057,0.098836,11.289779,1
1263,1.005788,1.000000,0.017882,0.052500,0.071623,0.117315,0.625247,0.102048,12.005660,1
1264,1.002490,1.000000,0.015672,0.052500,0.071623,0.115272,0.586263,0.104521,12.596943,1
1265,1.000522,1.000000,0.014332,0.052500,0.071623,0.113280,0.562146,0.105524,12.992499,1
1266,0.999214,1.000000,0.013484,0.052500,0.071623,0.112103,0.545436,0.105990,13.221454,1
1267,0.997910,1.000000,0.012728,0.052500,0.071623,0.111586,0.528215,0.106277,13.353527,1
1268,0.995960,1.000000,0.011564,0.052500,0.071623,0.110079,0.501971,0.106334,13.596648,1
1269,0.992726,1.000000,0.009714,0.052500,0.071623,0.107259,0.456608,0.105363,13.916810,1
1270,0.989513,1.000000,0.008168,0.052500,0.071623,0.105798,0.410847,0.102998,13.882120,1
1271,0.986321,1.000000,0.006665,0.052500,0.071623,0.103153,0.363583,0.099088,13.786309,1
1272,0.983150,1.000000,0.005408,0.052500,0.071623,0.101329,0.317595,0.093795,13.370636,1
1273,0.979999,1.000000,0.004353,0.052500,0.071623,0.099957,0.273811,0.087326,12.700702,1
1274,0.976868,1.000000,0.003444,0.052500,0.071623,0.098559,0.232223,0.079811,11.847913,1
1275,0.973757,1.000000,0.002701,0.052500,0.071623,0.097494,0.194323,0.071698,10.828678,1
1276,0.970665,1.000000,0.002083,0.052500,0.071623,0.096434,0.159857,0.063169,9.706973,1
1277,0.967594,1.000000,0.001614,0.052500,0.071623,0.096043,0.130823,0.055020,8.543033,1
1278,0.964541,1.000000,0.001249,0.052500,0.071623,0.095971,0.106311,0.047361,7.406061,1
1279,0.961508,1.000000,0.000956,0.052500,0.071623,0.095892,0.085317,0.040154,6.323908,1
1280,0.958494,1.000000,0.000734,0.052500,0.071623,0.096116,0.068247,0.033775,5.340407,1
1281,0.955499,1.000000,0.000575,0.052500,0.071623,0.096942,0.055167,0.028514,4.498162,1
1282,0.952522,1.000000,0.000455,0.052500,0.071623,0.098012,0.044760,0.024059,3.777437,1
1283,0.949564,1.000000,0.000360,0.052500,0.071623,0.099139,0.036281,0.020224,3.158738,1
1284,0.943702,1.000000,0.000244,0.052500,0.071623,0.102675,0.025107,0.014814,2.261887,1
1285,0.932194,1.000000,0.000134,0.052500,0.071623,0.111966,0.013806,0.008797,1.262305,1
1286,0.920963,1.000000,0.000084,0.052500,0.071623,0.122166,0.008494,0.005694,0.767295,1
1287,1.371119,1.000000,0.386493,0.052500,0.074361,0.872294,0.928163,0.051211,0.419953,0
1288,1.263469,1.000000,0.268521,0.052500,0.074361,0.437410,0.979964,0.016707,0.321769,0
1289,1.142599,1.000000,0.148939,0.052500,0.074361,0.323980,0.944896,0.034712,1.103655,1
1290,1.139194,1.000000,0.144374,0.052500,0.074361,0.279790,0.963864,0.024641,0.912603,1
1291,1.137499,1.000000,0.145759,0.052500,0.074361,0.362433,0.918107,0.046936,1.345948,1
1292,1.120820,1.000000,0.124751,0.052500,0.074361,0.154875,0.997556,0.002324,0.160647,1
1293,1.119999,1.000000,0.123934,0.052500,0.074361,0.155830,0.997283,0.002556,0.175835,1
1294,1.117542,1.000000,0.121455,0.052500,0.074361,0.140990,0.998699,0.001306,0.099706,1
1295,1.112662,1.000000,0.116696,0.052500,0.074361,0.169870,0.992069,0.006600,0.422061,1
1296,1.111853,1.000000,0.115876,0.052500,0.074361,0.167316,0.992497,0.006281,0.408365,1
1297,1.111045,1.000000,0.115022,0.052500,0.074361,0.157751,0.994768,0.004561,0.314993,1
1298,1.109433,1.000000,0.113433,0.052500,0.074361,0.160499,0.993501,0.005521,0.375816,1
1299,1.107825,1.000000,0.111819,0.052500,0.074361,0.157543,0.993718,0.005350,0.372095,1
1300,1.106221,1.000000,0.110246,0.052500,0.074361,0.160759,0.992106,0.006535,0.446719,1
1301,1.104623,1.000000,0.108671,0.052500,0.074361,0.162125,0.990890,0.007400,0.503051,1
1302,1.103825,1.000000,0.107848,0.052500,0.074361,0.157631,0.992032,0.006575,0.460347,1
1303,1.103029,1.000000,0.107078,0.052500,0.074361,0.160343,0.990710,0.007517,0.518189,1
1304,1.101439,1.000000,0.105519,0.052500,0.074361,0.162111,0.989163,0.008586,0.587106,1
1305,1.099855,1.000000,0.104014,0.052500,0.074361,0.168278,0.985451,0.011064,0.730910,1
1306,1.098274,1.000000,0.102435,0.052500,0.074361,0.166305,0.985215,0.011202,0.750970,1
1307,1.096699,1.000000,0.100868,0.052500,0.074361,0.164955,0.984665,0.011543,0.782394,1
1308,1.095128,1.000000,0.099327,0.052500,0.074361,0.165338,0.983190,0.012470,0.845676,1
1309,1.093561,1.000000,0.097790,0.052500,0.074361,0.165515,0.981721,0.013375,0.908718,1
1310,1.091999,1.000000,0.096264,0.052500,0.074361,0.166012,0.979962,0.014441,0.980997,1
1311,1.090441,1.000000,0.094886,0.052500,0.074361,0.174654,0.972804,0.018647,1.207455,1
1312,1.088887,1.000000,0.093291,0.052500,0.074361,0.170102,0.974004,0.017931,1.195621,1
1313,1.088112,1.000000,0.092598,0.052500,0.074361,0.173336,0.970804,0.019739,1.293430,1
1314,1.087339,1.000000,0.091728,0.052500,0.074361,0.167108,0.974170,0.017810,1.212259,1
1315,1.085794,1.000000,0.090291,0.052500,0.074361,0.170481,0.969795,0.020261,1.355616,1
1316,1.084254,1.000000,0.088887,0.052500,0.074361,0.174407,0.964598,0.023062,1.512573,1
1317,1.082718,1.000000,0.087203,0.052500,0.074361,0.165258,0.969448,0.020395,1.415771,1
1318,1.081187,1.000000,0.085736,0.052500,0.074361,0.165989,0.966630,0.021906,1.518217,1
1319,1.080423,1.000000,0.084996,0.052500,0.074361,0.165949,0.965485,0.022506,1.562406,1
1320,1.078137,1.000000,0.082870,0.052500,0.074361,0.168995,0.959099,0.025798,1.766088,1
1321,1.076618,1.000000,0.081366,0.052500,0.074361,0.167135,0.958029,0.026306,1.826079,1
1322,1.075104,1.000000,0.079895,0.052500,0.074361,0.166293,0.955971,0.027305,1.910373,1
1323,1.073594,1.000000,0.078392,0.052500,0.074361,0.164118,0.955089,0.027706,1.969639,1
1324,1.072841,1.000000,0.077719,0.052500,0.074361,0.165730,0.952018,0.029196,2.058289,1
1325,1.072088,1.000000,0.076935,0.052500,0.074361,0.163410,0.952737,0.028825,2.063846,1
1326,1.070587,1.000000,0.075567,0.052500,0.074361,0.165356,0.947573,0.031267,2.218567,1
1327,1.069090,1.000000,0.074014,0.052500,0.074361,0.161045,0.948673,0.030701,2.243036,1
1328,1.068342,1.000000,0.084410,0.052500,0.074361,0.336955,0.790425,0.083861,2.932401,1
1329,1.067596,1.000000,0.072696,0.052500,0.074361,0.163939,0.942120,0.033714,2.426464,1
1330,1.066851,1.000000,0.082980,0.052500,0.074361,0.333946,0.787860,0.084344,2.984179,1
1331,1.066107,1.000000,0.071151,0.052500,0.074361,0.159715,0.943085,0.033225,2.461348,1
1332,1.065364,1.000000,0.070551,0.052500,0.074361,0.162586,0.938017,0.035498,2.586902,1
1333,1.064623,1.000000,0.069756,0.052500,0.074361,0.159806,0.939231,0.034930,2.593361,1
1334,1.063882,1.000000,0.080146,0.052500,0.074361,0.328030,0.782492,0.085339,3.091022,1
1335,1.063142,1.000000,0.068338,0.052500,0.074361,0.158970,0.936266,0.036201,2.709463,1
1336,1.061665,1.000000,0.067028,0.052500,0.074361,0.160774,0.930008,0.038868,2.884433,1
1337,1.060929,1.000000,0.073227,0.052500,0.074361,0.272265,0.812278,0.077927,3.419603,1
1338,1.060193,1.000000,0.065652,0.052500,0.074361,0.160536,0.925949,0.040529,3.020489,1
1339,1.059458,1.000000,0.075676,0.052500,0.074361,0.316115,0.775898,0.086450,3.276477,1
1340,1.058724,1.000000,0.064370,0.052500,0.074361,0.162272,0.919234,0.043231,3.196236,1
1341,1.057992,1.000000,0.070478,0.052500,0.074361,0.267518,0.805861,0.079330,3.562650,1
1342,1.057260,1.000000,0.062718,0.052500,0.074361,0.155119,0.923610,0.041386,3.209840,1
1343,1.056529,1.000000,0.062025,0.052500,0.074361,0.154669,0.921820,0.042092,3.278567,1
1344,1.055800,1.000000,0.061609,0.052500,0.074361,0.160415,0.911876,0.046026,3.461406,1
1345,1.054343,1.000000,0.060124,0.052500,0.074361,0.157000,0.911273,0.046197,3.559631,1
1346,1.053617,1.000000,0.066402,0.052500,0.074361,0.260409,0.795592,0.081493,3.790980,1
1347,1.052167,1.000000,0.057949,0.052500,0.074361,0.152841,0.908996,0.046978,3.733724,1
1348,1.051443,1.000000,0.057263,0.052500,0.074361,0.152223,0.907128,0.047658,3.808351,1
1349,1.050720,1.000000,0.056619,0.052500,0.074361,0.152435,0.904044,0.048786,3.898423,1
1350,1.049999,1.000000,0.056140,0.052500,0.074361,0.155846,0.896370,0.051571,4.036336,1
1351,1.049278,1.000000,0.055319,0.052500,0.074361,0.152443,0.898285,0.050842,4.073694,1
1352,1.048558,1.000000,0.063601,0.052500,0.074361,0.273945,0.765572,0.087749,3.917870,1
1353,1.047840,1.000000,0.053886,0.052500,0.074361,0.149662,0.896362,0.051468,4.212013,1
1354,1.047122,1.000000,0.053404,0.052500,0.074361,0.152666,0.888888,0.054081,4.344709,1
1355,1.046405,1.000000,0.052772,0.052500,0.074361,0.152737,0.885637,0.055168,4.436074,1
1356,1.045689,1.000000,0.051895,0.052500,0.074361,0.148296,0.889060,0.053947,4.473899,1
1357,1.044975,1.000000,0.051360,0.052500,0.074361,0.150095,0.883110,0.055954,4.591043,1
1358,1.044261,1.000000,0.050574,0.052500,0.074361,0.147303,0.884049,0.055597,4.654580,1
1359,1.043548,1.000000,0.050068,0.052500,0.074361,0.149459,0.877393,0.057792,4.775002,1
1360,1.042836,1.000000,0.049407,0.052500,0.074361,0.148806,0.874962,0.058552,4.865679,1
1361,1.042125,1.000000,0.047403,0.052500,0.074361,0.122400,0.914637,0.044362,4.487903,1
1362,1.041416,1.000000,0.055225,0.052500,0.074361,0.240688,0.761331,0.088016,4.534331,1
1363,1.040707,1.000000,0.047393,0.052500,0.074361,0.146164,0.868415,0.060540,5.142783,1
1364,1.039999,1.000000,0.046796,0.052500,0.074361,0.146434,0.864312,0.061789,5.246402,1
1365,1.039292,1.000000,0.046105,0.052500,0.074361,0.145132,0.862633,0.062269,5.341803,1
1366,1.038586,1.000000,0.045659,0.052500,0.074361,0.147663,0.854816,0.064606,5.454703,1
1367,1.037881,1.000000,0.044807,0.052500,0.074361,0.143788,0.857108,0.063873,5.545667,1
1368,1.037176,1.000000,0.043243,0.052500,0.074361,0.128011,0.879996,0.056579,5.525298,1
1369,1.036473,1.000000,0.043485,0.052500,0.074361,0.141945,0.852155,0.065266,5.755767,1
1370,1.035771,1.000000,0.042927,0.052500,0.074361,0.142532,0.847115,0.066695,5.865520,1
1371,1.035070,1.000000,0.042227,0.052500,0.074361,0.140950,0.845560,0.067097,5.975254,1
1372,1.034369,1.000000,0.041739,0.052500,0.074361,0.142437,0.838895,0.068939,6.083361,1
1373,1.033670,1.000000,0.040994,0.052500,0.074361,0.140141,0.838379,0.069036,6.200144,1
1374,1.032972,1.000000,0.040642,0.052500,0.074361,0.143412,0.828660,0.071640,6.295755,1
1375,1.032274,1.000000,0.039851,0.052500,0.074361,0.140445,0.829065,0.071483,6.423384,1
1376,1.031578,1.000000,0.039271,0.052500,0.074361,0.140386,0.824649,0.072605,6.535742,1
1377,1.030882,1.000000,0.038705,0.052500,0.074361,0.140469,0.819928,0.073783,6.646780,1
1378,1.030187,1.000000,0.038019,0.052500,0.074361,0.138880,0.817882,0.074257,6.775127,1
1379,1.029494,1.000000,0.037313,0.052500,0.074361,0.137014,0.816243,0.074623,6.910567,1
1380,1.028801,1.000000,0.036851,0.052500,0.074361,0.138346,0.809208,0.076325,7.009600,1
1381,1.028109,1.000000,0.036113,0.052500,0.074361,0.136015,0.808176,0.076526,7.158128,1
