tick,S,K,C,r,T,true_iv,true_delta,true_vega,true_gamma,is_liquid
0,100.000000,142.857143,0.000000,0.050000,0.002700,0.250000,0.000000,0.000000,0.000000,0
1,100.000000,142.857143,0.000000,0.050000,0.003090,0.250000,0.000000,0.000000,0.000000,0
2,100.000000,142.857143,0.000000,0.050000,0.003536,0.250000,0.000000,0.000000,0.000000,0
3,100.000000,142.857143,0.000000,0.050000,0.004046,0.250000,0.000000,0.000000,0.000000,0
4,100.000000,142.857143,0.000000,0.050000,0.004630,0.250000,0.000000,0.000000,0.000000,0
5,100.000000,142.857143,0.000000,0.050000,0.005299,0.250000,0.000000,0.000000,0.000000,0
6,100.000000,142.857143,0.000000,0.050000,0.006064,0.250000,0.000000,0.000000,0.000000,0
7,100.000000,142.857143,0.000000,0.050000,0.006939,0.250000,0.000000,0.000000,0.000000,0
8,100.000000,142.857143,0.000000,0.050000,0.007941,0.250000,0.000000,0.000000,0.000000,0
9,100.000000,142.857143,0.000000,0.050000,0.009088,0.250000,0.000000,0.000000,0.000000,0
10,100.000000,142.857143,0.000000,0.050000,0.010399,0.250000,0.000000,0.000000,0.000000,0
11,100.000000,142.857143,0.000000,0.050000,0.011901,0.250000,0.000000,0.000000,0.000000,0
12,100.000000,142.857143,0.000000,0.050000,0.013619,0.250000,0.000000,0.000000,0.000000,0
13,100.000000,142.857143,0.000000,0.050000,0.015585,0.250000,0.000000,0.000000,0.000000,0
14,100.000000,142.857143,0.000000,0.050000,0.017835,0.250000,0.000000,0.000000,0.000000,0
15,100.000000,142.857143,0.000000,0.050000,0.020410,0.250000,0.000000,0.000000,0.000000,0
16,100.000000,142.857143,0.000000,0.050000,0.023356,0.250000,0.000000,0.000000,0.000000,0
17,100.000000,142.857143,0.000000,0.050000,0.026728,0.250000,0.000000,0.000000,0.000000,0
18,100.000000,142.857143,0.000000,0.050000,0.030586,0.250000,0.000000,0.000000,0.000000,0
19,100.000000,142.857143,0.000000,0.050000,0.035002,0.250000,0.000000,0.000000,0.000000,0
20,100.000000,142.857143,0.000000,0.050000,0.040055,0.250000,0.000000,0.000000,0.000000,0
21,100.000000,142.857143,0.000000,0.050000,0.045837,0.250000,0.000000,0.000000,0.000000,0
22,100.000000,142.857143,0.000000,0.050000,0.052455,0.250000,0.000000,0.000000,0.000000,0
23,100.000000,142.857143,0.000000,0.050000,0.060027,0.250000,0.000000,0.000001,0.000000,0
24,100.000000,142.857143,0.000000,0.050000,0.068693,0.250000,0.000000,0.000006,0.000000,0
25,100.000000,142.857143,0.000000,0.050000,0.078610,0.250000,0.000000,0.000042,0.000000,0
26,100.000000,142.857143,0.000002,0.050000,0.089959,0.250000,0.000002,0.000231,0.000001,0
27,100.000000,142.857143,0.000012,0.050000,0.102946,0.250000,0.000007,0.001030,0.000004,0
28,100.000000,142.857143,0.000049,0.050000,0.117808,0.250000,0.000026,0.003831,0.000013,0
29,100.000000,142.857143,0.000177,0.050000,0.134815,0.250000,0.000083,0.012176,0.000036,0
30,100.000000,142.857143,0.000551,0.050000,0.154277,0.250000,0.000229,0.033724,0.000087,0
31,100.000000,142.857143,0.001521,0.050000,0.176550,0.250000,0.000559,0.082820,0.000188,0
32,100.000000,142.857143,0.003776,0.050000,0.202037,0.250000,0.001231,0.183089,0.000362,0
33,100.000000,142.857143,0.008536,0.050000,0.231204,0.250000,0.002471,0.369200,0.000639,0
34,100.000000,142.857143,0.017772,0.050000,0.264582,0.250000,0.004574,0.686985,0.001039,0
35,100.000000,142.857143,0.034426,0.050000,0.302779,0.250000,0.007890,1.191511,0.001574,0
36,100.000000,142.857143,0.062592,0.050000,0.346489,0.250000,0.012793,1.943284,0.002243,0
37,100.000000,142.857143,0.107630,0.050000,0.396510,0.250000,0.019648,3.003293,0.003030,0
38,100.000000,142.857143,0.176212,0.050000,0.453753,0.250000,0.028778,4.427842,0.003903,0
39,100.000000,142.857143,0.276289,0.050000,0.519259,0.250000,0.040432,6.264072,0.004825,0
40,100.000000,142.857143,0.416997,0.050000,0.594222,0.250000,0.054770,8.546773,0.005753,0
41,100.000000,142.857143,0.608528,0.050000,0.680006,0.250000,0.071855,11.296730,0.006645,0
42,100.000000,142.857143,0.861989,0.050000,0.778176,0.250000,0.091658,14.520501,0.007464,0
43,100.000000,142.857143,1.189269,0.050000,0.890517,0.250000,0.114070,18.211305,0.008180,0
44,100.000000,142.857143,1.602927,0.050000,1.019077,0.250000,0.138917,22.350601,0.008773,0
45,100.000000,142.857143,2.116116,0.050000,1.166196,0.250000,0.165982,26.909935,0.009230,0
46,100.000000,142.857143,2.742530,0.050000,1.334554,0.250000,0.195020,31.852714,0.009547,0
47,100.000000,142.857143,3.496389,0.050000,1.527217,0.250000,0.225775,37.135648,0.009726,0
48,100.000000,142.857143,4.392433,0.050000,1.747694,0.250000,0.257993,42.709728,0.009775,0
49,100.000000,142.857143,5.445925,0.050000,2.000000,0.250000,0.291431,48.520656,0.009704,0
50,100.000000,139.742873,0.000000,0.050000,0.002700,0.250000,0.000000,0.000000,0.000000,0
51,100.000000,139.742873,0.000000,0.050000,0.003090,0.250000,0.000000,0.000000,0.000000,0
52,100.000000,139.742873,0.000000,0.050000,0.003536,0.250000,0.000000,0.000000,0.000000,0
53,100.000000,139.742873,0.000000,0.050000,0.004046,0.250000,0.000000,0.000000,0.000000,0
54,100.000000,139.742873,0.000000,0.050000,0.004630,0.250000,0.000000,0.000000,0.000000,0
55,100.000000,139.742873,0.000000,0.050000,0.005299,0.250000,0.000000,0.000000,0.000000,0
56,100.000000,139.742873,0.000000,0.050000,0.006064,0.250000,0.000000,0.000000,0.000000,0
57,100.000000,139.742873,0.000000,0.050000,0.006939,0.250000,0.000000,0.000000,0.000000,0
58,100.000000,139.742873,0.000000,0.050000,0.007941,0.250000,0.000000,0.000000,0.000000,0
59,100.000000,139.742873,0.000000,0.050000,0.009088,0.250000,0.000000,0.000000,0.000000,0
60,100.000000,139.742873,0.000000,0.050000,0.010399,0.250000,0.000000,0.000000,0.000000,0
61,100.000000,139.742873,0.000000,0.050000,0.011901,0.250000,0.000000,0.000000,0.000000,0
62,100.000000,139.742873,0.000000,0.050000,0.013619,0.250000,0.000000,0.000000,0.000000,0
63,100.000000,139.742873,0.000000,0.050000,0.015585,0.250000,0.000000,0.000000,0.000000,0
64,100.000000,139.742873,0.000000,0.050000,0.017835,0.250000,0.000000,0.000000,0.000000,0
65,100.000000,139.742873,0.000000,0.050000,0.020410,0.250000,0.000000,0.000000,0.000000,0
66,100.000000,139.742873,0.000000,0.050000,0.023356,0.250000,0.000000,0.000000,0.000000,0
67,100.000000,139.742873,0.000000,0.050000,0.026728,0.250000,0.000000,0.000000,0.000000,0
68,100.000000,139.742873,0.000000,0.050000,0.030586,0.250000,0.000000,0.000000,0.000000,0
69,100.000000,139.742873,0.000000,0.050000,0.035002,0.250000,0.000000,0.000000,0.000000,0
70,100.000000,139.742873,0.000000,0.050000,0.040055,0.250000,0.000000,0.000000,0.000000,0
71,100.000000,139.742873,0.000000,0.050000,0.045837,0.250000,0.000000,0.000000,0.000000,0
72,100.000000,139.742873,0.000000,0.050000,0.052455,0.250000,0.000000,0.000001,0.000000,0
73,100.000000,139.742873,0.000000,0.050000,0.060027,0.250000,0.000000,0.000005,0.000000,0
74,100.000000,139.742873,0.000000,0.050000,0.068693,0.250000,0.000000,0.000035,0.000000,0
75,100.000000,139.742873,0.000002,0.050000,0.078610,0.250000,0.000001,0.000193,0.000001,0
76,100.000000,139.742873,0.000010,0.050000,0.089959,0.250000,0.000006,0.000871,0.000004,0
77,100.000000,139.742873,0.000042,0.050000,0.102946,0.250000,0.000024,0.003270,0.000013,0
78,100.000000,139.742873,0.000151,0.050000,0.117808,0.250000,0.000076,0.010477,0.000036,0
79,100.000000,139.742873,0.000473,0.050000,0.134815,0.250000,0.000211,0.029224,0.000087,0
80,100.000000,139.742873,0.001315,0.050000,0.154277,0.250000,0.000519,0.072218,0.000187,0
81,100.000000,139.742873,0.003281,0.050000,0.176550,0.250000,0.001148,0.160527,0.000364,0
82,100.000000,139.742873,0.007450,0.050000,0.202037,0.250000,0.002314,0.325272,0.000644,0
83,100.000000,139.742873,0.015573,0.050000,0.231204,0.250000,0.004301,0.607840,0.001052,0
84,100.000000,139.742873,0.030271,0.050000,0.264582,0.250000,0.007444,1.058253,0.001600,0
85,100.000000,139.742873,0.055203,0.050000,0.302779,0.250000,0.012106,1.731805,0.002288,0
86,100.000000,139.742873,0.095171,0.050000,0.346489,0.250000,0.018641,2.684602,0.003099,0
87,100.000000,139.742873,0.156166,0.050000,0.396510,0.250000,0.027362,3.968869,0.004004,0
88,100.000000,139.742873,0.245336,0.050000,0.453753,0.250000,0.038515,5.628829,0.004962,0
89,100.000000,139.742873,0.370903,0.050000,0.519259,0.250000,0.052258,7.697761,0.005930,0
90,100.000000,139.742873,0.542048,0.050000,0.594222,0.250000,0.068653,10.196434,0.006864,0
91,100.000000,139.742873,0.768781,0.050000,0.680006,0.250000,0.087677,13.132878,0.007725,0
92,100.000000,139.742873,1.061819,0.050000,0.778176,0.250000,0.109223,16.503178,0.008483,0
93,100.000000,139.742873,1.432486,0.050000,0.890517,0.250000,0.133125,20.292936,0.009115,0
94,100.000000,139.742873,1.892647,0.050000,1.019077,0.250000,0.159173,24.478990,0.009608,0
95,100.000000,139.742873,2.454668,0.050000,1.166196,0.250000,0.187129,29.031102,0.009958,0
96,100.000000,139.742873,3.131407,0.050000,1.334554,0.250000,0.216747,33.913343,0.010165,0
97,100.000000,139.742873,3.936225,0.050000,1.527217,0.250000,0.247781,39.085072,0.010237,0
98,100.000000,139.742873,4.883008,0.050000,1.747694,0.250000,0.279996,44.501409,0.010185,0
99,100.000000,139.742873,5.986182,0.050000,2.000000,0.250000,0.313176,50.113222,0.010023,0
100,100.000000,136.780194,0.000000,0.050000,0.002700,0.250000,0.000000,0.000000,0.000000,0
101,100.000000,136.780194,0.000000,0.050000,0.003090,0.250000,0.000000,0.000000,0.000000,0
102,100.000000,136.780194,0.000000,0.050000,0.003536,0.250000,0.000000,0.000000,0.000000,0
103,100.000000,136.780194,0.000000,0.050000,0.004046,0.250000,0.000000,0.000000,0.000000,0
104,100.000000,136.780194,0.000000,0.050000,0.004630,0.250000,0.000000,0.000000,0.000000,0
105,100.000000,136.780194,0.000000,0.050000,0.005299,0.250000,0.000000,0.000000,0.000000,0
106,100.000000,136.780194,0.000000,0.050000,0.006064,0.250000,0.000000,0.000000,0.000000,0
107,100.000000,136.780194,0.000000,0.050000,0.006939,0.250000,0.000000,0.000000,0.000000,0
108,100.000000,136.780194,0.000000,0.050000,0.007941,0.250000,0.000000,0.000000,0.000000,0
109,100.000000,136.780194,0.000000,0.050000,0.009088,0.250000,0.000000,0.000000,0.000000,0
110,100.000000,136.780194,0.000000,0.050000,0.010399,0.250000,0.000000,0.000000,0.000000,0
111,100.000000,136.780194,0.000000,0.050000,0.011901,0.250000,0.000000,0.000000,0.000000,0
112,100.000000,136.780194,0.000000,0.050000,0.013619,0.250000,0.000000,0.000000,0.000000,0
113,100.000000,136.780194,0.000000,0.050000,0.015585,0.250000,0.000000,0.000000,0.000000,0
114,100.000000,136.780194,0.000000,0.050000,0.017835,0.250000,0.000000,0.000000,0.000000,0
115,100.000000,136.780194,0.000000,0.050000,0.020410,0.250000,0.000000,0.000000,0.000000,0
116,100.000000,136.780194,0.000000,0.050000,0.023356,0.250000,0.000000,0.000000,0.000000,0
117,100.000000,136.780194,0.000000,0.050000,0.026728,0.250000,0.000000,0.000000,0.000000,0
118,100.000000,136.780194,0.000000,0.050000,0.030586,0.250000,0.000000,0.000000,0.000000,0
119,100.000000,136.780194,0.000000,0.050000,0.035002,0.250000,0.000000,0.000000,0.000000,0
120,100.000000,136.780194,0.000000,0.050000,0.040055,0.250000,0.000000,0.000000,0.000000,0
121,100.000000,136.780194,0.000000,0.050000,0.045837,0.250000,0.000000,0.000000,0.000000,0
122,100.000000,136.780194,0.000000,0.050000,0.052455,0.250000,0.000000,0.000004,0.000000,0
123,100.000000,136.780194,0.000000,0.050000,0.060027,0.250000,0.000000,0.000031,0.000000,0
124,100.000000,136.780194,0.000002,0.050000,0.068693,0.250000,0.000001,0.000171,0.000001,0
125,100.000000,136.780194,0.000009,0.050000,0.078610,0.250000,0.000006,0.000773,0.000004,0
126,100.000000,136.780194,0.000037,0.050000,0.089959,0.250000,0.000023,0.002911,0.000013,0
127,100.000000,136.780194,0.000134,0.050000,0.102946,0.250000,0.000072,0.009353,0.000036,0
128,100.000000,136.780194,0.000422,0.050000,0.117808,0.250000,0.000201,0.026155,0.000089,0
129,100.000000,136.780194,0.001174,0.050000,0.134815,0.250000,0.000496,0.064777,0.000192,0
130,100.000000,136.780194,0.002934,0.050000,0.154277,0.250000,0.001099,0.144272,0.000374,0
131,100.000000,136.780194,0.006672,0.050000,0.176550,0.250000,0.002220,0.292851,0.000663,0
132,100.000000,136.780194,0.013965,0.050000,0.202037,0.250000,0.004131,0.548125,0.001085,0
133,100.000000,136.780194,0.027173,0.050000,0.231204,0.250000,0.007158,0.955665,0.001653,0
134,100.000000,136.780194,0.049597,0.050000,0.264582,0.250000,0.011651,1.565988,0.002367,0
135,100.000000,136.780194,0.085570,0.050000,0.302779,0.250000,0.017954,2.430527,0.003211,0
136,100.000000,136.780194,0.140497,0.050000,0.346489,0.250000,0.026370,3.597373,0.004153,0
137,100.000000,136.780194,0.220829,0.050000,0.396510,0.250000,0.037136,5.107533,0.005152,0
138,100.000000,136.780194,0.333985,0.050000,0.453753,0.250000,0.050406,6.992250,0.006164,0
139,100.000000,136.780194,0.488246,0.050000,0.519259,0.250000,0.066240,9.271576,0.007142,0
140,100.000000,136.780194,0.692637,0.050000,0.594222,0.250000,0.084612,11.954170,0.008047,0
141,100.000000,136.780194,0.956817,0.050000,0.680006,0.250000,0.105420,15.038039,0.008846,0
142,100.000000,136.780194,1.290987,0.050000,0.778176,0.250000,0.128501,18.511896,0.009516,0
143,100.000000,136.780194,1.705836,0.050000,0.890517,0.250000,0.153649,22.356768,0.010042,0
144,100.000000,136.780194,2.212505,0.050000,1.019077,0.250000,0.180634,26.547576,0.010420,0
145,100.000000,136.780194,2.822590,0.050000,1.166196,0.250000,0.209214,31.054468,0.010652,0
146,100.000000,136.780194,3.548160,0.050000,1.334554,0.250000,0.239153,35.843765,0.010743,0
147,100.000000,136.780194,4.401791,0.050000,1.527217,0.250000,0.270226,40.878465,0.010707,0
148,100.000000,136.780194,5.396607,0.050000,1.747694,0.250000,0.302223,46.118296,0.010555,0
149,100.000000,136.780194,6.546300,0.050000,2.000000,0.250000,0.334960,51.519337,0.010304,0
150,100.000000,133.922593,0.000000,0.050000,0.002700,0.250000,0.000000,0.000000,0.000000,0
151,100.000000,133.922593,0.000000,0.050000,0.003090,0.250000,0.000000,0.000000,0.000000,0
152,100.000000,133.922593,0.000000,0.050000,0.003536,0.250000,0.000000,0.000000,0.000000,0
153,100.000000,133.922593,0.000000,0.050000,0.004046,0.250000,0.000000,0.000000,0.000000,0
154,100.000000,133.922593,0.000000,0.050000,0.004630,0.250000,0.000000,0.000000,0.000000,0
155,100.000000,133.922593,0.000000,0.050000,0.005299,0.250000,0.000000,0.000000,0.000000,0
156,100.000000,133.922593,0.000000,0.050000,0.006064,0.250000,0.000000,0.000000,0.000000,0
157,100.000000,133.922593,0.000000,0.050000,0.006939,0.250000,0.000000,0.000000,0.000000,0
158,100.000000,133.922593,0.000000,0.050000,0.007941,0.250000,0.000000,0.000000,0.000000,0
159,100.000000,133.922593,0.000000,0.050000,0.009088,0.250000,0.000000,0.000000,0.000000,0
160,100.000000,133.922593,0.000000,0.050000,0.010399,0.250000,0.000000,0.000000,0.000000,0
161,100.000000,133.922593,0.000000,0.050000,0.011901,0.250000,0.000000,0.000000,0.000000,0
162,100.000000,133.922593,0.000000,0.050000,0.013619,0.250000,0.000000,0.000000,0.000000,0
163,100.000000,133.922593,0.000000,0.050000,0.015585,0.250000,0.000000,0.000000,0.000000,0
164,100.000000,133.922593,0.000000,0.050000,0.017835,0.250000,0.000000,0.000000,0.000000,0
165,100.000000,133.922593,0.000000,0.050000,0.020410,0.250000,0.000000,0.000000,0.000000,0
166,100.000000,133.922593,0.000000,0.050000,0.023356,0.250000,0.000000,0.000000,0.000000,0
167,100.000000,133.922593,0.000000,0.050000,0.026728,0.250000,0.000000,0.000000,0.000000,0
168,100.000000,133.922593,0.000000,0.050000,0.030586,0.250000,0.000000,0.000000,0.000000,0
169,100.000000,133.922593,0.000000,0.050000,0.035002,0.250000,0.000000,0.000000,0.000000,0
170,100.000000,133.922593,0.000000,0.050000,0.040055,0.250000,0.000000,0.000000,0.000000,0
171,100.000000,133.922593,0.000000,0.050000,0.045837,0.250000,0.000000,0.000004,0.000000,0
172,100.000000,133.922593,0.000000,0.050000,0.052455,0.250000,0.000000,0.000030,0.000000,0
173,100.000000,133.922593,0.000002,0.050000,0.060027,0.250000,0.000001,0.000164,0.000001,0
174,100.000000,133.922593,0.000008,0.050000,0.068693,0.250000,0.000006,0.000737,0.000004,0
175,100.000000,133.922593,0.000035,0.050000,0.078610,0.250000,0.000023,0.002760,0.000014,0
176,100.000000,133.922593,0.000127,0.050000,0.089959,0.250000,0.000073,0.008824,0.000039,0
177,100.000000,133.922593,0.000397,0.050000,0.102946,0.250000,0.000202,0.024567,0.000095,0
178,100.000000,133.922593,0.001100,0.050000,0.117808,0.250000,0.000497,0.060609,0.000206,0
179,100.000000,133.922593,0.002740,0.050000,0.134815,0.250000,0.001097,0.134539,0.000399,0
180,100.000000,133.922593,0.006209,0.050000,0.154277,0.250000,0.002207,0.272310,0.000706,0
181,100.000000,133.922593,0.012958,0.050000,0.176550,0.250000,0.004096,0.508419,0.001152,0
182,100.000000,133.922593,0.025149,0.050000,0.202037,0.250000,0.007078,0.884562,0.001751,0
183,100.000000,133.922593,0.045795,0.050000,0.231204,0.250000,0.011495,1.446872,0.002503,0
184,100.000000,133.922593,0.078845,0.050000,0.264582,0.250000,0.017678,2.242259,0.003390,0
185,100.000000,133.922593,0.129210,0.050000,0.302779,0.250000,0.025918,3.314569,0.004379,0
186,100.000000,133.922593,0.202742,0.050000,0.346489,0.250000,0.036441,4.701236,0.005427,0
187,100.000000,133.922593,0.306153,0.050000,0.396510,0.250000,0.049388,6.430899,0.006487,0
188,100.000000,133.922593,0.446924,0.050000,0.453753,0.250000,0.064816,8.522181,0.007513,0
189,100.000000,133.922593,0.633194,0.050000,0.519259,0.250000,0.082691,10.983551,0.008461,0
190,100.000000,133.922593,0.873659,0.050000,0.594222,0.250000,0.102910,13.814061,0.009299,0
191,100.000000,133.922593,1.177495,0.050000,0.680006,0.250000,0.125310,17.004613,0.010003,0
192,100.000000,133.922593,1.554307,0.050000,0.778176,0.250000,0.149689,20.539468,0.010558,0
193,100.000000,133.922593,2.014105,0.050000,0.890517,0.250000,0.175820,24.397718,0.010959,0
194,100.000000,133.922593,2.567308,0.050000,1.019077,0.250000,0.203469,28.554530,0.011208,0
195,100.000000,133.922593,3.224778,0.050000,1.166196,0.250000,0.232406,32.982055,0.011313,0
196,100.000000,133.922593,3.997853,0.050000,1.334554,0.250000,0.262413,37.649925,0.011285,0
197,100.000000,133.922593,4.898404,0.050000,1.527217,0.250000,0.293292,42.525349,0.011138,0
198,100.000000,133.922593,5.938878,0.050000,1.747694,0.250000,0.324866,47.572815,0.010888,0
199,100.000000,133.922593,7.132324,0.050000,2.000000,0.250000,0.356981,52.753447,0.010551,0
200,100.000000,131.199160,0.000000,0.050000,0.002700,0.250000,0.000000,0.000000,0.000000,0
201,100.000000,131.199160,0.000000,0.050000,0.003090,0.250000,0.000000,0.000000,0.000000,0
202,100.000000,131.199160,0.000000,0.050000,0.003536,0.250000,0.000000,0.000000,0.000000,0
203,100.000000,131.199160,0.000000,0.050000,0.004046,0.250000,0.000000,0.000000,0.000000,0
204,100.000000,131.199160,0.000000,0.050000,0.004630,0.250000,0.000000,0.000000,0.000000,0
205,100.000000,131.199160,0.000000,0.050000,0.005299,0.250000,0.000000,0.000000,0.000000,0
206,100.000000,131.199160,0.000000,0.050000,0.006064,0.250000,0.000000,0.000000,0.000000,0
207,100.000000,131.199160,0.000000,0.050000,0.006939,0.250000,0.000000,0.000000,0.000000,0
208,100.000000,131.199160,0.000000,0.050000,0.007941,0.250000,0.000000,0.000000,0.000000,0
209,100.000000,131.199160,0.000000,0.050000,0.009088,0.250000,0.000000,0.000000,0.000000,0
210,100.000000,131.199160,0.000000,0.050000,0.010399,0.250000,0.000000,0.000000,0.000000,0
211,100.000000,131.199160,0.000000,0.050000,0.011901,0.250000,0.000000,0.000000,0.000000,0
212,100.000000,131.199160,0.000000,0.050000,0.013619,0.250000,0.000000,0.000000,0.000000,0
213,100.000000,131.199160,0.000000,0.050000,0.015585,0.250000,0.000000,0.000000,0.000000,0
214,100.000000,131.199160,0.000000,0.050000,0.017835,0.250000,0.000000,0.000000,0.000000,0
215,100.000000,131.199160,0.000000,0.050000,0.020410,0.250000,0.000000,0.000000,0.000000,0
216,100.000000,131.199160,0.000000,0.050000,0.023356,0.250000,0.000000,0.000000,0.000000,0
217,100.000000,131.199160,0.000000,0.050000,0.026728,0.250000,0.000000,0.000000,0.000000,0
218,100.000000,131.199160,0.000000,0.050000,0.030586,0.250000,0.000000,0.000000,0.000000,0
219,100.000000,131.199160,0.000000,0.050000,0.035002,0.250000,0.000000,0.000001,0.000000,0
220,100.000000,131.199160,0.000000,0.050000,0.040055,0.250000,0.000000,0.000005,0.000000,0
221,100.000000,131.199160,0.000000,0.050000,0.045837,0.250000,0.000000,0.000031,0.000000,0
222,100.000000,131.199160,0.000002,0.050000,0.052455,0.250000,0.000002,0.000169,0.000001,0
223,100.000000,131.199160,0.000009,0.050000,0.060027,0.250000,0.000007,0.000748,0.000005,0
224,100.000000,131.199160,0.000035,0.050000,0.068693,0.250000,0.000025,0.002765,0.000016,0
225,100.000000,131.199160,0.000126,0.050000,0.078610,0.250000,0.000077,0.008733,0.000044,0
226,100.000000,131.199160,0.000392,0.050000,0.089959,0.250000,0.000213,0.024061,0.000107,0
227,100.000000,131.199160,0.001075,0.050000,0.102946,0.250000,0.000517,0.058826,0.000229,0
228,100.000000,131.199160,0.002656,0.050000,0.117808,0.250000,0.001133,0.129556,0.000440,0
229,100.000000,131.199160,0.005975,0.050000,0.134815,0.250000,0.002263,0.260428,0.000773,0
230,100.000000,131.199160,0.012388,0.050000,0.154277,0.250000,0.004173,0.483340,0.001253,0
231,100.000000,131.199160,0.023904,0.050000,0.176550,0.250000,0.007173,0.836588,0.001895,0
232,100.000000,131.199160,0.043307,0.050000,0.202037,0.250000,0.011591,1.362289,0.002697,0
233,100.000000,131.199160,0.074224,0.050000,0.231204,0.250000,0.017747,2.103046,0.003638,0
234,100.000000,131.199160,0.121148,0.050000,0.264582,0.250000,0.025918,3.098500,0.004684,0
235,100.000000,131.199160,0.189407,0.050000,0.302779,0.250000,0.036316,4.382373,0.005790,0
236,100.000000,131.199160,0.285093,0.050000,0.346489,0.250000,0.049068,5.980408,0.006904,0
237,100.000000,131.199160,0.414973,0.050000,0.396510,0.250000,0.064218,7.909369,0.007979,0
238,100.000000,131.199160,0.586389,0.050000,0.453753,0.250000,0.081726,10.177008,0.008971,0
239,100.000000,131.199160,0.807167,0.050000,0.519259,0.250000,0.101483,12.782809,0.009847,0
240,100.000000,131.199160,1.085550,0.050000,0.594222,0.250000,0.123324,15.719190,0.010581,0
241,100.000000,131.199160,1.430153,0.050000,0.680006,0.250000,0.147047,18.972909,0.011160,0
242,100.000000,131.199160,1.849951,0.050000,0.778176,0.250000,0.172430,22.526426,0.011579,0
243,100.000000,131.199160,2.354283,0.050000,0.890517,0.250000,0.199244,26.359056,0.011840,0
244,100.000000,131.199160,2.952891,0.050000,1.019077,0.250000,0.227265,30.447808,0.011951,0
245,100.000000,131.199160,3.655965,0.050000,1.166196,0.250000,0.256284,34.767873,0.011925,0
246,100.000000,131.199160,4.474199,0.050000,1.334554,0.250000,0.286110,39.292733,0.011777,0
247,100.000000,131.199160,5.418850,0.050000,1.527217,0.250000,0.316577,43.993932,0.011523,0
248,100.000000,131.199160,6.501782,0.050000,1.747694,0.250000,0.347541,48.840522,0.011178,0
249,100.000000,131.199160,7.735501,0.050000,2.000000,0.250000,0.378878,53.798246,0.010760,0
250,100.000000,128.567755,0.000000,0.050000,0.002700,0.250000,0.000000,0.000000,0.000000,0
251,100.000000,128.567755,0.000000,0.050000,0.003090,0.250000,0.000000,0.000000,0.000000,0
252,100.000000,128.567755,0.000000,0.050000,0.003536,0.250000,0.000000,0.000000,0.000000,0
253,100.000000,128.567755,0.000000,0.050000,0.004046,0.250000,0.000000,0.000000,0.000000,0
254,100.000000,128.567755,0.000000,0.050000,0.004630,0.250000,0.000000,0.000000,0.000000,0
255,100.000000,128.567755,0.000000,0.050000,0.005299,0.250000,0.000000,0.000000,0.000000,0
256,100.000000,128.567755,0.000000,0.050000,0.006064,0.250000,0.000000,0.000000,0.000000,0
257,100.000000,128.567755,0.000000,0.050000,0.006939,0.250000,0.000000,0.000000,0.000000,0
258,100.000000,128.567755,0.000000,0.050000,0.007941,0.250000,0.000000,0.000000,0.000000,0
259,100.000000,128.567755,0.000000,0.050000,0.009088,0.250000,0.000000,0.000000,0.000000,0
260,100.000000,128.567755,0.000000,0.050000,0.010399,0.250000,0.000000,0.000000,0.000000,0
261,100.000000,128.567755,0.000000,0.050000,0.011901,0.250000,0.000000,0.000000,0.000000,0
262,100.000000,128.567755,0.000000,0.050000,0.013619,0.250000,0.000000,0.000000,0.000000,0
263,100.000000,128.567755,0.000000,0.050000,0.015585,0.250000,0.000000,0.000000,0.000000,0
264,100.000000,128.567755,0.000000,0.050000,0.017835,0.250000,0.000000,0.000000,0.000000,0
265,100.000000,128.567755,0.000000,0.050000,0.020410,0.250000,0.000000,0.000000,0.000000,0
266,100.000000,128.567755,0.000000,0.050000,0.023356,0.250000,0.000000,0.000000,0.000000,0
267,100.000000,128.567755,0.000000,0.050000,0.026728,0.250000,0.000000,0.000000,0.000000,0
268,100.000000,128.567755,0.000000,0.050000,0.030586,0.250000,0.000000,0.000001,0.000000,0
269,100.000000,128.567755,0.000000,0.050000,0.035002,0.250000,0.000000,0.000006,0.000000,0
270,100.000000,128.567755,0.000000,0.050000,0.040055,0.250000,0.000000,0.000037,0.000000,0
271,100.000000,128.567755,0.000002,0.050000,0.045837,0.250000,0.000002,0.000193,0.000002,0
272,100.000000,128.567755,0.000010,0.050000,0.052455,0.250000,0.000008,0.000830,0.000006,0
273,100.000000,128.567755,0.000039,0.050000,0.060027,0.250000,0.000029,0.002991,0.000020,0
274,100.000000,128.567755,0.000136,0.050000,0.068693,0.250000,0.000088,0.009246,0.000054,0
275,100.000000,128.567755,0.000413,0.050000,0.078610,0.250000,0.000238,0.024998,0.000127,0
276,100.000000,128.567755,0.001115,0.050000,0.089959,0.250000,0.000569,0.060117,0.000267,0
277,100.000000,128.567755,0.002714,0.050000,0.102946,0.250000,0.001229,0.130507,0.000507,0
278,100.000000,128.567755,0.006026,0.050000,0.117808,0.250000,0.002424,0.259071,0.000880,0
279,100.000000,128.567755,0.012349,0.050000,0.134815,0.250000,0.004420,0.475597,0.001411,0
280,100.000000,128.567755,0.023587,0.050000,0.154277,0.250000,0.007521,0.815392,0.002114,0
281,100.000000,128.567755,0.042347,0.050000,0.176550,0.250000,0.012047,1.316834,0.002983,0
282,100.000000,128.567755,0.072001,0.050000,0.202037,0.250000,0.018303,2.018324,0.003996,0
283,100.000000,128.567755,0.116687,0.050000,0.231204,0.250000,0.026549,2.955224,0.005113,0
284,100.000000,128.567755,0.181284,0.050000,0.264582,0.250000,0.036974,4.157306,0.006285,0
285,100.000000,128.567755,0.271337,0.050000,0.302779,0.250000,0.049691,5.647055,0.007460,0
286,100.000000,128.567755,0.392971,0.050000,0.346489,0.250000,0.064724,7.438913,0.008588,0
287,100.000000,128.567755,0.552807,0.050000,0.396510,0.250000,0.082022,9.539395,0.009623,0
288,100.000000,128.567755,0.757875,0.050000,0.453753,0.250000,0.101465,11.947854,0.010532,0
289,100.000000,128.567755,1.015563,0.050000,0.519259,0.250000,0.122885,14.657638,0.011291,0
290,100.000000,128.567755,1.333577,0.050000,0.594222,0.250000,0.146079,17.657393,0.011886,0
291,100.000000,128.567755,1.719931,0.050000,0.680006,0.250000,0.170826,20.932304,0.012313,0
292,100.000000,128.567755,2.182969,0.050000,0.778176,0.250000,0.196902,24.465144,0.012576,0
293,100.000000,128.567755,2.731395,0.050000,0.890517,0.250000,0.224092,28.237030,0.012683,0
294,100.000000,128.567755,3.374327,0.050000,1.019077,0.250000,0.252193,32.227868,0.012650,0
295,100.000000,128.567755,4.121359,0.050000,1.166196,0.250000,0.281025,36.416462,0.012491,0
296,100.000000,128.567755,4.982621,0.050000,1.334554,0.250000,0.310430,40.780325,0.012223,0
297,100.000000,128.567755,5.968841,0.050000,1.527217,0.250000,0.340275,45.295211,0.011863,0
298,100.000000,128.567755,7.091391,0.050000,1.747694,0.250000,0.370448,49.934389,0.011429,0
299,100.000000,128.567755,8.362311,0.050000,2.000000,0.250000,0.400859,54.667727,0.010934,0
300,100.000000,126.055717,0.000000,0.050000,0.002700,0.250000,0.000000,0.000000,0.000000,0
301,100.000000,126.055717,0.000000,0.050000,0.003090,0.250000,0.000000,0.000000,0.000000,0
302,100.000000,126.055717,0.000000,0.050000,0.003536,0.250000,0.000000,0.000000,0.000000,0
303,100.000000,126.055717,0.000000,0.050000,0.004046,0.250000,0.000000,0.000000,0.000000,0
304,100.000000,126.055717,0.000000,0.050000,0.004630,0.250000,0.000000,0.000000,0.000000,0
305,100.000000,126.055717,0.000000,0.050000,0.005299,0.250000,0.000000,0.000000,0.000000,0
306,100.000000,126.055717,0.000000,0.050000,0.006064,0.250000,0.000000,0.000000,0.000000,0
307,100.000000,126.055717,0.000000,0.050000,0.006939,0.250000,0.000000,0.000000,0.000000,0
308,100.000000,126.055717,0.000000,0.050000,0.007941,0.250000,0.000000,0.000000,0.000000,0
309,100.000000,126.055717,0.000000,0.050000,0.009088,0.250000,0.000000,0.000000,0.000000,0
310,100.000000,126.055717,0.000000,0.050000,0.010399,0.250000,0.000000,0.000000,0.000000,0
311,100.000000,126.055717,0.000000,0.050000,0.011901,0.250000,0.000000,0.000000,0.000000,0
312,100.000000,126.055717,0.000000,0.050000,0.013619,0.250000,0.000000,0.000000,0.000000,0
313,100.000000,126.055717,0.000000,0.050000,0.015585,0.250000,0.000000,0.000000,0.000000,0
314,100.000000,126.055717,0.000000,0.050000,0.017835,0.250000,0.000000,0.000000,0.000000,0
315,100.000000,126.055717,0.000000,0.050000,0.020410,0.250000,0.000000,0.000000,0.000000,0
316,100.000000,126.055717,0.000000,0.050000,0.023356,0.250000,0.000000,0.000000,0.000000,0
317,100.000000,126.055717,0.000000,0.050000,0.026728,0.250000,0.000000,0.000001,0.000000,0
318,100.000000,126.055717,0.000000,0.050000,0.030586,0.250000,0.000000,0.000008,0.000000,0
319,100.000000,126.055717,0.000000,0.050000,0.035002,0.250000,0.000001,0.000048,0.000001,0
320,100.000000,126.055717,0.000003,0.050000,0.040055,0.250000,0.000003,0.000241,0.000002,0
321,100.000000,126.055717,0.000012,0.050000,0.045837,0.250000,0.000010,0.000993,0.000009,0
322,100.000000,126.055717,0.000046,0.050000,0.052455,0.250000,0.000036,0.003459,0.000026,0
323,100.000000,126.055717,0.000156,0.050000,0.060027,0.250000,0.000107,0.010378,0.000069,0
324,100.000000,126.055717,0.000462,0.050000,0.068693,0.250000,0.000282,0.027333,0.000159,0
325,100.000000,126.055717,0.001218,0.050000,0.078610,0.250000,0.000658,0.064246,0.000327,0
326,100.000000,126.055717,0.002904,0.050000,0.089959,0.250000,0.001392,0.136716,0.000608,0
327,100.000000,126.055717,0.006332,0.050000,0.102946,0.250000,0.002697,0.266709,0.001036,0
328,100.000000,126.055717,0.012771,0.050000,0.117808,0.250000,0.004841,0.482235,0.001637,0
329,100.000000,126.055717,0.024051,0.050000,0.134815,0.250000,0.008125,0.815892,0.002421,0
330,100.000000,126.055717,0.042648,0.050000,0.154277,0.250000,0.012859,1.302522,0.003377,0
331,100.000000,126.055717,0.071717,0.050000,0.176550,0.250000,0.019330,1.976435,0.004478,0
332,100.000000,126.055717,0.115100,0.050000,0.202037,0.250000,0.027776,2.868730,0.005680,0
333,100.000000,126.055717,0.177278,0.050000,0.231204,0.250000,0.038365,4.005164,0.006929,0
334,100.000000,126.055717,0.263306,0.050000,0.264582,0.250000,0.051183,5.404812,0.008171,0
335,100.000000,126.055717,0.378733,0.050000,0.302779,0.250000,0.066237,7.079584,0.009353,0
336,100.000000,126.055717,0.529523,0.050000,0.346489,0.250000,0.083456,9.034484,0.010430,0
337,100.000000,126.055717,0.721983,0.050000,0.396510,0.250000,0.102711,11.268414,0.011368,0
338,100.000000,126.055717,0.962715,0.050000,0.453753,0.250000,0.123825,13.775276,0.012143,0
339,100.000000,126.055717,1.258593,0.050000,0.519259,0.250000,0.146594,16.545178,0.012745,0
340,100.000000,126.055717,1.616756,0.050000,0.594222,0.250000,0.170800,19.565550,0.013171,0
341,100.000000,126.055717,2.044631,0.050000,0.680006,0.250000,0.196222,22.822071,0.013425,0
342,100.000000,126.055717,2.549973,0.050000,0.778176,0.250000,0.222653,26.299341,0.013518,0
343,100.000000,126.055717,3.140915,0.050000,0.890517,0.250000,0.249899,29.981260,0.013467,0
344,100.000000,126.055717,3.826032,0.050000,1.019077,0.250000,0.277790,33.851130,0.013287,0
345,100.000000,126.055717,4.614409,0.050000,1.166196,0.250000,0.306178,37.891486,0.012997,0
346,100.000000,126.055717,5.515704,0.050000,1.334554,0.250000,0.334941,42.083691,0.012614,0
347,100.000000,126.055717,6.540208,0.050000,1.527217,0.250000,0.363978,46.407308,0.012155,0
348,100.000000,126.055717,7.698883,0.050000,1.747694,0.250000,0.393210,50.839298,0.011636,0
349,100.000000,126.055717,9.003387,0.050000,2.000000,0.250000,0.422574,55.353037,0.011071,0
350,100.000000,123.624675,0.000000,0.050000,0.002700,0.250000,0.000000,0.000000,0.000000,0
351,100.000000,123.624675,0.000000,0.050000,0.003090,0.250000,0.000000,0.000000,0.000000,0
352,100.000000,123.624675,0.000000,0.050000,0.003536,0.250000,0.000000,0.000000,0.000000,0
353,100.000000,123.624675,0.000000,0.050000,0.004046,0.250000,0.000000,0.000000,0.000000,0
354,100.000000,123.624675,0.000000,0.050000,0.004630,0.250000,0.000000,0.000000,0.000000,0
355,100.000000,123.624675,0.000000,0.050000,0.005299,0.250000,0.000000,0.000000,0.000000,0
356,100.000000,123.624675,0.000000,0.050000,0.006064,0.250000,0.000000,0.000000,0.000000,0
357,100.000000,123.624675,0.000000,0.050000,0.006939,0.250000,0.000000,0.000000,0.000000,0
358,100.000000,123.624675,0.000000,0.050000,0.007941,0.250000,0.000000,0.000000,0.000000,0
359,100.000000,123.624675,0.000000,0.050000,0.009088,0.250000,0.000000,0.000000,0.000000,0
360,100.000000,123.624675,0.000000,0.050000,0.010399,0.250000,0.000000,0.000000,0.000000,0
361,100.000000,123.624675,0.000000,0.050000,0.011901,0.250000,0.000000,0.000000,0.000000,0
362,100.000000,123.624675,0.000000,0.050000,0.013619,0.250000,0.000000,0.000000,0.000000,0
363,100.000000,123.624675,0.000000,0.050000,0.015585,0.250000,0.000000,0.000000,0.000000,0
364,100.000000,123.624675,0.000000,0.050000,0.017835,0.250000,0.000000,0.000000,0.000000,0
365,100.000000,123.624675,0.000000,0.050000,0.020410,0.250000,0.000000,0.000000,0.000000,0
366,100.000000,123.624675,0.000000,0.050000,0.023356,0.250000,0.000000,0.000002,0.000000,0
367,100.000000,123.624675,0.000000,0.050000,0.026728,0.250000,0.000000,0.000012,0.000000,0
368,100.000000,123.624675,0.000001,0.050000,0.030586,0.250000,0.000001,0.000071,0.000001,0
369,100.000000,123.624675,0.000004,0.050000,0.035002,0.250000,0.000004,0.000337,0.000004,0
370,100.000000,123.624675,0.000016,0.050000,0.040055,0.250000,0.000015,0.001317,0.000013,0
371,100.000000,123.624675,0.000060,0.050000,0.045837,0.250000,0.000050,0.004375,0.000038,0
372,100.000000,123.624675,0.000196,0.050000,0.052455,0.250000,0.000142,0.012595,0.000096,0
373,100.000000,123.624675,0.000559,0.050000,0.060027,0.250000,0.000359,0.032000,0.000213,0
374,100.000000,123.624675,0.001427,0.050000,0.068693,0.250000,0.000812,0.072886,0.000424,0
375,100.000000,123.624675,0.003307,0.050000,0.078610,0.250000,0.001670,0.150898,0.000768,0
376,100.000000,123.624675,0.007032,0.050000,0.089959,0.250000,0.003158,0.287399,0.001278,0
377,100.000000,123.624675,0.013876,0.050000,0.102946,0.250000,0.005548,0.508877,0.001977,0
378,100.000000,123.624675,0.025632,0.050000,0.117808,0.250000,0.009137,0.845379,0.002870,0
379,100.000000,123.624675,0.044681,0.050000,0.134815,0.250000,0.014223,1.328260,0.003941,0
380,100.000000,123.624675,0.074013,0.050000,0.154277,0.250000,0.021071,1.987688,0.005154,0
381,100.000000,123.624675,0.117211,0.050000,0.176550,0.250000,0.029891,2.850372,0.006458,0
382,100.000000,123.624675,0.178406,0.050000,0.202037,0.250000,0.040822,3.937866,0.007796,0
383,100.000000,123.624675,0.262212,0.050000,0.231204,0.250000,0.053919,5.265621,0.009110,0
384,100.000000,123.624675,0.373651,0.050000,0.264582,0.250000,0.069163,6.842774,0.010345,0
385,100.000000,123.624675,0.518079,0.050000,0.302779,0.250000,0.086464,8.672568,0.011457,0
386,100.000000,123.624675,0.701133,0.050000,0.346489,0.250000,0.105675,10.753188,0.012414,0
387,100.000000,123.624675,0.928692,0.050000,0.396510,0.250000,0.126612,13.078809,0.013194,0
388,100.000000,123.624675,1.206857,0.050000,0.453753,0.250000,0.149069,15.640691,0.013788,0
389,100.000000,123.624675,1.541957,0.050000,0.519259,0.250000,0.172827,18.428162,0.014196,0
390,100.000000,123.624675,1.940576,0.050000,0.594222,0.250000,0.197674,21.429416,0.014425,0
391,100.000000,123.624675,2.409590,0.050000,0.680006,0.250000,0.223409,24.632074,0.014489,0
392,100.000000,123.624675,2.956225,0.050000,0.778176,0.250000,0.249850,28.023497,0.014405,0
393,100.000000,123.624675,3.588116,0.050000,0.890517,0.250000,0.276837,31.590854,0.014190,0
394,100.000000,123.624675,4.313378,0.050000,1.019077,0.250000,0.304236,35.320962,0.013864,0
395,100.000000,123.624675,5.140671,0.050000,1.166196,0.250000,0.331933,39.199930,0.013445,0
396,100.000000,123.624675,6.079263,0.050000,1.334554,0.250000,0.359842,43.212612,0.012952,0
397,100.000000,123.624675,7.139084,0.050000,1.527217,0.250000,0.387893,47.341905,0.012400,0
398,100.000000,123.624675,8.330760,0.050000,1.747694,0.250000,0.416037,51.567905,0.011803,0
399,100.000000,123.624675,9.665630,0.050000,2.000000,0.250000,0.444238,55.866926,0.011173,0
400,100.000000,121.300340,0.000000,0.050000,0.002700,0.250000,0.000000,0.000000,0.000000,0
401,100.000000,121.300340,0.000000,0.050000,0.003090,0.250000,0.000000,0.000000,0.000000,0
402,100.000000,121.300340,0.000000,0.050000,0.003536,0.250000,0.000000,0.000000,0.000000,0
403,100.000000,121.300340,0.000000,0.050000,0.004046,0.250000,0.000000,0.000000,0.000000,0
404,100.000000,121.300340,0.000000,0.050000,0.004630,0.250000,0.000000,0.000000,0.000000,0
405,100.000000,121.300340,0.000000,0.050000,0.005299,0.250000,0.000000,0.000000,0.000000,0
406,100.000000,121.300340,0.000000,0.050000,0.006064,0.250000,0.000000,0.000000,0.000000,0
407,100.000000,121.300340,0.000000,0.050000,0.006939,0.250000,0.000000,0.000000,0.000000,0
408,100.000000,121.300340,0.000000,0.050000,0.007941,0.250000,0.000000,0.000000,0.000000,0
409,100.000000,121.300340,0.000000,0.050000,0.009088,0.250000,0.000000,0.000000,0.000000,0
410,100.000000,121.300340,0.000000,0.050000,0.010399,0.250000,0.000000,0.000000,0.000000,0
411,100.000000,121.300340,0.000000,0.050000,0.011901,0.250000,0.000000,0.000000,0.000000,0
412,100.000000,121.300340,0.000000,0.050000,0.013619,0.250000,0.000000,0.000000,0.000000,0
413,100.000000,121.300340,0.000000,0.050000,0.015585,0.250000,0.000000,0.000000,0.000000,0
414,100.000000,121.300340,0.000000,0.050000,0.017835,0.250000,0.000000,0.000000,0.000000,0
415,100.000000,121.300340,0.000000,0.050000,0.020410,0.250000,0.000000,0.000003,0.000000,0
416,100.000000,121.300340,0.000000,0.050000,0.023356,0.250000,0.000000,0.000022,0.000000,0
417,100.000000,121.300340,0.000001,0.050000,0.026728,0.250000,0.000001,0.000119,0.000002,0
418,100.000000,121.300340,0.000006,0.050000,0.030586,0.250000,0.000007,0.000521,0.000007,0
419,100.000000,121.300340,0.000024,0.050000,0.035002,0.250000,0.000024,0.001905,0.000022,0
420,100.000000,121.300340,0.000086,0.050000,0.040055,0.250000,0.000074,0.005971,0.000060,0
421,100.000000,121.300340,0.000265,0.050000,0.045837,0.250000,0.000201,0.016338,0.000143,0
422,100.000000,121.300340,0.000724,0.050000,0.052455,0.250000,0.000487,0.039708,0.000303,0
423,100.000000,121.300340,0.001776,0.050000,0.060027,0.250000,0.001060,0.087007,0.000580,0
424,100.000000,121.300340,0.003974,0.050000,0.068693,0.250000,0.002106,0.174140,0.001014,0
425,100.000000,121.300340,0.008196,0.050000,0.078610,0.250000,0.003864,0.322009,0.001639,0
426,100.000000,121.300340,0.015740,0.050000,0.089959,0.250000,0.006610,0.555635,0.002471,0
427,100.000000,121.300340,0.028392,0.050000,0.102946,0.250000,0.010638,0.902500,0.003507,0
428,100.000000,121.300340,0.048464,0.050000,0.117808,0.250000,0.016225,1.390410,0.004721,0
429,100.000000,121.300340,0.078803,0.050000,0.134815,0.250000,0.023610,2.045324,0.006069,0
430,100.000000,121.300340,0.122764,0.050000,0.154277,0.250000,0.032970,2.889510,0.007492,0
431,100.000000,121.300340,0.184160,0.050000,0.176550,0.250000,0.044405,3.940296,0.008927,0
432,100.000000,121.300340,0.267195,0.050000,0.202037,0.250000,0.057938,5.209498,0.010314,0
433,100.000000,121.300340,0.376401,0.050000,0.231204,0.250000,0.073517,6.703484,0.011598,0
434,100.000000,121.300340,0.516572,0.050000,0.264582,0.250000,0.091028,8.423723,0.012735,0
435,100.000000,121.300340,0.692725,0.050000,0.302779,0.250000,0.110310,10.367635,0.013697,0
436,100.000000,121.300340,0.910068,0.050000,0.346489,0.250000,0.131169,12.529577,0.014465,0
437,100.000000,121.300340,1.173992,0.050000,0.396510,0.250000,0.153395,14.901811,0.015033,0
438,100.000000,121.300340,1.490085,0.050000,0.453753,0.250000,0.176774,17.475344,0.015405,0
439,100.000000,121.300340,1.864156,0.050000,0.519259,0.250000,0.201101,20.240591,0.015592,0
440,100.000000,121.300340,2.302283,0.050000,0.594222,0.250000,0.226185,23.187824,0.015609,0
441,100.000000,121.300340,2.810863,0.050000,0.680006,0.250000,0.251855,26.307409,0.015475,0
442,100.000000,121.300340,3.396675,0.050000,0.778176,0.250000,0.277965,29.589830,0.015210,0
443,100.000000,121.300340,4.066946,0.050000,0.890517,0.250000,0.304392,33.025537,0.014834,0
444,100.000000,121.300340,4.829417,0.050000,1.019077,0.250000,0.331038,36.604618,0.014368,0
445,100.000000,121.300340,5.692409,0.050000,1.166196,0.250000,0.357826,40.316330,0.013828,0
446,100.000000,121.300340,6.664881,0.050000,1.334554,0.250000,0.384700,44.148486,0.013232,0
447,100.000000,121.300340,7.756476,0.050000,1.527217,0.250000,0.411621,48.086733,0.012595,0
448,100.000000,121.300340,8.977551,0.050000,1.747694,0.250000,0.438564,52.113699,0.011927,0
449,100.000000,121.300340,10.339183,0.050000,2.000000,0.250000,0.465515,56.208048,0.011242,0
450,100.000000,119.047619,0.000000,0.050000,0.002700,0.250000,0.000000,0.000000,0.000000,0
451,100.000000,119.047619,0.000000,0.050000,0.003090,0.250000,0.000000,0.000000,0.000000,0
452,100.000000,119.047619,0.000000,0.050000,0.003536,0.250000,0.000000,0.000000,0.000000,0
453,100.000000,119.047619,0.000000,0.050000,0.004046,0.250000,0.000000,0.000000,0.000000,0
454,100.000000,119.047619,0.000000,0.050000,0.004630,0.250000,0.000000,0.000000,0.000000,0
455,100.000000,119.047619,0.000000,0.050000,0.005299,0.250000,0.000000,0.000000,0.000000,0
456,100.000000,119.047619,0.000000,0.050000,0.006064,0.250000,0.000000,0.000000,0.000000,0
457,100.000000,119.047619,0.000000,0.050000,0.006939,0.250000,0.000000,0.000000,0.000000,0
458,100.000000,119.047619,0.000000,0.050000,0.007941,0.250000,0.000000,0.000000,0.000000,0
459,100.000000,119.047619,0.000000,0.050000,0.009088,0.250000,0.000000,0.000000,0.000000,0
460,100.000000,119.047619,0.000000,0.050000,0.010399,0.250000,0.000000,0.000000,0.000000,0
461,100.000000,119.047619,0.000000,0.050000,0.011901,0.250000,0.000000,0.000000,0.000000,0
462,100.000000,119.047619,0.000000,0.050000,0.013619,0.250000,0.000000,0.000000,0.000000,0
463,100.000000,119.047619,0.000000,0.050000,0.015585,0.250000,0.000000,0.000001,0.000000,0
464,100.000000,119.047619,0.000000,0.050000,0.017835,0.250000,0.000000,0.000008,0.000000,0
465,100.000000,119.047619,0.000000,0.050000,0.020410,0.250000,0.000001,0.000048,0.000001,0
466,100.000000,119.047619,0.000002,0.050000,0.023356,0.250000,0.000003,0.000230,0.000004,0
467,100.000000,119.047619,0.000011,0.050000,0.026728,0.250000,0.000013,0.000913,0.000014,0
468,100.000000,119.047619,0.000042,0.050000,0.030586,0.250000,0.000042,0.003078,0.000040,0
469,100.000000,119.047619,0.000138,0.050000,0.035002,0.250000,0.000123,0.008977,0.000103,0
470,100.000000,119.047619,0.000397,0.050000,0.040055,0.250000,0.000314,0.023065,0.000230,0
471,100.000000,119.047619,0.001023,0.050000,0.045837,0.250000,0.000717,0.053056,0.000463,0
472,100.000000,119.047619,0.002390,0.050000,0.052455,0.250000,0.001486,0.110801,0.000845,0
473,100.000000,119.047619,0.005119,0.050000,0.060027,0.250000,0.002830,0.212648,0.001417,0
474,100.000000,119.047619,0.010163,0.050000,0.068693,0.250000,0.005001,0.379061,0.002207,0
475,100.000000,119.047619,0.018875,0.050000,0.078610,0.250000,0.008281,0.633472,0.003223,0
476,100.000000,119.047619,0.033055,0.050000,0.089959,0.250000,0.012948,1.000560,0.004449,0
477,100.000000,119.047619,0.054971,0.050000,0.102946,0.250000,0.019256,1.504316,0.005845,0
478,100.000000,119.047619,0.087347,0.050000,0.117808,0.250000,0.027406,2.166243,0.007355,0
479,100.000000,119.047619,0.133329,0.050000,0.134815,0.250000,0.037530,3.003991,0.008913,0
480,100.000000,119.047619,0.196425,0.050000,0.154277,0.250000,0.049684,4.030566,0.010450,0
481,100.000000,119.047619,0.280454,0.050000,0.176550,0.250000,0.063849,5.254133,0.011904,0
482,100.000000,119.047619,0.389479,0.050000,0.202037,0.250000,0.079937,6.678321,0.013222,0
483,100.000000,119.047619,0.527765,0.050000,0.231204,0.250000,0.097808,8.302877,0.014365,0
484,100.000000,119.047619,0.699741,0.050000,0.264582,0.250000,0.117284,10.124504,0.015306,0
485,100.000000,119.047619,0.909988,0.050000,0.302779,0.250000,0.138163,12.137756,0.016035,0
486,100.000000,119.047619,1.163235,0.050000,0.346489,0.250000,0.160234,14.335858,0.016550,0
487,100.000000,119.047619,1.464382,0.050000,0.396510,0.250000,0.183290,16.711399,0.016858,0
488,100.000000,119.047619,1.818529,0.050000,0.453753,0.250000,0.207133,19.256849,0.016976,0
489,100.000000,119.047619,2.231020,0.050000,0.519259,0.250000,0.231586,21.964886,0.016920,0
490,100.000000,119.047619,2.707495,0.050000,0.594222,0.250000,0.256493,24.828555,0.016713,0
491,100.000000,119.047619,3.253952,0.050000,0.680006,0.250000,0.281723,27.841248,0.016377,0
492,100.000000,119.047619,3.876807,0.050000,0.778176,0.250000,0.307168,30.996540,0.015933,0
493,100.000000,119.047619,4.582961,0.050000,0.890517,0.250000,0.332744,34.287899,0.015401,0
494,100.000000,119.047619,5.379863,0.050000,1.019077,0.250000,0.358388,37.708264,0.014801,0
495,100.000000,119.047619,6.275568,0.050000,1.166196,0.250000,0.384058,41.249532,0.014148,0
496,100.000000,119.047619,7.278792,0.050000,1.334554,0.250000,0.409725,44.901926,0.013458,0
497,100.000000,119.047619,8.398950,0.050000,1.527217,0.250000,0.435377,48.653282,0.012743,0
498,100.000000,119.047619,9.646183,0.050000,1.747694,0.250000,0.461009,52.488225,0.012013,0
499,100.000000,119.047619,11.031353,0.050000,2.000000,0.250000,0.486627,56.387259,0.011277,0
500,100.000000,117.647059,0.000000,0.050000,0.002700,0.250000,0.000000,0.000000,0.000000,1
501,100.000000,117.647059,0.000000,0.050000,0.003090,0.250000,0.000000,0.000000,0.000000,1
502,100.000000,117.647059,0.000000,0.050000,0.003536,0.250000,0.000000,0.000000,0.000000,1
503,100.000000,117.647059,0.000000,0.050000,0.004046,0.250000,0.000000,0.000000,0.000000,1
504,100.000000,117.647059,0.000000,0.050000,0.004630,0.250000,0.000000,0.000000,0.000000,1
505,100.000000,117.647059,0.000000,0.050000,0.005299,0.250000,0.000000,0.000000,0.000000,1
506,100.000000,117.647059,0.000000,0.050000,0.006064,0.250000,0.000000,0.000000,0.000000,1
507,100.000000,117.647059,0.000000,0.050000,0.006939,0.250000,0.000000,0.000000,0.000000,1
508,100.000000,117.647059,0.000000,0.050000,0.007941,0.250000,0.000000,0.000000,0.000000,1
509,100.000000,117.647059,0.000000,0.050000,0.009088,0.250000,0.000000,0.000000,0.000000,1
510,100.000000,117.647059,0.000000,0.050000,0.010399,0.250000,0.000000,0.000000,0.000000,1
511,100.000000,117.647059,0.000000,0.050000,0.011901,0.250000,0.000000,0.000000,0.000000,1
512,100.000000,117.647059,0.000000,0.050000,0.013619,0.250000,0.000000,0.000001,0.000000,1
513,100.000000,117.647059,0.000000,0.050000,0.015585,0.250000,0.000000,0.000008,0.000000,1
514,100.000000,117.647059,0.000000,0.050000,0.017835,0.250000,0.000001,0.000047,0.000001,1
515,100.000000,117.647059,0.000002,0.050000,0.020410,0.250000,0.000003,0.000224,0.000004,1
516,100.000000,117.647059,0.000011,0.050000,0.023356,0.250000,0.000013,0.000886,0.000015,1
517,100.000000,117.647059,0.000041,0.050000,0.026728,0.250000,0.000044,0.002966,0.000044,1
518,100.000000,117.647059,0.000132,0.050000,0.030586,0.250000,0.000126,0.008600,0.000112,1
519,100.000000,117.647059,0.000380,0.050000,0.035002,0.250000,0.000320,0.021987,0.000251,1
520,100.000000,117.647059,0.000974,0.050000,0.040055,0.250000,0.000729,0.050358,0.000503,1
521,100.000000,117.647059,0.002266,0.050000,0.045837,0.250000,0.001505,0.104770,0.000914,1
522,100.000000,117.647059,0.004838,0.050000,0.052455,0.250000,0.002855,0.200412,0.001528,1
523,100.000000,117.647059,0.009575,0.050000,0.060027,0.250000,0.005031,0.356228,0.002374,1
524,100.000000,117.647059,0.017731,0.050000,0.068693,0.250000,0.008307,0.593836,0.003458,1
525,100.000000,117.647059,0.030973,0.050000,0.078610,0.250000,0.012958,0.935938,0.004762,1
526,100.000000,117.647059,0.051393,0.050000,0.089959,0.250000,0.019229,1.404541,0.006245,1
527,100.000000,117.647059,0.081496,0.050000,0.102946,0.250000,0.027314,2.019325,0.007846,1
528,100.000000,117.647059,0.124169,0.050000,0.117808,0.250000,0.037339,2.796409,0.009495,1
529,100.000000,117.647059,0.182625,0.050000,0.134815,0.250000,0.049352,3.747656,0.011119,1
530,100.000000,117.647059,0.260354,0.050000,0.154277,0.250000,0.063330,4.880516,0.012654,1
531,100.000000,117.647059,0.361061,0.050000,0.176550,0.250000,0.079183,6.198329,0.014043,1
532,100.000000,117.647059,0.488626,0.050000,0.202037,0.250000,0.096769,7.700936,0.015247,1
533,100.000000,117.647059,0.647075,0.050000,0.231204,0.250000,0.115908,9.385470,0.016238,1
534,100.000000,117.647059,0.840560,0.050000,0.264582,0.250000,0.136399,11.247176,0.017004,1
535,100.000000,117.647059,1.073362,0.050000,0.302779,0.250000,0.158032,13.280177,0.017544,1
536,100.000000,117.647059,1.349912,0.050000,0.346489,0.250000,0.180602,15.478114,0.017868,1
537,100.000000,117.647059,1.674813,0.050000,0.396510,0.250000,0.203914,17.834629,0.017992,1
538,100.000000,117.647059,2.052886,0.050000,0.453753,0.250000,0.227793,20.343684,0.017934,1
539,100.000000,117.647059,2.489216,0.050000,0.519259,0.250000,0.252085,22.999712,0.017717,1
540,100.000000,117.647059,2.989211,0.050000,0.594222,0.250000,0.276662,25.797628,0.017366,1
541,100.000000,117.647059,3.558656,0.050000,0.680006,0.250000,0.301418,28.732698,0.016901,1
542,100.000000,117.647059,4.203783,0.050000,0.778176,0.250000,0.326272,31.800306,0.016346,1
543,100.000000,117.647059,4.931326,0.050000,0.890517,0.250000,0.351162,34.995602,0.015719,1
544,100.000000,117.647059,5.748585,0.050000,1.019077,0.250000,0.376048,38.313069,0.015038,1
545,100.000000,117.647059,6.663480,0.050000,1.166196,0.250000,0.400905,41.745989,0.014319,1
546,100.000000,117.647059,7.684604,0.050000,1.334554,0.250000,0.425722,45.285832,0.013573,1
547,100.000000,117.647059,8.821253,0.050000,1.527217,0.250000,0.450501,48.921548,0.012813,1
548,100.000000,117.647059,10.083450,0.050000,1.747694,0.250000,0.475248,52.638776,0.012048,1
549,100.000000,117.647059,11.481944,0.050000,2.000000,0.250000,0.499979,56.418958,0.011284,1
550,100.000000,116.238521,0.000000,0.050000,0.002700,0.250000,0.000000,0.000000,0.000000,1
551,100.000000,116.238521,0.000000,0.050000,0.003090,0.250000,0.000000,0.000000,0.000000,1
552,100.000000,116.238521,0.000000,0.050000,0.003536,0.250000,0.000000,0.000000,0.000000,1
553,100.000000,116.238521,0.000000,0.050000,0.004046,0.250000,0.000000,0.000000,0.000000,1
554,100.000000,116.238521,0.000000,0.050000,0.004630,0.250000,0.000000,0.000000,0.000000,1
555,100.000000,116.238521,0.000000,0.050000,0.005299,0.250000,0.000000,0.000000,0.000000,1
556,100.000000,116.238521,0.000000,0.050000,0.006064,0.250000,0.000000,0.000000,0.000000,1
557,100.000000,116.238521,0.000000,0.050000,0.006939,0.250000,0.000000,0.000000,0.000000,1
558,100.000000,116.238521,0.000000,0.050000,0.007941,0.250000,0.000000,0.000000,0.000000,1
559,100.000000,116.238521,0.000000,0.050000,0.009088,0.250000,0.000000,0.000000,0.000000,1
560,100.000000,116.238521,0.000000,0.050000,0.010399,0.250000,0.000000,0.000000,0.000000,1
561,100.000000,116.238521,0.000000,0.050000,0.011901,0.250000,0.000000,0.000001,0.000000,1
562,100.000000,116.238521,0.000000,0.050000,0.013619,0.250000,0.000000,0.000009,0.000000,1
563,100.000000,116.238521,0.000001,0.050000,0.015585,0.250000,0.000001,0.000054,0.000001,1
564,100.000000,116.238521,0.000003,0.050000,0.017835,0.250000,0.000004,0.000251,0.000006,1
565,100.000000,116.238521,0.000012,0.050000,0.020410,0.250000,0.000015,0.000968,0.000019,1
566,100.000000,116.238521,0.000044,0.050000,0.023356,0.250000,0.000050,0.003172,0.000054,1
567,100.000000,116.238521,0.000141,0.050000,0.026728,0.250000,0.000143,0.009025,0.000135,1
568,100.000000,116.238521,0.000398,0.050000,0.030586,0.250000,0.000356,0.022695,0.000297,1
569,100.000000,116.238521,0.001006,0.050000,0.035002,0.250000,0.000799,0.051236,0.000586,1
570,100.000000,116.238521,0.002309,0.050000,0.040055,0.250000,0.001629,0.105262,0.001051,1
571,100.000000,116.238521,0.004873,0.050000,0.045837,0.250000,0.003056,0.199153,0.001738,1
572,100.000000,116.238521,0.009546,0.050000,0.052455,0.250000,0.005331,0.350612,0.002674,1
573,100.000000,116.238521,0.017521,0.050000,0.060027,0.250000,0.008726,0.579603,0.003862,1
574,100.000000,116.238521,0.030365,0.050000,0.068693,0.250000,0.013507,0.906863,0.005281,1
575,100.000000,116.238521,0.050032,0.050000,0.078610,0.250000,0.019909,1.352283,0.006881,1
576,100.000000,116.238521,0.078845,0.050000,0.089959,0.250000,0.028112,1.933461,0.008597,1
577,100.000000,116.238521,0.119466,0.050000,0.102946,0.250000,0.038226,2.664644,0.010354,1
578,100.000000,116.238521,0.174843,0.050000,0.117808,0.250000,0.050288,3.556172,0.012075,1
579,100.000000,116.238521,0.248160,0.050000,0.134815,0.250000,0.064262,4.614406,0.013691,1
580,100.000000,116.238521,0.342788,0.050000,0.154277,0.250000,0.080049,5.842051,0.015147,1
581,100.000000,116.238521,0.462245,0.050000,0.176550,0.250000,0.097501,7.238754,0.016400,1
582,100.000000,116.238521,0.610168,0.050000,0.202037,0.250000,0.116436,8.801840,0.017426,1
583,100.000000,116.238521,0.790304,0.050000,0.231204,0.250000,0.136650,10.527068,0.018213,1
584,100.000000,116.238521,1.006508,0.050000,0.264582,0.250000,0.157936,12.409324,0.018761,1
585,100.000000,116.238521,1.262763,0.050000,0.302779,0.250000,0.180090,14.443195,0.019081,1
586,100.000000,116.238521,1.563207,0.050000,0.346489,0.250000,0.202923,16.623410,0.019191,1
587,100.000000,116.238521,1.912169,0.050000,0.396510,0.250000,0.226263,18.945117,0.019112,1
588,100.000000,116.238521,2.314219,0.050000,0.453753,0.250000,0.249961,21.404029,0.018868,1
589,100.000000,116.238521,2.774213,0.050000,0.519259,0.250000,0.273893,23.996437,0.018485,1
590,100.000000,116.238521,3.297357,0.050000,0.594222,0.250000,0.297957,26.719109,0.017986,1
591,100.000000,116.238521,3.889257,0.050000,0.680006,0.250000,0.322077,29.569084,0.017393,1
592,100.000000,116.238521,4.555988,0.050000,0.778176,0.250000,0.346194,32.543393,0.016728,1
593,100.000000,116.238521,5.304145,0.050000,0.890517,0.250000,0.370273,35.638681,0.016008,1
594,100.000000,116.238521,6.140903,0.050000,1.019077,0.250000,0.394292,38.850765,0.015249,1
595,100.000000,116.238521,7.074070,0.050000,1.166196,0.250000,0.418243,42.174113,0.014466,1
596,100.000000,116.238521,8.112130,0.050000,1.334554,0.250000,0.442131,45.601242,0.013668,1
597,100.000000,116.238521,9.264276,0.050000,1.527217,0.250000,0.465967,49.122037,0.012866,1
598,100.000000,116.238521,10.540429,0.050000,1.747694,0.250000,0.489772,52.722986,0.012067,1
599,100.000000,116.238521,11.951230,0.050000,2.000000,0.250000,0.513567,56.386330,0.011277,1
600,100.000000,114.850121,0.000000,0.050000,0.002700,0.250000,0.000000,0.000000,0.000000,1
601,100.000000,114.850121,0.000000,0.050000,0.003090,0.250000,0.000000,0.000000,0.000000,1
602,100.000000,114.850121,0.000000,0.050000,0.003536,0.250000,0.000000,0.000000,0.000000,1
603,100.000000,114.850121,0.000000,0.050000,0.004046,0.250000,0.000000,0.000000,0.000000,1
604,100.000000,114.850121,0.000000,0.050000,0.004630,0.250000,0.000000,0.000000,0.000000,1
605,100.000000,114.850121,0.000000,0.050000,0.005299,0.250000,0.000000,0.000000,0.000000,1
606,100.000000,114.850121,0.000000,0.050000,0.006064,0.250000,0.000000,0.000000,0.000000,1
607,100.000000,114.850121,0.000000,0.050000,0.006939,0.250000,0.000000,0.000000,0.000000,1
608,100.000000,114.850121,0.000000,0.050000,0.007941,0.250000,0.000000,0.000000,0.000000,1
609,100.000000,114.850121,0.000000,0.050000,0.009088,0.250000,0.000000,0.000000,0.000000,1
610,100.000000,114.850121,0.000000,0.050000,0.010399,0.250000,0.000000,0.000002,0.000000,1
611,100.000000,114.850121,0.000000,0.050000,0.011901,0.250000,0.000000,0.000013,0.000000,1
612,100.000000,114.850121,0.000001,0.050000,0.013619,0.250000,0.000001,0.000072,0.000002,1
613,100.000000,114.850121,0.000004,0.050000,0.015585,0.250000,0.000006,0.000317,0.000008,1
614,100.000000,114.850121,0.000015,0.050000,0.017835,0.250000,0.000020,0.001174,0.000026,1
615,100.000000,114.850121,0.000053,0.050000,0.020410,0.250000,0.000064,0.003716,0.000073,1
616,100.000000,114.850121,0.000164,0.050000,0.023356,0.250000,0.000176,0.010256,0.000176,1
617,100.000000,114.850121,0.000451,0.050000,0.026728,0.250000,0.000427,0.025116,0.000376,1
618,100.000000,114.850121,0.001115,0.050000,0.030586,0.250000,0.000936,0.055402,0.000725,1
619,100.000000,114.850121,0.002506,0.050000,0.035002,0.250000,0.001869,0.111536,0.001275,1
620,100.000000,114.850121,0.005192,0.050000,0.040055,0.250000,0.003444,0.207320,0.002070,1
621,100.000000,114.850121,0.010008,0.050000,0.045837,0.250000,0.005914,0.359388,0.003136,1
622,100.000000,114.850121,0.018108,0.050000,0.052455,0.250000,0.009546,0.586144,0.004470,1
623,100.000000,114.850121,0.030988,0.050000,0.060027,0.250000,0.014597,0.906354,0.006040,1
624,100.000000,114.850121,0.050490,0.050000,0.068693,0.250000,0.021284,1.337699,0.007789,1
625,100.000000,114.850121,0.078784,0.050000,0.078610,0.250000,0.029769,1.895535,0.009645,1
626,100.000000,114.850121,0.118330,0.050000,0.089959,0.250000,0.040141,2.592038,0.011525,1
627,100.000000,114.850121,0.171832,0.050000,0.102946,0.250000,0.052418,3.435812,0.013350,1
628,100.000000,114.850121,0.242193,0.050000,0.117808,0.250000,0.066545,4.431912,0.015048,1
629,100.000000,114.850121,0.332470,0.050000,0.134815,0.250000,0.082410,5.582221,0.016563,1
630,100.000000,114.850121,0.445837,0.050000,0.154277,0.250000,0.099857,6.886030,0.017854,1
631,100.000000,114.850121,0.585568,0.050000,0.176550,0.250000,0.118696,8.340724,0.018897,1
632,100.000000,114.850121,0.755024,0.050000,0.202037,0.250000,0.138726,9.942466,0.019684,1
633,100.000000,114.850121,0.957661,0.050000,0.231204,0.250000,0.159738,11.686815,0.020219,1
634,100.000000,114.850121,1.197042,0.050000,0.264582,0.250000,0.181534,13.569226,0.020514,1
635,100.000000,114.850121,1.476872,0.050000,0.302779,0.250000,0.203929,15.585429,0.020590,1
636,100.000000,114.850121,1.801024,0.050000,0.346489,0.250000,0.226757,17.731673,0.020470,1
637,100.000000,114.850121,2.173590,0.050000,0.396510,0.250000,0.249876,20.004836,0.020181,1
638,100.000000,114.850121,2.598923,0.050000,0.453753,0.250000,0.273169,22.402446,0.019749,1
639,100.000000,114.850121,3.081692,0.050000,0.519259,0.250000,0.296539,24.922580,0.019199,1
640,100.000000,114.850121,3.626937,0.050000,0.594222,0.250000,0.319917,27.563706,0.018554,1
641,100.000000,114.850121,4.240121,0.050000,0.680006,0.250000,0.343249,30.324429,0.017838,1
642,100.000000,114.850121,4.927191,0.050000,0.778176,0.250000,0.366503,33.203186,0.017067,1
643,100.000000,114.850121,5.694633,0.050000,0.890517,0.250000,0.389664,36.197872,0.016259,1
644,100.000000,114.850121,6.549522,0.050000,1.019077,0.250000,0.412726,39.305395,0.015428,1
645,100.000000,114.850121,7.499573,0.050000,1.166196,0.250000,0.435699,42.521179,0.014585,1
646,100.000000,114.850121,8.553181,0.050000,1.334554,0.250000,0.458599,45.838579,0.013739,1
647,100.000000,114.850121,9.719451,0.050000,1.527217,0.250000,0.481449,49.248225,0.012899,1
648,100.000000,114.850121,11.008213,0.050000,1.747694,0.250000,0.504276,52.737290,0.012070,1
649,100.000000,114.850121,12.430010,0.050000,2.000000,0.250000,0.527108,56.288662,0.011258,1
650,100.000000,113.507378,0.000000,0.050000,0.002700,0.250000,0.000000,0.000000,0.000000,1
651,100.000000,113.507378,0.000000,0.050000,0.003090,0.250000,0.000000,0.000000,0.000000,1
652,100.000000,113.507378,0.000000,0.050000,0.003536,0.250000,0.000000,0.000000,0.000000,1
653,100.000000,113.507378,0.000000,0.050000,0.004046,0.250000,0.000000,0.000000,0.000000,1
654,100.000000,113.507378,0.000000,0.050000,0.004630,0.250000,0.000000,0.000000,0.000000,1
655,100.000000,113.507378,0.000000,0.050000,0.005299,0.250000,0.000000,0.000000,0.000000,1
656,100.000000,113.507378,0.000000,0.050000,0.006064,0.250000,0.000000,0.000000,0.000000,1
657,100.000000,113.507378,0.000000,0.050000,0.006939,0.250000,0.000000,0.000000,0.000000,1
658,100.000000,113.507378,0.000000,0.050000,0.007941,0.250000,0.000000,0.000000,0.000000,1
659,100.000000,113.507378,0.000000,0.050000,0.009088,0.250000,0.000000,0.000003,0.000000,1
660,100.000000,113.507378,0.000000,0.050000,0.010399,0.250000,0.000000,0.000021,0.000001,1
661,100.000000,113.507378,0.000001,0.050000,0.011901,0.250000,0.000002,0.000106,0.000004,1
662,100.000000,113.507378,0.000005,0.050000,0.013619,0.250000,0.000008,0.000441,0.000013,1
663,100.000000,113.507378,0.000020,0.050000,0.015585,0.250000,0.000029,0.001548,0.000040,1
664,100.000000,113.507378,0.000069,0.050000,0.017835,0.250000,0.000088,0.004683,0.000105,1
665,100.000000,113.507378,0.000206,0.050000,0.020410,0.250000,0.000232,0.012424,0.000244,1
666,100.000000,113.507378,0.000547,0.050000,0.023356,0.250000,0.000545,0.029391,0.000503,1
667,100.000000,113.507378,0.001309,0.050000,0.026728,0.250000,0.001157,0.062902,0.000941,1
668,100.000000,113.507378,0.002864,0.050000,0.030586,0.250000,0.002249,0.123337,0.001613,1
669,100.000000,113.507378,0.005792,0.050000,0.035002,0.250000,0.004048,0.224028,0.002560,1
670,100.000000,113.507378,0.010931,0.050000,0.040055,0.250000,0.006809,0.380609,0.003801,1
671,100.000000,113.507378,0.019413,0.050000,0.045837,0.250000,0.010794,0.609930,0.005323,1
672,100.000000,113.507378,0.032681,0.050000,0.052455,0.250000,0.016245,0.928760,0.007082,1
673,100.000000,113.507378,0.052482,0.050000,0.060027,0.250000,0.023358,1.352514,0.009013,1
674,100.000000,113.507378,0.080847,0.050000,0.068693,0.250000,0.032269,1.894234,0.011030,1
675,100.000000,113.507378,0.120051,0.050000,0.078610,0.250000,0.043042,2.563958,0.013046,1
676,100.000000,113.507378,0.172575,0.050000,0.089959,0.250000,0.055669,3.368483,0.014978,1
677,100.000000,113.507378,0.241057,0.050000,0.102946,0.250000,0.070074,4.311509,0.016753,1
678,100.000000,113.507378,0.328258,0.050000,0.117808,0.250000,0.086130,5.394048,0.018315,1
679,100.000000,113.507378,0.437030,0.050000,0.134815,0.250000,0.103668,6.614991,0.019627,1
680,100.000000,113.507378,0.570306,0.050000,0.154277,0.250000,0.122495,7.971743,0.020669,1
681,100.000000,113.507378,0.731089,0.050000,0.176550,0.250000,0.142405,9.460828,0.021435,1
682,100.000000,113.507378,0.922460,0.050000,0.202037,0.250000,0.163196,11.078428,0.021933,1
683,100.000000,113.507378,1.147597,0.050000,0.231204,0.250000,0.184672,12.820808,0.022181,1
684,100.000000,113.507378,1.409804,0.050000,0.264582,0.250000,0.206655,14.684627,0.022200,1
685,100.000000,113.507378,1.712538,0.050000,0.302779,0.250000,0.228989,16.667136,0.022019,1
686,100.000000,113.507378,2.059453,0.050000,0.346489,0.250000,0.251539,18.766269,0.021664,1
687,100.000000,113.507378,2.454446,0.050000,0.396510,0.250000,0.274195,20.980639,0.021165,1
688,100.000000,113.507378,2.901697,0.050000,0.453753,0.250000,0.296870,23.309460,0.020548,1
689,100.000000,113.507378,3.405730,0.050000,0.519259,0.250000,0.319499,25.752400,0.019838,1
690,100.000000,113.507378,3.971455,0.050000,0.594222,0.250000,0.342038,28.309372,0.019056,1
691,100.000000,113.507378,4.604228,0.050000,0.680006,0.250000,0.364458,30.980270,0.018224,1
692,100.000000,113.507378,5.309900,0.050000,0.778176,0.250000,0.386749,33.764665,0.017356,1
693,100.000000,113.507378,6.094871,0.050000,0.890517,0.250000,0.408911,36.661429,0.016467,1
694,100.000000,113.507378,6.966140,0.050000,1.019077,0.250000,0.430957,39.668315,0.015570,1
695,100.000000,113.507378,7.931349,0.050000,1.166196,0.250000,0.452906,42.781473,0.014674,1
696,100.000000,113.507378,8.998819,0.050000,1.334554,0.250000,0.474786,45.994893,0.013786,1
697,100.000000,113.507378,10.177582,0.050000,1.527217,0.250000,0.496628,49.299775,0.012912,1
698,100.000000,113.507378,11.477387,0.050000,1.747694,0.250000,0.518465,52.683818,0.012058,1
699,100.000000,113.507378,12.908691,0.050000,2.000000,0.250000,0.540330,56.130426,0.011226,1
700,100.000000,112.183083,0.000000,0.050000,0.002700,0.250000,0.000000,0.000000,0.000000,1
701,100.000000,112.183083,0.000000,0.050000,0.003090,0.250000,0.000000,0.000000,0.000000,1
702,100.000000,112.183083,0.000000,0.050000,0.003536,0.250000,0.000000,0.000000,0.000000,1
703,100.000000,112.183083,0.000000,0.050000,0.004046,0.250000,0.000000,0.000000,0.000000,1
704,100.000000,112.183083,0.000000,0.050000,0.004630,0.250000,0.000000,0.000000,0.000000,1
705,100.000000,112.183083,0.000000,0.050000,0.005299,0.250000,0.000000,0.000000,0.000000,1
706,100.000000,112.183083,0.000000,0.050000,0.006064,0.250000,0.000000,0.000000,0.000000,1
707,100.000000,112.183083,0.000000,0.050000,0.006939,0.250000,0.000000,0.000001,0.000000,1
708,100.000000,112.183083,0.000000,0.050000,0.007941,0.250000,0.000000,0.000007,0.000000,1
709,100.000000,112.183083,0.000000,0.050000,0.009088,0.250000,0.000001,0.000039,0.000002,1
710,100.000000,112.183083,0.000002,0.050000,0.010399,0.250000,0.000004,0.000181,0.000007,1
711,100.000000,112.183083,0.000009,0.050000,0.011901,0.250000,0.000015,0.000700,0.000024,1
712,100.000000,112.183083,0.000032,0.050000,0.013619,0.250000,0.000048,0.002296,0.000067,1
713,100.000000,112.183083,0.000102,0.050000,0.015585,0.250000,0.000135,0.006539,0.000168,1
714,100.000000,112.183083,0.000287,0.050000,0.017835,0.250000,0.000337,0.016459,0.000369,1
715,100.000000,112.183083,0.000726,0.050000,0.020410,0.250000,0.000756,0.037191,0.000729,1
716,100.000000,112.183083,0.001668,0.050000,0.023356,0.250000,0.001542,0.076466,0.001310,1
717,100.000000,112.183083,0.003519,0.050000,0.026728,0.250000,0.002893,0.144775,0.002167,1
718,100.000000,112.183083,0.006895,0.050000,0.030586,0.250000,0.005048,0.255045,0.003335,1
719,100.000000,112.183083,0.012653,0.050000,0.035002,0.250000,0.008262,0.421877,0.004821,1
720,100.000000,112.183083,0.021924,0.050000,0.040055,0.250000,0.012787,0.660464,0.006596,1
721,100.000000,112.183083,0.036111,0.050000,0.045837,0.250000,0.018842,0.985412,0.008599,1
722,100.000000,112.183083,0.056884,0.050000,0.052455,0.250000,0.026595,1.409688,0.010750,1
723,100.000000,112.183083,0.086147,0.050000,0.060027,0.250000,0.036147,1.943854,0.012953,1
724,100.000000,112.183083,0.126003,0.050000,0.068693,0.250000,0.047526,2.595661,0.015114,1
725,100.000000,112.183083,0.178716,0.050000,0.078610,0.250000,0.060691,3.369999,0.017148,1
726,100.000000,112.183083,0.246671,0.050000,0.089959,0.250000,0.075544,4.269142,0.018983,1
727,100.000000,112.183083,0.332343,0.050000,0.102946,0.250000,0.091935,5.293194,0.020567,1
728,100.000000,112.183083,0.438277,0.050000,0.117808,0.250000,0.109684,6.440635,0.021868,1
729,100.000000,112.183083,0.567078,0.050000,0.134815,0.250000,0.128591,7.708888,0.022873,1
730,100.000000,112.183083,0.721407,0.050000,0.154277,0.250000,0.148453,9.094848,0.023581,1
731,100.000000,112.183083,0.903995,0.050000,0.176550,0.250000,0.169068,10.595323,0.024005,1
732,100.000000,112.183083,1.117657,0.050000,0.202037,0.250000,0.190251,12.207381,0.024169,1
733,100.000000,112.183083,1.365323,0.050000,0.231204,0.250000,0.211833,13.928593,0.024097,1
734,100.000000,112.183083,1.650065,0.050000,0.264582,0.250000,0.233668,15.757178,0.023822,1
735,100.000000,112.183083,1.975138,0.050000,0.302779,0.250000,0.255632,17.692060,0.023373,1
736,100.000000,112.183083,2.344018,0.050000,0.346489,0.250000,0.277627,19.732855,0.022780,1
737,100.000000,112.183083,2.760444,0.050000,0.396510,0.250000,0.299574,21.879793,0.022072,1
738,100.000000,112.183083,3.228468,0.050000,0.453753,0.250000,0.321418,24.133582,0.021275,1
739,100.000000,112.183083,3.752498,0.050000,0.519259,0.250000,0.343123,26.495238,0.020410,1
740,100.000000,112.183083,4.337353,0.050000,0.594222,0.250000,0.364667,28.965863,0.019498,1
741,100.000000,112.183083,4.988304,0.050000,0.680006,0.250000,0.386045,31.546384,0.018557,1
742,100.000000,112.183083,5.711133,0.050000,0.778176,0.250000,0.407264,34.237249,0.017599,1
743,100.000000,112.183083,6.512176,0.050000,0.890517,0.250000,0.428340,37.038077,0.016637,1
744,100.000000,112.183083,7.398372,0.050000,1.019077,0.250000,0.449297,39.947255,0.015680,1
745,100.000000,112.183083,8.377302,0.050000,1.166196,0.250000,0.470166,42.961472,0.014736,1
746,100.000000,112.183083,9.457228,0.050000,1.334554,0.250000,0.490981,46.075191,0.013810,1
747,100.000000,112.183083,10.647115,0.050000,1.527217,0.250000,0.511780,49.280039,0.012907,1
748,100.000000,112.183083,11.956640,0.050000,1.747694,0.250000,0.532601,52.564124,0.012031,1
749,100.000000,112.183083,13.396181,0.050000,2.000000,0.250000,0.553480,55.911261,0.011182,1
750,100.000000,110.901630,0.000000,0.050000,0.002700,0.250000,0.000000,0.000000,0.000000,1
751,100.000000,110.901630,0.000000,0.050000,0.003090,0.250000,0.000000,0.000000,0.000000,1
752,100.000000,110.901630,0.000000,0.050000,0.003536,0.250000,0.000000,0.000000,0.000000,1
753,100.000000,110.901630,0.000000,0.050000,0.004046,0.250000,0.000000,0.000000,0.000000,1
754,100.000000,110.901630,0.000000,0.050000,0.004630,0.250000,0.000000,0.000000,0.000000,1
755,100.000000,110.901630,0.000000,0.050000,0.005299,0.250000,0.000000,0.000000,0.000000,1
756,100.000000,110.901630,0.000000,0.050000,0.006064,0.250000,0.000000,0.000003,0.000000,1
757,100.000000,110.901630,0.000000,0.050000,0.006939,0.250000,0.000000,0.000017,0.000001,1
758,100.000000,110.901630,0.000001,0.050000,0.007941,0.250000,0.000002,0.000084,0.000004,1
759,100.000000,110.901630,0.000004,0.050000,0.009088,0.250000,0.000008,0.000351,0.000015,1
760,100.000000,110.901630,0.000016,0.050000,0.010399,0.250000,0.000028,0.001232,0.000047,1
761,100.000000,110.901630,0.000055,0.050000,0.011901,0.250000,0.000085,0.003725,0.000125,1
762,100.000000,110.901630,0.000164,0.050000,0.013619,0.250000,0.000225,0.009877,0.000290,1
763,100.000000,110.901630,0.000434,0.050000,0.015585,0.250000,0.000529,0.023359,0.000600,1
764,100.000000,110.901630,0.001037,0.050000,0.017835,0.250000,0.001122,0.049980,0.001121,1
765,100.000000,110.901630,0.002268,0.050000,0.020410,0.250000,0.002181,0.097982,0.001920,1
766,100.000000,110.901630,0.004584,0.050000,0.023356,0.250000,0.003923,0.177947,0.003048,1
767,100.000000,110.901630,0.008646,0.050000,0.026728,0.250000,0.006596,0.302288,0.004524,1
768,100.000000,110.901630,0.015347,0.050000,0.030586,0.250000,0.010451,0.484386,0.006335,1
769,100.000000,110.901630,0.025820,0.050000,0.035002,0.250000,0.015719,0.737564,0.008429,1
770,100.000000,110.901630,0.041437,0.050000,0.040055,0.250000,0.022588,1.074084,0.010726,1
771,100.000000,110.901630,0.063791,0.050000,0.045837,0.250000,0.031187,1.504341,0.013128,1
772,100.000000,110.901630,0.094662,0.050000,0.052455,0.250000,0.041572,2.036363,0.015529,1
773,100.000000,110.901630,0.135982,0.050000,0.060027,0.250000,0.053732,2.675636,0.017829,1
774,100.000000,110.901630,0.189804,0.050000,0.068693,0.250000,0.067588,3.425214,0.019945,1
775,100.000000,110.901630,0.258265,0.050000,0.078610,0.250000,0.083012,4.286051,0.021809,1
776,100.000000,110.901630,0.343566,0.050000,0.089959,0.250000,0.099837,5.257461,0.023377,1
777,100.000000,110.901630,0.447959,0.050000,0.102946,0.250000,0.117869,6.337621,0.024625,1
778,100.000000,110.901630,0.573736,0.050000,0.117808,0.250000,0.136906,7.524067,0.025547,1
779,100.000000,110.901630,0.723241,0.050000,0.134815,0.250000,0.156747,8.814123,0.026152,1
780,100.000000,110.901630,0.898876,0.050000,0.154277,0.250000,0.177198,10.205259,0.026460,1
781,100.000000,110.901630,1.103124,0.050000,0.176550,0.250000,0.198084,11.695351,0.026498,1
782,100.000000,110.901630,1.338572,0.050000,0.202037,0.250000,0.219249,13.282855,0.026298,1
783,100.000000,110.901630,1.607943,0.050000,0.231204,0.250000,0.240559,14.966906,0.025894,1
784,100.000000,110.901630,1.914127,0.050000,0.264582,0.250000,0.261906,16.747341,0.025319,1
785,100.000000,110.901630,2.260224,0.050000,0.302779,0.250000,0.283202,18.624671,0.024605,1
786,100.000000,110.901630,2.649573,0.050000,0.346489,0.250000,0.304382,20.600008,0.023781,1
787,100.000000,110.901630,3.085803,0.050000,0.396510,0.250000,0.325401,22.674941,0.022874,1
788,100.000000,110.901630,3.572871,0.050000,0.453753,0.250000,0.346231,24.851393,0.021907,1
789,100.000000,110.901630,4.115108,0.050000,0.519259,0.250000,0.366859,27.131433,0.020900,1
790,100.000000,110.901630,4.717265,0.050000,0.594222,0.250000,0.387287,29.517062,0.019869,1
791,100.000000,110.901630,5.384560,0.050000,0.680006,0.250000,0.407526,32.009965,0.018829,1
792,100.000000,110.901630,6.122722,0.050000,0.778176,0.250000,0.427597,34.611223,0.017791,1
793,100.000000,110.901630,6.938043,0.050000,0.890517,0.250000,0.447530,37.320981,0.016764,1
794,100.000000,110.901630,7.837413,0.050000,1.019077,0.250000,0.467357,40.138063,0.015755,1
795,100.000000,110.901630,8.828369,0.050000,1.166196,0.250000,0.487117,43.059531,0.014769,1
796,100.000000,110.901630,9.919121,0.050000,1.334554,0.250000,0.506850,46.080174,0.013811,1
797,100.000000,110.901630,11.118575,0.050000,1.527217,0.250000,0.526597,49.191926,0.012884,1
798,100.000000,110.901630,12.436345,0.050000,1.747694,0.250000,0.546400,52.383197,0.011989,1
799,100.000000,110.901630,13.882731,0.050000,2.000000,0.250000,0.566296,55.638126,0.011128,1
800,100.000000,109.637101,0.000000,0.050000,0.002700,0.250000,0.000000,0.000000,0.000000,1
801,100.000000,109.637101,0.000000,0.050000,0.003090,0.250000,0.000000,0.000000,0.000000,1
802,100.000000,109.637101,0.000000,0.050000,0.003536,0.250000,0.000000,0.000000,0.000000,1
803,100.000000,109.637101,0.000000,0.050000,0.004046,0.250000,0.000000,0.000000,0.000000,1
804,100.000000,109.637101,0.000000,0.050000,0.004630,0.250000,0.000000,0.000001,0.000000,1
805,100.000000,109.637101,0.000000,0.050000,0.005299,0.250000,0.000000,0.000009,0.000001,1
806,100.000000,109.637101,0.000000,0.050000,0.006064,0.250000,0.000001,0.000049,0.000003,1
807,100.000000,109.637101,0.000002,0.050000,0.006939,0.250000,0.000006,0.000216,0.000012,1
808,100.000000,109.637101,0.000010,0.050000,0.007941,0.250000,0.000021,0.000793,0.000040,1
809,100.000000,109.637101,0.000036,0.050000,0.009088,0.250000,0.000064,0.002486,0.000109,1
810,100.000000,109.637101,0.000109,0.050000,0.010399,0.250000,0.000175,0.006808,0.000262,1
811,100.000000,109.637101,0.000298,0.050000,0.011901,0.250000,0.000422,0.016560,0.000557,1
812,100.000000,109.637101,0.000731,0.050000,0.013619,0.250000,0.000918,0.036313,0.001067,1
813,100.000000,109.637101,0.001634,0.050000,0.015585,0.250000,0.001822,0.072733,0.001867,1
814,100.000000,109.637101,0.003367,0.050000,0.017835,0.250000,0.003340,0.134594,0.003019,1
815,100.000000,109.637101,0.006459,0.050000,0.020410,0.250000,0.005709,0.232425,0.004555,1
816,100.000000,109.637101,0.011634,0.050000,0.023356,0.250000,0.009176,0.377821,0.006471,1
817,100.000000,109.637101,0.019828,0.050000,0.026728,0.250000,0.013976,0.582569,0.008719,1
818,100.000000,109.637101,0.032186,0.050000,0.030586,0.250000,0.020306,0.857742,0.011217,1
819,100.000000,109.637101,0.050046,0.050000,0.035002,0.250000,0.028305,1.212946,0.013861,1
820,100.000000,109.637101,0.074918,0.050000,0.040055,0.250000,0.038048,1.655804,0.016535,1
821,100.000000,109.637101,0.108452,0.050000,0.045837,0.250000,0.049536,2.191730,0.019126,1
822,100.000000,109.637101,0.152402,0.050000,0.052455,0.250000,0.062707,2.823974,0.021535,1
823,100.000000,109.637101,0.208605,0.050000,0.060027,0.250000,0.077444,3.553868,0.023682,1
824,100.000000,109.637101,0.278949,0.050000,0.068693,0.250000,0.093588,4.381207,0.025512,1
825,100.000000,109.637101,0.365366,0.050000,0.078610,0.250000,0.110951,5.304691,0.026992,1
826,100.000000,109.637101,0.469818,0.050000,0.089959,0.250000,0.129334,6.322371,0.028112,1
827,100.000000,109.637101,0.594300,0.050000,0.102946,0.250000,0.148534,7.432040,0.028878,1
828,100.000000,109.637101,0.740853,0.050000,0.117808,0.250000,0.168357,8.631576,0.029307,1
829,100.000000,109.637101,0.911571,0.050000,0.134815,0.250000,0.188621,9.919193,0.029431,1
830,100.000000,109.637101,1.108627,0.050000,0.154277,0.250000,0.209168,11.293621,0.029281,1
831,100.000000,109.637101,1.334294,0.050000,0.176550,0.250000,0.229858,12.754216,0.028897,1
832,100.000000,109.637101,1.590976,0.050000,0.202037,0.250000,0.250575,14.301010,0.028314,1
833,100.000000,109.637101,1.881235,0.050000,0.231204,0.250000,0.271227,15.934709,0.027568,1
834,100.000000,109.637101,2.207827,0.050000,0.264582,0.250000,0.291742,17.656649,0.026694,1
835,100.000000,109.637101,2.573734,0.050000,0.302779,0.250000,0.312070,19.468724,0.025720,1
836,100.000000,109.637101,2.982205,0.050000,0.346489,0.250000,0.332177,21.373280,0.024674,1
837,100.000000,109.637101,3.436792,0.050000,0.396510,0.250000,0.352047,23.372989,0.023579,1
838,100.000000,109.637101,3.941388,0.050000,0.453753,0.250000,0.371676,25.470698,0.022453,1
839,100.000000,109.637101,4.500274,0.050000,0.519259,0.250000,0.391072,27.669255,0.021314,1
840,100.000000,109.637101,5.118158,0.050000,0.594222,0.250000,0.410254,29.971306,0.020175,1
841,100.000000,109.637101,5.800220,0.050000,0.680006,0.250000,0.429249,32.379061,0.019046,1
842,100.000000,109.637101,6.552155,0.050000,0.778176,0.250000,0.448087,34.894027,0.017936,1
843,100.000000,109.637101,7.380220,0.050000,0.890517,0.250000,0.466808,37.516696,0.016852,1
844,100.000000,109.637101,8.291272,0.050000,1.019077,0.250000,0.485451,40.246174,0.015797,1
845,100.000000,109.637101,9.292807,0.050000,1.166196,0.250000,0.504060,43.079766,0.014776,1
846,100.000000,109.637101,10.392988,0.050000,1.334554,0.250000,0.522679,46.012479,0.013791,1
847,100.000000,109.637101,11.600670,0.050000,1.527217,0.250000,0.541351,49.036461,0.012843,1
848,100.000000,109.637101,12.925404,0.050000,1.747694,0.250000,0.560118,52.140349,0.011934,1
849,100.000000,109.637101,14.377417,0.050000,2.000000,0.250000,0.579020,55.308546,0.011062,1
850,100.000000,108.412836,0.000000,0.050000,0.002700,0.250000,0.000000,0.000000,0.000000,1
851,100.000000,108.412836,0.000000,0.050000,0.003090,0.250000,0.000000,0.000000,0.000000,1
852,100.000000,108.412836,0.000000,0.050000,0.003536,0.250000,0.000000,0.000001,0.000000,1
853,100.000000,108.412836,0.000000,0.050000,0.004046,0.250000,0.000000,0.000007,0.000001,1
854,100.000000,108.412836,0.000000,0.050000,0.004630,0.250000,0.000001,0.000038,0.000003,1
855,100.000000,108.412836,0.000002,0.050000,0.005299,0.250000,0.000005,0.000170,0.000013,1
856,100.000000,108.412836,0.000008,0.050000,0.006064,0.250000,0.000019,0.000630,0.000042,1
857,100.000000,108.412836,0.000028,0.050000,0.006939,0.250000,0.000059,0.001996,0.000115,1
858,100.000000,108.412836,0.000088,0.050000,0.007941,0.250000,0.000161,0.005515,0.000278,1
859,100.000000,108.412836,0.000241,0.050000,0.009088,0.250000,0.000392,0.013519,0.000595,1
860,100.000000,108.412836,0.000595,0.050000,0.010399,0.250000,0.000859,0.029847,0.001148,1
861,100.000000,108.412836,0.001339,0.050000,0.011901,0.250000,0.001715,0.060138,0.002021,1
862,100.000000,108.412836,0.002773,0.050000,0.013619,0.250000,0.003159,0.111866,0.003286,1
863,100.000000,108.412836,0.005343,0.050000,0.015585,0.250000,0.005423,0.194056,0.004981,1
864,100.000000,108.412836,0.009662,0.050000,0.017835,0.250000,0.008751,0.316707,0.007103,1
865,100.000000,108.412836,0.016523,0.050000,0.020410,0.250000,0.013372,0.490040,0.009604,1
866,100.000000,108.412836,0.026899,0.050000,0.023356,0.250000,0.019484,0.723716,0.012395,1
867,100.000000,108.412836,0.041933,0.050000,0.026728,0.250000,0.027227,1.026168,0.015357,1
868,100.000000,108.412836,0.062911,0.050000,0.030586,0.250000,0.036675,1.404142,0.018363,1
869,100.000000,108.412836,0.091243,0.050000,0.035002,0.250000,0.047835,1.862483,0.021284,1
870,100.000000,108.412836,0.128428,0.050000,0.040055,0.250000,0.060646,2.404162,0.024009,1
871,100.000000,108.412836,0.176030,0.050000,0.045837,0.250000,0.074994,3.030477,0.026445,1
872,100.000000,108.412836,0.235662,0.050000,0.052455,0.250000,0.090722,3.741383,0.028530,1
873,100.000000,108.412836,0.308963,0.050000,0.060027,0.250000,0.107646,4.535871,0.030225,1
874,100.000000,108.412836,0.397599,0.050000,0.068693,0.250000,0.125566,5.412354,0.031516,1
875,100.000000,108.412836,0.503258,0.050000,0.078610,0.250000,0.144281,6.369024,0.032408,1
876,100.000000,108.412836,0.627655,0.050000,0.089959,0.250000,0.163596,7.404142,0.032922,1
877,100.000000,108.412836,0.772548,0.050000,0.102946,0.250000,0.183330,8.516274,0.033090,1
878,100.000000,108.412836,0.939754,0.050000,0.117808,0.250000,0.203322,9.704452,0.032950,1
879,100.000000,108.412836,1.131163,0.050000,0.134815,0.250000,0.223432,10.968283,0.032543,1
880,100.000000,108.412836,1.348768,0.050000,0.154277,0.250000,0.243542,12.308003,0.031911,1
881,100.000000,108.412836,1.594687,0.050000,0.176550,0.250000,0.263558,13.724483,0.031095,1
882,100.000000,108.412836,1.871191,0.050000,0.202037,0.250000,0.283407,15.219211,0.030131,1
883,100.000000,108.412836,2.180731,0.050000,0.231204,0.250000,0.303035,16.794242,0.029055,1
884,100.000000,108.412836,2.525975,0.050000,0.264582,0.250000,0.322407,18.452127,0.027896,1
885,100.000000,108.412836,2.909832,0.050000,0.302779,0.250000,0.341504,20.195821,0.026681,1
886,100.000000,108.412836,3.335495,0.050000,0.346489,0.250000,0.360321,22.028581,0.025431,1
887,100.000000,108.412836,3.806468,0.050000,0.396510,0.250000,0.378863,23.953847,0.024165,1
888,100.000000,108.412836,4.326611,0.050000,0.453753,0.250000,0.397148,25.975096,0.022898,1
889,100.000000,108.412836,4.900175,0.050000,0.519259,0.250000,0.415199,28.095685,0.021643,1
890,100.000000,108.412836,5.531843,0.050000,0.594222,0.250000,0.433047,30.318666,0.020409,1
891,100.000000,108.412836,6.226772,0.050000,0.680006,0.250000,0.450730,32.646570,0.019204,1
892,100.000000,108.412836,6.990637,0.050000,0.778176,0.250000,0.468287,35.081150,0.018033,1
893,100.000000,108.412836,7.829668,0.050000,0.890517,0.250000,0.485762,37.623093,0.016899,1
894,100.000000,108.412836,8.750694,0.050000,1.019077,0.250000,0.503199,40.271663,0.015807,1
895,100.000000,108.412836,9.761177,0.050000,1.166196,0.250000,0.520645,43.024300,0.014757,1
896,100.000000,108.412836,10.869240,0.050000,1.334554,0.250000,0.538144,45.876143,0.013750,1
897,100.000000,108.412836,12.083688,0.050000,1.527217,0.250000,0.555743,48.819482,0.012787,1
898,100.000000,108.412836,13.414011,0.050000,1.747694,0.250000,0.573482,51.843122,0.011865,1
899,100.000000,108.412836,14.870369,0.050000,2.000000,0.250000,0.591401,54.931678,0.010986,1
900,100.000000,107.204117,0.000000,0.050000,0.002700,0.250000,0.000000,0.000001,0.000000,1
901,100.000000,107.204117,0.000000,0.050000,0.003090,0.250000,0.000000,0.000009,0.000001,1
902,100.000000,107.204117,0.000000,0.050000,0.003536,0.250000,0.000002,0.000046,0.000005,1
903,100.000000,107.204117,0.000002,0.050000,0.004046,0.250000,0.000007,0.000194,0.000019,1
904,100.000000,107.204117,0.000009,0.050000,0.004630,0.250000,0.000024,0.000695,0.000060,1
905,100.000000,107.204117,0.000031,0.050000,0.005299,0.250000,0.000073,0.002134,0.000161,1
906,100.000000,107.204117,0.000094,0.050000,0.006064,0.250000,0.000194,0.005738,0.000378,1
907,100.000000,107.204117,0.000251,0.050000,0.006939,0.250000,0.000461,0.013734,0.000792,1
908,100.000000,107.204117,0.000606,0.050000,0.007941,0.250000,0.000989,0.029697,0.001496,1
909,100.000000,107.204117,0.001337,0.050000,0.009088,0.250000,0.001939,0.058757,0.002586,1
910,100.000000,107.204117,0.002723,0.050000,0.010399,0.250000,0.003514,0.107576,0.004138,1
911,100.000000,107.204117,0.005171,0.050000,0.011901,0.250000,0.005947,0.184043,0.006186,1
912,100.000000,107.204117,0.009231,0.050000,0.013619,0.250000,0.009476,0.296748,0.008716,1
913,100.000000,107.204117,0.015608,0.050000,0.015585,0.250000,0.014322,0.454327,0.011661,1
914,100.000000,107.204117,0.025154,0.050000,0.017835,0.250000,0.020666,0.664805,0.014910,1
915,100.000000,107.204117,0.038863,0.050000,0.020410,0.250000,0.028631,0.935070,0.018326,1
916,100.000000,107.204117,0.057842,0.050000,0.023356,0.250000,0.038274,1.270522,0.021759,1
917,100.000000,107.204117,0.083297,0.050000,0.026728,0.250000,0.049585,1.674945,0.025067,1
918,100.000000,107.204117,0.116500,0.050000,0.030586,0.250000,0.062489,2.150558,0.028124,1
919,100.000000,107.204117,0.158774,0.050000,0.035002,0.250000,0.076861,2.698224,0.030835,1
920,100.000000,107.204117,0.211472,0.050000,0.040055,0.250000,0.092537,3.317738,0.033132,1
921,100.000000,107.204117,0.275967,0.050000,0.045837,0.250000,0.109330,4.008157,0.034977,1
922,100.000000,107.204117,0.353649,0.050000,0.052455,0.250000,0.127038,4.768130,0.036360,1
923,100.000000,107.204117,0.445920,0.050000,0.060027,0.250000,0.145462,5.596185,0.037291,1
924,100.000000,107.204117,0.554203,0.050000,0.068693,0.250000,0.164411,6.490976,0.037797,1
925,100.000000,107.204117,0.679954,0.050000,0.078610,0.250000,0.183707,7.451464,0.037916,1
926,100.000000,107.204117,0.824673,0.050000,0.089959,0.250000,0.203196,8.477060,0.037693,1
927,100.000000,107.204117,0.989919,0.050000,0.102946,0.250000,0.222740,9.567698,0.037176,1
928,100.000000,107.204117,1.177333,0.050000,0.117808,0.250000,0.242229,10.723889,0.036412,1
929,100.000000,107.204117,1.388659,0.050000,0.134815,0.250000,0.261570,11.946721,0.035446,1
930,100.000000,107.204117,1.625760,0.050000,0.154277,0.250000,0.280696,13.237853,0.034322,1
931,100.000000,107.204117,1.890653,0.050000,0.176550,0.250000,0.299555,14.599473,0.033077,1
932,100.000000,107.204117,2.185522,0.050000,0.202037,0.250000,0.318115,16.034251,0.031745,1
933,100.000000,107.204117,2.512754,0.050000,0.231204,0.250000,0.336358,17.545277,0.030355,1
934,100.000000,107.204117,2.874965,0.050000,0.264582,0.250000,0.354280,19.135984,0.028930,1
935,100.000000,107.204117,3.275025,0.050000,0.302779,0.250000,0.371888,20.810071,0.027492,1
936,100.000000,107.204117,3.716099,0.050000,0.346489,0.250000,0.389197,22.571401,0.026057,1
937,100.000000,107.204117,4.201668,0.050000,0.396510,0.250000,0.406233,24.423901,0.024639,1
938,100.000000,107.204117,4.735578,0.050000,0.453753,0.250000,0.423025,26.371429,0.023247,1
939,100.000000,107.204117,5.322064,0.050000,0.519259,0.250000,0.439611,28.417635,0.021891,1
940,100.000000,107.204117,5.965799,0.050000,0.594222,0.250000,0.456029,30.565788,0.020575,1
941,100.000000,107.204117,6.671927,0.050000,0.680006,0.250000,0.472323,32.818578,0.019305,1
942,100.000000,107.204117,7.446105,0.050000,0.778176,0.250000,0.488537,35.177873,0.018082,1
943,100.000000,107.204117,8.294546,0.050000,0.890517,0.250000,0.504718,37.644440,0.016909,1
944,100.000000,107.204117,9.224054,0.050000,1.019077,0.250000,0.520913,40.217612,0.015786,1
945,100.000000,107.204117,10.242059,0.050000,1.166196,0.250000,0.537168,42.894890,0.014713,1
946,100.000000,107.204117,11.356644,0.050000,1.334554,0.250000,0.553529,45.671486,0.013689,1
947,100.000000,107.204117,12.576567,0.050000,1.527217,0.250000,0.570039,48.539781,0.012713,1
948,100.000000,107.204117,13.911257,0.050000,1.747694,0.250000,0.586741,51.488714,0.011784,1
949,100.000000,107.204117,15.370804,0.050000,2.000000,0.250000,0.603671,54.503079,0.010901,1
950,100.000000,106.033294,0.000001,0.050000,0.002700,0.250000,0.000004,0.000086,0.000013,1
951,100.000000,106.033294,0.000004,0.050000,0.003090,0.250000,0.000013,0.000331,0.000043,1
952,100.000000,106.033294,0.000015,0.050000,0.003536,0.250000,0.000044,0.001086,0.000123,1
953,100.000000,106.033294,0.000048,0.050000,0.004046,0.250000,0.000125,0.003094,0.000306,1
954,100.000000,106.033294,0.000135,0.050000,0.004630,0.250000,0.000311,0.007791,0.000673,1
955,100.000000,106.033294,0.000341,0.050000,0.005299,0.250000,0.000698,0.017608,0.001329,1
956,100.000000,106.033294,0.000783,0.050000,0.006064,0.250000,0.001423,0.036212,0.002389,1
957,100.000000,106.033294,0.001652,0.050000,0.006939,0.250000,0.002669,0.068577,0.003953,1
958,100.000000,106.033294,0.003234,0.050000,0.007941,0.250000,0.004652,0.120839,0.006087,1
959,100.000000,106.033294,0.005929,0.050000,0.009088,0.250000,0.007609,0.199933,0.008800,1
960,100.000000,106.033294,0.010262,0.050000,0.010399,0.250000,0.011765,0.313087,0.012042,1
961,100.000000,106.033294,0.016885,0.050000,0.011901,0.250000,0.017318,0.467259,0.015705,1
962,100.000000,106.033294,0.026565,0.050000,0.013619,0.250000,0.024416,0.668650,0.019639,1
963,100.000000,106.033294,0.040177,0.050000,0.015585,0.250000,0.033142,0.922334,0.023673,1
964,100.000000,106.033294,0.058679,0.050000,0.017835,0.250000,0.043515,1.232077,0.027633,1
965,100.000000,106.033294,0.083096,0.050000,0.020410,0.250000,0.055486,1.600307,0.031364,1
966,100.000000,106.033294,0.114496,0.050000,0.023356,0.250000,0.068951,2.028245,0.034736,1
967,100.000000,106.033294,0.153978,0.050000,0.026728,0.250000,0.083761,2.516113,0.037655,1
968,100.000000,106.033294,0.202658,0.050000,0.030586,0.250000,0.099738,3.063400,0.040062,1
969,100.000000,106.033294,0.261659,0.050000,0.035002,0.250000,0.116686,3.669143,0.041931,1
970,100.000000,106.033294,0.332117,0.050000,0.040055,0.250000,0.134404,4.332182,0.043262,1
971,100.000000,106.033294,0.415172,0.050000,0.045837,0.250000,0.152698,5.051386,0.044081,1
972,100.000000,106.033294,0.511983,0.050000,0.052455,0.250000,0.171383,5.825829,0.044426,1
973,100.000000,106.033294,0.623736,0.050000,0.060027,0.250000,0.190295,6.654924,0.044346,1
974,100.000000,106.033294,0.751651,0.050000,0.068693,0.250000,0.209288,7.538513,0.043897,1
975,100.000000,106.033294,0.897003,0.050000,0.078610,0.250000,0.228239,8.476924,0.043134,1
976,100.000000,106.033294,1.061133,0.050000,0.089959,0.250000,0.247048,9.470995,0.042113,1
977,100.000000,106.033294,1.245468,0.050000,0.102946,0.250000,0.265636,10.522075,0.040884,1
978,100.000000,106.033294,1.451535,0.050000,0.117808,0.250000,0.283941,11.632008,0.039495,1
979,100.000000,106.033294,1.680986,0.050000,0.134815,0.250000,0.301923,12.803110,0.037987,1
980,100.000000,106.033294,1.935617,0.050000,0.154277,0.250000,0.319556,14.038126,0.036397,1
981,100.000000,106.033294,2.217384,0.050000,0.176550,0.250000,0.336827,15.340192,0.034756,1
982,100.000000,106.033294,2.528433,0.050000,0.202037,0.250000,0.353737,16.712779,0.033089,1
983,100.000000,106.033294,2.871123,0.050000,0.231204,0.250000,0.370296,18.159643,0.031417,1
984,100.000000,106.033294,3.248047,0.050000,0.264582,0.250000,0.386523,19.684760,0.029760,1
985,100.000000,106.033294,3.662064,0.050000,0.302779,0.250000,0.402443,21.292255,0.028129,1
986,100.000000,106.033294,4.116329,0.050000,0.346489,0.250000,0.418087,22.986323,0.026536,1
987,100.000000,106.033294,4.614323,0.050000,0.396510,0.250000,0.433493,24.771132,0.024989,1
988,100.000000,106.033294,5.159883,0.050000,0.453753,0.250000,0.448699,26.650719,0.023494,1
989,100.000000,106.033294,5.757246,0.050000,0.519259,0.250000,0.463747,28.628848,0.022054,1
990,100.000000,106.033294,6.411076,0.050000,0.594222,0.250000,0.478683,30.708860,0.020672,1
991,100.000000,106.033294,7.126513,0.050000,0.680006,0.250000,0.493552,32.893483,0.019349,1
992,100.000000,106.033294,7.909201,0.050000,0.778176,0.250000,0.508400,35.184600,0.018086,1
993,100.000000,106.033294,8.765337,0.050000,0.890517,0.250000,0.523275,37.582985,0.016881,1
994,100.000000,106.033294,9.701700,0.050000,1.019077,0.250000,0.538223,40.087971,0.015735,1
995,100.000000,106.033294,10.725691,0.050000,1.166196,0.250000,0.553289,42.697073,0.014645,1
996,100.000000,106.033294,11.845355,0.050000,1.334554,0.250000,0.568519,45.405534,0.013609,1
997,100.000000,106.033294,13.069398,0.050000,1.527217,0.250000,0.583954,48.205799,0.012626,1
998,100.000000,106.033294,14.407193,0.050000,1.747694,0.250000,0.599633,51.086911,0.011692,1
999,100.000000,106.033294,15.868758,0.050000,2.000000,0.250000,0.615591,54.033825,0.010807,1
1000,100.000000,104.887770,0.000040,0.050000,0.002700,0.250000,0.000128,0.002589,0.000384,1
1001,100.000000,104.887770,0.000113,0.050000,0.003090,0.250000,0.000318,0.006487,0.000840,1
1002,100.000000,104.887770,0.000284,0.050000,0.003536,0.250000,0.000709,0.014600,0.001652,1
1003,100.000000,104.887770,0.000649,0.050000,0.004046,0.250000,0.001441,0.029916,0.002957,1
1004,100.000000,104.887770,0.001364,0.050000,0.004630,0.250000,0.002693,0.056475,0.004879,1
1005,100.000000,104.887770,0.002662,0.050000,0.005299,0.250000,0.004680,0.099238,0.007491,1
1006,100.000000,104.887770,0.004867,0.050000,0.006064,0.250000,0.007634,0.163798,0.010805,1
1007,100.000000,104.887770,0.008404,0.050000,0.006939,0.250000,0.011776,0.255961,0.014754,1
1008,100.000000,104.887770,0.013797,0.050000,0.007941,0.250000,0.017297,0.381303,0.019207,1
1009,100.000000,104.887770,0.021663,0.050000,0.009088,0.250000,0.024340,0.544775,0.023979,1
1010,100.000000,104.887770,0.032704,0.050000,0.010399,0.250000,0.032982,0.750420,0.028864,1
1011,100.000000,104.887770,0.047685,0.050000,0.011901,0.250000,0.043236,1.001225,0.033652,1
1012,100.000000,104.887770,0.067422,0.050000,0.013619,0.250000,0.055049,1.299108,0.038156,1
1013,100.000000,104.887770,0.092767,0.050000,0.015585,0.250000,0.068316,1.645027,0.042221,1
1014,100.000000,104.887770,0.124589,0.050000,0.017835,0.250000,0.082884,2.039146,0.045734,1
1015,100.000000,104.887770,0.163770,0.050000,0.020410,0.250000,0.098576,2.481057,0.048625,1
1016,100.000000,104.887770,0.211195,0.050000,0.023356,0.250000,0.115196,2.970000,0.050865,1
1017,100.000000,104.887770,0.267754,0.050000,0.026728,0.250000,0.132544,3.505072,0.052456,1
1018,100.000000,104.887770,0.334340,0.050000,0.030586,0.250000,0.150425,4.085404,0.053428,1
1019,100.000000,104.887770,0.411853,0.050000,0.035002,0.250000,0.168658,4.710307,0.053829,1
1020,100.000000,104.887770,0.501212,0.050000,0.040055,0.250000,0.187078,5.379377,0.053720,1
1021,100.000000,104.887770,0.603359,0.050000,0.045837,0.250000,0.205541,6.092572,0.053167,1
1022,100.000000,104.887770,0.719273,0.050000,0.052455,0.250000,0.223925,6.850252,0.052237,1
1023,100.000000,104.887770,0.849980,0.050000,0.060027,0.250000,0.242129,7.653208,0.050998,1
1024,100.000000,104.887770,0.996567,0.050000,0.068693,0.250000,0.260074,8.502662,0.049511,1
1025,100.000000,104.887770,1.160195,0.050000,0.078610,0.250000,0.277699,9.400262,0.047832,1
1026,100.000000,104.887770,1.342114,0.050000,0.089959,0.250000,0.294963,10.348065,0.046012,1
1027,100.000000,104.887770,1.543678,0.050000,0.102946,0.250000,0.311837,11.348514,0.044095,1
1028,100.000000,104.887770,1.766361,0.050000,0.117808,0.250000,0.328310,12.404409,0.042118,1
1029,100.000000,104.887770,2.011773,0.050000,0.134815,0.250000,0.344378,13.518884,0.040111,1
1030,100.000000,104.887770,2.281682,0.050000,0.154277,0.250000,0.360051,14.695368,0.038101,1
1031,100.000000,104.887770,2.578028,0.050000,0.176550,0.250000,0.375344,15.937552,0.036109,1
1032,100.000000,104.887770,2.902947,0.050000,0.202037,0.250000,0.390281,17.249355,0.034151,1
1033,100.000000,104.887770,3.258792,0.050000,0.231204,0.250000,0.404891,18.634876,0.032240,1
1034,100.000000,104.887770,3.648160,0.050000,0.264582,0.250000,0.419206,20.098347,0.030385,1
1035,100.000000,104.887770,4.073912,0.050000,0.302779,0.250000,0.433265,21.644075,0.028594,1
1036,100.000000,104.887770,4.539208,0.050000,0.346489,0.250000,0.447106,23.276375,0.026871,1
1037,100.000000,104.887770,5.047533,0.050000,0.396510,0.250000,0.460772,24.999484,0.025219,1
1038,100.000000,104.887770,5.602731,0.050000,0.453753,0.250000,0.474307,26.817465,0.023641,1
1039,100.000000,104.887770,6.209037,0.050000,0.519259,0.250000,0.487754,28.734080,0.022135,1
1040,100.000000,104.887770,6.871117,0.050000,0.594222,0.250000,0.501159,30.752644,0.020701,1
1041,100.000000,104.887770,7.594101,0.050000,0.680006,0.250000,0.514568,32.875844,0.019339,1
1042,100.000000,104.887770,8.383626,0.050000,0.778176,0.250000,0.528027,35.105520,0.018045,1
1043,100.000000,104.887770,9.245870,0.050000,0.890517,0.250000,0.541581,37.442401,0.016818,1
1044,100.000000,104.887770,10.187589,0.050000,1.019077,0.250000,0.555274,39.885788,0.015656,1
1045,100.000000,104.887770,11.216152,0.050000,1.166196,0.250000,0.569150,42.433179,0.014554,1
1046,100.000000,104.887770,12.339561,0.050000,1.334554,0.250000,0.583250,45.079831,0.013512,1
1047,100.000000,104.887770,13.566477,0.050000,1.527217,0.250000,0.597614,47.818235,0.012524,1
1048,100.000000,104.887770,14.906209,0.050000,1.747694,0.250000,0.612278,50.637530,0.011590,1
1049,100.000000,104.887770,16.368704,0.050000,2.000000,0.250000,0.627275,53.522821,0.010705,1
1050,100.000000,103.755966,0.000916,0.050000,0.002700,0.250000,0.002390,0.038720,0.005736,1
1051,100.000000,103.755966,0.001810,0.050000,0.003090,0.250000,0.004204,0.068850,0.008913,1
1052,100.000000,103.755966,0.003345,0.050000,0.003536,0.250000,0.006928,0.114823,0.012990,1
1053,100.000000,103.755966,0.005830,0.050000,0.004046,0.250000,0.010784,0.181060,0.017899,1
1054,100.000000,103.755966,0.009648,0.050000,0.004630,0.250000,0.015965,0.271866,0.023485,1
1055,100.000000,103.755966,0.015257,0.050000,0.005299,0.250000,0.022620,0.391118,0.029524,1
1056,100.000000,103.755966,0.023177,0.050000,0.006064,0.250000,0.030834,0.542031,0.035755,1
1057,100.000000,103.755966,0.033979,0.050000,0.006939,0.250000,0.040631,0.727029,0.041908,1
1058,100.000000,103.755966,0.048273,0.050000,0.007941,0.250000,0.051966,0.947720,0.047737,1
1059,100.000000,103.755966,0.066695,0.050000,0.009088,0.250000,0.064740,1.204960,0.053038,1
1060,100.000000,103.755966,0.089899,0.050000,0.010399,0.250000,0.078811,1.498978,0.057656,1
1061,100.000000,103.755966,0.118543,0.050000,0.011901,0.250000,0.094003,1.829539,0.061493,1
1062,100.000000,103.755966,0.153287,0.050000,0.013619,0.250000,0.110122,2.196113,0.064502,1
1063,100.000000,103.755966,0.194793,0.050000,0.015585,0.250000,0.126970,2.598038,0.066681,1
1064,100.000000,103.755966,0.243721,0.050000,0.017835,0.250000,0.144351,3.034661,0.068062,1
1065,100.000000,103.755966,0.300734,0.050000,0.020410,0.250000,0.162082,3.505452,0.068702,1
1066,100.000000,103.755966,0.366502,0.050000,0.023356,0.250000,0.179995,4.010094,0.068678,1
1067,100.000000,103.755966,0.441709,0.050000,0.026728,0.250000,0.197941,4.548542,0.068072,1
1068,100.000000,103.755966,0.527059,0.050000,0.030586,0.250000,0.215796,5.121063,0.066972,1
1069,100.000000,103.755966,0.623286,0.050000,0.035002,0.250000,0.233454,5.728261,0.065462,1
1070,100.000000,103.755966,0.731163,0.050000,0.040055,0.250000,0.250830,6.371082,0.063623,1
1071,100.000000,103.755966,0.851507,0.050000,0.045837,0.250000,0.267862,7.050814,0.061529,1
1072,100.000000,103.755966,0.985197,0.050000,0.052455,0.250000,0.284500,7.769078,0.059244,1
1073,100.000000,103.755966,1.133177,0.050000,0.060027,0.250000,0.300715,8.527816,0.056826,1
1074,100.000000,103.755966,1.296471,0.050000,0.068693,0.250000,0.316489,9.329278,0.054324,1
1075,100.000000,103.755966,1.476194,0.050000,0.078610,0.250000,0.331814,10.176004,0.051780,1
1076,100.000000,103.755966,1.673563,0.050000,0.089959,0.250000,0.346697,11.070809,0.049226,1
1077,100.000000,103.755966,1.889911,0.050000,0.102946,0.250000,0.361147,12.016766,0.046692,1
1078,100.000000,103.755966,2.126701,0.050000,0.117808,0.250000,0.375186,13.017191,0.044198,1
1079,100.000000,103.755966,2.385540,0.050000,0.134815,0.250000,0.388837,14.075619,0.041763,1
1080,100.000000,103.755966,2.668196,0.050000,0.154277,0.250000,0.402130,15.195792,0.039399,1
1081,100.000000,103.755966,2.976618,0.050000,0.176550,0.250000,0.415098,16.381632,0.037115,1
1082,100.000000,103.755966,3.312951,0.050000,0.202037,0.250000,0.427776,17.637214,0.034919,1
1083,100.000000,103.755966,3.679560,0.050000,0.231204,0.250000,0.440203,18.966737,0.032814,1
1084,100.000000,103.755966,4.079053,0.050000,0.264582,0.250000,0.452417,20.374484,0.030802,1
1085,100.000000,103.755966,4.514305,0.050000,0.302779,0.250000,0.464461,21.864773,0.028885,1
1086,100.000000,103.755966,4.988485,0.050000,0.346489,0.250000,0.476376,23.441896,0.027062,1
1087,100.000000,103.755966,5.505086,0.050000,0.396510,0.250000,0.488205,25.110045,0.025331,1
1088,100.000000,103.755966,6.067958,0.050000,0.453753,0.250000,0.499990,26.873218,0.023690,1
1089,100.000000,103.755966,6.681338,0.050000,0.519259,0.250000,0.511776,28.735101,0.022135,1
1090,100.000000,103.755966,7.349890,0.050000,0.594222,0.250000,0.523604,30.698929,0.020665,1
1091,100.000000,103.755966,8.078738,0.050000,0.680006,0.250000,0.535519,32.767305,0.019275,1
1092,100.000000,103.755966,8.873503,0.050000,0.778176,0.250000,0.547563,34.941994,0.017961,1
1093,100.000000,103.755966,9.740346,0.050000,0.890517,0.250000,0.559777,37.223657,0.016720,1
1094,100.000000,103.755966,10.685995,0.050000,1.019077,0.250000,0.572203,39.611548,0.015548,1
1095,100.000000,103.755966,11.717784,0.050000,1.166196,0.250000,0.584881,42.103140,0.014441,1
1096,100.000000,103.755966,12.843675,0.050000,1.334554,0.250000,0.597848,44.693695,0.013396,1
1097,100.000000,103.755966,14.072271,0.050000,1.527217,0.250000,0.611141,47.375751,0.012408,1
1098,100.000000,103.755966,15.412822,0.050000,1.747694,0.250000,0.624791,50.138541,0.011475,1
1099,100.000000,103.755966,16.875200,0.050000,2.000000,0.250000,0.638829,52.967321,0.010593,1
1100,100.000000,102.658865,0.010888,0.050000,0.002700,0.250000,0.022580,0.278771,0.041299,1
1101,100.000000,102.658865,0.016508,0.050000,0.003090,0.250000,0.030723,0.385749,0.049939,1
1102,100.000000,102.658865,0.024158,0.050000,0.003536,0.250000,0.040415,0.516725,0.058456,1
1103,100.000000,102.658865,0.034265,0.050000,0.004046,0.250000,0.051609,0.672804,0.066511,1
1104,100.000000,102.658865,0.047269,0.050000,0.004630,0.250000,0.064203,0.854572,0.073822,1
1105,100.000000,102.658865,0.063624,0.050000,0.005299,0.250000,0.078052,1.062176,0.080181,1
1106,100.000000,102.658865,0.083783,0.050000,0.006064,0.250000,0.092979,1.295447,0.085453,1
1107,100.000000,102.658865,0.108201,0.050000,0.006939,0.250000,0.108792,1.554012,0.089577,1
1108,100.000000,102.658865,0.137331,0.050000,0.007941,0.250000,0.125293,1.837416,0.092552,1
1109,100.000000,102.658865,0.171622,0.050000,0.009088,0.250000,0.142285,2.145213,0.094425,1
1110,100.000000,102.658865,0.211524,0.050000,0.010399,0.250000,0.159588,2.477051,0.095276,1
1111,100.000000,102.658865,0.257489,0.050000,0.011901,0.250000,0.177033,2.832730,0.095212,1
1112,100.000000,102.658865,0.309977,0.050000,0.013619,0.250000,0.194476,3.212249,0.094347,1
1113,100.000000,102.658865,0.369456,0.050000,0.015585,0.250000,0.211789,3.615831,0.092804,1
1114,100.000000,102.658865,0.436414,0.050000,0.017835,0.250000,0.228869,4.043941,0.090698,1
1115,100.000000,102.658865,0.511361,0.050000,0.020410,0.250000,0.245631,4.497291,0.088141,1
1116,100.000000,102.658865,0.594834,0.050000,0.023356,0.250000,0.262011,4.976841,0.085235,1
1117,100.000000,102.658865,0.687405,0.050000,0.026728,0.250000,0.277961,5.483795,0.082069,1
1118,100.000000,102.658865,0.789689,0.050000,0.030586,0.250000,0.293447,6.019595,0.078723,1
1119,100.000000,102.658865,0.902348,0.050000,0.035002,0.250000,0.308452,6.585913,0.075264,1
1120,100.000000,102.658865,1.026099,0.050000,0.040055,0.250000,0.322966,7.184644,0.071748,1
1121,100.000000,102.658865,1.161722,0.050000,0.045837,0.250000,0.336991,7.817898,0.068223,1
1122,100.000000,102.658865,1.310068,0.050000,0.052455,0.250000,0.350538,8.487993,0.064726,1
1123,100.000000,102.658865,1.472066,0.050000,0.060027,0.250000,0.363622,9.197451,0.061288,1
1124,100.000000,102.658865,1.648734,0.050000,0.068693,0.250000,0.376265,9.948990,0.057933,1
1125,100.000000,102.658865,1.841187,0.050000,0.078610,0.250000,0.388492,10.745522,0.054677,1
1126,100.000000,102.658865,2.050650,0.050000,0.089959,0.250000,0.400333,11.590147,0.051535,1
1127,100.000000,102.658865,2.278466,0.050000,0.102946,0.250000,0.411819,12.486147,0.048515,1
1128,100.000000,102.658865,2.526112,0.050000,0.117808,0.250000,0.422984,13.436980,0.045624,1
1129,100.000000,102.658865,2.795211,0.050000,0.134815,0.250000,0.433864,14.446274,0.042863,1
1130,100.000000,102.658865,3.087550,0.050000,0.154277,0.250000,0.444495,15.517813,0.040234,1
1131,100.000000,102.658865,3.405093,0.050000,0.176550,0.250000,0.454915,16.655524,0.037736,1
1132,100.000000,102.658865,3.750003,0.050000,0.202037,0.250000,0.465161,17.863459,0.035367,1
1133,100.000000,102.658865,4.124662,0.050000,0.231204,0.250000,0.475272,19.145766,0.033124,1
1134,100.000000,102.658865,4.531691,0.050000,0.264582,0.250000,0.485286,20.506659,0.031002,1
1135,100.000000,102.658865,4.973978,0.050000,0.302779,0.250000,0.495242,21.950371,0.028999,1
1136,100.000000,102.658865,5.454702,0.050000,0.346489,0.250000,0.505180,23.481100,0.027107,1
1137,100.000000,102.658865,5.977363,0.050000,0.396510,0.250000,0.515139,25.102936,0.025324,1
1138,100.000000,102.658865,6.545812,0.050000,0.453753,0.250000,0.525156,26.819773,0.023643,1
1139,100.000000,102.658865,7.164287,0.050000,0.519259,0.250000,0.535272,28.635192,0.022059,1
1140,100.000000,102.658865,7.837444,0.050000,0.594222,0.250000,0.545525,30.552327,0.020566,1
1141,100.000000,102.658865,8.570397,0.050000,0.680006,0.250000,0.555952,32.573689,0.019161,1
1142,100.000000,102.658865,9.368752,0.050000,0.778176,0.250000,0.566593,34.700958,0.017837,1
1143,100.000000,102.658865,10.238644,0.050000,0.890517,0.250000,0.577485,36.934732,0.016590,1
1144,100.000000,102.658865,11.186773,0.050000,1.019077,0.250000,0.588663,39.274215,0.015416,1
1145,100.000000,102.658865,12.220434,0.050000,1.166196,0.250000,0.600164,41.716862,0.014309,1
1146,100.000000,102.658865,13.347542,0.050000,1.334554,0.250000,0.612020,44.257946,0.013265,1
1147,100.000000,102.658865,14.576647,0.050000,1.527217,0.250000,0.624265,46.890058,0.012281,1
1148,100.000000,102.658865,15.916933,0.050000,1.747694,0.250000,0.636925,49.602527,0.011353,1
1149,100.000000,102.658865,17.378196,0.050000,2.000000,0.250000,0.650029,52.380769,0.010476,1
1150,100.000000,101.574403,0.074636,0.050000,0.002700,0.250000,0.117881,1.026444,0.152066,1
1151,100.000000,101.574403,0.093650,0.050000,0.003090,0.250000,0.134350,1.202881,0.155723,1
1152,100.000000,101.574403,0.115829,0.050000,0.003536,0.250000,0.151152,1.393513,0.157644,1
1153,100.000000,101.574403,0.141428,0.050000,0.004046,0.250000,0.168115,1.598200,0.157991,1
1154,100.000000,101.574403,0.170704,0.050000,0.004630,0.250000,0.185086,1.816910,0.156954,1
1155,100.000000,101.574403,0.203913,0.050000,0.005299,0.250000,0.201934,2.049742,0.154729,1
1156,100.000000,101.574403,0.241324,0.050000,0.006064,0.250000,0.218545,2.296935,0.151516,1
1157,100.000000,101.574403,0.283210,0.050000,0.006939,0.250000,0.234831,2.558877,0.147500,1
1158,100.000000,101.574403,0.329859,0.050000,0.007941,0.250000,0.250717,2.836103,0.142857,1
1159,100.000000,101.574403,0.381576,0.050000,0.009088,0.250000,0.266152,3.129297,0.137740,1
1160,100.000000,101.574403,0.438681,0.050000,0.010399,0.250000,0.281094,3.439290,0.132287,1
1161,100.000000,101.574403,0.501522,0.050000,0.011901,0.250000,0.295519,3.767051,0.126616,1
1162,100.000000,101.574403,0.570469,0.050000,0.013619,0.250000,0.309414,4.113693,0.120824,1
1163,100.000000,101.574403,0.645921,0.050000,0.015585,0.250000,0.322775,4.480462,0.114995,1
1164,100.000000,101.574403,0.728314,0.050000,0.017835,0.250000,0.335605,4.868737,0.109196,1
1165,100.000000,101.574403,0.818119,0.050000,0.020410,0.250000,0.347916,5.280034,0.103482,1
1166,100.000000,101.574403,0.915846,0.050000,0.023356,0.250000,0.359724,5.715997,0.097894,1
1167,100.000000,101.574403,1.022054,0.050000,0.026728,0.250000,0.371050,6.178406,0.092464,1
1168,100.000000,101.574403,1.137352,0.050000,0.030586,0.250000,0.381918,6.669173,0.087218,1
1169,100.000000,101.574403,1.262403,0.050000,0.035002,0.250000,0.392355,7.190348,0.082171,1
1170,100.000000,101.574403,1.397933,0.050000,0.040055,0.250000,0.402389,7.744120,0.077335,1
1171,100.000000,101.574403,1.544733,0.050000,0.045837,0.250000,0.412050,8.332821,0.072716,1
1172,100.000000,101.574403,1.703670,0.050000,0.052455,0.250000,0.421369,8.958926,0.068317,1
1173,100.000000,101.574403,1.875691,0.050000,0.060027,0.250000,0.430378,9.625064,0.064138,1
1174,100.000000,101.574403,2.061836,0.050000,0.068693,0.250000,0.439109,10.334012,0.060175,1
1175,100.000000,101.574403,2.263239,0.050000,0.078610,0.250000,0.447594,11.088706,0.056424,1
1176,100.000000,101.574403,2.481147,0.050000,0.089959,0.250000,0.455866,11.892235,0.052879,1
1177,100.000000,101.574403,2.716923,0.050000,0.102946,0.250000,0.463956,12.747848,0.049532,1
1178,100.000000,101.574403,2.972067,0.050000,0.117808,0.250000,0.471898,13.658949,0.046377,1
1179,100.000000,101.574403,3.248220,0.050000,0.134815,0.250000,0.479722,14.629093,0.043405,1
1180,100.000000,101.574403,3.547187,0.050000,0.154277,0.250000,0.487463,15.661981,0.040607,1
1181,100.000000,101.574403,3.870950,0.050000,0.176550,0.250000,0.495151,16.761444,0.037976,1
1182,100.000000,101.574403,4.221686,0.050000,0.202037,0.250000,0.502819,17.931432,0.035501,1
1183,100.000000,101.574403,4.601790,0.050000,0.231204,0.250000,0.510499,19.175986,0.033176,1
1184,100.000000,101.574403,5.013892,0.050000,0.264582,0.250000,0.518223,20.499207,0.030991,1
1185,100.000000,101.574403,5.460888,0.050000,0.302779,0.250000,0.526022,21.905215,0.028939,1
1186,100.000000,101.574403,5.945960,0.050000,0.346489,0.250000,0.533930,23.398097,0.027012,1
1187,100.000000,101.574403,6.472611,0.050000,0.396510,0.250000,0.541978,24.981830,0.025202,1
1188,100.000000,101.574403,7.044688,0.050000,0.453753,0.250000,0.550198,26.660198,0.023502,1
1189,100.000000,101.574403,7.666423,0.050000,0.519259,0.250000,0.558623,28.436684,0.021906,1
1190,100.000000,101.574403,8.342459,0.050000,0.594222,0.250000,0.567286,30.314323,0.020406,1
1191,100.000000,101.574403,9.077894,0.050000,0.680006,0.250000,0.576218,32.295544,0.018997,1
1192,100.000000,101.574403,9.878311,0.050000,0.778176,0.250000,0.585453,34.381955,0.017673,1
1193,100.000000,101.574403,10.749819,0.050000,0.890517,0.250000,0.595020,36.574100,0.016428,1
1194,100.000000,101.574403,11.699081,0.050000,1.019077,0.250000,0.604953,38.871150,0.015257,1
1195,100.000000,101.574403,12.733350,0.050000,1.166196,0.250000,0.615280,41.270555,0.014156,1
1196,100.000000,101.574403,13.860492,0.050000,1.334554,0.250000,0.626031,43.767611,0.013118,1
1197,100.000000,101.574403,15.088996,0.050000,1.527217,0.250000,0.637234,46.354973,0.012141,1
1198,100.000000,101.574403,16.427977,0.050000,1.747694,0.250000,0.648912,49.022085,0.011220,1
1199,100.000000,101.574403,17.887154,0.050000,2.000000,0.250000,0.661088,51.754528,0.010351,1
1200,100.000000,100.522718,0.304189,0.050000,0.002700,0.250000,0.350321,1.925292,0.285228,1
1201,100.000000,100.522718,0.338624,0.050000,0.003090,0.250000,0.360506,2.080571,0.269348,1
1202,100.000000,100.522718,0.375878,0.050000,0.003536,0.250000,0.370177,2.245486,0.254026,1
1203,100.000000,100.522718,0.416137,0.050000,0.004046,0.250000,0.379357,2.420752,0.239306,1
1204,100.000000,100.522718,0.459605,0.050000,0.004630,0.250000,0.388070,2.607135,0.225217,1
1205,100.000000,100.522718,0.506501,0.050000,0.005299,0.250000,0.396342,2.805456,0.211776,1
1206,100.000000,100.522718,0.557062,0.050000,0.006064,0.250000,0.404197,3.016591,0.198987,1
1207,100.000000,100.522718,0.611546,0.050000,0.006939,0.250000,0.411662,3.241480,0.186847,1
1208,100.000000,100.522718,0.670232,0.050000,0.007941,0.250000,0.418763,3.481124,0.175347,1
1209,100.000000,100.522718,0.733421,0.050000,0.009088,0.250000,0.425524,3.736593,0.164471,1
1210,100.000000,100.522718,0.801440,0.050000,0.010399,0.250000,0.431972,4.009027,0.154202,1
1211,100.000000,100.522718,0.874644,0.050000,0.011901,0.250000,0.438131,4.299644,0.144517,1
1212,100.000000,100.522718,0.953416,0.050000,0.013619,0.250000,0.444025,4.609740,0.135393,1
1213,100.000000,100.522718,1.038174,0.050000,0.015585,0.250000,0.449678,4.940699,0.126807,1
1214,100.000000,100.522718,1.129369,0.050000,0.017835,0.250000,0.455113,5.293996,0.118734,1
1215,100.000000,100.522718,1.227492,0.050000,0.020410,0.250000,0.460353,5.671198,0.111148,1
1216,100.000000,100.522718,1.333076,0.050000,0.023356,0.250000,0.465420,6.073979,0.104024,1
1217,100.000000,100.522718,1.446701,0.050000,0.026728,0.250000,0.470335,6.504117,0.097339,1
1218,100.000000,100.522718,1.568996,0.050000,0.030586,0.250000,0.475121,6.963505,0.091067,1
1219,100.000000,100.522718,1.700646,0.050000,0.035002,0.250000,0.479797,7.454155,0.085186,1
1220,100.000000,100.522718,1.842397,0.050000,0.040055,0.250000,0.484383,7.978205,0.079673,1
1221,100.000000,100.522718,1.995062,0.050000,0.045837,0.250000,0.488901,8.537925,0.074506,1
1222,100.000000,100.522718,2.159527,0.050000,0.052455,0.250000,0.493370,9.135719,0.069665,1
1223,100.000000,100.522718,2.336757,0.050000,0.060027,0.250000,0.497809,9.774139,0.065131,1
1224,100.000000,100.522718,2.527809,0.050000,0.068693,0.250000,0.502239,10.455878,0.060884,1
1225,100.000000,100.522718,2.733835,0.050000,0.078610,0.250000,0.506679,11.183785,0.056908,1
1226,100.000000,100.522718,2.956095,0.050000,0.089959,0.250000,0.511148,11.960859,0.053184,1
1227,100.000000,100.522718,3.195967,0.050000,0.102946,0.250000,0.515666,12.790256,0.049697,1
1228,100.000000,100.522718,3.454962,0.050000,0.117808,0.250000,0.520254,13.675285,0.046433,1
1229,100.000000,100.522718,3.734733,0.050000,0.134815,0.250000,0.524931,14.619407,0.043376,1
1230,100.000000,100.522718,4.037093,0.050000,0.154277,0.250000,0.529718,15.626224,0.040515,1
1231,100.000000,100.522718,4.364031,0.050000,0.176550,0.250000,0.534635,16.699471,0.037835,1
1232,100.000000,100.522718,4.717730,0.050000,0.202037,0.250000,0.539704,17.843002,0.035326,1
1233,100.000000,100.522718,5.100588,0.050000,0.231204,0.250000,0.544946,19.060760,0.032976,1
1234,100.000000,100.522718,5.515236,0.050000,0.264582,0.250000,0.550383,20.356752,0.030776,1
1235,100.000000,100.522718,5.964568,0.050000,0.302779,0.250000,0.556039,21.735005,0.028714,1
1236,100.000000,100.522718,6.451763,0.050000,0.346489,0.250000,0.561935,23.199512,0.026782,1
1237,100.000000,100.522718,6.980315,0.050000,0.396510,0.250000,0.568097,24.754163,0.024972,1
1238,100.000000,100.522718,7.554063,0.050000,0.453753,0.250000,0.574548,26.402660,0.023275,1
1239,100.000000,100.522718,8.177222,0.050000,0.519259,0.250000,0.581313,28.148405,0.021684,1
1240,100.000000,100.522718,8.854419,0.050000,0.594222,0.250000,0.588417,29.994365,0.020191,1
1241,100.000000,100.522718,9.590729,0.050000,0.680006,0.250000,0.595886,31.942909,0.018790,1
1242,100.000000,100.522718,10.391706,0.050000,0.778176,0.250000,0.603746,33.995596,0.017475,1
1243,100.000000,100.522718,11.263425,0.050000,0.890517,0.250000,0.612023,36.152938,0.016239,1
1244,100.000000,100.522718,12.212512,0.050000,1.019077,0.250000,0.620741,38.414096,0.015078,1
1245,100.000000,100.522718,13.246173,0.050000,1.166196,0.250000,0.629926,40.776530,0.013986,1
1246,100.000000,100.522718,14.372217,0.050000,1.334554,0.250000,0.639603,43.235581,0.012959,1
1247,100.000000,100.522718,15.599075,0.050000,1.527217,0.250000,0.649793,45.783984,0.011991,1
1248,100.000000,100.522718,16.935789,0.050000,1.747694,0.250000,0.660518,48.411305,0.011080,1
1249,100.000000,100.522718,18.391998,0.050000,2.000000,0.250000,0.671794,51.103304,0.010221,1
1250,100.000000,99.482690,0.825003,0.050000,0.002700,0.250000,0.661349,1.901021,0.281633,1
1251,100.000000,99.482690,0.859588,0.050000,0.003090,0.250000,0.652209,2.054126,0.265925,1
1252,100.000000,99.482690,0.896995,0.050000,0.003536,0.250000,0.643644,2.216741,0.250774,1
1253,100.000000,99.482690,0.937411,0.050000,0.004046,0.250000,0.635635,2.389572,0.236223,1
1254,100.000000,99.482690,0.981041,0.050000,0.004630,0.250000,0.628163,2.573374,0.222301,1
1255,100.000000,99.482690,1.028103,0.050000,0.005299,0.250000,0.621209,2.768956,0.209021,1
1256,100.000000,99.482690,1.078837,0.050000,0.006064,0.250000,0.614751,2.977185,0.196388,1
1257,100.000000,99.482690,1.133500,0.050000,0.006939,0.250000,0.608772,3.198987,0.184398,1
1258,100.000000,99.482690,1.192370,0.050000,0.007941,0.250000,0.603250,3.435349,0.173041,1
1259,100.000000,99.482690,1.255751,0.050000,0.009088,0.250000,0.598169,3.687326,0.162303,1
1260,100.000000,99.482690,1.323969,0.050000,0.010399,0.250000,0.593509,3.956045,0.152164,1
1261,100.000000,99.482690,1.397380,0.050000,0.011901,0.250000,0.589254,4.242705,0.142603,1
1262,100.000000,99.482690,1.476367,0.050000,0.013619,0.250000,0.585390,4.548587,0.133597,1
1263,100.000000,99.482690,1.561348,0.050000,0.015585,0.250000,0.581899,4.875054,0.125123,1
1264,100.000000,99.482690,1.652776,0.050000,0.017835,0.250000,0.578771,5.223561,0.117154,1
1265,100.000000,99.482690,1.751140,0.050000,0.020410,0.250000,0.575991,5.595656,0.109668,1
1266,100.000000,99.482690,1.856975,0.050000,0.023356,0.250000,0.573549,5.992988,0.102637,1
1267,100.000000,99.482690,1.970859,0.050000,0.026728,0.250000,0.571436,6.417312,0.096040,1
1268,100.000000,99.482690,2.093423,0.050000,0.030586,0.250000,0.569642,6.870496,0.089851,1
1269,100.000000,99.482690,2.225351,0.050000,0.035002,0.250000,0.568161,7.354525,0.084047,1
1270,100.000000,99.482690,2.367388,0.050000,0.040055,0.250000,0.566985,7.871507,0.078607,1
1271,100.000000,99.482690,2.520348,0.050000,0.045837,0.250000,0.566111,8.423681,0.073509,1
1272,100.000000,99.482690,2.685114,0.050000,0.052455,0.250000,0.565535,9.013421,0.068733,1
1273,100.000000,99.482690,2.862653,0.050000,0.060027,0.250000,0.565254,9.643242,0.064259,1
1274,100.000000,99.482690,3.054017,0.050000,0.068693,0.250000,0.565267,10.315803,0.060069,1
1275,100.000000,99.482690,3.260358,0.050000,0.078610,0.250000,0.565574,11.033912,0.056145,1
1276,100.000000,99.482690,3.482934,0.050000,0.089959,0.250000,0.566176,11.800530,0.052471,1
1277,100.000000,99.482690,3.723121,0.050000,0.102946,0.250000,0.567077,12.618770,0.049031,1
1278,100.000000,99.482690,3.982424,0.050000,0.117808,0.250000,0.568279,13.491896,0.045810,1
1279,100.000000,99.482690,4.262494,0.050000,0.134815,0.250000,0.569788,14.423321,0.042794,1
1280,100.000000,99.482690,4.565138,0.050000,0.154277,0.250000,0.571609,15.416602,0.039971,1
1281,100.000000,99.482690,4.892340,0.050000,0.176550,0.250000,0.573751,16.475422,0.037328,1
1282,100.000000,99.482690,5.246274,0.050000,0.202037,0.250000,0.576222,17.603582,0.034852,1
1283,100.000000,99.482690,5.629331,0.050000,0.231204,0.250000,0.579032,18.804974,0.032534,1
1284,100.000000,99.482690,6.044132,0.050000,0.264582,0.250000,0.582192,20.083549,0.030363,1
1285,100.000000,99.482690,6.493559,0.050000,0.302779,0.250000,0.585715,21.443282,0.028329,1
1286,100.000000,99.482690,6.980777,0.050000,0.346489,0.250000,0.589613,22.888111,0.026423,1
1287,100.000000,99.482690,7.509263,0.050000,0.396510,0.250000,0.593903,24.421875,0.024637,1
1288,100.000000,99.482690,8.082837,0.050000,0.453753,0.250000,0.598599,26.048224,0.022962,1
1289,100.000000,99.482690,8.705694,0.050000,0.519259,0.250000,0.603719,27.770516,0.021392,1
1290,100.000000,99.482690,9.382433,0.050000,0.594222,0.250000,0.609280,29.591679,0.019920,1
1291,100.000000,99.482690,10.118100,0.050000,0.680006,0.250000,0.615301,31.514047,0.018537,1
1292,100.000000,99.482690,10.918216,0.050000,0.778176,0.250000,0.621801,33.539162,0.017240,1
1293,100.000000,99.482690,11.788816,0.050000,0.890517,0.250000,0.628800,35.667525,0.016021,1
1294,100.000000,99.482690,12.736481,0.050000,1.019077,0.250000,0.636319,37.898311,0.014876,1
1295,100.000000,99.482690,13.768364,0.050000,1.166196,0.250000,0.644376,40.229014,0.013798,1
1296,100.000000,99.482690,14.892219,0.050000,1.334554,0.250000,0.652991,42.655036,0.012785,1
1297,100.000000,99.482690,16.116407,0.050000,1.527217,0.250000,0.662182,45.169211,0.011830,1
1298,100.000000,99.482690,17.449898,0.050000,1.747694,0.250000,0.671964,47.761245,0.010931,1
1299,100.000000,99.482690,18.902246,0.050000,2.000000,0.250000,0.682353,50.417088,0.010083,1
1300,100.000000,98.473658,1.612780,0.050000,0.002700,0.250000,0.885110,1.007900,0.149319,1
1301,100.000000,98.473658,1.632861,0.050000,0.003090,0.250000,0.869685,1.177865,0.152485,1
1302,100.000000,98.473658,1.656127,0.050000,0.003536,0.250000,0.854057,1.361217,0.153991,1
1303,100.000000,98.473658,1.682827,0.050000,0.004046,0.250000,0.838394,1.557844,0.154002,1
1304,100.000000,98.473658,1.713213,0.050000,0.004630,0.250000,0.822844,1.767744,0.152706,1
1305,100.000000,98.473658,1.747540,0.050000,0.005299,0.250000,0.807535,1.991040,0.150298,1
1306,100.000000,98.473658,1.786071,0.050000,0.006064,0.250000,0.792575,2.227991,0.146968,1
1307,100.000000,98.473658,1.829079,0.050000,0.006939,0.250000,0.778055,2.478995,0.142896,1
1308,100.000000,98.473658,1.876851,0.050000,0.007941,0.250000,0.764044,2.744591,0.138247,1
1309,100.000000,98.473658,1.929691,0.050000,0.009088,0.250000,0.750599,3.025460,0.133170,1
1310,100.000000,98.473658,1.987920,0.050000,0.010399,0.250000,0.737760,3.322416,0.127792,1
1311,100.000000,98.473658,2.051884,0.050000,0.011901,0.250000,0.725557,3.636410,0.122225,1
1312,100.000000,98.473658,2.121956,0.050000,0.013619,0.250000,0.714007,3.968522,0.116560,1
1313,100.000000,98.473658,2.198535,0.050000,0.015585,0.250000,0.703122,4.319962,0.110876,1
1314,100.000000,98.473658,2.282058,0.050000,0.017835,0.250000,0.692904,4.692065,0.105234,1
1315,100.000000,98.473658,2.372996,0.050000,0.020410,0.250000,0.683350,5.086293,0.099685,1
1316,100.000000,98.473658,2.471862,0.050000,0.023356,0.250000,0.674454,5.504231,0.094267,1
1317,100.000000,98.473658,2.579216,0.050000,0.026728,0.250000,0.666206,5.947594,0.089010,1
1318,100.000000,98.473658,2.695665,0.050000,0.030586,0.250000,0.658594,6.418221,0.083936,1
1319,100.000000,98.473658,2.821873,0.050000,0.035002,0.250000,0.651605,6.918085,0.079060,1
1320,100.000000,98.473658,2.958567,0.050000,0.040055,0.250000,0.645223,7.449288,0.074391,1
1321,100.000000,98.473658,3.106536,0.050000,0.045837,0.250000,0.639435,8.014071,0.069935,1
1322,100.000000,98.473658,3.266647,0.050000,0.052455,0.250000,0.634225,8.614814,0.065693,1
1323,100.000000,98.473658,3.439844,0.050000,0.060027,0.250000,0.629580,9.254039,0.061665,1
1324,100.000000,98.473658,3.627162,0.050000,0.068693,0.250000,0.625486,9.934415,0.057848,1
1325,100.000000,98.473658,3.829733,0.050000,0.078610,0.250000,0.621932,10.658759,0.054236,1
1326,100.000000,98.473658,4.048796,0.050000,0.089959,0.250000,0.618905,11.430039,0.050823,1
1327,100.000000,98.473658,4.285709,0.050000,0.102946,0.250000,0.616397,12.251375,0.047603,1
1328,100.000000,98.473658,4.541960,0.050000,0.117808,0.250000,0.614398,13.126033,0.044568,1
1329,100.000000,98.473658,4.819180,0.050000,0.134815,0.250000,0.612903,14.057430,0.041709,1
1330,100.000000,98.473658,5.119159,0.050000,0.154277,0.250000,0.611907,15.049115,0.039018,1
1331,100.000000,98.473658,5.443862,0.050000,0.176550,0.250000,0.611405,16.104771,0.036488,1
1332,100.000000,98.473658,5.795445,0.050000,0.202037,0.250000,0.611396,17.228188,0.034109,1
1333,100.000000,98.473658,6.176278,0.050000,0.231204,0.250000,0.611881,18.423247,0.031874,1
1334,100.000000,98.473658,6.588963,0.050000,0.264582,0.250000,0.612860,19.693885,0.029774,1
1335,100.000000,98.473658,7.036360,0.050000,0.302779,0.250000,0.614338,21.044060,0.027801,1
1336,100.000000,98.473658,7.521611,0.050000,0.346489,0.250000,0.616319,22.477694,0.025949,1
1337,100.000000,98.473658,8.048170,0.050000,0.396510,0.250000,0.618809,23.998608,0.024210,1
1338,100.000000,98.473658,8.619829,0.050000,0.453753,0.250000,0.621818,25.610435,0.022577,1
1339,100.000000,98.473658,9.240753,0.050000,0.519259,0.250000,0.625354,27.316517,0.021043,1
1340,100.000000,98.473658,9.915512,0.050000,0.594222,0.250000,0.629429,29.119771,0.019602,1
1341,100.000000,98.473658,10.649113,0.050000,0.680006,0.250000,0.634055,31.022528,0.018248,1
1342,100.000000,98.473658,11.447039,0.050000,0.778176,0.250000,0.639245,33.026333,0.016976,1
1343,100.000000,98.473658,12.315280,0.050000,0.890517,0.250000,0.645013,35.131706,0.015780,1
1344,100.000000,98.473658,13.260369,0.050000,1.019077,0.250000,0.651373,37.337851,0.014656,1
1345,100.000000,98.473658,14.289403,0.050000,1.166196,0.250000,0.658342,39.642317,0.013597,1
1346,100.000000,98.473658,15.410075,0.050000,1.334554,0.250000,0.665932,42.040586,0.012601,1
1347,100.000000,98.473658,16.630676,0.050000,1.527217,0.250000,0.674157,44.525603,0.011662,1
1348,100.000000,98.473658,17.960101,0.050000,1.747694,0.250000,0.683030,47.087228,0.010777,1
1349,100.000000,98.473658,19.407819,0.050000,2.000000,0.250000,0.692561,49.711609,0.009942,1
1350,100.000000,97.475387,2.549294,0.050000,0.002700,0.250000,0.976444,0.288891,0.042799,1
1351,100.000000,97.475387,2.556869,0.050000,0.003090,0.250000,0.968424,0.394592,0.051083,1
1352,100.000000,97.475387,2.566660,0.050000,0.003536,0.250000,0.959018,0.522601,0.059120,1
1353,100.000000,97.475387,2.579078,0.050000,0.004046,0.250000,0.948301,0.673736,0.066603,1
1354,100.000000,97.475387,2.594550,0.050000,0.004630,0.250000,0.936396,0.848367,0.073286,1
1355,100.000000,97.475387,2.613509,0.050000,0.005299,0.250000,0.923461,1.046503,0.078998,1
1356,100.000000,97.475387,2.636387,0.050000,0.006064,0.250000,0.909678,1.267908,0.083637,1
1357,100.000000,97.475387,2.663620,0.050000,0.006939,0.250000,0.895243,1.512202,0.087167,1
1358,100.000000,97.475387,2.695639,0.050000,0.007941,0.250000,0.880349,1.778963,0.089608,1
1359,100.000000,97.475387,2.732876,0.050000,0.009088,0.250000,0.865185,2.067811,0.091018,1
1360,100.000000,97.475387,2.775763,0.050000,0.010399,0.250000,0.849927,2.378474,0.091485,1
1361,100.000000,97.475387,2.824737,0.050000,0.011901,0.250000,0.834732,2.710837,0.091115,1
1362,100.000000,97.475387,2.880245,0.050000,0.013619,0.250000,0.819740,3.064975,0.090022,1
1363,100.000000,97.475387,2.942746,0.050000,0.015585,0.250000,0.805071,3.441177,0.088321,1
1364,100.000000,97.475387,3.012720,0.050000,0.017835,0.250000,0.790824,3.839953,0.086123,1
1365,100.000000,97.475387,3.090668,0.050000,0.020410,0.250000,0.777082,4.262041,0.083530,1
1366,100.000000,97.475387,3.177124,0.050000,0.023356,0.250000,0.763908,4.708404,0.080637,1
1367,100.000000,97.475387,3.272655,0.050000,0.026728,0.250000,0.751354,5.180226,0.077526,1
1368,100.000000,97.475387,3.377874,0.050000,0.030586,0.250000,0.739457,5.678905,0.074267,1
1369,100.000000,97.475387,3.493440,0.050000,0.035002,0.250000,0.728242,6.206048,0.070922,1
1370,100.000000,97.475387,3.620068,0.050000,0.040055,0.250000,0.717726,6.763462,0.067542,1
1371,100.000000,97.475387,3.758536,0.050000,0.045837,0.250000,0.707919,7.353148,0.064167,1
1372,100.000000,97.475387,3.909691,0.050000,0.052455,0.250000,0.698823,7.977300,0.060832,1
1373,100.000000,97.475387,4.074459,0.050000,0.060027,0.250000,0.690438,8.638292,0.057562,1
1374,100.000000,97.475387,4.253853,0.050000,0.068693,0.250000,0.682758,9.338681,0.054379,1
1375,100.000000,97.475387,4.448981,0.050000,0.078610,0.250000,0.675777,10.081200,0.051297,1
1376,100.000000,97.475387,4.661059,0.050000,0.089959,0.250000,0.669485,10.868755,0.048328,1
1377,100.000000,97.475387,4.891420,0.050000,0.102946,0.250000,0.663873,11.704420,0.045478,1
1378,100.000000,97.475387,5.141525,0.050000,0.117808,0.250000,0.658930,12.591431,0.042753,1
1379,100.000000,97.475387,5.412981,0.050000,0.134815,0.250000,0.654646,13.533182,0.040153,1
1380,100.000000,97.475387,5.707551,0.050000,0.154277,0.250000,0.651013,14.533210,0.037681,1
1381,100.000000,97.475387,6.027173,0.050000,0.176550,0.250000,0.648020,15.595186,0.035333,1
1382,100.000000,97.475387,6.373977,0.050000,0.202037,0.250000,0.645662,16.722897,0.033109,1
1383,100.000000,97.475387,6.750305,0.050000,0.231204,0.250000,0.643931,17.920217,0.031003,1
1384,100.000000,97.475387,7.158730,0.050000,0.264582,0.250000,0.642824,19.191085,0.029013,1
1385,100.000000,97.475387,7.602084,0.050000,0.302779,0.250000,0.642337,20.539453,0.027135,1
1386,100.000000,97.475387,8.083479,0.050000,0.346489,0.250000,0.642469,21.969245,0.025362,1
1387,100.000000,97.475387,8.606336,0.050000,0.396510,0.250000,0.643220,23.484279,0.023691,1
1388,100.000000,97.475387,9.174414,0.050000,0.453753,0.250000,0.644593,25.088193,0.022116,1
1389,100.000000,97.475387,9.791843,0.050000,0.519259,0.250000,0.646591,26.784331,0.020633,1
1390,100.000000,97.475387,10.463154,0.050000,0.594222,0.250000,0.649219,28.575619,0.019236,1
1391,100.000000,97.475387,11.193313,0.050000,0.680006,0.250000,0.652484,30.464401,0.017920,1
1392,100.000000,97.475387,11.987759,0.050000,0.778176,0.250000,0.656394,32.452246,0.016681,1
1393,100.000000,97.475387,12.852432,0.050000,0.890517,0.250000,0.660958,34.539708,0.015514,1
1394,100.000000,97.475387,13.793810,0.050000,1.019077,0.250000,0.666186,36.726041,0.014415,1
1395,100.000000,97.475387,14.818933,0.050000,1.166196,0.250000,0.672087,39.008862,0.013380,1
1396,100.000000,97.475387,15.935426,0.050000,1.334554,0.250000,0.678671,41.383750,0.012404,1
1397,100.000000,97.475387,17.151510,0.050000,1.527217,0.250000,0.685950,43.843774,0.011483,1
1398,100.000000,97.475387,18.475997,0.050000,1.747694,0.250000,0.693929,46.378958,0.010615,1
1399,100.000000,97.475387,19.918271,0.050000,2.000000,0.250000,0.702617,48.975664,0.009795,1
1400,100.000000,96.506466,3.507717,0.050000,0.002700,0.250000,0.997059,0.046694,0.006918,1
1401,100.000000,96.506466,3.510639,0.050000,0.003090,0.250000,0.995017,0.080133,0.010374,1
1402,100.000000,96.506466,3.514519,0.050000,0.003536,0.250000,0.992055,0.129557,0.014656,1
1403,100.000000,96.506466,3.519694,0.050000,0.004046,0.250000,0.987990,0.198830,0.019656,1
1404,100.000000,96.506466,3.526566,0.050000,0.004630,0.250000,0.982675,0.291559,0.025186,1
1405,100.000000,96.506466,3.535603,0.050000,0.005299,0.250000,0.976018,0.410856,0.031014,1
1406,100.000000,96.506466,3.547319,0.050000,0.006064,0.250000,0.967982,0.559177,0.036886,1
1407,100.000000,96.506466,3.562270,0.050000,0.006939,0.250000,0.958594,0.738265,0.042556,1
1408,100.000000,96.506466,3.581043,0.050000,0.007941,0.250000,0.947934,0.949165,0.047810,1
1409,100.000000,96.506466,3.604240,0.050000,0.009088,0.250000,0.936132,1.192317,0.052482,1
1410,100.000000,96.506466,3.632474,0.050000,0.010399,0.250000,0.923349,1.467687,0.056453,1
1411,100.000000,96.506466,3.666365,0.050000,0.011901,0.250000,0.909769,1.774912,0.059657,1
1412,100.000000,96.506466,3.706529,0.050000,0.013619,0.250000,0.895585,2.113449,0.062074,1
1413,100.000000,96.506466,3.753588,0.050000,0.015585,0.250000,0.880992,2.482709,0.063721,1
1414,100.000000,96.506466,3.808162,0.050000,0.017835,0.250000,0.866177,2.882168,0.064641,1
1415,100.000000,96.506466,3.870879,0.050000,0.020410,0.250000,0.851313,3.311456,0.064900,1
1416,100.000000,96.506466,3.942379,0.050000,0.023356,0.250000,0.836556,3.770420,0.064573,1
1417,100.000000,96.506466,4.023318,0.050000,0.026728,0.250000,0.822043,4.259170,0.063742,1
1418,100.000000,96.506466,4.114377,0.050000,0.030586,0.250000,0.807893,4.778101,0.062487,1
1419,100.000000,96.506466,4.216269,0.050000,0.035002,0.250000,0.794203,5.327912,0.060887,1
1420,100.000000,96.506466,4.329750,0.050000,0.040055,0.250000,0.781055,5.909600,0.059015,1
1421,100.000000,96.506466,4.455623,0.050000,0.045837,0.250000,0.768512,6.524463,0.056936,1
1422,100.000000,96.506466,4.594754,0.050000,0.052455,0.250000,0.756626,7.174090,0.054707,1
1423,100.000000,96.506466,4.748073,0.050000,0.060027,0.250000,0.745434,7.860343,0.052378,1
1424,100.000000,96.506466,4.916594,0.050000,0.068693,0.250000,0.734962,8.585354,0.049992,1
1425,100.000000,96.506466,5.101418,0.050000,0.078610,0.250000,0.725228,9.351503,0.047584,1
1426,100.000000,96.506466,5.303746,0.050000,0.089959,0.250000,0.716245,10.161409,0.045182,1
1427,100.000000,96.506466,5.524896,0.050000,0.102946,0.250000,0.708016,11.017916,0.042811,1
1428,100.000000,96.506466,5.766310,0.050000,0.117808,0.250000,0.700544,11.924076,0.040487,1
1429,100.000000,96.506466,6.029570,0.050000,0.134815,0.250000,0.693827,12.883136,0.038225,1
1430,100.000000,96.506466,6.316414,0.050000,0.154277,0.250000,0.687859,13.898523,0.036035,1
1431,100.000000,96.506466,6.628754,0.050000,0.176550,0.250000,0.682636,14.973820,0.033925,1
1432,100.000000,96.506466,6.968692,0.050000,0.202037,0.250000,0.678151,16.112749,0.031901,1
1433,100.000000,96.506466,7.338538,0.050000,0.231204,0.250000,0.674398,17.319136,0.029963,1
1434,100.000000,96.506466,7.740835,0.050000,0.264582,0.250000,0.671371,18.596884,0.028115,1
1435,100.000000,96.506466,8.178382,0.050000,0.302779,0.250000,0.669065,19.949921,0.026356,1
1436,100.000000,96.506466,8.654258,0.050000,0.346489,0.250000,0.667475,21.382154,0.024684,1
1437,100.000000,96.506466,9.171846,0.050000,0.396510,0.250000,0.666598,22.897395,0.023099,1
1438,100.000000,96.506466,9.734871,0.050000,0.453753,0.250000,0.666433,24.499276,0.021597,1
1439,100.000000,96.506466,10.347420,0.050000,0.519259,0.250000,0.666979,26.191150,0.020176,1
1440,100.000000,96.506466,11.013984,0.050000,0.594222,0.250000,0.668237,27.975953,0.018832,1
1441,100.000000,96.506466,11.739484,0.050000,0.680006,0.250000,0.670211,29.856049,0.017562,1
1442,100.000000,96.506466,12.529310,0.050000,0.778176,0.250000,0.672902,31.833037,0.016363,1
1443,100.000000,96.506466,13.389350,0.050000,0.890517,0.250000,0.676317,33.907513,0.015230,1
1444,100.000000,96.506466,14.326024,0.050000,1.019077,0.250000,0.680461,36.078790,0.014161,1
1445,100.000000,96.506466,15.346312,0.050000,1.166196,0.250000,0.685340,38.344562,0.013152,1
1446,100.000000,96.506466,16.457771,0.050000,1.334554,0.250000,0.690961,40.700511,0.012199,1
1447,100.000000,96.506466,17.668547,0.050000,1.527217,0.250000,0.697330,43.139839,0.011299,1
1448,100.000000,96.506466,18.987372,0.050000,1.747694,0.250000,0.704451,45.652739,0.010449,1
1449,100.000000,96.506466,20.423541,0.050000,2.000000,0.250000,0.712328,48.225789,0.009645,1
1450,100.000000,95.547487,4.465480,0.050000,0.002700,0.250000,0.999787,0.004182,0.000619,1
1451,100.000000,95.547487,4.467453,0.050000,0.003090,0.250000,0.999509,0.009713,0.001257,1
1452,100.000000,95.547487,4.469827,0.050000,0.003536,0.250000,0.998976,0.020461,0.002315,1
1453,100.000000,95.547487,4.472753,0.050000,0.004046,0.250000,0.998042,0.039568,0.003912,1
1454,100.000000,95.547487,4.476447,0.050000,0.004630,0.250000,0.996528,0.071012,0.006134,1
1455,100.000000,95.547487,4.481202,0.050000,0.005299,0.250000,0.994239,0.119389,0.009012,1
1456,100.000000,95.547487,4.487397,0.050000,0.006064,0.250000,0.990983,0.189593,0.012506,1
1457,100.000000,95.547487,4.495500,0.050000,0.006939,0.250000,0.986590,0.286439,0.016511,1
1458,100.000000,95.547487,4.506062,0.050000,0.007941,0.250000,0.980933,0.414306,0.020869,1
1459,100.000000,95.547487,4.519709,0.050000,0.009088,0.250000,0.973940,0.576870,0.025392,1
1460,100.000000,95.547487,4.537130,0.050000,0.010399,0.250000,0.965596,0.776938,0.029884,1
1461,100.000000,95.547487,4.559059,0.050000,0.011901,0.250000,0.955950,1.016407,0.034163,1
1462,100.000000,95.547487,4.586266,0.050000,0.013619,0.250000,0.945100,1.296326,0.038075,1
1463,100.000000,95.547487,4.619542,0.050000,0.015585,0.250000,0.933186,1.617024,0.041502,1
1464,100.000000,95.547487,4.659690,0.050000,0.017835,0.250000,0.920378,1.978288,0.044369,1
1465,100.000000,95.547487,4.707520,0.050000,0.020410,0.250000,0.906866,2.379551,0.046636,1
1466,100.000000,95.547487,4.763846,0.050000,0.023356,0.250000,0.892842,2.820074,0.048297,1
1467,100.000000,95.547487,4.829486,0.050000,0.026728,0.250000,0.878500,3.299104,0.049373,1
1468,100.000000,95.547487,4.905267,0.050000,0.030586,0.250000,0.864022,3.816007,0.049905,1
1469,100.000000,95.547487,4.992030,0.050000,0.035002,0.250000,0.849574,4.370367,0.049944,1
1470,100.000000,95.547487,5.090639,0.050000,0.040055,0.250000,0.835308,4.962057,0.049553,1
1471,100.000000,95.547487,5.201987,0.050000,0.045837,0.250000,0.821354,5.591287,0.048792,1
1472,100.000000,95.547487,5.327009,0.050000,0.052455,0.250000,0.807825,6.258625,0.047726,1
1473,100.000000,95.547487,5.466693,0.050000,0.060027,0.250000,0.794812,6.965009,0.046412,1
1474,100.000000,95.547487,5.622092,0.050000,0.068693,0.250000,0.782393,7.711744,0.044905,1
1475,100.000000,95.547487,5.794333,0.050000,0.078610,0.250000,0.770629,8.500490,0.043254,1
1476,100.000000,95.547487,5.984636,0.050000,0.089959,0.250000,0.759566,9.333245,0.041500,1
1477,100.000000,95.547487,6.194322,0.050000,0.102946,0.250000,0.749240,10.212325,0.039680,1
1478,100.000000,95.547487,6.424833,0.050000,0.117808,0.250000,0.739677,11.140341,0.037826,1
1479,100.000000,95.547487,6.677741,0.050000,0.134815,0.250000,0.730895,12.120175,0.035961,1
1480,100.000000,95.547487,6.954771,0.050000,0.154277,0.250000,0.722905,13.154953,0.034107,1
1481,100.000000,95.547487,7.257814,0.050000,0.176550,0.250000,0.715713,14.248018,0.032281,1
1482,100.000000,95.547487,7.588948,0.050000,0.202037,0.250000,0.709323,15.402894,0.030495,1
1483,100.000000,95.547487,7.950459,0.050000,0.231204,0.250000,0.703733,16.623257,0.028759,1
1484,100.000000,95.547487,8.344860,0.050000,0.264582,0.250000,0.698943,17.912886,0.027081,1
1485,100.000000,95.547487,8.774916,0.050000,0.302779,0.250000,0.694950,19.275621,0.025465,1
1486,100.000000,95.547487,9.243671,0.050000,0.346489,0.250000,0.691749,20.715298,0.023914,1
1487,100.000000,95.547487,9.754474,0.050000,0.396510,0.250000,0.689339,22.235680,0.022431,1
1488,100.000000,95.547487,10.311007,0.050000,0.453753,0.250000,0.687716,23.840368,0.021016,1
1489,100.000000,95.547487,10.917317,0.050000,0.519259,0.250000,0.686879,25.532696,0.019669,1
1490,100.000000,95.547487,11.577850,0.050000,0.594222,0.250000,0.686826,27.315597,0.018387,1
1491,100.000000,95.547487,12.297479,0.050000,0.680006,0.250000,0.687557,29.191445,0.017171,1
1492,100.000000,95.547487,13.081542,0.050000,0.778176,0.250000,0.689073,31.161863,0.016018,1
1493,100.000000,95.547487,13.935872,0.050000,0.890517,0.250000,0.691376,33.227486,0.014925,1
1494,100.000000,95.547487,14.866832,0.050000,1.019077,0.250000,0.694469,35.387687,0.013890,1
1495,100.000000,95.547487,15.881333,0.050000,1.166196,0.250000,0.698355,37.640239,0.012910,1
1496,100.000000,95.547487,16.986863,0.050000,1.334554,0.250000,0.703037,39.980928,0.011983,1
1497,100.000000,95.547487,18.191492,0.050000,1.527217,0.250000,0.708518,42.403094,0.011106,1
1498,100.000000,95.547487,19.503869,0.050000,1.747694,0.250000,0.714800,44.897104,0.010276,1
1499,100.000000,95.547487,20.933197,0.050000,2.000000,0.250000,0.721883,47.449754,0.009490,1
1500,100.000000,94.616331,5.396444,0.050000,0.002700,0.250000,0.999991,0.000221,0.000033,1
1501,100.000000,94.616331,5.398295,0.050000,0.003090,0.250000,0.999968,0.000743,0.000096,1
1502,100.000000,94.616331,5.400428,0.050000,0.003536,0.250000,0.999909,0.002161,0.000244,1
1503,100.000000,94.616331,5.402903,0.050000,0.004046,0.250000,0.999768,0.005539,0.000548,1
1504,100.000000,94.616331,5.405811,0.050000,0.004630,0.250000,0.999472,0.012719,0.001099,1
1505,100.000000,94.616331,5.409289,0.050000,0.005299,0.250000,0.998910,0.026523,0.002002,1
1506,100.000000,94.616331,5.413535,0.050000,0.006064,0.250000,0.997934,0.050840,0.003354,1
1507,100.000000,94.616331,5.418829,0.050000,0.006939,0.250000,0.996367,0.090537,0.005219,1
1508,100.000000,94.616331,5.425547,0.050000,0.007941,0.250000,0.994015,0.151189,0.007616,1
1509,100.000000,94.616331,5.434168,0.050000,0.009088,0.250000,0.990690,0.238677,0.010506,1
1510,100.000000,94.616331,5.445281,0.050000,0.010399,0.250000,0.986231,0.358733,0.013798,1
1511,100.000000,94.616331,5.459574,0.050000,0.011901,0.250000,0.980519,0.516528,0.017361,1
1512,100.000000,94.616331,5.477827,0.050000,0.013619,0.250000,0.973490,0.716355,0.021040,1
1513,100.000000,94.616331,5.500891,0.050000,0.015585,0.250000,0.965141,0.961454,0.024677,1
1514,100.000000,94.616331,5.529678,0.050000,0.017835,0.250000,0.955524,1.253972,0.028124,1
1515,100.000000,94.616331,5.565139,0.050000,0.020410,0.250000,0.944745,1.595050,0.031261,1
1516,100.000000,94.616331,5.608251,0.050000,0.023356,0.250000,0.932948,1.984987,0.033995,1
1517,100.000000,94.616331,5.660009,0.050000,0.026728,0.250000,0.920306,2.423452,0.036269,1
1518,100.000000,94.616331,5.721418,0.050000,0.030586,0.250000,0.907008,2.909710,0.038052,1
1519,100.000000,94.616331,5.793492,0.050000,0.035002,0.250000,0.893249,3.442838,0.039345,1
1520,100.000000,94.616331,5.877255,0.050000,0.040055,0.250000,0.879218,4.021912,0.040164,1
1521,100.000000,94.616331,5.973746,0.050000,0.045837,0.250000,0.865097,4.646157,0.040545,1
1522,100.000000,94.616331,6.084028,0.050000,0.052455,0.250000,0.851050,5.315064,0.040531,1
1523,100.000000,94.616331,6.209198,0.050000,0.060027,0.250000,0.837226,6.028467,0.040171,1
1524,100.000000,94.616331,6.350397,0.050000,0.068693,0.250000,0.823753,6.786595,0.039518,1
1525,100.000000,94.616331,6.508827,0.050000,0.078610,0.250000,0.810743,7.590098,0.038621,1
1526,100.000000,94.616331,6.685761,0.050000,0.089959,0.250000,0.798286,8.440047,0.037528,1
1527,100.000000,94.616331,6.882562,0.050000,0.102946,0.250000,0.786458,9.337931,0.036283,1
1528,100.000000,94.616331,7.100698,0.050000,0.117808,0.250000,0.775320,10.285634,0.034924,1
1529,100.000000,94.616331,7.341758,0.050000,0.134815,0.250000,0.764918,11.285410,0.033484,1
1530,100.000000,94.616331,7.607472,0.050000,0.154277,0.250000,0.755288,12.339852,0.031994,1
1531,100.000000,94.616331,7.899729,0.050000,0.176550,0.250000,0.746457,13.451850,0.030477,1
1532,100.000000,94.616331,8.220596,0.050000,0.202037,0.250000,0.738445,14.624557,0.028954,1
1533,100.000000,94.616331,8.572341,0.050000,0.231204,0.250000,0.731263,15.861341,0.027441,1
1534,100.000000,94.616331,8.957457,0.050000,0.264582,0.250000,0.724920,17.165734,0.025951,1
1535,100.000000,94.616331,9.378682,0.050000,0.302779,0.250000,0.719420,18.541374,0.024495,1
1536,100.000000,94.616331,9.839030,0.050000,0.346489,0.250000,0.714767,19.991941,0.023079,1
1537,100.000000,94.616331,10.341815,0.050000,0.396510,0.250000,0.710959,21.521076,0.021710,1
1538,100.000000,94.616331,10.890681,0.050000,0.453753,0.250000,0.707996,23.132293,0.020392,1
1539,100.000000,94.616331,11.489636,0.050000,0.519259,0.250000,0.705879,24.828859,0.019126,1
1540,100.000000,94.616331,12.143078,0.050000,0.594222,0.250000,0.704604,26.613669,0.017915,1
1541,100.000000,94.616331,12.855834,0.050000,0.680006,0.250000,0.704173,28.489080,0.016758,1
1542,100.000000,94.616331,13.633190,0.050000,0.778176,0.250000,0.704584,30.456715,0.015655,1
1543,100.000000,94.616331,14.480924,0.050000,0.890517,0.250000,0.705838,32.517236,0.014606,1
1544,100.000000,94.616331,15.405336,0.050000,1.019077,0.250000,0.707936,34.670061,0.013608,1
1545,100.000000,94.616331,16.413274,0.050000,1.166196,0.250000,0.710878,36.913034,0.012661,1
1546,100.000000,94.616331,17.512154,0.050000,1.334554,0.250000,0.714665,39.242040,0.011762,1
1547,100.000000,94.616331,18.709970,0.050000,1.527217,0.250000,0.719299,41.650550,0.010909,1
1548,100.000000,94.616331,20.015286,0.050000,1.747694,0.250000,0.724778,44.129100,0.010100,1
1549,100.000000,94.616331,21.437214,0.050000,2.000000,0.250000,0.731101,46.664701,0.009333,1
1550,100.000000,93.703148,6.309501,0.050000,0.002700,0.250000,1.000000,0.000007,0.000001,1
1551,100.000000,93.703148,6.311327,0.050000,0.003090,0.250000,0.999999,0.000036,0.000005,1
1552,100.000000,93.703148,6.313418,0.050000,0.003536,0.250000,0.999994,0.000152,0.000017,1
1553,100.000000,93.703148,6.315814,0.050000,0.004046,0.250000,0.999980,0.000544,0.000054,1
1554,100.000000,93.703148,6.318567,0.050000,0.004630,0.250000,0.999940,0.001671,0.000144,1
1555,100.000000,93.703148,6.321747,0.050000,0.005299,0.250000,0.999839,0.004494,0.000339,1
1556,100.000000,93.703148,6.325451,0.050000,0.006064,0.250000,0.999619,0.010760,0.000710,1
1557,100.000000,93.703148,6.329824,0.050000,0.006939,0.250000,0.999184,0.023272,0.001341,1
1558,100.000000,93.703148,6.335076,0.050000,0.007941,0.250000,0.998403,0.046053,0.002320,1
1559,100.000000,93.703148,6.341505,0.050000,0.009088,0.250000,0.997110,0.084331,0.003712,1
1560,100.000000,93.703148,6.349515,0.050000,0.010399,0.250000,0.995120,0.144296,0.005550,1
1561,100.000000,93.703148,6.359630,0.050000,0.011901,0.250000,0.992244,0.232693,0.007821,1
1562,100.000000,93.703148,6.372501,0.050000,0.013619,0.250000,0.988311,0.356300,0.010465,1
1563,100.000000,93.703148,6.388899,0.050000,0.015585,0.250000,0.983185,0.521421,0.013383,1
1564,100.000000,93.703148,6.409712,0.050000,0.017835,0.250000,0.976783,0.733467,0.016450,1
1565,100.000000,93.703148,6.435918,0.050000,0.020410,0.250000,0.969080,0.996687,0.019534,1
1566,100.000000,93.703148,6.468575,0.050000,0.023356,0.250000,0.960109,1.314055,0.022505,1
1567,100.000000,93.703148,6.508799,0.050000,0.026728,0.250000,0.949955,1.687327,0.025252,1
1568,100.000000,93.703148,6.557742,0.050000,0.030586,0.250000,0.938751,2.117188,0.027688,1
1569,100.000000,93.703148,6.616586,0.050000,0.035002,0.250000,0.926658,2.603491,0.029753,1
1570,100.000000,93.703148,6.686530,0.050000,0.040055,0.250000,0.913861,3.145512,0.031412,1
1571,100.000000,93.703148,6.768785,0.050000,0.045837,0.250000,0.900552,3.742205,0.032656,1
1572,100.000000,93.703148,6.864582,0.050000,0.052455,0.250000,0.886923,4.392437,0.033495,1
1573,100.000000,93.703148,6.975167,0.050000,0.060027,0.250000,0.873160,5.095174,0.033952,1
1574,100.000000,93.703148,7.101818,0.050000,0.068693,0.250000,0.859433,5.849633,0.034062,1
1575,100.000000,93.703148,7.245853,0.050000,0.078610,0.250000,0.845898,6.655383,0.033865,1
1576,100.000000,93.703148,7.408645,0.050000,0.089959,0.250000,0.832691,7.512421,0.033404,1
1577,100.000000,93.703148,7.591636,0.050000,0.102946,0.250000,0.819930,8.421198,0.032721,1
1578,100.000000,93.703148,7.796357,0.050000,0.117808,0.250000,0.807714,9.382636,0.031858,1
1579,100.000000,93.703148,8.024444,0.050000,0.134815,0.250000,0.796127,10.398117,0.030852,1
1580,100.000000,93.703148,8.277660,0.050000,0.154277,0.250000,0.785233,11.469457,0.029737,1
1581,100.000000,93.703148,8.557912,0.050000,0.176550,0.250000,0.775088,12.598873,0.028545,1
1582,100.000000,93.703148,8.867278,0.050000,0.202037,0.250000,0.765732,13.788936,0.027300,1
1583,100.000000,93.703148,9.208025,0.050000,0.231204,0.250000,0.757197,15.042522,0.026025,1
1584,100.000000,93.703148,9.582635,0.050000,0.264582,0.250000,0.749507,16.362751,0.024737,1
1585,100.000000,93.703148,9.993830,0.050000,0.302779,0.250000,0.742677,17.752922,0.023453,1
1586,100.000000,93.703148,10.444603,0.050000,0.346489,0.250000,0.736721,19.216439,0.022184,1
1587,100.000000,93.703148,10.938237,0.050000,0.396510,0.250000,0.731645,20.756722,0.020939,1
1588,100.000000,93.703148,11.478345,0.050000,0.453753,0.250000,0.727454,22.377108,0.019726,1
1589,100.000000,93.703148,12.068895,0.050000,0.519259,0.250000,0.724152,24.080736,0.018550,1
1590,100.000000,93.703148,12.714244,0.050000,0.594222,0.250000,0.721739,25.870403,0.017415,1
1591,100.000000,93.703148,13.419173,0.050000,0.680006,0.250000,0.720216,27.748403,0.016322,1
1592,100.000000,93.703148,14.188914,0.050000,0.778176,0.250000,0.719584,29.716327,0.015275,1
1593,100.000000,93.703148,15.029192,0.050000,0.890517,0.250000,0.719843,31.774832,0.014273,1
1594,100.000000,93.703148,15.946245,0.050000,1.019077,0.250000,0.720992,33.923359,0.013315,1
1595,100.000000,93.703148,16.946856,0.050000,1.166196,0.250000,0.723032,36.159807,0.012403,1
1596,100.000000,93.703148,18.038369,0.050000,1.334554,0.250000,0.725962,38.480146,0.011533,1
1597,100.000000,93.703148,19.228700,0.050000,1.527217,0.250000,0.729781,40.877968,0.010707,1
1598,100.000000,93.703148,20.526330,0.050000,1.747694,0.250000,0.734486,43.343971,0.009920,1
1599,100.000000,93.703148,21.940281,0.050000,2.000000,0.250000,0.740075,45.865370,0.009173,1
1600,100.000000,92.798812,7.213715,0.050000,0.002700,0.250000,1.000000,0.000000,0.000000,1
1601,100.000000,92.798812,7.215523,0.050000,0.003090,0.250000,1.000000,0.000001,0.000000,1
1602,100.000000,92.798812,7.217593,0.050000,0.003536,0.250000,1.000000,0.000007,0.000001,1
1603,100.000000,92.798812,7.219961,0.050000,0.004046,0.250000,0.999999,0.000037,0.000004,1
1604,100.000000,92.798812,7.222672,0.050000,0.004630,0.250000,0.999995,0.000159,0.000014,1
1605,100.000000,92.798812,7.225778,0.050000,0.005299,0.250000,0.999982,0.000573,0.000043,1
1606,100.000000,92.798812,7.229345,0.050000,0.006064,0.250000,0.999944,0.001777,0.000117,1
1607,100.000000,92.798812,7.233457,0.050000,0.006939,0.250000,0.999850,0.004816,0.000278,1
1608,100.000000,92.798812,7.238234,0.050000,0.007941,0.250000,0.999642,0.011607,0.000585,1
1609,100.000000,92.798812,7.243846,0.050000,0.009088,0.250000,0.999230,0.025250,0.001111,1
1610,100.000000,92.798812,7.250539,0.050000,0.010399,0.250000,0.998485,0.050224,0.001932,1
1611,100.000000,92.798812,7.258658,0.050000,0.011901,0.250000,0.997247,0.092378,0.003105,1
1612,100.000000,92.798812,7.268670,0.050000,0.013619,0.250000,0.995333,0.158681,0.004661,1
1613,100.000000,92.798812,7.281177,0.050000,0.015585,0.250000,0.992558,0.256758,0.006590,1
1614,100.000000,92.798812,7.296929,0.050000,0.017835,0.250000,0.988753,0.394310,0.008844,1
1615,100.000000,92.798812,7.316815,0.050000,0.020410,0.250000,0.983781,0.578534,0.011339,1
1616,100.000000,92.798812,7.341855,0.050000,0.023356,0.250000,0.977560,0.815632,0.013969,1
1617,100.000000,92.798812,7.373182,0.050000,0.026728,0.250000,0.970062,1.110498,0.016619,1
1618,100.000000,92.798812,7.412019,0.050000,0.030586,0.250000,0.961317,1.466584,0.019180,1
1619,100.000000,92.798812,7.459657,0.050000,0.035002,0.250000,0.951411,1.885942,0.021552,1
1620,100.000000,92.798812,7.517438,0.050000,0.040055,0.250000,0.940472,2.369397,0.023661,1
1621,100.000000,92.798812,7.586737,0.050000,0.045837,0.250000,0.928661,2.916802,0.025453,1
1622,100.000000,92.798812,7.668954,0.050000,0.052455,0.250000,0.916161,3.527334,0.026898,1
1623,100.000000,92.798812,7.765510,0.050000,0.060027,0.250000,0.903163,4.199780,0.027986,1
1624,100.000000,92.798812,7.877846,0.050000,0.068693,0.250000,0.889860,4.932802,0.028724,1
1625,100.000000,92.798812,8.007435,0.050000,0.078610,0.250000,0.876436,5.725154,0.029132,1
1626,100.000000,92.798812,8.155786,0.050000,0.089959,0.250000,0.863064,6.575850,0.029239,1
1627,100.000000,92.798812,8.324459,0.050000,0.102946,0.250000,0.849899,7.484285,0.029081,1
1628,100.000000,92.798812,8.515085,0.050000,0.117808,0.250000,0.837079,8.450309,0.028692,1
1629,100.000000,92.798812,8.729383,0.050000,0.134815,0.250000,0.824723,9.474268,0.028110,1
1630,100.000000,92.798812,8.969178,0.050000,0.154277,0.250000,0.812932,10.557007,0.027371,1
1631,100.000000,92.798812,9.236427,0.050000,0.176550,0.250000,0.801790,11.699861,0.026508,1
1632,100.000000,92.798812,9.533239,0.050000,0.202037,0.250000,0.791365,12.904613,0.025549,1
1633,100.000000,92.798812,9.861901,0.050000,0.231204,0.250000,0.781713,14.173449,0.024521,1
1634,100.000000,92.798812,10.224902,0.050000,0.264582,0.250000,0.772876,15.508898,0.023447,1
1635,100.000000,92.798812,10.624965,0.050000,0.302779,0.250000,0.764889,16.913753,0.022345,1
1636,100.000000,92.798812,11.065067,0.050000,0.346489,0.250000,0.757777,18.390999,0.021231,1
1637,100.000000,92.798812,11.548475,0.050000,0.396510,0.250000,0.751557,19.943707,0.020119,1
1638,100.000000,92.798812,12.078775,0.050000,0.453753,0.250000,0.746245,21.574934,0.019019,1
1639,100.000000,92.798812,12.659902,0.050000,0.519259,0.250000,0.741848,23.287595,0.017939,1
1640,100.000000,92.798812,13.296175,0.050000,0.594222,0.250000,0.738373,25.084316,0.016885,1
1641,100.000000,92.798812,13.992329,0.050000,0.680006,0.250000,0.735825,26.967265,0.015863,1
1642,100.000000,92.798812,14.753551,0.050000,0.778176,0.250000,0.734205,28.937949,0.014875,1
1643,100.000000,92.798812,15.585506,0.050000,0.890517,0.250000,0.733516,30.996979,0.013923,1
1644,100.000000,92.798812,16.494376,0.050000,1.019077,0.250000,0.733758,33.143787,0.013009,1
1645,100.000000,92.798812,17.486876,0.050000,1.166196,0.250000,0.734931,35.376299,0.012134,1
1646,100.000000,92.798812,18.570280,0.050000,1.334554,0.250000,0.737033,37.690549,0.011297,1
1647,100.000000,92.798812,19.752425,0.050000,1.527217,0.250000,0.740063,40.080233,0.010498,1
1648,100.000000,92.798812,21.041708,0.050000,1.747694,0.250000,0.744018,42.536197,0.009735,1
1649,100.000000,92.798812,22.447060,0.050000,2.000000,0.250000,0.748892,45.045852,0.009009,1
1650,100.000000,91.920213,8.092195,0.050000,0.002700,0.250000,1.000000,0.000000,0.000000,1
1651,100.000000,91.920213,8.093986,0.050000,0.003090,0.250000,1.000000,0.000000,0.000000,1
1652,100.000000,91.920213,8.096036,0.050000,0.003536,0.250000,1.000000,0.000000,0.000000,1
1653,100.000000,91.920213,8.098382,0.050000,0.004046,0.250000,1.000000,0.000002,0.000000,1
1654,100.000000,91.920213,8.101066,0.050000,0.004630,0.250000,1.000000,0.000011,0.000001,1
1655,100.000000,91.920213,8.104138,0.050000,0.005299,0.250000,0.999998,0.000058,0.000004,1
1656,100.000000,91.920213,8.107655,0.050000,0.006064,0.250000,0.999993,0.000239,0.000016,1
1657,100.000000,91.920213,8.111685,0.050000,0.006939,0.250000,0.999977,0.000832,0.000048,1
1658,100.000000,91.920213,8.116313,0.050000,0.007941,0.250000,0.999931,0.002498,0.000126,1
1659,100.000000,91.920213,8.121651,0.050000,0.009088,0.250000,0.999819,0.006587,0.000290,1
1660,100.000000,91.920213,8.127853,0.050000,0.010399,0.250000,0.999578,0.015497,0.000596,1
1661,100.000000,91.920213,8.135138,0.050000,0.011901,0.250000,0.999110,0.033011,0.001110,1
1662,100.000000,91.920213,8.143815,0.050000,0.013619,0.250000,0.998281,0.064464,0.001893,1
1663,100.000000,91.920213,8.154314,0.050000,0.015585,0.250000,0.996928,0.116678,0.002995,1
1664,100.000000,91.920213,8.167202,0.050000,0.017835,0.250000,0.994868,0.197623,0.004432,1
1665,100.000000,91.920213,8.183208,0.050000,0.020410,0.250000,0.991921,0.315862,0.006190,1
1666,100.000000,91.920213,8.203222,0.050000,0.023356,0.250000,0.987926,0.479890,0.008219,1
1667,100.000000,91.920213,8.228293,0.050000,0.026728,0.250000,0.982762,0.697506,0.010439,1
1668,100.000000,91.920213,8.259611,0.050000,0.030586,0.250000,0.976358,0.975301,0.012755,1
1669,100.000000,91.920213,8.298492,0.050000,0.035002,0.250000,0.968704,1.318356,0.015066,1
1670,100.000000,91.920213,8.346347,0.050000,0.040055,0.250000,0.959844,1.730138,0.017278,1
1671,100.000000,91.920213,8.404662,0.050000,0.045837,0.250000,0.949873,2.212582,0.019308,1
1672,100.000000,91.920213,8.474978,0.050000,0.052455,0.250000,0.938929,2.766310,0.021095,1
1673,100.000000,91.920213,8.558874,0.050000,0.060027,0.250000,0.927179,3.390925,0.022596,1
1674,100.000000,91.920213,8.657960,0.050000,0.068693,0.250000,0.914807,4.085342,0.023789,1
1675,100.000000,91.920213,8.773873,0.050000,0.078610,0.250000,0.902007,4.848104,0.024669,1
1676,100.000000,91.920213,8.908281,0.050000,0.089959,0.250000,0.888968,5.677659,0.025246,1
1677,100.000000,91.920213,9.062891,0.050000,0.102946,0.250000,0.875872,6.572590,0.025538,1
1678,100.000000,91.920213,9.239466,0.050000,0.117808,0.250000,0.862888,7.531787,0.025573,1
1679,100.000000,91.920213,9.439834,0.050000,0.134815,0.250000,0.850167,8.554566,0.025382,1
1680,100.000000,91.920213,9.665916,0.050000,0.154277,0.250000,0.837842,9.640736,0.024996,1
1681,100.000000,91.920213,9.919743,0.050000,0.176550,0.250000,0.826030,10.790631,0.024448,1
1682,100.000000,91.920213,10.203485,0.050000,0.202037,0.250000,0.814826,12.005101,0.023768,1
1683,100.000000,91.920213,10.519470,0.050000,0.231204,0.250000,0.804313,13.285485,0.022985,1
1684,100.000000,91.920213,10.870216,0.050000,0.264582,0.250000,0.794555,14.633558,0.022123,1
1685,100.000000,91.920213,11.258459,0.050000,0.302779,0.250000,0.785607,16.051455,0.021206,1
1686,100.000000,91.920213,11.687182,0.050000,0.346489,0.250000,0.777511,17.541595,0.020251,1
1687,100.000000,91.920213,12.159644,0.050000,0.396510,0.250000,0.770298,19.106574,0.019275,1
1688,100.000000,91.920213,12.679414,0.050000,0.453753,0.250000,0.763993,20.749050,0.018291,1
1689,100.000000,91.920213,13.250404,0.050000,0.519259,0.250000,0.758616,22.471615,0.017311,1
1690,100.000000,91.920213,13.876900,0.050000,0.594222,0.250000,0.754179,24.276637,0.016342,1
1691,100.000000,91.920213,14.563600,0.050000,0.680006,0.250000,0.750692,26.166083,0.015392,1
1692,100.000000,91.920213,15.315645,0.050000,0.778176,0.250000,0.748162,28.141316,0.014465,1
1693,100.000000,91.920213,16.138650,0.050000,0.890517,0.250000,0.746593,30.202846,0.013566,1
1694,100.000000,91.920213,17.038738,0.050000,1.019077,0.250000,0.745987,32.350055,0.012698,1
1695,100.000000,91.920213,18.022563,0.050000,1.166196,0.250000,0.746345,34.580858,0.011861,1
1696,100.000000,91.920213,19.097327,0.050000,1.334554,0.250000,0.747666,36.891325,0.011057,1
1697,100.000000,91.920213,20.270793,0.050000,1.527217,0.250000,0.749950,39.275231,0.010287,1
1698,100.000000,91.920213,21.551273,0.050000,1.747694,0.250000,0.753191,41.723547,0.009549,1
1699,100.000000,91.920213,22.947609,0.050000,2.000000,0.250000,0.757384,44.223862,0.008845,1
1700,100.000000,91.049804,8.962487,0.050000,0.002700,0.250000,1.000000,0.000000,0.000000,1
1701,100.000000,91.049804,8.964261,0.050000,0.003090,0.250000,1.000000,0.000000,0.000000,1
1702,100.000000,91.049804,8.966291,0.050000,0.003536,0.250000,1.000000,0.000000,0.000000,1
1703,100.000000,91.049804,8.968615,0.050000,0.004046,0.250000,1.000000,0.000000,0.000000,1
1704,100.000000,91.049804,8.971273,0.050000,0.004630,0.250000,1.000000,0.000001,0.000000,1
1705,100.000000,91.049804,8.974316,0.050000,0.005299,0.250000,1.000000,0.000004,0.000000,1
1706,100.000000,91.049804,8.977798,0.050000,0.006064,0.250000,0.999999,0.000025,0.000002,1
1707,100.000000,91.049804,8.981783,0.050000,0.006939,0.250000,0.999997,0.000117,0.000007,1
1708,100.000000,91.049804,8.986346,0.050000,0.007941,0.250000,0.999989,0.000448,0.000023,1
1709,100.000000,91.049804,8.991577,0.050000,0.009088,0.250000,0.999963,0.001465,0.000064,1
1710,100.000000,91.049804,8.997590,0.050000,0.010399,0.250000,0.999897,0.004160,0.000160,1
1711,100.000000,91.049804,9.004536,0.050000,0.011901,0.250000,0.999743,0.010443,0.000351,1
1712,100.000000,91.049804,9.012623,0.050000,0.013619,0.250000,0.999427,0.023543,0.000691,1
1713,100.000000,91.049804,9.022144,0.050000,0.015585,0.250000,0.998836,0.048311,0.001240,1
1714,100.000000,91.049804,9.033505,0.050000,0.017835,0.250000,0.997826,0.091312,0.002048,1
1715,100.000000,91.049804,9.047257,0.050000,0.020410,0.250000,0.996227,0.160624,0.003148,1
1716,100.000000,91.049804,9.064117,0.050000,0.023356,0.250000,0.993856,0.265354,0.004545,1
1717,100.000000,91.049804,9.084979,0.050000,0.026728,0.250000,0.990543,0.414969,0.006210,1
1718,100.000000,91.049804,9.110922,0.050000,0.030586,0.250000,0.986145,0.618557,0.008089,1
1719,100.000000,91.049804,9.143191,0.050000,0.035002,0.250000,0.980562,0.884188,0.010104,1
1720,100.000000,91.049804,9.183186,0.050000,0.040055,0.250000,0.973751,1.218431,0.012168,1
1721,100.000000,91.049804,9.232430,0.050000,0.045837,0.250000,0.965725,1.626120,0.014190,1
1722,100.000000,91.049804,9.292548,0.050000,0.052455,0.250000,0.956553,2.110323,0.016092,1
1723,100.000000,91.049804,9.365240,0.050000,0.060027,0.250000,0.946348,2.672502,0.017809,1
1724,100.000000,91.049804,9.452261,0.050000,0.068693,0.250000,0.935262,3.312798,0.019290,1
1725,100.000000,91.049804,9.555408,0.050000,0.078610,0.250000,0.923470,4.030370,0.020508,1
1726,100.000000,91.049804,9.676516,0.050000,0.089959,0.250000,0.911162,4.823759,0.021449,1
1727,100.000000,91.049804,9.817453,0.050000,0.102946,0.250000,0.898528,5.691212,0.022113,1
1728,100.000000,91.049804,9.980134,0.050000,0.117808,0.250000,0.885757,6.630972,0.022515,1
1729,100.000000,91.049804,10.166527,0.050000,0.134815,0.250000,0.873023,7.641496,0.022673,1
1730,100.000000,91.049804,10.378674,0.050000,0.154277,0.250000,0.860489,8.721615,0.022613,1
1731,100.000000,91.049804,10.618711,0.050000,0.176550,0.250000,0.848299,9.870638,0.022363,1
1732,100.000000,91.049804,10.888891,0.050000,0.202037,0.250000,0.836578,11.088400,0.021953,1
1733,100.000000,91.049804,11.191611,0.050000,0.231204,0.250000,0.825434,12.375272,0.021410,1
1734,100.000000,91.049804,11.529440,0.050000,0.264582,0.250000,0.814958,13.732132,0.020760,1
1735,100.000000,91.049804,11.905148,0.050000,0.302779,0.250000,0.805225,15.160312,0.020028,1
1736,100.000000,91.049804,12.321738,0.050000,0.346489,0.250000,0.796297,16.661518,0.019235,1
1737,100.000000,91.049804,12.782477,0.050000,0.396510,0.250000,0.788222,18.237728,0.018398,1
1738,100.000000,91.049804,13.290929,0.050000,0.453753,0.250000,0.781038,19.891078,0.017535,1
1739,100.000000,91.049804,13.850993,0.050000,0.519259,0.250000,0.774777,21.623718,0.016657,1
1740,100.000000,91.049804,14.466932,0.050000,0.594222,0.250000,0.769460,23.437658,0.015777,1
1741,100.000000,91.049804,15.143410,0.050000,0.680006,0.250000,0.765105,25.334577,0.014903,1
1742,100.000000,91.049804,15.885530,0.050000,0.778176,0.250000,0.761724,27.315616,0.014041,1
1743,100.000000,91.049804,16.698858,0.050000,0.890517,0.250000,0.759326,29.381125,0.013197,1
1744,100.000000,91.049804,17.589465,0.050000,1.019077,0.250000,0.757915,31.530377,0.012376,1
1745,100.000000,91.049804,18.563941,0.050000,1.166196,0.250000,0.757496,33.761237,0.011580,1
1746,100.000000,91.049804,19.629422,0.050000,1.334554,0.250000,0.758070,36.069771,0.010811,1
1747,100.000000,91.049804,20.793594,0.050000,1.527217,0.250000,0.759634,38.449803,0.010071,1
1748,100.000000,91.049804,22.064690,0.050000,1.747694,0.250000,0.762186,40.892406,0.009359,1
1749,100.000000,91.049804,23.451460,0.050000,2.000000,0.250000,0.765720,43.385325,0.008677,1
1750,100.000000,90.203861,9.808316,0.050000,0.002700,0.250000,1.000000,0.000000,0.000000,1
1751,100.000000,90.203861,9.810074,0.050000,0.003090,0.250000,1.000000,0.000000,0.000000,1
1752,100.000000,90.203861,9.812085,0.050000,0.003536,0.250000,1.000000,0.000000,0.000000,1
1753,100.000000,90.203861,9.814387,0.050000,0.004046,0.250000,1.000000,0.000000,0.000000,1
1754,100.000000,90.203861,9.817021,0.050000,0.004630,0.250000,1.000000,0.000000,0.000000,1
1755,100.000000,90.203861,9.820035,0.050000,0.005299,0.250000,1.000000,0.000000,0.000000,1
1756,100.000000,90.203861,9.823484,0.050000,0.006064,0.250000,1.000000,0.000002,0.000000,1
1757,100.000000,90.203861,9.827432,0.050000,0.006939,0.250000,1.000000,0.000014,0.000001,1
1758,100.000000,90.203861,9.831949,0.050000,0.007941,0.250000,0.999998,0.000070,0.000004,1
1759,100.000000,90.203861,9.837120,0.050000,0.009088,0.250000,0.999993,0.000287,0.000013,1
1760,100.000000,90.203861,9.843044,0.050000,0.010399,0.250000,0.999977,0.001000,0.000038,1
1761,100.000000,90.203861,9.849842,0.050000,0.011901,0.250000,0.999932,0.003000,0.000101,1
1762,100.000000,90.203861,9.857671,0.050000,0.013619,0.250000,0.999823,0.007903,0.000232,1
1763,100.000000,90.203861,9.866741,0.050000,0.015585,0.250000,0.999587,0.018583,0.000477,1
1764,100.000000,90.203861,9.877345,0.050000,0.017835,0.250000,0.999130,0.039562,0.000887,1
1765,100.000000,90.203861,9.889886,0.050000,0.020410,0.250000,0.998322,0.077219,0.001513,1
1766,100.000000,90.203861,9.904913,0.050000,0.023356,0.250000,0.997003,0.139702,0.002393,1
1767,100.000000,90.203861,9.923149,0.050000,0.026728,0.250000,0.994997,0.236524,0.003540,1
1768,100.000000,90.203861,9.945510,0.050000,0.030586,0.250000,0.992129,0.377898,0.004942,1
1769,100.000000,90.203861,9.973113,0.050000,0.035002,0.250000,0.988246,0.573947,0.006559,1
1770,100.000000,90.203861,10.007265,0.050000,0.040055,0.250000,0.983231,0.833948,0.008328,1
1771,100.000000,90.203861,10.049452,0.050000,0.045837,0.250000,0.977021,1.165731,0.010173,1
1772,100.000000,90.203861,10.101312,0.050000,0.052455,0.250000,0.969606,1.575309,0.012013,1
1773,100.000000,90.203861,10.164605,0.050000,0.060027,0.250000,0.961035,2.066757,0.013772,1
1774,100.000000,90.203861,10.241185,0.050000,0.068693,0.250000,0.951405,2.642310,0.015386,1
1775,100.000000,90.203861,10.332981,0.050000,0.078610,0.250000,0.940854,3.302619,0.016805,1
1776,100.000000,90.203861,10.441976,0.050000,0.089959,0.250000,0.929548,4.047108,0.017995,1
1777,100.000000,90.203861,10.570198,0.050000,0.102946,0.250000,0.917672,4.874355,0.018940,1
1778,100.000000,90.203861,10.719721,0.050000,0.117808,0.250000,0.905417,5.782469,0.019634,1
1779,100.000000,90.203861,10.892664,0.050000,0.134815,0.250000,0.892972,6.769416,0.020085,1
1780,100.000000,90.203861,11.091211,0.050000,0.154277,0.250000,0.880518,7.833286,0.020310,1
1781,100.000000,90.203861,11.317624,0.050000,0.176550,0.250000,0.868222,8.972488,0.020329,1
1782,100.000000,90.203861,11.574262,0.050000,0.202037,0.250000,0.856235,10.185879,0.020166,1
1783,100.000000,90.203861,11.863613,0.050000,0.231204,0.250000,0.844691,11.472838,0.019849,1
1784,100.000000,90.203861,12.188318,0.050000,0.264582,0.250000,0.833704,12.833279,0.019402,1
1785,100.000000,90.203861,12.551200,0.050000,0.302779,0.250000,0.823372,14.267633,0.018849,1
1786,100.000000,90.203861,12.955302,0.050000,0.346489,0.250000,0.813776,15.776782,0.018213,1
1787,100.000000,90.203861,13.403914,0.050000,0.396510,0.250000,0.804985,17.361974,0.017515,1
1788,100.000000,90.203861,13.900611,0.050000,0.453753,0.250000,0.797051,19.024706,0.016771,1
1789,100.000000,90.203861,14.449288,0.050000,0.519259,0.250000,0.790019,20.766582,0.015997,1
1790,100.000000,90.203861,15.054195,0.050000,0.594222,0.250000,0.783922,22.589153,0.015206,1
1791,100.000000,90.203861,15.719973,0.050000,0.680006,0.250000,0.778786,24.493724,0.014408,1
1792,100.000000,90.203861,16.451691,0.050000,0.778176,0.250000,0.774631,26.481134,0.013612,1
1793,100.000000,90.203861,17.254876,0.050000,0.890517,0.250000,0.771471,28.551505,0.012825,1
1794,100.000000,90.203861,18.135548,0.050000,1.019077,0.250000,0.769317,30.703945,0.012052,1
1795,100.000000,90.203861,19.100241,0.050000,1.166196,0.250000,0.768174,32.936217,0.011297,1
1796,100.000000,90.203861,20.156027,0.050000,1.334554,0.250000,0.768046,35.244340,0.010564,1
1797,100.000000,90.203861,21.310519,0.050000,1.527217,0.250000,0.768934,37.622151,0.009854,1
1798,100.000000,90.203861,22.571871,0.050000,1.747694,0.250000,0.770834,40.060792,0.009169,1
1799,100.000000,90.203861,23.948747,0.050000,2.000000,0.250000,0.773741,42.548140,0.008510,1
1800,100.000000,89.365505,10.646559,0.050000,0.002700,0.250000,1.000000,0.000000,0.000000,1
1801,100.000000,89.365505,10.648300,0.050000,0.003090,0.250000,1.000000,0.000000,0.000000,1
1802,100.000000,89.365505,10.650293,0.050000,0.003536,0.250000,1.000000,0.000000,0.000000,1
1803,100.000000,89.365505,10.652573,0.050000,0.004046,0.250000,1.000000,0.000000,0.000000,1
1804,100.000000,89.365505,10.655183,0.050000,0.004630,0.250000,1.000000,0.000000,0.000000,1
1805,100.000000,89.365505,10.658169,0.050000,0.005299,0.250000,1.000000,0.000000,0.000000,1
1806,100.000000,89.365505,10.661586,0.050000,0.006064,0.250000,1.000000,0.000000,0.000000,1
1807,100.000000,89.365505,10.665496,0.050000,0.006939,0.250000,1.000000,0.000001,0.000000,1
1808,100.000000,89.365505,10.669971,0.050000,0.007941,0.250000,1.000000,0.000009,0.000000,1
1809,100.000000,89.365505,10.675092,0.050000,0.009088,0.250000,0.999999,0.000048,0.000002,1
1810,100.000000,89.365505,10.680953,0.050000,0.010399,0.250000,0.999996,0.000210,0.000008,1
1811,100.000000,89.365505,10.687665,0.050000,0.011901,0.250000,0.999984,0.000766,0.000026,1
1812,100.000000,89.365505,10.695361,0.050000,0.013619,0.250000,0.999950,0.002394,0.000070,1
1813,100.000000,89.365505,10.704209,0.050000,0.015585,0.250000,0.999865,0.006534,0.000168,1
1814,100.000000,89.365505,10.714430,0.050000,0.017835,0.250000,0.999676,0.015847,0.000355,1
1815,100.000000,89.365505,10.726325,0.050000,0.020410,0.250000,0.999300,0.034662,0.000679,1
1816,100.000000,89.365505,10.740310,0.050000,0.023356,0.250000,0.998616,0.069271,0.001186,1
1817,100.000000,89.365505,10.756946,0.050000,0.026728,0.250000,0.997477,0.127936,0.001915,1
1818,100.000000,89.365505,10.776978,0.050000,0.030586,0.250000,0.995711,0.220544,0.002884,1
1819,100.000000,89.365505,10.801357,0.050000,0.035002,0.250000,0.993144,0.357958,0.004091,1
1820,100.000000,89.365505,10.831250,0.050000,0.040055,0.250000,0.989617,0.551188,0.005504,1
1821,100.000000,89.365505,10.868037,0.050000,0.045837,0.250000,0.985005,0.810553,0.007073,1
1822,100.000000,89.365505,10.913300,0.050000,0.052455,0.250000,0.979231,1.144967,0.008731,1
1823,100.000000,89.365505,10.968795,0.050000,0.060027,0.250000,0.972271,1.561468,0.010405,1
1824,100.000000,89.365505,11.036419,0.050000,0.068693,0.250000,0.964159,2.065011,0.012025,1
1825,100.000000,89.365505,11.118189,0.050000,0.078610,0.250000,0.954981,2.658509,0.013528,1
1826,100.000000,89.365505,11.216205,0.050000,0.089959,0.250000,0.944863,3.343071,0.014865,1
1827,100.000000,89.365505,11.332640,0.050000,0.102946,0.250000,0.933965,4.118352,0.016002,1
1828,100.000000,89.365505,11.469719,0.050000,0.117808,0.250000,0.922468,4.982969,0.016919,1
1829,100.000000,89.365505,11.629722,0.050000,0.134815,0.250000,0.910560,5.934904,0.017609,1
1830,100.000000,89.365505,11.814984,0.050000,0.154277,0.250000,0.898433,6.971874,0.018076,1
1831,100.000000,89.365505,12.027908,0.050000,0.176550,0.250000,0.886268,8.091630,0.018333,1
1832,100.000000,89.365505,12.270983,0.050000,0.202037,0.250000,0.874237,9.292187,0.018397,1
1833,100.000000,89.365505,12.546809,0.050000,0.231204,0.250000,0.862496,10.571979,0.018290,1
1834,100.000000,89.365505,12.858118,0.050000,0.264582,0.250000,0.851182,11.929941,0.018036,1
1835,100.000000,89.365505,13.207811,0.050000,0.302779,0.250000,0.840416,13.365540,0.017657,1
1836,100.000000,89.365505,13.598986,0.050000,0.346489,0.250000,0.830300,14.878746,0.017177,1
1837,100.000000,89.365505,14.034973,0.050000,0.396510,0.250000,0.820920,16.469970,0.016615,1
1838,100.000000,89.365505,14.519375,0.050000,0.453753,0.250000,0.812348,18.139959,0.015991,1
1839,100.000000,89.365505,15.056095,0.050000,0.519259,0.250000,0.804642,19.889661,0.015322,1
1840,100.000000,89.365505,15.649383,0.050000,0.594222,0.250000,0.797848,21.720062,0.014621,1
1841,100.000000,89.365505,16.303864,0.050000,0.680006,0.250000,0.792003,23.631995,0.013901,1
1842,100.000000,89.365505,17.024584,0.050000,0.778176,0.250000,0.787137,25.625912,0.013172,1
1843,100.000000,89.365505,17.817034,0.050000,0.890517,0.250000,0.783269,27.701629,0.012443,1
1844,100.000000,89.365505,18.687190,0.050000,1.019077,0.250000,0.780416,29.858022,0.011720,1
1845,100.000000,89.365505,19.641533,0.050000,1.166196,0.250000,0.778588,32.092691,0.011008,1
1846,100.000000,89.365505,20.687074,0.050000,1.334554,0.250000,0.777792,34.401565,0.010311,1
1847,100.000000,89.365505,21.831358,0.050000,1.527217,0.250000,0.778032,36.778449,0.009633,1
1848,100.000000,89.365505,23.082459,0.050000,1.747694,0.250000,0.779305,39.214520,0.008975,1
1849,100.000000,89.365505,24.448956,0.050000,2.000000,0.250000,0.781608,41.697755,0.008340,1
1850,100.000000,88.550429,11.461524,0.050000,0.002700,0.250000,1.000000,0.000000,0.000000,1
1851,100.000000,88.550429,11.463250,0.050000,0.003090,0.250000,1.000000,0.000000,0.000000,1
1852,100.000000,88.550429,11.465224,0.050000,0.003536,0.250000,1.000000,0.000000,0.000000,1
1853,100.000000,88.550429,11.467484,0.050000,0.004046,0.250000,1.000000,0.000000,0.000000,1
1854,100.000000,88.550429,11.470070,0.050000,0.004630,0.250000,1.000000,0.000000,0.000000,1
1855,100.000000,88.550429,11.473028,0.050000,0.005299,0.250000,1.000000,0.000000,0.000000,1
1856,100.000000,88.550429,11.476414,0.050000,0.006064,0.250000,1.000000,0.000000,0.000000,1
1857,100.000000,88.550429,11.480289,0.050000,0.006939,0.250000,1.000000,0.000000,0.000000,1
1858,100.000000,88.550429,11.484723,0.050000,0.007941,0.250000,1.000000,0.000001,0.000000,1
1859,100.000000,88.550429,11.489797,0.050000,0.009088,0.250000,1.000000,0.000007,0.000000,1
1860,100.000000,88.550429,11.495603,0.050000,0.010399,0.250000,0.999999,0.000040,0.000002,1
1861,100.000000,88.550429,11.502248,0.050000,0.011901,0.250000,0.999997,0.000179,0.000006,1
1862,100.000000,88.550429,11.509856,0.050000,0.013619,0.250000,0.999987,0.000671,0.000020,1
1863,100.000000,88.550429,11.518576,0.050000,0.015585,0.250000,0.999959,0.002148,0.000055,1
1864,100.000000,88.550429,11.528592,0.050000,0.017835,0.250000,0.999886,0.005985,0.000134,1
1865,100.000000,88.550429,11.540144,0.050000,0.020410,0.250000,0.999721,0.014779,0.000290,1
1866,100.000000,88.550429,11.553553,0.050000,0.023356,0.250000,0.999386,0.032839,0.000562,1
1867,100.000000,88.550429,11.569258,0.050000,0.026728,0.250000,0.998770,0.066539,0.000996,1
1868,100.000000,88.550429,11.587852,0.050000,0.030586,0.250000,0.997730,0.124378,0.001627,1
1869,100.000000,88.550429,11.610120,0.050000,0.035002,0.250000,0.996100,0.216674,0.002476,1
1870,100.000000,88.550429,11.637065,0.050000,0.040055,0.250000,0.993708,0.354918,0.003544,1
1871,100.000000,88.550429,11.669925,0.050000,0.045837,0.250000,0.990395,0.550901,0.004807,1
1872,100.000000,88.550429,11.710170,0.050000,0.052455,0.250000,0.986030,0.815810,0.006221,1
1873,100.000000,88.550429,11.759490,0.050000,0.060027,0.250000,0.980532,1.159436,0.007726,1
1874,100.000000,88.550429,11.819767,0.050000,0.068693,0.250000,0.973869,1.589620,0.009256,1
1875,100.000000,88.550429,11.893049,0.050000,0.078610,0.250000,0.966068,2.111987,0.010747,1
1876,100.000000,88.550429,11.981514,0.050000,0.089959,0.250000,0.957207,2.729950,0.012139,1
1877,100.000000,88.550429,12.087441,0.050000,0.102946,0.250000,0.947407,3.444929,0.013385,1
1878,100.000000,88.550429,12.213191,0.050000,0.117808,0.250000,0.936824,4.256716,0.014453,1
1879,100.000000,88.550429,12.361189,0.050000,0.134815,0.250000,0.925635,5.163904,0.015321,1
1880,100.000000,88.550429,12.533924,0.050000,0.154277,0.250000,0.914027,6.164325,0.015982,1
1881,100.000000,88.550429,12.733948,0.050000,0.176550,0.250000,0.902192,7.255445,0.016438,1
1882,100.000000,88.550429,12.963889,0.050000,0.202037,0.250000,0.890312,8.434698,0.016699,1
1883,100.000000,88.550429,13.226472,0.050000,0.231204,0.250000,0.878561,9.699734,0.016781,1
1884,100.000000,88.550429,13.524542,0.050000,0.264582,0.250000,0.867096,11.048592,0.016703,1
1885,100.000000,88.550429,13.861090,0.050000,0.302779,0.250000,0.856058,12.479793,0.016487,1
1886,100.000000,88.550429,14.239289,0.050000,0.346489,0.250000,0.845569,13.992372,0.016153,1
1887,100.000000,88.550429,14.662529,0.050000,0.396510,0.250000,0.835735,15.585846,0.015723,1
1888,100.000000,88.550429,15.134450,0.050000,0.453753,0.250000,0.826645,17.260136,0.015215,1
1889,100.000000,88.550429,15.658980,0.050000,0.519259,0.250000,0.818372,19.015449,0.014648,1
1890,100.000000,88.550429,16.240379,0.050000,0.594222,0.250000,0.810977,20.852124,0.014037,1
1891,100.000000,88.550429,16.883271,0.050000,0.680006,0.250000,0.804509,22.770433,0.013394,1
1892,100.000000,88.550429,17.592682,0.050000,0.778176,0.250000,0.799005,24.770364,0.012733,1
1893,100.000000,88.550429,18.374080,0.050000,0.890517,0.250000,0.794495,26.851351,0.012061,1
1894,100.000000,88.550429,19.233401,0.050000,1.019077,0.250000,0.791002,29.011974,0.011388,1
1895,100.000000,88.550429,20.177081,0.050000,1.166196,0.250000,0.788542,31.249614,0.010718,1
1896,100.000000,88.550429,21.212074,0.050000,1.334554,0.250000,0.787125,33.560053,0.010059,1
1897,100.000000,88.550429,22.345860,0.050000,1.527217,0.250000,0.786757,35.937024,0.009412,1
1898,100.000000,88.550429,23.586440,0.050000,1.747694,0.250000,0.787440,38.371698,0.008782,1
1899,100.000000,88.550429,24.942312,0.050000,2.000000,0.250000,0.789172,40.852116,0.008170,1
1900,100.000000,87.742388,12.269456,0.050000,0.002700,0.250000,1.000000,0.000000,0.000000,1
1901,100.000000,87.742388,12.271166,0.050000,0.003090,0.250000,1.000000,0.000000,0.000000,1
1902,100.000000,87.742388,12.273122,0.050000,0.003536,0.250000,1.000000,0.000000,0.000000,1
1903,100.000000,87.742388,12.275361,0.050000,0.004046,0.250000,1.000000,0.000000,0.000000,1
1904,100.000000,87.742388,12.277924,0.050000,0.004630,0.250000,1.000000,0.000000,0.000000,1
1905,100.000000,87.742388,12.280856,0.050000,0.005299,0.250000,1.000000,0.000000,0.000000,1
1906,100.000000,87.742388,12.284211,0.050000,0.006064,0.250000,1.000000,0.000000,0.000000,1
1907,100.000000,87.742388,12.288050,0.050000,0.006939,0.250000,1.000000,0.000000,0.000000,1
1908,100.000000,87.742388,12.292443,0.050000,0.007941,0.250000,1.000000,0.000000,0.000000,1
1909,100.000000,87.742388,12.297471,0.050000,0.009088,0.250000,1.000000,0.000001,0.000000,1
1910,100.000000,87.742388,12.303223,0.050000,0.010399,0.250000,1.000000,0.000007,0.000000,1
1911,100.000000,87.742388,12.309807,0.050000,0.011901,0.250000,0.999999,0.000037,0.000001,1
1912,100.000000,87.742388,12.317341,0.050000,0.013619,0.250000,0.999997,0.000170,0.000005,1
1913,100.000000,87.742388,12.325966,0.050000,0.015585,0.250000,0.999988,0.000647,0.000017,1
1914,100.000000,87.742388,12.335849,0.050000,0.017835,0.250000,0.999963,0.002095,0.000047,1
1915,100.000000,87.742388,12.347195,0.050000,0.020410,0.250000,0.999895,0.005897,0.000116,1
1916,100.000000,87.742388,12.360269,0.050000,0.023356,0.250000,0.999742,0.014692,0.000252,1
1917,100.000000,87.742388,12.375420,0.050000,0.026728,0.250000,0.999428,0.032898,0.000492,1
1918,100.000000,87.742388,12.393122,0.050000,0.030586,0.250000,0.998847,0.067109,0.000878,1
1919,100.000000,87.742388,12.414013,0.050000,0.035002,0.250000,0.997859,0.126181,0.001442,1
1920,100.000000,87.742388,12.438933,0.050000,0.040055,0.250000,0.996303,0.220945,0.002206,1
1921,100.000000,87.742388,12.468956,0.050000,0.045837,0.250000,0.994009,0.363535,0.003172,1
1922,100.000000,87.742388,12.505406,0.050000,0.052455,0.250000,0.990819,0.566477,0.004320,1
1923,100.000000,87.742388,12.549860,0.050000,0.060027,0.250000,0.986604,0.841726,0.005609,1
1924,100.000000,87.742388,12.604129,0.050000,0.068693,0.250000,0.981277,1.199801,0.006986,1
1925,100.000000,87.742388,12.670238,0.050000,0.078610,0.250000,0.974808,1.649180,0.008392,1
1926,100.000000,87.742388,12.750392,0.050000,0.089959,0.250000,0.967219,2.195990,0.009764,1
1927,100.000000,87.742388,12.846940,0.050000,0.102946,0.250000,0.958585,2.843987,0.011050,1
1928,100.000000,87.742388,12.962347,0.050000,0.117808,0.250000,0.949026,3.594775,0.012206,1
1929,100.000000,87.742388,13.099167,0.050000,0.134815,0.250000,0.938693,4.448179,0.013198,1
1930,100.000000,87.742388,13.260033,0.050000,0.154277,0.250000,0.927764,5.402701,0.014008,1
1931,100.000000,87.742388,13.447646,0.050000,0.176550,0.250000,0.916424,6.455976,0.014627,1
1932,100.000000,87.742388,13.664783,0.050000,0.202037,0.250000,0.904863,7.605201,0.015057,1
1933,100.000000,87.742388,13.914305,0.050000,0.231204,0.250000,0.893266,8.847483,0.015307,1
1934,100.000000,87.742388,14.199183,0.050000,0.264582,0.250000,0.881805,10.180110,0.015390,1
1935,100.000000,87.742388,14.522519,0.050000,0.302779,0.250000,0.870638,11.600731,0.015326,1
1936,100.000000,87.742388,14.887576,0.050000,0.346489,0.250000,0.859908,13.107450,0.015132,1
1937,100.000000,87.742388,15.297818,0.050000,0.396510,0.250000,0.849738,14.698861,0.014828,1
1938,100.000000,87.742388,15.756940,0.050000,0.453753,0.250000,0.840235,16.374000,0.014434,1
1939,100.000000,87.742388,16.268912,0.050000,0.519259,0.250000,0.831489,18.132255,0.013968,1
1940,100.000000,87.742388,16.838014,0.050000,0.594222,0.250000,0.823574,19.973229,0.013445,1
1941,100.000000,87.742388,17.468878,0.050000,0.680006,0.250000,0.816552,21.896549,0.012880,1
1942,100.000000,87.742388,18.166525,0.050000,0.778176,0.250000,0.810473,23.901651,0.012286,1
1943,100.000000,87.742388,18.936404,0.050000,0.890517,0.250000,0.805374,25.987510,0.011673,1
1944,100.000000,87.742388,19.784421,0.050000,1.019077,0.250000,0.801287,28.152337,0.011050,1
1945,100.000000,87.742388,20.716971,0.050000,1.166196,0.250000,0.798233,30.393228,0.010425,1
1946,100.000000,87.742388,21.740955,0.050000,1.334554,0.250000,0.796229,32.705764,0.009803,1
1947,100.000000,87.742388,22.863793,0.050000,1.527217,0.250000,0.795283,35.083551,0.009189,1
1948,100.000000,87.742388,24.093416,0.050000,1.747694,0.250000,0.795402,37.517716,0.008587,1
1949,100.000000,87.742388,25.438242,0.050000,2.000000,0.250000,0.796583,39.996328,0.007999,1
1950,100.000000,86.956522,13.055217,0.050000,0.002700,0.250000,1.000000,0.000000,0.000000,1
1951,100.000000,86.956522,13.056911,0.050000,0.003090,0.250000,1.000000,0.000000,0.000000,1
1952,100.000000,86.956522,13.058850,0.050000,0.003536,0.250000,1.000000,0.000000,0.000000,1
1953,100.000000,86.956522,13.061069,0.050000,0.004046,0.250000,1.000000,0.000000,0.000000,1
1954,100.000000,86.956522,13.063608,0.050000,0.004630,0.250000,1.000000,0.000000,0.000000,1
1955,100.000000,86.956522,13.066514,0.050000,0.005299,0.250000,1.000000,0.000000,0.000000,1
1956,100.000000,86.956522,13.069839,0.050000,0.006064,0.250000,1.000000,0.000000,0.000000,1
1957,100.000000,86.956522,13.073644,0.050000,0.006939,0.250000,1.000000,0.000000,0.000000,1
1958,100.000000,86.956522,13.077998,0.050000,0.007941,0.250000,1.000000,0.000000,0.000000,1
1959,100.000000,86.956522,13.082980,0.050000,0.009088,0.250000,1.000000,0.000000,0.000000,1
1960,100.000000,86.956522,13.088681,0.050000,0.010399,0.250000,1.000000,0.000001,0.000000,1
1961,100.000000,86.956522,13.095205,0.050000,0.011901,0.250000,1.000000,0.000007,0.000000,1
1962,100.000000,86.956522,13.102671,0.050000,0.013619,0.250000,0.999999,0.000040,0.000001,1
1963,100.000000,86.956522,13.111214,0.050000,0.015585,0.250000,0.999997,0.000183,0.000005,1
1964,100.000000,86.956522,13.120995,0.050000,0.017835,0.250000,0.999988,0.000695,0.000016,1
1965,100.000000,86.956522,13.132201,0.050000,0.020410,0.250000,0.999962,0.002245,0.000044,1
1966,100.000000,86.956522,13.145063,0.050000,0.023356,0.250000,0.999895,0.006309,0.000108,1
1967,100.000000,86.956522,13.159877,0.050000,0.026728,0.250000,0.999742,0.015693,0.000235,1
1968,100.000000,86.956522,13.177031,0.050000,0.030586,0.250000,0.999430,0.035094,0.000459,1
1969,100.000000,86.956522,13.197048,0.050000,0.035002,0.250000,0.998852,0.071503,0.000817,1
1970,100.000000,86.956522,13.220625,0.050000,0.040055,0.250000,0.997871,0.134304,0.001341,1
1971,100.000000,86.956522,13.248679,0.050000,0.045837,0.250000,0.996327,0.234954,0.002050,1
1972,100.000000,86.956522,13.282374,0.050000,0.052455,0.250000,0.994055,0.386272,0.002946,1
1973,100.000000,86.956522,13.323143,0.050000,0.060027,0.250000,0.990897,0.601477,0.004008,1
1974,100.000000,86.956522,13.372688,0.050000,0.068693,0.250000,0.986729,0.893159,0.005201,1
1975,100.000000,86.956522,13.432961,0.050000,0.078610,0.250000,0.981468,1.272381,0.006474,1
1976,100.000000,86.956522,13.506146,0.050000,0.089959,0.250000,0.975084,1.748034,0.007773,1
1977,100.000000,86.956522,13.594614,0.050000,0.102946,0.250000,0.967602,2.326514,0.009040,1
1978,100.000000,86.956522,13.700897,0.050000,0.117808,0.250000,0.959099,3.011704,0.010226,1
1979,100.000000,86.956522,13.827650,0.050000,0.134815,0.250000,0.949696,3.805205,0.011290,1
1980,100.000000,86.956522,13.977628,0.050000,0.154277,0.250000,0.939544,4.706734,0.012203,1
1981,100.000000,86.956522,14.153672,0.050000,0.176550,0.250000,0.928820,5.714593,0.012947,1
1982,100.000000,86.956522,14.358702,0.050000,0.202037,0.250000,0.917710,6.826160,0.013515,1
1983,100.000000,86.956522,14.595723,0.050000,0.231204,0.250000,0.906403,8.038326,0.013907,1
1984,100.000000,86.956522,14.867838,0.050000,0.264582,0.250000,0.895083,9.347863,0.014132,1
1985,100.000000,86.956522,15.178269,0.050000,0.302779,0.250000,0.883920,10.751700,0.014204,1
1986,100.000000,86.956522,15.530385,0.050000,0.346489,0.250000,0.873074,12.247101,0.014138,1
1987,100.000000,86.956522,15.927738,0.050000,0.396510,0.250000,0.862685,13.831765,0.013953,1
1988,100.000000,86.956522,16.374092,0.050000,0.453753,0.250000,0.852876,15.503834,0.013667,1
1989,100.000000,86.956522,16.873470,0.050000,0.519259,0.250000,0.843754,17.261843,0.013297,1
1990,100.000000,86.956522,17.430186,0.050000,0.594222,0.250000,0.835408,19.104604,0.012860,1
1991,100.000000,86.956522,18.048893,0.050000,0.680006,0.250000,0.827912,21.031037,0.012371,1
1992,100.000000,86.956522,18.734616,0.050000,0.778176,0.250000,0.821327,23.039958,0.011843,1
1993,100.000000,86.956522,19.492794,0.050000,0.890517,0.250000,0.815703,25.129817,0.011288,1
1994,100.000000,86.956522,20.329310,0.050000,1.019077,0.250000,0.811078,27.298391,0.010715,1
1995,100.000000,86.956522,21.250526,0.050000,1.166196,0.250000,0.807481,29.542431,0.010133,1
1996,100.000000,86.956522,22.263297,0.050000,1.334554,0.250000,0.804934,31.857262,0.009548,1
1997,100.000000,86.956522,23.374989,0.050000,1.527217,0.250000,0.803451,34.236318,0.008967,1
1998,100.000000,86.956522,24.593465,0.050000,1.747694,0.250000,0.803040,36.670633,0.008393,1
1999,100.000000,86.956522,25.927071,0.050000,2.000000,0.250000,0.803704,39.148265,0.007830,1
2000,100.000000,86.206897,13.804741,0.050000,0.002700,0.250000,1.000000,0.000000,0.000000,0
2001,100.000000,86.206897,13.806420,0.050000,0.003090,0.250000,1.000000,0.000000,0.000000,0
2002,100.000000,86.206897,13.808343,0.050000,0.003536,0.250000,1.000000,0.000000,0.000000,0
2003,100.000000,86.206897,13.810543,0.050000,0.004046,0.250000,1.000000,0.000000,0.000000,0
2004,100.000000,86.206897,13.813060,0.050000,0.004630,0.250000,1.000000,0.000000,0.000000,0
2005,100.000000,86.206897,13.815941,0.050000,0.005299,0.250000,1.000000,0.000000,0.000000,0
2006,100.000000,86.206897,13.819237,0.050000,0.006064,0.250000,1.000000,0.000000,0.000000,0
2007,100.000000,86.206897,13.823009,0.050000,0.006939,0.250000,1.000000,0.000000,0.000000,0
2008,100.000000,86.206897,13.827326,0.050000,0.007941,0.250000,1.000000,0.000000,0.000000,0
2009,100.000000,86.206897,13.832265,0.050000,0.009088,0.250000,1.000000,0.000000,0.000000,0
2010,100.000000,86.206897,13.837917,0.050000,0.010399,0.250000,1.000000,0.000000,0.000000,0
2011,100.000000,86.206897,13.844385,0.050000,0.011901,0.250000,1.000000,0.000001,0.000000,0
2012,100.000000,86.206897,13.851785,0.050000,0.013619,0.250000,1.000000,0.000009,0.000000,0
2013,100.000000,86.206897,13.860254,0.050000,0.015585,0.250000,0.999999,0.000050,0.000001,0
2014,100.000000,86.206897,13.869946,0.050000,0.017835,0.250000,0.999996,0.000224,0.000005,0
2015,100.000000,86.206897,13.881041,0.050000,0.020410,0.250000,0.999987,0.000835,0.000016,0
2016,100.000000,86.206897,13.893754,0.050000,0.023356,0.250000,0.999958,0.002654,0.000045,0
2017,100.000000,86.206897,13.908346,0.050000,0.026728,0.250000,0.999885,0.007353,0.000110,0
2018,100.000000,86.206897,13.925153,0.050000,0.030586,0.250000,0.999721,0.018068,0.000236,0
2019,100.000000,86.206897,13.944614,0.050000,0.035002,0.250000,0.999390,0.039973,0.000457,0
2020,100.000000,86.206897,13.967315,0.050000,0.040055,0.250000,0.998783,0.080682,0.000806,0
2021,100.000000,86.206897,13.994034,0.050000,0.045837,0.250000,0.997762,0.150305,0.001312,0
2022,100.000000,86.206897,14.025786,0.050000,0.052455,0.250000,0.996169,0.261061,0.001991,0
2023,100.000000,86.206897,14.063852,0.050000,0.060027,0.250000,0.993839,0.426497,0.002842,0
2024,100.000000,86.206897,14.109799,0.050000,0.068693,0.250000,0.990621,0.660456,0.003846,0
2025,100.000000,86.206897,14.165475,0.050000,0.078610,0.250000,0.986398,0.976006,0.004966,0
2026,100.000000,86.206897,14.232997,0.050000,0.089959,0.250000,0.981093,1.384513,0.006156,0
2027,100.000000,86.206897,14.314721,0.050000,0.102946,0.250000,0.974685,1.895001,0.007363,0
2028,100.000000,86.206897,14.413200,0.050000,0.117808,0.250000,0.967206,2.513849,0.008535,0
2029,100.000000,86.206897,14.531156,0.050000,0.134815,0.250000,0.958739,3.244800,0.009627,0
2030,100.000000,86.206897,14.671440,0.050000,0.154277,0.250000,0.949407,4.089228,0.010602,0
2031,100.000000,86.206897,14.837011,0.050000,0.176550,0.250000,0.939367,5.046561,0.011434,0
2032,100.000000,86.206897,15.030922,0.050000,0.202037,0.250000,0.928796,6.114783,0.012106,0
2033,100.000000,86.206897,15.256314,0.050000,0.231204,0.250000,0.917880,7.290932,0.012614,0
2034,100.000000,86.206897,15.516424,0.050000,0.264582,0.250000,0.906807,8.571559,0.012959,0
2035,100.000000,86.206897,15.814598,0.050000,0.302779,0.250000,0.895760,9.953090,0.013149,0
2036,100.000000,86.206897,16.154319,0.050000,0.346489,0.250000,0.884907,11.432100,0.013198,0
2037,100.000000,86.206897,16.539234,0.050000,0.396510,0.250000,0.874405,13.005484,0.013120,0
2038,100.000000,86.206897,16.973190,0.050000,0.453753,0.250000,0.864391,14.670540,0.012933,0
2039,100.000000,86.206897,17.460272,0.050000,0.519259,0.250000,0.854988,16.424959,0.012653,0
2040,100.000000,86.206897,18.004841,0.050000,0.594222,0.250000,0.846298,18.266748,0.012296,0
2041,100.000000,86.206897,18.611578,0.050000,0.680006,0.250000,0.838410,20.194091,0.011879,0
2042,100.000000,86.206897,19.285524,0.050000,0.778176,0.250000,0.831395,22.205140,0.011414,0
2043,100.000000,86.206897,20.032117,0.050000,0.890517,0.250000,0.825315,24.297775,0.010914,0
2044,100.000000,86.206897,20.857227,0.050000,1.019077,0.250000,0.820214,26.469289,0.010390,0
2045,100.000000,86.206897,21.767188,0.050000,1.166196,0.250000,0.816132,28.716043,0.009849,0
2046,100.000000,86.206897,22.768819,0.050000,1.334554,0.250000,0.813094,31.033057,0.009301,0
2047,100.000000,86.206897,23.869434,0.050000,1.527217,0.250000,0.811121,33.413550,0.008751,0
2048,100.000000,86.206897,25.076842,0.050000,1.747694,0.250000,0.810225,35.848423,0.008205,0
2049,100.000000,86.206897,26.399315,0.050000,2.000000,0.250000,0.810412,38.325683,0.007665,0
2050,100.000000,84.267296,15.744079,0.050000,0.002700,0.250000,1.000000,0.000000,0.000000,0
2051,100.000000,84.267296,15.745722,0.050000,0.003090,0.250000,1.000000,0.000000,0.000000,0
2052,100.000000,84.267296,15.747601,0.050000,0.003536,0.250000,1.000000,0.000000,0.000000,0
2053,100.000000,84.267296,15.749751,0.050000,0.004046,0.250000,1.000000,0.000000,0.000000,0
2054,100.000000,84.267296,15.752212,0.050000,0.004630,0.250000,1.000000,0.000000,0.000000,0
2055,100.000000,84.267296,15.755027,0.050000,0.005299,0.250000,1.000000,0.000000,0.000000,0
2056,100.000000,84.267296,15.758250,0.050000,0.006064,0.250000,1.000000,0.000000,0.000000,0
2057,100.000000,84.267296,15.761937,0.050000,0.006939,0.250000,1.000000,0.000000,0.000000,0
2058,100.000000,84.267296,15.766156,0.050000,0.007941,0.250000,1.000000,0.000000,0.000000,0
2059,100.000000,84.267296,15.770984,0.050000,0.009088,0.250000,1.000000,0.000000,0.000000,0
2060,100.000000,84.267296,15.776509,0.050000,0.010399,0.250000,1.000000,0.000000,0.000000,0
2061,100.000000,84.267296,15.782831,0.050000,0.011901,0.250000,1.000000,0.000000,0.000000,0
2062,100.000000,84.267296,15.790066,0.050000,0.013619,0.250000,1.000000,0.000000,0.000000,0
2063,100.000000,84.267296,15.798343,0.050000,0.015585,0.250000,1.000000,0.000001,0.000000,0
2064,100.000000,84.267296,15.807815,0.050000,0.017835,0.250000,1.000000,0.000008,0.000000,0
2065,100.000000,84.267296,15.818654,0.050000,0.020410,0.250000,0.999999,0.000047,0.000001,0
2066,100.000000,84.267296,15.831056,0.050000,0.023356,0.250000,0.999997,0.000213,0.000004,0
2067,100.000000,84.267296,15.845252,0.050000,0.026728,0.250000,0.999989,0.000810,0.000012,0
2068,100.000000,84.267296,15.861513,0.050000,0.030586,0.250000,0.999964,0.002618,0.000034,0
2069,100.000000,84.267296,15.880163,0.050000,0.035002,0.250000,0.999901,0.007362,0.000084,0
2070,100.000000,84.267296,15.901614,0.050000,0.040055,0.250000,0.999755,0.018327,0.000183,0
2071,100.000000,84.267296,15.926393,0.050000,0.045837,0.250000,0.999458,0.041008,0.000358,0
2072,100.000000,84.267296,15.955194,0.050000,0.052455,0.250000,0.998908,0.083594,0.000637,0
2073,100.000000,84.267296,15.988928,0.050000,0.060027,0.250000,0.997975,0.157080,0.001047,0
2074,100.000000,84.267296,16.028771,0.050000,0.068693,0.250000,0.996508,0.274886,0.001601,0
2075,100.000000,84.267296,16.076204,0.050000,0.078610,0.250000,0.994349,0.452028,0.002300,0
2076,100.000000,84.267296,16.133033,0.050000,0.089959,0.250000,0.991352,0.703980,0.003130,0
2077,100.000000,84.267296,16.201391,0.050000,0.102946,0.250000,0.987399,1.045460,0.004062,0
2078,100.000000,84.267296,16.283724,0.050000,0.117808,0.250000,0.982417,1.489368,0.005057,0
2079,100.000000,84.267296,16.382753,0.050000,0.134815,0.250000,0.976380,2.046017,0.006071,0
2080,100.000000,84.267296,16.501444,0.050000,0.154277,0.250000,0.969319,2.722750,0.007059,0
2081,100.000000,84.267296,16.642957,0.050000,0.176550,0.250000,0.961312,3.523903,0.007984,0
2082,100.000000,84.267296,16.810619,0.050000,0.202037,0.250000,0.952480,4.451075,0.008812,0
2083,100.000000,84.267296,17.007888,0.050000,0.231204,0.250000,0.942976,5.503573,0.009522,0
2084,100.000000,84.267296,17.238343,0.050000,0.264582,0.250000,0.932974,6.678960,0.010097,0
2085,100.000000,84.267296,17.505673,0.050000,0.302779,0.250000,0.922658,7.973609,0.010534,0
2086,100.000000,84.267296,17.813688,0.050000,0.346489,0.250000,0.912214,9.383203,0.010832,0
2087,100.000000,84.267296,18.166336,0.050000,0.396510,0.250000,0.901824,10.903141,0.010999,0
2088,100.000000,84.267296,18.567726,0.050000,0.453753,0.250000,0.891658,12.528831,0.011045,0
2089,100.000000,84.267296,19.022165,0.050000,0.519259,0.250000,0.881870,14.255876,0.010982,0
2090,100.000000,84.267296,19.534189,0.050000,0.594222,0.250000,0.872600,16.080139,0.010824,0
2091,100.000000,84.267296,20.108612,0.050000,0.680006,0.250000,0.863969,17.997714,0.010587,0
2092,100.000000,84.267296,20.750559,0.050000,0.778176,0.250000,0.856082,20.004804,0.010283,0
2093,100.000000,84.267296,21.465511,0.050000,0.890517,0.250000,0.849027,22.097525,0.009926,0
2094,100.000000,84.267296,22.259342,0.050000,1.019077,0.250000,0.842877,24.271634,0.009527,0
2095,100.000000,84.267296,23.138351,0.050000,1.166196,0.250000,0.837691,26.522188,0.009097,0
2096,100.000000,84.267296,24.109286,0.050000,1.334554,0.250000,0.833515,28.843152,0.008645,0
2097,100.000000,84.267296,25.179358,0.050000,1.527217,0.250000,0.830386,31.226935,0.008179,0
2098,100.000000,84.267296,26.356241,0.050000,1.747694,0.250000,0.828329,33.663870,0.007705,0
2099,100.000000,84.267296,27.648046,0.050000,2.000000,0.250000,0.827359,36.141639,0.007228,0
2100,100.000000,82.419847,17.591279,0.050000,0.002700,0.250000,1.000000,0.000000,0.000000,0
2101,100.000000,82.419847,17.592885,0.050000,0.003090,0.250000,1.000000,0.000000,0.000000,0
2102,100.000000,82.419847,17.594723,0.050000,0.003536,0.250000,1.000000,0.000000,0.000000,0
2103,100.000000,82.419847,17.596826,0.050000,0.004046,0.250000,1.000000,0.000000,0.000000,0
2104,100.000000,82.419847,17.599233,0.050000,0.004630,0.250000,1.000000,0.000000,0.000000,0
2105,100.000000,82.419847,17.601987,0.050000,0.005299,0.250000,1.000000,0.000000,0.000000,0
2106,100.000000,82.419847,17.605139,0.050000,0.006064,0.250000,1.000000,0.000000,0.000000,0
2107,100.000000,82.419847,17.608745,0.050000,0.006939,0.250000,1.000000,0.000000,0.000000,0
2108,100.000000,82.419847,17.612872,0.050000,0.007941,0.250000,1.000000,0.000000,0.000000,0
2109,100.000000,82.419847,17.617594,0.050000,0.009088,0.250000,1.000000,0.000000,0.000000,0
2110,100.000000,82.419847,17.622998,0.050000,0.010399,0.250000,1.000000,0.000000,0.000000,0
2111,100.000000,82.419847,17.629182,0.050000,0.011901,0.250000,1.000000,0.000000,0.000000,0
2112,100.000000,82.419847,17.636257,0.050000,0.013619,0.250000,1.000000,0.000000,0.000000,0
2113,100.000000,82.419847,17.644354,0.050000,0.015585,0.250000,1.000000,0.000000,0.000000,0
2114,100.000000,82.419847,17.653618,0.050000,0.017835,0.250000,1.000000,0.000000,0.000000,0
2115,100.000000,82.419847,17.664218,0.050000,0.020410,0.250000,1.000000,0.000002,0.000000,0
2116,100.000000,82.419847,17.676347,0.050000,0.023356,0.250000,1.000000,0.000013,0.000000,0
2117,100.000000,82.419847,17.690225,0.050000,0.026728,0.250000,0.999999,0.000070,0.000001,0
2118,100.000000,82.419847,17.706106,0.050000,0.030586,0.250000,0.999996,0.000307,0.000004,0
2119,100.000000,82.419847,17.724284,0.050000,0.035002,0.250000,0.999986,0.001128,0.000013,0
2120,100.000000,82.419847,17.745104,0.050000,0.040055,0.250000,0.999957,0.003545,0.000035,0
2121,100.000000,82.419847,17.768984,0.050000,0.045837,0.250000,0.999884,0.009724,0.000085,0
2122,100.000000,82.419847,17.796448,0.050000,0.052455,0.250000,0.999721,0.023683,0.000181,0
2123,100.000000,82.419847,17.828162,0.050000,0.060027,0.250000,0.999394,0.051989,0.000346,0
2124,100.000000,82.419847,17.864995,0.050000,0.068693,0.250000,0.998801,0.104218,0.000607,0
2125,100.000000,82.419847,17.908072,0.050000,0.078610,0.250000,0.997810,0.192980,0.000982,0
2126,100.000000,82.419847,17.958825,0.050000,0.089959,0.250000,0.996275,0.333397,0.001482,0
2127,100.000000,82.419847,18.019038,0.050000,0.102946,0.250000,0.994043,0.542100,0.002106,0
2128,100.000000,82.419847,18.090861,0.050000,0.117808,0.250000,0.990979,0.835944,0.002838,0
2129,100.000000,82.419847,18.176809,0.050000,0.134815,0.250000,0.986981,1.230688,0.003651,0
2130,100.000000,82.419847,18.279744,0.050000,0.154277,0.250000,0.981987,1.739872,0.004511,0
2131,100.000000,82.419847,18.402833,0.050000,0.176550,0.250000,0.975988,2.374052,0.005379,0
2132,100.000000,82.419847,18.549510,0.050000,0.202037,0.250000,0.969026,3.140449,0.006218,0
2133,100.000000,82.419847,18.723426,0.050000,0.231204,0.250000,0.961190,4.042979,0.006995,0
2134,100.000000,82.419847,18.928418,0.050000,0.264582,0.250000,0.952609,5.082579,0.007684,0
2135,100.000000,82.419847,19.168472,0.050000,0.302779,0.250000,0.943440,6.257722,0.008267,0
2136,100.000000,82.419847,19.447719,0.050000,0.346489,0.250000,0.933858,7.565014,0.008733,0
2137,100.000000,82.419847,19.770422,0.050000,0.396510,0.250000,0.924047,8.999780,0.009079,0
2138,100.000000,82.419847,20.140992,0.050000,0.453753,0.250000,0.914192,10.556574,0.009306,0
2139,100.000000,82.419847,20.564008,0.050000,0.519259,0.250000,0.904468,12.229585,0.009421,0
2140,100.000000,82.419847,21.044243,0.050000,0.594222,0.250000,0.895042,14.012909,0.009433,0
2141,100.000000,82.419847,21.586704,0.050000,0.680006,0.250000,0.886063,15.900694,0.009353,0
2142,100.000000,82.419847,22.196665,0.050000,0.778176,0.250000,0.877666,17.887159,0.009194,0
2143,100.000000,82.419847,22.879713,0.050000,0.890517,0.250000,0.869966,19.966502,0.008968,0
2144,100.000000,82.419847,23.641782,0.050000,1.019077,0.250000,0.863064,22.132705,0.008687,0
2145,100.000000,82.419847,24.489187,0.050000,1.166196,0.250000,0.857041,24.379244,0.008362,0
2146,100.000000,82.419847,25.428655,0.050000,1.334554,0.250000,0.851967,26.698728,0.008002,0
2147,100.000000,82.419847,26.467336,0.050000,1.527217,0.250000,0.847894,29.082454,0.007617,0
2148,100.000000,82.419847,27.612808,0.050000,1.747694,0.250000,0.844865,31.519897,0.007214,0
2149,100.000000,82.419847,28.873055,0.050000,2.000000,0.250000,0.842907,33.998135,0.006800,0
2150,100.000000,80.645161,19.365725,0.050000,0.002700,0.250000,1.000000,0.000000,0.000000,0
2151,100.000000,80.645161,19.367297,0.050000,0.003090,0.250000,1.000000,0.000000,0.000000,0
2152,100.000000,80.645161,19.369095,0.050000,0.003536,0.250000,1.000000,0.000000,0.000000,0
2153,100.000000,80.645161,19.371153,0.050000,0.004046,0.250000,1.000000,0.000000,0.000000,0
2154,100.000000,80.645161,19.373508,0.050000,0.004630,0.250000,1.000000,0.000000,0.000000,0
2155,100.000000,80.645161,19.376202,0.050000,0.005299,0.250000,1.000000,0.000000,0.000000,0
2156,100.000000,80.645161,19.379286,0.050000,0.006064,0.250000,1.000000,0.000000,0.000000,0
2157,100.000000,80.645161,19.382815,0.050000,0.006939,0.250000,1.000000,0.000000,0.000000,0
2158,100.000000,80.645161,19.386853,0.050000,0.007941,0.250000,1.000000,0.000000,0.000000,0
2159,100.000000,80.645161,19.391474,0.050000,0.009088,0.250000,1.000000,0.000000,0.000000,0
2160,100.000000,80.645161,19.396761,0.050000,0.010399,0.250000,1.000000,0.000000,0.000000,0
2161,100.000000,80.645161,19.402811,0.050000,0.011901,0.250000,1.000000,0.000000,0.000000,0
2162,100.000000,80.645161,19.409735,0.050000,0.013619,0.250000,1.000000,0.000000,0.000000,0
2163,100.000000,80.645161,19.417657,0.050000,0.015585,0.250000,1.000000,0.000000,0.000000,0
2164,100.000000,80.645161,19.426721,0.050000,0.017835,0.250000,1.000000,0.000000,0.000000,0
2165,100.000000,80.645161,19.437093,0.050000,0.020410,0.250000,1.000000,0.000000,0.000000,0
2166,100.000000,80.645161,19.448961,0.050000,0.023356,0.250000,1.000000,0.000001,0.000000,0
2167,100.000000,80.645161,19.462540,0.050000,0.026728,0.250000,1.000000,0.000005,0.000000,0
2168,100.000000,80.645161,19.478077,0.050000,0.030586,0.250000,1.000000,0.000029,0.000000,0
2169,100.000000,80.645161,19.495853,0.050000,0.035002,0.250000,0.999998,0.000144,0.000002,0
2170,100.000000,80.645161,19.516196,0.050000,0.040055,0.250000,0.999994,0.000584,0.000006,0
2171,100.000000,80.645161,19.539482,0.050000,0.045837,0.250000,0.999978,0.002003,0.000017,0
2172,100.000000,80.645161,19.566159,0.050000,0.052455,0.250000,0.999936,0.005933,0.000045,0
2173,100.000000,80.645161,19.596774,0.050000,0.060027,0.250000,0.999836,0.015453,0.000103,0
2174,100.000000,80.645161,19.632006,0.050000,0.068693,0.250000,0.999622,0.035972,0.000209,0
2175,100.000000,80.645161,19.672726,0.050000,0.078610,0.250000,0.999211,0.075904,0.000386,0
2176,100.000000,80.645161,19.720054,0.050000,0.089959,0.250000,0.998493,0.146989,0.000654,0
2177,100.000000,80.645161,19.775420,0.050000,0.102946,0.250000,0.997332,0.264072,0.001026,0
2178,100.000000,80.645161,19.840618,0.050000,0.117808,0.250000,0.995583,0.444299,0.001509,0
2179,100.000000,80.645161,19.917839,0.050000,0.134815,0.250000,0.993107,0.705870,0.002094,0
2180,100.000000,80.645161,20.009684,0.050000,0.154277,0.250000,0.989783,1.066596,0.002765,0
2181,100.000000,80.645161,20.119149,0.050000,0.176550,0.250000,0.985532,1.542525,0.003495,0
2182,100.000000,80.645161,20.249598,0.050000,0.202037,0.250000,0.980319,2.146874,0.004250,0
2183,100.000000,80.645161,20.404719,0.050000,0.231204,0.250000,0.974157,2.889380,0.004999,0
2184,100.000000,80.645161,20.588472,0.050000,0.264582,0.250000,0.967114,3.776089,0.005709,0
2185,100.000000,80.645161,20.805050,0.050000,0.302779,0.250000,0.959295,4.809534,0.006354,0
2186,100.000000,80.645161,21.058835,0.050000,0.346489,0.250000,0.950842,5.989176,0.006914,0
2187,100.000000,80.645161,21.354381,0.050000,0.396510,0.250000,0.941921,7.312000,0.007376,0
2188,100.000000,80.645161,21.696396,0.050000,0.453753,0.250000,0.932710,8.773147,0.007734,0
2189,100.000000,80.645161,22.089751,0.050000,0.519259,0.250000,0.923393,10.366505,0.007986,0
2190,100.000000,80.645161,22.539491,0.050000,0.594222,0.250000,0.914148,12.085198,0.008135,0
2191,100.000000,80.645161,23.050861,0.050000,0.680006,0.250000,0.905146,13.921935,0.008189,0
2192,100.000000,80.645161,23.629337,0.050000,0.778176,0.250000,0.896544,15.869222,0.008157,0
2193,100.000000,80.645161,24.280662,0.050000,0.890517,0.250000,0.888483,17.919424,0.008049,0
2194,100.000000,80.645161,25.010884,0.050000,1.019077,0.250000,0.881087,20.064697,0.007876,0
2195,100.000000,80.645161,25.826387,0.050000,1.166196,0.250000,0.874464,22.296790,0.007648,0
2196,100.000000,80.645161,26.733923,0.050000,1.334554,0.250000,0.868702,24.606750,0.007375,0
2197,100.000000,80.645161,27.740626,0.050000,1.527217,0.250000,0.863876,26.984525,0.007068,0
2198,100.000000,80.645161,28.854016,0.050000,1.747694,0.250000,0.860044,29.418477,0.006733,0
2199,100.000000,80.645161,30.081985,0.050000,2.000000,0.250000,0.857250,31.894827,0.006379,0
2200,100.000000,78.945291,21.065366,0.050000,0.002700,0.250000,1.000000,0.000000,0.000000,0
2201,100.000000,78.945291,21.066904,0.050000,0.003090,0.250000,1.000000,0.000000,0.000000,0
2202,100.000000,78.945291,21.068665,0.050000,0.003536,0.250000,1.000000,0.000000,0.000000,0
2203,100.000000,78.945291,21.070679,0.050000,0.004046,0.250000,1.000000,0.000000,0.000000,0
2204,100.000000,78.945291,21.072985,0.050000,0.004630,0.250000,1.000000,0.000000,0.000000,0
2205,100.000000,78.945291,21.075623,0.050000,0.005299,0.250000,1.000000,0.000000,0.000000,0
2206,100.000000,78.945291,21.078641,0.050000,0.006064,0.250000,1.000000,0.000000,0.000000,0
2207,100.000000,78.945291,21.082096,0.050000,0.006939,0.250000,1.000000,0.000000,0.000000,0
2208,100.000000,78.945291,21.086048,0.050000,0.007941,0.250000,1.000000,0.000000,0.000000,0
2209,100.000000,78.945291,21.090572,0.050000,0.009088,0.250000,1.000000,0.000000,0.000000,0
2210,100.000000,78.945291,21.095748,0.050000,0.010399,0.250000,1.000000,0.000000,0.000000,0
2211,100.000000,78.945291,21.101671,0.050000,0.011901,0.250000,1.000000,0.000000,0.000000,0
2212,100.000000,78.945291,21.108448,0.050000,0.013619,0.250000,1.000000,0.000000,0.000000,0
2213,100.000000,78.945291,21.116203,0.050000,0.015585,0.250000,1.000000,0.000000,0.000000,0
2214,100.000000,78.945291,21.125076,0.050000,0.017835,0.250000,1.000000,0.000000,0.000000,0
2215,100.000000,78.945291,21.135230,0.050000,0.020410,0.250000,1.000000,0.000000,0.000000,0
2216,100.000000,78.945291,21.146847,0.050000,0.023356,0.250000,1.000000,0.000000,0.000000,0
2217,100.000000,78.945291,21.160140,0.050000,0.026728,0.250000,1.000000,0.000000,0.000000,0
2218,100.000000,78.945291,21.175349,0.050000,0.030586,0.250000,1.000000,0.000002,0.000000,0
2219,100.000000,78.945291,21.192750,0.050000,0.035002,0.250000,1.000000,0.000016,0.000000,0
2220,100.000000,78.945291,21.212659,0.050000,0.040055,0.250000,0.999999,0.000083,0.000001,0
2221,100.000000,78.945291,21.235439,0.050000,0.045837,0.250000,0.999996,0.000364,0.000003,0
2222,100.000000,78.945291,21.261507,0.050000,0.052455,0.250000,0.999987,0.001331,0.000010,0
2223,100.000000,78.945291,21.291356,0.050000,0.060027,0.250000,0.999959,0.004171,0.000028,0
2224,100.000000,78.945291,21.325572,0.050000,0.068693,0.250000,0.999889,0.011413,0.000066,0
2225,100.000000,78.945291,21.364876,0.050000,0.078610,0.250000,0.999734,0.027739,0.000141,0
2226,100.000000,78.945291,21.410176,0.050000,0.089959,0.250000,0.999424,0.060778,0.000270,0
2227,100.000000,78.945291,21.462626,0.050000,0.102946,0.250000,0.998862,0.121634,0.000473,0
2228,100.000000,78.945291,21.523695,0.050000,0.117808,0.250000,0.997926,0.224885,0.000764,0
2229,100.000000,78.945291,21.595231,0.050000,0.134815,0.250000,0.996479,0.387970,0.001151,0
2230,100.000000,78.945291,21.679502,0.050000,0.154277,0.250000,0.994382,0.630008,0.001633,0
2231,100.000000,78.945291,21.779221,0.050000,0.176550,0.250000,0.991511,0.970301,0.002198,0
2232,100.000000,78.945291,21.897541,0.050000,0.202037,0.250000,0.987774,1.426795,0.002825,0
2233,100.000000,78.945291,22.038034,0.050000,0.231204,0.250000,0.983122,2.014779,0.003486,0
2234,100.000000,78.945291,22.204643,0.050000,0.264582,0.250000,0.977552,2.745998,0.004151,0
2235,100.000000,78.945291,22.401636,0.050000,0.302779,0.250000,0.971114,3.628240,0.004793,0
2236,100.000000,78.945291,22.633552,0.050000,0.346489,0.250000,0.963899,4.665356,0.005386,0
2237,100.000000,78.945291,22.905161,0.050000,0.396510,0.250000,0.956036,5.857630,0.005909,0
2238,100.000000,78.945291,23.221428,0.050000,0.453753,0.250000,0.947683,7.202349,0.006349,0
2239,100.000000,78.945291,23.587499,0.050000,0.519259,0.250000,0.939011,8.694462,0.006698,0
2240,100.000000,78.945291,24.008694,0.050000,0.594222,0.250000,0.930201,10.327223,0.006952,0
2241,100.000000,78.945291,24.490517,0.050000,0.680006,0.250000,0.921433,12.092736,0.007113,0
2242,100.000000,78.945291,25.038679,0.050000,0.778176,0.250000,0.912879,13.982367,0.007187,0
2243,100.000000,78.945291,25.659120,0.050000,0.890517,0.250000,0.904699,15.987002,0.007181,0
2244,100.000000,78.945291,26.358044,0.050000,1.019077,0.250000,0.897038,18.097143,0.007103,0
2245,100.000000,78.945291,27.141951,0.050000,1.166196,0.250000,0.890024,20.302846,0.006964,0
2246,100.000000,78.945291,28.017661,0.050000,1.334554,0.250000,0.883769,22.593531,0.006772,0
2247,100.000000,78.945291,28.992333,0.050000,1.527217,0.250000,0.878365,24.957657,0.006537,0
2248,100.000000,78.945291,30.073473,0.050000,1.747694,0.250000,0.873890,27.382296,0.006267,0
2249,100.000000,78.945291,31.268915,0.050000,2.000000,0.250000,0.870404,29.852609,0.005971,0
2250,100.000000,77.321580,22.688857,0.050000,0.002700,0.250000,1.000000,0.000000,0.000000,0
2251,100.000000,77.321580,22.690364,0.050000,0.003090,0.250000,1.000000,0.000000,0.000000,0
2252,100.000000,77.321580,22.692088,0.050000,0.003536,0.250000,1.000000,0.000000,0.000000,0
2253,100.000000,77.321580,22.694061,0.050000,0.004046,0.250000,1.000000,0.000000,0.000000,0
2254,100.000000,77.321580,22.696319,0.050000,0.004630,0.250000,1.000000,0.000000,0.000000,0
2255,100.000000,77.321580,22.698903,0.050000,0.005299,0.250000,1.000000,0.000000,0.000000,0
2256,100.000000,77.321580,22.701859,0.050000,0.006064,0.250000,1.000000,0.000000,0.000000,0
2257,100.000000,77.321580,22.705243,0.050000,0.006939,0.250000,1.000000,0.000000,0.000000,0
2258,100.000000,77.321580,22.709114,0.050000,0.007941,0.250000,1.000000,0.000000,0.000000,0
2259,100.000000,77.321580,22.713545,0.050000,0.009088,0.250000,1.000000,0.000000,0.000000,0
2260,100.000000,77.321580,22.718614,0.050000,0.010399,0.250000,1.000000,0.000000,0.000000,0
2261,100.000000,77.321580,22.724415,0.050000,0.011901,0.250000,1.000000,0.000000,0.000000,0
2262,100.000000,77.321580,22.731053,0.050000,0.013619,0.250000,1.000000,0.000000,0.000000,0
2263,100.000000,77.321580,22.738648,0.050000,0.015585,0.250000,1.000000,0.000000,0.000000,0
2264,100.000000,77.321580,22.747340,0.050000,0.017835,0.250000,1.000000,0.000000,0.000000,0
2265,100.000000,77.321580,22.757284,0.050000,0.020410,0.250000,1.000000,0.000000,0.000000,0
2266,100.000000,77.321580,22.768663,0.050000,0.023356,0.250000,1.000000,0.000000,0.000000,0
2267,100.000000,77.321580,22.781682,0.050000,0.026728,0.250000,1.000000,0.000000,0.000000,0
2268,100.000000,77.321580,22.796578,0.050000,0.030586,0.250000,1.000000,0.000000,0.000000,0
2269,100.000000,77.321580,22.813621,0.050000,0.035002,0.250000,1.000000,0.000001,0.000000,0
2270,100.000000,77.321580,22.833120,0.050000,0.040055,0.250000,1.000000,0.000010,0.000000,0
2271,100.000000,77.321580,22.855429,0.050000,0.045837,0.250000,0.999999,0.000059,0.000001,0
2272,100.000000,77.321580,22.880951,0.050000,0.052455,0.250000,0.999998,0.000271,0.000002,0
2273,100.000000,77.321580,22.910155,0.050000,0.060027,0.250000,0.999991,0.001035,0.000007,0
2274,100.000000,77.321580,22.943583,0.050000,0.068693,0.250000,0.999970,0.003364,0.000020,0
2275,100.000000,77.321580,22.981880,0.050000,0.078610,0.250000,0.999915,0.009506,0.000048,0
2276,100.000000,77.321580,23.025826,0.050000,0.089959,0.250000,0.999790,0.023759,0.000106,0
2277,100.000000,77.321580,23.076393,0.050000,0.102946,0.250000,0.999535,0.053347,0.000207,0
2278,100.000000,77.321580,23.134805,0.050000,0.117808,0.250000,0.999061,0.109067,0.000370,0
2279,100.000000,77.321580,23.202609,0.050000,0.134815,0.250000,0.998257,0.205445,0.000610,0
2280,100.000000,77.321580,23.281749,0.050000,0.154277,0.250000,0.996992,0.360243,0.000934,0
2281,100.000000,77.321580,23.374609,0.050000,0.176550,0.250000,0.995131,0.593334,0.001344,0
2282,100.000000,77.321580,23.484055,0.050000,0.202037,0.250000,0.992552,0.925169,0.001832,0
2283,100.000000,77.321580,23.613428,0.050000,0.231204,0.250000,0.989158,1.375123,0.002379,0
2284,100.000000,77.321580,23.766530,0.050000,0.264582,0.250000,0.984892,1.960023,0.002963,0
2285,100.000000,77.321580,23.947578,0.050000,0.302779,0.250000,0.979744,2.693087,0.003558,0
2286,100.000000,77.321580,24.161153,0.050000,0.346489,0.250000,0.973753,3.583348,0.004137,0
2287,100.000000,77.321580,24.412145,0.050000,0.396510,0.250000,0.967002,4.635564,0.004676,0
2288,100.000000,77.321580,24.705705,0.050000,0.453753,0.250000,0.959612,5.850517,0.005157,0
2289,100.000000,77.321580,25.047207,0.050000,0.519259,0.250000,0.951732,7.225564,0.005566,0
2290,100.000000,77.321580,25.442223,0.050000,0.594222,0.250000,0.943532,8.755308,0.005894,0
2291,100.000000,77.321580,25.896511,0.050000,0.680006,0.250000,0.935188,10.432273,0.006137,0
2292,100.000000,77.321580,26.416027,0.050000,0.778176,0.250000,0.926879,12.247490,0.006295,0
2293,100.000000,77.321580,27.006933,0.050000,0.890517,0.250000,0.918777,14.190944,0.006374,0
2294,100.000000,77.321580,27.675620,0.050000,1.019077,0.250000,0.911042,16.251866,0.006379,0
2295,100.000000,77.321580,28.428737,0.050000,1.166196,0.250000,0.903821,18.418836,0.006318,0
2296,100.000000,77.321580,29.273211,0.050000,1.334554,0.250000,0.897243,20.679727,0.006198,0
2297,100.000000,77.321580,30.216267,0.050000,1.527217,0.250000,0.891421,23.021497,0.006030,0
2298,100.000000,77.321580,31.265431,0.050000,1.747694,0.250000,0.886448,25.429841,0.005820,0
2299,100.000000,77.321580,32.428519,0.050000,2.000000,0.250000,0.882402,27.888730,0.005578,0
2300,100.000000,75.757576,24.252651,0.050000,0.002700,0.250000,1.000000,0.000000,0.000000,0
2301,100.000000,75.757576,24.254127,0.050000,0.003090,0.250000,1.000000,0.000000,0.000000,0
2302,100.000000,75.757576,24.255816,0.050000,0.003536,0.250000,1.000000,0.000000,0.000000,0
2303,100.000000,75.757576,24.257750,0.050000,0.004046,0.250000,1.000000,0.000000,0.000000,0
2304,100.000000,75.757576,24.259962,0.050000,0.004630,0.250000,1.000000,0.000000,0.000000,0
2305,100.000000,75.757576,24.262493,0.050000,0.005299,0.250000,1.000000,0.000000,0.000000,0
2306,100.000000,75.757576,24.265390,0.050000,0.006064,0.250000,1.000000,0.000000,0.000000,0
2307,100.000000,75.757576,24.268705,0.050000,0.006939,0.250000,1.000000,0.000000,0.000000,0
2308,100.000000,75.757576,24.272498,0.050000,0.007941,0.250000,1.000000,0.000000,0.000000,0
2309,100.000000,75.757576,24.276839,0.050000,0.009088,0.250000,1.000000,0.000000,0.000000,0
2310,100.000000,75.757576,24.281806,0.050000,0.010399,0.250000,1.000000,0.000000,0.000000,0
2311,100.000000,75.757576,24.287489,0.050000,0.011901,0.250000,1.000000,0.000000,0.000000,0
2312,100.000000,75.757576,24.293993,0.050000,0.013619,0.250000,1.000000,0.000000,0.000000,0
2313,100.000000,75.757576,24.301435,0.050000,0.015585,0.250000,1.000000,0.000000,0.000000,0
2314,100.000000,75.757576,24.309950,0.050000,0.017835,0.250000,1.000000,0.000000,0.000000,0
2315,100.000000,75.757576,24.319694,0.050000,0.020410,0.250000,1.000000,0.000000,0.000000,0
2316,100.000000,75.757576,24.330842,0.050000,0.023356,0.250000,1.000000,0.000000,0.000000,0
2317,100.000000,75.757576,24.343598,0.050000,0.026728,0.250000,1.000000,0.000000,0.000000,0
2318,100.000000,75.757576,24.358193,0.050000,0.030586,0.250000,1.000000,0.000000,0.000000,0
2319,100.000000,75.757576,24.374891,0.050000,0.035002,0.250000,1.000000,0.000000,0.000000,0
2320,100.000000,75.757576,24.393996,0.050000,0.040055,0.250000,1.000000,0.000001,0.000000,0
2321,100.000000,75.757576,24.415852,0.050000,0.045837,0.250000,1.000000,0.000009,0.000000,0
2322,100.000000,75.757576,24.440857,0.050000,0.052455,0.250000,1.000000,0.000050,0.000000,0
2323,100.000000,75.757576,24.469463,0.050000,0.060027,0.250000,0.999998,0.000235,0.000002,0
2324,100.000000,75.757576,24.502191,0.050000,0.068693,0.250000,0.999992,0.000917,0.000005,0
2325,100.000000,75.757576,24.539646,0.050000,0.078610,0.250000,0.999975,0.003044,0.000015,0
2326,100.000000,75.757576,24.582542,0.050000,0.089959,0.250000,0.999928,0.008754,0.000039,0
2327,100.000000,75.757576,24.631736,0.050000,0.102946,0.250000,0.999818,0.022219,0.000086,0
2328,100.000000,75.757576,24.688285,0.050000,0.117808,0.250000,0.999592,0.050564,0.000172,0
2329,100.000000,75.757576,24.753511,0.050000,0.134815,0.250000,0.999166,0.104593,0.000310,0
2330,100.000000,75.757576,24.829074,0.050000,0.154277,0.250000,0.998437,0.199037,0.000516,0
2331,100.000000,75.757576,24.917050,0.050000,0.176550,0.250000,0.997278,0.352117,0.000798,0
2332,100.000000,75.757576,25.019984,0.050000,0.202037,0.250000,0.995561,0.584443,0.001157,0
2333,100.000000,75.757576,25.140929,0.050000,0.231204,0.250000,0.993165,0.917427,0.001587,0
2334,100.000000,75.757576,25.283450,0.050000,0.264582,0.250000,0.989995,1.371544,0.002074,0
2335,100.000000,75.757576,25.451610,0.050000,0.302779,0.250000,0.985991,1.964734,0.002596,0
2336,100.000000,75.757576,25.649920,0.050000,0.346489,0.250000,0.981142,2.711210,0.003130,0
2337,100.000000,75.757576,25.883292,0.050000,0.396510,0.250000,0.975481,3.620776,0.003653,0
2338,100.000000,75.757576,26.156974,0.050000,0.453753,0.250000,0.969087,4.698662,0.004142,0
2339,100.000000,75.757576,26.476503,0.050000,0.519259,0.250000,0.962077,5.945776,0.004580,0
2340,100.000000,75.757576,26.847657,0.050000,0.594222,0.250000,0.954598,7.359247,0.004954,0
2341,100.000000,75.757576,27.276427,0.050000,0.680006,0.250000,0.946813,8.933100,0.005255,0
2342,100.000000,75.757576,27.769006,0.050000,0.778176,0.250000,0.938899,10.658956,0.005479,0
2343,100.000000,75.757576,28.331783,0.050000,0.890517,0.250000,0.931030,12.526639,0.005627,0
2344,100.000000,75.757576,28.971359,0.050000,1.019077,0.250000,0.923378,14.524649,0.005701,0
2345,100.000000,75.757576,29.694558,0.050000,1.166196,0.250000,0.916103,16.640451,0.005708,0
2346,100.000000,75.757576,30.508444,0.050000,1.334554,0.250000,0.909349,18.860590,0.005653,0
2347,100.000000,75.757576,31.420341,0.050000,1.527217,0.250000,0.903244,21.170611,0.005545,0
2348,100.000000,75.757576,32.437831,0.050000,1.747694,0.250000,0.897901,23.554834,0.005391,0
2349,100.000000,75.757576,33.568741,0.050000,2.000000,0.250000,0.893412,25.995968,0.005199,0
2350,100.000000,74.255588,25.754436,0.050000,0.002700,0.250000,1.000000,0.000000,0.000000,0
2351,100.000000,74.255588,25.755883,0.050000,0.003090,0.250000,1.000000,0.000000,0.000000,0
2352,100.000000,74.255588,25.757539,0.050000,0.003536,0.250000,1.000000,0.000000,0.000000,0
2353,100.000000,74.255588,25.759434,0.050000,0.004046,0.250000,1.000000,0.000000,0.000000,0
2354,100.000000,74.255588,25.761602,0.050000,0.004630,0.250000,1.000000,0.000000,0.000000,0
2355,100.000000,74.255588,25.764083,0.050000,0.005299,0.250000,1.000000,0.000000,0.000000,0
2356,100.000000,74.255588,25.766923,0.050000,0.006064,0.250000,1.000000,0.000000,0.000000,0
2357,100.000000,74.255588,25.770172,0.050000,0.006939,0.250000,1.000000,0.000000,0.000000,0
2358,100.000000,74.255588,25.773890,0.050000,0.007941,0.250000,1.000000,0.000000,0.000000,0
2359,100.000000,74.255588,25.778145,0.050000,0.009088,0.250000,1.000000,0.000000,0.000000,0
2360,100.000000,74.255588,25.783013,0.050000,0.010399,0.250000,1.000000,0.000000,0.000000,0
2361,100.000000,74.255588,25.788584,0.050000,0.011901,0.250000,1.000000,0.000000,0.000000,0
2362,100.000000,74.255588,25.794959,0.050000,0.013619,0.250000,1.000000,0.000000,0.000000,0
2363,100.000000,74.255588,25.802253,0.050000,0.015585,0.250000,1.000000,0.000000,0.000000,0
2364,100.000000,74.255588,25.810599,0.050000,0.017835,0.250000,1.000000,0.000000,0.000000,0
2365,100.000000,74.255588,25.820150,0.050000,0.020410,0.250000,1.000000,0.000000,0.000000,0
2366,100.000000,74.255588,25.831077,0.050000,0.023356,0.250000,1.000000,0.000000,0.000000,0
2367,100.000000,74.255588,25.843580,0.050000,0.026728,0.250000,1.000000,0.000000,0.000000,0
2368,100.000000,74.255588,25.857886,0.050000,0.030586,0.250000,1.000000,0.000000,0.000000,0
2369,100.000000,74.255588,25.874253,0.050000,0.035002,0.250000,1.000000,0.000000,0.000000,0
2370,100.000000,74.255588,25.892979,0.050000,0.040055,0.250000,1.000000,0.000000,0.000000,0
2371,100.000000,74.255588,25.914402,0.050000,0.045837,0.250000,1.000000,0.000001,0.000000,0
2372,100.000000,74.255588,25.938910,0.050000,0.052455,0.250000,1.000000,0.000008,0.000000,0
2373,100.000000,74.255588,25.966947,0.050000,0.060027,0.250000,1.000000,0.000049,0.000000,0
2374,100.000000,74.255588,25.999020,0.050000,0.068693,0.250000,0.999998,0.000234,0.000001,0
2375,100.000000,74.255588,26.035713,0.050000,0.078610,0.250000,0.999993,0.000918,0.000005,0
2376,100.000000,74.255588,26.077700,0.050000,0.089959,0.250000,0.999976,0.003062,0.000014,0
2377,100.000000,74.255588,26.125776,0.050000,0.102946,0.250000,0.999932,0.008843,0.000034,0
2378,100.000000,74.255588,26.180891,0.050000,0.117808,0.250000,0.999828,0.022531,0.000077,0
2379,100.000000,74.255588,26.244209,0.050000,0.134815,0.250000,0.999613,0.051440,0.000153,0
2380,100.000000,74.255588,26.317178,0.050000,0.154277,0.250000,0.999208,0.106705,0.000277,0
2381,100.000000,74.255588,26.401605,0.050000,0.176550,0.250000,0.998512,0.203549,0.000461,0
2382,100.000000,74.255588,26.499735,0.050000,0.202037,0.250000,0.997405,0.360848,0.000714,0
2383,100.000000,74.255588,26.614316,0.050000,0.231204,0.250000,0.995761,0.599993,0.001038,0
2384,100.000000,74.255588,26.748628,0.050000,0.264582,0.250000,0.993465,0.943244,0.001426,0
2385,100.000000,74.255588,26.906502,0.050000,0.302779,0.250000,0.990425,1.411895,0.001865,0
2386,100.000000,74.255588,27.092291,0.050000,0.346489,0.250000,0.986586,2.024597,0.002337,0
2387,100.000000,74.255588,27.310830,0.050000,0.396510,0.250000,0.981935,2.796083,0.002821,0
2388,100.000000,74.255588,27.567377,0.050000,0.453753,0.250000,0.976509,3.736433,0.003294,0
2389,100.000000,74.255588,27.867553,0.050000,0.519259,0.250000,0.970385,4.850870,0.003737,0
2390,100.000000,74.255588,28.217281,0.050000,0.594222,0.250000,0.963679,6.140005,0.004133,0
2391,100.000000,74.255588,28.622744,0.050000,0.680006,0.250000,0.956537,7.600375,0.004471,0
2392,100.000000,74.255588,29.090346,0.050000,0.778176,0.250000,0.949122,9.225141,0.004742,0
2393,100.000000,74.255588,29.626698,0.050000,0.890517,0.250000,0.941605,11.004788,0.004943,0
2394,100.000000,74.255588,30.238611,0.050000,1.019077,0.250000,0.934161,12.927750,0.005074,0
2395,100.000000,74.255588,30.933098,0.050000,1.166196,0.250000,0.926957,14.980878,0.005138,0
2396,100.000000,74.255588,31.717387,0.050000,1.334554,0.250000,0.920152,17.149728,0.005140,0
2397,100.000000,74.255588,32.598924,0.050000,1.527217,0.250000,0.913886,19.418646,0.005086,0
2398,100.000000,74.255588,33.585375,0.050000,1.747694,0.250000,0.908286,21.770674,0.004983,0
2399,100.000000,74.255588,34.684613,0.050000,2.000000,0.250000,0.903460,24.187278,0.004837,0
2400,100.000000,72.817301,27.192528,0.050000,0.002700,0.250000,1.000000,0.000000,0.000000,0
2401,100.000000,72.817301,27.193947,0.050000,0.003090,0.250000,1.000000,0.000000,0.000000,0
2402,100.000000,72.817301,27.195571,0.050000,0.003536,0.250000,1.000000,0.000000,0.000000,0
2403,100.000000,72.817301,27.197429,0.050000,0.004046,0.250000,1.000000,0.000000,0.000000,0
2404,100.000000,72.817301,27.199555,0.050000,0.004630,0.250000,1.000000,0.000000,0.000000,0
2405,100.000000,72.817301,27.201989,0.050000,0.005299,0.250000,1.000000,0.000000,0.000000,0
2406,100.000000,72.817301,27.204773,0.050000,0.006064,0.250000,1.000000,0.000000,0.000000,0
2407,100.000000,72.817301,27.207959,0.050000,0.006939,0.250000,1.000000,0.000000,0.000000,0
2408,100.000000,72.817301,27.211605,0.050000,0.007941,0.250000,1.000000,0.000000,0.000000,0
2409,100.000000,72.817301,27.215778,0.050000,0.009088,0.250000,1.000000,0.000000,0.000000,0
2410,100.000000,72.817301,27.220552,0.050000,0.010399,0.250000,1.000000,0.000000,0.000000,0
2411,100.000000,72.817301,27.226015,0.050000,0.011901,0.250000,1.000000,0.000000,0.000000,0
2412,100.000000,72.817301,27.232266,0.050000,0.013619,0.250000,1.000000,0.000000,0.000000,0
2413,100.000000,72.817301,27.239419,0.050000,0.015585,0.250000,1.000000,0.000000,0.000000,0
2414,100.000000,72.817301,27.247604,0.050000,0.017835,0.250000,1.000000,0.000000,0.000000,0
2415,100.000000,72.817301,27.256969,0.050000,0.020410,0.250000,1.000000,0.000000,0.000000,0
2416,100.000000,72.817301,27.267685,0.050000,0.023356,0.250000,1.000000,0.000000,0.000000,0
2417,100.000000,72.817301,27.279946,0.050000,0.026728,0.250000,1.000000,0.000000,0.000000,0
2418,100.000000,72.817301,27.293974,0.050000,0.030586,0.250000,1.000000,0.000000,0.000000,0
2419,100.000000,72.817301,27.310024,0.050000,0.035002,0.250000,1.000000,0.000000,0.000000,0
2420,100.000000,72.817301,27.328387,0.050000,0.040055,0.250000,1.000000,0.000000,0.000000,0
2421,100.000000,72.817301,27.349396,0.050000,0.045837,0.250000,1.000000,0.000000,0.000000,0
2422,100.000000,72.817301,27.373429,0.050000,0.052455,0.250000,1.000000,0.000001,0.000000,0
2423,100.000000,72.817301,27.400923,0.050000,0.060027,0.250000,1.000000,0.000010,0.000000,0
2424,100.000000,72.817301,27.432373,0.050000,0.068693,0.250000,1.000000,0.000056,0.000000,0
2425,100.000000,72.817301,27.468349,0.050000,0.078610,0.250000,0.999998,0.000263,0.000001,0
2426,100.000000,72.817301,27.509503,0.050000,0.089959,0.250000,0.999992,0.001024,0.000005,0
2427,100.000000,72.817301,27.556592,0.050000,0.102946,0.250000,0.999975,0.003386,0.000013,0
2428,100.000000,72.817301,27.610503,0.050000,0.117808,0.250000,0.999930,0.009706,0.000033,0
2429,100.000000,72.817301,27.672296,0.050000,0.134815,0.250000,0.999825,0.024565,0.000073,0
2430,100.000000,72.817301,27.743266,0.050000,0.154277,0.250000,0.999608,0.055757,0.000145,0
2431,100.000000,72.817301,27.825012,0.050000,0.176550,0.250000,0.999201,0.115068,0.000261,0
2432,100.000000,72.817301,27.919524,0.050000,0.202037,0.250000,0.998506,0.218507,0.000433,0
2433,100.000000,72.817301,28.029257,0.050000,0.231204,0.250000,0.997406,0.385813,0.000667,0
2434,100.000000,72.817301,28.157201,0.050000,0.264582,0.250000,0.995780,0.639225,0.000966,0
2435,100.000000,72.817301,28.306911,0.050000,0.302779,0.250000,0.993519,1.001741,0.001323,0
2436,100.000000,72.817301,28.482518,0.050000,0.346489,0.250000,0.990535,1.495207,0.001726,0
2437,100.000000,72.817301,28.688703,0.050000,0.396510,0.250000,0.986781,2.138583,0.002157,0
2438,100.000000,72.817301,28.930650,0.050000,0.453753,0.250000,0.982250,2.946642,0.002598,0
2439,100.000000,72.817301,29.213985,0.050000,0.519259,0.250000,0.976981,3.929225,0.003027,0
2440,100.000000,72.817301,29.544711,0.050000,0.594222,0.250000,0.971058,5.091051,0.003427,0
2441,100.000000,72.817301,29.929142,0.050000,0.680006,0.250000,0.964597,6.431980,0.003783,0
2442,100.000000,72.817301,30.373860,0.050000,0.778176,0.250000,0.957744,7.947571,0.004085,0
2443,100.000000,72.817301,30.885673,0.050000,0.890517,0.250000,0.950661,9.629793,0.004325,0
2444,100.000000,72.817301,31.471594,0.050000,1.019077,0.250000,0.943519,11.467732,0.004501,0
2445,100.000000,72.817301,32.138831,0.050000,1.166196,0.250000,0.936489,13.448210,0.004613,0
2446,100.000000,72.817301,32.894781,0.050000,1.334554,0.250000,0.929735,15.556235,0.004663,0
2447,100.000000,72.817301,33.747035,0.050000,1.527217,0.250000,0.923410,17.775263,0.004656,0
2448,100.000000,72.817301,34.703366,0.050000,1.747694,0.250000,0.917653,20.087251,0.004597,0
2449,100.000000,72.817301,35.771715,0.050000,2.000000,0.250000,0.912585,22.472519,0.004495,0
2450,100.000000,71.428571,28.581071,0.050000,0.002700,0.250000,1.000000,0.000000,0.000000,0
2451,100.000000,71.428571,28.582463,0.050000,0.003090,0.250000,1.000000,0.000000,0.000000,0
2452,100.000000,71.428571,28.584055,0.050000,0.003536,0.250000,1.000000,0.000000,0.000000,0
2453,100.000000,71.428571,28.585878,0.050000,0.004046,0.250000,1.000000,0.000000,0.000000,0
2454,100.000000,71.428571,28.587964,0.050000,0.004630,0.250000,1.000000,0.000000,0.000000,0
2455,100.000000,71.428571,28.590351,0.050000,0.005299,0.250000,1.000000,0.000000,0.000000,0
2456,100.000000,71.428571,28.593082,0.050000,0.006064,0.250000,1.000000,0.000000,0.000000,0
2457,100.000000,71.428571,28.596208,0.050000,0.006939,0.250000,1.000000,0.000000,0.000000,0
2458,100.000000,71.428571,28.599784,0.050000,0.007941,0.250000,1.000000,0.000000,0.000000,0
2459,100.000000,71.428571,28.603877,0.050000,0.009088,0.250000,1.000000,0.000000,0.000000,0
2460,100.000000,71.428571,28.608560,0.050000,0.010399,0.250000,1.000000,0.000000,0.000000,0
2461,100.000000,71.428571,28.613919,0.050000,0.011901,0.250000,1.000000,0.000000,0.000000,0
2462,100.000000,71.428571,28.620051,0.050000,0.013619,0.250000,1.000000,0.000000,0.000000,0
2463,100.000000,71.428571,28.627067,0.050000,0.015585,0.250000,1.000000,0.000000,0.000000,0
2464,100.000000,71.428571,28.635096,0.050000,0.017835,0.250000,1.000000,0.000000,0.000000,0
2465,100.000000,71.428571,28.644283,0.050000,0.020410,0.250000,1.000000,0.000000,0.000000,0
2466,100.000000,71.428571,28.654794,0.050000,0.023356,0.250000,1.000000,0.000000,0.000000,0
2467,100.000000,71.428571,28.666821,0.050000,0.026728,0.250000,1.000000,0.000000,0.000000,0
2468,100.000000,71.428571,28.680582,0.050000,0.030586,0.250000,1.000000,0.000000,0.000000,0
2469,100.000000,71.428571,28.696326,0.050000,0.035002,0.250000,1.000000,0.000000,0.000000,0
2470,100.000000,71.428571,28.714339,0.050000,0.040055,0.250000,1.000000,0.000000,0.000000,0
2471,100.000000,71.428571,28.734946,0.050000,0.045837,0.250000,1.000000,0.000000,0.000000,0
2472,100.000000,71.428571,28.758522,0.050000,0.052455,0.250000,1.000000,0.000000,0.000000,0
2473,100.000000,71.428571,28.785491,0.050000,0.060027,0.250000,1.000000,0.000002,0.000000,0
2474,100.000000,71.428571,28.816341,0.050000,0.068693,0.250000,1.000000,0.000013,0.000000,0
2475,100.000000,71.428571,28.851629,0.050000,0.078610,0.250000,0.999999,0.000071,0.000000,0
2476,100.000000,71.428571,28.891992,0.050000,0.089959,0.250000,0.999998,0.000326,0.000001,0
2477,100.000000,71.428571,28.938162,0.050000,0.102946,0.250000,0.999991,0.001242,0.000005,0
2478,100.000000,71.428571,28.990987,0.050000,0.117808,0.250000,0.999972,0.004027,0.000014,0
2479,100.000000,71.428571,29.051461,0.050000,0.134815,0.250000,0.999923,0.011352,0.000034,0
2480,100.000000,71.428571,29.120773,0.050000,0.154277,0.250000,0.999810,0.028312,0.000073,0
2481,100.000000,71.428571,29.200368,0.050000,0.176550,0.250000,0.999581,0.063442,0.000144,0
2482,100.000000,71.428571,29.292028,0.050000,0.202037,0.250000,0.999156,0.129460,0.000256,0
2483,100.000000,71.428571,29.397958,0.050000,0.231204,0.250000,0.998438,0.243420,0.000421,0
2484,100.000000,71.428571,29.520863,0.050000,0.264582,0.250000,0.997313,0.426083,0.000644,0
2485,100.000000,71.428571,29.664014,0.050000,0.302779,0.250000,0.995665,0.700563,0.000926,0
2486,100.000000,71.428571,29.831281,0.050000,0.346489,0.250000,0.993390,1.090471,0.001259,0
2487,100.000000,71.428571,30.027133,0.050000,0.396510,0.250000,0.990410,1.617937,0.001632,0
2488,100.000000,71.428571,30.256610,0.050000,0.453753,0.250000,0.986687,2.301848,0.002029,0
2489,100.000000,71.428571,30.525270,0.050000,0.519259,0.250000,0.982221,3.156565,0.002432,0
2490,100.000000,71.428571,30.839124,0.050000,0.594222,0.250000,0.977060,4.191215,0.002821,0
2491,100.000000,71.428571,31.204564,0.050000,0.680006,0.250000,0.971292,5.409555,0.003182,0
2492,100.000000,71.428571,31.628299,0.050000,0.778176,0.250000,0.965038,6.810271,0.003501,0
2493,100.000000,71.428571,32.117303,0.050000,0.890517,0.250000,0.958445,8.387578,0.003768,0
2494,100.000000,71.428571,32.678774,0.050000,1.019077,0.250000,0.951675,10.131935,0.003977,0
2495,100.000000,71.428571,33.320108,0.050000,1.166196,0.250000,0.944897,12.030759,0.004126,0
2496,100.000000,71.428571,34.048878,0.050000,1.334554,0.250000,0.938280,14.069018,0.004217,0
2497,100.000000,71.428571,34.872830,0.050000,1.527217,0.250000,0.931982,16.229655,0.004251,0
2498,100.000000,71.428571,35.799860,0.050000,1.747694,0.250000,0.926152,18.493801,0.004233,0
2499,100.000000,71.428571,36.838003,0.050000,2.000000,0.250000,0.920923,20.840789,0.004168,0
