symbol,S,K,C,bid,ask,T,r,market_iv,moneyness_SK
SPXW260921C07560000,7643.99,7560.0,86.45,85.5,87.4,0.005914716460944933,0.0525,0.0844512942504883,1.0111097883597884
SPXW260921C07565000,7643.99,7565.0,81.44999999999999,80.3,82.6,0.005914716460944933,0.0525,0.08210146423339845,1.0104415069398545
SPXW260921C07570000,7643.99,7570.0,77.35,76.4,78.3,0.005914716460944933,0.0525,0.08263551651000978,1.0097741083223248
SPXW260921C07575000,7643.99,7575.0,72.7,71.9,73.5,0.005914716460944933,0.0525,0.07987370330810548,1.0091075907590759
SPXW260921C07580000,7643.99,7580.0,67.80000000000001,66.9,68.7,0.005914716460944933,0.0525,0.0769745623779297,1.0084419525065962
SPXW260921C07585000,7643.99,7585.0,64.25,63.9,64.6,0.005914716460944933,0.0525,0.07749335601806642,1.0077771918259724
SPXW260921C07590000,7643.99,7590.0,58.8,58.0,59.6,0.005914716460944933,0.0525,0.07322093780517577,1.0071133069828722
SPXW260921C07595000,7643.99,7595.0,54.7,53.8,55.6,0.005914716460944933,0.0525,0.07344218803405761,1.0064502962475312
SPXW260921C07600000,7643.99,7600.0,50.85,50.1,51.6,0.005914716460944933,0.0525,0.07313701530456543,1.0057881578947367
SPXW260921C07605000,7643.99,7605.0,45.900000000000006,45.1,46.7,0.005914716460944933,0.0525,0.06875778663635257,1.0051268902038133
SPXW260921C07610000,7643.99,7610.0,42.5,41.8,43.2,0.005914716460944933,0.0525,0.0696275289154053,1.004466491458607
SPXW260921C07615000,7643.99,7615.0,38.05,37.7,38.4,0.005914716460944933,0.0525,0.0651491191101074,1.0038069599474722
SPXW260921C07620000,7643.99,7620.0,34.1,34.0,34.2,0.005914716460944933,0.0525,0.06257803886413574,1.0031482939632546
SPXW260921C07625000,7643.99,7625.0,30.5,30.4,30.6,0.005914716460944933,0.0525,0.06165489135742189,1.0024904918032786
SPXW260921C07630000,7643.99,7630.0,27.0,26.9,27.1,0.005914716460944933,0.0525,0.06050667896270753,1.0018335517693315
SPXW260921C07635000,7643.99,7635.0,23.65,23.5,23.8,0.005914716460944933,0.0525,0.0594347597503662,1.001177472167649
SPXW260921C07640000,7643.99,7640.0,20.549999999999997,20.4,20.7,0.005914716460944933,0.0525,0.05838191383361817,1.0005222513089005
SPXW260921C07645000,7643.99,7645.0,17.799999999999997,17.7,17.9,0.005914716460944933,0.0525,0.0576189820098877,0.9998678875081752
SPXW260921C07650000,7643.99,7650.0,15.0,14.9,15.1,0.005914716460944933,0.0525,0.05617704086303711,0.9992143790849672
SPXW260921C07655000,7643.99,7655.0,12.7,12.6,12.8,0.005914716460944933,0.0525,0.05559721267700195,0.9985617243631613
SPXW260921C07660000,7643.99,7660.0,10.5,10.4,10.6,0.005914716460944933,0.0525,0.05459014266967774,0.9979099216710182
SPXW260921C07665000,7643.99,7665.0,8.55,8.5,8.6,0.005914716460944933,0.0525,0.053453374252319344,0.9972589693411611
SPXW260921C07670000,7643.99,7670.0,6.95,6.9,7.0,0.005914716460944933,0.0525,0.05289643402099609,0.9966088657105606
SPXW260921C07675000,7643.99,7675.0,5.699999999999999,5.6,5.8,0.005914716460944933,0.0525,0.05310242561340332,0.9959596091205212
SPXW260921C07680000,7643.99,7680.0,4.5,4.4,4.6,0.005914716460944933,0.0525,0.05254548538208008,0.9953111979166667
SPXW260921C07685000,7643.99,7685.0,3.3,3.2,3.4,0.005914716460944933,0.0525,0.051019621734619144,0.9946636304489265
SPXW260921C07690000,7643.99,7690.0,2.6500000000000004,2.6,2.7,0.005914716460944933,0.0525,0.0511264321899414,0.9940169050715214
SPXW260921C07695000,7643.99,7695.0,1.9,1.85,1.95,0.005914716460944933,0.0525,0.050027810363769534,0.99337102014295
SPXW260921C07700000,7643.99,7700.0,1.375,1.35,1.4,0.005914716460944933,0.0525,0.049249619903564454,0.992725974025974
SPXW260921C07705000,7643.99,7705.0,1.025,1.0,1.05,0.005914716460944933,0.0525,0.04920384399414063,0.9920817650876054
SPXW260921C07710000,7643.99,7710.0,0.75,0.7,0.8,0.005914716460944933,0.0525,0.049447982177734384,0.9914383916990921
SPXW260921C07715000,7643.99,7715.0,0.525,0.5,0.55,0.005914716460944933,0.0525,0.04886815399169922,0.990795852235904
SPXW260922C07410000,7643.99,7410.0,237.60000000000002,227.4,247.8,0.008652567248077035,0.0525,0.2372970558166504,1.0315775978407558
SPXW260922C07420000,7643.99,7420.0,227.7,217.6,237.8,0.008652567248077035,0.0525,0.23011023803710937,1.030187331536388
SPXW260922C07460000,7643.99,7460.0,187.5,181.4,193.6,0.008652567248077035,0.0525,0.17916165084838864,1.0246635388739946
SPXW260922C07475000,7643.99,7475.0,173.39999999999998,166.7,180.1,0.008652567248077035,0.0525,0.17652190673828128,1.0226073578595318
SPXW260922C07480000,7643.99,7480.0,168.05,161.8,174.3,0.008652567248077035,0.0525,0.16881629531860354,1.0219237967914439
SPXW260922C07500000,7643.99,7500.0,149.05,142.4,155.7,0.008652567248077035,0.0525,0.1610954252624512,1.0191986666666666
SPXW260922C07510000,7643.99,7510.0,139.39999999999998,132.7,146.1,0.008652567248077035,0.0525,0.1554039538574219,1.0178415446071905
SPXW260922C07520000,7643.99,7520.0,129.9,123.2,136.6,0.008652567248077035,0.0525,0.14994899131774905,1.0164880319148937
SPXW260922C07525000,7643.99,7525.0,125.25,118.6,131.9,0.008652567248077035,0.0525,0.14733976448059083,1.0158126245847177
SPXW260922C07530000,7643.99,7530.0,120.35,113.7,127.0,0.008652567248077035,0.0525,0.14382264877319334,1.0151381142098272
SPXW260922C07535000,7643.99,7535.0,115.6,109.0,122.2,0.008652567248077035,0.0525,0.14067936965942385,1.014464499004645
SPXW260922C07545000,7643.99,7545.0,106.69999999999999,104.1,109.3,0.008652567248077035,0.0525,0.12056085746765136,1.013119946984758
SPXW260922C07550000,7643.99,7550.0,102.45,99.5,105.4,0.008652567248077035,0.0525,0.1212627547454834,1.0124490066225165
SPXW260922C07555000,7643.99,7555.0,96.80000000000001,94.9,98.7,0.008652567248077035,0.0525,0.11020024330139158,1.0117789543348776
SPXW260922C07560000,7643.99,7560.0,91.4,89.5,93.3,0.008652567248077035,0.0525,0.10458506507873533,1.0111097883597884
SPXW260922C07565000,7643.99,7565.0,86.9,85.0,88.8,0.008652567248077035,0.0525,0.10271588211059571,1.0104415069398545
SPXW260922C07570000,7643.99,7570.0,82.65,80.8,84.5,0.008652567248077035,0.0525,0.10147230323791503,1.0097741083223248
SPXW260922C07575000,7643.99,7575.0,78.1,76.2,80.0,0.008652567248077035,0.0525,0.09927505958557128,1.0091075907590759
SPXW260922C07580000,7643.99,7580.0,73.75,71.8,75.7,0.008652567248077035,0.0525,0.0976576441192627,1.0084419525065962
SPXW260922C07590000,7643.99,7590.0,65.1,63.3,66.9,0.008652567248077035,0.0525,0.09315634635925293,1.0071133069828722
SPXW260922C07595000,7643.99,7595.0,61.150000000000006,59.7,62.6,0.008652567248077035,0.0525,0.09098580532073976,1.0064502962475312
SPXW260922C07600000,7643.99,7600.0,57.8,56.2,59.4,0.008652567248077035,0.0525,0.09220268157958984,1.0057881578947367
SPXW260922C07605000,7643.99,7605.0,53.400000000000006,53.2,53.6,0.008652567248077035,0.0525,0.08475646697998049,1.0051268902038133
SPXW260922C07610000,7643.99,7610.0,49.25,49.1,49.4,0.008652567248077035,0.0525,0.08232271446228029,1.004466491458607
SPXW260922C07615000,7643.99,7615.0,45.55,45.4,45.7,0.008652567248077035,0.0525,0.08117068740844727,1.0038069599474722
SPXW260922C07620000,7643.99,7620.0,42.2,42.1,42.3,0.008652567248077035,0.0525,0.0805908592224121,1.0031482939632546
SPXW260922C07625000,7643.99,7625.0,38.85,38.7,39.0,0.008652567248077035,0.0525,0.07994236717224121,1.0024904918032786
SPXW260922C07630000,7643.99,7630.0,35.55,35.4,35.7,0.008652567248077035,0.0525,0.07893529716491698,1.0018335517693315
SPXW260922C07635000,7643.99,7635.0,31.799999999999997,31.7,31.9,0.008652567248077035,0.0525,0.07615059600830079,1.001177472167649
SPXW260922C07640000,7643.99,7640.0,28.85,28.7,29.0,0.008652567248077035,0.0525,0.07553262123107912,1.0005222513089005
SPXW260922C07645000,7643.99,7645.0,25.9,25.8,26.0,0.008652567248077035,0.0525,0.07423182247161866,0.9998678875081752
SPXW260922C07650000,7643.99,7650.0,23.049999999999997,22.9,23.2,0.008652567248077035,0.0525,0.07306835144042968,0.9992143790849672
SPXW260922C07655000,7643.99,7655.0,20.700000000000003,20.6,20.8,0.008652567248077035,0.0525,0.0725953337097168,0.9985617243631613
SPXW260922C07660000,7643.99,7660.0,18.299999999999997,18.2,18.4,0.008652567248077035,0.0525,0.07167218620300295,0.9979099216710182
SPXW260922C07665000,7643.99,7665.0,16.0,15.9,16.1,0.008652567248077035,0.0525,0.07056593505859377,0.9972589693411611
SPXW260922C07670000,7643.99,7670.0,13.6,13.5,13.7,0.008652567248077035,0.0525,0.06863571754455569,0.9966088657105606
SPXW260922C07675000,7643.99,7675.0,11.8,11.7,11.9,0.008652567248077035,0.0525,0.06800248413085938,0.9959596091205212
SPXW260922C07680000,7643.99,7680.0,10.0,9.9,10.1,0.008652567248077035,0.0525,0.06683519844055177,0.9953111979166667
SPXW260922C07685000,7643.99,7685.0,8.7,8.6,8.8,0.008652567248077035,0.0525,0.06682375446319581,0.9946636304489265
SPXW260922C07690000,7643.99,7690.0,7.300000000000001,7.2,7.4,0.008652567248077035,0.0525,0.06593493888854982,0.9940169050715214
SPXW260922C07695000,7643.99,7695.0,5.9,5.8,6.0,0.008652567248077035,0.0525,0.06440907524108885,0.99337102014295
SPXW260922C07700000,7643.99,7700.0,4.9,4.8,5.0,0.008652567248077035,0.0525,0.06388265228271485,0.992725974025974
SPXW260922C07705000,7643.99,7705.0,4.1,4.0,4.2,0.008652567248077035,0.0525,0.06371480728149415,0.9920817650876054
SPXW260922C07710000,7643.99,7710.0,3.3499999999999996,3.3,3.4,0.008652567248077035,0.0525,0.0629823927307129,0.9914383916990921
SPXW260922C07715000,7643.99,7715.0,2.7,2.65,2.75,0.008652567248077035,0.0525,0.062433081817626954,0.990795852235904
SPXW260922C07720000,7643.99,7720.0,2.0999999999999996,2.05,2.15,0.008652567248077035,0.0525,0.06153282226562501,0.9901541450777201
SPXW260922C07725000,7643.99,7725.0,1.65,1.6,1.7,0.008652567248077035,0.0525,0.0610292872619629,0.9895132686084143
SPXW260922C07730000,7643.99,7730.0,1.3,1.25,1.35,0.008652567248077035,0.0525,0.060739373168945315,0.9888732212160414
SPXW260922C07735000,7643.99,7735.0,1.0,0.95,1.05,0.008652567248077035,0.0525,0.060312131347656256,0.9882340012928248
SPXW260922C07740000,7643.99,7740.0,0.825,0.8,0.85,0.008652567248077035,0.0525,0.06044945907592775,0.9875956072351421
SPXW260922C07745000,7643.99,7745.0,0.6499999999999999,0.6,0.7,0.008652567248077035,0.0525,0.060830924987792974,0.986958037443512
SPXW260923C07390000,7643.99,7390.0,258.85,248.9,268.8,0.011390418035209135,0.0525,0.23474123420715332,1.0343694181326115
SPXW260923C07400000,7643.99,7400.0,248.75,238.9,258.6,0.011390418035209135,0.0525,0.22721109710693355,1.0329716216216216
SPXW260923C07450000,7643.99,7450.0,198.89999999999998,195.6,202.2,0.011390418035209135,0.0525,0.16254499572753905,1.0260389261744967
SPXW260923C07460000,7643.99,7460.0,188.5,185.0,192.0,0.011390418035209135,0.0525,0.1552971434020996,1.0246635388739946
SPXW260923C07475000,7643.99,7475.0,174.05,170.6,177.5,0.011390418035209135,0.0525,0.148621489944458,1.0226073578595318
SPXW260923C07500000,7643.99,7500.0,150.7,147.3,154.1,0.011390418035209135,0.0525,0.1401605760192871,1.0191986666666666
SPXW260923C07520000,7643.99,7520.0,131.60000000000002,128.4,134.8,0.011390418035209135,0.0525,0.12967026344299318,1.0164880319148937
SPXW260923C07525000,7643.99,7525.0,126.44999999999999,123.3,129.6,0.011390418035209135,0.0525,0.12539021591186522,1.0158126245847177
SPXW260923C07530000,7643.99,7530.0,123.2,121.0,125.4,0.011390418035209135,0.0525,0.12515370704650877,1.0151381142098272
SPXW260923C07540000,7643.99,7540.0,113.9,110.6,117.2,0.011390418035209135,0.0525,0.1248637929534912,1.013791777188329
SPXW260923C07545000,7643.99,7545.0,109.35,106.4,112.3,0.011390418035209135,0.0525,0.12153741020202635,1.013119946984758
SPXW260923C07550000,7643.99,7550.0,104.8,101.8,107.8,0.011390418035209135,0.0525,0.11959193405151367,1.0124490066225165
SPXW260923C07560000,7643.99,7560.0,95.8,93.6,98.0,0.011390418035209135,0.0525,0.1126492544555664,1.0111097883597884
SPXW260923C07565000,7643.99,7565.0,91.6,88.7,94.5,0.011390418035209135,0.0525,0.1137860228729248,1.0104415069398545
SPXW260923C07570000,7643.99,7570.0,86.75,83.8,89.7,0.011390418035209135,0.0525,0.11042912284851072,1.0097741083223248
SPXW260923C07575000,7643.99,7575.0,82.44999999999999,79.6,85.3,0.011390418035209135,0.0525,0.10828146976470947,1.0091075907590759
SPXW260923C07580000,7643.99,7580.0,79.30000000000001,77.2,81.4,0.011390418035209135,0.0525,0.10755286987304688,1.0084419525065962
SPXW260923C07585000,7643.99,7585.0,74.3,72.6,76.0,0.011390418035209135,0.0525,0.10207501937866209,1.0077771918259724
SPXW260923C07590000,7643.99,7590.0,70.69999999999999,69.1,72.3,0.011390418035209135,0.0525,0.10166303619384764,1.0071133069828722
SPXW260923C07595000,7643.99,7595.0,66.65,66.5,66.8,0.011390418035209135,0.0525,0.09575794387817385,1.0064502962475312
SPXW260923C07600000,7643.99,7600.0,63.25,63.1,63.4,0.011390418035209135,0.0525,0.09587619831085208,1.0057881578947367
SPXW260923C07605000,7643.99,7605.0,58.65,58.5,58.8,0.011390418035209135,0.0525,0.09235145328521728,1.0051268902038133
SPXW260923C07610000,7643.99,7610.0,55.05,54.9,55.2,0.011390418035209135,0.0525,0.09145119373321532,1.004466491458607
SPXW260923C07615000,7643.99,7615.0,51.4,51.3,51.5,0.011390418035209135,0.0525,0.09003595520019532,1.0038069599474722
SPXW260923C07620000,7643.99,7620.0,48.35,48.2,48.5,0.011390418035209135,0.0525,0.09024957611083985,1.0031482939632546
SPXW260923C07625000,7643.99,7625.0,44.25,44.1,44.4,0.011390418035209135,0.0525,0.08728177131652834,1.0024904918032786
SPXW260923C07630000,7643.99,7630.0,41.1,41.0,41.2,0.011390418035209135,0.0525,0.08642728767395022,1.0018335517693315
SPXW260923C07635000,7643.99,7635.0,38.3,38.2,38.4,0.011390418035209135,0.0525,0.08632047721862796,1.001177472167649
SPXW260923C07640000,7643.99,7640.0,35.2,35.1,35.3,0.011390418035209135,0.0525,0.08514556221008304,1.0005222513089005
SPXW260923C07645000,7643.99,7645.0,31.85,31.7,32.0,0.011390418035209135,0.0525,0.08315812480926517,0.9998678875081752
SPXW260923C07650000,7643.99,7650.0,29.450000000000003,29.3,29.6,0.011390418035209135,0.0525,0.08316575412750248,0.9992143790849672
SPXW260923C07655000,7643.99,7655.0,26.35,26.2,26.5,0.011390418035209135,0.0525,0.0810562476348877,0.9985617243631613
SPXW260923C07660000,7643.99,7660.0,23.75,23.6,23.9,0.011390418035209135,0.0525,0.07988514728546144,0.9979099216710182
SPXW260923C07665000,7643.99,7665.0,21.75,21.6,21.9,0.011390418035209135,0.0525,0.07994618183135986,0.9972589693411611
SPXW260923C07670000,7643.99,7670.0,19.1,19.0,19.2,0.011390418035209135,0.0525,0.07778708477020264,0.9966088657105606
SPXW260923C07675000,7643.99,7675.0,17.049999999999997,16.9,17.2,0.011390418035209135,0.0525,0.07712714874267579,0.9959596091205212
SPXW260923C07680000,7643.99,7680.0,15.2,15.1,15.3,0.011390418035209135,0.0525,0.07637184623718263,0.9953111979166667
SPXW260923C07685000,7643.99,7685.0,13.5,13.4,13.6,0.011390418035209135,0.0525,0.07581109134674073,0.9946636304489265
SPXW260923C07690000,7643.99,7690.0,11.7,11.6,11.8,0.011390418035209135,0.0525,0.07454080986022948,0.9940169050715214
SPXW260923C07695000,7643.99,7695.0,10.4,10.3,10.5,0.011390418035209135,0.0525,0.0744187407684326,0.99337102014295
SPXW260923C07700000,7643.99,7700.0,9.1,9.0,9.2,0.011390418035209135,0.0525,0.07391520576477054,0.992725974025974
SPXW260923C07705000,7643.99,7705.0,7.6,7.5,7.7,0.011390418035209135,0.0525,0.07225964370727539,0.9920817650876054
SPXW260923C07710000,7643.99,7710.0,6.6,6.5,6.7,0.011390418035209135,0.0525,0.07195447097778321,0.9914383916990921
SPXW260923C07715000,7643.99,7715.0,5.6,5.5,5.7,0.011390418035209135,0.0525,0.07122205642700197,0.990795852235904
SPXW260923C07720000,7643.99,7720.0,4.800000000000001,4.7,4.9,0.011390418035209135,0.0525,0.07090925437927245,0.9901541450777201
SPXW260923C07725000,7643.99,7725.0,3.9,3.8,4.0,0.011390418035209135,0.0525,0.06963515823364261,0.9895132686084143
SPXW260923C07730000,7643.99,7730.0,3.4,3.3,3.5,0.011390418035209135,0.0525,0.06994033096313476,0.9888732212160414
SPXW260923C07735000,7643.99,7735.0,2.8,2.75,2.85,0.011390418035209135,0.0525,0.06897903686523438,0.9882340012928248
SPXW260923C07740000,7643.99,7740.0,2.3,2.25,2.35,0.011390418035209135,0.0525,0.06841446731567385,0.9875956072351421
SPXW260923C07745000,7643.99,7745.0,1.9,1.85,1.95,0.011390418035209135,0.0525,0.06809403594970703,0.986958037443512
SPXW260923C07750000,7643.99,7750.0,1.55,1.5,1.6,0.011390418035209135,0.0525,0.06769731140136721,0.9863212903225806
SPXW260923C07755000,7643.99,7755.0,1.2,1.15,1.25,0.011390418035209135,0.0525,0.0667512759399414,0.985685364281109
SPXW260923C07760000,7643.99,7760.0,1.0,0.95,1.05,0.011390418035209135,0.0525,0.06687334503173828,0.9850502577319588
SPXW260923C07765000,7643.99,7765.0,0.775,0.75,0.8,0.011390418035209135,0.0525,0.0659120509338379,0.9844159690920798
SPXW260923C07770000,7643.99,7770.0,0.6499999999999999,0.6,0.7,0.011390418035209135,0.0525,0.06659868957519531,0.9837824967824967
SPXW260923C07775000,7643.99,7775.0,0.525,0.5,0.55,0.011390418035209135,0.0525,0.06617144775390627,0.9831498392282958
SPXW260923C08250000,7643.99,8250.0,0.67,0.0,0.1,0.011390418035209135,0.0525,0.20288883056640622,0.9265442424242424
SPXW260924C07330000,7643.99,7330.0,319.54999999999995,309.7,329.4,0.014128268822341236,0.0525,0.2561109545898438,1.0428362892223737
SPXW260924C07390000,7643.99,7390.0,260.75,250.6,270.9,0.014128268822341236,0.0525,0.2265778636932373,1.0343694181326115
SPXW260924C07400000,7643.99,7400.0,250.95000000000002,240.8,261.1,0.014128268822341236,0.0525,0.2211991943359375,1.0329716216216216
SPXW260924C07425000,7643.99,7425.0,226.65,216.5,236.8,0.014128268822341236,0.0525,0.2082598706054687,1.0294936026936026
SPXW260924C07450000,7643.99,7450.0,202.1,195.6,208.6,0.014128268822341236,0.0525,0.17946682357788085,1.0260389261744967
SPXW260924C07460000,7643.99,7460.0,192.2,186.0,198.4,0.014128268822341236,0.0525,0.17235629898071292,1.0246635388739946
SPXW260924C07470000,7643.99,7470.0,182.6,176.5,188.7,0.014128268822341236,0.0525,0.16719125053405764,1.0232918340026773
SPXW260924C07475000,7643.99,7475.0,178.5,171.8,185.2,0.014128268822341236,0.0525,0.1697241841888428,1.0226073578595318
SPXW260924C07490000,7643.99,7490.0,163.95,157.6,170.3,0.014128268822341236,0.0525,0.16020279502868653,1.0205594125500668
SPXW260924C07500000,7643.99,7500.0,154.35000000000002,148.3,160.4,0.014128268822341236,0.0525,0.15387809020996096,1.0191986666666666
SPXW260924C07505000,7643.99,7505.0,150.45,143.8,157.1,0.014128268822341236,0.0525,0.15640339454650878,1.0185196535642904
SPXW260924C07510000,7643.99,7510.0,145.2,139.1,151.3,0.014128268822341236,0.0525,0.15021601745605473,1.0178415446071905
SPXW260924C07515000,7643.99,7515.0,140.65,134.5,146.8,0.014128268822341236,0.0525,0.1484612742614746,1.0171643379906852
SPXW260924C07520000,7643.99,7520.0,136.75,129.9,143.6,0.014128268822341236,0.0525,0.15087976814270024,1.0164880319148937
SPXW260924C07525000,7643.99,7525.0,133.15,125.4,140.9,0.014128268822341236,0.0525,0.1545723581695557,1.0158126245847177
SPXW260924C07530000,7643.99,7530.0,127.10000000000001,120.9,133.3,0.014128268822341236,0.0525,0.14273928558349608,1.0151381142098272
SPXW260924C07535000,7643.99,7535.0,122.60000000000001,116.4,128.8,0.014128268822341236,0.0525,0.14068699897766115,1.014464499004645
SPXW260924C07540000,7643.99,7540.0,118.0,112.0,124.0,0.014128268822341236,0.0525,0.13763527168273929,1.013791777188329
SPXW260924C07545000,7643.99,7545.0,114.05,107.6,120.5,0.014128268822341236,0.0525,0.13846686737060548,1.013119946984758
SPXW260924C07550000,7643.99,7550.0,108.65,104.2,113.1,0.014128268822341236,0.0525,0.12746157581329348,1.0124490066225165
SPXW260924C07560000,7643.99,7560.0,100.7,96.4,105.0,0.014128268822341236,0.0525,0.12552754364013674,1.0111097883597884
SPXW260924C07565000,7643.99,7565.0,96.4,92.2,100.6,0.014128268822341236,0.0525,0.12336463191986086,1.0104415069398545
SPXW260924C07570000,7643.99,7570.0,92.2,88.0,96.4,0.014128268822341236,0.0525,0.12166710861206054,1.0097741083223248
SPXW260924C07575000,7643.99,7575.0,87.65,86.0,89.3,0.014128268822341236,0.0525,0.11176425354003905,1.0091075907590759
SPXW260924C07580000,7643.99,7580.0,83.35,81.7,85.0,0.014128268822341236,0.0525,0.10970433761596679,1.0084419525065962
SPXW260924C07585000,7643.99,7585.0,79.4,77.7,81.1,0.014128268822341236,0.0525,0.10861715976715088,1.0077771918259724
SPXW260924C07590000,7643.99,7590.0,75.44999999999999,73.8,77.1,0.014128268822341236,0.0525,0.10710655475616455,1.0071133069828722
SPXW260924C07595000,7643.99,7595.0,71.85,71.7,72.0,0.014128268822341236,0.0525,0.10255948108673095,1.0064502962475312
SPXW260924C07600000,7643.99,7600.0,68.05000000000001,67.9,68.2,0.014128268822341236,0.0525,0.10131208755493162,1.0057881578947367
SPXW260924C07605000,7643.99,7605.0,64.35,64.2,64.5,0.014128268822341236,0.0525,0.10014861652374267,1.0051268902038133
SPXW260924C07610000,7643.99,7610.0,60.65,60.5,60.8,0.014128268822341236,0.0525,0.09880204185485841,1.004466491458607
SPXW260924C07615000,7643.99,7615.0,57.15,57.0,57.3,0.014128268822341236,0.0525,0.09776445457458496,1.0038069599474722
SPXW260924C07620000,7643.99,7620.0,53.7,53.6,53.8,0.014128268822341236,0.0525,0.0965285050201416,1.0031482939632546
SPXW260924C07625000,7643.99,7625.0,50.3,50.2,50.4,0.014128268822341236,0.0525,0.09533070205688476,1.0024904918032786
SPXW260924C07630000,7643.99,7630.0,47.05,46.9,47.2,0.014128268822341236,0.0525,0.0943999252319336,1.0018335517693315
SPXW260924C07635000,7643.99,7635.0,44.25,44.1,44.4,0.014128268822341236,0.0525,0.09419774829864501,1.001177472167649
SPXW260924C07640000,7643.99,7640.0,40.75,40.6,40.9,0.014128268822341236,0.0525,0.0921035004425049,1.0005222513089005
SPXW260924C07645000,7643.99,7645.0,37.8,37.7,37.9,0.014128268822341236,0.0525,0.09095910270690918,0.9998678875081752
SPXW260924C07650000,7643.99,7650.0,35.05,34.9,35.2,0.014128268822341236,0.0525,0.09028009338378906,0.9992143790849672
SPXW260924C07655000,7643.99,7655.0,32.1,32.0,32.2,0.014128268822341236,0.0525,0.08863978996276856,0.9985617243631613
SPXW260924C07660000,7643.99,7660.0,29.799999999999997,29.7,29.9,0.014128268822341236,0.0525,0.0884032810974121,0.9979099216710182
SPXW260924C07665000,7643.99,7665.0,27.299999999999997,27.2,27.4,0.014128268822341236,0.0525,0.0874190990447998,0.9972589693411611
SPXW260924C07670000,7643.99,7670.0,24.65,24.5,24.8,0.014128268822341236,0.0525,0.08591230869293214,0.9966088657105606
SPXW260924C07675000,7643.99,7675.0,22.35,22.2,22.5,0.014128268822341236,0.0525,0.08484801879882814,0.9959596091205212
SPXW260924C07680000,7643.99,7680.0,20.299999999999997,20.2,20.4,0.014128268822341236,0.0525,0.08398209117889406,0.9953111979166667
SPXW260924C07685000,7643.99,7685.0,18.200000000000003,18.1,18.3,0.014128268822341236,0.0525,0.08280717617034915,0.9946636304489265
SPXW260924C07690000,7643.99,7690.0,16.4,16.3,16.5,0.014128268822341236,0.0525,0.0821052788925171,0.9940169050715214
SPXW260924C07695000,7643.99,7695.0,14.7,14.6,14.8,0.014128268822341236,0.0525,0.0813614203643799,0.99337102014295
SPXW260924C07700000,7643.99,7700.0,13.1,13.0,13.2,0.014128268822341236,0.0525,0.0805756005859375,0.992725974025974
SPXW260924C07705000,7643.99,7705.0,11.65,11.5,11.8,0.014128268822341236,0.0525,0.08004917762756347,0.9920817650876054
SPXW260924C07710000,7643.99,7710.0,10.45,10.3,10.6,0.014128268822341236,0.0525,0.07982029808044433,0.9914383916990921
SPXW260924C07715000,7643.99,7715.0,9.2,9.1,9.3,0.014128268822341236,0.0525,0.0789505558013916,0.990795852235904
SPXW260924C07720000,7643.99,7720.0,8.0,7.9,8.1,0.014128268822341236,0.0525,0.07804266693115236,0.9901541450777201
SPXW260924C07725000,7643.99,7725.0,7.0,6.9,7.1,0.014128268822341236,0.0525,0.07749335601806642,0.9895132686084143
SPXW260924C07730000,7643.99,7730.0,6.1,6.0,6.2,0.014128268822341236,0.0525,0.0769669330596924,0.9888732212160414
SPXW260924C07735000,7643.99,7735.0,5.199999999999999,5.1,5.3,0.014128268822341236,0.0525,0.07606667350769045,0.9882340012928248
SPXW260924C07740000,7643.99,7740.0,4.4,4.3,4.5,0.014128268822341236,0.0525,0.0751816725921631,0.9875956072351421
SPXW260924C07745000,7643.99,7745.0,3.95,3.9,4.0,0.014128268822341236,0.0525,0.07539529350280763,0.986958037443512
SPXW260924C07750000,7643.99,7750.0,3.3,3.2,3.4,0.014128268822341236,0.0525,0.07477731872558595,0.9863212903225806
SPXW260924C07755000,7643.99,7755.0,2.75,2.7,2.8,0.014128268822341236,0.0525,0.07369395553588867,0.985685364281109
SPXW260924C07760000,7643.99,7760.0,2.3499999999999996,2.3,2.4,0.014128268822341236,0.0525,0.07348033462524414,0.9850502577319588
SPXW260924C07765000,7643.99,7765.0,1.975,1.95,2.0,0.014128268822341236,0.0525,0.07286998916625975,0.9844159690920798
SPXW260924C07770000,7643.99,7770.0,1.6749999999999998,1.65,1.7,0.014128268822341236,0.0525,0.07267162689208985,0.9837824967824967
SPXW260924C07775000,7643.99,7775.0,1.4,1.35,1.45,0.014128268822341236,0.0525,0.0725953337097168,0.9831498392282958
SPXW260924C07780000,7643.99,7780.0,1.1749999999999998,1.15,1.2,0.014128268822341236,0.0525,0.07215283325195312,0.9825179948586118
SPXW260924C07785000,7643.99,7785.0,0.95,0.9,1.0,0.014128268822341236,0.0525,0.07189343643188476,0.9818869621066153
SPXW260924C07790000,7643.99,7790.0,0.8,0.75,0.85,0.014128268822341236,0.0525,0.0719392123413086,0.9812567394094993
SPXW260924C07795000,7643.99,7795.0,0.675,0.65,0.7,0.014128268822341236,0.0525,0.07163403961181641,0.980627325208467
SPXW260924C07800000,7643.99,7800.0,0.55,0.5,0.6,0.014128268822341236,0.0525,0.07184766052246094,0.979998717948718
SPXW260925C06990000,7643.99,6990.0,660.55,650.6,670.5,0.01686611960947334,0.0525,0.4278774253845215,1.0935608011444922
SPXW260925C07125000,7643.99,7125.0,525.3499999999999,516.3,534.4,0.01686611960947334,0.0525,0.35016518981933586,1.072840701754386
SPXW260925C07150000,7643.99,7150.0,500.5,491.5,509.5,0.01686611960947334,0.0525,0.3375005215454102,1.0690895104895104
SPXW260925C07180000,7643.99,7180.0,470.6,461.5,479.7,0.01686611960947334,0.0525,0.3226233509826659,1.0646225626740946
SPXW260925C07210000,7643.99,7210.0,440.75,431.6,449.9,0.01686611960947334,0.0525,0.3075783354187011,1.0601927877947295
SPXW260925C07225000,7643.99,7225.0,426.45000000000005,416.6,436.3,0.01686611960947334,0.0525,0.3065026015472412,1.0579916955017301
SPXW260925C07230000,7643.99,7230.0,420.9,411.8,430.0,0.01686611960947334,0.0525,0.29727875579833973,1.0572600276625173
SPXW260925C07260000,7643.99,7260.0,391.85,381.9,401.8,0.01686611960947334,0.0525,0.2895655150604247,1.0528911845730027
SPXW260925C07270000,7643.99,7270.0,381.3,372.1,390.5,0.01686611960947334,0.0525,0.2778850288391113,1.051442916093535
SPXW260925C07275000,7643.99,7275.0,376.29999999999995,367.2,385.4,0.01686611960947334,0.0525,0.27465019790649414,1.0507202749140894
SPXW260925C07280000,7643.99,7280.0,371.35,362.1,380.6,0.01686611960947334,0.0525,0.27283442016601556,1.0499986263736263
SPXW260925C07300000,7643.99,7300.0,352.0,341.9,362.1,0.01686611960947334,0.0525,0.2685009674072265,1.0471219178082192
SPXW260925C07310000,7643.99,7310.0,341.8,332.1,351.5,0.01686611960947334,0.0525,0.260200269165039,1.0456894664842682
SPXW260925C07320000,7643.99,7320.0,331.79999999999995,322.2,341.4,0.01686611960947334,0.0525,0.25411207321167,1.0442609289617486
SPXW260925C07330000,7643.99,7330.0,322.45,312.4,332.5,0.01686611960947334,0.0525,0.2531584084320069,1.0428362892223737
SPXW260925C07340000,7643.99,7340.0,312.6,302.5,322.7,0.01686611960947334,0.0525,0.2482374981689453,1.0414155313351499
SPXW260925C07350000,7643.99,7350.0,302.04999999999995,299.4,304.7,0.01686611960947334,0.0525,0.20605499763488766,1.0399986394557823
SPXW260925C07360000,7643.99,7360.0,293.04999999999995,282.9,303.2,0.01686611960947334,0.0525,0.2386550744628906,1.038585597826087
SPXW260925C07375000,7643.99,7375.0,278.0,268.3,287.7,0.01686611960947334,0.0525,0.2278748477935791,1.036473220338983
SPXW260925C07380000,7643.99,7380.0,273.1,263.4,282.8,0.01686611960947334,0.0525,0.22533428482055662,1.035771002710027
SPXW260925C07390000,7643.99,7390.0,263.79999999999995,253.7,273.9,0.01686611960947334,0.0525,0.22364057617187497,1.0343694181326115
SPXW260925C07400000,7643.99,7400.0,253.55,251.3,255.8,0.01686611960947334,0.0525,0.18454794952392578,1.0329716216216216
SPXW260925C07410000,7643.99,7410.0,244.35000000000002,234.3,254.4,0.01686611960947334,0.0525,0.21344780700683597,1.0315775978407558
SPXW260925C07425000,7643.99,7425.0,229.3,226.8,231.8,0.01686611960947334,0.0525,0.17503418968200682,1.0294936026936026
SPXW260925C07430000,7643.99,7430.0,224.60000000000002,215.3,233.9,0.01686611960947334,0.0525,0.1994327494049072,1.028800807537012
SPXW260925C07435000,7643.99,7435.0,219.85,210.6,229.1,0.01686611960947334,0.0525,0.19706766075134277,1.0281089441829185
SPXW260925C07440000,7643.99,7440.0,215.5,213.0,218.0,0.01686611960947334,0.0525,0.17136448760986328,1.0274180107526882
SPXW260925C07450000,7643.99,7450.0,205.2,202.6,207.8,0.01686611960947334,0.0525,0.16477275665283203,1.0260389261744967
SPXW260925C07460000,7643.99,7460.0,196.25,194.0,198.5,0.01686611960947334,0.0525,0.16159133094787595,1.0246635388739946
SPXW260925C07470000,7643.99,7470.0,186.65,184.5,188.8,0.01686611960947334,0.0525,0.15675434318542483,1.0232918340026773
SPXW260925C07475000,7643.99,7475.0,182.10000000000002,179.9,184.3,0.01686611960947334,0.0525,0.15555654022216797,1.0226073578595318
SPXW260925C07480000,7643.99,7480.0,177.64999999999998,175.7,179.6,0.01686611960947334,0.0525,0.15358436145782473,1.0219237967914439
SPXW260925C07490000,7643.99,7490.0,167.85,165.2,170.5,0.01686611960947334,0.0525,0.15052881950378422,1.0205594125500668
SPXW260925C07495000,7643.99,7495.0,162.35,160.1,164.6,0.01686611960947334,0.0525,0.1443567010498047,1.019878585723816
SPXW260925C07500000,7643.99,7500.0,157.75,155.6,159.9,0.01686611960947334,0.0525,0.14225863853454587,1.0191986666666666
SPXW260925C07505000,7643.99,7505.0,153.10000000000002,150.9,155.3,0.01686611960947334,0.0525,0.1404504901123047,1.0185196535642904
SPXW260925C07510000,7643.99,7510.0,148.60000000000002,146.4,150.8,0.01686611960947334,0.0525,0.13890173851013185,1.0178415446071905
SPXW260925C07515000,7643.99,7515.0,145.1,142.5,147.7,0.01686611960947334,0.0525,0.14167881034851074,1.0171643379906852
SPXW260925C07520000,7643.99,7520.0,139.45,137.1,141.8,0.01686611960947334,0.0525,0.13559824371337892,1.0164880319148937
SPXW260925C07525000,7643.99,7525.0,135.2,133.1,137.3,0.01686611960947334,0.0525,0.13384350051879884,1.0158126245847177
SPXW260925C07530000,7643.99,7530.0,130.85,128.7,133.0,0.01686611960947334,0.0525,0.13261899494171148,1.0151381142098272
SPXW260925C07535000,7643.99,7535.0,126.2,123.9,128.5,0.01686611960947334,0.0525,0.1307154800415039,1.014464499004645
SPXW260925C07540000,7643.99,7540.0,123.44999999999999,121.6,125.3,0.01686611960947334,0.0525,0.13246640857696534,1.013791777188329
SPXW260925C07545000,7643.99,7545.0,117.6,115.3,119.9,0.01686611960947334,0.0525,0.12783159774780273,1.013119946984758
SPXW260925C07550000,7643.99,7550.0,113.5,111.5,115.5,0.01686611960947334,0.0525,0.1259700440979004,1.0124490066225165
SPXW260925C07555000,7643.99,7555.0,109.25,107.3,111.2,0.01686611960947334,0.0525,0.12430685272216799,1.0117789543348776
SPXW260925C07560000,7643.99,7560.0,106.05000000000001,104.2,107.9,0.01686611960947334,0.0525,0.12522237091064453,1.0111097883597884
SPXW260925C07565000,7643.99,7565.0,100.9,99.0,102.8,0.01686611960947334,0.0525,0.12123223747253417,1.0104415069398545
SPXW260925C07570000,7643.99,7570.0,97.1,95.8,98.4,0.01686611960947334,0.0525,0.11902736450195311,1.0097741083223248
SPXW260925C07575000,7643.99,7575.0,93.85,92.5,95.2,0.01686611960947334,0.0525,0.11978648166656493,1.0091075907590759
SPXW260925C07580000,7643.99,7580.0,89.55000000000001,89.4,89.7,0.01686611960947334,0.0525,0.11460235992431642,1.0084419525065962
SPXW260925C07585000,7643.99,7585.0,86.35,86.2,86.5,0.01686611960947334,0.0525,0.11509826560974121,1.0077771918259724
SPXW260925C07590000,7643.99,7590.0,82.30000000000001,82.2,82.4,0.01686611960947334,0.0525,0.1132176386642456,1.0071133069828722
SPXW260925C07595000,7643.99,7595.0,78.65,78.5,78.8,0.01686611960947334,0.0525,0.11242037490844725,1.0064502962475312
SPXW260925C07600000,7643.99,7600.0,74.75,74.6,74.9,0.01686611960947334,0.0525,0.11076481285095213,1.0057881578947367
SPXW260925C07605000,7643.99,7605.0,71.0,70.9,71.1,0.01686611960947334,0.0525,0.10921224658966062,1.0051268902038133
SPXW260925C07610000,7643.99,7610.0,67.30000000000001,67.2,67.4,0.01686611960947334,0.0525,0.1077512321472168,1.004466491458607
SPXW260925C07615000,7643.99,7615.0,63.5,63.4,63.6,0.01686611960947334,0.0525,0.10591256645202635,1.0038069599474722
SPXW260925C07620000,7643.99,7620.0,60.1,60.0,60.2,0.01686611960947334,0.0525,0.10482920326232908,1.0031482939632546
SPXW260925C07625000,7643.99,7625.0,56.95,56.8,57.1,0.01686611960947334,0.0525,0.10425700439453123,1.0024904918032786
SPXW260925C07630000,7643.99,7630.0,53.55,53.4,53.7,0.01686611960947334,0.0525,0.10283032188415528,1.0018335517693315
SPXW260925C07635000,7643.99,7635.0,50.5,50.4,50.6,0.01686611960947334,0.0525,0.1018995450592041,1.001177472167649
SPXW260925C07640000,7643.99,7640.0,47.3,47.1,47.5,0.01686611960947334,0.0525,0.1007856645965576,1.0005222513089005
SPXW260925C07645000,7643.99,7645.0,44.5,44.4,44.6,0.01686611960947334,0.0525,0.0999235516357422,0.9998678875081752
SPXW260925C07650000,7643.99,7650.0,41.2,41.1,41.3,0.01686611960947334,0.0525,0.0979780754852295,0.9992143790849672
SPXW260925C07655000,7643.99,7655.0,38.25,38.1,38.4,0.01686611960947334,0.0525,0.09671542331695558,0.9985617243631613
SPXW260925C07660000,7643.99,7660.0,35.8,35.7,35.9,0.01686611960947334,0.0525,0.09613559513092042,0.9979099216710182
SPXW260925C07665000,7643.99,7665.0,33.0,32.9,33.1,0.01686611960947334,0.0525,0.09466695137023928,0.9972589693411611
SPXW260925C07670000,7643.99,7670.0,30.6,30.5,30.7,0.01686611960947334,0.0525,0.09387350227355956,0.9966088657105606
SPXW260925C07675000,7643.99,7675.0,28.1,28.0,28.2,0.01686611960947334,0.0525,0.09262229408264158,0.9959596091205212
SPXW260925C07680000,7643.99,7680.0,25.9,25.8,26.0,0.01686611960947334,0.0525,0.09182884498596192,0.9953111979166667
SPXW260925C07685000,7643.99,7685.0,23.9,23.8,24.0,0.01686611960947334,0.0525,0.09126809009552002,0.9946636304489265
SPXW260925C07690000,7643.99,7690.0,21.55,21.5,21.6,0.01686611960947334,0.0525,0.08949427360534667,0.9940169050715214
SPXW260925C07695000,7643.99,7695.0,19.700000000000003,19.6,19.8,0.01686611960947334,0.0525,0.08891826007843019,0.99337102014295
SPXW260925C07700000,7643.99,7700.0,18.1,18.0,18.2,0.01686611960947334,0.0525,0.08860927268981933,0.992725974025974
SPXW260925C07705000,7643.99,7705.0,16.4,16.3,16.5,0.01686611960947334,0.0525,0.08778530632019044,0.9920817650876054
SPXW260925C07710000,7643.99,7710.0,14.8,14.7,14.9,0.01686611960947334,0.0525,0.08696133995056154,0.9914383916990921
SPXW260925C07715000,7643.99,7715.0,13.1,13.0,13.2,0.01686611960947334,0.0525,0.08555754539489746,0.990795852235904
SPXW260925C07720000,7643.99,7720.0,11.7,11.6,11.8,0.01686611960947334,0.0525,0.08470306175231934,0.9901541450777201
SPXW260925C07725000,7643.99,7725.0,10.4,10.3,10.5,0.01686611960947334,0.0525,0.08384857810974122,0.9895132686084143
SPXW260925C07730000,7643.99,7730.0,9.45,9.4,9.5,0.01686611960947334,0.0525,0.08366547447204592,0.9888732212160414
SPXW260925C07735000,7643.99,7735.0,8.3,8.2,8.4,0.01686611960947334,0.0525,0.08287965469360353,0.9882340012928248
SPXW260925C07740000,7643.99,7740.0,7.25,7.2,7.3,0.01686611960947334,0.0525,0.08175051559448243,0.9875956072351421
SPXW260925C07745000,7643.99,7745.0,6.5,6.4,6.6,0.01686611960947334,0.0525,0.08181917945861819,0.986958037443512
SPXW260925C07750000,7643.99,7750.0,5.65,5.6,5.7,0.01686611960947334,0.0525,0.08080448013305663,0.9863212903225806
SPXW260925C07755000,7643.99,7755.0,4.9,4.8,5.0,0.01686611960947334,0.0525,0.08030094512939454,0.985685364281109
SPXW260925C07760000,7643.99,7760.0,4.4,4.3,4.5,0.01686611960947334,0.0525,0.08046116081237795,0.9850502577319588
SPXW260925C07765000,7643.99,7765.0,3.7,3.6,3.8,0.01686611960947334,0.0525,0.07932439239501954,0.9844159690920798
SPXW260925C07770000,7643.99,7770.0,3.3,3.2,3.4,0.01686611960947334,0.0525,0.07947697875976564,0.9837824967824967
SPXW260925C07775000,7643.99,7775.0,2.8499999999999996,2.8,2.9,0.01686611960947334,0.0525,0.07875982284545899,0.9831498392282958
SPXW260925C07780000,7643.99,7780.0,2.4000000000000004,2.35,2.45,0.01686611960947334,0.0525,0.07799689102172852,0.9825179948586118
SPXW260925C07785000,7643.99,7785.0,2.075,2.05,2.1,0.01686611960947334,0.0525,0.07758490783691407,0.9818869621066153
SPXW260925C07790000,7643.99,7790.0,1.775,1.7,1.85,0.01686611960947334,0.0525,0.07767645965576173,0.9812567394094993
SPXW260925C07795000,7643.99,7795.0,1.5750000000000002,1.55,1.6,0.01686611960947334,0.0525,0.07750861465454104,0.980627325208467
SPXW260925C07800000,7643.99,7800.0,1.3,1.25,1.35,0.01686611960947334,0.0525,0.07703559692382814,0.979998717948718
SPXW260925C07805000,7643.99,7805.0,1.15,1.1,1.2,0.01686611960947334,0.0525,0.07737128692626954,0.9793709160794363
SPXW260925C07810000,7643.99,7810.0,1.0,0.95,1.05,0.01686611960947334,0.0525,0.07749335601806642,0.9787439180537771
SPXW260925C07815000,7643.99,7815.0,0.8500000000000001,0.8,0.9,0.01686611960947334,0.0525,0.07737128692626954,0.9781177223288547
SPXW260925C07820000,7643.99,7820.0,0.7,0.65,0.75,0.01686611960947334,0.0525,0.07694404510498049,0.9774923273657289
SPXW260925C07825000,7643.99,7825.0,0.625,0.55,0.7,0.01686611960947334,0.0525,0.07792059783935548,0.9768677316293929
SPXW260925C07830000,7643.99,7830.0,0.575,0.55,0.6,0.01686611960947334,0.0525,0.07789008056640626,0.9762439335887612
SPXW260928C07300000,7643.99,7300.0,354.45,344.4,364.5,0.025079671970869643,0.0525,0.23781584945678708,1.0471219178082192
SPXW260928C07340000,7643.99,7340.0,315.55,305.3,325.8,0.025079671970869643,0.0525,0.22235885070800776,1.0414155313351499
SPXW260928C07350000,7643.99,7350.0,305.4,295.6,315.2,0.025079671970869643,0.0525,0.21529410202026367,1.0399986394557823
SPXW260928C07400000,7643.99,7400.0,257.55,247.3,267.8,0.025079671970869643,0.0525,0.1976436742782593,1.0329716216216216
SPXW260928C07425000,7643.99,7425.0,232.5,222.8,242.2,0.025079671970869643,0.0525,0.18253762416839597,1.0294936026936026
SPXW260928C07450000,7643.99,7450.0,208.64999999999998,206.1,211.2,0.025079671970869643,0.0525,0.15139093246459961,1.0260389261744967
SPXW260928C07460000,7643.99,7460.0,199.15,196.4,201.9,0.025079671970869643,0.0525,0.14831631721496583,1.0246635388739946
SPXW260928C07470000,7643.99,7470.0,191.0,184.7,197.3,0.025079671970869643,0.0525,0.1582611335372925,1.0232918340026773
SPXW260928C07475000,7643.99,7475.0,184.89999999999998,182.2,187.6,0.025079671970869643,0.0525,0.1424188542175293,1.0226073578595318
SPXW260928C07480000,7643.99,7480.0,181.85,179.1,184.6,0.025079671970869643,0.0525,0.145340883102417,1.0219237967914439
SPXW260928C07485000,7643.99,7485.0,176.2,173.5,178.9,0.025079671970869643,0.0525,0.14066792568206787,1.0212411489645958
SPXW260928C07490000,7643.99,7490.0,172.35000000000002,169.9,174.8,0.025079671970869643,0.0525,0.14037419692993164,1.0205594125500668
SPXW260928C07495000,7643.99,7495.0,167.35000000000002,164.9,169.8,0.025079671970869643,0.0525,0.13758949577331545,1.019878585723816
SPXW260928C07500000,7643.99,7500.0,163.35000000000002,160.9,165.8,0.025079671970869643,0.0525,0.13742546543121342,1.0191986666666666
SPXW260928C07510000,7643.99,7510.0,154.05,151.4,156.7,0.025079671970869643,0.0525,0.13402660415649414,1.0178415446071905
SPXW260928C07520000,7643.99,7520.0,146.0,139.7,152.3,0.025079671970869643,0.0525,0.1418237673950195,1.0164880319148937
SPXW260928C07525000,7643.99,7525.0,141.3,138.9,143.7,0.025079671970869643,0.0525,0.13016616912841794,1.0158126245847177
SPXW260928C07530000,7643.99,7530.0,136.64999999999998,134.1,139.2,0.025079671970869643,0.0525,0.12835802070617672,1.0151381142098272
SPXW260928C07540000,7643.99,7540.0,128.2,125.7,130.7,0.025079671970869643,0.0525,0.12574116455078127,1.013791777188329
SPXW260928C07550000,7643.99,7550.0,119.75,117.3,122.2,0.025079671970869643,0.0525,0.12285346759796144,1.0124490066225165
SPXW260928C07560000,7643.99,7560.0,111.15,109.4,112.9,0.025079671970869643,0.0525,0.11793255733489989,1.0111097883597884
SPXW260928C07565000,7643.99,7565.0,107.8,106.0,109.6,0.025079671970869643,0.0525,0.1183254672241211,1.0104415069398545
SPXW260928C07570000,7643.99,7570.0,102.95,101.2,104.7,0.025079671970869643,0.0525,0.11517074413299562,1.0097741083223248
SPXW260928C07575000,7643.99,7575.0,99.2,97.4,101.0,0.025079671970869643,0.0525,0.11451080810546876,1.0091075907590759
SPXW260928C07580000,7643.99,7580.0,95.2,93.4,97.0,0.025079671970869643,0.0525,0.1131222721862793,1.0084419525065962
SPXW260928C07585000,7643.99,7585.0,91.5,91.2,91.8,0.025079671970869643,0.0525,0.10917409999847412,1.0077771918259724
SPXW260928C07590000,7643.99,7590.0,87.7,87.4,88.0,0.025079671970869643,0.0525,0.10804114624023436,1.0071133069828722
SPXW260928C07600000,7643.99,7600.0,80.7,80.5,80.9,0.025079671970869643,0.0525,0.10646187736511231,1.0057881578947367
SPXW260928C07605000,7643.99,7605.0,77.1,76.8,77.4,0.025079671970869643,0.0525,0.10559976440429686,1.0051268902038133
SPXW260928C07610000,7643.99,7610.0,73.0,72.8,73.2,0.025079671970869643,0.0525,0.103249934387207,1.004466491458607
SPXW260928C07615000,7643.99,7615.0,70.0,69.8,70.2,0.025079671970869643,0.0525,0.1031316799545288,1.0038069599474722
SPXW260928C07620000,7643.99,7620.0,66.0,65.8,66.2,0.025079671970869643,0.0525,0.10095350959777832,1.0031482939632546
SPXW260928C07625000,7643.99,7625.0,63.15,62.9,63.4,0.025079671970869643,0.0525,0.10095350959777832,1.0024904918032786
SPXW260928C07630000,7643.99,7630.0,59.3,59.1,59.5,0.025079671970869643,0.0525,0.09872574867248535,1.0018335517693315
SPXW260928C07635000,7643.99,7635.0,56.25,56.0,56.5,0.025079671970869643,0.0525,0.09807725662231445,1.001177472167649
SPXW260928C07640000,7643.99,7640.0,53.2,53.0,53.4,0.025079671970869643,0.0525,0.0970968892288208,1.0005222513089005
SPXW260928C07645000,7643.99,7645.0,50.099999999999994,49.9,50.3,0.025079671970869643,0.0525,0.09597537944793703,0.9998678875081752
SPXW260928C07650000,7643.99,7650.0,47.45,47.2,47.7,0.025079671970869643,0.0525,0.09565113342285157,0.9992143790849672
SPXW260928C07655000,7643.99,7655.0,44.65,44.4,44.9,0.025079671970869643,0.0525,0.09479664978027345,0.9985617243631613
SPXW260928C07660000,7643.99,7660.0,42.0,41.8,42.2,0.025079671970869643,0.0525,0.09398031272888183,0.9979099216710182
SPXW260928C07665000,7643.99,7665.0,38.85,38.7,39.0,0.025079671970869643,0.0525,0.0920462805557251,0.9972589693411611
SPXW260928C07670000,7643.99,7670.0,36.599999999999994,36.4,36.8,0.025079671970869643,0.0525,0.09185936225891114,0.9966088657105606
SPXW260928C07675000,7643.99,7675.0,34.2,34.0,34.4,0.025079671970869643,0.0525,0.09112313304901125,0.9959596091205212
SPXW260928C07680000,7643.99,7680.0,31.35,31.2,31.5,0.025079671970869643,0.0525,0.08923106212615968,0.9953111979166667
SPXW260928C07685000,7643.99,7685.0,29.4,29.2,29.6,0.025079671970869643,0.0525,0.08912806632995607,0.9946636304489265
SPXW260928C07690000,7643.99,7690.0,26.9,26.7,27.1,0.025079671970869643,0.0525,0.08764416393280029,0.9940169050715214
SPXW260928C07695000,7643.99,7695.0,25.0,24.8,25.2,0.025079671970869643,0.0525,0.08718640483856203,0.99337102014295
SPXW260928C07700000,7643.99,7700.0,23.15,23.0,23.3,0.025079671970869643,0.0525,0.08654935676574707,0.992725974025974
SPXW260928C07705000,7643.99,7705.0,21.25,21.1,21.4,0.025079671970869643,0.0525,0.08571776107788087,0.9920817650876054
SPXW260928C07710000,7643.99,7710.0,19.200000000000003,19.1,19.3,0.025079671970869643,0.0525,0.08423004402160647,0.9914383916990921
SPXW260928C07715000,7643.99,7715.0,17.6,17.4,17.8,0.025079671970869643,0.0525,0.08386765140533449,0.990795852235904
SPXW260928C07720000,7643.99,7720.0,16.05,15.9,16.2,0.025079671970869643,0.0525,0.08307038764953617,0.9901541450777201
SPXW260928C07725000,7643.99,7725.0,14.6,14.5,14.7,0.025079671970869643,0.0525,0.08229982650756837,0.9895132686084143
SPXW260928C07730000,7643.99,7730.0,13.25,13.1,13.4,0.025079671970869643,0.0525,0.08180392082214358,0.9888732212160414
SPXW260928C07735000,7643.99,7735.0,11.9,11.8,12.0,0.025079671970869643,0.0525,0.08082736808776855,0.9882340012928248
SPXW260928C07740000,7643.99,7740.0,10.9,10.8,11.0,0.025079671970869643,0.0525,0.08070148433685302,0.9875956072351421
SPXW260928C07745000,7643.99,7745.0,9.8,9.7,9.9,0.025079671970869643,0.0525,0.08009495353698731,0.986958037443512
SPXW260928C07750000,7643.99,7750.0,8.7,8.6,8.8,0.025079671970869643,0.0525,0.0792480992126465,0.9863212903225806
SPXW260928C07760000,7643.99,7760.0,7.0,6.9,7.1,0.025079671970869643,0.0525,0.0784165035247803,0.9850502577319588
SPXW260928C07770000,7643.99,7770.0,5.550000000000001,5.4,5.7,0.025079671970869643,0.0525,0.07775275283813476,0.9837824967824967
SPXW260928C07775000,7643.99,7775.0,4.9,4.8,5.0,0.025079671970869643,0.0525,0.07706611419677736,0.9831498392282958
SPXW260928C07780000,7643.99,7780.0,4.25,4.1,4.4,0.025079671970869643,0.0525,0.07654732055664065,0.9825179948586118
SPXW260928C07790000,7643.99,7790.0,3.3,3.2,3.4,0.025079671970869643,0.0525,0.07568520759582523,0.9812567394094993
SPXW260928C07800000,7643.99,7800.0,2.5,2.4,2.6,0.025079671970869643,0.0525,0.07491464645385743,0.979998717948718
SPXW260928C07810000,7643.99,7810.0,1.925,1.85,2.0,0.025079671970869643,0.0525,0.07445688735961914,0.9787439180537771
SPXW260928C07820000,7643.99,7820.0,1.475,1.4,1.55,0.025079671970869643,0.0525,0.07427378372192384,0.9774923273657289
SPXW260928C07825000,7643.99,7825.0,1.325,1.25,1.4,0.025079671970869643,0.0525,0.0745636978149414,0.9768677316293929
SPXW260928C07830000,7643.99,7830.0,1.15,1.05,1.25,0.025079671970869643,0.0525,0.07471628417968751,0.9762439335887612
SPXW260928C07840000,7643.99,7840.0,0.875,0.8,0.95,0.025079671970869643,0.0525,0.07448740463256837,0.9749987244897959
SPXW260928C07850000,7643.99,7850.0,0.7,0.65,0.75,0.025079671970869643,0.0525,0.07480783599853516,0.9737566878980891
SPXW260928C07860000,7643.99,7860.0,0.575,0.5,0.65,0.025079671970869643,0.0525,0.07618111328125002,0.9725178117048345
SPXW260929C07200000,7643.99,7200.0,454.75,444.5,465.0,0.027817522758001742,0.0525,0.2760616217803955,1.0616652777777777
SPXW260929C07225000,7643.99,7225.0,430.0,419.8,440.2,0.027817522758001742,0.0525,0.2652585071563721,1.0579916955017301
SPXW260929C07300000,7643.99,7300.0,356.20000000000005,346.3,366.1,0.027817522758001742,0.0525,0.23311618942260742,1.0471219178082192
SPXW260929C07325000,7643.99,7325.0,332.15,321.9,342.4,0.027817522758001742,0.0525,0.22529232357025142,1.0435481228668941
SPXW260929C07375000,7643.99,7375.0,283.65,273.7,293.6,0.027817522758001742,0.0525,0.20419344398498532,1.036473220338983
SPXW260929C07400000,7643.99,7400.0,260.05,249.8,270.3,0.027817522758001742,0.0525,0.196297099609375,1.0329716216216216
SPXW260929C07420000,7643.99,7420.0,239.25,236.7,241.8,0.027817522758001742,0.0525,0.1614692618560791,1.030187331536388
SPXW260929C07450000,7643.99,7450.0,211.2,208.7,213.7,0.027817522758001742,0.0525,0.15216530826568608,1.0260389261744967
SPXW260929C07475000,7643.99,7475.0,189.2,186.8,191.6,0.027817522758001742,0.0525,0.14703840641021731,1.0226073578595318
SPXW260929C07480000,7643.99,7480.0,184.6,182.0,187.2,0.027817522758001742,0.0525,0.1459130819702148,1.0219237967914439
SPXW260929C07490000,7643.99,7490.0,175.75,173.3,178.2,0.027817522758001742,0.0525,0.14301394104003906,1.0205594125500668
SPXW260929C07500000,7643.99,7500.0,166.5,163.9,169.1,0.027817522758001742,0.0525,0.13969518760681152,1.0191986666666666
SPXW260929C07525000,7643.99,7525.0,145.05,142.7,147.4,0.027817522758001742,0.0525,0.13307293937683104,1.0158126245847177
SPXW260929C07530000,7643.99,7530.0,140.1,137.6,142.6,0.027817522758001742,0.0525,0.13056289367675777,1.0151381142098272
SPXW260929C07540000,7643.99,7540.0,132.35,130.1,134.6,0.027817522758001742,0.0525,0.1289225902557373,1.013791777188329
SPXW260929C07545000,7643.99,7545.0,128.05,125.7,130.4,0.027817522758001742,0.0525,0.12756075695037844,1.013119946984758
SPXW260929C07550000,7643.99,7550.0,123.3,121.3,125.3,0.027817522758001742,0.0525,0.12423437419891357,1.0124490066225165
SPXW260929C07555000,7643.99,7555.0,119.4,117.5,121.3,0.027817522758001742,0.0525,0.12318915760040285,1.0117789543348776
SPXW260929C07560000,7643.99,7560.0,115.35,113.4,117.3,0.027817522758001742,0.0525,0.1220638331604004,1.0111097883597884
SPXW260929C07565000,7643.99,7565.0,111.25,109.4,113.1,0.027817522758001742,0.0525,0.12045786167144774,1.0104415069398545
SPXW260929C07570000,7643.99,7570.0,107.30000000000001,105.4,109.2,0.027817522758001742,0.0525,0.1193897571182251,1.0097741083223248
SPXW260929C07575000,7643.99,7575.0,103.65,101.7,105.6,0.027817522758001742,0.0525,0.11883281688690185,1.0091075907590759
SPXW260929C07580000,7643.99,7580.0,99.5,99.2,99.8,0.027817522758001742,0.0525,0.11385087207794188,1.0084419525065962
SPXW260929C07585000,7643.99,7585.0,95.7,95.4,96.0,0.027817522758001742,0.0525,0.11276369422912597,1.0077771918259724
SPXW260929C07590000,7643.99,7590.0,92.6,92.4,92.8,0.027817522758001742,0.0525,0.11274080627441406,1.0071133069828722
SPXW260929C07595000,7643.99,7595.0,88.9,88.6,89.2,0.027817522758001742,0.0525,0.11184054672241209,1.0064502962475312
SPXW260929C07600000,7643.99,7600.0,84.5,84.2,84.8,0.027817522758001742,0.0525,0.10933050102233885,1.0057881578947367
SPXW260929C07605000,7643.99,7605.0,81.4,81.2,81.6,0.027817522758001742,0.0525,0.10899481101989744,1.0051268902038133
SPXW260929C07610000,7643.99,7610.0,77.5,77.3,77.7,0.027817522758001742,0.0525,0.10724388248443603,1.004466491458607
SPXW260929C07615000,7643.99,7615.0,74.5,74.2,74.8,0.027817522758001742,0.0525,0.10724769714355468,1.0038069599474722
SPXW260929C07620000,7643.99,7620.0,71.1,70.8,71.4,0.027817522758001742,0.0525,0.10621010986328125,1.0031482939632546
SPXW260929C07625000,7643.99,7625.0,67.7,67.4,68.0,0.027817522758001742,0.0525,0.10506189746856688,1.0024904918032786
SPXW260929C07630000,7643.99,7630.0,64.5,64.2,64.8,0.027817522758001742,0.0525,0.10416545257568358,1.0018335517693315
SPXW260929C07635000,7643.99,7635.0,60.8,60.6,61.0,0.027817522758001742,0.0525,0.10205976074218749,1.001177472167649
SPXW260929C07640000,7643.99,7640.0,58.15,57.9,58.4,0.027817522758001742,0.0525,0.10201017017364501,1.0005222513089005
SPXW260929C07645000,7643.99,7645.0,55.099999999999994,54.9,55.3,0.027817522758001742,0.0525,0.1009306216430664,0.9998678875081752
SPXW260929C07650000,7643.99,7650.0,51.75,51.6,51.9,0.027817522758001742,0.0525,0.09917969310760498,0.9992143790849672
SPXW260929C07660000,7643.99,7660.0,45.900000000000006,45.7,46.1,0.027817522758001742,0.0525,0.09707781593322756,0.9979099216710182
SPXW260929C07665000,7643.99,7665.0,43.7,43.5,43.9,0.027817522758001742,0.0525,0.09709307456970215,0.9972589693411611
SPXW260929C07670000,7643.99,7670.0,40.599999999999994,40.4,40.8,0.027817522758001742,0.0525,0.09531925807952882,0.9966088657105606
SPXW260929C07675000,7643.99,7675.0,38.05,37.9,38.2,0.027817522758001742,0.0525,0.0943121880722046,0.9959596091205212
SPXW260929C07680000,7643.99,7680.0,35.7,35.5,35.9,0.027817522758001742,0.0525,0.09370947193145752,0.9953111979166667
SPXW260929C07685000,7643.99,7685.0,33.35,33.2,33.5,0.027817522758001742,0.0525,0.09276725112915038,0.9946636304489265
SPXW260929C07690000,7643.99,7690.0,31.049999999999997,30.9,31.2,0.027817522758001742,0.0525,0.09184791828155518,0.9940169050715214
SPXW260929C07695000,7643.99,7695.0,28.950000000000003,28.8,29.1,0.027817522758001742,0.0525,0.09115365032196045,0.99337102014295
SPXW260929C07700000,7643.99,7700.0,26.8,26.6,27.0,0.027817522758001742,0.0525,0.09029535202026368,0.992725974025974
SPXW260929C07705000,7643.99,7705.0,24.8,24.6,25.0,0.027817522758001742,0.0525,0.08945994167327881,0.9920817650876054
SPXW260929C07710000,7643.99,7710.0,23.0,22.9,23.1,0.027817522758001742,0.0525,0.08865123394012452,0.9914383916990921
SPXW260929C07715000,7643.99,7715.0,21.35,21.2,21.5,0.027817522758001742,0.0525,0.08829647064208986,0.990795852235904
SPXW260929C07720000,7643.99,7720.0,19.450000000000003,19.3,19.6,0.027817522758001742,0.0525,0.08712155563354493,0.9901541450777201
SPXW260929C07725000,7643.99,7725.0,17.85,17.7,18.0,0.027817522758001742,0.0525,0.0864043997192383,0.9895132686084143
SPXW260929C07730000,7643.99,7730.0,16.6,16.4,16.8,0.027817522758001742,0.0525,0.08641965835571291,0.9888732212160414
SPXW260929C07735000,7643.99,7735.0,14.95,14.8,15.1,0.027817522758001742,0.0525,0.08508452766418459,0.9882340012928248
SPXW260929C07740000,7643.99,7740.0,13.75,13.6,13.9,0.027817522758001742,0.0525,0.08474883766174318,0.9875956072351421
SPXW260929C07750000,7643.99,7750.0,11.3,11.2,11.4,0.027817522758001742,0.0525,0.08324586196899417,0.9863212903225806
SPXW260929C07760000,7643.99,7760.0,9.25,9.1,9.4,0.027817522758001742,0.0525,0.08229219718933106,0.9850502577319588
SPXW260929C07770000,7643.99,7770.0,7.550000000000001,7.4,7.7,0.027817522758001742,0.0525,0.08145297218322756,0.9837824967824967
SPXW260929C07775000,7643.99,7775.0,6.75,6.6,6.9,0.027817522758001742,0.0525,0.08089603195190428,0.9831498392282958
SPXW260929C07780000,7643.99,7780.0,6.050000000000001,5.9,6.2,0.027817522758001742,0.0525,0.08047641944885256,0.9825179948586118
SPXW260929C07790000,7643.99,7790.0,4.949999999999999,4.8,5.1,0.027817522758001742,0.0525,0.0802246519470215,0.9812567394094993
SPXW260929C07800000,7643.99,7800.0,3.85,3.7,4.0,0.027817522758001742,0.0525,0.07918706466674805,0.979998717948718
SPXW260929C07810000,7643.99,7810.0,3.075,2.95,3.2,0.027817522758001742,0.0525,0.07875982284545899,0.9787439180537771
SPXW260929C07820000,7643.99,7820.0,2.4,2.3,2.5,0.027817522758001742,0.0525,0.07810370147705079,0.9774923273657289
SPXW260929C07825000,7643.99,7825.0,2.15,2.05,2.25,0.027817522758001742,0.0525,0.07813421875000001,0.9768677316293929
SPXW260929C07830000,7643.99,7830.0,1.9,1.8,2.0,0.027817522758001742,0.0525,0.07799689102172852,0.9762439335887612
SPXW260929C07840000,7643.99,7840.0,1.525,1.45,1.6,0.027817522758001742,0.0525,0.07798163238525391,0.9749987244897959
SPXW260929C07850000,7643.99,7850.0,1.225,1.15,1.3,0.027817522758001742,0.0525,0.0782715464782715,0.9737566878980891
SPXW260929C07860000,7643.99,7860.0,0.95,0.85,1.05,0.027817522758001742,0.0525,0.07853094329833986,0.9725178117048345
SPXW260929C07870000,7643.99,7870.0,0.8,0.75,0.85,0.027817522758001742,0.0525,0.07886663330078125,0.97128208386277
SPXW260929C07875000,7643.99,7875.0,0.8,0.75,0.85,0.027817522758001742,0.0525,0.08030094512939454,0.9706653968253968
SPXW260929C07880000,7643.99,7880.0,0.675,0.6,0.75,0.027817522758001742,0.0525,0.08023991058349611,0.9700494923857867
SPXW260929C07890000,7643.99,7890.0,0.575,0.5,0.65,0.027817522758001742,0.0525,0.0813690496826172,0.9688200253485424
SPXW260930C05800000,7643.99,5800.0,1900.1999999999998,1896.3,1904.1,0.030555373545133845,0.0525,1.087254319610596,1.3179293103448275
SPXW260930C05825000,7643.99,5825.0,1874.6,1870.9,1878.3,0.030555373545133845,0.0525,1.0710571960067752,1.3122729613733906
SPXW260930C05960000,7643.99,5960.0,1741.4,1737.6,1745.2,0.030555373545133845,0.0525,1.0087024662780761,1.2825486577181209
SPXW260930C05970000,7643.99,5970.0,1808.05,1802.3,1813.8,0.030555373545133845,0.0525,1.2953755324172973,1.2804003350083752
SPXW260930C05975000,7643.99,5975.0,1788.25,1782.5,1794.0,0.030555373545133845,0.0525,1.2424964633178708,1.2793288702928869
SPXW260930C05980000,7643.99,5980.0,1798.35,1792.5,1804.2,0.030555373545133845,0.0525,1.2901875700759888,1.2782591973244146
SPXW260930C06040000,7643.99,6040.0,1679.4,1667.4,1691.4,0.030555373545133845,0.0525,1.0433855204010014,1.2655612582781457
SPXW260930C06345000,7643.99,6345.0,1360.65,1356.8,1364.5,0.030555373545133845,0.0525,0.8269518037414549,1.2047265563435776
SPXW260930C06415000,7643.99,6415.0,1291.5,1287.6,1295.4,0.030555373545133845,0.0525,0.794099959411621,1.191580670303975
SPXW260930C06525000,7643.99,6525.0,1136.9,1133.0,1140.8,0.030555373545133845,0.0525,0.5354050366210938,1.1714927203065133
SPXW260930C06550000,7643.99,6550.0,1224.8,1219.0,1230.6,0.030555373545133845,0.0525,0.9348990274810791,1.1670213740458015
SPXW260930C06615000,7643.99,6615.0,1094.5500000000002,1090.7,1098.4,0.030555373545133845,0.0525,0.7016783982849122,1.155554043839758
SPXW260930C06620000,7643.99,6620.0,1089.5500000000002,1085.7,1093.4,0.030555373545133845,0.0525,0.6990844300842287,1.1546812688821753
SPXW260930C06740000,7643.99,6740.0,938.6,935.2,942.0,0.030555373545133845,0.0525,0.5257310610961915,1.1341231454005933
SPXW260930C06750000,7643.99,6750.0,962.4000000000001,958.7,966.1,0.030555373545133845,0.0525,0.640704886932373,1.1324429629629629
SPXW260930C06765000,7643.99,6765.0,947.7,943.9,951.5,0.030555373545133845,0.0525,0.6337889099502565,1.129932002956393
SPXW260930C06820000,7643.99,6820.0,862.65,856.8,868.5,0.030555373545133845,0.0525,0.5044071166229248,1.1208196480938417
SPXW260930C06845000,7643.99,6845.0,819.15,815.0,823.3,0.030555373545133845,0.0525,0.43399613861083985,1.1167260774287802
SPXW260930C06890000,7643.99,6890.0,776.95,773.2,780.7,0.030555373545133845,0.0525,0.42474940490722657,1.1094325108853411
SPXW260930C06980000,7643.99,6980.0,739.0999999999999,735.3,742.9,0.030555373545133845,0.0525,0.5380295220947267,1.0951275071633237
SPXW260930C07065000,7643.99,7065.0,620.55,616.7,624.4,0.030555373545133845,0.0525,0.4089948627471923,1.0819518754423212
SPXW260930C07105000,7643.99,7105.0,619.0999999999999,616.3,621.9,0.030555373545133845,0.0525,0.4892705492401124,1.0758606615059816
SPXW260930C07130000,7643.99,7130.0,542.25,538.5,546.0,0.030555373545133845,0.0525,0.335230799369812,1.0720883590462833
SPXW260930C07185000,7643.99,7185.0,489.95000000000005,486.1,493.8,0.030555373545133845,0.0525,0.3179084323120117,1.0638816979819068
SPXW260930C07195000,7643.99,7195.0,460.95,450.7,471.2,0.030555373545133845,0.0525,0.27180446220397947,1.0624030576789436
SPXW260930C07220000,7643.99,7220.0,457.0,453.1,460.9,0.030555373545133845,0.0525,0.3070900590515136,1.058724376731302
SPXW260930C07225000,7643.99,7225.0,431.1,422.9,439.3,0.030555373545133845,0.0525,0.25161728614807133,1.0579916955017301
SPXW260930C07230000,7643.99,7230.0,426.55,416.3,436.8,0.030555373545133845,0.0525,0.25818612915039063,1.0572600276625173
SPXW260930C07235000,7643.99,7235.0,467.95000000000005,464.1,471.8,0.030555373545133845,0.0525,0.367643957901001,1.0565293711126469
SPXW260930C07245000,7643.99,7245.0,411.45000000000005,401.6,421.3,0.030555373545133845,0.0525,0.24969469795227048,1.055071083505866
SPXW260930C07250000,7643.99,7250.0,405.65,395.9,415.4,0.030555373545133845,0.0525,0.24435417518615724,1.054343448275862
SPXW260930C07265000,7643.99,7265.0,471.0,459.0,483.0,0.030555373545133845,0.0525,0.4438227005004882,1.052166551961459
SPXW260930C07270000,7643.99,7270.0,386.95000000000005,377.1,396.8,0.030555373545133845,0.0525,0.2399978344726562,1.051442916093535
SPXW260930C07275000,7643.99,7275.0,382.1,372.2,392.0,0.030555373545133845,0.0525,0.23836516036987304,1.0507202749140894
SPXW260930C07280000,7643.99,7280.0,377.29999999999995,367.4,387.2,0.030555373545133845,0.0525,0.2367172276306152,1.0499986263736263
SPXW260930C07285000,7643.99,7285.0,372.65,362.5,382.8,0.030555373545133845,0.0525,0.23632813240051267,1.0492779684282771
SPXW260930C07290000,7643.99,7290.0,367.55,357.6,377.5,0.030555373545133845,0.0525,0.23306278419494628,1.0485582990397806
SPXW260930C07295000,7643.99,7295.0,361.4,351.8,371.0,0.030555373545133845,0.0525,0.22593700096130373,1.0478396161754626
SPXW260930C07300000,7643.99,7300.0,356.45,353.0,359.9,0.030555373545133845,0.0525,0.20274387351989745,1.0471219178082192
SPXW260930C07305000,7643.99,7305.0,351.75,342.1,361.4,0.030555373545133845,0.0525,0.22262587684631344,1.0464052019164956
SPXW260930C07310000,7643.99,7310.0,347.54999999999995,338.2,356.9,0.030555373545133845,0.0525,0.22189346229553217,1.0456894664842682
SPXW260930C07315000,7643.99,7315.0,343.65,333.4,353.9,0.030555373545133845,0.0525,0.22571956539154053,1.0449747095010253
SPXW260930C07320000,7643.99,7320.0,338.5,328.4,348.6,0.030555373545133845,0.0525,0.22245040252685544,1.0442609289617486
SPXW260930C07325000,7643.99,7325.0,333.95,323.7,344.2,0.030555373545133845,0.0525,0.22188583297729486,1.0435481228668941
SPXW260930C07330000,7643.99,7330.0,328.85,318.9,338.8,0.030555373545133845,0.0525,0.2183153120422363,1.0428362892223737
SPXW260930C07335000,7643.99,7335.0,323.05,313.3,332.8,0.030555373545133845,0.0525,0.21295953063964845,1.0421254260395365
SPXW260930C07340000,7643.99,7340.0,319.55,309.3,329.8,0.030555373545133845,0.0525,0.21648427566528317,1.0414155313351499
SPXW260930C07345000,7643.99,7345.0,314.75,304.5,325.0,0.030555373545133845,0.0525,0.21466086860656738,1.0407066031313819
SPXW260930C07350000,7643.99,7350.0,309.9,299.7,320.1,0.030555373545133845,0.0525,0.21253228881835937,1.0399986394557823
SPXW260930C07360000,7643.99,7360.0,300.0,290.1,309.9,0.030555373545133845,0.0525,0.20712310218811034,1.038585597826087
SPXW260930C07365000,7643.99,7365.0,294.65,285.3,304.0,0.030555373545133845,0.0525,0.20214878669738767,1.0378805159538356
SPXW260930C07370000,7643.99,7370.0,290.5,280.6,300.4,0.030555373545133845,0.0525,0.20365176239013671,1.0371763907734057
SPXW260930C07375000,7643.99,7375.0,286.05,275.8,296.3,0.030555373545133845,0.0525,0.20367465034484863,1.036473220338983
SPXW260930C07380000,7643.99,7380.0,280.45000000000005,271.1,289.8,0.030555373545133845,0.0525,0.197098178024292,1.035771002710027
SPXW260930C07385000,7643.99,7385.0,275.65,273.0,278.3,0.030555373545133845,0.0525,0.1759497078704834,1.0350697359512524
SPXW260930C07390000,7643.99,7390.0,270.55,260.8,280.3,0.030555373545133845,0.0525,0.193542915725708,1.0343694181326115
SPXW260930C07395000,7643.99,7395.0,266.1,263.6,268.6,0.030555373545133845,0.0525,0.17217701000213625,1.0336700473292766
SPXW260930C07400000,7643.99,7400.0,261.4,258.9,263.9,0.030555373545133845,0.0525,0.17070836624145513,1.0329716216216216
SPXW260930C07405000,7643.99,7405.0,257.25,254.4,260.1,0.030555373545133845,0.0525,0.17180698806762695,1.032274139095206
SPXW260930C07410000,7643.99,7410.0,251.75,242.0,261.5,0.030555373545133845,0.0525,0.18674900783538817,1.0315775978407558
SPXW260930C07415000,7643.99,7415.0,247.0,244.2,249.8,0.030555373545133845,0.0525,0.1661612925720215,1.0308819959541469
SPXW260930C07420000,7643.99,7420.0,241.75,239.2,244.3,0.030555373545133845,0.0525,0.16235044811248778,1.030187331536388
SPXW260930C07425000,7643.99,7425.0,238.05,235.5,240.6,0.030555373545133845,0.0525,0.16355588039398194,1.0294936026936026
SPXW260930C07430000,7643.99,7430.0,233.10000000000002,223.4,242.8,0.030555373545133845,0.0525,0.17986736278533932,1.028800807537012
SPXW260930C07435000,7643.99,7435.0,228.45,225.7,231.2,0.030555373545133845,0.0525,0.16028671752929688,1.0281089441829185
SPXW260930C07440000,7643.99,7440.0,223.25,220.8,225.7,0.030555373545133845,0.0525,0.15648731704711916,1.0274180107526882
SPXW260930C07445000,7643.99,7445.0,215.7,214.4,217.0,0.030555373545133845,0.0525,0.1438989419555664,1.0267280053727335
SPXW260930C07450000,7643.99,7450.0,215.0,212.5,217.5,0.030555373545133845,0.0525,0.1562279202270508,1.0260389261744967
SPXW260930C07455000,7643.99,7455.0,209.5,207.1,211.9,0.030555373545133845,0.0525,0.15216912292480472,1.0253507712944332
SPXW260930C07460000,7643.99,7460.0,206.15,203.4,208.9,0.030555373545133845,0.0525,0.15468679794311524,1.0246635388739946
SPXW260930C07465000,7643.99,7465.0,201.0,198.3,203.7,0.030555373545133845,0.0525,0.15161981201171876,1.0239772270596115
SPXW260930C07470000,7643.99,7470.0,196.5,193.8,199.2,0.030555373545133845,0.0525,0.15026179336547857,1.0232918340026773
SPXW260930C07475000,7643.99,7475.0,191.75,189.1,194.4,0.030555373545133845,0.0525,0.14814465755462647,1.0226073578595318
SPXW260930C07480000,7643.99,7480.0,187.95,181.8,194.1,0.030555373545133845,0.0525,0.15655598091125492,1.0219237967914439
SPXW260930C07485000,7643.99,7485.0,182.8,180.2,185.4,0.030555373545133845,0.0525,0.1452607752609253,1.0212411489645958
SPXW260930C07490000,7643.99,7490.0,179.25,172.9,185.6,0.030555373545133845,0.0525,0.15447699169158935,1.0205594125500668
SPXW260930C07495000,7643.99,7495.0,174.65,168.5,180.8,0.030555373545133845,0.0525,0.1521462349700928,1.019878585723816
SPXW260930C07500000,7643.99,7500.0,169.6,167.0,172.2,0.030555373545133845,0.0525,0.14132023239135744,1.0191986666666666
SPXW260930C07505000,7643.99,7505.0,165.25,162.7,167.8,0.030555373545133845,0.0525,0.13991643783569335,1.0185196535642904
SPXW260930C07510000,7643.99,7510.0,161.55,159.2,163.9,0.030555373545133845,0.0525,0.139569303855896,1.0178415446071905
SPXW260930C07515000,7643.99,7515.0,156.64999999999998,154.1,159.2,0.030555373545133845,0.0525,0.1374102067947388,1.0171643379906852
SPXW260930C07520000,7643.99,7520.0,153.10000000000002,146.9,159.3,0.030555373545133845,0.0525,0.14539810298919675,1.0164880319148937
SPXW260930C07525000,7643.99,7525.0,148.75,146.4,151.1,0.030555373545133845,0.0525,0.1357546447372437,1.0158126245847177
SPXW260930C07530000,7643.99,7530.0,143.9,141.4,146.4,0.030555373545133845,0.0525,0.13347347858428954,1.0151381142098272
SPXW260930C07535000,7643.99,7535.0,140.35,138.1,142.6,0.030555373545133845,0.0525,0.1330195341491699,1.014464499004645
SPXW260930C07540000,7643.99,7540.0,135.5,133.7,137.3,0.030555373545133845,0.0525,0.12942612525939942,1.013791777188329
SPXW260930C07545000,7643.99,7545.0,131.35000000000002,129.4,133.3,0.030555373545133845,0.0525,0.12845338718414306,1.013119946984758
SPXW260930C07550000,7643.99,7550.0,127.3,125.4,129.2,0.030555373545133845,0.0525,0.12721362297058106,1.0124490066225165
SPXW260930C07555000,7643.99,7555.0,123.45,121.7,125.2,0.030555373545133845,0.0525,0.12610737182617188,1.0117789543348776
SPXW260930C07560000,7643.99,7560.0,119.44999999999999,118.8,120.1,0.030555373545133845,0.0525,0.12278480373382568,1.0111097883597884
SPXW260930C07565000,7643.99,7565.0,116.35,115.0,117.7,0.030555373545133845,0.0525,0.12465398670196533,1.0104415069398545
SPXW260930C07570000,7643.99,7570.0,112.15,111.4,112.9,0.030555373545133845,0.0525,0.12180825099945068,1.0097741083223248
SPXW260930C07575000,7643.99,7575.0,107.75,107.6,107.9,0.030555373545133845,0.0525,0.11853908813476563,1.0091075907590759
SPXW260930C07580000,7643.99,7580.0,103.85,103.7,104.0,0.030555373545133845,0.0525,0.11729932392120361,1.0084419525065962
SPXW260930C07585000,7643.99,7585.0,100.85,100.7,101.0,0.030555373545133845,0.0525,0.11765408721923828,1.0077771918259724
SPXW260930C07590000,7643.99,7590.0,96.75,96.6,96.9,0.030555373545133845,0.0525,0.11588027072906494,1.0071133069828722
SPXW260930C07595000,7643.99,7595.0,93.35,93.2,93.5,0.030555373545133845,0.0525,0.1153080718612671,1.0064502962475312
SPXW260930C07600000,7643.99,7600.0,89.2,89.0,89.4,0.030555373545133845,0.0525,0.113377854347229,1.0057881578947367
SPXW260930C07605000,7643.99,7605.0,86.15,86.0,86.3,0.030555373545133845,0.0525,0.11316423343658448,1.0051268902038133
SPXW260930C07610000,7643.99,7610.0,82.65,82.5,82.8,0.030555373545133845,0.0525,0.11213427547454832,1.004466491458607
SPXW260930C07615000,7643.99,7615.0,78.85,78.7,79.0,0.030555373545133845,0.0525,0.11048252807617187,1.0038069599474722
SPXW260930C07620000,7643.99,7620.0,75.44999999999999,75.3,75.6,0.030555373545133845,0.0525,0.10944112613677978,1.0031482939632546
SPXW260930C07625000,7643.99,7625.0,72.35,72.2,72.5,0.030555373545133845,0.0525,0.1088307806777954,1.0024904918032786
SPXW260930C07630000,7643.99,7630.0,68.69999999999999,68.6,68.8,0.030555373545133845,0.0525,0.10706459350585937,1.0018335517693315
SPXW260930C07635000,7643.99,7635.0,66.0,65.9,66.1,0.030555373545133845,0.0525,0.10693870975494385,1.001177472167649
SPXW260930C07640000,7643.99,7640.0,62.35,62.2,62.5,0.030555373545133845,0.0525,0.10513628332138061,1.0005222513089005
SPXW260930C07645000,7643.99,7645.0,59.3,59.2,59.4,0.030555373545133845,0.0525,0.10409297405242919,0.9998678875081752
SPXW260930C07650000,7643.99,7650.0,56.55,56.4,56.7,0.030555373545133845,0.0525,0.10363140029907225,0.9992143790849672
SPXW260930C07655000,7643.99,7655.0,53.45,53.3,53.6,0.030555373545133845,0.0525,0.10235348949432373,0.9985617243631613
SPXW260930C07660000,7643.99,7660.0,51.05,50.9,51.2,0.030555373545133845,0.0525,0.1021780151748657,0.9979099216710182
SPXW260930C07665000,7643.99,7665.0,48.3,48.2,48.4,0.030555373545133845,0.0525,0.1011785744857788,0.9972589693411611
SPXW260930C07670000,7643.99,7670.0,45.45,45.2,45.7,0.030555373545133845,0.0525,0.10023253902435302,0.9966088657105606
SPXW260930C07675000,7643.99,7675.0,43.05,42.9,43.2,0.030555373545133845,0.0525,0.09950393913269043,0.9959596091205212
SPXW260930C07680000,7643.99,7680.0,40.15,40.0,40.3,0.030555373545133845,0.0525,0.09793229957580568,0.9953111979166667
SPXW260930C07685000,7643.99,7685.0,37.7,37.6,37.8,0.030555373545133845,0.0525,0.09693285888671876,0.9946636304489265
SPXW260930C07690000,7643.99,7690.0,35.35,35.2,35.5,0.030555373545133845,0.0525,0.09615085376739503,0.9940169050715214
SPXW260930C07695000,7643.99,7695.0,33.55,33.4,33.7,0.030555373545133845,0.0525,0.09615466842651368,0.99337102014295
SPXW260930C07700000,7643.99,7700.0,31.1,31.0,31.2,0.030555373545133845,0.0525,0.09471654193878175,0.992725974025974
SPXW260930C07705000,7643.99,7705.0,28.950000000000003,28.8,29.1,0.030555373545133845,0.0525,0.09386968761444091,0.9920817650876054
SPXW260930C07710000,7643.99,7710.0,27.25,27.1,27.4,0.030555373545133845,0.0525,0.09364462272644045,0.9914383916990921
SPXW260930C07715000,7643.99,7715.0,25.200000000000003,25.1,25.3,0.030555373545133845,0.0525,0.0924925956726074,0.990795852235904
SPXW260930C07720000,7643.99,7720.0,23.4,23.3,23.5,0.030555373545133845,0.0525,0.09176781044006346,0.9901541450777201
SPXW260930C07725000,7643.99,7725.0,21.6,21.5,21.7,0.030555373545133845,0.0525,0.09087518020629884,0.9895132686084143
SPXW260930C07730000,7643.99,7730.0,20.0,19.9,20.1,0.030555373545133845,0.0525,0.0902381321334839,0.9888732212160414
SPXW260930C07735000,7643.99,7735.0,18.5,18.4,18.6,0.030555373545133845,0.0525,0.08965448928833009,0.9882340012928248
SPXW260930C07740000,7643.99,7740.0,17.1,17.0,17.2,0.030555373545133845,0.0525,0.08912806632995607,0.9875956072351421
SPXW260930C07745000,7643.99,7745.0,15.9,15.8,16.0,0.030555373545133845,0.0525,0.08889918678283693,0.986958037443512
SPXW260930C07750000,7643.99,7750.0,14.3,14.2,14.4,0.030555373545133845,0.0525,0.08754879745483399,0.9863212903225806
SPXW260930C07755000,7643.99,7755.0,13.3,13.2,13.4,0.030555373545133845,0.0525,0.08748013359069826,0.985685364281109
SPXW260930C07760000,7643.99,7760.0,12.1,12.0,12.2,0.030555373545133845,0.0525,0.08674390438079835,0.9850502577319588
SPXW260930C07765000,7643.99,7765.0,11.1,11.0,11.2,0.030555373545133845,0.0525,0.08635480915069581,0.9844159690920798
SPXW260930C07770000,7643.99,7770.0,10.05,10.0,10.1,0.030555373545133845,0.0525,0.08550414016723634,0.9837824967824967
SPXW260930C07775000,7643.99,7775.0,9.1,9.0,9.2,0.030555373545133845,0.0525,0.08503493709564211,0.9831498392282958
SPXW260930C07780000,7643.99,7780.0,8.4,8.3,8.5,0.030555373545133845,0.0525,0.0850120491409302,0.9825179948586118
SPXW260930C07785000,7643.99,7785.0,7.6,7.5,7.7,0.030555373545133845,0.0525,0.08451232879638673,0.9818869621066153
SPXW260930C07790000,7643.99,7790.0,6.9,6.8,7.0,0.030555373545133845,0.0525,0.08416900947570805,0.9812567394094993
SPXW260930C07795000,7643.99,7795.0,6.300000000000001,6.2,6.4,0.030555373545133845,0.0525,0.08400879379272463,0.980627325208467
SPXW260930C07800000,7643.99,7800.0,5.699999999999999,5.6,5.8,0.030555373545133845,0.0525,0.08368836242675783,0.979998717948718
SPXW260930C07805000,7643.99,7805.0,5.1,5.0,5.2,0.030555373545133845,0.0525,0.08317719810485844,0.9793709160794363
SPXW260930C07810000,7643.99,7810.0,4.65,4.6,4.7,0.030555373545133845,0.0525,0.08290254264831545,0.9787439180537771
SPXW260930C07815000,7643.99,7815.0,4.15,4.1,4.2,0.030555373545133845,0.0525,0.08245241287231447,0.9781177223288547
SPXW260930C07820000,7643.99,7820.0,3.75,3.7,3.8,0.030555373545133845,0.0525,0.08228456787109376,0.9774923273657289
SPXW260930C07825000,7643.99,7825.0,3.3499999999999996,3.3,3.4,0.030555373545133845,0.0525,0.08194887786865236,0.9768677316293929
SPXW260930C07830000,7643.99,7830.0,3.1,3.0,3.2,0.030555373545133845,0.0525,0.08256685264587404,0.9762439335887612
SPXW260930C07835000,7643.99,7835.0,2.7750000000000004,2.7,2.85,0.030555373545133845,0.0525,0.08220827468872072,0.975620931716656
SPXW260930C07840000,7643.99,7840.0,2.5250000000000004,2.45,2.6,0.030555373545133845,0.0525,0.08229219718933106,0.9749987244897959
SPXW260930C07845000,7643.99,7845.0,2.2249999999999996,2.15,2.3,0.030555373545133845,0.0525,0.08188784332275392,0.9743773103887826
SPXW260930C07850000,7643.99,7850.0,2.05,2.0,2.1,0.030555373545133845,0.0525,0.08204042968750001,0.9737566878980891
SPXW260930C07855000,7643.99,7855.0,1.875,1.8,1.95,0.030555373545133845,0.0525,0.08245241287231447,0.9731368555060471
SPXW260930C07860000,7643.99,7860.0,1.7,1.65,1.75,0.030555373545133845,0.0525,0.0823608610534668,0.9725178117048345
SPXW260930C07865000,7643.99,7865.0,1.525,1.45,1.6,0.030555373545133845,0.0525,0.08255922332763674,0.9718995549904641
SPXW260930C07870000,7643.99,7870.0,1.375,1.3,1.45,0.030555373545133845,0.0525,0.08263551651000978,0.97128208386277
SPXW260930C07875000,7643.99,7875.0,1.3,1.25,1.35,0.030555373545133845,0.0525,0.08310853424072268,0.9706653968253968
SPXW260930C07880000,7643.99,7880.0,1.15,1.1,1.2,0.030555373545133845,0.0525,0.08292543060302737,0.9700494923857867
SPXW260930C07885000,7643.99,7885.0,1.025,0.95,1.1,0.030555373545133845,0.0525,0.08320008605957034,0.969434369055168
SPXW260930C07890000,7643.99,7890.0,0.9750000000000001,0.9,1.05,0.030555373545133845,0.0525,0.08399353515625002,0.9688200253485424
SPXW260930C07895000,7643.99,7895.0,0.875,0.8,0.95,0.030555373545133845,0.0525,0.08408508697509767,0.9682064597846738
SPXW260930C07900000,7643.99,7900.0,0.825,0.75,0.9,0.030555373545133845,0.0525,0.0847869842529297,0.967593670886076
SPXW260930C07905000,7643.99,7905.0,0.7749999999999999,0.7,0.85,0.030555373545133845,0.0525,0.0854278469848633,0.9669816571790006
SPXW260930C07910000,7643.99,7910.0,0.75,0.7,0.8,0.030555373545133845,0.0525,0.08600767517089845,0.966370417193426
SPXW260930C07915000,7643.99,7915.0,0.675,0.6,0.75,0.030555373545133845,0.0525,0.08655698608398438,0.9657599494630448
SPXW260930C07920000,7643.99,7920.0,0.6499999999999999,0.6,0.7,0.030555373545133845,0.0525,0.08704526245117189,0.9651502525252525
SPXW260930C07925000,7643.99,7925.0,0.6000000000000001,0.55,0.65,0.030555373545133845,0.0525,0.08744198699951172,0.9645413249211356
SPXW260930C07930000,7643.99,7930.0,0.55,0.5,0.6,0.030555373545133845,0.0525,0.08777767700195313,0.9639331651954602
SPXW260930C07935000,7643.99,7935.0,0.55,0.5,0.6,0.030555373545133845,0.0525,0.08908991973876954,0.9633257718966604
SPXW260930C07940000,7643.99,7940.0,0.55,0.5,0.6,0.030555373545133845,0.0525,0.09037164520263671,0.9627191435768262
SPXW260930C08460000,7643.99,8460.0,0.75,0.0,0.1,0.030555373545133845,0.0525,0.178719150390625,0.9035449172576832
SPXW260930C08470000,7643.99,8470.0,0.65,0.0,0.1,0.030555373545133845,0.0525,0.18042811767578126,0.9024781582054309
SPXW260930C08525000,7643.99,8525.0,0.65,0.0,0.1,0.030555373545133845,0.0525,0.1909260595703125,0.8966557184750733
SPXW260930C08530000,7643.99,8530.0,0.65,0.0,0.1,0.030555373545133845,0.0525,0.19165847412109377,0.8961301289566237
SPXW260930C08560000,7643.99,8560.0,0.77,0.0,0.1,0.030555373545133845,0.0525,0.19727365234375,0.8929894859813083
SPXW260930C08570000,7643.99,8570.0,0.8,0.0,0.1,0.030555373545133845,0.0525,0.1992267578125,0.8919474912485414
SPXW260930C08580000,7643.99,8580.0,0.55,0.0,0.1,0.030555373545133845,0.0525,0.20117986328124998,0.8909079254079254
SPXW261001C07350000,7643.99,7350.0,311.4,301.9,320.9,0.03329322433226595,0.0525,0.20698958911895748,1.0399986394557823
SPXW261001C07370000,7643.99,7370.0,292.9,290.3,295.5,0.03329322433226595,0.0525,0.1826787665557861,1.0371763907734057
SPXW261001C07400000,7643.99,7400.0,264.3,261.5,267.1,0.03329322433226595,0.0525,0.1733061491012573,1.0329716216216216
SPXW261001C07450000,7643.99,7450.0,217.5,214.8,220.2,0.03329322433226595,0.0525,0.15713580909729005,1.0260389261744967
SPXW261001C07470000,7643.99,7470.0,199.6,197.2,202.0,0.03329322433226595,0.0525,0.15129556598663335,1.0232918340026773
SPXW261001C07475000,7643.99,7475.0,196.14999999999998,193.7,198.6,0.03329322433226595,0.0525,0.1523484119033814,1.0226073578595318
SPXW261001C07500000,7643.99,7500.0,173.3,171.0,175.6,0.03329322433226595,0.0525,0.1434907734298706,1.0191986666666666
SPXW261001C07525000,7643.99,7525.0,152.1,149.6,154.6,0.03329322433226595,0.0525,0.13787178054809573,1.0158126245847177
SPXW261001C07530000,7643.99,7530.0,148.75,142.6,154.9,0.03329322433226595,0.0525,0.14539810298919675,1.0151381142098272
SPXW261001C07540000,7643.99,7540.0,140.3,138.2,142.4,0.03329322433226595,0.0525,0.1346636522293091,1.013791777188329
SPXW261001C07550000,7643.99,7550.0,131.95,129.9,134.0,0.03329322433226595,0.0525,0.13173399402618408,1.0124490066225165
SPXW261001C07560000,7643.99,7560.0,124.05000000000001,121.9,126.2,0.03329322433226595,0.0525,0.12970841003417968,1.0111097883597884
SPXW261001C07570000,7643.99,7570.0,116.1,115.8,116.4,0.03329322433226595,0.0525,0.1237842444229126,1.0097741083223248
SPXW261001C07575000,7643.99,7575.0,113.1,112.8,113.4,0.03329322433226595,0.0525,0.12420385692596438,1.0091075907590759
SPXW261001C07580000,7643.99,7580.0,108.75,108.5,109.0,0.03329322433226595,0.0525,0.12201805725097657,1.0084419525065962
SPXW261001C07590000,7643.99,7590.0,101.1,100.9,101.3,0.03329322433226595,0.0525,0.11942790370941163,1.0071133069828722
SPXW261001C07600000,7643.99,7600.0,94.5,94.2,94.8,0.03329322433226595,0.0525,0.11862682529449463,1.0057881578947367
SPXW261001C07605000,7643.99,7605.0,90.4,90.2,90.6,0.03329322433226595,0.0525,0.1164600989151001,1.0051268902038133
SPXW261001C07610000,7643.99,7610.0,87.3,87.0,87.6,0.03329322433226595,0.0525,0.11627699527740479,1.004466491458607
SPXW261001C07620000,7643.99,7620.0,80.1,79.8,80.4,0.03329322433226595,0.0525,0.11359528991699218,1.0031482939632546
SPXW261001C07625000,7643.99,7625.0,77.1,76.8,77.4,0.03329322433226595,0.0525,0.11314134548187256,1.0024904918032786
SPXW261001C07630000,7643.99,7630.0,74.0,73.8,74.2,0.03329322433226595,0.0525,0.11225252990722655,1.0018335517693315
SPXW261001C07640000,7643.99,7640.0,67.55,67.3,67.8,0.03329322433226595,0.0525,0.11018879932403562,1.0005222513089005
SPXW261001C07650000,7643.99,7650.0,61.05,60.9,61.2,0.03329322433226595,0.0525,0.10739646884918212,0.9992143790849672
SPXW261001C07660000,7643.99,7660.0,55.35,55.2,55.5,0.03329322433226595,0.0525,0.10569131622314451,0.9979099216710182
SPXW261001C07665000,7643.99,7665.0,52.95,52.7,53.2,0.03329322433226595,0.0525,0.10559976440429686,0.9972589693411611
SPXW261001C07670000,7643.99,7670.0,49.95,49.8,50.1,0.03329322433226595,0.0525,0.104051012802124,0.9966088657105606
SPXW261001C07675000,7643.99,7675.0,47.15,47.0,47.3,0.03329322433226595,0.0525,0.10288754177093505,0.9959596091205212
SPXW261001C07680000,7643.99,7680.0,44.7,44.6,44.8,0.03329322433226595,0.0525,0.10211316596984862,0.9953111979166667
SPXW261001C07690000,7643.99,7690.0,39.75,39.6,39.9,0.03329322433226595,0.0525,0.10037749607086181,0.9940169050715214
SPXW261001C07700000,7643.99,7700.0,35.3,35.1,35.5,0.03329322433226595,0.0525,0.09901566276550294,0.992725974025974
SPXW261001C07710000,7643.99,7710.0,31.1,30.9,31.3,0.03329322433226595,0.0525,0.09749361377716063,0.9914383916990921
SPXW261001C07720000,7643.99,7720.0,27.450000000000003,27.3,27.6,0.03329322433226595,0.0525,0.09636066001892091,0.9901541450777201
SPXW261001C07725000,7643.99,7725.0,25.450000000000003,25.3,25.6,0.03329322433226595,0.0525,0.09529637012481691,0.9895132686084143
SPXW261001C07730000,7643.99,7730.0,23.700000000000003,23.6,23.8,0.03329322433226595,0.0525,0.09446858909606934,0.9888732212160414
SPXW261001C07740000,7643.99,7740.0,20.5,20.4,20.6,0.03329322433226595,0.0525,0.0931754196548462,0.9875956072351421
SPXW261001C07750000,7643.99,7750.0,17.65,17.6,17.7,0.03329322433226595,0.0525,0.09191276748657226,0.9863212903225806
SPXW261001C07760000,7643.99,7760.0,15.2,15.1,15.3,0.03329322433226595,0.0525,0.09118035293579102,0.9850502577319588
SPXW261001C07770000,7643.99,7770.0,12.9,12.8,13.0,0.03329322433226595,0.0525,0.0900931750869751,0.9837824967824967
SPXW261001C07775000,7643.99,7775.0,11.9,11.8,12.0,0.03329322433226595,0.0525,0.0897002651977539,0.9831498392282958
SPXW261001C07780000,7643.99,7780.0,10.7,10.6,10.8,0.03329322433226595,0.0525,0.08859401405334472,0.9825179948586118
SPXW261001C07790000,7643.99,7790.0,9.05,9.0,9.1,0.03329322433226595,0.0525,0.08780819427490236,0.9812567394094993
SPXW261001C07800000,7643.99,7800.0,7.6,7.5,7.7,0.03329322433226595,0.0525,0.08734280586242676,0.979998717948718
SPXW261001C07810000,7643.99,7810.0,6.300000000000001,6.2,6.4,0.03329322433226595,0.0525,0.08660276199340822,0.9787439180537771
SPXW261001C07820000,7643.99,7820.0,5.199999999999999,5.1,5.3,0.03329322433226595,0.0525,0.08597715789794924,0.9774923273657289
SPXW261001C07825000,7643.99,7825.0,4.75,4.6,4.9,0.03329322433226595,0.0525,0.08606108039855959,0.9768677316293929
SPXW261001C07830000,7643.99,7830.0,4.300000000000001,4.2,4.4,0.03329322433226595,0.0525,0.08556517471313477,0.9762439335887612
SPXW261001C07840000,7643.99,7840.0,3.65,3.5,3.8,0.03329322433226595,0.0525,0.08603819244384767,0.9749987244897959
SPXW261001C07850000,7643.99,7850.0,3.0,2.9,3.1,0.03329322433226595,0.0525,0.08550414016723634,0.9737566878980891
SPXW261001C07860000,7643.99,7860.0,2.475,2.35,2.6,0.03329322433226595,0.0525,0.08558043334960938,0.9725178117048345
SPXW261001C07870000,7643.99,7870.0,2.075,2.0,2.15,0.03329322433226595,0.0525,0.08548888153076173,0.97128208386277
SPXW261001C07875000,7643.99,7875.0,1.9,1.8,2.0,0.03329322433226595,0.0525,0.08582457153320314,0.9706653968253968
SPXW261001C07880000,7643.99,7880.0,1.775,1.7,1.85,0.03329322433226595,0.0525,0.0860839683532715,0.9700494923857867
SPXW261001C07890000,7643.99,7890.0,1.475,1.4,1.55,0.03329322433226595,0.0525,0.08628233062744142,0.9688200253485424
SPXW261001C07900000,7643.99,7900.0,1.275,1.2,1.35,0.03329322433226595,0.0525,0.08709103836059573,0.967593670886076
SPXW261001C07925000,7643.99,7925.0,0.8999999999999999,0.85,0.95,0.03329322433226595,0.0525,0.08899836791992188,0.9645413249211356
SPXW261001C07950000,7643.99,7950.0,0.675,0.6,0.75,0.03329322433226595,0.0525,0.09235526794433593,0.9615081761006289
SPXW261001C07975000,7643.99,7975.0,0.55,0.5,0.6,0.03329322433226595,0.0525,0.09571216796875001,0.9584940438871473
SPXW261002C07000000,7643.99,7000.0,657.35,648.0,666.7,0.03603107511939805,0.0525,0.33563133857727057,1.0919985714285714
SPXW261002C07050000,7643.99,7050.0,608.35,598.5,618.2,0.03603107511939805,0.0525,0.3208380905151367,1.0842539007092198
SPXW261002C07075000,7643.99,7075.0,583.6,573.7,593.5,0.03603107511939805,0.0525,0.3115760981750488,1.0804226148409894
SPXW261002C07100000,7643.99,7100.0,559.2,549.0,569.4,0.03603107511939805,0.0525,0.30430535789489743,1.0766183098591549
SPXW261002C07150000,7643.99,7150.0,509.75,499.8,519.7,0.03603107511939805,0.0525,0.284263138885498,1.0690895104895104
SPXW261002C07200000,7643.99,7200.0,460.9,450.9,470.9,0.03603107511939805,0.0525,0.2667157069396973,1.0616652777777777
SPXW261002C07220000,7643.99,7220.0,441.35,431.3,451.4,0.03603107511939805,0.0525,0.2595746650695801,1.058724376731302
SPXW261002C07225000,7643.99,7225.0,435.4,425.9,444.9,0.03603107511939805,0.0525,0.25287612365722656,1.0579916955017301
SPXW261002C07230000,7643.99,7230.0,431.9,421.7,442.1,0.03603107511939805,0.0525,0.2572858695983887,1.0572600276625173
SPXW261002C07250000,7643.99,7250.0,412.15,402.2,422.1,0.03603107511939805,0.0525,0.24850452430725098,1.054343448275862
SPXW261002C07275000,7643.99,7275.0,386.9,377.4,396.4,0.03603107511939805,0.0525,0.23547364875793456,1.0507202749140894
SPXW261002C07280000,7643.99,7280.0,382.05,372.6,391.5,0.03603107511939805,0.0525,0.23354343124389648,1.0499986263736263
SPXW261002C07300000,7643.99,7300.0,363.85,354.0,373.7,0.03603107511939805,0.0525,0.2306442903137207,1.0471219178082192
SPXW261002C07330000,7643.99,7330.0,334.65,325.3,344.0,0.03603107511939805,0.0525,0.21776981578826904,1.0428362892223737
SPXW261002C07350000,7643.99,7350.0,315.0,312.1,317.9,0.03603107511939805,0.0525,0.19253203105926514,1.0399986394557823
SPXW261002C07370000,7643.99,7370.0,296.75,294.2,299.3,0.03603107511939805,0.0525,0.1873097627258301,1.0371763907734057
SPXW261002C07380000,7643.99,7380.0,287.0,284.2,289.8,0.03603107511939805,0.0525,0.18405204383850096,1.035771002710027
SPXW261002C07400000,7643.99,7400.0,269.0,266.7,271.3,0.03603107511939805,0.0525,0.1785818226623535,1.0329716216216216
SPXW261002C07410000,7643.99,7410.0,259.8,257.5,262.1,0.03603107511939805,0.0525,0.17582763877868654,1.0315775978407558
SPXW261002C07425000,7643.99,7425.0,245.35,242.6,248.1,0.03603107511939805,0.0525,0.17104405624389651,1.0294936026936026
SPXW261002C07430000,7643.99,7430.0,241.55,231.4,251.7,0.03603107511939805,0.0525,0.18785525897979738,1.028800807537012
SPXW261002C07450000,7643.99,7450.0,223.1,220.7,225.5,0.03603107511939805,0.0525,0.1642692216491699,1.0260389261744967
SPXW261002C07460000,7643.99,7460.0,214.05,211.7,216.4,0.03603107511939805,0.0525,0.161228938331604,1.0246635388739946
SPXW261002C07475000,7643.99,7475.0,201.15,199.0,203.3,0.03603107511939805,0.0525,0.15760882682800292,1.0226073578595318
SPXW261002C07495000,7643.99,7495.0,183.60000000000002,177.4,189.8,0.03603107511939805,0.0525,0.16013031650543214,1.019878585723816
SPXW261002C07500000,7643.99,7500.0,179.4,177.3,181.5,0.03603107511939805,0.0525,0.15091410007476813,1.0191986666666666
SPXW261002C07505000,7643.99,7505.0,173.9,171.4,176.4,0.03603107511939805,0.0525,0.14801114448547367,1.0185196535642904
SPXW261002C07510000,7643.99,7510.0,170.35000000000002,167.9,172.8,0.03603107511939805,0.0525,0.14801495914459234,1.0178415446071905
SPXW261002C07520000,7643.99,7520.0,162.5,160.5,164.5,0.03603107511939805,0.0525,0.14572616367340085,1.0164880319148937
SPXW261002C07525000,7643.99,7525.0,158.2,152.0,164.4,0.03603107511939805,0.0525,0.1520737564468384,1.0158126245847177
SPXW261002C07530000,7643.99,7530.0,153.45,151.4,155.5,0.03603107511939805,0.0525,0.1419458364868164,1.0151381142098272
SPXW261002C07540000,7643.99,7540.0,145.4,143.3,147.5,0.03603107511939805,0.0525,0.1398554032897949,1.013791777188329
SPXW261002C07545000,7643.99,7545.0,141.85000000000002,139.8,143.9,0.03603107511939805,0.0525,0.13945486408233648,1.013119946984758
SPXW261002C07550000,7643.99,7550.0,137.3,135.2,139.4,0.03603107511939805,0.0525,0.13737206020355225,1.0124490066225165
SPXW261002C07555000,7643.99,7555.0,133.3,131.2,135.4,0.03603107511939805,0.0525,0.1361437399673462,1.0117789543348776
SPXW261002C07560000,7643.99,7560.0,129.45,127.4,131.5,0.03603107511939805,0.0525,0.13503748882293704,1.0111097883597884
SPXW261002C07565000,7643.99,7565.0,125.5,125.2,125.8,0.03603107511939805,0.0525,0.13071929470062255,1.0104415069398545
SPXW261002C07570000,7643.99,7570.0,121.7,121.4,122.0,0.03603107511939805,0.0525,0.12969696605682374,1.0097741083223248
SPXW261002C07575000,7643.99,7575.0,118.4,118.2,118.6,0.03603107511939805,0.0525,0.12930024150848385,1.0091075907590759
SPXW261002C07580000,7643.99,7580.0,114.1,113.8,114.4,0.03603107511939805,0.0525,0.12746157581329348,1.0084419525065962
SPXW261002C07585000,7643.99,7585.0,110.4,110.2,110.6,0.03603107511939805,0.0525,0.12624851421356198,1.0077771918259724
SPXW261002C07590000,7643.99,7590.0,106.75,106.5,107.0,0.03603107511939805,0.0525,0.12531010807037357,1.0071133069828722
SPXW261002C07595000,7643.99,7595.0,103.05,102.8,103.3,0.03603107511939805,0.0525,0.12413137840270996,1.0064502962475312
SPXW261002C07600000,7643.99,7600.0,100.0,99.8,100.2,0.03603107511939805,0.0525,0.12388724021911621,1.0057881578947367
SPXW261002C07605000,7643.99,7605.0,96.45,96.2,96.7,0.03603107511939805,0.0525,0.1228954288482666,1.0051268902038133
SPXW261002C07610000,7643.99,7610.0,92.8,92.6,93.0,0.03603107511939805,0.0525,0.12149926361083985,1.004466491458607
SPXW261002C07615000,7643.99,7615.0,89.25,89.0,89.5,0.03603107511939805,0.0525,0.12036249519348144,1.0038069599474722
SPXW261002C07620000,7643.99,7620.0,85.6,85.4,85.8,0.03603107511939805,0.0525,0.11881755825042724,1.0031482939632546
SPXW261002C07625000,7643.99,7625.0,82.6,82.4,82.8,0.03603107511939805,0.0525,0.11834072586059571,1.0024904918032786
SPXW261002C07630000,7643.99,7630.0,79.3,79.0,79.6,0.03603107511939805,0.0525,0.11745191028594971,1.0018335517693315
SPXW261002C07635000,7643.99,7635.0,76.0,75.8,76.2,0.03603107511939805,0.0525,0.11615111152648927,1.001177472167649
SPXW261002C07640000,7643.99,7640.0,73.2,73.0,73.4,0.03603107511939805,0.0525,0.1157391283416748,1.0005222513089005
SPXW261002C07645000,7643.99,7645.0,69.8,69.6,70.0,0.03603107511939805,0.0525,0.11426666992187501,0.9998678875081752
SPXW261002C07650000,7643.99,7650.0,66.6,66.4,66.8,0.03603107511939805,0.0525,0.11303072036743164,0.9992143790849672
SPXW261002C07655000,7643.99,7655.0,63.599999999999994,63.4,63.8,0.03603107511939805,0.0525,0.11201983570098874,0.9985617243631613
SPXW261002C07660000,7643.99,7660.0,61.3,61.0,61.6,0.03603107511939805,0.0525,0.11221438331604003,0.9979099216710182
SPXW261002C07665000,7643.99,7665.0,58.099999999999994,57.9,58.3,0.03603107511939805,0.0525,0.11052448932647706,0.9972589693411611
SPXW261002C07670000,7643.99,7670.0,55.75,55.5,56.0,0.03603107511939805,0.0525,0.11036427364349365,0.9966088657105606
SPXW261002C07675000,7643.99,7675.0,52.55,52.4,52.7,0.03603107511939805,0.0525,0.10846838806152344,0.9959596091205212
SPXW261002C07680000,7643.99,7680.0,50.099999999999994,49.9,50.3,0.03603107511939805,0.0525,0.1079419651031494,0.9953111979166667
SPXW261002C07685000,7643.99,7685.0,47.400000000000006,47.2,47.6,0.03603107511939805,0.0525,0.10681282600402833,0.9946636304489265
SPXW261002C07690000,7643.99,7690.0,44.95,44.8,45.1,0.03603107511939805,0.0525,0.10590493713378905,0.9940169050715214
SPXW261002C07695000,7643.99,7695.0,42.900000000000006,42.7,43.1,0.03603107511939805,0.0525,0.10572946281433104,0.99337102014295
SPXW261002C07700000,7643.99,7700.0,40.3,40.1,40.5,0.03603107511939805,0.0525,0.1044286640548706,0.992725974025974
SPXW261002C07705000,7643.99,7705.0,38.05,37.9,38.2,0.03603107511939805,0.0525,0.10351696052551268,0.9920817650876054
SPXW261002C07710000,7643.99,7710.0,35.95,35.8,36.1,0.03603107511939805,0.0525,0.10283413654327393,0.9914383916990921
SPXW261002C07715000,7643.99,7715.0,33.85,33.7,34.0,0.03603107511939805,0.0525,0.10203305812835693,0.990795852235904
SPXW261002C07720000,7643.99,7720.0,31.85,31.7,32.0,0.03603107511939805,0.0525,0.10128538494110105,0.9901541450777201
SPXW261002C07725000,7643.99,7725.0,30.049999999999997,29.9,30.2,0.03603107511939805,0.0525,0.10078184993743897,0.9895132686084143
SPXW261002C07730000,7643.99,7730.0,28.15,28.0,28.3,0.03603107511939805,0.0525,0.09996932754516602,0.9888732212160414
SPXW261002C07735000,7643.99,7735.0,26.6,26.4,26.8,0.03603107511939805,0.0525,0.09979003856658937,0.9882340012928248
SPXW261002C07740000,7643.99,7740.0,25.0,24.8,25.2,0.03603107511939805,0.0525,0.09930176219940186,0.9875956072351421
SPXW261002C07745000,7643.99,7745.0,23.15,23.0,23.3,0.03603107511939805,0.0525,0.09808870059967041,0.986958037443512
SPXW261002C07750000,7643.99,7750.0,21.549999999999997,21.4,21.7,0.03603107511939805,0.0525,0.0973295834350586,0.9863212903225806
SPXW261002C07755000,7643.99,7755.0,20.15,20.0,20.3,0.03603107511939805,0.0525,0.09684130706787111,0.985685364281109
SPXW261002C07760000,7643.99,7760.0,18.799999999999997,18.7,18.9,0.03603107511939805,0.0525,0.09622714694976807,0.9850502577319588
SPXW261002C07765000,7643.99,7765.0,17.6,17.4,17.8,0.03603107511939805,0.0525,0.09613559513092042,0.9844159690920798
SPXW261002C07770000,7643.99,7770.0,16.25,16.1,16.4,0.03603107511939805,0.0525,0.09524296489715577,0.9837824967824967
SPXW261002C07775000,7643.99,7775.0,15.25,15.1,15.4,0.03603107511939805,0.0525,0.09513233978271486,0.9831498392282958
SPXW261002C07780000,7643.99,7780.0,14.15,14.0,14.3,0.03603107511939805,0.0525,0.09466313671112063,0.9825179948586118
SPXW261002C07785000,7643.99,7785.0,13.15,12.9,13.4,0.03603107511939805,0.0525,0.09456014091491699,0.9818869621066153
SPXW261002C07790000,7643.99,7790.0,11.95,11.8,12.1,0.03603107511939805,0.0525,0.09328604476928712,0.9812567394094993
SPXW261002C07795000,7643.99,7795.0,11.05,10.9,11.2,0.03603107511939805,0.0525,0.09289694953918456,0.980627325208467
SPXW261002C07800000,7643.99,7800.0,10.25,10.1,10.4,0.03603107511939805,0.0525,0.09265281135559081,0.979998717948718
SPXW261002C07810000,7643.99,7810.0,8.75,8.6,8.9,0.03603107511939805,0.0525,0.09206916851043702,0.9787439180537771
SPXW261002C07820000,7643.99,7820.0,7.449999999999999,7.3,7.6,0.03603107511939805,0.0525,0.09158470680236816,0.9774923273657289
SPXW261002C07825000,7643.99,7825.0,6.85,6.7,7.0,0.03603107511939805,0.0525,0.0913176806640625,0.9768677316293929
SPXW261002C07830000,7643.99,7830.0,6.25,6.1,6.4,0.03603107511939805,0.0525,0.09090569747924804,0.9762439335887612
SPXW261002C07840000,7643.99,7840.0,5.25,5.1,5.4,0.03603107511939805,0.0525,0.09043267974853515,0.9749987244897959
SPXW261002C07850000,7643.99,7850.0,4.5,4.4,4.6,0.03603107511939805,0.0525,0.09028009338378906,0.9737566878980891
SPXW261002C07860000,7643.99,7860.0,3.8,3.7,3.9,0.03603107511939805,0.0525,0.09012750701904299,0.9725178117048345
SPXW261002C07870000,7643.99,7870.0,3.2,3.1,3.3,0.03603107511939805,0.0525,0.09002069656372072,0.97128208386277
SPXW261002C07875000,7643.99,7875.0,2.925,2.85,3.0,0.03603107511939805,0.0525,0.08977655838012696,0.9706653968253968
SPXW261002C07880000,7643.99,7880.0,2.75,2.65,2.85,0.03603107511939805,0.0525,0.0903563865661621,0.9700494923857867
SPXW261002C07890000,7643.99,7890.0,2.35,2.25,2.45,0.03603107511939805,0.0525,0.09064630065917968,0.9688200253485424
SPXW261002C07900000,7643.99,7900.0,2.025,1.95,2.1,0.03603107511939805,0.0525,0.09092095611572265,0.967593670886076
SPXW261002C07910000,7643.99,7910.0,1.675,1.6,1.75,0.03603107511939805,0.0525,0.09078362838745116,0.966370417193426
SPXW261002C07920000,7643.99,7920.0,1.5,1.45,1.55,0.03603107511939805,0.0525,0.09162285339355468,0.9651502525252525
SPXW261002C07925000,7643.99,7925.0,1.375,1.3,1.45,0.03603107511939805,0.0525,0.0919585433959961,0.9645413249211356
SPXW261002C07930000,7643.99,7930.0,1.325,1.25,1.4,0.03603107511939805,0.0525,0.09275199249267577,0.9639331651954602
SPXW261002C07940000,7643.99,7940.0,1.125,1.05,1.2,0.03603107511939805,0.0525,0.0931181997680664,0.9627191435768262
SPXW261002C07950000,7643.99,7950.0,1.025,0.95,1.1,0.03603107511939805,0.0525,0.09443044250488282,0.9615081761006289
SPXW261002C07960000,7643.99,7960.0,0.95,0.9,1.0,0.03603107511939805,0.0525,0.09562061614990236,0.9603002512562814
SPXW261002C07970000,7643.99,7970.0,0.8500000000000001,0.8,0.9,0.03603107511939805,0.0525,0.09662768615722657,0.9590953575909661
SPXW261002C07975000,7643.99,7975.0,0.825,0.75,0.9,0.03603107511939805,0.0525,0.09787889434814454,0.9584940438871473
SPXW261002C07980000,7643.99,7980.0,0.8,0.75,0.85,0.03603107511939805,0.0525,0.0983061361694336,0.9578934837092732
SPXW261002C07990000,7643.99,7990.0,0.75,0.7,0.8,0.03603107511939805,0.0525,0.09989303436279298,0.956694618272841
SPXW261002C08000000,7643.99,8000.0,0.6499999999999999,0.6,0.7,0.03603107511939805,0.0525,0.10047286254882812,0.95549875
SPXW261002C08010000,7643.99,8010.0,0.575,0.5,0.65,0.03603107511939805,0.0525,0.10181562255859375,0.9543058676654183
SPXW261002C08020000,7643.99,8020.0,0.6000000000000001,0.55,0.65,0.03603107511939805,0.0525,0.10416545257568358,0.9531159600997506
SPXW261002C08025000,7643.99,8025.0,0.55,0.5,0.6,0.03603107511939805,0.0525,0.10425700439453123,0.9525221183800623
SPXW261005C07100000,7643.99,7100.0,560.85,551.0,570.7,0.04424462748079435,0.0525,0.28181031307220455,1.0766183098591549
SPXW261005C07150000,7643.99,7150.0,511.9,502.0,521.8,0.04424462748079435,0.0525,0.2656628610229492,1.0690895104895104
SPXW261005C07200000,7643.99,7200.0,463.45,453.2,473.7,0.04424462748079435,0.0525,0.2511747856903076,1.0616652777777777
SPXW261005C07380000,7643.99,7380.0,290.6,288.0,293.2,0.04424462748079435,0.0525,0.17580856548309326,1.035771002710027
SPXW261005C07430000,7643.99,7430.0,245.2,242.5,247.9,0.04424462748079435,0.0525,0.1638686824417115,1.028800807537012
SPXW261005C07440000,7643.99,7440.0,235.35000000000002,232.9,237.8,0.04424462748079435,0.0525,0.15911943183898927,1.0274180107526882
SPXW261005C07450000,7643.99,7450.0,226.2,223.6,228.8,0.04424462748079435,0.0525,0.15651020500183108,1.0260389261744967
SPXW261005C07460000,7643.99,7460.0,217.0,214.4,219.6,0.04424462748079435,0.0525,0.15341270179748537,1.0246635388739946
SPXW261005C07470000,7643.99,7470.0,209.5,206.9,212.1,0.04424462748079435,0.0525,0.15342796043395998,1.0232918340026773
SPXW261005C07480000,7643.99,7480.0,200.45,198.2,202.7,0.04424462748079435,0.0525,0.14972392642974858,1.0219237967914439
SPXW261005C07490000,7643.99,7490.0,191.55,184.7,198.4,0.04424462748079435,0.0525,0.15509496646881105,1.0205594125500668
SPXW261005C07500000,7643.99,7500.0,182.55,180.3,184.8,0.04424462748079435,0.0525,0.1436738770675659,1.0191986666666666
SPXW261005C07525000,7643.99,7525.0,162.2,159.9,164.5,0.04424462748079435,0.0525,0.13898566101074222,1.0158126245847177
SPXW261005C07530000,7643.99,7530.0,158.10000000000002,155.9,160.3,0.04424462748079435,0.0525,0.1376848622512818,1.0151381142098272
SPXW261005C07540000,7643.99,7540.0,150.55,148.3,152.8,0.04424462748079435,0.0525,0.1364489126968384,1.013791777188329
SPXW261005C07550000,7643.99,7550.0,142.4,140.4,144.4,0.04424462748079435,0.0525,0.13354595710754394,1.0124490066225165
SPXW261005C07560000,7643.99,7560.0,134.39999999999998,134.2,134.6,0.04424462748079435,0.0525,0.12823976627349853,1.0111097883597884
SPXW261005C07570000,7643.99,7570.0,126.7,126.4,127.0,0.04424462748079435,0.0525,0.1262981047821045,1.0097741083223248
SPXW261005C07575000,7643.99,7575.0,123.45,123.2,123.7,0.04424462748079435,0.0525,0.12602726398468017,1.0091075907590759
SPXW261005C07580000,7643.99,7580.0,119.8,119.6,120.0,0.04424462748079435,0.0525,0.12507169187545777,1.0084419525065962
SPXW261005C07590000,7643.99,7590.0,112.5,112.2,112.8,0.04424462748079435,0.0525,0.12329596805572511,1.0071133069828722
SPXW261005C07600000,7643.99,7600.0,105.2,105.0,105.4,0.04424462748079435,0.0525,0.12097665531158448,1.0057881578947367
SPXW261005C07610000,7643.99,7610.0,98.3,98.0,98.6,0.04424462748079435,0.0525,0.11932109325408936,1.004466491458607
SPXW261005C07620000,7643.99,7620.0,90.95,90.7,91.2,0.04424462748079435,0.0525,0.1165096894836426,1.0031482939632546
SPXW261005C07625000,7643.99,7625.0,87.65,87.4,87.9,0.04424462748079435,0.0525,0.11560180061340333,1.0024904918032786
SPXW261005C07630000,7643.99,7630.0,84.9,84.6,85.2,0.04424462748079435,0.0525,0.115512156124115,1.0018335517693315
SPXW261005C07640000,7643.99,7640.0,78.0,77.8,78.2,0.04424462748079435,0.0525,0.1127427136039734,1.0005222513089005
SPXW261005C07650000,7643.99,7650.0,71.9,71.7,72.1,0.04424462748079435,0.0525,0.11100513637542724,0.9992143790849672
SPXW261005C07660000,7643.99,7660.0,66.4,66.2,66.6,0.04424462748079435,0.0525,0.10983785068511963,0.9979099216710182
SPXW261005C07670000,7643.99,7670.0,60.400000000000006,60.2,60.6,0.04424462748079435,0.0525,0.10760246044158937,0.9966088657105606
SPXW261005C07675000,7643.99,7675.0,57.65,57.4,57.9,0.04424462748079435,0.0525,0.10680138202667237,0.9959596091205212
SPXW261005C07680000,7643.99,7680.0,55.099999999999994,54.9,55.3,0.04424462748079435,0.0525,0.1060613381576538,0.9953111979166667
SPXW261005C07690000,7643.99,7690.0,50.05,49.9,50.2,0.04424462748079435,0.0525,0.10446299598693845,0.9940169050715214
SPXW261005C07700000,7643.99,7700.0,45.400000000000006,45.2,45.6,0.04424462748079435,0.0525,0.10325756370544431,0.992725974025974
SPXW261005C07710000,7643.99,7710.0,40.7,40.5,40.9,0.04424462748079435,0.0525,0.10151235715866089,0.9914383916990921
SPXW261005C07720000,7643.99,7720.0,36.45,36.3,36.6,0.04424462748079435,0.0525,0.09999030817031862,0.9901541450777201
SPXW261005C07725000,7643.99,7725.0,34.55,34.4,34.7,0.04424462748079435,0.0525,0.09948105117797851,0.9895132686084143
SPXW261005C07730000,7643.99,7730.0,32.7,32.5,32.9,0.04424462748079435,0.0525,0.09903855072021485,0.9888732212160414
SPXW261005C07740000,7643.99,7740.0,28.7,28.5,28.9,0.04424462748079435,0.0525,0.09715029445648195,0.9875956072351421
SPXW261005C07750000,7643.99,7750.0,25.65,25.5,25.8,0.04424462748079435,0.0525,0.09637973331451416,0.9863212903225806
SPXW261005C07760000,7643.99,7760.0,22.65,22.5,22.8,0.04424462748079435,0.0525,0.0953688486480713,0.9850502577319588
SPXW261005C07770000,7643.99,7770.0,19.65,19.5,19.8,0.04424462748079435,0.0525,0.09389257556915283,0.9837824967824967
SPXW261005C07775000,7643.99,7775.0,18.4,18.3,18.5,0.04424462748079435,0.0525,0.09336233795166016,0.9831498392282958
SPXW261005C07780000,7643.99,7780.0,17.15,17.0,17.3,0.04424462748079435,0.0525,0.09292746681213379,0.9825179948586118
SPXW261005C07790000,7643.99,7790.0,14.95,14.8,15.1,0.04424462748079435,0.0525,0.0921340177154541,0.9812567394094993
SPXW261005C07800000,7643.99,7800.0,12.95,12.8,13.1,0.04424462748079435,0.0525,0.0913329393005371,0.979998717948718
SPXW261005C07810000,7643.99,7810.0,11.25,11.1,11.4,0.04424462748079435,0.0525,0.09079888702392577,0.9787439180537771
SPXW261005C07820000,7643.99,7820.0,9.7,9.6,9.8,0.04424462748079435,0.0525,0.09007028713226319,0.9774923273657289
SPXW261005C07825000,7643.99,7825.0,8.9,8.8,9.0,0.04424462748079435,0.0525,0.08951334690093994,0.9768677316293929
SPXW261005C07850000,7643.99,7850.0,6.15,6.0,6.3,0.04424462748079435,0.0525,0.0890136265563965,0.9737566878980891
SPXW261005C07875000,7643.99,7875.0,4.15,4.0,4.3,0.04424462748079435,0.0525,0.08849483291625976,0.9706653968253968
SPXW261005C07900000,7643.99,7900.0,2.825,2.7,2.95,0.04424462748079435,0.0525,0.08852535018920898,0.967593670886076
SPXW261005C07925000,7643.99,7925.0,2.025,1.95,2.1,0.04424462748079435,0.0525,0.08942560974121094,0.9645413249211356
SPXW261005C07950000,7643.99,7950.0,1.475,1.4,1.55,0.04424462748079435,0.0525,0.0909819906616211,0.9615081761006289
SPXW261005C07975000,7643.99,7975.0,1.175,1.1,1.25,0.04424462748079435,0.0525,0.09378957977294922,0.9584940438871473
SPXW261005C08000000,7643.99,8000.0,0.875,0.8,0.95,0.04424462748079435,0.0525,0.09568165069580079,0.95549875
SPXW261005C08025000,7643.99,8025.0,0.7250000000000001,0.65,0.8,0.04424462748079435,0.0525,0.09885544708251953,0.9525221183800623
SPXW261005C08050000,7643.99,8050.0,0.6499999999999999,0.6,0.7,0.04424462748079435,0.0525,0.10245648529052734,0.9495639751552795
SPXW261005C08075000,7643.99,8075.0,0.55,0.5,0.6,0.04424462748079435,0.0525,0.10563028167724609,0.9466241486068111
SPXW261006C07250000,7643.99,7250.0,416.35,406.1,426.6,0.04698247826792645,0.0525,0.23200612361907957,1.054343448275862
SPXW261006C07375000,7643.99,7375.0,297.75,295.0,300.5,0.04698247826792645,0.0525,0.17820417140960693,1.036473220338983
SPXW261006C07400000,7643.99,7400.0,274.0,271.3,276.7,0.04698247826792645,0.0525,0.17012090873718264,1.0329716216216216
SPXW261006C07450000,7643.99,7450.0,229.45,227.1,231.8,0.04698247826792645,0.0525,0.1580131806945801,1.0260389261744967
SPXW261006C07480000,7643.99,7480.0,202.39999999999998,200.1,204.7,0.04698247826792645,0.0525,0.1493043139266968,1.0219237967914439
SPXW261006C07500000,7643.99,7500.0,185.85,179.0,192.7,0.04698247826792645,0.0525,0.15331352066040044,1.0191986666666666
SPXW261006C07520000,7643.99,7520.0,170.0,167.7,172.3,0.04698247826792645,0.0525,0.14245700080871582,1.0164880319148937
SPXW261006C07525000,7643.99,7525.0,165.8,163.5,168.1,0.04698247826792645,0.0525,0.14117527534484867,1.0158126245847177
SPXW261006C07530000,7643.99,7530.0,161.15,158.9,163.4,0.04698247826792645,0.0525,0.13905051021575932,1.0151381142098272
SPXW261006C07550000,7643.99,7550.0,145.89999999999998,143.6,148.2,0.04698247826792645,0.0525,0.13595109968185423,1.0124490066225165
SPXW261006C07570000,7643.99,7570.0,130.60000000000002,130.4,130.8,0.04698247826792645,0.0525,0.128739486618042,1.0097741083223248
SPXW261006C07575000,7643.99,7575.0,126.35,126.1,126.6,0.04698247826792645,0.0525,0.1270686659240723,1.0091075907590759
SPXW261006C07580000,7643.99,7580.0,122.6,122.4,122.8,0.04698247826792645,0.0525,0.12595669279098512,1.0084419525065962
SPXW261006C07590000,7643.99,7590.0,115.85,115.6,116.1,0.04698247826792645,0.0525,0.12491910551071167,1.0071133069828722
SPXW261006C07600000,7643.99,7600.0,108.7,108.4,109.0,0.04698247826792645,0.0525,0.12305373720169069,1.0057881578947367
SPXW261006C07610000,7643.99,7610.0,101.7,101.4,102.0,0.04698247826792645,0.0525,0.1211025390625,1.004466491458607
SPXW261006C07620000,7643.99,7620.0,94.7,94.4,95.0,0.04698247826792645,0.0525,0.11890911006927489,1.0031482939632546
SPXW261006C07625000,7643.99,7625.0,91.2,91.0,91.4,0.04698247826792645,0.0525,0.11757588670730593,1.0024904918032786
SPXW261006C07630000,7643.99,7630.0,87.7,87.4,88.0,0.04698247826792645,0.0525,0.11646772823333741,1.0018335517693315
SPXW261006C07640000,7643.99,7640.0,81.9,81.6,82.2,0.04698247826792645,0.0525,0.11548736083984376,1.0005222513089005
SPXW261006C07650000,7643.99,7650.0,75.7,75.4,76.0,0.04698247826792645,0.0525,0.11364869514465331,0.9992143790849672
SPXW261006C07660000,7643.99,7660.0,69.85,69.6,70.1,0.04698247826792645,0.0525,0.111951171836853,0.9979099216710182
SPXW261006C07670000,7643.99,7670.0,63.75,63.5,64.0,0.04698247826792645,0.0525,0.10965856170654298,0.9966088657105606
SPXW261006C07675000,7643.99,7675.0,61.15,60.9,61.4,0.04698247826792645,0.0525,0.10904440158843993,0.9959596091205212
SPXW261006C07680000,7643.99,7680.0,58.8,58.6,59.0,0.04698247826792645,0.0525,0.1086400477218628,0.9953111979166667
SPXW261006C07690000,7643.99,7690.0,53.599999999999994,53.4,53.8,0.04698247826792645,0.0525,0.10700355895996094,0.9940169050715214
SPXW261006C07700000,7643.99,7700.0,48.7,48.4,49.0,0.04698247826792645,0.0525,0.10561502304077147,0.992725974025974
SPXW261006C07710000,7643.99,7710.0,44.05,43.8,44.3,0.04698247826792645,0.0525,0.10402049552917478,0.9914383916990921
SPXW261006C07720000,7643.99,7720.0,39.400000000000006,39.2,39.6,0.04698247826792645,0.0525,0.10204259477615357,0.9901541450777201
SPXW261006C07725000,7643.99,7725.0,37.400000000000006,37.2,37.6,0.04698247826792645,0.0525,0.10145322994232177,0.9895132686084143
SPXW261006C07730000,7643.99,7730.0,35.7,35.5,35.9,0.04698247826792645,0.0525,0.10124914567947388,0.9888732212160414
SPXW261006C07740000,7643.99,7740.0,31.85,31.7,32.0,0.04698247826792645,0.0525,0.09975189197540284,0.9875956072351421
SPXW261006C07750000,7643.99,7750.0,28.4,28.2,28.6,0.04698247826792645,0.0525,0.09867997276306154,0.9863212903225806
SPXW261006C07760000,7643.99,7760.0,25.1,24.9,25.3,0.04698247826792645,0.0525,0.09736963735580442,0.9850502577319588
SPXW261006C07770000,7643.99,7770.0,22.049999999999997,21.9,22.2,0.04698247826792645,0.0525,0.09597537944793703,0.9837824967824967
SPXW261006C07775000,7643.99,7775.0,20.85,20.7,21.0,0.04698247826792645,0.0525,0.09578083183288574,0.9831498392282958
SPXW261006C07780000,7643.99,7780.0,19.549999999999997,19.4,19.7,0.04698247826792645,0.0525,0.0952887408065796,0.9825179948586118
SPXW261006C07800000,7643.99,7800.0,15.05,14.9,15.2,0.04698247826792645,0.0525,0.09369039863586426,0.979998717948718
SPXW261006C07810000,7643.99,7810.0,13.05,12.9,13.2,0.04698247826792645,0.0525,0.092782509765625,0.9787439180537771
SPXW261006C07820000,7643.99,7820.0,11.35,11.2,11.5,0.04698247826792645,0.0525,0.09214927635192871,0.9774923273657289
SPXW261006C07825000,7643.99,7825.0,10.55,10.4,10.7,0.04698247826792645,0.0525,0.09179832771301269,0.9768677316293929
SPXW261006C07850000,7643.99,7850.0,7.449999999999999,7.3,7.6,0.04698247826792645,0.0525,0.09100869327545166,0.9737566878980891
SPXW261006C07875000,7643.99,7875.0,5.050000000000001,4.9,5.2,0.04698247826792645,0.0525,0.08996729133605957,0.9706653968253968
SPXW261006C07900000,7643.99,7900.0,3.55,3.4,3.7,0.04698247826792645,0.0525,0.09022668815612794,0.967593670886076
SPXW261006C07925000,7643.99,7925.0,2.525,2.4,2.65,0.04698247826792645,0.0525,0.0908370336151123,0.9645413249211356
SPXW261006C07950000,7643.99,7950.0,1.85,1.75,1.95,0.04698247826792645,0.0525,0.09203483657836914,0.9615081761006289
SPXW261006C07975000,7643.99,7975.0,1.425,1.35,1.5,0.04698247826792645,0.0525,0.09394216613769531,0.9584940438871473
SPXW261006C08000000,7643.99,8000.0,1.1,1.0,1.2,0.04698247826792645,0.0525,0.0963530307006836,0.95549875
SPXW261006C08025000,7643.99,8025.0,0.9,0.8,1.0,0.04698247826792645,0.0525,0.09925217163085936,0.9525221183800623
SPXW261006C08050000,7643.99,8050.0,0.75,0.65,0.85,0.04698247826792645,0.0525,0.10233441619873046,0.9495639751552795
SPXW261006C08075000,7643.99,8075.0,0.675,0.6,0.75,0.04698247826792645,0.0525,0.10581338531494139,0.9466241486068111
SPXW261006C08100000,7643.99,8100.0,0.575,0.5,0.65,0.04698247826792645,0.0525,0.10892614715576171,0.9437024691358025
SPXW261007C07075000,7643.99,7075.0,588.0,578.1,597.9,0.049720329055058556,0.0525,0.28290512023925773,1.0804226148409894
SPXW261007C07100000,7643.99,7100.0,563.6,553.6,573.6,0.049720329055058556,0.0525,0.27561530666351314,1.0766183098591549
SPXW261007C07150000,7643.99,7150.0,515.05,504.8,525.3,0.049720329055058556,0.0525,0.2614247747421265,1.0690895104895104
SPXW261007C07175000,7643.99,7175.0,488.65,478.4,498.9,0.049720329055058556,0.0525,0.24827564476013184,1.0653644599303136
SPXW261007C07370000,7643.99,7370.0,304.75,302.5,307.0,0.049720329055058556,0.0525,0.17888318073272708,1.0371763907734057
SPXW261007C07390000,7643.99,7390.0,286.5,276.3,296.7,0.049720329055058556,0.0525,0.1896557780838013,1.0343694181326115
SPXW261007C07400000,7643.99,7400.0,276.55,274.1,279.0,0.049720329055058556,0.0525,0.17040700817108156,1.0329716216216216
SPXW261007C07420000,7643.99,7420.0,257.85,247.6,268.1,0.049720329055058556,0.0525,0.1789594739151001,1.030187331536388
SPXW261007C07450000,7643.99,7450.0,232.3,223.9,240.7,0.049720329055058556,0.0525,0.16990347316741944,1.0260389261744967
SPXW261007C07470000,7643.99,7470.0,215.45,212.9,218.0,0.049720329055058556,0.0525,0.15589223022460938,1.0232918340026773
SPXW261007C07480000,7643.99,7480.0,206.14999999999998,203.7,208.6,0.049720329055058556,0.0525,0.15222062082290652,1.0219237967914439
SPXW261007C07500000,7643.99,7500.0,189.7,187.5,191.9,0.049720329055058556,0.0525,0.1481160476112366,1.0191986666666666
SPXW261007C07530000,7643.99,7530.0,164.7,162.4,167.0,0.049720329055058556,0.0525,0.1411867193222046,1.0151381142098272
SPXW261007C07540000,7643.99,7540.0,157.35,155.0,159.7,0.049720329055058556,0.0525,0.14013387340545652,1.013791777188329
SPXW261007C07550000,7643.99,7550.0,149.55,147.3,151.8,0.049720329055058556,0.0525,0.1379824056625366,1.0124490066225165
SPXW261007C07570000,7643.99,7570.0,133.60000000000002,133.4,133.8,0.049720329055058556,0.0525,0.1299296602630615,1.0097741083223248
SPXW261007C07575000,7643.99,7575.0,129.85,129.6,130.1,0.049720329055058556,0.0525,0.1290103274154663,1.0091075907590759
SPXW261007C07580000,7643.99,7580.0,126.4,126.2,126.6,0.049720329055058556,0.0525,0.12833322542190548,1.0084419525065962
SPXW261007C07600000,7643.99,7600.0,111.9,111.6,112.2,0.049720329055058556,0.0525,0.12452428829193116,1.0057881578947367
SPXW261007C07610000,7643.99,7610.0,104.85,104.6,105.1,0.049720329055058556,0.0525,0.12244148441314699,1.004466491458607
SPXW261007C07625000,7643.99,7625.0,95.75,94.8,96.7,0.049720329055058556,0.0525,0.12206192583084108,1.0024904918032786
SPXW261007C07630000,7643.99,7630.0,91.5,91.2,91.8,0.049720329055058556,0.0525,0.11885761217117308,1.0018335517693315
SPXW261007C07640000,7643.99,7640.0,85.15,84.9,85.4,0.049720329055058556,0.0525,0.11704564908981321,1.0005222513089005
SPXW261007C07650000,7643.99,7650.0,79.5,79.2,79.8,0.049720329055058556,0.0525,0.11609389163970947,0.9992143790849672
SPXW261007C07660000,7643.99,7660.0,73.45,73.2,73.7,0.049720329055058556,0.0525,0.1141713034439087,0.9979099216710182
SPXW261007C07670000,7643.99,7670.0,67.55,67.3,67.8,0.049720329055058556,0.0525,0.11224299325942994,0.9966088657105606
SPXW261007C07675000,7643.99,7675.0,65.1,64.9,65.3,0.049720329055058556,0.0525,0.1118043074607849,0.9959596091205212
SPXW261007C07680000,7643.99,7680.0,62.05,61.8,62.3,0.049720329055058556,0.0525,0.11058170921325683,0.9953111979166667
SPXW261007C07690000,7643.99,7690.0,56.85,56.6,57.1,0.049720329055058556,0.0525,0.10903867959976196,0.9940169050715214
SPXW261007C07700000,7643.99,7700.0,51.8,51.6,52.0,0.049720329055058556,0.0525,0.10731636100769043,0.992725974025974
SPXW261007C07710000,7643.99,7710.0,47.099999999999994,46.8,47.4,0.049720329055058556,0.0525,0.10599267429351807,0.9914383916990921
SPXW261007C07720000,7643.99,7720.0,42.7,42.5,42.9,0.049720329055058556,0.0525,0.10447443996429441,0.9901541450777201
SPXW261007C07725000,7643.99,7725.0,40.75,40.5,41.0,0.049720329055058556,0.0525,0.10411586200714108,0.9895132686084143
SPXW261007C07730000,7643.99,7730.0,38.65,38.4,38.9,0.049720329055058556,0.0525,0.10336437416076658,0.9888732212160414
SPXW261007C07740000,7643.99,7740.0,34.7,34.5,34.9,0.049720329055058556,0.0525,0.10188810108184813,0.9875956072351421
SPXW261007C07750000,7643.99,7750.0,31.4,31.2,31.6,0.049720329055058556,0.0525,0.10117094516754149,0.9863212903225806
SPXW261007C07760000,7643.99,7760.0,27.8,27.6,28.0,0.049720329055058556,0.0525,0.09958023231506347,0.9850502577319588
SPXW261007C07770000,7643.99,7770.0,24.9,24.7,25.1,0.049720329055058556,0.0525,0.09879822719573976,0.9837824967824967
SPXW261007C07775000,7643.99,7775.0,23.7,23.4,24.0,0.049720329055058556,0.0525,0.09890503765106202,0.9831498392282958
SPXW261007C07780000,7643.99,7780.0,22.2,22.0,22.4,0.049720329055058556,0.0525,0.09800477809906007,0.9825179948586118
SPXW261007C07790000,7643.99,7790.0,19.65,19.5,19.8,0.049720329055058556,0.0525,0.09700533740997315,0.9812567394094993
SPXW261007C07800000,7643.99,7800.0,17.35,17.2,17.5,0.049720329055058556,0.0525,0.09619662967681886,0.979998717948718
SPXW261007C07810000,7643.99,7810.0,15.15,15.0,15.3,0.049720329055058556,0.0525,0.095185745010376,0.9787439180537771
SPXW261007C07820000,7643.99,7820.0,13.2,13.0,13.4,0.049720329055058556,0.0525,0.09441899852752687,0.9774923273657289
SPXW261007C07825000,7643.99,7825.0,12.399999999999999,12.2,12.6,0.049720329055058556,0.0525,0.0942397095489502,0.9768677316293929
SPXW261007C07850000,7643.99,7850.0,8.8,8.6,9.0,0.049720329055058556,0.0525,0.09294654010772706,0.9737566878980891
SPXW261007C07875000,7643.99,7875.0,6.25,6.1,6.4,0.049720329055058556,0.0525,0.09220268157958984,0.9706653968253968
SPXW261007C07900000,7643.99,7900.0,4.5,4.4,4.6,0.049720329055058556,0.0525,0.09215690567016602,0.967593670886076
SPXW261007C07925000,7643.99,7925.0,3.15,3.0,3.3,0.049720329055058556,0.0525,0.09237052658081055,0.9645413249211356
SPXW261007C07950000,7643.99,7950.0,2.35,2.25,2.45,0.049720329055058556,0.0525,0.09339285522460938,0.9615081761006289
SPXW261007C07975000,7643.99,7975.0,1.7000000000000002,1.6,1.8,0.049720329055058556,0.0525,0.09430837341308594,0.9584940438871473
SPXW261007C08000000,7643.99,8000.0,1.35,1.25,1.45,0.049720329055058556,0.0525,0.0966734620666504,0.95549875
SPXW261007C08025000,7643.99,8025.0,1.1,1.0,1.2,0.049720329055058556,0.0525,0.09934372344970702,0.9525221183800623
SPXW261007C08050000,7643.99,8050.0,0.9,0.8,1.0,0.049720329055058556,0.0525,0.10199872619628905,0.9495639751552795
SPXW261007C08075000,7643.99,8075.0,0.7749999999999999,0.7,0.85,0.049720329055058556,0.0525,0.10486734985351562,0.9466241486068111
SPXW261007C08100000,7643.99,8100.0,0.675,0.6,0.75,0.049720329055058556,0.0525,0.10813269805908202,0.9437024691358025
SPXW261007C08125000,7643.99,8125.0,0.575,0.5,0.65,0.049720329055058556,0.0525,0.11106235626220701,0.9407987692307692
SPXW261008C07075000,7643.99,7075.0,589.55,579.6,599.5,0.05245817984219065,0.0525,0.280532402267456,1.0804226148409894
SPXW261008C07100000,7643.99,7100.0,565.35,555.1,575.6,0.05245817984219065,0.0525,0.27436028381347655,1.0766183098591549
SPXW261008C07200000,7643.99,7200.0,467.95,458.0,477.9,0.05245817984219065,0.0525,0.24279016494750977,1.0616652777777777
SPXW261008C07250000,7643.99,7250.0,418.25,408.0,428.5,0.05245817984219065,0.0525,0.22502529743194577,1.054343448275862
SPXW261008C07350000,7643.99,7350.0,325.15,315.4,334.9,0.05245817984219065,0.0525,0.19849434326171872,1.0399986394557823
SPXW261008C07375000,7643.99,7375.0,302.45,300.0,304.9,0.05245817984219065,0.0525,0.1783529431152344,1.036473220338983
SPXW261008C07380000,7643.99,7380.0,297.9,295.4,300.4,0.05245817984219065,0.0525,0.17728102390289308,1.035771002710027
SPXW261008C07400000,7643.99,7400.0,279.0,276.3,281.7,0.05245817984219065,0.0525,0.17146748340606693,1.0329716216216216
SPXW261008C07425000,7643.99,7425.0,257.35,255.0,259.7,0.05245817984219065,0.0525,0.16635965484619147,1.0294936026936026
SPXW261008C07450000,7643.99,7450.0,235.05,226.9,243.2,0.05245817984219065,0.0525,0.17004843021392824,1.0260389261744967
SPXW261008C07475000,7643.99,7475.0,213.5,211.0,216.0,0.05245817984219065,0.0525,0.15484701362609868,1.0226073578595318
SPXW261008C07500000,7643.99,7500.0,192.5,190.1,194.9,0.05245817984219065,0.0525,0.14933101654052733,1.0191986666666666
SPXW261008C07510000,7643.99,7510.0,184.85000000000002,182.4,187.3,0.05245817984219065,0.0525,0.14822858005523687,1.0178415446071905
SPXW261008C07525000,7643.99,7525.0,171.95,169.5,174.4,0.05245817984219065,0.0525,0.14397523513793942,1.0158126245847177
SPXW261008C07550000,7643.99,7550.0,152.7,152.4,153.0,0.05245817984219065,0.0525,0.13642983940124512,1.0124490066225165
SPXW261008C07570000,7643.99,7570.0,137.05,136.8,137.3,0.05245817984219065,0.0525,0.131844619140625,1.0097741083223248
SPXW261008C07575000,7643.99,7575.0,133.3,133.0,133.6,0.05245817984219065,0.0525,0.13091765697479246,1.0091075907590759
SPXW261008C07580000,7643.99,7580.0,129.55,129.3,129.8,0.05245817984219065,0.0525,0.12979996185302733,1.0084419525065962
SPXW261008C07590000,7643.99,7590.0,122.55,122.3,122.8,0.05245817984219065,0.0525,0.12827791286468504,1.0071133069828722
SPXW261008C07600000,7643.99,7600.0,115.9,115.6,116.2,0.05245817984219065,0.0525,0.12710871984481809,1.0057881578947367
SPXW261008C07610000,7643.99,7610.0,109.1,108.8,109.4,0.05245817984219065,0.0525,0.12544743579864504,1.004466491458607
SPXW261008C07620000,7643.99,7620.0,101.65,101.4,101.9,0.05245817984219065,0.0525,0.12260932941436768,1.0031482939632546
SPXW261008C07625000,7643.99,7625.0,98.3,98.0,98.6,0.05245817984219065,0.0525,0.12172814315795899,1.0024904918032786
SPXW261008C07630000,7643.99,7630.0,95.65,95.4,95.9,0.05245817984219065,0.0525,0.12161370338439942,1.0018335517693315
SPXW261008C07640000,7643.99,7640.0,88.7,88.4,89.0,0.05245817984219065,0.0525,0.11914943359374999,1.0005222513089005
SPXW261008C07650000,7643.99,7650.0,82.7,82.4,83.0,0.05245817984219065,0.0525,0.11767125318527222,0.9992143790849672
SPXW261008C07660000,7643.99,7660.0,76.65,76.4,76.9,0.05245817984219065,0.0525,0.11580207021713257,0.9979099216710182
SPXW261008C07670000,7643.99,7670.0,70.95,70.7,71.2,0.05245817984219065,0.0525,0.11421707935333252,0.9966088657105606
SPXW261008C07675000,7643.99,7675.0,68.3,68.1,68.5,0.05245817984219065,0.0525,0.11352662605285643,0.9959596091205212
SPXW261008C07680000,7643.99,7680.0,65.45,65.2,65.7,0.05245817984219065,0.0525,0.1126282738304138,0.9953111979166667
SPXW261008C07690000,7643.99,7690.0,60.2,60.0,60.4,0.05245817984219065,0.0525,0.1110318389892578,0.9940169050715214
SPXW261008C07700000,7643.99,7700.0,55.099999999999994,54.8,55.4,0.05245817984219065,0.0525,0.10955556591033937,0.992725974025974
SPXW261008C07710000,7643.99,7710.0,50.400000000000006,50.2,50.6,0.05245817984219065,0.0525,0.10805259021759032,0.9914383916990921
SPXW261008C07720000,7643.99,7720.0,45.95,45.7,46.2,0.05245817984219065,0.0525,0.10681282600402833,0.9901541450777201
SPXW261008C07725000,7643.99,7725.0,43.7,43.4,44.0,0.05245817984219065,0.0525,0.1060689674758911,0.9895132686084143
SPXW261008C07730000,7643.99,7730.0,41.65,41.4,41.9,0.05245817984219065,0.0525,0.10539186548233032,0.9888732212160414
SPXW261008C07740000,7643.99,7740.0,37.7,37.5,37.9,0.05245817984219065,0.0525,0.10408153007507323,0.9875956072351421
SPXW261008C07750000,7643.99,7750.0,34.0,33.8,34.2,0.05245817984219065,0.0525,0.10288754177093505,0.9863212903225806
SPXW261008C07760000,7643.99,7760.0,30.9,30.6,31.2,0.05245817984219065,0.0525,0.10247937324523926,0.9850502577319588
SPXW261008C07770000,7643.99,7770.0,27.5,27.3,27.7,0.05245817984219065,0.0525,0.10090010437011719,0.9837824967824967
SPXW261008C07775000,7643.99,7775.0,26.1,25.9,26.3,0.05245817984219065,0.0525,0.10056059970855712,0.9831498392282958
SPXW261008C07780000,7643.99,7780.0,24.65,24.4,24.9,0.05245817984219065,0.0525,0.10013717254638671,0.9825179948586118
SPXW261008C07790000,7643.99,7790.0,21.8,21.6,22.0,0.05245817984219065,0.0525,0.09882492980957032,0.9812567394094993
SPXW261008C07800000,7643.99,7800.0,19.3,19.1,19.5,0.05245817984219065,0.0525,0.09786745037078858,0.979998717948718
SPXW261008C07810000,7643.99,7810.0,17.3,17.1,17.5,0.05245817984219065,0.0525,0.09753176036834717,0.9787439180537771
SPXW261008C07820000,7643.99,7820.0,15.2,15.0,15.4,0.05245817984219065,0.0525,0.09663150081634522,0.9774923273657289
SPXW261008C07825000,7643.99,7825.0,14.2,14.0,14.4,0.05245817984219065,0.0525,0.09613940979003907,0.9768677316293929
SPXW261008C07850000,7643.99,7850.0,10.45,10.3,10.6,0.05245817984219065,0.0525,0.09511326648712161,0.9737566878980891
SPXW261008C07875000,7643.99,7875.0,7.449999999999999,7.3,7.6,0.05245817984219065,0.0525,0.0940070153427124,0.9706653968253968
SPXW261008C07900000,7643.99,7900.0,5.449999999999999,5.3,5.6,0.05245817984219065,0.0525,0.09404897659301759,0.967593670886076
SPXW261008C07925000,7643.99,7925.0,3.85,3.7,4.0,0.05245817984219065,0.0525,0.0937438038635254,0.9645413249211356
SPXW261008C07950000,7643.99,7950.0,2.875,2.75,3.0,0.05245817984219065,0.0525,0.09462880477905275,0.9615081761006289
SPXW261008C07975000,7643.99,7975.0,2.15,2.05,2.25,0.05245817984219065,0.0525,0.09560535751342775,0.9584940438871473
SPXW261008C08000000,7643.99,8000.0,1.65,1.55,1.75,0.05245817984219065,0.0525,0.09720751434326172,0.95549875
SPXW261008C08025000,7643.99,8025.0,1.35,1.25,1.45,0.05245817984219065,0.0525,0.09974044799804688,0.9525221183800623
SPXW261008C08050000,7643.99,8050.0,1.075,1.0,1.15,0.05245817984219065,0.0525,0.10155622573852538,0.9495639751552795
SPXW261008C08075000,7643.99,8075.0,0.9,0.8,1.0,0.05245817984219065,0.0525,0.10462321166992186,0.9466241486068111
SPXW261008C08100000,7643.99,8100.0,0.7749999999999999,0.7,0.85,0.05245817984219065,0.0525,0.1072782144165039,0.9437024691358025
SPXW261008C08125000,7643.99,8125.0,0.675,0.6,0.75,0.05245817984219065,0.0525,0.11039097625732422,0.9407987692307692
SPXW261008C08150000,7643.99,8150.0,0.6,0.5,0.7,0.05245817984219065,0.0525,0.11417511810302736,0.9379128834355828
SPXW261008C08175000,7643.99,8175.0,0.525,0.45,0.6,0.05245817984219065,0.0525,0.11667753448486329,0.9350446483180428
SPXW261009C06950000,7643.99,6950.0,715.5,705.5,725.5,0.055196030629322754,0.0525,0.3211394485855102,1.0998546762589927
SPXW261009C07000000,7643.99,7000.0,664.45,654.2,674.7,0.055196030629322754,0.0525,0.30120022537231445,1.0919985714285714
SPXW261009C07025000,7643.99,7025.0,641.8,631.8,651.8,0.055196030629322754,0.0525,0.29813323944091785,1.0881124555160142
SPXW261009C07150000,7643.99,7150.0,520.0,510.0,530.0,0.055196030629322754,0.0525,0.2607228774642944,1.0690895104895104
SPXW261009C07200000,7643.99,7200.0,471.7,461.7,481.7,0.055196030629322754,0.0525,0.24590674144744873,1.0616652777777777
SPXW261009C07250000,7643.99,7250.0,422.1,411.9,432.3,0.055196030629322754,0.0525,0.22812661529541017,1.054343448275862
SPXW261009C07300000,7643.99,7300.0,376.04999999999995,366.2,385.9,0.055196030629322754,0.0525,0.2159731113433838,1.0471219178082192
SPXW261009C07325000,7643.99,7325.0,352.25,349.4,355.1,0.055196030629322754,0.0525,0.19443173130035402,1.0435481228668941
SPXW261009C07350000,7643.99,7350.0,328.9,319.1,338.7,0.055196030629322754,0.0525,0.20110357009887692,1.0399986394557823
SPXW261009C07370000,7643.99,7370.0,311.0,308.3,313.7,0.055196030629322754,0.0525,0.1835179915618896,1.0371763907734057
SPXW261009C07375000,7643.99,7375.0,305.9,303.5,308.3,0.055196030629322754,0.0525,0.18072947574615478,1.036473220338983
SPXW261009C07400000,7643.99,7400.0,283.54999999999995,280.9,286.2,0.055196030629322754,0.0525,0.17573608695983886,1.0329716216216216
SPXW261009C07420000,7643.99,7420.0,265.4,262.8,268.0,0.055196030629322754,0.0525,0.1704527840805054,1.030187331536388
SPXW261009C07425000,7643.99,7425.0,260.9,258.3,263.5,0.055196030629322754,0.0525,0.16917487327575684,1.0294936026936026
SPXW261009C07440000,7643.99,7440.0,248.85,246.5,251.2,0.055196030629322754,0.0525,0.16724656309127808,1.0274180107526882
SPXW261009C07450000,7643.99,7450.0,239.5,237.0,242.0,0.055196030629322754,0.0525,0.16415478187561036,1.0260389261744967
SPXW261009C07475000,7643.99,7475.0,218.7,216.4,221.0,0.055196030629322754,0.0525,0.15930253547668458,1.0226073578595318
SPXW261009C07480000,7643.99,7480.0,213.95,207.1,220.8,0.055196030629322754,0.0525,0.16452098915100097,1.0219237967914439
SPXW261009C07490000,7643.99,7490.0,205.55,198.7,212.4,0.055196030629322754,0.0525,0.16223982299804687,1.0205594125500668
SPXW261009C07500000,7643.99,7500.0,197.2,194.8,199.6,0.055196030629322754,0.0525,0.15314186100006105,1.0191986666666666
SPXW261009C07510000,7643.99,7510.0,188.75,186.6,190.9,0.055196030629322754,0.0525,0.15028086666107182,1.0178415446071905
SPXW261009C07520000,7643.99,7520.0,181.75,179.4,184.1,0.055196030629322754,0.0525,0.1501435389328003,1.0164880319148937
SPXW261009C07525000,7643.99,7525.0,177.45,175.3,179.6,0.055196030629322754,0.0525,0.14838116641998295,1.0158126245847177
SPXW261009C07530000,7643.99,7530.0,173.2,170.9,175.5,0.055196030629322754,0.0525,0.14717954879760742,1.0151381142098272
SPXW261009C07540000,7643.99,7540.0,164.8,162.3,167.3,0.055196030629322754,0.0525,0.14468476173400877,1.013791777188329
SPXW261009C07550000,7643.99,7550.0,157.35,157.1,157.6,0.055196030629322754,0.0525,0.13990880851745605,1.0124490066225165
SPXW261009C07560000,7643.99,7560.0,150.25,150.0,150.5,0.055196030629322754,0.0525,0.13872626419067385,1.0111097883597884
SPXW261009C07570000,7643.99,7570.0,142.89999999999998,142.6,143.2,0.055196030629322754,0.0525,0.137089775428772,1.0097741083223248
SPXW261009C07575000,7643.99,7575.0,139.15,138.9,139.4,0.055196030629322754,0.0525,0.1359987829208374,1.0091075907590759
SPXW261009C07580000,7643.99,7580.0,135.3,135.0,135.6,0.055196030629322754,0.0525,0.1348658291625977,1.0084419525065962
SPXW261009C07590000,7643.99,7590.0,128.1,127.8,128.4,0.055196030629322754,0.0525,0.1330214414787292,1.0071133069828722
SPXW261009C07600000,7643.99,7600.0,120.45,120.2,120.7,0.055196030629322754,0.0525,0.13031494083404538,1.0057881578947367
SPXW261009C07610000,7643.99,7610.0,113.65,113.4,113.9,0.055196030629322754,0.0525,0.12864984212875363,1.004466491458607
SPXW261009C07620000,7643.99,7620.0,106.7,106.4,107.0,0.055196030629322754,0.0525,0.12664905342102048,1.0031482939632546
SPXW261009C07625000,7643.99,7625.0,103.55,103.3,103.8,0.055196030629322754,0.0525,0.12590710222244264,1.0024904918032786
SPXW261009C07630000,7643.99,7630.0,100.65,100.4,100.9,0.055196030629322754,0.0525,0.12551228500366213,1.0018335517693315
SPXW261009C07640000,7643.99,7640.0,94.4,94.2,94.6,0.055196030629322754,0.0525,0.12389105487823486,1.0005222513089005
SPXW261009C07650000,7643.99,7650.0,87.85,87.6,88.1,0.055196030629322754,0.0525,0.12177773372650147,0.9992143790849672
SPXW261009C07660000,7643.99,7660.0,82.0,81.8,82.2,0.055196030629322754,0.0525,0.12023088945388793,0.9979099216710182
SPXW261009C07670000,7643.99,7670.0,75.85,75.6,76.1,0.055196030629322754,0.0525,0.118172880859375,0.9966088657105606
SPXW261009C07675000,7643.99,7675.0,73.4,73.2,73.6,0.055196030629322754,0.0525,0.11778569295883176,0.9959596091205212
SPXW261009C07680000,7643.99,7680.0,70.7,70.5,70.9,0.055196030629322754,0.0525,0.11706853704452513,0.9953111979166667
SPXW261009C07690000,7643.99,7690.0,65.1,64.9,65.3,0.055196030629322754,0.0525,0.11516311481475831,0.9940169050715214
SPXW261009C07700000,7643.99,7700.0,59.900000000000006,59.7,60.1,0.055196030629322754,0.0525,0.11352471872329711,0.992725974025974
SPXW261009C07710000,7643.99,7710.0,54.900000000000006,54.7,55.1,0.055196030629322754,0.0525,0.11187487865447997,0.9914383916990921
SPXW261009C07720000,7643.99,7720.0,50.55,50.3,50.8,0.055196030629322754,0.0525,0.11091739921569824,0.9901541450777201
SPXW261009C07725000,7643.99,7725.0,47.95,47.7,48.2,0.055196030629322754,0.0525,0.10968526432037354,0.9895132686084143
SPXW261009C07730000,7643.99,7730.0,45.95,45.7,46.2,0.055196030629322754,0.0525,0.10923513454437254,0.9888732212160414
SPXW261009C07740000,7643.99,7740.0,42.15,41.8,42.5,0.055196030629322754,0.0525,0.10855803255081178,0.9875956072351421
SPXW261009C07750000,7643.99,7750.0,37.8,37.6,38.0,0.055196030629322754,0.0525,0.106366510887146,0.9863212903225806
SPXW261009C07760000,7643.99,7760.0,34.25,34.0,34.5,0.055196030629322754,0.0525,0.10535562622070313,0.9850502577319588
SPXW261009C07770000,7643.99,7770.0,30.9,30.7,31.1,0.055196030629322754,0.0525,0.10417308189392088,0.9837824967824967
SPXW261009C07775000,7643.99,7775.0,29.35,29.2,29.5,0.055196030629322754,0.0525,0.10361614166259764,0.9831498392282958
SPXW261009C07780000,7643.99,7780.0,27.8,27.6,28.0,0.055196030629322754,0.0525,0.10313930927276609,0.9825179948586118
SPXW261009C07790000,7643.99,7790.0,24.950000000000003,24.8,25.1,0.055196030629322754,0.0525,0.10210172199249266,0.9812567394094993
SPXW261009C07800000,7643.99,7800.0,22.35,22.2,22.5,0.055196030629322754,0.0525,0.1012510530090332,0.979998717948718
SPXW261009C07810000,7643.99,7810.0,19.9,19.7,20.1,0.055196030629322754,0.0525,0.10041945732116697,0.9787439180537771
SPXW261009C07820000,7643.99,7820.0,17.75,17.6,17.9,0.055196030629322754,0.0525,0.09962982288360596,0.9774923273657289
SPXW261009C07825000,7643.99,7825.0,16.85,16.7,17.0,0.055196030629322754,0.0525,0.09951919776916504,0.9768677316293929
SPXW261009C07830000,7643.99,7830.0,15.85,15.7,16.0,0.055196030629322754,0.0525,0.0991148439025879,0.9762439335887612
SPXW261009C07840000,7643.99,7840.0,13.95,13.8,14.1,0.055196030629322754,0.0525,0.09824891628265381,0.9749987244897959
SPXW261009C07850000,7643.99,7850.0,12.45,12.3,12.6,0.055196030629322754,0.0525,0.0979551875305176,0.9737566878980891
SPXW261009C07860000,7643.99,7860.0,10.95,10.8,11.1,0.055196030629322754,0.0525,0.09733339809417725,0.9725178117048345
SPXW261009C07870000,7643.99,7870.0,9.65,9.5,9.8,0.055196030629322754,0.0525,0.09688708297729492,0.97128208386277
SPXW261009C07875000,7643.99,7875.0,9.05,8.9,9.2,0.055196030629322754,0.0525,0.0966734620666504,0.9706653968253968
SPXW261009C07880000,7643.99,7880.0,8.600000000000001,8.4,8.8,0.055196030629322754,0.0525,0.0969710054779053,0.9700494923857867
SPXW261009C07890000,7643.99,7890.0,7.550000000000001,7.4,7.7,0.055196030629322754,0.0525,0.09645984115600587,0.9688200253485424
SPXW261009C07900000,7643.99,7900.0,6.65,6.5,6.8,0.055196030629322754,0.0525,0.09625384956359864,0.967593670886076
SPXW261009C07910000,7643.99,7910.0,5.9,5.8,6.0,0.055196030629322754,0.0525,0.09609363388061526,0.966370417193426
SPXW261009C07920000,7643.99,7920.0,5.25,5.1,5.4,0.055196030629322754,0.0525,0.09642932388305664,0.9651502525252525
SPXW261009C07925000,7643.99,7925.0,4.85,4.7,5.0,0.055196030629322754,0.0525,0.09607837524414065,0.9645413249211356
SPXW261009C07930000,7643.99,7930.0,4.65,4.5,4.8,0.055196030629322754,0.0525,0.09651324638366698,0.9639331651954602
SPXW261009C07940000,7643.99,7940.0,4.05,3.9,4.2,0.055196030629322754,0.0525,0.09632251342773437,0.9627191435768262
SPXW261009C07950000,7643.99,7950.0,3.65,3.5,3.8,0.055196030629322754,0.0525,0.0968260484313965,0.9615081761006289
SPXW261009C07975000,7643.99,7975.0,2.725,2.6,2.85,0.055196030629322754,0.0525,0.09744402320861817,0.9584940438871473
SPXW261009C08000000,7643.99,8000.0,2.075,2.0,2.15,0.055196030629322754,0.0525,0.09827561889648437,0.95549875
SPXW261009C08025000,7643.99,8025.0,1.7000000000000002,1.6,1.8,0.055196030629322754,0.0525,0.10082381118774414,0.9525221183800623
SPXW261009C08050000,7643.99,8050.0,1.275,1.2,1.35,0.055196030629322754,0.0525,0.1015867430114746,0.9495639751552795
SPXW261009C08075000,7643.99,8075.0,1.125,1.05,1.2,0.055196030629322754,0.0525,0.10489786712646484,0.9466241486068111
SPXW261009C08100000,7643.99,8100.0,0.95,0.85,1.05,0.055196030629322754,0.0525,0.10787330123901367,0.9437024691358025
SPXW261009C08125000,7643.99,8125.0,0.825,0.75,0.9,0.055196030629322754,0.0525,0.11045201080322264,0.9407987692307692
SPXW261009C08150000,7643.99,8150.0,0.7,0.6,0.8,0.055196030629322754,0.0525,0.1134732208251953,0.9379128834355828
SPXW261009C08175000,7643.99,8175.0,0.625,0.55,0.7,0.055196030629322754,0.0525,0.11618925811767578,0.9350446483180428
SPXW261009C08200000,7643.99,8200.0,0.575,0.5,0.65,0.055196030629322754,0.0525,0.1196682272338867,0.9321939024390243
SPXW261009C08225000,7643.99,8225.0,0.525,0.45,0.6,0.055196030629322754,0.0525,0.12299460998535157,0.9293604863221884
SPXW261012C07000000,7643.99,7000.0,667.45,657.4,677.5,0.06340958299071905,0.0525,0.2899202783584594,1.0919985714285714
SPXW261012C07175000,7643.99,7175.0,497.3,487.3,507.3,0.06340958299071905,0.0525,0.24087139141082758,1.0653644599303136
SPXW261012C07200000,7643.99,7200.0,473.35,463.4,483.3,0.06340958299071905,0.0525,0.23407748352050778,1.0616652777777777
SPXW261012C07225000,7643.99,7225.0,449.5,439.5,459.5,0.06340958299071905,0.0525,0.22752389915466306,1.0579916955017301
SPXW261012C07250000,7643.99,7250.0,428.45,422.7,434.2,0.06340958299071905,0.0525,0.2178346649932861,1.054343448275862
SPXW261012C07275000,7643.99,7275.0,400.5,397.7,403.3,0.06340958299071905,0.0525,0.1969761089324951,1.0507202749140894
SPXW261012C07325000,7643.99,7325.0,355.05,352.5,357.6,0.06340958299071905,0.0525,0.18714573238372806,1.0435481228668941
SPXW261012C07375000,7643.99,7375.0,309.25,306.8,311.7,0.06340958299071905,0.0525,0.17551102207183839,1.036473220338983
SPXW261012C07400000,7643.99,7400.0,286.15,283.5,288.8,0.06340958299071905,0.0525,0.1692435371398926,1.0329716216216216
SPXW261012C07490000,7643.99,7490.0,208.6,206.2,211.0,0.06340958299071905,0.0525,0.15019694416046148,1.0205594125500668
SPXW261012C07500000,7643.99,7500.0,201.05,198.9,203.2,0.06340958299071905,0.0525,0.1488351108551025,1.0191986666666666
SPXW261012C07520000,7643.99,7520.0,184.2,181.9,186.5,0.06340958299071905,0.0525,0.14420602201461788,1.0164880319148937
SPXW261012C07525000,7643.99,7525.0,180.5,178.2,182.8,0.06340958299071905,0.0525,0.1436357304763794,1.0158126245847177
SPXW261012C07530000,7643.99,7530.0,176.45,173.8,179.1,0.06340958299071905,0.0525,0.14302919967651367,1.0151381142098272
SPXW261012C07540000,7643.99,7540.0,168.7,168.4,169.0,0.06340958299071905,0.0525,0.13805488418579104,1.013791777188329
SPXW261012C07550000,7643.99,7550.0,160.89999999999998,160.6,161.2,0.06340958299071905,0.0525,0.13609605672836306,1.0124490066225165
SPXW261012C07570000,7643.99,7570.0,145.89999999999998,145.6,146.2,0.06340958299071905,0.0525,0.13255414573669436,1.0097741083223248
SPXW261012C07575000,7643.99,7575.0,142.89999999999998,142.6,143.2,0.06340958299071905,0.0525,0.1325503310775757,1.0091075907590759
SPXW261012C07580000,7643.99,7580.0,139.10000000000002,138.8,139.4,0.06340958299071905,0.0525,0.1314650605583191,1.0084419525065962
SPXW261012C07590000,7643.99,7590.0,131.2,130.9,131.5,0.06340958299071905,0.0525,0.1287909845161438,1.0071133069828722
SPXW261012C07600000,7643.99,7600.0,124.25,124.0,124.5,0.06340958299071905,0.0525,0.12711444183349607,1.0057881578947367
SPXW261012C07610000,7643.99,7610.0,117.5,117.2,117.8,0.06340958299071905,0.0525,0.12564579807281495,1.004466491458607
SPXW261012C07620000,7643.99,7620.0,110.7,110.4,111.0,0.06340958299071905,0.0525,0.12386816692352294,1.0031482939632546
SPXW261012C07625000,7643.99,7625.0,107.35,107.1,107.6,0.06340958299071905,0.0525,0.12291068748474121,1.0024904918032786
SPXW261012C07630000,7643.99,7630.0,104.7,104.4,105.0,0.06340958299071905,0.0525,0.12290878015518189,1.0018335517693315
SPXW261012C07640000,7643.99,7640.0,97.7,97.4,98.0,0.06340958299071905,0.0525,0.12049791559219361,1.0005222513089005
SPXW261012C07650000,7643.99,7650.0,91.55,91.3,91.8,0.06340958299071905,0.0525,0.1188881294441223,0.9992143790849672
SPXW261012C07660000,7643.99,7660.0,85.5,85.2,85.8,0.06340958299071905,0.0525,0.11731839721679688,0.9979099216710182
SPXW261012C07670000,7643.99,7670.0,79.7,79.4,80.0,0.06340958299071905,0.0525,0.11578108959197998,0.9966088657105606
SPXW261012C07675000,7643.99,7675.0,77.4,77.0,77.8,0.06340958299071905,0.0525,0.11580969953536988,0.9959596091205212
SPXW261012C07680000,7643.99,7680.0,74.1,73.9,74.3,0.06340958299071905,0.0525,0.11414078617095948,0.9953111979166667
SPXW261012C07690000,7643.99,7690.0,69.1,68.8,69.4,0.06340958299071905,0.0525,0.11328058053970338,0.9940169050715214
SPXW261012C07700000,7643.99,7700.0,63.8,63.6,64.0,0.06340958299071905,0.0525,0.1115410959815979,0.992725974025974
SPXW261012C07710000,7643.99,7710.0,58.65,58.4,58.9,0.06340958299071905,0.0525,0.10993130983352661,0.9914383916990921
SPXW261012C07725000,7643.99,7725.0,51.8,51.6,52.0,0.06340958299071905,0.0525,0.10800490697860718,0.9895132686084143
SPXW261012C07730000,7643.99,7730.0,49.95,49.7,50.2,0.06340958299071905,0.0525,0.10790000385284425,0.9888732212160414
SPXW261012C07740000,7643.99,7740.0,45.7,45.5,45.9,0.06340958299071905,0.0525,0.10655152185440064,0.9875956072351421
SPXW261012C07750000,7643.99,7750.0,41.35,41.1,41.6,0.06340958299071905,0.0525,0.1049093111038208,0.9863212903225806
SPXW261012C07775000,7643.99,7775.0,32.5,32.3,32.7,0.06340958299071905,0.0525,0.10213223926544189,0.9831498392282958
SPXW261012C07800000,7643.99,7800.0,25.2,25.0,25.4,0.06340958299071905,0.0525,0.09991973697662354,0.979998717948718
SPXW261012C07825000,7643.99,7825.0,19.35,19.2,19.5,0.06340958299071905,0.0525,0.0981611791229248,0.9768677316293929
SPXW261012C07850000,7643.99,7850.0,14.55,14.4,14.7,0.06340958299071905,0.0525,0.09655139297485352,0.9737566878980891
SPXW261012C07875000,7643.99,7875.0,10.85,10.7,11.0,0.06340958299071905,0.0525,0.09539936592102052,0.9706653968253968
SPXW261012C07900000,7643.99,7900.0,8.100000000000001,7.9,8.3,0.06340958299071905,0.0525,0.09496449478149416,0.967593670886076
SPXW261012C07925000,7643.99,7925.0,6.0,5.8,6.2,0.06340958299071905,0.0525,0.09465169273376467,0.9645413249211356
SPXW261012C07950000,7643.99,7950.0,4.550000000000001,4.4,4.7,0.06340958299071905,0.0525,0.09491871887207033,0.9615081761006289
SPXW261012C07975000,7643.99,7975.0,3.4,3.3,3.5,0.06340958299071905,0.0525,0.09503315864562992,0.9584940438871473
SPXW261012C08000000,7643.99,8000.0,2.65,2.55,2.75,0.06340958299071905,0.0525,0.09624622024536134,0.95549875
SPXW261012C08025000,7643.99,8025.0,2.1,2.0,2.2,0.06340958299071905,0.0525,0.09775682525634766,0.9525221183800623
SPXW261012C08050000,7643.99,8050.0,1.65,1.55,1.75,0.06340958299071905,0.0525,0.09917587844848633,0.9495639751552795
SPXW261012C08075000,7643.99,8075.0,1.375,1.3,1.45,0.06340958299071905,0.0525,0.10117475982666015,0.9466241486068111
SPXW261012C08100000,7643.99,8100.0,1.125,1.05,1.2,0.06340958299071905,0.0525,0.10312786529541014,0.9437024691358025
SPXW261012C08125000,7643.99,8125.0,0.9750000000000001,0.9,1.05,0.06340958299071905,0.0525,0.10579812667846678,0.9407987692307692
SPXW261012C08175000,7643.99,8175.0,0.7749999999999999,0.7,0.85,0.06340958299071905,0.0525,0.11170321899414062,0.9350446483180428
SPXW261012C08200000,7643.99,8200.0,0.65,0.55,0.75,0.06340958299071905,0.0525,0.11426666992187501,0.9321939024390243
SPXW261013C07000000,7643.99,7000.0,668.95,659.0,678.9,0.06614743377785116,0.0525,0.28778025459289547,1.0919985714285714
SPXW261013C07100000,7643.99,7100.0,571.45,561.6,581.3,0.06614743377785116,0.0525,0.25981498859405516,1.0766183098591549
SPXW261013C07150000,7643.99,7150.0,521.55,511.3,531.8,0.06614743377785116,0.0525,0.2437781616592407,1.0690895104895104
SPXW261013C07275000,7643.99,7275.0,402.9,400.1,405.7,0.06614743377785116,0.0525,0.19788781246185305,1.0507202749140894
SPXW261013C07350000,7643.99,7350.0,334.0,331.3,336.7,0.06614743377785116,0.0525,0.18156488609313962,1.0399986394557823
SPXW261013C07375000,7643.99,7375.0,310.95000000000005,308.3,313.6,0.06614743377785116,0.0525,0.17530312314987181,1.036473220338983
SPXW261013C07425000,7643.99,7425.0,267.75,265.4,270.1,0.06614743377785116,0.0525,0.1659915402412415,1.0294936026936026
SPXW261013C07500000,7643.99,7500.0,203.5,200.8,206.2,0.06614743377785116,0.0525,0.1501206509780884,1.0191986666666666
SPXW261013C07550000,7643.99,7550.0,164.95,164.7,165.2,0.06614743377785116,0.0525,0.138691932258606,1.0124490066225165
SPXW261013C07580000,7643.99,7580.0,142.7,142.4,143.0,0.06614743377785116,0.0525,0.13348110790252682,1.0084419525065962
SPXW261013C07600000,7643.99,7600.0,128.45,128.2,128.7,0.06614743377785116,0.0525,0.12989532833099365,1.0057881578947367
SPXW261013C07610000,7643.99,7610.0,121.55000000000001,121.2,121.9,0.06614743377785116,0.0525,0.1282988934898376,1.004466491458607
SPXW261013C07620000,7643.99,7620.0,114.3,114.0,114.6,0.06614743377785116,0.0525,0.1259128242111206,1.0031482939632546
SPXW261013C07625000,7643.99,7625.0,111.15,110.9,111.4,0.06614743377785116,0.0525,0.12521092693328856,1.0024904918032786
SPXW261013C07640000,7643.99,7640.0,101.3,101.0,101.6,0.06614743377785116,0.0525,0.12258262680053711,1.0005222513089005
SPXW261013C07650000,7643.99,7650.0,95.65,95.4,95.9,0.06614743377785116,0.0525,0.12161751804351807,0.9992143790849672
SPXW261013C07660000,7643.99,7660.0,89.55000000000001,89.2,89.9,0.06614743377785116,0.0525,0.1200840250778198,0.9979099216710182
SPXW261013C07670000,7643.99,7670.0,83.35,83.1,83.6,0.06614743377785116,0.0525,0.11797451858520508,0.9966088657105606
SPXW261013C07675000,7643.99,7675.0,80.6,80.3,80.9,0.06614743377785116,0.0525,0.11739469039916992,0.9959596091205212
SPXW261013C07680000,7643.99,7680.0,77.75,77.5,78.0,0.06614743377785116,0.0525,0.11651350414276125,0.9953111979166667
SPXW261013C07690000,7643.99,7690.0,72.35,72.1,72.6,0.06614743377785116,0.0525,0.11507919231414794,0.9940169050715214
SPXW261013C07700000,7643.99,7700.0,66.94999999999999,66.6,67.3,0.06614743377785116,0.0525,0.11353807003021239,0.992725974025974
SPXW261013C07710000,7643.99,7710.0,62.15,61.9,62.4,0.06614743377785116,0.0525,0.11226778854370115,0.9914383916990921
SPXW261013C07720000,7643.99,7720.0,57.55,57.3,57.8,0.06614743377785116,0.0525,0.11113864944458007,0.9901541450777201
SPXW261013C07725000,7643.99,7725.0,54.95,54.7,55.2,0.06614743377785116,0.0525,0.11008961818695066,0.9895132686084143
SPXW261013C07740000,7643.99,7740.0,48.55,48.3,48.8,0.06614743377785116,0.0525,0.10838446556091308,0.9875956072351421
SPXW261013C07750000,7643.99,7750.0,44.35,44.1,44.6,0.06614743377785116,0.0525,0.10700546628952026,0.9863212903225806
SPXW261013C07775000,7643.99,7775.0,35.65,35.3,36.0,0.06614743377785116,0.0525,0.10502756553649903,0.9831498392282958
SPXW261013C07800000,7643.99,7800.0,27.7,27.5,27.9,0.06614743377785116,0.0525,0.10203305812835693,0.979998717948718
SPXW261013C07825000,7643.99,7825.0,21.4,21.2,21.6,0.06614743377785116,0.0525,0.10006087936401367,0.9768677316293929
SPXW261013C07850000,7643.99,7850.0,16.5,16.3,16.7,0.06614743377785116,0.0525,0.09880585651397707,0.9737566878980891
SPXW261013C07875000,7643.99,7875.0,12.399999999999999,12.2,12.6,0.06614743377785116,0.0525,0.09738298866271972,0.9706653968253968
SPXW261013C07900000,7643.99,7900.0,9.35,9.2,9.5,0.06614743377785116,0.0525,0.09651324638366698,0.967593670886076
SPXW261013C07925000,7643.99,7925.0,7.050000000000001,6.9,7.2,0.06614743377785116,0.0525,0.09618137104034426,0.9645413249211356
SPXW261013C07950000,7643.99,7950.0,5.35,5.2,5.5,0.06614743377785116,0.0525,0.09630725479125976,0.9615081761006289
SPXW261013C07975000,7643.99,7975.0,4.0,3.9,4.1,0.06614743377785116,0.0525,0.09614703910827638,0.9584940438871473
SPXW261013C08000000,7643.99,8000.0,3.15,3.0,3.3,0.06614743377785116,0.0525,0.09758898025512697,0.95549875
SPXW261013C08025000,7643.99,8025.0,2.45,2.35,2.55,0.06614743377785116,0.0525,0.0983137654876709,0.9525221183800623
SPXW261013C08050000,7643.99,8050.0,1.95,1.85,2.05,0.06614743377785116,0.0525,0.09974044799804688,0.9495639751552795
SPXW261013C08075000,7643.99,8075.0,1.6,1.5,1.7,0.06614743377785116,0.0525,0.10164777755737303,0.9466241486068111
SPXW261013C08100000,7643.99,8100.0,1.2999999999999998,1.2,1.4,0.06614743377785116,0.0525,0.10340252075195311,0.9437024691358025
SPXW261013C08200000,7643.99,8200.0,0.75,0.65,0.85,0.06614743377785116,0.0525,0.11383942810058593,0.9321939024390243
SPXW261014C07225000,7643.99,7225.0,452.65,449.8,455.5,0.06888528456498326,0.0525,0.211033127784729,1.0579916955017301
SPXW261014C07250000,7643.99,7250.0,429.6,419.9,439.3,0.06888528456498326,0.0525,0.21913546375274656,1.054343448275862
SPXW261014C07275000,7643.99,7275.0,407.35,404.6,410.1,0.06888528456498326,0.0525,0.2024654034042358,1.0507202749140894
SPXW261014C07300000,7643.99,7300.0,383.0,380.2,385.8,0.06888528456498326,0.0525,0.19480366056442258,1.0471219178082192
SPXW261014C07475000,7643.99,7475.0,228.10000000000002,225.9,230.3,0.06888528456498326,0.0525,0.15698322273254398,1.0226073578595318
SPXW261014C07500000,7643.99,7500.0,207.75,205.4,210.1,0.06888528456498326,0.0525,0.1526039940643311,1.0191986666666666
SPXW261014C07525000,7643.99,7525.0,188.8,186.5,191.1,0.06888528456498326,0.0525,0.14914219091415404,1.0158126245847177
SPXW261014C07530000,7643.99,7530.0,184.6,182.5,186.7,0.06888528456498326,0.0525,0.1475762733459473,1.0151381142098272
SPXW261014C07550000,7643.99,7550.0,169.5,169.2,169.8,0.06888528456498326,0.0525,0.14198398307800292,1.0124490066225165
SPXW261014C07560000,7643.99,7560.0,162.05,161.8,162.3,0.06888528456498326,0.0525,0.14023305454254154,1.0111097883597884
SPXW261014C07575000,7643.99,7575.0,151.0,150.6,151.4,0.06888528456498326,0.0525,0.13779548736572267,1.0091075907590759
SPXW261014C07580000,7643.99,7580.0,146.8,146.5,147.1,0.06888528456498326,0.0525,0.1360827054214478,1.0084419525065962
SPXW261014C07590000,7643.99,7590.0,139.5,139.2,139.8,0.06888528456498326,0.0525,0.13417537586212158,1.0071133069828722
SPXW261014C07600000,7643.99,7600.0,132.89999999999998,132.6,133.2,0.06888528456498326,0.0525,0.13298138755798342,1.0057881578947367
SPXW261014C07610000,7643.99,7610.0,125.80000000000001,125.4,126.2,0.06888528456498326,0.0525,0.13113699987411498,1.004466491458607
SPXW261014C07620000,7643.99,7620.0,119.5,119.2,119.8,0.06888528456498326,0.0525,0.1298629037284851,1.0031482939632546
SPXW261014C07625000,7643.99,7625.0,115.75,115.5,116.0,0.06888528456498326,0.0525,0.1284362212181091,1.0024904918032786
SPXW261014C07640000,7643.99,7640.0,106.65,106.4,106.9,0.06888528456498326,0.0525,0.12668338535308837,1.0005222513089005
SPXW261014C07650000,7643.99,7650.0,99.85,99.6,100.1,0.06888528456498326,0.0525,0.12440603385925295,0.9992143790849672
SPXW261014C07660000,7643.99,7660.0,93.85,93.6,94.1,0.06888528456498326,0.0525,0.12290878015518189,0.9979099216710182
SPXW261014C07670000,7643.99,7670.0,88.0,87.7,88.3,0.06888528456498326,0.0525,0.12145730236053466,0.9966088657105606
SPXW261014C07675000,7643.99,7675.0,85.6,85.3,85.9,0.06888528456498326,0.0525,0.12126656940460205,0.9959596091205212
SPXW261014C07690000,7643.99,7690.0,77.2,76.9,77.5,0.06888528456498326,0.0525,0.11892627603530884,0.9940169050715214
SPXW261014C07700000,7643.99,7700.0,71.85,71.6,72.1,0.06888528456498326,0.0525,0.11734509983062745,0.992725974025974
SPXW261014C07710000,7643.99,7710.0,66.65,66.4,66.9,0.06888528456498326,0.0525,0.11578871891021729,0.9914383916990921
SPXW261014C07725000,7643.99,7725.0,59.35,59.1,59.6,0.06888528456498326,0.0525,0.11364488048553466,0.9895132686084143
SPXW261014C07750000,7643.99,7750.0,48.599999999999994,48.4,48.8,0.06888528456498326,0.0525,0.11062367046356202,0.9863212903225806
SPXW261014C07775000,7643.99,7775.0,39.35,39.1,39.6,0.06888528456498326,0.0525,0.10819373260498047,0.9831498392282958
SPXW261014C07800000,7643.99,7800.0,31.35,31.2,31.5,0.06888528456498326,0.0525,0.10570657485961912,0.979998717948718
SPXW261014C07825000,7643.99,7825.0,24.6,24.4,24.8,0.06888528456498326,0.0525,0.10368099086761474,0.9768677316293929
SPXW261014C07850000,7643.99,7850.0,19.2,19.0,19.4,0.06888528456498326,0.0525,0.1021703858566284,0.9737566878980891
SPXW261014C07875000,7643.99,7875.0,14.8,14.6,15.0,0.06888528456498326,0.0525,0.10088103107452394,0.9706653968253968
SPXW261014C07900000,7643.99,7900.0,11.3,11.1,11.5,0.06888528456498326,0.0525,0.09987014640808106,0.967593670886076
SPXW261014C07925000,7643.99,7925.0,8.65,8.5,8.8,0.06888528456498326,0.0525,0.09924454231262206,0.9645413249211356
SPXW261014C07950000,7643.99,7950.0,6.65,6.5,6.8,0.06888528456498326,0.0525,0.09918350776672363,0.9615081761006289
SPXW261014C07975000,7643.99,7975.0,5.1,4.9,5.3,0.06888528456498326,0.0525,0.09951919776916504,0.9584940438871473
SPXW261014C08000000,7643.99,8000.0,3.9,3.8,4.0,0.06888528456498326,0.0525,0.09935898208618163,0.95549875
SPXW261014C08025000,7643.99,8025.0,3.1,3.0,3.2,0.06888528456498326,0.0525,0.10046523323059081,0.9525221183800623
SPXW261014C08050000,7643.99,8050.0,2.5,2.4,2.6,0.06888528456498326,0.0525,0.10186139846801759,0.9495639751552795
SPXW261014C08075000,7643.99,8075.0,2.0,1.9,2.1,0.06888528456498326,0.0525,0.10314312393188474,0.9466241486068111
SPXW261014C08100000,7643.99,8100.0,1.675,1.6,1.75,0.06888528456498326,0.0525,0.10492838439941406,0.9437024691358025
SPXW261014C08125000,7643.99,8125.0,1.4,1.3,1.5,0.06888528456498326,0.0525,0.1070951107788086,0.9407987692307692
SPXW261014C08200000,7643.99,8200.0,0.925,0.85,1.0,0.06888528456498326,0.0525,0.1141140835571289,0.9321939024390243
SPXW261014C08300000,7643.99,8300.0,0.6,0.5,0.7,0.06888528456498326,0.0525,0.12528340545654298,0.9209626506024096
SPXW261015C07100000,7643.99,7100.0,573.55,563.3,583.8,0.07162313535211537,0.0525,0.2557066007232667,1.0766183098591549
SPXW261015C07150000,7643.99,7150.0,527.3499999999999,517.4,537.3,0.07162313535211537,0.0525,0.24604025451660155,1.0690895104895104
SPXW261015C07200000,7643.99,7200.0,478.45000000000005,468.6,488.3,0.07162313535211537,0.0525,0.23080450599670413,1.0616652777777777
SPXW261015C07250000,7643.99,7250.0,432.29999999999995,429.7,434.9,0.07162313535211537,0.0525,0.20713073150634764,1.054343448275862
SPXW261015C07275000,7643.99,7275.0,408.15,398.6,417.7,0.07162313535211537,0.0525,0.21227289199829102,1.0507202749140894
SPXW261015C07300000,7643.99,7300.0,384.95,382.5,387.4,0.07162313535211537,0.0525,0.19410367061614991,1.0471219178082192
SPXW261015C07400000,7643.99,7400.0,295.85,293.5,298.2,0.07162313535211537,0.0525,0.17437425365448,1.0329716216216216
SPXW261015C07450000,7643.99,7450.0,251.89999999999998,249.7,254.1,0.07162313535211537,0.0525,0.1629226469802857,1.0260389261744967
SPXW261015C07475000,7643.99,7475.0,231.45,228.5,234.4,0.07162313535211537,0.0525,0.15975457258224487,1.0226073578595318
SPXW261015C07525000,7643.99,7525.0,191.0,188.7,193.3,0.07162313535211537,0.0525,0.14927761131286624,1.0158126245847177
SPXW261015C07540000,7643.99,7540.0,179.75,179.5,180.0,0.07162313535211537,0.0525,0.1444329942321777,1.013791777188329
SPXW261015C07550000,7643.99,7550.0,172.15,171.9,172.4,0.07162313535211537,0.0525,0.142680158367157,1.0124490066225165
SPXW261015C07575000,7643.99,7575.0,153.7,153.4,154.0,0.07162313535211537,0.0525,0.13849166265487672,1.0091075907590759
SPXW261015C07600000,7643.99,7600.0,135.89999999999998,135.6,136.2,0.07162313535211537,0.0525,0.13418872716903685,1.0057881578947367
SPXW261015C07625000,7643.99,7625.0,119.5,119.2,119.8,0.07162313535211537,0.0525,0.13063727952957152,1.0024904918032786
SPXW261015C07640000,7643.99,7640.0,109.5,109.2,109.8,0.07162313535211537,0.0525,0.12783541240692137,1.0005222513089005
SPXW261015C07650000,7643.99,7650.0,103.15,102.8,103.5,0.07162313535211537,0.0525,0.12618938699722287,0.9992143790849672
SPXW261015C07660000,7643.99,7660.0,97.5,97.2,97.8,0.07162313535211537,0.0525,0.12507741386413576,0.9979099216710182
SPXW261015C07675000,7643.99,7675.0,88.75,88.5,89.0,0.07162313535211537,0.0525,0.12276954509735107,0.9959596091205212
SPXW261015C07700000,7643.99,7700.0,74.8,74.5,75.1,0.07162313535211537,0.0525,0.11886142683029172,0.992725974025974
SPXW261015C07725000,7643.99,7725.0,63.099999999999994,62.8,63.4,0.07162313535211537,0.0525,0.11633040050506592,0.9895132686084143
SPXW261015C07750000,7643.99,7750.0,51.65,51.4,51.9,0.07162313535211537,0.0525,0.11266451309204101,0.9863212903225806
SPXW261015C07775000,7643.99,7775.0,42.05,41.8,42.3,0.07162313535211537,0.0525,0.10997136375427244,0.9831498392282958
SPXW261015C07800000,7643.99,7800.0,33.95,33.7,34.2,0.07162313535211537,0.0525,0.10781989601135256,0.979998717948718
SPXW261015C07825000,7643.99,7825.0,26.95,26.7,27.2,0.07162313535211537,0.0525,0.10572946281433104,0.9768677316293929
SPXW261015C07850000,7643.99,7850.0,21.2,21.0,21.4,0.07162313535211537,0.0525,0.10396709030151366,0.9737566878980891
SPXW261015C07875000,7643.99,7875.0,16.4,16.2,16.6,0.07162313535211537,0.0525,0.10236493347167967,0.9706653968253968
SPXW261015C07900000,7643.99,7900.0,12.75,12.6,12.9,0.07162313535211537,0.0525,0.10139601005554197,0.967593670886076
SPXW261015C07925000,7643.99,7925.0,9.899999999999999,9.7,10.1,0.07162313535211537,0.0525,0.10104506141662598,0.9645413249211356
SPXW261015C07950000,7643.99,7950.0,7.6,7.4,7.8,0.07162313535211537,0.0525,0.10063307823181153,0.9615081761006289
SPXW261015C07975000,7643.99,7975.0,5.85,5.7,6.0,0.07162313535211537,0.0525,0.10041182800292968,0.9584940438871473
SPXW261015C08000000,7643.99,8000.0,4.6,4.4,4.8,0.07162313535211537,0.0525,0.10121290641784667,0.95549875
SPXW261015C08025000,7643.99,8025.0,3.65,3.5,3.8,0.07162313535211537,0.0525,0.10187665710449219,0.9525221183800623
SPXW261015C08050000,7643.99,8050.0,2.9,2.8,3.0,0.07162313535211537,0.0525,0.1025632957458496,0.9495639751552795
SPXW261015C08100000,7643.99,8100.0,1.975,1.85,2.1,0.07162313535211537,0.0525,0.10602700622558593,0.9437024691358025
SPXW261015C08200000,7643.99,8200.0,1.1,1.0,1.2,0.07162313535211537,0.0525,0.11484649810791016,0.9321939024390243
SPXW261015C08300000,7643.99,8300.0,0.7,0.6,0.8,0.07162313535211537,0.0525,0.12503926727294923,0.9209626506024096
SPX261016C05575000,7643.99,5575.0,2154.7,2142.7,2166.7,0.07436098613924746,0.0525,0.9048776602172851,1.3711192825112106
SPX261016C06050000,7643.99,6050.0,1624.5500000000002,1620.7,1628.4,0.07436098613924746,0.0525,0.5524336749267578,1.2634694214876032
SPX261016C06690000,7643.99,6690.0,996.4,994.8,998.0,0.07436098613924746,0.0525,0.39346157081604005,1.1425994020926755
SPX261016C06710000,7643.99,6710.0,968.75,967.6,969.9,0.07436098613924746,0.0525,0.3655802273178101,1.139193740685544
SPX261016C06720000,7643.99,6720.0,979.5,977.7,981.3,0.07436098613924746,0.0525,0.4155675204086304,1.1374985119047618
SPX261016C06820000,7643.99,6820.0,850.8,849.5,852.1,0.07436098613924746,0.0525,0.30997394134521483,1.1208196480938417
SPX261016C06825000,7643.99,6825.0,845.85,844.5,847.2,0.07436098613924746,0.0525,0.3087608797454834,1.1199985347985348
SPX261016C06840000,7643.99,6840.0,830.75,828.9,832.6,0.07436098613924746,0.0525,0.30540397972106936,1.1175423976608188
SPX261016C06870000,7643.99,6870.0,801.7,800.4,803.0,0.07436098613924746,0.0525,0.2974923767089843,1.1126622998544395
SPXW261016C06875000,7643.99,6875.0,796.6500000000001,786.1,807.2,0.07436098613924746,0.0525,0.3198157618713378,1.111853090909091
SPX261016C06880000,7643.99,6880.0,791.35,790.2,792.5,0.07436098613924746,0.0525,0.29310170406341546,1.1110450581395348
SPX261016C06890000,7643.99,6890.0,781.55,780.4,782.7,0.07436098613924746,0.0525,0.2906412489318847,1.1094325108853411
SPX261016C06900000,7643.99,6900.0,771.55,770.5,772.6,0.07436098613924746,0.0525,0.28735682743072505,1.1078246376811594
SPX261016C06910000,7643.99,6910.0,761.8,760.6,763.0,0.07436098613924746,0.0525,0.2854227952575683,1.1062214182344428
SPX261016C06920000,7643.99,6920.0,752.0,750.8,753.2,0.07436098613924746,0.0525,0.2829318228530883,1.104622832369942
SPXW261016C06925000,7643.99,6925.0,746.85,735.6,758.1,0.07436098613924746,0.0525,0.30609443302154543,1.1038252707581226
SPX261016C06930000,7643.99,6930.0,742.05,740.9,743.2,0.07436098613924746,0.0525,0.27990298351287834,1.10302886002886
SPX261016C06940000,7643.99,6940.0,732.3,731.2,733.4,0.07436098613924746,0.0525,0.2773967524719238,1.1014394812680115
SPXW261016C06950000,7643.99,6950.0,722.9000000000001,711.6,734.2,0.07436098613924746,0.0525,0.3006509144592285,1.0998546762589927
SPX261016C06960000,7643.99,6960.0,712.95,711.7,714.2,0.07436098613924746,0.0525,0.2733799164199829,1.0982744252873562
SPX261016C06970000,7643.99,6970.0,703.05,701.9,704.2,0.07436098613924746,0.0525,0.2703243744659424,1.0966987087517934
SPX261016C06980000,7643.99,6980.0,693.3,692.2,694.4,0.07436098613924746,0.0525,0.2677685528564453,1.0951275071633237
SPX261016C06990000,7643.99,6990.0,683.55,682.4,684.7,0.07436098613924746,0.0525,0.26544924011230464,1.0935608011444922
SPX261016C07000000,7643.99,7000.0,673.8499999999999,672.9,674.8,0.07436098613924746,0.0525,0.26262639236450197,1.0919985714285714
SPX261016C07010000,7643.99,7010.0,665.15,664.0,666.3,0.07436098613924746,0.0525,0.26318333259582527,1.0904407988587732
SPX261016C07020000,7643.99,7020.0,654.9,653.8,656.0,0.07436098613924746,0.0525,0.2593610441589356,1.0888874643874644
SPXW261016C07025000,7643.99,7025.0,650.5,639.2,661.8,0.07436098613924746,0.0525,0.2820925978469848,1.0881124555160142
SPX261016C07030000,7643.99,7030.0,644.85,643.6,646.1,0.07436098613924746,0.0525,0.256492420501709,1.087338549075391
SPX261016C07040000,7643.99,7040.0,635.6500000000001,634.6,636.7,0.07436098613924746,0.0525,0.2547910825347901,1.0857940340909091
SPXW261016C07050000,7643.99,7050.0,626.65,615.4,637.9,0.07436098613924746,0.0525,0.2761913201904296,1.0842539007092198
SPX261016C07060000,7643.99,7060.0,615.65,614.5,616.8,0.07436098613924746,0.0525,0.24876392112731935,1.0827181303116147
SPX261016C07070000,7643.99,7070.0,606.15,604.9,607.4,0.07436098613924746,0.0525,0.24699391929626466,1.081186704384724
SPX261016C07075000,7643.99,7075.0,601.35,600.1,602.6,0.07436098613924746,0.0525,0.24587240951538086,1.0804226148409894
SPX261016C07090000,7643.99,7090.0,587.55,586.3,588.8,0.07436098613924746,0.0525,0.24379342029571532,1.0781368124118476
SPX261016C07100000,7643.99,7100.0,577.7,576.2,579.2,0.07436098613924746,0.0525,0.241481736869812,1.0766183098591549
SPX261016C07110000,7643.99,7110.0,568.05,566.4,569.7,0.07436098613924746,0.0525,0.23936460105895993,1.0751040787623065
SPX261016C07120000,7643.99,7120.0,558.1500000000001,557.1,559.2,0.07436098613924746,0.0525,0.23508836818695067,1.0735941011235954
SPX261016C07125000,7643.99,7125.0,553.75,552.7,554.8,0.07436098613924746,0.0525,0.23476030750274657,1.072840701754386
SPX261016C07130000,7643.99,7130.0,548.55,547.5,549.6,0.07436098613924746,0.0525,0.2327270941925049,1.0720883590462833
SPX261016C07140000,7643.99,7140.0,539.55,538.3,540.8,0.07436098613924746,0.0525,0.2320137529373169,1.0705868347338936
SPX261016C07150000,7643.99,7150.0,529.2,528.3,530.1,0.07436098613924746,0.0525,0.22732172222137448,1.0690895104895104
SPXW261016C07155000,7643.99,7155.0,603.95,598.8,609.1,0.07436098613924746,0.0525,0.3660761330032348,1.0683424178895877
SPX261016C07160000,7643.99,7160.0,520.5,519.3,521.7,0.07436098613924746,0.0525,0.22734461017608643,1.0675963687150838
SPXW261016C07165000,7643.99,7165.0,594.55,589.4,599.7,0.07436098613924746,0.0525,0.36284511672973635,1.066851360781577
SPX261016C07170000,7643.99,7170.0,510.15,509.1,511.2,0.07436098613924746,0.0525,0.2230683773040771,1.066107391910739
SPXW261016C07175000,7643.99,7175.0,506.20000000000005,503.3,509.1,0.07436098613924746,0.0525,0.22718057983398435,1.0653644599303136
SPX261016C07180000,7643.99,7180.0,500.85,499.6,502.1,0.07436098613924746,0.0525,0.22158828956604001,1.0646225626740946
SPXW261016C07185000,7643.99,7185.0,575.85,570.7,581.0,0.07436098613924746,0.0525,0.3564708213424682,1.0638816979819068
SPX261016C07190000,7643.99,7190.0,491.35,490.1,492.6,0.07436098613924746,0.0525,0.21927660614013672,1.0631418636995826
SPXW261016C07200000,7643.99,7200.0,482.6,479.7,485.5,0.07436098613924746,0.0525,0.22153106967926023,1.0616652777777777
SPXW261016C07205000,7643.99,7205.0,527.6,524.0,531.2,0.07436098613924746,0.0525,0.30415658618927,1.0609285218598195
SPXW261016C07210000,7643.99,7210.0,473.35,470.5,476.2,0.07436098613924746,0.0525,0.21948259773254394,1.0601927877947295
SPXW261016C07215000,7643.99,7215.0,546.0,542.7,549.3,0.07436098613924746,0.0525,0.34153261623382564,1.0594580734580734
SPXW261016C07220000,7643.99,7220.0,464.75,461.9,467.6,0.07436098613924746,0.0525,0.21868151931762692,1.058724376731302
SPXW261016C07225000,7643.99,7225.0,509.2,505.6,512.8,0.07436098613924746,0.0525,0.29865584774017323,1.0579916955017301
SPX261016C07230000,7643.99,7230.0,453.45,452.4,454.5,0.07436098613924746,0.0525,0.2095530400466919,1.0572600276625173
SPX261016C07235000,7643.99,7235.0,448.75,447.7,449.8,0.07436098613924746,0.0525,0.20842390094757074,1.0565293711126469
SPXW261016C07240000,7643.99,7240.0,446.04999999999995,443.2,448.9,0.07436098613924746,0.0525,0.21418403621673582,1.0557997237569061
SPXW261016C07250000,7643.99,7250.0,435.9,433.1,438.7,0.07436098613924746,0.0525,0.21037319175720212,1.054343448275862
SPXW261016C07255000,7643.99,7255.0,481.75,478.2,485.3,0.07436098613924746,0.0525,0.2903513348388671,1.0536168159889732
SPX261016C07265000,7643.99,7265.0,421.0,420.0,422.0,0.07436098613924746,0.0525,0.2021754893112182,1.052166551961459
SPX261016C07270000,7643.99,7270.0,416.3,415.0,417.6,0.07436098613924746,0.0525,0.2015079239654541,1.051442916093535
SPX261016C07275000,7643.99,7275.0,411.9,410.4,413.4,0.07436098613924746,0.0525,0.20117604862213134,1.0507202749140894
SPXW261016C07280000,7643.99,7280.0,408.7,405.9,411.5,0.07436098613924746,0.0525,0.20476564285278315,1.0499986263736263
SPX261016C07285000,7643.99,7285.0,403.0,401.9,404.1,0.07436098613924746,0.0525,0.19889869712829586,1.0492779684282771
SPXW261016C07290000,7643.99,7290.0,463.65,473.8,453.5,0.07436098613924746,0.0525,0.28073076454162593,1.0485582990397806
SPX261016C07295000,7643.99,7295.0,393.1,392.1,394.1,0.07436098613924746,0.0525,0.19538921073913576,1.0478396161754626
SPXW261016C07300000,7643.99,7300.0,389.85,380.5,399.2,0.07436098613924746,0.0525,0.21030834255218506,1.0471219178082192
SPXW261016C07305000,7643.99,7305.0,385.5,383.0,388.0,0.07436098613924746,0.0525,0.19838562547683716,1.0464052019164956
SPX261016C07310000,7643.99,7310.0,379.35,378.4,380.3,0.07436098613924746,0.0525,0.19211241855621342,1.0456894664842682
SPXW261016C07315000,7643.99,7315.0,375.7,364.5,386.9,0.07436098613924746,0.0525,0.20906285634994504,1.0449747095010253
SPX261016C07320000,7643.99,7320.0,370.2,369.2,371.2,0.07436098613924746,0.0525,0.19003724399566657,1.0442609289617486
SPXW261016C07325000,7643.99,7325.0,366.75,355.7,377.8,0.07436098613924746,0.0525,0.20673400695800775,1.0435481228668941
SPX261016C07330000,7643.99,7330.0,362.15,361.2,363.1,0.07436098613924746,0.0525,0.18953370899200445,1.0428362892223737
SPXW261016C07335000,7643.99,7335.0,347.7,345.2,350.2,0.07436098613924746,0.0525,0.17471375831604005,1.0421254260395365
SPXW261016C07340000,7643.99,7340.0,405.35,401.9,408.8,0.07436098613924746,0.0525,0.26729744245529174,1.0414155313351499
SPX261016C07345000,7643.99,7345.0,348.1,347.2,349.0,0.07436098613924746,0.0525,0.1855054289627075,1.0407066031313819
SPXW261016C07350000,7643.99,7350.0,343.95000000000005,341.3,346.6,0.07436098613924746,0.0525,0.18775607784271237,1.0399986394557823
SPX261016C07355000,7643.99,7355.0,339.1,338.2,340.0,0.07436098613924746,0.0525,0.18340355178833007,1.0392916383412645
SPXW261016C07360000,7643.99,7360.0,336.04999999999995,333.4,338.7,0.07436098613924746,0.0525,0.18727161613464358,1.038585597826087
SPX261016C07365000,7643.99,7365.0,330.0,328.5,331.5,0.07436098613924746,0.0525,0.18201692319869994,1.0378805159538356
SPXW261016C07370000,7643.99,7370.0,318.70000000000005,317.3,320.1,0.07436098613924746,0.0525,0.1701819432830811,1.0371763907734057
SPX261016C07375000,7643.99,7375.0,320.70000000000005,319.8,321.6,0.07436098613924746,0.0525,0.17842160697937012,1.036473220338983
SPX261016C07380000,7643.99,7380.0,316.8,315.1,318.5,0.07436098613924746,0.0525,0.17941723300933837,1.035771002710027
SPX261016C07385000,7643.99,7385.0,311.85,310.9,312.8,0.07436098613924746,0.0525,0.17646468685150146,1.0350697359512524
SPX261016C07390000,7643.99,7390.0,308.45000000000005,307.6,309.3,0.07436098613924746,0.0525,0.1768041915130615,1.0343694181326115
SPX261016C07395000,7643.99,7395.0,303.15,301.9,304.4,0.07436098613924746,0.0525,0.17503418968200682,1.0336700473292766
SPXW261016C07400000,7643.99,7400.0,300.75,298.2,303.3,0.07436098613924746,0.0525,0.17882214618682862,1.0329716216216216
SPXW261016C07405000,7643.99,7405.0,295.1,292.8,297.4,0.07436098613924746,0.0525,0.1755644272994995,1.032274139095206
SPXW261016C07410000,7643.99,7410.0,291.0,288.5,293.5,0.07436098613924746,0.0525,0.1751944053649902,1.0315775978407558
SPXW261016C07415000,7643.99,7415.0,287.0,276.0,298.0,0.07436098613924746,0.0525,0.18666127067565919,1.0308819959541469
SPXW261016C07420000,7643.99,7420.0,282.1,279.8,284.4,0.07436098613924746,0.0525,0.17253558795928958,1.030187331536388
SPX261016C07425000,7643.99,7425.0,277.05,275.8,278.3,0.07436098613924746,0.0525,0.16898604764938355,1.0294936026936026
SPXW261016C07430000,7643.99,7430.0,273.8,271.3,276.3,0.07436098613924746,0.0525,0.1712252525520325,1.028800807537012
SPX261016C07435000,7643.99,7435.0,268.5,267.2,269.8,0.07436098613924746,0.0525,0.1671130500221253,1.0281089441829185
