tick,S,K,moneyness_SK,moneyness_KS,T,r,true_iv,fpga_iv,abs_err,is_liquid
0,20.3204,14.3980,1.4113,0.7085,0.8635,0.0567,0.346332,0.353165,0.006834,0
1,43.5829,37.9714,1.1478,0.8712,0.4266,0.0393,0.171595,0.179551,0.007956,1
2,79.3445,106.3073,0.7464,1.3398,0.6756,0.0287,0.178516,0.493120,0.314603,0
3,62.5275,72.0716,0.8676,1.1526,0.6859,0.0375,0.390193,0.390284,0.000091,1
4,36.3097,46.1508,0.7868,1.2710,1.3684,0.0513,0.262186,0.262231,0.000045,0
5,32.8910,27.4757,1.1971,0.8354,0.3602,0.0242,0.195351,0.218259,0.022908,0
6,75.2666,58.4703,1.2873,0.7768,1.3343,0.0413,0.246512,0.248812,0.002300,0
7,77.0336,73.0939,1.0539,0.9489,1.3891,0.0300,0.388716,0.388884,0.000168,1
8,70.2988,94.1472,0.7467,1.3392,1.2683,0.0400,0.197121,0.215242,0.018121,0
9,33.3653,26.3358,1.2669,0.7893,1.4394,0.0492,0.329888,0.330157,0.000269,0
10,31.9608,36.7266,0.8702,1.1491,0.8011,0.0235,0.216982,0.216990,0.000008,1
11,74.3876,91.3946,0.8139,1.2286,0.8105,0.0347,0.507299,0.511466,0.004167,0
12,26.9143,22.6549,1.1880,0.8417,1.1484,0.0593,0.261112,0.261463,0.000351,0
13,24.3690,19.3828,1.2573,0.7954,0.9505,0.0475,0.163392,0.190553,0.027161,0
14,52.3960,72.5810,0.7219,1.3852,0.8103,0.0490,0.207338,0.225901,0.018562,0
15,63.6628,80.0729,0.7951,1.2578,0.9551,0.0257,0.158289,0.170171,0.011882,0
16,37.8607,32.7489,1.1561,0.8650,0.2138,0.0267,0.446176,0.446253,0.000077,0
17,76.3213,99.2258,0.7692,1.3001,0.4478,0.0229,0.465354,0.485557,0.020203,0
18,21.5491,27.3146,0.7889,1.2675,0.8281,0.0212,0.384712,0.384738,0.000027,0
19,28.2656,37.1722,0.7604,1.3151,1.2607,0.0557,0.209181,0.209392,0.000211,0
20,77.3724,85.0997,0.9092,1.0999,1.2851,0.0376,0.372907,0.373681,0.000774,1
21,52.2495,37.4665,1.3946,0.7171,0.8317,0.0570,0.228921,0.285301,0.056380,0
22,74.8180,91.6868,0.8160,1.2255,0.1684,0.0570,0.505089,0.527444,0.022355,0
23,20.8496,25.1959,0.8275,1.2085,0.6771,0.0238,0.428536,0.428537,0.000001,0
24,69.0335,75.2717,0.9171,1.0904,1.3814,0.0576,0.375275,0.375548,0.000272,1
25,27.1303,21.3751,1.2693,0.7879,1.1580,0.0360,0.511156,0.511188,0.000032,0
26,47.4758,66.0787,0.7185,1.3918,0.3288,0.0512,0.421944,0.434194,0.012250,0
27,61.9105,47.1027,1.3144,0.7608,0.5243,0.0547,0.535876,0.536143,0.000266,0
28,50.8469,42.9010,1.1852,0.8437,0.1346,0.0461,0.436227,0.439157,0.002930,0
29,54.3718,64.8489,0.8384,1.1927,0.3493,0.0490,0.533056,0.533057,0.000001,0
30,67.0760,84.2971,0.7957,1.2567,0.9432,0.0289,0.176893,0.187774,0.010881,0
31,46.4888,33.1629,1.4018,0.7134,0.6486,0.0535,0.417904,0.421446,0.003542,0
32,55.4228,50.5258,1.0969,0.9116,0.1770,0.0480,0.486558,0.486555,0.000003,1
33,38.8128,36.1960,1.0723,0.9326,0.2768,0.0291,0.502672,0.502665,0.000007,1
34,40.6220,36.6925,1.1071,0.9033,0.2424,0.0306,0.484983,0.484980,0.000004,1
35,73.3366,54.4549,1.3467,0.7425,0.2962,0.0558,0.473728,0.482162,0.008434,0
36,52.1470,52.2238,0.9985,1.0015,0.9491,0.0499,0.179591,0.179616,0.000025,1
37,25.6288,32.1748,0.7965,1.2554,0.9790,0.0278,0.222988,0.223267,0.000278,0
38,78.4729,75.2826,1.0424,0.9593,0.4178,0.0577,0.226785,0.227151,0.000366,1
39,20.8936,15.4133,1.3556,0.7377,0.4213,0.0551,0.451364,0.455304,0.003940,0
40,28.2235,20.5294,1.3748,0.7274,0.6678,0.0557,0.454123,0.455329,0.001206,0
41,44.5167,46.6090,0.9551,1.0470,0.4895,0.0551,0.347772,0.347914,0.000142,1
42,26.7385,22.7337,1.1762,0.8502,0.7814,0.0237,0.160279,0.164269,0.003991,0
43,44.5094,59.4891,0.7482,1.3366,0.6494,0.0475,0.538256,0.538298,0.000041,0
44,75.4662,64.9273,1.1623,0.8604,0.9013,0.0202,0.198036,0.199021,0.000985,0
45,58.5083,67.8676,0.8621,1.1600,1.2409,0.0358,0.547363,0.547457,0.000094,1
46,30.1700,26.7276,1.1288,0.8859,0.1162,0.0379,0.264640,0.278153,0.013513,1
47,39.2175,29.9933,1.3075,0.7648,0.2133,0.0570,0.268155,0.371481,0.103326,0
48,79.6887,78.6162,1.0136,0.9865,0.4938,0.0543,0.325506,0.325540,0.000034,1
49,56.8255,51.2158,1.1095,0.9013,0.5119,0.0527,0.247183,0.247239,0.000056,1
50,57.3052,44.0091,1.3021,0.7680,0.9111,0.0471,0.328484,0.329448,0.000963,0
51,42.5025,33.0486,1.2861,0.7776,0.2807,0.0408,0.206923,0.312905,0.105982,0
52,79.6100,82.2801,0.9675,1.0335,1.2831,0.0202,0.179554,0.179807,0.000253,1
53,61.1341,64.2659,0.9513,1.0512,0.4905,0.0293,0.201503,0.201501,0.000002,1
54,69.8099,52.3581,1.3333,0.7500,0.4720,0.0426,0.395332,0.399106,0.003774,0
55,41.3764,51.6670,0.8008,1.2487,0.1930,0.0367,0.379695,0.389922,0.010227,0
56,52.1122,61.1709,0.8519,1.1738,1.1552,0.0516,0.173316,0.173344,0.000028,1
57,24.5503,20.5019,1.1975,0.8351,1.4175,0.0229,0.164722,0.165738,0.001016,0
58,27.8884,23.3212,1.1958,0.8362,0.8060,0.0583,0.278434,0.278837,0.000403,0
59,78.1817,86.4174,0.9047,1.1053,0.4325,0.0539,0.401997,0.404278,0.002281,1
60,70.7419,89.4497,0.7909,1.2645,1.0803,0.0358,0.381758,0.385580,0.003823,0
61,52.8245,59.1564,0.8930,1.1199,0.7828,0.0378,0.522863,0.522973,0.000110,1
62,33.6052,25.2846,1.3291,0.7524,1.2703,0.0453,0.357758,0.358185,0.000428,0
63,79.4726,99.6999,0.7971,1.2545,0.6380,0.0276,0.477280,0.489109,0.011829,0
64,74.3291,99.0779,0.7502,1.3330,0.2731,0.0330,0.196803,0.300000,0.103197,0
65,27.0241,33.9773,0.7954,1.2573,1.2402,0.0525,0.347699,0.347732,0.000034,0
66,44.0114,42.8634,1.0268,0.9739,0.2797,0.0510,0.471372,0.471367,0.000005,1
67,62.3664,80.9844,0.7701,1.2985,1.2880,0.0205,0.223293,0.225612,0.002319,0
68,72.6060,55.7907,1.3014,0.7684,0.5216,0.0312,0.358344,0.360627,0.002283,0
69,77.1343,88.3856,0.8727,1.1459,1.2122,0.0497,0.536145,0.537454,0.001310,1
70,55.9685,69.6611,0.8034,1.2446,0.8669,0.0271,0.313933,0.313965,0.000032,0
71,22.7137,24.6692,0.9207,1.0861,0.1678,0.0300,0.489964,0.489957,0.000007,1
72,25.6801,31.5123,0.8149,1.2271,0.8274,0.0495,0.473338,0.473344,0.000006,0
73,25.9053,21.5765,1.2006,0.8329,0.2513,0.0217,0.497142,0.497270,0.000128,0
74,74.5012,79.8457,0.9331,1.0717,0.1903,0.0543,0.154810,0.158630,0.003820,1
75,39.5068,39.3574,1.0038,0.9962,0.6430,0.0242,0.331060,0.331181,0.000121,1
76,44.2659,49.2324,0.8991,1.1122,0.6028,0.0299,0.535803,0.535796,0.000007,1
77,32.3948,26.8626,1.2059,0.8292,0.1278,0.0224,0.248782,0.326301,0.077518,0
78,46.6042,34.0317,1.3694,0.7302,1.1803,0.0287,0.488023,0.488132,0.000109,0
79,79.8425,63.9781,1.2480,0.8013,0.4536,0.0476,0.292375,0.305651,0.013276,0
80,27.5112,36.7819,0.7480,1.3370,0.9673,0.0510,0.360053,0.360121,0.000068,0
81,74.4737,78.7789,0.9454,1.0578,0.1123,0.0363,0.388154,0.389549,0.001395,1
82,32.3453,31.1161,1.0395,0.9620,1.2213,0.0372,0.226821,0.226840,0.000019,1
83,38.8604,31.3590,1.2392,0.8070,0.4520,0.0570,0.178748,0.249869,0.071120,0
84,45.3426,51.2639,0.8845,1.1306,1.3864,0.0207,0.239798,0.239797,0.000000,1
85,79.7766,72.4789,1.1007,0.9085,1.0225,0.0571,0.196181,0.197179,0.000998,1
86,75.1347,97.9320,0.7672,1.3034,0.2601,0.0274,0.455393,0.493020,0.037627,0
87,39.0399,35.7114,1.0932,0.9147,0.6006,0.0493,0.462510,0.462512,0.000002,1
88,42.1528,33.5655,1.2558,0.7963,0.7990,0.0250,0.345379,0.345556,0.000176,0
89,24.4111,27.3623,0.8921,1.1209,1.1017,0.0257,0.340265,0.340263,0.000002,1
90,43.0702,35.5796,1.2105,0.8261,1.4368,0.0385,0.549902,0.549933,0.000030,0
91,23.1550,30.2222,0.7662,1.3052,0.2487,0.0232,0.295830,0.355514,0.059685,0
92,48.7448,67.3076,0.7242,1.3808,0.4750,0.0478,0.171900,0.329930,0.158030,0
93,68.8156,59.6333,1.1540,0.8666,1.0986,0.0596,0.437020,0.437091,0.000070,0
94,43.1965,52.9238,0.8162,1.2252,0.4300,0.0393,0.481712,0.481727,0.000016,0
95,45.3719,49.3604,0.9192,1.0879,0.8077,0.0548,0.489525,0.489645,0.000121,1
96,79.3976,108.3715,0.7326,1.3649,0.9470,0.0392,0.350604,0.376451,0.025847,0
97,50.1291,62.8397,0.7977,1.2536,0.2176,0.0254,0.337664,0.354284,0.016619,0
98,60.5811,81.1406,0.7466,1.3394,1.0119,0.0406,0.515099,0.515912,0.000813,0
99,54.7636,39.1699,1.3981,0.7153,1.2427,0.0289,0.420626,0.420930,0.000304,0
100,60.9033,81.2587,0.7495,1.3342,1.4614,0.0472,0.536035,0.536625,0.000590,0
101,20.4798,18.9209,1.0824,0.9239,0.3071,0.0447,0.198585,0.198698,0.000113,1
102,24.0559,29.7603,0.8083,1.2371,1.2055,0.0460,0.511974,0.512082,0.000108,0
103,35.6926,35.9450,0.9930,1.0071,1.3004,0.0271,0.431576,0.431665,0.000089,1
104,50.4953,67.6342,0.7466,1.3394,1.2907,0.0304,0.481455,0.481469,0.000014,0
105,70.5387,89.3660,0.7893,1.2669,1.3554,0.0249,0.199550,0.205888,0.006338,0
106,30.5307,23.0073,1.3270,0.7536,0.1384,0.0299,0.456149,0.526049,0.069900,0
107,79.3793,85.9538,0.9235,1.0828,1.4903,0.0351,0.283097,0.283825,0.000728,1
108,69.5041,83.8043,0.8294,1.2057,0.1523,0.0272,0.415084,0.435692,0.020608,0
109,47.7047,62.9496,0.7578,1.3196,1.4629,0.0470,0.172083,0.172609,0.000526,0
110,69.7183,56.6400,1.2309,0.8124,0.7872,0.0269,0.409615,0.409648,0.000033,0
111,51.0739,68.8664,0.7416,1.3484,0.7397,0.0479,0.423641,0.423752,0.000111,0
112,49.6329,54.6428,0.9083,1.1009,1.2764,0.0576,0.229617,0.229767,0.000151,1
113,48.3547,61.7156,0.7835,1.2763,1.1593,0.0201,0.400472,0.400479,0.000007,0
114,61.1780,49.9736,1.2242,0.8169,1.3051,0.0406,0.313433,0.313544,0.000112,0
115,47.1810,58.2188,0.8104,1.2339,0.3405,0.0371,0.237649,0.251473,0.013824,0
116,58.7280,42.3178,1.3878,0.7206,0.3676,0.0343,0.397456,0.418930,0.021474,0
117,73.4428,71.9413,1.0209,0.9796,1.4342,0.0356,0.257962,0.257995,0.000033,1
118,25.5318,29.2255,0.8736,1.1447,0.5284,0.0562,0.245523,0.245531,0.000008,1
119,46.7251,62.1730,0.7515,1.3306,1.1057,0.0594,0.435299,0.435341,0.000042,0
120,42.9163,30.0845,1.4265,0.7010,0.4037,0.0599,0.524352,0.529971,0.005619,0
121,26.9051,29.9600,0.8980,1.1135,0.9504,0.0310,0.340594,0.340594,0.000001,1
122,61.7438,76.0078,0.8123,1.2310,0.5533,0.0248,0.348102,0.348844,0.000742,0
123,71.5165,73.0580,0.9789,1.0216,0.9564,0.0484,0.546033,0.546153,0.000120,1
124,31.9810,35.7700,0.8941,1.1185,0.5148,0.0240,0.453647,0.453642,0.000005,1
125,66.2081,77.6364,0.8528,1.1726,1.4081,0.0347,0.361188,0.361561,0.000373,1
126,72.3075,63.1907,1.1443,0.8739,1.1787,0.0248,0.237112,0.237246,0.000134,1
127,39.4153,49.4884,0.7965,1.2556,0.8559,0.0510,0.278581,0.278636,0.000056,0
128,44.8610,62.1058,0.7223,1.3844,0.2877,0.0403,0.233999,0.379729,0.145729,0
129,24.4093,29.9357,0.8154,1.2264,1.3289,0.0445,0.466013,0.466121,0.000108,0
130,48.2723,40.8639,1.1813,0.8465,1.3074,0.0265,0.306120,0.306140,0.000019,0
131,25.0575,19.0273,1.3169,0.7593,1.1112,0.0494,0.509984,0.510093,0.000108,0
132,42.1326,54.5888,0.7718,1.2956,1.3381,0.0363,0.262760,0.262809,0.000050,0
133,73.1297,62.4203,1.1716,0.8536,1.2294,0.0484,0.236587,0.237008,0.000421,0
134,75.9185,102.5296,0.7405,1.3505,0.7009,0.0273,0.337396,0.365940,0.028544,0
135,52.3997,49.0224,1.0689,0.9355,0.1593,0.0501,0.265738,0.265767,0.000028,1
136,62.3701,77.9446,0.8002,1.2497,1.2953,0.0339,0.317620,0.318131,0.000511,0
137,25.7863,22.3246,1.1551,0.8658,0.4510,0.0418,0.239114,0.239886,0.000772,0
138,36.9945,51.6098,0.7168,1.3951,0.3799,0.0217,0.232327,0.322071,0.089744,0
139,73.4922,54.6333,1.3452,0.7434,0.2589,0.0213,0.254202,0.360733,0.106530,0
140,49.2392,68.1396,0.7226,1.3838,1.2424,0.0369,0.389143,0.389204,0.000061,0
141,50.4898,60.2966,0.8374,1.1942,0.2166,0.0307,0.384162,0.384886,0.000724,0
142,24.4093,27.7299,0.8803,1.1360,0.6653,0.0545,0.274052,0.274057,0.000005,1
143,37.8314,38.1651,0.9913,1.0088,1.4043,0.0392,0.517113,0.517216,0.000102,1
144,46.2178,53.0335,0.8715,1.1475,0.7569,0.0208,0.426473,0.426468,0.000005,1
145,71.9486,90.6728,0.7935,1.2602,0.1819,0.0315,0.358856,0.392952,0.034095,0
146,65.1845,75.5616,0.8627,1.1592,0.7528,0.0224,0.534509,0.534759,0.000250,1
147,46.6756,40.1883,1.1614,0.8610,0.4812,0.0254,0.359125,0.359149,0.000024,0
148,25.7936,30.1126,0.8566,1.1674,0.1931,0.0226,0.308892,0.311030,0.002139,1
149,31.7795,35.0152,0.9076,1.1018,0.2507,0.0213,0.394380,0.394376,0.000004,1
150,52.6194,39.0548,1.3473,0.7422,0.2163,0.0298,0.438485,0.472309,0.033824,0
151,76.6930,64.5886,1.1874,0.8422,0.7831,0.0365,0.518871,0.519244,0.000372,0
152,30.0455,36.5231,0.8226,1.2156,1.1535,0.0248,0.355634,0.355634,0.000001,0
153,26.5975,31.3397,0.8487,1.1783,0.5225,0.0467,0.431039,0.431038,0.000001,0
154,39.5087,38.7161,1.0205,0.9799,0.7319,0.0464,0.497411,0.497529,0.000119,1
155,47.3183,46.7189,1.0128,0.9873,1.3076,0.0464,0.543664,0.543781,0.000116,1
156,69.4528,72.0597,0.9638,1.0375,0.9895,0.0324,0.486448,0.486563,0.000115,1
157,33.2389,40.7076,0.8165,1.2247,1.3408,0.0451,0.343512,0.343536,0.000025,0
158,54.2729,43.7940,1.2393,0.8069,1.4167,0.0315,0.424862,0.424891,0.000029,0
159,76.2114,54.9696,1.3864,0.7213,0.3497,0.0232,0.530883,0.534716,0.003833,0
160,36.8297,49.8150,0.7393,1.3526,0.2780,0.0365,0.345514,0.385684,0.040170,0
161,40.5249,39.6246,1.0227,0.9778,0.5123,0.0279,0.488719,0.488852,0.000133,1
162,71.9083,64.8450,1.1089,0.9018,1.4782,0.0320,0.446896,0.446946,0.000050,1
163,77.1508,59.3473,1.3000,0.7692,1.0125,0.0418,0.198061,0.220120,0.022059,0
164,43.2624,55.5397,0.7789,1.2838,0.9149,0.0231,0.501122,0.501127,0.000005,0
165,56.9097,59.5126,0.9563,1.0457,0.8636,0.0578,0.438925,0.439051,0.000126,1
166,21.6022,15.2928,1.4126,0.7079,0.7646,0.0200,0.419210,0.420556,0.001347,0
167,44.7859,59.4923,0.7528,1.3284,1.3537,0.0340,0.444528,0.444544,0.000016,0
168,52.8813,38.4877,1.3740,0.7278,1.1722,0.0415,0.233499,0.248968,0.015469,0
169,33.4056,38.1877,0.8748,1.1432,1.4064,0.0310,0.362409,0.362499,0.000090,1
170,42.9328,32.4064,1.3248,0.7548,0.7129,0.0570,0.363947,0.365834,0.001887,0
171,60.5939,54.3442,1.1150,0.8969,0.1855,0.0356,0.366767,0.366825,0.000058,1
172,63.4101,71.2548,0.8899,1.1237,0.3600,0.0500,0.423690,0.423801,0.000111,1
173,71.1722,68.5646,1.0380,0.9634,0.6781,0.0559,0.514403,0.514548,0.000145,1
174,32.4516,36.1536,0.8976,1.1141,0.4868,0.0295,0.238467,0.238469,0.000001,1
175,44.4087,53.6225,0.8282,1.2075,1.2487,0.0543,0.490464,0.490590,0.000126,0
176,69.3173,85.2554,0.8131,1.2299,1.2385,0.0340,0.255411,0.258065,0.002654,0
177,53.0973,48.3185,1.0989,0.9100,0.9279,0.0394,0.500499,0.500503,0.000004,1
178,72.6206,85.3296,0.8511,1.1750,0.5982,0.0239,0.548718,0.550787,0.002069,1
179,25.9328,24.9616,1.0389,0.9626,0.5777,0.0573,0.381147,0.381153,0.000006,1
180,34.4475,33.3973,1.0314,0.9695,0.4229,0.0331,0.242947,0.242945,0.000002,1
181,28.8040,27.6416,1.0421,0.9596,1.1159,0.0317,0.175440,0.175450,0.000010,1
182,64.8878,89.1491,0.7279,1.3739,0.4070,0.0254,0.419527,0.442819,0.023292,0
183,60.5792,79.7935,0.7592,1.3172,1.3764,0.0412,0.196486,0.198395,0.001910,0
184,71.0532,60.5402,1.1737,0.8520,1.1264,0.0546,0.297148,0.297309,0.000161,0
185,72.4302,85.2652,0.8495,1.1772,0.9954,0.0218,0.239444,0.242206,0.002762,0
186,38.8440,33.4559,1.1610,0.8613,0.3922,0.0488,0.334600,0.334743,0.000143,0
187,23.9973,21.7760,1.1020,0.9074,0.6233,0.0455,0.342364,0.342369,0.000005,1
188,32.0267,29.8606,1.0725,0.9324,0.6826,0.0272,0.542285,0.542400,0.000115,1
189,42.5227,32.1622,1.3221,0.7564,1.4457,0.0536,0.394624,0.394944,0.000320,0
190,59.3048,49.9232,1.1879,0.8418,1.1883,0.0259,0.158325,0.160303,0.001977,0
191,29.7360,37.7884,0.7869,1.2708,0.1247,0.0298,0.395332,0.453821,0.058489,0
192,33.2865,27.1291,1.2270,0.8150,1.1943,0.0540,0.396199,0.396309,0.000110,0
193,63.5127,76.6277,0.8288,1.2065,0.9251,0.0352,0.324224,0.324706,0.000482,0
194,63.1794,80.2855,0.7869,1.2708,0.4801,0.0364,0.452353,0.454251,0.001898,0
195,24.3159,28.0914,0.8656,1.1553,0.2348,0.0372,0.254141,0.255722,0.001581,1
196,33.1346,38.5744,0.8590,1.1642,1.3488,0.0383,0.426205,0.426303,0.000099,1
197,58.0285,44.0005,1.3188,0.7583,1.2130,0.0314,0.156848,0.189278,0.032430,0
198,48.0435,64.4692,0.7452,1.3419,0.7515,0.0494,0.498924,0.498964,0.000040,0
199,24.1749,30.5624,0.7910,1.2642,0.9614,0.0449,0.282450,0.282496,0.000045,0
200,45.4817,55.8490,0.8144,1.2279,0.9465,0.0211,0.493260,0.493257,0.000003,0
201,49.5267,50.0017,0.9905,1.0096,1.3084,0.0521,0.478513,0.478648,0.000134,1
202,44.2549,55.3597,0.7994,1.2509,0.9791,0.0394,0.244046,0.010000,0.234046,0
203,28.8021,21.1411,1.3624,0.7340,0.8751,0.0418,0.205641,0.252761,0.047120,0
204,73.8292,91.3220,0.8084,1.2369,1.3855,0.0241,0.296928,0.301095,0.004167,0
205,44.5534,43.8386,1.0163,0.9840,1.0555,0.0463,0.154675,0.154706,0.000030,1
206,52.4931,50.8569,1.0322,0.9688,0.6679,0.0463,0.372468,0.372471,0.000003,1
207,54.4688,70.3196,0.7746,1.2910,0.3429,0.0573,0.323882,0.330350,0.006467,0
208,22.8474,31.6696,0.7214,1.3861,1.4446,0.0564,0.233718,0.233996,0.000277,0
209,74.0233,75.7137,0.9777,1.0228,0.3639,0.0336,0.425106,0.425313,0.000207,1
210,38.6187,46.7162,0.8267,1.2097,0.5191,0.0427,0.527258,0.527256,0.000001,0
211,42.9200,46.5619,0.9218,1.0849,0.9026,0.0393,0.404219,0.404326,0.000107,1
212,54.4688,74.0490,0.7356,1.3595,1.0110,0.0399,0.280973,0.281531,0.000558,0
213,42.9109,33.6531,1.2751,0.7843,0.1925,0.0458,0.333685,0.385767,0.052082,0
214,47.7010,44.2119,1.0789,0.9269,0.1273,0.0564,0.286406,0.286521,0.000115,1
215,29.3936,33.6629,0.8732,1.1452,0.2978,0.0251,0.213991,0.215353,0.001362,1
216,25.3285,30.5641,0.8287,1.2067,0.8942,0.0301,0.419308,0.419307,0.000001,0
217,27.7126,32.4032,0.8552,1.1693,0.9653,0.0466,0.356134,0.356144,0.000009,1
218,49.1000,35.4861,1.3836,0.7227,0.7981,0.0536,0.509008,0.509436,0.000428,0
219,24.3599,20.9143,1.1647,0.8586,0.1929,0.0250,0.258243,0.271091,0.012848,0
220,32.4570,39.9788,0.8119,1.2317,0.1714,0.0490,0.305632,0.337831,0.032199,0
221,71.0459,53.1486,1.3367,0.7481,0.3897,0.0245,0.487693,0.489112,0.001418,0
222,54.4853,49.3441,1.1042,0.9056,1.2812,0.0302,0.463413,0.463418,0.000005,1
223,53.3445,64.6379,0.8253,1.2117,0.8853,0.0204,0.283378,0.283399,0.000021,0
224,44.0901,44.1664,0.9983,1.0017,0.2069,0.0253,0.509581,0.509793,0.000211,1
225,52.7769,37.3768,1.4120,0.7082,0.3432,0.0268,0.453488,0.470083,0.016595,0
226,60.6580,47.2267,1.2844,0.7786,0.1128,0.0557,0.349908,0.532765,0.182857,0
227,49.2080,63.9515,0.7695,1.2996,1.4350,0.0579,0.509948,0.510097,0.000149,0
228,42.4677,31.2851,1.3574,0.7367,1.3904,0.0392,0.225613,0.235108,0.009495,0
229,67.0650,80.1944,0.8363,1.1958,0.9996,0.0486,0.304143,0.305265,0.001122,0
230,59.0429,70.5122,0.8373,1.1943,0.7604,0.0369,0.230520,0.230582,0.000062,0
231,41.2629,51.3163,0.8041,1.2436,0.5291,0.0402,0.356610,0.356709,0.000099,0
232,35.4985,35.0936,1.0115,0.9886,0.3369,0.0469,0.173536,0.173535,0.000001,1
233,24.6474,23.9686,1.0283,0.9725,0.2625,0.0261,0.259000,0.258997,0.000003,1
234,23.7483,20.4415,1.1618,0.8608,1.0640,0.0286,0.178211,0.178659,0.000447,0
235,35.6139,43.3613,0.8213,1.2175,1.1018,0.0349,0.418184,0.418188,0.000003,0
236,44.1780,47.2481,0.9350,1.0695,0.1929,0.0428,0.399617,0.399612,0.000005,1
237,49.8050,37.8458,1.3160,0.7599,0.4753,0.0466,0.459421,0.460315,0.000894,0
238,60.0555,61.9826,0.9689,1.0321,0.9681,0.0555,0.258206,0.258337,0.000131,1
239,31.0581,41.2427,0.7531,1.3279,1.4258,0.0233,0.460044,0.460052,0.000009,0
240,22.6057,27.9898,0.8076,1.2382,1.1923,0.0339,0.491173,0.491176,0.000004,0
241,31.3218,37.3620,0.8383,1.1928,1.2753,0.0256,0.294877,0.294879,0.000002,0
242,25.1875,34.4565,0.7310,1.3680,0.2369,0.0328,0.353827,0.419660,0.065833,0
243,44.9727,51.5404,0.8726,1.1460,0.8968,0.0294,0.391316,0.391314,0.000002,1
244,57.5140,40.5104,1.4197,0.7044,0.9049,0.0231,0.316802,0.323213,0.006411,0
245,76.8688,104.0644,0.7387,1.3538,0.1617,0.0438,0.364106,0.542837,0.178731,0
246,63.3039,56.8261,1.1140,0.8977,0.5479,0.0324,0.449374,0.449371,0.000003,1
247,53.5240,44.8453,1.1935,0.8379,0.4282,0.0315,0.179664,0.201605,0.021941,0
248,24.1383,32.8366,0.7351,1.3604,0.7227,0.0586,0.405013,0.405185,0.000172,0
249,50.1419,35.6146,1.4079,0.7103,0.6473,0.0328,0.333941,0.347507,0.013566,0
250,46.4998,40.5207,1.1476,0.8714,0.4568,0.0388,0.182435,0.186421,0.003986,1
251,20.5878,26.5451,0.7756,1.2894,0.4748,0.0357,0.469919,0.470033,0.000113,0
252,65.3694,58.7557,1.1126,0.8988,0.4270,0.0245,0.473460,0.473454,0.000005,1
253,60.1672,79.8537,0.7535,1.3272,0.5592,0.0432,0.158325,0.278971,0.120646,0
254,23.7757,24.6037,0.9664,1.0348,0.4270,0.0434,0.278459,0.278609,0.000151,1
255,39.7668,38.7117,1.0273,0.9735,0.4048,0.0359,0.268937,0.268935,0.000002,1
256,50.9751,67.6451,0.7536,1.3270,1.1800,0.0294,0.421688,0.421707,0.000019,0
257,22.1039,28.1935,0.7840,1.2755,0.9613,0.0247,0.319964,0.320017,0.000054,0
258,29.7855,24.1160,1.2351,0.8097,0.8195,0.0216,0.279545,0.279903,0.000358,0
259,43.8502,41.9364,1.0456,0.9564,0.8383,0.0373,0.259696,0.259701,0.000005,1
260,43.8539,49.8001,0.8806,1.1356,0.1844,0.0289,0.299467,0.299963,0.000495,1
261,38.9758,51.0499,0.7635,1.3098,1.2641,0.0303,0.157080,0.161886,0.004806,0
262,35.2770,39.3782,0.8959,1.1163,0.2338,0.0404,0.380537,0.380538,0.000001,1
263,66.1257,72.0150,0.9182,1.0891,1.4723,0.0286,0.506517,0.506632,0.000115,1
264,50.1364,66.8182,0.7503,1.3327,0.1557,0.0591,0.363520,0.442916,0.079396,0
265,23.6512,24.5041,0.9652,1.0361,1.3933,0.0552,0.337957,0.338116,0.000159,1
266,71.0807,58.3663,1.2178,0.8211,0.8968,0.0408,0.184498,0.191505,0.007007,0
267,27.8976,24.6042,1.1339,0.8819,0.2083,0.0413,0.314263,0.314733,0.000471,1
268,60.0244,78.1369,0.7682,1.3018,1.4504,0.0359,0.534960,0.535210,0.000250,0
269,70.4819,73.4391,0.9597,1.0420,0.3832,0.0229,0.545520,0.545735,0.000215,1
270,47.5344,49.6669,0.9571,1.0449,0.4909,0.0238,0.190297,0.190295,0.000002,1
271,36.5899,25.9279,1.4112,0.7086,0.1048,0.0588,0.204103,0.723420,0.519317,0
272,36.2658,50.5040,0.7181,1.3926,1.3926,0.0583,0.370063,0.370146,0.000083,0
273,55.9685,67.7792,0.8257,1.2110,1.0659,0.0478,0.434555,0.434568,0.000014,0
274,21.2067,17.2635,1.2284,0.8141,0.9167,0.0243,0.424630,0.424646,0.000016,0
275,48.8052,35.9246,1.3585,0.7361,0.5704,0.0368,0.167920,0.315244,0.147324,0
276,77.1105,62.1233,1.2412,0.8056,0.8460,0.0492,0.456809,0.457293,0.000485,0
277,37.8185,45.1237,0.8381,1.1932,0.4239,0.0471,0.524255,0.524253,0.000001,0
278,70.8097,56.1001,1.2622,0.7923,0.7832,0.0394,0.431173,0.431259,0.000086,0
279,62.7308,58.2414,1.0771,0.9284,0.3176,0.0345,0.164319,0.164520,0.000200,1
280,50.6217,69.7586,0.7257,1.3780,0.5710,0.0336,0.349677,0.353151,0.003475,0
281,51.7826,49.3478,1.0493,0.9530,0.4751,0.0332,0.288200,0.288197,0.000003,1
282,54.1465,74.3870,0.7279,1.3738,0.7194,0.0585,0.229226,0.241729,0.012503,0
283,54.2418,49.9173,1.0866,0.9203,1.0963,0.0396,0.218496,0.218522,0.000026,1
284,67.2573,62.6279,1.0739,0.9312,1.4142,0.0468,0.355231,0.355286,0.000055,1
285,35.6267,38.0439,0.9365,1.0678,1.0590,0.0366,0.504711,0.504810,0.000100,1
286,28.0111,38.5178,0.7272,1.3751,0.9012,0.0402,0.454379,0.454452,0.000072,0
287,41.1072,41.4128,0.9926,1.0074,0.5250,0.0484,0.488450,0.488585,0.000135,1
288,67.5466,53.3317,1.2665,0.7896,0.6712,0.0511,0.281059,0.284684,0.003625,0
289,39.6551,55.4291,0.7154,1.3978,0.9927,0.0321,0.329620,0.330185,0.000566,0
290,42.8852,47.5109,0.9026,1.1079,0.2872,0.0227,0.493687,0.493681,0.000006,1
291,29.6445,28.2056,1.0510,0.9515,0.8393,0.0203,0.260160,0.260157,0.000002,1
292,71.7618,95.4075,0.7522,1.3295,1.4689,0.0571,0.460337,0.465434,0.005097,0
293,73.0967,94.9336,0.7700,1.2987,1.1661,0.0584,0.154419,0.202164,0.047745,0
294,34.3028,46.9452,0.7307,1.3686,0.7580,0.0539,0.427950,0.428080,0.000130,0
295,48.2083,64.8324,0.7436,1.3448,0.8749,0.0301,0.234231,0.238593,0.004362,0
296,28.4671,30.3912,0.9367,1.0676,0.9094,0.0243,0.164844,0.164844,0.000000,1
297,45.7875,32.1197,1.4255,0.7015,1.0437,0.0228,0.311980,0.316675,0.004695,0
298,22.7851,16.5926,1.3732,0.7282,0.4504,0.0482,0.393489,0.404335,0.010847,0
299,21.9007,16.0683,1.3630,0.7337,0.9061,0.0385,0.266251,0.278052,0.011801,0
300,28.7985,33.0724,0.8708,1.1484,0.4193,0.0597,0.318670,0.318674,0.000004,1
301,54.5054,56.0168,0.9730,1.0277,0.3432,0.0227,0.292338,0.292334,0.000004,1
302,24.2024,20.7574,1.1660,0.8577,0.4835,0.0545,0.375874,0.375925,0.000052,0
303,52.8593,49.9730,1.0578,0.9454,0.2564,0.0417,0.523778,0.523772,0.000007,1
304,63.3717,84.9378,0.7461,1.3403,1.2501,0.0477,0.425179,0.426985,0.001806,0
305,33.3067,35.4790,0.9388,1.0652,0.1587,0.0339,0.531310,0.531304,0.000007,1
306,62.4360,79.3821,0.7865,1.2714,0.9675,0.0435,0.448337,0.449040,0.000703,0
307,20.5072,24.9565,0.8217,1.2170,0.5020,0.0219,0.222036,0.224778,0.002742,0
308,28.6630,37.2380,0.7697,1.2992,0.5694,0.0309,0.219814,0.234806,0.014991,0
309,37.2820,28.8659,1.2916,0.7743,1.2979,0.0383,0.234109,0.236627,0.002518,0
310,46.2105,42.7889,1.0800,0.9260,0.6914,0.0595,0.467087,0.467101,0.000014,1
311,26.1470,33.2644,0.7860,1.2722,1.1843,0.0597,0.301250,0.301297,0.000048,0
312,59.7900,54.3641,1.0998,0.9093,1.4924,0.0349,0.361213,0.361236,0.000023,1
313,59.0704,67.7499,0.8719,1.1469,1.1012,0.0417,0.496751,0.496854,0.000103,1
314,22.0124,29.8435,0.7376,1.3558,0.1808,0.0433,0.436178,0.488973,0.052795,0
315,56.2505,53.0817,1.0597,0.9437,0.8530,0.0299,0.207595,0.207597,0.000003,1
316,36.4983,31.4130,1.1619,0.8607,0.6914,0.0551,0.272941,0.273123,0.000182,0
317,47.5381,56.6252,0.8395,1.1912,0.5125,0.0525,0.187452,0.188701,0.001249,0
318,24.9019,19.4635,1.2794,0.7816,0.1226,0.0520,0.154517,0.537053,0.382537,0
319,28.8461,31.3505,0.9201,1.0868,0.1568,0.0414,0.340802,0.340805,0.000003,1
320,79.2914,61.2497,1.2946,0.7725,0.5319,0.0219,0.248733,0.278211,0.029478,0
321,47.9629,55.7019,0.8611,1.1614,0.2698,0.0332,0.250894,0.252272,0.001378,1
322,39.1498,46.0539,0.8501,1.1764,0.4468,0.0232,0.157263,0.166662,0.009399,1
323,37.3699,40.4635,0.9235,1.0828,0.2009,0.0428,0.330560,0.330557,0.000003,1
324,42.5336,39.1898,1.0853,0.9214,0.9759,0.0596,0.333331,0.333381,0.000051,1
325,53.1266,64.1730,0.8279,1.2079,0.7840,0.0562,0.297441,0.297457,0.000015,0
326,70.5478,64.9790,1.0857,0.9211,0.4631,0.0477,0.164270,0.164766,0.000496,1
327,36.3372,42.7732,0.8495,1.1771,1.2900,0.0358,0.304314,0.304323,0.000009,0
328,61.4472,85.0993,0.7221,1.3849,1.3976,0.0556,0.291691,0.294144,0.002453,0
329,24.6840,26.3340,0.9373,1.0668,1.3758,0.0337,0.340130,0.340226,0.000095,1
330,62.2785,83.3023,0.7476,1.3376,1.1418,0.0594,0.248233,0.251086,0.002853,0
331,43.2423,32.4784,1.3314,0.7511,0.8753,0.0355,0.508995,0.509098,0.000103,0
332,39.8181,46.1324,0.8631,1.1586,1.1554,0.0564,0.378986,0.379117,0.000130,1
333,34.1746,39.7035,0.8607,1.1618,0.8384,0.0545,0.341791,0.341802,0.000012,1
334,76.2114,86.1429,0.8847,1.1303,0.1370,0.0268,0.534570,0.541391,0.006821,1
335,41.0303,31.6918,1.2947,0.7724,1.4257,0.0209,0.449191,0.449216,0.000025,0
336,75.3435,64.5353,1.1675,0.8565,1.0630,0.0267,0.423800,0.424018,0.000218,0
337,23.0580,21.6792,1.0636,0.9402,0.5953,0.0590,0.434860,0.434867,0.000007,1
338,51.5024,37.2323,1.3833,0.7229,0.2421,0.0330,0.246146,0.458703,0.212558,0
339,55.5437,45.6773,1.2160,0.8224,0.4390,0.0563,0.504161,0.504218,0.000057,0
340,69.4565,73.2802,0.9478,1.0551,0.2039,0.0473,0.537194,0.537360,0.000166,1
341,31.1496,34.7570,0.8962,1.1158,1.2213,0.0414,0.476231,0.476334,0.000103,1
342,42.3743,43.3674,0.9771,1.0234,0.8743,0.0511,0.304827,0.304949,0.000122,1
343,72.2874,75.6323,0.9558,1.0463,1.3156,0.0240,0.386250,0.386384,0.000134,1
344,38.5363,49.6321,0.7764,1.2879,1.4335,0.0484,0.160022,0.160359,0.000336,0
345,32.8251,24.2454,1.3539,0.7386,0.5968,0.0338,0.199892,0.294598,0.094707,0
346,66.9533,73.8132,0.9071,1.1025,0.2797,0.0397,0.302605,0.303128,0.000523,1
347,26.9216,22.1780,1.2139,0.8238,0.5095,0.0311,0.203322,0.216370,0.013048,0
348,33.3415,28.4603,1.1715,0.8536,0.4110,0.0349,0.361042,0.361122,0.000081,0
349,50.3873,68.7801,0.7326,1.3650,1.2622,0.0202,0.229727,0.231464,0.001738,0
350,49.0341,49.9622,0.9814,1.0189,0.4542,0.0462,0.454794,0.454938,0.000144,1
351,73.8383,74.3336,0.9933,1.0067,0.8794,0.0493,0.487461,0.487579,0.000117,1
352,43.5627,36.7319,1.1860,0.8432,0.9076,0.0592,0.498253,0.498298,0.000045,0
353,43.9344,37.3175,1.1773,0.8494,0.2433,0.0338,0.414779,0.415027,0.000248,0
354,64.6480,63.2061,1.0228,0.9777,0.4730,0.0240,0.547742,0.547879,0.000137,1
355,47.1755,38.6817,1.2196,0.8200,1.0549,0.0522,0.152637,0.172545,0.019908,0
356,54.3864,46.1558,1.1783,0.8487,0.4311,0.0585,0.156030,0.188000,0.031970,0
357,67.1493,62.4140,1.0759,0.9295,1.1146,0.0284,0.549915,0.550008,0.000093,1
358,55.3148,52.7281,1.0491,0.9532,1.0228,0.0483,0.493529,0.493645,0.000117,1
359,58.7097,68.9227,0.8518,1.1740,0.9390,0.0482,0.343805,0.343815,0.000010,1
360,31.9022,30.6489,1.0409,0.9607,0.1142,0.0519,0.270719,0.270717,0.000002,1
361,68.3450,90.6925,0.7536,1.3270,0.5699,0.0536,0.344000,0.357474,0.013474,0
362,59.8450,63.6804,0.9398,1.0641,0.2313,0.0393,0.504308,0.504301,0.000007,1
363,66.9167,85.9382,0.7787,1.2843,1.1650,0.0322,0.339862,0.342551,0.002690,0
364,64.2671,71.7029,0.8963,1.1157,1.1076,0.0547,0.356623,0.356805,0.000182,1
365,66.1678,68.5129,0.9658,1.0354,0.4704,0.0482,0.498289,0.498437,0.000148,1
366,66.5798,82.0278,0.8117,1.2320,0.7860,0.0363,0.298503,0.300754,0.002250,0
367,61.6486,64.4643,0.9563,1.0457,0.2263,0.0566,0.273063,0.273059,0.000003,1
368,75.4772,52.9066,1.4266,0.7010,0.8236,0.0459,0.545715,0.546150,0.000435,0
369,79.3243,96.5838,0.8213,1.2176,0.4358,0.0593,0.157410,0.345057,0.187647,0
370,57.9168,64.3383,0.9002,1.1109,1.4368,0.0519,0.151758,0.151819,0.000061,1
371,78.7512,75.4420,1.0439,0.9580,0.6976,0.0428,0.427255,0.427384,0.000129,1
372,58.6438,57.3484,1.0226,0.9779,0.2722,0.0233,0.152771,0.152769,0.000002,1
373,59.6930,58.7021,1.0169,0.9834,0.9505,0.0416,0.195607,0.195620,0.000013,1
374,69.0408,63.4317,1.0884,0.9188,1.2777,0.0289,0.404695,0.404708,0.000012,1
375,69.0335,58.6526,1.1770,0.8496,0.2674,0.0555,0.277628,0.282964,0.005336,0
376,65.6258,87.4305,0.7506,1.3323,0.8349,0.0463,0.279032,0.287268,0.008235,0
377,48.2376,37.2081,1.2964,0.7714,1.4519,0.0460,0.400508,0.400671,0.000163,0
378,52.6908,71.5845,0.7361,1.3586,1.0985,0.0507,0.240323,0.241035,0.000712,0
379,35.9398,39.4179,0.9118,1.0968,1.3993,0.0588,0.234304,0.234477,0.000173,1
380,59.9091,60.5477,0.9895,1.0107,0.3191,0.0580,0.166517,0.166517,0.000000,1
381,23.0360,25.4380,0.9056,1.1043,0.9692,0.0301,0.417159,0.417258,0.000099,1
382,31.8638,36.9922,0.8614,1.1609,0.8027,0.0466,0.343561,0.343565,0.000004,1
383,46.3094,59.4652,0.7788,1.2841,1.3412,0.0381,0.452341,0.452354,0.000014,0
384,69.6011,59.4100,1.1715,0.8536,0.2372,0.0270,0.415633,0.415839,0.000205,0
385,78.8574,74.2819,1.0616,0.9420,1.1831,0.0207,0.514696,0.514895,0.000199,1
386,32.3215,30.1845,1.0708,0.9339,0.9838,0.0221,0.255020,0.255019,0.000001,1
387,48.5873,34.2343,1.4193,0.7046,0.5018,0.0270,0.470627,0.474097,0.003470,0
388,27.4142,35.1752,0.7794,1.2831,0.5541,0.0421,0.378571,0.378749,0.000178,0
389,47.6223,42.9781,1.1081,0.9025,1.2737,0.0206,0.438095,0.438092,0.000003,1
390,36.7821,49.7961,0.7387,1.3538,0.6547,0.0586,0.232180,0.243968,0.011788,0
391,62.8974,78.3282,0.8030,1.2453,0.7125,0.0410,0.442270,0.443020,0.000750,0
392,34.5335,29.5413,1.1690,0.8554,0.8466,0.0586,0.441073,0.441114,0.000040,0
393,39.1479,34.2011,1.1446,0.8736,1.2257,0.0300,0.407662,0.407668,0.000007,1
394,52.6524,46.4412,1.1337,0.8820,0.6233,0.0288,0.429757,0.429755,0.000002,1
395,77.2954,73.8377,1.0468,0.9553,0.5930,0.0201,0.518737,0.518970,0.000233,1
396,75.2043,55.4754,1.3556,0.7377,0.9190,0.0496,0.504808,0.505051,0.000243,0
397,51.5336,40.5553,1.2707,0.7870,0.1597,0.0549,0.528698,0.535295,0.006597,0
398,55.2049,74.0520,0.7455,1.3414,0.3090,0.0350,0.412313,0.420858,0.008545,0
399,34.6251,43.0428,0.8044,1.2431,0.1409,0.0203,0.350543,0.394538,0.043995,0
400,38.9428,47.4169,0.8213,1.2176,0.2179,0.0221,0.183192,0.310178,0.126986,0
401,70.5698,75.9217,0.9295,1.0758,0.7594,0.0323,0.273685,0.273949,0.000263,1
402,78.0590,104.3550,0.7480,1.3369,0.2918,0.0350,0.211354,0.300000,0.088646,0
403,24.3416,31.6758,0.7685,1.3013,0.7627,0.0357,0.466819,0.466842,0.000023,0
404,37.2527,44.9524,0.8287,1.2067,0.2907,0.0507,0.422909,0.423019,0.000110,0
405,67.5539,73.6022,0.9178,1.0895,0.7608,0.0251,0.299773,0.299937,0.000164,1
406,32.8251,41.2063,0.7966,1.2553,1.1909,0.0239,0.339398,0.339406,0.000008,0
407,43.6488,56.8833,0.7673,1.3032,0.2648,0.0533,0.296171,0.335221,0.039050,0
408,71.6977,60.5717,1.1837,0.8448,1.2311,0.0272,0.463657,0.463686,0.000029,0
409,54.8698,59.5550,0.9213,1.0854,0.7752,0.0561,0.263883,0.263895,0.000013,1
410,69.8263,85.7517,0.8143,1.2281,1.3632,0.0356,0.373664,0.375466,0.001802,0
411,42.3634,53.8253,0.7871,1.2706,1.2245,0.0400,0.191627,0.191851,0.000224,0
412,60.2020,82.2868,0.7316,1.3668,0.5554,0.0424,0.248843,0.316629,0.067786,0
413,28.7216,33.6222,0.8542,1.1706,1.0132,0.0541,0.497911,0.498029,0.000118,1
414,41.7280,45.5219,0.9167,1.0909,0.8183,0.0531,0.321697,0.321708,0.000011,1
415,35.8666,37.9384,0.9454,1.0578,1.4591,0.0249,0.221841,0.221927,0.000086,1
416,58.5083,54.9873,1.0640,0.9398,0.8535,0.0551,0.199416,0.199457,0.000041,1
417,78.3886,56.1263,1.3966,0.7160,0.7775,0.0421,0.406612,0.409420,0.002808,0
418,21.9941,26.9694,0.8155,1.2262,1.2415,0.0507,0.381599,0.381628,0.000029,0
419,40.5084,38.4904,1.0524,0.9502,0.4110,0.0569,0.291264,0.291266,0.000002,1
420,63.5841,59.1831,1.0744,0.9308,1.0580,0.0451,0.463523,0.463539,0.000016,1
421,71.3755,50.8762,1.4029,0.7128,1.2959,0.0400,0.250748,0.262107,0.011360,0
422,20.0055,14.4210,1.3873,0.7209,1.1200,0.0575,0.509276,0.509588,0.000312,0
423,35.8501,47.4307,0.7558,1.3230,1.3695,0.0390,0.351740,0.351768,0.000028,0
424,75.9221,76.9764,0.9863,1.0139,1.4761,0.0273,0.354413,0.354507,0.000094,1
425,33.8450,47.2312,0.7166,1.3955,0.5610,0.0512,0.377717,0.380005,0.002288,0
426,64.7359,53.4164,1.2119,0.8251,1.0657,0.0254,0.205165,0.206005,0.000839,0
427,68.1216,58.4498,1.1655,0.8580,1.3456,0.0217,0.467942,0.467942,0.000000,0
428,47.5692,51.2164,0.9288,1.0767,0.2261,0.0422,0.489268,0.489261,0.000007,1
429,35.6926,39.3168,0.9078,1.1015,0.3455,0.0469,0.162427,0.162517,0.000090,1
430,58.8617,61.5916,0.9557,1.0464,0.1282,0.0308,0.333123,0.333119,0.000005,1
431,39.2596,33.9389,1.1568,0.8645,0.3209,0.0348,0.299321,0.299736,0.000415,0
432,32.7885,30.6514,1.0697,0.9348,1.4254,0.0587,0.341046,0.341167,0.000121,1
433,39.6442,51.1554,0.7750,1.2904,1.4639,0.0369,0.320867,0.320889,0.000022,0
434,35.1854,26.8089,1.3125,0.7619,0.9910,0.0340,0.183619,0.212002,0.028383,0
435,75.9111,91.2231,0.8321,1.2017,0.6880,0.0404,0.160840,0.191134,0.030294,0
436,48.1936,53.7203,0.8971,1.1147,0.1693,0.0269,0.516442,0.516438,0.000004,1
437,23.7501,30.7214,0.7731,1.2935,0.4458,0.0598,0.458762,0.458898,0.000136,0
438,37.2198,51.5861,0.7215,1.3860,0.6470,0.0430,0.394234,0.395020,0.000787,0
439,62.7692,59.6113,1.0530,0.9497,0.6010,0.0481,0.425216,0.425217,0.000001,1
440,79.2639,104.0472,0.7618,1.3127,1.0501,0.0557,0.471775,0.483936,0.012161,0
441,56.6643,57.6703,0.9826,1.0178,1.4944,0.0233,0.317876,0.317960,0.000083,1
442,75.8342,73.8837,1.0264,0.9743,1.2437,0.0297,0.539441,0.539545,0.000105,1
443,74.6239,91.4154,0.8163,1.2250,1.0558,0.0530,0.228945,0.235497,0.006552,0
444,40.0928,47.7730,0.8392,1.1916,0.2535,0.0325,0.179969,0.224659,0.044690,0
445,35.0572,27.0864,1.2943,0.7726,0.8928,0.0250,0.182594,0.205595,0.023001,0
446,43.8374,35.1355,1.2477,0.8015,0.8951,0.0419,0.402583,0.402662,0.000079,0
447,51.4914,45.7505,1.1255,0.8885,1.0186,0.0381,0.244925,0.244957,0.000032,1
448,63.2728,52.0416,1.2158,0.8225,0.5830,0.0599,0.460654,0.460718,0.000064,0
449,22.5617,23.5840,0.9567,1.0453,1.1336,0.0473,0.508995,0.509108,0.000112,1
450,40.3601,44.2090,0.9129,1.0954,0.5517,0.0594,0.542383,0.542517,0.000134,1
451,31.2137,23.1599,1.3477,0.7420,0.4204,0.0230,0.483811,0.485197,0.001386,0
452,26.7385,32.9487,0.8115,1.2323,0.6499,0.0281,0.485972,0.485974,0.000002,0
453,59.6161,71.1381,0.8380,1.1933,0.7345,0.0547,0.239175,0.239237,0.000062,0
454,26.9124,33.9611,0.7924,1.2619,0.7237,0.0403,0.366279,0.366314,0.000035,0
455,63.8917,86.9397,0.7349,1.3607,0.7379,0.0385,0.286772,0.300770,0.013998,0
456,74.5158,71.9227,1.0361,0.9652,0.9775,0.0559,0.374921,0.374989,0.000068,1
457,23.5652,30.1187,0.7824,1.2781,0.2128,0.0269,0.263224,0.329553,0.066329,0
458,47.0070,65.1712,0.7213,1.3864,0.3502,0.0225,0.523620,0.525853,0.002233,0
459,42.5153,44.9967,0.9449,1.0584,0.5780,0.0509,0.272367,0.272369,0.000002,1
460,78.1744,79.6841,0.9811,1.0193,0.4595,0.0398,0.188197,0.188458,0.000261,1
461,28.4506,31.6117,0.9000,1.1111,0.9859,0.0378,0.291374,0.291378,0.000004,1
462,51.1948,38.1046,1.3435,0.7443,1.0096,0.0482,0.230569,0.248741,0.018172,0
463,74.2137,61.7063,1.2027,0.8315,1.1862,0.0340,0.199562,0.201067,0.001505,0
464,35.9343,27.5046,1.3065,0.7654,0.7194,0.0450,0.436557,0.436845,0.000289,0
465,23.7703,17.4319,1.3636,0.7333,1.2657,0.0329,0.398677,0.398940,0.000263,0
466,79.4324,103.7762,0.7654,1.3065,0.7623,0.0563,0.339764,0.360726,0.020962,0
467,66.4168,71.7617,0.9255,1.0805,1.0958,0.0534,0.509825,0.509980,0.000154,1
468,76.2444,54.1008,1.4093,0.7096,0.2121,0.0560,0.214711,0.579155,0.364443,0
469,41.6767,54.2474,0.7683,1.3016,0.7185,0.0546,0.305058,0.305335,0.000277,0
470,22.5910,17.4599,1.2939,0.7729,0.4231,0.0299,0.366926,0.370301,0.003375,0
471,52.4052,60.4624,0.8667,1.1537,0.4383,0.0417,0.310515,0.310524,0.000009,1
472,22.7137,22.8753,0.9929,1.0071,1.2136,0.0230,0.473826,0.473913,0.000087,1
473,51.9364,41.6745,1.2462,0.8024,1.1554,0.0477,0.452817,0.452884,0.000067,0
474,75.0670,99.0849,0.7576,1.3200,0.9537,0.0248,0.286943,0.304175,0.017233,0
475,50.5283,61.2341,0.8252,1.2119,1.1329,0.0471,0.362336,0.362352,0.000017,0
476,67.3324,73.2989,0.9186,1.0886,0.3407,0.0386,0.544409,0.544587,0.000178,1
477,34.0300,36.2683,0.9383,1.0658,1.0255,0.0371,0.344391,0.344494,0.000104,1
478,20.2765,22.1972,0.9135,1.0947,0.7710,0.0455,0.512108,0.512222,0.000114,1
479,21.5345,29.2627,0.7359,1.3589,1.0744,0.0373,0.233010,0.234694,0.001683,0
480,48.7503,58.8200,0.8288,1.2066,1.1459,0.0240,0.222854,0.222875,0.000021,0
481,65.7906,59.2467,1.1105,0.9005,0.3775,0.0470,0.202785,0.203265,0.000480,1
482,20.9870,19.7581,1.0622,0.9414,1.0642,0.0338,0.464805,0.464904,0.000099,1
483,38.3551,39.7840,0.9641,1.0373,0.7369,0.0375,0.179957,0.180075,0.000118,1
484,22.5947,17.2252,1.3117,0.7624,1.2305,0.0384,0.333538,0.333929,0.000390,0
485,77.9235,71.9640,1.0828,0.9235,1.4615,0.0345,0.217116,0.217434,0.000318,1
486,36.3079,39.7137,0.9142,1.0938,1.3147,0.0585,0.357221,0.357376,0.000156,1
487,32.7171,43.6449,0.7496,1.3340,0.7144,0.0469,0.524438,0.524472,0.000034,0
488,40.6403,49.7025,0.8177,1.2230,0.8195,0.0286,0.479234,0.479232,0.000002,0
489,33.8121,40.7038,0.8307,1.2038,0.6369,0.0480,0.235794,0.235914,0.000120,0
490,57.2576,41.1249,1.3923,0.7182,0.1125,0.0500,0.190638,0.732317,0.541679,0
491,72.9759,94.4243,0.7729,1.2939,0.2144,0.0327,0.279374,0.357142,0.077768,0
492,25.7021,20.2157,1.2714,0.7865,0.6432,0.0561,0.492357,0.492476,0.000119,0
493,63.9796,76.4311,0.8371,1.1946,0.1573,0.0425,0.169922,0.300000,0.130078,0
494,22.7284,21.4086,1.0616,0.9419,0.2628,0.0477,0.186756,0.186795,0.000039,1
495,57.5304,79.8286,0.7207,1.3876,0.2257,0.0433,0.193947,0.300000,0.106053,0
496,59.1784,71.4010,0.8288,1.2065,1.0672,0.0566,0.299480,0.299523,0.000043,0
497,54.5439,69.4867,0.7850,1.2740,0.5003,0.0418,0.369330,0.369597,0.000267,0
498,47.7999,54.9796,0.8694,1.1502,1.0768,0.0258,0.263468,0.263467,0.000000,1
499,78.2018,80.6059,0.9702,1.0307,0.3773,0.0228,0.376728,0.376909,0.000180,1
500,48.0563,64.0809,0.7499,1.3335,1.1166,0.0483,0.311602,0.311680,0.000078,0
501,79.1046,108.1288,0.7316,1.3669,0.4099,0.0395,0.233706,0.311925,0.078219,0
502,66.1806,71.9787,0.9194,1.0876,0.6396,0.0240,0.367743,0.367832,0.000088,1
503,37.9412,45.6000,0.8320,1.2019,0.2077,0.0471,0.460410,0.460663,0.000253,0
504,48.3163,62.0340,0.7789,1.2839,0.9373,0.0461,0.252689,0.252870,0.000182,0
505,33.3763,29.0454,1.1491,0.8702,0.3235,0.0511,0.321514,0.321729,0.000215,1
506,58.7500,79.1462,0.7423,1.3472,0.7505,0.0488,0.478013,0.478682,0.000669,0
507,77.2607,89.2186,0.8660,1.1548,0.8642,0.0432,0.470432,0.472649,0.002217,1
508,31.5415,28.2654,1.1159,0.8961,0.7379,0.0376,0.539099,0.539097,0.000001,1
509,42.0026,39.9990,1.0501,0.9523,1.3472,0.0260,0.218911,0.218917,0.000006,1
510,30.0052,23.4638,1.2788,0.7820,0.9276,0.0326,0.488646,0.488685,0.000039,0
511,33.7278,32.8279,1.0274,0.9733,1.1496,0.0333,0.360004,0.360103,0.000099,1
512,71.6739,70.3357,1.0190,0.9813,1.1563,0.0362,0.522094,0.522196,0.000102,1
513,56.8548,48.2846,1.1775,0.8493,1.0538,0.0331,0.231448,0.231606,0.000159,0
514,64.3184,59.4213,1.0824,0.9239,0.7722,0.0360,0.388826,0.388826,0.000001,1
515,28.9596,30.8435,0.9389,1.0651,0.7360,0.0440,0.373994,0.374111,0.000117,1
516,38.7487,32.1753,1.2043,0.8304,0.8941,0.0492,0.506322,0.506349,0.000028,0
517,36.2511,40.9674,0.8849,1.1301,0.6676,0.0299,0.360858,0.360855,0.000003,1
518,43.8704,54.5235,0.8046,1.2428,1.2855,0.0200,0.548596,0.548681,0.000085,0
519,47.4026,58.7940,0.8062,1.2403,0.2642,0.0429,0.204237,0.285377,0.081140,0
520,76.5044,90.6661,0.8438,1.1851,0.7647,0.0556,0.256522,0.262628,0.006106,0
521,24.4624,33.0716,0.7397,1.3519,1.1074,0.0268,0.229482,0.231462,0.001979,0
522,20.1465,18.7860,1.0724,0.9325,0.6316,0.0540,0.524340,0.524344,0.000004,1
523,61.3684,59.7874,1.0264,0.9742,1.3473,0.0435,0.298833,0.298869,0.000036,1
524,50.7187,62.5755,0.8105,1.2338,0.1952,0.0311,0.504955,0.505624,0.000669,0
525,20.8295,18.2829,1.1393,0.8777,1.0555,0.0371,0.214968,0.215052,0.000084,1
526,40.8618,34.9495,1.1692,0.8553,0.1415,0.0462,0.196352,0.318325,0.121974,0
527,66.6274,93.1602,0.7152,1.3982,0.3970,0.0591,0.487669,0.509867,0.022198,0
528,25.1857,23.6663,1.0642,0.9397,0.9296,0.0356,0.172120,0.172134,0.000014,1
529,37.9376,29.5209,1.2851,0.7781,1.1216,0.0258,0.257498,0.258538,0.001039,0
530,64.1737,66.2466,0.9687,1.0323,0.6500,0.0228,0.450925,0.451044,0.000119,1
531,22.9756,18.7829,1.2232,0.8175,0.2925,0.0476,0.487071,0.487332,0.000262,0
532,72.1665,55.0430,1.3111,0.7627,1.1741,0.0400,0.213417,0.223332,0.009915,0
533,58.1713,51.7353,1.1244,0.8894,0.6706,0.0461,0.202223,0.202448,0.000224,1
534,22.1021,28.9773,0.7627,1.3111,0.7611,0.0414,0.419430,0.419479,0.000049,0
535,24.1383,26.6104,0.9071,1.1024,0.2091,0.0486,0.245669,0.245735,0.000065,1
536,34.2076,33.6325,1.0171,0.9832,0.5305,0.0286,0.403816,0.403949,0.000132,1
537,48.0508,55.2076,0.8704,1.1489,1.1822,0.0562,0.539343,0.539471,0.000128,1
538,64.9831,84.3114,0.7708,1.2974,0.9352,0.0458,0.486961,0.488829,0.001868,0
539,31.3749,42.3296,0.7412,1.3492,0.2267,0.0531,0.294328,0.383971,0.089643,0
540,64.2232,69.7921,0.9202,1.0867,0.3602,0.0525,0.373518,0.373569,0.000052,1
541,39.7119,50.8899,0.7803,1.2815,1.3128,0.0482,0.204335,0.204437,0.000102,0
542,28.8589,25.5137,1.1311,0.8841,1.1901,0.0282,0.483067,0.483068,0.000002,1
543,35.1762,37.2247,0.9450,1.0582,0.6361,0.0483,0.462351,0.462476,0.000125,1
544,40.6531,29.2918,1.3879,0.7205,0.3219,0.0515,0.406856,0.438490,0.031634,0
545,78.9142,75.4346,1.0461,0.9559,0.3259,0.0586,0.300957,0.301395,0.000438,1
546,77.6763,74.6861,1.0400,0.9615,0.5127,0.0443,0.266874,0.267080,0.000206,1
547,39.4281,44.4086,0.8878,1.1263,0.3620,0.0572,0.322625,0.322625,0.000000,1
548,64.6663,82.7662,0.7813,1.2799,0.9292,0.0401,0.516906,0.518239,0.001333,0
549,48.9370,38.4837,1.2716,0.7864,0.6624,0.0532,0.409151,0.409455,0.000304,0
550,62.1522,46.2749,1.3431,0.7445,1.1722,0.0488,0.519408,0.519541,0.000133,0
551,72.3972,79.5581,0.9100,1.0989,1.0217,0.0564,0.528295,0.528703,0.000407,1
552,76.1803,93.9991,0.8104,1.2339,0.2692,0.0335,0.508446,0.524309,0.015863,0
553,69.7696,97.5790,0.7150,1.3986,1.1175,0.0567,0.340875,0.352770,0.011895,0
554,27.2164,29.9444,0.9089,1.1002,0.8307,0.0567,0.155249,0.155266,0.000017,1
555,38.9392,49.8723,0.7808,1.2808,1.4383,0.0309,0.403096,0.403105,0.000009,0
556,75.6584,79.4907,0.9518,1.0507,0.3273,0.0307,0.341693,0.342173,0.000481,1
557,41.9257,39.1241,1.0716,0.9332,0.7945,0.0390,0.405928,0.405931,0.000002,1
558,69.8648,84.5303,0.8265,1.2099,0.8427,0.0367,0.166456,0.173659,0.007203,0
559,38.2946,44.0654,0.8690,1.1507,0.3264,0.0491,0.548376,0.548371,0.000005,1
560,68.5080,70.6125,0.9702,1.0307,1.2613,0.0300,0.309282,0.309384,0.000102,1
561,54.2967,43.9164,1.2364,0.8088,1.1025,0.0490,0.250430,0.251390,0.000959,0
562,59.3121,44.5582,1.3311,0.7512,1.0406,0.0435,0.310820,0.312429,0.001609,0
563,61.8317,79.0049,0.7826,1.2777,0.3700,0.0583,0.228799,0.312254,0.083455,0
564,78.9764,71.7300,1.1010,0.9082,0.4697,0.0341,0.339032,0.339939,0.000907,1
565,45.3993,55.1988,0.8225,1.2159,0.7691,0.0269,0.530627,0.530623,0.000004,0
566,61.3501,75.6818,0.8106,1.2336,0.9957,0.0341,0.457236,0.457451,0.000215,0
567,55.1335,48.8275,1.1291,0.8856,0.6109,0.0418,0.299614,0.299634,0.000020,1
568,70.4068,93.6000,0.7522,1.3294,1.3963,0.0203,0.335089,0.341141,0.006053,0
569,77.3980,82.2790,0.9407,1.0631,0.5342,0.0271,0.284086,0.284824,0.000738,1
570,58.7426,68.8209,0.8536,1.1716,0.4527,0.0364,0.200600,0.201465,0.000866,1
571,38.8073,41.2281,0.9413,1.0624,1.1663,0.0402,0.237661,0.237768,0.000107,1
572,58.7481,80.3209,0.7314,1.3672,1.3158,0.0325,0.469651,0.470150,0.000499,0
573,32.2684,43.5407,0.7411,1.3493,1.2959,0.0418,0.261283,0.261460,0.000178,0
574,49.5468,56.0458,0.8840,1.1312,0.7277,0.0335,0.158753,0.158779,0.000026,1
575,72.3588,62.3575,1.1604,0.8618,0.1946,0.0356,0.438961,0.439527,0.000566,0
576,76.1730,97.6742,0.7799,1.2823,0.8442,0.0512,0.538208,0.546065,0.007857,0
577,29.5016,23.0637,1.2791,0.7818,1.1760,0.0381,0.279740,0.280430,0.000690,0
578,75.2519,55.1215,1.3652,0.7325,1.1666,0.0331,0.163916,0.209004,0.045088,0
579,55.5364,66.3031,0.8376,1.1939,0.1278,0.0432,0.345111,0.361510,0.016400,0
580,31.6880,37.6756,0.8411,1.1890,0.2177,0.0370,0.490391,0.490470,0.000079,0
581,74.6825,60.6968,1.2304,0.8127,0.4741,0.0376,0.463291,0.463697,0.000406,0
582,60.5829,51.1337,1.1848,0.8440,0.8551,0.0451,0.161158,0.169046,0.007889,0
583,51.5207,48.9970,1.0515,0.9510,0.2896,0.0486,0.361090,0.361087,0.000004,1
584,25.6197,34.2283,0.7485,1.3360,1.2830,0.0454,0.449167,0.449194,0.000028,0
585,58.3618,71.0153,0.8218,1.2168,0.3791,0.0524,0.429073,0.429121,0.000047,0
586,36.8792,27.7354,1.3297,0.7521,1.0764,0.0368,0.226455,0.237129,0.010674,0
587,46.3112,44.7728,1.0344,0.9668,1.3176,0.0537,0.527026,0.527167,0.000141,1
588,24.8305,23.8698,1.0402,0.9613,1.2447,0.0475,0.330828,0.330867,0.000039,1
589,54.5677,69.8702,0.7810,1.2804,0.2072,0.0267,0.284660,0.361607,0.076947,0
590,30.8841,22.8718,1.3503,0.7406,0.5075,0.0287,0.316717,0.332453,0.015736,0
591,68.7039,65.5512,1.0481,0.9541,1.3090,0.0324,0.306243,0.306261,0.000018,1
592,55.5638,40.5589,1.3700,0.7300,1.3106,0.0343,0.178211,0.212107,0.033896,0
593,58.3435,59.8429,0.9749,1.0257,1.4346,0.0361,0.297819,0.297922,0.000102,1
594,70.8426,89.6134,0.7905,1.2650,1.0514,0.0406,0.164356,0.179812,0.015456,0
595,65.2303,53.4941,1.2194,0.8201,0.7072,0.0565,0.452463,0.452520,0.000057,0
596,60.7660,49.5358,1.2267,0.8152,0.8824,0.0393,0.519799,0.519815,0.000017,0
597,71.6831,53.0510,1.3512,0.7401,0.8932,0.0559,0.301433,0.307609,0.006176,0
598,71.7893,54.1893,1.3248,0.7548,0.8954,0.0507,0.328936,0.330692,0.001756,0
599,34.4365,44.8932,0.7671,1.3037,1.4504,0.0336,0.518053,0.518064,0.000011,0
600,38.7963,40.0164,0.9695,1.0314,0.4315,0.0570,0.266910,0.267062,0.000152,1
601,37.2344,34.7797,1.0706,0.9341,1.0006,0.0291,0.496117,0.496214,0.000098,1
602,51.8796,37.8640,1.3702,0.7298,1.0917,0.0371,0.418258,0.418609,0.000351,0
603,54.8662,73.1756,0.7498,1.3337,0.5975,0.0388,0.166517,0.246057,0.079540,0
604,30.3659,41.8720,0.7252,1.3789,0.5072,0.0532,0.261954,0.291257,0.029303,0
605,49.1641,49.1042,1.0012,0.9988,1.1888,0.0261,0.312920,0.313012,0.000092,1
606,21.6535,29.5081,0.7338,1.3627,0.8533,0.0260,0.291606,0.293215,0.001609,0
607,51.1270,53.8937,0.9487,1.0541,0.3546,0.0399,0.251273,0.251270,0.000002,1
608,30.5875,30.8606,0.9911,1.0089,0.4186,0.0428,0.389680,0.389830,0.000150,1
609,40.5304,31.8191,1.2738,0.7851,1.2051,0.0270,0.198769,0.203265,0.004496,0
610,58.1146,62.4424,0.9307,1.0745,0.8584,0.0532,0.257364,0.257487,0.000123,1
611,72.4357,66.0927,1.0960,0.9124,1.1154,0.0393,0.223171,0.223316,0.000144,1
612,53.0351,51.4398,1.0310,0.9699,0.8352,0.0319,0.364374,0.364373,0.000001,1
613,36.5697,46.6735,0.7835,1.2763,1.4498,0.0375,0.187013,0.187147,0.000134,0
614,25.4640,20.2586,1.2569,0.7956,0.9579,0.0455,0.477866,0.477919,0.000052,0
615,27.9727,24.0478,1.1632,0.8597,0.8396,0.0319,0.229714,0.229874,0.000160,0
616,62.6539,65.3188,0.9592,1.0425,1.2498,0.0401,0.505345,0.505448,0.000102,1
617,53.2402,46.6639,1.1409,0.8765,0.2228,0.0298,0.515636,0.515642,0.000006,1
618,54.4212,69.5466,0.7825,1.2779,0.3792,0.0490,0.393513,0.394173,0.000659,0
619,73.4776,92.3956,0.7952,1.2575,0.9842,0.0420,0.467978,0.472552,0.004573,0
620,64.4264,59.5445,1.0820,0.9242,0.7466,0.0401,0.213051,0.213065,0.000014,1
621,70.4288,69.4328,1.0143,0.9859,1.0456,0.0201,0.155579,0.155584,0.000005,1
622,41.9440,45.7827,0.9162,1.0915,0.8205,0.0477,0.379243,0.379359,0.000116,1
623,53.3921,60.8438,0.8775,1.1396,0.3085,0.0392,0.153967,0.161466,0.007499,1
624,64.6480,62.8401,1.0288,0.9720,1.4198,0.0293,0.458737,0.458826,0.000089,1
625,59.1748,76.0638,0.7780,1.2854,0.5280,0.0536,0.511864,0.512206,0.000342,0
626,63.2765,75.3410,0.8399,1.1907,0.9288,0.0429,0.445212,0.445450,0.000238,0
627,33.0119,33.8455,0.9754,1.0253,0.5703,0.0350,0.270988,0.271117,0.000130,1
628,71.6923,61.8796,1.1586,0.8631,0.4847,0.0310,0.399544,0.399655,0.000111,0
629,72.2892,86.9416,0.8315,1.2027,0.7494,0.0483,0.159656,0.170772,0.011116,0
630,78.1616,100.3527,0.7789,1.2839,0.7556,0.0357,0.194752,0.341073,0.146320,0
631,24.9330,25.6926,0.9704,1.0305,1.2334,0.0419,0.459262,0.459369,0.000106,1
632,33.1474,39.1983,0.8456,1.1825,1.2267,0.0411,0.432223,0.432235,0.000012,0
633,77.7514,99.5504,0.7810,1.2804,1.2214,0.0287,0.278239,0.289486,0.011247,0
634,43.1178,38.4541,1.1213,0.8918,0.4845,0.0210,0.451743,0.451738,0.000005,1
635,44.2311,34.2453,1.2916,0.7742,0.2039,0.0346,0.209548,0.347802,0.138254,0
636,56.2029,78.5436,0.7156,1.3975,0.8304,0.0364,0.197414,0.253905,0.056492,0
637,24.2555,32.0109,0.7577,1.3197,0.4026,0.0214,0.244864,0.290249,0.045386,0
638,71.6428,59.2978,1.2082,0.8277,0.8234,0.0394,0.369965,0.370044,0.000078,0
639,36.7144,34.0390,1.0786,0.9271,0.1143,0.0370,0.323211,0.323258,0.000047,1
640,28.1338,37.3456,0.7533,1.3274,0.6340,0.0203,0.247293,0.258393,0.011100,0
641,58.2830,53.6675,1.0860,0.9208,1.0327,0.0224,0.251505,0.251505,0.000000,1
642,74.2119,87.8921,0.8444,1.1843,0.5565,0.0315,0.437179,0.441055,0.003876,0
643,34.6525,34.6037,1.0014,0.9986,0.7752,0.0339,0.401057,0.401169,0.000112,1
644,63.7983,61.8548,1.0314,0.9695,1.0514,0.0231,0.288957,0.288956,0.000001,1
645,62.0551,86.3217,0.7189,1.3910,0.2552,0.0289,0.406636,0.300000,0.106636,0
646,79.9799,109.0125,0.7337,1.3630,1.4480,0.0228,0.386006,0.402110,0.016105,0
647,24.3287,22.1365,1.0990,0.9099,1.1120,0.0300,0.323711,0.323716,0.000005,1
648,56.9811,50.6476,1.1251,0.8888,0.1069,0.0332,0.316131,0.319845,0.003714,1
649,51.7844,69.6186,0.7438,1.3444,0.7980,0.0262,0.384663,0.384870,0.000207,0
650,72.0072,73.9577,0.9736,1.0271,0.5934,0.0244,0.424496,0.424648,0.000152,1
651,59.8065,56.8053,1.0528,0.9498,1.0058,0.0371,0.285832,0.285841,0.000009,1
652,62.5056,52.0194,1.2016,0.8322,1.2260,0.0534,0.341620,0.341743,0.000123,0
653,65.5617,69.6724,0.9410,1.0627,0.3799,0.0403,0.285588,0.285638,0.000051,1
654,57.9424,70.4766,0.8222,1.2163,1.4103,0.0555,0.398677,0.398735,0.000058,0
655,47.2781,64.2935,0.7353,1.3599,1.1576,0.0309,0.546728,0.546745,0.000016,0
656,25.9328,22.7163,1.1416,0.8760,0.2245,0.0217,0.243094,0.246246,0.003152,1
657,60.2625,56.7325,1.0622,0.9414,1.2120,0.0289,0.367267,0.367271,0.000003,1
658,47.9922,48.2331,0.9950,1.0050,0.9630,0.0356,0.499596,0.499698,0.000102,1
659,34.3907,35.9644,0.9562,1.0458,1.1942,0.0582,0.259903,0.260056,0.000152,1
660,47.7834,65.2717,0.7321,1.3660,0.5430,0.0305,0.234610,0.275660,0.041051,0
661,66.8600,93.0097,0.7188,1.3911,0.9627,0.0404,0.312835,0.324780,0.011945,0
662,62.0808,52.0969,1.1916,0.8392,0.2159,0.0300,0.527490,0.527604,0.000114,0
663,68.8852,59.3772,1.1601,0.8620,1.1349,0.0560,0.544055,0.544107,0.000052,0
664,59.0960,62.6600,0.9431,1.0603,1.4662,0.0211,0.276408,0.276490,0.000083,1
665,43.5115,31.1998,1.3946,0.7170,1.4554,0.0539,0.495799,0.496102,0.000302,0
666,78.0590,73.1063,1.0677,0.9366,0.5072,0.0373,0.525378,0.525633,0.000256,1
667,40.9607,47.7992,0.8569,1.1670,0.8373,0.0447,0.357831,0.357835,0.000004,1
668,35.2550,32.8923,1.0718,0.9330,1.3752,0.0300,0.535510,0.535599,0.000089,1
669,35.7842,41.1086,0.8705,1.1488,0.6672,0.0496,0.305266,0.305269,0.000003,1
670,42.8431,42.1713,1.0159,0.9843,0.6384,0.0437,0.194740,0.194745,0.000005,1
671,73.7248,88.0823,0.8370,1.1947,1.1405,0.0541,0.341192,0.343880,0.002687,0
672,44.9196,51.6081,0.8704,1.1489,1.3732,0.0435,0.409615,0.409724,0.000109,1
673,23.4150,31.3984,0.7457,1.3410,1.4974,0.0423,0.393892,0.393925,0.000033,0
674,38.3605,27.5596,1.3919,0.7184,1.2729,0.0515,0.305791,0.309563,0.003772,0
675,76.0906,86.8028,0.8766,1.1408,1.3266,0.0469,0.385493,0.386745,0.001252,1
676,60.9455,46.8646,1.3005,0.7690,0.9293,0.0554,0.226748,0.241287,0.014539,0
677,62.9688,57.8019,1.0894,0.9179,1.4749,0.0288,0.310881,0.310893,0.000011,1
678,64.1792,84.6751,0.7579,1.3194,0.2368,0.0460,0.314605,0.368385,0.053780,0
679,42.5355,51.3997,0.8275,1.2084,0.8160,0.0379,0.495140,0.495139,0.000001,0
680,30.1791,30.0218,1.0052,0.9948,0.2857,0.0262,0.333197,0.333379,0.000183,1
681,45.7472,45.0231,1.0161,0.9842,1.0727,0.0600,0.382722,0.382773,0.000051,1
682,68.6728,62.3674,1.1011,0.9082,0.8171,0.0503,0.199965,0.200064,0.000099,1
683,74.0452,97.2095,0.7617,1.3128,1.1188,0.0317,0.302947,0.313801,0.010854,0
684,69.0023,83.6711,0.8247,1.2126,1.2696,0.0584,0.482237,0.483352,0.001115,0
685,40.3876,39.2219,1.0297,0.9711,0.3994,0.0297,0.504076,0.504227,0.000151,1
686,50.6491,44.4676,1.1390,0.8780,1.2490,0.0303,0.332134,0.332145,0.000011,1
687,24.6547,31.8030,0.7752,1.2899,0.5574,0.0204,0.402168,0.402383,0.000215,0
688,21.4631,26.7250,0.8031,1.2452,0.2547,0.0448,0.236111,0.283350,0.047239,0
689,59.4513,56.1288,1.0592,0.9441,0.9342,0.0307,0.301250,0.301252,0.000002,1
690,23.2466,21.9454,1.0593,0.9440,1.4880,0.0401,0.186171,0.186224,0.000054,1
691,27.9543,30.9164,0.9042,1.1060,0.1825,0.0213,0.457187,0.457183,0.000004,1
692,46.9466,55.0261,0.8532,1.1721,1.3173,0.0256,0.493883,0.493968,0.000085,1
693,39.4153,52.8043,0.7464,1.3397,0.2770,0.0300,0.530981,0.532938,0.001957,0
694,22.0399,23.1087,0.9537,1.0485,1.0595,0.0509,0.512352,0.512469,0.000117,1
695,67.9275,62.2144,1.0918,0.9159,0.7984,0.0366,0.455734,0.455738,0.000004,1
696,34.1581,31.6552,1.0791,0.9267,1.3281,0.0316,0.457395,0.457488,0.000094,1
697,73.4574,62.9025,1.1678,0.8563,0.7801,0.0337,0.176624,0.179788,0.003164,0
698,69.1781,90.0927,0.7679,1.3023,0.2797,0.0513,0.175941,0.300000,0.124059,0
699,28.4890,33.2386,0.8571,1.1667,1.1187,0.0372,0.465000,0.465098,0.000099,1
700,48.4005,40.1618,1.2051,0.8298,0.2251,0.0484,0.548206,0.548357,0.000152,0
701,66.3619,84.2517,0.7877,1.2696,0.4311,0.0536,0.304790,0.315694,0.010904,0
702,35.4674,46.1182,0.7691,1.3003,1.0424,0.0251,0.279301,0.279478,0.000177,0
703,66.1348,78.8744,0.8385,1.1926,0.7691,0.0495,0.454147,0.454891,0.000744,0
704,28.9267,30.9214,0.9355,1.0690,0.8126,0.0388,0.387654,0.387765,0.000111,1
705,50.9677,50.6748,1.0058,0.9943,0.8563,0.0461,0.344403,0.344520,0.000117,1
706,32.2556,38.4642,0.8386,1.1925,1.2633,0.0324,0.378144,0.378149,0.000004,0
707,40.0232,56.0060,0.7146,1.3993,1.3575,0.0493,0.345734,0.345822,0.000089,0
708,43.3192,55.6079,0.7790,1.2837,0.9261,0.0593,0.352826,0.352859,0.000033,0
709,35.5150,30.7132,1.1563,0.8648,0.8120,0.0554,0.251028,0.251233,0.000204,0
710,74.9919,71.0300,1.0558,0.9472,0.1793,0.0404,0.205165,0.206020,0.000855,1
711,63.9155,75.6705,0.8447,1.1839,0.9295,0.0216,0.258512,0.258978,0.000466,0
712,35.7018,38.0051,0.9394,1.0645,1.1112,0.0469,0.220693,0.220810,0.000117,1
713,21.2543,24.5780,0.8648,1.1564,0.2339,0.0509,0.218899,0.223699,0.004800,1
714,70.3336,62.5474,1.1245,0.8893,0.1919,0.0503,0.512999,0.513103,0.000104,1
715,74.3144,88.2327,0.8423,1.1873,0.2285,0.0495,0.304180,0.325091,0.020912,0
716,75.7299,85.3332,0.8875,1.1268,1.2577,0.0327,0.213100,0.214791,0.001691,1
717,79.7107,57.2432,1.3925,0.7181,1.4120,0.0518,0.202907,0.236314,0.033407,0
718,68.7149,92.6792,0.7414,1.3488,1.4527,0.0464,0.449265,0.453434,0.004170,0
719,59.1894,78.5041,0.7540,1.3263,0.6783,0.0316,0.300493,0.303987,0.003494,0
720,45.1631,48.2042,0.9369,1.0673,0.9336,0.0380,0.355060,0.355166,0.000106,1
721,48.9663,50.9601,0.9609,1.0407,0.1612,0.0292,0.513524,0.513518,0.000007,1
722,34.1746,34.2805,0.9969,1.0031,1.4814,0.0340,0.276164,0.276264,0.000100,1
723,41.6694,45.9262,0.9073,1.1022,1.3077,0.0510,0.363324,0.363452,0.000128,1
724,68.9621,80.2809,0.8590,1.1641,0.6616,0.0502,0.258670,0.260408,0.001738,1
725,58.3526,54.2489,1.0756,0.9297,1.1551,0.0560,0.546606,0.546744,0.000138,1
726,33.4056,28.3623,1.1778,0.8490,0.2131,0.0517,0.447104,0.447398,0.000294,0
727,23.0689,30.7254,0.7508,1.3319,1.1361,0.0354,0.340094,0.340152,0.000059,0
728,27.7236,36.8213,0.7529,1.3282,0.6841,0.0536,0.445578,0.445646,0.000068,0
729,60.9052,43.0630,1.4143,0.7070,1.2917,0.0384,0.511058,0.511257,0.000198,0
730,35.8263,28.1911,1.2708,0.7869,0.3657,0.0247,0.252811,0.286485,0.033674,0
731,59.6234,71.5621,0.8332,1.2002,0.2377,0.0516,0.247147,0.262886,0.015740,0
732,58.3837,68.1160,0.8571,1.1667,1.4576,0.0320,0.519958,0.520046,0.000088,1
733,62.9725,57.4636,1.0959,0.9125,0.4616,0.0576,0.416561,0.416563,0.000003,1
734,46.6024,63.0352,0.7393,1.3526,0.7231,0.0261,0.249527,0.258389,0.008862,0
735,77.3028,75.6315,1.0221,0.9784,0.4044,0.0328,0.473508,0.473707,0.000199,1
736,20.0165,25.3723,0.7889,1.2676,1.0227,0.0388,0.504955,0.504960,0.000006,0
737,70.3446,79.2394,0.8877,1.1264,0.3853,0.0545,0.383979,0.385281,0.001301,1
738,64.4685,69.7227,0.9246,1.0815,0.2275,0.0502,0.481687,0.481744,0.000057,1
739,79.1046,63.7923,1.2400,0.8064,1.4248,0.0433,0.313506,0.314391,0.000885,0
740,71.6391,90.5200,0.7914,1.2636,0.4924,0.0522,0.254788,0.281862,0.027073,0
741,60.2808,83.5638,0.7214,1.3862,0.4887,0.0483,0.540881,0.544106,0.003225,0
742,46.2197,61.8569,0.7472,1.3383,0.6743,0.0276,0.311687,0.313365,0.001678,0
743,49.1678,48.5270,1.0132,0.9870,0.8991,0.0387,0.390925,0.391034,0.000109,1
744,38.8751,42.2411,0.9203,1.0866,0.2018,0.0296,0.455295,0.455288,0.000006,1
745,78.8153,103.9079,0.7585,1.3184,0.4871,0.0598,0.164771,0.246249,0.081478,0
746,29.7763,41.6226,0.7154,1.3978,0.7034,0.0242,0.269144,0.283087,0.013943,0
747,28.1063,33.3289,0.8433,1.1858,0.6089,0.0257,0.336908,0.336917,0.000009,0
748,76.3762,74.1556,1.0299,0.9709,0.5646,0.0398,0.524987,0.525161,0.000174,1
749,52.7018,45.1979,1.1660,0.8576,0.4445,0.0516,0.336529,0.336655,0.000125,0
750,57.6586,69.7927,0.8261,1.2104,1.0809,0.0344,0.532177,0.532177,0.000000,0
751,23.9204,28.4071,0.8421,1.1876,0.7588,0.0598,0.484373,0.484383,0.000010,0
752,62.8260,63.7481,0.9855,1.0147,1.3783,0.0469,0.529711,0.529831,0.000120,1
753,75.4021,88.6252,0.8508,1.1754,0.9785,0.0555,0.166272,0.171811,0.005539,1
754,52.7824,49.4537,1.0673,0.9369,1.3646,0.0312,0.453244,0.453337,0.000092,1
755,52.8721,68.8647,0.7678,1.3025,0.5109,0.0252,0.541296,0.541355,0.000058,0
756,55.4833,42.1203,1.3173,0.7592,1.0235,0.0246,0.422848,0.422952,0.000105,0
757,36.4324,46.9683,0.7757,1.2892,1.3782,0.0385,0.454733,0.454749,0.000015,0
758,68.4201,94.9228,0.7208,1.3874,0.9476,0.0421,0.542016,0.548962,0.006946,0
759,34.6983,30.2367,1.1476,0.8714,0.1289,0.0355,0.405440,0.406348,0.000908,1
760,21.0547,20.9562,1.0047,0.9953,0.5000,0.0545,0.523876,0.524015,0.000139,1
761,73.5435,64.3588,1.1427,0.8751,1.1051,0.0396,0.451914,0.452030,0.000116,1
762,44.2293,33.0543,1.3381,0.7473,1.3725,0.0356,0.517772,0.517844,0.000071,0
763,76.5447,104.5724,0.7320,1.3662,0.7527,0.0386,0.482908,0.502263,0.019355,0
764,29.8312,37.4939,0.7956,1.2569,1.1434,0.0476,0.547754,0.547769,0.000015,0
765,56.9811,71.5094,0.7968,1.2550,1.0450,0.0471,0.376240,0.376254,0.000015,0
766,30.2066,25.0010,1.2082,0.8277,0.5122,0.0253,0.443796,0.443826,0.000030,0
767,29.9539,39.8827,0.7511,1.3315,1.3197,0.0250,0.273185,0.273334,0.000149,0
768,29.9191,24.2057,1.2360,0.8090,0.9673,0.0222,0.297526,0.297666,0.000140,0
769,65.3310,70.5605,0.9259,1.0800,0.1792,0.0293,0.156079,0.158029,0.001950,1
770,70.4416,50.7146,1.3890,0.7200,0.7086,0.0568,0.156348,0.317530,0.161183,0
771,55.3569,47.9504,1.1545,0.8662,1.2539,0.0225,0.183058,0.183175,0.000117,0
772,28.4945,22.5917,1.2613,0.7928,0.8727,0.0572,0.532763,0.532829,0.000066,0
773,62.2163,67.4291,0.9227,1.0838,0.8458,0.0282,0.256668,0.256670,0.000001,1
774,48.5452,43.4003,1.1185,0.8940,0.4642,0.0452,0.400679,0.400681,0.000002,1
775,58.3654,46.1113,1.2658,0.7900,1.4401,0.0379,0.531921,0.531963,0.000042,0
776,36.9030,49.2258,0.7497,1.3339,0.4702,0.0545,0.326141,0.330147,0.004007,0
777,73.3000,82.4214,0.8893,1.1244,1.4568,0.0489,0.254447,0.255338,0.000892,1
778,66.6659,81.3719,0.8193,1.2206,0.1807,0.0481,0.486485,0.493238,0.006753,0
779,32.2959,28.8393,1.1199,0.8930,0.9027,0.0466,0.310979,0.311003,0.000024,1
780,66.4992,71.5055,0.9300,1.0753,0.3581,0.0296,0.221072,0.221269,0.000197,1
781,32.9130,35.8851,0.9172,1.0903,1.0423,0.0551,0.221792,0.221822,0.000030,1
782,39.8804,50.0136,0.7974,1.2541,1.3373,0.0211,0.275504,0.275522,0.000018,0
783,71.2693,93.6549,0.7610,1.3141,1.3068,0.0314,0.458969,0.463629,0.004660,0
784,72.1226,96.9117,0.7442,1.3437,0.3997,0.0236,0.302361,0.343620,0.041259,0
785,59.7296,47.1291,1.2674,0.7890,1.4899,0.0421,0.184217,0.190979,0.006762,0
786,37.9485,36.4204,1.0420,0.9597,0.2029,0.0417,0.513610,0.513603,0.000006,1
787,48.2760,45.7122,1.0561,0.9469,1.3021,0.0530,0.216591,0.216678,0.000087,1
788,70.0424,49.6342,1.4112,0.7086,1.0443,0.0351,0.492747,0.493029,0.000282,0
789,30.8054,39.8364,0.7733,1.2932,1.0465,0.0589,0.312871,0.312917,0.000046,0
790,56.1956,62.9028,0.8934,1.1194,0.2771,0.0479,0.519836,0.519830,0.000006,1
791,62.5770,69.9523,0.8946,1.1179,1.2267,0.0312,0.522570,0.522672,0.000102,1
792,27.2951,28.4788,0.9584,1.0434,1.4349,0.0276,0.187684,0.187775,0.000091,1
793,53.4379,40.7845,1.3103,0.7632,1.3542,0.0301,0.314531,0.314848,0.000316,0
794,27.4874,24.7434,1.1109,0.9002,1.1512,0.0381,0.445138,0.445151,0.000012,1
795,30.8109,22.6438,1.3607,0.7349,0.1906,0.0202,0.213381,0.523551,0.310170,0
796,49.2410,51.5963,0.9544,1.0478,1.3476,0.0482,0.541076,0.541197,0.000120,1
797,44.1267,53.8815,0.8190,1.2211,0.5858,0.0489,0.281950,0.282057,0.000107,0
798,77.1160,71.0452,1.0854,0.9213,0.5851,0.0578,0.312981,0.313440,0.000459,1
799,66.1971,63.1015,1.0491,0.9532,0.4568,0.0580,0.189613,0.189625,0.000012,1
800,42.2443,48.2466,0.8756,1.1421,0.7042,0.0342,0.513952,0.513947,0.000004,1
801,74.0873,81.0893,0.9137,1.0945,0.5513,0.0337,0.266678,0.267879,0.001201,1
802,32.4900,29.2965,1.1090,0.9017,1.0938,0.0404,0.254581,0.254608,0.000028,1
803,20.1831,27.3393,0.7382,1.3546,1.1392,0.0516,0.511132,0.511163,0.000031,0
804,38.3587,49.4902,0.7751,1.2902,0.9052,0.0239,0.399300,0.399327,0.000027,0
805,50.6546,61.0842,0.8293,1.2059,0.3427,0.0573,0.437179,0.437211,0.000032,0
806,49.5212,45.8026,1.0812,0.9249,0.4355,0.0273,0.151135,0.151290,0.000155,1
807,70.9561,55.8736,1.2699,0.7874,0.3368,0.0590,0.383528,0.387930,0.004403,0
808,58.8598,56.7285,1.0376,0.9638,0.3225,0.0283,0.334906,0.334902,0.000004,1
809,33.9640,38.2340,0.8883,1.1257,0.1859,0.0417,0.284477,0.284771,0.000295,1
810,47.5362,47.7119,0.9963,1.0037,0.6970,0.0343,0.295573,0.295692,0.000119,1
811,73.1242,70.5794,1.0361,0.9652,0.3213,0.0297,0.398762,0.398833,0.000070,1
812,43.5389,43.7389,0.9954,1.0046,0.8000,0.0384,0.317107,0.317221,0.000113,1
813,58.2702,56.1615,1.0375,0.9638,0.6696,0.0496,0.338116,0.338123,0.000007,1
814,54.6538,53.5703,1.0202,0.9802,1.3689,0.0497,0.486399,0.486531,0.000132,1
815,33.0247,25.3685,1.3018,0.7682,1.2982,0.0443,0.191969,0.205642,0.013673,0
816,42.5959,50.9149,0.8366,1.1953,0.7026,0.0261,0.427804,0.427802,0.000002,0
817,37.2948,34.2968,1.0874,0.9196,1.4183,0.0229,0.454587,0.454670,0.000083,1
818,55.4338,57.9278,0.9569,1.0450,1.3052,0.0320,0.365937,0.366031,0.000094,1
819,23.9717,25.1070,0.9548,1.0474,0.7598,0.0349,0.477232,0.477343,0.000111,1
820,58.0450,57.9495,1.0016,0.9984,1.1591,0.0546,0.187208,0.187267,0.000059,1
821,62.9890,66.9869,0.9403,1.0635,1.1790,0.0400,0.541064,0.541165,0.000101,1
822,62.7271,44.5603,1.4077,0.7104,0.1600,0.0315,0.415804,0.539542,0.123738,0
823,45.8370,40.1752,1.1409,0.8765,0.7479,0.0280,0.224783,0.224861,0.000078,1
824,31.4573,24.2774,1.2957,0.7718,1.0421,0.0328,0.544946,0.544978,0.000032,0
825,57.0305,78.1870,0.7294,1.3710,0.5914,0.0239,0.176746,0.327410,0.150663,0
826,25.5757,18.4456,1.3866,0.7212,0.3966,0.0226,0.421725,0.431982,0.010257,0
827,63.3570,53.7865,1.1779,0.8489,0.8475,0.0496,0.342193,0.342249,0.000055,0
828,24.9879,28.0243,0.8917,1.1215,0.3285,0.0331,0.221865,0.221959,0.000094,1
829,44.5186,43.7121,1.0185,0.9819,1.2078,0.0509,0.194349,0.194405,0.000055,1
830,55.0383,46.1529,1.1925,0.8386,0.4608,0.0548,0.420467,0.420540,0.000072,0
831,67.5082,92.2789,0.7316,1.3669,0.2264,0.0554,0.221731,0.300000,0.078269,0
832,72.4778,86.9579,0.8335,1.1998,1.3850,0.0259,0.315227,0.317370,0.002143,0
833,69.1470,62.6563,1.1036,0.9061,0.6339,0.0321,0.284220,0.284246,0.000026,1
834,39.8163,31.0535,1.2822,0.7799,1.2138,0.0256,0.541321,0.541338,0.000017,0
835,34.3632,35.0269,0.9811,1.0193,0.5437,0.0267,0.516942,0.517071,0.000129,1
836,47.5692,62.2495,0.7642,1.3086,1.2219,0.0283,0.479539,0.479546,0.000007,0
837,59.3030,44.3486,1.3372,0.7478,1.1577,0.0388,0.483677,0.483783,0.000106,0
838,33.5740,25.2139,1.3316,0.7510,0.8181,0.0443,0.354572,0.355883,0.001312,0
839,45.7637,54.7024,0.8366,1.1953,0.8419,0.0333,0.510314,0.510311,0.000003,0
840,45.6996,37.3778,1.2226,0.8179,0.6587,0.0438,0.195741,0.208713,0.012972,0
841,44.4380,60.8917,0.7298,1.3703,0.9365,0.0429,0.213955,0.221056,0.007101,0
842,65.8052,75.8581,0.8675,1.1528,0.1688,0.0513,0.539502,0.540731,0.001230,1
843,26.2111,27.0180,0.9701,1.0308,1.4451,0.0439,0.235122,0.235248,0.000126,1
844,66.8050,63.9964,1.0439,0.9580,1.0456,0.0284,0.441305,0.441403,0.000097,1
845,71.0697,90.4518,0.7857,1.2727,0.5094,0.0239,0.327386,0.341310,0.013924,0
846,38.1225,53.3161,0.7150,1.3985,1.0668,0.0594,0.284452,0.284945,0.000493,0
847,20.3552,14.9401,1.3625,0.7340,0.9785,0.0473,0.513561,0.513749,0.000188,0
848,35.6725,49.7540,0.7170,1.3947,0.4852,0.0590,0.473313,0.474123,0.000810,0
849,37.8240,26.5455,1.4249,0.7018,0.7052,0.0527,0.227041,0.319201,0.092160,0
850,37.8661,35.0478,1.0804,0.9256,1.0241,0.0448,0.431442,0.431457,0.000016,1
851,45.4213,40.3164,1.1266,0.8876,0.7315,0.0226,0.273661,0.273667,0.000006,1
852,26.7678,22.7129,1.1785,0.8485,0.7968,0.0218,0.237600,0.237778,0.000178,0
853,58.8726,74.7007,0.7881,1.2689,0.9133,0.0255,0.321807,0.322012,0.000205,0
854,50.8798,47.5788,1.0694,0.9351,0.4982,0.0510,0.177686,0.177724,0.000038,1
855,22.9902,24.7008,0.9307,1.0744,0.4799,0.0428,0.307891,0.307889,0.000002,1
856,50.4312,58.7215,0.8588,1.1644,0.7682,0.0359,0.316045,0.316045,0.000000,1
857,75.1366,82.2570,0.9134,1.0948,0.3880,0.0564,0.278886,0.280786,0.001900,1
858,65.3475,55.2668,1.1824,0.8457,1.2476,0.0558,0.546863,0.546932,0.000069,0
859,24.4862,20.1377,1.2159,0.8224,1.3878,0.0512,0.435446,0.435541,0.000095,0
860,47.3202,61.2413,0.7727,1.2942,0.9385,0.0479,0.324639,0.324690,0.000051,0
861,42.6435,53.5353,0.7965,1.2554,0.3534,0.0423,0.536584,0.536640,0.000056,0
862,28.5604,36.9590,0.7728,1.2941,0.4022,0.0437,0.442135,0.442501,0.000366,0
863,74.7447,98.4839,0.7590,1.3176,0.1082,0.0316,0.430953,0.824234,0.393280,0
864,47.9720,43.1554,1.1116,0.8996,1.0550,0.0550,0.474912,0.474951,0.000039,1
865,77.4181,88.8828,0.8710,1.1481,1.1778,0.0500,0.339654,0.341730,0.002076,1
866,48.4848,66.2877,0.7314,1.3672,0.9433,0.0331,0.494017,0.494058,0.000042,0
867,48.0453,51.8994,0.9257,1.0802,0.8992,0.0351,0.482237,0.482341,0.000104,1
868,64.3458,47.3212,1.3598,0.7354,1.4487,0.0323,0.411043,0.411211,0.000168,0
869,26.2404,35.4714,0.7398,1.3518,0.7878,0.0372,0.159925,0.197930,0.038005,0
870,62.0112,74.5154,0.8322,1.2016,1.1857,0.0227,0.514977,0.515084,0.000107,0
871,40.9864,34.9106,1.1740,0.8518,0.4772,0.0231,0.339312,0.339376,0.000064,0
872,30.2469,39.9962,0.7562,1.3223,0.6724,0.0202,0.435324,0.435456,0.000132,0
873,62.7235,44.0900,1.4226,0.7029,1.1891,0.0384,0.164466,0.252690,0.088224,0
874,21.7579,24.6439,0.8829,1.1326,0.7569,0.0439,0.173792,0.173801,0.000009,1
875,76.5575,83.4413,0.9175,1.0899,0.4228,0.0294,0.517431,0.518463,0.001032,1
876,77.4859,82.8194,0.9356,1.0688,0.6441,0.0483,0.434384,0.435007,0.000624,1
877,37.9870,47.8006,0.7947,1.2583,1.2635,0.0476,0.193983,0.194068,0.000084,0
878,63.3131,52.4467,1.2072,0.8284,1.0658,0.0460,0.301811,0.301952,0.000140,0
879,63.8057,64.9234,0.9828,1.0175,0.4612,0.0408,0.316387,0.316531,0.000144,1
880,24.6455,23.4541,1.0508,0.9517,0.4397,0.0328,0.418673,0.418668,0.000005,1
881,25.4091,22.0366,1.1530,0.8673,0.9109,0.0480,0.513829,0.513846,0.000016,0
882,24.7554,19.6494,1.2599,0.7937,1.3562,0.0388,0.443796,0.443850,0.000054,0
883,67.4679,55.5453,1.2146,0.8233,0.8334,0.0588,0.418892,0.418970,0.000077,0
884,45.3719,36.9198,1.2289,0.8137,1.1799,0.0422,0.387764,0.387824,0.000061,0
885,28.7271,29.4414,0.9757,1.0249,0.3057,0.0208,0.400142,0.400317,0.000175,1
886,60.3943,77.1605,0.7827,1.2776,0.5373,0.0213,0.465744,0.466423,0.000678,0
887,71.9266,90.6727,0.7933,1.2606,0.6786,0.0236,0.430197,0.436263,0.006067,0
888,72.9814,101.4037,0.7197,1.3894,0.3540,0.0293,0.233889,0.300000,0.066111,0
889,32.9441,43.7500,0.7530,1.3280,1.1340,0.0242,0.223794,0.225074,0.001281,0
890,40.5249,39.2410,1.0327,0.9683,0.2862,0.0407,0.232339,0.232337,0.000002,1
891,73.8859,62.1693,1.1885,0.8414,1.0450,0.0208,0.321758,0.321944,0.000186,0
892,28.3627,37.3392,0.7596,1.3165,0.8237,0.0242,0.196339,0.207521,0.011181,0
893,47.3678,57.1469,0.8289,1.2065,0.5834,0.0537,0.494298,0.494299,0.000001,0
894,79.1430,80.0645,0.9885,1.0116,1.4158,0.0283,0.366352,0.366448,0.000097,1
895,48.1332,46.7975,1.0285,0.9722,0.8501,0.0527,0.541198,0.541318,0.000120,1
896,47.9666,54.8434,0.8746,1.1434,0.2530,0.0452,0.179017,0.186635,0.007618,1
897,60.1856,75.2570,0.7997,1.2504,0.3527,0.0545,0.326446,0.329474,0.003028,0
898,61.4417,82.0518,0.7488,1.3354,0.2004,0.0399,0.502586,0.529074,0.026488,0
899,20.7544,21.3521,0.9720,1.0288,1.4063,0.0352,0.151257,0.151278,0.000021,1
900,38.7817,30.7321,1.2619,0.7924,0.2048,0.0443,0.443942,0.450738,0.006796,0
901,33.9256,34.1546,0.9933,1.0068,0.4488,0.0384,0.392207,0.392352,0.000145,1
902,33.0064,36.8217,0.8964,1.1156,0.4560,0.0251,0.448862,0.448855,0.000006,1
903,34.1966,24.5089,1.3953,0.7167,0.8330,0.0222,0.160096,0.275686,0.115590,0
904,77.2094,83.9605,0.9196,1.0874,0.6512,0.0227,0.392805,0.393704,0.000899,1
905,41.1951,39.7747,1.0357,0.9655,1.4431,0.0355,0.420101,0.420201,0.000100,1
906,42.5593,36.9268,1.1525,0.8677,0.4653,0.0333,0.266544,0.266754,0.000210,0
907,58.5247,47.6737,1.2276,0.8146,0.9724,0.0374,0.205519,0.208418,0.002899,0
908,78.6413,55.4471,1.4183,0.7051,0.9385,0.0330,0.349567,0.354347,0.004781,0
909,70.0754,49.6785,1.4106,0.7089,0.3521,0.0320,0.304839,0.383593,0.078754,0
910,40.1184,48.0744,0.8345,1.1983,1.3442,0.0211,0.283122,0.283123,0.000001,0
911,53.2878,39.7899,1.3392,0.7467,1.1291,0.0362,0.155640,0.200329,0.044689,0
912,74.6879,94.1122,0.7936,1.2601,0.9520,0.0445,0.256168,0.265812,0.009644,0
913,78.5260,74.1660,1.0588,0.9445,1.0146,0.0261,0.489622,0.489839,0.000217,1
914,42.4824,55.2761,0.7685,1.3012,0.1414,0.0492,0.249197,0.300000,0.050803,0
915,54.3187,47.9039,1.1339,0.8819,1.2505,0.0578,0.388398,0.388488,0.000090,1
916,64.8824,89.7237,0.7231,1.3829,1.1249,0.0270,0.194032,0.275554,0.081522,0
917,67.1987,93.6762,0.7174,1.3940,0.3314,0.0321,0.283573,0.371076,0.087502,0
918,27.8866,37.1247,0.7512,1.3313,0.2666,0.0333,0.252713,0.376725,0.124012,0
919,69.9014,70.3195,0.9941,1.0060,1.4687,0.0498,0.312481,0.312629,0.000149,1
920,59.7461,53.7460,1.1116,0.8996,0.6336,0.0314,0.243899,0.243915,0.000016,1
921,30.0198,25.8423,1.1617,0.8608,0.6380,0.0451,0.176783,0.180855,0.004072,0
922,71.7106,89.1334,0.8045,1.2430,1.1389,0.0364,0.202504,0.208771,0.006267,0
923,20.6098,15.7459,1.3089,0.7640,1.0211,0.0254,0.492247,0.492291,0.000044,0
924,62.1155,54.2559,1.1449,0.8735,0.8239,0.0201,0.196437,0.196569,0.000132,1
925,31.9260,39.8015,0.8021,1.2467,1.1780,0.0367,0.415621,0.415628,0.000008,0
926,65.1167,60.2090,1.0815,0.9246,1.0521,0.0285,0.494017,0.494113,0.000096,1
927,47.2817,57.6694,0.8199,1.2197,0.2692,0.0356,0.338897,0.340747,0.001850,0
928,63.5658,64.6644,0.9830,1.0173,0.6119,0.0267,0.226101,0.226226,0.000125,1
929,33.1108,27.8149,1.1904,0.8401,0.7471,0.0335,0.300554,0.300652,0.000098,0
930,68.5043,83.3013,0.8224,1.2160,0.3474,0.0592,0.269498,0.281231,0.011733,0
931,41.3965,30.1582,1.3726,0.7285,0.4342,0.0569,0.330755,0.366935,0.036180,0
932,42.8431,52.9448,0.8092,1.2358,0.7037,0.0390,0.240799,0.241105,0.000307,0
933,69.1873,72.5543,0.9536,1.0487,0.8753,0.0293,0.469297,0.469431,0.000135,1
934,41.6181,34.9980,1.1892,0.8409,1.0902,0.0508,0.285234,0.285392,0.000158,0
935,42.3432,45.3907,0.9329,1.0720,0.5683,0.0355,0.324712,0.324710,0.000003,1
936,43.1562,47.8203,0.9025,1.1081,0.5763,0.0231,0.219826,0.219826,0.000000,1
937,46.6097,65.0982,0.7160,1.3967,1.0166,0.0225,0.227419,0.236767,0.009348,0
938,62.2474,46.1543,1.3487,0.7415,0.1421,0.0367,0.398335,0.529134,0.130799,0
939,55.8641,53.0035,1.0540,0.9488,0.3802,0.0305,0.521801,0.521795,0.000006,1
940,75.2080,95.4327,0.7881,1.2689,0.8653,0.0437,0.452597,0.459792,0.007195,0
941,62.7564,85.3292,0.7355,1.3597,0.3146,0.0494,0.189308,0.300000,0.110692,0
942,75.3160,78.8011,0.9558,1.0463,1.2243,0.0530,0.285478,0.285735,0.000257,1
943,38.0950,44.6219,0.8537,1.1713,1.4333,0.0563,0.249014,0.249083,0.000069,1
944,42.8431,51.3422,0.8345,1.1984,0.7017,0.0572,0.390608,0.390615,0.000007,0
945,30.0162,40.7863,0.7359,1.3588,0.2140,0.0259,0.291655,0.393919,0.102265,0
946,44.3043,33.6168,1.3179,0.7588,0.8640,0.0274,0.206349,0.227503,0.021154,0
947,39.5672,30.1839,1.3109,0.7628,1.3362,0.0449,0.320183,0.320726,0.000542,0
948,38.2067,33.5927,1.1374,0.8792,1.2419,0.0541,0.225271,0.225459,0.000188,1
949,53.3024,63.1977,0.8434,1.1856,1.4844,0.0273,0.242117,0.242123,0.000006,0
950,26.8484,21.4500,1.2517,0.7989,0.4193,0.0340,0.423873,0.424271,0.000398,0
951,53.5514,69.7930,0.7673,1.3033,1.4438,0.0518,0.538061,0.538190,0.000129,0
952,63.2417,52.6010,1.2023,0.8317,0.7353,0.0470,0.303996,0.304220,0.000224,0
953,40.3052,31.4546,1.2814,0.7804,1.1276,0.0582,0.465708,0.465850,0.000142,0
954,26.3759,23.2887,1.1326,0.8830,0.4753,0.0584,0.494163,0.494168,0.000005,1
955,43.0940,35.3378,1.2195,0.8200,0.2870,0.0431,0.500511,0.500704,0.000193,0
956,64.4502,63.4547,1.0157,0.9846,0.7726,0.0599,0.496934,0.497064,0.000129,1
957,53.9305,50.4073,1.0699,0.9347,0.9355,0.0244,0.211208,0.211209,0.000001,1
958,41.6950,57.3585,0.7269,1.3757,0.4050,0.0406,0.238491,0.296265,0.057774,0
959,51.1655,44.5471,1.1486,0.8706,0.2511,0.0289,0.472983,0.472999,0.000016,1
960,57.7557,74.6172,0.7740,1.2919,0.6583,0.0556,0.227200,0.231497,0.004297,0
961,66.2246,75.5520,0.8765,1.1408,0.9681,0.0366,0.480442,0.480752,0.000310,1
962,46.3680,60.2586,0.7695,1.2996,1.3899,0.0207,0.409676,0.409683,0.000007,0
963,28.2437,31.4850,0.8971,1.1148,1.1209,0.0412,0.489952,0.490054,0.000103,1
964,30.3751,32.0739,0.9470,1.0559,0.9522,0.0370,0.476756,0.476859,0.000103,1
965,23.2301,29.2775,0.7934,1.2603,0.9205,0.0384,0.442441,0.442447,0.000006,0
966,79.7748,66.6284,1.1973,0.8352,0.6933,0.0349,0.465598,0.466584,0.000986,0
967,61.7512,50.7109,1.2177,0.8212,1.0113,0.0391,0.447702,0.447727,0.000025,0
968,56.5471,71.4407,0.7915,1.2634,0.1225,0.0592,0.480589,0.498366,0.017777,0
969,20.0952,14.7072,1.3664,0.7319,0.8464,0.0492,0.195509,0.265346,0.069837,0
970,61.7347,55.3832,1.1147,0.8971,0.6791,0.0278,0.262186,0.262193,0.000007,1
971,41.6950,50.3787,0.8276,1.2083,0.7015,0.0426,0.151086,0.154273,0.003186,0
972,73.9958,95.9685,0.7710,1.2969,1.1551,0.0278,0.421664,0.428294,0.006630,0
973,55.8312,72.1643,0.7737,1.2925,0.4090,0.0534,0.539319,0.539395,0.000076,0
974,52.5480,58.8333,0.8932,1.1196,0.7720,0.0259,0.278544,0.278542,0.000002,1
975,46.8954,35.7821,1.3106,0.7630,1.0940,0.0550,0.476670,0.476826,0.000156,0
976,58.0322,77.1452,0.7522,1.3294,0.8622,0.0205,0.439242,0.439575,0.000332,0
977,67.1072,89.4184,0.7505,1.3325,0.7257,0.0274,0.219619,0.321045,0.101426,0
978,30.3513,22.3702,1.3568,0.7370,1.4515,0.0410,0.386433,0.386737,0.000304,0
979,66.1769,81.8878,0.8081,1.2374,1.0132,0.0369,0.214724,0.217324,0.002600,0
980,40.1239,42.5557,0.9429,1.0606,1.1346,0.0474,0.462827,0.462940,0.000113,1
981,70.4343,81.4215,0.8651,1.1560,0.9773,0.0551,0.508312,0.509141,0.000829,1
982,27.6467,24.6824,1.1201,0.8928,1.0725,0.0268,0.176942,0.177002,0.000060,1
983,38.8879,41.4982,0.9371,1.0671,0.4662,0.0514,0.152710,0.152712,0.000001,1
984,47.8585,57.7819,0.8283,1.2073,0.8808,0.0271,0.384565,0.384565,0.000000,0
985,32.1146,31.1720,1.0302,0.9706,0.8491,0.0237,0.380879,0.380983,0.000105,1
986,58.8800,56.5894,1.0405,0.9611,0.6091,0.0384,0.456626,0.456751,0.000125,1
987,29.1446,26.5551,1.0975,0.9112,1.1822,0.0433,0.162659,0.162785,0.000126,1
988,73.1169,87.9980,0.8309,1.2035,0.8971,0.0541,0.282267,0.286363,0.004096,0
989,75.3691,81.0882,0.9295,1.0759,0.9733,0.0509,0.154212,0.155089,0.000878,1
990,20.9632,15.0253,1.3952,0.7167,1.3125,0.0370,0.525671,0.525807,0.000137,0
991,78.1433,67.0252,1.1659,0.8577,1.1503,0.0520,0.454868,0.455308,0.000440,0
992,25.3926,23.4186,1.0843,0.9223,1.4123,0.0546,0.205824,0.205973,0.000149,1
993,43.9381,33.9828,1.2930,0.7734,1.2417,0.0543,0.447055,0.447214,0.000159,0
994,78.6029,73.5905,1.0681,0.9362,0.5776,0.0499,0.450583,0.450878,0.000295,1
995,28.9486,40.3741,0.7170,1.3947,0.1733,0.0403,0.360578,0.476094,0.115516,0
996,77.0959,98.5101,0.7826,1.2778,0.7511,0.0255,0.439377,0.450417,0.011041,0
997,51.6398,65.6545,0.7865,1.2714,0.3563,0.0550,0.325420,0.328345,0.002924,0
998,36.2749,35.0156,1.0360,0.9653,0.4141,0.0490,0.543957,0.544108,0.000150,1
999,68.1161,67.4365,1.0101,0.9900,0.5583,0.0206,0.206105,0.206104,0.000001,1
1000,37.7050,38.3438,0.9833,1.0169,1.4586,0.0350,0.151697,0.151721,0.000024,1
1001,77.1526,54.2837,1.4213,0.7036,0.6882,0.0265,0.295964,0.324648,0.028684,0
1002,68.8064,85.1165,0.8084,1.2370,0.2116,0.0562,0.463718,0.474934,0.011216,0
1003,58.5101,57.3814,1.0197,0.9807,0.3603,0.0588,0.440780,0.440778,0.000003,1
1004,23.6934,32.2262,0.7352,1.3601,0.1320,0.0588,0.547510,0.594238,0.046728,0
1005,53.4727,66.1161,0.8088,1.2364,0.8118,0.0388,0.409236,0.409242,0.000005,0
1006,52.3411,45.8010,1.1428,0.8750,0.7971,0.0405,0.544433,0.544436,0.000002,1
1007,27.7309,22.6107,1.2265,0.8154,1.1000,0.0377,0.381281,0.381328,0.000047,0
1008,41.0504,45.1608,0.9090,1.1001,0.9007,0.0299,0.431869,0.431971,0.000102,1
1009,71.3919,70.2908,1.0157,0.9846,0.7849,0.0318,0.335736,0.335853,0.000117,1
1010,47.6351,55.5299,0.8578,1.1657,1.2753,0.0338,0.173133,0.173144,0.000011,1
1011,66.4864,89.6693,0.7415,1.3487,0.7724,0.0416,0.335015,0.343780,0.008764,0
1012,27.2915,22.3509,1.2210,0.8190,0.8007,0.0570,0.300542,0.301016,0.000474,0
1013,46.3588,56.0079,0.8277,1.2081,1.1414,0.0458,0.477158,0.477172,0.000014,0
1014,77.5225,64.6827,1.1985,0.8344,0.2466,0.0316,0.222195,0.267868,0.045673,0
1015,21.2983,28.4125,0.7496,1.3340,1.0668,0.0418,0.264774,0.265084,0.000310,0
1016,69.8593,65.1135,1.0729,0.9321,0.9856,0.0288,0.468540,0.468654,0.000114,1
1017,28.1393,22.8601,1.2309,0.8124,1.0673,0.0433,0.175123,0.184768,0.009645,0
1018,70.4398,64.0639,1.0995,0.9095,1.0978,0.0243,0.351715,0.351746,0.000031,1
1019,55.9447,73.3460,0.7628,1.3110,1.0152,0.0269,0.357343,0.357396,0.000053,0
1020,67.7389,68.9935,0.9818,1.0185,0.4183,0.0395,0.549438,0.549589,0.000151,1
1021,22.6020,20.8531,1.0839,0.9226,0.5276,0.0317,0.480284,0.480279,0.000005,1
1022,31.8802,28.9892,1.0997,0.9093,0.7561,0.0465,0.193910,0.193982,0.000072,1
1023,65.9426,48.4941,1.3598,0.7354,0.3900,0.0559,0.258487,0.334637,0.076150,0
1024,53.2109,66.3868,0.8015,1.2476,0.7880,0.0524,0.198024,0.198714,0.000691,0
1025,25.0356,33.9320,0.7378,1.3554,0.6125,0.0585,0.343854,0.344883,0.001029,0
1026,55.6517,74.3196,0.7488,1.3354,0.8038,0.0289,0.432138,0.432226,0.000089,0
1027,40.5396,46.5118,0.8716,1.1473,0.4669,0.0578,0.336895,0.336897,0.000001,1
1028,20.5914,15.6602,1.3149,0.7605,0.2948,0.0378,0.428768,0.436533,0.007764,0
1029,34.3687,43.2491,0.7947,1.2584,1.2737,0.0301,0.494517,0.494520,0.000003,0
1030,56.8017,68.5806,0.8282,1.2074,0.7452,0.0209,0.386799,0.386802,0.000002,0
1031,76.5136,93.7925,0.8158,1.2258,0.2748,0.0585,0.539514,0.553098,0.013584,0
1032,58.8324,48.0450,1.2245,0.8166,0.8471,0.0409,0.222365,0.224826,0.002461,0
1033,27.6595,31.5612,0.8764,1.1411,0.5163,0.0466,0.262857,0.262862,0.000005,1
1034,38.1298,27.5674,1.3832,0.7230,1.1191,0.0481,0.520946,0.521150,0.000204,0
1035,38.1811,27.7064,1.3781,0.7257,1.1493,0.0553,0.200710,0.244517,0.043808,0
1036,54.8643,69.3393,0.7912,1.2638,0.7139,0.0567,0.533361,0.533370,0.000009,0
1037,24.2335,25.8591,0.9371,1.0671,1.2186,0.0418,0.415963,0.416068,0.000106,1
1038,52.0920,66.6090,0.7821,1.2787,1.4531,0.0536,0.477757,0.477810,0.000053,0
1039,28.0184,34.8468,0.8040,1.2437,0.9089,0.0208,0.368012,0.368023,0.000011,0
1040,64.5711,60.8397,1.0613,0.9422,1.3781,0.0474,0.410775,0.410821,0.000047,1
1041,38.8403,51.7038,0.7512,1.3312,0.2457,0.0216,0.464707,0.472709,0.008002,0
1042,70.0314,72.4057,0.9672,1.0339,1.1506,0.0261,0.262650,0.262767,0.000117,1
1043,42.2059,51.1412,0.8253,1.2117,0.2739,0.0581,0.406539,0.406759,0.000221,0
1044,78.2403,84.5650,0.9252,1.0808,0.6317,0.0594,0.544763,0.545533,0.000770,1
1045,53.2237,58.1242,0.9157,1.0921,1.0269,0.0507,0.306182,0.306300,0.000119,1
1046,60.5902,82.0783,0.7382,1.3546,0.9062,0.0441,0.382392,0.384048,0.001656,0
1047,35.5425,37.7573,0.9413,1.0623,1.4454,0.0273,0.445029,0.445114,0.000085,1
1048,37.3827,48.4514,0.7716,1.2961,0.6592,0.0556,0.151294,0.179070,0.027776,0
1049,45.4451,58.3233,0.7792,1.2834,0.4661,0.0398,0.263810,0.270621,0.006811,0
1050,69.1617,91.2635,0.7578,1.3196,0.1423,0.0203,0.153735,0.050000,0.103736,0
1051,30.0491,38.0169,0.7904,1.2652,0.4630,0.0258,0.225637,0.240155,0.014518,0
1052,29.8148,37.3305,0.7987,1.2521,0.3513,0.0590,0.507897,0.507956,0.000059,0
1053,26.3686,25.6853,1.0266,0.9741,1.1531,0.0437,0.187538,0.187568,0.000030,1
1054,60.2826,73.7931,0.8169,1.2241,0.6611,0.0340,0.394111,0.394274,0.000162,0
1055,51.6672,40.2996,1.2821,0.7800,0.8621,0.0426,0.320269,0.321029,0.000760,0
1056,79.8206,87.1393,0.9160,1.0917,0.5932,0.0241,0.252347,0.254602,0.002255,1
1057,62.6759,75.2780,0.8326,1.2011,1.1441,0.0423,0.476792,0.476972,0.000179,0
1058,34.8338,47.5827,0.7321,1.3660,0.8055,0.0361,0.506786,0.506842,0.000056,0
1059,69.4162,71.0608,0.9769,1.0237,1.2460,0.0484,0.275639,0.275773,0.000135,1
1060,60.3394,66.2470,0.9108,1.0979,0.1717,0.0336,0.157520,0.163397,0.005878,1
1061,55.7506,69.3935,0.8034,1.2447,1.0821,0.0356,0.488487,0.488490,0.000003,0
1062,63.9100,60.5295,1.0558,0.9471,0.1227,0.0545,0.173145,0.173632,0.000487,1
1063,21.3880,25.6213,0.8348,1.1979,1.0951,0.0429,0.449948,0.449957,0.000009,0
1064,44.0077,61.3833,0.7169,1.3948,1.2441,0.0337,0.494224,0.494257,0.000033,0
1065,35.8721,49.1603,0.7297,1.3704,0.5239,0.0229,0.392781,0.394983,0.002202,0
1066,31.2412,27.3722,1.1413,0.8762,0.2244,0.0459,0.464475,0.464501,0.000026,1
1067,41.9550,53.4740,0.7846,1.2746,1.2299,0.0398,0.503282,0.503293,0.000011,0
1068,59.9420,44.8201,1.3374,0.7477,0.6125,0.0276,0.294914,0.305390,0.010476,0
1069,21.0364,25.3938,0.8284,1.2071,0.8437,0.0597,0.338910,0.338927,0.000017,0
1070,46.0714,60.1664,0.7657,1.3059,0.8371,0.0383,0.185658,0.193902,0.008245,0
1071,74.5506,95.8249,0.7780,1.2854,1.2469,0.0321,0.504564,0.509587,0.005023,0
1072,53.1394,46.3134,1.1474,0.8715,1.1489,0.0211,0.430758,0.430756,0.000002,1
1073,79.8059,62.6530,1.2738,0.7851,0.5809,0.0406,0.193727,0.224576,0.030849,0
1074,58.2995,69.3840,0.8402,1.1901,0.5364,0.0342,0.263675,0.263785,0.000109,0
1075,64.4301,84.6221,0.7614,1.3134,1.1463,0.0369,0.417293,0.419178,0.001885,0
1076,33.3708,43.6144,0.7651,1.3070,1.4125,0.0374,0.214333,0.214494,0.000161,0
1077,67.5466,74.6159,0.9053,1.1047,0.6027,0.0426,0.515416,0.515603,0.000187,1
1078,57.8417,69.0554,0.8376,1.1939,1.1593,0.0365,0.392781,0.392787,0.000006,0
1079,35.7567,47.6379,0.7506,1.3323,1.0704,0.0234,0.326775,0.326908,0.000133,0
1080,70.4489,75.6502,0.9312,1.0738,0.6046,0.0574,0.240786,0.241134,0.000348,1
1081,35.4692,26.8902,1.3190,0.7581,0.7480,0.0372,0.424740,0.425075,0.000335,0
1082,50.0156,57.1284,0.8755,1.1422,0.1876,0.0269,0.349530,0.349739,0.000209,1
1083,47.3934,51.6994,0.9167,1.0909,0.7715,0.0232,0.371186,0.371182,0.000004,1
1084,62.7216,79.0995,0.7929,1.2611,0.7044,0.0419,0.379621,0.380739,0.001118,0
1085,61.7841,54.1446,1.1411,0.8764,1.1234,0.0446,0.236636,0.236724,0.000088,1
1086,48.8766,50.8950,0.9603,1.0413,0.8968,0.0208,0.189637,0.189636,0.000001,1
1087,51.7972,66.8053,0.7753,1.2897,1.1273,0.0256,0.339129,0.339156,0.000027,0
1088,75.7024,72.8690,1.0389,0.9626,0.9293,0.0510,0.429806,0.429871,0.000065,1
1089,24.3910,22.4850,1.0848,0.9219,0.9184,0.0202,0.514330,0.514428,0.000098,1
1090,60.3467,63.7308,0.9469,1.0561,0.7636,0.0258,0.539477,0.539585,0.000108,1
1091,71.3535,96.0856,0.7426,1.3466,0.9235,0.0383,0.296025,0.311223,0.015198,0
1092,37.6757,38.3478,0.9825,1.0178,1.3637,0.0585,0.350751,0.350924,0.000173,1
1093,44.4874,48.9666,0.9085,1.1007,0.9097,0.0248,0.208596,0.208595,0.000001,1
1094,57.0232,61.5561,0.9264,1.0795,0.5268,0.0303,0.394514,0.394510,0.000004,1
1095,56.5673,73.3985,0.7707,1.2975,1.0219,0.0349,0.201943,0.203557,0.001614,0
1096,69.1836,66.9785,1.0329,0.9681,1.0995,0.0360,0.381440,0.381548,0.000108,1
1097,20.4138,18.6729,1.0932,0.9147,1.1229,0.0502,0.344806,0.344847,0.000041,1
1098,36.5551,32.0624,1.1401,0.8771,1.3944,0.0479,0.437350,0.437408,0.000058,1
1099,20.4468,21.0732,0.9703,1.0306,0.7324,0.0512,0.283317,0.283442,0.000125,1
1100,53.2402,47.1689,1.1287,0.8860,0.7332,0.0240,0.360431,0.360430,0.000002,1
1101,61.1835,75.0174,0.8156,1.2261,1.2199,0.0510,0.319951,0.320172,0.000220,0
1102,45.4268,33.6921,1.3483,0.7417,0.5900,0.0240,0.487791,0.488195,0.000404,0
1103,53.4928,48.1138,1.1118,0.8994,1.3092,0.0305,0.521105,0.521197,0.000092,1
1104,23.1733,27.5382,0.8415,1.1884,0.1616,0.0456,0.159070,0.300000,0.140930,0
1105,59.0027,44.6093,1.3227,0.7561,0.6821,0.0338,0.472532,0.472757,0.000225,0
1106,20.0714,16.9053,1.1873,0.8423,0.3353,0.0307,0.297392,0.298749,0.001357,0
1107,33.6198,37.4005,0.8989,1.1125,1.3870,0.0396,0.217751,0.217772,0.000021,1
1108,34.9657,31.2077,1.1204,0.8925,0.1220,0.0599,0.540613,0.540638,0.000025,1
1109,30.2194,41.9922,0.7196,1.3896,0.7564,0.0353,0.387349,0.387881,0.000533,0
1110,47.1444,61.3703,0.7682,1.3018,1.2579,0.0373,0.301103,0.301140,0.000037,0
1111,75.4497,86.4665,0.8726,1.1460,0.6792,0.0568,0.405806,0.408081,0.002275,1
1112,20.9394,15.1639,1.3809,0.7242,1.2186,0.0501,0.357404,0.358610,0.001206,0
1113,64.0327,83.7664,0.7644,1.3082,1.0342,0.0409,0.198244,0.206595,0.008351,0
1114,54.8589,65.1544,0.8420,1.1877,0.9223,0.0407,0.338385,0.338389,0.000005,0
1115,33.2847,25.8755,1.2863,0.7774,0.9553,0.0335,0.460080,0.460139,0.000059,0
1116,31.7045,32.8748,0.9644,1.0369,0.4800,0.0438,0.199086,0.199086,0.000000,1
1117,68.3303,56.1926,1.2160,0.8224,1.0309,0.0339,0.350726,0.350771,0.000045,0
1118,77.2515,96.5966,0.7997,1.2504,0.6758,0.0442,0.156372,0.253002,0.096630,0
1119,62.1870,73.6731,0.8441,1.1847,1.0151,0.0295,0.476499,0.476599,0.000100,0
1120,43.2148,41.1709,1.0496,0.9527,0.1916,0.0407,0.403951,0.403945,0.000006,1
1121,72.0951,95.5918,0.7542,1.3259,1.0365,0.0278,0.287419,0.299368,0.011949,0
1122,43.2569,38.6420,1.1194,0.8933,0.9025,0.0288,0.507653,0.507650,0.000003,1
1123,71.5055,50.8222,1.4070,0.7107,1.2814,0.0446,0.379817,0.380735,0.000918,0
1124,35.8208,45.9480,0.7796,1.2827,1.0465,0.0448,0.346039,0.346062,0.000024,0
1125,73.6644,91.5997,0.8042,1.2435,1.4037,0.0323,0.318621,0.322699,0.004078,0
1126,52.4509,63.4084,0.8272,1.2089,0.4813,0.0447,0.254874,0.255333,0.000459,0
1127,75.2464,93.1313,0.8080,1.2377,0.7268,0.0269,0.522594,0.528067,0.005473,0
1128,62.1851,52.0862,1.1939,0.8376,1.3572,0.0571,0.510680,0.510780,0.000100,0
1129,74.2924,66.4045,1.1188,0.8938,0.1437,0.0445,0.340509,0.342531,0.002022,1
1130,29.3570,31.2861,0.9383,1.0657,0.1394,0.0492,0.295134,0.295132,0.000002,1
1131,53.6576,46.6355,1.1506,0.8691,0.3558,0.0394,0.338214,0.338303,0.000090,0
1132,50.9421,65.5631,0.7770,1.2870,0.9752,0.0243,0.270597,0.270813,0.000216,0
1133,66.3454,82.2933,0.8062,1.2404,0.5990,0.0558,0.463498,0.465506,0.002008,0
1134,78.1854,68.8135,1.1362,0.8801,0.2968,0.0562,0.516247,0.517371,0.001124,1
1135,70.3885,53.9906,1.3037,0.7670,0.1595,0.0263,0.210280,0.466113,0.255833,0
1136,22.9737,24.7494,0.9283,1.0773,0.8584,0.0414,0.475547,0.475656,0.000109,1
1137,75.5321,56.7015,1.3321,0.7507,1.0596,0.0475,0.413289,0.413706,0.000416,0
1138,69.8575,73.8809,0.9455,1.0576,1.4938,0.0245,0.197499,0.197665,0.000166,1
1139,39.6130,45.1416,0.8775,1.1396,0.9621,0.0391,0.320928,0.320932,0.000004,1
1140,47.1828,59.7884,0.7892,1.2672,1.1329,0.0420,0.167432,0.168234,0.000802,0
1141,26.5133,32.8094,0.8081,1.2375,0.4945,0.0441,0.367035,0.367118,0.000083,0
1142,23.2392,31.0793,0.7477,1.3374,0.7975,0.0510,0.467637,0.467677,0.000040,0
1143,67.5082,62.6178,1.0781,0.9276,0.8779,0.0458,0.440439,0.440451,0.000012,1
1144,72.6279,71.9313,1.0097,0.9904,1.1918,0.0359,0.534057,0.534156,0.000099,1
1145,71.3205,71.4485,0.9982,1.0018,0.6645,0.0375,0.487181,0.487300,0.000119,1
1146,52.4125,69.4731,0.7544,1.3255,0.6788,0.0547,0.432138,0.432214,0.000077,0
1147,42.4055,58.7689,0.7216,1.3859,0.5977,0.0225,0.420931,0.421952,0.001021,0
1148,43.8905,52.8946,0.8298,1.2051,0.4741,0.0464,0.213271,0.214936,0.001665,0
1149,69.8721,59.5264,1.1738,0.8519,0.9866,0.0519,0.215444,0.216136,0.000692,0
1150,61.8647,46.4190,1.3327,0.7503,1.3549,0.0381,0.382710,0.382931,0.000221,0
1151,58.0651,46.8515,1.2393,0.8069,0.2236,0.0501,0.156299,0.333305,0.177006,0
1152,76.5941,56.5988,1.3533,0.7389,0.6692,0.0469,0.260794,0.295054,0.034260,0
1153,62.0679,81.8247,0.7585,1.3183,1.4181,0.0419,0.189528,0.192416,0.002888,0
1154,61.5094,69.1755,0.8892,1.1246,1.4907,0.0321,0.501244,0.501336,0.000092,1
1155,44.3941,39.1874,1.1329,0.8827,0.4700,0.0358,0.371235,0.371240,0.000005,1
1156,79.8682,94.9887,0.8408,1.1893,0.9896,0.0507,0.493492,0.497421,0.003929,0
1157,60.7367,75.1365,0.8084,1.2371,1.3297,0.0539,0.244827,0.245097,0.000270,0
1158,23.3674,24.5141,0.9532,1.0491,0.6536,0.0505,0.470750,0.470874,0.000125,1
1159,70.0003,52.7313,1.3275,0.7533,0.7502,0.0226,0.201405,0.237712,0.036306,0
1160,42.7149,50.7752,0.8413,1.1887,1.2545,0.0523,0.321087,0.321122,0.000035,0
1161,44.8811,54.9581,0.8166,1.2245,1.2359,0.0228,0.363984,0.363984,0.000001,0
1162,31.8125,26.7630,1.1887,0.8413,0.4139,0.0407,0.405916,0.405994,0.000078,0
1163,50.9531,68.1287,0.7479,1.3371,1.3678,0.0259,0.527807,0.527816,0.000009,0
1164,71.1118,56.4398,1.2600,0.7937,0.2313,0.0537,0.178663,0.308003,0.129340,0
1165,42.5758,51.6521,0.8243,1.2132,0.9513,0.0350,0.436435,0.436435,0.000001,0
1166,69.2367,70.9584,0.9757,1.0249,0.2857,0.0368,0.515673,0.515870,0.000198,1
1167,30.1517,26.8653,1.1223,0.8910,0.9305,0.0410,0.227309,0.227358,0.000048,1
1168,72.7085,51.4318,1.4137,0.7074,1.1750,0.0355,0.272416,0.281546,0.009130,0
1169,42.8614,50.2571,0.8528,1.1725,1.0424,0.0291,0.490733,0.490730,0.000003,1
1170,69.0316,87.1692,0.7919,1.2627,0.8021,0.0207,0.310186,0.315185,0.004999,0
1171,61.6266,55.2941,1.1145,0.8972,0.4066,0.0395,0.302287,0.302304,0.000017,1
1172,36.0497,35.8610,1.0053,0.9948,0.8115,0.0254,0.351166,0.351274,0.000108,1
1173,46.0695,54.6289,0.8433,1.1858,1.1421,0.0453,0.461972,0.462080,0.000107,0
1174,57.7429,61.7334,0.9354,1.0691,0.1178,0.0586,0.365107,0.365103,0.000003,1
1175,24.1932,27.1630,0.8907,1.1228,0.7410,0.0395,0.251468,0.251469,0.000001,1
1176,21.1444,16.9174,1.2499,0.8001,0.3085,0.0433,0.416134,0.417670,0.001536,0
1177,51.8979,46.9277,1.1059,0.9042,0.5980,0.0347,0.356842,0.356842,0.000001,1
1178,58.2775,69.0429,0.8441,1.1847,0.6332,0.0580,0.255081,0.255105,0.000023,0
1179,78.8134,66.9333,1.1775,0.8493,1.2509,0.0272,0.444858,0.445297,0.000440,0
1180,28.2766,26.1793,1.0801,0.9258,0.4765,0.0378,0.481651,0.481646,0.000004,1
1181,54.6464,46.5458,1.1740,0.8518,0.6204,0.0204,0.278947,0.279046,0.000099,0
1182,56.0509,75.6334,0.7411,1.3494,0.8342,0.0324,0.469517,0.469627,0.000111,0
1183,54.0385,65.9325,0.8196,1.2201,1.1200,0.0546,0.464975,0.465002,0.000027,0
1184,61.9452,60.8601,1.0178,0.9825,0.1448,0.0296,0.498912,0.498905,0.000007,1
1185,24.9696,17.5011,1.4267,0.7009,0.8015,0.0207,0.376618,0.379692,0.003074,0
1186,59.9219,63.2988,0.9467,1.0564,1.4401,0.0590,0.322698,0.322881,0.000183,1
1187,33.9274,40.7455,0.8327,1.2010,1.4089,0.0519,0.377033,0.377080,0.000047,0
1188,76.7827,105.0961,0.7306,1.3687,0.5561,0.0209,0.155689,0.300000,0.144311,0
1189,67.5320,80.5291,0.8386,1.1925,0.3723,0.0466,0.175990,0.239590,0.063601,0
1190,79.8297,89.6579,0.8904,1.1231,1.0551,0.0567,0.471140,0.472658,0.001518,1
1191,72.7763,72.8680,0.9987,1.0013,0.1014,0.0369,0.490477,0.490783,0.000306,1
1192,62.3518,68.0395,0.9164,1.0912,1.1227,0.0431,0.464341,0.464449,0.000108,1
1193,73.9372,97.6315,0.7573,1.3205,1.2675,0.0237,0.161805,0.289215,0.127410,0
1194,52.9582,40.3788,1.3115,0.7625,0.6157,0.0497,0.450253,0.450695,0.000441,0
1195,51.0813,64.0246,0.7978,1.2534,1.4048,0.0232,0.174464,0.174739,0.000276,0
1196,73.6845,72.4472,1.0171,0.9832,0.5884,0.0231,0.450351,0.450487,0.000136,1
1197,20.2966,19.3761,1.0475,0.9546,0.9663,0.0310,0.268155,0.268159,0.000003,1
1198,20.3589,26.2395,0.7759,1.2888,0.2290,0.0438,0.243179,0.311462,0.068283,0
1199,57.0800,73.9857,0.7715,1.2962,1.0235,0.0273,0.489866,0.489894,0.000028,0
1200,44.4234,54.7296,0.8117,1.2320,0.1412,0.0410,0.454514,0.460567,0.006053,0
1201,48.8437,59.6830,0.8184,1.2219,0.1783,0.0275,0.542065,0.542462,0.000397,0
1202,45.8571,61.6186,0.7442,1.3437,0.6941,0.0207,0.294145,0.297156,0.003011,0
1203,28.2473,27.1134,1.0418,0.9599,0.8242,0.0364,0.399825,0.399825,0.000001,1
1204,29.4723,40.4850,0.7280,1.3737,0.1179,0.0575,0.160620,0.200000,0.039380,0
1205,42.9090,39.4294,1.0883,0.9189,0.7431,0.0566,0.242178,0.242213,0.000035,1
1206,59.1455,63.5703,0.9304,1.0748,0.3017,0.0572,0.178785,0.178787,0.000002,1
1207,57.1404,45.6745,1.2510,0.7993,0.6121,0.0585,0.522192,0.522259,0.000067,0
1208,54.0129,41.3306,1.3068,0.7652,0.8468,0.0471,0.461582,0.461741,0.000159,0
1209,54.7105,48.0111,1.1395,0.8775,0.6119,0.0216,0.235098,0.235172,0.000074,1
1210,74.9315,63.9663,1.1714,0.8537,0.6054,0.0362,0.344061,0.344529,0.000468,0
1211,35.9398,34.9486,1.0284,0.9724,0.8356,0.0356,0.185475,0.185479,0.000005,1
1212,35.7402,49.7996,0.7177,1.3934,0.6707,0.0521,0.476182,0.010000,0.466182,0
1213,35.2660,44.2734,0.7965,1.2554,0.4809,0.0223,0.151868,0.199012,0.047144,0
1214,70.0204,53.5751,1.3070,0.7651,0.5580,0.0334,0.330157,0.333988,0.003831,0
1215,44.0864,31.3050,1.4083,0.7101,0.3396,0.0213,0.151428,0.360098,0.208669,0
1216,37.2527,45.7800,0.8137,1.2289,0.2949,0.0553,0.429293,0.429501,0.000208,0
1217,45.8351,39.9953,1.1460,0.8726,0.9441,0.0237,0.367121,0.367121,0.000000,1
1218,30.1920,34.8469,0.8664,1.1542,1.1066,0.0490,0.286955,0.286975,0.000020,1
1219,33.3763,45.9189,0.7269,1.3758,0.5858,0.0437,0.366437,0.368167,0.001729,0
1220,55.4082,54.6601,1.0137,0.9865,0.9033,0.0261,0.507775,0.507875,0.000100,1
1221,60.2606,64.3196,0.9369,1.0674,0.5348,0.0487,0.263382,0.263383,0.000000,1
1222,48.7631,66.4911,0.7334,1.3636,1.0407,0.0487,0.397554,0.397613,0.000059,0
1223,34.8961,36.9961,0.9432,1.0602,0.4581,0.0561,0.304302,0.304302,0.000000,1
1224,24.5448,31.8915,0.7696,1.2993,0.9866,0.0376,0.404585,0.404605,0.000020,0
1225,57.5854,45.6168,1.2624,0.7922,0.1253,0.0268,0.443075,0.480345,0.037270,0
1226,28.7069,32.9372,0.8716,1.1474,0.5866,0.0599,0.221194,0.221206,0.000012,1
1227,42.1583,50.9628,0.8272,1.2088,1.4721,0.0352,0.463083,0.463177,0.000094,0
1228,20.4724,25.9433,0.7891,1.2672,0.3267,0.0501,0.463852,0.464140,0.000287,0
1229,54.3113,44.6337,1.2168,0.8218,0.2516,0.0474,0.350555,0.355122,0.004566,0
1230,70.1981,83.8463,0.8372,1.1944,0.5428,0.0518,0.168421,0.182915,0.014494,0
1231,74.8363,99.4694,0.7524,1.3292,0.5084,0.0293,0.178077,0.264015,0.085938,0
1232,22.0399,28.4084,0.7758,1.2890,0.6803,0.0574,0.339093,0.339210,0.000117,0
1233,55.6957,55.4756,1.0040,0.9960,1.0339,0.0326,0.166980,0.166987,0.000007,1
1234,75.4643,71.3792,1.0572,0.9459,0.8475,0.0221,0.320574,0.320693,0.000119,1
1235,57.4389,50.1845,1.1446,0.8737,1.0873,0.0562,0.314019,0.314101,0.000082,1
1236,57.2338,47.8766,1.1954,0.8365,0.4060,0.0325,0.477195,0.477224,0.000029,0
1237,55.4228,75.8207,0.7310,1.3680,1.0601,0.0569,0.440182,0.440258,0.000076,0
1238,72.8129,97.6915,0.7453,1.3417,0.3762,0.0204,0.406441,0.438191,0.031750,0
1239,77.3614,88.7334,0.8718,1.1470,0.7035,0.0547,0.398408,0.401245,0.002836,1
1240,30.6149,33.1303,0.9241,1.0822,0.5786,0.0482,0.340790,0.340790,0.000000,1
1241,63.0714,61.8560,1.0196,0.9807,0.7026,0.0486,0.312261,0.312267,0.000007,1
1242,31.7228,27.9189,1.1362,0.8801,0.4590,0.0508,0.548389,0.548388,0.000000,1
1243,56.5947,64.0714,0.8833,1.1321,0.6414,0.0274,0.358905,0.358901,0.000004,1
1244,59.0265,55.2826,1.0677,0.9366,0.2342,0.0500,0.281352,0.281354,0.000003,1
1245,48.7191,45.9579,1.0601,0.9433,0.6354,0.0220,0.207350,0.207349,0.000002,1
1246,70.8609,72.6109,0.9759,1.0247,1.3141,0.0234,0.190529,0.190635,0.000107,1
1247,61.5607,66.7594,0.9221,1.0844,1.3871,0.0598,0.427108,0.427276,0.000168,1
1248,72.3789,94.6833,0.7644,1.3082,1.0898,0.0564,0.175501,0.207615,0.032114,0
1249,24.0724,31.9920,0.7525,1.3290,1.0216,0.0513,0.242007,0.242477,0.000470,0
1250,70.8866,66.8569,1.0603,0.9432,0.8897,0.0578,0.421468,0.421522,0.000054,1
1251,45.3957,35.8355,1.2668,0.7894,0.6577,0.0335,0.171180,0.213838,0.042658,0
1252,46.4632,57.7301,0.8048,1.2425,0.7817,0.0234,0.537292,0.537290,0.000002,0
1253,29.5016,40.3134,0.7318,1.3665,0.5392,0.0598,0.220766,0.261784,0.041018,0
1254,73.9756,82.2756,0.8991,1.1122,0.7092,0.0279,0.303984,0.305222,0.001237,1
1255,67.0632,49.0001,1.3686,0.7307,0.5670,0.0375,0.219973,0.309580,0.089607,0
1256,44.6266,33.5372,1.3307,0.7515,0.5650,0.0297,0.418490,0.419499,0.001009,0
1257,66.3289,56.1819,1.1806,0.8470,0.7151,0.0331,0.479356,0.479359,0.000003,0
1258,61.8482,84.9385,0.7282,1.3733,0.2122,0.0510,0.424337,0.462499,0.038162,0
1259,21.6846,16.6130,1.3053,0.7661,0.3436,0.0570,0.440988,0.444378,0.003390,0
1260,55.1628,54.7020,1.0084,0.9916,0.9205,0.0581,0.209914,0.209952,0.000038,1
1261,43.7916,44.6046,0.9818,1.0186,0.7343,0.0492,0.238040,0.238164,0.000124,1
1262,74.2778,79.7221,0.9317,1.0733,0.9866,0.0511,0.273515,0.274012,0.000497,1
1263,46.4614,49.1790,0.9447,1.0585,0.7242,0.0221,0.534680,0.534790,0.000110,1
1264,61.3538,73.6455,0.8331,1.2003,1.2095,0.0304,0.455954,0.456035,0.000081,0
1265,20.0146,15.7937,1.2673,0.7891,0.7945,0.0557,0.327715,0.328530,0.000815,0
1266,39.8566,34.8355,1.1441,0.8740,0.9837,0.0588,0.273148,0.273263,0.000115,1
1267,36.5404,45.9281,0.7956,1.2569,0.6369,0.0370,0.407881,0.407910,0.000028,0
1268,30.9830,38.7423,0.7997,1.2504,0.6233,0.0505,0.394697,0.394722,0.000024,0
1269,26.3796,31.9531,0.8256,1.2113,0.5746,0.0263,0.151001,0.165996,0.014995,0
1270,40.9864,51.8980,0.7897,1.2662,0.1119,0.0576,0.258292,0.300000,0.041708,0
1271,35.2403,45.0084,0.7830,1.2772,1.0963,0.0310,0.288420,0.288467,0.000047,0
1272,22.2211,18.4800,1.2024,0.8316,1.1693,0.0339,0.536682,0.536692,0.000010,0
1273,54.6684,42.0728,1.2994,0.7696,1.0851,0.0273,0.541174,0.541200,0.000026,0
1274,24.8781,21.6707,1.1480,0.8711,0.1013,0.0399,0.429855,0.431515,0.001660,1
1275,52.9582,57.0299,0.9286,1.0769,1.1269,0.0532,0.343744,0.343870,0.000126,1
1276,32.7610,43.1982,0.7584,1.3186,0.1378,0.0382,0.194118,0.300000,0.105882,0
1277,36.3646,27.0121,1.3462,0.7428,0.6700,0.0248,0.381050,0.382411,0.001361,0
1278,42.5263,32.5075,1.3082,0.7644,0.4340,0.0412,0.189003,0.315151,0.126148,0
1279,59.1931,81.2505,0.7285,1.3726,0.6356,0.0511,0.165906,0.291873,0.125966,0
1280,29.0493,38.7689,0.7493,1.3346,0.7935,0.0317,0.273576,0.275209,0.001634,0
1281,33.4678,35.5655,0.9410,1.0627,0.4287,0.0455,0.244742,0.244740,0.000001,1
1282,27.4508,30.4087,0.9027,1.1078,1.2328,0.0575,0.466172,0.466311,0.000139,1
1283,22.0087,28.5215,0.7717,1.2959,0.6501,0.0350,0.285514,0.286591,0.001077,0
1284,22.5398,26.3928,0.8540,1.1709,0.7358,0.0562,0.244351,0.244364,0.000013,1
1285,50.2115,52.2871,0.9603,1.0413,1.4263,0.0405,0.524413,0.524518,0.000105,1
1286,76.1419,92.9220,0.8194,1.2204,0.9032,0.0521,0.156946,0.172413,0.015467,0
1287,79.3463,98.0022,0.8096,1.2351,0.4434,0.0299,0.477049,0.490651,0.013602,0
1288,29.7928,22.9642,1.2974,0.7708,0.6704,0.0398,0.395210,0.395703,0.000493,0
1289,45.0459,35.5556,1.2669,0.7893,0.5611,0.0248,0.504723,0.504784,0.000061,0
1290,62.0441,79.2431,0.7830,1.2772,0.8216,0.0391,0.277726,0.279367,0.001641,0
1291,56.5270,71.2136,0.7938,1.2598,0.1622,0.0348,0.218044,0.300000,0.081956,0
1292,23.3161,19.5121,1.1950,0.8369,1.4377,0.0572,0.291765,0.292023,0.000259,0
1293,32.2886,28.9183,1.1165,0.8956,1.0595,0.0422,0.247488,0.247525,0.000037,1
1294,24.9916,34.1532,0.7317,1.3666,0.6640,0.0487,0.453098,0.453270,0.000172,0
1295,34.3742,43.8134,0.7846,1.2746,1.4785,0.0323,0.464805,0.464814,0.000009,0
1296,70.0369,61.1211,1.1459,0.8727,1.2396,0.0519,0.547363,0.547419,0.000055,1
1297,72.7763,79.4740,0.9157,1.0920,1.0641,0.0493,0.548950,0.549297,0.000347,1
1298,47.9226,47.5530,1.0078,0.9923,0.8680,0.0410,0.548083,0.548192,0.000108,1
1299,42.2681,42.2447,1.0006,0.9994,0.8832,0.0278,0.506883,0.506985,0.000102,1
1300,44.2549,40.5744,1.0907,0.9168,0.1112,0.0580,0.419491,0.419516,0.000025,1
1301,42.9237,46.0827,0.9314,1.0736,1.4866,0.0264,0.432162,0.432246,0.000084,1
1302,42.7827,45.1096,0.9484,1.0544,1.4233,0.0549,0.457114,0.457265,0.000151,1
1303,40.5377,41.4800,0.9773,1.0232,0.3400,0.0419,0.263041,0.263209,0.000168,1
1304,71.9706,56.0497,1.2840,0.7788,1.1784,0.0577,0.344647,0.345095,0.000448,0
1305,61.5699,86.0058,0.7159,1.3969,0.7930,0.0504,0.237149,0.279807,0.042659,0
1306,77.5005,69.2157,1.1197,0.8931,0.8836,0.0576,0.462790,0.463145,0.000354,1
1307,66.5908,61.7483,1.0784,0.9273,0.5189,0.0350,0.181117,0.181143,0.000027,1
1308,73.4428,54.1211,1.3570,0.7369,0.3464,0.0297,0.323968,0.368296,0.044328,0
1309,23.9424,31.7982,0.7529,1.3281,1.0895,0.0375,0.171094,0.178297,0.007203,0
1310,45.8589,38.0675,1.2047,0.8301,0.1931,0.0219,0.376472,0.380237,0.003765,0
1311,29.0860,38.5673,0.7542,1.3260,1.3271,0.0471,0.304277,0.304327,0.000050,0
1312,40.8783,41.1586,0.9932,1.0069,0.1637,0.0464,0.472044,0.472283,0.000239,1
1313,22.1790,30.2319,0.7336,1.3631,0.1790,0.0494,0.381281,0.456535,0.075254,0
1314,32.2044,44.8226,0.7185,1.3918,1.2229,0.0562,0.273490,0.273782,0.000291,0
1315,44.6193,41.1048,1.0855,0.9212,0.1573,0.0528,0.266178,0.266349,0.000171,1
1316,78.1103,89.0851,0.8768,1.1405,0.3039,0.0540,0.241580,0.251830,0.010250,1
1317,41.7206,41.3178,1.0098,0.9903,0.9555,0.0331,0.413094,0.413196,0.000102,1
1318,52.8153,65.9475,0.8009,1.2486,0.4090,0.0354,0.235452,0.245672,0.010220,0
1319,21.1921,21.5710,0.9824,1.0179,1.3717,0.0531,0.177540,0.177621,0.000081,1
1320,39.1241,33.8201,1.1568,0.8644,0.4090,0.0346,0.236404,0.237490,0.001086,0
1321,52.9911,43.4627,1.2192,0.8202,0.2065,0.0453,0.515783,0.516311,0.000528,0
1322,45.8333,52.9428,0.8657,1.1551,0.9879,0.0365,0.311919,0.311922,0.000003,1
1323,42.9310,38.4774,1.1157,0.8963,0.8392,0.0264,0.166626,0.166751,0.000124,1
1324,72.3698,51.9297,1.3936,0.7176,1.3399,0.0234,0.325115,0.326033,0.000918,0
1325,27.7273,29.1317,0.9518,1.0507,0.7916,0.0341,0.258304,0.258417,0.000113,1
1326,51.6178,63.2172,0.8165,1.2247,0.8222,0.0277,0.514293,0.514291,0.000003,0
1327,20.3681,28.3064,0.7196,1.3897,1.0474,0.0576,0.536157,0.536201,0.000044,0
1328,47.6333,57.0144,0.8355,1.1969,1.3754,0.0400,0.368122,0.368139,0.000017,0
1329,39.3219,46.8998,0.8384,1.1927,0.8655,0.0272,0.517895,0.517890,0.000004,0
1330,75.4131,69.6939,1.0821,0.9242,0.3091,0.0349,0.454038,0.454419,0.000381,1
1331,40.7062,31.0692,1.3102,0.7633,1.0046,0.0291,0.299016,0.300006,0.000991,0
1332,72.4540,63.1453,1.1474,0.8715,1.4050,0.0476,0.470420,0.470524,0.000104,1
1333,36.5752,26.5848,1.3758,0.7269,1.3151,0.0398,0.303667,0.305615,0.001948,0
1334,54.1942,55.3600,0.9789,1.0215,1.3685,0.0343,0.438168,0.438263,0.000095,1
1335,62.3920,58.6786,1.0633,0.9405,1.0533,0.0328,0.455564,0.455663,0.000100,1
1336,74.8747,95.3233,0.7855,1.2731,0.2589,0.0392,0.272623,0.324972,0.052348,0
1337,50.2152,35.7578,1.4043,0.7121,0.4789,0.0320,0.478050,0.481096,0.003047,0
1338,79.5605,61.4219,1.2953,0.7720,1.4006,0.0343,0.434030,0.434612,0.000582,0
1339,28.4194,33.4112,0.8506,1.1756,0.4134,0.0460,0.174635,0.178778,0.004143,1
1340,59.4458,48.9536,1.2143,0.8235,1.2186,0.0438,0.192872,0.195177,0.002304,0
1341,61.5662,68.9697,0.8927,1.1203,0.5175,0.0281,0.238150,0.238172,0.000022,1
1342,38.5638,29.9596,1.2872,0.7769,0.8106,0.0365,0.316289,0.317243,0.000953,0
1343,62.7235,45.0159,1.3934,0.7177,0.9722,0.0314,0.241140,0.262926,0.021786,0
1344,33.3488,33.6188,0.9920,1.0081,1.0521,0.0316,0.531933,0.532029,0.000096,1
1345,52.7421,48.3366,1.0911,0.9165,0.1045,0.0475,0.420077,0.420108,0.000031,1
1346,24.3397,31.6053,0.7701,1.2985,1.3908,0.0586,0.208376,0.208475,0.000100,0
1347,24.0028,20.7200,1.1584,0.8632,0.7423,0.0429,0.332403,0.332433,0.000030,0
1348,69.5096,52.4195,1.3260,0.7541,0.8179,0.0327,0.154041,0.234185,0.080145,0
1349,67.7371,85.2682,0.7944,1.2588,0.6051,0.0407,0.288066,0.294568,0.006502,0
1350,78.4307,68.0007,1.1534,0.8670,0.1565,0.0281,0.330987,0.340711,0.009724,0
1351,61.4307,82.6329,0.7434,1.3451,0.3044,0.0584,0.486033,0.494754,0.008721,0
1352,43.5737,35.9099,1.2134,0.8241,1.3806,0.0469,0.256241,0.256565,0.000324,0
1353,23.7904,31.8240,0.7476,1.3377,0.4132,0.0394,0.271586,0.301012,0.029427,0
1354,76.6289,81.4270,0.9411,1.0626,0.7278,0.0518,0.370014,0.370511,0.000497,1
1355,66.5175,70.0971,0.9489,1.0538,1.4549,0.0404,0.521618,0.521730,0.000113,1
1356,51.6343,61.0765,0.8454,1.1829,0.4825,0.0592,0.538195,0.538194,0.000001,0
1357,62.4067,76.6438,0.8142,1.2281,0.4136,0.0332,0.512389,0.513086,0.000697,0
1358,60.2991,78.8435,0.7648,1.3075,0.6521,0.0273,0.176710,0.267800,0.091090,0
1359,25.6087,21.4618,1.1932,0.8381,0.3761,0.0270,0.178883,0.209823,0.030940,0
1360,25.5647,31.9131,0.8011,1.2483,0.5150,0.0591,0.485520,0.485534,0.000013,0
1361,39.3768,50.2410,0.7838,1.2759,0.8404,0.0243,0.484263,0.484270,0.000007,0
1362,24.9623,18.7855,1.3288,0.7526,0.5599,0.0233,0.212221,0.273651,0.061430,0
1363,67.3232,59.3857,1.1337,0.8821,0.7485,0.0325,0.534765,0.534762,0.000003,1
1364,32.8599,45.5026,0.7222,1.3847,0.4332,0.0584,0.278825,0.316890,0.038065,0
1365,23.2246,27.6323,0.8405,1.1898,1.2977,0.0503,0.348053,0.348086,0.000034,0
1366,68.0868,60.7501,1.1208,0.8922,0.5493,0.0343,0.349176,0.349179,0.000003,1
1367,49.3106,44.6755,1.1037,0.9060,0.1234,0.0405,0.261771,0.263827,0.002056,1
1368,77.8246,66.0271,1.1787,0.8484,0.5576,0.0445,0.441000,0.441819,0.000819,0
1369,41.4203,39.8382,1.0397,0.9618,1.0140,0.0275,0.504173,0.504270,0.000096,1
1370,27.9104,22.1351,1.2609,0.7931,0.2910,0.0569,0.242850,0.314415,0.071566,0
1371,58.7609,75.5783,0.7775,1.2862,0.1750,0.0306,0.490416,0.501164,0.010748,0
1372,51.0172,53.2950,0.9573,1.0446,0.7065,0.0260,0.335296,0.335411,0.000115,1
1373,43.7202,51.9039,0.8423,1.1872,1.2964,0.0458,0.405354,0.405377,0.000023,0
1374,55.2269,53.5315,1.0317,0.9693,0.4492,0.0526,0.284355,0.284356,0.000001,1
1375,50.9549,37.8543,1.3461,0.7429,1.1505,0.0385,0.237918,0.247016,0.009099,0
1376,23.8160,21.5713,1.1041,0.9057,0.8037,0.0249,0.226772,0.226779,0.000006,1
1377,62.0624,43.8202,1.4163,0.7061,0.2562,0.0453,0.292070,0.506811,0.214741,0
1378,49.9295,39.4636,1.2652,0.7904,0.9112,0.0252,0.348297,0.348442,0.000145,0
1379,60.3119,77.8978,0.7742,1.2916,0.3368,0.0328,0.165918,0.424721,0.258803,0
1380,34.9583,33.1854,1.0534,0.9493,1.2036,0.0543,0.219362,0.219438,0.000075,1
1381,36.3390,37.7511,0.9626,1.0389,1.3723,0.0279,0.513121,0.513208,0.000086,1
1382,64.2836,80.6683,0.7969,1.2549,0.4196,0.0566,0.547559,0.549379,0.001820,0
1383,48.2540,34.0149,1.4186,0.7049,1.0633,0.0481,0.229543,0.268260,0.038716,0
1384,45.9651,33.3647,1.3777,0.7259,0.6791,0.0558,0.381379,0.385462,0.004083,0
1385,65.4500,54.7593,1.1952,0.8367,0.7617,0.0529,0.493748,0.493773,0.000025,0
1386,24.7169,20.1347,1.2276,0.8146,0.1018,0.0498,0.407552,0.455115,0.047564,0
1387,42.2791,58.4574,0.7232,1.3827,0.2582,0.0371,0.180323,0.300000,0.119677,0
1388,52.2953,68.8341,0.7597,1.3163,0.5148,0.0332,0.171705,0.264282,0.092578,0
1389,73.0015,74.4222,0.9809,1.0195,1.3271,0.0496,0.414107,0.414244,0.000137,1
1390,34.0574,33.5212,1.0160,0.9843,1.4885,0.0233,0.272514,0.272599,0.000085,1
1391,50.6400,59.5347,0.8506,1.1756,0.2784,0.0408,0.485691,0.485702,0.000011,1
1392,67.1291,72.9328,0.9204,1.0865,1.4509,0.0401,0.279325,0.279507,0.000182,1
1393,67.0357,68.5910,0.9773,1.0232,0.4489,0.0570,0.460263,0.460415,0.000151,1
1394,26.0756,26.5898,0.9807,1.0197,0.1168,0.0250,0.156336,0.156335,0.000000,1
1395,46.9539,63.9330,0.7344,1.3616,0.4313,0.0209,0.227114,0.300858,0.073744,0
1396,24.6272,31.0547,0.7930,1.2610,0.5188,0.0555,0.188563,0.202533,0.013970,0
1397,43.1434,52.9795,0.8143,1.2280,0.7908,0.0432,0.310332,0.310352,0.000020,0
1398,34.1984,41.0608,0.8329,1.2007,0.3115,0.0296,0.250430,0.255072,0.004641,0
1399,49.1824,40.2705,1.2213,0.8188,1.3064,0.0332,0.339984,0.340032,0.000048,0
1400,39.5837,44.4511,0.8905,1.1230,1.1151,0.0459,0.182679,0.182697,0.000018,1
1401,50.3763,54.8726,0.9181,1.0893,0.6882,0.0334,0.518383,0.518498,0.000115,1
1402,26.2789,26.3019,0.9991,1.0009,0.4372,0.0481,0.301115,0.301114,0.000002,1
1403,47.2890,51.7836,0.9132,1.0950,1.1370,0.0446,0.357062,0.357172,0.000110,1
1404,50.2847,40.2761,1.2485,0.8010,1.3564,0.0480,0.298222,0.298529,0.000307,0
1405,69.2697,72.2974,0.9581,1.0437,1.0871,0.0210,0.458335,0.458446,0.000111,1
1406,27.3080,32.2579,0.8466,1.1813,0.8155,0.0540,0.469040,0.469049,0.000008,0
1407,44.0114,53.6307,0.8206,1.2186,0.5100,0.0343,0.218532,0.220773,0.002241,0
1408,61.5186,77.0001,0.7989,1.2517,0.6577,0.0502,0.542627,0.543052,0.000425,0
1409,41.4277,50.2079,0.8251,1.2119,0.9038,0.0298,0.490757,0.490755,0.000002,0
1410,21.9153,21.6845,1.0106,0.9895,0.4021,0.0332,0.483152,0.483303,0.000151,1
1411,23.0708,31.0960,0.7419,1.3479,0.2415,0.0408,0.510997,0.516266,0.005269,0
1412,74.5543,89.2899,0.8350,1.1977,0.7805,0.0273,0.487620,0.490768,0.003148,0
1413,59.9841,46.1613,1.2994,0.7696,0.9727,0.0406,0.214492,0.227316,0.012824,0
1414,58.5595,52.7586,1.1100,0.9009,0.8158,0.0438,0.501671,0.501676,0.000005,1
1415,49.2373,54.5156,0.9032,1.1072,0.3389,0.0361,0.297661,0.297659,0.000002,1
1416,21.0034,19.5362,1.0751,0.9301,0.6917,0.0267,0.150977,0.151000,0.000023,1
1417,40.3418,32.6328,1.2362,0.8089,1.0514,0.0332,0.466318,0.466338,0.000020,0
1418,47.2634,65.4812,0.7218,1.3855,0.6142,0.0315,0.492613,0.492891,0.000278,0
1419,74.5909,89.8644,0.8300,1.2048,0.2669,0.0477,0.302678,0.325138,0.022460,0
1420,47.4172,39.6183,1.1968,0.8355,0.6797,0.0203,0.278898,0.279079,0.000181,0
1421,20.5603,25.9655,0.7918,1.2629,0.2526,0.0542,0.530395,0.530699,0.000304,0
1422,32.7958,37.1739,0.8822,1.1335,1.2098,0.0475,0.346307,0.346422,0.000115,1
1423,75.3764,88.9703,0.8472,1.1803,1.4370,0.0504,0.211721,0.215090,0.003369,0
1424,27.4929,29.0159,0.9475,1.0554,1.0688,0.0597,0.341839,0.341980,0.000141,1
1425,50.7700,51.4338,0.9871,1.0131,0.7702,0.0428,0.220595,0.220601,0.000006,1
1426,75.1402,99.7322,0.7534,1.3273,0.3200,0.0551,0.332562,0.366372,0.033810,0
1427,33.8157,39.8781,0.8480,1.1793,0.9377,0.0485,0.251578,0.251591,0.000013,0
1428,28.7893,38.5559,0.7467,1.3392,1.1778,0.0504,0.355988,0.356036,0.000048,0
1429,40.9735,34.9881,1.1711,0.8539,1.4697,0.0448,0.298027,0.298121,0.000094,0
1430,39.1479,46.5928,0.8402,1.1902,1.3446,0.0510,0.514672,0.514795,0.000123,0
1431,29.2654,38.0382,0.7694,1.2998,1.2268,0.0301,0.211000,0.211456,0.000455,0
1432,70.7950,84.9101,0.8338,1.1994,0.6657,0.0418,0.443112,0.445565,0.002453,0
1433,26.6451,24.9056,1.0698,0.9347,0.8104,0.0276,0.485984,0.486091,0.000107,1
1434,45.2638,54.2886,0.8338,1.1994,0.5652,0.0471,0.333111,0.333127,0.000016,0
1435,73.0674,59.1969,1.2343,0.8102,1.0016,0.0550,0.465696,0.465812,0.000117,0
1436,61.2458,50.6831,1.2084,0.8275,0.5079,0.0279,0.241116,0.244177,0.003061,0
1437,21.4466,16.1186,1.3305,0.7516,1.2696,0.0456,0.545264,0.545357,0.000094,0
1438,23.1422,29.9929,0.7716,1.2960,0.1599,0.0405,0.171216,0.300000,0.128784,0
1439,71.4982,91.7684,0.7791,1.2835,0.3678,0.0359,0.169422,0.269122,0.099700,0
1440,47.5582,37.1901,1.2788,0.7820,0.1468,0.0374,0.478001,0.498679,0.020678,0
1441,36.4946,36.8946,0.9892,1.0110,1.1358,0.0490,0.472056,0.472174,0.000118,1
1442,20.1172,27.7021,0.7262,1.3770,0.5259,0.0358,0.515416,0.515731,0.000315,0
1443,31.1808,38.8364,0.8029,1.2455,0.9256,0.0368,0.374335,0.374344,0.000009,0
1444,50.2573,45.5010,1.1045,0.9054,0.6618,0.0261,0.421419,0.421416,0.000004,1
1445,35.5040,26.1597,1.3572,0.7368,0.8409,0.0456,0.481004,0.481295,0.000291,0
1446,66.3088,79.7944,0.8310,1.2034,0.3064,0.0488,0.522338,0.524363,0.002024,0
1447,51.3285,55.6280,0.9227,1.0838,0.2902,0.0471,0.442404,0.442398,0.000006,1
1448,35.2641,48.7249,0.7237,1.3817,0.6999,0.0312,0.316692,0.319758,0.003066,0
1449,45.2254,38.1281,1.1861,0.8431,1.3005,0.0285,0.435910,0.435918,0.000009,0
1450,48.3053,34.2347,1.4110,0.7087,1.0129,0.0343,0.405745,0.406633,0.000888,0
1451,37.1923,33.9983,1.0939,0.9141,0.8675,0.0548,0.310991,0.311022,0.000031,1
1452,71.9358,57.0415,1.2611,0.7930,0.6138,0.0216,0.525500,0.525530,0.000030,0
1453,70.5130,87.6871,0.8041,1.2436,0.4292,0.0595,0.190602,0.311689,0.121087,0
1454,73.2817,98.4316,0.7445,1.3432,1.2383,0.0279,0.255228,0.270591,0.015363,0
1455,59.1089,62.1798,0.9506,1.0520,0.2030,0.0586,0.174683,0.174682,0.000001,1
1456,33.7059,36.5213,0.9229,1.0835,0.1482,0.0211,0.477854,0.477849,0.000005,1
1457,33.4275,44.1563,0.7570,1.3210,0.3020,0.0403,0.502489,0.503641,0.001153,0
1458,35.4051,36.6887,0.9650,1.0363,1.1533,0.0451,0.499583,0.499693,0.000110,1
1459,31.4957,34.1575,0.9221,1.0845,0.9215,0.0406,0.546118,0.546223,0.000105,1
1460,28.2473,28.0434,1.0073,0.9928,0.9205,0.0208,0.349933,0.350033,0.000100,1
1461,45.7344,60.6878,0.7536,1.3270,0.3280,0.0429,0.381147,0.388236,0.007088,0
1462,66.4296,60.6907,1.0946,0.9136,0.8815,0.0258,0.227126,0.227130,0.000004,1
1463,56.1974,50.1058,1.1216,0.8916,0.5784,0.0218,0.258121,0.258135,0.000014,1
1464,73.9702,86.1489,0.8586,1.1646,0.4376,0.0569,0.180152,0.191871,0.011719,1
1465,34.1710,42.2089,0.8096,1.2352,0.1080,0.0491,0.534826,0.541159,0.006333,0
1466,42.3395,40.3053,1.0505,0.9520,0.8451,0.0495,0.175648,0.175675,0.000027,1
1467,44.5241,45.0339,0.9887,1.0115,0.8395,0.0599,0.169910,0.169942,0.000032,1
1468,29.7726,32.5635,0.9143,1.0937,1.4947,0.0500,0.535949,0.536082,0.000132,1
1469,47.8695,44.0060,1.0878,0.9193,1.3425,0.0525,0.376753,0.376822,0.000070,1
1470,67.9440,88.7510,0.7656,1.3062,0.2764,0.0283,0.204286,0.327164,0.122878,0
1471,22.3933,17.8797,1.2524,0.7984,0.5096,0.0317,0.539514,0.539556,0.000043,0
1472,34.9236,46.0079,0.7591,1.3174,1.2976,0.0229,0.243936,0.244203,0.000267,0
1473,27.2988,26.6701,1.0236,0.9770,0.2591,0.0524,0.254434,0.254432,0.000003,1
1474,51.2314,61.1581,0.8377,1.1938,0.5882,0.0225,0.459995,0.459993,0.000002,0
1475,32.9203,28.6374,1.1496,0.8699,0.6272,0.0217,0.225185,0.225347,0.000162,1
1476,65.9169,53.5855,1.2301,0.8129,0.9544,0.0516,0.495860,0.495907,0.000046,0
1477,64.1041,68.8109,0.9316,1.0734,0.5301,0.0514,0.363874,0.363892,0.000018,1
1478,49.4589,43.0105,1.1499,0.8696,1.3964,0.0267,0.451047,0.451052,0.000005,1
1479,20.8515,26.8632,0.7762,1.2883,0.1450,0.0374,0.478355,0.498981,0.020626,0
1480,67.2024,61.1382,1.0992,0.9098,1.0784,0.0471,0.442685,0.442709,0.000024,1
1481,51.2241,37.1208,1.3799,0.7247,0.3458,0.0287,0.411580,0.429695,0.018115,0
1482,38.7542,53.3850,0.7259,1.3775,1.4898,0.0517,0.440023,0.440081,0.000058,0
1483,53.2072,67.9190,0.7834,1.2765,0.6152,0.0323,0.290153,0.290905,0.000752,0
1484,42.6600,33.0663,1.2901,0.7751,0.3475,0.0446,0.389692,0.394601,0.004908,0
1485,52.6542,41.7792,1.2603,0.7935,0.4151,0.0390,0.286662,0.297049,0.010387,0
1486,69.1653,90.6537,0.7630,1.3107,0.9399,0.0289,0.168897,0.291919,0.123022,0
1487,60.5060,61.2402,0.9880,1.0121,1.1966,0.0393,0.454746,0.454848,0.000103,1
1488,64.6883,89.5050,0.7227,1.3836,0.5628,0.0539,0.504625,0.511852,0.007227,0
1489,52.2312,42.7780,1.2210,0.8190,0.5609,0.0497,0.205605,0.220444,0.014839,0
1490,57.0067,77.9303,0.7315,1.3670,1.2445,0.0425,0.528600,0.528777,0.000177,0
1491,52.9582,42.2907,1.2522,0.7986,1.0051,0.0340,0.511229,0.511249,0.000020,0
1492,67.7865,62.9976,1.0760,0.9294,1.4508,0.0307,0.351764,0.351778,0.000014,1
1493,50.8194,48.4451,1.0490,0.9533,0.8786,0.0263,0.192225,0.192226,0.000001,1
1494,56.4025,69.5542,0.8109,1.2332,1.0992,0.0572,0.385591,0.385622,0.000031,0
1495,55.9868,53.6904,1.0428,0.9590,1.3232,0.0501,0.527160,0.527290,0.000130,1
1496,43.4986,60.4688,0.7194,1.3901,1.3526,0.0222,0.364252,0.364346,0.000094,0
1497,71.2693,58.7815,1.2124,0.8248,0.3273,0.0382,0.155225,0.273962,0.118738,0
1498,21.8604,21.4522,1.0190,0.9813,1.4903,0.0470,0.178065,0.178142,0.000078,1
1499,59.4714,74.3755,0.7996,1.2506,0.8904,0.0488,0.285844,0.286059,0.000215,0
1500,23.6164,18.9719,1.2448,0.8033,1.0439,0.0447,0.167188,0.184784,0.017596,0
1501,20.5219,26.7271,0.7678,1.3024,0.3230,0.0559,0.425973,0.427460,0.001487,0
1502,23.7886,31.2565,0.7611,1.3139,0.9030,0.0501,0.494115,0.494133,0.000019,0
1503,65.0545,68.0480,0.9560,1.0460,0.5897,0.0213,0.240201,0.240209,0.000008,1
1504,48.4719,36.9706,1.3111,0.7627,0.2302,0.0293,0.463999,0.473779,0.009780,0
1505,48.2485,37.6640,1.2810,0.7806,0.5999,0.0506,0.418856,0.419253,0.000397,0
1506,48.8235,40.9999,1.1908,0.8398,1.3387,0.0590,0.444369,0.444491,0.000122,0
1507,45.9395,54.1254,0.8488,1.1782,0.9530,0.0280,0.395308,0.395306,0.000002,0
1508,47.2469,42.2982,1.1170,0.8953,0.7591,0.0308,0.198524,0.198586,0.000061,1
1509,31.3639,33.2152,0.9443,1.0590,0.5123,0.0275,0.476902,0.477035,0.000133,1
1510,46.8166,38.2294,1.2246,0.8166,0.3345,0.0291,0.441818,0.442087,0.000269,0
1511,23.5047,23.4199,1.0036,0.9964,0.4001,0.0544,0.282524,0.282523,0.000000,1
1512,67.1419,48.8683,1.3739,0.7278,0.4961,0.0387,0.505626,0.506768,0.001142,0
1513,23.8417,27.0876,0.8802,1.1361,1.4429,0.0446,0.164930,0.164963,0.000034,1
1514,76.4019,64.5017,1.1845,0.8442,0.8802,0.0336,0.201027,0.203486,0.002459,0
1515,75.1311,99.8934,0.7521,1.3296,1.4339,0.0253,0.187513,0.222198,0.034685,0
1516,58.2794,58.4537,0.9970,1.0030,0.3050,0.0228,0.362226,0.362401,0.000175,1
1517,61.1597,60.6397,1.0086,0.9915,1.0868,0.0476,0.472959,0.473074,0.000115,1
1518,70.9671,59.8028,1.1867,0.8427,0.4243,0.0511,0.169459,0.197509,0.028050,0
1519,57.6110,75.1503,0.7666,1.3044,0.5066,0.0579,0.394575,0.395127,0.000551,0
1520,71.2363,74.9998,0.9498,1.0528,1.0795,0.0335,0.251944,0.252143,0.000199,1
1521,78.7768,108.4313,0.7265,1.3764,0.4823,0.0521,0.392195,0.419121,0.026926,0
1522,36.9506,44.3170,0.8338,1.1994,0.6650,0.0512,0.403304,0.403307,0.000004,0
1523,60.5408,67.4795,0.8972,1.1146,0.9795,0.0564,0.209902,0.209927,0.000026,1
1524,74.0580,80.7962,0.9166,1.0910,0.6661,0.0302,0.355304,0.355991,0.000687,1
1525,73.9958,102.5634,0.7215,1.3861,0.5528,0.0252,0.526281,0.549330,0.023049,0
1526,26.3137,26.8494,0.9800,1.0204,0.7184,0.0251,0.300298,0.300412,0.000114,1
1527,54.0220,42.5898,1.2684,0.7884,1.0924,0.0480,0.326385,0.326734,0.000349,0
1528,65.6496,74.2860,0.8837,1.1316,1.2260,0.0550,0.378315,0.378584,0.000269,1
1529,70.6284,58.9183,1.1988,0.8342,0.6333,0.0365,0.200026,0.205712,0.005686,0
1530,35.0481,37.4874,0.9349,1.0696,1.3582,0.0273,0.402181,0.402268,0.000087,1
1531,45.0862,33.8700,1.3312,0.7512,0.5626,0.0424,0.292106,0.307978,0.015871,0
1532,52.3997,62.5942,0.8371,1.1946,0.4767,0.0289,0.331829,0.331879,0.000050,0
1533,75.7701,60.8476,1.2452,0.8031,0.9473,0.0313,0.328558,0.329078,0.000521,0
1534,69.6451,57.8407,1.2041,0.8305,1.1211,0.0344,0.479075,0.479088,0.000014,0
1535,47.2066,58.0941,0.8126,1.2306,0.1314,0.0555,0.245437,0.402977,0.157540,0
1536,24.9330,20.1307,1.2386,0.8074,1.1587,0.0252,0.174171,0.179221,0.005050,0
1537,68.1307,67.4161,1.0106,0.9895,0.5028,0.0354,0.508788,0.508923,0.000136,1
1538,53.3409,62.6473,0.8514,1.1745,0.7705,0.0474,0.308452,0.308457,0.000005,1
1539,37.2655,52.1527,0.7145,1.3995,1.2786,0.0390,0.278910,0.279325,0.000415,0
1540,41.8397,44.4156,0.9420,1.0616,0.9705,0.0572,0.429537,0.429664,0.000127,1
1541,27.2420,33.2404,0.8195,1.2202,0.7785,0.0246,0.196339,0.197115,0.000775,0
1542,54.0605,74.0909,0.7297,1.3705,1.1134,0.0439,0.161133,0.178135,0.017002,0
1543,44.3629,40.1683,1.1044,0.9054,1.4209,0.0368,0.194496,0.194551,0.000055,1
1544,77.2863,72.1763,1.0708,0.9339,0.1153,0.0361,0.494664,0.495778,0.001114,1
1545,42.9585,36.8024,1.1673,0.8567,1.0662,0.0285,0.430038,0.430042,0.000004,0
1546,25.9072,31.6249,0.8192,1.2207,0.8635,0.0460,0.206813,0.206932,0.000119,0
1547,64.8311,76.6893,0.8454,1.1829,0.2164,0.0301,0.212954,0.300542,0.087588,0
1548,39.3530,36.6729,1.0731,0.9319,1.3044,0.0562,0.346332,0.346415,0.000083,1
1549,34.5811,47.1481,0.7335,1.3634,1.4399,0.0215,0.366364,0.366410,0.000046,0
1550,26.0829,32.7422,0.7966,1.2553,0.5450,0.0313,0.251541,0.253744,0.002203,0
1551,67.8396,53.8789,1.2591,0.7942,1.0905,0.0308,0.199330,0.204125,0.004795,0
1552,36.0167,31.4302,1.1459,0.8727,0.1593,0.0221,0.362128,0.362863,0.000735,1
1553,79.0332,67.9000,1.1640,0.8591,0.6201,0.0502,0.286943,0.288587,0.001645,0
1554,39.1205,49.7768,0.7859,1.2724,0.9300,0.0313,0.219875,0.220511,0.000636,0
1555,25.9584,28.4927,0.9111,1.0976,1.2048,0.0472,0.367621,0.367736,0.000115,1
1556,35.5901,48.1945,0.7385,1.3542,1.0580,0.0558,0.166919,0.175851,0.008932,0
1557,37.4084,49.5739,0.7546,1.3252,0.5007,0.0310,0.540808,0.540910,0.000102,0
1558,70.2786,95.3093,0.7374,1.3562,0.6034,0.0252,0.394002,0.411791,0.017789,0
1559,55.0621,59.9178,0.9190,1.0882,0.1857,0.0399,0.226614,0.226682,0.000068,1
1560,78.5571,104.4049,0.7524,1.3290,0.3675,0.0587,0.417745,0.455332,0.037587,0
1561,79.3152,94.4801,0.8395,1.1912,0.4097,0.0269,0.484581,0.493501,0.008921,0
1562,60.0079,45.5014,1.3188,0.7583,0.7501,0.0548,0.222280,0.254722,0.032442,0
1563,57.9333,70.0323,0.8272,1.2088,1.2333,0.0527,0.329803,0.329836,0.000034,0
1564,67.6254,90.6087,0.7463,1.3399,0.1079,0.0255,0.439328,0.813392,0.374065,0
1565,74.3474,72.1603,1.0303,0.9706,1.2702,0.0354,0.482652,0.482765,0.000113,1
1566,41.3434,36.2481,1.1406,0.8768,0.7563,0.0463,0.310039,0.310068,0.000029,1
1567,35.9581,45.9782,0.7821,1.2787,1.3267,0.0365,0.391658,0.391671,0.000013,0
1568,52.9215,70.1264,0.7547,1.3251,0.9910,0.0459,0.423031,0.423059,0.000028,0
1569,50.0998,48.4987,1.0330,0.9680,1.3312,0.0201,0.230154,0.230154,0.000001,1
1570,32.1000,23.0056,1.3953,0.7167,1.1209,0.0459,0.404695,0.405438,0.000743,0
1571,43.2991,49.1321,0.8813,1.1347,0.1482,0.0295,0.332745,0.333323,0.000579,1
1572,39.1662,45.2566,0.8654,1.1555,1.4767,0.0302,0.301469,0.301477,0.000007,1
1573,46.0677,56.6777,0.8128,1.2303,0.8379,0.0548,0.460984,0.460994,0.000011,0
1574,23.7410,20.5833,1.1534,0.8670,1.4692,0.0349,0.388032,0.388057,0.000025,0
1575,47.8695,49.5354,0.9664,1.0348,0.6414,0.0546,0.216311,0.216442,0.000132,1
1576,51.7112,62.5804,0.8263,1.2102,0.7922,0.0561,0.411446,0.411456,0.000010,0
1577,62.8242,60.4701,1.0389,0.9625,0.1087,0.0339,0.503465,0.503458,0.000008,1
1578,38.8110,34.0767,1.1389,0.8780,0.3626,0.0312,0.287944,0.288073,0.000129,1
1579,53.5533,70.5768,0.7588,1.3179,1.4242,0.0343,0.438827,0.438842,0.000015,0
1580,28.3187,38.2760,0.7399,1.3516,0.3570,0.0508,0.457712,0.459668,0.001956,0
1581,55.8422,71.5808,0.7801,1.2818,1.3885,0.0579,0.346307,0.346370,0.000062,0
1582,78.7915,92.4996,0.8518,1.1740,1.4993,0.0427,0.322259,0.325177,0.002919,1
1583,27.9818,32.7048,0.8556,1.1688,0.1747,0.0458,0.536731,0.536766,0.000036,1
1584,33.5795,40.5974,0.8271,1.2090,0.1568,0.0277,0.289921,0.327311,0.037390,0
1585,73.3494,60.8827,1.2048,0.8300,0.3471,0.0276,0.477073,0.477390,0.000317,0
1586,54.2711,75.1459,0.7222,1.3846,0.7984,0.0592,0.187025,0.215702,0.028677,0
1587,50.3012,44.4931,1.1305,0.8845,1.2095,0.0566,0.372382,0.372462,0.000079,1
1588,62.7949,52.0952,1.2054,0.8296,1.3115,0.0302,0.205446,0.205918,0.000472,0
1589,67.5759,48.4927,1.3935,0.7176,1.3913,0.0365,0.155847,0.208771,0.052923,0
1590,59.2846,78.8989,0.7514,1.3308,0.9626,0.0498,0.201943,0.208193,0.006250,0
1591,43.2441,51.4015,0.8413,1.1886,0.1716,0.0213,0.461155,0.461595,0.000441,0
1592,52.2367,57.8297,0.9033,1.1071,0.1799,0.0431,0.290434,0.290499,0.000065,1
1593,78.7677,104.0033,0.7574,1.3204,0.6590,0.0533,0.186671,0.485389,0.298718,0
1594,61.7090,46.1677,1.3366,0.7482,1.4107,0.0299,0.325201,0.325580,0.000379,0
1595,43.9381,52.3212,0.8398,1.1908,0.6481,0.0430,0.402559,0.402560,0.000001,0
1596,22.6606,21.4416,1.0568,0.9462,0.6460,0.0239,0.511657,0.511774,0.000118,1
1597,21.3642,23.5225,0.9082,1.1010,0.2652,0.0462,0.448910,0.448905,0.000005,1
1598,31.5964,37.3737,0.8454,1.1828,0.3774,0.0470,0.450412,0.450416,0.000004,0
1599,77.7880,88.5481,0.8785,1.1383,0.6361,0.0377,0.177772,0.183585,0.005813,1
1600,72.9173,78.3054,0.9312,1.0739,0.5283,0.0325,0.271598,0.272167,0.000569,1
1601,71.6941,70.0813,1.0230,0.9775,0.4673,0.0389,0.251444,0.251468,0.000024,1
1602,59.2993,73.8068,0.8034,1.2446,0.4706,0.0290,0.398042,0.398345,0.000302,0
1603,49.8160,52.6404,0.9463,1.0567,0.8750,0.0457,0.476048,0.476159,0.000112,1
1604,30.5673,29.1934,1.0471,0.9551,1.1596,0.0558,0.339434,0.339491,0.000056,1
1605,46.5493,60.9645,0.7635,1.3097,1.1191,0.0515,0.172071,0.173973,0.001902,0
1606,45.2913,56.6620,0.7993,1.2511,1.2821,0.0226,0.213991,0.214088,0.000097,0
1607,37.8533,27.4669,1.3781,0.7256,0.9645,0.0288,0.412532,0.413008,0.000476,0
1608,36.3683,29.9462,1.2145,0.8234,0.2769,0.0215,0.270157,0.283920,0.013763,0
1609,32.0688,42.5445,0.7538,1.3267,1.0825,0.0553,0.244314,0.244570,0.000256,0
1610,73.5252,54.9075,1.3391,0.7468,1.1443,0.0478,0.387495,0.387916,0.000421,0
1611,21.9190,26.0359,0.8419,1.1878,0.2874,0.0566,0.399983,0.400051,0.000068,0
1612,69.4894,61.5785,1.1285,0.8862,0.4686,0.0392,0.224599,0.224942,0.000343,1
1613,52.2422,71.3768,0.7319,1.3663,0.3656,0.0554,0.354657,0.369320,0.014663,0
1614,30.2341,22.1785,1.3632,0.7336,1.4280,0.0545,0.201234,0.226482,0.025247,0
1615,34.2094,45.7490,0.7478,1.3373,0.4542,0.0419,0.536926,0.537104,0.000178,0
1616,50.3470,66.0609,0.7621,1.3121,0.3204,0.0447,0.302629,0.326763,0.024134,0
1617,76.4476,72.5379,1.0539,0.9489,0.6550,0.0293,0.512267,0.512494,0.000228,1
1618,60.0354,65.6760,0.9141,1.0940,0.4730,0.0476,0.225930,0.225929,0.000001,1
1619,64.0309,63.0104,1.0162,0.9841,1.0912,0.0463,0.274662,0.274687,0.000025,1
1620,27.9470,38.0810,0.7339,1.3626,0.5053,0.0424,0.302251,0.313453,0.011202,0
1621,75.3893,57.0678,1.3210,0.7570,0.6121,0.0354,0.453940,0.454551,0.000611,0
1622,61.2018,51.6600,1.1847,0.8441,1.3476,0.0272,0.371918,0.371930,0.000012,0
1623,42.0777,48.0464,0.8758,1.1419,1.0874,0.0390,0.525805,0.525905,0.000100,1
1624,48.5818,61.9182,0.7846,1.2745,0.3602,0.0442,0.216823,0.259841,0.043018,0
1625,44.8024,37.7743,1.1861,0.8431,1.2024,0.0212,0.246670,0.246723,0.000052,0
1626,52.0078,41.5807,1.2508,0.7995,0.9286,0.0492,0.310271,0.310732,0.000461,0
1627,78.4143,81.2587,0.9650,1.0363,1.3220,0.0475,0.376472,0.376673,0.000201,1
1628,52.7604,55.6548,0.9480,1.0549,0.3932,0.0594,0.383283,0.383281,0.000002,1
1629,66.3161,68.7911,0.9640,1.0373,0.6248,0.0430,0.150452,0.150476,0.000024,1
1630,29.9869,26.6352,1.1258,0.8882,1.2974,0.0539,0.476048,0.476113,0.000066,1
1631,78.5479,61.2442,1.2825,0.7797,1.3893,0.0237,0.365204,0.365760,0.000555,0
1632,57.2777,68.5179,0.8360,1.1962,0.2662,0.0326,0.393403,0.393642,0.000239,0
1633,24.8195,19.2617,1.2885,0.7761,1.1120,0.0276,0.203603,0.210527,0.006924,0
1634,76.0063,60.4933,1.2564,0.7959,1.1441,0.0474,0.465940,0.466206,0.000266,0
1635,51.9694,42.1040,1.2343,0.8102,0.3406,0.0447,0.490562,0.490764,0.000202,0
1636,69.2624,60.4392,1.1460,0.8726,0.6951,0.0459,0.481028,0.481037,0.000009,1
1637,71.7655,59.2383,1.2115,0.8254,0.1687,0.0290,0.193385,0.375074,0.181689,0
1638,45.0111,48.4795,0.9285,1.0771,1.1757,0.0435,0.243020,0.243131,0.000111,1
1639,57.5085,42.6135,1.3495,0.7410,0.9619,0.0520,0.510192,0.510381,0.000189,0
1640,49.0890,35.5704,1.3801,0.7246,0.2130,0.0413,0.497459,0.528072,0.030613,0
1641,73.6955,97.2006,0.7582,1.3189,1.1180,0.0288,0.474168,0.481371,0.007204,0
1642,75.3380,61.5435,1.2241,0.8169,0.8191,0.0306,0.161023,0.179429,0.018406,0
1643,79.9231,105.3308,0.7588,1.3179,1.0051,0.0273,0.293791,0.315745,0.021954,0
1644,29.0475,25.9703,1.1185,0.8941,0.8380,0.0599,0.187709,0.188096,0.000387,1
1645,35.4546,49.0380,0.7230,1.3831,0.1229,0.0340,0.295817,0.300000,0.004183,0
1646,58.4368,51.3236,1.1386,0.8783,0.6159,0.0524,0.420626,0.420637,0.000011,1
1647,42.0612,39.1508,1.0743,0.9308,0.2930,0.0492,0.192567,0.192658,0.000091,1
1648,44.6101,31.9695,1.3954,0.7166,0.9922,0.0539,0.280045,0.293908,0.013863,0
1649,37.4230,40.1260,0.9326,1.0722,1.3540,0.0417,0.504759,0.504865,0.000105,1
1650,20.9174,23.3778,0.8948,1.1176,0.2001,0.0254,0.370295,0.370310,0.000015,1
1651,66.9881,58.7395,1.1404,0.8769,0.1159,0.0492,0.387471,0.388982,0.001512,1
1652,45.2052,55.7229,0.8113,1.2327,0.9123,0.0276,0.501158,0.501157,0.000002,0
1653,56.1205,60.8298,0.9226,1.0839,0.6697,0.0230,0.480064,0.480180,0.000116,1
1654,40.7703,53.2061,0.7663,1.3050,0.6542,0.0222,0.264139,0.267419,0.003280,0
1655,54.4487,55.6386,0.9786,1.0219,1.4390,0.0311,0.378852,0.378944,0.000092,1
1656,41.3526,34.0989,1.2127,0.8246,0.2989,0.0443,0.429818,0.430225,0.000406,0
1657,67.6125,66.1176,1.0226,0.9779,0.6799,0.0571,0.167396,0.167419,0.000024,1
1658,29.6261,33.5356,0.8834,1.1320,1.1364,0.0458,0.289286,0.289304,0.000018,1
1659,66.0396,49.9537,1.3220,0.7564,0.7379,0.0522,0.380158,0.381230,0.001072,0
1660,55.0456,68.3384,0.8055,1.2415,0.8457,0.0540,0.501195,0.501205,0.000010,0
1661,23.0561,26.9591,0.8552,1.1693,0.3599,0.0461,0.272953,0.273134,0.000181,1
1662,42.9749,57.6678,0.7452,1.3419,1.3728,0.0208,0.275333,0.275512,0.000179,0
1663,43.4693,38.8949,1.1176,0.8948,1.1842,0.0503,0.177882,0.178136,0.000254,1
1664,70.2383,71.5723,0.9814,1.0190,0.3934,0.0401,0.274491,0.274666,0.000175,1
1665,35.7640,36.4379,0.9815,1.0188,1.0850,0.0230,0.280094,0.280189,0.000095,1
1666,70.1633,95.9428,0.7313,1.3674,1.3099,0.0282,0.498314,0.504190,0.005877,0
1667,54.2839,60.3478,0.8995,1.1117,0.1957,0.0551,0.420528,0.420526,0.000002,1
1668,30.3403,38.0748,0.7969,1.2549,1.1526,0.0390,0.476341,0.476349,0.000008,0
1669,69.1726,75.5136,0.9160,1.0917,0.2529,0.0433,0.151196,0.153853,0.002656,1
1670,26.0811,28.9171,0.9019,1.1087,1.1177,0.0302,0.191615,0.191618,0.000003,1
1671,69.4107,80.9218,0.8578,1.1658,0.4739,0.0278,0.298833,0.301234,0.002402,1
1672,79.5734,59.6197,1.3347,0.7492,0.5379,0.0511,0.332488,0.348960,0.016472,0
1673,65.0801,78.4979,0.8291,1.2062,0.3647,0.0316,0.177100,0.265220,0.088120,0
1674,36.4122,30.5004,1.1938,0.8376,1.2413,0.0307,0.176600,0.177797,0.001197,0
1675,46.9356,56.5644,0.8298,1.2051,1.3449,0.0277,0.180128,0.180159,0.000031,0
1676,75.0597,95.1884,0.7885,1.2682,1.0585,0.0379,0.300285,0.308686,0.008400,0
1677,41.5339,39.2748,1.0575,0.9456,0.5308,0.0547,0.436691,0.436693,0.000002,1
1678,58.2958,73.5516,0.7926,1.2617,1.4915,0.0383,0.225039,0.225127,0.000088,0
1679,46.4541,46.5543,0.9978,1.0022,0.7234,0.0293,0.358881,0.358995,0.000114,1
1680,66.5450,89.2806,0.7453,1.3417,0.8082,0.0221,0.514452,0.518880,0.004428,0
1681,79.7510,99.9775,0.7977,1.2536,1.0731,0.0321,0.329229,0.339423,0.010194,0
1682,68.3047,84.1719,0.8115,1.2323,0.2700,0.0576,0.366303,0.377670,0.011367,0
1683,68.3853,76.2830,0.8965,1.1155,0.9187,0.0495,0.486277,0.486611,0.000334,1
1684,50.5979,38.1381,1.3267,0.7537,0.9987,0.0472,0.258524,0.265432,0.006908,0
1685,29.4119,34.8796,0.8432,1.1859,0.7890,0.0357,0.441757,0.441755,0.000002,0
1686,39.6057,28.9906,1.3662,0.7320,1.3219,0.0355,0.351373,0.351931,0.000558,0
1687,62.6173,57.8885,1.0817,0.9245,1.0012,0.0268,0.441110,0.441108,0.000002,1
1688,36.1925,41.0767,0.8811,1.1349,0.4804,0.0517,0.374812,0.374810,0.000001,1
1689,51.7606,53.8195,0.9617,1.0398,0.7502,0.0289,0.414180,0.414292,0.000111,1
1690,40.1660,41.1476,0.9761,1.0244,1.1100,0.0287,0.486570,0.486663,0.000093,1
1691,40.8728,30.0107,1.3619,0.7342,1.1483,0.0339,0.404732,0.405032,0.000300,0
1692,48.5159,49.2963,0.9842,1.0161,1.0932,0.0556,0.324847,0.324983,0.000136,1
1693,29.8276,30.8293,0.9675,1.0336,1.2005,0.0374,0.264542,0.264646,0.000104,1
1694,33.8963,40.7458,0.8319,1.2021,0.6041,0.0376,0.449167,0.449166,0.000000,0
1695,77.1581,61.5237,1.2541,0.7974,0.2879,0.0246,0.502245,0.504156,0.001912,0
1696,27.9049,23.8119,1.1719,0.8533,0.7930,0.0349,0.213381,0.213910,0.000530,0
1697,45.1851,52.3118,0.8638,1.1577,1.2247,0.0433,0.436874,0.436979,0.000105,1
1698,76.5923,93.0987,0.8227,1.2155,0.5799,0.0546,0.497618,0.504030,0.006412,0
1699,70.6613,67.1094,1.0529,0.9497,1.2595,0.0567,0.172657,0.172820,0.000163,1
1700,30.7724,30.2531,1.0172,0.9831,1.1954,0.0396,0.287968,0.287986,0.000018,1
1701,70.6027,82.5529,0.8552,1.1693,0.3560,0.0313,0.434286,0.437172,0.002886,1
1702,68.5556,56.1611,1.2207,0.8192,0.4192,0.0520,0.488804,0.488886,0.000081,0
1703,75.5065,53.3788,1.4145,0.7069,0.6097,0.0311,0.430526,0.433757,0.003230,0
1704,29.3973,29.8990,0.9832,1.0171,0.8829,0.0524,0.226907,0.226927,0.000020,1
1705,57.9754,43.5974,1.3298,0.7520,0.5906,0.0420,0.499705,0.500029,0.000323,0
1706,55.7872,56.7752,0.9826,1.0177,0.1087,0.0554,0.314788,0.314785,0.000003,1
1707,51.7002,37.1455,1.3918,0.7185,1.0434,0.0503,0.381355,0.382706,0.001351,0
1708,77.4602,87.9681,0.8805,1.1357,1.1165,0.0242,0.328033,0.329849,0.001817,1
1709,70.9012,64.7956,1.0942,0.9139,0.9787,0.0598,0.206655,0.206852,0.000198,1
1710,61.5827,58.3042,1.0562,0.9468,0.2269,0.0301,0.371613,0.371608,0.000005,1
1711,21.6810,26.5850,0.8155,1.2262,1.2469,0.0350,0.353522,0.353530,0.000008,0
1712,78.1927,93.0879,0.8400,1.1905,0.8979,0.0226,0.510607,0.514189,0.003582,0
1713,21.2708,22.1941,0.9584,1.0434,1.4602,0.0295,0.422909,0.422997,0.000088,1
1714,20.4486,19.9161,1.0267,0.9740,1.0165,0.0456,0.472642,0.472754,0.000112,1
1715,26.8099,32.8225,0.8168,1.2243,1.1030,0.0226,0.209059,0.209153,0.000093,0
1716,42.0301,36.7415,1.1439,0.8742,1.0247,0.0490,0.443210,0.443238,0.000028,1
1717,39.2816,43.1032,0.9113,1.0973,1.1142,0.0312,0.509044,0.509138,0.000094,1
1718,56.2011,42.3099,1.3283,0.7528,0.9337,0.0445,0.218874,0.240305,0.021430,0
1719,28.2199,27.3035,1.0336,0.9675,0.8175,0.0268,0.395882,0.395988,0.000107,1
1720,70.6156,75.3841,0.9367,1.0675,1.0827,0.0212,0.309722,0.309940,0.000218,1
1721,76.1895,94.5475,0.8058,1.2410,0.4910,0.0255,0.414864,0.426108,0.011244,0
1722,56.1040,51.3530,1.0925,0.9153,1.3693,0.0435,0.438937,0.438972,0.000035,1
1723,46.3497,47.4884,0.9760,1.0246,1.1738,0.0408,0.303813,0.303921,0.000108,1
1724,54.0477,66.1077,0.8176,1.2231,0.6193,0.0385,0.326238,0.326279,0.000041,0
1725,69.2422,49.4281,1.4009,0.7138,0.1951,0.0399,0.335858,0.531704,0.195847,0
1726,42.9621,57.4147,0.7483,1.3364,1.1353,0.0506,0.310894,0.310970,0.000077,0
1727,23.5890,28.8550,0.8175,1.2232,0.2361,0.0251,0.287187,0.302110,0.014924,0
1728,58.2647,75.4442,0.7723,1.2949,1.0412,0.0234,0.521142,0.521237,0.000096,0
1729,48.1149,40.4880,1.1884,0.8415,1.1884,0.0478,0.392378,0.392434,0.000056,0
1730,56.9848,65.8667,0.8652,1.1559,1.4099,0.0462,0.178773,0.178807,0.000034,1
1731,64.3770,69.8231,0.9220,1.0846,0.7200,0.0204,0.316228,0.316257,0.000029,1
1732,69.4015,67.5067,1.0281,0.9727,1.2805,0.0585,0.491026,0.491187,0.000161,1
1733,72.2617,98.7088,0.7321,1.3660,0.3813,0.0515,0.193898,0.309169,0.115271,0
1734,29.3606,34.9681,0.8396,1.1910,0.5355,0.0340,0.276066,0.276147,0.000082,0
1735,57.1184,51.0100,1.1197,0.8931,0.9471,0.0282,0.419820,0.419820,0.000001,1
1736,72.0145,88.7420,0.8115,1.2323,0.5729,0.0329,0.244900,0.257605,0.012704,0
1737,38.5125,50.7204,0.7593,1.3170,0.9827,0.0599,0.351044,0.351095,0.000052,0
1738,39.3750,52.1767,0.7546,1.3251,0.7633,0.0282,0.168665,0.198669,0.030004,0
1739,52.3392,41.8043,1.2520,0.7987,0.4058,0.0389,0.282316,0.292368,0.010052,0
1740,28.0569,26.8833,1.0437,0.9582,1.3925,0.0363,0.249173,0.249197,0.000024,1
1741,28.3554,36.7196,0.7722,1.2950,0.3744,0.0331,0.197609,0.294331,0.096722,0
1742,56.9463,68.6701,0.8293,1.2059,0.7383,0.0223,0.329974,0.329985,0.000011,0
1743,41.4093,53.8127,0.7695,1.2995,1.2335,0.0502,0.356647,0.356680,0.000033,0
1744,73.4776,99.2630,0.7402,1.3509,0.6847,0.0348,0.185817,0.495405,0.309589,0
1745,34.2131,30.4102,1.1251,0.8888,0.1818,0.0438,0.185487,0.205334,0.019847,1
1746,42.4842,44.0997,0.9634,1.0380,1.4175,0.0470,0.260501,0.260634,0.000132,1
1747,30.2304,33.2386,0.9095,1.0995,0.2414,0.0551,0.256326,0.256338,0.000011,1
1748,79.2840,85.3595,0.9288,1.0766,0.2439,0.0268,0.536535,0.538198,0.001663,1
1749,34.1234,47.7486,0.7146,1.3993,1.3077,0.0483,0.414437,0.414494,0.000057,0
1750,45.9194,46.1381,0.9953,1.0048,0.6165,0.0424,0.164393,0.164396,0.000003,1
1751,72.2691,93.2689,0.7748,1.2906,0.4002,0.0428,0.388948,0.408460,0.019513,0
1752,34.0062,39.7446,0.8556,1.1687,0.5776,0.0539,0.504967,0.504966,0.000001,1
1753,34.2112,44.1435,0.7750,1.2903,0.5983,0.0373,0.159754,0.194461,0.034707,0
1754,36.7895,36.8759,0.9977,1.0023,1.0780,0.0518,0.195692,0.195732,0.000039,1
1755,75.2757,101.9350,0.7385,1.3542,1.4041,0.0325,0.193507,0.249543,0.056036,0
1756,34.3852,42.6844,0.8056,1.2414,0.7013,0.0232,0.389814,0.389835,0.000020,0
1757,28.2821,23.7700,1.1898,0.8405,0.9111,0.0376,0.260062,0.260248,0.000186,0
1758,67.2555,88.9077,0.7565,1.3219,0.2542,0.0222,0.286406,0.367644,0.081239,0
1759,66.1238,54.8767,1.2050,0.8299,1.0333,0.0214,0.544177,0.544175,0.000002,0
1760,21.1737,23.7887,0.8901,1.1235,0.4084,0.0382,0.321270,0.321269,0.000001,1
1761,33.9640,44.6924,0.7600,1.3159,0.8518,0.0571,0.427584,0.427617,0.000033,0
1762,79.9139,84.9929,0.9402,1.0636,0.6995,0.0385,0.169251,0.170546,0.001295,1
1763,68.0850,85.0037,0.8010,1.2485,0.5341,0.0286,0.482957,0.486345,0.003388,0
1764,26.9417,37.0059,0.7280,1.3736,0.8584,0.0328,0.273099,0.275793,0.002693,0
1765,34.7276,39.4690,0.8799,1.1365,1.1509,0.0432,0.543835,0.543939,0.000103,1
1766,22.3035,27.1197,0.8224,1.2159,0.8651,0.0378,0.207411,0.207544,0.000133,0
1767,34.9474,41.0521,0.8513,1.1747,0.9329,0.0364,0.243753,0.243759,0.000006,1
1768,52.7494,72.9747,0.7228,1.3834,1.4267,0.0470,0.463120,0.463163,0.000043,0
1769,47.1938,45.2329,1.0434,0.9584,0.9465,0.0261,0.402705,0.402806,0.000100,1
1770,59.9658,47.2092,1.2702,0.7873,0.9905,0.0290,0.243777,0.245581,0.001804,0
1771,76.3469,103.7199,0.7361,1.3585,0.3060,0.0488,0.330401,0.300000,0.030401,0
1772,40.5414,45.8791,0.8837,1.1317,1.2607,0.0578,0.254422,0.254479,0.000057,1
1773,23.0744,28.6757,0.8047,1.2427,1.3446,0.0392,0.163965,0.164106,0.000141,0
1774,49.9094,65.9153,0.7572,1.3207,0.6852,0.0255,0.282255,0.284496,0.002241,0
1775,38.6792,36.3853,1.0630,0.9407,1.3220,0.0302,0.210952,0.210964,0.000013,1
1776,78.1945,85.6314,0.9132,1.0951,0.6859,0.0243,0.269877,0.271551,0.001674,1
1777,45.1686,33.1552,1.3623,0.7340,0.7232,0.0262,0.379182,0.380698,0.001516,0
1778,46.4156,54.7339,0.8480,1.1792,0.4941,0.0358,0.213576,0.214068,0.000492,0
1779,55.9832,56.5058,0.9908,1.0093,1.2750,0.0249,0.391072,0.391160,0.000088,1
1780,44.0114,34.2482,1.2851,0.7782,1.1043,0.0209,0.232363,0.234332,0.001969,0
1781,46.7067,52.3124,0.8928,1.1200,0.5509,0.0473,0.252945,0.252946,0.000001,1
1782,41.0047,50.6124,0.8102,1.2343,0.8410,0.0390,0.398201,0.398207,0.000006,0
1783,55.1463,74.7321,0.7379,1.3552,0.5303,0.0579,0.228640,0.263271,0.034630,0
1784,27.6357,24.0232,1.1504,0.8693,1.3308,0.0369,0.443442,0.443462,0.000020,0
1785,53.5185,58.5342,0.9143,1.0937,0.5872,0.0360,0.201711,0.201710,0.000000,1
1786,48.4481,60.2015,0.8048,1.2426,0.8434,0.0516,0.318682,0.318704,0.000022,0
1787,69.8318,78.3218,0.8916,1.1216,0.1974,0.0396,0.452438,0.454197,0.001759,1
1788,74.1569,80.3813,0.9226,1.0839,0.2102,0.0365,0.212551,0.215606,0.003056,1
1789,58.3160,69.4435,0.8398,1.1908,0.8344,0.0562,0.172779,0.172862,0.000083,0
1790,60.7367,51.3271,1.1833,0.8451,0.1924,0.0512,0.314104,0.322823,0.008719,0
1791,67.4862,74.0272,0.9116,1.0969,1.1526,0.0342,0.347101,0.347315,0.000214,1
1792,48.3657,38.8672,1.2444,0.8036,0.6587,0.0579,0.349823,0.350323,0.000501,0
1793,46.5181,56.9090,0.8174,1.2234,0.3097,0.0332,0.185939,0.236119,0.050181,0
1794,20.8185,26.5028,0.7855,1.2730,0.9920,0.0238,0.408992,0.409002,0.000009,0
1795,63.8093,53.9510,1.1827,0.8455,0.4272,0.0348,0.167066,0.191284,0.024218,0
1796,25.9914,22.6099,1.1496,0.8699,1.1739,0.0259,0.234280,0.234309,0.000029,1
1797,62.9633,74.4504,0.8457,1.1824,0.2054,0.0273,0.160315,0.294052,0.133737,0
1798,58.0615,81.0132,0.7167,1.3953,0.1506,0.0211,0.449362,0.760405,0.311042,0
1799,69.0664,70.7440,0.9763,1.0243,1.2822,0.0445,0.341900,0.342022,0.000122,1
1800,28.8058,30.0556,0.9584,1.0434,0.7565,0.0549,0.170716,0.170845,0.000129,1
1801,58.8946,43.0355,1.3685,0.7307,0.1064,0.0229,0.288786,0.672500,0.383714,0
1802,57.2192,56.7033,1.0091,0.9910,1.4195,0.0538,0.358222,0.358382,0.000161,1
1803,40.5908,52.0553,0.7798,1.2824,0.7869,0.0461,0.435458,0.435475,0.000017,0
1804,50.4752,64.9352,0.7773,1.2865,0.4890,0.0386,0.347027,0.347753,0.000726,0
1805,68.6087,79.4445,0.8636,1.1579,0.4348,0.0244,0.222597,0.226098,0.003501,1
1806,62.8681,86.9060,0.7234,1.3824,1.2711,0.0265,0.323077,0.326648,0.003571,0
1807,45.9084,59.2268,0.7751,1.2901,0.6200,0.0215,0.221609,0.232058,0.010450,0
1808,30.0125,41.4046,0.7249,1.3796,1.1122,0.0230,0.305058,0.305564,0.000506,0
1809,35.1103,25.2778,1.3890,0.7200,1.1886,0.0293,0.328704,0.330077,0.001373,0
1810,51.1270,46.6129,1.0968,0.9117,0.1117,0.0221,0.528063,0.528062,0.000001,1
1811,30.7797,27.5091,1.1189,0.8937,0.7138,0.0412,0.238760,0.238799,0.000039,1
1812,59.7479,43.6309,1.3694,0.7302,0.8469,0.0378,0.237051,0.264755,0.027704,0
1813,74.1752,91.5647,0.8101,1.2344,0.3441,0.0295,0.482127,0.492539,0.010412,0
1814,30.5710,39.6626,0.7708,1.2974,1.4217,0.0202,0.243033,0.243147,0.000115,0
1815,56.6167,76.1272,0.7437,1.3446,0.4575,0.0265,0.185731,0.349428,0.163697,0
1816,64.6425,83.0202,0.7786,1.2843,1.2015,0.0438,0.420565,0.421898,0.001333,0
1817,76.1766,57.4278,1.3265,0.7539,0.1914,0.0542,0.456064,0.495479,0.039415,0
1818,24.1804,32.7063,0.7393,1.3526,1.3167,0.0370,0.282206,0.282337,0.000131,0
1819,41.5760,33.1489,1.2542,0.7973,0.6810,0.0440,0.521715,0.521756,0.000041,0
1820,79.8608,111.6789,0.7151,1.3984,1.2108,0.0314,0.503954,0.522848,0.018894,0
1821,35.0792,48.7264,0.7199,1.3890,1.1701,0.0424,0.172169,0.186023,0.013854,0
1822,54.2399,59.7497,0.9078,1.1016,1.1254,0.0524,0.244827,0.244858,0.000031,1
1823,49.7812,36.1198,1.3782,0.7256,0.3359,0.0558,0.432418,0.449961,0.017543,0
1824,63.4486,68.7714,0.9226,1.0839,0.4498,0.0477,0.155322,0.155375,0.000052,1
1825,63.9357,51.3684,1.2446,0.8034,1.2757,0.0392,0.273417,0.273742,0.000325,0
1826,42.0246,49.5111,0.8488,1.1781,0.6746,0.0301,0.150403,0.151971,0.001568,0
1827,42.9530,45.1681,0.9510,1.0516,0.6937,0.0238,0.325335,0.325451,0.000116,1
1828,71.0147,62.5221,1.1358,0.8804,1.0650,0.0273,0.387190,0.387229,0.000039,1
1829,46.2929,62.5928,0.7396,1.3521,0.2045,0.0258,0.482176,0.501654,0.019478,0
1830,44.1871,41.5223,1.0642,0.9397,0.6784,0.0381,0.280900,0.280902,0.000002,1
1831,78.9215,105.4540,0.7484,1.3362,1.1794,0.0524,0.416280,0.430299,0.014019,0
1832,29.2636,22.5194,1.2995,0.7695,1.1688,0.0431,0.269352,0.271049,0.001697,0
1833,42.8687,50.7968,0.8439,1.1849,1.1056,0.0336,0.205849,0.205861,0.000013,0
1834,77.6745,91.8454,0.8457,1.1824,1.3233,0.0550,0.442538,0.445001,0.002463,0
1835,51.3211,62.9657,0.8151,1.2269,1.0598,0.0285,0.369843,0.369846,0.000002,0
1836,55.2910,54.5906,1.0128,0.9873,0.6390,0.0548,0.342694,0.342701,0.000007,1
1837,22.8785,29.4723,0.7763,1.2882,0.7093,0.0560,0.452915,0.452937,0.000022,0
1838,75.0945,66.9289,1.1220,0.8913,0.2433,0.0284,0.459568,0.460280,0.000712,1
1839,74.8912,53.1758,1.4084,0.7100,0.9038,0.0417,0.356305,0.359755,0.003450,0
1840,78.4802,105.5719,0.7434,1.3452,0.4683,0.0492,0.246133,0.300000,0.053867,0
1841,39.3860,46.6540,0.8442,1.1845,1.3006,0.0468,0.321245,0.321272,0.000027,0
1842,62.3756,56.6977,1.1001,0.9090,0.7793,0.0521,0.312651,0.312672,0.000021,1
1843,70.7144,75.2872,0.9393,1.0647,1.2363,0.0443,0.487400,0.487572,0.000172,1
1844,71.8937,66.0466,1.0885,0.9187,1.3070,0.0502,0.269437,0.269570,0.000133,1
1845,78.0444,90.8756,0.8588,1.1644,0.3062,0.0377,0.321953,0.332936,0.010982,1
1846,20.6116,23.8960,0.8626,1.1593,0.1166,0.0280,0.534155,0.534340,0.000186,1
1847,75.8123,57.9354,1.3086,0.7642,0.7004,0.0339,0.193544,0.243491,0.049947,0
1848,70.0388,70.9664,0.9869,1.0132,0.5428,0.0542,0.344244,0.344386,0.000142,1
1849,38.6242,49.0687,0.7871,1.2704,0.7634,0.0261,0.200624,0.204866,0.004242,0
1850,63.9650,51.6912,1.2374,0.8081,0.3928,0.0386,0.473081,0.473243,0.000162,0
1851,71.4451,87.4328,0.8171,1.2238,0.9507,0.0591,0.504942,0.507288,0.002346,0
1852,79.8700,109.1579,0.7317,1.3667,0.5617,0.0471,0.185939,0.300000,0.114061,0
1853,38.6828,35.0542,1.1035,0.9062,1.2416,0.0240,0.318877,0.318879,0.000002,1
1854,35.4765,45.9998,0.7712,1.2966,1.1721,0.0373,0.241995,0.242142,0.000147,0
1855,74.4902,92.3020,0.8070,1.2391,0.9940,0.0495,0.399019,0.403881,0.004862,0
1856,21.9062,19.6589,1.1143,0.8974,0.9331,0.0389,0.498814,0.498819,0.000004,1
1857,58.7500,70.0544,0.8386,1.1924,1.4817,0.0395,0.258463,0.258484,0.000022,0
1858,52.7238,70.2315,0.7507,1.3321,0.9779,0.0421,0.358454,0.358523,0.000069,0
1859,66.2905,87.1406,0.7607,1.3145,0.7966,0.0515,0.176966,0.271196,0.094230,0
1860,48.3529,65.6664,0.7363,1.3581,1.1638,0.0328,0.156885,0.174475,0.017591,0
1861,78.4271,105.1570,0.7458,1.3408,0.5263,0.0220,0.510631,0.536116,0.025484,0
1862,25.1088,31.8658,0.7880,1.2691,1.2785,0.0389,0.493541,0.493552,0.000011,0
1863,23.3345,21.6201,1.0793,0.9265,1.0773,0.0312,0.231460,0.231468,0.000008,1
1864,55.0713,38.7428,1.4215,0.7035,0.7634,0.0247,0.473191,0.473960,0.000768,0
1865,22.7448,22.0422,1.0319,0.9691,1.2058,0.0231,0.512999,0.513087,0.000087,1
1866,34.7459,37.0789,0.9371,1.0671,1.4188,0.0210,0.539795,0.539874,0.000080,1
1867,44.1542,36.2128,1.2193,0.8201,0.9049,0.0249,0.168433,0.176317,0.007884,0
1868,54.3040,61.5442,0.8824,1.1333,0.8662,0.0289,0.269645,0.269644,0.000001,1
1869,68.1875,70.0987,0.9727,1.0280,0.5508,0.0426,0.496800,0.496940,0.000140,1
1870,22.7357,19.4912,1.1665,0.8573,0.2927,0.0505,0.211354,0.225981,0.014626,0
1871,56.7907,61.5999,0.9219,1.0847,1.0186,0.0400,0.245193,0.245202,0.000008,1
1872,45.0166,50.2953,0.8950,1.1173,1.1527,0.0272,0.460422,0.460513,0.000091,1
1873,27.7145,34.9874,0.7921,1.2624,1.0009,0.0537,0.406526,0.406547,0.000021,0
1874,72.7909,65.7980,1.1063,0.9039,0.2495,0.0487,0.388533,0.388883,0.000350,1
1875,61.2458,49.3538,1.2410,0.8058,0.4900,0.0460,0.487474,0.487561,0.000087,0
1876,27.7291,35.0402,0.7914,1.2637,0.5134,0.0369,0.260868,0.263416,0.002549,0
1877,44.2109,38.8454,1.1381,0.8786,0.9746,0.0357,0.154968,0.155821,0.000852,1
1878,33.9933,30.4183,1.1175,0.8948,1.0277,0.0410,0.419308,0.419321,0.000013,1
1879,31.2467,38.7797,0.8057,1.2411,0.2461,0.0572,0.247867,0.282902,0.035035,0
1880,60.7147,63.1428,0.9615,1.0400,0.8015,0.0342,0.534899,0.535008,0.000108,1
1881,51.6800,53.7325,0.9618,1.0397,1.0745,0.0271,0.475742,0.475836,0.000094,1
1882,74.6458,70.5013,1.0588,0.9445,0.2101,0.0429,0.190614,0.191454,0.000840,1
1883,69.7439,56.8515,1.2268,0.8151,1.0711,0.0493,0.368232,0.368331,0.000100,0
1884,44.4307,35.7676,1.2422,0.8050,1.1151,0.0492,0.393037,0.393136,0.000099,0
1885,53.6137,62.2072,0.8619,1.1603,1.2912,0.0305,0.236038,0.236043,0.000005,1
1886,69.0316,51.4087,1.3428,0.7447,0.5953,0.0331,0.381465,0.383706,0.002242,0
1887,62.4671,86.3677,0.7233,1.3826,1.2063,0.0299,0.308354,0.312205,0.003850,0
1888,31.0965,26.7944,1.1606,0.8617,0.1540,0.0490,0.153821,0.299550,0.145729,0
1889,57.8692,53.4372,1.0829,0.9234,0.2787,0.0597,0.272025,0.272046,0.000021,1
1890,68.9840,92.9465,0.7422,1.3474,0.3765,0.0404,0.510595,0.527184,0.016590,0
1891,23.9735,18.0777,1.3261,0.7541,0.7677,0.0453,0.403719,0.404315,0.000597,0
1892,26.2276,20.7255,1.2655,0.7902,1.0960,0.0446,0.381013,0.381142,0.000129,0
1893,37.4432,52.0741,0.7190,1.3907,1.4680,0.0406,0.409456,0.409500,0.000043,0
1894,62.1339,69.1503,0.8985,1.1129,0.1245,0.0302,0.191261,0.209791,0.018530,1
1895,20.5090,15.0411,1.3635,0.7334,1.2974,0.0434,0.414510,0.414811,0.000301,0
1896,79.0588,100.5133,0.7866,1.2714,0.1340,0.0387,0.508885,0.789451,0.280565,0
1897,76.5264,78.6811,0.9726,1.0282,0.6877,0.0571,0.531799,0.531972,0.000174,1
1898,68.7204,55.6663,1.2345,0.8100,1.0662,0.0568,0.405562,0.405678,0.000116,0
1899,24.0870,18.3640,1.3116,0.7624,0.6713,0.0552,0.528600,0.528766,0.000166,0
1900,48.6990,56.3914,0.8636,1.1580,0.7198,0.0495,0.368610,0.368613,0.000003,1
1901,51.2076,52.1714,0.9815,1.0188,0.6613,0.0540,0.358637,0.358765,0.000129,1
1902,38.8183,38.8051,1.0003,0.9997,0.6540,0.0485,0.210585,0.210592,0.000006,1
1903,22.1516,18.1651,1.2195,0.8200,1.0780,0.0566,0.380964,0.381080,0.000116,0
1904,22.9188,25.3341,0.9047,1.1054,1.0574,0.0278,0.527697,0.527790,0.000093,1
1905,24.1951,23.8395,1.0149,0.9853,0.4496,0.0464,0.396748,0.396745,0.000003,1
1906,61.8812,67.3779,0.9184,1.0888,0.5188,0.0506,0.489390,0.489527,0.000137,1
1907,77.2149,90.5662,0.8526,1.1729,0.8911,0.0491,0.251956,0.256858,0.004902,1
1908,56.4153,51.8862,1.0873,0.9197,1.0887,0.0233,0.355194,0.355193,0.000001,1
1909,42.9420,38.3368,1.1201,0.8928,1.0060,0.0287,0.326202,0.326205,0.000003,1
1910,50.4550,70.0280,0.7205,1.3879,0.6006,0.0537,0.158741,0.287171,0.128430,0
1911,60.8045,56.1957,1.0820,0.9242,0.7508,0.0443,0.407015,0.407019,0.000005,1
1912,25.4347,31.3563,0.8112,1.2328,0.3183,0.0560,0.525439,0.525477,0.000038,0
1913,40.5304,30.6069,1.3242,0.7552,0.1146,0.0336,0.484251,0.560228,0.075977,0
1914,69.9545,52.9015,1.3224,0.7562,0.1513,0.0329,0.446640,0.510567,0.063927,0
1915,76.1528,88.1525,0.8639,1.1576,0.2754,0.0502,0.340216,0.348513,0.008298,1
1916,65.6734,56.7505,1.1572,0.8641,0.5170,0.0494,0.472190,0.472197,0.000007,0
1917,28.7362,37.8200,0.7598,1.3161,1.0801,0.0522,0.309294,0.309356,0.000062,0
1918,56.3640,54.6590,1.0312,0.9698,0.4018,0.0436,0.251602,0.251601,0.000001,1
1919,33.9402,44.9039,0.7558,1.3230,0.3211,0.0230,0.284355,0.326302,0.041947,0
1920,50.2554,59.2233,0.8486,1.1784,1.4515,0.0417,0.306413,0.306439,0.000025,0
1921,22.5800,18.6631,1.2099,0.8265,1.4366,0.0267,0.207582,0.207910,0.000328,0
1922,33.7480,43.7376,0.7716,1.2960,0.1889,0.0421,0.196718,0.300000,0.103282,0
1923,55.5327,53.4103,1.0397,0.9618,1.2075,0.0438,0.349823,0.349849,0.000026,1
1924,74.7301,82.1041,0.9102,1.0987,0.8810,0.0309,0.509630,0.510225,0.000595,1
1925,65.7997,58.6209,1.1225,0.8909,1.4453,0.0271,0.304949,0.304959,0.000010,1
1926,53.4361,37.9338,1.4087,0.7099,0.3341,0.0347,0.390608,0.432997,0.042389,0
1927,48.0178,48.8221,0.9835,1.0167,0.6303,0.0426,0.454941,0.455065,0.000124,1
1928,45.9230,49.7589,0.9229,1.0835,0.9681,0.0305,0.515612,0.515710,0.000098,1
1929,36.5899,40.3888,0.9059,1.1038,1.4507,0.0230,0.546338,0.546418,0.000080,1
1930,66.7611,69.1243,0.9658,1.0354,1.0700,0.0234,0.307915,0.308016,0.000101,1
1931,65.4884,47.5263,1.3779,0.7257,1.2767,0.0510,0.410176,0.410683,0.000507,0
1932,41.5375,46.8972,0.8857,1.1290,0.1427,0.0514,0.292814,0.293859,0.001044,1
1933,22.9902,24.1125,0.9535,1.0488,1.2612,0.0414,0.405354,0.405461,0.000106,1
1934,33.2353,38.1194,0.8719,1.1470,1.3058,0.0341,0.201869,0.201878,0.000009,1
1935,40.8911,46.7798,0.8741,1.1440,1.0648,0.0229,0.518798,0.518889,0.000091,1
1936,77.3595,100.8483,0.7671,1.3036,0.5682,0.0278,0.440219,0.458954,0.018735,0
1937,47.3019,60.6244,0.7802,1.2816,1.4260,0.0422,0.266617,0.266651,0.000034,0
1938,56.0289,40.0761,1.3981,0.7153,0.8272,0.0529,0.461423,0.462269,0.000846,0
1939,22.8327,18.1150,1.2604,0.7934,1.2245,0.0478,0.456357,0.456437,0.000080,0
1940,48.9755,52.6897,0.9295,1.0758,0.4493,0.0408,0.508763,0.508906,0.000143,1
1941,48.8821,42.4902,1.1504,0.8692,1.3753,0.0231,0.343146,0.343150,0.000004,0
1942,66.6128,55.4248,1.2019,0.8320,0.2248,0.0372,0.325237,0.331847,0.006610,0
1943,41.7463,32.7487,1.2747,0.7845,0.9391,0.0345,0.391768,0.391880,0.000113,0
1944,44.8408,46.8257,0.9576,1.0443,1.3275,0.0581,0.261246,0.261415,0.000169,1
1945,44.7456,58.4809,0.7651,1.3070,1.2925,0.0435,0.391462,0.391487,0.000024,0
1946,50.4880,55.4041,0.9113,1.0974,1.0423,0.0278,0.365461,0.365557,0.000097,1
1947,79.7327,56.5300,1.4104,0.7090,1.1660,0.0488,0.511998,0.512664,0.000665,0
1948,57.5927,70.7821,0.8137,1.2290,1.0075,0.0258,0.382856,0.382857,0.000001,0
1949,57.2887,62.1768,0.9214,1.0853,1.2882,0.0408,0.486802,0.486905,0.000103,1
1950,35.8098,28.8276,1.2422,0.8050,0.9419,0.0489,0.153308,0.181297,0.027989,0
1951,48.5177,60.6103,0.8005,1.2492,0.3551,0.0257,0.513427,0.513502,0.000076,0
1952,70.4874,65.8329,1.0707,0.9340,0.8582,0.0473,0.155078,0.155230,0.000152,1
1953,28.5403,35.0672,0.8139,1.2287,0.5435,0.0486,0.521081,0.521083,0.000002,0
1954,56.8401,57.3683,0.9908,1.0093,0.3769,0.0205,0.319329,0.319487,0.000158,1
1955,69.8630,76.9269,0.9082,1.1011,0.4853,0.0365,0.422018,0.422490,0.000472,1
1956,25.8266,34.5958,0.7465,1.3395,0.9322,0.0464,0.205348,0.209814,0.004466,0
1957,30.3256,35.7015,0.8494,1.1773,1.1927,0.0488,0.285868,0.285892,0.000024,0
1958,34.0721,37.7566,0.9024,1.1081,0.1686,0.0514,0.420565,0.420566,0.000001,1
1959,62.8040,85.3121,0.7362,1.3584,0.5349,0.0339,0.304827,0.327685,0.022859,0
1960,52.2477,59.2896,0.8812,1.1348,0.4468,0.0516,0.244998,0.245009,0.000011,1
1961,29.6884,33.6891,0.8812,1.1348,1.4129,0.0292,0.203175,0.203182,0.000006,1
1962,22.9060,16.6503,1.3757,0.7269,0.8782,0.0580,0.227407,0.271262,0.043855,0
1963,72.1043,54.3655,1.3263,0.7540,1.4075,0.0546,0.235549,0.242447,0.006897,0
1964,37.7544,39.5966,0.9535,1.0488,0.8715,0.0559,0.307964,0.308090,0.000126,1
1965,58.9624,44.4076,1.3278,0.7532,0.6895,0.0371,0.166309,0.265796,0.099487,0
1966,52.7622,65.2737,0.8083,1.2371,0.1701,0.0356,0.242349,0.307174,0.064825,0
1967,42.2993,51.0284,0.8289,1.2064,0.8301,0.0417,0.476341,0.476342,0.000001,0
1968,65.3822,84.3656,0.7750,1.2903,1.1650,0.0305,0.202785,0.208134,0.005349,0
1969,49.8764,58.6945,0.8498,1.1768,0.3278,0.0400,0.153333,0.176307,0.022974,0
1970,68.4896,61.2529,1.1181,0.8943,0.4589,0.0471,0.263321,0.263394,0.000072,1
1971,51.6947,39.6319,1.3044,0.7667,0.8438,0.0274,0.438656,0.438772,0.000116,0
1972,78.3209,59.1564,1.3240,0.7553,0.6053,0.0470,0.490428,0.491530,0.001102,0
1973,61.0480,62.1109,0.9829,1.0174,1.1766,0.0266,0.475852,0.475942,0.000090,1
1974,35.9600,37.0393,0.9709,1.0300,0.6333,0.0585,0.204030,0.204166,0.000136,1
1975,70.7089,78.8146,0.8972,1.1146,0.8046,0.0384,0.385432,0.385955,0.000523,1
1976,51.4457,46.8858,1.0973,0.9114,0.1570,0.0452,0.500267,0.500264,0.000003,1
1977,38.2617,37.5800,1.0181,0.9822,1.2357,0.0359,0.525231,0.525328,0.000097,1
1978,63.7251,75.2762,0.8466,1.1813,0.9530,0.0431,0.383906,0.384173,0.000267,0
1979,78.9142,86.7516,0.9097,1.0993,1.3134,0.0235,0.437179,0.437929,0.000750,1
1980,56.0637,45.9193,1.2209,0.8191,1.0198,0.0427,0.297038,0.297230,0.000192,0
1981,76.8798,55.8557,1.3764,0.7265,0.7138,0.0294,0.279191,0.300872,0.021681,0
1982,62.5788,80.9260,0.7733,1.2932,0.5095,0.0451,0.299968,0.307329,0.007361,0
1983,25.1729,34.5354,0.7289,1.3719,0.3942,0.0465,0.444504,0.447003,0.002499,0
1984,54.7783,49.2361,1.1126,0.8988,1.1009,0.0419,0.510887,0.510901,0.000014,1
1985,25.7845,32.3256,0.7976,1.2537,0.4067,0.0548,0.230960,0.241005,0.010045,0
1986,54.9522,42.7491,1.2855,0.7779,0.9465,0.0249,0.293315,0.294001,0.000686,0
1987,45.2437,32.0050,1.4136,0.7074,0.3392,0.0447,0.489537,0.501709,0.012172,0
1988,73.3622,88.2776,0.8310,1.2033,0.6565,0.0319,0.543286,0.546401,0.003115,0
1989,62.2327,82.9300,0.7504,1.3326,0.9635,0.0538,0.403475,0.405191,0.001717,0
1990,55.9722,76.4096,0.7325,1.3651,1.4330,0.0556,0.322625,0.322770,0.000145,0
1991,61.1945,83.3453,0.7342,1.3620,0.9393,0.0334,0.378730,0.380919,0.002189,0
1992,46.4797,60.6252,0.7667,1.3043,1.0451,0.0599,0.261234,0.261338,0.000104,0
1993,56.9518,71.5602,0.7959,1.2565,0.1111,0.0454,0.511449,0.527142,0.015693,0
1994,38.0712,27.7007,1.3744,0.7276,1.3824,0.0544,0.257120,0.265551,0.008431,0
1995,77.0556,97.3244,0.7917,1.2630,0.3189,0.0201,0.289579,0.311418,0.021839,0
1996,44.1652,37.7097,1.1712,0.8538,0.8367,0.0502,0.492296,0.492315,0.000019,0
1997,78.9215,80.0157,0.9863,1.0139,1.0044,0.0346,0.333428,0.333548,0.000120,1
1998,41.0450,54.0774,0.7590,1.3175,0.1130,0.0571,0.301653,0.300000,0.001653,0
1999,55.0438,48.3706,1.1380,0.8788,1.4940,0.0269,0.533801,0.533886,0.000086,1
2000,55.9062,51.8981,1.0772,0.9283,1.2211,0.0252,0.232693,0.232697,0.000004,1
2001,39.1424,50.6126,0.7734,1.2930,0.7715,0.0598,0.356635,0.356690,0.000055,0
2002,39.3933,43.1887,0.9121,1.0963,0.1413,0.0208,0.366279,0.366295,0.000016,1
2003,26.7586,31.1471,0.8591,1.1640,1.0715,0.0446,0.199330,0.199345,0.000015,1
2004,39.2267,39.8476,0.9844,1.0158,1.1606,0.0459,0.281510,0.281629,0.000119,1
2005,42.8358,59.6928,0.7176,1.3935,0.4224,0.0481,0.156800,0.300000,0.143200,0
2006,48.8601,53.4528,0.9141,1.0940,0.5031,0.0410,0.192872,0.192873,0.000001,1
2007,43.7019,36.2415,1.2059,0.8293,0.2095,0.0377,0.233804,0.294961,0.061157,0
2008,69.6396,59.5752,1.1689,0.8555,1.2289,0.0483,0.412899,0.412951,0.000053,0
2009,49.3966,52.5972,0.9391,1.0648,0.9904,0.0511,0.175867,0.175990,0.000123,1
2010,24.0120,33.1515,0.7243,1.3806,0.7971,0.0504,0.251273,0.256624,0.005352,0
2011,21.5052,17.8542,1.2045,0.8302,0.2574,0.0235,0.331878,0.334978,0.003100,0
2012,38.8330,50.0208,0.7763,1.2881,0.7814,0.0505,0.199196,0.202390,0.003194,0
2013,49.4974,51.7338,0.9568,1.0452,0.4746,0.0522,0.359626,0.359769,0.000144,1
2014,28.7527,22.6066,1.2719,0.7862,0.9427,0.0447,0.417440,0.417550,0.000110,0
2015,42.2681,51.7232,0.8172,1.2237,0.7928,0.0251,0.389021,0.389025,0.000004,0
2016,57.9864,42.2108,1.3737,0.7279,0.3996,0.0281,0.197340,0.316734,0.119393,0
2017,78.7219,72.5953,1.0844,0.9222,1.2522,0.0360,0.518212,0.518476,0.000264,1
2018,51.6526,69.8364,0.7396,1.3520,0.5472,0.0213,0.446164,0.446670,0.000506,0
2019,29.3277,31.9040,0.9192,1.0878,0.2759,0.0405,0.284123,0.284120,0.000002,1
2020,53.0534,53.8411,0.9854,1.0148,1.2546,0.0544,0.411007,0.411147,0.000140,1
2021,77.0959,76.0533,1.0137,0.9865,0.5297,0.0318,0.271537,0.271560,0.000023,1
2022,67.9366,91.5614,0.7420,1.3477,1.0759,0.0389,0.450815,0.455730,0.004916,0
2023,78.8867,106.7405,0.7391,1.3531,0.2400,0.0284,0.353668,0.731965,0.378297,0
2024,68.9511,72.7912,0.9472,1.0557,0.7318,0.0396,0.340985,0.341169,0.000184,1
2025,53.8810,59.3474,0.9079,1.1015,0.1009,0.0225,0.242679,0.246742,0.004064,1
2026,20.0403,18.8356,1.0640,0.9399,0.7182,0.0222,0.202602,0.202601,0.000001,1
2027,62.8333,59.0950,1.0633,0.9405,0.6351,0.0524,0.319622,0.319630,0.000008,1
2028,69.4546,77.4521,0.8967,1.1151,1.1624,0.0281,0.336517,0.336840,0.000323,1
2029,27.0388,31.3595,0.8622,1.1598,0.9825,0.0290,0.361090,0.361089,0.000001,1
2030,78.6047,66.4085,1.1837,0.8448,0.5443,0.0394,0.261881,0.264922,0.003042,0
2031,27.1670,20.5044,1.3249,0.7548,1.2455,0.0239,0.233840,0.237255,0.003414,0
2032,29.7287,31.6518,0.9392,1.0647,0.2035,0.0276,0.159717,0.159766,0.000049,1
2033,76.6967,80.4897,0.9529,1.0495,0.9925,0.0228,0.538696,0.538902,0.000206,1
2034,75.7518,94.7747,0.7993,1.2511,0.6460,0.0378,0.153967,0.255465,0.101498,0
2035,60.3687,62.0916,0.9723,1.0285,0.9986,0.0274,0.401387,0.401485,0.000098,1
2036,68.3505,51.2271,1.3343,0.7495,0.7126,0.0478,0.475889,0.476209,0.000320,0
2037,42.0136,50.4433,0.8329,1.2006,1.4442,0.0577,0.381050,0.381205,0.000155,0
2038,32.5578,30.7849,1.0576,0.9455,0.6549,0.0444,0.202016,0.202024,0.000009,1
2039,76.1126,73.4459,1.0363,0.9650,0.2848,0.0257,0.245206,0.245459,0.000254,1
2040,35.6853,42.1927,0.8458,1.1824,0.2585,0.0447,0.382038,0.382190,0.000151,0
2041,40.8399,38.2111,1.0688,0.9356,0.4216,0.0306,0.396223,0.396219,0.000004,1
2042,72.5785,81.8349,0.8869,1.1275,0.1319,0.0578,0.229385,0.289741,0.060356,1
2043,44.6889,39.1192,1.1424,0.8754,0.9064,0.0497,0.274723,0.274786,0.000063,1
2044,45.5293,32.9735,1.3808,0.7242,0.9132,0.0460,0.286308,0.296865,0.010557,0
2045,21.5052,27.8189,0.7730,1.2936,1.2064,0.0246,0.163733,0.167495,0.003762,0
2046,23.2978,29.0205,0.8028,1.2456,0.6229,0.0364,0.544104,0.544105,0.000001,0
2047,37.5256,39.7397,0.9443,1.0590,0.3740,0.0322,0.320879,0.320875,0.000004,1
2048,46.8422,49.6852,0.9428,1.0607,0.8684,0.0347,0.450510,0.450615,0.000106,1
2049,66.1367,76.1737,0.8682,1.1518,0.7246,0.0439,0.326250,0.326758,0.000508,1
2050,57.3876,65.4790,0.8764,1.1410,0.6723,0.0515,0.417782,0.417784,0.000003,1
2051,79.1394,88.7541,0.8917,1.1215,0.3710,0.0275,0.200014,0.208356,0.008343,1
2052,42.4934,43.9150,0.9676,1.0335,0.1210,0.0273,0.508617,0.508611,0.000006,1
2053,74.8729,76.0373,0.9847,1.0156,0.5820,0.0535,0.266337,0.266496,0.000160,1
2054,35.6432,36.7922,0.9688,1.0322,0.9901,0.0490,0.271610,0.271730,0.000120,1
2055,70.9525,69.4731,1.0213,0.9791,0.9024,0.0578,0.369221,0.369256,0.000035,1
2056,71.8607,60.1336,1.1950,0.8368,1.3693,0.0410,0.273380,0.273548,0.000168,0
2057,70.3555,84.3470,0.8341,1.1989,1.3569,0.0527,0.330987,0.332535,0.001548,0
2058,43.4785,44.5903,0.9751,1.0256,1.2648,0.0475,0.381941,0.382062,0.000121,1
2059,21.3111,20.1588,1.0572,0.9459,1.3486,0.0479,0.335540,0.335592,0.000051,1
2060,64.1829,60.2052,1.0661,0.9380,0.5665,0.0295,0.343878,0.343875,0.000003,1
2061,51.8723,55.3319,0.9375,1.0667,0.3193,0.0562,0.466184,0.466179,0.000005,1
2062,22.8401,17.9339,1.2736,0.7852,0.2173,0.0593,0.317705,0.367728,0.050023,0
2063,66.0872,49.5492,1.3338,0.7498,0.9420,0.0492,0.381648,0.382291,0.000643,0
2064,59.5227,43.5084,1.3681,0.7310,1.4733,0.0397,0.426168,0.426383,0.000215,0
2065,38.5107,29.3466,1.3123,0.7620,0.8447,0.0316,0.524230,0.524291,0.000061,0
2066,31.4426,32.9432,0.9544,1.0477,1.3883,0.0383,0.322625,0.322729,0.000104,1
2067,34.2332,40.2345,0.8508,1.1753,0.2851,0.0549,0.370307,0.370376,0.000069,1
2068,64.2232,56.6881,1.1329,0.8827,1.0530,0.0291,0.279899,0.279909,0.000010,1
2069,70.7236,62.8565,1.1252,0.8888,0.4920,0.0270,0.506102,0.506147,0.000045,1
2070,51.1673,67.3177,0.7601,1.3156,1.2530,0.0247,0.454233,0.454242,0.000009,0
2071,22.6972,26.7833,0.8474,1.1800,0.6304,0.0465,0.390425,0.390426,0.000001,0
2072,37.7270,40.8227,0.9242,1.0821,1.0554,0.0378,0.403121,0.403222,0.000102,1
2073,29.6554,25.8720,1.1462,0.8724,1.0130,0.0574,0.401631,0.401685,0.000054,1
2074,37.5237,38.0312,0.9867,1.0135,1.3586,0.0292,0.292570,0.292662,0.000092,1
2075,55.0237,64.9411,0.8473,1.1802,1.1373,0.0539,0.206813,0.206843,0.000030,0
2076,57.6495,77.8311,0.7407,1.3501,1.0301,0.0322,0.167835,0.188850,0.021015,0
2077,63.6409,80.8841,0.7868,1.2709,0.2642,0.0234,0.289677,0.314423,0.024746,0
2078,32.0432,39.8004,0.8051,1.2421,1.4755,0.0252,0.230850,0.230870,0.000020,0
2079,48.0544,55.4664,0.8664,1.1542,0.6298,0.0300,0.276530,0.276533,0.000004,1
2080,79.9597,57.6304,1.3875,0.7207,0.1152,0.0368,0.518920,0.693171,0.174251,0
2081,41.1859,39.4078,1.0451,0.9568,0.8874,0.0319,0.361066,0.361066,0.000000,1
2082,69.4766,77.3727,0.8979,1.1137,1.4589,0.0338,0.360614,0.360941,0.000327,1
2083,21.0785,16.0054,1.3170,0.7593,1.2687,0.0405,0.493956,0.494037,0.000081,0
2084,61.1487,46.0268,1.3285,0.7527,0.6439,0.0301,0.548730,0.548849,0.000118,0
2085,79.8938,59.3767,1.3455,0.7432,1.3301,0.0310,0.326641,0.328133,0.001492,0
2086,61.6523,74.2422,0.8304,1.2042,1.0116,0.0299,0.364045,0.364205,0.000161,0
2087,31.8418,41.6977,0.7636,1.3095,1.0606,0.0514,0.227419,0.227753,0.000334,0
2088,39.2853,54.2138,0.7246,1.3800,0.3137,0.0208,0.260111,0.391795,0.131684,0
2089,30.6241,26.7930,1.1430,0.8749,1.2720,0.0495,0.272941,0.273033,0.000093,1
2090,49.9240,55.2076,0.9043,1.1058,1.2452,0.0528,0.425680,0.425808,0.000128,1
2091,73.7358,52.4089,1.4069,0.7108,0.6210,0.0542,0.209706,0.326918,0.117212,0
2092,40.7868,31.0898,1.3119,0.7623,0.9608,0.0204,0.430074,0.430162,0.000088,0
2093,26.3393,30.4812,0.8641,1.1573,1.0289,0.0336,0.428121,0.428122,0.000000,1
2094,48.0251,39.0942,1.2284,0.8140,1.4293,0.0498,0.176222,0.182261,0.006039,0
2095,78.5937,62.9539,1.2484,0.8010,1.3098,0.0504,0.244876,0.247531,0.002655,0
2096,69.8337,93.7928,0.7446,1.3431,1.0849,0.0496,0.286784,0.296555,0.009771,0
2097,34.9309,32.9638,1.0597,0.9437,0.4010,0.0499,0.300432,0.300432,0.000000,1
2098,47.2250,63.0329,0.7492,1.3347,0.4269,0.0386,0.480894,0.481363,0.000469,0
2099,79.4452,110.5240,0.7188,1.3912,0.5598,0.0374,0.494078,0.532538,0.038460,0
2100,47.2488,41.4015,1.1412,0.8762,0.1665,0.0525,0.312383,0.314522,0.002139,1
2101,45.4836,34.3279,1.3250,0.7547,0.3348,0.0485,0.251956,0.326992,0.075036,0
2102,65.6789,62.0350,1.0587,0.9445,0.4056,0.0339,0.284758,0.284755,0.000003,1
2103,77.5976,89.6027,0.8660,1.1547,0.7146,0.0357,0.302751,0.306868,0.004116,1
2104,75.7756,55.2494,1.3715,0.7291,0.1223,0.0574,0.484043,0.593810,0.109766,0
2105,27.2878,36.8313,0.7409,1.3497,0.2671,0.0354,0.369904,0.401245,0.031341,0
2106,33.8231,46.9946,0.7197,1.3894,1.3219,0.0453,0.527648,0.527683,0.000035,0
2107,28.4414,38.7413,0.7341,1.3621,0.7962,0.0595,0.331780,0.332162,0.000381,0
2108,58.5669,65.7385,0.8909,1.1225,1.1406,0.0584,0.465769,0.465903,0.000134,1
2109,31.0160,41.0436,0.7557,1.3233,0.1214,0.0466,0.498082,0.555129,0.057047,0
2110,57.7044,49.3810,1.1686,0.8558,0.5696,0.0323,0.541064,0.541062,0.000002,0
2111,30.3311,33.5936,0.9029,1.1076,0.1210,0.0318,0.354889,0.355008,0.000119,1
2112,67.8176,62.1355,1.0914,0.9162,1.0413,0.0357,0.463584,0.463590,0.000006,1
2113,51.4072,48.7704,1.0541,0.9487,1.2228,0.0542,0.291118,0.291183,0.000065,1
2114,72.1116,93.6156,0.7703,1.2982,0.2877,0.0428,0.539624,0.557867,0.018243,0
2115,50.9256,52.1572,0.9764,1.0242,1.3822,0.0255,0.485179,0.485263,0.000085,1
2116,70.3647,70.4098,0.9994,1.0006,1.0054,0.0288,0.456430,0.456528,0.000098,1
2117,20.8661,15.4345,1.3519,0.7397,1.1021,0.0375,0.353717,0.354417,0.000700,0
2118,25.3835,34.4887,0.7360,1.3587,0.3207,0.0221,0.419613,0.429273,0.009661,0
2119,55.3789,73.9493,0.7489,1.3353,0.1176,0.0304,0.192836,0.050001,0.142835,0
2120,47.1792,42.5510,1.1088,0.9019,0.2151,0.0417,0.515331,0.515327,0.000004,1
2121,33.3213,35.0739,0.9500,1.0526,0.2580,0.0276,0.527624,0.527617,0.000007,1
2122,27.7895,29.4892,0.9424,1.0612,0.3261,0.0364,0.476902,0.476896,0.000006,1
2123,50.7242,37.4499,1.3545,0.7383,1.3825,0.0301,0.476988,0.477071,0.000084,0
2124,73.5801,70.7759,1.0396,0.9619,0.4507,0.0533,0.323345,0.323431,0.000086,1
2125,27.7438,27.7687,0.9991,1.0009,0.4444,0.0398,0.388777,0.388922,0.000146,1
2126,45.3059,32.4488,1.3962,0.7162,0.2213,0.0403,0.257083,0.529018,0.271935,0
2127,70.8554,61.4812,1.1525,0.8677,0.1441,0.0265,0.353717,0.356630,0.002913,0
2128,77.0794,84.8845,0.9081,1.1013,0.3869,0.0318,0.208889,0.212578,0.003690,1
2129,50.6803,45.8201,1.1061,0.9041,1.3531,0.0226,0.417049,0.417049,0.000000,1
2130,70.7309,93.3645,0.7576,1.3200,1.4646,0.0514,0.349994,0.355277,0.005283,0
2131,36.4635,41.3835,0.8811,1.1349,1.2200,0.0366,0.223171,0.223181,0.000010,1
2132,39.7082,32.7744,1.2116,0.8254,0.6323,0.0269,0.204701,0.209929,0.005228,0
2133,27.1889,25.6201,1.0612,0.9423,0.4603,0.0561,0.501183,0.501181,0.000001,1
2134,53.9598,42.1915,1.2789,0.7819,1.1646,0.0206,0.541357,0.541367,0.000010,0
2135,54.3205,70.1374,0.7745,1.2912,1.2747,0.0201,0.478013,0.478015,0.000003,0
2136,61.7219,79.1519,0.7798,1.2824,0.6565,0.0394,0.245193,0.250972,0.005778,0
2137,39.5489,37.1368,1.0650,0.9390,0.1053,0.0500,0.241385,0.241563,0.000179,1
2138,43.3265,41.8289,1.0358,0.9654,1.1106,0.0227,0.333905,0.333998,0.000093,1
2139,70.2512,49.9007,1.4078,0.7103,0.2974,0.0408,0.315716,0.426273,0.110557,0
2140,33.5319,24.5683,1.3648,0.7327,0.2470,0.0202,0.414559,0.454493,0.039935,0
2141,43.1178,40.6860,1.0598,0.9436,1.3706,0.0533,0.512096,0.512243,0.000147,1
2142,59.8614,58.4381,1.0244,0.9762,1.3181,0.0551,0.450595,0.450745,0.000150,1
2143,40.2118,49.8271,0.8070,1.2391,1.4769,0.0224,0.317388,0.317392,0.000004,0
2144,72.7763,75.6525,0.9620,1.0395,0.6421,0.0588,0.358063,0.358278,0.000215,1
2145,78.7091,97.2522,0.8093,1.2356,1.4316,0.0265,0.347345,0.353062,0.005717,0
2146,36.3610,28.4425,1.2784,0.7822,0.1833,0.0292,0.532238,0.536018,0.003780,0
2147,73.8310,89.3905,0.8259,1.2107,1.0931,0.0397,0.155408,0.163344,0.007937,0
2148,33.3561,38.0136,0.8775,1.1396,1.1812,0.0353,0.369318,0.369324,0.000006,1
2149,30.8713,22.2958,1.3846,0.7222,0.5451,0.0276,0.211318,0.320284,0.108966,0
2150,63.1501,69.4665,0.9091,1.1000,0.2411,0.0419,0.442306,0.442354,0.000047,1
2151,34.7606,26.7532,1.2993,0.7696,0.1449,0.0273,0.192506,0.514175,0.321669,0
2152,23.3674,16.4411,1.4213,0.7036,0.6171,0.0329,0.465683,0.467651,0.001967,0
2153,51.4457,38.6771,1.3301,0.7518,0.3457,0.0229,0.516625,0.517886,0.001261,0
2154,72.3643,89.1189,0.8120,1.2315,1.0182,0.0333,0.391169,0.394596,0.003427,0
2155,32.2721,38.8465,0.8308,1.2037,0.1319,0.0458,0.334735,0.358628,0.023893,0
2156,58.7463,67.2890,0.8730,1.1454,0.3352,0.0269,0.364399,0.364407,0.000008,1
2157,37.7581,26.9622,1.4004,0.7141,1.0175,0.0347,0.452561,0.452955,0.000395,0
2158,42.7039,46.3741,0.9209,1.0859,0.3779,0.0364,0.492405,0.492400,0.000006,1
2159,28.4121,26.4468,1.0743,0.9308,0.7087,0.0279,0.500853,0.500848,0.000005,1
2160,69.5590,89.7432,0.7751,1.2902,0.4213,0.0268,0.272245,0.286147,0.013902,0
2161,64.8549,55.1218,1.1766,0.8499,1.4111,0.0362,0.386250,0.386280,0.000030,0
2162,36.4635,49.9841,0.7295,1.3708,1.2478,0.0456,0.163599,0.172080,0.008481,0
2163,55.1335,51.6696,1.0670,0.9372,0.8318,0.0255,0.470615,0.470720,0.000105,1
2164,65.7576,49.9511,1.3164,0.7596,1.2229,0.0276,0.200685,0.210806,0.010121,0
2165,41.1072,30.5033,1.3476,0.7420,1.2748,0.0251,0.498753,0.498811,0.000057,0
2166,70.7529,83.9754,0.8425,1.1869,0.3256,0.0293,0.384272,0.389185,0.004912,0
2167,45.7527,60.0904,0.7614,1.3134,0.1168,0.0378,0.274479,0.300000,0.025521,0
2168,59.3286,82.1766,0.7220,1.3851,1.3482,0.0261,0.519530,0.520240,0.000710,0
2169,66.6311,80.5309,0.8274,1.2086,1.2674,0.0478,0.518920,0.519608,0.000688,0
2170,34.7606,35.1504,0.9889,1.0112,0.4571,0.0343,0.423189,0.423332,0.000143,1
2171,55.1317,54.3567,1.0143,0.9859,0.6245,0.0436,0.487242,0.487366,0.000124,1
2172,29.6664,23.9245,1.2400,0.8065,0.5454,0.0592,0.261185,0.268145,0.006960,0
2173,63.8093,55.6222,1.1472,0.8717,1.3226,0.0441,0.417367,0.417407,0.000040,1
2174,74.9754,90.1467,0.8317,1.2023,0.8775,0.0275,0.447848,0.451245,0.003397,0
2175,52.9270,63.0274,0.8397,1.1908,0.1957,0.0375,0.387947,0.388816,0.000870,0
2176,69.0683,53.0119,1.3029,0.7675,1.2066,0.0400,0.288371,0.289306,0.000935,0
2177,39.3731,28.4461,1.3841,0.7225,1.4335,0.0457,0.523205,0.523377,0.000172,0
2178,40.1733,48.7178,0.8246,1.2127,1.4142,0.0599,0.428390,0.428550,0.000160,0
2179,64.3184,63.3909,1.0146,0.9856,1.3520,0.0517,0.548914,0.549048,0.000134,1
2180,35.2184,41.0786,0.8573,1.1664,0.1406,0.0280,0.237503,0.275999,0.038497,1
2181,27.3647,26.1277,1.0473,0.9548,1.2249,0.0371,0.525744,0.525843,0.000099,1
2182,28.1210,23.6766,1.1877,0.8420,1.4403,0.0421,0.348627,0.348691,0.000065,0
2183,22.5581,16.8610,1.3379,0.7474,0.2830,0.0457,0.215981,0.343014,0.127033,0
2184,47.5546,46.1506,1.0304,0.9705,0.7571,0.0297,0.350323,0.350322,0.000002,1
2185,52.3759,67.5303,0.7756,1.2893,0.9844,0.0526,0.224001,0.224301,0.000299,0
2186,25.8083,26.2262,0.9841,1.0162,0.2756,0.0345,0.536547,0.536731,0.000183,1
2187,47.7505,59.8804,0.7974,1.2540,0.9372,0.0425,0.442819,0.442826,0.000007,0
2188,74.3510,63.6201,1.1687,0.8557,0.9074,0.0459,0.306475,0.306793,0.000319,0
2189,62.4360,59.9404,1.0416,0.9600,0.5185,0.0594,0.286357,0.286363,0.000007,1
2190,25.1180,30.8144,0.8151,1.2268,0.8277,0.0200,0.326800,0.326821,0.000021,0
2191,36.1834,35.9422,1.0067,0.9933,0.5361,0.0360,0.541443,0.541573,0.000131,1
2192,67.4404,92.9888,0.7253,1.3788,0.5240,0.0217,0.169153,0.291340,0.122186,0
2193,50.9238,60.3264,0.8441,1.1846,1.3041,0.0380,0.282768,0.282780,0.000012,0
2194,45.8095,41.8578,1.0944,0.9137,0.7667,0.0262,0.267911,0.267911,0.000000,1
2195,54.6648,54.6904,0.9995,1.0005,1.3302,0.0481,0.411849,0.411975,0.000127,1
2196,31.4243,42.2023,0.7446,1.3430,1.1046,0.0560,0.356708,0.356766,0.000058,0
2197,76.8853,106.9824,0.7187,1.3915,1.3035,0.0518,0.252200,0.279373,0.027172,0
2198,67.6711,83.0890,0.8144,1.2278,1.0282,0.0409,0.486265,0.487518,0.001252,0
2199,64.1554,62.0502,1.0339,0.9672,0.5156,0.0581,0.312969,0.312974,0.000005,1
2200,44.2384,60.3791,0.7327,1.3649,0.5819,0.0460,0.152417,0.281748,0.129331,0
2201,43.0976,48.4303,0.8899,1.1237,0.5122,0.0365,0.267801,0.267802,0.000000,1
2202,23.7245,27.4187,0.8653,1.1557,0.5373,0.0294,0.419808,0.419805,0.000003,1
2203,47.1426,38.7473,1.2167,0.8219,0.5296,0.0249,0.237454,0.241117,0.003663,0
2204,35.9709,43.3012,0.8307,1.2038,0.4255,0.0436,0.465134,0.465140,0.000006,0
2205,21.3257,21.2036,1.0058,0.9943,1.0075,0.0207,0.262040,0.262137,0.000098,1
2206,36.3811,45.2001,0.8049,1.2424,1.3482,0.0593,0.533691,0.533837,0.000146,0
2207,23.0781,30.6143,0.7538,1.3266,1.4445,0.0442,0.452988,0.453018,0.000030,0
2208,62.8022,47.8188,1.3133,0.7614,0.5176,0.0594,0.353070,0.358366,0.005296,0
2209,24.0614,31.5533,0.7626,1.3114,1.3670,0.0299,0.174659,0.176120,0.001461,0
2210,28.3663,33.9233,0.8362,1.1959,1.4922,0.0383,0.430538,0.430638,0.000099,0
2211,66.2905,72.0684,0.9198,1.0872,0.8783,0.0213,0.172388,0.172535,0.000147,1
2212,42.9182,43.4371,0.9881,1.0121,1.4471,0.0315,0.223562,0.223659,0.000097,1
2213,72.1793,61.2329,1.1788,0.8483,1.4260,0.0230,0.285734,0.285807,0.000073,0
2214,30.3586,33.6260,0.9028,1.1076,1.1295,0.0319,0.367609,0.367705,0.000096,1
2215,50.7242,52.0180,0.9751,1.0255,0.9409,0.0205,0.315313,0.315412,0.000100,1
2216,51.3157,39.6340,1.2947,0.7724,0.9665,0.0539,0.420943,0.421154,0.000210,0
2217,57.8655,79.7867,0.7253,1.3788,0.4422,0.0351,0.196364,0.291635,0.095272,0
2218,77.1636,75.1459,1.0269,0.9739,0.6962,0.0272,0.193593,0.193686,0.000094,1
2219,75.9038,84.1136,0.9024,1.1082,1.4347,0.0328,0.523595,0.524118,0.000523,1
2220,20.3241,19.7119,1.0311,0.9699,1.4539,0.0216,0.515294,0.515375,0.000080,1
2221,72.1976,61.2855,1.1781,0.8489,0.4368,0.0362,0.319573,0.320040,0.000467,0
2222,54.3205,67.9940,0.7989,1.2517,1.2428,0.0292,0.317437,0.317446,0.000009,0
2223,38.4613,41.5375,0.9259,1.0800,1.2276,0.0435,0.393159,0.393268,0.000109,1
2224,62.7729,70.3429,0.8924,1.1206,1.1248,0.0297,0.404390,0.404505,0.000115,1
2225,36.7382,40.7283,0.9020,1.1086,0.5799,0.0369,0.343793,0.343790,0.000003,1
2226,67.0248,82.7665,0.8098,1.2349,1.0553,0.0347,0.321624,0.323372,0.001748,0
2227,23.6457,28.3552,0.8339,1.1992,1.0188,0.0600,0.284904,0.284935,0.000031,0
2228,24.6162,26.4300,0.9314,1.0737,1.2375,0.0399,0.541601,0.541702,0.000100,1
2229,28.5348,33.5237,0.8512,1.1748,1.3902,0.0340,0.531567,0.531658,0.000091,1
2230,73.2084,57.2921,1.2778,0.7826,0.1553,0.0526,0.232583,0.387869,0.155286,0
2231,41.1640,29.6546,1.3881,0.7204,1.4146,0.0215,0.476792,0.476883,0.000091,0
2232,23.9625,27.1655,0.8821,1.1337,0.6357,0.0338,0.401802,0.401798,0.000004,1
2233,77.8924,97.0901,0.8023,1.2465,0.4172,0.0453,0.315911,0.340533,0.024622,0
2234,72.6994,57.2339,1.2702,0.7873,1.1713,0.0333,0.460569,0.460612,0.000044,0
2235,59.7186,79.0184,0.7558,1.3232,0.7334,0.0528,0.420003,0.420845,0.000841,0
2236,43.3192,44.1437,0.9813,1.0190,1.4710,0.0475,0.498363,0.498490,0.000128,1
2237,48.2833,50.4505,0.9570,1.0449,0.9737,0.0261,0.456772,0.456870,0.000098,1
2238,74.2924,67.9075,1.0940,0.9141,1.3742,0.0368,0.221511,0.221710,0.000199,1
2239,64.6480,86.1126,0.7507,1.3320,0.4588,0.0210,0.461435,0.468339,0.006904,0
2240,31.9608,40.4880,0.7894,1.2668,0.2514,0.0233,0.263175,0.307832,0.044657,0
2241,57.8069,52.0831,1.1099,0.9010,0.1892,0.0385,0.420174,0.420184,0.000010,1
2242,52.6341,63.0316,0.8350,1.1975,0.7732,0.0239,0.453610,0.453607,0.000003,0
2243,73.0235,89.5126,0.8158,1.2258,0.3599,0.0595,0.195119,0.312358,0.117240,0
2244,25.2974,31.4258,0.8050,1.2423,0.6575,0.0367,0.302605,0.302717,0.000112,0
2245,71.5183,75.8558,0.9428,1.0606,0.3515,0.0236,0.442587,0.442834,0.000246,1
2246,76.7882,86.7341,0.8853,1.1295,1.4638,0.0365,0.240713,0.242289,0.001576,1
2247,70.5808,97.5812,0.7233,1.3825,0.9966,0.0580,0.205055,0.325536,0.120480,0
2248,58.1036,50.1682,1.1582,0.8634,1.2701,0.0331,0.541687,0.541695,0.000008,0
2249,24.0394,31.9918,0.7514,1.3308,1.4060,0.0302,0.342792,0.342823,0.000031,0
2250,42.3395,30.5910,1.3841,0.7225,0.7219,0.0352,0.355390,0.359720,0.004330,0
2251,44.8518,60.8609,0.7370,1.3569,1.2297,0.0206,0.161914,0.178515,0.016601,0
2252,38.4832,34.6209,1.1116,0.8996,0.2551,0.0314,0.369062,0.369071,0.000009,1
2253,61.8445,45.6165,1.3558,0.7376,0.3802,0.0487,0.544104,0.545478,0.001374,0
2254,28.9578,40.0516,0.7230,1.3831,0.6392,0.0382,0.533923,0.534053,0.000131,0
2255,78.9123,97.6483,0.8081,1.2374,1.4533,0.0545,0.436190,0.441050,0.004860,0
2256,79.4763,99.6077,0.7979,1.2533,0.9469,0.0501,0.295244,0.307499,0.012255,0
2257,44.5167,32.0110,1.3907,0.7191,0.4050,0.0228,0.169019,0.320829,0.151810,0
2258,55.2379,70.6788,0.7815,1.2795,0.3911,0.0287,0.495933,0.496087,0.000153,0
2259,20.0439,21.6386,0.9263,1.0796,0.1701,0.0476,0.190236,0.190378,0.000142,1
2260,75.1146,88.9709,0.8443,1.1845,0.1755,0.0331,0.436703,0.451612,0.014908,0
2261,54.4560,55.7334,0.9771,1.0235,0.4977,0.0305,0.469346,0.469481,0.000135,1
2262,72.7287,90.0617,0.8075,1.2383,0.9341,0.0379,0.521007,0.524242,0.003234,0
2263,67.7902,72.0348,0.9411,1.0626,0.2261,0.0399,0.311724,0.311941,0.000217,1
2264,37.8954,33.6461,1.1263,0.8879,0.6812,0.0305,0.538073,0.538069,0.000005,1
2265,34.3248,32.1198,1.0686,0.9358,0.9786,0.0445,0.453549,0.453561,0.000012,1
2266,51.0263,58.8661,0.8668,1.1536,0.8226,0.0278,0.394783,0.394780,0.000003,1
2267,55.6645,64.9257,0.8574,1.1664,1.1256,0.0268,0.150964,0.151007,0.000043,1
2268,44.4618,61.4040,0.7241,1.3811,1.4590,0.0315,0.445358,0.445385,0.000027,0
2269,61.6669,80.4133,0.7669,1.3040,1.2885,0.0245,0.174671,0.180999,0.006328,0
2270,35.7878,30.2167,1.1844,0.8443,0.3434,0.0225,0.537182,0.537191,0.000009,0
2271,30.9867,28.3467,1.0931,0.9148,0.7431,0.0374,0.424728,0.424728,0.000001,1
2272,46.4064,33.1150,1.4014,0.7136,0.3785,0.0241,0.542224,0.544843,0.002619,0
2273,40.0177,43.5023,0.9199,1.0871,1.2761,0.0321,0.540710,0.540801,0.000091,1
2274,31.5452,23.4281,1.3465,0.7427,1.0568,0.0323,0.525060,0.525138,0.000077,0
2275,27.1688,21.2922,1.2760,0.7837,1.0536,0.0286,0.448825,0.448863,0.000038,0
2276,73.0766,69.9122,1.0453,0.9567,0.7226,0.0405,0.262223,0.262295,0.000072,1
2277,75.9624,106.0731,0.7161,1.3964,0.9238,0.0385,0.310051,0.340860,0.030809,0
2278,71.2107,67.6144,1.0532,0.9495,1.1420,0.0573,0.421993,0.422067,0.000074,1
2279,72.8220,66.9275,1.0881,0.9191,0.5966,0.0355,0.462265,0.462368,0.000103,1
2280,63.2453,55.7967,1.1335,0.8822,1.3866,0.0416,0.189198,0.189365,0.000167,1
2281,21.4063,20.3925,1.0497,0.9526,1.1813,0.0388,0.334857,0.334872,0.000016,1
2282,24.1255,25.0815,0.9619,1.0396,0.2382,0.0382,0.527502,0.527699,0.000198,1
2283,72.0914,62.2133,1.1588,0.8630,0.4961,0.0411,0.405184,0.405323,0.000139,0
2284,32.5138,45.2255,0.7189,1.3910,0.1852,0.0388,0.258499,0.300000,0.041501,0
2285,50.5521,41.9655,1.2046,0.8301,0.8756,0.0218,0.514318,0.514317,0.000000,0
2286,44.5534,55.8083,0.7983,1.2526,0.1767,0.0377,0.158362,0.300000,0.141638,0
2287,60.5756,50.5297,1.1988,0.8342,1.1520,0.0441,0.313213,0.313302,0.000089,0
2288,53.3427,74.6285,0.7148,1.3990,1.2075,0.0286,0.371503,0.371633,0.000129,0
2289,30.8567,31.1704,0.9899,1.0102,0.7649,0.0471,0.320696,0.320817,0.000120,1
2290,72.4577,83.5097,0.8677,1.1525,1.2958,0.0421,0.274503,0.275817,0.001313,1
2291,51.1966,64.4962,0.7938,1.2598,1.0251,0.0290,0.490867,0.490868,0.000001,0
2292,34.5701,25.6643,1.3470,0.7424,1.0663,0.0558,0.335858,0.337536,0.001678,0
2293,37.4139,37.9909,0.9848,1.0154,1.3073,0.0214,0.360566,0.360651,0.000086,1
2294,68.4750,88.4426,0.7742,1.2916,0.3349,0.0263,0.161744,0.300000,0.138256,0
2295,34.4163,38.0418,0.9047,1.1053,1.2311,0.0363,0.226077,0.226087,0.000010,1
2296,37.2985,41.3359,0.9023,1.1082,0.9843,0.0234,0.244131,0.244130,0.000002,1
2297,70.0937,80.4318,0.8715,1.1475,1.0115,0.0256,0.233547,0.234718,0.001171,1
2298,54.9376,63.8337,0.8606,1.1619,0.7987,0.0308,0.184278,0.184323,0.000045,1
2299,67.1639,53.7426,1.2497,0.8002,0.7644,0.0377,0.408980,0.409066,0.000086,0
2300,34.0190,42.6244,0.7981,1.2530,1.3607,0.0423,0.203066,0.203115,0.000050,0
2301,62.8370,75.3346,0.8341,1.1989,0.1382,0.0214,0.151416,0.300000,0.148584,0
2302,24.8323,26.5612,0.9349,1.0696,1.1875,0.0551,0.419076,0.419209,0.000133,1
2303,54.8296,66.0368,0.8303,1.2044,1.4707,0.0544,0.416781,0.416925,0.000144,0
2304,27.8665,36.6770,0.7598,1.3162,0.5629,0.0207,0.526257,0.526329,0.000072,0
2305,44.4801,38.3483,1.1599,0.8621,1.2224,0.0326,0.379695,0.379708,0.000013,0
2306,50.5448,61.4527,0.8225,1.2158,1.3863,0.0356,0.384822,0.384832,0.000010,0
2307,60.7550,55.5881,1.0930,0.9150,0.5850,0.0220,0.227737,0.227740,0.000003,1
2308,38.8458,50.0995,0.7754,1.2897,0.7868,0.0463,0.502538,0.502550,0.000012,0
2309,40.4682,32.6607,1.2390,0.8071,1.3833,0.0284,0.364399,0.364434,0.000035,0
2310,54.3095,39.0376,1.3912,0.7188,1.0066,0.0323,0.477903,0.478153,0.000249,0
2311,27.5240,23.6033,1.1661,0.8576,1.1565,0.0418,0.526489,0.526508,0.000019,0
2312,33.9439,25.5141,1.3304,0.7517,0.7285,0.0597,0.452670,0.453160,0.000490,0
2313,54.8405,52.0241,1.0541,0.9486,1.4927,0.0432,0.406636,0.406760,0.000124,1
2314,52.1873,55.4215,0.9416,1.0620,0.5743,0.0522,0.327972,0.328105,0.000133,1
2315,44.4911,42.7508,1.0407,0.9609,1.3767,0.0404,0.163221,0.163265,0.000044,1
2316,27.9745,28.6492,0.9764,1.0241,0.3120,0.0539,0.386860,0.387034,0.000174,1
2317,21.8696,25.7454,0.8495,1.1772,0.5682,0.0416,0.547131,0.547127,0.000004,0
2318,33.5044,43.6023,0.7684,1.3014,0.3586,0.0346,0.285429,0.305770,0.020341,0
2319,45.8699,62.4139,0.7349,1.3607,0.1314,0.0389,0.529418,0.593780,0.064362,0
2320,72.0493,55.0690,1.3083,0.7643,1.4175,0.0571,0.375446,0.375831,0.000385,0
2321,66.7318,71.5945,0.9321,1.0729,0.4634,0.0221,0.323504,0.323605,0.000101,1
2322,47.5655,34.1505,1.3928,0.7180,0.7344,0.0249,0.453562,0.454280,0.000718,0
2323,73.8163,98.1611,0.7520,1.3298,0.7939,0.0532,0.212246,0.344832,0.132586,0
2324,56.5178,47.9780,1.1780,0.8489,0.4512,0.0546,0.345441,0.345613,0.000172,0
2325,64.5546,69.4407,0.9296,1.0757,0.4192,0.0283,0.462741,0.462765,0.000023,1
2326,79.5624,91.3667,0.8708,1.1484,0.2723,0.0238,0.277592,0.291276,0.013684,1
2327,50.8084,70.2146,0.7236,1.3819,0.1792,0.0250,0.290666,0.300000,0.009334,0
2328,65.3127,75.7535,0.8622,1.1599,0.1041,0.0259,0.415413,0.422646,0.007232,1
2329,37.2564,34.8090,1.0703,0.9343,0.9495,0.0415,0.171253,0.171283,0.000030,1
2330,47.5326,41.7619,1.1382,0.8786,1.0505,0.0564,0.303386,0.303464,0.000078,1
2331,75.7738,79.1877,0.9569,1.0451,0.6771,0.0473,0.435153,0.435420,0.000267,1
2332,68.4951,63.8581,1.0726,0.9323,1.1407,0.0531,0.280985,0.281049,0.000064,1
2333,77.5335,54.5666,1.4209,0.7038,0.8275,0.0235,0.285160,0.305211,0.020050,0
2334,42.2590,43.7684,0.9655,1.0357,0.5817,0.0295,0.318084,0.318211,0.000128,1
2335,68.2772,85.4917,0.7986,1.2521,0.2833,0.0440,0.174012,0.398279,0.224267,0
2336,49.9533,68.5954,0.7282,1.3732,0.1622,0.0382,0.363800,0.471687,0.107886,0
2337,79.3536,64.7255,1.2260,0.8157,1.0414,0.0431,0.343109,0.344136,0.001027,0
2338,61.9526,59.5187,1.0409,0.9607,0.8488,0.0421,0.285331,0.285339,0.000008,1
2339,75.1823,78.6034,0.9565,1.0455,1.3484,0.0447,0.288591,0.288812,0.000221,1
2340,77.0739,93.2527,0.8265,1.2099,0.3885,0.0238,0.436105,0.446576,0.010471,0
2341,64.3715,57.3636,1.1222,0.8911,0.8897,0.0354,0.244400,0.244423,0.000023,1
2342,23.6329,33.0407,0.7153,1.3981,1.2439,0.0354,0.287480,0.287907,0.000428,0
2343,64.1389,66.8519,0.9594,1.0423,1.1602,0.0568,0.299748,0.299892,0.000144,1
2344,29.2746,40.3721,0.7251,1.3791,1.2020,0.0540,0.433749,0.433800,0.000051,0
2345,63.5951,52.1436,1.2196,0.8199,1.4830,0.0466,0.154724,0.163811,0.009087,0
2346,23.0598,25.0357,0.9211,1.0857,0.3032,0.0496,0.287394,0.287391,0.000003,1
2347,38.2965,48.1410,0.7955,1.2571,0.9829,0.0362,0.208412,0.208746,0.000334,0
2348,52.3063,58.2632,0.8978,1.1139,1.4975,0.0526,0.369843,0.369991,0.000148,1
2349,43.7239,42.6955,1.0241,0.9765,0.4225,0.0355,0.521935,0.522082,0.000147,1
2350,65.0856,89.8087,0.7247,1.3799,1.0323,0.0519,0.322234,0.328661,0.006427,0
2351,76.5905,63.5058,1.2060,0.8292,0.8677,0.0367,0.452438,0.452827,0.000388,0
2352,75.1384,70.6375,1.0637,0.9401,0.7815,0.0538,0.461863,0.461976,0.000114,1
2353,37.4853,33.5502,1.1173,0.8950,1.3235,0.0418,0.264640,0.264687,0.000047,1
2354,76.3213,76.2740,1.0006,0.9994,1.3159,0.0437,0.341766,0.341883,0.000117,1
2355,53.9927,67.5757,0.7990,1.2516,1.4551,0.0407,0.242386,0.242413,0.000028,0
2356,56.3622,64.2416,0.8773,1.1398,0.8651,0.0222,0.384284,0.384280,0.000004,1
2357,67.3928,65.7832,1.0245,0.9761,0.9522,0.0338,0.195888,0.195896,0.000008,1
2358,21.9813,24.7044,0.8898,1.1239,0.6045,0.0526,0.303777,0.303779,0.000002,1
2359,26.0976,27.3409,0.9545,1.0476,1.0892,0.0315,0.238772,0.238872,0.000100,1
2360,76.9494,107.1291,0.7183,1.3922,0.4938,0.0377,0.359809,0.382064,0.022255,0
2361,22.2578,21.0519,1.0573,0.9458,1.4452,0.0462,0.544507,0.544631,0.000124,1
2362,38.7872,32.1749,1.2055,0.8295,0.1731,0.0352,0.538903,0.539325,0.000421,0
2363,72.4284,71.9456,1.0067,0.9933,1.0595,0.0490,0.533093,0.533209,0.000116,1
2364,26.2569,35.4735,0.7402,1.3510,1.1578,0.0429,0.201088,0.203296,0.002208,0
2365,35.8666,37.2933,0.9617,1.0398,0.5799,0.0388,0.436508,0.436635,0.000127,1
2366,45.7784,45.6757,1.0022,0.9978,0.1451,0.0570,0.197572,0.197570,0.000002,1
2367,42.8101,35.5834,1.2031,0.8312,0.2919,0.0297,0.295378,0.300131,0.004753,0
2368,38.1500,33.1043,1.1524,0.8677,1.0281,0.0479,0.215896,0.216139,0.000244,0
2369,27.1688,28.0905,0.9672,1.0339,0.5654,0.0481,0.199391,0.199526,0.000135,1
2370,64.9629,57.2065,1.1356,0.8806,1.3750,0.0562,0.191530,0.191966,0.000437,1
2371,41.2226,40.1174,1.0275,0.9732,0.7067,0.0525,0.450644,0.450769,0.000125,1
2372,44.1011,44.9970,0.9801,1.0203,0.8595,0.0287,0.488060,0.488163,0.000104,1
2373,31.3694,31.1764,1.0062,0.9938,0.9213,0.0228,0.351337,0.351437,0.000101,1
2374,53.6174,67.4129,0.7954,1.2573,1.3839,0.0369,0.442221,0.442233,0.000012,0
2375,51.4823,68.9616,0.7465,1.3395,0.3606,0.0316,0.546643,0.547136,0.000493,0
2376,20.1904,23.3421,0.8650,1.1561,0.2070,0.0573,0.446579,0.446606,0.000027,1
2377,41.2976,39.8340,1.0367,0.9646,0.5143,0.0339,0.538208,0.538341,0.000133,1
2378,60.1581,70.1656,0.8574,1.1664,0.8416,0.0389,0.248819,0.248839,0.000020,1
2379,79.1284,81.4865,0.9711,1.0298,1.1950,0.0373,0.375629,0.375793,0.000164,1
2380,74.8161,60.5498,1.2356,0.8093,0.7968,0.0575,0.435678,0.435974,0.000296,0
2381,28.4103,38.9909,0.7286,1.3724,0.9212,0.0520,0.280619,0.281473,0.000854,0
2382,45.4396,33.9812,1.3372,0.7478,1.3887,0.0489,0.388398,0.388733,0.000334,0
2383,53.8993,41.7090,1.2923,0.7738,0.1059,0.0464,0.312481,0.527142,0.214662,0
2384,34.0300,34.0838,0.9984,1.0016,0.9980,0.0432,0.398030,0.398140,0.000110,1
2385,62.8425,85.5549,0.7345,1.3614,1.1866,0.0210,0.393831,0.396175,0.002344,0
2386,61.3520,84.6450,0.7248,1.3797,1.4930,0.0409,0.160327,0.174783,0.014456,0
2387,27.1871,36.9428,0.7359,1.3588,1.3561,0.0232,0.531787,0.531799,0.000012,0
2388,71.3810,84.6080,0.8437,1.1853,1.0372,0.0374,0.183729,0.187069,0.003340,0
2389,61.8262,64.0174,0.9658,1.0354,1.3441,0.0217,0.542553,0.542636,0.000082,1
2390,68.6032,64.6842,1.0606,0.9429,0.5333,0.0310,0.388069,0.388079,0.000010,1
2391,28.7967,39.7284,0.7248,1.3796,0.8481,0.0528,0.266202,0.268521,0.002319,0
2392,59.1015,61.4159,0.9623,1.0392,0.1000,0.0449,0.197743,0.197744,0.000000,1
2393,45.9139,60.9975,0.7527,1.3285,0.5697,0.0551,0.193593,0.226602,0.033009,0
2394,25.5483,33.2111,0.7693,1.2999,1.0050,0.0538,0.390144,0.390173,0.000029,0
2395,57.4352,46.4819,1.2356,0.8093,1.2761,0.0271,0.468906,0.468920,0.000013,0
2396,27.5607,35.1494,0.7841,1.2753,0.7641,0.0375,0.497838,0.497845,0.000008,0
2397,72.3276,84.9684,0.8512,1.1748,0.3379,0.0365,0.428634,0.432958,0.004324,1
2398,69.9747,92.3857,0.7574,1.3203,0.8406,0.0250,0.333441,0.342805,0.009364,0
2399,49.2831,56.0213,0.8797,1.1367,0.2758,0.0459,0.242276,0.242547,0.000271,1
2400,69.8135,53.5689,1.3032,0.7673,0.5057,0.0472,0.256082,0.285531,0.029448,0
2401,64.8384,71.3278,0.9090,1.1001,1.2453,0.0531,0.279533,0.279716,0.000184,1
2402,45.6429,42.8152,1.0660,0.9380,0.7395,0.0387,0.180873,0.180884,0.000012,1
2403,59.0356,51.2239,1.1525,0.8677,0.7918,0.0328,0.395625,0.395630,0.000004,0
2404,38.1500,36.5583,1.0435,0.9583,1.1257,0.0431,0.495970,0.496079,0.000109,1
2405,29.5511,29.7701,0.9926,1.0074,1.0750,0.0351,0.248965,0.249069,0.000104,1
2406,55.5583,43.1031,1.2890,0.7758,0.3004,0.0234,0.246109,0.316882,0.070773,0
2407,77.7587,72.8782,1.0670,0.9372,1.1795,0.0488,0.494200,0.494434,0.000234,1
2408,69.5224,59.7052,1.1644,0.8588,0.4372,0.0489,0.417830,0.417861,0.000030,0
2409,35.9526,45.9258,0.7828,1.2774,0.9671,0.0510,0.278642,0.278703,0.000061,0
2410,33.7681,37.7826,0.8937,1.1189,0.8501,0.0250,0.167823,0.167826,0.000004,1
2411,21.9776,29.2141,0.7523,1.3293,0.2619,0.0439,0.362214,0.387314,0.025100,0
2412,66.6933,86.2981,0.7728,1.2940,1.2592,0.0571,0.225076,0.229077,0.004002,0
2413,32.6072,40.9683,0.7959,1.2564,0.6662,0.0210,0.427584,0.427608,0.000024,0
2414,77.5939,67.8619,1.1434,0.8746,1.3625,0.0413,0.516051,0.516308,0.000257,1
2415,38.3422,51.7895,0.7403,1.3507,1.4599,0.0482,0.402217,0.402262,0.000045,0
2416,72.0237,72.6330,0.9916,1.0085,0.6590,0.0359,0.363739,0.363863,0.000123,1
2417,76.8963,57.9490,1.3270,0.7536,0.9132,0.0561,0.323272,0.326651,0.003380,0
2418,72.1683,72.2423,0.9990,1.0010,1.1621,0.0354,0.242947,0.242958,0.000011,1
2419,38.2452,36.6087,1.0447,0.9572,0.8130,0.0234,0.493406,0.493511,0.000105,1
2420,20.7288,24.6660,0.8404,1.1899,1.4899,0.0256,0.487657,0.487739,0.000082,0
2421,28.1191,20.2240,1.3904,0.7192,0.9511,0.0573,0.447726,0.448453,0.000727,0
2422,49.1623,56.0152,0.8777,1.1394,1.4044,0.0538,0.190699,0.190758,0.000059,1
2423,46.7928,41.0289,1.1405,0.8768,0.4120,0.0567,0.231252,0.232204,0.000951,1
2424,30.5325,31.1111,0.9814,1.0189,0.7636,0.0596,0.462119,0.462248,0.000129,1
2425,63.4120,65.0416,0.9749,1.0257,0.8132,0.0247,0.521410,0.521515,0.000105,1
2426,51.5482,48.1664,1.0702,0.9344,0.8286,0.0352,0.268925,0.268928,0.000004,1
2427,40.4736,41.6487,0.9718,1.0290,1.2603,0.0375,0.271220,0.271324,0.000104,1
2428,74.5286,60.0655,1.2408,0.8059,1.1058,0.0284,0.318206,0.318482,0.000276,0
2429,45.7747,60.5877,0.7555,1.3236,0.5625,0.0270,0.447177,0.447388,0.000211,0
2430,46.3076,49.8808,0.9284,1.0772,0.1748,0.0373,0.514061,0.514055,0.000007,1
2431,77.9254,100.1859,0.7778,1.2857,0.2831,0.0587,0.338641,0.361909,0.023268,0
2432,74.1789,68.5216,1.0826,0.9237,1.2341,0.0600,0.270389,0.270625,0.000236,1
2433,63.6464,50.5472,1.2591,0.7942,0.5508,0.0451,0.276957,0.282605,0.005648,0
2434,36.9396,31.5837,1.1696,0.8550,0.9607,0.0266,0.443307,0.443308,0.000001,0
2435,58.1402,73.8720,0.7870,1.2706,0.1042,0.0441,0.467759,0.300000,0.167759,0
2436,39.3091,46.9970,0.8364,1.1956,0.5065,0.0553,0.509960,0.509959,0.000000,0
2437,51.3706,70.4197,0.7295,1.3708,0.4666,0.0381,0.263565,0.300899,0.037334,0
2438,77.6415,96.4656,0.8049,1.2424,0.4110,0.0376,0.515685,0.528320,0.012635,0
2439,30.5362,34.9767,0.8730,1.1454,0.3071,0.0419,0.231948,0.232368,0.000420,1
2440,31.9645,27.0930,1.1798,0.8476,1.4802,0.0340,0.286662,0.286712,0.000050,0
2441,29.9356,34.4333,0.8694,1.1502,1.2409,0.0451,0.260123,0.260145,0.000022,1
2442,41.0541,49.9859,0.8213,1.2176,0.4328,0.0489,0.512487,0.512492,0.000005,0
2443,31.2210,24.2745,1.2862,0.7775,1.2015,0.0472,0.528039,0.528109,0.000070,0
2444,60.9986,54.0178,1.1292,0.8856,0.7275,0.0464,0.391292,0.391301,0.000010,1
2445,77.3650,59.3170,1.3043,0.7667,0.5778,0.0336,0.329730,0.335286,0.005556,0
2446,41.4405,51.3318,0.8073,1.2387,0.2321,0.0210,0.249832,0.296120,0.046288,0
2447,69.8355,93.4193,0.7475,1.3377,1.4123,0.0337,0.276823,0.284080,0.007257,0
2448,44.2860,57.7809,0.7664,1.3047,0.8505,0.0289,0.151270,0.175385,0.024115,0
2449,68.1198,71.5352,0.9523,1.0501,0.1821,0.0245,0.227664,0.227899,0.000235,1
2450,45.1485,39.0596,1.1559,0.8651,0.2633,0.0425,0.235794,0.241829,0.006035,0
2451,21.3733,24.0289,0.8895,1.1242,0.7108,0.0557,0.202736,0.202745,0.000009,1
2452,65.4427,84.5959,0.7736,1.2927,0.3395,0.0381,0.252359,0.287636,0.035277,0
2453,30.9189,22.8791,1.3514,0.7400,1.4485,0.0470,0.418941,0.419205,0.000263,0
2454,50.2774,48.1089,1.0451,0.9569,1.1072,0.0317,0.484458,0.484555,0.000096,1
2455,47.3421,40.7217,1.1626,0.8602,0.6056,0.0227,0.454746,0.454745,0.000001,0
2456,41.8854,47.5074,0.8817,1.1342,1.2188,0.0405,0.498338,0.498439,0.000101,1
2457,24.3196,31.0705,0.7827,1.2776,0.6843,0.0529,0.293229,0.293470,0.000240,0
2458,27.3812,25.6539,1.0673,0.9369,1.1700,0.0585,0.299577,0.299654,0.000077,1
2459,40.6055,47.1235,0.8617,1.1605,0.1142,0.0469,0.231143,0.295297,0.064154,1
2460,51.1563,70.4878,0.7257,1.3779,0.9225,0.0538,0.221670,0.227030,0.005360,0
2461,79.4470,67.3662,1.1793,0.8479,1.2335,0.0223,0.240262,0.241281,0.001020,0
2462,43.1141,36.7193,1.1742,0.8517,0.5980,0.0539,0.440292,0.440314,0.000022,0
2463,38.3386,42.8186,0.8954,1.1169,0.2309,0.0451,0.170899,0.173657,0.002758,1
2464,72.3515,55.9414,1.2933,0.7732,1.3461,0.0563,0.457358,0.457536,0.000177,0
2465,69.2495,54.9307,1.2607,0.7932,0.3702,0.0322,0.447641,0.448175,0.000534,0
2466,58.6712,47.6878,1.2303,0.8128,1.3006,0.0532,0.481248,0.481336,0.000089,0
2467,37.4413,37.2670,1.0047,0.9953,0.5133,0.0561,0.473801,0.473940,0.000139,1
2468,29.5492,33.6366,0.8785,1.1383,0.1150,0.0600,0.392610,0.393117,0.000507,1
2469,53.6558,52.0465,1.0309,0.9700,0.5307,0.0389,0.283903,0.283902,0.000001,1
2470,64.9153,81.4832,0.7967,1.2552,0.6768,0.0586,0.379926,0.381833,0.001907,0
2471,76.7699,91.8057,0.8362,1.1959,1.3027,0.0359,0.311980,0.315648,0.003668,0
2472,34.1014,36.3969,0.9369,1.0673,1.2171,0.0442,0.404756,0.404866,0.000110,1
2473,60.0043,52.3054,1.1472,0.8717,1.3537,0.0247,0.329254,0.329260,0.000006,1
2474,46.0549,36.6609,1.2562,0.7960,1.1379,0.0280,0.263334,0.263778,0.000445,0
2475,40.6000,47.4389,0.8558,1.1684,0.6000,0.0299,0.295451,0.295460,0.000008,1
2476,32.6676,43.6578,0.7483,1.3364,0.2385,0.0265,0.200002,0.300000,0.099998,0
2477,28.1045,36.2128,0.7761,1.2885,1.0954,0.0222,0.516442,0.516444,0.000002,0
2478,73.7577,53.7009,1.3735,0.7281,0.8198,0.0360,0.246854,0.271480,0.024627,0
2479,47.6681,44.5479,1.0700,0.9345,0.5144,0.0456,0.353961,0.353961,0.000000,1
2480,77.8668,87.1140,0.8938,1.1188,0.9520,0.0452,0.365424,0.366901,0.001477,1
2481,79.3609,73.5153,1.0795,0.9263,0.2914,0.0251,0.444247,0.445073,0.000826,1
2482,23.5524,24.3302,0.9680,1.0330,0.1807,0.0335,0.297563,0.297560,0.000003,1
2483,40.1660,48.5733,0.8269,1.2093,1.1031,0.0453,0.397798,0.397811,0.000013,0
2484,68.4219,59.3082,1.1537,0.8668,0.2963,0.0526,0.246719,0.249701,0.002982,0
2485,39.2431,37.5572,1.0449,0.9570,1.2301,0.0584,0.526208,0.526359,0.000151,1
2486,55.4430,63.6546,0.8710,1.1481,1.0749,0.0520,0.354559,0.354582,0.000022,1
2487,37.0861,47.1875,0.7859,1.2724,0.7226,0.0213,0.519958,0.519965,0.000008,0
2488,55.6700,42.9721,1.2955,0.7719,1.2935,0.0521,0.464328,0.464466,0.000137,0
2489,52.5773,37.9217,1.3865,0.7213,0.3105,0.0587,0.436923,0.461416,0.024493,0
2490,30.5271,26.5848,1.1483,0.8709,0.7992,0.0391,0.318902,0.318922,0.000020,1
2491,26.2606,28.4563,0.9228,1.0836,0.3087,0.0538,0.502293,0.502288,0.000006,1
2492,23.3180,20.0661,1.1621,0.8605,0.7479,0.0379,0.180189,0.181949,0.001760,0
2493,20.9540,22.1353,0.9466,1.0564,0.4495,0.0351,0.318560,0.318556,0.000003,1
2494,25.6014,34.2176,0.7482,1.3366,1.1043,0.0509,0.525524,0.525550,0.000025,0
2495,59.5080,70.8757,0.8396,1.1910,1.3049,0.0335,0.187977,0.188009,0.000032,0
2496,57.3180,42.2018,1.3582,0.7363,1.4681,0.0325,0.228018,0.234238,0.006220,0
2497,61.6834,78.3963,0.7868,1.2709,1.4108,0.0438,0.410030,0.410444,0.000414,0
2498,57.5304,43.2689,1.3296,0.7521,1.0649,0.0279,0.309648,0.310583,0.000935,0
2499,65.2138,86.5584,0.7534,1.3273,0.2570,0.0300,0.482994,0.504804,0.021811,0
2500,52.7110,43.5921,1.2092,0.8270,1.4585,0.0579,0.219008,0.220248,0.001239,0
2501,77.6159,103.8322,0.7475,1.3378,0.8206,0.0457,0.161231,0.467155,0.305924,0
2502,39.3091,36.2305,1.0850,0.9217,0.8030,0.0416,0.480345,0.480347,0.000003,1
2503,62.7766,65.4279,0.9595,1.0422,0.5940,0.0270,0.548840,0.548963,0.000123,1
2504,54.3828,56.9433,0.9550,1.0471,1.4228,0.0575,0.336236,0.336408,0.000172,1
2505,37.2802,34.5708,1.0784,0.9273,0.1423,0.0593,0.495091,0.495086,0.000005,1
2506,59.6820,62.5086,0.9548,1.0474,0.3570,0.0357,0.513475,0.513636,0.000161,1
2507,53.2347,62.1723,0.8562,1.1679,1.2129,0.0457,0.549353,0.549460,0.000107,1
2508,78.5150,65.4101,1.2003,0.8331,1.2227,0.0447,0.329461,0.330165,0.000704,0
2509,74.6312,93.5688,0.7976,1.2537,0.7768,0.0403,0.279606,0.289914,0.010308,0
2510,28.1869,32.1364,0.8771,1.1401,1.0917,0.0306,0.276774,0.276776,0.000002,1
2511,30.5087,32.4288,0.9408,1.0629,0.5863,0.0578,0.313836,0.313971,0.000135,1
2512,31.6825,43.1947,0.7335,1.3634,1.4371,0.0544,0.423470,0.423530,0.000060,0
2513,27.8390,37.7078,0.7383,1.3545,1.3574,0.0578,0.272684,0.272788,0.000104,0
2514,37.5127,49.7066,0.7547,1.3251,0.9420,0.0559,0.299455,0.299596,0.000140,0
2515,47.5838,44.4275,1.0710,0.9337,1.2124,0.0289,0.479051,0.479142,0.000092,1
2516,74.4462,98.2719,0.7576,1.3200,0.2640,0.0532,0.252078,0.336340,0.084262,0
2517,46.4834,50.0463,0.9288,1.0767,1.0087,0.0405,0.402046,0.402152,0.000106,1
2518,65.0197,76.4165,0.8509,1.1753,0.6843,0.0581,0.398787,0.399290,0.000503,1
2519,62.0313,85.4842,0.7256,1.3781,1.3250,0.0543,0.472703,0.474385,0.001682,0
2520,66.2777,66.5042,0.9966,1.0034,0.5098,0.0255,0.530480,0.530613,0.000133,1
2521,26.4986,26.2524,1.0094,0.9907,1.4380,0.0224,0.442807,0.442889,0.000082,1
2522,65.3346,49.5851,1.3176,0.7589,1.3296,0.0489,0.276225,0.278058,0.001834,0
2523,35.2495,37.0138,0.9523,1.0501,0.6833,0.0474,0.300761,0.300885,0.000124,1
2524,58.7683,73.9154,0.7951,1.2577,0.1093,0.0313,0.378266,0.438572,0.060306,0
2525,42.2883,42.4735,0.9956,1.0044,1.4280,0.0397,0.355206,0.355316,0.000110,1
2526,35.8574,44.2377,0.8106,1.2337,1.4315,0.0208,0.295647,0.295651,0.000004,0
2527,69.7842,97.0539,0.7190,1.3908,0.3593,0.0234,0.501305,0.536296,0.034991,0
2528,53.9360,44.1155,1.2226,0.8179,0.5204,0.0511,0.205898,0.224454,0.018556,0
2529,75.3563,90.2811,0.8347,1.1981,0.3985,0.0504,0.345087,0.354254,0.009167,0
2530,27.0901,29.0687,0.9319,1.0730,1.0034,0.0566,0.455966,0.456092,0.000126,1
2531,39.1113,43.9457,0.8900,1.1236,0.9421,0.0379,0.427047,0.427151,0.000104,1
2532,34.5134,32.3236,1.0677,0.9366,0.8374,0.0562,0.276786,0.276815,0.000029,1
2533,68.8302,72.5283,0.9490,1.0537,0.4081,0.0281,0.509349,0.509569,0.000220,1
2534,39.6295,45.9198,0.8630,1.1587,1.2383,0.0382,0.170936,0.170949,0.000013,1
2535,54.2564,73.7961,0.7352,1.3601,1.4778,0.0226,0.419539,0.419561,0.000021,0
2536,43.1324,56.0933,0.7689,1.3005,0.7659,0.0379,0.457797,0.457822,0.000025,0
2537,47.2707,61.4297,0.7695,1.2995,0.8625,0.0401,0.529235,0.529245,0.000009,0
2538,79.7253,65.6912,1.2136,0.8240,1.1256,0.0220,0.468442,0.469062,0.000619,0
2539,21.6205,26.2361,0.8241,1.2135,0.7640,0.0599,0.437069,0.437081,0.000011,0
2540,57.2228,57.0272,1.0034,0.9966,1.3040,0.0348,0.470383,0.470480,0.000096,1
2541,71.1136,74.0517,0.9603,1.0413,0.4988,0.0228,0.473643,0.473840,0.000197,1
2542,75.2574,66.3410,1.1344,0.8815,1.1572,0.0455,0.421700,0.421908,0.000208,1
2543,56.4025,71.4279,0.7896,1.2664,0.5167,0.0558,0.299089,0.299723,0.000634,0
2544,36.5349,41.4911,0.8805,1.1357,1.0727,0.0521,0.155188,0.155212,0.000024,1
2545,65.1552,45.8480,1.4211,0.7037,0.9155,0.0239,0.375214,0.377126,0.001911,0
2546,44.0333,58.1671,0.7570,1.3210,1.2184,0.0337,0.225161,0.225619,0.000458,0
2547,65.9682,71.9365,0.9170,1.0905,0.8297,0.0345,0.509484,0.509642,0.000158,1
2548,70.1743,83.8193,0.8372,1.1944,0.9403,0.0300,0.262296,0.264728,0.002432,0
2549,70.4123,95.1897,0.7397,1.3519,1.0155,0.0234,0.441488,0.449169,0.007681,0
2550,36.2529,47.4897,0.7634,1.3100,1.4561,0.0497,0.327386,0.327432,0.000047,0
2551,27.5643,32.0785,0.8593,1.1638,1.4440,0.0547,0.421261,0.421406,0.000145,1
2552,39.9719,43.3475,0.9221,1.0844,0.8831,0.0380,0.479722,0.479828,0.000106,1
2553,58.7774,65.6384,0.8955,1.1167,0.4319,0.0257,0.363703,0.363698,0.000004,1
2554,63.0274,68.2759,0.9231,1.0833,0.2187,0.0356,0.233364,0.233420,0.000056,1
2555,54.7508,53.8455,1.0168,0.9835,0.6465,0.0486,0.305193,0.305197,0.000005,1
2556,47.1261,47.4845,0.9925,1.0076,0.3276,0.0506,0.412850,0.413019,0.000169,1
2557,39.8090,39.5793,1.0058,0.9942,1.3049,0.0517,0.385847,0.385985,0.000138,1
2558,72.8404,54.9656,1.3252,0.7546,0.6612,0.0523,0.389021,0.390368,0.001347,0
2559,36.8957,33.9643,1.0863,0.9206,1.1176,0.0259,0.484800,0.484893,0.000092,1
2560,58.9367,77.0597,0.7648,1.3075,1.3171,0.0409,0.227041,0.227648,0.000607,0
2561,79.0551,90.2877,0.8756,1.1421,1.2780,0.0441,0.196254,0.199653,0.003399,1
2562,67.7938,83.7263,0.8097,1.2350,0.5091,0.0411,0.360114,0.364081,0.003967,0
2563,46.1574,46.7757,0.9868,1.0134,0.5442,0.0234,0.500230,0.500359,0.000129,1
2564,22.5489,31.0314,0.7266,1.3762,0.5464,0.0281,0.266019,0.290735,0.024715,0
2565,57.2558,76.9791,0.7438,1.3445,0.6843,0.0368,0.304497,0.307373,0.002876,0
2566,61.5552,54.9395,1.1204,0.8925,0.3752,0.0362,0.318218,0.318237,0.000019,1
2567,36.2822,27.1012,1.3388,0.7470,0.1194,0.0415,0.263663,0.512650,0.248987,0
2568,42.5575,52.1527,0.8160,1.2255,0.4091,0.0558,0.358563,0.358693,0.000129,0
2569,49.8508,38.2619,1.3029,0.7675,1.3886,0.0391,0.365741,0.365920,0.000178,0
2570,30.8457,25.8376,1.1938,0.8376,0.9230,0.0528,0.246316,0.246873,0.000556,0
2571,27.6284,19.7483,1.3990,0.7148,0.3460,0.0286,0.168482,0.352166,0.183684,0
2572,69.3539,88.9259,0.7799,1.2822,1.3006,0.0567,0.526000,0.528377,0.002376,0
2573,76.1071,66.7437,1.1403,0.8770,0.6568,0.0259,0.315423,0.315970,0.000547,1
2574,42.3615,53.7306,0.7884,1.2684,0.4700,0.0574,0.276249,0.278299,0.002050,0
2575,22.7613,25.2728,0.9006,1.1103,0.4633,0.0358,0.514928,0.514922,0.000006,1
2576,75.0908,91.3987,0.8216,1.2172,1.1199,0.0202,0.202895,0.209990,0.007095,0
2577,37.2747,38.7622,0.9616,1.0399,0.9197,0.0458,0.376533,0.376646,0.000113,1
2578,46.9979,49.8152,0.9434,1.0599,1.1253,0.0471,0.170862,0.170982,0.000119,1
2579,67.0284,49.9169,1.3428,0.7447,0.3150,0.0412,0.414595,0.428448,0.013853,0
2580,44.1340,47.0662,0.9377,1.0664,0.6165,0.0594,0.483702,0.483833,0.000131,1
2581,33.1675,39.2285,0.8455,1.1827,1.0007,0.0386,0.202040,0.202057,0.000017,0
2582,63.2582,78.0017,0.8110,1.2331,1.4548,0.0426,0.163099,0.164120,0.001021,0
2583,58.4478,78.1935,0.7475,1.3378,1.3792,0.0469,0.536462,0.536695,0.000233,0
2584,34.8943,43.7978,0.7967,1.2552,1.3228,0.0329,0.507445,0.507450,0.000005,0
2585,76.4751,78.5418,0.9737,1.0270,0.8759,0.0514,0.414974,0.415137,0.000163,1
2586,61.7109,85.4908,0.7218,1.3853,0.5677,0.0236,0.364631,0.378089,0.013459,0
2587,21.3239,25.1473,0.8480,1.1793,0.1753,0.0293,0.256681,0.274800,0.018120,0
2588,59.8926,76.8227,0.7796,1.2827,0.3177,0.0390,0.493419,0.494848,0.001430,0
2589,54.2546,63.7564,0.8510,1.1751,0.9350,0.0477,0.408614,0.408622,0.000008,1
2590,32.3838,29.7937,1.0869,0.9200,1.4189,0.0505,0.156543,0.156765,0.000221,1
2591,27.9507,30.9332,0.9036,1.1067,0.1715,0.0230,0.374885,0.374897,0.000012,1
2592,40.9314,56.4313,0.7253,1.3787,0.7659,0.0369,0.539990,0.540052,0.000062,0
2593,35.9343,41.9520,0.8566,1.1675,1.2127,0.0378,0.469529,0.469626,0.000098,1
2594,26.9564,31.1844,0.8644,1.1568,0.4193,0.0398,0.374543,0.374545,0.000002,1
2595,62.7564,81.4332,0.7706,1.2976,0.4075,0.0413,0.359272,0.366863,0.007592,0
2596,66.2868,85.4776,0.7755,1.2895,0.4736,0.0333,0.499315,0.503700,0.004385,0
2597,37.2234,44.0502,0.8450,1.1834,1.1584,0.0440,0.485472,0.485577,0.000105,0
2598,57.6366,72.5513,0.7944,1.2588,0.1501,0.0396,0.501195,0.507147,0.005952,0
2599,33.3048,44.0313,0.7564,1.3221,0.9529,0.0334,0.483262,0.483279,0.000017,0
2600,66.7336,80.3640,0.8304,1.2043,1.2086,0.0478,0.440231,0.440932,0.000701,0
2601,59.2773,65.6521,0.9029,1.1075,1.2136,0.0299,0.501207,0.501297,0.000090,1
2602,64.5839,55.5123,1.1634,0.8595,1.4723,0.0305,0.477671,0.477683,0.000012,0
2603,42.5025,36.2647,1.1720,0.8532,0.2204,0.0596,0.215957,0.252770,0.036813,0
2604,37.3479,40.3240,0.9262,1.0797,1.0239,0.0564,0.212001,0.212133,0.000131,1
2605,52.5315,43.7793,1.1999,0.8334,1.1649,0.0268,0.184339,0.185375,0.001036,0
2606,73.7742,68.3243,1.0798,0.9261,0.6272,0.0596,0.547583,0.547692,0.000109,1
2607,46.3808,40.9084,1.1338,0.8820,0.4523,0.0457,0.429000,0.429004,0.000003,1
2608,41.8946,53.3648,0.7851,1.2738,1.1332,0.0470,0.421346,0.421364,0.000018,0
2609,24.5485,27.6426,0.8881,1.1260,0.7429,0.0275,0.463852,0.463847,0.000005,1
2610,37.1612,38.6648,0.9611,1.0405,0.8216,0.0523,0.345270,0.345392,0.000122,1
2611,31.8564,23.3612,1.3636,0.7333,0.5971,0.0593,0.382368,0.387346,0.004978,0
2612,46.7306,34.9007,1.3390,0.7468,0.7778,0.0243,0.535156,0.535248,0.000092,0
2613,61.2732,74.5109,0.8223,1.2160,0.2333,0.0386,0.403743,0.405713,0.001969,0
2614,77.0244,56.6058,1.3607,0.7349,0.8883,0.0290,0.241202,0.262188,0.020986,0
2615,78.8153,96.9827,0.8127,1.2305,1.2992,0.0265,0.251590,0.259532,0.007942,0
2616,21.0602,28.2205,0.7463,1.3400,0.4319,0.0202,0.421578,0.423234,0.001656,0
2617,61.0352,51.6485,1.1817,0.8462,0.9725,0.0234,0.174415,0.175635,0.001221,0
2618,26.3558,25.4589,1.0352,0.9660,1.3214,0.0332,0.156836,0.156856,0.000020,1
2619,60.9052,55.1139,1.1051,0.9049,1.2156,0.0327,0.158850,0.158932,0.000082,1
2620,50.4404,54.9726,0.9176,1.0899,0.7882,0.0256,0.241934,0.241932,0.000002,1
2621,30.7340,25.9134,1.1860,0.8432,0.6920,0.0457,0.384175,0.384211,0.000037,0
2622,67.2005,51.0773,1.3157,0.7601,1.4735,0.0565,0.461582,0.461809,0.000227,0
2623,29.4266,35.2377,0.8351,1.1975,0.9819,0.0480,0.470493,0.470503,0.000010,0
2624,60.4035,71.8531,0.8407,1.1896,1.0683,0.0205,0.205763,0.205868,0.000104,0
2625,23.5340,19.6628,1.1969,0.8355,0.3847,0.0261,0.233316,0.240193,0.006877,0
2626,38.7780,47.1831,0.8219,1.2167,0.2148,0.0272,0.164197,0.300000,0.135803,0
2627,74.6843,93.2828,0.8006,1.2490,1.0451,0.0576,0.323394,0.329701,0.006307,0
2628,37.0641,42.7928,0.8661,1.1546,0.9012,0.0575,0.301750,0.301769,0.000018,1
2629,27.4380,21.6972,1.2646,0.7908,0.8589,0.0229,0.353510,0.353653,0.000143,0
2630,57.3052,40.2508,1.4237,0.7024,0.4429,0.0286,0.211354,0.333500,0.122145,0
2631,49.1458,50.4529,0.9741,1.0266,1.2812,0.0397,0.342877,0.342983,0.000106,1
2632,41.6108,50.0823,0.8308,1.2036,0.9141,0.0567,0.316936,0.316955,0.000018,0
2633,24.1731,19.1577,1.2618,0.7925,1.4495,0.0471,0.394722,0.394850,0.000129,0
2634,79.3500,88.8903,0.8927,1.1202,0.3399,0.0537,0.305559,0.311071,0.005512,1
2635,46.8624,50.7107,0.9241,1.0821,1.2176,0.0515,0.514354,0.514476,0.000122,1
2636,65.5141,72.9276,0.8983,1.1132,0.6795,0.0263,0.256656,0.256867,0.000211,1
2637,47.6901,39.5835,1.2048,0.8300,1.4564,0.0442,0.422311,0.422375,0.000065,0
2638,30.6388,42.5775,0.7196,1.3897,1.1699,0.0213,0.255301,0.257176,0.001875,0
2639,43.4272,38.6772,1.1228,0.8906,0.3788,0.0245,0.371491,0.371493,0.000002,1
2640,43.3723,54.4660,0.7963,1.2558,0.3610,0.0467,0.277836,0.284195,0.006359,0
2641,41.7005,55.1202,0.7565,1.3218,1.3765,0.0538,0.186866,0.187200,0.000334,0
2642,52.1580,42.7905,1.2189,0.8204,0.5099,0.0420,0.269547,0.272032,0.002485,0
2643,70.9195,61.3474,1.1560,0.8650,0.3733,0.0506,0.463291,0.463367,0.000076,0
2644,70.2475,97.0049,0.7242,1.3809,0.5029,0.0534,0.247977,0.305924,0.057947,0
2645,65.6203,81.7331,0.8029,1.2455,0.3009,0.0575,0.529089,0.532389,0.003300,0
2646,25.4183,28.3467,0.8967,1.1152,0.7088,0.0573,0.409432,0.409439,0.000008,1
2647,52.1781,46.6437,1.1187,0.8939,1.2413,0.0401,0.262442,0.262479,0.000037,1
2648,60.3577,45.1361,1.3372,0.7478,0.7073,0.0356,0.442526,0.442947,0.000421,0
2649,48.2705,43.2383,1.1164,0.8957,0.5429,0.0472,0.182386,0.182951,0.000564,1
2650,28.8150,28.3945,1.0148,0.9854,1.4683,0.0411,0.409310,0.409423,0.000113,1
2651,68.7954,82.5251,0.8336,1.1996,0.6818,0.0533,0.277812,0.280484,0.002672,0
2652,34.0208,26.2108,1.2980,0.7704,1.4413,0.0460,0.292888,0.293572,0.000684,0
2653,58.7408,72.9134,0.8056,1.2413,0.4682,0.0249,0.235647,0.242432,0.006785,0
2654,46.8734,38.1706,1.2280,0.8143,0.7379,0.0478,0.480027,0.480063,0.000036,0
2655,67.1786,78.1229,0.8599,1.1629,1.2781,0.0256,0.333038,0.333505,0.000467,1
2656,29.7085,35.1324,0.8456,1.1826,1.3196,0.0391,0.297905,0.297919,0.000014,0
2657,53.7584,70.1236,0.7666,1.3044,0.5951,0.0245,0.318609,0.319780,0.001171,0
2658,44.3263,37.7792,1.1733,0.8523,0.8201,0.0540,0.306536,0.306638,0.000102,0
2659,77.0885,93.4631,0.8248,1.2124,0.7388,0.0296,0.174354,0.204792,0.030438,0
2660,48.1057,66.5649,0.7227,1.3837,1.1046,0.0529,0.410945,0.411008,0.000063,0
2661,70.9854,66.2844,1.0709,0.9338,1.1327,0.0280,0.372419,0.372449,0.000030,1
2662,46.8624,59.8829,0.7826,1.2778,0.4775,0.0399,0.452719,0.452814,0.000095,0
2663,67.0046,88.6920,0.7555,1.3237,1.0760,0.0328,0.369562,0.373697,0.004134,0
2664,45.0185,34.8665,1.2912,0.7745,1.1695,0.0317,0.415352,0.415423,0.000071,0
2665,67.5466,87.2998,0.7737,1.2924,0.6269,0.0266,0.467856,0.472402,0.004546,0
2666,20.4340,18.5866,1.0994,0.9096,0.7367,0.0571,0.185560,0.185729,0.000169,1
2667,30.7047,37.6623,0.8153,1.2266,0.5364,0.0546,0.461020,0.461027,0.000007,0
2668,20.0366,26.8703,0.7457,1.3411,0.8666,0.0452,0.400655,0.400726,0.000071,0
2669,73.2560,97.6726,0.7500,1.3333,0.4826,0.0579,0.533715,0.549416,0.015701,0
2670,30.9848,24.8838,1.2452,0.8031,0.9828,0.0482,0.331549,0.331782,0.000234,0
2671,29.4412,22.5856,1.3035,0.7671,1.4067,0.0424,0.335089,0.335402,0.000314,0
2672,37.8149,52.8576,0.7154,1.3978,0.5455,0.0402,0.452145,0.453038,0.000893,0
2673,37.8204,29.6447,1.2758,0.7838,1.2310,0.0310,0.457797,0.457833,0.000035,0
2674,56.4922,63.1045,0.8952,1.1170,0.4367,0.0451,0.377412,0.377409,0.000003,1
2675,64.0492,84.5761,0.7573,1.3205,0.3097,0.0479,0.170338,0.300000,0.129662,0
2676,48.8363,60.9520,0.8012,1.2481,0.6646,0.0421,0.466062,0.466069,0.000007,0
2677,41.4771,37.8203,1.0967,0.9118,0.9099,0.0503,0.423116,0.423136,0.000019,1
2678,53.1852,52.2785,1.0173,0.9830,1.2119,0.0322,0.428048,0.428143,0.000095,1
2679,41.4222,45.6511,0.9074,1.1021,1.1114,0.0260,0.527343,0.527434,0.000091,1
2680,66.5523,84.6484,0.7862,1.2719,0.1396,0.0215,0.403194,0.300000,0.103194,0
2681,68.3743,67.9609,1.0061,0.9940,1.0270,0.0494,0.341717,0.341839,0.000122,1
2682,67.8158,65.3239,1.0381,0.9633,1.4410,0.0203,0.433859,0.433942,0.000083,1
2683,69.6835,95.7720,0.7276,1.3744,0.2575,0.0368,0.342169,0.420005,0.077836,0
2684,27.7548,36.0841,0.7692,1.3001,0.9731,0.0220,0.293242,0.293436,0.000195,0
2685,72.1317,98.0458,0.7357,1.3593,1.0747,0.0459,0.248697,0.268627,0.019930,0
2686,37.8625,39.0620,0.9693,1.0317,1.2688,0.0582,0.500243,0.500391,0.000149,1
2687,26.4345,26.3029,1.0050,0.9950,1.4584,0.0517,0.386470,0.386621,0.000152,1
2688,73.0839,101.1918,0.7222,1.3846,0.3088,0.0466,0.302458,0.380130,0.077672,0
2689,72.8953,82.3136,0.8856,1.1292,1.0635,0.0300,0.518859,0.519544,0.000686,1
2690,31.5433,42.9133,0.7350,1.3605,0.4035,0.0472,0.291472,0.320430,0.028959,0
2691,74.4993,89.7207,0.8303,1.2043,1.1392,0.0257,0.356391,0.359554,0.003163,0
2692,34.5006,31.8686,1.0826,0.9237,0.7535,0.0578,0.176978,0.177083,0.000104,1
2693,55.3148,45.7159,1.2100,0.8265,1.4456,0.0352,0.168433,0.170921,0.002487,0
2694,29.4888,27.9788,1.0540,0.9488,0.2213,0.0462,0.541772,0.541765,0.000007,1
2695,49.4498,44.4129,1.1134,0.8981,0.1775,0.0362,0.352863,0.352948,0.000085,1
2696,66.6585,76.8175,0.8678,1.1524,0.5122,0.0282,0.374616,0.375349,0.000733,1
2697,66.7721,51.6817,1.2920,0.7740,0.2950,0.0458,0.504711,0.506107,0.001396,0
2698,59.9988,82.6153,0.7262,1.3769,0.3168,0.0519,0.285734,0.344120,0.058386,0
2699,53.3995,41.8480,1.2760,0.7837,0.1446,0.0302,0.515844,0.527914,0.012070,0
2700,68.9822,65.9612,1.0458,0.9562,1.1781,0.0378,0.197230,0.197264,0.000033,1
2701,45.2803,56.8920,0.7959,1.2564,0.9143,0.0491,0.385444,0.385459,0.000015,0
2702,29.7031,27.3311,1.0868,0.9201,1.0942,0.0220,0.420956,0.420952,0.000003,1
2703,59.3414,51.3029,1.1567,0.8645,0.3685,0.0209,0.374958,0.374990,0.000032,0
2704,75.3984,61.7394,1.2212,0.8188,0.3226,0.0343,0.436569,0.437738,0.001169,0
2705,76.3872,73.7599,1.0356,0.9656,0.3353,0.0467,0.351337,0.351493,0.000156,1
2706,61.5479,61.9805,0.9930,1.0070,0.8922,0.0467,0.415047,0.415162,0.000115,1
2707,20.4633,25.6243,0.7986,1.2522,0.2412,0.0354,0.479038,0.479720,0.000681,0
2708,38.5290,52.4928,0.7340,1.3624,1.1291,0.0518,0.245706,0.246252,0.000546,0
2709,68.4878,75.5005,0.9071,1.1024,1.2853,0.0536,0.293327,0.293655,0.000327,1
2710,21.9355,25.3713,0.8646,1.1566,0.6368,0.0346,0.369794,0.369792,0.000002,1
2711,28.8095,36.0368,0.7994,1.2509,0.6842,0.0533,0.267069,0.267256,0.000187,0
2712,45.2803,35.7638,1.2661,0.7898,0.6130,0.0264,0.548999,0.549029,0.000030,0
2713,25.9090,29.9523,0.8650,1.1561,1.2838,0.0576,0.317718,0.317773,0.000055,1
2714,68.9566,60.5790,1.1383,0.8785,0.3154,0.0600,0.454794,0.454814,0.000019,1
2715,37.6208,41.8450,0.8991,1.1123,0.7948,0.0401,0.343036,0.343037,0.000001,1
2716,50.6436,39.9502,1.2677,0.7888,1.2734,0.0416,0.502477,0.502527,0.000050,0
2717,29.1446,21.3868,1.3627,0.7338,1.4413,0.0503,0.271464,0.275349,0.003885,0
2718,63.5054,48.9240,1.2980,0.7704,0.2663,0.0575,0.323101,0.367100,0.043999,0
2719,71.8021,50.8091,1.4132,0.7076,0.3896,0.0333,0.317193,0.379642,0.062450,0
2720,46.6335,32.9593,1.4149,0.7068,0.7186,0.0231,0.517956,0.518427,0.000471,0
2721,21.6004,25.0954,0.8607,1.1618,1.2282,0.0206,0.389998,0.389994,0.000003,1
2722,35.2495,35.1621,1.0025,0.9975,1.3771,0.0501,0.521471,0.521602,0.000131,1
2723,20.8148,19.0077,1.0951,0.9132,0.2653,0.0259,0.376240,0.376238,0.000002,1
2724,53.2182,40.2155,1.3233,0.7557,1.3112,0.0367,0.362482,0.362730,0.000248,0
2725,72.2617,67.1844,1.0756,0.9297,0.7821,0.0215,0.530358,0.530515,0.000157,1
2726,25.2370,32.5153,0.7762,1.2884,0.3857,0.0365,0.507543,0.507704,0.000162,0
2727,58.4350,73.4476,0.7956,1.2569,1.0951,0.0451,0.544836,0.544876,0.000039,0
2728,68.1069,71.9961,0.9460,1.0571,1.3734,0.0477,0.246414,0.246584,0.000170,1
2729,73.6039,81.0304,0.9083,1.1009,0.8222,0.0429,0.451840,0.452481,0.000641,1
2730,57.0837,75.9745,0.7514,1.3309,0.9781,0.0453,0.486656,0.486766,0.000110,0
2731,63.6921,65.1181,0.9781,1.0224,1.1786,0.0508,0.201161,0.201204,0.000043,1
2732,22.2816,26.4237,0.8432,1.1859,0.2005,0.0554,0.212111,0.241674,0.029563,0
2733,24.1859,18.3707,1.3166,0.7596,0.7405,0.0400,0.206899,0.243346,0.036447,0
2734,58.5723,47.0731,1.2443,0.8037,0.4764,0.0410,0.480638,0.480740,0.000103,0
2735,47.4190,40.6643,1.1661,0.8576,0.9656,0.0528,0.208766,0.209441,0.000675,0
2736,58.1622,59.4618,0.9781,1.0223,0.8219,0.0221,0.535876,0.535980,0.000104,1
2737,35.2422,25.2861,1.3937,0.7175,0.3373,0.0496,0.304704,0.383839,0.079134,0
2738,65.5800,47.6334,1.3768,0.7263,0.8103,0.0283,0.241128,0.268254,0.027125,0
2739,78.7548,69.6630,1.1305,0.8846,0.5716,0.0284,0.227334,0.228925,0.001591,1
2740,37.2308,47.3636,0.7861,1.2722,0.7566,0.0302,0.455808,0.455820,0.000013,0
2741,70.6705,81.3820,0.8684,1.1516,0.1712,0.0249,0.309758,0.320233,0.010474,1
2742,50.1657,58.3952,0.8591,1.1640,0.7668,0.0416,0.219936,0.219948,0.000012,1
2743,35.9728,27.2674,1.3193,0.7580,1.0034,0.0427,0.364924,0.365392,0.000468,0
2744,34.0611,32.8219,1.0378,0.9636,0.9057,0.0450,0.337823,0.337835,0.000012,1
2745,59.8193,53.4860,1.1184,0.8941,0.3905,0.0411,0.338250,0.338261,0.000011,1
2746,64.7121,75.6831,0.8550,1.1695,1.4116,0.0456,0.408943,0.409245,0.000302,1
2747,76.0448,88.8348,0.8560,1.1682,0.9144,0.0314,0.534045,0.536018,0.001973,1
2748,63.5603,49.6465,1.2803,0.7811,0.4256,0.0390,0.192555,0.288371,0.095816,0
2749,32.3930,27.4866,1.1785,0.8485,1.4166,0.0212,0.514586,0.514586,0.000000,0
2750,44.0095,39.5249,1.1135,0.8981,1.2747,0.0321,0.462009,0.462016,0.000007,1
2751,47.2561,48.9783,0.9648,1.0364,1.0075,0.0489,0.274149,0.274269,0.000120,1
2752,78.3447,89.6855,0.8735,1.1448,0.7256,0.0547,0.455405,0.458011,0.002606,1
2753,74.9113,78.7361,0.9514,1.0511,0.7466,0.0357,0.450522,0.450781,0.000260,1
2754,77.1435,98.6830,0.7817,1.2792,0.5966,0.0221,0.311443,0.334498,0.023055,0
2755,59.3176,65.2114,0.9096,1.0994,0.9055,0.0410,0.403121,0.403229,0.000108,1
2756,43.0995,47.1995,0.9131,1.0951,0.4344,0.0406,0.342511,0.342508,0.000003,1
2757,58.0285,49.4029,1.1746,0.8514,0.4455,0.0451,0.209426,0.215120,0.005695,0
2758,71.0385,83.7651,0.8481,1.1791,1.0256,0.0561,0.291496,0.293387,0.001891,0
2759,75.2831,84.9632,0.8861,1.1286,0.6065,0.0254,0.460031,0.461637,0.001605,1
2760,42.8156,38.2249,1.1201,0.8928,0.2780,0.0381,0.494908,0.494906,0.000002,1
2761,74.1697,61.8298,1.1996,0.8336,1.3952,0.0578,0.418343,0.418592,0.000248,0
2762,37.5988,27.8083,1.3521,0.7396,0.4625,0.0409,0.381367,0.388973,0.007606,0
2763,79.7015,62.4400,1.2765,0.7834,1.1437,0.0203,0.501866,0.502449,0.000583,0
2764,51.7533,56.4974,0.9160,1.0917,1.1144,0.0353,0.423519,0.423617,0.000098,1
2765,34.7752,43.4598,0.8002,1.2497,0.2692,0.0544,0.189979,0.297949,0.107970,0
2766,46.2343,47.4403,0.9746,1.0261,0.2454,0.0593,0.380232,0.380428,0.000197,1
2767,67.3415,76.9601,0.8750,1.1428,1.1679,0.0420,0.416720,0.417110,0.000391,1
2768,40.0323,39.8733,1.0040,0.9960,1.4667,0.0232,0.267362,0.267447,0.000085,1
2769,26.6085,31.5783,0.8426,1.1868,0.3035,0.0497,0.517614,0.517619,0.000006,0
2770,53.7217,52.1322,1.0305,0.9704,0.5687,0.0473,0.226858,0.226862,0.000004,1
2771,26.8777,21.8742,1.2287,0.8138,0.8733,0.0337,0.515758,0.515772,0.000013,0
2772,44.7218,51.8787,0.8620,1.1600,0.2008,0.0513,0.177674,0.210693,0.033019,1
2773,56.4190,53.0659,1.0632,0.9406,1.4302,0.0432,0.204909,0.204968,0.000059,1
2774,33.2371,44.6155,0.7450,1.3423,1.3288,0.0467,0.276237,0.276327,0.000090,0
2775,63.9265,74.3547,0.8598,1.1631,0.1812,0.0459,0.166712,0.300078,0.133367,1
2776,42.2828,39.7283,1.0643,0.9396,0.8895,0.0583,0.440121,0.440149,0.000028,1
2777,63.4156,83.5268,0.7592,1.3171,0.4436,0.0301,0.393623,0.400970,0.007347,0
2778,74.4334,99.2949,0.7496,1.3340,1.0930,0.0587,0.345624,0.357429,0.011805,0
2779,57.7612,73.2879,0.7881,1.2688,1.2059,0.0504,0.231277,0.231375,0.000098,0
2780,29.2544,39.6594,0.7376,1.3557,1.1072,0.0349,0.447958,0.447989,0.000030,0
2781,28.8662,26.9570,1.0708,0.9339,0.3678,0.0227,0.351215,0.351210,0.000004,1
2782,36.4599,36.1631,1.0082,0.9919,0.1818,0.0244,0.542834,0.543060,0.000226,1
2783,76.1565,101.9807,0.7468,1.3391,0.5165,0.0281,0.468760,0.492619,0.023860,0
2784,28.0734,21.8536,1.2846,0.7784,1.0001,0.0542,0.438375,0.438525,0.000149,0
2785,42.2352,56.7049,0.7448,1.3426,0.8944,0.0561,0.181349,0.191225,0.009877,0
2786,45.7857,63.2109,0.7243,1.3806,0.5617,0.0391,0.288859,0.302353,0.013494,0
2787,42.6508,33.9084,1.2578,0.7950,0.8164,0.0334,0.468809,0.468847,0.000038,0
2788,64.8659,90.2898,0.7184,1.3919,0.3741,0.0464,0.504686,0.521965,0.017278,0
2789,33.2005,24.7681,1.3405,0.7460,1.2579,0.0456,0.319427,0.320475,0.001048,0
2790,40.6934,41.2176,0.9873,1.0129,0.1399,0.0465,0.547693,0.547952,0.000260,1
2791,60.6873,82.7647,0.7333,1.3638,0.9584,0.0348,0.475498,0.476860,0.001362,0
2792,76.1162,102.6049,0.7418,1.3480,0.4448,0.0535,0.396736,0.432309,0.035573,0
2793,48.9700,40.6249,1.2054,0.8296,1.4196,0.0313,0.275785,0.275858,0.000073,0
2794,74.3345,54.2939,1.3691,0.7304,0.7554,0.0386,0.475462,0.475891,0.000430,0
2795,68.9218,95.0785,0.7249,1.3795,0.9138,0.0338,0.265299,0.291050,0.025751,0
2796,31.0764,33.2373,0.9350,1.0695,0.4939,0.0412,0.222146,0.222145,0.000001,1
2797,66.2227,78.1954,0.8469,1.1808,0.7271,0.0369,0.489073,0.489676,0.000603,0
2798,58.2134,50.5901,1.1507,0.8690,0.8610,0.0477,0.301860,0.301906,0.000046,0
2799,52.1488,38.5340,1.3533,0.7389,0.2144,0.0238,0.441464,0.478554,0.037090,0
2800,46.8038,33.3266,1.4044,0.7120,1.3743,0.0433,0.360822,0.361819,0.000997,0
2801,37.0843,34.0247,1.0899,0.9175,0.9192,0.0382,0.152246,0.152343,0.000097,1
2802,57.9809,46.0342,1.2595,0.7940,0.5888,0.0377,0.455954,0.456064,0.000110,0
2803,22.1790,29.0147,0.7644,1.3082,1.2873,0.0491,0.307256,0.307298,0.000042,0
2804,62.6594,71.6253,0.8748,1.1431,0.5096,0.0352,0.305181,0.305312,0.000131,1
2805,58.5028,52.5063,1.1142,0.8975,1.4436,0.0287,0.473838,0.473927,0.000089,1
2806,63.3955,46.7916,1.3548,0.7381,1.3935,0.0595,0.348932,0.349981,0.001049,0
2807,33.0540,40.5820,0.8145,1.2278,0.3985,0.0460,0.280754,0.282026,0.001273,0
2808,51.2094,43.4509,1.1786,0.8485,0.1299,0.0334,0.338787,0.354320,0.015532,0
2809,44.3922,41.3234,1.0743,0.9309,0.9579,0.0361,0.236673,0.236683,0.000010,1
2810,44.3483,58.9422,0.7524,1.3291,1.3671,0.0574,0.426644,0.426703,0.000059,0
2811,44.9544,36.5349,1.2304,0.8127,1.4278,0.0475,0.213369,0.214839,0.001471,0
2812,32.3490,36.4139,0.8884,1.1257,0.7891,0.0558,0.165638,0.165651,0.000013,1
2813,49.9240,38.2957,1.3036,0.7671,1.3814,0.0404,0.316985,0.317383,0.000398,0
2814,54.8186,40.4599,1.3549,0.7381,0.6192,0.0530,0.503941,0.504460,0.000519,0
2815,21.2268,21.1207,1.0050,0.9950,0.1898,0.0317,0.374934,0.375157,0.000223,1
2816,27.5533,21.2763,1.2950,0.7722,0.5060,0.0402,0.402889,0.403926,0.001037,0
2817,27.3556,37.7239,0.7252,1.3790,0.3665,0.0435,0.425973,0.431814,0.005841,0
2818,56.6295,53.0087,1.0683,0.9361,1.0157,0.0530,0.393660,0.393692,0.000032,1
2819,72.8477,58.5910,1.2433,0.8043,1.1235,0.0366,0.467502,0.467557,0.000055,0
2820,61.1048,62.9597,0.9705,1.0304,0.9747,0.0375,0.249100,0.249207,0.000107,1
2821,42.7314,56.2026,0.7603,1.3153,0.7599,0.0439,0.336639,0.336839,0.000200,0
2822,64.8824,83.7580,0.7746,1.2909,0.6710,0.0456,0.242569,0.252711,0.010142,0
2823,74.7264,54.9154,1.3608,0.7349,1.4662,0.0218,0.230789,0.235265,0.004477,0
2824,45.2034,58.5684,0.7718,1.2957,0.5863,0.0543,0.441073,0.441133,0.000060,0
2825,32.8855,24.4362,1.3458,0.7431,0.5197,0.0457,0.458286,0.459526,0.001240,0
2826,46.9521,37.0973,1.2656,0.7901,1.0860,0.0343,0.186976,0.196919,0.009943,0
2827,68.2241,67.8933,1.0049,0.9952,0.5316,0.0576,0.201332,0.201339,0.000007,1
2828,75.8196,56.8493,1.3337,0.7498,0.9070,0.0229,0.411263,0.411641,0.000378,0
2829,72.0768,68.7247,1.0488,0.9535,1.4598,0.0539,0.421065,0.421167,0.000102,1
2830,56.9079,63.9469,0.8899,1.1237,0.7265,0.0329,0.340167,0.340165,0.000002,1
2831,34.2589,26.9358,1.2719,0.7862,1.4126,0.0447,0.188173,0.196379,0.008206,0
2832,76.1473,85.8150,0.8873,1.1270,0.7555,0.0341,0.358527,0.360317,0.001790,1
2833,47.6406,35.7635,1.3321,0.7507,0.2885,0.0278,0.533337,0.535557,0.002220,0
2834,37.2362,41.3743,0.9000,1.1111,1.3359,0.0497,0.324554,0.324680,0.000126,1
2835,51.3724,46.6248,1.1018,0.9076,1.1236,0.0238,0.427340,0.427338,0.000002,1
2836,34.5683,43.9980,0.7857,1.2728,0.3241,0.0284,0.344659,0.349147,0.004488,0
2837,74.0654,96.0919,0.7708,1.2974,0.3117,0.0227,0.374018,0.393673,0.019655,0
2838,69.7531,91.1872,0.7649,1.3073,0.7752,0.0259,0.160767,0.288931,0.128164,0
2839,23.1147,26.2405,0.8809,1.1352,0.9052,0.0374,0.177808,0.177815,0.000006,1
2840,73.9793,81.7818,0.9046,1.1055,0.6863,0.0440,0.329217,0.330236,0.001019,1
2841,64.8128,80.2454,0.8077,1.2381,0.2672,0.0522,0.182740,0.385335,0.202595,0
2842,27.5533,24.0039,1.1479,0.8712,1.4850,0.0358,0.526318,0.526420,0.000102,1
2843,49.1787,47.7258,1.0304,0.9705,0.5070,0.0448,0.321441,0.321440,0.000001,1
2844,39.3457,29.0617,1.3539,0.7386,0.1361,0.0549,0.455112,0.547013,0.091901,0
2845,31.3053,42.9647,0.7286,1.3724,1.4617,0.0209,0.510057,0.510073,0.000016,0
2846,69.9179,93.1651,0.7505,1.3325,1.3621,0.0331,0.196217,0.210403,0.014186,0
2847,24.5759,19.7967,1.2414,0.8055,1.1694,0.0518,0.329107,0.329328,0.000221,0
2848,60.3943,70.9469,0.8513,1.1747,0.7012,0.0579,0.297478,0.297520,0.000042,1
2849,68.4329,95.7870,0.7144,1.3997,0.8762,0.0211,0.190321,0.354240,0.163919,0
2850,31.9883,23.6560,1.3522,0.7395,0.3455,0.0521,0.278263,0.348062,0.069799,0
2851,21.3056,19.2406,1.1073,0.9031,0.7212,0.0354,0.155957,0.156261,0.000304,1
2852,36.2859,26.4528,1.3717,0.7290,1.0744,0.0435,0.388350,0.389037,0.000687,0
2853,35.9526,36.2215,0.9926,1.0075,0.2112,0.0219,0.499815,0.500025,0.000210,1
2854,51.1582,62.6073,0.8171,1.2238,0.7053,0.0274,0.255191,0.255371,0.000179,0
2855,36.8444,30.8120,1.1958,0.8363,1.3138,0.0264,0.227944,0.228080,0.000135,0
2856,39.1589,50.6347,0.7734,1.2931,0.5085,0.0271,0.329571,0.330894,0.001323,0
2857,55.1720,62.0800,0.8887,1.1252,1.3388,0.0443,0.362384,0.362496,0.000112,1
2858,61.9929,53.6163,1.1562,0.8649,0.7274,0.0204,0.246512,0.246576,0.000064,0
2859,63.8551,63.0121,1.0134,0.9868,0.6087,0.0493,0.482334,0.482462,0.000128,1
2860,63.4120,69.5757,0.9114,1.0972,1.1152,0.0567,0.406563,0.406707,0.000144,1
2861,30.2615,24.6779,1.2263,0.8155,1.3313,0.0525,0.465366,0.465458,0.000092,0
2862,21.5894,27.8596,0.7749,1.2904,0.3892,0.0581,0.502281,0.502413,0.000132,0
2863,25.4659,26.6644,0.9551,1.0471,0.9388,0.0425,0.424545,0.424653,0.000109,1
2864,37.6043,51.9551,0.7238,1.3816,0.9149,0.0539,0.215261,0.222768,0.007507,0
2865,33.6235,34.4380,0.9763,1.0242,0.9342,0.0521,0.348077,0.348199,0.000122,1
2866,57.2485,68.4364,0.8365,1.1954,0.5188,0.0495,0.541406,0.541404,0.000002,0
2867,50.5411,66.9149,0.7553,1.3240,0.2609,0.0582,0.363984,0.384489,0.020506,0
2868,25.8577,21.5882,1.1978,0.8349,1.4795,0.0437,0.414962,0.415025,0.000064,0
2869,64.6242,55.7071,1.1601,0.8620,0.4532,0.0280,0.325506,0.325568,0.000062,0
2870,58.3032,53.3547,1.0927,0.9151,1.4322,0.0281,0.547034,0.547120,0.000086,1
2871,33.2481,36.2668,0.9168,1.0908,0.8196,0.0255,0.191212,0.191211,0.000001,1
2872,35.6084,35.9636,0.9901,1.0100,0.1118,0.0297,0.319329,0.319323,0.000005,1
2873,61.1176,69.5769,0.8784,1.1384,1.1241,0.0522,0.309661,0.309697,0.000036,1
2874,64.0309,53.5446,1.1958,0.8362,0.7416,0.0243,0.231472,0.232077,0.000605,0
2875,31.3694,37.1527,0.8443,1.1844,0.7395,0.0556,0.259085,0.259100,0.000014,0
2876,78.6157,61.0435,1.2879,0.7765,0.2069,0.0314,0.238296,0.353622,0.115326,0
2877,53.1211,43.6090,1.2181,0.8209,1.3326,0.0323,0.191053,0.192333,0.001279,0
2878,69.4693,88.9403,0.7811,1.2803,0.5298,0.0558,0.183045,0.291088,0.108042,0
2879,27.6815,24.7448,1.1187,0.8939,0.2659,0.0519,0.330218,0.330279,0.000061,1
2880,22.0783,20.2917,1.0880,0.9191,1.3370,0.0585,0.483189,0.483275,0.000086,1
2881,78.0023,89.0002,0.8764,1.1410,0.1557,0.0333,0.242862,0.366454,0.123592,1
2882,61.0590,82.0729,0.7440,1.3442,1.1822,0.0208,0.507628,0.508515,0.000887,0
2883,68.8046,85.2642,0.8070,1.2392,0.4725,0.0458,0.353424,0.358879,0.005455,0
2884,56.7541,64.7513,0.8765,1.1409,1.3052,0.0203,0.347540,0.347538,0.000002,1
2885,46.5712,42.7498,1.0894,0.9179,0.3899,0.0429,0.210219,0.210280,0.000061,1
2886,43.9491,36.5460,1.2026,0.8316,0.4728,0.0221,0.177027,0.198782,0.021755,0
2887,25.8687,30.6313,0.8445,1.1841,0.9544,0.0598,0.231533,0.231560,0.000026,0
2888,58.9367,46.0804,1.2790,0.7819,1.1115,0.0248,0.176405,0.188762,0.012358,0
2889,79.4507,105.1953,0.7553,1.3240,1.1387,0.0320,0.347186,0.363344,0.016158,0
2890,32.8654,44.7056,0.7352,1.3603,0.3963,0.0256,0.297124,0.331960,0.034837,0
2891,51.4328,50.5461,1.0175,0.9828,0.9253,0.0378,0.343158,0.343266,0.000108,1
2892,53.1706,48.4305,1.0979,0.9109,0.2740,0.0249,0.236270,0.236363,0.000093,1
2893,63.0787,54.3277,1.1611,0.8613,0.1247,0.0214,0.263858,0.299618,0.035760,0
2894,68.4072,66.9809,1.0213,0.9791,1.1400,0.0226,0.307805,0.307900,0.000095,1
2895,76.9366,100.4432,0.7660,1.3055,0.4380,0.0460,0.380744,0.410983,0.030239,0
2896,52.6029,47.4112,1.1095,0.9013,1.4510,0.0272,0.298320,0.298330,0.000010,1
2897,24.7536,21.6056,1.1457,0.8728,1.3978,0.0461,0.446176,0.446227,0.000051,1
2898,50.6455,39.4907,1.2825,0.7797,1.4903,0.0399,0.327654,0.327866,0.000211,0
2899,25.1527,28.7008,0.8764,1.1411,0.5466,0.0439,0.267692,0.267695,0.000003,1
2900,43.8099,50.3669,0.8698,1.1497,0.6046,0.0599,0.447433,0.447437,0.000004,1
2901,76.0723,73.0398,1.0415,0.9601,1.0059,0.0484,0.310796,0.310891,0.000095,1
2902,51.9126,53.8012,0.9649,1.0364,0.4662,0.0444,0.255448,0.255593,0.000145,1
2903,41.9623,55.4582,0.7566,1.3216,0.5292,0.0272,0.316753,0.319974,0.003221,0
2904,72.9887,61.7402,1.1822,0.8459,1.2532,0.0366,0.229531,0.229879,0.000348,0
2905,24.1200,27.2127,0.8864,1.1282,0.8997,0.0315,0.457749,0.457851,0.000103,1
2906,60.6250,70.2893,0.8625,1.1594,1.2755,0.0497,0.441415,0.441541,0.000126,1
2907,21.8329,27.6986,0.7882,1.2687,0.7899,0.0442,0.392427,0.392447,0.000020,0
2908,60.4089,63.7643,0.9474,1.0555,1.0537,0.0309,0.249710,0.249810,0.000100,1
2909,39.8566,49.0472,0.8126,1.2306,1.2365,0.0237,0.183143,0.183305,0.000161,0
2910,58.0578,75.2407,0.7716,1.2960,1.1850,0.0285,0.540320,0.540388,0.000069,0
2911,71.4011,50.3530,1.4180,0.7052,1.1588,0.0465,0.439682,0.440284,0.000603,0
2912,79.9652,105.7741,0.7560,1.3228,0.4589,0.0596,0.533544,0.560349,0.026805,0
2913,22.9701,28.3924,0.8090,1.2361,0.3559,0.0257,0.314568,0.316357,0.001789,0
2914,39.9097,38.4125,1.0390,0.9625,0.6001,0.0200,0.159180,0.159179,0.000001,1
2915,45.4909,42.4170,1.0725,0.9324,0.4092,0.0351,0.541626,0.541619,0.000006,1
2916,70.7273,53.2864,1.3273,0.7534,1.2929,0.0498,0.164246,0.201159,0.036913,0
2917,72.6682,93.6599,0.7759,1.2889,0.1931,0.0515,0.431649,0.300009,0.131640,0
2918,44.5607,42.0456,1.0598,0.9436,0.9473,0.0363,0.312090,0.312096,0.000006,1
2919,39.9957,52.6515,0.7596,1.3164,0.7094,0.0243,0.468613,0.468669,0.000055,0
2920,77.3595,68.7080,1.1259,0.8882,0.1888,0.0464,0.508226,0.509688,0.001462,1
2921,63.7288,56.3620,1.1307,0.8844,0.1999,0.0347,0.534277,0.534279,0.000002,1
2922,39.8602,41.5003,0.9605,1.0411,0.8533,0.0345,0.494371,0.494476,0.000106,1
2923,35.9526,35.3474,1.0171,0.9832,0.4303,0.0430,0.481175,0.481322,0.000147,1
2924,46.2801,47.4013,0.9763,1.0242,0.7327,0.0561,0.541125,0.541249,0.000124,1
2925,77.2021,79.6908,0.9688,1.0322,1.3417,0.0305,0.220949,0.221131,0.000181,1
2926,30.3787,39.7669,0.7639,1.3090,0.8138,0.0420,0.388899,0.388953,0.000054,0
2927,39.2102,53.6269,0.7312,1.3677,1.4242,0.0556,0.549451,0.549509,0.000059,0
2928,34.4346,27.3976,1.2568,0.7956,0.2559,0.0245,0.187477,0.333915,0.146438,0
2929,45.1320,46.4008,0.9727,1.0281,0.4395,0.0461,0.239822,0.239971,0.000149,1
2930,56.9372,43.0647,1.3221,0.7564,0.6466,0.0596,0.217006,0.271395,0.054389,0
2931,50.0467,35.7586,1.3996,0.7145,0.1968,0.0239,0.151440,0.540616,0.389175,0
2932,37.5750,51.5390,0.7291,1.3716,0.3221,0.0223,0.185914,0.300000,0.114086,0
2933,58.6785,41.5062,1.4137,0.7073,0.6261,0.0491,0.274906,0.325074,0.050168,0
2934,30.3201,35.0220,0.8657,1.1551,1.3230,0.0296,0.346283,0.346286,0.000004,1
2935,67.1456,92.4374,0.7264,1.3767,0.2898,0.0306,0.212734,0.300000,0.087266,0
2936,54.8808,64.8382,0.8464,1.1814,1.0510,0.0568,0.392744,0.392771,0.000027,0
2937,59.0173,70.8737,0.8327,1.2009,1.3840,0.0468,0.229849,0.229887,0.000038,0
2938,31.0617,25.9469,1.1971,0.8353,1.0691,0.0549,0.167969,0.175933,0.007963,0
2939,60.2551,42.7475,1.4096,0.7094,1.2915,0.0465,0.150073,0.241783,0.091710,0
2940,76.8505,101.9365,0.7539,1.3264,0.3225,0.0250,0.236306,0.319452,0.083145,0
2941,60.3797,64.3757,0.9379,1.0662,0.9342,0.0257,0.471958,0.472057,0.000099,1
2942,57.1422,45.9103,1.2446,0.8034,0.1344,0.0350,0.456394,0.472172,0.015778,0
2943,55.9593,61.9151,0.9038,1.1064,0.3963,0.0215,0.381416,0.381411,0.000005,1
2944,73.2871,87.0318,0.8421,1.1875,1.4057,0.0249,0.434579,0.436053,0.001474,0
2945,44.6229,49.7525,0.8969,1.1150,1.0465,0.0452,0.298869,0.298883,0.000013,1
2946,31.4866,33.5812,0.9376,1.0665,1.3176,0.0267,0.422897,0.422984,0.000088,1
2947,30.8933,27.0087,1.1438,0.8743,1.1317,0.0417,0.464805,0.464823,0.000019,1
2948,28.2931,22.3033,1.2686,0.7883,1.0568,0.0204,0.488609,0.488623,0.000014,0
2949,76.6985,62.0683,1.2357,0.8093,0.8367,0.0335,0.490355,0.490725,0.000371,0
2950,71.1704,78.1840,0.9103,1.0985,1.0463,0.0527,0.476890,0.477251,0.000361,1
2951,56.7980,45.0501,1.2608,0.7932,0.7694,0.0338,0.428695,0.428770,0.000075,0
2952,39.1314,36.0936,1.0842,0.9224,0.8282,0.0373,0.264176,0.264183,0.000007,1
2953,20.3827,19.3259,1.0547,0.9482,0.4220,0.0594,0.407723,0.407723,0.000000,1
2954,30.1425,37.1318,0.8118,1.2319,0.1025,0.0282,0.306304,0.392860,0.086557,0
2955,31.7869,43.2331,0.7352,1.3601,1.4415,0.0365,0.256229,0.256411,0.000183,0
2956,45.8003,36.8751,1.2420,0.8051,1.0341,0.0452,0.174329,0.187988,0.013659,0
2957,63.6811,71.1077,0.8956,1.1166,1.0027,0.0308,0.303520,0.303574,0.000054,1
2958,57.4096,40.6846,1.4111,0.7087,0.7888,0.0481,0.490172,0.490905,0.000733,0
2959,42.2059,44.7972,0.9422,1.0614,1.0797,0.0428,0.285832,0.285941,0.000110,1
2960,48.2723,51.1062,0.9445,1.0587,0.5154,0.0228,0.275028,0.275025,0.000003,1
2961,53.2255,54.2147,0.9818,1.0186,1.2386,0.0296,0.503771,0.503861,0.000090,1
2962,42.5025,45.7703,0.9286,1.0769,1.4283,0.0239,0.455673,0.455756,0.000083,1
2963,29.4357,22.7198,1.2956,0.7718,0.7966,0.0322,0.290727,0.292753,0.002026,0
2964,78.1890,100.8423,0.7754,1.2897,0.8483,0.0424,0.386775,0.400066,0.013292,0
2965,47.0876,54.9117,0.8575,1.1662,0.2891,0.0366,0.525390,0.525389,0.000001,1
2966,50.1437,43.3565,1.1565,0.8646,1.1919,0.0346,0.192286,0.192514,0.000228,0
2967,46.0549,38.0787,1.2095,0.8268,0.2263,0.0349,0.399947,0.401601,0.001655,0
2968,61.9269,47.6352,1.3000,0.7692,0.3396,0.0289,0.354376,0.365927,0.011550,0
2969,25.3670,21.4760,1.1812,0.8466,0.3857,0.0557,0.191285,0.211417,0.020132,0
2970,35.9453,25.8091,1.3927,0.7180,0.9485,0.0590,0.535461,0.535785,0.000324,0
2971,75.6896,57.8804,1.3077,0.7647,0.6463,0.0493,0.423153,0.424032,0.000879,0
2972,41.9349,53.4331,0.7848,1.2742,0.2531,0.0319,0.157544,0.300000,0.142456,0
2973,27.9214,20.6449,1.3525,0.7394,1.1057,0.0300,0.205641,0.225933,0.020292,0
2974,45.0569,33.1617,1.3587,0.7360,0.5282,0.0553,0.232144,0.317092,0.084949,0
2975,40.9644,36.3096,1.1282,0.8864,1.3954,0.0540,0.341864,0.341966,0.000102,1
2976,53.1504,53.1334,1.0003,0.9997,0.2103,0.0246,0.184828,0.184824,0.000003,1
2977,38.6187,42.6580,0.9053,1.1046,0.6160,0.0400,0.251737,0.251736,0.000001,1
2978,25.6069,20.1666,1.2698,0.7875,0.4967,0.0540,0.201173,0.260349,0.059176,0
2979,53.9158,50.0435,1.0774,0.9282,1.0095,0.0556,0.529699,0.529829,0.000130,1
2980,61.4270,61.5307,0.9983,1.0017,1.0103,0.0268,0.183168,0.183170,0.000002,1
2981,45.4909,37.0759,1.2270,0.8150,0.2550,0.0558,0.475095,0.475734,0.000639,0
2982,38.8311,36.6818,1.0586,0.9446,0.4310,0.0305,0.400423,0.400418,0.000004,1
2983,33.2243,43.0638,0.7715,1.2962,1.1934,0.0530,0.463865,0.463895,0.000031,0
2984,40.8289,48.1486,0.8480,1.1793,0.2106,0.0492,0.395955,0.396215,0.000260,0
2985,76.1675,57.4226,1.3264,0.7539,1.1229,0.0548,0.414107,0.414616,0.000509,0
2986,57.7465,52.8996,1.0916,0.9161,0.3920,0.0241,0.513524,0.513518,0.000007,1
2987,62.6795,47.4763,1.3202,0.7574,1.2453,0.0206,0.490721,0.490754,0.000033,0
2988,56.6717,54.1680,1.0462,0.9558,0.1148,0.0534,0.201613,0.201649,0.000037,1
2989,37.9412,28.4393,1.3341,0.7496,0.2469,0.0548,0.440976,0.461230,0.020254,0
2990,76.2664,92.7449,0.8223,1.2161,0.3874,0.0291,0.268754,0.293733,0.024979,0
2991,75.2153,70.4398,1.0678,0.9365,0.6561,0.0303,0.207570,0.207868,0.000298,1
2992,71.1631,90.2939,0.7881,1.2688,0.9093,0.0254,0.165748,0.245923,0.080176,0
2993,61.8830,78.5680,0.7876,1.2696,0.1927,0.0355,0.175184,0.300000,0.124816,0
2994,20.6006,15.4986,1.3292,0.7523,0.3189,0.0441,0.202321,0.319330,0.117009,0
2995,56.9097,57.6185,0.9877,1.0125,0.2994,0.0543,0.423544,0.423721,0.000178,1
2996,58.5504,77.7128,0.7534,1.3273,1.3934,0.0377,0.418844,0.419089,0.000245,0
2997,40.3180,46.1990,0.8727,1.1459,0.4886,0.0585,0.532226,0.532224,0.000002,1
2998,64.8769,82.2582,0.7887,1.2679,0.8062,0.0465,0.278727,0.281506,0.002779,0
2999,75.3288,102.8116,0.7327,1.3648,0.3322,0.0507,0.261710,0.300000,0.038290,0
3000,26.6396,19.8804,1.3400,0.7463,1.0471,0.0375,0.472324,0.472455,0.000131,0
3001,77.1178,88.8791,0.8677,1.1525,0.1324,0.0374,0.269901,0.286293,0.016392,1
3002,62.7509,45.2273,1.3875,0.7207,0.3834,0.0376,0.380671,0.406025,0.025354,0
3003,66.5688,64.1967,1.0370,0.9644,0.6254,0.0308,0.365253,0.365251,0.000002,1
3004,51.5427,62.7905,0.8209,1.2182,0.6791,0.0358,0.185426,0.187011,0.001585,0
3005,60.1013,72.6531,0.8272,1.2088,0.5496,0.0295,0.494847,0.494923,0.000076,0
3006,77.0153,56.7044,1.3582,0.7363,0.6606,0.0456,0.480967,0.481880,0.000913,0
3007,65.3951,62.5046,1.0462,0.9558,0.4416,0.0324,0.169935,0.169935,0.000000,1
3008,42.5428,35.2984,1.2052,0.8297,0.9993,0.0348,0.195338,0.197132,0.001794,0
3009,74.9937,77.1534,0.9720,1.0288,0.4715,0.0593,0.391633,0.391856,0.000223,1
3010,58.9679,65.8246,0.8958,1.1163,0.9434,0.0315,0.508995,0.509095,0.000099,1
3011,32.8306,43.6497,0.7521,1.3295,0.3805,0.0576,0.205531,0.312711,0.107180,0
3012,63.9650,69.3434,0.9224,1.0841,0.5604,0.0497,0.323077,0.323107,0.000030,1
3013,50.2554,54.7270,0.9183,1.0890,0.1014,0.0269,0.437167,0.437173,0.000006,1
3014,59.4751,55.8680,1.0646,0.9394,0.9066,0.0248,0.524194,0.524293,0.000099,1
3015,25.5959,26.3401,0.9717,1.0291,0.5091,0.0583,0.188661,0.188805,0.000145,1
3016,30.9061,25.9001,1.1933,0.8380,0.8111,0.0399,0.267679,0.267927,0.000247,0
3017,52.2074,59.3688,0.8794,1.1372,0.4395,0.0305,0.362531,0.362529,0.000002,1
3018,43.5884,40.8330,1.0675,0.9368,1.2135,0.0358,0.409078,0.409088,0.000010,1
3019,41.7481,41.3735,1.0091,0.9910,0.4969,0.0294,0.269474,0.269471,0.000003,1
3020,25.7021,18.3225,1.4028,0.7129,0.1053,0.0281,0.301201,0.743402,0.442201,0
3021,39.7833,32.3476,1.2299,0.8131,1.1323,0.0560,0.525207,0.525278,0.000072,0
3022,30.5948,23.8177,1.2845,0.7785,1.0756,0.0293,0.494285,0.494316,0.000031,0
3023,46.9027,40.5531,1.1566,0.8646,1.2733,0.0520,0.194838,0.195386,0.000548,0
3024,52.0225,67.0469,0.7759,1.2888,1.2108,0.0216,0.276933,0.277009,0.000076,0
3025,78.3264,78.5941,0.9966,1.0034,0.9185,0.0436,0.353790,0.353904,0.000114,1
3026,51.3651,69.5036,0.7390,1.3531,0.8464,0.0279,0.328155,0.328696,0.000541,0
3027,55.4302,44.7645,1.2383,0.8076,1.4278,0.0269,0.150354,0.158002,0.007648,0
3028,53.4452,61.0322,0.8757,1.1420,0.1611,0.0524,0.263480,0.266517,0.003036,1
3029,61.7640,43.4010,1.4231,0.7027,1.2374,0.0436,0.527966,0.528207,0.000241,0
3030,44.8793,34.8718,1.2870,0.7770,0.2427,0.0286,0.203334,0.316365,0.113031,0
3031,50.9751,61.4412,0.8297,1.2053,0.4697,0.0598,0.443808,0.443814,0.000006,0
3032,33.4129,37.8870,0.8819,1.1339,0.5953,0.0337,0.317009,0.317007,0.000002,1
3033,62.5770,81.5065,0.7678,1.3025,0.2703,0.0323,0.156018,0.300000,0.143982,0
3034,25.8248,31.4118,0.8221,1.2163,0.2878,0.0422,0.252945,0.263052,0.010107,0
3035,40.7007,49.2512,0.8264,1.2101,0.7682,0.0406,0.192494,0.192819,0.000325,0
3036,23.4187,16.6807,1.4039,0.7123,0.4277,0.0272,0.304411,0.359218,0.054806,0
3037,58.9001,69.4974,0.8475,1.1799,0.3832,0.0585,0.412703,0.412709,0.000006,0
3038,45.0990,56.6595,0.7960,1.2563,0.9694,0.0583,0.528735,0.528756,0.000021,0
3039,27.6028,23.3866,1.1803,0.8473,0.6895,0.0564,0.177064,0.186025,0.008961,0
3040,36.3207,37.5071,0.9684,1.0327,0.5927,0.0583,0.489647,0.489779,0.000133,1
3041,38.1536,34.6521,1.1010,0.9082,0.8389,0.0540,0.299504,0.299534,0.000030,1
3042,35.1341,24.6915,1.4229,0.7028,1.3070,0.0449,0.473777,0.474136,0.000359,0
3043,75.2922,96.7893,0.7779,1.2855,0.1515,0.0202,0.424081,0.547905,0.123825,0
3044,51.6288,70.2343,0.7351,1.3604,0.9077,0.0362,0.195900,0.209965,0.014065,0
3045,66.5725,83.9331,0.7932,1.2608,0.1479,0.0562,0.390315,0.416652,0.026337,0
3046,21.9007,20.7951,1.0532,0.9495,0.8217,0.0272,0.402205,0.402202,0.000003,1
3047,69.6176,70.8371,0.9828,1.0175,1.3135,0.0370,0.480137,0.480238,0.000101,1
3048,49.6896,37.8749,1.3119,0.7622,0.5984,0.0334,0.456052,0.456381,0.000330,0
3049,64.0089,65.9520,0.9705,1.0304,0.9275,0.0574,0.224551,0.224686,0.000135,1
3050,75.4552,90.2802,0.8358,1.1965,0.7025,0.0329,0.198524,0.208777,0.010253,0
3051,71.4927,53.5133,1.3360,0.7485,0.4204,0.0479,0.539880,0.540568,0.000688,0
3052,21.5802,29.0750,0.7422,1.3473,0.7299,0.0429,0.363813,0.364141,0.000328,0
3053,73.3805,98.0424,0.7485,1.3361,1.0357,0.0292,0.410604,0.420461,0.009858,0
3054,60.9235,58.0433,1.0496,0.9527,0.8630,0.0293,0.248880,0.248881,0.000001,1
3055,25.3139,18.7142,1.3527,0.7393,1.1203,0.0334,0.190309,0.220725,0.030416,0
3056,31.6495,40.0612,0.7900,1.2658,0.8872,0.0270,0.238369,0.238788,0.000419,0
3057,44.1487,45.8756,0.9624,1.0391,0.2512,0.0552,0.301787,0.301784,0.000003,1
3058,61.7988,43.8123,1.4105,0.7090,0.9821,0.0390,0.216848,0.263897,0.047049,0
3059,77.3376,100.5702,0.7690,1.3004,0.4728,0.0377,0.534179,0.552038,0.017859,0
3060,79.5276,81.5850,0.9748,1.0259,1.3491,0.0566,0.514525,0.514707,0.000182,1
3061,39.1900,44.6696,0.8773,1.1398,0.6668,0.0423,0.307598,0.307598,0.000000,1
3062,37.3992,26.6860,1.4015,0.7135,0.3221,0.0408,0.276371,0.384808,0.108437,0
3063,28.3828,39.3042,0.7221,1.3848,0.3697,0.0552,0.454550,0.457973,0.003423,0
3064,78.5076,65.7797,1.1935,0.8379,0.2997,0.0348,0.271329,0.285315,0.013985,0
3065,64.4392,88.7612,0.7260,1.3774,0.6645,0.0218,0.502477,0.508040,0.005563,0
3066,66.3985,62.2027,1.0675,0.9368,0.2187,0.0410,0.414107,0.414102,0.000005,1
3067,75.2721,80.9533,0.9298,1.0755,1.1831,0.0393,0.383515,0.383898,0.000382,1
3068,57.1899,76.8990,0.7437,1.3446,0.1201,0.0429,0.311467,0.049662,0.261806,0
3069,70.6833,92.2401,0.7663,1.3050,1.2427,0.0325,0.194850,0.207819,0.012969,0
3070,38.2690,28.9883,1.3202,0.7575,1.2363,0.0423,0.413826,0.413996,0.000170,0
3071,45.3206,36.9468,1.2266,0.8152,0.9623,0.0367,0.337176,0.337266,0.000090,0
3072,61.2165,51.8986,1.1795,0.8478,1.1047,0.0437,0.303777,0.303845,0.000069,0
3073,46.8844,45.0304,1.0412,0.9605,0.7629,0.0358,0.518822,0.518934,0.000111,1
3074,24.5540,18.5752,1.3219,0.7565,0.2810,0.0563,0.535461,0.537887,0.002426,0
3075,58.3251,62.7086,0.9301,1.0752,0.3981,0.0267,0.379548,0.379544,0.000004,1
3076,42.0099,58.3840,0.7195,1.3898,0.8467,0.0596,0.501756,0.501819,0.000063,0
3077,34.3962,27.7550,1.2393,0.8069,1.0853,0.0545,0.310820,0.311156,0.000335,0
3078,71.7911,68.3036,1.0511,0.9514,0.6689,0.0456,0.300957,0.301014,0.000057,1
3079,60.3540,54.8537,1.1003,0.9089,0.4718,0.0278,0.277836,0.277839,0.000003,1
3080,49.3783,69.1191,0.7144,1.3998,1.4349,0.0403,0.350189,0.350266,0.000077,0
3081,41.4478,39.9027,1.0387,0.9627,1.1611,0.0277,0.534277,0.534368,0.000091,1
3082,48.0068,65.1400,0.7370,1.3569,1.2382,0.0217,0.199953,0.204228,0.004275,0
3083,23.7776,28.2827,0.8407,1.1895,1.4085,0.0524,0.511779,0.511909,0.000130,0
3084,54.8680,69.3756,0.7909,1.2644,0.7063,0.0577,0.492686,0.492698,0.000011,0
3085,47.2835,37.5551,1.2590,0.7943,1.0523,0.0506,0.314068,0.314491,0.000424,0
3086,24.6437,32.1558,0.7664,1.3048,1.3031,0.0259,0.527197,0.527201,0.000004,0
3087,57.8655,68.0467,0.8504,1.1759,1.0544,0.0307,0.199171,0.199184,0.000013,1
3088,22.7155,21.1534,1.0738,0.9312,0.4992,0.0437,0.492332,0.492329,0.000004,1
3089,75.3288,74.7801,1.0073,0.9927,0.8449,0.0529,0.243887,0.243911,0.000024,1
3090,25.7826,33.7499,0.7639,1.3090,0.1411,0.0577,0.164624,0.300000,0.135376,0
3091,64.3458,77.5944,0.8293,1.2059,1.2945,0.0461,0.500487,0.500895,0.000408,0
3092,35.3227,42.5789,0.8296,1.2054,1.1488,0.0267,0.378315,0.378315,0.000000,0
3093,44.7438,36.1133,1.2390,0.8071,0.6270,0.0258,0.428671,0.428728,0.000057,0
3094,46.5493,51.5980,0.9022,1.1085,1.2088,0.0388,0.320598,0.320701,0.000102,1
3095,42.3121,36.4556,1.1606,0.8616,1.0322,0.0413,0.264725,0.264795,0.000070,0
3096,70.0626,80.4545,0.8708,1.1483,1.1698,0.0441,0.330718,0.331470,0.000752,1
3097,39.7668,37.9786,1.0471,0.9550,1.3985,0.0488,0.524609,0.524739,0.000130,1
3098,72.5675,85.1711,0.8520,1.1737,1.1775,0.0379,0.438449,0.439742,0.001293,1
3099,76.8358,92.6675,0.8292,1.2060,1.1472,0.0589,0.479405,0.482622,0.003218,0
3100,74.3529,84.5901,0.8790,1.1377,0.7710,0.0458,0.216066,0.218757,0.002691,1
3101,46.1849,63.8833,0.7230,1.3832,0.4827,0.0282,0.439474,0.441154,0.001680,0
3102,42.3615,55.5197,0.7630,1.3106,0.5864,0.0423,0.487120,0.487179,0.000059,0
3103,35.6523,40.5047,0.8802,1.1361,1.3519,0.0555,0.286699,0.286844,0.000145,1
3104,55.8403,66.9440,0.8341,1.1988,0.1430,0.0462,0.486265,0.487131,0.000866,0
3105,34.3449,30.9075,1.1112,0.8999,0.9070,0.0378,0.155506,0.155776,0.000270,1
3106,24.5448,20.7716,1.1817,0.8463,0.8024,0.0239,0.446481,0.446482,0.000001,0
3107,48.3291,65.2190,0.7410,1.3495,0.3645,0.0320,0.328680,0.350230,0.021550,0
3108,54.5769,74.5480,0.7321,1.3659,0.9658,0.0396,0.153211,0.181617,0.028406,0
3109,38.0602,43.8022,0.8689,1.1509,0.3230,0.0540,0.537463,0.537458,0.000005,1
3110,71.6977,73.8957,0.9703,1.0307,0.2845,0.0238,0.399471,0.399540,0.000070,1
3111,52.2587,56.0455,0.9324,1.0725,0.3180,0.0406,0.183815,0.183815,0.000001,1
3112,74.0544,102.4153,0.7231,1.3830,0.6767,0.0570,0.151782,0.510958,0.359176,0
3113,28.7765,27.6380,1.0412,0.9604,1.3337,0.0550,0.388264,0.388336,0.000072,1
3114,22.7851,19.1208,1.1916,0.8392,1.0437,0.0444,0.443930,0.443959,0.000029,0
3115,79.8535,83.4683,0.9567,1.0453,0.2226,0.0504,0.457553,0.458272,0.000718,1
3116,78.0004,70.5053,1.1063,0.9039,0.5463,0.0386,0.203505,0.204815,0.001310,1
3117,74.4169,75.1816,0.9898,1.0103,0.3966,0.0376,0.414986,0.415148,0.000162,1
3118,36.0332,29.1953,1.2342,0.8102,0.4931,0.0322,0.236319,0.246408,0.010089,0
3119,51.3468,36.5482,1.4049,0.7118,0.4020,0.0319,0.289091,0.358747,0.069655,0
3120,69.7696,69.8471,0.9989,1.0011,0.3017,0.0597,0.293596,0.293594,0.000002,1
3121,42.2059,58.1217,0.7262,1.3771,1.3724,0.0404,0.167298,0.173522,0.006224,0
3122,24.0797,28.9389,0.8321,1.2018,0.5825,0.0203,0.180140,0.183880,0.003740,0
3123,27.5423,27.8448,0.9891,1.0110,1.3214,0.0424,0.437252,0.437363,0.000110,1
3124,61.2439,69.9065,0.8761,1.1414,0.3452,0.0255,0.473728,0.473752,0.000024,1
3125,54.9431,38.5435,1.4255,0.7015,1.0868,0.0469,0.211171,0.265583,0.054412,0
3126,33.3195,23.3906,1.4245,0.7020,1.0109,0.0349,0.471274,0.471730,0.000455,0
3127,46.8990,33.5797,1.3966,0.7160,0.5255,0.0337,0.307646,0.341068,0.033421,0
3128,68.0960,57.1782,1.1909,0.8397,1.1085,0.0515,0.503063,0.503107,0.000044,0
3129,60.0061,72.5996,0.8265,1.2099,1.3750,0.0574,0.400227,0.400322,0.000095,0
3130,39.3091,34.5056,1.1392,0.8778,1.4090,0.0335,0.412801,0.412818,0.000017,1
3131,21.3257,25.9991,0.8202,1.2191,0.5063,0.0427,0.283781,0.284025,0.000244,0
3132,58.2812,49.4475,1.1786,0.8484,0.9889,0.0454,0.240188,0.240455,0.000267,0
3133,20.5219,21.7665,0.9428,1.0606,0.5769,0.0436,0.507176,0.507304,0.000128,1
3134,60.0848,53.8248,1.1163,0.8958,0.2890,0.0398,0.211989,0.213022,0.001033,1
3135,75.0780,53.1560,1.4124,0.7080,0.4189,0.0462,0.524572,0.528033,0.003461,0
3136,50.6748,60.5001,0.8376,1.1939,0.6092,0.0269,0.298149,0.298182,0.000033,0
3137,48.0728,64.3164,0.7474,1.3379,0.7533,0.0346,0.478062,0.478116,0.000054,0
3138,79.3042,79.3262,0.9997,1.0003,0.2520,0.0221,0.471799,0.471992,0.000192,1
3139,61.0865,62.9957,0.9697,1.0313,1.2639,0.0221,0.390718,0.390805,0.000087,1
3140,50.6711,36.3228,1.3950,0.7168,0.8468,0.0219,0.275394,0.288638,0.013243,0
3141,66.2685,50.5557,1.3108,0.7629,0.3894,0.0477,0.171473,0.336840,0.165367,0
3142,21.0492,29.0948,0.7235,1.3822,0.2486,0.0423,0.389241,0.438983,0.049742,0
3143,79.1540,94.9442,0.8337,1.1995,0.2552,0.0567,0.462644,0.478617,0.015974,0
3144,79.6667,81.9337,0.9723,1.0285,0.9740,0.0265,0.474998,0.475154,0.000156,1
3145,64.6278,80.5590,0.8022,1.2465,0.4569,0.0338,0.245596,0.259309,0.013713,0
3146,48.2046,44.5385,1.0823,0.9239,1.1857,0.0596,0.273490,0.273586,0.000096,1
3147,70.3372,57.6206,1.2207,0.8192,1.1930,0.0410,0.512059,0.512088,0.000029,0
3148,45.2876,60.6831,0.7463,1.3399,1.1552,0.0381,0.424545,0.424570,0.000026,0
3149,52.0792,44.4570,1.1715,0.8536,0.6013,0.0286,0.455258,0.455260,0.000002,0
3150,46.2380,62.5986,0.7386,1.3538,1.4740,0.0376,0.195900,0.196737,0.000837,0
3151,71.9285,50.7863,1.4163,0.7061,1.1584,0.0358,0.190236,0.246176,0.055940,0
3152,69.2257,74.4654,0.9296,1.0757,0.2429,0.0496,0.509484,0.509796,0.000312,1
3153,49.5065,39.7015,1.2470,0.8019,0.7253,0.0428,0.221718,0.229526,0.007808,0
3154,64.3165,64.0060,1.0049,0.9952,0.4090,0.0594,0.384626,0.384782,0.000155,1
3155,47.3934,41.4401,1.1437,0.8744,1.3511,0.0481,0.194996,0.195289,0.000292,1
3156,59.5666,55.3444,1.0763,0.9291,0.1172,0.0419,0.432076,0.432076,0.000001,1
3157,70.6815,68.3290,1.0344,0.9667,0.1340,0.0395,0.537671,0.537723,0.000053,1
3158,35.5791,40.7005,0.8742,1.1439,1.3803,0.0574,0.376130,0.376282,0.000152,1
3159,35.6505,48.1347,0.7406,1.3502,0.9870,0.0591,0.279118,0.279407,0.000289,0
3160,44.4929,47.6448,0.9338,1.0708,0.5127,0.0328,0.408785,0.408780,0.000004,1
3161,70.9671,50.6276,1.4017,0.7134,1.1151,0.0529,0.469687,0.470137,0.000449,0
3162,68.4750,58.8496,1.1636,0.8594,0.6016,0.0245,0.536474,0.536470,0.000005,0
3163,74.0507,81.7532,0.9058,1.1040,1.0751,0.0450,0.262760,0.263571,0.000812,1
3164,54.2253,63.3420,0.8561,1.1681,1.1762,0.0570,0.418307,0.418438,0.000131,1
3165,53.1797,65.4255,0.8128,1.2303,0.7176,0.0378,0.521129,0.521129,0.000001,0
3166,51.0245,56.2610,0.9069,1.1026,0.9569,0.0320,0.164331,0.164334,0.000003,1
3167,39.4482,49.3554,0.7993,1.2511,0.7929,0.0334,0.412178,0.412187,0.000009,0
3168,48.0782,44.4896,1.0807,0.9254,0.8985,0.0536,0.212954,0.213001,0.000048,1
3169,69.9728,68.7516,1.0178,0.9825,1.4028,0.0216,0.517418,0.517501,0.000083,1
3170,39.8968,40.1406,0.9939,1.0061,0.2544,0.0419,0.188844,0.188841,0.000003,1
3171,61.7420,50.3327,1.2267,0.8152,0.6778,0.0543,0.547412,0.547442,0.000030,0
3172,53.5093,48.4213,1.1051,0.9049,0.4654,0.0587,0.205885,0.206130,0.000245,1
3173,72.1024,54.8077,1.3156,0.7601,0.5315,0.0304,0.276676,0.294038,0.017362,0
3174,56.1534,51.1271,1.0983,0.9105,0.4849,0.0375,0.274259,0.274266,0.000006,1
3175,34.2351,34.3374,0.9970,1.0030,0.9549,0.0284,0.241336,0.241439,0.000103,1
3176,54.0422,50.6560,1.0668,0.9373,0.4703,0.0378,0.346454,0.346451,0.000003,1
3177,61.9984,52.1297,1.1893,0.8408,0.5614,0.0401,0.327886,0.328027,0.000141,0
3178,39.5489,49.4788,0.7993,1.2511,1.3747,0.0221,0.344220,0.344224,0.000004,0
3179,75.2245,104.3002,0.7212,1.3865,0.8186,0.0540,0.272660,0.288249,0.015589,0
3180,32.9185,25.7075,1.2805,0.7809,1.0324,0.0348,0.296477,0.297073,0.000596,0
3181,21.9446,25.0331,0.8766,1.1407,1.3184,0.0237,0.539294,0.539378,0.000083,1
3182,23.2777,16.9881,1.3702,0.7298,1.0305,0.0477,0.338079,0.340160,0.002081,0
3183,45.1485,51.4583,0.8774,1.1398,0.9871,0.0527,0.495311,0.495427,0.000116,1
3184,69.3851,72.1302,0.9619,1.0396,1.3650,0.0539,0.419735,0.419895,0.000160,1
3185,76.3268,66.7048,1.1442,0.8739,0.8137,0.0262,0.319378,0.319854,0.000476,1
3186,21.0016,22.1870,0.9466,1.0564,0.5669,0.0240,0.211733,0.211731,0.000002,1
3187,33.7370,44.7619,0.7537,1.3268,1.3496,0.0364,0.286686,0.286749,0.000063,0
3188,54.4469,70.6739,0.7704,1.2980,0.6374,0.0311,0.497240,0.497272,0.000032,0
3189,57.2265,51.1200,1.1195,0.8933,0.9749,0.0587,0.253128,0.253222,0.000094,1
3190,48.0691,66.9733,0.7177,1.3933,0.5127,0.0311,0.395442,0.398684,0.003242,0
3191,41.4570,45.1067,0.9191,1.0880,0.2225,0.0356,0.337432,0.337430,0.000003,1
3192,63.0238,74.6861,0.8438,1.1850,0.8730,0.0305,0.480796,0.480976,0.000180,0
3193,72.8422,75.3164,0.9671,1.0340,1.3589,0.0219,0.435812,0.435918,0.000107,1
3194,68.7899,67.9729,1.0120,0.9881,1.2880,0.0438,0.321282,0.321313,0.000031,1
3195,49.6915,60.7104,0.8185,1.2217,1.0370,0.0316,0.344952,0.344956,0.000004,0
3196,49.3106,65.2099,0.7562,1.3224,0.7288,0.0224,0.197377,0.217979,0.020602,0
3197,48.0197,59.1552,0.8118,1.2319,1.0161,0.0514,0.166944,0.167194,0.000251,0
3198,51.6416,42.8589,1.2049,0.8299,1.1467,0.0329,0.432516,0.432532,0.000016,0
3199,23.9973,24.1742,0.9927,1.0074,0.7721,0.0530,0.173475,0.173492,0.000017,1
3200,22.2834,17.1612,1.2985,0.7701,0.4999,0.0598,0.316741,0.326341,0.009600,0
3201,76.3286,64.0371,1.1919,0.8390,1.3750,0.0558,0.267032,0.267785,0.000753,0
3202,44.2695,49.1703,0.9003,1.1107,1.0779,0.0300,0.487571,0.487666,0.000094,1
3203,24.8250,26.5114,0.9364,1.0679,0.9570,0.0571,0.242972,0.243102,0.000131,1
3204,28.1869,34.5818,0.8151,1.2269,0.1913,0.0482,0.294792,0.318347,0.023555,0
3205,33.0174,23.3329,1.4151,0.7067,0.9150,0.0378,0.279301,0.295978,0.016677,0
3206,30.1810,22.0081,1.3714,0.7292,0.2609,0.0423,0.371039,0.433983,0.062943,0
3207,30.0803,27.6120,1.0894,0.9179,0.1576,0.0395,0.309465,0.309523,0.000057,1
3208,76.8853,99.5682,0.7722,1.2950,1.2031,0.0464,0.405354,0.413992,0.008637,0
3209,48.2687,51.1745,0.9432,1.0602,1.0966,0.0512,0.219179,0.219305,0.000125,1
3210,78.9856,96.3502,0.8198,1.2198,1.3650,0.0430,0.224184,0.231790,0.007606,0
3211,63.8844,76.2901,0.8374,1.1942,0.3671,0.0310,0.399226,0.400190,0.000964,0
3212,58.9550,51.2787,1.1497,0.8698,0.4705,0.0535,0.372565,0.372595,0.000030,1
3213,50.0687,56.8190,0.8812,1.1348,0.3181,0.0238,0.333941,0.333954,0.000013,1
3214,72.0548,75.0657,0.9599,1.0418,0.8911,0.0443,0.507482,0.507632,0.000151,1
3215,55.9264,73.5872,0.7600,1.3158,0.2208,0.0242,0.259452,0.365051,0.105599,0
3216,30.4135,32.2919,0.9418,1.0618,0.2039,0.0597,0.516674,0.516667,0.000006,1
3217,36.1357,46.8522,0.7713,1.2966,0.9669,0.0583,0.534960,0.534984,0.000023,0
3218,55.5181,45.0917,1.2312,0.8122,0.6465,0.0391,0.407674,0.407758,0.000084,0
3219,25.7863,30.1878,0.8542,1.1707,0.4518,0.0512,0.287822,0.287854,0.000032,1
3220,71.9156,58.4005,1.2314,0.8121,1.0723,0.0346,0.325542,0.325658,0.000116,0
3221,64.2213,65.4259,0.9816,1.0188,0.7347,0.0410,0.165101,0.165105,0.000004,1
3222,22.4024,27.2954,0.8207,1.2184,0.1476,0.0567,0.401961,0.408951,0.006990,0
3223,76.5795,82.3626,0.9298,1.0755,0.1070,0.0524,0.303386,0.307768,0.004382,1
3224,39.3219,31.8464,1.2347,0.8099,0.5737,0.0328,0.364496,0.364732,0.000236,0
3225,60.1965,68.4306,0.8797,1.1368,0.2650,0.0522,0.163916,0.170339,0.006422,1
3226,55.8550,49.8721,1.1200,0.8929,0.4442,0.0405,0.191542,0.192227,0.000685,1
3227,72.3093,65.4646,1.1046,0.9053,0.5439,0.0395,0.321465,0.321630,0.000165,1
3228,32.5321,38.1066,0.8537,1.1714,0.8367,0.0498,0.436898,0.436905,0.000006,1
3229,53.2804,50.7342,1.0502,0.9522,1.1019,0.0462,0.292790,0.292817,0.000027,1
3230,55.2690,65.5506,0.8431,1.1860,0.1586,0.0322,0.217397,0.296510,0.079112,0
3231,43.3283,45.0880,0.9610,1.0406,1.3233,0.0320,0.494896,0.494987,0.000091,1
3232,39.4006,54.7434,0.7197,1.3894,1.3962,0.0459,0.308013,0.308123,0.000110,0
3233,37.8021,26.8047,1.4103,0.7091,0.8085,0.0553,0.282865,0.309940,0.027075,0
3234,37.2417,49.1741,0.7573,1.3204,0.2345,0.0499,0.370405,0.397410,0.027005,0
3235,54.2381,61.1728,0.8866,1.1279,0.8207,0.0303,0.384175,0.384172,0.000002,1
3236,61.6724,56.3602,1.0943,0.9139,0.7876,0.0551,0.304704,0.304730,0.000025,1
3237,70.8481,50.5427,1.4017,0.7134,1.2245,0.0269,0.368134,0.368815,0.000681,0
3238,53.1944,72.4243,0.7345,1.3615,0.9879,0.0256,0.508605,0.508637,0.000032,0
3239,38.6352,27.0876,1.4263,0.7011,1.0723,0.0248,0.319073,0.322938,0.003865,0
3240,79.7711,93.4367,0.8537,1.1713,0.7037,0.0338,0.503343,0.507505,0.004161,1
3241,45.1924,59.5746,0.7586,1.3182,0.3306,0.0254,0.466086,0.467545,0.001459,0
3242,55.5473,77.1528,0.7200,1.3890,0.9545,0.0295,0.393965,0.394317,0.000352,0
3243,75.0633,87.1607,0.8612,1.1612,0.2751,0.0243,0.214101,0.269880,0.055779,1
3244,23.3326,25.2856,0.9228,1.0837,0.1564,0.0455,0.218508,0.218634,0.000126,1
3245,46.8697,63.0874,0.7429,1.3460,0.4897,0.0314,0.268644,0.290441,0.021797,0
3246,74.3364,74.5349,0.9973,1.0027,0.7279,0.0255,0.461216,0.461328,0.000112,1
3247,48.5543,61.1260,0.7943,1.2589,0.4609,0.0229,0.200356,0.224572,0.024216,0
3248,64.3641,57.6514,1.1164,0.8957,1.3892,0.0400,0.505065,0.505174,0.000110,1
3249,76.7827,97.5244,0.7873,1.2701,0.7326,0.0276,0.305669,0.320572,0.014903,0
3250,76.1199,64.5856,1.1786,0.8485,0.2816,0.0261,0.231130,0.250007,0.018876,0
3251,72.1317,70.7218,1.0199,0.9805,1.1614,0.0480,0.436386,0.436510,0.000124,1
3252,79.8773,61.4736,1.2994,0.7696,0.9818,0.0201,0.185829,0.205194,0.019366,0
3253,45.6868,46.9410,0.9733,1.0275,0.2572,0.0440,0.243606,0.243604,0.000002,1
3254,47.0748,56.3580,0.8353,1.1972,1.3680,0.0515,0.180921,0.180964,0.000042,0
3255,72.6499,78.4855,0.9256,1.0803,0.9839,0.0503,0.460300,0.460626,0.000326,1
3256,40.9076,51.4365,0.7953,1.2574,0.4929,0.0547,0.517809,0.517824,0.000015,0
3257,21.9703,19.4198,1.1313,0.8839,0.4111,0.0528,0.481883,0.481884,0.000001,1
3258,32.1439,43.7826,0.7342,1.3621,0.6900,0.0402,0.284086,0.288117,0.004031,0
3259,35.3301,44.5033,0.7939,1.2596,0.3167,0.0569,0.245926,0.269836,0.023911,0
3260,54.7673,66.2332,0.8269,1.2094,0.2833,0.0532,0.208815,0.231204,0.022389,0
3261,21.5729,17.7929,1.2124,0.8248,0.1238,0.0250,0.509325,0.512557,0.003232,0
3262,72.1171,92.9280,0.7761,1.2886,0.8369,0.0364,0.232388,0.249248,0.016860,0
3263,31.4188,32.5672,0.9647,1.0366,0.4822,0.0289,0.525341,0.525478,0.000137,1
3264,77.4126,71.8940,1.0768,0.9287,1.0639,0.0379,0.297832,0.298079,0.000247,1
3265,39.4263,50.9265,0.7742,1.2917,1.4605,0.0396,0.483396,0.483416,0.000019,0
3266,70.5075,49.4155,1.4268,0.7009,0.8801,0.0410,0.152283,0.299866,0.147583,0
3267,23.2557,16.4022,1.4178,0.7053,0.9570,0.0449,0.540234,0.540532,0.000297,0
3268,62.8077,77.3403,0.8121,1.2314,0.6113,0.0302,0.210732,0.216324,0.005592,0
3269,31.7960,23.4690,1.3548,0.7381,0.6633,0.0360,0.294438,0.307087,0.012649,0
3270,72.1171,96.6255,0.7464,1.3398,0.6209,0.0528,0.428414,0.442816,0.014402,0
3271,71.2235,59.2033,1.2030,0.8312,1.1769,0.0506,0.384724,0.384812,0.000088,0
3272,26.1525,34.5302,0.7574,1.3203,0.3969,0.0478,0.504576,0.504870,0.000294,0
3273,68.8961,84.4313,0.8160,1.2255,0.9503,0.0225,0.177662,0.184463,0.006801,0
3274,25.1509,34.6176,0.7265,1.3764,1.3850,0.0453,0.246597,0.246893,0.000296,0
3275,36.8810,43.4544,0.8487,1.1782,0.1477,0.0380,0.502171,0.502414,0.000243,0
3276,67.8634,56.6132,1.1987,0.8342,1.1705,0.0481,0.412545,0.412600,0.000055,0
3277,67.1511,49.1088,1.3674,0.7313,1.4413,0.0501,0.335284,0.336345,0.001061,0
3278,48.7722,40.7172,1.1978,0.8348,0.9571,0.0457,0.268925,0.269168,0.000244,0
3279,66.6988,67.7518,0.9845,1.0158,0.3774,0.0529,0.298210,0.298373,0.000163,1
3280,75.1531,96.1336,0.7818,1.2792,0.8443,0.0343,0.502184,0.509531,0.007348,0
3281,40.4883,36.1117,1.1212,0.8919,1.2774,0.0444,0.431234,0.431268,0.000034,1
3282,37.9394,30.7551,1.2336,0.8106,0.5500,0.0226,0.253311,0.256535,0.003223,0
3283,50.7352,50.8566,0.9976,1.0024,0.9509,0.0534,0.432870,0.432993,0.000123,1
3284,48.1112,48.2705,0.9967,1.0033,0.3198,0.0415,0.159473,0.159472,0.000001,1
3285,40.0140,46.0397,0.8691,1.1506,1.3052,0.0467,0.421163,0.421277,0.000114,1
3286,47.4483,62.4816,0.7594,1.3168,0.4009,0.0289,0.230093,0.287750,0.057658,0
3287,60.6800,54.1336,1.1209,0.8921,0.2654,0.0208,0.353949,0.353969,0.000020,1
3288,47.1682,62.4452,0.7554,1.3239,1.2023,0.0570,0.211122,0.211440,0.000317,0
3289,61.4801,63.5921,0.9668,1.0344,0.3932,0.0341,0.379987,0.380141,0.000154,1
3290,47.0089,39.6477,1.1857,0.8434,0.4890,0.0245,0.448215,0.448226,0.000012,0
3291,21.5674,20.7349,1.0402,0.9614,0.2451,0.0231,0.434445,0.434439,0.000006,1
3292,48.7649,56.8198,0.8582,1.1652,1.0459,0.0333,0.397639,0.397640,0.000001,1
3293,49.8874,56.3767,0.8849,1.1301,0.9491,0.0322,0.389656,0.389655,0.000001,1
3294,69.2715,73.7436,0.9394,1.0646,1.1693,0.0277,0.303362,0.303530,0.000169,1
3295,21.6242,15.1970,1.4229,0.7028,0.3535,0.0333,0.276249,0.381827,0.105578,0
3296,26.1763,34.5023,0.7587,1.3181,0.8731,0.0484,0.409725,0.409762,0.000037,0
3297,40.6128,56.1456,0.7233,1.3825,1.1068,0.0492,0.549548,0.549581,0.000033,0
3298,62.6356,54.9429,1.1400,0.8772,0.6142,0.0590,0.260672,0.260825,0.000153,1
3299,54.5311,69.9363,0.7797,1.2825,1.2225,0.0431,0.542883,0.542897,0.000014,0
3300,62.3078,79.7103,0.7817,1.2793,1.2131,0.0505,0.200453,0.202104,0.001651,0
3301,26.4455,33.9950,0.7779,1.2855,0.7532,0.0247,0.171973,0.190130,0.018156,0
3302,50.7517,35.8363,1.4162,0.7061,0.6588,0.0453,0.184510,0.329434,0.144924,0
3303,58.5430,64.9139,0.9019,1.1088,0.6181,0.0342,0.283451,0.283449,0.000002,1
3304,31.3565,43.2943,0.7243,1.3807,1.4015,0.0427,0.285710,0.285851,0.000141,0
3305,69.8849,90.1040,0.7756,1.2893,0.2612,0.0434,0.225515,0.319910,0.094395,0
3306,30.5857,38.5271,0.7939,1.2596,1.1420,0.0301,0.487681,0.487683,0.000002,0
3307,66.8343,54.0057,1.2375,0.8081,0.1590,0.0271,0.310784,0.362704,0.051920,0
3308,36.2328,31.4276,1.1529,0.8674,0.7869,0.0249,0.545373,0.545369,0.000005,0
3309,70.0864,62.7034,1.1177,0.8947,0.8993,0.0446,0.488243,0.488271,0.000028,1
3310,30.8860,26.8710,1.1494,0.8700,1.3382,0.0554,0.312749,0.312872,0.000123,1
3311,73.4007,99.4571,0.7380,1.3550,1.3091,0.0494,0.195668,0.226497,0.030829,0
3312,58.5742,66.4375,0.8816,1.1342,1.1863,0.0284,0.237832,0.237834,0.000002,1
3313,63.8496,73.8124,0.8650,1.1560,1.1864,0.0398,0.273844,0.274028,0.000184,1
3314,62.9872,50.6091,1.2446,0.8035,1.1731,0.0226,0.357892,0.357927,0.000035,0
3315,28.9358,33.4100,0.8661,1.1546,0.6614,0.0454,0.240237,0.240245,0.000007,1
3316,68.2754,87.4103,0.7811,1.2803,0.8340,0.0391,0.540320,0.543209,0.002890,0
3317,49.9734,38.2930,1.3050,0.7663,0.9599,0.0291,0.192763,0.212938,0.020176,0
3318,25.7662,25.0919,1.0269,0.9738,1.2169,0.0586,0.159729,0.159839,0.000110,1
3319,51.0556,52.1976,0.9781,1.0224,0.8327,0.0472,0.392647,0.392763,0.000117,1
3320,69.3667,54.8058,1.2657,0.7901,0.1676,0.0270,0.327374,0.386703,0.059329,0
3321,36.4141,41.6541,0.8742,1.1439,0.4265,0.0277,0.211086,0.211284,0.000198,1
3322,76.6784,80.0528,0.9578,1.0440,1.1488,0.0514,0.245755,0.246049,0.000294,1
3323,63.2051,73.2671,0.8627,1.1592,0.7875,0.0291,0.265616,0.265833,0.000216,1
3324,69.1470,48.5403,1.4245,0.7020,1.2956,0.0368,0.500304,0.500533,0.000229,0
3325,79.5825,103.0917,0.7720,1.2954,0.3638,0.0331,0.269462,0.309574,0.040112,0
3326,30.6919,38.3776,0.7997,1.2504,1.2875,0.0450,0.168677,0.168826,0.000149,0
3327,26.6762,31.1783,0.8556,1.1688,0.1100,0.0460,0.221548,0.296718,0.075170,1
3328,47.4264,60.3149,0.7863,1.2718,0.4881,0.0364,0.379719,0.379974,0.000255,0
3329,55.1427,75.7637,0.7278,1.3740,0.5422,0.0260,0.324786,0.333861,0.009075,0
3330,39.0692,44.2973,0.8820,1.1338,1.2801,0.0360,0.435507,0.435602,0.000096,1
3331,40.0873,48.6460,0.8241,1.2135,0.6429,0.0386,0.486363,0.486362,0.000001,0
3332,32.7665,25.9465,1.2628,0.7919,0.3375,0.0394,0.273978,0.301999,0.028021,0
3333,69.7513,91.1639,0.7651,1.3070,1.1353,0.0338,0.477049,0.481002,0.003953,0
3334,29.7800,30.1248,0.9886,1.0116,0.5440,0.0210,0.543396,0.543524,0.000128,1
3335,30.6662,41.5943,0.7373,1.3564,0.8113,0.0245,0.254813,0.259761,0.004948,0
3336,62.5861,79.8177,0.7841,1.2753,0.3299,0.0387,0.535925,0.538093,0.002168,0
3337,53.0332,43.1698,1.2285,0.8140,1.3878,0.0304,0.443710,0.443731,0.000020,0
3338,41.5119,36.3409,1.1423,0.8754,0.1546,0.0401,0.335247,0.336767,0.001520,1
3339,51.7917,71.7439,0.7219,1.3852,1.0517,0.0579,0.549817,0.549859,0.000042,0
3340,74.0031,86.1035,0.8595,1.1635,0.8736,0.0259,0.420235,0.422115,0.001880,1
3341,39.2248,46.5503,0.8426,1.1868,0.3094,0.0211,0.244412,0.248215,0.003803,0
3342,73.0747,62.0597,1.1775,0.8493,0.9747,0.0215,0.487303,0.487381,0.000078,0
3343,71.0770,68.7219,1.0343,0.9669,0.2636,0.0388,0.397920,0.397962,0.000042,1
3344,42.3029,45.1578,0.9368,1.0675,0.5262,0.0340,0.254300,0.254298,0.000002,1
3345,37.8368,43.6445,0.8669,1.1535,0.6639,0.0463,0.158203,0.158325,0.000122,1
3346,20.1392,28.0163,0.7188,1.3911,0.5161,0.0562,0.541076,0.541331,0.000255,0
3347,23.4480,24.0841,0.9736,1.0271,0.3027,0.0331,0.484019,0.484193,0.000174,1
3348,53.8993,70.1705,0.7681,1.3019,0.4656,0.0392,0.234683,0.255788,0.021105,0
3349,42.7058,51.2250,0.8337,1.1995,1.4217,0.0528,0.215969,0.216020,0.000051,0
3350,61.1451,65.6790,0.9310,1.0742,0.1303,0.0263,0.292595,0.292606,0.000012,1
3351,33.5374,43.7491,0.7666,1.3045,1.2353,0.0238,0.247195,0.247407,0.000212,0
3352,30.6442,34.3574,0.8919,1.1212,0.1482,0.0582,0.161951,0.190062,0.028111,1
3353,38.8421,37.4946,1.0359,0.9653,0.9447,0.0463,0.490526,0.490639,0.000113,1
3354,24.2445,32.2533,0.7517,1.3303,1.2202,0.0550,0.151001,0.155421,0.004420,0
3355,21.7927,27.7541,0.7852,1.2736,0.1708,0.0366,0.180580,0.300000,0.119420,0
3356,52.4143,42.8407,1.2235,0.8173,0.9972,0.0368,0.226284,0.227410,0.001126,0
3357,76.3964,98.9269,0.7723,1.2949,0.2728,0.0346,0.446872,0.484302,0.037430,0
3358,77.2149,99.7558,0.7740,1.2919,0.6667,0.0232,0.279240,0.306809,0.027569,0
3359,38.6773,30.3949,1.2725,0.7859,0.1940,0.0391,0.497679,0.502247,0.004568,0
3360,34.7697,41.3248,0.8414,1.1885,0.6665,0.0267,0.356342,0.356345,0.000003,0
3361,31.1734,36.0229,0.8654,1.1556,0.7800,0.0531,0.215078,0.215090,0.000012,1
3362,72.1317,87.6105,0.8233,1.2146,0.5649,0.0202,0.529211,0.532804,0.003593,0
3363,61.3282,81.2149,0.7551,1.3243,0.2124,0.0360,0.327422,0.386155,0.058733,0
3364,68.6544,57.5122,1.1937,0.8377,0.3227,0.0465,0.243912,0.255098,0.011186,0
3365,21.0419,21.0648,0.9989,1.0011,0.9689,0.0253,0.448386,0.448484,0.000098,1
3366,66.7574,74.5584,0.8954,1.1169,0.4628,0.0540,0.184034,0.184821,0.000787,1
3367,57.0434,40.9625,1.3926,0.7181,0.2404,0.0412,0.200868,0.489074,0.288206,0
3368,58.9166,71.3758,0.8254,1.2115,0.4883,0.0425,0.356854,0.356922,0.000067,0
3369,77.5976,54.3747,1.4271,0.7007,0.6731,0.0268,0.428842,0.432152,0.003311,0
3370,74.4682,90.8509,0.8197,1.2200,1.1961,0.0475,0.319890,0.323920,0.004030,0
3371,67.9971,75.8921,0.8960,1.1161,1.3372,0.0279,0.391609,0.391870,0.000261,1
3372,28.6099,26.8166,1.0669,0.9373,0.8922,0.0272,0.452853,0.452956,0.000103,1
3373,42.4934,34.2171,1.2419,0.8052,0.6357,0.0270,0.283207,0.284357,0.001150,0
3374,64.6077,85.4792,0.7558,1.3231,1.1139,0.0471,0.199696,0.207978,0.008282,0
3375,41.5210,56.6242,0.7333,1.3637,1.1172,0.0590,0.272636,0.272876,0.000240,0
3376,25.8834,32.8665,0.7875,1.2698,0.8686,0.0494,0.306365,0.306413,0.000048,0
3377,27.7969,24.2422,1.1466,0.8721,0.1326,0.0377,0.171534,0.288947,0.117413,1
3378,65.1588,51.9364,1.2546,0.7971,1.1880,0.0296,0.511534,0.511551,0.000016,0
3379,60.3632,77.3773,0.7801,1.2819,0.4537,0.0568,0.452182,0.453101,0.000919,0
3380,40.3858,28.4305,1.4205,0.7040,0.3499,0.0347,0.361444,0.418772,0.057328,0
3381,69.7348,57.3267,1.2164,0.8221,0.2092,0.0204,0.310772,0.326672,0.015900,0
3382,69.5755,85.7929,0.8110,1.2331,1.1996,0.0344,0.463926,0.465621,0.001695,0
3383,37.2637,33.3017,1.1190,0.8937,1.2918,0.0560,0.450888,0.450963,0.000075,1
3384,66.0176,83.6172,0.7895,1.2666,0.7970,0.0303,0.222781,0.230309,0.007529,0
3385,35.2000,40.4135,0.8710,1.1481,1.2001,0.0441,0.296110,0.296128,0.000018,1
3386,79.6942,66.0044,1.2074,0.8282,0.6983,0.0458,0.350800,0.352307,0.001508,0
3387,68.2717,74.8801,0.9117,1.0968,1.3910,0.0390,0.482945,0.483133,0.000188,1
3388,56.9390,59.3961,0.9586,1.0432,0.5091,0.0525,0.297588,0.297728,0.000141,1
3389,30.4410,28.9108,1.0529,0.9497,0.6997,0.0445,0.382527,0.382530,0.000003,1
3390,46.5474,34.6406,1.3437,0.7442,0.9261,0.0335,0.198402,0.232706,0.034304,0
3391,29.1079,21.1696,1.3750,0.7273,0.9160,0.0361,0.503526,0.503736,0.000209,0
3392,33.6930,35.4256,0.9511,1.0514,0.4599,0.0308,0.500658,0.500798,0.000140,1
3393,31.2449,25.4224,1.2290,0.8137,0.2525,0.0350,0.388887,0.391554,0.002667,0
3394,41.0138,54.2485,0.7560,1.3227,0.3994,0.0561,0.506725,0.506989,0.000265,0
3395,29.0292,20.6870,1.4033,0.7126,1.4941,0.0315,0.285295,0.287768,0.002474,0
3396,26.3118,26.8346,0.9805,1.0199,1.1008,0.0475,0.535339,0.535452,0.000113,1
3397,64.0291,71.2705,0.8984,1.1131,0.3323,0.0424,0.487278,0.487383,0.000105,1
3398,56.1077,78.0965,0.7184,1.3919,1.3453,0.0343,0.497984,0.498134,0.000150,0
3399,66.4974,77.1546,0.8619,1.1603,1.4586,0.0356,0.486167,0.486484,0.000317,1
3400,51.3028,50.3208,1.0195,0.9809,0.6767,0.0469,0.462693,0.462815,0.000122,1
3401,77.2039,104.0331,0.7421,1.3475,0.2790,0.0573,0.339972,0.395345,0.055374,0
3402,72.8678,69.1380,1.0539,0.9488,1.4831,0.0209,0.284672,0.284712,0.000040,1
3403,21.0712,29.0576,0.7252,1.3790,1.4957,0.0262,0.471055,0.471076,0.000021,0
3404,49.3655,36.4278,1.3552,0.7379,0.6981,0.0511,0.471445,0.471997,0.000552,0
3405,52.1891,46.6892,1.1178,0.8946,0.9613,0.0308,0.446518,0.446518,0.000000,1
3406,31.6349,26.9278,1.1748,0.8512,0.9468,0.0515,0.369599,0.369648,0.000049,0
3407,65.9004,84.3360,0.7814,1.2797,0.6149,0.0389,0.449985,0.453042,0.003057,0
3408,40.7373,33.2574,1.2249,0.8164,1.1117,0.0590,0.161304,0.178943,0.017639,0
3409,33.4550,40.0359,0.8356,1.1967,0.2341,0.0490,0.163538,0.257920,0.094382,0
3410,40.6714,48.9769,0.8304,1.2042,0.2413,0.0457,0.490477,0.490562,0.000086,0
3411,55.1408,47.0093,1.1730,0.8525,0.8617,0.0283,0.495213,0.495213,0.000000,0
3412,65.0179,75.2101,0.8645,1.1568,0.6157,0.0244,0.251932,0.252554,0.000622,1
3413,26.9472,36.4533,0.7392,1.3528,1.3603,0.0357,0.259696,0.259891,0.000195,0
3414,43.9235,51.6253,0.8508,1.1753,0.8263,0.0412,0.421480,0.421482,0.000001,1
3415,70.7456,75.4912,0.9371,1.0671,0.6895,0.0207,0.399544,0.399692,0.000148,1
3416,42.3725,49.1597,0.8619,1.1602,1.4609,0.0493,0.230264,0.230311,0.000048,1
3417,46.3039,52.7307,0.8781,1.1388,0.6642,0.0364,0.468186,0.468182,0.000004,1
3418,59.8688,73.2174,0.8177,1.2230,1.0217,0.0305,0.344452,0.344531,0.000080,0
3419,22.9426,18.1972,1.2608,0.7932,1.0126,0.0206,0.538806,0.538814,0.000009,0
3420,22.9719,19.4262,1.1825,0.8457,0.5838,0.0294,0.448654,0.448661,0.000006,0
3421,76.2078,101.1882,0.7531,1.3278,1.1869,0.0322,0.299565,0.313716,0.014151,0
3422,33.2774,45.6507,0.7290,1.3718,0.2285,0.0435,0.202065,0.300000,0.097935,0
3423,68.8229,54.2409,1.2688,0.7881,1.0554,0.0315,0.500548,0.500573,0.000025,0
3424,61.5516,69.4253,0.8866,1.1279,1.4135,0.0461,0.186171,0.186220,0.000049,1
3425,52.2642,69.5836,0.7511,1.3314,0.4105,0.0573,0.377143,0.379534,0.002390,0
3426,51.7862,37.3202,1.3876,0.7207,1.3582,0.0244,0.445505,0.445647,0.000142,0
3427,43.3430,41.1013,1.0545,0.9483,1.0198,0.0522,0.441720,0.441747,0.000027,1
3428,63.9576,56.0056,1.1420,0.8757,0.1974,0.0247,0.185853,0.213475,0.027622,1
3429,46.7891,39.0746,1.1974,0.8351,0.2226,0.0498,0.157483,0.302935,0.145452,0
3430,29.1372,26.6929,1.0916,0.9161,0.6652,0.0287,0.389204,0.389201,0.000003,1
3431,27.2237,31.8769,0.8540,1.1709,1.2874,0.0501,0.337750,0.337783,0.000033,1
3432,42.5684,57.8725,0.7356,1.3595,0.7888,0.0311,0.380061,0.380354,0.000293,0
3433,39.8529,49.7842,0.8005,1.2492,1.1862,0.0480,0.498704,0.498724,0.000019,0
3434,26.9985,34.4728,0.7832,1.2768,1.0760,0.0451,0.185145,0.185779,0.000634,0
3435,66.0140,74.2090,0.8896,1.1241,1.1763,0.0526,0.485496,0.485723,0.000227,1
3436,47.4575,49.7721,0.9535,1.0488,0.5405,0.0464,0.516735,0.516867,0.000132,1
3437,64.9886,67.9971,0.9558,1.0463,1.2878,0.0425,0.538733,0.538840,0.000108,1
3438,77.1819,69.6946,1.1074,0.9030,0.4079,0.0504,0.229116,0.230550,0.001433,1
3439,24.7554,21.5596,1.1482,0.8709,0.9707,0.0388,0.422665,0.422675,0.000011,1
3440,30.1590,35.1954,0.8569,1.1670,1.2480,0.0334,0.398921,0.398926,0.000005,1
3441,48.9041,54.2260,0.9019,1.1088,0.4286,0.0565,0.546435,0.546432,0.000004,1
3442,76.1895,80.3643,0.9481,1.0548,0.3725,0.0431,0.411580,0.412033,0.000452,1
3443,52.6212,60.2418,0.8735,1.1448,0.4427,0.0504,0.426095,0.426092,0.000003,1
3444,46.9503,35.9063,1.3076,0.7648,0.3855,0.0535,0.250003,0.315628,0.065625,0
3445,74.6184,63.9588,1.1667,0.8571,1.4312,0.0441,0.207765,0.208417,0.000651,0
3446,53.9305,39.6373,1.3606,0.7350,0.3562,0.0214,0.225503,0.323442,0.097939,0
3447,61.8628,63.3298,0.9768,1.0237,0.3844,0.0459,0.351434,0.351592,0.000158,1
3448,38.4759,39.2543,0.9802,1.0202,1.1805,0.0475,0.317327,0.317447,0.000121,1
3449,27.3464,35.0228,0.7808,1.2807,0.4268,0.0598,0.409590,0.409841,0.000251,0
3450,68.4970,79.3956,0.8627,1.1591,0.8727,0.0520,0.543774,0.544423,0.000649,1
3451,75.4955,67.8540,1.1126,0.8988,0.3690,0.0372,0.376789,0.377360,0.000571,1
3452,72.6389,74.4964,0.9751,1.0256,0.9673,0.0392,0.226467,0.226609,0.000142,1
3453,72.5529,90.2486,0.8039,1.2439,0.7953,0.0481,0.383662,0.388850,0.005188,0
3454,28.8626,24.4934,1.1784,0.8486,0.2805,0.0367,0.478599,0.478653,0.000054,0
3455,28.0477,22.0271,1.2733,0.7853,0.6606,0.0313,0.412667,0.412848,0.000181,0
3456,47.5802,60.4200,0.7875,1.2699,0.5663,0.0565,0.398946,0.399003,0.000058,0
3457,25.5116,27.7767,0.9185,1.0888,0.1238,0.0268,0.273319,0.273480,0.000161,1
3458,77.3925,95.2336,0.8127,1.2305,1.2595,0.0423,0.535498,0.539168,0.003670,0
3459,33.7938,39.6335,0.8527,1.1728,1.4900,0.0368,0.340936,0.340953,0.000017,1
3460,41.6822,53.2243,0.7831,1.2769,1.1320,0.0462,0.445578,0.445595,0.000017,0
3461,21.7780,28.4477,0.7655,1.3063,1.1555,0.0532,0.185292,0.186011,0.000719,0
3462,34.0263,33.2863,1.0222,0.9783,0.8401,0.0399,0.274235,0.274241,0.000006,1
3463,66.7995,90.8479,0.7353,1.3600,0.6171,0.0584,0.245157,0.366041,0.120885,0
3464,67.4203,88.1749,0.7646,1.3078,0.4120,0.0404,0.448141,0.457616,0.009475,0
3465,67.9293,81.3527,0.8350,1.1976,0.3940,0.0259,0.189088,0.242000,0.052912,0
3466,34.0245,36.6906,0.9273,1.0784,1.4791,0.0412,0.489390,0.489497,0.000107,1
3467,67.1896,72.1272,0.9315,1.0735,0.5966,0.0587,0.394795,0.395011,0.000216,1
3468,55.9465,49.6658,1.1265,0.8877,1.0624,0.0479,0.441952,0.441979,0.000027,1
3469,41.9404,58.6538,0.7150,1.3985,1.1356,0.0331,0.326727,0.327039,0.000313,0
3470,21.1390,20.2290,1.0450,0.9570,0.1759,0.0355,0.522887,0.522881,0.000007,1
3471,78.0059,79.1874,0.9851,1.0151,1.4670,0.0502,0.545825,0.545967,0.000142,1
3472,29.3204,37.1068,0.7902,1.2656,0.9631,0.0497,0.411483,0.411498,0.000016,0
3473,62.6173,74.3261,0.8425,1.1870,0.3953,0.0576,0.294902,0.295674,0.000772,0
3474,48.0892,64.9446,0.7405,1.3505,0.1219,0.0372,0.321050,0.300000,0.021050,0
3475,47.0180,53.4224,0.8801,1.1362,1.4819,0.0573,0.320318,0.320485,0.000167,1
3476,27.2109,29.0339,0.9372,1.0670,0.5758,0.0536,0.512011,0.512141,0.000131,1
3477,37.3864,27.9547,1.3374,0.7477,0.6972,0.0318,0.262491,0.277640,0.015149,0
3478,66.2117,83.1218,0.7966,1.2554,0.4789,0.0459,0.248770,0.262846,0.014076,0
3479,37.8808,52.4440,0.7223,1.3844,1.2013,0.0310,0.227383,0.229863,0.002481,0
3480,44.9672,60.6755,0.7411,1.3493,1.4902,0.0233,0.229348,0.229797,0.000449,0
3481,47.8915,34.1952,1.4005,0.7140,0.3968,0.0520,0.485643,0.491940,0.006297,0
3482,76.1803,86.8970,0.8767,1.1407,0.3775,0.0295,0.273075,0.278890,0.005815,1
3483,64.9812,59.8880,1.0850,0.9216,1.3624,0.0558,0.288005,0.288111,0.000106,1
3484,29.9319,27.4740,1.0895,0.9179,0.3992,0.0401,0.190504,0.190616,0.000112,1
3485,22.7174,17.2591,1.3163,0.7597,0.9048,0.0240,0.382929,0.383181,0.000252,0
3486,41.6382,48.2153,0.8636,1.1580,0.7325,0.0533,0.328887,0.328893,0.000006,1
3487,56.3915,70.9309,0.7950,1.2578,1.0483,0.0525,0.226284,0.226358,0.000074,0
3488,72.8861,66.5754,1.0948,0.9134,0.2511,0.0319,0.537512,0.537748,0.000237,1
3489,56.6515,43.2130,1.3110,0.7628,1.2809,0.0318,0.333392,0.333666,0.000274,0
3490,77.6525,72.4917,1.0712,0.9335,0.7655,0.0228,0.279118,0.279440,0.000322,1
3491,59.2865,53.3376,1.1115,0.8997,0.5740,0.0349,0.189674,0.189832,0.000158,1
3492,61.4582,57.1360,1.0756,0.9297,0.8180,0.0268,0.377070,0.377067,0.000002,1
3493,65.8327,46.8958,1.4038,0.7123,0.3655,0.0597,0.459458,0.473313,0.013855,0
3494,75.8269,66.4559,1.1410,0.8764,0.8312,0.0469,0.482054,0.482326,0.000273,1
3495,52.1690,50.0459,1.0424,0.9593,0.2069,0.0454,0.360468,0.360464,0.000004,1
3496,72.4302,55.8197,1.2976,0.7707,0.2275,0.0264,0.218593,0.335197,0.116603,0
3497,78.1799,61.0875,1.2798,0.7814,0.7205,0.0397,0.457761,0.458565,0.000805,0
3498,57.9846,63.0311,0.9199,1.0870,1.4406,0.0464,0.177967,0.178096,0.000129,1
3499,78.3447,72.1571,1.0858,0.9210,0.5431,0.0269,0.421322,0.421764,0.000442,1
3500,49.7665,65.0463,0.7651,1.3070,0.5004,0.0567,0.312798,0.314638,0.001840,0
3501,28.4707,35.2007,0.8088,1.2364,0.9440,0.0549,0.339923,0.339943,0.000020,0
3502,60.2863,78.4365,0.7686,1.3011,0.2729,0.0551,0.308025,0.343808,0.035784,0
3503,64.9391,78.7232,0.8249,1.2123,1.2551,0.0358,0.437155,0.437633,0.000478,0
3504,45.2675,47.1010,0.9611,1.0405,1.0367,0.0510,0.403780,0.403899,0.000120,1
3505,57.4425,46.3308,1.2398,0.8066,1.4319,0.0312,0.546167,0.546185,0.000018,0
3506,59.6326,44.8588,1.3293,0.7523,0.8734,0.0391,0.377583,0.378176,0.000593,0
3507,41.9221,36.7277,1.1414,0.8761,1.2327,0.0544,0.515893,0.515950,0.000058,1
3508,48.7100,35.8847,1.3574,0.7367,1.0967,0.0423,0.206777,0.234610,0.027833,0
3509,64.2744,56.8075,1.1314,0.8838,0.3521,0.0266,0.493919,0.493915,0.000004,1
3510,64.2598,89.2842,0.7197,1.3894,1.2273,0.0418,0.376521,0.380625,0.004104,0
3511,65.4353,91.0867,0.7184,1.3920,1.0336,0.0465,0.410689,0.416285,0.005596,0
3512,24.3599,20.3268,1.1984,0.8344,0.8178,0.0415,0.524279,0.524291,0.000012,0
3513,51.8815,45.4409,1.1417,0.8759,0.7015,0.0521,0.424178,0.424193,0.000015,1
3514,40.3931,29.5255,1.3681,0.7310,1.1060,0.0385,0.169190,0.226407,0.057217,0
3515,79.8352,59.2002,1.3486,0.7415,0.8635,0.0346,0.426070,0.427397,0.001327,0
3516,20.7324,24.7137,0.8389,1.1920,0.8133,0.0363,0.312737,0.312742,0.000005,0
3517,74.3144,87.9818,0.8447,1.1839,1.0141,0.0527,0.408028,0.410396,0.002368,0
3518,36.8151,32.8544,1.1206,0.8924,0.5785,0.0294,0.166285,0.166910,0.000625,1
3519,42.8321,58.5183,0.7319,1.3662,0.6044,0.0434,0.390364,0.391126,0.000762,0
3520,70.4544,83.0793,0.8480,1.1792,1.0944,0.0488,0.412874,0.414033,0.001159,0
3521,65.7155,80.6486,0.8148,1.2272,0.3887,0.0215,0.175770,0.297149,0.121379,0
3522,59.2608,69.3609,0.8544,1.1704,0.5819,0.0356,0.491343,0.491340,0.000004,1
3523,68.0941,48.6303,1.4002,0.7142,0.7098,0.0477,0.457187,0.458466,0.001279,0
3524,47.1242,60.0605,0.7846,1.2745,0.7622,0.0471,0.455466,0.455479,0.000013,0
3525,40.1514,51.6452,0.7774,1.2863,0.2060,0.0375,0.431259,0.440117,0.008858,0
3526,56.4647,40.5470,1.3926,0.7181,0.3436,0.0451,0.454172,0.467913,0.013741,0
3527,69.6597,92.1276,0.7561,1.3225,0.6847,0.0473,0.498216,0.505282,0.007065,0
3528,36.0533,49.6529,0.7261,1.3772,0.6104,0.0470,0.455576,0.455882,0.000306,0
3529,41.7335,49.4971,0.8431,1.1860,1.0025,0.0388,0.513756,0.513858,0.000102,0
3530,49.7885,54.5642,0.9125,1.0959,1.1519,0.0545,0.343939,0.344068,0.000129,1
3531,42.5977,31.2025,1.3652,0.7325,0.9711,0.0511,0.249942,0.268162,0.018220,0
3532,65.7338,78.4354,0.8381,1.1932,0.2849,0.0403,0.407515,0.409749,0.002234,0
3533,34.3797,37.5408,0.9158,1.0919,0.6709,0.0416,0.270206,0.270207,0.000000,1
3534,48.2669,45.0157,1.0722,0.9326,1.4649,0.0533,0.154163,0.154385,0.000222,1
3535,44.2238,43.5095,1.0164,0.9838,0.7552,0.0495,0.176820,0.176834,0.000014,1
3536,56.9207,40.1059,1.4193,0.7046,0.5422,0.0466,0.193092,0.319987,0.126895,0
3537,70.5972,66.3457,1.0641,0.9398,0.8550,0.0572,0.199928,0.200033,0.000105,1
3538,20.9485,24.7305,0.8471,1.1805,1.2546,0.0566,0.452353,0.452487,0.000134,0
3539,50.2957,39.5199,1.2727,0.7858,0.3177,0.0384,0.413265,0.415896,0.002632,0
3540,36.2218,42.7999,0.8463,1.1816,0.8519,0.0436,0.315691,0.315696,0.000005,0
3541,28.6721,27.8605,1.0291,0.9717,1.1086,0.0574,0.534533,0.534669,0.000136,1
3542,48.4408,62.9358,0.7697,1.2992,0.5784,0.0325,0.406514,0.406685,0.000171,0
3543,70.5368,71.3144,0.9891,1.0110,0.4436,0.0542,0.547143,0.547292,0.000149,1
3544,31.0453,38.7127,0.8019,1.2470,1.4855,0.0330,0.172474,0.172567,0.000093,0
3545,37.6281,48.9238,0.7691,1.3002,0.2873,0.0405,0.515538,0.516235,0.000696,0
3546,25.4860,34.4766,0.7392,1.3528,0.4716,0.0306,0.181422,0.315256,0.133834,0
3547,37.8625,49.6103,0.7632,1.3103,0.5119,0.0430,0.407088,0.407417,0.000329,0
3548,52.7879,55.5214,0.9508,1.0518,0.3367,0.0382,0.377619,0.377615,0.000004,1
3549,39.3274,34.2865,1.1470,0.8718,0.1403,0.0286,0.532104,0.532171,0.000067,1
3550,56.4794,48.2373,1.1709,0.8541,0.9564,0.0374,0.316704,0.316736,0.000032,0
3551,35.7237,35.4788,1.0069,0.9931,0.3833,0.0438,0.216311,0.216309,0.000001,1
3552,65.1424,89.3860,0.7288,1.3722,0.6165,0.0496,0.248587,0.358956,0.110369,0
3553,27.1120,20.4085,1.3285,0.7527,1.1733,0.0466,0.381465,0.381820,0.000356,0
3554,75.7866,71.3359,1.0624,0.9413,1.4583,0.0263,0.499596,0.499736,0.000140,1
3555,77.8686,68.0190,1.1448,0.8735,0.7042,0.0273,0.275199,0.276117,0.000918,1
3556,44.3977,39.3471,1.1284,0.8862,1.4653,0.0344,0.168336,0.168484,0.000148,1
3557,70.3207,63.8235,1.1018,0.9076,1.1489,0.0362,0.314446,0.314489,0.000044,1
3558,74.7484,53.8313,1.3886,0.7202,1.2261,0.0459,0.344598,0.346119,0.001521,0
3559,64.9666,66.6057,0.9754,1.0252,1.1472,0.0315,0.535461,0.535555,0.000094,1
3560,28.6172,24.0645,1.1892,0.8409,0.2292,0.0263,0.335748,0.338297,0.002549,0
3561,44.0956,43.8290,1.0061,0.9940,0.2958,0.0344,0.528674,0.528850,0.000176,1
3562,67.2280,91.2554,0.7367,1.3574,0.8488,0.0551,0.192885,0.313220,0.120335,0
3563,32.4461,30.6820,1.0575,0.9456,1.0046,0.0564,0.228018,0.228071,0.000053,1
3564,22.5306,17.2876,1.3033,0.7673,0.8401,0.0523,0.416817,0.417120,0.000303,0
3565,33.8395,45.4828,0.7440,1.3441,1.1931,0.0481,0.171973,0.175964,0.003990,0
3566,35.6029,37.6838,0.9448,1.0584,1.0616,0.0309,0.543457,0.543552,0.000095,1
3567,53.9048,68.6472,0.7852,1.2735,0.2561,0.0368,0.307512,0.332054,0.024542,0
3568,75.0780,56.6830,1.3245,0.7550,1.0468,0.0323,0.409236,0.409489,0.000252,0
3569,73.6827,99.8958,0.7376,1.3558,0.3998,0.0369,0.318401,0.354412,0.036011,0
3570,69.0463,56.2755,1.2269,0.8150,1.3370,0.0536,0.529064,0.529150,0.000086,0
3571,34.4786,33.0416,1.0435,0.9583,1.3280,0.0371,0.475474,0.475574,0.000100,1
3572,36.4068,34.3597,1.0596,0.9438,0.5391,0.0477,0.432565,0.432564,0.000000,1
3573,68.3505,86.4230,0.7909,1.2644,0.3981,0.0343,0.379365,0.388384,0.009019,0
3574,35.9966,45.2260,0.7959,1.2564,1.4528,0.0578,0.449008,0.449161,0.000152,0
3575,78.5681,72.9117,1.0776,0.9280,1.2623,0.0271,0.345050,0.345265,0.000216,1
3576,31.2888,35.7518,0.8752,1.1426,1.3085,0.0351,0.156897,0.156908,0.000011,1
3577,57.8234,58.8524,0.9825,1.0178,1.1192,0.0588,0.412532,0.412675,0.000143,1
3578,22.6862,31.4922,0.7204,1.3882,0.1320,0.0337,0.371589,0.300000,0.071589,0
3579,46.2508,53.2541,0.8685,1.1514,1.1160,0.0218,0.509691,0.509780,0.000089,1
3580,75.7207,78.3930,0.9659,1.0353,0.2906,0.0227,0.382148,0.382366,0.000218,1
3581,54.1227,44.6961,1.2109,0.8258,1.0198,0.0471,0.390791,0.390848,0.000057,0
3582,39.5874,49.6546,0.7973,1.2543,0.9478,0.0462,0.218508,0.218681,0.000173,0
3583,62.7985,46.6649,1.3457,0.7431,1.3081,0.0245,0.278043,0.279328,0.001284,0
3584,53.6814,58.0622,0.9246,1.0816,0.2313,0.0432,0.280692,0.280691,0.000001,1
3585,29.6261,38.7197,0.7651,1.3069,0.5793,0.0590,0.493907,0.493951,0.000044,0
3586,47.6736,52.7037,0.9046,1.1055,1.3880,0.0570,0.543811,0.543960,0.000149,1
3587,55.6371,72.7074,0.7652,1.3068,1.3329,0.0373,0.237954,0.238066,0.000112,0
3588,40.8747,43.9064,0.9309,1.0742,1.0219,0.0419,0.415804,0.415910,0.000106,1
3589,66.2941,53.2293,1.2454,0.8029,0.3850,0.0266,0.285307,0.293311,0.008004,0
3590,66.3546,80.2166,0.8272,1.2089,0.4711,0.0371,0.219839,0.228506,0.008668,0
3591,23.1642,17.7168,1.3075,0.7648,0.5596,0.0568,0.411739,0.412858,0.001119,0
3592,32.3234,43.9532,0.7354,1.3598,0.2464,0.0346,0.248257,0.364138,0.115880,0
3593,45.1430,48.9542,0.9221,1.0844,0.6746,0.0585,0.436593,0.436721,0.000128,1
3594,34.9638,41.3725,0.8451,1.1833,0.8103,0.0343,0.242850,0.242865,0.000016,0
3595,69.7623,67.6654,1.0310,0.9699,0.3361,0.0391,0.165418,0.165463,0.000045,1
3596,20.7215,18.3310,1.1304,0.8846,0.1838,0.0326,0.243936,0.248047,0.004111,1
3597,25.4036,20.7929,1.2217,0.8185,0.1060,0.0504,0.462131,0.481927,0.019796,0
3598,29.6921,26.5605,1.1179,0.8945,1.3165,0.0446,0.270499,0.270556,0.000057,1
3599,51.3962,48.6502,1.0564,0.9466,1.3153,0.0340,0.234402,0.234419,0.000017,1
3600,22.4042,28.5253,0.7854,1.2732,1.0113,0.0300,0.494456,0.494459,0.000003,0
3601,32.6658,43.1355,0.7573,1.3205,0.6204,0.0528,0.526293,0.526328,0.000035,0
3602,27.8024,30.4424,0.9133,1.0950,1.2358,0.0301,0.303887,0.303980,0.000093,1
3603,26.1837,30.3419,0.8630,1.1588,0.4234,0.0296,0.227956,0.228220,0.000264,1
3604,37.7929,49.1170,0.7694,1.2996,1.2497,0.0510,0.363764,0.363799,0.000035,0
3605,45.4506,52.8114,0.8606,1.1620,0.7707,0.0287,0.385945,0.385942,0.000002,1
3606,61.0407,57.4886,1.0618,0.9418,0.5150,0.0535,0.526745,0.526744,0.000001,1
3607,34.2936,39.4835,0.8686,1.1513,0.9894,0.0297,0.375214,0.375213,0.000001,1
3608,23.2264,17.6875,1.3132,0.7615,0.5964,0.0313,0.272929,0.286352,0.013424,0
3609,39.5343,53.6251,0.7372,1.3564,1.1808,0.0497,0.330523,0.330599,0.000076,0
3610,70.0937,75.6027,0.9271,1.0786,0.3881,0.0321,0.514025,0.514288,0.000263,1
3611,41.5540,52.3779,0.7933,1.2605,1.2530,0.0228,0.474973,0.474973,0.000000,0
3612,41.0285,37.5462,1.0927,0.9151,0.9897,0.0528,0.535791,0.535915,0.000124,1
3613,39.4354,47.1296,0.8367,1.1951,0.3072,0.0450,0.382246,0.382362,0.000116,0
3614,61.9782,62.8375,0.9863,1.0139,0.3780,0.0407,0.422579,0.422736,0.000157,1
3615,71.1557,88.4028,0.8049,1.2424,1.3708,0.0476,0.412008,0.414401,0.002394,0
3616,64.6846,57.0042,1.1347,0.8813,1.0467,0.0246,0.357733,0.357734,0.000000,1
3617,36.4196,31.1087,1.1707,0.8542,1.3703,0.0319,0.219033,0.219142,0.000109,0
3618,62.2437,54.8957,1.1339,0.8819,1.2081,0.0260,0.176417,0.176504,0.000088,1
3619,37.8002,34.5863,1.0929,0.9150,1.1399,0.0526,0.402193,0.402237,0.000044,1
3620,26.0207,25.5504,1.0184,0.9819,0.7203,0.0492,0.310442,0.310450,0.000008,1
3621,22.4006,30.1434,0.7431,1.3457,0.2238,0.0208,0.482603,0.495113,0.012510,0
3622,43.8356,53.4736,0.8198,1.2199,1.4150,0.0227,0.458884,0.458883,0.000001,0
3623,28.7014,36.1843,0.7932,1.2607,0.5561,0.0330,0.529113,0.529124,0.000011,0
3624,61.2494,74.4859,0.8223,1.2161,0.1182,0.0486,0.194789,0.300000,0.105211,0
3625,59.1290,67.0289,0.8821,1.1336,0.2321,0.0447,0.334100,0.334143,0.000043,1
3626,44.5351,46.5292,0.9571,1.0448,1.3596,0.0545,0.324432,0.324584,0.000152,1
3627,65.7888,84.6596,0.7771,1.2868,0.6274,0.0268,0.534509,0.537176,0.002667,0
3628,42.7424,39.9611,1.0696,0.9349,0.9279,0.0473,0.404585,0.404600,0.000015,1
3629,31.9938,31.6062,1.0123,0.9879,0.1238,0.0258,0.320037,0.320033,0.000004,1
3630,54.8094,63.9283,0.8574,1.1664,1.0268,0.0476,0.442441,0.442452,0.000012,1
3631,33.4898,33.1671,1.0097,0.9904,1.1591,0.0488,0.225161,0.225200,0.000039,1
3632,33.4513,40.9813,0.8163,1.2251,1.3905,0.0479,0.303545,0.303579,0.000034,0
3633,27.8994,27.8112,1.0032,0.9968,0.8898,0.0487,0.210793,0.210811,0.000018,1
3634,67.9824,76.0558,0.8938,1.1188,1.1099,0.0226,0.385542,0.385764,0.000222,1
3635,66.5011,54.8048,1.2134,0.8241,1.3328,0.0265,0.258744,0.258842,0.000099,0
3636,30.7852,41.8682,0.7353,1.3600,0.2687,0.0562,0.528124,0.531037,0.002912,0
3637,26.4931,34.7371,0.7627,1.3112,1.4953,0.0334,0.474290,0.474303,0.000013,0
3638,54.5677,46.1558,1.1822,0.8458,0.7731,0.0517,0.174976,0.181896,0.006920,0
3639,41.8470,42.3181,0.9889,1.0113,1.1936,0.0573,0.470945,0.471087,0.000142,1
3640,36.8755,48.9780,0.7529,1.3282,0.7523,0.0313,0.328497,0.328977,0.000480,0
3641,24.2006,25.1839,0.9610,1.0406,1.4747,0.0574,0.247317,0.247507,0.000190,1
3642,72.6829,81.7663,0.8889,1.1250,0.1847,0.0463,0.495506,0.498529,0.003023,1
3643,29.7067,26.8788,1.1052,0.9048,1.4685,0.0494,0.306560,0.306646,0.000086,1
3644,22.0875,24.2556,0.9106,1.0982,0.3426,0.0377,0.460508,0.460501,0.000006,1
3645,60.3778,77.0259,0.7839,1.2757,1.1762,0.0402,0.467100,0.467359,0.000259,0
3646,36.3573,45.9169,0.7918,1.2629,1.2161,0.0220,0.192286,0.192731,0.000445,0
3647,47.2781,49.1334,0.9622,1.0392,1.2320,0.0265,0.517113,0.517201,0.000088,1
3648,38.6316,35.8974,1.0762,0.9292,1.0641,0.0551,0.340716,0.340762,0.000046,1
3649,65.0233,68.6530,0.9471,1.0558,0.9284,0.0396,0.225332,0.225455,0.000123,1
3650,73.6882,99.3917,0.7414,1.3488,0.3993,0.0276,0.262394,0.322130,0.059737,0
3651,70.1358,75.1042,0.9338,1.0708,0.6383,0.0390,0.287150,0.287378,0.000228,1
3652,51.1802,55.6575,0.9196,1.0875,0.8423,0.0421,0.377363,0.377475,0.000112,1
3653,77.3540,104.8964,0.7374,1.3561,1.0937,0.0319,0.207607,0.356112,0.148505,0
3654,36.6228,47.5408,0.7703,1.2981,1.1378,0.0231,0.153247,0.162053,0.008806,0
3655,25.3999,29.3106,0.8666,1.1540,1.2397,0.0414,0.152124,0.152141,0.000017,1
3656,41.3434,44.5080,0.9289,1.0765,0.3947,0.0311,0.189479,0.189478,0.000001,1
3657,34.6782,35.1805,0.9857,1.0145,1.4802,0.0277,0.480284,0.480369,0.000085,1
3658,54.3553,63.7238,0.8530,1.1724,1.4634,0.0543,0.380671,0.380817,0.000146,1
3659,61.1432,82.5218,0.7409,1.3496,1.3085,0.0384,0.470127,0.471086,0.000959,0
3660,72.9044,68.6962,1.0613,0.9423,0.4777,0.0488,0.426998,0.427093,0.000095,1
3661,40.9113,43.8461,0.9331,1.0717,0.6795,0.0331,0.487632,0.487748,0.000116,1
3662,32.1000,42.0125,0.7641,1.3088,1.1334,0.0492,0.478904,0.478926,0.000022,0
3663,36.3555,36.8665,0.9861,1.0141,1.0827,0.0204,0.209963,0.210058,0.000095,1
3664,34.6397,43.6797,0.7930,1.2610,1.4325,0.0404,0.503819,0.503921,0.000101,0
3665,74.1020,55.1736,1.3431,0.7446,0.7993,0.0296,0.521630,0.521749,0.000119,0
3666,47.2085,54.0220,0.8739,1.1443,1.1620,0.0236,0.295195,0.295194,0.000001,1
3667,25.8907,30.1108,0.8598,1.1630,1.3534,0.0293,0.218300,0.218306,0.000006,1
3668,67.6656,58.8739,1.1493,0.8701,0.8751,0.0323,0.357001,0.357008,0.000007,1
3669,42.3725,34.1433,1.2410,0.8058,1.3596,0.0422,0.526904,0.526949,0.000045,0
3670,24.4404,21.2174,1.1519,0.8681,0.3790,0.0209,0.441476,0.441480,0.000004,0
3671,64.7414,81.5664,0.7937,1.2599,0.5119,0.0370,0.528014,0.529877,0.001862,0
3672,74.1276,63.1138,1.1745,0.8514,1.4728,0.0311,0.544006,0.544180,0.000174,0
3673,47.6370,52.0160,0.9158,1.0919,0.4220,0.0271,0.303264,0.303260,0.000004,1
3674,42.3029,54.4651,0.7767,1.2875,1.3107,0.0528,0.315374,0.315416,0.000043,0
3675,26.0134,29.2293,0.8900,1.1236,1.4774,0.0560,0.270560,0.270723,0.000163,1
3676,34.1472,41.8542,0.8159,1.2257,0.8515,0.0530,0.390779,0.390790,0.000012,0
3677,26.4382,24.0756,1.0981,0.9106,0.7190,0.0520,0.168494,0.168731,0.000237,1
3678,72.3148,82.5140,0.8764,1.1410,0.5749,0.0478,0.303520,0.305582,0.002061,1
3679,77.0226,61.9060,1.2442,0.8037,1.4213,0.0458,0.154785,0.172638,0.017853,0
3680,67.8835,65.7054,1.0332,0.9679,0.7789,0.0222,0.503209,0.503319,0.000110,1
3681,67.3470,65.3285,1.0309,0.9700,1.0544,0.0578,0.543762,0.543897,0.000135,1
3682,23.0744,28.6969,0.8041,1.2437,1.2863,0.0328,0.179163,0.179312,0.000148,0
3683,27.7914,19.9853,1.3906,0.7191,0.9101,0.0339,0.474570,0.474908,0.000338,0
3684,49.5688,54.6845,0.9065,1.1032,0.6637,0.0527,0.154151,0.154157,0.000007,1
3685,34.2259,30.8479,1.1095,0.9013,0.1415,0.0347,0.324090,0.324399,0.000309,1
3686,31.0178,43.3620,0.7153,1.3980,0.2633,0.0348,0.306938,0.393182,0.086244,0
3687,56.4592,68.1853,0.8280,1.2077,1.1819,0.0543,0.207826,0.207862,0.000035,0
3688,50.4386,60.1297,0.8388,1.1921,1.3194,0.0512,0.259012,0.259050,0.000038,0
3689,34.7972,27.7329,1.2547,0.7970,0.1493,0.0233,0.496702,0.504005,0.007302,0
3690,69.7110,59.6706,1.1683,0.8560,0.1321,0.0483,0.467136,0.468083,0.000947,0
3691,45.8242,45.0684,1.0168,0.9835,0.9784,0.0439,0.169642,0.169661,0.000019,1
3692,37.3937,32.3514,1.1559,0.8652,0.8323,0.0358,0.451877,0.451881,0.000004,0
3693,63.8295,53.3871,1.1956,0.8364,0.7248,0.0520,0.469272,0.469299,0.000026,0
3694,79.5880,68.9258,1.1547,0.8660,0.5211,0.0350,0.512011,0.512960,0.000949,0
3695,75.5339,101.8683,0.7415,1.3486,0.8498,0.0589,0.181495,0.356136,0.174641,0
3696,44.2622,40.5196,1.0924,0.9154,1.4797,0.0281,0.175013,0.175038,0.000025,1
3697,60.3687,67.6281,0.8927,1.1203,0.1592,0.0218,0.371003,0.371070,0.000067,1
3698,49.9954,59.4413,0.8411,1.1889,0.2385,0.0221,0.466562,0.466653,0.000090,0
3699,24.1969,23.1341,1.0459,0.9561,1.1514,0.0310,0.419637,0.419733,0.000096,1
3700,22.5855,20.5398,1.0996,0.9094,1.1415,0.0346,0.294230,0.294243,0.000013,1
3701,28.3554,39.3135,0.7213,1.3865,1.4700,0.0502,0.388813,0.388874,0.000061,0
3702,55.4045,56.3881,0.9826,1.0178,1.0284,0.0258,0.286479,0.286577,0.000098,1
3703,45.8589,58.2960,0.7867,1.2712,0.2505,0.0266,0.504747,0.505510,0.000763,0
3704,48.7411,54.8095,0.8893,1.1245,0.7485,0.0529,0.352338,0.352344,0.000006,1
3705,20.0330,26.6159,0.7527,1.3286,0.8629,0.0454,0.401192,0.401246,0.000055,0
3706,37.6830,40.9160,0.9210,1.0858,1.3983,0.0246,0.485459,0.485542,0.000083,1
3707,55.1610,67.7404,0.8143,1.2280,0.1627,0.0283,0.495592,0.497090,0.001498,0
3708,34.3303,29.9834,1.1450,0.8734,1.2126,0.0204,0.373579,0.373578,0.000000,1
3709,51.4786,61.2421,0.8406,1.1897,1.1468,0.0208,0.172095,0.172172,0.000076,0
3710,56.3073,73.0346,0.7710,1.2971,0.5111,0.0316,0.244656,0.257065,0.012409,0
3711,45.6117,56.0067,0.8144,1.2279,0.9369,0.0413,0.548975,0.548977,0.000003,0
3712,36.6704,37.5580,0.9764,1.0242,0.3799,0.0397,0.331207,0.331365,0.000158,1
3713,49.6731,62.1832,0.7988,1.2518,0.9681,0.0432,0.167750,0.168912,0.001162,0
3714,78.3538,91.1606,0.8595,1.1634,0.6374,0.0484,0.216665,0.224328,0.007664,1
3715,35.2989,45.0561,0.7834,1.2764,0.8057,0.0258,0.208669,0.211556,0.002887,0
3716,76.2810,104.9552,0.7268,1.3759,1.2540,0.0394,0.190919,0.336065,0.145145,0
3717,20.4779,26.5281,0.7719,1.2954,1.0332,0.0447,0.458335,0.458349,0.000014,0
3718,30.2011,26.6732,1.1323,0.8832,0.1589,0.0306,0.236453,0.246763,0.010310,1
3719,24.4514,19.7278,1.2394,0.8068,0.2230,0.0554,0.485801,0.487112,0.001311,0
3720,78.2366,109.4026,0.7151,1.3984,1.4299,0.0444,0.442538,0.458613,0.016075,0
3721,56.8639,42.5283,1.3371,0.7479,0.5891,0.0288,0.167457,0.290249,0.122793,0
3722,22.7631,28.3384,0.8033,1.2449,0.6201,0.0478,0.351898,0.351943,0.000045,0
3723,79.2016,85.9729,0.9212,1.0855,0.2048,0.0447,0.492955,0.495659,0.002705,1
3724,44.2714,57.3948,0.7713,1.2964,0.1847,0.0531,0.432467,0.448645,0.016178,0
3725,76.8010,99.4722,0.7721,1.2952,0.1300,0.0236,0.531872,0.812465,0.280593,0
3726,32.1677,28.6829,1.1215,0.8917,0.2183,0.0468,0.186378,0.197743,0.011365,1
3727,25.9383,24.5646,1.0559,0.9470,1.4930,0.0458,0.194923,0.195004,0.000080,1
3728,52.4931,37.1421,1.4133,0.7076,0.1679,0.0580,0.409468,0.538226,0.128757,0
3729,50.1712,39.0041,1.2863,0.7774,0.3987,0.0326,0.433615,0.434644,0.001029,0
3730,27.7200,28.5301,0.9716,1.0292,1.4296,0.0432,0.245816,0.245938,0.000122,1
3731,70.6320,53.3912,1.3229,0.7559,0.5618,0.0556,0.238211,0.285257,0.047046,0
3732,71.5806,78.1636,0.9158,1.0920,0.9341,0.0444,0.196181,0.196783,0.000603,1
3733,64.0858,73.0942,0.8768,1.1406,1.0515,0.0541,0.267545,0.267719,0.000174,1
3734,69.0719,49.2564,1.4023,0.7131,0.9607,0.0272,0.182740,0.256463,0.073723,0
3735,27.4618,31.3373,0.8763,1.1411,0.1840,0.0555,0.421944,0.421975,0.000031,1
3736,26.3613,19.1123,1.3793,0.7250,0.4640,0.0253,0.398946,0.406476,0.007530,0
3737,25.9566,27.6667,0.9382,1.0659,0.2559,0.0202,0.206410,0.206414,0.000003,1
3738,44.4234,53.2558,0.8342,1.1988,0.9236,0.0510,0.430062,0.430073,0.000011,0
3739,31.2046,28.1174,1.1098,0.9011,1.1769,0.0232,0.172742,0.172769,0.000026,1
3740,41.6382,39.6092,1.0512,0.9513,0.5156,0.0280,0.268387,0.268385,0.000003,1
3741,33.7352,32.0307,1.0532,0.9495,1.3894,0.0483,0.326043,0.326101,0.000058,1
3742,71.6703,78.0702,0.9180,1.0893,1.0250,0.0235,0.216579,0.217043,0.000464,1
3743,57.6568,53.3606,1.0805,0.9255,1.4456,0.0403,0.186061,0.186121,0.000061,1
3744,41.1035,29.1527,1.4099,0.7093,1.1502,0.0478,0.523290,0.523550,0.000260,0
3745,72.6664,98.3333,0.7390,1.3532,0.1079,0.0542,0.253287,0.300000,0.046713,0
3746,34.3394,26.2523,1.3081,0.7645,0.8645,0.0378,0.377351,0.377736,0.000386,0
3747,46.5566,48.0057,0.9698,1.0311,1.1443,0.0345,0.196205,0.196307,0.000102,1
3748,68.2827,53.7130,1.2713,0.7866,1.2765,0.0468,0.450266,0.450355,0.000090,0
3749,67.9421,61.1058,1.1119,0.8994,1.3532,0.0392,0.199074,0.199143,0.000069,1
3750,54.2253,71.9525,0.7536,1.3269,0.1361,0.0394,0.370795,0.300000,0.070795,0
3751,51.3266,38.9155,1.3189,0.7582,0.8724,0.0397,0.438046,0.438246,0.000201,0
3752,26.3082,29.3318,0.8969,1.1149,0.3573,0.0521,0.391707,0.391703,0.000003,1
3753,32.6292,43.4245,0.7514,1.3308,0.3675,0.0226,0.239126,0.297726,0.058600,0
3754,72.5584,83.2879,0.8712,1.1479,0.6252,0.0599,0.315532,0.317687,0.002155,1
3755,50.0192,41.2410,1.2129,0.8245,0.1243,0.0333,0.162378,0.332089,0.169711,0
3756,23.4736,32.0015,0.7335,1.3633,1.3217,0.0320,0.534484,0.534501,0.000016,0
3757,20.2454,24.4601,0.8277,1.2082,1.0846,0.0503,0.504808,0.504921,0.000113,0
3758,41.6144,47.8019,0.8706,1.1487,0.5973,0.0228,0.259183,0.259192,0.000009,1
3759,41.8671,37.0114,1.1312,0.8840,1.1136,0.0338,0.367927,0.367936,0.000010,1
3760,21.3733,15.8316,1.3500,0.7407,1.4267,0.0433,0.311931,0.312939,0.001008,0
3761,41.3599,56.5158,0.7318,1.3664,0.3656,0.0510,0.346673,0.363799,0.017125,0
3762,38.6407,34.8229,1.1096,0.9012,0.8693,0.0282,0.291655,0.291657,0.000002,1
3763,63.7819,50.1861,1.2709,0.7868,1.3883,0.0387,0.512035,0.512081,0.000046,0
3764,32.5504,31.4448,1.0352,0.9660,0.5131,0.0494,0.531701,0.531838,0.000137,1
3765,73.5838,59.0510,1.2461,0.8025,0.2482,0.0512,0.333123,0.354192,0.021069,0
3766,63.9338,56.3932,1.1337,0.8821,0.5590,0.0423,0.515538,0.515537,0.000001,1
3767,31.1881,30.7937,1.0128,0.9874,1.3561,0.0443,0.362885,0.363005,0.000120,1
3768,44.5021,58.5192,0.7605,1.3150,0.7971,0.0229,0.541723,0.541740,0.000017,0
3769,24.3452,29.6002,0.8225,1.2159,0.4788,0.0405,0.346796,0.346864,0.000068,0
3770,34.9968,47.7686,0.7326,1.3649,0.4065,0.0573,0.485997,0.486845,0.000849,0
3771,57.5762,51.6759,1.1142,0.8975,0.3405,0.0490,0.355670,0.355680,0.000010,1
3772,76.9420,69.5355,1.1065,0.9037,1.0440,0.0500,0.547168,0.547374,0.000206,1
3773,75.8214,73.8242,1.0271,0.9737,1.2954,0.0376,0.440976,0.441096,0.000120,1
3774,38.6114,53.4926,0.7218,1.3854,1.4606,0.0496,0.332659,0.332734,0.000075,0
3775,77.1343,102.7661,0.7506,1.3323,0.2831,0.0410,0.415011,0.301913,0.113098,0
3776,29.1647,38.4593,0.7583,1.3187,1.2660,0.0527,0.190455,0.190939,0.000483,0
3777,71.3553,65.8539,1.0835,0.9229,0.9310,0.0500,0.518810,0.518860,0.000049,1
3778,32.7280,28.2282,1.1594,0.8625,0.2236,0.0404,0.376142,0.376482,0.000340,0
3779,24.8415,18.4722,1.3448,0.7436,0.5141,0.0311,0.206423,0.307799,0.101376,0
3780,24.4166,23.2190,1.0516,0.9510,1.1880,0.0455,0.307268,0.307299,0.000031,1
3781,52.8208,38.0793,1.3871,0.7209,1.0047,0.0363,0.297612,0.303189,0.005577,0
3782,20.0183,18.2491,1.0969,0.9116,0.2497,0.0267,0.251456,0.251543,0.000087,1
3783,58.4057,69.5304,0.8400,1.1905,1.3078,0.0534,0.379145,0.379187,0.000042,0
3784,68.1124,50.8173,1.3403,0.7461,0.2266,0.0224,0.170679,0.380589,0.209910,0
3785,68.2223,75.4774,0.9039,1.1063,1.4713,0.0445,0.420797,0.421034,0.000237,1
3786,65.0014,80.1373,0.8111,1.2329,0.6894,0.0484,0.351093,0.352600,0.001507,0
3787,36.3976,41.5427,0.8761,1.1414,1.0420,0.0337,0.162818,0.162825,0.000008,1
3788,26.8154,22.1850,1.2087,0.8273,0.4234,0.0297,0.336138,0.336630,0.000491,0
3789,38.9685,49.9739,0.7798,1.2824,1.0964,0.0358,0.179994,0.181314,0.001320,0
3790,36.5752,29.6032,1.2355,0.8094,1.3741,0.0373,0.200014,0.201767,0.001753,0
3791,76.9842,65.9192,1.1679,0.8563,0.4817,0.0470,0.480686,0.481366,0.000680,0
3792,64.8311,45.5535,1.4232,0.7026,0.4796,0.0433,0.199684,0.328016,0.128332,0
3793,26.1525,32.2853,0.8100,1.2345,0.5264,0.0469,0.309893,0.310064,0.000171,0
3794,67.8909,54.3301,1.2496,0.8003,0.3352,0.0348,0.175257,0.296772,0.121515,0
3795,31.6129,29.8800,1.0580,0.9452,0.4031,0.0267,0.341571,0.341567,0.000004,1
3796,25.2791,18.0572,1.3999,0.7143,0.5324,0.0437,0.382099,0.393174,0.011074,0
3797,65.2394,62.2067,1.0488,0.9535,0.1226,0.0407,0.318059,0.318057,0.000003,1
3798,55.3606,64.3157,0.8608,1.1618,0.9502,0.0245,0.382600,0.382597,0.000003,1
3799,58.0468,55.1191,1.0531,0.9496,0.4789,0.0447,0.473399,0.473395,0.000004,1
3800,52.5498,70.4556,0.7459,1.3407,0.2197,0.0268,0.251065,0.367249,0.116184,0
3801,28.5183,22.4570,1.2699,0.7875,0.8276,0.0566,0.412642,0.412842,0.000199,0
3802,28.7545,31.1091,0.9243,1.0819,0.4107,0.0453,0.302568,0.302565,0.000003,1
3803,67.0852,63.3404,1.0591,0.9442,1.0433,0.0252,0.360456,0.360456,0.000001,1
3804,42.9896,34.8040,1.2352,0.8096,1.2752,0.0269,0.294377,0.294467,0.000090,0
3805,64.7249,77.1956,0.8385,1.1927,0.2321,0.0529,0.290019,0.299238,0.009219,0
3806,74.2228,78.8529,0.9413,1.0624,0.5059,0.0325,0.218777,0.219397,0.000620,1
3807,47.3989,52.4173,0.9043,1.1059,0.2539,0.0530,0.247232,0.247256,0.000024,1
3808,40.7154,37.9642,1.0725,0.9324,1.3977,0.0469,0.456259,0.456389,0.000130,1
3809,35.1524,42.4165,0.8287,1.2066,0.5132,0.0513,0.445273,0.445276,0.000004,0
3810,22.0893,29.4353,0.7504,1.3326,1.2142,0.0519,0.440500,0.440535,0.000035,0
3811,62.8059,53.1374,1.1820,0.8461,0.8718,0.0577,0.271049,0.271328,0.000280,0
3812,65.4042,86.2509,0.7583,1.3187,0.4394,0.0528,0.549561,0.554542,0.004981,0
3813,55.6957,50.9447,1.0933,0.9147,0.8098,0.0557,0.267692,0.267726,0.000034,1
3814,41.3874,30.1789,1.3714,0.7292,1.2987,0.0538,0.532482,0.532682,0.000200,0
3815,66.3894,56.7111,1.1707,0.8542,0.9758,0.0339,0.286137,0.286178,0.000041,0
3816,48.9718,48.0104,1.0200,0.9804,1.4565,0.0492,0.256131,0.256203,0.000072,1
3817,24.1456,22.4986,1.0732,0.9318,0.5063,0.0353,0.184022,0.184038,0.000016,1
3818,72.8825,89.4472,0.8148,1.2273,1.3980,0.0529,0.164148,0.169762,0.005614,0
3819,65.8327,82.2058,0.8008,1.2487,1.0320,0.0208,0.541614,0.542613,0.001000,0
3820,47.9794,37.6414,1.2746,0.7845,1.0642,0.0300,0.428158,0.428206,0.000048,0
3821,62.1430,85.2465,0.7290,1.3718,1.3921,0.0447,0.511827,0.513245,0.001417,0
3822,22.5709,28.3378,0.7965,1.2555,0.2082,0.0208,0.191005,0.300000,0.108995,0
3823,64.3294,82.4903,0.7798,1.2823,0.2361,0.0407,0.375861,0.404455,0.028594,0
3824,28.6557,36.2649,0.7902,1.2655,0.6436,0.0239,0.402547,0.402599,0.000052,0
3825,51.1490,52.4668,0.9749,1.0258,0.1664,0.0516,0.285466,0.285463,0.000003,1
3826,27.4746,32.4518,0.8466,1.1812,0.2487,0.0369,0.380342,0.380542,0.000200,0
3827,71.4652,57.1035,1.2515,0.7990,0.5475,0.0578,0.289836,0.294195,0.004359,0
3828,51.4219,59.3356,0.8666,1.1539,0.6395,0.0274,0.241263,0.241276,0.000014,1
3829,71.8241,94.9302,0.7566,1.3217,1.2562,0.0227,0.317376,0.325256,0.007880,0
3830,75.5907,98.1742,0.7700,1.2988,1.2050,0.0235,0.394185,0.402243,0.008058,0
3831,28.4213,33.7989,0.8409,1.1892,1.1335,0.0399,0.161756,0.161797,0.000041,0
3832,31.7722,29.6437,1.0718,0.9330,1.0975,0.0441,0.209902,0.209936,0.000034,1
3833,46.1629,50.1599,0.9203,1.0866,0.8173,0.0402,0.156787,0.156791,0.000004,1
3834,31.9260,32.1415,0.9933,1.0068,0.1435,0.0529,0.441623,0.441880,0.000257,1
3835,61.9141,70.5591,0.8775,1.1396,0.2436,0.0224,0.165711,0.182769,0.017058,1
3836,24.4093,33.7345,0.7236,1.3820,1.4802,0.0255,0.407015,0.407049,0.000035,0
3837,31.8052,44.0122,0.7226,1.3838,1.2856,0.0396,0.408846,0.408892,0.000046,0
3838,72.4558,87.4284,0.8287,1.2066,0.3923,0.0309,0.213308,0.281305,0.067997,0
3839,71.1814,73.0107,0.9749,1.0257,1.2313,0.0573,0.356659,0.356821,0.000162,1
3840,27.4837,19.6455,1.3990,0.7148,0.5092,0.0492,0.456735,0.460553,0.003818,0
3841,67.8414,57.4572,1.1807,0.8469,0.3494,0.0200,0.476145,0.476165,0.000019,0
3842,57.8674,64.1783,0.9017,1.1091,0.7796,0.0245,0.510363,0.510470,0.000107,1
3843,22.4720,16.6872,1.3467,0.7426,0.5429,0.0279,0.284330,0.305937,0.021606,0
3844,73.8347,94.0812,0.7848,1.2742,0.2751,0.0520,0.177186,0.300000,0.122814,0
3845,61.5259,48.1285,1.2784,0.7822,1.1094,0.0381,0.385615,0.385729,0.000114,0
3846,69.0078,88.3893,0.7807,1.2809,0.6254,0.0386,0.180323,0.299008,0.118685,0
3847,75.3490,99.6036,0.7565,1.3219,0.5918,0.0498,0.198573,0.494634,0.296061,0
3848,26.0903,36.2834,0.7191,1.3907,1.3594,0.0529,0.337213,0.337301,0.000088,0
3849,55.2782,64.2046,0.8610,1.1615,1.2968,0.0373,0.362934,0.362944,0.000011,1
3850,35.8647,47.2678,0.7588,1.3179,0.5802,0.0295,0.372773,0.373306,0.000533,0
3851,55.1921,40.3500,1.3678,0.7311,0.1369,0.0411,0.408626,0.533235,0.124609,0
3852,22.5269,19.4917,1.1557,0.8653,0.2120,0.0227,0.413778,0.413911,0.000133,0
3853,43.3174,50.9842,0.8496,1.1770,1.3172,0.0234,0.417183,0.417182,0.000002,0
3854,22.0014,25.9199,0.8488,1.1781,1.1033,0.0403,0.326800,0.326809,0.000009,0
3855,36.3207,43.6764,0.8316,1.2025,0.8844,0.0212,0.358637,0.358637,0.000001,0
3856,30.5216,39.2470,0.7777,1.2859,0.7297,0.0568,0.462778,0.462797,0.000019,0
3857,37.3186,32.8860,1.1348,0.8812,0.1896,0.0376,0.398128,0.398233,0.000105,1
3858,56.2761,48.2849,1.1655,0.8580,1.0752,0.0445,0.303081,0.303137,0.000056,0
3859,50.0485,49.4690,1.0117,0.9884,1.1314,0.0409,0.382307,0.382414,0.000108,1
3860,54.5073,51.0291,1.0682,0.9362,0.8759,0.0469,0.415535,0.415547,0.000011,1
3861,30.4794,23.8347,1.2788,0.7820,0.9491,0.0385,0.388581,0.388726,0.000144,0
3862,53.7382,61.7444,0.8703,1.1490,1.1377,0.0252,0.273038,0.273038,0.000000,1
3863,22.0765,26.2645,0.8405,1.1897,1.1696,0.0241,0.498802,0.498892,0.000089,0
3864,55.3093,66.7552,0.8285,1.2069,1.2896,0.0284,0.313640,0.313644,0.000004,0
3865,79.3463,64.7365,1.2257,0.8159,0.1817,0.0240,0.294584,0.434197,0.139612,0
3866,37.6061,32.1914,1.1682,0.8560,0.2560,0.0342,0.377461,0.377737,0.000277,0
3867,53.6174,67.2536,0.7972,1.2543,1.0685,0.0226,0.412581,0.412584,0.000003,0
3868,47.6974,55.7339,0.8558,1.1685,0.9237,0.0388,0.394551,0.394553,0.000002,1
3869,32.8050,38.4234,0.8538,1.1713,1.4608,0.0245,0.495592,0.495673,0.000082,1
3870,64.1517,58.6329,1.0941,0.9140,1.2954,0.0398,0.167139,0.167220,0.000081,1
3871,50.5832,60.3519,0.8381,1.1931,0.1571,0.0460,0.279704,0.305339,0.025635,0
3872,33.0815,23.6390,1.3994,0.7146,1.4584,0.0247,0.540417,0.540494,0.000076,0
3873,27.5790,21.6013,1.2767,0.7833,0.7529,0.0592,0.417379,0.417645,0.000266,0
3874,62.3811,61.5002,1.0143,0.9859,0.1068,0.0263,0.238150,0.238146,0.000003,1
3875,75.2464,68.4050,1.1000,0.9091,1.2219,0.0465,0.402986,0.403157,0.000170,1
3876,54.1758,45.2920,1.1961,0.8360,0.9335,0.0327,0.402803,0.402818,0.000015,0
3877,79.6393,69.4466,1.1468,0.8720,0.3628,0.0455,0.490123,0.491486,0.001363,1
3878,70.4343,75.8737,0.9283,1.0772,0.5162,0.0352,0.474021,0.474244,0.000223,1
3879,64.7322,89.8327,0.7206,1.3878,0.7400,0.0211,0.218520,0.427298,0.208778,0
3880,28.5476,32.3830,0.8816,1.1344,1.1415,0.0202,0.515587,0.515675,0.000087,1
3881,70.8719,67.0823,1.0565,0.9465,0.8858,0.0339,0.354071,0.354103,0.000032,1
3882,60.4895,45.4285,1.3315,0.7510,0.3092,0.0507,0.507530,0.510509,0.002979,0
3883,50.7242,47.9328,1.0582,0.9450,0.3682,0.0521,0.336236,0.336235,0.000001,1
3884,67.9000,90.5953,0.7495,1.3342,0.8285,0.0440,0.508715,0.513708,0.004994,0
3885,20.4175,19.3092,1.0574,0.9457,1.1358,0.0390,0.375471,0.375484,0.000013,1
3886,74.1404,57.6572,1.2859,0.7777,0.4066,0.0588,0.214516,0.326989,0.112473,0
3887,64.7542,69.8822,0.9266,1.0792,1.4030,0.0464,0.396699,0.396833,0.000134,1
3888,39.9719,52.1462,0.7665,1.3046,0.6424,0.0403,0.335162,0.335553,0.000391,0
3889,20.0092,22.7850,0.8782,1.1387,0.3188,0.0386,0.535058,0.535052,0.000006,1
3890,40.0488,48.2323,0.8303,1.2043,0.5234,0.0241,0.252176,0.252626,0.000451,0
3891,23.4553,26.3931,0.8887,1.1253,0.6336,0.0365,0.506981,0.506976,0.000005,1
3892,39.9426,29.8379,1.3387,0.7470,0.2766,0.0351,0.223745,0.344528,0.120783,0
3893,22.7247,19.4590,1.1678,0.8563,0.2202,0.0509,0.151697,0.262596,0.110899,0
3894,55.7982,76.8778,0.7258,1.3778,1.3067,0.0317,0.454453,0.454547,0.000095,0
3895,38.1463,44.1074,0.8648,1.1563,1.1057,0.0428,0.217788,0.217800,0.000012,1
3896,48.1735,36.7080,1.3123,0.7620,1.1493,0.0394,0.470200,0.470287,0.000087,0
3897,64.5070,62.8919,1.0257,0.9750,0.2734,0.0221,0.503856,0.504040,0.000184,1
3898,25.7753,20.7629,1.2414,0.8055,1.4432,0.0598,0.496898,0.497057,0.000160,0
3899,63.1318,46.1276,1.3686,0.7307,0.2138,0.0390,0.404646,0.480401,0.075755,0
3900,21.2287,15.9417,1.3316,0.7510,0.6644,0.0261,0.378938,0.380041,0.001104,0
3901,27.8317,20.2093,1.3772,0.7261,1.4812,0.0356,0.210891,0.225828,0.014938,0
3902,37.0165,29.2249,1.2666,0.7895,1.3341,0.0303,0.243643,0.244352,0.000709,0
3903,47.0876,48.5633,0.9696,1.0313,0.8421,0.0224,0.415316,0.415420,0.000104,1
3904,72.9942,92.3210,0.7907,1.2648,1.1968,0.0447,0.268326,0.274709,0.006383,0
3905,66.9021,50.3030,1.3300,0.7519,0.8559,0.0533,0.237429,0.257954,0.020524,0
3906,64.8256,52.9102,1.2252,0.8162,0.4267,0.0419,0.188820,0.230849,0.042030,0
3907,41.9019,33.2449,1.2604,0.7934,0.9715,0.0496,0.246268,0.248964,0.002697,0
3908,72.7744,98.7671,0.7368,1.3572,0.2463,0.0306,0.251456,0.396338,0.144882,0
3909,23.7410,20.8749,1.1373,0.8793,0.7484,0.0213,0.382490,0.382487,0.000003,1
3910,30.0931,25.2278,1.1929,0.8383,1.2012,0.0337,0.205055,0.205535,0.000480,0
3911,53.3647,67.6686,0.7886,1.2680,0.4733,0.0391,0.510521,0.510556,0.000034,0
3912,57.2924,60.3302,0.9496,1.0530,0.3029,0.0439,0.505406,0.505582,0.000176,1
3913,34.5537,35.7628,0.9662,1.0350,0.7353,0.0298,0.516540,0.516651,0.000111,1
3914,60.1654,80.1443,0.7507,1.3321,1.3017,0.0249,0.211476,0.214682,0.003205,0
3915,48.0471,39.3307,1.2216,0.8186,0.1062,0.0426,0.359284,0.425692,0.066408,0
3916,63.4046,62.8046,1.0096,0.9905,0.6689,0.0562,0.341180,0.341189,0.000009,1
3917,55.7433,43.0584,1.2946,0.7724,0.6310,0.0403,0.428585,0.428912,0.000327,0
3918,55.1299,58.6619,0.9398,1.0641,0.8089,0.0557,0.173780,0.173796,0.000016,1
3919,20.7929,29.0372,0.7161,1.3965,0.6367,0.0252,0.520214,0.520452,0.000238,0
3920,58.4313,43.6406,1.3389,0.7469,1.3802,0.0587,0.386995,0.387507,0.000512,0
3921,28.9431,27.0047,1.0718,0.9330,0.4958,0.0297,0.345965,0.345962,0.000003,1
3922,31.4298,39.3829,0.7981,1.2530,0.5461,0.0583,0.248795,0.249929,0.001134,0
3923,57.1477,68.1927,0.8380,1.1933,0.9012,0.0563,0.414315,0.414330,0.000015,0
3924,75.0066,90.5014,0.8288,1.2066,1.0705,0.0508,0.397261,0.400608,0.003347,0
3925,34.4548,28.0224,1.2295,0.8133,1.0071,0.0237,0.389265,0.389286,0.000021,0
3926,44.6339,60.6930,0.7354,1.3598,0.2136,0.0214,0.486131,0.504595,0.018464,0
3927,55.1408,72.5666,0.7599,1.3160,1.3291,0.0330,0.514550,0.514559,0.000010,0
3928,27.2549,34.9422,0.7800,1.2821,0.7232,0.0431,0.199953,0.204968,0.005015,0
3929,52.4619,71.3632,0.7351,1.3603,1.2635,0.0298,0.224905,0.226134,0.001230,0
3930,23.2814,18.4052,1.2649,0.7906,0.2436,0.0363,0.499254,0.500653,0.001399,0
3931,60.7624,47.5688,1.2774,0.7829,0.5442,0.0362,0.508031,0.508138,0.000107,0
3932,35.2532,47.4408,0.7431,1.3457,0.7544,0.0329,0.294670,0.296225,0.001555,0
3933,61.3739,47.0328,1.3049,0.7663,0.1891,0.0220,0.377912,0.430310,0.052398,0
3934,55.6371,47.1685,1.1795,0.8478,0.7711,0.0299,0.518712,0.518712,0.000000,0
3935,41.5448,57.5593,0.7218,1.3855,1.3656,0.0412,0.424899,0.424939,0.000040,0
3936,74.5744,65.8377,1.1327,0.8828,0.5696,0.0468,0.414022,0.414325,0.000304,1
3937,32.7189,45.3493,0.7215,1.3860,1.4093,0.0280,0.467258,0.467285,0.000026,0
3938,21.2671,19.4080,1.0958,0.9126,0.2138,0.0519,0.239822,0.240140,0.000318,1
3939,52.5919,48.1361,1.0926,0.9153,1.2237,0.0443,0.495933,0.496048,0.000114,1
3940,77.8430,103.1448,0.7547,1.3250,0.6393,0.0478,0.160779,0.481168,0.320389,0
3941,71.9156,75.2372,0.9559,1.0462,1.1632,0.0300,0.226492,0.226674,0.000183,1
3942,69.2935,96.5624,0.7176,1.3935,0.8541,0.0408,0.477451,0.487647,0.010195,0
3943,39.4409,47.3603,0.8328,1.2008,0.1133,0.0460,0.501610,0.503869,0.002259,0
3944,25.1527,21.9524,1.1458,0.8728,0.8371,0.0432,0.433346,0.433356,0.000010,1
3945,24.3287,23.6411,1.0291,0.9717,1.1259,0.0510,0.171900,0.171953,0.000053,1
3946,55.1811,62.1327,0.8881,1.1260,0.1181,0.0569,0.440194,0.440272,0.000078,1
3947,52.1561,54.8759,0.9504,1.0521,1.0999,0.0328,0.375153,0.375251,0.000098,1
3948,70.2274,96.0454,0.7312,1.3676,0.6827,0.0280,0.151904,0.496503,0.344598,0
3949,55.9685,72.6801,0.7701,1.2986,0.5044,0.0570,0.180909,0.222147,0.041238,0
3950,37.9962,40.1423,0.9465,1.0565,0.1449,0.0265,0.436728,0.436722,0.000006,1
3951,54.9797,69.2984,0.7934,1.2604,1.4995,0.0378,0.421847,0.421864,0.000018,0
3952,59.1931,42.7629,1.3842,0.7224,0.8353,0.0228,0.198048,0.258166,0.060117,0
3953,28.2144,28.0944,1.0043,0.9957,0.8806,0.0471,0.443075,0.443190,0.000115,1
3954,69.9234,83.6541,0.8359,1.1964,0.3397,0.0260,0.426669,0.430880,0.004212,0
3955,45.9670,38.9850,1.1791,0.8481,0.1506,0.0231,0.517333,0.517639,0.000306,0
3956,48.8528,37.5878,1.2997,0.7694,0.2801,0.0392,0.279911,0.338488,0.058577,0
3957,75.9404,88.7470,0.8557,1.1686,0.5663,0.0422,0.246280,0.252731,0.006451,1
3958,59.9915,76.7342,0.7818,1.2791,1.3043,0.0291,0.228359,0.228934,0.000575,0
3959,30.9445,37.6901,0.8210,1.2180,0.6957,0.0226,0.247354,0.247582,0.000228,0
3960,41.3196,51.0444,0.8095,1.2354,1.1521,0.0318,0.235842,0.235875,0.000033,0
3961,28.4011,35.9325,0.7904,1.2652,0.7419,0.0238,0.260611,0.261197,0.000585,0
3962,43.8502,52.8694,0.8294,1.2057,0.2396,0.0266,0.196327,0.260336,0.064008,0
3963,26.1928,23.4963,1.1148,0.8971,1.2930,0.0497,0.151343,0.151905,0.000562,1
3964,61.8921,80.6687,0.7672,1.3034,0.2400,0.0310,0.288713,0.340619,0.051906,0
3965,22.2944,25.7879,0.8645,1.1567,0.1457,0.0543,0.182264,0.260924,0.078660,1
3966,21.4722,26.0400,0.8246,1.2127,0.6134,0.0424,0.180689,0.182892,0.002202,0
3967,54.1887,55.4053,0.9780,1.0225,1.0759,0.0482,0.432382,0.432498,0.000116,1
3968,57.0598,66.7982,0.8542,1.1707,0.1159,0.0347,0.163514,0.300000,0.136486,1
3969,66.3143,47.4584,1.3973,0.7157,0.5827,0.0300,0.200319,0.323540,0.123221,0
3970,54.6556,73.6222,0.7424,1.3470,0.7865,0.0335,0.381098,0.381308,0.000209,0
3971,66.8416,51.2157,1.3051,0.7662,1.1790,0.0292,0.496178,0.496217,0.000040,0
3972,79.4781,100.2501,0.7928,1.2614,0.7322,0.0528,0.380854,0.394293,0.013439,0
3973,66.6182,50.7486,1.3127,0.7618,1.4231,0.0574,0.548413,0.548578,0.000165,0
3974,26.2075,23.1024,1.1344,0.8815,1.1924,0.0393,0.307707,0.307736,0.000028,1
3975,60.5408,45.1592,1.3406,0.7459,1.2503,0.0356,0.481358,0.481451,0.000094,0
3976,56.8310,74.1085,0.7669,1.3040,0.2317,0.0433,0.438546,0.446959,0.008413,0
3977,52.5736,63.0131,0.8343,1.1986,1.1570,0.0247,0.404268,0.404266,0.000002,0
3978,52.7036,39.8976,1.3210,0.7570,0.3627,0.0478,0.261734,0.325147,0.063412,0
3979,77.4236,102.0219,0.7589,1.3177,1.4668,0.0339,0.543701,0.550706,0.007005,0
3980,31.4316,35.6236,0.8823,1.1334,0.8125,0.0544,0.394136,0.394146,0.000010,1
3981,72.1445,65.8209,1.0961,0.9123,0.9766,0.0404,0.399348,0.399422,0.000074,1
3982,52.6359,67.5574,0.7791,1.2835,1.1934,0.0232,0.347992,0.348009,0.000017,0
3983,57.2320,68.6172,0.8341,1.1989,1.1740,0.0559,0.256778,0.256815,0.000036,0
3984,47.4282,58.1145,0.8161,1.2253,0.7934,0.0295,0.160620,0.164024,0.003404,0
3985,36.2969,31.0458,1.1691,0.8553,0.4523,0.0284,0.401082,0.401101,0.000019,0
3986,61.9086,61.0384,1.0143,0.9859,0.5444,0.0422,0.231948,0.231949,0.000001,1
3987,74.1240,60.5818,1.2235,0.8173,1.3667,0.0511,0.291508,0.291946,0.000438,0
3988,32.5156,43.0671,0.7550,1.3245,0.9220,0.0318,0.228054,0.230375,0.002321,0
3989,61.8189,54.6928,1.1303,0.8847,1.2728,0.0327,0.430282,0.430292,0.000010,1
3990,38.4796,28.0545,1.3716,0.7291,0.3681,0.0255,0.253873,0.335126,0.081253,0
3991,22.8217,25.8577,0.8826,1.1330,0.7304,0.0510,0.337042,0.337047,0.000005,1
3992,51.0062,39.5028,1.2912,0.7745,0.4702,0.0238,0.523278,0.523435,0.000157,0
3993,31.8894,28.0574,1.1366,0.8798,0.7176,0.0417,0.376276,0.376284,0.000008,1
3994,28.0825,22.6022,1.2425,0.8048,0.8573,0.0500,0.312468,0.312907,0.000439,0
3995,68.4823,63.7700,1.0739,0.9312,0.8623,0.0266,0.225710,0.225726,0.000015,1
3996,75.1476,75.8234,0.9911,1.0090,1.3609,0.0384,0.320525,0.320634,0.000109,1
3997,63.8313,58.0168,1.1002,0.9089,0.6307,0.0442,0.372138,0.372141,0.000003,1
3998,32.8581,23.5776,1.3936,0.7176,1.2110,0.0478,0.330499,0.332811,0.002312,0
3999,24.6217,20.4643,1.2032,0.8311,0.5899,0.0405,0.224197,0.227739,0.003542,0
4000,71.5567,86.8999,0.8234,1.2144,1.4683,0.0385,0.315361,0.317526,0.002165,0
4001,63.3460,73.9773,0.8563,1.1678,0.9647,0.0477,0.292570,0.292792,0.000222,1
4002,34.8045,43.5328,0.7995,1.2508,0.7068,0.0397,0.315069,0.315142,0.000074,0
4003,53.5533,48.7196,1.0992,0.9097,0.6067,0.0341,0.253763,0.253770,0.000007,1
4004,29.6426,27.3382,1.0843,0.9223,0.9381,0.0200,0.174281,0.174285,0.000005,1
4005,54.6776,74.4706,0.7342,1.3620,0.8623,0.0504,0.236978,0.240910,0.003932,0
4006,55.8953,58.7181,0.9519,1.0505,0.4774,0.0281,0.224807,0.224805,0.000002,1
4007,73.6058,65.1633,1.1296,0.8853,1.1435,0.0529,0.401802,0.401964,0.000162,1
4008,68.9053,85.5480,0.8055,1.2415,1.2679,0.0559,0.272672,0.275323,0.002651,0
4009,66.0433,63.0127,1.0481,0.9541,0.1465,0.0592,0.460190,0.460185,0.000005,1
4010,46.7672,61.2159,0.7640,1.3090,1.4836,0.0550,0.456674,0.456736,0.000062,0
4011,27.5900,26.4624,1.0426,0.9591,1.2936,0.0486,0.487291,0.487416,0.000126,1
4012,71.9559,71.2365,1.0101,0.9900,1.3952,0.0363,0.533557,0.533655,0.000098,1
4013,59.6948,80.5236,0.7413,1.3489,0.3866,0.0226,0.213283,0.305793,0.092509,0
4014,25.8211,25.3837,1.0172,0.9831,0.4762,0.0337,0.364679,0.364675,0.000004,1
4015,76.8413,81.5871,0.9418,1.0618,0.9115,0.0221,0.242703,0.243153,0.000450,1
4016,60.1856,68.2407,0.8820,1.1338,1.3344,0.0419,0.279496,0.279517,0.000021,1
4017,66.0378,61.8916,1.0670,0.9372,1.2089,0.0522,0.357184,0.357235,0.000051,1
4018,20.6446,21.3220,0.9682,1.0328,0.4442,0.0584,0.423348,0.423497,0.000148,1
4019,55.2086,44.1798,1.2496,0.8002,1.1030,0.0457,0.274821,0.275435,0.000615,0
4020,38.8971,46.4870,0.8367,1.1951,0.8061,0.0264,0.410555,0.410553,0.000002,0
4021,51.1106,44.5157,1.1481,0.8710,0.8206,0.0429,0.411263,0.411274,0.000011,1
4022,53.5954,43.5530,1.2306,0.8126,0.9381,0.0380,0.247952,0.248822,0.000870,0
4023,67.4075,91.2629,0.7386,1.3539,1.4266,0.0487,0.166883,0.185059,0.018176,0
4024,48.8290,50.6086,0.9648,1.0364,0.6056,0.0240,0.220156,0.220154,0.000002,1
4025,36.8682,47.6112,0.7744,1.2914,0.6178,0.0228,0.499742,0.499777,0.000035,0
4026,23.4553,21.1443,1.1093,0.9015,0.1667,0.0418,0.484483,0.484486,0.000003,1
4027,66.0598,73.6663,0.8967,1.1151,1.0229,0.0251,0.284733,0.284897,0.000164,1
4028,50.8908,39.7962,1.2788,0.7820,1.1505,0.0393,0.162098,0.186191,0.024093,0
4029,63.5969,62.4244,1.0188,0.9816,0.4428,0.0247,0.458139,0.458283,0.000144,1
4030,25.0063,27.6314,0.9050,1.1050,0.8581,0.0421,0.381501,0.381504,0.000003,1
4031,51.8247,52.9794,0.9782,1.0223,0.3933,0.0265,0.449277,0.449430,0.000153,1
4032,21.0492,22.8313,0.9219,1.0847,0.3535,0.0344,0.480589,0.480583,0.000006,1
4033,33.8487,39.4752,0.8575,1.1662,1.1624,0.0502,0.162464,0.162490,0.000026,1
4034,58.4112,53.4211,1.0934,0.9146,1.3805,0.0403,0.256693,0.256733,0.000041,1
4035,51.0025,44.9413,1.1349,0.8812,1.2449,0.0401,0.437948,0.437970,0.000022,1
4036,62.1870,86.9541,0.7152,1.3983,0.6639,0.0503,0.216164,0.404077,0.187913,0
4037,47.3037,58.1640,0.8133,1.2296,1.1343,0.0375,0.543506,0.543604,0.000098,0
4038,30.2799,29.0055,1.0439,0.9579,0.5142,0.0225,0.270280,0.270277,0.000003,1
4039,74.9626,91.6478,0.8179,1.2226,1.1209,0.0339,0.277494,0.282766,0.005272,0
4040,69.8245,88.2957,0.7908,1.2645,0.8205,0.0389,0.499913,0.503328,0.003415,0
4041,65.8620,70.7288,0.9312,1.0739,0.4316,0.0444,0.548779,0.548973,0.000194,1
4042,78.2861,64.5622,1.2126,0.8247,0.1722,0.0519,0.318059,0.391753,0.073693,0
4043,55.7799,60.9277,0.9155,1.0923,1.2354,0.0308,0.490782,0.490873,0.000091,1
4044,78.6084,68.7088,1.1441,0.8741,0.3611,0.0413,0.248392,0.252187,0.003795,1
4045,58.4204,81.2207,0.7193,1.3903,0.7926,0.0374,0.314629,0.319613,0.004984,0
4046,21.1994,19.1338,1.1080,0.9026,0.8596,0.0225,0.456455,0.456450,0.000004,1
4047,22.4720,16.1932,1.3877,0.7206,0.4319,0.0504,0.259781,0.337477,0.077696,0
4048,46.3808,46.8822,0.9893,1.0108,0.8313,0.0496,0.171961,0.171977,0.000016,1
4049,64.6571,75.2349,0.8594,1.1636,1.1667,0.0586,0.211098,0.211519,0.000421,1
4050,66.2648,53.4974,1.2387,0.8073,0.7667,0.0222,0.272062,0.272693,0.000631,0
4051,32.1842,27.9413,1.1518,0.8682,0.6821,0.0235,0.467783,0.467780,0.000004,0
4052,22.7796,16.8339,1.3532,0.7390,0.9363,0.0268,0.408724,0.409063,0.000339,0
4053,67.2134,79.5533,0.8449,1.1836,0.6223,0.0418,0.421761,0.422856,0.001095,0
4054,75.7042,101.5869,0.7452,1.3419,0.2913,0.0298,0.208327,0.300000,0.091673,0
4055,60.7111,48.2770,1.2576,0.7952,1.2466,0.0375,0.382710,0.382783,0.000073,0
4056,59.1784,79.4541,0.7448,1.3426,0.3802,0.0233,0.496898,0.499841,0.002944,0
4057,71.6538,70.4889,1.0165,0.9837,1.4890,0.0473,0.321319,0.321382,0.000064,1
4058,64.3184,75.1402,0.8560,1.1683,0.4812,0.0538,0.461667,0.462078,0.000411,1
4059,26.7330,36.1070,0.7404,1.3507,1.3145,0.0546,0.544543,0.544589,0.000045,0
4060,26.8722,23.5443,1.1413,0.8762,1.2363,0.0243,0.197902,0.197950,0.000048,1
4061,43.5755,33.9928,1.2819,0.7801,0.6994,0.0300,0.313421,0.314681,0.001260,0
4062,69.9985,50.8861,1.3756,0.7270,1.3926,0.0380,0.459568,0.459740,0.000172,0
4063,34.1490,38.5356,0.8862,1.1285,0.8406,0.0259,0.219021,0.219021,0.000000,1
4064,20.3974,23.1796,0.8800,1.1364,0.5917,0.0251,0.282731,0.282731,0.000000,1
4065,42.2333,30.8977,1.3669,0.7316,1.4017,0.0283,0.190956,0.211241,0.020285,0
4066,29.0457,31.6164,0.9187,1.0885,1.4571,0.0408,0.533422,0.533527,0.000104,1
4067,46.8404,60.3152,0.7766,1.2877,1.2002,0.0593,0.380427,0.380473,0.000046,0
4068,72.8220,66.5775,1.0938,0.9142,1.1104,0.0508,0.194093,0.194351,0.000258,1
4069,20.0732,27.9868,0.7172,1.3942,0.6111,0.0482,0.281742,0.294544,0.012802,0
4070,78.1726,91.5142,0.8542,1.1707,1.0515,0.0541,0.398128,0.401146,0.003019,1
4071,40.3070,55.7573,0.7229,1.3833,0.9788,0.0463,0.185499,0.201979,0.016480,0
4072,39.9188,33.3933,1.1954,0.8365,1.0583,0.0564,0.496886,0.496942,0.000057,0
4073,47.5344,56.5813,0.8401,1.1903,0.3676,0.0511,0.241580,0.242727,0.001147,0
4074,55.0475,71.9345,0.7652,1.3068,0.1645,0.0484,0.451498,0.475835,0.024337,0
4075,24.4862,27.0525,0.9051,1.1048,1.1163,0.0454,0.301531,0.301642,0.000112,1
4076,60.0757,81.4994,0.7371,1.3566,0.2345,0.0230,0.229385,0.300000,0.070615,0
4077,72.4943,77.2271,0.9387,1.0653,0.9712,0.0395,0.157764,0.158141,0.000377,1
4078,59.2956,71.0762,0.8343,1.1987,0.3531,0.0502,0.505419,0.505447,0.000028,0
4079,22.1717,17.0487,1.3005,0.7689,0.7243,0.0260,0.250687,0.259133,0.008447,0
4080,46.8130,46.9710,0.9966,1.0034,0.1517,0.0280,0.267789,0.268042,0.000253,1
4081,33.7516,32.1856,1.0487,0.9536,1.3612,0.0489,0.425057,0.425192,0.000134,1
4082,65.7741,61.7793,1.0647,0.9393,0.8833,0.0375,0.361762,0.361767,0.000005,1
4083,57.3931,43.8620,1.3085,0.7642,0.5951,0.0325,0.333367,0.336236,0.002868,0
4084,60.8191,57.6658,1.0547,0.9482,1.3103,0.0432,0.416427,0.416542,0.000116,1
4085,37.8900,38.8621,0.9750,1.0257,0.2094,0.0394,0.256790,0.256787,0.000003,1
4086,32.0450,26.8669,1.1927,0.8384,0.6483,0.0207,0.445260,0.445265,0.000005,0
4087,58.1182,69.3620,0.8379,1.1935,1.3214,0.0505,0.492796,0.492916,0.000120,0
4088,78.3190,101.7144,0.7700,1.2987,1.1094,0.0390,0.536413,0.544974,0.008561,0
4089,38.9337,28.7241,1.3554,0.7378,0.3960,0.0568,0.493883,0.496460,0.002578,0
4090,51.8961,53.8307,0.9641,1.0373,1.3584,0.0539,0.505846,0.505987,0.000141,1
4091,27.6888,33.5395,0.8256,1.2113,0.4453,0.0359,0.283708,0.284115,0.000407,0
4092,42.7168,33.3037,1.2826,0.7796,0.8392,0.0302,0.224905,0.232732,0.007827,0
4093,50.1328,47.9662,1.0452,0.9568,0.6363,0.0555,0.173634,0.173653,0.000019,1
4094,76.7956,64.8899,1.1835,0.8450,1.1960,0.0242,0.203078,0.204103,0.001025,0
4095,29.3258,20.6478,1.4203,0.7041,0.7549,0.0294,0.307390,0.323090,0.015700,0
4096,36.3317,47.5556,0.7640,1.3089,1.4969,0.0394,0.157813,0.158771,0.000958,0
4097,27.2805,21.3191,1.2796,0.7815,0.7273,0.0339,0.521532,0.521578,0.000046,0
4098,77.1526,68.0479,1.1338,0.8820,1.0300,0.0434,0.385163,0.385530,0.000367,1
4099,38.0950,38.4116,0.9918,1.0083,0.5483,0.0553,0.475474,0.475609,0.000136,1
4100,79.1449,89.3909,0.8854,1.1295,1.0721,0.0549,0.408162,0.409840,0.001678,1
4101,32.9441,43.8971,0.7505,1.3325,1.3834,0.0331,0.227956,0.228245,0.000288,0
4102,45.2419,43.6558,1.0363,0.9649,1.1818,0.0507,0.474851,0.474977,0.000126,1
4103,44.7163,45.3841,0.9853,1.0149,0.3829,0.0485,0.265360,0.265519,0.000159,1
4104,51.3907,56.8120,0.9046,1.1055,1.0438,0.0387,0.452780,0.452882,0.000102,1
4105,60.9381,69.0211,0.8829,1.1326,1.3291,0.0516,0.472715,0.472843,0.000129,1
4106,51.7148,52.5887,0.9834,1.0169,1.0394,0.0507,0.375019,0.375140,0.000121,1
4107,45.5806,34.4683,1.3224,0.7562,1.3289,0.0288,0.329424,0.329722,0.000298,0
4108,26.9198,22.6912,1.1864,0.8429,1.1332,0.0213,0.179762,0.180388,0.000626,0
4109,70.4691,66.9268,1.0529,0.9497,0.6178,0.0251,0.359601,0.359631,0.000029,1
4110,57.5048,42.4093,1.3559,0.7375,0.5103,0.0336,0.306194,0.328432,0.022238,0
4111,63.3552,71.0983,0.8911,1.1222,1.2461,0.0455,0.220608,0.220689,0.000082,1
4112,74.1533,62.5131,1.1862,0.8430,1.2561,0.0593,0.209267,0.211109,0.001842,0
4113,29.2929,38.7610,0.7557,1.3232,0.2463,0.0456,0.423727,0.434529,0.010802,0
4114,53.0552,59.3026,0.8947,1.1178,0.2093,0.0444,0.188649,0.190986,0.002338,1
4115,72.5437,94.5594,0.7672,1.3035,0.5018,0.0318,0.397053,0.412926,0.015872,0
4116,51.5427,69.5348,0.7413,1.3491,0.9192,0.0522,0.440023,0.440067,0.000044,0
4117,35.2898,29.8964,1.1804,0.8472,1.4319,0.0472,0.473887,0.473949,0.000062,0
4118,46.7342,34.2624,1.3640,0.7331,0.7735,0.0465,0.381513,0.383308,0.001794,0
4119,34.3889,27.7535,1.2391,0.8070,1.2508,0.0519,0.467942,0.468026,0.000084,0
4120,74.3913,59.1285,1.2581,0.7948,1.0027,0.0345,0.334100,0.334441,0.000341,0
4121,75.7775,62.9855,1.2031,0.8312,0.2227,0.0541,0.232717,0.347848,0.115131,0
4122,54.2894,59.7218,0.9090,1.1001,0.9993,0.0463,0.191334,0.191348,0.000014,1
4123,35.4820,47.6389,0.7448,1.3426,0.4926,0.0409,0.243399,0.273590,0.030191,0
4124,79.9231,105.0969,0.7605,1.3150,0.9740,0.0599,0.252579,0.277569,0.024990,0
4125,34.0025,44.5737,0.7628,1.3109,0.4086,0.0581,0.236917,0.266770,0.029853,0
4126,31.2320,22.7912,1.3704,0.7297,0.7937,0.0455,0.362922,0.365518,0.002596,0
4127,74.4627,54.0264,1.3783,0.7256,0.2282,0.0393,0.350787,0.473668,0.122881,0
4128,67.4642,75.9617,0.8881,1.1260,0.6768,0.0522,0.154382,0.155352,0.000970,1
4129,42.1546,43.4316,0.9706,1.0303,1.2027,0.0201,0.260099,0.260188,0.000089,1
4130,20.0458,25.3354,0.7912,1.2639,0.2362,0.0462,0.364374,0.372277,0.007903,0
4131,31.1661,43.4488,0.7173,1.3941,1.3334,0.0230,0.179798,0.191632,0.011834,0
4132,40.6201,34.0199,1.1940,0.8375,1.1372,0.0220,0.170972,0.172243,0.001270,0
4133,50.2499,53.6529,0.9366,1.0677,0.8609,0.0245,0.320916,0.320912,0.000003,1
4134,34.0483,38.3529,0.8878,1.1264,0.7414,0.0363,0.279435,0.279435,0.000000,1
4135,22.6331,26.8605,0.8426,1.1868,0.2672,0.0506,0.319121,0.319702,0.000580,0
4136,28.3151,19.9246,1.4211,0.7037,0.9331,0.0224,0.169239,0.272107,0.102868,0
4137,30.3275,28.1143,1.0787,0.9270,0.7091,0.0392,0.338739,0.338741,0.000002,1
4138,69.8282,54.2052,1.2882,0.7763,1.0200,0.0209,0.519201,0.519219,0.000019,0
4139,60.3064,52.9475,1.1390,0.8780,1.4348,0.0287,0.446799,0.446807,0.000008,1
4140,51.5793,60.4892,0.8527,1.1727,0.7688,0.0422,0.415230,0.415231,0.000001,1
4141,45.2657,34.6837,1.3051,0.7662,0.3467,0.0316,0.299504,0.330908,0.031404,0
4142,70.0992,90.7456,0.7725,1.2945,0.8283,0.0257,0.365937,0.372540,0.006603,0
4143,52.8117,53.7470,0.9826,1.0177,1.3236,0.0566,0.237210,0.237292,0.000082,1
4144,52.9472,65.9560,0.8028,1.2457,0.1994,0.0515,0.451205,0.453061,0.001856,0
4145,41.6291,57.6689,0.7219,1.3853,0.6949,0.0524,0.194313,0.236329,0.042016,0
4146,48.8638,38.6662,1.2637,0.7913,1.0035,0.0592,0.161426,0.194159,0.032733,0
4147,28.7271,25.0719,1.1458,0.8728,0.6311,0.0518,0.246841,0.247046,0.000205,1
4148,75.3563,52.9394,1.4234,0.7025,0.5485,0.0364,0.298332,0.344960,0.046628,0
4149,35.9270,33.9499,1.0582,0.9450,1.4588,0.0379,0.393049,0.393157,0.000108,1
4150,20.7654,24.2202,0.8574,1.1664,0.1751,0.0394,0.152307,0.300000,0.147693,1
4151,63.6610,45.5936,1.3963,0.7162,0.5032,0.0574,0.341449,0.369715,0.028267,0
4152,47.4062,33.4446,1.4175,0.7055,0.7631,0.0397,0.297868,0.318662,0.020794,0
4153,73.6204,76.4592,0.9629,1.0386,1.2715,0.0233,0.515709,0.515827,0.000117,1
4154,66.4754,66.9696,0.9926,1.0074,0.4487,0.0315,0.404976,0.405120,0.000144,1
4155,26.0463,35.4727,0.7343,1.3619,1.3021,0.0529,0.227187,0.227571,0.000383,0
4156,61.8628,70.4650,0.8779,1.1391,0.2493,0.0427,0.502904,0.502971,0.000067,1
4157,30.3018,23.8906,1.2684,0.7884,1.0898,0.0356,0.263932,0.264834,0.000902,0
4158,56.0216,65.0669,0.8610,1.1615,1.4549,0.0433,0.402474,0.402584,0.000110,1
4159,66.0341,52.2390,1.2641,0.7911,0.6212,0.0288,0.448141,0.448238,0.000097,0
4160,24.2738,26.5939,0.9128,1.0956,1.0330,0.0248,0.333489,0.333487,0.000002,1
4161,74.3858,103.3488,0.7198,1.3894,0.9100,0.0412,0.275163,0.302988,0.027825,0
4162,21.9263,18.9079,1.1596,0.8623,0.6566,0.0437,0.336004,0.336037,0.000033,0
4163,41.8305,57.2169,0.7311,1.3678,0.5686,0.0282,0.412679,0.413601,0.000922,0
4164,38.5931,33.4386,1.1541,0.8664,0.8877,0.0380,0.207631,0.207896,0.000265,0
4165,60.6946,71.0286,0.8545,1.1703,0.1716,0.0556,0.461911,0.462189,0.000278,1
4166,44.0205,50.6269,0.8695,1.1501,0.3105,0.0511,0.303398,0.303449,0.000051,1
4167,67.8872,60.4198,1.1236,0.8900,1.4346,0.0337,0.211342,0.211389,0.000047,1
4168,46.6463,62.8704,0.7419,1.3478,0.5762,0.0305,0.260428,0.275138,0.014709,0
4169,54.3297,43.2722,1.2555,0.7965,0.3194,0.0288,0.298735,0.313675,0.014940,0
4170,37.7984,44.0516,0.8580,1.1654,1.1730,0.0376,0.227102,0.227111,0.000009,1
4171,79.2859,100.9612,0.7853,1.2734,0.1640,0.0438,0.388533,0.455408,0.066875,0
4172,28.3627,37.4435,0.7575,1.3202,1.4469,0.0583,0.264017,0.264098,0.000081,0
4173,74.1881,58.1856,1.2750,0.7843,0.2907,0.0575,0.519408,0.520676,0.001268,0
4174,48.2247,60.4998,0.7971,1.2545,0.1482,0.0560,0.304265,0.385291,0.081026,0
4175,56.7119,63.2082,0.8972,1.1145,0.1519,0.0583,0.430685,0.430692,0.000007,1
4176,59.6142,66.2697,0.8996,1.1116,1.1299,0.0590,0.260843,0.260889,0.000046,1
4177,55.4814,63.7829,0.8698,1.1496,0.1986,0.0543,0.286564,0.287394,0.000830,1
4178,60.8338,77.1280,0.7887,1.2678,1.3687,0.0547,0.401289,0.401604,0.000315,0
4179,66.4113,68.4600,0.9701,1.0308,0.3802,0.0341,0.533227,0.533388,0.000161,1
4180,34.5408,41.5789,0.8307,1.2038,1.3767,0.0247,0.422738,0.422738,0.000000,0
4181,40.6970,31.0431,1.3110,0.7628,1.1777,0.0255,0.496800,0.496836,0.000036,0
4182,52.0042,51.3687,1.0124,0.9878,0.5050,0.0278,0.205446,0.205444,0.000002,1
4183,79.4452,105.1100,0.7558,1.3231,1.2160,0.0538,0.209133,0.237057,0.027924,0
4184,29.2581,23.1015,1.2665,0.7896,0.7874,0.0304,0.448154,0.448211,0.000057,0
4185,38.2818,50.9661,0.7511,1.3313,1.2636,0.0497,0.483140,0.483171,0.000031,0
4186,70.3024,61.1365,1.1499,0.8696,0.7954,0.0460,0.546057,0.546079,0.000022,1
4187,44.6870,56.2354,0.7946,1.2584,0.4884,0.0462,0.301213,0.301978,0.000765,0
4188,33.7864,31.8665,1.0602,0.9432,0.4674,0.0341,0.210329,0.210329,0.000000,1
4189,38.5144,37.8347,1.0180,0.9824,0.4722,0.0274,0.377802,0.377943,0.000140,1
4190,50.7443,47.1713,1.0757,0.9296,0.9922,0.0550,0.497606,0.497635,0.000029,1
4191,59.8962,73.1192,0.8192,1.2208,0.3633,0.0227,0.360871,0.361523,0.000652,0
4192,29.1226,38.1574,0.7632,1.3102,0.9607,0.0250,0.368635,0.368691,0.000056,0
4193,45.8827,58.1263,0.7894,1.2668,0.9501,0.0530,0.397639,0.397659,0.000019,0
4194,53.8627,46.5882,1.1561,0.8649,1.1158,0.0268,0.277494,0.277511,0.000017,0
4195,35.2403,32.5685,1.0820,0.9242,1.4357,0.0484,0.355817,0.355881,0.000064,1
4196,36.2804,46.3887,0.7821,1.2786,0.2993,0.0350,0.255741,0.293539,0.037798,0
4197,77.3577,104.9956,0.7368,1.3573,1.3628,0.0408,0.514684,0.525211,0.010527,0
4198,31.4591,42.1643,0.7461,1.3403,1.2127,0.0317,0.150745,0.164932,0.014187,0
4199,73.6735,91.1877,0.8079,1.2377,0.3567,0.0303,0.269059,0.294615,0.025557,0
4200,34.2094,28.6969,1.1921,0.8389,0.9169,0.0319,0.153015,0.160535,0.007520,0
4201,45.9468,53.3409,0.8614,1.1609,0.7908,0.0562,0.174305,0.174331,0.000026,1
4202,50.9146,57.2439,0.8894,1.1243,1.2090,0.0557,0.154309,0.154353,0.000044,1
4203,62.5092,44.8541,1.3936,0.7176,1.0157,0.0243,0.151990,0.247254,0.095264,0
4204,33.4587,29.9005,1.1190,0.8937,0.2665,0.0481,0.466843,0.466843,0.000000,1
4205,78.9068,88.4006,0.8926,1.1203,0.1017,0.0228,0.323663,0.345968,0.022306,1
4206,79.9103,96.8347,0.8252,1.2118,0.8546,0.0500,0.453305,0.459673,0.006367,0
4207,60.5957,84.4586,0.7175,1.3938,0.9948,0.0208,0.193666,0.284390,0.090724,0
4208,22.4519,23.0241,0.9751,1.0255,0.8896,0.0427,0.518017,0.518126,0.000109,1
4209,49.9460,41.0942,1.2154,0.8228,0.6676,0.0576,0.212648,0.220677,0.008028,0
4210,23.4681,19.1159,1.2277,0.8145,0.8513,0.0396,0.341900,0.342022,0.000121,0
4211,35.4271,32.1811,1.1009,0.9084,1.1153,0.0317,0.169178,0.169224,0.000046,1
4212,73.2542,57.3060,1.2783,0.7823,0.7766,0.0525,0.257047,0.263966,0.006920,0
4213,74.8674,74.2116,1.0088,0.9912,0.9950,0.0249,0.430172,0.430271,0.000099,1
4214,75.1915,94.4753,0.7959,1.2565,1.3588,0.0564,0.501146,0.504979,0.003833,0
4215,54.6245,51.9790,1.0509,0.9516,1.1951,0.0390,0.229287,0.229309,0.000022,1
4216,23.7080,25.8484,0.9172,1.0903,1.1662,0.0490,0.417843,0.417959,0.000117,1
4217,29.9503,35.2781,0.8490,1.1779,0.9390,0.0399,0.237857,0.237865,0.000008,0
4218,34.4969,43.3374,0.7960,1.2563,0.3717,0.0429,0.526403,0.526455,0.000052,0
4219,26.0884,36.3494,0.7177,1.3933,0.4349,0.0266,0.394075,0.401651,0.007576,0
4220,42.8193,57.9355,0.7391,1.3530,1.0244,0.0560,0.421859,0.421905,0.000046,0
4221,22.5031,27.7359,0.8113,1.2325,1.4669,0.0338,0.264176,0.264190,0.000014,0
4222,51.8613,53.5786,0.9679,1.0331,0.7623,0.0543,0.336700,0.336825,0.000125,1
4223,31.2796,29.9205,1.0454,0.9565,0.5527,0.0567,0.312920,0.312926,0.000006,1
4224,56.2432,42.0003,1.3391,0.7468,1.3490,0.0263,0.345880,0.346145,0.000265,0
4225,52.9325,51.2273,1.0333,0.9678,1.2427,0.0322,0.221010,0.221022,0.000011,1
4226,73.7962,60.4164,1.2215,0.8187,0.4819,0.0224,0.278776,0.281503,0.002728,0
4227,45.9194,51.8788,0.8851,1.1298,0.6851,0.0519,0.253458,0.253463,0.000005,1
4228,58.7756,80.5669,0.7295,1.3708,1.1416,0.0313,0.265372,0.267829,0.002456,0
4229,77.6965,92.6731,0.8384,1.1928,0.4000,0.0561,0.305522,0.318079,0.012556,0
4230,29.5456,21.0000,1.4069,0.7108,1.3155,0.0510,0.538000,0.538238,0.000238,0
4231,32.5632,41.1865,0.7906,1.2648,0.3739,0.0440,0.481858,0.481977,0.000118,0
4232,70.7089,53.9041,1.3118,0.7623,1.1925,0.0222,0.486167,0.486201,0.000033,0
4233,32.5578,40.2781,0.8083,1.2371,0.1725,0.0586,0.349518,0.365922,0.016404,0
4234,71.3407,53.6617,1.3295,0.7522,0.8821,0.0263,0.268876,0.273671,0.004795,0
4235,39.3530,45.5557,0.8638,1.1576,1.0576,0.0314,0.397041,0.397041,0.000000,1
4236,24.9275,20.8415,1.1961,0.8361,0.3208,0.0366,0.376936,0.377337,0.000401,0
4237,65.4756,67.9332,0.9638,1.0375,0.3501,0.0484,0.179188,0.179205,0.000017,1
4238,30.0436,35.1468,0.8548,1.1699,0.4760,0.0296,0.257682,0.257782,0.000101,1
4239,29.3789,34.0309,0.8633,1.1583,1.3850,0.0456,0.181373,0.181403,0.000030,1
4240,21.6297,25.0093,0.8649,1.1562,0.2146,0.0292,0.514965,0.514973,0.000008,1
4241,58.4954,47.2787,1.2372,0.8082,1.4310,0.0498,0.447299,0.447399,0.000100,0
4242,38.1536,36.5561,1.0437,0.9581,0.4415,0.0592,0.329461,0.329463,0.000002,1
4243,34.9950,24.7723,1.4127,0.7079,0.5714,0.0487,0.330206,0.356681,0.026475,0
4244,37.5219,30.0953,1.2468,0.8021,0.7145,0.0411,0.257645,0.260241,0.002596,0
4245,68.0831,52.2717,1.3025,0.7678,0.8359,0.0527,0.200661,0.232382,0.031721,0
4246,41.9404,43.6517,0.9608,1.0408,0.2760,0.0260,0.512181,0.512365,0.000183,1
4247,61.4618,45.9539,1.3375,0.7477,0.9153,0.0225,0.222707,0.237871,0.015163,0
4248,66.4003,82.0181,0.8096,1.2352,0.2838,0.0438,0.252347,0.325799,0.073452,0
4249,43.1928,40.7476,1.0600,0.9434,1.2566,0.0416,0.445199,0.445310,0.000110,1
4250,34.6617,37.9998,0.9122,1.0963,0.3537,0.0514,0.370319,0.370315,0.000004,1
4251,34.3101,37.7236,0.9095,1.0995,1.2937,0.0311,0.296879,0.296973,0.000094,1
4252,77.9620,64.5980,1.2069,0.8286,0.3100,0.0563,0.396944,0.400020,0.003077,0
4253,30.5069,22.1349,1.3782,0.7256,0.9038,0.0567,0.371210,0.373412,0.002201,0
4254,52.7091,62.2094,0.8473,1.1802,1.4655,0.0312,0.320647,0.320655,0.000008,0
4255,54.7893,58.2023,0.9414,1.0623,0.7564,0.0581,0.190699,0.190715,0.000015,1
4256,51.7423,39.6540,1.3048,0.7664,1.3806,0.0289,0.363752,0.363868,0.000117,0
4257,66.1916,65.8027,1.0059,0.9941,0.5263,0.0571,0.301238,0.301242,0.000004,1
4258,26.5444,19.3733,1.3702,0.7298,0.4671,0.0537,0.542309,0.543290,0.000981,0
4259,57.7740,76.4379,0.7558,1.3231,1.2362,0.0387,0.212343,0.213458,0.001115,0
4260,73.0454,78.4525,0.9311,1.0740,1.3778,0.0516,0.399141,0.399430,0.000289,1
4261,63.5420,50.0490,1.2696,0.7877,1.1680,0.0584,0.423189,0.423360,0.000171,0
4262,28.3334,33.5661,0.8441,1.1847,0.6303,0.0379,0.494127,0.494124,0.000003,0
4263,36.5075,26.5816,1.3734,0.7281,0.4954,0.0498,0.501744,0.503122,0.001378,0
4264,27.7181,24.6135,1.1261,0.8880,0.3342,0.0228,0.311516,0.311551,0.000035,1
4265,35.9160,40.8979,0.8782,1.1387,0.9327,0.0345,0.170948,0.170955,0.000007,1
4266,48.1112,62.9166,0.7647,1.3077,1.3905,0.0565,0.251358,0.251431,0.000073,0
4267,48.5580,34.5933,1.4037,0.7124,0.7261,0.0378,0.446030,0.447282,0.001252,0
4268,22.7082,30.0805,0.7549,1.3247,0.8961,0.0548,0.360016,0.360083,0.000066,0
4269,64.3165,67.2802,0.9559,1.0461,1.1251,0.0567,0.515380,0.515513,0.000133,1
4270,20.4065,25.3392,0.8053,1.2417,1.4847,0.0328,0.274528,0.274542,0.000014,0
4271,27.3574,30.9943,0.8827,1.1329,0.1236,0.0455,0.311480,0.313286,0.001806,1
4272,49.1971,61.8584,0.7953,1.2574,0.9345,0.0320,0.356500,0.356515,0.000014,0
4273,48.9737,49.2886,0.9936,1.0064,0.6365,0.0397,0.427718,0.427841,0.000123,1
4274,73.1462,64.7018,1.1305,0.8846,1.1732,0.0347,0.422677,0.422773,0.000096,1
4275,53.7034,53.9042,0.9963,1.0037,1.2521,0.0405,0.454282,0.454387,0.000105,1
4276,75.2538,87.4027,0.8610,1.1614,0.7506,0.0382,0.293364,0.296799,0.003435,1
4277,34.3596,40.4329,0.8498,1.1768,0.1442,0.0466,0.178309,0.300000,0.121691,0
4278,40.7447,37.4292,1.0886,0.9186,1.1396,0.0539,0.423788,0.423834,0.000046,1
4279,31.5928,37.2512,0.8481,1.1791,0.7200,0.0247,0.472715,0.472711,0.000004,0
4280,44.8427,50.9584,0.8800,1.1364,0.4184,0.0297,0.409590,0.409586,0.000004,1
4281,66.9478,79.6638,0.8404,1.1899,0.5937,0.0441,0.333001,0.334516,0.001515,0
4282,73.2707,86.3204,0.8488,1.1781,0.5613,0.0569,0.214638,0.221080,0.006442,0
4283,22.7796,17.8105,1.2790,0.7819,0.9857,0.0479,0.463266,0.463354,0.000088,0
4284,70.0827,88.6057,0.7909,1.2643,1.3078,0.0293,0.407564,0.410287,0.002723,0
4285,75.1384,97.3139,0.7721,1.2951,0.7314,0.0590,0.309526,0.325149,0.015622,0
4286,63.4980,75.4773,0.8413,1.1887,0.3460,0.0319,0.362812,0.363788,0.000976,0
4287,64.4026,78.8089,0.8172,1.2237,0.4100,0.0451,0.343158,0.345472,0.002314,0
4288,53.6045,49.0297,1.0933,0.9147,1.3321,0.0591,0.533276,0.533447,0.000171,1
4289,50.6967,68.1725,0.7437,1.3447,0.5580,0.0270,0.156751,0.284710,0.127959,0
4290,23.8087,25.3361,0.9397,1.0642,1.4272,0.0203,0.182997,0.182998,0.000001,1
4291,64.0748,77.8069,0.8235,1.2143,0.9771,0.0396,0.201723,0.202914,0.001191,0
4292,47.9318,45.7220,1.0483,0.9539,0.7647,0.0466,0.232131,0.232143,0.000012,1
4293,61.0993,48.8638,1.2504,0.7997,1.4699,0.0461,0.218935,0.220663,0.001728,0
4294,34.7496,44.9837,0.7725,1.2945,1.3120,0.0576,0.160645,0.161096,0.000451,0
4295,36.8279,29.6944,1.2402,0.8063,0.9990,0.0339,0.443295,0.443322,0.000027,0
4296,48.6935,61.8421,0.7874,1.2700,1.1671,0.0417,0.293242,0.293268,0.000026,0
4297,72.1500,84.8645,0.8502,1.1762,0.1582,0.0436,0.347699,0.367524,0.019825,1
4298,37.1429,37.4761,0.9911,1.0090,1.1757,0.0501,0.294853,0.294982,0.000129,1
4299,78.2476,107.4187,0.7284,1.3728,1.0264,0.0473,0.283818,0.313915,0.030098,0
4300,48.6093,52.0590,0.9337,1.0710,0.2731,0.0202,0.194301,0.194306,0.000005,1
4301,70.2310,56.3934,1.2454,0.8030,0.6347,0.0515,0.524133,0.524179,0.000046,0
4302,69.6432,66.1395,1.0530,0.9497,1.4965,0.0341,0.173475,0.173525,0.000050,1
4303,38.1957,52.1106,0.7330,1.3643,1.4809,0.0245,0.164124,0.171150,0.007026,0
4304,69.0719,94.3899,0.7318,1.3665,0.3725,0.0503,0.159900,0.300000,0.140100,0
4305,43.6067,35.5197,1.2277,0.8145,0.8508,0.0573,0.153577,0.182890,0.029314,0
4306,23.5725,22.1398,1.0647,0.9392,1.3241,0.0438,0.392732,0.392765,0.000033,1
4307,29.5108,39.6104,0.7450,1.3422,0.6298,0.0337,0.241885,0.256096,0.014211,0
4308,36.2255,35.9747,1.0070,0.9931,0.8386,0.0578,0.445553,0.445682,0.000128,1
4309,72.0951,75.6560,0.9529,1.0494,0.6826,0.0254,0.295622,0.295755,0.000133,1
4310,56.9738,49.9741,1.1401,0.8771,0.1767,0.0335,0.333721,0.334463,0.000742,1
4311,56.0289,74.8257,0.7488,1.3355,0.8216,0.0375,0.525085,0.525130,0.000045,0
4312,58.4313,57.8546,1.0100,0.9901,0.7417,0.0476,0.159961,0.159972,0.000011,1
4313,24.5320,31.3151,0.7834,1.2765,0.3466,0.0576,0.491588,0.491762,0.000174,0
4314,79.6741,107.5115,0.7411,1.3494,0.8581,0.0410,0.308684,0.339627,0.030943,0
4315,74.3107,90.4476,0.8216,1.2172,0.8004,0.0564,0.409322,0.413797,0.004475,0
4316,71.9340,71.1395,1.0112,0.9890,0.3949,0.0555,0.538208,0.538366,0.000158,1
4317,73.3805,82.3035,0.8916,1.1216,1.0170,0.0449,0.452304,0.453067,0.000763,1
4318,51.3102,50.5593,1.0149,0.9854,0.9916,0.0389,0.289067,0.289075,0.000009,1
4319,33.4733,38.4396,0.8708,1.1484,0.2181,0.0473,0.381697,0.381750,0.000053,1
4320,71.6904,73.2357,0.9789,1.0216,1.1736,0.0494,0.177992,0.178051,0.000060,1
4321,25.8541,21.0748,1.2268,0.8151,0.5137,0.0226,0.268546,0.270692,0.002146,0
4322,44.1523,59.4581,0.7426,1.3467,0.9618,0.0580,0.428329,0.428373,0.000044,0
4323,67.4770,59.7693,1.1290,0.8858,1.1644,0.0371,0.453330,0.453342,0.000012,1
4324,74.1551,60.0861,1.2341,0.8103,0.8532,0.0534,0.351959,0.352361,0.000402,0
4325,60.9528,63.0076,0.9674,1.0337,1.4277,0.0586,0.206569,0.206682,0.000113,1
4326,72.5987,78.5573,0.9241,1.0821,0.6595,0.0319,0.391572,0.391957,0.000384,1
4327,24.2244,31.4912,0.7692,1.3000,0.6313,0.0337,0.483555,0.483596,0.000041,0
4328,68.9602,58.4063,1.1807,0.8470,0.6097,0.0329,0.308000,0.308101,0.000101,0
4329,31.7576,36.7447,0.8643,1.1570,0.7548,0.0468,0.151331,0.151420,0.000089,1
4330,21.2232,28.2979,0.7500,1.3333,0.1234,0.0268,0.304888,0.050540,0.254347,0
4331,65.9133,85.7802,0.7684,1.3014,0.7326,0.0550,0.157788,0.305112,0.147324,0
4332,66.3179,54.4456,1.2181,0.8210,1.3258,0.0564,0.270511,0.270955,0.000443,0
4333,42.3927,51.3847,0.8250,1.2121,0.8054,0.0374,0.159815,0.161135,0.001320,0
4334,33.2719,44.1021,0.7544,1.3255,0.2712,0.0240,0.336651,0.371525,0.034874,0
4335,24.9348,30.4433,0.8191,1.2209,1.1955,0.0378,0.182020,0.182084,0.000064,0
4336,77.0482,85.2139,0.9042,1.1060,1.1461,0.0298,0.454953,0.455731,0.000778,1
4337,58.9880,72.3621,0.8152,1.2267,0.6592,0.0338,0.187135,0.190434,0.003299,0
4338,71.4451,87.6572,0.8151,1.2269,0.6157,0.0404,0.523315,0.526866,0.003552,0
4339,29.7617,28.0196,1.0622,0.9415,0.9457,0.0463,0.456040,0.456052,0.000012,1
4340,72.0988,55.0837,1.3089,0.7640,1.3262,0.0402,0.208046,0.216373,0.008327,0
4341,64.0547,74.5462,0.8593,1.1638,0.9325,0.0494,0.447641,0.447828,0.000187,1
4342,32.8636,33.2869,0.9873,1.0129,1.3578,0.0343,0.252249,0.252350,0.000100,1
4343,25.1527,25.8636,0.9725,1.0283,1.3011,0.0239,0.388118,0.388204,0.000087,1
4344,58.4277,74.6254,0.7829,1.2772,0.1194,0.0448,0.386396,0.446298,0.059901,0
4345,73.6369,55.8813,1.3177,0.7589,0.7303,0.0336,0.473789,0.473967,0.000178,0
4346,30.0949,36.6340,0.8215,1.2173,1.1515,0.0218,0.214248,0.214297,0.000049,0
4347,41.0797,30.9726,1.3263,0.7540,1.1961,0.0274,0.313665,0.314218,0.000554,0
4348,78.1414,83.2746,0.9384,1.0657,1.3427,0.0217,0.285807,0.286249,0.000442,1
4349,26.5993,27.4591,0.9687,1.0323,1.3469,0.0599,0.335150,0.335326,0.000176,1
4350,60.1086,78.5496,0.7652,1.3068,0.7339,0.0509,0.237820,0.242790,0.004970,0
4351,34.7349,43.9667,0.7900,1.2658,0.7537,0.0258,0.380244,0.380280,0.000036,0
4352,27.7273,33.3112,0.8324,1.2014,0.5692,0.0387,0.233950,0.234246,0.000296,0
4353,65.4518,78.4136,0.8347,1.1980,1.1882,0.0257,0.480052,0.480463,0.000412,0
4354,53.0241,45.6952,1.1604,0.8618,0.9141,0.0586,0.218203,0.218776,0.000573,0
4355,20.0037,15.8333,1.2634,0.7915,0.8238,0.0446,0.261393,0.263951,0.002558,0
4356,64.3056,69.2840,0.9281,1.0774,0.7877,0.0354,0.358722,0.358852,0.000130,1
4357,78.0554,89.0675,0.8764,1.1411,0.6822,0.0568,0.462339,0.464828,0.002489,1
4358,62.5587,87.5006,0.7150,1.3987,0.9153,0.0583,0.353400,0.358533,0.005133,0
4359,28.7692,38.3065,0.7510,1.3315,0.8078,0.0578,0.462070,0.462107,0.000037,0
4360,55.7213,52.4740,1.0619,0.9417,0.8747,0.0569,0.244949,0.244986,0.000037,1
4361,39.6240,43.0100,0.9213,1.0855,0.2466,0.0264,0.215932,0.215954,0.000022,1
4362,30.0143,21.5390,1.3935,0.7176,0.9628,0.0427,0.299565,0.307384,0.007819,0
4363,78.4271,88.8416,0.8828,1.1328,0.5872,0.0473,0.177796,0.183973,0.006177,1
4364,41.3965,51.9557,0.7968,1.2551,0.3222,0.0533,0.391890,0.392583,0.000693,0
4365,24.3525,22.5067,1.0820,0.9242,0.2830,0.0207,0.539367,0.539360,0.000007,1
4366,23.6952,16.8286,1.4080,0.7102,1.1123,0.0494,0.258683,0.276342,0.017660,0
4367,49.9954,39.6556,1.2607,0.7932,0.4751,0.0319,0.470334,0.470493,0.000158,0
4368,40.7996,44.1518,0.9241,1.0822,1.3658,0.0225,0.183937,0.183938,0.000002,1
4369,46.0897,61.4801,0.7497,1.3339,0.2656,0.0418,0.453073,0.459271,0.006198,0
4370,25.6435,23.3799,1.0968,0.9117,0.2131,0.0547,0.410616,0.410619,0.000004,1
4371,71.1704,56.3281,1.2635,0.7915,0.8096,0.0474,0.522204,0.522251,0.000047,0
4372,36.3958,31.8729,1.1419,0.8757,0.1547,0.0517,0.487205,0.487292,0.000087,1
4373,37.3827,27.8482,1.3424,0.7449,0.2941,0.0599,0.491856,0.498058,0.006202,0
4374,47.5326,39.5360,1.2023,0.8318,0.9974,0.0224,0.502135,0.502135,0.000000,0
4375,48.7301,38.5396,1.2644,0.7909,0.7081,0.0383,0.532629,0.532664,0.000035,0
4376,27.9708,38.1176,0.7338,1.3628,1.3106,0.0347,0.384284,0.384324,0.000040,0
4377,66.3253,52.3858,1.2661,0.7898,0.7785,0.0251,0.394942,0.395046,0.000105,0
4378,67.6400,57.3748,1.1789,0.8482,1.3926,0.0534,0.405672,0.405772,0.000100,0
4379,24.6492,22.4997,1.0955,0.9128,0.4001,0.0428,0.217421,0.217492,0.000070,1
4380,25.1985,27.5181,0.9157,1.0921,1.3157,0.0209,0.159864,0.159864,0.000001,1
4381,20.5310,20.5613,0.9985,1.0015,0.8256,0.0307,0.256229,0.256339,0.000110,1
4382,30.7248,27.6116,1.1127,0.8987,0.4482,0.0429,0.259915,0.259960,0.000044,1
4383,60.2918,80.0228,0.7534,1.3273,1.0589,0.0324,0.475230,0.475871,0.000641,0
4384,55.3294,63.7890,0.8674,1.1529,0.2767,0.0519,0.449680,0.449681,0.000002,1
4385,57.6458,56.6532,1.0175,0.9828,0.7948,0.0394,0.397212,0.397326,0.000114,1
4386,62.7400,47.2687,1.3273,0.7534,0.3713,0.0305,0.205104,0.319799,0.114695,0
4387,63.0604,66.6869,0.9456,1.0575,0.9496,0.0269,0.382661,0.382762,0.000101,1
4388,52.8520,38.2609,1.3814,0.7239,0.1065,0.0421,0.465000,0.718988,0.253988,0
4389,31.7374,41.9014,0.7574,1.3203,1.1930,0.0427,0.225014,0.225361,0.000346,0
4390,62.1851,68.7118,0.9050,1.1050,0.8657,0.0510,0.325127,0.325146,0.000019,1
4391,59.9109,44.6484,1.3418,0.7452,1.4126,0.0463,0.280900,0.282893,0.001993,0
4392,68.0520,72.2476,0.9419,1.0617,1.0680,0.0402,0.405757,0.405900,0.000142,1
4393,34.9968,40.6870,0.8601,1.1626,0.5769,0.0257,0.538098,0.538092,0.000006,1
4394,20.0531,17.2056,1.1655,0.8580,0.8668,0.0301,0.409432,0.409436,0.000004,0
4395,72.0347,84.5242,0.8522,1.1734,0.5019,0.0417,0.316204,0.319878,0.003674,1
4396,61.2806,54.4128,1.1262,0.8879,0.9240,0.0271,0.174134,0.174264,0.000130,1
4397,24.0358,29.7307,0.8084,1.2369,1.4315,0.0486,0.342145,0.342183,0.000038,0
4398,50.1859,52.9133,0.9485,1.0543,1.0671,0.0533,0.546716,0.546836,0.000120,1
4399,35.1634,31.4157,1.1193,0.8934,0.3960,0.0445,0.396736,0.396738,0.000002,1
4400,79.8737,62.7796,1.2723,0.7860,0.2364,0.0265,0.301653,0.439560,0.137907,0
4401,70.2603,78.9764,0.8896,1.1241,1.4930,0.0549,0.238601,0.239190,0.000588,1
4402,41.9239,42.6458,0.9831,1.0172,1.3252,0.0329,0.163318,0.163332,0.000014,1
4403,59.8193,51.0937,1.1708,0.8541,0.8004,0.0373,0.528368,0.528371,0.000002,0
4404,24.5265,23.6447,1.0373,0.9640,1.2594,0.0450,0.401875,0.401993,0.000118,1
4405,43.5975,42.0589,1.0366,0.9647,0.4862,0.0395,0.248306,0.248305,0.000001,1
4406,76.9732,103.8488,0.7412,1.3492,0.3535,0.0598,0.518603,0.556033,0.037430,0
4407,35.8922,42.3016,0.8485,1.1786,0.2612,0.0261,0.291911,0.293236,0.001325,0
4408,42.0777,37.7108,1.1158,0.8962,1.1686,0.0571,0.261539,0.261644,0.000105,1
4409,29.0384,38.3001,0.7582,1.3189,1.1438,0.0260,0.532885,0.532892,0.000007,0
4410,22.2779,17.1127,1.3018,0.7681,0.1763,0.0262,0.269742,0.419590,0.149848,0
4411,75.9514,59.6967,1.2723,0.7860,1.4081,0.0559,0.424203,0.424553,0.000350,0
4412,31.4866,40.9312,0.7693,1.3000,0.6726,0.0324,0.482371,0.482404,0.000033,0
4413,45.2895,38.5014,1.1763,0.8501,0.8770,0.0454,0.476194,0.476211,0.000016,0
4414,40.8728,29.2737,1.3962,0.7162,0.3535,0.0461,0.318767,0.385346,0.066579,0
4415,21.6169,23.9088,0.9041,1.1060,1.4443,0.0508,0.465586,0.465719,0.000133,1
4416,79.9799,68.7116,1.1640,0.8591,0.7476,0.0204,0.186195,0.189979,0.003784,0
4417,64.9702,62.0916,1.0464,0.9557,0.5658,0.0483,0.188514,0.188521,0.000007,1
4418,72.4943,88.7850,0.8165,1.2247,1.2641,0.0582,0.353937,0.356864,0.002927,0
4419,47.4209,37.0624,1.2795,0.7816,0.3046,0.0600,0.236355,0.319799,0.083443,0
4420,76.1400,57.3189,1.3284,0.7528,0.1416,0.0493,0.295903,0.632149,0.336246,0
4421,45.7088,41.8927,1.0911,0.9165,0.2383,0.0596,0.295866,0.295899,0.000032,1
4422,25.9035,32.9197,0.7869,1.2709,1.4407,0.0202,0.498277,0.498277,0.000000,0
4423,46.4705,37.5199,1.2386,0.8074,0.7985,0.0302,0.304595,0.304900,0.000306,0
4424,76.9054,76.7806,1.0016,0.9984,1.3899,0.0557,0.304570,0.304656,0.000086,1
4425,71.5055,77.6906,0.9204,1.0865,1.1075,0.0295,0.476902,0.477172,0.000270,1
4426,54.7563,60.7794,0.9009,1.1100,1.2523,0.0375,0.477549,0.477647,0.000098,1
4427,72.3551,50.7552,1.4256,0.7015,0.9569,0.0470,0.407881,0.409549,0.001667,0
4428,35.2824,34.1775,1.0323,0.9687,0.1866,0.0401,0.245486,0.245483,0.000003,1
4429,73.7413,88.1036,0.8370,1.1948,0.5338,0.0498,0.210060,0.221153,0.011093,0
4430,78.8885,72.3951,1.0897,0.9177,0.7263,0.0351,0.520348,0.520662,0.000314,1
4431,61.6138,58.8879,1.0463,0.9558,0.5032,0.0447,0.191395,0.191399,0.000003,1
4432,45.6868,63.6297,0.7180,1.3927,0.8564,0.0264,0.175367,0.225532,0.050165,0
4433,71.2180,55.6781,1.2791,0.7818,0.7827,0.0283,0.193422,0.213679,0.020258,0
4434,22.9206,21.2294,1.0797,0.9262,1.0048,0.0377,0.402644,0.402652,0.000007,1
4435,31.1771,23.7954,1.3102,0.7632,0.6653,0.0479,0.425033,0.425518,0.000485,0
4436,73.7742,95.8419,0.7697,1.2991,0.5689,0.0592,0.483409,0.494838,0.011430,0
4437,38.5949,28.6284,1.3481,0.7418,1.3464,0.0523,0.299504,0.301476,0.001972,0
4438,54.0477,48.0841,1.1240,0.8897,1.4282,0.0250,0.449423,0.449425,0.000002,1
4439,55.1518,75.4724,0.7308,1.3684,1.0478,0.0243,0.261771,0.263621,0.001850,0
4440,27.6339,33.4783,0.8254,1.2115,0.4401,0.0580,0.538586,0.538587,0.000001,0
4441,42.5941,46.5396,0.9152,1.0926,1.2974,0.0516,0.527929,0.528055,0.000126,1
4442,70.8664,89.4497,0.7922,1.2622,0.3411,0.0270,0.505809,0.515172,0.009362,0
4443,75.2904,93.1922,0.8079,1.2378,0.7847,0.0510,0.300102,0.308547,0.008444,0
4444,37.2509,43.0490,0.8653,1.1557,0.1656,0.0416,0.187745,0.230712,0.042967,1
4445,55.3606,52.3838,1.0568,0.9462,1.0433,0.0331,0.418172,0.418273,0.000100,1
4446,65.1350,73.2084,0.8897,1.1239,1.4129,0.0279,0.290226,0.290335,0.000109,1
4447,49.5724,54.3899,0.9114,1.0972,0.6894,0.0354,0.212722,0.212722,0.000000,1
4448,59.0320,76.0063,0.7767,1.2875,0.7272,0.0217,0.417061,0.417381,0.000319,0
4449,24.3361,34.0700,0.7143,1.4000,0.5520,0.0578,0.184913,0.304598,0.119685,0
4450,68.3578,57.3002,1.1930,0.8382,1.3671,0.0224,0.342157,0.342167,0.000010,0
4451,73.2377,61.0340,1.1999,0.8334,1.0209,0.0512,0.304228,0.304529,0.000300,0
4452,52.3814,36.7430,1.4256,0.7015,1.2187,0.0392,0.489024,0.489320,0.000296,0
4453,28.0477,34.2756,0.8183,1.2220,0.2151,0.0321,0.238662,0.287003,0.048341,0
4454,45.0221,43.9305,1.0248,0.9758,0.1139,0.0326,0.176832,0.176830,0.000002,1
4455,76.6509,54.1141,1.4165,0.7060,1.3872,0.0521,0.160193,0.238440,0.078247,0
4456,25.1088,20.7892,1.2078,0.8280,0.3337,0.0425,0.268070,0.276502,0.008432,0
4457,77.1545,58.0232,1.3297,0.7520,1.4190,0.0438,0.353912,0.354593,0.000681,0
4458,64.4099,82.9940,0.7761,1.2885,0.7796,0.0299,0.459494,0.461372,0.001878,0
4459,54.3846,41.7255,1.3034,0.7672,0.2010,0.0234,0.150171,0.358530,0.208359,0
4460,54.5897,69.9170,0.7808,1.2808,1.1591,0.0410,0.246658,0.246735,0.000076,0
4461,50.1419,54.6098,0.9182,1.0891,0.3917,0.0341,0.347516,0.347512,0.000004,1
4462,32.8251,35.1062,0.9350,1.0695,1.4249,0.0504,0.211721,0.211864,0.000143,1
4463,69.8813,79.4013,0.8801,1.1362,0.2107,0.0527,0.547009,0.548849,0.001840,1
4464,61.5387,53.0487,1.1600,0.8620,0.4178,0.0326,0.384883,0.384909,0.000026,0
4465,43.0628,59.8087,0.7200,1.3889,0.3952,0.0582,0.329754,0.352995,0.023241,0
4466,38.1372,45.0411,0.8467,1.1810,0.5482,0.0481,0.262247,0.262289,0.000042,0
4467,30.0821,36.8331,0.8167,1.2244,0.7205,0.0219,0.425179,0.425183,0.000004,0
4468,43.2862,59.9747,0.7217,1.3855,1.4059,0.0594,0.275651,0.275791,0.000140,0
4469,62.6411,58.9931,1.0618,0.9418,0.8313,0.0434,0.390461,0.390468,0.000007,1
4470,48.5012,67.2904,0.7208,1.3874,1.3671,0.0526,0.354840,0.354915,0.000074,0
4471,34.3944,43.3188,0.7940,1.2595,1.2237,0.0408,0.300517,0.300537,0.000019,0
4472,63.4101,71.4485,0.8875,1.1268,0.9658,0.0495,0.548328,0.548476,0.000148,1
4473,62.1815,71.7737,0.8664,1.1543,0.9292,0.0587,0.182923,0.183059,0.000135,1
4474,77.1252,75.2007,1.0256,0.9750,0.5696,0.0586,0.325652,0.325724,0.000071,1
4475,32.3508,22.7831,1.4199,0.7043,1.2634,0.0440,0.273759,0.283777,0.010018,0
4476,44.6138,33.8983,1.3161,0.7598,0.9408,0.0404,0.423019,0.423219,0.000201,0
4477,29.6042,23.8199,1.2428,0.8046,0.3855,0.0443,0.267801,0.281701,0.013899,0
4478,34.9712,41.8152,0.8363,1.1957,1.1328,0.0521,0.362677,0.362702,0.000025,0
4479,74.3840,83.1381,0.8947,1.1177,0.2423,0.0321,0.440585,0.443500,0.002915,1
4480,41.7243,37.1338,1.1236,0.8900,1.4544,0.0396,0.528295,0.528405,0.000110,1
4481,47.0272,65.6341,0.7165,1.3957,1.0231,0.0548,0.479856,0.479911,0.000055,0
4482,23.2740,16.6637,1.3967,0.7160,1.2985,0.0402,0.359711,0.360645,0.000934,0
4483,70.0369,73.8552,0.9483,1.0545,0.1988,0.0590,0.530529,0.530726,0.000197,1
4484,21.6736,16.0735,1.3484,0.7416,1.2573,0.0401,0.294462,0.296188,0.001726,0
4485,31.2119,39.8227,0.7838,1.2759,0.2392,0.0459,0.379670,0.387722,0.008052,0
4486,47.7175,38.5746,1.2370,0.8084,0.7032,0.0507,0.177308,0.203203,0.025895,0
4487,38.0200,39.9571,0.9515,1.0510,1.2690,0.0456,0.337274,0.337390,0.000117,1
4488,67.3653,61.3599,1.0979,0.9109,0.2872,0.0460,0.235391,0.235538,0.000147,1
4489,34.3193,32.6389,1.0515,0.9510,1.3108,0.0556,0.253214,0.253306,0.000092,1
4490,26.1745,25.3341,1.0332,0.9679,0.9532,0.0481,0.423336,0.423453,0.000117,1
4491,62.4909,87.0334,0.7180,1.3927,1.2522,0.0421,0.302959,0.306909,0.003950,0
4492,32.2593,27.1637,1.1876,0.8420,0.2844,0.0247,0.430892,0.431032,0.000140,0
4493,34.2900,36.2854,0.9450,1.0582,0.5257,0.0526,0.521386,0.521521,0.000135,1
4494,31.8949,31.5215,1.0118,0.9883,1.0412,0.0511,0.365473,0.365597,0.000124,1
4495,39.8859,36.4051,1.0956,0.9127,0.2009,0.0599,0.218715,0.219667,0.000952,1
4496,42.5977,39.9532,1.0662,0.9379,1.4065,0.0422,0.322466,0.322505,0.000039,1
4497,34.2644,24.7954,1.3819,0.7236,1.4096,0.0220,0.422286,0.422429,0.000143,0
4498,23.9589,33.1422,0.7229,1.3833,1.2958,0.0391,0.188343,0.193071,0.004728,0
4499,50.7498,61.6696,0.8229,1.2152,0.4510,0.0534,0.204286,0.208346,0.004060,0
4500,34.0996,46.4514,0.7341,1.3622,0.4868,0.0570,0.334942,0.340121,0.005178,0
4501,60.3797,52.9628,1.1400,0.8772,0.6158,0.0392,0.228713,0.228897,0.000183,1
4502,26.9491,37.3447,0.7216,1.3858,0.8595,0.0536,0.207619,0.220886,0.013267,0
4503,60.8814,47.0351,1.2944,0.7726,0.2137,0.0549,0.328936,0.386805,0.057869,0
4504,20.0421,22.9425,0.8736,1.1447,1.4799,0.0303,0.436154,0.436241,0.000087,1
4505,37.3626,50.2164,0.7440,1.3440,1.3480,0.0249,0.263199,0.263433,0.000234,0
4506,71.6575,79.5840,0.9004,1.1106,0.9878,0.0404,0.253616,0.254327,0.000710,1
4507,26.1910,20.7810,1.2603,0.7934,0.5461,0.0417,0.236270,0.251557,0.015287,0
4508,57.5781,48.7993,1.1799,0.8475,0.3380,0.0268,0.547632,0.547638,0.000006,0
4509,31.2632,37.1084,0.8425,1.1870,0.2835,0.0508,0.173243,0.203043,0.029800,0
4510,78.7201,64.1415,1.2273,0.8148,0.5636,0.0387,0.237002,0.249453,0.012450,0
4511,65.6551,66.0745,0.9937,1.0064,1.4201,0.0580,0.335589,0.335772,0.000183,1
4512,49.1623,59.1260,0.8315,1.2027,1.0620,0.0442,0.318426,0.318437,0.000011,0
4513,58.7024,53.9858,1.0874,0.9197,1.0676,0.0476,0.529296,0.529413,0.000116,1
4514,77.0647,80.0890,0.9622,1.0392,0.3206,0.0247,0.309026,0.309406,0.000380,1
4515,36.7162,35.1914,1.0433,0.9585,1.1078,0.0532,0.321966,0.322008,0.000043,1
4516,25.9822,25.4477,1.0210,0.9794,1.3705,0.0465,0.374824,0.374951,0.000127,1
4517,72.0310,98.2444,0.7332,1.3639,0.3452,0.0281,0.207668,0.329677,0.122009,0
4518,39.0399,29.9409,1.3039,0.7669,0.7696,0.0538,0.428707,0.429030,0.000322,0
4519,37.5311,40.3132,0.9310,1.0741,1.2031,0.0356,0.187855,0.187865,0.000010,1
4520,30.2506,36.0538,0.8390,1.1918,0.5314,0.0577,0.158203,0.161492,0.003288,0
4521,39.7540,50.5719,0.7861,1.2721,0.8010,0.0335,0.421419,0.421435,0.000015,0
4522,24.0925,21.2437,1.1341,0.8818,0.5209,0.0497,0.549634,0.549634,0.000000,1
4523,30.4209,26.5216,1.1470,0.8718,0.6967,0.0459,0.288591,0.288642,0.000052,1
4524,63.2344,44.5639,1.4190,0.7047,1.3994,0.0323,0.463877,0.464101,0.000224,0
4525,71.6117,77.8549,0.9198,1.0872,1.3750,0.0378,0.461069,0.461321,0.000252,1
4526,32.8709,31.6251,1.0394,0.9621,0.9975,0.0452,0.438730,0.438842,0.000113,1
4527,50.9201,60.3438,0.8438,1.1851,1.0251,0.0292,0.424239,0.424238,0.000001,0
4528,55.9117,47.4563,1.1782,0.8488,0.4022,0.0383,0.192909,0.206773,0.013864,0
4529,27.6705,26.6071,1.0400,0.9616,0.9236,0.0586,0.408248,0.408279,0.000031,1
4530,23.6402,21.1333,1.1186,0.8940,0.4313,0.0220,0.339630,0.339631,0.000001,1
4531,36.7656,28.8564,1.2741,0.7849,1.3104,0.0280,0.500377,0.500399,0.000023,0
4532,29.1153,37.9232,0.7677,1.3025,0.5216,0.0299,0.230129,0.247735,0.017606,0
4533,60.8301,67.3575,0.9031,1.1073,0.4941,0.0274,0.284269,0.284266,0.000003,1
4534,32.8819,30.8286,1.0666,0.9376,1.3387,0.0351,0.293010,0.293028,0.000018,1
4535,21.2452,26.5671,0.7997,1.2505,0.1113,0.0573,0.330328,0.407078,0.076750,0
4536,40.0452,54.1521,0.7395,1.3523,0.4105,0.0250,0.359992,0.368276,0.008284,0
4537,32.0817,32.0501,1.0010,0.9990,1.2813,0.0294,0.496593,0.496683,0.000090,1
4538,71.9395,88.6510,0.8115,1.2323,0.3655,0.0476,0.526513,0.533188,0.006675,0
4539,25.2425,34.9658,0.7219,1.3852,1.1038,0.0424,0.341253,0.341417,0.000164,0
4540,22.0142,30.5594,0.7204,1.3882,0.2907,0.0450,0.533557,0.537294,0.003737,0
4541,27.9452,36.3807,0.7681,1.3019,0.2360,0.0254,0.245145,0.347763,0.102618,0
4542,41.5851,57.1345,0.7278,1.3739,1.4994,0.0439,0.326592,0.326654,0.000062,0
4543,32.3673,42.8554,0.7553,1.3240,1.2083,0.0216,0.346661,0.346711,0.000050,0
4544,74.3327,92.6293,0.8025,1.2461,0.1766,0.0317,0.398506,0.414557,0.016051,0
4545,39.3951,33.3205,1.1823,0.8458,1.3927,0.0255,0.351691,0.351702,0.000011,0
4546,56.4208,59.1689,0.9536,1.0487,0.5391,0.0455,0.205055,0.205056,0.000001,1
4547,41.5577,46.9830,0.8845,1.1305,0.5857,0.0348,0.547803,0.547797,0.000006,1
4548,49.1531,37.1289,1.3238,0.7554,0.2654,0.0593,0.405184,0.427508,0.022325,0
4549,71.7106,65.8983,1.0882,0.9189,1.4863,0.0269,0.373920,0.373963,0.000042,1
4550,40.9241,39.2394,1.0429,0.9588,1.4183,0.0371,0.372541,0.372646,0.000105,1
4551,41.5046,30.2644,1.3714,0.7292,0.4173,0.0583,0.326507,0.366476,0.039969,0
4552,72.2196,86.6682,0.8333,1.2001,1.4414,0.0556,0.400691,0.402346,0.001655,0
4553,64.5875,51.7197,1.2488,0.8008,0.1264,0.0472,0.467576,0.487690,0.020114,0
4554,69.0774,56.8616,1.2148,0.8232,1.0746,0.0280,0.331451,0.331491,0.000040,0
4555,21.2964,29.1844,0.7297,1.3704,1.2899,0.0484,0.191945,0.194017,0.002072,0
4556,64.3220,74.3228,0.8654,1.1555,0.3342,0.0312,0.223843,0.226367,0.002525,1
4557,51.9034,52.3226,0.9920,1.0081,1.4975,0.0431,0.258463,0.258508,0.000045,1
4558,69.3997,96.3456,0.7203,1.3883,0.6597,0.0570,0.201100,0.500666,0.299565,0
4559,41.6492,32.2730,1.2905,0.7749,0.3035,0.0545,0.443722,0.447209,0.003487,0
4560,20.3992,16.4697,1.2386,0.8074,0.6782,0.0304,0.213515,0.221008,0.007493,0
4561,60.5042,58.9828,1.0258,0.9749,0.4537,0.0479,0.387324,0.387322,0.000002,1
4562,67.3141,62.8360,1.0713,0.9335,0.7825,0.0446,0.187269,0.187297,0.000028,1
4563,61.0956,64.4460,0.9480,1.0548,1.1211,0.0223,0.313897,0.313989,0.000092,1
4564,73.1187,88.7734,0.8237,1.2141,0.4143,0.0419,0.542578,0.547986,0.005408,0
4565,57.3840,76.8033,0.7472,1.3384,1.1785,0.0368,0.189662,0.194057,0.004396,0
4566,66.6677,60.3342,1.1050,0.9050,0.7814,0.0205,0.408773,0.408768,0.000005,1
4567,21.4997,27.0434,0.7950,1.2579,1.4789,0.0497,0.350494,0.350540,0.000045,0
4568,57.8088,41.6690,1.3873,0.7208,1.4795,0.0446,0.490269,0.490471,0.000201,0
4569,44.6541,47.0303,0.9495,1.0532,1.0753,0.0525,0.373408,0.373531,0.000124,1
4570,22.3182,30.4154,0.7338,1.3628,0.3164,0.0320,0.293645,0.364179,0.070534,0
4571,67.3141,89.6092,0.7512,1.3312,0.3759,0.0355,0.204823,0.292676,0.087852,0
4572,65.6752,58.1522,1.1294,0.8855,0.3263,0.0255,0.165247,0.172809,0.007562,1
4573,71.6410,64.8136,1.1053,0.9047,0.6602,0.0226,0.156641,0.157125,0.000484,1
4574,25.6545,22.4483,1.1428,0.8750,0.8779,0.0201,0.157300,0.157831,0.000531,1
4575,22.8748,28.6656,0.7980,1.2532,0.6615,0.0424,0.185218,0.191011,0.005793,0
4576,22.0893,22.6504,0.9752,1.0254,0.5184,0.0248,0.192055,0.192052,0.000002,1
4577,23.5157,19.8650,1.1838,0.8448,0.1242,0.0391,0.528014,0.528806,0.000791,0
4578,74.9132,85.7365,0.8738,1.1445,1.3034,0.0484,0.175233,0.177661,0.002428,1
4579,42.2095,47.6090,0.8866,1.1279,0.2394,0.0361,0.339764,0.339788,0.000024,1
4580,76.9018,57.2401,1.3435,0.7443,1.2428,0.0455,0.273160,0.277696,0.004536,0
4581,35.8318,47.3215,0.7572,1.3207,1.3345,0.0520,0.292192,0.292248,0.000056,0
4582,32.1696,28.9835,1.1099,0.9010,0.2978,0.0520,0.162781,0.169100,0.006318,1
4583,55.6389,77.4333,0.7185,1.3917,0.8084,0.0411,0.230276,0.247991,0.017715,0
4584,23.5926,17.6731,1.3349,0.7491,0.2858,0.0438,0.539477,0.542063,0.002586,0
4585,74.3217,68.3344,1.0876,0.9194,1.1428,0.0275,0.163269,0.163548,0.000279,1
4586,38.9099,40.6430,0.9574,1.0445,1.4497,0.0530,0.174354,0.174438,0.000085,1
4587,47.6095,58.3702,0.8156,1.2260,0.7557,0.0548,0.360395,0.360407,0.000012,0
4588,74.2100,75.3372,0.9850,1.0152,0.3132,0.0351,0.201527,0.201575,0.000047,1
4589,69.3411,83.1916,0.8335,1.1997,0.3699,0.0434,0.367975,0.372246,0.004270,0
4590,72.0035,98.8930,0.7281,1.3734,0.1375,0.0473,0.534753,0.616697,0.081944,0
4591,50.1181,66.4416,0.7543,1.3257,1.1248,0.0410,0.419857,0.419880,0.000023,0
4592,66.8618,87.6474,0.7628,1.3109,1.0017,0.0542,0.214040,0.222823,0.008783,0
4593,44.3574,54.6769,0.8113,1.2326,0.3353,0.0513,0.221731,0.239123,0.017392,0
4594,51.9858,56.2271,0.9246,1.0816,1.0209,0.0307,0.514989,0.515085,0.000096,1
4595,26.0756,18.7264,1.3925,0.7182,1.0743,0.0241,0.507860,0.507995,0.000135,0
4596,32.7573,34.0352,0.9625,1.0390,0.8625,0.0432,0.466123,0.466234,0.000111,1
4597,67.8140,76.1962,0.8900,1.1236,0.1006,0.0577,0.339898,0.345501,0.005603,1
4598,25.5428,21.9577,1.1633,0.8596,0.7085,0.0494,0.265152,0.265332,0.000180,0
4599,27.0315,21.1147,1.2802,0.7811,0.5473,0.0452,0.497752,0.497903,0.000151,0
4600,39.5965,51.7166,0.7656,1.3061,1.1023,0.0464,0.209853,0.210375,0.000522,0
4601,67.7700,83.8605,0.8081,1.2374,1.2951,0.0557,0.346515,0.348148,0.001633,0
4602,34.0245,43.6954,0.7787,1.2842,1.0979,0.0216,0.416854,0.416863,0.000009,0
4603,79.5880,99.8939,0.7967,1.2551,0.5710,0.0418,0.505589,0.518258,0.012669,0
4604,78.1817,99.8892,0.7827,1.2777,0.3657,0.0252,0.239724,0.292731,0.053007,0
4605,58.7097,58.5843,1.0021,0.9979,1.4922,0.0577,0.343390,0.343501,0.000111,1
4606,29.8917,27.7863,1.0758,0.9296,0.5809,0.0561,0.367536,0.367543,0.000007,1
4607,64.9098,90.7600,0.7152,1.3982,0.7028,0.0514,0.425204,0.433758,0.008555,0
4608,69.1690,57.3921,1.2052,0.8297,0.7014,0.0322,0.335137,0.335225,0.000088,0
4609,39.8474,31.2437,1.2754,0.7841,1.2069,0.0404,0.201686,0.208443,0.006757,0
4610,52.9856,41.6448,1.2723,0.7860,0.6070,0.0553,0.459519,0.459713,0.000195,0
4611,65.7009,57.7974,1.1367,0.8797,0.8445,0.0407,0.292082,0.292106,0.000024,1
4612,36.8169,31.5001,1.1688,0.8556,0.9971,0.0586,0.478855,0.478907,0.000051,0
4613,54.3535,54.1119,1.0045,0.9956,1.2806,0.0340,0.538769,0.538863,0.000094,1
4614,68.4585,62.9537,1.0874,0.9196,1.4010,0.0464,0.265983,0.266055,0.000072,1
4615,65.0069,62.3488,1.0426,0.9591,1.3417,0.0428,0.238711,0.238751,0.000040,1
4616,46.5804,62.2731,0.7480,1.3369,1.0270,0.0525,0.163733,0.172607,0.008873,0
4617,28.8333,31.9291,0.9030,1.1074,0.3244,0.0468,0.242605,0.242614,0.000008,1
4618,38.2617,32.8154,1.1660,0.8577,0.5254,0.0307,0.196425,0.199068,0.002643,0
4619,71.2326,88.9213,0.8011,1.2483,0.1868,0.0215,0.203761,0.327319,0.123558,0
4620,73.4593,83.6880,0.8778,1.1392,0.7543,0.0238,0.300163,0.302002,0.001838,1
4621,62.4763,74.2188,0.8418,1.1880,1.1877,0.0549,0.406490,0.406653,0.000163,0
4622,48.0782,40.0854,1.1994,0.8338,0.2844,0.0328,0.234280,0.256191,0.021912,0
4623,33.7407,33.8387,0.9971,1.0029,0.8466,0.0253,0.157788,0.157788,0.000000,1
4624,57.9626,60.3252,0.9608,1.0408,1.2336,0.0515,0.436789,0.436916,0.000127,1
4625,65.2083,65.2654,0.9991,1.0009,1.1224,0.0312,0.336187,0.336284,0.000097,1
4626,41.5394,57.2180,0.7260,1.3774,1.2616,0.0204,0.218935,0.222191,0.003256,0
4627,23.4242,22.0160,1.0640,0.9399,0.1298,0.0526,0.207741,0.207995,0.000254,1
4628,76.5703,103.6554,0.7387,1.3537,0.1574,0.0304,0.207094,0.050010,0.157084,0
4629,74.2595,93.7770,0.7919,1.2628,1.2106,0.0414,0.292497,0.299093,0.006596,0
4630,63.6299,75.2371,0.8457,1.1824,0.5843,0.0579,0.284904,0.285490,0.000586,0
4631,42.5996,52.3435,0.8138,1.2287,0.4164,0.0281,0.542883,0.542894,0.000011,0
4632,43.5517,54.3620,0.8011,1.2482,0.9885,0.0538,0.514208,0.514225,0.000017,0
4633,28.4927,22.2056,1.2831,0.7793,1.3243,0.0219,0.231216,0.232312,0.001096,0
4634,25.1546,31.1436,0.8077,1.2381,0.2111,0.0404,0.270426,0.309616,0.039190,0
4635,58.6200,44.1058,1.3291,0.7524,0.2661,0.0333,0.184669,0.339579,0.154910,0
4636,71.0331,66.5732,1.0670,0.9372,0.7238,0.0270,0.166431,0.166537,0.000106,1
4637,29.8898,30.8017,0.9704,1.0305,0.7869,0.0274,0.403523,0.403632,0.000109,1
4638,70.1267,81.2277,0.8633,1.1583,0.4336,0.0569,0.308147,0.310652,0.002506,1
4639,45.5696,44.9164,1.0145,0.9857,0.7242,0.0305,0.503038,0.503150,0.000112,1
4640,64.1792,79.1265,0.8111,1.2329,0.4333,0.0489,0.276249,0.280984,0.004735,0
4641,51.5519,37.5411,1.3732,0.7282,0.4041,0.0423,0.278715,0.342923,0.064208,0
4642,77.9583,100.7246,0.7740,1.2920,0.6870,0.0444,0.210329,0.378622,0.168293,0
4643,28.4286,39.4265,0.7211,1.3869,0.9452,0.0232,0.461533,0.461627,0.000094,0
4644,38.3734,35.7919,1.0721,0.9327,0.8165,0.0380,0.534851,0.534961,0.000110,1
4645,61.6047,62.6575,0.9832,1.0171,0.8342,0.0251,0.452402,0.452507,0.000105,1
4646,42.3395,31.7678,1.3328,0.7503,1.0639,0.0244,0.261112,0.264192,0.003080,0
4647,34.0574,28.9725,1.1755,0.8507,0.8512,0.0533,0.353864,0.353920,0.000057,0
4648,35.2550,43.9177,0.8028,1.2457,0.3213,0.0585,0.475144,0.475260,0.000116,0
4649,62.3774,64.9173,0.9609,1.0407,1.3644,0.0384,0.402156,0.402259,0.000103,1
4650,38.6663,28.3691,1.3630,0.7337,1.4248,0.0234,0.228213,0.233523,0.005310,0
4651,63.4083,77.2752,0.8206,1.2187,1.2448,0.0560,0.194447,0.195215,0.000767,0
4652,44.5058,40.8263,1.0901,0.9173,1.4690,0.0236,0.235440,0.235446,0.000007,1
4653,54.2308,56.6880,0.9567,1.0453,1.0651,0.0549,0.353388,0.353517,0.000129,1
4654,21.9007,26.1648,0.8370,1.1947,1.2978,0.0466,0.406832,0.406856,0.000025,0
4655,49.3106,39.1440,1.2597,0.7938,0.8953,0.0551,0.325237,0.325780,0.000543,0
4656,68.2516,72.5470,0.9408,1.0629,0.9285,0.0305,0.336541,0.336703,0.000162,1
4657,23.3967,26.7300,0.8753,1.1425,0.7879,0.0513,0.517895,0.518011,0.000117,1
4658,26.7293,24.5777,1.0875,0.9195,0.2635,0.0502,0.307842,0.307851,0.000009,1
4659,34.2277,39.5984,0.8644,1.1569,0.6164,0.0382,0.401546,0.401543,0.000002,1
4660,74.9571,95.1240,0.7880,1.2690,1.1843,0.0460,0.184376,0.197102,0.012726,0
4661,23.2392,23.3082,0.9970,1.0030,0.9772,0.0207,0.367475,0.367572,0.000097,1
4662,51.9163,50.0264,1.0378,0.9636,0.6169,0.0379,0.403291,0.403289,0.000003,1
4663,52.3411,64.4250,0.8124,1.2309,1.2547,0.0339,0.319182,0.319191,0.000009,0
4664,39.6844,42.5279,0.9331,1.0717,1.1409,0.0366,0.411202,0.411301,0.000100,1
4665,28.2638,34.0186,0.8308,1.2036,0.7655,0.0351,0.405379,0.405379,0.000000,0
4666,20.6867,25.3455,0.8162,1.2252,0.8009,0.0291,0.541211,0.541208,0.000003,0
4667,70.3446,83.7402,0.8400,1.1904,1.4070,0.0531,0.445676,0.446770,0.001094,0
4668,57.6037,55.9399,1.0297,0.9711,0.7091,0.0202,0.367353,0.367467,0.000114,1
4669,50.2939,50.2294,1.0013,0.9987,0.3177,0.0298,0.297673,0.297846,0.000173,1
4670,59.0722,76.2841,0.7744,1.2914,1.0052,0.0236,0.442538,0.442747,0.000209,0
4671,71.3407,97.2815,0.7333,1.3636,1.3864,0.0532,0.317644,0.326939,0.009294,0
4672,67.6034,67.1253,1.0071,0.9929,0.5158,0.0563,0.276444,0.276448,0.000004,1
4673,76.1602,71.4728,1.0656,0.9385,0.6982,0.0394,0.227517,0.227817,0.000300,1
4674,44.0242,41.4200,1.0629,0.9408,1.0240,0.0304,0.292619,0.292622,0.000003,1
4675,36.1724,44.2082,0.8182,1.2222,1.0546,0.0298,0.367304,0.367306,0.000002,0
4676,72.9118,54.9587,1.3267,0.7538,0.9830,0.0496,0.166236,0.221415,0.055179,0
4677,76.2902,69.0816,1.1043,0.9055,0.4233,0.0386,0.534375,0.534759,0.000385,1
4678,43.2459,40.5704,1.0659,0.9381,0.5667,0.0462,0.439682,0.439681,0.000000,1
4679,26.6140,29.4795,0.9028,1.1077,0.8400,0.0337,0.240274,0.240274,0.000000,1
4680,35.5699,40.6300,0.8755,1.1423,0.1186,0.0246,0.287822,0.295821,0.008000,1
4681,63.5823,82.1802,0.7737,1.2925,1.1746,0.0371,0.500999,0.501976,0.000977,0
4682,58.5394,52.8730,1.1072,0.9032,0.3145,0.0496,0.212795,0.213297,0.000502,1
4683,64.7597,83.5678,0.7749,1.2904,0.5598,0.0572,0.267301,0.277649,0.010348,0
4684,31.6623,33.9919,0.9315,1.0736,1.2629,0.0267,0.335614,0.335703,0.000090,1
4685,31.9059,44.3929,0.7187,1.3914,0.8351,0.0220,0.150586,0.254365,0.103779,0
4686,34.6141,41.2271,0.8396,1.1910,1.3183,0.0580,0.472019,0.472162,0.000143,0
4687,72.9960,73.5496,0.9925,1.0076,1.1659,0.0294,0.452365,0.452459,0.000094,1
4688,24.1493,32.0627,0.7532,1.3277,0.7349,0.0256,0.180567,0.209170,0.028602,0
4689,53.6503,70.6646,0.7592,1.3171,0.3232,0.0368,0.316546,0.338699,0.022153,0
4690,45.1906,61.7173,0.7322,1.3657,1.0293,0.0325,0.302873,0.303299,0.000425,0
4691,48.9499,57.6607,0.8489,1.1780,1.2315,0.0225,0.339740,0.339739,0.000001,0
4692,20.1978,24.8466,0.8129,1.2302,0.2219,0.0591,0.229287,0.285040,0.055753,0
4693,65.6514,54.9980,1.1937,0.8377,0.9883,0.0294,0.447372,0.447379,0.000007,0
4694,58.2684,46.7827,1.2455,0.8029,0.3582,0.0380,0.468052,0.468355,0.000304,0
4695,79.7638,66.9753,1.1909,0.8397,0.2993,0.0295,0.522485,0.524504,0.002019,0
4696,29.8862,26.4577,1.1296,0.8853,1.2565,0.0308,0.521252,0.521345,0.000093,1
4697,42.8999,31.3872,1.3668,0.7316,0.8398,0.0407,0.209291,0.258839,0.049547,0
4698,32.4699,32.6585,0.9942,1.0058,0.4558,0.0442,0.428488,0.428631,0.000144,1
4699,70.0699,56.6442,1.2370,0.8084,0.9083,0.0556,0.354718,0.354917,0.000199,0
4700,53.1431,54.2375,0.9798,1.0206,1.4239,0.0404,0.276945,0.277058,0.000113,1
4701,29.4101,21.9234,1.3415,0.7454,1.3772,0.0441,0.349005,0.349504,0.000499,0
4702,46.3112,54.1063,0.8559,1.1683,0.8085,0.0537,0.346564,0.346573,0.000009,1
4703,48.0746,52.9878,0.9073,1.1022,0.4188,0.0442,0.230435,0.230435,0.000001,1
4704,51.7991,64.8678,0.7985,1.2523,1.4440,0.0219,0.209267,0.209333,0.000066,0
4705,65.5818,76.9245,0.8525,1.1730,1.0898,0.0473,0.479075,0.479385,0.000310,1
4706,72.2562,91.7643,0.7874,1.2700,1.1428,0.0239,0.483836,0.487592,0.003756,0
4707,24.0834,17.5889,1.3692,0.7303,0.8545,0.0577,0.191163,0.273931,0.082768,0
4708,73.6479,53.8443,1.3678,0.7311,0.7724,0.0455,0.510643,0.510944,0.000300,0
4709,21.4924,15.6466,1.3736,0.7280,1.3953,0.0489,0.448434,0.448718,0.000284,0
4710,57.4792,42.3867,1.3561,0.7374,0.5330,0.0283,0.205690,0.309536,0.103846,0
4711,25.8760,28.2845,0.9148,1.0931,1.2795,0.0365,0.425021,0.425118,0.000097,1
4712,65.3529,83.4929,0.7827,1.2776,0.6627,0.0599,0.428475,0.431016,0.002541,0
4713,35.4472,43.6930,0.8113,1.2326,1.0856,0.0588,0.160694,0.160845,0.000152,0
4714,43.1654,58.5365,0.7374,1.3561,0.4052,0.0443,0.205739,0.330103,0.124364,0
4715,65.2797,84.1259,0.7760,1.2887,0.9308,0.0351,0.219680,0.226439,0.006759,0
4716,21.1151,18.2950,1.1541,0.8664,0.7351,0.0318,0.341375,0.341385,0.000010,0
4717,67.1767,86.8232,0.7737,1.2925,0.8493,0.0561,0.502477,0.505368,0.002892,0
4718,24.2427,25.8684,0.9372,1.0671,0.6309,0.0528,0.161975,0.161981,0.000006,1
4719,60.3357,76.9425,0.7842,1.2752,1.4222,0.0585,0.531823,0.532145,0.000322,0
4720,63.9521,87.5916,0.7301,1.3696,0.9948,0.0576,0.248685,0.257777,0.009092,0
4721,45.0624,62.2537,0.7239,1.3815,0.9387,0.0538,0.244351,0.246893,0.002541,0
4722,61.4270,81.9010,0.7500,1.3333,1.0055,0.0364,0.237735,0.242403,0.004668,0
4723,67.4313,79.8169,0.8448,1.1837,1.2413,0.0385,0.335333,0.336075,0.000742,0
4724,26.4510,24.2461,1.0909,0.9166,0.9429,0.0449,0.385701,0.385715,0.000014,1
4725,76.7589,85.0268,0.9028,1.1077,0.9500,0.0227,0.377180,0.378170,0.000990,1
4726,47.4264,33.6422,1.4097,0.7094,0.1040,0.0428,0.239444,0.729918,0.490475,0
4727,67.7554,56.1815,1.2060,0.8292,0.2564,0.0329,0.311052,0.317234,0.006182,0
4728,47.9244,51.8712,0.9239,1.0824,0.7259,0.0585,0.277274,0.277287,0.000012,1
4729,42.5922,54.5947,0.7802,1.2818,0.1873,0.0453,0.345819,0.385779,0.039960,0
4730,59.2315,47.3574,1.2507,0.7995,1.0084,0.0587,0.444101,0.444213,0.000112,0
4731,22.4757,22.8684,0.9828,1.0175,0.4534,0.0267,0.440414,0.440556,0.000142,1
4732,74.7758,101.7948,0.7346,1.3613,0.1642,0.0492,0.342193,0.810245,0.468052,0
4733,21.0987,28.7047,0.7350,1.3605,0.5764,0.0507,0.443161,0.443474,0.000313,0
4734,38.3038,28.2692,1.3550,0.7380,0.5000,0.0210,0.308623,0.327489,0.018866,0
4735,40.9992,36.6269,1.1194,0.8934,1.0196,0.0592,0.265360,0.265452,0.000092,1
4736,20.9998,28.0947,0.7475,1.3379,0.6070,0.0595,0.360749,0.361240,0.000492,0
4737,26.1013,36.1972,0.7211,1.3868,0.7989,0.0228,0.426827,0.427104,0.000276,0
4738,30.5930,23.7529,1.2880,0.7764,0.6115,0.0319,0.273893,0.280782,0.006889,0
4739,56.6881,75.2822,0.7530,1.3280,0.5952,0.0554,0.377351,0.377884,0.000533,0
4740,35.6743,43.2184,0.8254,1.2115,1.2541,0.0240,0.518139,0.518225,0.000086,0
4741,24.6675,27.1000,0.9102,1.0986,0.4157,0.0318,0.220864,0.220866,0.000002,1
4742,28.2180,25.7326,1.0966,0.9119,0.9305,0.0235,0.475669,0.475665,0.000004,1
4743,54.4139,48.5308,1.1212,0.8919,0.6103,0.0453,0.297624,0.297642,0.000018,1
4744,54.3040,42.7390,1.2706,0.7870,0.4909,0.0597,0.536242,0.536376,0.000134,0
4745,35.3539,39.8741,0.8866,1.1279,1.2468,0.0206,0.365375,0.365373,0.000003,1
4746,44.7108,51.0435,0.8759,1.1416,0.7511,0.0584,0.375105,0.375115,0.000010,1
4747,64.3385,45.7146,1.4074,0.7105,0.1256,0.0311,0.511473,0.671965,0.160492,0
4748,60.9290,54.1527,1.1251,0.8888,0.8786,0.0438,0.205971,0.206086,0.000115,1
4749,76.0942,80.8020,0.9417,1.0619,0.9783,0.0582,0.475938,0.476260,0.000323,1
4750,65.6862,77.2672,0.8501,1.1763,0.2640,0.0326,0.321355,0.324413,0.003058,1
4751,66.2484,82.7885,0.8002,1.2497,1.2968,0.0238,0.218801,0.221119,0.002318,0
4752,57.8307,58.2829,0.9922,1.0078,0.3441,0.0534,0.433151,0.433317,0.000166,1
4753,61.1066,84.8796,0.7199,1.3890,1.2634,0.0299,0.176026,0.216057,0.040031,0
4754,26.8209,34.8374,0.7699,1.2989,0.4823,0.0469,0.258621,0.267673,0.009051,0
4755,38.8824,39.9174,0.9741,1.0266,0.4805,0.0304,0.163782,0.163781,0.000001,1
4756,29.7452,39.9307,0.7449,1.3424,0.4137,0.0248,0.509935,0.510448,0.000512,0
4757,76.2096,99.1034,0.7690,1.3004,1.4877,0.0371,0.364435,0.372065,0.007630,0
4758,61.0114,48.8964,1.2478,0.8014,0.8935,0.0533,0.190223,0.205727,0.015503,0
4759,58.5778,75.8721,0.7721,1.2952,0.9007,0.0334,0.505712,0.505865,0.000153,0
4760,39.4336,37.0858,1.0633,0.9405,1.4333,0.0483,0.324688,0.324753,0.000065,1
4761,51.9016,39.9258,1.3000,0.7693,0.4668,0.0366,0.480271,0.480692,0.000420,0
4762,26.5700,34.1516,0.7780,1.2853,0.1345,0.0418,0.412349,0.466730,0.054381,0
4763,21.6242,17.3118,1.2491,0.8006,0.8944,0.0233,0.293864,0.294161,0.000297,0
4764,21.4997,17.2709,1.2448,0.8033,0.2199,0.0548,0.422579,0.427472,0.004893,0
4765,43.5994,42.7518,1.0198,0.9806,1.0450,0.0314,0.428280,0.428378,0.000098,1
4766,58.3874,44.3038,1.3179,0.7588,1.4802,0.0554,0.529601,0.529773,0.000172,0
4767,34.7221,26.0753,1.3316,0.7510,0.6558,0.0454,0.508837,0.509079,0.000242,0
4768,71.3169,61.3864,1.1618,0.8608,0.6875,0.0292,0.229397,0.229801,0.000404,0
4769,78.3795,80.8794,0.9691,1.0319,0.6637,0.0242,0.426730,0.426950,0.000221,1
4770,73.8603,89.8473,0.8221,1.2164,0.4422,0.0577,0.465268,0.471859,0.006590,0
4771,27.8848,36.3497,0.7671,1.3036,1.0964,0.0427,0.432601,0.432618,0.000017,0
4772,75.9624,81.7346,0.9294,1.0760,1.0914,0.0297,0.151331,0.152184,0.000853,1
4773,57.6458,62.1555,0.9274,1.0782,0.6691,0.0445,0.240445,0.240447,0.000002,1
4774,35.5168,33.2004,1.0698,0.9348,1.0705,0.0209,0.478587,0.478678,0.000092,1
4775,54.1777,71.0201,0.7628,1.3109,1.3414,0.0551,0.510167,0.510214,0.000047,0
4776,24.0010,28.5735,0.8400,1.1905,0.6345,0.0257,0.262772,0.262834,0.000062,0
4777,55.0548,40.8412,1.3480,0.7418,0.6264,0.0211,0.261576,0.283929,0.022353,0
4778,42.2114,49.3245,0.8558,1.1685,0.4501,0.0593,0.201454,0.201815,0.000361,1
4779,70.6833,58.3058,1.2123,0.8249,0.6805,0.0378,0.265006,0.265835,0.000829,0
4780,21.0327,20.3556,1.0333,0.9678,0.2799,0.0339,0.495128,0.495121,0.000007,1
4781,59.0796,50.7913,1.1632,0.8597,0.6112,0.0507,0.300371,0.300481,0.000110,0
4782,70.7126,90.6378,0.7802,1.2818,0.5898,0.0557,0.507262,0.513561,0.006299,0
4783,65.0270,84.9019,0.7659,1.3056,0.2909,0.0580,0.431002,0.445575,0.014573,0
4784,27.8280,29.0978,0.9564,1.0456,1.3125,0.0461,0.238760,0.238883,0.000123,1
4785,39.6258,35.2722,1.1234,0.8901,0.1451,0.0338,0.548791,0.548798,0.000007,1
4786,59.6326,47.6181,1.2523,0.7985,1.1935,0.0454,0.224209,0.226506,0.002297,0
4787,41.8946,39.0091,1.0740,0.9311,0.7529,0.0534,0.263114,0.263134,0.000020,1
4788,27.9855,37.9439,0.7375,1.3558,0.2942,0.0265,0.270853,0.384542,0.113689,0
4789,48.0178,36.0200,1.3331,0.7501,1.3452,0.0301,0.179151,0.198878,0.019727,0
4790,37.5072,49.0190,0.7652,1.3069,0.3101,0.0464,0.305657,0.329463,0.023806,0
4791,73.8639,70.5818,1.0465,0.9556,0.4756,0.0315,0.389753,0.389840,0.000087,1
4792,41.9330,30.2588,1.3858,0.7216,0.7568,0.0350,0.521398,0.521703,0.000305,0
4793,29.7726,24.0007,1.2405,0.8061,0.7557,0.0237,0.440500,0.440527,0.000028,0
4794,26.9619,21.6116,1.2476,0.8016,1.1543,0.0389,0.270060,0.270514,0.000454,0
4795,50.9439,46.4927,1.0957,0.9126,0.8522,0.0535,0.168702,0.168895,0.000193,1
4796,34.1893,30.4636,1.1223,0.8910,1.0745,0.0313,0.190040,0.190099,0.000058,1
4797,79.5221,86.6164,0.9181,1.0892,1.2317,0.0491,0.515014,0.515635,0.000622,1
4798,26.7696,37.4317,0.7152,1.3983,0.2930,0.0232,0.322845,0.399656,0.076812,0
4799,53.2218,37.8272,1.4070,0.7107,0.8630,0.0412,0.309771,0.319852,0.010081,0
4800,30.7285,34.3127,0.8955,1.1166,1.2621,0.0572,0.526293,0.526431,0.000138,1
4801,37.4487,43.3304,0.8643,1.1571,0.3415,0.0506,0.197255,0.198705,0.001450,1
4802,43.7458,57.1229,0.7658,1.3058,0.2909,0.0209,0.372871,0.383506,0.010635,0
4803,20.9522,15.0300,1.3940,0.7173,0.9458,0.0306,0.526147,0.526333,0.000186,0
4804,73.3512,90.9706,0.8063,1.2402,0.7412,0.0334,0.385322,0.391177,0.005855,0
4805,56.6350,55.1989,1.0260,0.9746,0.6587,0.0252,0.458444,0.458562,0.000117,1
4806,56.3054,61.2852,0.9187,1.0884,1.0078,0.0258,0.155957,0.155958,0.000001,1
4807,66.4919,71.7277,0.9270,1.0787,0.2507,0.0321,0.177161,0.177649,0.000487,1
4808,27.8976,22.0987,1.2624,0.7921,0.4184,0.0258,0.472251,0.472475,0.000224,0
4809,20.6738,15.1973,1.3604,0.7351,1.2111,0.0600,0.358393,0.359582,0.001189,0
4810,61.5827,43.4013,1.4189,0.7048,1.4440,0.0506,0.477866,0.478236,0.000370,0
4811,42.4293,49.7504,0.8528,1.1725,0.1009,0.0390,0.465183,0.467207,0.002025,1
4812,73.2450,63.3669,1.1559,0.8651,0.7195,0.0595,0.387043,0.387244,0.000200,0
4813,40.9351,57.0249,0.7178,1.3931,1.4560,0.0572,0.167664,0.170553,0.002889,0
4814,27.9708,35.1252,0.7963,1.2558,1.3242,0.0362,0.189320,0.189431,0.000111,0
4815,70.3372,80.1733,0.8773,1.1398,0.5748,0.0253,0.548560,0.549367,0.000807,1
4816,27.8701,32.6308,0.8541,1.1708,0.5233,0.0551,0.382807,0.382809,0.000002,1
4817,32.8452,33.8977,0.9690,1.0320,0.8505,0.0355,0.362323,0.362432,0.000109,1
4818,24.9879,30.6747,0.8146,1.2276,0.7169,0.0496,0.505699,0.505703,0.000003,0
4819,44.4325,35.2574,1.2602,0.7935,0.2310,0.0343,0.533813,0.534707,0.000894,0
4820,20.9522,23.8759,0.8775,1.1395,1.2385,0.0440,0.349811,0.349829,0.000018,1
4821,60.5811,44.7182,1.3547,0.7382,0.1850,0.0408,0.353864,0.510100,0.156236,0
4822,52.2880,60.8109,0.8598,1.1630,0.8805,0.0558,0.483494,0.483614,0.000120,1
4823,54.6263,73.7379,0.7408,1.3499,1.2935,0.0392,0.508983,0.509001,0.000018,0
4824,64.8109,63.0041,1.0287,0.9721,1.3683,0.0394,0.337799,0.337823,0.000025,1
4825,49.5212,54.5420,0.9079,1.1014,0.3502,0.0370,0.216811,0.216821,0.000010,1
4826,79.7601,75.4492,1.0571,0.9460,0.4312,0.0517,0.466562,0.466902,0.000339,1
4827,43.2441,46.7177,0.9256,1.0803,0.9163,0.0369,0.181031,0.181036,0.000004,1
4828,75.5943,75.8366,0.9968,1.0032,1.2053,0.0393,0.329083,0.329189,0.000107,1
4829,75.8562,69.5524,1.0906,0.9169,0.5038,0.0481,0.476487,0.476769,0.000282,1
4830,60.5371,50.4562,1.1998,0.8335,1.2265,0.0467,0.514257,0.514298,0.000042,0
4831,39.8529,33.0887,1.2044,0.8303,0.2457,0.0562,0.279618,0.296255,0.016637,0
4832,59.0997,52.3287,1.1294,0.8854,0.2010,0.0562,0.374934,0.375060,0.000127,1
4833,72.7195,66.0270,1.1014,0.9080,1.1082,0.0429,0.419356,0.419444,0.000088,1
4834,68.8247,63.2832,1.0876,0.9195,1.2569,0.0371,0.224160,0.224200,0.000040,1
4835,68.5446,48.0896,1.4254,0.7016,0.7003,0.0214,0.289714,0.315789,0.026076,0
4836,28.5586,32.9550,0.8666,1.1539,1.0543,0.0522,0.407698,0.407816,0.000118,1
4837,42.2150,39.7891,1.0610,0.9425,1.2067,0.0334,0.388618,0.388626,0.000008,1
4838,24.3855,25.9661,0.9391,1.0648,0.1414,0.0596,0.161792,0.161942,0.000149,1
4839,52.0499,54.4462,0.9560,1.0460,0.9849,0.0337,0.475694,0.475794,0.000100,1
4840,31.3218,30.7108,1.0199,0.9805,0.2614,0.0340,0.441317,0.441311,0.000007,1
4841,32.7207,41.3934,0.7905,1.2651,1.0067,0.0381,0.527429,0.527433,0.000004,0
4842,55.6096,48.8167,1.1392,0.8778,0.1182,0.0319,0.509899,0.510024,0.000125,1
4843,67.0779,64.8080,1.0350,0.9662,0.6608,0.0498,0.359320,0.359328,0.000007,1
4844,31.2485,30.5209,1.0238,0.9767,0.1717,0.0242,0.472446,0.472440,0.000006,1
4845,70.8371,79.0316,0.8963,1.1157,0.5394,0.0226,0.232229,0.233561,0.001332,1
4846,62.9872,68.0277,0.9259,1.0800,0.1270,0.0250,0.349689,0.349725,0.000037,1
4847,75.2208,88.0683,0.8541,1.1708,1.3872,0.0407,0.414168,0.415768,0.001600,1
4848,23.7501,32.1943,0.7377,1.3555,1.2938,0.0461,0.395064,0.395103,0.000040,0
4849,27.3611,28.9714,0.9444,1.0589,1.2647,0.0263,0.378852,0.378941,0.000089,1
4850,74.8985,70.4648,1.0629,0.9408,0.8739,0.0333,0.386775,0.386875,0.000101,1
4851,23.8325,21.0175,1.1339,0.8819,0.4558,0.0509,0.338836,0.338863,0.000027,1
4852,70.3024,56.9884,1.2336,0.8106,1.4941,0.0374,0.440646,0.440692,0.000046,0
4853,26.6652,26.4670,1.0075,0.9926,1.3888,0.0292,0.183558,0.183569,0.000011,1
4854,77.5884,63.3288,1.2252,0.8162,0.2754,0.0510,0.533972,0.535596,0.001624,0
4855,41.2519,51.1343,0.8067,1.2396,1.3353,0.0394,0.271683,0.271702,0.000018,0
4856,29.3295,32.9304,0.8907,1.1228,1.4333,0.0289,0.456821,0.456907,0.000086,1
4857,58.8342,50.6469,1.1617,0.8608,0.1654,0.0480,0.362067,0.363958,0.001891,0
4858,71.1850,69.4499,1.0250,0.9756,1.3727,0.0382,0.363642,0.363754,0.000112,1
4859,60.7074,42.6314,1.4240,0.7022,0.8450,0.0442,0.309465,0.323773,0.014308,0
4860,50.3378,58.0407,0.8673,1.1530,0.8833,0.0256,0.536670,0.536770,0.000101,1
4861,63.9613,60.1832,1.0628,0.9409,0.5474,0.0539,0.448361,0.448363,0.000002,1
4862,53.6485,45.6442,1.1754,0.8508,0.9120,0.0249,0.242203,0.242303,0.000101,0
4863,37.3443,44.4031,0.8410,1.1890,1.4772,0.0312,0.292289,0.292298,0.000009,0
4864,48.1570,64.1195,0.7511,1.3315,0.6682,0.0448,0.511364,0.511407,0.000044,0
4865,47.9739,49.2785,0.9735,1.0272,0.2585,0.0429,0.336480,0.336476,0.000004,1
4866,24.5357,26.7932,0.9157,1.0920,0.2837,0.0583,0.359076,0.359073,0.000003,1
4867,32.6823,44.4600,0.7351,1.3604,1.4854,0.0486,0.417562,0.417610,0.000048,0
4868,64.1810,57.8562,1.1093,0.9015,0.4752,0.0294,0.418575,0.418571,0.000004,1
4869,59.3414,58.3589,1.0168,0.9834,1.2538,0.0499,0.307231,0.307277,0.000046,1
4870,70.4379,96.1573,0.7325,1.3651,1.4138,0.0401,0.262601,0.273019,0.010418,0
4871,70.9305,98.2557,0.7219,1.3852,1.4593,0.0485,0.245279,0.258837,0.013559,0
4872,31.4719,41.8104,0.7527,1.3285,0.2758,0.0506,0.259134,0.322285,0.063150,0
4873,66.0689,84.9609,0.7776,1.2859,1.0374,0.0377,0.402742,0.404961,0.002219,0
4874,23.9570,28.1374,0.8514,1.1745,1.3022,0.0396,0.515612,0.515710,0.000099,1
4875,61.4966,73.1995,0.8401,1.1903,1.0027,0.0365,0.257315,0.257468,0.000152,0
4876,70.6064,65.8686,1.0719,0.9329,1.2042,0.0378,0.354572,0.354612,0.000040,1
4877,42.3322,47.7682,0.8862,1.1284,1.4069,0.0530,0.210964,0.211022,0.000058,1
4878,78.1542,66.0880,1.1826,0.8456,1.0017,0.0487,0.282963,0.283938,0.000975,0
4879,52.0957,59.3319,0.8780,1.1389,0.4356,0.0309,0.333001,0.333002,0.000000,1
4880,73.1407,84.5735,0.8648,1.1563,1.0347,0.0511,0.217800,0.220152,0.002352,1
4881,64.1462,71.3036,0.8996,1.1116,0.8918,0.0588,0.323064,0.323149,0.000084,1
4882,48.2430,41.1194,1.1732,0.8523,0.7297,0.0466,0.463645,0.463658,0.000013,0
4883,26.8099,30.4628,0.8801,1.1363,0.7373,0.0524,0.503697,0.503817,0.000120,1
4884,59.5630,66.7408,0.8925,1.1205,1.1023,0.0533,0.449704,0.449825,0.000121,1
4885,63.4175,69.0181,0.9189,1.0883,0.8565,0.0369,0.525805,0.525920,0.000115,1
4886,42.5282,34.9801,1.2158,0.8225,1.1092,0.0579,0.179835,0.188242,0.008407,0
4887,53.4983,43.2284,1.2376,0.8080,1.2508,0.0264,0.348688,0.348726,0.000039,0
4888,68.6306,60.9890,1.1253,0.8887,0.2112,0.0370,0.373859,0.373940,0.000081,1
4889,59.7790,53.0362,1.1271,0.8872,1.3350,0.0496,0.391585,0.391646,0.000061,1
4890,54.3406,71.0259,0.7651,1.3070,0.4298,0.0325,0.235623,0.268418,0.032795,0
4891,54.8918,52.0892,1.0538,0.9489,0.9656,0.0573,0.395125,0.395159,0.000035,1
4892,44.9178,57.8548,0.7764,1.2880,0.7733,0.0231,0.322271,0.322474,0.000203,0
4893,39.5764,31.0879,1.2730,0.7855,1.1673,0.0532,0.528796,0.528879,0.000084,0
4894,36.9378,46.0266,0.8025,1.2461,0.9251,0.0325,0.157581,0.160830,0.003249,0
4895,67.8011,80.5676,0.8415,1.1883,1.4992,0.0384,0.284220,0.285076,0.000856,0
4896,41.5119,45.8067,0.9062,1.1035,1.3215,0.0282,0.484129,0.484216,0.000087,1
4897,61.3739,64.6963,0.9486,1.0541,0.9058,0.0337,0.154590,0.154593,0.000003,1
4898,73.2047,89.1046,0.8216,1.2172,1.3583,0.0328,0.430062,0.432310,0.002248,0
4899,24.7719,26.4955,0.9349,1.0696,0.7955,0.0571,0.266422,0.266550,0.000128,1
4900,64.6846,77.7141,0.8323,1.2014,0.6421,0.0347,0.430526,0.431250,0.000724,0
4901,57.3455,54.2350,1.0574,0.9458,0.6594,0.0568,0.453085,0.453094,0.000008,1
4902,42.0136,50.4172,0.8333,1.2000,0.1111,0.0215,0.537378,0.538972,0.001594,0
4903,42.5794,37.9212,1.1228,0.8906,0.8581,0.0366,0.388008,0.388012,0.000004,1
4904,57.4279,57.0488,1.0066,0.9934,0.2679,0.0225,0.427377,0.427563,0.000187,1
4905,29.9704,40.4277,0.7413,1.3489,1.1464,0.0423,0.180909,0.185972,0.005063,0
4906,73.1663,61.5247,1.1892,0.8409,1.4688,0.0257,0.425582,0.425650,0.000068,0
4907,71.9303,79.2217,0.9080,1.1014,0.3383,0.0368,0.331536,0.332837,0.001301,1
4908,68.7551,68.6465,1.0016,0.9984,1.1788,0.0566,0.249136,0.249199,0.000063,1
4909,53.3482,52.2210,1.0216,0.9789,0.1226,0.0557,0.183241,0.183239,0.000002,1
4910,52.7439,39.7174,1.3280,0.7530,0.2954,0.0305,0.396284,0.412377,0.016093,0
4911,72.7525,58.6698,1.2400,0.8064,0.8964,0.0535,0.272745,0.274061,0.001315,0
4912,25.5831,28.5004,0.8976,1.1140,1.0507,0.0482,0.205837,0.205855,0.000018,1
4913,58.5449,48.4781,1.2077,0.8280,0.8548,0.0466,0.482188,0.482213,0.000025,0
4914,70.7822,66.2307,1.0687,0.9357,0.7933,0.0560,0.244974,0.245059,0.000086,1
4915,49.4552,57.7901,0.8558,1.1685,0.9542,0.0593,0.516369,0.516493,0.000124,1
4916,54.1429,73.3664,0.7380,1.3551,0.4983,0.0244,0.495836,0.496212,0.000377,0
4917,72.3533,83.0092,0.8716,1.1473,1.0071,0.0263,0.200563,0.202555,0.001992,1
4918,73.0985,83.8611,0.8717,1.1472,1.1402,0.0388,0.256388,0.257964,0.001576,1
4919,30.5033,29.3010,1.0410,0.9606,0.1585,0.0458,0.273270,0.273267,0.000004,1
4920,47.7285,46.2623,1.0317,0.9693,0.8551,0.0433,0.396834,0.396840,0.000006,1
4921,48.7960,38.0632,1.2820,0.7800,1.0114,0.0558,0.383198,0.383473,0.000275,0
4922,69.2019,49.5531,1.3965,0.7161,1.0976,0.0251,0.469346,0.469549,0.000204,0
4923,46.7287,59.0064,0.7919,1.2627,0.7737,0.0494,0.541614,0.541619,0.000006,0
4924,27.7108,35.7494,0.7751,1.2901,0.5338,0.0312,0.207851,0.229168,0.021317,0
4925,22.8144,30.1549,0.7566,1.3217,0.2871,0.0340,0.378388,0.391642,0.013254,0
4926,58.1182,71.1573,0.8168,1.2244,0.7847,0.0408,0.423775,0.423780,0.000005,0
4927,72.7030,69.1665,1.0511,0.9514,1.3226,0.0412,0.254312,0.254387,0.000075,1
4928,54.6501,67.4645,0.8101,1.2345,0.5124,0.0376,0.254251,0.255388,0.001137,0
4929,25.4494,18.4528,1.3792,0.7251,0.7822,0.0598,0.242141,0.286535,0.044393,0
4930,64.0217,73.5108,0.8709,1.1482,0.1115,0.0252,0.202052,0.365830,0.163777,1
4931,45.5861,62.7766,0.7262,1.3771,0.8935,0.0227,0.255533,0.260506,0.004973,0
4932,36.4086,47.5801,0.7652,1.3068,0.7869,0.0238,0.268668,0.269837,0.001169,0
4933,69.9344,85.6543,0.8165,1.2248,0.2019,0.0373,0.227407,0.301525,0.074118,0
4934,43.5426,56.1458,0.7755,1.2894,0.6636,0.0339,0.177613,0.199014,0.021401,0
4935,45.8187,53.9899,0.8487,1.1783,1.0341,0.0491,0.268400,0.268415,0.000016,0
4936,50.1419,40.9619,1.2241,0.8169,1.1376,0.0422,0.260184,0.260570,0.000385,0
4937,68.0575,54.5827,1.2469,0.8020,1.3956,0.0565,0.221035,0.223632,0.002598,0
4938,56.6442,55.6580,1.0177,0.9826,1.3348,0.0589,0.282865,0.282965,0.000100,1
4939,33.9970,34.9383,0.9731,1.0277,1.2477,0.0394,0.216811,0.216920,0.000109,1
4940,25.0026,34.3125,0.7287,1.3724,0.6510,0.0429,0.184364,0.251663,0.067299,0
4941,46.1812,35.1692,1.3131,0.7615,0.6697,0.0593,0.190956,0.265735,0.074779,0
4942,42.9090,47.7188,0.8992,1.1121,0.6991,0.0298,0.209279,0.209279,0.000000,1
4943,68.3615,92.8057,0.7366,1.3576,0.2147,0.0575,0.263565,0.407786,0.144221,0
4944,62.5019,84.6266,0.7386,1.3540,0.9403,0.0419,0.326446,0.329874,0.003428,0
4945,40.2795,29.9296,1.3458,0.7430,1.0950,0.0447,0.505919,0.506050,0.000131,0
4946,75.1439,69.4162,1.0825,0.9238,0.2172,0.0240,0.151978,0.157664,0.005687,1
4947,37.2289,35.8315,1.0390,0.9625,0.1538,0.0431,0.527355,0.527348,0.000007,1
4948,61.3190,45.0310,1.3617,0.7344,0.5109,0.0495,0.510387,0.511286,0.000899,0
4949,39.3640,44.8023,0.8786,1.1382,0.9782,0.0416,0.390400,0.390406,0.000005,1
4950,72.1628,84.0703,0.8584,1.1650,0.2700,0.0519,0.311333,0.318061,0.006728,1
4951,70.7785,86.6549,0.8168,1.2243,1.2457,0.0345,0.441244,0.443103,0.001859,0
4952,43.5133,41.2721,1.0543,0.9485,0.6116,0.0538,0.446164,0.446168,0.000004,1
4953,76.7022,79.4550,0.9654,1.0359,0.7659,0.0219,0.177223,0.177440,0.000217,1
4954,22.6185,27.9999,0.8078,1.2379,1.3144,0.0426,0.364106,0.364125,0.000019,0
4955,66.5267,50.4173,1.3195,0.7579,0.3341,0.0251,0.315032,0.348068,0.033036,0
4956,28.9633,28.2536,1.0251,0.9755,0.2173,0.0554,0.527917,0.527910,0.000006,1
4957,58.1640,67.9069,0.8565,1.1675,0.9492,0.0254,0.420333,0.420330,0.000003,1
4958,61.7713,49.4302,1.2497,0.8002,0.7538,0.0374,0.316619,0.317086,0.000467,0
4959,32.9002,43.5377,0.7557,1.3233,0.4267,0.0541,0.264017,0.284682,0.020665,0
4960,74.9260,70.5787,1.0616,0.9420,0.4862,0.0507,0.195277,0.195648,0.000370,1
4961,27.1157,37.2373,0.7282,1.3733,0.6387,0.0266,0.330108,0.333311,0.003203,0
4962,73.0564,87.4960,0.8350,1.1977,0.6178,0.0561,0.352496,0.356888,0.004391,0
4963,45.2785,31.8129,1.4233,0.7026,0.4113,0.0329,0.266630,0.355738,0.089108,0
4964,47.5747,52.5710,0.9050,1.1050,0.5355,0.0388,0.370588,0.370585,0.000003,1
4965,35.1872,47.9496,0.7338,1.3627,0.1782,0.0561,0.193995,0.300000,0.106005,0
4966,76.3305,81.1245,0.9409,1.0628,1.2448,0.0439,0.287346,0.287730,0.000384,1
4967,78.8501,85.6722,0.9204,1.0865,0.9089,0.0284,0.513524,0.514216,0.000692,1
4968,42.4384,51.9923,0.8162,1.2251,0.6787,0.0291,0.284233,0.284330,0.000098,0
4969,78.3282,101.0536,0.7751,1.2901,0.6655,0.0262,0.244693,0.347917,0.103224,0
4970,54.6831,58.2098,0.9394,1.0645,0.2606,0.0440,0.243045,0.243043,0.000002,1
4971,72.6957,70.4703,1.0316,0.9694,1.2800,0.0245,0.210537,0.210565,0.000029,1
4972,60.5426,47.7189,1.2687,0.7882,0.5697,0.0454,0.400984,0.401400,0.000415,0
4973,47.5088,53.1081,0.8946,1.1179,0.9496,0.0537,0.238528,0.238548,0.000019,1
4974,61.6669,58.0915,1.0615,0.9420,1.4477,0.0421,0.354096,0.354134,0.000038,1
4975,69.4601,83.2349,0.8345,1.1983,1.3042,0.0433,0.398140,0.399270,0.001131,0
4976,37.1923,32.9431,1.1290,0.8858,1.3955,0.0228,0.159400,0.159482,0.000082,1
4977,33.4458,29.7054,1.1259,0.8882,0.3728,0.0495,0.206459,0.207675,0.001216,1
4978,40.8362,41.1965,0.9913,1.0088,0.9981,0.0295,0.318352,0.318452,0.000100,1
4979,64.9721,56.7662,1.1446,0.8737,0.7524,0.0467,0.549634,0.549640,0.000006,1
4980,30.2487,36.6952,0.8243,1.2131,0.9628,0.0340,0.237197,0.237227,0.000030,0
4981,34.7221,30.4362,1.1408,0.8766,0.8263,0.0478,0.240310,0.240419,0.000108,1
4982,79.4653,84.2254,0.9435,1.0599,0.5446,0.0520,0.204958,0.206110,0.001153,1
4983,72.2086,82.9096,0.8709,1.1482,0.5684,0.0203,0.510900,0.512317,0.001417,1
4984,44.7493,62.4043,0.7171,1.3945,0.6216,0.0208,0.454733,0.455352,0.000619,0
4985,68.6837,65.1109,1.0549,0.9480,0.9886,0.0446,0.176527,0.176573,0.000046,1
4986,48.3181,56.3983,0.8567,1.1672,0.4628,0.0281,0.531738,0.531732,0.000006,1
4987,33.9677,34.6614,0.9800,1.0204,0.2801,0.0599,0.344024,0.344210,0.000186,1
4988,20.8020,16.5367,1.2579,0.7950,0.2697,0.0274,0.229397,0.315254,0.085857,0
4989,34.4841,30.6091,1.1266,0.8876,0.1146,0.0580,0.240249,0.264542,0.024292,1
4990,69.3594,55.3201,1.2538,0.7976,0.4389,0.0258,0.224538,0.251252,0.026713,0
4991,28.6300,30.6655,0.9336,1.0711,0.9598,0.0231,0.437265,0.437362,0.000097,1
4992,61.5754,69.4456,0.8867,1.1278,0.3819,0.0311,0.293242,0.293281,0.000039,1
4993,27.6522,28.4462,0.9721,1.0287,1.4451,0.0212,0.311919,0.312002,0.000083,1
4994,43.2514,31.8957,1.3560,0.7374,1.3957,0.0225,0.471335,0.471399,0.000064,0
4995,43.3760,58.0243,0.7475,1.3377,1.3494,0.0461,0.443966,0.443998,0.000031,0
4996,48.2760,53.9617,0.8946,1.1178,1.3072,0.0481,0.186390,0.186425,0.000035,1
4997,35.5608,26.6163,1.3361,0.7485,0.4043,0.0588,0.479112,0.481183,0.002071,0
4998,38.5510,29.2546,1.3178,0.7589,0.7725,0.0343,0.283048,0.287989,0.004940,0
4999,59.2425,51.8413,1.1428,0.8751,0.6730,0.0482,0.212917,0.213318,0.000401,1
5000,39.0234,32.3267,1.2072,0.8284,0.5786,0.0484,0.238687,0.241936,0.003249,0
5001,73.1645,84.5072,0.8658,1.1550,0.8556,0.0387,0.535974,0.537150,0.001176,1
5002,74.4444,75.2571,0.9892,1.0109,0.4507,0.0422,0.174183,0.174353,0.000170,1
5003,22.3933,29.0787,0.7701,1.2985,1.3527,0.0433,0.472568,0.472590,0.000022,0
5004,58.4313,41.7058,1.4010,0.7138,0.8781,0.0389,0.152210,0.285196,0.132986,0
5005,48.3804,54.9620,0.8803,1.1360,1.1829,0.0300,0.292827,0.292829,0.000003,1
5006,78.9196,60.8765,1.2964,0.7714,1.1194,0.0392,0.175330,0.196733,0.021402,0
5007,25.9676,22.2430,1.1674,0.8566,1.3476,0.0222,0.431649,0.431650,0.000001,0
5008,74.8289,82.5692,0.9063,1.1034,1.4023,0.0478,0.497008,0.497489,0.000481,1
5009,56.5178,44.7567,1.2628,0.7919,0.4672,0.0385,0.358539,0.359922,0.001383,0
5010,54.2436,61.9717,0.8753,1.1425,0.9759,0.0277,0.190260,0.190264,0.000004,1
5011,36.8957,34.3041,1.0755,0.9298,0.1348,0.0244,0.458689,0.458684,0.000005,1
5012,31.9608,37.7194,0.8473,1.1802,0.6702,0.0492,0.432638,0.432639,0.000001,0
5013,33.0705,23.9759,1.3793,0.7250,0.1264,0.0514,0.457822,0.590359,0.132537,0
5014,31.6202,35.5847,0.8886,1.1254,0.5532,0.0500,0.510009,0.510006,0.000003,1
5015,32.0524,32.1523,0.9969,1.0031,1.0512,0.0428,0.203041,0.203059,0.000018,1
5016,72.0768,76.4005,0.9434,1.0600,0.3191,0.0429,0.367963,0.368323,0.000360,1
5017,64.3110,45.4423,1.4152,0.7066,0.8881,0.0416,0.546423,0.546715,0.000292,0
5018,26.8996,36.5280,0.7364,1.3579,0.7690,0.0407,0.496519,0.496577,0.000057,0
5019,58.1091,70.2200,0.8275,1.2084,0.4138,0.0210,0.319683,0.319978,0.000295,0
5020,37.2253,42.1939,0.8822,1.1335,0.1307,0.0453,0.471787,0.471838,0.000051,1
5021,45.0130,40.2357,1.1187,0.8939,1.2632,0.0436,0.186280,0.186415,0.000134,1
5022,59.2169,44.3956,1.3338,0.7497,0.1903,0.0262,0.448398,0.484939,0.036541,0
5023,59.4916,64.4621,0.9229,1.0836,0.7388,0.0252,0.160437,0.160436,0.000001,1
5024,65.7045,57.6995,1.1387,0.8782,0.4322,0.0490,0.546680,0.546678,0.000001,1
5025,42.7204,30.6873,1.3921,0.7183,0.1896,0.0317,0.243545,0.540200,0.296655,0
5026,24.4295,24.4039,1.0010,0.9990,1.0070,0.0578,0.260990,0.261032,0.000043,1
5027,68.7771,71.9287,0.9562,1.0458,0.6770,0.0521,0.394258,0.394420,0.000162,1
5028,50.4770,55.5862,0.9081,1.1012,0.7154,0.0262,0.178663,0.178663,0.000000,1
5029,57.8893,41.5712,1.3925,0.7181,0.2144,0.0326,0.371528,0.508398,0.136871,0
5030,25.2626,18.3331,1.3780,0.7257,0.3078,0.0442,0.293730,0.379692,0.085962,0
5031,63.9485,52.8091,1.2109,0.8258,0.3855,0.0334,0.518651,0.518686,0.000035,0
5032,76.4714,101.0629,0.7567,1.3216,0.8184,0.0318,0.275187,0.301387,0.026200,0
5033,59.3158,61.4142,0.9658,1.0354,1.2839,0.0425,0.341424,0.341535,0.000111,1
5034,49.9661,60.2347,0.8295,1.2055,1.3528,0.0305,0.456845,0.456848,0.000003,0
5035,26.8374,36.4744,0.7358,1.3591,0.1525,0.0586,0.225259,0.300000,0.074741,0
5036,23.6055,27.1773,0.8686,1.1513,0.5127,0.0447,0.503771,0.503766,0.000004,1
5037,64.2213,73.9320,0.8687,1.1512,1.1089,0.0205,0.283268,0.283455,0.000187,1
5038,21.4319,26.5365,0.8076,1.2382,0.4365,0.0493,0.530151,0.530162,0.000011,0
5039,47.1773,41.6170,1.1336,0.8821,0.1961,0.0571,0.181739,0.209447,0.027708,1
5040,32.4497,28.7299,1.1295,0.8854,1.0403,0.0401,0.544043,0.544051,0.000009,1
5041,62.3408,54.8362,1.1369,0.8796,0.5761,0.0503,0.299345,0.299389,0.000044,1
5042,68.6196,71.0721,0.9655,1.0357,0.8348,0.0500,0.526415,0.526543,0.000128,1
5043,46.5932,38.6731,1.2048,0.8300,0.4547,0.0415,0.392524,0.392660,0.000135,0
5044,79.3646,84.0373,0.9444,1.0589,0.2433,0.0529,0.465537,0.466619,0.001082,1
5045,33.4275,29.8434,1.1201,0.8928,0.7725,0.0599,0.512963,0.512984,0.000021,1
5046,62.1210,66.1089,0.9397,1.0642,1.0290,0.0330,0.511718,0.511815,0.000098,1
5047,46.9485,50.7898,0.9244,1.0818,1.2878,0.0324,0.500987,0.501079,0.000091,1
5048,58.0084,62.7583,0.9243,1.0819,0.2325,0.0446,0.543786,0.543779,0.000007,1
5049,37.5201,52.4840,0.7149,1.3988,1.2919,0.0320,0.414730,0.414787,0.000057,0
5050,65.8419,67.3835,0.9771,1.0234,0.3026,0.0558,0.295305,0.295489,0.000184,1
5051,77.3870,65.9087,1.1742,0.8517,1.1060,0.0464,0.195619,0.197951,0.002332,0
5052,54.1063,49.2609,1.0984,0.9104,1.0340,0.0532,0.227053,0.227123,0.000070,1
5053,27.3647,20.3789,1.3428,0.7447,0.3935,0.0550,0.169080,0.315170,0.146090,0
5054,26.5517,26.5319,1.0007,0.9993,1.1022,0.0347,0.401570,0.401670,0.000100,1
5055,44.4655,38.7470,1.1476,0.8714,0.2493,0.0288,0.482517,0.482530,0.000012,1
5056,50.2994,48.4694,1.0378,0.9636,0.5636,0.0407,0.166614,0.166617,0.000003,1
5057,22.3530,21.5923,1.0352,0.9660,1.0795,0.0274,0.343451,0.343451,0.000000,1
5058,53.2859,46.5094,1.1457,0.8728,0.8577,0.0514,0.336431,0.336468,0.000037,1
5059,39.7595,30.3076,1.3119,0.7623,0.1323,0.0319,0.386750,0.521098,0.134348,0
5060,68.0245,50.7343,1.3408,0.7458,0.9670,0.0339,0.222524,0.240236,0.017712,0
5061,53.3738,56.2757,0.9484,1.0544,1.2621,0.0457,0.322503,0.322620,0.000117,1
5062,28.3920,20.4658,1.3873,0.7208,0.2558,0.0487,0.360920,0.455904,0.094984,0
5063,29.2874,36.3874,0.8049,1.2424,1.3743,0.0403,0.245242,0.245266,0.000024,0
5064,43.2350,51.1809,0.8447,1.1838,1.0732,0.0571,0.157910,0.157949,0.000038,0
5065,37.9119,40.4397,0.9375,1.0667,1.4873,0.0471,0.270170,0.270303,0.000133,1
5066,22.1607,24.1841,0.9163,1.0913,1.0589,0.0228,0.384089,0.384183,0.000094,1
5067,59.1473,51.2665,1.1537,0.8668,1.1345,0.0240,0.153479,0.154118,0.000639,0
5068,22.8767,30.5959,0.7477,1.3374,0.2040,0.0500,0.333868,0.406682,0.072814,0
5069,74.8308,100.6754,0.7433,1.3454,1.3854,0.0588,0.501732,0.509539,0.007807,0
5070,72.8623,72.1136,1.0104,0.9897,0.8651,0.0368,0.188136,0.188147,0.000011,1
5071,41.7536,47.8779,0.8721,1.1467,0.3699,0.0219,0.328631,0.328648,0.000017,1
5072,38.9813,30.9644,1.2589,0.7943,1.4828,0.0292,0.317766,0.317857,0.000091,0
5073,58.1365,62.4139,0.9315,1.0736,0.1160,0.0250,0.328582,0.328589,0.000007,1
5074,24.0944,20.6972,1.1641,0.8590,1.3023,0.0438,0.197987,0.198364,0.000377,0
5075,77.0263,103.6588,0.7431,1.3458,0.2345,0.0346,0.351617,0.716651,0.365034,0
5076,67.2335,81.1456,0.8286,1.2069,0.6861,0.0490,0.317254,0.319165,0.001911,0
5077,59.1858,43.5694,1.3584,0.7361,1.3772,0.0425,0.238223,0.245840,0.007617,0
5078,21.3312,29.6208,0.7201,1.3886,0.6489,0.0445,0.207851,0.255254,0.047403,0
5079,72.9081,72.8333,1.0010,0.9990,1.1404,0.0509,0.450522,0.450646,0.000124,1
5080,26.9362,21.0524,1.2795,0.7816,0.5833,0.0570,0.152564,0.266362,0.113798,0
5081,76.6308,61.9594,1.2368,0.8085,0.4463,0.0561,0.271781,0.285240,0.013459,0
5082,79.4910,98.2828,0.8088,1.2364,1.3774,0.0451,0.477403,0.482268,0.004865,0
5083,39.6020,49.5808,0.7987,1.2520,0.4963,0.0257,0.187965,0.210962,0.022997,0
5084,49.1934,53.1133,0.9262,1.0797,0.4069,0.0418,0.279679,0.279677,0.000002,1
5085,63.5255,79.1334,0.8028,1.2457,1.4229,0.0465,0.461802,0.462270,0.000469,0
5086,43.4529,56.4117,0.7703,1.2982,0.8123,0.0237,0.209926,0.215240,0.005313,0
5087,61.9068,84.6421,0.7314,1.3673,1.2460,0.0536,0.514904,0.516317,0.001413,0
5088,70.2182,72.9678,0.9623,1.0392,0.3965,0.0486,0.376594,0.376818,0.000224,1
5089,30.9610,33.8177,0.9155,1.0923,0.1407,0.0390,0.192579,0.194366,0.001787,1
5090,33.3854,37.0306,0.9016,1.1092,0.9973,0.0490,0.225076,0.225092,0.000016,1
5091,63.9778,70.0120,0.9138,1.0943,0.6219,0.0379,0.153186,0.153279,0.000093,1
5092,56.6332,60.9681,0.9289,1.0765,0.4627,0.0584,0.405562,0.405561,0.000001,1
5093,57.5982,79.8820,0.7210,1.3869,0.5192,0.0477,0.345819,0.356555,0.010736,0
5094,56.7449,74.3999,0.7627,1.3111,0.3652,0.0395,0.438583,0.439902,0.001319,0
5095,50.9604,53.5318,0.9520,1.0505,0.6359,0.0562,0.269779,0.269911,0.000132,1
5096,39.6423,50.6881,0.7821,1.2786,0.7116,0.0285,0.463511,0.463529,0.000019,0
5097,64.4575,56.8083,1.1347,0.8813,1.2214,0.0436,0.293767,0.293812,0.000046,1
5098,78.8208,100.1618,0.7869,1.2708,0.5042,0.0287,0.161475,0.482587,0.321112,0
5099,41.8177,54.7525,0.7638,1.3093,1.3227,0.0448,0.404598,0.404624,0.000026,0
5100,64.9355,74.2256,0.8748,1.1431,1.0762,0.0486,0.333245,0.333443,0.000198,1
5101,24.3800,25.5363,0.9547,1.0474,0.7892,0.0599,0.402596,0.402725,0.000129,1
5102,73.7248,65.0781,1.1329,0.8827,0.4148,0.0221,0.231460,0.232459,0.000999,1
5103,77.7422,65.5918,1.1852,0.8437,1.4577,0.0418,0.414986,0.415370,0.000384,0
5104,75.2190,73.5253,1.0230,0.9775,0.7970,0.0307,0.247989,0.248024,0.000035,1
5105,45.5019,36.0768,1.2612,0.7929,0.1223,0.0440,0.508470,0.527163,0.018692,0
5106,27.6797,34.3793,0.8051,1.2420,0.3498,0.0332,0.188697,0.238409,0.049712,0
5107,60.5335,49.6424,1.2194,0.8201,1.3654,0.0517,0.198952,0.201371,0.002419,0
5108,72.2288,87.8549,0.8221,1.2163,0.5959,0.0477,0.181617,0.204700,0.023082,0
5109,38.1152,32.7102,1.1652,0.8582,1.4719,0.0491,0.228652,0.228899,0.000247,0
5110,76.4953,100.9816,0.7575,1.3201,0.2335,0.0240,0.308684,0.388229,0.079545,0
5111,45.3114,49.4360,0.9166,1.0910,0.3399,0.0514,0.359931,0.359927,0.000003,1
5112,35.1231,40.9112,0.8585,1.1648,1.2874,0.0574,0.377265,0.377407,0.000141,1
5113,24.3287,27.1675,0.8955,1.1167,1.0163,0.0556,0.370441,0.370565,0.000124,1
5114,29.0732,21.1934,1.3718,0.7290,0.7507,0.0567,0.504613,0.505068,0.000455,0
5115,21.9428,28.1502,0.7795,1.2829,1.4932,0.0395,0.375312,0.375335,0.000023,0
5116,62.1119,70.1436,0.8855,1.1293,0.2703,0.0478,0.426632,0.426694,0.000062,1
5117,79.8572,75.7884,1.0537,0.9490,0.7874,0.0536,0.500072,0.500243,0.000172,1
5118,78.8775,63.7356,1.2376,0.8080,0.5023,0.0221,0.311858,0.315644,0.003786,0
5119,49.5431,35.9460,1.3783,0.7256,1.1518,0.0503,0.231497,0.253372,0.021875,0
5120,32.1897,33.6084,0.9578,1.0441,0.6448,0.0216,0.412642,0.412761,0.000119,1
5121,67.3287,88.5241,0.7606,1.3148,0.6180,0.0384,0.334393,0.344072,0.009679,0
5122,35.1762,28.7542,1.2233,0.8174,0.1191,0.0527,0.366889,0.418906,0.052017,0
5123,78.4527,72.2516,1.0858,0.9210,0.8215,0.0334,0.487815,0.488075,0.000260,1
5124,33.8945,32.2863,1.0498,0.9526,0.7970,0.0530,0.227859,0.227881,0.000022,1
5125,70.5185,84.0723,0.8388,1.1922,1.4765,0.0293,0.417745,0.418781,0.001036,0
5126,75.9990,81.5321,0.9321,1.0728,1.1287,0.0243,0.393257,0.393641,0.000384,1
5127,24.0376,31.1857,0.7708,1.2974,0.6358,0.0399,0.331793,0.332156,0.000364,0
5128,77.8942,105.4692,0.7385,1.3540,0.1960,0.0362,0.181141,0.050003,0.131138,0
5129,68.8284,69.4210,0.9915,1.0086,0.4606,0.0442,0.546313,0.546456,0.000143,1
5130,54.6043,38.5287,1.4172,0.7056,0.6683,0.0544,0.507103,0.508236,0.001133,0
5131,26.7183,27.9535,0.9558,1.0462,1.1099,0.0572,0.188466,0.188611,0.000145,1
5132,40.3381,43.3060,0.9315,1.0736,0.4471,0.0403,0.205129,0.205127,0.000002,1
5133,61.4270,51.1770,1.2003,0.8331,0.4157,0.0598,0.202785,0.225097,0.022313,0
5134,61.4179,72.6754,0.8451,1.1833,0.6390,0.0422,0.454746,0.454843,0.000097,0
5135,22.5544,29.0644,0.7760,1.2886,0.1170,0.0535,0.445969,0.504784,0.058816,0
5136,33.8304,39.4582,0.8574,1.1664,0.9439,0.0465,0.376997,0.377005,0.000009,1
5137,20.4065,21.4981,0.9492,1.0535,0.4489,0.0496,0.263700,0.263699,0.000001,1
5138,53.2566,62.5222,0.8518,1.1740,0.1926,0.0383,0.394722,0.395084,0.000362,1
5139,58.8287,45.1829,1.3020,0.7680,0.7073,0.0519,0.460044,0.460280,0.000237,0
5140,52.8776,69.4604,0.7613,1.3136,0.3643,0.0255,0.465000,0.465850,0.000850,0
5141,42.3579,42.7352,0.9912,1.0089,0.1068,0.0512,0.241763,0.241759,0.000004,1
5142,51.7258,46.0173,1.1241,0.8896,1.3473,0.0476,0.236941,0.237039,0.000098,1
5143,58.9257,59.8900,0.9839,1.0164,1.2863,0.0382,0.200038,0.200059,0.000020,1
5144,50.7096,36.5941,1.3857,0.7216,0.5539,0.0491,0.413253,0.417917,0.004664,0
5145,77.6855,93.2939,0.8327,1.2009,0.2855,0.0332,0.326006,0.347552,0.021546,0
5146,42.6911,33.8392,1.2616,0.7927,0.8237,0.0545,0.351276,0.351678,0.000403,0
5147,50.9659,45.3543,1.1237,0.8899,0.5735,0.0399,0.298796,0.298811,0.000015,1
5148,74.3602,87.8867,0.8461,1.1819,0.2391,0.0343,0.277372,0.302799,0.025427,0
5149,27.0937,28.5569,0.9488,1.0540,1.4420,0.0330,0.482029,0.482121,0.000092,1
5150,58.6602,52.7629,1.1118,0.8995,0.6976,0.0347,0.258255,0.258267,0.000012,1
5151,44.4819,58.8348,0.7560,1.3227,1.4589,0.0212,0.468772,0.468779,0.000007,0
5152,54.8296,65.9103,0.8319,1.2021,0.3163,0.0548,0.323309,0.323728,0.000419,0
5153,64.6113,87.0949,0.7419,1.3480,0.3746,0.0587,0.274857,0.310283,0.035426,0
5154,55.9777,54.0978,1.0347,0.9664,1.1603,0.0207,0.514306,0.514393,0.000088,1
5155,29.5877,26.4279,1.1196,0.8932,1.3753,0.0534,0.447348,0.447424,0.000076,1
5156,79.2822,100.4924,0.7889,1.2675,1.1582,0.0572,0.202028,0.217674,0.015646,0
5157,56.4647,67.4055,0.8377,1.1938,0.1436,0.0226,0.477049,0.477993,0.000944,0
5158,68.7057,54.3819,1.2634,0.7915,0.9823,0.0272,0.403926,0.403978,0.000051,0
5159,62.9725,59.9779,1.0499,0.9524,0.9082,0.0412,0.233328,0.233340,0.000012,1
5160,22.0673,16.3782,1.3474,0.7422,1.0829,0.0369,0.312468,0.313999,0.001530,0
5161,35.2770,27.3278,1.2909,0.7747,0.7981,0.0423,0.524377,0.524440,0.000063,0
5162,71.0514,65.1575,1.0905,0.9170,1.1740,0.0221,0.251492,0.251545,0.000052,1
5163,75.0963,68.2589,1.1002,0.9090,1.4575,0.0289,0.177442,0.177733,0.000291,1
5164,21.5235,18.6975,1.1511,0.8687,0.2285,0.0312,0.265226,0.268054,0.002829,0
5165,58.8891,66.2575,0.8888,1.1251,0.8791,0.0558,0.481700,0.481819,0.000120,1
5166,30.2158,26.1937,1.1536,0.8669,1.0351,0.0302,0.165088,0.165756,0.000667,0
5167,22.9865,23.4172,0.9816,1.0187,1.2744,0.0445,0.489256,0.489367,0.000111,1
5168,79.3683,109.2742,0.7263,1.3768,0.7779,0.0249,0.359577,0.394524,0.034947,0
5169,33.2005,32.1486,1.0327,0.9683,1.1686,0.0456,0.381501,0.381526,0.000025,1
5170,61.5790,49.4658,1.2449,0.8033,0.2897,0.0354,0.424752,0.426063,0.001311,0
5171,22.9994,22.4599,1.0240,0.9765,1.2888,0.0257,0.322845,0.322935,0.000090,1
5172,29.5859,28.3881,1.0422,0.9595,0.7763,0.0451,0.186232,0.186244,0.000013,1
5173,48.4335,38.0256,1.2737,0.7851,1.4507,0.0216,0.397578,0.397606,0.000027,0
5174,28.0166,26.2665,1.0666,0.9375,0.6984,0.0473,0.527892,0.527894,0.000002,1
5175,67.8854,78.4242,0.8656,1.1552,0.6478,0.0268,0.404158,0.404937,0.000779,1
5176,73.7120,75.6740,0.9741,1.0266,0.4859,0.0221,0.268461,0.268530,0.000070,1
5177,68.1344,56.9470,1.1965,0.8358,1.3567,0.0529,0.316338,0.316494,0.000156,0
5178,55.3203,59.6504,0.9274,1.0783,1.2413,0.0392,0.504186,0.504286,0.000100,1
5179,42.6014,46.4520,0.9171,1.0904,0.3833,0.0500,0.162000,0.162011,0.000011,1
5180,69.3118,89.7130,0.7726,1.2943,0.3219,0.0504,0.453891,0.468520,0.014629,0
5181,60.3558,72.8280,0.8287,1.2066,0.2601,0.0228,0.168336,0.294926,0.126591,0
5182,45.5110,43.3575,1.0497,0.9527,1.2672,0.0428,0.312468,0.312498,0.000030,1
5183,63.2014,85.7519,0.7370,1.3568,0.7277,0.0597,0.525622,0.528521,0.002900,0
5184,48.6166,64.2371,0.7568,1.3213,0.9126,0.0294,0.169605,0.185958,0.016353,0
5185,70.3464,77.6004,0.9065,1.1031,0.2928,0.0342,0.482420,0.483222,0.000802,1
5186,79.9817,70.7311,1.1308,0.8843,0.1015,0.0276,0.532250,0.536549,0.004298,1
5187,53.1614,70.9110,0.7497,1.3339,0.6964,0.0438,0.151038,0.194534,0.043497,0
5188,34.1325,25.5801,1.3343,0.7494,1.1283,0.0369,0.253165,0.257942,0.004778,0
5189,64.1426,80.9367,0.7925,1.2618,0.4488,0.0210,0.424996,0.427679,0.002683,0
5190,34.2955,46.7205,0.7341,1.3623,0.5063,0.0484,0.162085,0.302859,0.140774,0
5191,21.5821,23.8897,0.9034,1.1069,0.8558,0.0414,0.238943,0.238948,0.000005,1
5192,68.1179,79.0101,0.8621,1.1599,0.4219,0.0536,0.271659,0.273754,0.002095,1
5193,62.4323,68.8329,0.9070,1.1025,1.2456,0.0526,0.287028,0.287167,0.000138,1
5194,56.5728,61.4179,0.9211,1.0856,0.2880,0.0504,0.337750,0.337746,0.000003,1
5195,77.5683,54.3558,1.4270,0.7007,1.0957,0.0386,0.506432,0.506823,0.000391,0
5196,22.8053,20.5822,1.1080,0.9025,1.3257,0.0339,0.241775,0.241800,0.000024,1
5197,34.0684,27.0124,1.2612,0.7929,0.9126,0.0465,0.181190,0.202570,0.021380,0
5198,51.2680,57.3346,0.8942,1.1183,0.4439,0.0553,0.182154,0.182180,0.000026,1
5199,25.2058,35.1159,0.7178,1.3932,1.3247,0.0539,0.275016,0.275227,0.000211,0
5200,48.2449,58.3339,0.8270,1.2091,0.2476,0.0201,0.262992,0.276537,0.013546,0
5201,68.6068,85.5585,0.8019,1.2471,1.1731,0.0571,0.211550,0.215220,0.003670,0
5202,60.2808,44.4836,1.3551,0.7379,0.1437,0.0372,0.399983,0.530686,0.130703,0
5203,33.5118,30.3045,1.1058,0.9043,1.1073,0.0345,0.437863,0.437869,0.000006,1
5204,24.6327,23.3834,1.0534,0.9493,0.2108,0.0555,0.176661,0.176712,0.000051,1
5205,57.2356,58.9853,0.9703,1.0306,0.7913,0.0540,0.378596,0.378720,0.000124,1
5206,43.2331,43.8150,0.9867,1.0135,1.3387,0.0517,0.429293,0.429430,0.000137,1
5207,65.6990,79.4816,0.8266,1.2098,0.5619,0.0442,0.268058,0.270365,0.002307,0
5208,76.0155,86.5498,0.8783,1.1386,1.4803,0.0321,0.363300,0.364418,0.001118,1
5209,61.4948,85.6526,0.7180,1.3928,0.5507,0.0402,0.281742,0.302330,0.020587,0
5210,48.8089,48.6160,1.0040,0.9960,0.2919,0.0473,0.362677,0.362858,0.000180,1
5211,42.1601,49.4789,0.8521,1.1736,1.3372,0.0443,0.431075,0.431184,0.000109,1
5212,32.2153,24.4158,1.3194,0.7579,0.9209,0.0317,0.190638,0.219659,0.029020,0
5213,59.1235,53.2048,1.1112,0.8999,0.6342,0.0220,0.482139,0.482133,0.000006,1
5214,59.0173,68.2929,0.8642,1.1572,1.4239,0.0439,0.250406,0.250436,0.000030,1
5215,41.5540,47.7050,0.8711,1.1480,0.1879,0.0302,0.163477,0.198913,0.035436,1
5216,75.9111,60.2813,1.2593,0.7941,0.8288,0.0530,0.425106,0.425541,0.000435,0
5217,66.4425,92.2501,0.7202,1.3884,1.4736,0.0407,0.388032,0.392729,0.004697,0
5218,78.2568,82.8542,0.9445,1.0587,1.3673,0.0240,0.398177,0.398459,0.000283,1
5219,54.3242,45.5042,1.1938,0.8376,0.5665,0.0219,0.380622,0.380656,0.000033,0
5220,41.6675,35.8629,1.1619,0.8607,0.6829,0.0442,0.518871,0.518875,0.000004,0
5221,46.6335,51.9295,0.8980,1.1136,0.2390,0.0588,0.525353,0.525347,0.000006,1
5222,49.0725,48.5526,1.0107,0.9894,1.0244,0.0245,0.471775,0.471869,0.000094,1
5223,33.0686,25.5881,1.2923,0.7738,1.1503,0.0328,0.275700,0.276594,0.000894,0
5224,23.8673,26.4493,0.9024,1.1082,0.5568,0.0551,0.285368,0.285370,0.000002,1
5225,63.2966,64.0606,0.9881,1.0121,1.0338,0.0311,0.455893,0.455991,0.000098,1
5226,46.4595,39.5497,1.1747,0.8513,0.5209,0.0541,0.221426,0.224263,0.002837,0
5227,54.1319,70.2015,0.7711,1.2969,0.7235,0.0364,0.372736,0.372831,0.000095,0
5228,60.3668,47.2979,1.2763,0.7835,0.8379,0.0268,0.475486,0.475526,0.000040,0
5229,28.6392,38.7440,0.7392,1.3528,0.1675,0.0319,0.205690,0.300000,0.094310,0
5230,32.5925,36.8899,0.8835,1.1319,1.2501,0.0433,0.438058,0.438164,0.000106,1
5231,74.7539,74.2269,1.0071,0.9930,0.7318,0.0520,0.395955,0.396081,0.000126,1
5232,48.7631,60.8533,0.8013,1.2479,0.3951,0.0330,0.167054,0.228193,0.061139,0
5233,45.7143,63.8359,0.7161,1.3964,0.9725,0.0503,0.466099,0.466165,0.000067,0
5234,43.8667,59.0068,0.7434,1.3451,0.7010,0.0525,0.154077,0.197141,0.043063,0
5235,60.2057,65.1407,0.9242,1.0820,0.1291,0.0515,0.518078,0.518071,0.000007,1
5236,62.1778,81.6069,0.7619,1.3125,0.2404,0.0517,0.280155,0.336900,0.056745,0
5237,34.0318,35.2525,0.9654,1.0359,1.3350,0.0437,0.229849,0.229968,0.000119,1
5238,32.1146,24.9363,1.2879,0.7765,1.4639,0.0252,0.301384,0.301560,0.000176,0
5239,25.2516,22.8273,1.1062,0.9040,0.2345,0.0482,0.350055,0.350077,0.000022,1
5240,61.3886,67.5747,0.9085,1.1008,0.8277,0.0416,0.330670,0.330673,0.000004,1
5241,57.9571,54.5002,1.0634,0.9404,1.4079,0.0216,0.325066,0.325067,0.000001,1
5242,51.8851,57.8828,0.8964,1.1156,0.5082,0.0319,0.238540,0.238541,0.000001,1
5243,44.3226,35.4837,1.2491,0.8006,0.2184,0.0286,0.234597,0.315181,0.080584,0
5244,70.1981,63.0568,1.1133,0.8983,1.4321,0.0400,0.534619,0.534740,0.000121,1
5245,47.2616,41.2865,1.1447,0.8736,1.2752,0.0313,0.309062,0.309079,0.000016,1
5246,75.6365,84.0969,0.8994,1.1119,1.1244,0.0517,0.160425,0.162261,0.001836,1
5247,74.7740,77.6413,0.9631,1.0383,0.9376,0.0487,0.406282,0.406465,0.000183,1
5248,50.9439,71.1909,0.7156,1.3974,0.9540,0.0594,0.375800,0.010000,0.365800,0
5249,29.1830,32.3607,0.9018,1.1089,1.0366,0.0550,0.385163,0.385288,0.000124,1
5250,68.7497,71.2685,0.9647,1.0366,1.0261,0.0370,0.202016,0.202149,0.000133,1
5251,67.6016,79.1693,0.8539,1.1711,0.5362,0.0362,0.180348,0.184897,0.004549,1
5252,66.9790,60.1494,1.1135,0.8980,0.1915,0.0573,0.549231,0.549228,0.000003,1
5253,41.3947,41.9332,0.9872,1.0130,1.0800,0.0520,0.204384,0.204421,0.000037,1
5254,26.2148,20.6224,1.2712,0.7867,0.4041,0.0282,0.449472,0.449947,0.000475,0
5255,30.0052,32.6467,0.9191,1.0880,0.9321,0.0592,0.333135,0.333266,0.000130,1
5256,29.0219,22.4171,1.2946,0.7724,0.7252,0.0371,0.192750,0.228688,0.035938,0
5257,65.2486,73.0851,0.8928,1.1201,1.0121,0.0349,0.215004,0.215194,0.000189,1
5258,62.8755,63.7082,0.9869,1.0132,0.2269,0.0243,0.270585,0.270791,0.000206,1
5259,34.1563,39.0838,0.8739,1.1443,0.2086,0.0438,0.436264,0.436281,0.000018,1
5260,32.2684,24.3471,1.3253,0.7545,0.4581,0.0350,0.319585,0.334673,0.015087,0
5261,48.6550,66.5694,0.7309,1.3682,0.6146,0.0530,0.222085,0.248891,0.026806,0
5262,79.0918,72.0544,1.0977,0.9110,0.9824,0.0559,0.377412,0.377825,0.000414,1
5263,76.5447,93.4611,0.8190,1.2210,1.2284,0.0202,0.307219,0.312319,0.005100,0
5264,41.0889,39.5379,1.0392,0.9623,0.5562,0.0504,0.164026,0.164036,0.000010,1
5265,58.0029,64.9493,0.8930,1.1198,1.2962,0.0527,0.419808,0.419938,0.000130,1
5266,53.7217,72.6064,0.7399,1.3515,0.1518,0.0465,0.433285,0.300000,0.133285,0
5267,22.2907,22.5602,0.9881,1.0121,0.2891,0.0406,0.538989,0.539166,0.000177,1
5268,48.2467,63.3474,0.7616,1.3130,1.4315,0.0354,0.153040,0.155359,0.002320,0
5269,28.4652,38.1000,0.7471,1.3385,0.2069,0.0471,0.358881,0.419424,0.060544,0
5270,66.2832,92.4679,0.7168,1.3950,1.4134,0.0289,0.416927,0.421659,0.004732,0
5271,78.8079,109.0499,0.7227,1.3837,0.1403,0.0482,0.470945,0.931820,0.460875,0
5272,65.4683,81.2333,0.8059,1.2408,1.1123,0.0389,0.215969,0.217990,0.002021,0
5273,52.0866,64.7716,0.8042,1.2435,0.6868,0.0450,0.311626,0.311687,0.000061,0
5274,20.1483,21.4762,0.9382,1.0659,0.2660,0.0221,0.156128,0.156147,0.000019,1
5275,53.1468,37.4355,1.4197,0.7044,1.3791,0.0397,0.163697,0.230424,0.066727,0
5276,52.2550,45.7480,1.1422,0.8755,0.2454,0.0233,0.345270,0.345415,0.000145,1
5277,73.0088,74.0585,0.9858,1.0144,0.4131,0.0523,0.497276,0.497438,0.000162,1
5278,28.7033,35.1626,0.8163,1.2250,1.0689,0.0561,0.443417,0.443443,0.000026,0
5279,57.4609,79.9628,0.7186,1.3916,1.1438,0.0423,0.340435,0.341271,0.000836,0
5280,39.8254,39.5226,1.0077,0.9924,0.4709,0.0486,0.520263,0.520404,0.000141,1
5281,49.2282,37.7325,1.3047,0.7665,0.5202,0.0353,0.229751,0.271333,0.041582,0
5282,56.2798,46.3897,1.2132,0.8243,0.7899,0.0498,0.546240,0.546262,0.000022,0
5283,76.8944,74.7967,1.0280,0.9727,0.7247,0.0465,0.456943,0.457102,0.000160,1
5284,77.0336,61.0542,1.2617,0.7926,0.4175,0.0210,0.506847,0.507746,0.000899,0
5285,50.2573,53.8304,0.9336,1.0711,1.2564,0.0375,0.450888,0.450987,0.000099,1
5286,75.7793,96.7857,0.7830,1.2772,1.4567,0.0286,0.324175,0.330945,0.006770,0
5287,44.3391,49.0600,0.9038,1.1065,0.6104,0.0555,0.463315,0.463317,0.000002,1
5288,75.1585,99.3952,0.7562,1.3225,1.2581,0.0210,0.245474,0.261131,0.015657,0
5289,30.0400,25.2404,1.1902,0.8402,0.8485,0.0225,0.510985,0.510984,0.000002,0
5290,54.8552,40.0568,1.3694,0.7302,0.6041,0.0283,0.165796,0.309482,0.143686,0
5291,56.3897,65.5197,0.8607,1.1619,1.3876,0.0332,0.419356,0.419448,0.000092,1
5292,78.4509,77.8827,1.0073,0.9928,0.8729,0.0495,0.539807,0.539925,0.000118,1
5293,64.5363,87.0668,0.7412,1.3491,0.9429,0.0321,0.259769,0.269367,0.009598,0
5294,72.5327,92.0334,0.7881,1.2689,0.7128,0.0512,0.157373,0.287839,0.130466,0
5295,34.8723,24.4836,1.4243,0.7021,0.2156,0.0313,0.326495,0.531907,0.205412,0
5296,77.2735,62.2447,1.2414,0.8055,1.1606,0.0456,0.358722,0.359289,0.000566,0
5297,73.3164,74.6023,0.9828,1.0175,0.2915,0.0331,0.309905,0.310126,0.000221,1
5298,58.0999,78.0346,0.7445,1.3431,0.9301,0.0205,0.496251,0.496585,0.000334,0
5299,28.3590,35.9883,0.7880,1.2690,1.2908,0.0374,0.338568,0.338583,0.000016,0
5300,70.7492,60.0787,1.1776,0.8492,0.5440,0.0542,0.464170,0.464212,0.000042,0
5301,54.5567,50.3400,1.0838,0.9227,1.0511,0.0418,0.335662,0.335679,0.000017,1
5302,54.2216,73.0330,0.7424,1.3469,0.8703,0.0598,0.161170,0.181623,0.020453,0
5303,37.9998,38.6371,0.9835,1.0168,0.6229,0.0248,0.514025,0.514145,0.000120,1
5304,35.7714,27.5663,1.2976,0.7706,0.4123,0.0388,0.477146,0.477804,0.000657,0
5305,32.8233,25.0932,1.3081,0.7645,0.9649,0.0593,0.269279,0.274714,0.005436,0
5306,76.0759,71.1564,1.0691,0.9353,0.7854,0.0433,0.252237,0.252498,0.000261,1
5307,22.0655,28.4608,0.7753,1.2898,1.3401,0.0259,0.272001,0.272048,0.000047,0
5308,29.2636,34.6456,0.8447,1.1839,0.3443,0.0558,0.294584,0.294807,0.000222,0
5309,28.9743,30.5941,0.9471,1.0559,1.3964,0.0480,0.257389,0.257521,0.000132,1
5310,48.4317,63.6544,0.7609,1.3143,1.3017,0.0234,0.212746,0.213391,0.000645,0
5311,43.5957,52.0298,0.8379,1.1935,0.2421,0.0294,0.314873,0.316842,0.001969,0
5312,20.5383,25.1519,0.8166,1.2246,1.0562,0.0470,0.169483,0.169642,0.000159,0
5313,31.6129,33.5099,0.9434,1.0600,0.2816,0.0408,0.240286,0.240283,0.000003,1
5314,32.5394,28.8754,1.1269,0.8874,1.0146,0.0420,0.545752,0.545762,0.000010,1
5315,75.4790,102.1087,0.7392,1.3528,0.4202,0.0439,0.379646,0.401269,0.021623,0
5316,40.6732,45.1403,0.9010,1.1098,1.1177,0.0459,0.366828,0.366939,0.000111,1
5317,39.4263,49.1089,0.8028,1.2456,1.3714,0.0537,0.216103,0.216154,0.000051,0
5318,24.6876,24.5268,1.0066,0.9935,0.7371,0.0510,0.237405,0.237416,0.000011,1
5319,27.3940,35.8247,0.7647,1.3078,0.4629,0.0479,0.380769,0.381518,0.000749,0
5320,65.7283,46.8284,1.4036,0.7125,0.7806,0.0547,0.307695,0.324176,0.016481,0
5321,33.8011,39.9865,0.8453,1.1830,0.4299,0.0536,0.452890,0.452891,0.000001,0
5322,78.3154,79.9031,0.9801,1.0203,1.4942,0.0497,0.500133,0.500285,0.000152,1
5323,48.9480,60.7244,0.8061,1.2406,1.0656,0.0486,0.306877,0.306897,0.000020,0
5324,40.7227,37.0515,1.0991,0.9098,0.3628,0.0277,0.514354,0.514348,0.000007,1
5325,71.0843,67.7131,1.0498,0.9526,0.7605,0.0530,0.310625,0.310674,0.000049,1
5326,31.5653,32.4372,0.9731,1.0276,0.8573,0.0436,0.247562,0.247677,0.000116,1
5327,53.4050,47.1517,1.1326,0.8829,0.5636,0.0493,0.433956,0.433961,0.000005,1
5328,61.2329,49.9321,1.2263,0.8154,0.9317,0.0578,0.468406,0.468474,0.000068,0
5329,53.8737,63.9476,0.8425,1.1870,0.5254,0.0215,0.536108,0.536103,0.000005,0
5330,72.1354,69.6297,1.0360,0.9653,1.3135,0.0522,0.514183,0.514331,0.000147,1
5331,76.3762,106.8549,0.7148,1.3991,0.6067,0.0284,0.417330,0.455292,0.037962,0
5332,39.4592,45.5252,0.8668,1.1537,0.3320,0.0421,0.494896,0.494892,0.000004,1
5333,30.6992,22.0987,1.3892,0.7198,1.4300,0.0468,0.492759,0.492981,0.000221,0
5334,41.3031,54.4917,0.7580,1.3193,0.2615,0.0515,0.431881,0.438060,0.006179,0
5335,53.8408,53.4474,1.0074,0.9927,0.4946,0.0498,0.425106,0.425246,0.000140,1
5336,71.6886,92.2411,0.7772,1.2867,0.6995,0.0423,0.384577,0.392872,0.008294,0
5337,43.4840,41.8398,1.0393,0.9622,0.8386,0.0349,0.388337,0.388337,0.000000,1
5338,29.0146,36.8945,0.7864,1.2716,0.5300,0.0373,0.376179,0.376358,0.000179,0
5339,33.8871,41.8055,0.8106,1.2337,1.3911,0.0467,0.475608,0.475722,0.000114,0
5340,53.9708,46.0026,1.1732,0.8524,0.9061,0.0582,0.467051,0.467093,0.000043,0
5341,72.1482,92.2452,0.7821,1.2786,1.4924,0.0227,0.362592,0.366661,0.004069,0
5342,41.9019,54.7554,0.7653,1.3068,1.2104,0.0561,0.494322,0.494360,0.000038,0
5343,66.5358,56.6599,1.1743,0.8516,0.3370,0.0396,0.341034,0.341344,0.000311,0
5344,62.9450,77.0495,0.8169,1.2241,1.2799,0.0271,0.247049,0.247584,0.000535,0
5345,55.7451,43.7672,1.2737,0.7851,0.8968,0.0324,0.497703,0.497737,0.000034,0
5346,36.1010,27.1139,1.3315,0.7511,0.6996,0.0292,0.228005,0.255161,0.027155,0
5347,66.0085,65.5826,1.0065,0.9935,0.8794,0.0505,0.180189,0.180211,0.000022,1
5348,48.6184,46.1714,1.0530,0.9497,1.0429,0.0492,0.316753,0.316782,0.000028,1
5349,59.4824,79.7758,0.7456,1.3412,0.1470,0.0200,0.413826,0.486054,0.072228,0
5350,76.7498,105.7150,0.7260,1.3774,1.1443,0.0569,0.243155,0.276106,0.032951,0
5351,29.8660,23.6676,1.2619,0.7925,0.6364,0.0338,0.262552,0.266897,0.004345,0
5352,56.0564,77.4132,0.7241,1.3810,0.4113,0.0523,0.256070,0.300001,0.043930,0
5353,27.0315,33.9467,0.7963,1.2558,1.2620,0.0491,0.512316,0.512430,0.000114,0
5354,56.0417,70.6562,0.7932,1.2608,1.3826,0.0283,0.379145,0.379151,0.000006,0
5355,69.3283,65.3753,1.0605,0.9430,0.8166,0.0450,0.346210,0.346235,0.000025,1
5356,62.7711,78.5731,0.7989,1.2517,0.4018,0.0533,0.233938,0.254759,0.020821,0
5357,27.4728,29.7388,0.9238,1.0825,0.5940,0.0403,0.329058,0.329056,0.000002,1
5358,51.7148,63.0444,0.8203,1.2191,1.1757,0.0237,0.230093,0.230119,0.000026,0
5359,35.1817,39.8243,0.8834,1.1320,0.8112,0.0494,0.272282,0.272289,0.000007,1
5360,48.7631,64.0868,0.7609,1.3142,1.0866,0.0329,0.222854,0.223665,0.000811,0
5361,76.2755,93.2236,0.8182,1.2222,0.5830,0.0292,0.460593,0.467700,0.007107,0
5362,37.8332,38.6956,0.9777,1.0228,1.0235,0.0555,0.370759,0.370889,0.000130,1
5363,53.6760,70.8692,0.7574,1.3203,0.4780,0.0316,0.338226,0.341094,0.002868,0
5364,46.0366,59.5574,0.7730,1.2937,1.1431,0.0592,0.539062,0.539099,0.000037,0
5365,79.6594,64.3640,1.2376,0.8080,1.2250,0.0422,0.325164,0.326211,0.001047,0
5366,29.7635,21.0951,1.4109,0.7088,0.7577,0.0336,0.439303,0.440564,0.001261,0
5367,76.7150,86.1548,0.8904,1.1231,1.2363,0.0463,0.212490,0.214336,0.001846,1
5368,64.4795,75.4180,0.8550,1.1696,0.8394,0.0367,0.421187,0.421470,0.000282,1
5369,61.7566,85.9923,0.7182,1.3924,0.5227,0.0434,0.221633,0.295500,0.073866,0
5370,35.1927,34.5514,1.0186,0.9818,0.8070,0.0220,0.489781,0.489886,0.000105,1
5371,60.7935,59.8493,1.0158,0.9845,0.5903,0.0327,0.153113,0.153113,0.000000,1
5372,61.0022,57.5879,1.0593,0.9440,0.1018,0.0370,0.359601,0.359600,0.000001,1
5373,23.8911,26.5114,0.9012,1.1097,0.2873,0.0217,0.348492,0.348492,0.000000,1
5374,53.0772,65.7495,0.8073,1.2388,0.9268,0.0328,0.226479,0.226626,0.000147,0
5375,79.0057,62.8400,1.2573,0.7954,0.6017,0.0337,0.492833,0.493830,0.000997,0
5376,28.7710,31.7932,0.9049,1.1050,0.8062,0.0276,0.488975,0.489082,0.000106,1
5377,75.4094,78.0047,0.9667,1.0344,0.3603,0.0317,0.445456,0.445756,0.000300,1
5378,32.4058,35.6374,0.9093,1.0997,0.2883,0.0235,0.532958,0.532951,0.000007,1
5379,60.5078,63.4757,0.9532,1.0490,1.1278,0.0400,0.352826,0.352931,0.000105,1
5380,73.4611,54.8283,1.3398,0.7464,0.7376,0.0342,0.356732,0.358412,0.001680,0
5381,65.3841,65.9959,0.9907,1.0094,1.4240,0.0574,0.320293,0.320474,0.000180,1
5382,32.6402,38.5204,0.8473,1.1802,0.7207,0.0241,0.307939,0.307944,0.000005,0
5383,21.8311,17.0946,1.2771,0.7830,1.1462,0.0219,0.348224,0.348315,0.000091,0
5384,73.3476,84.4179,0.8689,1.1509,0.9628,0.0342,0.379768,0.381174,0.001406,1
5385,74.6129,79.3071,0.9408,1.0629,0.8692,0.0313,0.523327,0.523596,0.000269,1
5386,77.6983,100.1164,0.7761,1.2885,0.1986,0.0201,0.220901,0.359685,0.138784,0
5387,64.3989,58.1915,1.1067,0.9036,1.3834,0.0487,0.247195,0.247284,0.000089,1
5388,50.1584,65.1448,0.7700,1.2988,1.4580,0.0562,0.301823,0.301889,0.000066,0
5389,37.2546,40.5924,0.9178,1.0896,0.4890,0.0403,0.231973,0.231971,0.000001,1
5390,65.3749,57.8095,1.1309,0.8843,0.7714,0.0383,0.399617,0.399621,0.000004,1
5391,42.6234,35.7878,1.1910,0.8396,0.7659,0.0581,0.346661,0.346767,0.000106,0
5392,67.5393,54.5956,1.2371,0.8084,1.1362,0.0227,0.164368,0.171082,0.006714,0
5393,31.4902,28.7872,1.0939,0.9142,0.6684,0.0486,0.408101,0.408106,0.000005,1
5394,64.0767,88.4137,0.7247,1.3798,1.2253,0.0204,0.462192,0.465162,0.002970,0
5395,36.9744,48.9095,0.7560,1.3228,0.9146,0.0561,0.326788,0.326882,0.000095,0
5396,64.0107,62.1223,1.0304,0.9705,0.9185,0.0520,0.303008,0.303031,0.000023,1
5397,48.5818,54.0274,0.8992,1.1121,1.2364,0.0495,0.490403,0.490521,0.000117,1
5398,38.7249,43.4206,0.8919,1.1213,1.4734,0.0519,0.506200,0.506337,0.000137,1
5399,36.3829,45.1573,0.8057,1.2412,1.3978,0.0285,0.346966,0.346972,0.000005,0
5400,57.2887,67.8665,0.8441,1.1846,0.7914,0.0353,0.282389,0.282395,0.000006,0
5401,59.7076,66.1529,0.9026,1.1079,0.4510,0.0576,0.284513,0.284514,0.000000,1
5402,57.7117,48.0384,1.2014,0.8324,0.1677,0.0515,0.267350,0.318902,0.051552,0
5403,24.3416,33.1723,0.7338,1.3628,1.3649,0.0260,0.545679,0.545691,0.000013,0
5404,46.8532,49.4957,0.9466,1.0564,0.6964,0.0454,0.481736,0.481855,0.000119,1
5405,29.9411,36.6316,0.8174,1.2235,1.0859,0.0520,0.513256,0.513274,0.000019,0
5406,22.7888,28.6240,0.7961,1.2561,1.3261,0.0486,0.260135,0.260170,0.000035,0
5407,73.1150,56.7551,1.2883,0.7762,1.4781,0.0240,0.506688,0.506710,0.000022,0
5408,51.6306,65.3793,0.7897,1.2663,0.3928,0.0337,0.243777,0.260217,0.016439,0
5409,38.7634,38.6582,1.0027,0.9973,1.0857,0.0421,0.489512,0.489618,0.000106,1
5410,33.7754,33.0056,1.0233,0.9772,0.2679,0.0332,0.513036,0.513222,0.000186,1
5411,20.3790,19.2632,1.0579,0.9452,0.7597,0.0571,0.454294,0.454309,0.000015,1
5412,29.6683,25.7678,1.1514,0.8685,1.1400,0.0505,0.299370,0.299444,0.000074,0
5413,36.4580,41.8749,0.8706,1.1486,0.1620,0.0477,0.374299,0.374581,0.000282,1
5414,69.9179,95.2562,0.7340,1.3624,1.0526,0.0266,0.310747,0.322676,0.011929,0
5415,72.7378,81.7411,0.8899,1.1238,0.4765,0.0321,0.539843,0.540938,0.001095,1
5416,56.6771,52.6864,1.0757,0.9296,0.1411,0.0470,0.180433,0.182530,0.002097,1
5417,55.7945,44.9420,1.2415,0.8055,1.1944,0.0435,0.482517,0.482563,0.000045,0
5418,39.8199,55.7369,0.7144,1.3997,0.7152,0.0375,0.155982,0.274712,0.118730,0
5419,50.4074,36.7422,1.3719,0.7289,1.2773,0.0373,0.382209,0.382637,0.000428,0
5420,30.3183,29.2781,1.0355,0.9657,0.1929,0.0524,0.333709,0.333705,0.000004,1
5421,48.3529,42.1417,1.1474,0.8715,1.4095,0.0202,0.298747,0.298751,0.000004,1
5422,21.8165,27.7886,0.7851,1.2737,0.8916,0.0305,0.163245,0.171605,0.008360,0
5423,57.5176,47.0622,1.2222,0.8182,0.1041,0.0332,0.424740,0.456608,0.031868,0
5424,57.1038,50.7493,1.1252,0.8887,0.2852,0.0254,0.447726,0.447726,0.000001,1
5425,44.8683,42.6589,1.0518,0.9508,1.2044,0.0535,0.465818,0.465954,0.000137,1
5426,66.6219,63.9448,1.0419,0.9598,0.3277,0.0534,0.497154,0.497152,0.000002,1
5427,52.3630,71.6549,0.7308,1.3684,1.0951,0.0223,0.470969,0.471008,0.000038,0
5428,68.7863,83.9204,0.8197,1.2200,0.7934,0.0533,0.505602,0.507334,0.001732,0
5429,48.9865,34.4862,1.4205,0.7040,0.3830,0.0513,0.408492,0.437935,0.029443,0
5430,44.1743,34.1032,1.2953,0.7720,0.8665,0.0486,0.467808,0.467932,0.000124,0
5431,21.9813,26.4287,0.8317,1.2023,0.7975,0.0220,0.161841,0.163448,0.001607,0
5432,65.1296,63.9024,1.0192,0.9812,0.2086,0.0380,0.476084,0.476078,0.000007,1
5433,63.7782,48.3643,1.3187,0.7583,1.2762,0.0316,0.454807,0.454876,0.000069,0
5434,46.5438,62.8008,0.7411,1.3493,1.4070,0.0564,0.295708,0.295786,0.000079,0
5435,35.4656,26.9859,1.3142,0.7609,1.1108,0.0597,0.356867,0.357556,0.000689,0
5436,69.9033,50.4256,1.3863,0.7214,0.2481,0.0227,0.355426,0.451917,0.096490,0
5437,20.4102,15.1225,1.3497,0.7409,1.1117,0.0413,0.317510,0.319015,0.001505,0
5438,28.7509,26.2738,1.0943,0.9138,1.2275,0.0546,0.158643,0.158934,0.000291,1
5439,20.3369,25.7746,0.7890,1.2674,0.4769,0.0336,0.181532,0.215198,0.033666,0
5440,57.0067,56.4843,1.0092,0.9908,0.4912,0.0566,0.472520,0.472662,0.000142,1
5441,68.3450,51.9457,1.3157,0.7601,0.1051,0.0478,0.398323,0.528317,0.129994,0
5442,39.4043,50.7020,0.7772,1.2867,1.1690,0.0227,0.533190,0.533191,0.000001,0
5443,36.3976,42.9493,0.8475,1.1800,1.3382,0.0579,0.303813,0.303874,0.000061,0
5444,73.5838,67.6355,1.0879,0.9192,0.7821,0.0340,0.169739,0.170092,0.000353,1
5445,36.4141,40.2048,0.9057,1.1041,0.6392,0.0344,0.177113,0.177114,0.000002,1
5446,23.0049,20.5692,1.1184,0.8941,0.2700,0.0347,0.443100,0.443101,0.000001,1
5447,51.4072,50.4243,1.0195,0.9809,1.1801,0.0556,0.401936,0.402078,0.000142,1
5448,37.0000,44.7210,0.8274,1.2087,0.9463,0.0436,0.372248,0.372255,0.000007,0
5449,24.2061,21.3387,1.1344,0.8815,0.1996,0.0306,0.548987,0.548989,0.000002,1
5450,65.8272,62.5267,1.0528,0.9499,0.1492,0.0490,0.427450,0.427444,0.000006,1
5451,52.9728,58.1207,0.9114,1.0972,0.9787,0.0598,0.186110,0.186143,0.000033,1
5452,32.5669,26.1043,1.2476,0.8016,0.6621,0.0245,0.157813,0.190977,0.033164,0
5453,33.0650,28.8600,1.1457,0.8728,1.0387,0.0288,0.371271,0.371276,0.000004,1
5454,67.1932,63.6491,1.0557,0.9473,0.7274,0.0397,0.440622,0.440624,0.000002,1
5455,41.0358,49.3210,0.8320,1.2019,1.1709,0.0237,0.336712,0.336712,0.000000,0
5456,48.8784,65.0373,0.7515,1.3306,0.2319,0.0254,0.440219,0.454632,0.014413,0
5457,56.1278,45.8411,1.2244,0.8167,1.4325,0.0390,0.483457,0.483497,0.000039,0
5458,68.0996,84.8314,0.8028,1.2457,0.9836,0.0571,0.296843,0.299686,0.002843,0
5459,75.3014,82.1494,0.9166,1.0909,0.7670,0.0419,0.321270,0.322069,0.000799,1
5460,37.6446,34.3458,1.0960,0.9124,0.8966,0.0219,0.478172,0.478167,0.000005,1
5461,36.7638,47.8841,0.7678,1.3025,1.3025,0.0315,0.261954,0.262031,0.000077,0
5462,38.9776,30.6284,1.2726,0.7858,0.9391,0.0222,0.471897,0.471922,0.000025,0
5463,42.0209,37.1312,1.1317,0.8836,0.5228,0.0236,0.252921,0.252971,0.000050,1
5464,74.8912,89.3495,0.8382,1.1931,1.2377,0.0307,0.322674,0.325589,0.002915,0
5465,34.7826,41.3921,0.8403,1.1900,1.0692,0.0207,0.372822,0.372819,0.000002,0
5466,58.5430,42.0144,1.3934,0.7177,0.3634,0.0432,0.474180,0.482607,0.008428,0
5467,34.4713,25.6160,1.3457,0.7431,0.5924,0.0384,0.152808,0.303578,0.150771,0
5468,70.3958,56.6881,1.2418,0.8053,0.9095,0.0343,0.515136,0.515152,0.000017,0
5469,69.7879,50.9522,1.3697,0.7301,1.3070,0.0390,0.384419,0.384824,0.000406,0
5470,45.5477,58.1484,0.7833,1.2767,0.1938,0.0584,0.197902,0.300000,0.102098,0
5471,51.5336,70.2842,0.7332,1.3639,0.5775,0.0574,0.178797,0.264335,0.085538,0
5472,62.2547,77.5810,0.8024,1.2462,1.2467,0.0539,0.548718,0.549112,0.000394,0
5473,41.0578,53.6172,0.7658,1.3059,0.2695,0.0546,0.502843,0.503992,0.001149,0
5474,35.3594,45.6416,0.7747,1.2908,0.7662,0.0327,0.270841,0.271468,0.000627,0
5475,28.7161,35.1188,0.8177,1.2230,0.7950,0.0295,0.383149,0.383154,0.000004,0
5476,63.4248,72.0287,0.8805,1.1357,1.3896,0.0466,0.205470,0.205595,0.000125,1
5477,33.3323,25.6027,1.3019,0.7681,1.0526,0.0220,0.492491,0.492523,0.000032,0
5478,43.2112,41.2541,1.0474,0.9547,1.4467,0.0349,0.408992,0.409092,0.000099,1
5479,46.0384,43.3868,1.0611,0.9424,1.4787,0.0548,0.361567,0.361667,0.000101,1
5480,77.1416,105.2379,0.7330,1.3642,0.4720,0.0430,0.481858,0.515495,0.033636,0
5481,27.8518,33.0312,0.8432,1.1860,0.2654,0.0384,0.244266,0.249788,0.005522,0
5482,25.9987,30.0004,0.8666,1.1539,1.3611,0.0594,0.190870,0.190943,0.000073,1
5483,47.0894,45.1399,1.0432,0.9586,0.1364,0.0360,0.156262,0.156325,0.000063,1
5484,28.0862,36.2288,0.7752,1.2899,0.3147,0.0411,0.214870,0.311989,0.097119,0
5485,48.0691,66.5687,0.7221,1.3849,0.7781,0.0358,0.253958,0.262776,0.008818,0
5486,64.5235,88.6594,0.7278,1.3741,0.2133,0.0415,0.463852,0.508018,0.044165,0
5487,53.7162,40.1076,1.3393,0.7467,0.5800,0.0497,0.375251,0.378649,0.003398,0
5488,46.1592,36.6326,1.2601,0.7936,0.9685,0.0334,0.321624,0.321863,0.000239,0
5489,59.3689,53.0566,1.1190,0.8937,0.8131,0.0212,0.473228,0.473223,0.000005,1
5490,78.0187,107.6445,0.7248,1.3797,0.2892,0.0503,0.194948,0.050052,0.144896,0
5491,30.6314,36.6353,0.8361,1.1960,0.2463,0.0578,0.490684,0.490730,0.000046,0
5492,69.7403,66.4045,1.0502,0.9522,0.3508,0.0431,0.164563,0.164663,0.000100,1
5493,52.1854,50.7796,1.0277,0.9731,0.5513,0.0553,0.195814,0.195823,0.000008,1
5494,32.8782,32.7672,1.0034,0.9966,0.2369,0.0273,0.178700,0.178697,0.000002,1
5495,24.3855,21.5594,1.1311,0.8841,0.1297,0.0414,0.478513,0.478608,0.000095,1
5496,45.3371,60.6883,0.7470,1.3386,0.1194,0.0257,0.355084,0.505356,0.150271,0
5497,47.9116,64.5072,0.7427,1.3464,0.9202,0.0214,0.241421,0.245017,0.003596,0
5498,77.4328,83.7965,0.9241,1.0822,1.3193,0.0550,0.414559,0.415078,0.000519,1
5499,31.0434,35.5603,0.8730,1.1455,1.1433,0.0576,0.362140,0.362273,0.000133,1
5500,50.4587,35.7620,1.4110,0.7087,1.0266,0.0320,0.507848,0.508082,0.000234,0
5501,36.9304,26.0643,1.4169,0.7058,0.7331,0.0555,0.499608,0.500588,0.000980,0
5502,64.6352,46.4307,1.3921,0.7184,1.3315,0.0436,0.166285,0.222291,0.056006,0
5503,36.9286,32.5944,1.1330,0.8826,0.4283,0.0211,0.422408,0.422406,0.000002,1
5504,56.6112,67.0361,0.8445,1.1841,1.0983,0.0493,0.258402,0.258421,0.000020,0
5505,68.1912,69.2036,0.9854,1.0148,0.4485,0.0492,0.496532,0.496679,0.000147,1
5506,54.5860,38.8329,1.4057,0.7114,1.0778,0.0204,0.315960,0.318561,0.002602,0
5507,46.8624,42.9140,1.0920,0.9157,0.4307,0.0306,0.236502,0.236515,0.000013,1
5508,39.2816,38.8788,1.0104,0.9897,0.8821,0.0368,0.456650,0.456757,0.000107,1
5509,79.6686,101.9489,0.7815,1.2797,0.5179,0.0562,0.446713,0.466118,0.019405,0
5510,58.7115,43.0283,1.3645,0.7329,1.4003,0.0301,0.224917,0.232886,0.007970,0
5511,64.2048,58.9585,1.0890,0.9183,0.8626,0.0435,0.508300,0.508305,0.000005,1
5512,31.8033,33.6045,0.9464,1.0566,1.1058,0.0507,0.448434,0.448554,0.000119,1
5513,49.1073,54.5353,0.9005,1.1105,1.1913,0.0541,0.452499,0.452626,0.000127,1
5514,77.5060,68.6792,1.1285,0.8861,0.2550,0.0299,0.314299,0.316375,0.002075,1
5515,77.1306,79.8445,0.9660,1.0352,0.3684,0.0375,0.252530,0.252851,0.000321,1
5516,49.9423,37.3826,1.3360,0.7485,1.1936,0.0570,0.358112,0.358892,0.000780,0
5517,54.4139,62.3499,0.8727,1.1458,0.1482,0.0523,0.513695,0.513722,0.000027,1
5518,73.7046,98.2298,0.7503,1.3327,1.4280,0.0276,0.177589,0.226198,0.048610,0
5519,75.4790,77.7767,0.9705,1.0304,0.4141,0.0228,0.495543,0.495776,0.000233,1
5520,24.1163,24.6424,0.9787,1.0218,0.7808,0.0463,0.284245,0.284364,0.000119,1
5521,43.0592,45.6477,0.9433,1.0601,0.4251,0.0377,0.209828,0.209827,0.000002,1
5522,32.7573,31.5628,1.0378,0.9635,0.9849,0.0482,0.237674,0.237699,0.000026,1
5523,32.5651,44.3250,0.7347,1.3611,0.4182,0.0440,0.254678,0.304289,0.049611,0
5524,26.1031,20.3170,1.2848,0.7783,1.4724,0.0484,0.521154,0.521256,0.000102,0
5525,39.8932,45.0100,0.8863,1.1283,1.2044,0.0292,0.317595,0.317597,0.000002,1
5526,52.4931,70.7585,0.7419,1.3480,0.8491,0.0548,0.361005,0.361138,0.000133,0
5527,56.3402,63.3608,0.8892,1.1246,0.4429,0.0546,0.359394,0.359392,0.000002,1
5528,27.1084,33.0819,0.8194,1.2204,1.1880,0.0214,0.318731,0.318733,0.000003,0
5529,52.7329,56.2962,0.9367,1.0676,0.7379,0.0517,0.425924,0.426045,0.000121,1
5530,73.8145,62.5050,1.1809,0.8468,0.2007,0.0510,0.241177,0.294026,0.052849,0
5531,44.2366,34.3289,1.2886,0.7760,0.4653,0.0445,0.475950,0.476339,0.000389,0
5532,74.0910,86.4511,0.8570,1.1668,0.7390,0.0538,0.493028,0.495057,0.002029,1
5533,45.0826,32.8926,1.3706,0.7296,0.7697,0.0226,0.411238,0.411993,0.000755,0
5534,34.3522,41.9874,0.8182,1.2223,1.4911,0.0502,0.164661,0.164714,0.000053,0
5535,66.1312,70.2705,0.9411,1.0626,1.3461,0.0218,0.498790,0.498884,0.000094,1
5536,61.1817,57.5678,1.0628,0.9409,0.9788,0.0530,0.200124,0.200172,0.000048,1
5537,75.4021,95.2972,0.7912,1.2639,1.1306,0.0398,0.235342,0.245153,0.009811,0
5538,56.9060,64.2986,0.8850,1.1299,1.3660,0.0589,0.170960,0.171036,0.000076,1
5539,29.7342,34.8419,0.8534,1.1718,0.7146,0.0309,0.470652,0.470648,0.000004,1
5540,43.1269,55.5297,0.7766,1.2876,0.3726,0.0391,0.385847,0.387131,0.001284,0
5541,72.2544,59.5833,1.2127,0.8246,0.4699,0.0241,0.328545,0.329146,0.000601,0
5542,74.5616,69.1029,1.0790,0.9268,0.4920,0.0392,0.219887,0.220302,0.000415,1
5543,32.8544,27.6086,1.1900,0.8403,1.4909,0.0465,0.194154,0.195052,0.000898,0
5544,27.5643,25.6552,1.0744,0.9307,0.7287,0.0582,0.223611,0.223645,0.000034,1
5545,64.7285,61.0973,1.0594,0.9439,0.1952,0.0461,0.220229,0.220247,0.000017,1
5546,64.3825,56.6678,1.1361,0.8802,1.1791,0.0376,0.178309,0.178522,0.000213,1
5547,76.8377,78.4430,0.9795,1.0209,1.0609,0.0468,0.297282,0.297430,0.000148,1
5548,73.0692,67.9290,1.0757,0.9297,0.1354,0.0333,0.253226,0.254254,0.001028,1
5549,37.5237,31.5549,1.1892,0.8409,0.9884,0.0507,0.479881,0.479915,0.000035,0
5550,51.5098,57.2406,0.8999,1.1113,0.1935,0.0463,0.238943,0.239237,0.000294,1
5551,65.6130,55.9680,1.1723,0.8530,1.2244,0.0258,0.315227,0.315240,0.000013,0
5552,49.7977,61.9274,0.8041,1.2436,0.4485,0.0474,0.532849,0.532861,0.000012,0
5553,50.0485,69.6381,0.7187,1.3914,0.1664,0.0273,0.430477,0.521737,0.091260,0
5554,35.5773,26.9714,1.3191,0.7581,0.2545,0.0222,0.183705,0.334386,0.150682,0
5555,24.6931,23.1043,1.0688,0.9357,1.3361,0.0461,0.351276,0.351319,0.000044,1
5556,69.6396,81.0756,0.8589,1.1642,1.3713,0.0554,0.316753,0.317611,0.000858,1
5557,28.9065,26.8088,1.0782,0.9274,0.2559,0.0207,0.297295,0.297294,0.000001,1
5558,21.3092,25.4127,0.8385,1.1926,1.4090,0.0319,0.504051,0.504140,0.000089,0
5559,24.5155,20.7861,1.1794,0.8479,0.7560,0.0539,0.278874,0.279106,0.000233,0
5560,42.7204,39.5308,1.0807,0.9253,1.4715,0.0427,0.371503,0.371547,0.000043,1
5561,53.1834,58.0086,0.9168,1.0907,0.6497,0.0305,0.254154,0.254152,0.000002,1
5562,65.1643,63.5231,1.0258,0.9748,1.3778,0.0265,0.190858,0.190866,0.000007,1
5563,42.4879,38.8590,1.0934,0.9146,1.0296,0.0371,0.247842,0.247858,0.000015,1
5564,27.1633,20.3426,1.3353,0.7489,0.5803,0.0241,0.442648,0.443272,0.000624,0
5565,61.8519,43.9279,1.4080,0.7102,0.9153,0.0333,0.229934,0.268488,0.038554,0
5566,39.9078,55.1122,0.7241,1.3810,1.0666,0.0545,0.206410,0.210472,0.004062,0
5567,28.1137,29.9250,0.9395,1.0644,0.3164,0.0480,0.456858,0.456852,0.000005,1
5568,68.9529,64.6163,1.0671,0.9371,0.1146,0.0213,0.184913,0.186477,0.001563,1
5569,42.7241,35.3192,1.2097,0.8267,0.2228,0.0559,0.537756,0.537987,0.000231,0
5570,49.0085,53.2696,0.9200,1.0869,0.9364,0.0577,0.250809,0.250938,0.000129,1
5571,45.6081,53.6540,0.8500,1.1764,1.2846,0.0314,0.354804,0.354808,0.000004,1
5572,58.7994,80.5355,0.7301,1.3697,1.3684,0.0543,0.468198,0.468733,0.000534,0
5573,52.2935,48.9365,1.0686,0.9358,0.4615,0.0539,0.389253,0.389254,0.000001,1
5574,52.6890,49.7332,1.0594,0.9439,1.2269,0.0575,0.235427,0.235522,0.000094,1
5575,38.3093,52.1869,0.7341,1.3623,1.1917,0.0600,0.433712,0.433767,0.000055,0
5576,42.8742,52.1232,0.8226,1.2157,1.1158,0.0434,0.171583,0.171668,0.000085,0
5577,45.8388,53.7042,0.8535,1.1716,0.3140,0.0443,0.356549,0.356604,0.000055,1
5578,57.5433,53.4657,1.0763,0.9291,0.1250,0.0363,0.475987,0.475981,0.000005,1
5579,49.3307,48.4170,1.0189,0.9815,0.7693,0.0377,0.375361,0.375475,0.000114,1
5580,74.2778,53.4717,1.3891,0.7199,1.3707,0.0576,0.178455,0.233329,0.054873,0
5581,67.2005,67.3441,0.9979,1.0021,0.4564,0.0446,0.244388,0.244387,0.000001,1
5582,31.5854,34.9640,0.9034,1.1070,1.4759,0.0418,0.417574,0.417683,0.000109,1
5583,22.7851,25.8843,0.8803,1.1360,0.6310,0.0326,0.314531,0.314530,0.000002,1
5584,42.1216,40.9285,1.0292,0.9717,0.4451,0.0459,0.484715,0.484861,0.000146,1
5585,57.5579,43.7297,1.3162,0.7598,0.1536,0.0300,0.434884,0.497869,0.062985,0
5586,56.6094,72.6804,0.7789,1.2839,0.9257,0.0599,0.304228,0.304282,0.000054,0
5587,79.9799,83.2518,0.9607,1.0409,0.8225,0.0206,0.180934,0.181336,0.000403,1
5588,65.1296,46.7274,1.3938,0.7175,0.3514,0.0481,0.532751,0.537047,0.004296,0
5589,72.6206,56.4117,1.2873,0.7768,1.2184,0.0588,0.167444,0.198039,0.030594,0
5590,59.6985,83.1392,0.7181,1.3927,1.2935,0.0219,0.405574,0.406829,0.001255,0
5591,34.9272,25.0967,1.3917,0.7185,0.2310,0.0410,0.282756,0.507634,0.224879,0
5592,26.5609,21.9103,1.2123,0.8249,0.4918,0.0204,0.283830,0.284785,0.000955,0
5593,47.5802,45.1905,1.0529,0.9498,1.0020,0.0582,0.416451,0.416491,0.000040,1
5594,55.8312,44.0519,1.2674,0.7890,0.8640,0.0532,0.212905,0.225997,0.013092,0
5595,63.6006,70.7813,0.8986,1.1129,0.2756,0.0250,0.493968,0.494061,0.000093,1
5596,37.4285,28.4004,1.3179,0.7588,1.4780,0.0332,0.541174,0.541223,0.000049,0
5597,79.2273,87.3886,0.9066,1.1030,0.1874,0.0217,0.428866,0.433920,0.005054,1
5598,63.3882,82.1879,0.7713,1.2966,1.1958,0.0488,0.217434,0.220000,0.002567,0
5599,31.2375,24.0765,1.2974,0.7708,1.1940,0.0592,0.408040,0.408311,0.000271,0
5600,44.7804,52.7368,0.8491,1.1777,0.2261,0.0566,0.436325,0.436397,0.000073,0
5601,64.5692,49.9822,1.2918,0.7741,1.4513,0.0280,0.384700,0.384765,0.000065,0
5602,24.4679,24.0429,1.0177,0.9826,0.5388,0.0427,0.282926,0.282926,0.000000,1
5603,52.1397,61.8803,0.8426,1.1868,0.9477,0.0244,0.220717,0.220742,0.000024,0
5604,72.0200,87.2056,0.8259,1.2109,0.1699,0.0495,0.191273,0.300000,0.108727,0
5605,25.3688,22.6515,1.1200,0.8929,0.9651,0.0353,0.442611,0.442615,0.000004,1
5606,31.8967,31.9322,0.9989,1.0011,1.2536,0.0567,0.425509,0.425658,0.000149,1
5607,26.2716,27.8363,0.9438,1.0596,0.4614,0.0515,0.304009,0.304008,0.000000,1
5608,28.0624,28.7662,0.9755,1.0251,0.9357,0.0504,0.268986,0.269108,0.000122,1
5609,77.9455,83.8684,0.9294,1.0760,0.6034,0.0595,0.233035,0.234337,0.001302,1
5610,54.7746,70.4066,0.7780,1.2854,0.1282,0.0556,0.412862,0.467935,0.055073,0
5611,67.1090,90.9104,0.7382,1.3547,1.4174,0.0553,0.434164,0.437839,0.003675,0
5612,32.2538,33.5512,0.9613,1.0402,1.1235,0.0233,0.224526,0.224620,0.000094,1
5613,57.6147,75.3803,0.7643,1.3084,0.8291,0.0489,0.261637,0.262571,0.000935,0
5614,64.4575,72.6135,0.8877,1.1265,1.1849,0.0547,0.395576,0.395777,0.000200,1
5615,45.0423,32.5659,1.3831,0.7230,0.3228,0.0284,0.236087,0.354925,0.118838,0
5616,71.8882,50.5552,1.4220,0.7032,0.9375,0.0377,0.369636,0.372314,0.002678,0
5617,37.1813,38.4570,0.9668,1.0343,0.7220,0.0270,0.485240,0.485352,0.000112,1
5618,52.8574,38.0888,1.3877,0.7206,0.2700,0.0451,0.182936,0.423281,0.240345,0
5619,40.7611,43.6147,0.9346,1.0700,1.4686,0.0355,0.206655,0.206756,0.000101,1
5620,59.2279,46.2056,1.2818,0.7801,0.5105,0.0567,0.362946,0.365029,0.002083,0
5621,68.7991,63.9460,1.0759,0.9295,0.1231,0.0536,0.323077,0.323211,0.000135,1
5622,64.8970,53.1986,1.2199,0.8197,0.6232,0.0246,0.175831,0.192997,0.017166,0
5623,52.9582,38.2948,1.3829,0.7231,0.6992,0.0290,0.479356,0.479892,0.000536,0
5624,64.8988,56.7743,1.1431,0.8748,0.2645,0.0318,0.238601,0.241031,0.002430,1
5625,28.6135,30.7762,0.9297,1.0756,0.9596,0.0564,0.165650,0.165678,0.000028,1
5626,37.0421,28.5789,1.2961,0.7715,0.3166,0.0392,0.369135,0.380615,0.011480,0
5627,34.7588,44.9978,0.7725,1.2946,0.4116,0.0289,0.292888,0.302160,0.009273,0
5628,54.5091,56.3979,0.9665,1.0347,0.5529,0.0581,0.385591,0.385727,0.000137,1
5629,53.5698,43.4085,1.2341,0.8103,1.3220,0.0433,0.243643,0.244250,0.000607,0
5630,43.7495,51.6424,0.8472,1.1804,0.9604,0.0420,0.436081,0.436085,0.000005,0
5631,43.2313,33.9801,1.2723,0.7860,0.7018,0.0264,0.526281,0.526313,0.000032,0
5632,45.3975,56.8337,0.7988,1.2519,1.3273,0.0477,0.390352,0.390380,0.000029,0
5633,49.7189,48.4051,1.0271,0.9736,0.3606,0.0280,0.519652,0.519812,0.000159,1
5634,23.7263,23.1662,1.0242,0.9764,0.9664,0.0357,0.507274,0.507377,0.000103,1
5635,76.3506,86.4372,0.8833,1.1321,0.4793,0.0335,0.262626,0.266718,0.004093,1
5636,70.3793,50.6999,1.3882,0.7204,0.4718,0.0381,0.455197,0.458907,0.003710,0
5637,21.4374,26.2049,0.8181,1.2224,0.5712,0.0590,0.264884,0.265040,0.000156,0
5638,67.8671,49.1772,1.3801,0.7246,0.3648,0.0243,0.456662,0.463856,0.007194,0
5639,41.8104,55.5968,0.7520,1.3297,1.0655,0.0396,0.544604,0.544617,0.000013,0
5640,25.3304,29.3017,0.8645,1.1568,1.3510,0.0296,0.505004,0.505091,0.000087,1
5641,60.9217,50.9524,1.1957,0.8364,0.3378,0.0439,0.183778,0.226650,0.042872,0
5642,40.7392,51.3613,0.7932,1.2607,1.4682,0.0417,0.507030,0.507134,0.000104,0
5643,32.0377,27.2304,1.1765,0.8499,1.2981,0.0559,0.283512,0.283700,0.000187,0
5644,47.5619,64.0170,0.7430,1.3460,0.2118,0.0305,0.294670,0.385911,0.091241,0
5645,67.3214,86.5298,0.7780,1.2853,1.1018,0.0396,0.548511,0.550469,0.001959,0
5646,37.5201,40.7503,0.9207,1.0861,0.1739,0.0219,0.167579,0.168900,0.001321,1
5647,29.7964,38.1211,0.7816,1.2794,0.4573,0.0499,0.285099,0.288198,0.003098,0
5648,61.7621,75.3390,0.8198,1.2198,0.3868,0.0445,0.429916,0.430528,0.000612,0
5649,74.8967,58.4981,1.2803,0.7811,1.0256,0.0208,0.206252,0.213489,0.007237,0
5650,28.2052,34.0541,0.8282,1.2074,1.2025,0.0580,0.316021,0.316064,0.000043,0
5651,58.7518,46.2936,1.2691,0.7880,0.8342,0.0299,0.353925,0.354140,0.000215,0
5652,40.4627,49.7169,0.8139,1.2287,0.1398,0.0377,0.413729,0.425448,0.011719,0
5653,59.5886,46.8002,1.2733,0.7854,0.9204,0.0367,0.321697,0.322116,0.000419,0
5654,71.0239,89.1235,0.7969,1.2548,0.2625,0.0558,0.237600,0.297281,0.059680,0
5655,23.3674,20.3288,1.1495,0.8700,1.0603,0.0422,0.239444,0.239532,0.000089,1
5656,35.8666,47.1698,0.7604,1.3151,1.0989,0.0205,0.431259,0.431277,0.000018,0
5657,43.3485,60.5082,0.7164,1.3959,1.3065,0.0479,0.517089,0.517129,0.000040,0
5658,46.8972,54.5775,0.8593,1.1638,1.4370,0.0485,0.433871,0.433994,0.000123,1
5659,72.5217,76.5158,0.9478,1.0551,1.4148,0.0207,0.185768,0.185915,0.000147,1
5660,29.9026,40.3382,0.7413,1.3490,0.9200,0.0416,0.185365,0.197675,0.012310,0
5661,25.6178,35.3878,0.7239,1.3814,0.9740,0.0349,0.472459,0.472515,0.000057,0
5662,56.8310,76.9106,0.7389,1.3533,0.1857,0.0591,0.213234,0.300000,0.086766,0
5663,71.1960,73.7999,0.9647,1.0366,1.0320,0.0516,0.247977,0.248146,0.000170,1
5664,39.4153,40.7372,0.9675,1.0335,0.3258,0.0298,0.295549,0.295545,0.000004,1
5665,21.3312,16.8421,1.2665,0.7896,1.1141,0.0291,0.248538,0.249519,0.000981,0
5666,74.1038,73.1445,1.0131,0.9871,0.2561,0.0551,0.476279,0.476289,0.000009,1
5667,34.6434,45.4945,0.7615,1.3132,1.2237,0.0334,0.537268,0.537276,0.000008,0
5668,43.3430,49.4949,0.8757,1.1419,0.7623,0.0397,0.372541,0.372541,0.000000,1
5669,34.8283,31.2659,1.1139,0.8977,0.1894,0.0571,0.394856,0.394894,0.000038,1
5670,53.1486,66.4409,0.7999,1.2501,0.4968,0.0446,0.307866,0.308324,0.000457,0
5671,49.3765,39.1088,1.2625,0.7921,0.4380,0.0543,0.357526,0.359810,0.002284,0
5672,48.7558,63.0471,0.7733,1.2931,0.4177,0.0376,0.481260,0.481442,0.000182,0
5673,69.0262,57.2146,1.2064,0.8289,0.4102,0.0509,0.305364,0.306962,0.001598,0
5674,46.9778,62.3095,0.7539,1.3264,0.2676,0.0569,0.189039,0.300000,0.110961,0
5675,35.3648,47.6991,0.7414,1.3488,0.6728,0.0272,0.395808,0.396198,0.000390,0
5676,42.6362,43.7820,0.9738,1.0269,1.2472,0.0252,0.504588,0.504676,0.000087,1
5677,59.2407,59.5761,0.9944,1.0057,1.1888,0.0341,0.284404,0.284504,0.000100,1
5678,35.0462,35.4348,0.9890,1.0111,1.4402,0.0566,0.440744,0.440911,0.000167,1
5679,33.8414,33.5847,1.0076,0.9924,1.0608,0.0246,0.329229,0.329325,0.000096,1
5680,26.2917,20.6992,1.2702,0.7873,1.1476,0.0347,0.520312,0.520342,0.000030,0
5681,71.0440,61.3019,1.1589,0.8629,0.4371,0.0352,0.185145,0.192557,0.007412,0
5682,33.4092,38.1776,0.8751,1.1427,1.0823,0.0550,0.512181,0.512303,0.000122,1
5683,55.0420,56.7858,0.9693,1.0317,1.2482,0.0543,0.410738,0.410876,0.000138,1
5684,59.2444,69.5530,0.8518,1.1740,0.7245,0.0337,0.303911,0.303914,0.000003,1
5685,51.5079,51.0667,1.0086,0.9914,1.4791,0.0406,0.483335,0.483445,0.000109,1
5686,69.0701,75.1611,0.9190,1.0882,0.4196,0.0277,0.526135,0.526383,0.000248,1
5687,50.2939,59.8165,0.8408,1.1893,1.4827,0.0362,0.196339,0.196356,0.000017,0
5688,29.4833,37.4560,0.7871,1.2704,0.1980,0.0360,0.269669,0.338167,0.068498,0
5689,73.2286,97.7705,0.7490,1.3351,0.2449,0.0367,0.248587,0.300000,0.051413,0
5690,50.3726,63.8035,0.7895,1.2666,0.3698,0.0217,0.293925,0.301365,0.007440,0
5691,62.8187,66.7011,0.9418,1.0618,1.0310,0.0437,0.176185,0.176299,0.000114,1
5692,36.9854,26.2113,1.4110,0.7087,0.4877,0.0531,0.362482,0.387453,0.024971,0
5693,60.4840,43.0740,1.4042,0.7122,0.9168,0.0545,0.275907,0.296999,0.021092,0
5694,75.3398,63.6904,1.1829,0.8454,0.8408,0.0211,0.412300,0.412586,0.000285,0
5695,41.6126,32.0669,1.2977,0.7706,1.4451,0.0481,0.272074,0.273245,0.001171,0
5696,27.3153,37.7133,0.7243,1.3807,0.8233,0.0242,0.412972,0.413230,0.000258,0
5697,56.9445,67.3869,0.8450,1.1834,1.0941,0.0256,0.239846,0.239851,0.000005,0
5698,69.7934,97.2113,0.7180,1.3928,0.6890,0.0354,0.254874,0.281408,0.026534,0
5699,32.7976,32.8943,0.9971,1.0029,0.8939,0.0301,0.163868,0.163870,0.000002,1
5700,42.2590,36.0668,1.1717,0.8535,1.3234,0.0400,0.468418,0.468446,0.000028,0
5701,24.2500,20.3496,1.1917,0.8392,0.2480,0.0428,0.533776,0.533852,0.000076,0
5702,77.1728,78.9088,0.9780,1.0225,0.1295,0.0577,0.270634,0.270961,0.000327,1
5703,52.7915,46.8650,1.1265,0.8877,1.4821,0.0567,0.207338,0.207637,0.000299,1
5704,24.2885,17.0201,1.4270,0.7007,1.4859,0.0373,0.211940,0.236622,0.024682,0
5705,50.8817,47.1446,1.0793,0.9266,0.5326,0.0353,0.456870,0.456865,0.000004,1
5706,31.9022,32.3091,0.9874,1.0128,1.0934,0.0398,0.201967,0.201982,0.000015,1
5707,57.7117,52.1958,1.1057,0.9044,0.3717,0.0279,0.305889,0.305894,0.000005,1
5708,61.7896,49.8646,1.2391,0.8070,0.2352,0.0399,0.382514,0.388403,0.005889,0
5709,20.6738,22.5120,0.9183,1.0889,0.5231,0.0511,0.211208,0.211209,0.000001,1
5710,38.1848,39.5740,0.9649,1.0364,0.3247,0.0479,0.234671,0.234669,0.000002,1
5711,33.3451,29.0518,1.1478,0.8712,0.6283,0.0517,0.298650,0.298714,0.000064,1
5712,71.9028,54.3518,1.3229,0.7559,1.0681,0.0426,0.508116,0.508207,0.000090,0
5713,40.3473,37.9054,1.0644,0.9395,1.3483,0.0353,0.371613,0.371629,0.000016,1
5714,46.1025,36.1689,1.2746,0.7845,0.1118,0.0287,0.292582,0.540224,0.247642,0
5715,20.0952,18.2845,1.0990,0.9099,1.4077,0.0302,0.427584,0.427592,0.000008,1
5716,47.8494,50.7749,0.9424,1.0611,1.3434,0.0538,0.264872,0.265020,0.000148,1
5717,75.4515,101.2059,0.7455,1.3413,0.5868,0.0592,0.290483,0.303749,0.013267,0
5718,66.9002,61.5151,1.0875,0.9195,0.6464,0.0287,0.489158,0.489153,0.000005,1
5719,37.2472,38.4893,0.9677,1.0333,0.6036,0.0577,0.245853,0.245988,0.000136,1
5720,47.6406,40.4676,1.1773,0.8494,1.4587,0.0345,0.374287,0.374315,0.000029,0
5721,34.0629,41.3842,0.8231,1.2149,0.3963,0.0482,0.300481,0.300917,0.000436,0
5722,59.3176,49.8466,1.1900,0.8403,0.3037,0.0554,0.348614,0.349568,0.000953,0
5723,20.9595,19.9941,1.0483,0.9539,0.3749,0.0522,0.530285,0.530280,0.000005,1
5724,31.0050,26.5129,1.1694,0.8551,0.3583,0.0481,0.351398,0.351587,0.000190,0
5725,67.6565,50.4497,1.3411,0.7457,1.0429,0.0413,0.377180,0.377676,0.000497,0
5726,28.8607,25.8643,1.1159,0.8962,1.4385,0.0257,0.209133,0.209150,0.000017,1
5727,40.3381,54.7904,0.7362,1.3583,1.0706,0.0207,0.159986,0.185149,0.025163,0
5728,41.4570,55.3739,0.7487,1.3357,0.5150,0.0383,0.216115,0.258268,0.042153,0
5729,48.4646,58.7974,0.8243,1.2132,0.7015,0.0332,0.524535,0.524533,0.000003,0
5730,71.8662,66.9257,1.0738,0.9313,0.3894,0.0272,0.420528,0.420634,0.000105,1
5731,65.9609,82.1911,0.8025,1.2461,0.5718,0.0209,0.524194,0.526044,0.001850,0
5732,60.3430,58.3759,1.0337,0.9674,1.4307,0.0311,0.280412,0.280425,0.000013,1
5733,32.7812,36.5145,0.8978,1.1139,0.6939,0.0306,0.345428,0.345426,0.000003,1
5734,66.2447,92.4935,0.7162,1.3962,1.2868,0.0203,0.548987,0.553001,0.004014,0
5735,35.2532,34.5430,1.0206,0.9799,1.3690,0.0594,0.221108,0.221232,0.000124,1
5736,29.7562,30.6709,0.9702,1.0307,0.5993,0.0577,0.523717,0.523848,0.000131,1
5737,69.4949,83.3449,0.8338,1.1993,0.6354,0.0531,0.259854,0.263331,0.003477,0
5738,60.8008,61.4022,0.9902,1.0099,0.1561,0.0451,0.201369,0.201619,0.000250,1
5739,29.0695,21.5720,1.3476,0.7421,0.3938,0.0283,0.211135,0.317928,0.106794,0
5740,31.2064,41.9690,0.7436,1.3449,0.5750,0.0332,0.469163,0.469370,0.000208,0
5741,23.2960,30.3181,0.7684,1.3014,0.8563,0.0303,0.233328,0.234937,0.001609,0
5742,44.9562,31.7459,1.4161,0.7062,1.3123,0.0216,0.481504,0.481651,0.000147,0
5743,43.8484,54.6770,0.8020,1.2470,0.3238,0.0413,0.186048,0.261582,0.075534,0
5744,36.8828,50.1736,0.7351,1.3604,0.4906,0.0488,0.273124,0.293029,0.019905,0
5745,51.9053,45.0282,1.1527,0.8675,0.7693,0.0472,0.477866,0.477877,0.000010,0
5746,30.7889,26.1735,1.1763,0.8501,1.3378,0.0479,0.490953,0.491006,0.000053,0
5747,73.7504,96.1166,0.7673,1.3033,0.5791,0.0305,0.317425,0.339917,0.022492,0
5748,60.4346,76.7381,0.7875,1.2698,1.4690,0.0331,0.340435,0.340697,0.000262,0
5749,66.6860,51.7262,1.2892,0.7757,0.7500,0.0478,0.388203,0.388609,0.000406,0
5750,29.2544,22.1692,1.3196,0.7578,1.2386,0.0434,0.286943,0.288361,0.001418,0
5751,47.1133,55.4066,0.8503,1.1760,1.1292,0.0449,0.346271,0.346285,0.000014,1
5752,64.0986,73.4252,0.8730,1.1455,1.4716,0.0382,0.177992,0.178196,0.000204,1
5753,76.0485,64.9101,1.1716,0.8535,0.4005,0.0490,0.175599,0.193105,0.017506,0
5754,72.4595,58.2911,1.2431,0.8045,0.2711,0.0425,0.309758,0.329613,0.019855,0
5755,31.6276,23.4872,1.3466,0.7426,1.1297,0.0321,0.176637,0.211275,0.034638,0
5756,29.0860,39.6703,0.7332,1.3639,0.6280,0.0284,0.199086,0.256412,0.057326,0
5757,40.9937,48.0347,0.8534,1.1718,0.7634,0.0557,0.261881,0.261893,0.000012,1
5758,43.8575,33.0941,1.3252,0.7546,1.2354,0.0264,0.292119,0.292891,0.000772,0
5759,72.5987,101.0193,0.7187,1.3915,0.3067,0.0252,0.335662,0.414072,0.078409,0
5760,26.0720,24.1298,1.0805,0.9255,0.9899,0.0259,0.391060,0.391058,0.000002,1
5761,62.1778,51.8596,1.1990,0.8341,0.5558,0.0488,0.496043,0.496063,0.000020,0
5762,68.2644,61.3928,1.1119,0.8993,0.3258,0.0377,0.463157,0.463158,0.000001,1
5763,78.6615,106.9080,0.7358,1.3591,0.5079,0.0344,0.462449,0.497582,0.035133,0
5764,32.6859,36.9496,0.8846,1.1304,0.7538,0.0514,0.358637,0.358642,0.000006,1
5765,67.8799,63.5324,1.0684,0.9360,0.9931,0.0365,0.256070,0.256086,0.000016,1
5766,23.5395,24.3637,0.9662,1.0350,1.1361,0.0250,0.459409,0.459500,0.000091,1
5767,79.3390,91.5017,0.8671,1.1533,1.3394,0.0459,0.188368,0.192473,0.004105,1
5768,54.8662,39.4214,1.3918,0.7185,0.4953,0.0342,0.255716,0.325175,0.069459,0
5769,62.2419,75.5532,0.8238,1.2139,0.8682,0.0213,0.298430,0.298841,0.000411,0
5770,65.8364,70.2512,0.9372,1.0671,0.7098,0.0439,0.355329,0.355481,0.000152,1
5771,68.8119,72.8589,0.9445,1.0588,1.3069,0.0295,0.171387,0.171476,0.000089,1
5772,58.9514,66.8086,0.8824,1.1333,0.4595,0.0499,0.317766,0.317766,0.000000,1
5773,43.1599,54.2297,0.7959,1.2565,0.6590,0.0328,0.217653,0.220187,0.002534,0
5774,70.2603,75.4612,0.9311,1.0740,1.2311,0.0594,0.425863,0.426103,0.000240,1
5775,60.2680,64.6300,0.9325,1.0724,1.1798,0.0350,0.446603,0.446700,0.000097,1
5776,31.4096,32.0250,0.9808,1.0196,0.8511,0.0204,0.507628,0.507730,0.000102,1
5777,49.1879,34.4536,1.4277,0.7004,0.1291,0.0384,0.378620,0.726014,0.347393,0
5778,58.8543,65.6815,0.8961,1.1160,0.8501,0.0579,0.453452,0.453575,0.000124,1
5779,45.2199,61.6946,0.7330,1.3643,1.3972,0.0395,0.255777,0.255989,0.000212,0
5780,33.0284,23.5749,1.4010,0.7138,0.9678,0.0331,0.386970,0.388117,0.001147,0
5781,44.8537,39.5577,1.1339,0.8819,1.1937,0.0427,0.183973,0.184195,0.000221,1
5782,57.7557,41.6751,1.3859,0.7216,0.4354,0.0329,0.392244,0.405076,0.012832,0
5783,62.1522,62.9727,0.9870,1.0132,1.4341,0.0270,0.518395,0.518479,0.000084,1
5784,24.4990,18.0354,1.3584,0.7362,0.7210,0.0555,0.326214,0.333645,0.007431,0
5785,43.7458,42.2674,1.0350,0.9662,0.5164,0.0268,0.339276,0.339272,0.000004,1
5786,75.3984,85.8070,0.8787,1.1380,0.7482,0.0323,0.401668,0.403470,0.001802,1
5787,68.8797,55.8512,1.2333,0.8109,1.3476,0.0403,0.306389,0.306529,0.000140,0
5788,50.2280,52.4899,0.9569,1.0450,0.3864,0.0419,0.165040,0.165038,0.000001,1
5789,58.7371,48.5795,1.2091,0.8271,0.4080,0.0395,0.178162,0.215673,0.037510,0
5790,23.6604,27.8931,0.8483,1.1789,0.2318,0.0334,0.462131,0.462192,0.000060,0
5791,63.0000,55.6973,1.1311,0.8841,0.8204,0.0487,0.485508,0.485520,0.000011,1
5792,77.2716,89.7348,0.8611,1.1613,0.7308,0.0472,0.436300,0.439395,0.003094,1
5793,38.7396,34.7845,1.1137,0.8979,1.4958,0.0504,0.510338,0.510490,0.000152,1
5794,33.8066,32.2293,1.0489,0.9533,0.1102,0.0300,0.385212,0.385207,0.000005,1
5795,24.7975,25.5535,0.9704,1.0305,0.1214,0.0502,0.285380,0.285377,0.000003,1
5796,76.2590,70.4447,1.0825,0.9238,0.7559,0.0255,0.265677,0.266001,0.000324,1
5797,41.3746,31.7022,1.3051,0.7662,0.1299,0.0374,0.254483,0.548083,0.293600,0
5798,29.1134,23.6390,1.2316,0.8120,0.3888,0.0209,0.430905,0.431110,0.000206,0
5799,66.9918,54.5909,1.2272,0.8149,1.1023,0.0512,0.361188,0.361306,0.000118,0
5800,61.1890,78.5601,0.7789,1.2839,0.8051,0.0485,0.259622,0.261398,0.001776,0
5801,20.8753,15.3200,1.3626,0.7339,0.1990,0.0385,0.519189,0.542959,0.023770,0
5802,26.0445,36.2770,0.7179,1.3929,0.4526,0.0435,0.544409,0.544922,0.000513,0
5803,65.6807,67.2242,0.9770,1.0235,1.4474,0.0242,0.509044,0.509127,0.000082,1
5804,74.9608,104.9083,0.7145,1.3995,1.2753,0.0213,0.494053,0.506624,0.012570,0
5805,20.6848,23.0472,0.8975,1.1142,0.7203,0.0411,0.393587,0.393586,0.000000,1
5806,25.8650,31.1143,0.8313,1.2029,0.4536,0.0595,0.424874,0.424882,0.000008,0
5807,56.8969,41.0992,1.3844,0.7223,1.2976,0.0454,0.397969,0.398492,0.000523,0
5808,77.5262,95.9032,0.8084,1.2370,0.4790,0.0305,0.316375,0.333990,0.017615,0
5809,30.0400,41.7158,0.7201,1.3887,1.0758,0.0378,0.511071,0.511107,0.000036,0
5810,68.5519,76.6621,0.8942,1.1183,0.3829,0.0399,0.438791,0.439440,0.000649,1
5811,73.0967,96.2984,0.7591,1.3174,1.4657,0.0325,0.280619,0.288937,0.008318,0
5812,23.5377,24.5147,0.9601,1.0415,1.5000,0.0414,0.473313,0.473423,0.000110,1
5813,53.9781,53.6783,1.0056,0.9944,0.6620,0.0416,0.247842,0.247845,0.000003,1
5814,30.8860,32.0789,0.9628,1.0386,1.4202,0.0541,0.390315,0.390468,0.000153,1
5815,44.0004,59.9584,0.7338,1.3627,1.1619,0.0445,0.445529,0.445563,0.000034,0
5816,26.3576,33.8302,0.7791,1.2835,0.7849,0.0412,0.276847,0.277137,0.000290,0
5817,76.0997,81.0452,0.9390,1.0650,1.2213,0.0308,0.219350,0.219734,0.000384,1
5818,40.6073,35.7095,1.1372,0.8794,0.8548,0.0302,0.161158,0.161790,0.000632,1
5819,56.1480,68.1332,0.8241,1.2135,1.0495,0.0450,0.373151,0.373162,0.000011,0
5820,55.3056,41.0899,1.3460,0.7430,0.5171,0.0230,0.321209,0.332933,0.011725,0
5821,43.4950,51.9849,0.8367,1.1952,1.2254,0.0557,0.336700,0.336740,0.000040,0
5822,68.4823,64.1504,1.0675,0.9367,0.5719,0.0327,0.432553,0.432559,0.000007,1
5823,35.5223,45.1788,0.7863,1.2718,1.3473,0.0496,0.358454,0.358489,0.000035,0
5824,23.0342,28.5307,0.8073,1.2386,0.7141,0.0284,0.262894,0.263123,0.000229,0
5825,33.1895,34.9663,0.9492,1.0535,0.3782,0.0376,0.285856,0.285853,0.000003,1
5826,50.1932,60.6843,0.8271,1.2090,0.7984,0.0436,0.301628,0.301639,0.000011,0
5827,47.6516,48.6329,0.9798,1.0206,0.8004,0.0395,0.162244,0.162249,0.000005,1
5828,69.9014,88.2735,0.7919,1.2628,0.4940,0.0441,0.176637,0.298383,0.121746,0
5829,69.4748,63.4000,1.0958,0.9126,0.8077,0.0515,0.291935,0.291984,0.000048,1
5830,59.8962,60.4720,0.9905,1.0096,0.4999,0.0534,0.404988,0.405129,0.000141,1
5831,39.5361,31.3662,1.2605,0.7934,0.2355,0.0414,0.254093,0.321875,0.067783,0
5832,42.1784,43.4858,0.9699,1.0310,0.8536,0.0483,0.199574,0.199695,0.000121,1
5833,51.5262,57.7048,0.8929,1.1199,0.6146,0.0243,0.231155,0.231156,0.000001,1
5834,27.3428,34.3271,0.7965,1.2554,1.3263,0.0475,0.361652,0.361681,0.000029,0
5835,37.7984,33.1473,1.1403,0.8769,1.1204,0.0362,0.208937,0.209028,0.000090,1
5836,71.0422,85.6119,0.8298,1.2051,0.6028,0.0447,0.176222,0.190613,0.014391,0
5837,40.6751,35.8585,1.1343,0.8816,1.3481,0.0387,0.152991,0.153511,0.000520,1
5838,20.4230,19.7131,1.0360,0.9652,1.4958,0.0562,0.348175,0.348285,0.000110,1
5839,47.4007,61.3141,0.7731,1.2935,1.4472,0.0567,0.220339,0.220419,0.000080,0
5840,49.1531,49.1773,0.9995,1.0005,0.1978,0.0585,0.416695,0.416914,0.000219,1
5841,46.6884,59.7325,0.7816,1.2794,1.2757,0.0554,0.274918,0.274967,0.000049,0
5842,45.0148,38.3679,1.1732,0.8523,0.3139,0.0517,0.418160,0.418261,0.000101,0
5843,65.3383,69.1824,0.9444,1.0588,0.3569,0.0562,0.292448,0.292486,0.000038,1
5844,31.7429,32.8740,0.9656,1.0356,0.9192,0.0521,0.480796,0.480914,0.000118,1
5845,42.4476,42.2136,1.0055,0.9945,0.2173,0.0434,0.312322,0.312317,0.000005,1
5846,24.0193,32.3319,0.7429,1.3461,1.1198,0.0206,0.178907,0.189839,0.010932,0
5847,53.6686,51.7367,1.0373,0.9640,1.2248,0.0294,0.273466,0.273472,0.000006,1
5848,79.0625,97.5470,0.8105,1.2338,0.1352,0.0562,0.300310,0.370605,0.070296,0
5849,66.4205,57.0456,1.1643,0.8589,0.4116,0.0512,0.206142,0.212304,0.006163,0
5850,47.4410,43.9425,1.0796,0.9263,1.1544,0.0379,0.437570,0.437581,0.000011,1
5851,46.2398,45.1848,1.0233,0.9772,0.8248,0.0457,0.493028,0.493143,0.000114,1
5852,67.0650,82.9237,0.8088,1.2365,0.8975,0.0321,0.152063,0.164506,0.012443,0
5853,62.2602,50.2165,1.2398,0.8066,1.1829,0.0485,0.510607,0.510661,0.000055,0
5854,55.4064,55.6928,0.9949,1.0052,0.9435,0.0269,0.229263,0.229366,0.000103,1
5855,53.5185,64.8796,0.8249,1.2123,0.4918,0.0375,0.165918,0.179242,0.013323,0
5856,23.2246,31.0622,0.7477,1.3375,0.2102,0.0421,0.194374,0.300000,0.105626,0
5857,34.9327,40.0551,0.8721,1.1466,1.2794,0.0309,0.503587,0.503677,0.000090,1
5858,65.9865,55.5197,1.1885,0.8414,0.6899,0.0344,0.439865,0.439875,0.000010,0
5859,59.8688,63.5573,0.9420,1.0616,0.3018,0.0445,0.524780,0.524773,0.000007,1
5860,74.3327,66.7152,1.1142,0.8975,0.8189,0.0444,0.479136,0.479293,0.000157,1
5861,52.7567,43.7652,1.2054,0.8296,1.0485,0.0586,0.282194,0.282537,0.000343,0
5862,49.6896,65.5795,0.7577,1.3198,0.8682,0.0238,0.235647,0.238450,0.002803,0
5863,77.6745,96.2576,0.8069,1.2392,0.9859,0.0341,0.244143,0.254647,0.010503,0
5864,23.1623,31.2323,0.7416,1.3484,1.0597,0.0479,0.152271,0.168330,0.016059,0
5865,74.6934,84.3552,0.8855,1.1294,0.1208,0.0398,0.505980,0.512605,0.006625,1
5866,22.5159,24.3649,0.9241,1.0821,1.1163,0.0558,0.312651,0.312784,0.000132,1
5867,72.6609,89.5075,0.8118,1.2319,1.2001,0.0407,0.518444,0.520799,0.002355,0
5868,40.8838,38.6776,1.0570,0.9460,0.6162,0.0237,0.355011,0.355007,0.000004,1
5869,32.3032,35.9379,0.8989,1.1125,0.9693,0.0506,0.450314,0.450429,0.000115,1
5870,59.4549,61.9901,0.9591,1.0426,0.6172,0.0202,0.377888,0.378010,0.000122,1
5871,24.8213,27.4127,0.9055,1.1044,0.8675,0.0239,0.156384,0.156386,0.000002,1
5872,32.0872,31.5114,1.0183,0.9821,0.5247,0.0300,0.338348,0.338344,0.000004,1
5873,25.7241,26.1543,0.9835,1.0167,1.4142,0.0424,0.432382,0.432494,0.000112,1
5874,20.2509,15.6521,1.2938,0.7729,1.0644,0.0270,0.475242,0.475280,0.000038,0
5875,59.2883,50.7934,1.1672,0.8567,1.0122,0.0285,0.454233,0.454235,0.000002,0
5876,59.2993,48.2236,1.2297,0.8132,0.2732,0.0254,0.503294,0.503547,0.000253,0
5877,43.0335,56.3784,0.7633,1.3101,0.4412,0.0484,0.472422,0.472639,0.000217,0
5878,69.3924,96.4926,0.7191,1.3905,1.4048,0.0220,0.368281,0.376284,0.008004,0
5879,71.5421,98.6398,0.7253,1.3788,1.0039,0.0446,0.210512,0.340346,0.129834,0
5880,43.8777,31.4961,1.3931,0.7178,1.1376,0.0279,0.279508,0.284685,0.005177,0
5881,22.4024,21.3644,1.0486,0.9537,0.4022,0.0597,0.452499,0.452498,0.000001,1
5882,42.1216,52.0514,0.8092,1.2357,0.8546,0.0532,0.192677,0.192975,0.000298,0
5883,41.3379,37.2306,1.1103,0.9006,0.4320,0.0330,0.244620,0.244664,0.000045,1
5884,50.1309,57.0835,0.8782,1.1387,0.3985,0.0560,0.154590,0.155576,0.000986,1
5885,26.3887,22.1269,1.1926,0.8385,0.5666,0.0433,0.435543,0.435570,0.000027,0
5886,58.3947,62.5152,0.9341,1.0706,0.7782,0.0348,0.190638,0.190640,0.000001,1
5887,39.7192,31.1763,1.2740,0.7849,0.9273,0.0333,0.181837,0.201044,0.019207,0
5888,29.5712,36.1399,0.8182,1.2221,0.9831,0.0271,0.166773,0.167504,0.000731,0
5889,27.7548,33.8536,0.8198,1.2197,1.4938,0.0321,0.406966,0.406974,0.000008,0
5890,76.6362,67.8168,1.1300,0.8849,0.9281,0.0343,0.339837,0.340223,0.000386,1
5891,43.4785,54.6802,0.7951,1.2576,1.1509,0.0588,0.467209,0.467247,0.000038,0
5892,32.1458,42.1795,0.7621,1.3121,0.1749,0.0497,0.173218,0.300000,0.126782,0
5893,36.1797,44.0958,0.8205,1.2188,1.1931,0.0392,0.501524,0.501532,0.000007,0
5894,69.1726,58.3630,1.1852,0.8437,0.2361,0.0501,0.489415,0.489552,0.000137,0
5895,61.4747,56.8598,1.0812,0.9249,1.2686,0.0579,0.370893,0.370977,0.000084,1
5896,61.3446,68.0348,0.9017,1.1091,0.1356,0.0475,0.206838,0.212325,0.005487,1
5897,65.2577,72.8556,0.8957,1.1164,1.1418,0.0470,0.177699,0.177898,0.000200,1
5898,71.2308,75.4870,0.9436,1.0598,0.4519,0.0243,0.215456,0.215818,0.000362,1
5899,27.1358,26.3956,1.0280,0.9727,0.3291,0.0439,0.547424,0.547592,0.000168,1
5900,40.0507,38.1555,1.0497,0.9527,1.0835,0.0283,0.233645,0.233649,0.000004,1
5901,69.1214,55.8331,1.2380,0.8078,0.3291,0.0226,0.202394,0.268401,0.066007,0
5902,45.3572,37.4747,1.2103,0.8262,0.4215,0.0582,0.208644,0.233200,0.024555,0
5903,21.5784,27.9528,0.7720,1.2954,1.4661,0.0337,0.511290,0.511301,0.000011,0
5904,23.9991,17.7176,1.3545,0.7383,0.2705,0.0571,0.423629,0.451394,0.027765,0
5905,68.1234,50.5272,1.3483,0.7417,0.9953,0.0512,0.308171,0.311469,0.003298,0
5906,73.1425,80.0286,0.9140,1.0941,0.2995,0.0560,0.406233,0.407484,0.001251,1
5907,41.6602,56.2862,0.7401,1.3511,1.3413,0.0584,0.391475,0.391538,0.000064,0
5908,49.7372,55.9913,0.8883,1.1257,1.0033,0.0476,0.447140,0.447251,0.000111,1
5909,52.8776,43.1640,1.2250,0.8163,1.4338,0.0578,0.385664,0.385848,0.000184,0
5910,36.1229,37.1315,0.9728,1.0279,0.6897,0.0442,0.281181,0.281304,0.000123,1
5911,57.3821,79.7760,0.7193,1.3903,1.1489,0.0445,0.527490,0.527865,0.000375,0
5912,53.9451,45.8897,1.1755,0.8507,0.2512,0.0297,0.509862,0.509901,0.000039,0
5913,66.1110,49.7210,1.3296,0.7521,0.9268,0.0490,0.473740,0.473929,0.000188,0
5914,77.7532,64.0912,1.2132,0.8243,0.6063,0.0305,0.500841,0.501523,0.000682,0
5915,53.0021,39.9786,1.3258,0.7543,0.1981,0.0290,0.269071,0.420449,0.151378,0
5916,31.0050,34.0180,0.9114,1.0972,1.0850,0.0478,0.238272,0.238292,0.000020,1
5917,51.6233,47.2462,1.0926,0.9152,0.5812,0.0270,0.209633,0.209646,0.000013,1
5918,48.2797,44.8379,1.0768,0.9287,0.2513,0.0512,0.167566,0.168177,0.000611,1
5919,76.2297,60.3047,1.2641,0.7911,0.9955,0.0290,0.342633,0.343153,0.000520,0
5920,25.6838,24.1776,1.0623,0.9414,0.2905,0.0283,0.528637,0.528630,0.000007,1
5921,49.8160,40.4647,1.2311,0.8123,1.3348,0.0246,0.201955,0.202782,0.000827,0
5922,64.4575,47.2767,1.3634,0.7335,1.3000,0.0316,0.454013,0.454143,0.000130,0
5923,49.8837,69.0678,0.7222,1.3846,0.8422,0.0271,0.546265,0.546321,0.000057,0
5924,67.8085,76.3001,0.8887,1.1252,0.2003,0.0496,0.471543,0.472666,0.001123,1
5925,29.0768,35.7258,0.8139,1.2287,1.1009,0.0556,0.388691,0.388719,0.000028,0
5926,25.8962,23.1024,1.1209,0.8921,0.8900,0.0263,0.445260,0.445258,0.000003,1
5927,30.3861,22.6315,1.3426,0.7448,0.2679,0.0327,0.336395,0.392799,0.056404,0
5928,65.8016,57.2618,1.1491,0.8702,0.6877,0.0338,0.464951,0.464951,0.000000,1
5929,52.4693,48.9194,1.0726,0.9323,0.7207,0.0295,0.242911,0.242911,0.000000,1
5930,40.0214,45.4026,0.8815,1.1345,1.4061,0.0255,0.400655,0.400739,0.000084,1
5931,67.4697,51.0080,1.3227,0.7560,0.5189,0.0434,0.468247,0.468895,0.000648,0
5932,65.9774,52.1053,1.2662,0.7897,0.7663,0.0546,0.427853,0.428014,0.000162,0
5933,69.0518,63.1792,1.0930,0.9150,1.0920,0.0224,0.288664,0.288677,0.000013,1
5934,77.4053,94.1613,0.8221,1.2165,1.4558,0.0533,0.247586,0.253124,0.005538,0
5935,49.4607,45.9379,1.0767,0.9288,0.8192,0.0238,0.452707,0.452702,0.000005,1
5936,54.4359,44.0941,1.2345,0.8100,0.7399,0.0379,0.227309,0.231175,0.003866,0
5937,29.2270,23.1524,1.2624,0.7922,1.1418,0.0358,0.189479,0.197225,0.007746,0
5938,29.4430,32.0791,0.9178,1.0895,1.3285,0.0252,0.519823,0.519908,0.000084,1
5939,68.5409,51.6656,1.3266,0.7538,1.2230,0.0465,0.392170,0.392454,0.000284,0
5940,68.4603,86.1890,0.7943,1.2590,0.7446,0.0516,0.431185,0.434445,0.003260,0
5941,33.5008,34.6709,0.9663,1.0349,1.4140,0.0344,0.472092,0.472187,0.000095,1
5942,50.2023,46.3629,1.0828,0.9235,0.9326,0.0494,0.352863,0.352884,0.000021,1
5943,70.3244,84.6552,0.8307,1.2038,0.7782,0.0345,0.357648,0.360188,0.002540,0
5944,34.2772,31.9405,1.0732,0.9318,0.6292,0.0412,0.499266,0.499264,0.000002,1
5945,73.9848,92.7568,0.7976,1.2537,0.5381,0.0333,0.347699,0.359197,0.011499,0
5946,74.3071,94.2070,0.7888,1.2678,1.1046,0.0401,0.548840,0.553152,0.004311,0
5947,42.1619,58.2062,0.7244,1.3805,1.0192,0.0468,0.269974,0.270887,0.000912,0
5948,38.0602,37.8261,1.0062,0.9938,1.2155,0.0467,0.525060,0.525175,0.000115,1
5949,38.0731,45.9837,0.8280,1.2078,0.5505,0.0274,0.293547,0.293661,0.000115,0
5950,72.7744,86.2208,0.8440,1.1848,0.2819,0.0474,0.323418,0.333264,0.009846,0
5951,44.5277,60.2917,0.7385,1.3540,0.3073,0.0281,0.247232,0.346818,0.099586,0
5952,27.0479,22.4011,1.2074,0.8282,0.6839,0.0372,0.440976,0.440998,0.000022,0
5953,73.6497,78.1118,0.9429,1.0606,1.3347,0.0525,0.257022,0.257336,0.000314,1
5954,58.6456,55.1376,1.0636,0.9402,0.2365,0.0507,0.547327,0.547320,0.000006,1
5955,79.8590,71.0952,1.1233,0.8903,0.2386,0.0454,0.381196,0.383519,0.002323,1
5956,67.6620,66.9768,1.0102,0.9899,0.1271,0.0399,0.399153,0.399150,0.000003,1
5957,65.1515,81.7310,0.7971,1.2545,0.1502,0.0509,0.544983,0.556899,0.011916,0
5958,24.2958,19.0697,1.2741,0.7849,0.2599,0.0226,0.494713,0.496009,0.001296,0
5959,63.2362,57.8623,1.0929,0.9150,1.2366,0.0498,0.305193,0.305248,0.000055,1
5960,37.4816,28.9964,1.2926,0.7736,0.8158,0.0597,0.240750,0.253450,0.012700,0
5961,59.9567,79.4487,0.7547,1.3251,0.3195,0.0319,0.260697,0.308372,0.047676,0
5962,22.3017,22.5652,0.9883,1.0118,0.4956,0.0477,0.511303,0.511440,0.000138,1
5963,69.2843,63.0486,1.0989,0.9100,0.1497,0.0281,0.315752,0.316012,0.000260,1
5964,57.9717,78.6290,0.7373,1.3563,0.2201,0.0250,0.165833,0.300000,0.134167,0
5965,34.3925,28.4971,1.2069,0.8286,0.2408,0.0383,0.351007,0.354404,0.003397,0
5966,31.7411,35.6516,0.8903,1.1232,0.8110,0.0249,0.414327,0.414323,0.000004,1
5967,39.6387,47.1201,0.8412,1.1887,0.5720,0.0231,0.410836,0.410837,0.000001,0
5968,64.8146,85.7239,0.7561,1.3226,0.1312,0.0567,0.516698,0.550362,0.033664,0
5969,58.7646,58.9328,0.9971,1.0029,0.3953,0.0510,0.526037,0.526190,0.000153,1
5970,61.7878,73.6503,0.8389,1.1920,0.5036,0.0570,0.437204,0.437420,0.000217,0
5971,25.3945,29.1697,0.8706,1.1487,1.1046,0.0444,0.206777,0.206791,0.000015,1
5972,62.7491,71.1005,0.8825,1.1331,0.3260,0.0562,0.386775,0.386892,0.000117,1
5973,30.7944,38.0216,0.8099,1.2347,0.9193,0.0221,0.314190,0.314209,0.000020,0
5974,74.4957,85.8236,0.8680,1.1521,0.6355,0.0559,0.531091,0.532917,0.001827,1
5975,28.8772,30.2184,0.9556,1.0464,0.2791,0.0316,0.496849,0.496841,0.000008,1
5976,61.7658,76.9110,0.8031,1.2452,0.9184,0.0286,0.168128,0.173425,0.005297,0
5977,36.8389,31.4992,1.1695,0.8551,0.8071,0.0479,0.314702,0.314764,0.000062,0
5978,58.6364,64.5878,0.9079,1.1015,0.2880,0.0288,0.436007,0.436002,0.000005,1
5979,39.1259,46.6996,0.8378,1.1936,0.1596,0.0509,0.213442,0.306567,0.093125,0
5980,41.5430,55.8741,0.7435,1.3450,0.8423,0.0583,0.549438,0.549466,0.000028,0
5981,30.2268,31.2573,0.9670,1.0341,0.7167,0.0339,0.310405,0.310522,0.000116,1
5982,76.4623,88.1791,0.8671,1.1532,1.1329,0.0508,0.334075,0.336206,0.002131,1
5983,45.4671,55.4143,0.8205,1.2188,1.1420,0.0452,0.357062,0.357077,0.000015,0
5984,21.0181,16.8172,1.2498,0.8001,0.2087,0.0312,0.277335,0.332207,0.054872,0
5985,66.1623,79.2520,0.8348,1.1978,0.8444,0.0216,0.303105,0.304217,0.001112,0
5986,75.2721,84.1307,0.8947,1.1177,0.4120,0.0325,0.497203,0.498961,0.001758,1
5987,23.5524,23.4215,1.0056,0.9944,0.7720,0.0410,0.253751,0.253755,0.000004,1
5988,39.9261,31.6774,1.2604,0.7934,0.9812,0.0226,0.393684,0.393730,0.000046,0
5989,22.4812,18.8470,1.1928,0.8383,1.4381,0.0498,0.334149,0.334270,0.000122,0
5990,65.6697,88.7502,0.7399,1.3515,0.7196,0.0455,0.541772,0.546207,0.004435,0
5991,38.2177,37.2094,1.0271,0.9736,0.2963,0.0514,0.504344,0.504338,0.000007,1
5992,69.2184,86.1955,0.8030,1.2453,1.1137,0.0442,0.460923,0.462930,0.002008,0
5993,45.7253,52.1069,0.8775,1.1396,0.2188,0.0402,0.352643,0.352705,0.000062,1
5994,38.3624,32.8666,1.1672,0.8567,1.2809,0.0360,0.302947,0.302983,0.000036,0
5995,37.5695,27.6077,1.3608,0.7348,0.9706,0.0581,0.387336,0.388425,0.001088,0
5996,77.2259,107.0290,0.7215,1.3859,0.3939,0.0281,0.488340,0.537344,0.049003,0
5997,51.8229,61.6726,0.8403,1.1901,1.2772,0.0204,0.393806,0.393804,0.000002,0
5998,41.3929,39.9701,1.0356,0.9656,0.5218,0.0486,0.541003,0.541138,0.000135,1
5999,22.6496,26.7562,0.8465,1.1813,0.8382,0.0319,0.478343,0.478340,0.000003,0
6000,28.4341,36.5549,0.7778,1.2856,0.5366,0.0244,0.471555,0.471628,0.000073,0
6001,60.8264,42.9060,1.4177,0.7054,0.3162,0.0532,0.330023,0.429463,0.099440,0
6002,29.6811,26.5272,1.1189,0.8937,1.2216,0.0304,0.292070,0.292081,0.000011,1
6003,47.0620,37.2394,1.2638,0.7913,0.6023,0.0549,0.248318,0.260003,0.011685,0
6004,41.7609,54.4034,0.7676,1.3027,0.9700,0.0467,0.457761,0.457778,0.000017,0
6005,55.0310,67.7548,0.8122,1.2312,1.4063,0.0260,0.256986,0.256995,0.000010,0
6006,28.7436,34.4223,0.8350,1.1976,0.4439,0.0585,0.276090,0.276253,0.000163,0
6007,70.9323,82.7958,0.8567,1.1673,1.3078,0.0238,0.203334,0.205028,0.001694,1
6008,65.1735,62.5003,1.0428,0.9590,0.8593,0.0241,0.249393,0.249392,0.000001,1
6009,59.8651,56.8341,1.0533,0.9494,0.7239,0.0292,0.377595,0.377592,0.000003,1
6010,44.4655,32.0130,1.3890,0.7200,0.3388,0.0594,0.374152,0.418267,0.044115,0
6011,23.5762,25.4508,0.9263,1.0795,1.0528,0.0371,0.328106,0.328209,0.000103,1
6012,73.5820,88.3879,0.8325,1.2012,0.4114,0.0542,0.458371,0.464108,0.005737,0
6013,36.9469,35.4331,1.0427,0.9590,0.8410,0.0368,0.245877,0.245882,0.000005,1
6014,20.8002,19.9270,1.0438,0.9580,1.0108,0.0253,0.187916,0.187918,0.000002,1
6015,39.2816,49.1939,0.7985,1.2523,1.4479,0.0262,0.396040,0.396044,0.000003,0
6016,26.8319,28.4145,0.9443,1.0590,0.8037,0.0542,0.423763,0.423885,0.000122,1
6017,48.6404,65.8615,0.7385,1.3540,0.8336,0.0587,0.233682,0.236895,0.003213,0
6018,57.2796,76.6330,0.7475,1.3379,0.3450,0.0338,0.293596,0.330590,0.036994,0
6019,20.4944,24.3608,0.8413,1.1887,0.2427,0.0525,0.308147,0.309609,0.001462,0
6020,54.6922,57.8422,0.9455,1.0576,1.3818,0.0462,0.305205,0.305328,0.000123,1
6021,43.5298,33.4903,1.2998,0.7694,0.5804,0.0379,0.282475,0.291766,0.009291,0
6022,48.1991,35.2097,1.3689,0.7305,1.1866,0.0379,0.402925,0.403288,0.000362,0
6023,52.9069,62.4609,0.8470,1.1806,0.4375,0.0314,0.423397,0.423400,0.000003,0
6024,45.7070,40.9341,1.1166,0.8956,0.4688,0.0527,0.464621,0.464622,0.000001,1
6025,22.1516,18.1098,1.2232,0.8175,0.9179,0.0216,0.402828,0.402843,0.000015,0
6026,35.3630,45.7430,0.7731,1.2935,0.3663,0.0513,0.443674,0.444166,0.000492,0
6027,46.7013,60.8353,0.7677,1.3026,1.0992,0.0247,0.442856,0.442866,0.000011,0
6028,66.7977,63.2117,1.0567,0.9463,1.2308,0.0389,0.248575,0.248599,0.000024,1
6029,52.3905,56.9815,0.9194,1.0876,0.2217,0.0396,0.383979,0.383974,0.000005,1
6030,76.2554,97.0256,0.7859,1.2724,0.5669,0.0563,0.372224,0.386971,0.014747,0
6031,68.4164,50.2402,1.3618,0.7343,0.2004,0.0217,0.410408,0.483350,0.072942,0
6032,70.4691,98.1704,0.7178,1.3931,0.9420,0.0377,0.484178,0.494613,0.010435,0
6033,53.8884,44.6337,1.2073,0.8283,1.2833,0.0599,0.376167,0.376325,0.000158,0
6034,79.5074,67.2985,1.1814,0.8464,1.3226,0.0205,0.330609,0.331260,0.000652,0
6035,37.7563,41.8795,0.9015,1.1092,1.3011,0.0322,0.392280,0.392373,0.000093,1
6036,76.5246,65.5633,1.1672,0.8568,1.4931,0.0545,0.200490,0.201925,0.001435,0
6037,20.8478,28.9152,0.7210,1.3870,1.0500,0.0526,0.208022,0.213165,0.005143,0
6038,29.5657,40.0170,0.7388,1.3535,0.3473,0.0280,0.160645,0.300000,0.139355,0
6039,73.7431,83.8507,0.8795,1.1371,1.1889,0.0503,0.397957,0.398889,0.000932,1
6040,65.1405,60.3061,1.0802,0.9258,1.2864,0.0461,0.288432,0.288479,0.000047,1
6041,62.6301,64.3173,0.9738,1.0269,0.8973,0.0553,0.301714,0.301841,0.000127,1
6042,32.3966,31.6582,1.0233,0.9772,0.6833,0.0312,0.287602,0.287601,0.000001,1
6043,44.5735,39.9533,1.1156,0.8963,0.7008,0.0322,0.305058,0.305062,0.000003,1
6044,48.1716,45.6473,1.0553,0.9476,0.7627,0.0525,0.211318,0.211340,0.000022,1
6045,31.4682,43.8747,0.7172,1.3943,0.2030,0.0280,0.448093,0.300000,0.148093,0
6046,64.1279,53.3819,1.2013,0.8324,0.2660,0.0307,0.185817,0.263628,0.077811,0
6047,25.5702,24.1270,1.0598,0.9436,0.4419,0.0481,0.150598,0.150651,0.000053,1
6048,35.5937,49.5096,0.7189,1.3910,1.3019,0.0562,0.478782,0.478839,0.000057,0
6049,36.7455,42.4838,0.8649,1.1562,1.0906,0.0321,0.504698,0.504793,0.000095,1
6050,54.4871,39.8893,1.3660,0.7321,1.3975,0.0281,0.438949,0.439071,0.000121,0
6051,39.5874,52.9038,0.7483,1.3364,1.2204,0.0295,0.151135,0.164666,0.013530,0
6052,63.9302,53.6093,1.1925,0.8386,0.3423,0.0452,0.196339,0.225767,0.029427,0
6053,55.1225,54.2087,1.0169,0.9834,1.1115,0.0424,0.478733,0.478840,0.000107,1
6054,66.9369,91.7197,0.7298,1.3702,1.3222,0.0388,0.207192,0.222105,0.014913,0
6055,64.2506,71.8122,0.8947,1.1177,0.3193,0.0347,0.414400,0.414574,0.000174,1
6056,63.5310,45.7013,1.3901,0.7194,0.2623,0.0568,0.403487,0.465560,0.062073,0
6057,55.9886,55.8595,1.0023,0.9977,0.3349,0.0445,0.457822,0.457989,0.000167,1
6058,67.3452,87.9401,0.7658,1.3058,1.3998,0.0309,0.514049,0.516107,0.002058,0
6059,60.4218,75.9654,0.7954,1.2573,0.6219,0.0505,0.504649,0.504964,0.000314,0
6060,31.6221,23.3933,1.3518,0.7398,0.2674,0.0384,0.512267,0.518962,0.006695,0
6061,51.5207,44.1223,1.1677,0.8564,1.0135,0.0484,0.250894,0.251061,0.000167,0
6062,63.1007,80.8554,0.7804,1.2814,0.2683,0.0360,0.365143,0.385997,0.020853,0
6063,46.2252,50.7391,0.9110,1.0977,1.3101,0.0553,0.424703,0.424843,0.000140,1
6064,47.9574,58.6728,0.8174,1.2234,1.4271,0.0600,0.159339,0.159416,0.000077,0
6065,50.7938,55.7137,0.9117,1.0969,1.0946,0.0297,0.401656,0.401751,0.000095,1
6066,44.5204,33.8853,1.3139,0.7611,1.4906,0.0588,0.511510,0.511721,0.000211,0
6067,31.0654,34.2277,0.9076,1.1018,1.1545,0.0418,0.376618,0.376724,0.000106,1
6068,59.9457,55.0614,1.0887,0.9185,1.1053,0.0373,0.183802,0.183836,0.000034,1
6069,47.2671,57.2536,0.8256,1.2113,0.3443,0.0296,0.437301,0.437365,0.000064,0
6070,30.4501,40.2741,0.7561,1.3226,1.0789,0.0316,0.269999,0.270271,0.000273,0
6071,73.9518,92.3395,0.8009,1.2486,1.3158,0.0418,0.463987,0.467365,0.003379,0
6072,54.1813,47.8210,1.1330,0.8826,1.3276,0.0593,0.243167,0.243375,0.000208,1
6073,79.0716,61.2624,1.2907,0.7748,0.7546,0.0250,0.414876,0.416003,0.001127,0
6074,69.9069,75.9568,0.9204,1.0865,0.7912,0.0396,0.213161,0.213553,0.000392,1
6075,40.5469,35.4354,1.1442,0.8739,0.8746,0.0546,0.497923,0.497947,0.000024,1
6076,61.1890,55.2871,1.1068,0.9035,0.3297,0.0375,0.380293,0.380293,0.000000,1
6077,71.4084,85.5696,0.8345,1.1983,0.4015,0.0403,0.427694,0.432204,0.004510,0
6078,21.6517,24.2308,0.8936,1.1191,1.3927,0.0232,0.541162,0.541243,0.000081,1
6079,43.3174,52.1169,0.8312,1.2031,1.4096,0.0393,0.269669,0.269688,0.000018,0
6080,70.2915,82.0027,0.8572,1.1666,0.2296,0.0535,0.453427,0.457336,0.003909,1
6081,40.5066,45.6917,0.8865,1.1280,0.2228,0.0309,0.534606,0.534601,0.000005,1
6082,43.5902,43.2000,1.0090,0.9910,0.7752,0.0247,0.348199,0.348309,0.000110,1
6083,59.1052,57.5029,1.0279,0.9729,1.2427,0.0332,0.451975,0.452070,0.000096,1
6084,21.4777,26.3495,0.8151,1.2268,1.4697,0.0404,0.342181,0.342203,0.000022,0
6085,68.4695,86.4989,0.7916,1.2633,0.4848,0.0515,0.174158,0.276910,0.102752,0
6086,53.8096,49.9391,1.0775,0.9281,0.1314,0.0235,0.396077,0.396077,0.000000,1
6087,68.5739,74.6519,0.9186,1.0886,1.2695,0.0373,0.491905,0.492083,0.000178,1
6088,71.1374,92.1823,0.7717,1.2958,0.1692,0.0545,0.441696,0.466096,0.024400,0
6089,28.3627,31.6388,0.8965,1.1155,0.8067,0.0387,0.326727,0.326727,0.000001,1
6090,55.2177,57.2408,0.9647,1.0366,1.0731,0.0285,0.207131,0.207229,0.000099,1
6091,51.8503,52.6024,0.9857,1.0145,0.1941,0.0493,0.457602,0.457822,0.000220,1
6092,38.5162,27.0732,1.4227,0.7029,1.0341,0.0540,0.157617,0.286276,0.128658,0
6093,29.0127,39.9912,0.7255,1.3784,0.1105,0.0404,0.286467,0.050003,0.236464,0
6094,65.5763,68.1960,0.9616,1.0399,1.0921,0.0320,0.489378,0.489477,0.000098,1
6095,44.7456,33.2404,1.3461,0.7429,1.0871,0.0466,0.401399,0.401803,0.000404,0
6096,29.8239,39.9466,0.7466,1.3394,0.3651,0.0405,0.314348,0.335950,0.021602,0
6097,58.7646,43.0961,1.3636,0.7334,0.5666,0.0228,0.306206,0.321865,0.015659,0
6098,44.8555,36.2495,1.2374,0.8081,1.0530,0.0527,0.505968,0.506026,0.000058,0
6099,69.9545,58.7836,1.1900,0.8403,1.4850,0.0202,0.201845,0.201976,0.000131,0
6100,66.8050,76.5411,0.8728,1.1457,0.8104,0.0391,0.389058,0.389463,0.000405,1
6101,37.6830,28.6531,1.3151,0.7604,0.7020,0.0457,0.377351,0.378341,0.000990,0
6102,61.7658,56.6475,1.0904,0.9171,1.3154,0.0327,0.201906,0.201930,0.000024,1
6103,27.5625,30.7762,0.8956,1.1166,0.1509,0.0200,0.247220,0.248919,0.001700,1
6104,56.6863,48.2300,1.1753,0.8508,1.2049,0.0548,0.484031,0.484096,0.000065,0
6105,77.5060,60.2149,1.2872,0.7769,1.3423,0.0588,0.407405,0.407997,0.000591,0
6106,71.3425,51.4181,1.3875,0.7207,0.1763,0.0562,0.300163,0.531578,0.231414,0
6107,79.3078,72.4885,1.0941,0.9140,1.1137,0.0336,0.322808,0.323195,0.000387,1
6108,30.3787,40.1868,0.7559,1.3229,0.7396,0.0397,0.549744,0.549764,0.000020,0
6109,58.7481,69.1298,0.8498,1.1767,1.1538,0.0281,0.457834,0.457833,0.000001,0
6110,25.4604,22.1518,1.1494,0.8700,0.6285,0.0554,0.179810,0.182881,0.003071,1
6111,50.8744,43.9382,1.1579,0.8637,0.5056,0.0595,0.264664,0.265112,0.000448,0
6112,65.7796,48.7382,1.3497,0.7409,1.4072,0.0487,0.371235,0.371708,0.000473,0
6113,64.3385,83.0119,0.7751,1.2902,1.2559,0.0460,0.304350,0.306106,0.001755,0
6114,48.1570,36.8312,1.3075,0.7648,1.3279,0.0294,0.348785,0.348953,0.000167,0
6115,66.6988,47.0525,1.4175,0.7054,1.2167,0.0359,0.542358,0.542523,0.000164,0
6116,63.0604,72.3450,0.8717,1.1472,0.3646,0.0589,0.430319,0.430505,0.000186,1
6117,59.1473,73.2663,0.8073,1.2387,1.2722,0.0548,0.182557,0.182718,0.000161,0
6118,77.6250,106.4181,0.7294,1.3709,0.1629,0.0234,0.523583,0.847551,0.323968,0
6119,41.5723,29.8893,1.3909,0.7190,0.2848,0.0269,0.332965,0.418520,0.085555,0
6120,48.8565,67.8365,0.7202,1.3885,0.9582,0.0297,0.355914,0.356268,0.000354,0
6121,54.7801,44.0102,1.2447,0.8034,0.6889,0.0350,0.381111,0.381251,0.000140,0
6122,26.7714,29.1398,0.9187,1.0885,0.3217,0.0538,0.528515,0.528509,0.000006,1
6123,63.4834,86.4695,0.7342,1.3621,1.0397,0.0462,0.449069,0.451724,0.002655,0
6124,36.1632,25.5553,1.4151,0.7067,0.4550,0.0395,0.275382,0.347729,0.072347,0
6125,49.0414,62.8958,0.7797,1.2825,0.4896,0.0504,0.345087,0.345624,0.000537,0
6126,44.2055,31.1582,1.4187,0.7048,1.0479,0.0251,0.227053,0.256549,0.029496,0
6127,72.0219,69.4001,1.0378,0.9636,0.5203,0.0409,0.283171,0.283220,0.000050,1
6128,56.8657,67.5647,0.8416,1.1881,1.4233,0.0350,0.178968,0.178984,0.000016,0
6129,79.4012,99.8037,0.7956,1.2570,0.7345,0.0403,0.152039,0.287867,0.135828,0
6130,67.5173,61.9310,1.0902,0.9173,0.7815,0.0263,0.497679,0.497675,0.000004,1
6131,26.7586,20.5483,1.3022,0.7679,1.3838,0.0554,0.530969,0.531111,0.000143,0
6132,53.7547,60.7654,0.8846,1.1304,0.6062,0.0302,0.210085,0.210094,0.000009,1
6133,39.8621,53.3126,0.7477,1.3374,0.2543,0.0314,0.223171,0.300000,0.076829,0
6134,50.7498,38.4988,1.3182,0.7586,0.4777,0.0510,0.266630,0.302865,0.036235,0
6135,49.9680,53.8375,0.9281,1.0774,0.2252,0.0581,0.455991,0.455985,0.000005,1
6136,68.9199,78.3031,0.8802,1.1361,0.8337,0.0499,0.193886,0.194988,0.001102,1
6137,20.6226,22.9765,0.8976,1.1141,1.1252,0.0582,0.532165,0.532296,0.000131,1
6138,57.9315,41.2401,1.4047,0.7119,1.1958,0.0491,0.410421,0.411170,0.000749,0
6139,58.0340,74.8751,0.7751,1.2902,0.1264,0.0500,0.258329,0.300000,0.041672,0
6140,55.3716,55.0191,1.0064,0.9936,1.2136,0.0559,0.516637,0.516776,0.000139,1
6141,39.8529,51.0808,0.7802,1.2817,0.2959,0.0268,0.374152,0.378897,0.004744,0
6142,44.5112,59.9433,0.7426,1.3467,0.5551,0.0360,0.340179,0.342520,0.002340,0
6143,45.9706,40.4367,1.1369,0.8796,0.7530,0.0595,0.509520,0.509541,0.000021,1
6144,48.7906,36.7508,1.3276,0.7532,1.3487,0.0305,0.268253,0.269577,0.001324,0
6145,47.0217,54.5647,0.8618,1.1604,0.4348,0.0492,0.357428,0.357431,0.000003,1
6146,78.6340,99.3029,0.7919,1.2628,0.3486,0.0443,0.480662,0.501985,0.021323,0
6147,59.3963,48.2949,1.2299,0.8131,1.2178,0.0410,0.416549,0.416596,0.000048,0
6148,26.2642,22.5622,1.1641,0.8590,1.4216,0.0540,0.360834,0.360951,0.000116,0
6149,27.1120,29.4468,0.9207,1.0861,1.3646,0.0431,0.480198,0.480307,0.000109,1
6150,44.0590,56.1764,0.7843,1.2750,0.5095,0.0465,0.456198,0.456255,0.000057,0
6151,58.3233,61.5989,0.9468,1.0562,1.2306,0.0420,0.477122,0.477227,0.000105,1
6152,68.8907,51.3405,1.3418,0.7452,0.2917,0.0329,0.335296,0.383445,0.048149,0
6153,65.1167,84.0425,0.7748,1.2906,1.3559,0.0457,0.355060,0.356740,0.001680,0
6154,56.6717,63.6451,0.8904,1.1231,0.1249,0.0328,0.196205,0.221280,0.025075,1
6155,27.1908,36.9652,0.7356,1.3595,0.7514,0.0576,0.488926,0.488986,0.000059,0
6156,35.1250,44.1310,0.7959,1.2564,1.4482,0.0346,0.168775,0.168935,0.000160,0
6157,20.1556,23.0677,0.8738,1.1445,0.4460,0.0344,0.243631,0.243672,0.000041,1
6158,36.3866,45.1984,0.8050,1.2422,0.2892,0.0519,0.172803,0.280543,0.107740,0
6159,55.4668,54.0887,1.0255,0.9752,0.4673,0.0546,0.475217,0.475362,0.000145,1
6160,21.7505,26.1267,0.8325,1.2012,0.9625,0.0454,0.195509,0.195551,0.000042,0
6161,48.6697,43.0042,1.1317,0.8836,1.4526,0.0249,0.163831,0.163918,0.000087,1
6162,26.3851,20.5179,1.2860,0.7776,1.4913,0.0395,0.382820,0.382938,0.000118,0
6163,23.1971,23.1882,1.0004,0.9996,0.5107,0.0265,0.289421,0.289557,0.000136,1
6164,39.3292,43.2252,0.9099,1.0991,0.8840,0.0268,0.453269,0.453370,0.000102,1
6165,65.9517,85.2300,0.7738,1.2923,0.8515,0.0378,0.532311,0.534461,0.002150,0
6166,61.5223,54.0150,1.1390,0.8780,0.1300,0.0423,0.286906,0.295844,0.008938,1
6167,55.9246,44.1542,1.2666,0.7895,1.1385,0.0402,0.261063,0.262049,0.000986,0
6168,59.0228,54.8152,1.0768,0.9287,1.2234,0.0479,0.168189,0.168281,0.000092,1
6169,45.4891,62.0550,0.7330,1.3642,0.1871,0.0261,0.404451,0.471482,0.067031,0
6170,37.7728,35.9386,1.0510,0.9514,0.6509,0.0225,0.518236,0.518354,0.000117,1
6171,63.2856,78.9779,0.8013,1.2480,1.3900,0.0558,0.245596,0.246435,0.000839,0
6172,57.6623,42.5821,1.3541,0.7385,1.3664,0.0491,0.290446,0.292758,0.002311,0
6173,25.4585,33.4159,0.7619,1.3126,0.7828,0.0331,0.374799,0.374905,0.000105,0
6174,64.6406,72.3834,0.8930,1.1198,0.2979,0.0499,0.173109,0.175008,0.001900,1
6175,65.7137,54.3693,1.2087,0.8274,0.8437,0.0414,0.240652,0.241501,0.000849,0
6176,77.9382,56.6796,1.3751,0.7272,0.4618,0.0541,0.192994,0.414228,0.221234,0
6177,41.7151,48.0967,0.8673,1.1530,1.2227,0.0336,0.199757,0.199765,0.000007,1
6178,72.3368,97.9398,0.7386,1.3539,0.7746,0.0276,0.496263,0.507560,0.011297,0
6179,43.5957,54.3563,0.8020,1.2468,0.4903,0.0432,0.331292,0.331551,0.000259,0
6180,50.5594,63.5001,0.7962,1.2559,1.0289,0.0253,0.246353,0.246469,0.000116,0
6181,56.7009,47.0021,1.2064,0.8289,0.9714,0.0484,0.205824,0.208113,0.002288,0
6182,55.6664,40.4125,1.3775,0.7260,1.0072,0.0366,0.372944,0.373908,0.000964,0
6183,53.2713,56.9744,0.9350,1.0695,0.8409,0.0525,0.326446,0.326567,0.000121,1
6184,55.3148,44.1668,1.2524,0.7985,1.1259,0.0206,0.181483,0.186449,0.004966,0
6185,43.6232,52.4950,0.8310,1.2034,0.2008,0.0242,0.545166,0.545278,0.000112,0
6186,26.4510,33.3697,0.7927,1.2616,0.1057,0.0480,0.440841,0.487977,0.047136,0
6187,64.2213,73.0938,0.8786,1.1382,0.2907,0.0510,0.449509,0.449831,0.000323,1
6188,47.8384,66.5823,0.7185,1.3918,0.3253,0.0456,0.153504,0.300000,0.146496,0
6189,55.2855,76.6781,0.7210,1.3869,0.5941,0.0300,0.161524,0.324508,0.162984,0
6190,36.3903,33.7455,1.0784,0.9273,1.1132,0.0457,0.433786,0.433808,0.000022,1
6191,21.8751,15.6373,1.3989,0.7148,0.2545,0.0356,0.245181,0.468560,0.223378,0
6192,29.0292,40.4790,0.7171,1.3944,0.6373,0.0599,0.418734,0.419227,0.000493,0
6193,76.9237,63.5488,1.2105,0.8261,1.3935,0.0202,0.328826,0.329196,0.000369,0
6194,62.2236,77.0171,0.8079,1.2377,1.2412,0.0289,0.170093,0.171373,0.001279,0
6195,70.3574,93.0353,0.7562,1.3223,0.4945,0.0440,0.265238,0.281173,0.015935,0
6196,43.9326,53.2654,0.8248,1.2124,1.0288,0.0518,0.537414,0.537528,0.000114,0
6197,32.4644,29.9302,1.0847,0.9219,1.0625,0.0377,0.224746,0.224765,0.000019,1
6198,55.0731,39.4065,1.3976,0.7155,1.1806,0.0588,0.398006,0.399099,0.001093,0
6199,59.5685,79.4140,0.7501,1.3332,0.9592,0.0220,0.495775,0.496335,0.000560,0
6200,27.0058,29.7872,0.9066,1.1030,0.2771,0.0386,0.414840,0.414834,0.000005,1
6201,43.5463,56.6808,0.7683,1.3016,0.2304,0.0264,0.202126,0.300000,0.097874,0
6202,65.8455,71.7914,0.9172,1.0903,0.9865,0.0567,0.310430,0.310624,0.000195,1
6203,70.9946,78.4232,0.9053,1.1046,0.5501,0.0341,0.488231,0.488730,0.000500,1
6204,20.6262,27.1085,0.7609,1.3143,1.2066,0.0285,0.493162,0.493170,0.000008,0
6205,50.6821,46.3880,1.0926,0.9153,0.8878,0.0450,0.220400,0.220430,0.000030,1
6206,28.5549,27.6832,1.0315,0.9695,1.1260,0.0384,0.342010,0.342022,0.000012,1
6207,66.5798,66.9183,0.9949,1.0051,0.7385,0.0587,0.357013,0.357144,0.000131,1
6208,63.7013,74.5962,0.8539,1.1710,0.2480,0.0406,0.206508,0.226969,0.020461,1
6209,35.9545,42.3980,0.8480,1.1792,0.3019,0.0535,0.299821,0.300149,0.000328,0
6210,73.4629,78.3343,0.9378,1.0663,1.3865,0.0537,0.260514,0.260859,0.000345,1
6211,35.0792,32.6032,1.0759,0.9294,0.2472,0.0288,0.405806,0.405801,0.000005,1
6212,37.2893,39.7453,0.9382,1.0659,0.1684,0.0587,0.411971,0.411966,0.000005,1
6213,76.6143,79.4900,0.9638,1.0375,1.2209,0.0239,0.460727,0.460872,0.000145,1
6214,51.8760,68.4151,0.7583,1.3188,0.8362,0.0342,0.365314,0.365419,0.000105,0
6215,60.2405,69.2875,0.8694,1.1502,1.3188,0.0397,0.545471,0.545571,0.000100,1
6216,24.0815,28.0500,0.8585,1.1648,0.5109,0.0558,0.508678,0.508676,0.000002,1
6217,28.9322,22.1216,1.3079,0.7646,0.4355,0.0253,0.210475,0.297361,0.086885,0
6218,44.5259,61.6495,0.7222,1.3846,1.3308,0.0579,0.205434,0.206385,0.000952,0
6219,65.1881,78.3177,0.8324,1.2014,1.1878,0.0253,0.465720,0.466137,0.000417,0
6220,28.6135,22.5198,1.2706,0.7870,0.7916,0.0448,0.357819,0.358185,0.000366,0
6221,51.7222,45.4848,1.1371,0.8794,1.0668,0.0356,0.240640,0.240679,0.000039,1
6222,55.3642,52.3305,1.0580,0.9452,0.9610,0.0357,0.229568,0.229576,0.000008,1
6223,37.4120,31.4961,1.1878,0.8419,0.4768,0.0228,0.523266,0.523268,0.000002,0
6224,35.1176,48.0454,0.7309,1.3681,0.3963,0.0529,0.515941,0.516654,0.000712,0
6225,28.8772,31.6021,0.9138,1.0944,0.8487,0.0513,0.396712,0.396830,0.000118,1
6226,62.6557,50.4699,1.2414,0.8055,0.9339,0.0470,0.380696,0.380803,0.000107,0
6227,68.7002,82.0792,0.8370,1.1947,0.7326,0.0494,0.308892,0.310946,0.002054,0
6228,29.8441,25.8364,1.1551,0.8657,0.8195,0.0541,0.493895,0.493916,0.000021,0
6229,60.2973,64.5197,0.9346,1.0700,0.3748,0.0451,0.183045,0.183045,0.000001,1
6230,69.2679,84.5760,0.8190,1.2210,1.0814,0.0490,0.247659,0.250419,0.002760,0
6231,54.4121,54.9782,0.9897,1.0104,0.4245,0.0302,0.455881,0.456028,0.000147,1
6232,64.7652,46.4909,1.3931,0.7178,1.1917,0.0380,0.154224,0.232503,0.078279,0
6233,20.6061,18.5019,1.1137,0.8979,0.3765,0.0246,0.265506,0.265545,0.000038,1
6234,63.9979,79.2721,0.8073,1.2387,0.4912,0.0284,0.386323,0.388065,0.001741,0
6235,66.4699,56.4646,1.1772,0.8495,0.8215,0.0394,0.252335,0.252538,0.000204,0
6236,49.5120,64.9738,0.7620,1.3123,1.1364,0.0497,0.359235,0.359268,0.000034,0
6237,55.0053,54.0618,1.0175,0.9828,1.2035,0.0218,0.434127,0.434215,0.000088,1
6238,75.8452,82.3166,0.9214,1.0853,0.8521,0.0389,0.222744,0.223702,0.000958,1
6239,44.4234,45.8848,0.9681,1.0329,0.2668,0.0559,0.219985,0.219983,0.000002,1
6240,68.4402,53.1790,1.2870,0.7770,0.5027,0.0577,0.382344,0.384055,0.001711,0
6241,71.6501,96.5341,0.7422,1.3473,0.1733,0.0248,0.488572,0.534678,0.046106,0
6242,53.0808,47.1105,1.1267,0.8875,1.0091,0.0335,0.150879,0.151363,0.000484,1
6243,58.9935,74.0727,0.7964,1.2556,0.8704,0.0548,0.221841,0.222286,0.000445,0
6244,69.6725,73.2388,0.9513,1.0512,0.2160,0.0462,0.195277,0.195676,0.000398,1
6245,39.9353,29.1133,1.3717,0.7290,1.3602,0.0444,0.308672,0.310426,0.001754,0
6246,48.9901,61.6244,0.7950,1.2579,1.3202,0.0557,0.437326,0.437373,0.000047,0
6247,32.4277,32.7921,0.9889,1.0112,0.5357,0.0361,0.261246,0.261380,0.000134,1
6248,23.0195,24.0611,0.9567,1.0452,0.7902,0.0275,0.343500,0.343609,0.000110,1
6249,54.0440,59.1390,0.9138,1.0943,1.2905,0.0448,0.372626,0.372739,0.000112,1
6250,26.1855,29.6409,0.8834,1.1320,0.7106,0.0572,0.545581,0.545704,0.000123,1
6251,50.0906,51.3127,0.9762,1.0244,1.3418,0.0506,0.534887,0.535015,0.000128,1
6252,53.6412,61.7154,0.8692,1.1505,1.3464,0.0509,0.322405,0.322447,0.000042,1
6253,51.1472,58.2189,0.8785,1.1383,0.1157,0.0511,0.185377,0.261850,0.076473,1
6254,61.3318,72.9850,0.8403,1.1900,0.8172,0.0276,0.292326,0.292473,0.000147,0
6255,27.6211,36.9359,0.7478,1.3372,0.1981,0.0264,0.302129,0.392003,0.089875,0
6256,28.3151,28.5105,0.9931,1.0069,1.2815,0.0250,0.166883,0.166887,0.000004,1
6257,63.6335,76.0313,0.8369,1.1948,0.3287,0.0443,0.279679,0.282777,0.003098,0
6258,22.1937,27.7016,0.8012,1.2482,0.1159,0.0227,0.448312,0.477131,0.028819,0
6259,48.0673,55.1598,0.8714,1.1476,1.1910,0.0557,0.533386,0.533513,0.000128,1
6260,21.2195,16.7322,1.2682,0.7885,0.4288,0.0289,0.166529,0.278206,0.111677,0
6261,54.7197,56.2055,0.9736,1.0272,0.5949,0.0350,0.452206,0.452331,0.000125,1
6262,38.8458,52.5733,0.7389,1.3534,0.8280,0.0575,0.196144,0.207072,0.010928,0
6263,73.3403,69.3262,1.0579,0.9453,0.1406,0.0230,0.299712,0.300199,0.000487,1
6264,56.0582,68.1968,0.8220,1.2165,1.2576,0.0483,0.219265,0.219294,0.000029,0
6265,36.8627,37.6510,0.9791,1.0214,1.3654,0.0473,0.297417,0.297546,0.000130,1
6266,60.9528,77.1760,0.7898,1.2662,0.2973,0.0506,0.257730,0.300665,0.042935,0
6267,44.3922,37.4503,1.1854,0.8436,0.3874,0.0374,0.266532,0.268470,0.001938,0
6268,71.4432,97.0337,0.7363,1.3582,0.5519,0.0544,0.535656,0.549461,0.013805,0
6269,62.2932,53.2639,1.1695,0.8551,0.4409,0.0438,0.301604,0.301882,0.000278,0
6270,62.9670,67.1357,0.9379,1.0662,0.8330,0.0251,0.303679,0.303679,0.000000,1
6271,34.4768,43.1913,0.7982,1.2528,0.5269,0.0288,0.453537,0.453571,0.000034,0
6272,66.3875,87.7717,0.7564,1.3221,0.7148,0.0391,0.406502,0.411736,0.005234,0
6273,65.0838,82.1563,0.7922,1.2623,0.7567,0.0441,0.359455,0.361534,0.002079,0
6274,29.1336,31.0138,0.9394,1.0645,1.3106,0.0339,0.257291,0.257388,0.000097,1
6275,29.8660,35.5987,0.8390,1.1919,0.5103,0.0499,0.423641,0.423643,0.000002,0
6276,52.7989,63.8188,0.8273,1.2087,0.1410,0.0462,0.346368,0.363787,0.017418,0
6277,44.1194,38.2701,1.1528,0.8674,0.1549,0.0254,0.375922,0.376857,0.000935,0
6278,20.1886,19.3187,1.0450,0.9569,0.3267,0.0539,0.505480,0.505475,0.000005,1
6279,22.4097,24.3740,0.9194,1.0877,0.4321,0.0452,0.263334,0.263331,0.000002,1
6280,71.8314,95.1993,0.7545,1.3253,1.2013,0.0511,0.325127,0.333251,0.008124,0
6281,26.3356,18.6752,1.4102,0.7091,0.8153,0.0600,0.215651,0.300829,0.085177,0
6282,53.5899,69.8294,0.7674,1.3030,0.7996,0.0371,0.229324,0.231578,0.002254,0
6283,48.2980,55.7444,0.8664,1.1542,0.6202,0.0281,0.516894,0.516888,0.000006,1
6284,20.9760,27.7953,0.7547,1.3251,0.8826,0.0488,0.200514,0.205158,0.004644,0
6285,59.6088,43.3204,1.3760,0.7267,1.1115,0.0377,0.462644,0.462868,0.000224,0
6286,39.1900,37.8296,1.0360,0.9653,1.0103,0.0432,0.466684,0.466794,0.000109,1
6287,77.4200,62.2287,1.2441,0.8038,1.1511,0.0280,0.236953,0.238744,0.001791,0
6288,28.7893,33.9654,0.8476,1.1798,1.2287,0.0433,0.263895,0.263912,0.000017,0
6289,34.6580,28.8037,1.2032,0.8311,0.5625,0.0270,0.452463,0.452480,0.000017,0
6290,42.2187,54.5623,0.7738,1.2924,1.1773,0.0411,0.319134,0.319162,0.000029,0
6291,47.6717,65.9440,0.7229,1.3833,1.0048,0.0270,0.514183,0.514225,0.000042,0
6292,44.0901,41.6562,1.0584,0.9448,0.4229,0.0577,0.411715,0.411714,0.000000,1
6293,65.3749,87.0027,0.7514,1.3308,0.2480,0.0240,0.239737,0.366333,0.126596,0
6294,35.4271,31.2154,1.1349,0.8811,0.7597,0.0252,0.516210,0.516205,0.000005,1
6295,68.6142,60.6299,1.1317,0.8836,0.5821,0.0497,0.248074,0.248200,0.000126,1
6296,36.5294,30.1967,1.2097,0.8266,0.2592,0.0581,0.255387,0.282547,0.027161,0
6297,26.8795,35.9448,0.7478,1.3373,1.3556,0.0221,0.163208,0.170120,0.006911,0
6298,72.3167,57.9785,1.2473,0.8017,0.1811,0.0325,0.348968,0.382166,0.033198,0
6299,68.8211,77.0808,0.8928,1.1200,0.8000,0.0252,0.321929,0.322400,0.000471,1
6300,75.4186,98.9496,0.7622,1.3120,0.6429,0.0306,0.281877,0.308640,0.026763,0
6301,60.7825,67.9930,0.8940,1.1186,1.0298,0.0330,0.270988,0.270990,0.000003,1
6302,43.2551,57.1150,0.7573,1.3204,0.3688,0.0271,0.185719,0.333824,0.148105,0
6303,51.3431,68.2092,0.7527,1.3285,1.0855,0.0247,0.544067,0.544076,0.000009,0
6304,63.6518,87.0403,0.7313,1.3674,1.4671,0.0250,0.377546,0.380007,0.002461,0
6305,46.9155,34.0666,1.3772,0.7261,0.7903,0.0297,0.468442,0.468835,0.000393,0
6306,66.4443,60.0426,1.1066,0.9037,1.2030,0.0382,0.382197,0.382214,0.000017,1
6307,51.5995,40.0869,1.2872,0.7769,0.6863,0.0538,0.317937,0.320294,0.002357,0
6308,73.6387,56.6661,1.2995,0.7695,0.7068,0.0432,0.227834,0.249909,0.022075,0
6309,30.9977,26.7721,1.1578,0.8637,1.4897,0.0441,0.451254,0.451307,0.000053,0
6310,75.5266,70.9250,1.0649,0.9391,0.6670,0.0379,0.398762,0.398914,0.000152,1
6311,62.1339,70.5958,0.8801,1.1362,1.4171,0.0420,0.203786,0.203846,0.000060,1
6312,42.0905,45.2358,0.9305,1.0747,0.6754,0.0283,0.305205,0.305202,0.000003,1
6313,27.5625,30.9476,0.8906,1.1228,1.4779,0.0292,0.286161,0.286168,0.000007,1
6314,75.7811,80.0583,0.9466,1.0564,1.3956,0.0249,0.537268,0.537445,0.000177,1
6315,38.5565,42.7844,0.9012,1.1097,0.8597,0.0506,0.534094,0.534208,0.000115,1
6316,70.5606,55.6029,1.2690,0.7880,1.4868,0.0295,0.357868,0.357933,0.000065,0
6317,47.5289,40.6387,1.1695,0.8550,1.3432,0.0376,0.301811,0.301857,0.000046,0
6318,50.7132,54.9763,0.9225,1.0841,1.2125,0.0406,0.509752,0.509854,0.000102,1
6319,71.0990,97.1494,0.7319,1.3664,0.7369,0.0203,0.245413,0.268316,0.022903,0
6320,28.5897,26.8802,1.0636,0.9402,0.6676,0.0408,0.511730,0.511728,0.000002,1
6321,29.8038,38.8487,0.7672,1.3035,1.0978,0.0479,0.352252,0.352285,0.000032,0
6322,30.9848,25.5345,1.2134,0.8241,0.9522,0.0237,0.451852,0.451859,0.000006,0
6323,56.1022,60.3820,0.9291,1.0763,1.2776,0.0388,0.489280,0.489380,0.000100,1
6324,66.3601,81.8096,0.8112,1.2328,0.3621,0.0281,0.298259,0.308346,0.010087,0
6325,46.2783,44.6757,1.0359,0.9654,0.1778,0.0295,0.315679,0.315675,0.000004,1
6326,27.5021,29.7582,0.9242,1.0820,0.5599,0.0293,0.193092,0.193090,0.000002,1
6327,31.8656,41.2115,0.7732,1.2933,0.6926,0.0507,0.184242,0.195406,0.011164,0
6328,73.6918,63.3882,1.1625,0.8602,0.4746,0.0421,0.320489,0.321003,0.000514,0
6329,39.5984,39.9004,0.9924,1.0076,0.1248,0.0582,0.290715,0.290993,0.000278,1
6330,40.5597,54.0975,0.7498,1.3338,1.3623,0.0395,0.396858,0.396884,0.000026,0
6331,33.1877,45.9168,0.7228,1.3836,1.3802,0.0309,0.472153,0.472180,0.000026,0
6332,52.3136,50.6484,1.0329,0.9682,0.1930,0.0527,0.269889,0.269885,0.000003,1
6333,63.0860,50.9163,1.2390,0.8071,0.7188,0.0321,0.352924,0.353086,0.000163,0
6334,26.9198,25.9927,1.0357,0.9656,0.9038,0.0510,0.182228,0.182257,0.000029,1
6335,28.9999,27.4294,1.0573,0.9458,1.3785,0.0219,0.440500,0.440583,0.000083,1
6336,38.2159,44.2777,0.8631,1.1586,0.2361,0.0415,0.406502,0.406545,0.000043,1
6337,42.1784,47.9839,0.8790,1.1376,0.6314,0.0409,0.333966,0.333965,0.000001,1
6338,36.7016,31.9525,1.1486,0.8706,1.0422,0.0259,0.440524,0.440524,0.000000,1
6339,57.4700,64.4116,0.8922,1.1208,0.6865,0.0576,0.273954,0.273962,0.000008,1
6340,41.0321,40.9971,1.0009,0.9991,0.2703,0.0281,0.214785,0.214781,0.000003,1
6341,26.7751,36.8319,0.7270,1.3756,0.3678,0.0588,0.285929,0.330600,0.044671,0
6342,41.9294,47.6657,0.8797,1.1368,0.2962,0.0329,0.258695,0.258842,0.000147,1
6343,42.9200,40.1546,1.0689,0.9356,0.9686,0.0526,0.197133,0.197184,0.000051,1
6344,77.2533,80.9386,0.9545,1.0477,0.6375,0.0468,0.547925,0.548219,0.000294,1
6345,73.8511,92.0071,0.8027,1.2458,0.3652,0.0523,0.493236,0.010000,0.483236,0
6346,28.6666,20.3606,1.4079,0.7103,0.9404,0.0441,0.462436,0.463022,0.000586,0
6347,68.9859,53.9213,1.2794,0.7816,0.2653,0.0418,0.171339,0.309163,0.137824,0
6348,44.2018,46.4501,0.9516,1.0509,1.4395,0.0306,0.172669,0.172764,0.000094,1
6349,69.7110,82.2652,0.8474,1.1801,0.4188,0.0545,0.494786,0.496984,0.002198,0
6350,54.5439,58.2866,0.9358,1.0686,0.4397,0.0341,0.491173,0.491317,0.000145,1
6351,52.3246,50.8413,1.0292,0.9717,0.4256,0.0473,0.307695,0.307694,0.000001,1
6352,51.6361,52.9731,0.9748,1.0259,1.1217,0.0570,0.227676,0.227728,0.000053,1
6353,71.2894,93.3341,0.7638,1.3092,0.3012,0.0571,0.378767,0.403531,0.024764,0
6354,63.6280,56.5516,1.1251,0.8888,0.5181,0.0479,0.217653,0.217925,0.000272,1
6355,71.3242,83.6539,0.8526,1.1729,0.8817,0.0376,0.159156,0.163063,0.003907,1
6356,57.8088,45.3949,1.2735,0.7853,0.2001,0.0342,0.307524,0.364818,0.057294,0
6357,35.8263,30.8829,1.1601,0.8620,0.7472,0.0307,0.212539,0.212872,0.000333,0
6358,60.4364,75.1420,0.8043,1.2433,0.6553,0.0431,0.524572,0.524782,0.000210,0
6359,54.1118,68.3859,0.7913,1.2638,0.6843,0.0579,0.454050,0.454064,0.000014,0
6360,26.9344,21.9106,1.2293,0.8135,1.0756,0.0412,0.484983,0.485014,0.000031,0
6361,58.3325,46.1663,1.2635,0.7914,0.4692,0.0460,0.470249,0.470475,0.000226,0
6362,75.0377,98.2992,0.7634,1.3100,0.9045,0.0534,0.250711,0.269488,0.018777,0
6363,20.3003,20.5215,0.9892,1.0109,0.6174,0.0339,0.233291,0.233417,0.000126,1
6364,54.8753,41.4548,1.3237,0.7554,1.1794,0.0412,0.184169,0.210450,0.026281,0
6365,46.1885,41.6131,1.1100,0.9009,0.9752,0.0455,0.520544,0.520556,0.000013,1
6366,41.0504,54.5451,0.7526,1.3287,0.4257,0.0393,0.519103,0.519349,0.000246,0
6367,60.8063,73.7223,0.8248,1.2124,0.7103,0.0500,0.154273,0.158018,0.003745,0
6368,59.9420,73.4658,0.8159,1.2256,1.1921,0.0213,0.216897,0.217091,0.000195,0
6369,70.2841,90.8378,0.7737,1.2924,0.8560,0.0385,0.437008,0.442277,0.005269,0
6370,38.4796,45.8080,0.8400,1.1905,1.2277,0.0527,0.459726,0.459848,0.000122,0
6371,50.1273,45.4058,1.1040,0.9058,0.3674,0.0434,0.523473,0.523468,0.000005,1
6372,45.7015,45.5853,1.0025,0.9975,0.3822,0.0379,0.494823,0.494978,0.000155,1
6373,22.0362,17.8003,1.2380,0.8078,1.1112,0.0290,0.393721,0.393751,0.000030,0
6374,63.2051,56.3796,1.1211,0.8920,0.7130,0.0404,0.539282,0.539281,0.000000,1
6375,75.4717,74.4398,1.0139,0.9863,0.6333,0.0346,0.420467,0.420600,0.000133,1
6376,52.6432,46.4724,1.1328,0.8828,0.8063,0.0208,0.529919,0.529913,0.000006,1
6377,55.7048,49.3346,1.1291,0.8856,0.3829,0.0502,0.508446,0.508445,0.000001,1
6378,75.0395,78.1831,0.9598,1.0419,0.7195,0.0345,0.310417,0.310679,0.000262,1
6379,77.0794,87.3149,0.8828,1.1328,0.4112,0.0368,0.476035,0.479088,0.003053,1
6380,25.5904,19.4391,1.3164,0.7596,0.8149,0.0556,0.435653,0.436000,0.000347,0
6381,25.3267,30.5387,0.8293,1.2058,0.2650,0.0533,0.195961,0.231265,0.035304,0
6382,26.2093,32.7809,0.7995,1.2507,1.2517,0.0544,0.393074,0.393111,0.000038,0
6383,44.1395,48.0283,0.9190,1.0881,0.1561,0.0442,0.466465,0.466459,0.000006,1
6384,33.7205,35.7109,0.9443,1.0590,1.0081,0.0376,0.341534,0.341639,0.000104,1
6385,55.7103,63.6473,0.8753,1.1425,0.9581,0.0259,0.294206,0.294205,0.000001,1
6386,22.1516,19.7400,1.1222,0.8911,0.9965,0.0278,0.300237,0.300241,0.000004,1
6387,40.6732,36.2453,1.1222,0.8911,0.6584,0.0414,0.286833,0.286850,0.000017,1
6388,50.0925,38.5330,1.3000,0.7692,0.2845,0.0561,0.333355,0.367705,0.034350,0
6389,36.7876,40.4255,0.9100,1.0989,0.4374,0.0476,0.225332,0.225332,0.000000,1
6390,76.4714,58.2333,1.3132,0.7615,0.8166,0.0564,0.320891,0.324587,0.003695,0
6391,25.7350,33.6276,0.7653,1.3067,0.6383,0.0344,0.265763,0.268557,0.002794,0
6392,27.5240,32.1292,0.8567,1.1673,0.9279,0.0427,0.431771,0.431775,0.000004,1
6393,60.7752,57.4034,1.0587,0.9445,1.2038,0.0570,0.254642,0.254724,0.000082,1
6394,31.9700,33.1679,0.9639,1.0375,0.1153,0.0519,0.272343,0.272338,0.000005,1
6395,62.3426,71.7399,0.8690,1.1507,0.3700,0.0450,0.183985,0.186244,0.002258,1
6396,77.7294,80.6055,0.9643,1.0370,0.3731,0.0427,0.321673,0.321975,0.000302,1
6397,71.4579,59.1279,1.2085,0.8275,1.3852,0.0387,0.309490,0.309588,0.000098,0
6398,69.6011,72.8232,0.9558,1.0463,0.4662,0.0308,0.534692,0.534883,0.000191,1
6399,39.4867,45.7113,0.8638,1.1576,1.0540,0.0299,0.159314,0.159335,0.000021,1
6400,50.5576,49.6838,1.0176,0.9827,1.1990,0.0432,0.344769,0.344883,0.000114,1
6401,25.0136,22.0901,1.1323,0.8831,0.8587,0.0441,0.221023,0.221126,0.000103,1
6402,37.2198,42.7141,0.8714,1.1476,0.8028,0.0507,0.179725,0.179739,0.000014,1
6403,41.5979,53.4979,0.7776,1.2861,0.1548,0.0249,0.360675,0.423114,0.062439,0
6404,60.2350,72.2048,0.8342,1.1987,0.1870,0.0360,0.268033,0.293486,0.025452,0
6405,31.7338,28.9346,1.0967,0.9118,0.5608,0.0355,0.450913,0.450909,0.000004,1
6406,60.0281,63.3853,0.9470,1.0559,1.3600,0.0384,0.407015,0.407116,0.000102,1
6407,69.8575,77.6073,0.9001,1.1109,0.4264,0.0367,0.313286,0.314223,0.000937,1
6408,55.4668,66.7201,0.8313,1.2029,0.5943,0.0506,0.540356,0.540356,0.000001,0
6409,37.9998,28.3647,1.3397,0.7464,0.4553,0.0450,0.165857,0.335828,0.169970,0
6410,64.5601,76.7066,0.8416,1.1881,0.6621,0.0523,0.499278,0.499732,0.000454,0
6411,69.7073,97.4279,0.7155,1.3977,0.6400,0.0220,0.358002,0.387334,0.029332,0
6412,40.2850,52.1545,0.7724,1.2946,1.4809,0.0344,0.150037,0.151333,0.001296,0
6413,77.9308,76.5990,1.0174,0.9829,0.9274,0.0400,0.522240,0.522361,0.000121,1
6414,78.1066,107.1184,0.7292,1.3714,1.3520,0.0283,0.510082,0.522600,0.012518,0
6415,48.9627,54.1612,0.9040,1.1062,1.1361,0.0376,0.426888,0.426988,0.000100,1
6416,62.5202,59.1491,1.0570,0.9461,1.2376,0.0345,0.195570,0.195589,0.000018,1
6417,54.0403,69.9396,0.7727,1.2942,0.4724,0.0267,0.423275,0.423586,0.000311,0
6418,75.4405,105.2654,0.7167,1.3953,0.7527,0.0335,0.295781,0.310397,0.014616,0
6419,40.8655,49.9011,0.8189,1.2211,0.6175,0.0593,0.297771,0.297814,0.000043,0
6420,76.7425,68.0075,1.1284,0.8862,1.3568,0.0402,0.482090,0.482301,0.000211,1
6421,76.3066,68.7461,1.1100,0.9009,1.4487,0.0217,0.211599,0.211916,0.000317,1
6422,34.7221,43.1442,0.8048,1.2426,0.1583,0.0349,0.304790,0.365150,0.060360,0
6423,56.4959,70.9210,0.7966,1.2553,0.5041,0.0344,0.490220,0.490244,0.000024,0
6424,58.5998,75.4048,0.7771,1.2868,1.3906,0.0201,0.256265,0.256512,0.000247,0
6425,78.9892,96.3361,0.8199,1.2196,1.3623,0.0240,0.159241,0.170495,0.011254,0
6426,54.4633,69.8634,0.7796,1.2828,0.3456,0.0494,0.536071,0.536203,0.000131,0
6427,20.8698,25.5346,0.8173,1.2235,0.2653,0.0261,0.365326,0.366761,0.001435,0
6428,57.3748,40.7568,1.4077,0.7104,0.5391,0.0303,0.391877,0.400394,0.008516,0
6429,44.6248,56.2657,0.7931,1.2609,1.0535,0.0583,0.417928,0.417958,0.000029,0
6430,53.4104,51.4879,1.0373,0.9640,0.5006,0.0403,0.279887,0.279886,0.000001,1
6431,77.1490,95.1152,0.8111,1.2329,1.4516,0.0537,0.192055,0.199995,0.007940,0
6432,23.6732,19.6178,1.2067,0.8287,1.0147,0.0521,0.538672,0.538710,0.000039,0
6433,34.5299,41.4056,0.8339,1.1991,0.2528,0.0211,0.491954,0.492028,0.000075,0
6434,45.2437,53.6574,0.8432,1.1860,0.2547,0.0281,0.252994,0.259159,0.006165,0
6435,53.2841,52.6170,1.0127,0.9875,1.0430,0.0469,0.542346,0.542458,0.000112,1
6436,59.1015,75.1502,0.7864,1.2715,0.6230,0.0319,0.547021,0.547193,0.000172,0
6437,35.2000,41.7498,0.8431,1.1861,0.6759,0.0403,0.496251,0.496248,0.000002,0
6438,29.9539,35.6209,0.8409,1.1892,1.0234,0.0206,0.540905,0.540900,0.000006,0
6439,35.5260,40.9850,0.8668,1.1537,0.2322,0.0386,0.177674,0.196929,0.019255,1
6440,24.7957,20.2163,1.2265,0.8153,0.5076,0.0230,0.480906,0.480939,0.000033,0
6441,79.9927,82.3492,0.9714,1.0295,1.1255,0.0402,0.262088,0.262299,0.000211,1
6442,73.7687,54.9680,1.3420,0.7451,0.7414,0.0296,0.359577,0.361090,0.001513,0
6443,63.1172,74.6484,0.8455,1.1827,0.8632,0.0550,0.189613,0.190126,0.000513,0
6444,55.7250,65.2307,0.8543,1.1706,1.4990,0.0232,0.531567,0.531646,0.000079,1
6445,55.4430,61.4918,0.9016,1.1091,0.5701,0.0220,0.152991,0.153037,0.000046,1
6446,39.5032,50.6123,0.7805,1.2812,0.5877,0.0588,0.249307,0.251215,0.001908,0
6447,48.5836,55.2946,0.8786,1.1381,0.2416,0.0251,0.356647,0.356688,0.000041,1
6448,77.5774,68.1110,1.1390,0.8780,1.0148,0.0458,0.344586,0.345063,0.000477,1
6449,71.6263,75.3706,0.9503,1.0523,0.6670,0.0334,0.453195,0.453407,0.000212,1
6450,79.2492,104.9964,0.7548,1.3249,0.9954,0.0512,0.313005,0.332754,0.019749,0
6451,37.9907,27.5309,1.3799,0.7247,1.3379,0.0518,0.279972,0.285138,0.005166,0
6452,53.1632,41.0348,1.2956,0.7719,0.3520,0.0594,0.272587,0.319995,0.047409,0
6453,25.8962,19.1629,1.3514,0.7400,1.2998,0.0556,0.391340,0.391864,0.000524,0
6454,31.1808,28.1166,1.1090,0.9017,1.3385,0.0410,0.311541,0.311577,0.000036,1
6455,55.5309,53.5841,1.0363,0.9649,0.1005,0.0435,0.460691,0.460685,0.000006,1
6456,75.1750,61.7444,1.2175,0.8213,0.7169,0.0530,0.466391,0.466699,0.000307,0
6457,79.4159,68.7954,1.1544,0.8663,0.1971,0.0210,0.461887,0.464678,0.002791,0
6458,32.4882,38.0641,0.8535,1.1716,0.1904,0.0563,0.428719,0.428864,0.000145,1
6459,66.8178,68.2610,0.9789,1.0216,0.4989,0.0506,0.280937,0.281083,0.000146,1
6460,52.1836,36.9176,1.4135,0.7075,0.6358,0.0234,0.316765,0.335580,0.018815,0
6461,75.8068,100.2314,0.7563,1.3222,1.4038,0.0323,0.306487,0.010000,0.296487,0
6462,70.1852,93.8422,0.7479,1.3371,0.7479,0.0592,0.518078,0.525661,0.007584,0
6463,25.2681,30.6084,0.8255,1.2113,0.8138,0.0247,0.451401,0.451399,0.000002,0
6464,24.7755,18.4967,1.3395,0.7466,1.0906,0.0594,0.159607,0.223114,0.063507,0
6465,41.3654,38.3335,1.0791,0.9267,0.2707,0.0337,0.218264,0.218306,0.000042,1
6466,61.7438,49.9293,1.2366,0.8087,0.1141,0.0293,0.244461,0.402028,0.157567,0
6467,55.9630,67.5992,0.8279,1.2079,0.3948,0.0252,0.487693,0.487706,0.000013,0
6468,78.6450,64.4029,1.2211,0.8189,0.2222,0.0415,0.156873,0.448167,0.291294,0
6469,36.1412,35.2696,1.0247,0.9759,0.1349,0.0468,0.531017,0.531010,0.000008,1
6470,47.4117,45.5977,1.0398,0.9617,0.6333,0.0376,0.332452,0.332452,0.000000,1
6471,21.3038,20.8932,1.0196,0.9807,1.2035,0.0316,0.378181,0.378276,0.000096,1
6472,51.5867,47.0341,1.0968,0.9117,0.7461,0.0506,0.265702,0.265725,0.000023,1
6473,55.3075,40.5206,1.3649,0.7326,0.3554,0.0204,0.156214,0.320312,0.164098,0
6474,46.0750,53.8372,0.8558,1.1685,0.9739,0.0552,0.534399,0.534517,0.000118,1
6475,22.9261,26.7351,0.8575,1.1661,0.1610,0.0245,0.205751,0.259646,0.053895,1
6476,41.2189,38.6063,1.0677,0.9366,0.7248,0.0443,0.208425,0.208437,0.000013,1
6477,50.1639,66.6598,0.7525,1.3288,1.0760,0.0479,0.530151,0.530171,0.000020,0
6478,56.5545,53.1559,1.0639,0.9399,0.9499,0.0254,0.530419,0.530517,0.000098,1
6479,64.1700,84.5849,0.7586,1.3181,1.2179,0.0558,0.485936,0.487484,0.001549,0
6480,50.3122,66.9138,0.7519,1.3300,0.6383,0.0560,0.155847,0.199694,0.043846,0
6481,48.1881,62.7146,0.7684,1.3015,0.7835,0.0409,0.233645,0.235501,0.001856,0
6482,56.2084,42.8653,1.3113,0.7626,0.1775,0.0237,0.173072,0.419313,0.246241,0
6483,67.5118,76.6687,0.8806,1.1356,1.1667,0.0504,0.183900,0.184505,0.000605,1
6484,76.6344,107.0246,0.7160,1.3966,0.1990,0.0325,0.236196,0.050032,0.186164,0
6485,21.4576,20.0590,1.0697,0.9348,1.2285,0.0533,0.547082,0.547217,0.000134,1
6486,58.7133,50.7147,1.1577,0.8638,0.7590,0.0330,0.488902,0.488902,0.000000,0
6487,31.3492,31.7477,0.9874,1.0127,0.5147,0.0586,0.372980,0.373122,0.000142,1
6488,64.1389,70.8680,0.9050,1.1049,1.0536,0.0476,0.382551,0.382699,0.000148,1
6489,22.8675,16.7151,1.3681,0.7310,1.3797,0.0235,0.402876,0.403036,0.000160,0
6490,22.8986,22.6550,1.0108,0.9894,1.0883,0.0392,0.249576,0.249589,0.000014,1
6491,20.4889,14.5304,1.4101,0.7092,0.4356,0.0227,0.496934,0.500209,0.003275,0
6492,62.4085,74.5516,0.8371,1.1946,1.4156,0.0473,0.230789,0.231039,0.000250,0
6493,59.4879,82.0592,0.7249,1.3794,0.5783,0.0500,0.198317,0.364490,0.166173,0
6494,34.5134,38.9984,0.8850,1.1300,0.7711,0.0548,0.325127,0.325136,0.000009,1
6495,74.7063,66.3483,1.1260,0.8881,0.7201,0.0576,0.398787,0.399063,0.000276,1
6496,71.2198,71.4937,0.9962,1.0038,0.1721,0.0227,0.181141,0.181382,0.000241,1
6497,42.4274,44.5103,0.9532,1.0491,0.9633,0.0477,0.530932,0.531044,0.000112,1
6498,72.7927,100.3315,0.7255,1.3783,0.9555,0.0553,0.231558,0.320027,0.088470,0
6499,29.7836,21.3556,1.3946,0.7170,0.3421,0.0273,0.278459,0.364514,0.086055,0
6500,37.0824,28.8595,1.2849,0.7783,0.7101,0.0469,0.535205,0.535274,0.000069,0
6501,62.6392,54.7080,1.1450,0.8734,1.3349,0.0594,0.518981,0.519077,0.000096,1
6502,23.7043,20.2198,1.1723,0.8530,0.4634,0.0358,0.285673,0.286004,0.000331,0
6503,55.3862,65.3666,0.8473,1.1802,0.1620,0.0582,0.541845,0.541926,0.000080,0
6504,78.6670,68.3013,1.1518,0.8682,1.2037,0.0327,0.221426,0.222326,0.000900,0
6505,71.9504,82.8099,0.8689,1.1509,0.5256,0.0318,0.169788,0.175825,0.006037,1
6506,31.7685,27.7339,1.1455,0.8730,1.4202,0.0537,0.179273,0.179974,0.000700,1
6507,44.1322,44.0521,1.0018,0.9982,0.9824,0.0507,0.503771,0.503888,0.000117,1
6508,27.9525,30.0819,0.9292,1.0762,0.8074,0.0465,0.421371,0.421486,0.000115,1
6509,58.7701,72.4940,0.8107,1.2335,1.0469,0.0475,0.258060,0.258125,0.000065,0
6510,52.2752,58.3771,0.8955,1.1167,0.9732,0.0235,0.185511,0.185511,0.000000,1
6511,36.2621,39.9681,0.9073,1.1022,0.6787,0.0299,0.307414,0.307412,0.000003,1
6512,44.0223,42.3371,1.0398,0.9617,0.1000,0.0358,0.209157,0.209165,0.000008,1
6513,37.8222,38.7045,0.9772,1.0233,0.2820,0.0256,0.176856,0.176854,0.000003,1
6514,75.8287,72.1029,1.0517,0.9509,0.9954,0.0498,0.209682,0.209864,0.000182,1
6515,54.2656,57.4988,0.9438,1.0596,0.4202,0.0381,0.222573,0.222571,0.000002,1
6516,66.3124,57.3423,1.1564,0.8647,1.4204,0.0447,0.316778,0.316848,0.000071,0
6517,43.2551,41.1362,1.0515,0.9510,0.5912,0.0398,0.423836,0.423835,0.000002,1
6518,67.0614,64.5614,1.0387,0.9627,1.1657,0.0255,0.497105,0.497197,0.000091,1
6519,31.8400,41.3158,0.7706,1.2976,1.3026,0.0476,0.485411,0.485437,0.000027,0
6520,44.2567,42.2949,1.0464,0.9557,1.4414,0.0560,0.537646,0.537810,0.000164,1
6521,44.5424,51.5373,0.8643,1.1570,0.3998,0.0280,0.185060,0.186866,0.001806,1
6522,69.4217,54.1863,1.2812,0.7805,0.3216,0.0412,0.410506,0.413908,0.003402,0
6523,71.5714,58.8641,1.2159,0.8225,1.4087,0.0383,0.241922,0.242252,0.000331,0
6524,30.1700,26.3177,1.1464,0.8723,1.2243,0.0540,0.480955,0.481014,0.000059,1
6525,34.5299,32.7123,1.0556,0.9474,0.4381,0.0418,0.279057,0.279056,0.000001,1
6526,57.8545,47.2440,1.2246,0.8166,0.8768,0.0510,0.289421,0.289877,0.000456,0
6527,35.6853,27.8415,1.2817,0.7802,1.2186,0.0383,0.358148,0.358303,0.000155,0
6528,32.2391,24.2541,1.3292,0.7523,0.8981,0.0457,0.389302,0.389836,0.000535,0
6529,29.0036,39.0486,0.7428,1.3463,1.2001,0.0499,0.323370,0.323437,0.000067,0
6530,51.3285,62.4571,0.8218,1.2168,0.5973,0.0228,0.404244,0.404255,0.000012,0
6531,24.2738,18.3617,1.3220,0.7564,0.7856,0.0317,0.258902,0.268043,0.009141,0
6532,34.5061,45.5928,0.7568,1.3213,1.4065,0.0364,0.532104,0.532118,0.000014,0
6533,47.1480,62.1244,0.7589,1.3176,0.5916,0.0440,0.386409,0.386690,0.000282,0
6534,67.0119,50.3742,1.3303,0.7517,0.1314,0.0579,0.417061,0.532532,0.115470,0
6535,25.3487,24.3848,1.0395,0.9620,0.7980,0.0521,0.358222,0.358235,0.000014,1
6536,20.7324,21.6696,0.9568,1.0452,1.4677,0.0545,0.287236,0.287403,0.000167,1
6537,52.2953,51.0441,1.0245,0.9761,1.4354,0.0214,0.386934,0.387016,0.000082,1
6538,68.0172,56.6631,1.2004,0.8331,0.7846,0.0264,0.162305,0.170906,0.008601,0
6539,51.1051,35.8194,1.4267,0.7009,0.7451,0.0448,0.243509,0.307550,0.064041,0
6540,48.9920,64.0402,0.7650,1.3072,0.9898,0.0246,0.223611,0.225092,0.001482,0
6541,42.3103,40.6770,1.0402,0.9614,1.4033,0.0320,0.303667,0.303680,0.000013,1
6542,26.5682,34.2804,0.7750,1.2903,1.3362,0.0452,0.359235,0.359262,0.000028,0
6543,64.7816,88.6392,0.7308,1.3683,0.7066,0.0589,0.176246,0.376204,0.199958,0
6544,33.8780,27.6857,1.2237,0.8172,0.4859,0.0221,0.296794,0.297892,0.001098,0
6545,29.0017,23.0961,1.2557,0.7964,0.2418,0.0248,0.457529,0.459407,0.001878,0
6546,74.4884,58.9383,1.2638,0.7912,0.5892,0.0247,0.469040,0.469284,0.000243,0
6547,52.4674,45.8588,1.1441,0.8740,1.3834,0.0290,0.471482,0.471489,0.000007,1
6548,63.2252,45.2301,1.3979,0.7154,0.7325,0.0276,0.270646,0.295849,0.025204,0
6549,35.9325,28.7836,1.2484,0.8010,1.0630,0.0417,0.529125,0.529156,0.000031,0
6550,22.8401,26.0828,0.8757,1.1420,0.4477,0.0496,0.308916,0.308920,0.000004,1
6551,24.2610,25.2431,0.9611,1.0405,0.4889,0.0300,0.318743,0.318739,0.000004,1
6552,66.1696,57.9836,1.1412,0.8763,0.6144,0.0367,0.277079,0.277123,0.000044,1
6553,33.9988,43.6777,0.7784,1.2847,1.3664,0.0523,0.173792,0.173988,0.000196,0
6554,22.6514,23.7649,0.9531,1.0492,0.8165,0.0213,0.235781,0.235780,0.000002,1
6555,59.1198,51.3955,1.1503,0.8693,1.1202,0.0242,0.207021,0.207082,0.000062,0
6556,79.4708,93.4397,0.8505,1.1758,0.2019,0.0413,0.426705,0.443785,0.017080,1
6557,64.1755,50.5507,1.2695,0.7877,0.9632,0.0596,0.296867,0.298087,0.001219,0
6558,28.5403,27.9775,1.0201,0.9803,0.7151,0.0477,0.511852,0.511972,0.000120,1
6559,57.8161,41.9979,1.3766,0.7264,0.8263,0.0238,0.315886,0.320317,0.004431,0
6560,48.9425,40.5352,1.2074,0.8282,1.4015,0.0586,0.182606,0.186940,0.004334,0
6561,46.7507,51.2070,0.9130,1.0953,1.4698,0.0484,0.251566,0.251699,0.000134,1
6562,77.1764,93.0387,0.8295,1.2055,1.1016,0.0453,0.264933,0.270739,0.005806,0
6563,38.3367,32.1862,1.1911,0.8396,0.7944,0.0480,0.235745,0.236566,0.000821,0
6564,52.8867,61.0395,0.8664,1.1542,0.6244,0.0445,0.410164,0.410163,0.000001,1
6565,66.4992,79.4354,0.8371,1.1945,0.7394,0.0476,0.422066,0.423008,0.000942,0
6566,62.3865,84.5970,0.7375,1.3560,1.3984,0.0431,0.255618,0.258390,0.002772,0
6567,38.1372,36.5313,1.0440,0.9579,1.0706,0.0380,0.379365,0.379374,0.000009,1
6568,64.3696,89.3089,0.7208,1.3874,0.8193,0.0278,0.414803,0.420956,0.006153,0
6569,33.0979,39.6100,0.8356,1.1968,0.3030,0.0376,0.254202,0.257747,0.003545,0
6570,58.8507,63.6960,0.9239,1.0823,0.6150,0.0504,0.264042,0.264044,0.000003,1
6571,37.5878,51.4273,0.7309,1.3682,0.2356,0.0296,0.447372,0.471154,0.023782,0
6572,79.2712,101.6030,0.7802,1.2817,0.9086,0.0597,0.480869,0.491526,0.010656,0
6573,46.2105,55.3421,0.8350,1.1976,1.1842,0.0537,0.396333,0.396365,0.000031,0
6574,56.2029,58.9284,0.9537,1.0485,0.6610,0.0584,0.508715,0.508843,0.000128,1
6575,49.0158,44.9016,1.0916,0.9161,0.4530,0.0256,0.510143,0.510137,0.000006,1
6576,26.9253,22.2103,1.2123,0.8249,1.1758,0.0380,0.223537,0.224147,0.000609,0
6577,64.5747,90.1480,0.7163,1.3960,0.5605,0.0574,0.212868,0.282262,0.069394,0
6578,35.4454,37.0310,0.9572,1.0447,0.3429,0.0396,0.309819,0.309816,0.000003,1
6579,65.7082,87.2890,0.7528,1.3284,1.3099,0.0286,0.468577,0.470825,0.002249,0
6580,50.2811,51.3778,0.9787,1.0218,0.8454,0.0388,0.466672,0.466781,0.000109,1
6581,28.5092,29.7711,0.9576,1.0443,1.0377,0.0466,0.532983,0.533093,0.000110,1
6582,29.5419,22.2855,1.3256,0.7544,1.4384,0.0322,0.209597,0.216181,0.006584,0
6583,75.2501,66.5291,1.1311,0.8841,0.1673,0.0362,0.256314,0.267083,0.010768,1
6584,32.3893,30.8899,1.0485,0.9537,1.2009,0.0545,0.158789,0.158890,0.000101,1
6585,55.1830,63.5152,0.8688,1.1510,0.2068,0.0555,0.496886,0.496892,0.000006,1
6586,20.0678,27.2636,0.7361,1.3586,1.3429,0.0551,0.362238,0.362300,0.000062,0
6587,71.5677,52.2241,1.3704,0.7297,0.6410,0.0588,0.545849,0.546275,0.000425,0
6588,36.1779,49.7208,0.7276,1.3743,0.2820,0.0536,0.440023,0.452600,0.012577,0
6589,56.0308,45.3297,1.2361,0.8090,0.2521,0.0361,0.362372,0.368281,0.005909,0
6590,31.7869,29.0414,1.0945,0.9136,0.6803,0.0210,0.205776,0.205782,0.000006,1
6591,30.0711,38.7160,0.7767,1.2875,0.7289,0.0426,0.320952,0.321115,0.000163,0
6592,54.3150,51.7136,1.0503,0.9521,0.9085,0.0575,0.172120,0.172177,0.000057,1
6593,75.7042,88.5663,0.8548,1.1699,1.0792,0.0326,0.333978,0.336564,0.002586,1
6594,37.0275,47.5860,0.7781,1.2852,0.3741,0.0322,0.228591,0.268943,0.040352,0
6595,20.2454,17.2442,1.1740,0.8518,1.4066,0.0375,0.278227,0.278290,0.000063,0
6596,76.0631,77.3809,0.9830,1.0173,1.2709,0.0322,0.244485,0.244601,0.000116,1
6597,41.8983,56.0126,0.7480,1.3369,1.3318,0.0385,0.477244,0.477263,0.000019,0
6598,31.7576,43.6139,0.7282,1.3733,1.1694,0.0265,0.442856,0.442897,0.000041,0
6599,60.0775,67.3854,0.8916,1.1216,0.2078,0.0524,0.419820,0.419821,0.000001,1
6600,68.0245,49.2578,1.3810,0.7241,1.0335,0.0503,0.168250,0.256739,0.088489,0
6601,45.4872,40.8676,1.1130,0.8984,0.1652,0.0303,0.180677,0.197918,0.017241,1
6602,75.1897,53.6704,1.4010,0.7138,1.1032,0.0393,0.377546,0.378664,0.001118,0
6603,66.7025,64.4240,1.0354,0.9658,0.8091,0.0589,0.400191,0.400213,0.000023,1
6604,35.5992,45.7976,0.7773,1.2865,0.5942,0.0393,0.271354,0.273079,0.001725,0
6605,20.2692,21.7717,0.9310,1.0741,0.3478,0.0462,0.227956,0.227955,0.000002,1
6606,54.8296,43.2452,1.2679,0.7887,1.1136,0.0475,0.403560,0.403679,0.000119,0
6607,47.6333,65.1287,0.7314,1.3673,0.3379,0.0239,0.189235,0.300000,0.110765,0
6608,62.0862,74.3483,0.8351,1.1975,1.2428,0.0530,0.206679,0.206953,0.000274,0
6609,61.7603,61.4173,1.0056,0.9944,1.3548,0.0434,0.342584,0.342702,0.000118,1
6610,48.8345,40.6179,1.2023,0.8317,0.2841,0.0224,0.403218,0.403624,0.000406,0
6611,46.9485,34.9280,1.3441,0.7440,0.8220,0.0334,0.414376,0.414823,0.000447,0
6612,72.2581,78.8865,0.9160,1.0917,0.6631,0.0222,0.286186,0.286831,0.000645,1
6613,74.3785,103.1559,0.7210,1.3869,1.2281,0.0434,0.467905,0.479815,0.011910,0
6614,27.5332,37.5030,0.7342,1.3621,0.7145,0.0369,0.396895,0.397216,0.000321,0
6615,50.8139,40.3005,1.2609,0.7931,0.9000,0.0280,0.343927,0.344086,0.000159,0
6616,57.3089,49.2457,1.1637,0.8593,1.3226,0.0403,0.353168,0.353207,0.000039,0
6617,46.4046,45.9367,1.0102,0.9899,1.4673,0.0578,0.244644,0.244770,0.000126,1
6618,66.0231,68.1021,0.9695,1.0315,0.7142,0.0542,0.339190,0.339322,0.000131,1
6619,26.7220,36.2171,0.7378,1.3553,0.2107,0.0515,0.474509,0.493247,0.018737,0
6620,28.0477,38.4759,0.7290,1.3718,0.9918,0.0213,0.305364,0.306134,0.000770,0
6621,62.0862,47.6039,1.3042,0.7667,0.1220,0.0258,0.548730,0.577034,0.028303,0
6622,49.6731,35.6987,1.3915,0.7187,0.5103,0.0436,0.497093,0.498794,0.001701,0
6623,60.8118,57.5276,1.0571,0.9460,0.5808,0.0542,0.484776,0.484778,0.000003,1
6624,73.2139,82.6562,0.8858,1.1290,1.1398,0.0250,0.181349,0.182927,0.001578,1
6625,30.2689,37.5551,0.8060,1.2407,0.9546,0.0532,0.351556,0.351575,0.000018,0
6626,44.4527,51.3765,0.8652,1.1558,0.5644,0.0493,0.422652,0.422651,0.000001,1
6627,47.6534,50.0458,0.9522,1.0502,1.4290,0.0322,0.318096,0.318190,0.000094,1
6628,29.7543,26.3543,1.1290,0.8857,1.0467,0.0464,0.322662,0.322695,0.000034,1
6629,38.9282,39.8746,0.9763,1.0243,1.4406,0.0262,0.365680,0.365767,0.000086,1
6630,73.9299,75.4508,0.9798,1.0206,1.2933,0.0598,0.332769,0.332953,0.000183,1
6631,36.8645,26.8652,1.3722,0.7288,0.1062,0.0225,0.356635,0.694724,0.338090,0
6632,42.0228,40.7121,1.0322,0.9688,0.7790,0.0462,0.324285,0.324293,0.000008,1
6633,54.9651,41.9700,1.3096,0.7636,1.4778,0.0503,0.337957,0.338403,0.000446,0
6634,54.8167,75.6450,0.7247,1.3800,1.0846,0.0231,0.508409,0.508453,0.000043,0
6635,30.9427,41.2012,0.7510,1.3315,0.1896,0.0576,0.449338,0.472525,0.023188,0
6636,76.6674,64.5834,1.1871,0.8424,0.4709,0.0570,0.485813,0.486488,0.000675,0
6637,58.6621,56.8951,1.0311,0.9699,1.1707,0.0244,0.252945,0.252947,0.000002,1
6638,72.9685,74.2608,0.9826,1.0177,1.4037,0.0532,0.525927,0.526074,0.000147,1
6639,38.6773,33.4727,1.1555,0.8654,0.6501,0.0391,0.156226,0.162432,0.006206,0
6640,30.1553,31.1255,0.9688,1.0322,0.8542,0.0228,0.476011,0.476114,0.000103,1
6641,52.1561,39.6803,1.3144,0.7608,0.1599,0.0440,0.308879,0.503092,0.194213,0
6642,71.6593,81.1230,0.8833,1.1321,0.4843,0.0567,0.332916,0.334615,0.001699,1
6643,78.5314,103.1780,0.7611,1.3138,1.1110,0.0314,0.371857,0.385264,0.013407,0
6644,55.8129,48.3990,1.1532,0.8672,0.8831,0.0481,0.523070,0.523085,0.000014,0
6645,71.3095,98.5522,0.7236,1.3820,0.4655,0.0222,0.328924,0.355772,0.026849,0
6646,34.0538,38.7090,0.8797,1.1367,1.1969,0.0232,0.181043,0.181046,0.000002,1
6647,36.3427,27.4010,1.3263,0.7540,0.3179,0.0585,0.289860,0.349935,0.060075,0
6648,47.1902,58.9318,0.8008,1.2488,0.1950,0.0314,0.243130,0.302307,0.059177,0
6649,60.3577,74.3801,0.8115,1.2323,0.1129,0.0210,0.269950,0.373151,0.103201,0
6650,31.7392,39.6751,0.8000,1.2500,0.5881,0.0466,0.228457,0.230218,0.001761,0
6651,31.7667,40.3365,0.7875,1.2698,0.6377,0.0229,0.271610,0.272669,0.001058,0
6652,64.7029,65.1093,0.9938,1.0063,0.8523,0.0414,0.419735,0.419846,0.000111,1
6653,38.7030,37.2792,1.0382,0.9632,0.5092,0.0440,0.491575,0.491712,0.000137,1
6654,21.1609,27.6543,0.7652,1.3069,0.6865,0.0440,0.424166,0.424227,0.000061,0
6655,57.7648,58.1350,0.9936,1.0064,1.3052,0.0296,0.181239,0.181248,0.000009,1
6656,42.3688,40.1694,1.0548,0.9481,0.7091,0.0500,0.446347,0.446353,0.000006,1
6657,59.2370,69.6241,0.8508,1.1753,0.8405,0.0220,0.247745,0.247758,0.000013,1
6658,79.8975,78.0421,1.0238,0.9768,1.0659,0.0385,0.287053,0.287115,0.000062,1
6659,27.5863,37.6278,0.7331,1.3640,0.2370,0.0558,0.549585,0.553912,0.004327,0
6660,21.5546,29.4996,0.7307,1.3686,0.8462,0.0206,0.344806,0.345448,0.000643,0
6661,27.5442,21.5775,1.2765,0.7834,1.0567,0.0216,0.263663,0.264399,0.000736,0
6662,64.5784,85.5012,0.7553,1.3240,0.1626,0.0508,0.391865,0.454705,0.062840,0
6663,73.5765,86.5785,0.8498,1.1767,1.1311,0.0470,0.529382,0.530835,0.001453,0
6664,28.5714,23.4120,1.2204,0.8194,1.2183,0.0459,0.472031,0.472080,0.000048,0
6665,21.4081,20.7962,1.0294,0.9714,0.7149,0.0498,0.260111,0.260121,0.000010,1
6666,42.3963,42.0793,1.0075,0.9925,0.8386,0.0276,0.374665,0.374771,0.000106,1
6667,72.1812,84.7994,0.8512,1.1748,0.8699,0.0222,0.404671,0.406460,0.001789,1
6668,63.0329,50.7320,1.2425,0.8048,1.3564,0.0526,0.227456,0.229170,0.001714,0
6669,39.9371,44.3549,0.9004,1.1106,1.2483,0.0443,0.488182,0.488289,0.000108,1
6670,58.0157,55.2023,1.0510,0.9515,0.9849,0.0521,0.470432,0.470555,0.000123,1
6671,39.5636,42.5691,0.9294,1.0760,0.1472,0.0277,0.216298,0.216405,0.000107,1
6672,33.8029,37.5356,0.9006,1.1104,1.2708,0.0492,0.473814,0.473932,0.000119,1
6673,61.7328,84.0231,0.7347,1.3611,0.3299,0.0218,0.536474,0.544226,0.007752,0
6674,47.7999,61.4118,0.7784,1.2848,1.0588,0.0229,0.195131,0.196783,0.001653,0
6675,72.1665,50.7339,1.4225,0.7030,1.1367,0.0418,0.266520,0.281433,0.014914,0
6676,49.4754,45.7454,1.0815,0.9246,1.1968,0.0329,0.183619,0.183640,0.000021,1
6677,61.4435,69.4098,0.8852,1.1297,1.3002,0.0545,0.473569,0.473708,0.000138,1
6678,23.2209,26.9151,0.8627,1.1591,0.9497,0.0472,0.384834,0.384843,0.000009,1
6679,36.5954,28.3639,1.2902,0.7751,0.1209,0.0321,0.264920,0.546583,0.281662,0
6680,60.1764,57.9113,1.0391,0.9624,0.9276,0.0513,0.424081,0.424099,0.000018,1
6681,24.1035,26.6560,0.9042,1.1059,1.1273,0.0477,0.388105,0.388219,0.000114,1
6682,75.3197,64.4489,1.1687,0.8557,1.2655,0.0564,0.204347,0.205800,0.001453,0
6683,23.2575,17.8732,1.3013,0.7685,0.4991,0.0251,0.478282,0.478580,0.000298,0
6684,37.6391,28.2434,1.3327,0.7504,0.1783,0.0566,0.192579,0.515977,0.323397,0
6685,26.6195,22.5631,1.1798,0.8476,0.8684,0.0275,0.189039,0.190080,0.001040,0
6686,22.0875,19.8542,1.1125,0.8989,1.0343,0.0473,0.537878,0.537896,0.000018,1
6687,28.0313,39.1060,0.7168,1.3951,0.8941,0.0308,0.446823,0.446959,0.000136,0
6688,50.3946,49.5484,1.0171,0.9832,0.7242,0.0474,0.415645,0.415767,0.000122,1
6689,65.7613,68.2746,0.9632,1.0382,0.7003,0.0321,0.528527,0.528645,0.000118,1
6690,50.6784,69.2804,0.7315,1.3671,1.3155,0.0581,0.174244,0.176436,0.002193,0
6691,56.4464,78.6910,0.7173,1.3941,0.5752,0.0430,0.229409,0.321874,0.092465,0
6692,40.9314,37.2283,1.0995,0.9095,0.5578,0.0542,0.223501,0.223560,0.000060,1
6693,62.0789,61.3031,1.0127,0.9875,1.0896,0.0366,0.309966,0.309974,0.000008,1
6694,76.2627,100.6062,0.7580,1.3192,1.1136,0.0433,0.199147,0.244802,0.045655,0
6695,74.6550,80.9850,0.9218,1.0848,0.7167,0.0360,0.540100,0.540607,0.000507,1
6696,41.7463,56.7030,0.7362,1.3583,0.4075,0.0259,0.213161,0.290299,0.077138,0
6697,79.0735,94.7395,0.8346,1.1981,0.1698,0.0423,0.443735,0.471131,0.027397,0
6698,69.4693,50.2046,1.3837,0.7227,0.6882,0.0353,0.206887,0.292930,0.086044,0
6699,41.6584,40.7044,1.0234,0.9771,0.3113,0.0203,0.338568,0.338564,0.000004,1
6700,37.1337,46.9205,0.7914,1.2636,0.2625,0.0523,0.412008,0.413761,0.001754,0
6701,47.0235,40.8605,1.1508,0.8689,0.4950,0.0434,0.513073,0.513073,0.000000,0
6702,34.2460,45.0539,0.7601,1.3156,1.4542,0.0376,0.544201,0.544217,0.000016,0
6703,47.0858,41.7224,1.1286,0.8861,0.2555,0.0374,0.237112,0.238498,0.001386,1
6704,27.5753,30.2828,0.9106,1.0982,0.6474,0.0205,0.454855,0.454850,0.000006,1
6705,50.8377,43.6231,1.1654,0.8581,1.2376,0.0405,0.412557,0.412585,0.000028,0
6706,28.0166,30.4933,0.9188,1.0884,0.7663,0.0371,0.198524,0.198526,0.000001,1
6707,68.9438,79.1785,0.8707,1.1485,0.4279,0.0348,0.286344,0.288190,0.001845,1
6708,43.6506,46.9172,0.9304,1.0748,0.2892,0.0593,0.486741,0.486736,0.000005,1
6709,51.3010,65.4912,0.7833,1.2766,0.2008,0.0530,0.421847,0.429843,0.007997,0
6710,46.0274,56.1365,0.8199,1.2196,0.1813,0.0209,0.543506,0.543856,0.000350,0
6711,35.7091,31.6622,1.1278,0.8867,0.4774,0.0242,0.502416,0.502410,0.000005,1
6712,66.2777,81.1515,0.8167,1.2244,0.7234,0.0296,0.303935,0.305982,0.002047,0
6713,39.0893,28.7387,1.3602,0.7352,1.3132,0.0221,0.176954,0.203327,0.026373,0
6714,41.7371,52.1415,0.8005,1.2493,0.2914,0.0241,0.153674,0.300000,0.146326,0
6715,67.1291,81.8241,0.8204,1.2189,0.3406,0.0212,0.298112,0.307922,0.009810,0
6716,20.2326,20.4543,0.9892,1.0110,1.0784,0.0564,0.445895,0.446028,0.000133,1
6717,30.9464,34.5368,0.8960,1.1160,0.1732,0.0343,0.401814,0.401826,0.000012,1
6718,25.1619,33.3394,0.7547,1.3250,0.7228,0.0547,0.501610,0.501641,0.000031,0
6719,78.0975,106.2316,0.7352,1.3602,1.4081,0.0512,0.380415,0.394694,0.014279,0
6720,37.7709,52.5929,0.7182,1.3924,0.5867,0.0387,0.350262,0.353978,0.003715,0
6721,67.3782,73.4841,0.9169,1.0906,0.7162,0.0381,0.262345,0.262542,0.000198,1
6722,30.9903,40.4357,0.7664,1.3048,0.7941,0.0426,0.549170,0.549181,0.000011,0
6723,60.0079,66.8035,0.8983,1.1132,0.1563,0.0398,0.476841,0.476841,0.000000,1
6724,79.2254,109.8527,0.7212,1.3866,0.4633,0.0532,0.483860,0.529904,0.046044,0
6725,41.2336,47.7062,0.8643,1.1570,0.5675,0.0445,0.205837,0.205896,0.000060,1
6726,78.4051,66.7390,1.1748,0.8512,1.2263,0.0578,0.446127,0.446625,0.000498,0
6727,43.9271,52.4582,0.8374,1.1942,0.3659,0.0305,0.453317,0.453333,0.000015,0
6728,67.4990,77.7601,0.8680,1.1520,0.2966,0.0291,0.361847,0.363503,0.001656,1
6729,56.5819,74.5005,0.7595,1.3167,0.9543,0.0224,0.347894,0.348051,0.000156,0
6730,34.4456,27.5918,1.2484,0.8010,1.0000,0.0247,0.348163,0.348235,0.000072,0
6731,39.9994,35.6670,1.1215,0.8917,0.7441,0.0306,0.185878,0.186010,0.000133,1
6732,43.2826,36.4689,1.1868,0.8426,0.1947,0.0486,0.167689,0.305232,0.137544,0
6733,67.2152,58.1000,1.1569,0.8644,1.1435,0.0402,0.269486,0.269541,0.000055,0
6734,42.8083,36.1644,1.1837,0.8448,0.9526,0.0588,0.166846,0.174470,0.007624,0
6735,37.4065,48.8171,0.7663,1.3050,0.8701,0.0472,0.548853,0.548864,0.000012,0
6736,57.8967,54.7514,1.0574,0.9457,1.0322,0.0511,0.286442,0.286477,0.000034,1
6737,34.1929,34.5918,0.9885,1.0117,1.0745,0.0251,0.286845,0.286941,0.000096,1
6738,49.9423,39.9955,1.2487,0.8008,1.2097,0.0521,0.264322,0.265170,0.000848,0
6739,59.3268,62.8172,0.9444,1.0588,0.4819,0.0523,0.481822,0.481962,0.000141,1
6740,30.6168,32.5469,0.9407,1.0630,1.4394,0.0564,0.463730,0.463889,0.000159,1
6741,71.7765,65.7918,1.0910,0.9166,0.1553,0.0516,0.456272,0.456552,0.000281,1
6742,50.3360,61.3065,0.8211,1.2179,1.2436,0.0328,0.504796,0.504889,0.000093,0
6743,57.1917,65.2506,0.8765,1.1409,1.4247,0.0417,0.498143,0.498248,0.000105,1
6744,67.3855,50.1238,1.3444,0.7438,0.6792,0.0425,0.503111,0.503394,0.000282,0
6745,21.1243,24.1190,0.8758,1.1418,0.4915,0.0495,0.176820,0.176959,0.000139,1
6746,62.8462,49.7144,1.2641,0.7910,0.8543,0.0463,0.475791,0.475855,0.000063,0
6747,58.6877,50.4845,1.1625,0.8602,1.2770,0.0458,0.397249,0.397296,0.000047,0
6748,27.7346,20.2271,1.3712,0.7293,0.4549,0.0363,0.214125,0.319510,0.105385,0
6749,21.1719,19.2949,1.0973,0.9113,1.1160,0.0435,0.252994,0.253027,0.000034,1
6750,79.9689,81.9386,0.9760,1.0246,1.0650,0.0436,0.291227,0.291407,0.000179,1
6751,53.8133,46.9214,1.1469,0.8719,0.5767,0.0555,0.343463,0.343499,0.000037,1
6752,36.8572,44.8963,0.8209,1.2181,0.7919,0.0313,0.523754,0.523752,0.000002,0
6753,75.9972,82.8923,0.9168,1.0907,1.2893,0.0554,0.280155,0.280896,0.000741,1
6754,21.9025,20.3149,1.0781,0.9275,0.4263,0.0428,0.389253,0.389250,0.000003,1
6755,33.4220,28.9517,1.1544,0.8662,1.4623,0.0436,0.273600,0.273687,0.000087,0
6756,69.6561,77.4639,0.8992,1.1121,1.2386,0.0496,0.263456,0.263863,0.000408,1
6757,68.0941,92.5373,0.7359,1.3590,0.8375,0.0600,0.415084,0.422783,0.007700,0
6758,57.3144,73.0394,0.7847,1.2744,1.1245,0.0508,0.536804,0.536832,0.000028,0
6759,24.5924,21.3457,1.1521,0.8680,1.4503,0.0430,0.396113,0.396163,0.000050,0
6760,63.6555,73.3133,0.8683,1.1517,1.1293,0.0446,0.544739,0.544919,0.000180,1
6761,76.9420,107.4904,0.7158,1.3970,0.1990,0.0462,0.394172,0.556471,0.162298,0
6762,62.6154,76.2300,0.8214,1.2174,0.7846,0.0506,0.454050,0.454410,0.000361,0
6763,57.1972,42.5405,1.3445,0.7438,0.7674,0.0234,0.543994,0.544090,0.000096,0
6764,67.6656,60.9280,1.1106,0.9004,0.3520,0.0400,0.435226,0.435224,0.000002,1
6765,52.1909,45.0575,1.1583,0.8633,0.7457,0.0545,0.461850,0.461871,0.000020,0
6766,21.7212,25.7040,0.8451,1.1834,1.1650,0.0214,0.270548,0.270549,0.000001,0
6767,26.0720,32.9489,0.7913,1.2638,0.3548,0.0474,0.344183,0.345872,0.001689,0
6768,23.0561,20.4638,1.1267,0.8876,1.3674,0.0417,0.248343,0.248404,0.000061,1
6769,20.8954,20.4432,1.0221,0.9784,1.0510,0.0419,0.271537,0.271553,0.000016,1
6770,78.0828,88.9654,0.8777,1.1394,1.2353,0.0568,0.426193,0.427791,0.001599,1
6771,43.1562,56.7438,0.7605,1.3148,0.5650,0.0470,0.365937,0.366391,0.000454,0
6772,64.5344,81.8806,0.7882,1.2688,1.3197,0.0392,0.158460,0.162598,0.004138,0
6773,58.1347,63.3843,0.9172,1.0903,0.8699,0.0454,0.421871,0.421983,0.000112,1
6774,60.8887,70.8213,0.8598,1.1631,0.2321,0.0275,0.428976,0.429111,0.000135,1
6775,43.9326,40.0546,1.0968,0.9117,1.4687,0.0226,0.210390,0.210398,0.000008,1
6776,37.2655,48.9635,0.7611,1.3139,0.1856,0.0320,0.454501,0.473856,0.019354,0
6777,60.4035,44.9303,1.3444,0.7438,0.1023,0.0565,0.290532,0.584410,0.293879,0
6778,77.3687,85.1551,0.9086,1.1006,0.5866,0.0561,0.482456,0.483615,0.001159,1
6779,22.6148,24.9565,0.9062,1.1035,0.7915,0.0445,0.504283,0.504396,0.000113,1
6780,77.2662,68.0804,1.1349,0.8811,1.2038,0.0380,0.344269,0.344633,0.000364,1
6781,51.1618,67.7105,0.7556,1.3235,0.3078,0.0358,0.428256,0.432185,0.003930,0
6782,72.9649,98.2649,0.7425,1.3467,1.3172,0.0479,0.195131,0.218745,0.023614,0
6783,20.4065,26.9814,0.7563,1.3222,0.1981,0.0595,0.359882,0.413470,0.053588,0
6784,51.8870,61.6004,0.8423,1.1872,0.1287,0.0590,0.422152,0.424529,0.002377,0
6785,37.9009,37.6588,1.0064,0.9936,0.2390,0.0410,0.375410,0.375610,0.000200,1
6786,71.3627,59.3891,1.2016,0.8322,1.1804,0.0257,0.384443,0.384467,0.000024,0
6787,41.2189,56.4561,0.7301,1.3697,0.5435,0.0428,0.463938,0.464354,0.000416,0
6788,67.3159,76.2564,0.8828,1.1328,1.1532,0.0417,0.512413,0.512704,0.000291,1
6789,30.1151,24.3166,1.2385,0.8075,1.3655,0.0587,0.163929,0.180239,0.016311,0
6790,76.1675,95.3940,0.7985,1.2524,0.7757,0.0350,0.187672,0.255659,0.067987,0
6791,39.2230,34.9504,1.1222,0.8911,1.0102,0.0571,0.158020,0.159111,0.001091,1
6792,79.9194,95.3262,0.8384,1.1928,1.4430,0.0478,0.400972,0.404478,0.003506,0
6793,77.5298,77.9886,0.9941,1.0059,0.8533,0.0308,0.366657,0.366766,0.000109,1
6794,26.1397,26.6931,0.9793,1.0212,0.4963,0.0441,0.292595,0.292735,0.000140,1
6795,32.6200,23.8236,1.3692,0.7303,0.9488,0.0398,0.272721,0.282656,0.009935,0
6796,38.3422,50.9933,0.7519,1.3300,0.3275,0.0314,0.367841,0.378932,0.011091,0
6797,37.9998,44.8026,0.8482,1.1790,0.5720,0.0276,0.157031,0.160269,0.003238,0
6798,45.8864,58.9563,0.7783,1.2848,0.3197,0.0472,0.499889,0.500215,0.000326,0
6799,67.9989,75.8345,0.8967,1.1152,1.1422,0.0394,0.478294,0.478556,0.000262,1
6800,33.2316,24.6869,1.3461,0.7429,0.2889,0.0391,0.232864,0.346366,0.113502,0
6801,74.4188,60.4031,1.2320,0.8117,1.1961,0.0583,0.241348,0.243351,0.002003,0
6802,63.8148,75.3399,0.8470,1.1806,1.1333,0.0362,0.430319,0.430523,0.000205,0
6803,29.6445,31.6900,0.9355,1.0690,0.5119,0.0432,0.514171,0.514306,0.000135,1
6804,21.4283,27.9863,0.7657,1.3060,1.1967,0.0293,0.227273,0.227650,0.000377,0
6805,30.0235,38.5848,0.7781,1.2852,0.1697,0.0309,0.526183,0.530880,0.004697,0
6806,59.3030,69.5977,0.8521,1.1736,0.9863,0.0460,0.388801,0.388811,0.000010,1
6807,38.1884,37.9992,1.0050,0.9950,0.3843,0.0363,0.459983,0.460137,0.000155,1
6808,41.5558,33.7507,1.2313,0.8122,1.1270,0.0468,0.403523,0.403594,0.000070,0
6809,61.4893,58.8266,1.0453,0.9567,0.4046,0.0309,0.183436,0.183435,0.000001,1
6810,70.9049,53.6732,1.3210,0.7570,1.3646,0.0226,0.398030,0.398107,0.000077,0
6811,52.9710,49.3611,1.0731,0.9319,1.1363,0.0343,0.210317,0.210332,0.000015,1
6812,67.8249,66.2239,1.0242,0.9764,1.0149,0.0295,0.295793,0.295797,0.000004,1
6813,79.1485,94.1091,0.8410,1.1890,0.8784,0.0327,0.375727,0.380942,0.005215,0
6814,27.4874,26.1010,1.0531,0.9496,1.4800,0.0373,0.414205,0.414310,0.000106,1
6815,22.4866,29.7908,0.7548,1.3248,0.5392,0.0503,0.516100,0.516175,0.000075,0
6816,58.9679,53.7098,1.0979,0.9108,1.2799,0.0219,0.343988,0.343988,0.000000,1
6817,73.7523,70.1537,1.0513,0.9512,1.2039,0.0530,0.504088,0.504253,0.000165,1
6818,34.1856,47.0127,0.7272,1.3752,1.2683,0.0345,0.537194,0.537215,0.000020,0
6819,37.2967,34.0108,1.0966,0.9119,1.0195,0.0573,0.154578,0.154984,0.000407,1
6820,69.1726,71.2415,0.9710,1.0299,0.2701,0.0342,0.393318,0.393350,0.000033,1
6821,79.1266,107.8849,0.7334,1.3634,1.1357,0.0578,0.241177,0.276336,0.035159,0
6822,35.0151,33.5617,1.0433,0.9585,0.8912,0.0395,0.227749,0.227758,0.000009,1
6823,29.7653,40.7882,0.7298,1.3703,0.1549,0.0279,0.391121,0.489982,0.098861,0
6824,77.8668,108.6259,0.7168,1.3950,0.8690,0.0404,0.382246,0.411214,0.028968,0
6825,50.0980,65.4784,0.7651,1.3070,0.4852,0.0347,0.211928,0.247572,0.035644,0
6826,24.0577,26.9677,0.8921,1.1210,0.6330,0.0524,0.544385,0.544509,0.000125,1
6827,35.0151,25.2234,1.3882,0.7204,1.0247,0.0325,0.494481,0.494680,0.000199,0
6828,65.2522,82.1096,0.7947,1.2583,0.1077,0.0341,0.531262,0.573035,0.041774,0
6829,25.0649,31.8727,0.7864,1.2716,1.4117,0.0216,0.384455,0.384459,0.000004,0
6830,27.0717,24.6948,1.0963,0.9122,0.1890,0.0344,0.412020,0.412022,0.000002,1
6831,77.4786,95.6242,0.8102,1.2342,1.3335,0.0360,0.268839,0.275575,0.006736,0
6832,50.4642,66.3602,0.7605,1.3150,0.3264,0.0366,0.544787,0.545197,0.000410,0
6833,72.6041,55.3225,1.3124,0.7620,0.3576,0.0233,0.233486,0.316409,0.082923,0
6834,65.4024,75.9023,0.8617,1.1605,1.2377,0.0517,0.535412,0.535703,0.000291,1
6835,37.3809,46.5644,0.8028,1.2457,0.7264,0.0562,0.164527,0.168487,0.003961,0
6836,79.2090,57.2738,1.3830,0.7231,1.3304,0.0543,0.339032,0.341723,0.002691,0
6837,31.4591,26.2822,1.1970,0.8354,0.9987,0.0456,0.539196,0.539218,0.000022,0
6838,44.0699,34.2486,1.2868,0.7771,1.0893,0.0253,0.369514,0.369618,0.000105,0
6839,61.5992,49.8097,1.2367,0.8086,0.6150,0.0432,0.530212,0.530240,0.000028,0
6840,57.7740,52.0348,1.1103,0.9007,0.8814,0.0415,0.208083,0.208134,0.000052,1
6841,43.3229,55.9902,0.7738,1.2924,0.4755,0.0217,0.483372,0.483500,0.000128,0
6842,75.9331,68.2214,1.1130,0.8984,0.9079,0.0313,0.159302,0.160224,0.000922,1
6843,73.1883,80.5102,0.9091,1.1000,0.9322,0.0234,0.168995,0.170097,0.001102,1
6844,20.2857,23.5220,0.8624,1.1595,0.7718,0.0251,0.540661,0.540655,0.000006,1
6845,27.7419,35.8316,0.7742,1.2916,1.2765,0.0573,0.306047,0.306099,0.000052,0
6846,43.7495,30.6592,1.4270,0.7008,0.8973,0.0383,0.261795,0.290171,0.028375,0
6847,24.0321,22.0016,1.0923,0.9155,0.3358,0.0263,0.161023,0.161605,0.000582,1
6848,66.0836,65.0671,1.0156,0.9846,1.0220,0.0463,0.200282,0.200307,0.000025,1
6849,58.5797,76.8744,0.7620,1.3123,1.0412,0.0509,0.384614,0.384894,0.000279,0
6850,52.0682,66.2416,0.7860,1.2722,0.3461,0.0287,0.162415,0.298184,0.135769,0
6851,44.9342,42.8368,1.0490,0.9533,1.4782,0.0579,0.314776,0.314903,0.000127,1
6852,74.0690,75.4647,0.9815,1.0188,0.4465,0.0377,0.481260,0.481427,0.000167,1
6853,31.3346,38.6879,0.8099,1.2347,1.4516,0.0355,0.198085,0.198116,0.000031,0
6854,30.7907,42.3407,0.7272,1.3751,0.1260,0.0295,0.198537,0.050000,0.148537,0
6855,37.5439,38.8336,0.9668,1.0344,1.2621,0.0415,0.209914,0.210027,0.000113,1
6856,50.9494,38.8537,1.3113,0.7626,0.1322,0.0500,0.152698,0.549115,0.396418,0
6857,40.7758,35.0989,1.1617,0.8608,1.0818,0.0575,0.439084,0.439145,0.000062,0
6858,22.2834,17.4873,1.2743,0.7848,0.3364,0.0393,0.402486,0.405212,0.002726,0
6859,22.5031,21.4821,1.0475,0.9546,1.3004,0.0254,0.194105,0.194111,0.000006,1
6860,20.2051,23.1791,0.8717,1.1472,1.4731,0.0253,0.503697,0.503779,0.000082,1
6861,38.1884,43.8429,0.8710,1.1481,0.7726,0.0204,0.535986,0.535979,0.000007,1
6862,73.9299,98.9027,0.7475,1.3378,0.4889,0.0573,0.276554,0.299372,0.022818,0
6863,68.1765,89.8107,0.7591,1.3173,0.2988,0.0213,0.296025,0.348420,0.052395,0
6864,68.6782,61.2397,1.1215,0.8917,0.9033,0.0535,0.301360,0.301407,0.000047,1
6865,67.6785,86.3945,0.7834,1.2765,0.4021,0.0266,0.447665,0.454485,0.006820,0
6866,67.9733,73.0426,0.9306,1.0746,0.5261,0.0410,0.312651,0.312809,0.000158,1
6867,34.3303,35.7428,0.9605,1.0411,0.7809,0.0526,0.417489,0.417611,0.000122,1
6868,57.6531,63.5699,0.9069,1.1026,0.9746,0.0282,0.375068,0.375066,0.000002,1
6869,70.8371,72.4291,0.9780,1.0225,0.2195,0.0487,0.193422,0.193501,0.000080,1
6870,30.5545,30.8907,0.9891,1.0110,0.2680,0.0390,0.268863,0.269053,0.000189,1
6871,55.1720,65.7667,0.8389,1.1920,0.2730,0.0553,0.166858,0.201892,0.035033,0
6872,35.3063,25.6232,1.3779,0.7257,0.7206,0.0372,0.538610,0.538877,0.000267,0
6873,79.2199,60.1977,1.3160,0.7599,1.0116,0.0593,0.380634,0.382143,0.001509,0
6874,51.8027,52.9813,0.9778,1.0228,1.1804,0.0438,0.215603,0.215627,0.000025,1
6875,76.0723,101.5429,0.7492,1.3348,0.7688,0.0513,0.496422,0.510433,0.014012,0
6876,77.4035,62.6471,1.2355,0.8094,0.3518,0.0453,0.163330,0.238728,0.075398,0
6877,23.9369,20.6253,1.1606,0.8617,0.8694,0.0539,0.392390,0.392427,0.000037,0
6878,58.8324,51.6219,1.1397,0.8774,1.0571,0.0532,0.163807,0.165120,0.001314,1
6879,28.3938,24.1890,1.1738,0.8519,0.9922,0.0371,0.306120,0.306160,0.000040,0
6880,53.0937,47.1741,1.1255,0.8885,1.4254,0.0447,0.314605,0.314665,0.000061,1
6881,41.7957,51.0986,0.8179,1.2226,1.0267,0.0551,0.297978,0.298002,0.000024,0
6882,73.5801,80.8092,0.9105,1.0982,0.9131,0.0441,0.287590,0.288292,0.000702,1
6883,36.7803,45.0973,0.8156,1.2261,1.0763,0.0472,0.176246,0.176361,0.000115,0
6884,22.7229,28.3927,0.8003,1.2495,1.1330,0.0295,0.363837,0.363843,0.000006,0
6885,27.3226,34.8575,0.7838,1.2758,0.3352,0.0514,0.348419,0.351262,0.002843,0
6886,57.2961,45.4978,1.2593,0.7941,0.6789,0.0267,0.354035,0.354325,0.000291,0
6887,23.2575,17.0658,1.3628,0.7338,0.9786,0.0353,0.391499,0.392073,0.000574,0
6888,24.4972,33.9067,0.7225,1.3841,1.0513,0.0510,0.189003,0.198199,0.009196,0
6889,30.0638,36.8196,0.8165,1.2247,0.6485,0.0403,0.519689,0.519688,0.000001,0
6890,33.6052,38.3139,0.8771,1.1401,0.1921,0.0444,0.372443,0.372522,0.000079,1
6891,22.5782,30.3858,0.7431,1.3458,1.2500,0.0335,0.218960,0.219914,0.000954,0
6892,76.8889,107.0680,0.7181,1.3925,0.9979,0.0287,0.475864,0.494272,0.018408,0
6893,66.5450,90.6539,0.7341,1.3623,1.2815,0.0486,0.366034,0.370656,0.004622,0
6894,71.9797,82.2962,0.8746,1.1433,0.2790,0.0464,0.275626,0.280438,0.004811,1
6895,33.1346,35.8881,0.9233,1.0831,1.4771,0.0304,0.402510,0.402599,0.000089,1
6896,53.6668,45.3537,1.1833,0.8451,1.1366,0.0556,0.232412,0.232920,0.000508,0
6897,46.2343,41.5842,1.1118,0.8994,0.6148,0.0597,0.446078,0.446090,0.000012,1
6898,43.5334,59.9675,0.7260,1.3775,0.8200,0.0580,0.245730,0.250056,0.004325,0
6899,57.8307,41.8430,1.3821,0.7235,0.8166,0.0305,0.236038,0.268421,0.032383,0
6900,78.4161,91.0990,0.8608,1.1617,1.1770,0.0312,0.429232,0.431481,0.002249,1
6901,60.9235,53.2667,1.1437,0.8743,1.2136,0.0401,0.383930,0.383955,0.000025,1
6902,51.0007,47.0065,1.0850,0.9217,0.3932,0.0566,0.297124,0.297130,0.000007,1
6903,59.2938,53.7685,1.1028,0.9068,0.1393,0.0555,0.378254,0.378326,0.000072,1
6904,75.4204,84.3303,0.8943,1.1181,0.2102,0.0410,0.477989,0.481636,0.003647,1
6905,56.8694,77.6296,0.7326,1.3651,0.1276,0.0352,0.428085,0.534931,0.106846,0
6906,64.7395,70.3740,0.9199,1.0870,1.3892,0.0581,0.328753,0.328940,0.000187,1
6907,63.8057,66.0234,0.9664,1.0348,0.4045,0.0287,0.371198,0.371351,0.000153,1
6908,23.7922,31.8580,0.7468,1.3390,1.4259,0.0369,0.460813,0.460832,0.000020,0
6909,39.0912,42.0825,0.9289,1.0765,1.3432,0.0478,0.370368,0.370491,0.000123,1
6910,26.6964,31.1254,0.8577,1.1659,1.3909,0.0207,0.458615,0.458697,0.000082,1
6911,78.3062,95.0230,0.8241,1.2135,0.9817,0.0236,0.425289,0.430466,0.005177,0
6912,31.7283,34.4829,0.9201,1.0868,1.4539,0.0359,0.222964,0.223065,0.000101,1
6913,67.1859,48.6807,1.3801,0.7246,1.2552,0.0277,0.287614,0.290041,0.002427,0
6914,34.1618,40.5775,0.8419,1.1878,1.3127,0.0326,0.452634,0.452725,0.000092,0
6915,54.8625,62.2357,0.8815,1.1344,0.9395,0.0584,0.433248,0.433373,0.000125,1
6916,37.7270,41.7326,0.9040,1.1062,0.7741,0.0329,0.241165,0.241165,0.000000,1
6917,52.0444,41.0285,1.2685,0.7883,0.9273,0.0462,0.168458,0.197173,0.028716,0
6918,65.2120,72.8226,0.8955,1.1167,1.2924,0.0287,0.460752,0.460901,0.000149,1
6919,46.9778,62.9980,0.7457,1.3410,1.4197,0.0380,0.175404,0.177094,0.001690,0
6920,55.7103,40.8015,1.3654,0.7324,0.9388,0.0435,0.180311,0.250231,0.069920,0
6921,52.8428,71.4964,0.7391,1.3530,0.2098,0.0251,0.487828,0.504572,0.016744,0
6922,57.6843,56.1673,1.0270,0.9737,0.8294,0.0239,0.272355,0.272353,0.000002,1
6923,72.1134,56.1332,1.2847,0.7784,0.9160,0.0232,0.478928,0.478962,0.000034,0
6924,50.8634,47.0277,1.0816,0.9246,1.2499,0.0343,0.451010,0.451108,0.000098,1
6925,63.6830,58.2738,1.0928,0.9151,0.8838,0.0524,0.391487,0.391509,0.000022,1
6926,43.6177,48.8479,0.8929,1.1199,0.7628,0.0286,0.503880,0.503990,0.000109,1
6927,64.7743,62.9602,1.0288,0.9720,1.1758,0.0298,0.493468,0.493560,0.000093,1
6928,63.1025,46.1750,1.3666,0.7317,1.2373,0.0347,0.280216,0.283230,0.003014,0
6929,49.2465,57.6997,0.8535,1.1717,0.4999,0.0551,0.353424,0.353428,0.000004,1
6930,70.9708,62.6957,1.1320,0.8834,1.1846,0.0327,0.530859,0.530886,0.000027,1
6931,34.5940,32.2719,1.0720,0.9329,0.1433,0.0589,0.445676,0.445671,0.000004,1
6932,25.0264,23.8213,1.0506,0.9518,0.5790,0.0298,0.407869,0.407865,0.000004,1
6933,58.8635,80.4057,0.7321,1.3660,1.2810,0.0213,0.368195,0.368958,0.000763,0
6934,34.5225,36.7712,0.9388,1.0651,1.2792,0.0240,0.177039,0.177042,0.000002,1
6935,33.7242,28.2048,1.1957,0.8363,0.8637,0.0382,0.235171,0.235718,0.000547,0
6936,71.2510,77.8737,0.9150,1.0930,1.4095,0.0465,0.321636,0.321991,0.000355,1
6937,38.3404,42.5782,0.9005,1.1105,0.3573,0.0223,0.541052,0.541045,0.000007,1
6938,47.8439,38.6451,1.2380,0.8077,0.7856,0.0283,0.373066,0.373142,0.000076,0
6939,47.9482,65.7089,0.7297,1.3704,0.1663,0.0576,0.434433,0.300000,0.134432,0
6940,65.9609,85.4856,0.7716,1.2960,0.4588,0.0329,0.542566,0.546746,0.004180,0
6941,68.9438,59.3143,1.1623,0.8603,1.1026,0.0258,0.338141,0.338147,0.000007,0
6942,38.1774,51.9967,0.7342,1.3620,0.6740,0.0559,0.197084,0.226967,0.029883,0
6943,75.8690,53.2234,1.4255,0.7015,1.4462,0.0579,0.454953,0.455569,0.000616,0
6944,45.5989,42.3288,1.0773,0.9283,1.1654,0.0251,0.273905,0.273907,0.000002,1
6945,52.9069,40.0899,1.3197,0.7577,0.6400,0.0317,0.159485,0.268603,0.109118,0
6946,36.1376,33.7776,1.0699,0.9347,1.3320,0.0226,0.309990,0.309991,0.000001,1
6947,30.5802,35.2910,0.8665,1.1540,1.3620,0.0365,0.442514,0.442610,0.000096,1
6948,63.5493,83.0879,0.7648,1.3075,1.0082,0.0374,0.525829,0.527119,0.001290,0
6949,54.8314,55.9699,0.9797,1.0208,0.2872,0.0420,0.296965,0.297147,0.000182,1
6950,22.0856,18.8513,1.1716,0.8536,1.4529,0.0496,0.197670,0.198279,0.000609,0
6951,28.1558,26.7585,1.0522,0.9504,0.3695,0.0496,0.463694,0.463689,0.000004,1
6952,53.6650,41.0449,1.3075,0.7648,1.0008,0.0544,0.228298,0.241208,0.012910,0
6953,78.3648,85.9535,0.9117,1.0968,1.0087,0.0355,0.540075,0.540798,0.000722,1
6954,21.0566,19.6193,1.0733,0.9317,0.1211,0.0500,0.432772,0.432770,0.000003,1
6955,37.3461,48.8826,0.7640,1.3089,0.9101,0.0320,0.346356,0.346439,0.000083,0
6956,59.5648,42.1840,1.4120,0.7082,0.9909,0.0381,0.244839,0.271208,0.026369,0
6957,67.5283,50.9138,1.3263,0.7540,1.2438,0.0591,0.291740,0.294167,0.002427,0
6958,28.1173,21.5934,1.3021,0.7680,1.0876,0.0471,0.168421,0.201627,0.033206,0
6959,54.8827,40.9562,1.3400,0.7463,1.1713,0.0373,0.536584,0.536657,0.000073,0
6960,66.5304,72.6874,0.9153,1.0925,1.1100,0.0491,0.399556,0.399737,0.000181,1
6961,52.0609,53.6802,0.9698,1.0311,1.1801,0.0464,0.456931,0.457044,0.000114,1
6962,36.0332,34.8016,1.0354,0.9658,0.7288,0.0516,0.276688,0.276700,0.000012,1
6963,20.7123,26.5340,0.7806,1.2811,1.4398,0.0382,0.534375,0.534473,0.000098,0
6964,22.8932,26.5279,0.8630,1.1588,1.0156,0.0367,0.429830,0.429833,0.000002,1
6965,26.1727,31.9110,0.8202,1.2192,1.4407,0.0350,0.166248,0.166293,0.000045,0
6966,47.1114,33.2920,1.4151,0.7067,0.6841,0.0235,0.343866,0.353030,0.009164,0
6967,37.6025,44.5904,0.8433,1.1858,0.1646,0.0489,0.470945,0.471256,0.000312,0
6968,67.8176,91.5328,0.7409,1.3497,0.4717,0.0334,0.377473,0.399698,0.022225,0
6969,20.0696,19.9881,1.0041,0.9959,0.2534,0.0347,0.397359,0.397551,0.000192,1
6970,41.0907,43.5873,0.9427,1.0608,1.4644,0.0249,0.335345,0.335430,0.000085,1
6971,49.4314,53.5879,0.9224,1.0841,0.9502,0.0311,0.389753,0.389855,0.000101,1
6972,52.2752,65.9844,0.7922,1.2623,1.3092,0.0326,0.530541,0.530546,0.000004,0
6973,73.6058,79.8059,0.9223,1.0842,0.8713,0.0559,0.356354,0.356886,0.000532,1
6974,20.9851,28.7655,0.7295,1.3708,1.2256,0.0499,0.342608,0.342686,0.000077,0
6975,22.5636,18.9373,1.1915,0.8393,0.5964,0.0233,0.394050,0.394071,0.000021,0
6976,50.1895,37.4390,1.3406,0.7460,0.3113,0.0434,0.428463,0.440083,0.011620,0
6977,31.4939,33.3333,0.9448,1.0584,1.1134,0.0316,0.282047,0.282145,0.000098,1
6978,48.7008,43.4468,1.1209,0.8921,0.8017,0.0385,0.424618,0.424621,0.000004,1
6979,24.7133,18.1129,1.3644,0.7329,0.4067,0.0375,0.223269,0.319140,0.095871,0
6980,46.5328,51.4803,0.9039,1.1063,1.0671,0.0389,0.242923,0.242931,0.000008,1
6981,69.3905,67.1936,1.0327,0.9683,0.5935,0.0221,0.535217,0.535347,0.000130,1
6982,32.3545,23.4465,1.3799,0.7247,1.3902,0.0398,0.356330,0.356988,0.000658,0
6983,45.6117,53.7334,0.8489,1.1781,1.0809,0.0412,0.220888,0.220900,0.000011,0
6984,79.3170,73.2153,1.0833,0.9231,0.7373,0.0563,0.447104,0.447468,0.000364,1
6985,70.2567,84.6052,0.8304,1.2042,0.3071,0.0362,0.235513,0.291051,0.055538,0
6986,77.1416,55.5235,1.3894,0.7198,0.1841,0.0313,0.496751,0.563732,0.066980,0
6987,33.9036,39.5175,0.8579,1.1656,1.0124,0.0488,0.256095,0.256109,0.000015,1
6988,42.3066,39.8718,1.0611,0.9424,0.7763,0.0425,0.285588,0.285595,0.000007,1
6989,20.3772,19.8387,1.0271,0.9736,0.7443,0.0574,0.508702,0.508829,0.000127,1
6990,21.6279,23.7343,0.9112,1.0974,1.1442,0.0411,0.388899,0.389003,0.000104,1
6991,54.6281,48.6215,1.1235,0.8900,0.3085,0.0419,0.162012,0.171474,0.009461,1
6992,65.3694,88.4282,0.7392,1.3527,0.3530,0.0232,0.157703,0.300000,0.142297,0
6993,24.3965,24.7009,0.9877,1.0125,1.1969,0.0487,0.406294,0.406416,0.000121,1
6994,51.3614,69.7313,0.7366,1.3577,1.4053,0.0372,0.304448,0.304523,0.000074,0
6995,21.6462,22.7685,0.9507,1.0518,0.9533,0.0201,0.252628,0.252625,0.000002,1
6996,79.2987,79.5138,0.9973,1.0027,0.5156,0.0307,0.426461,0.426596,0.000135,1
6997,68.7515,75.8264,0.9067,1.1029,0.8302,0.0451,0.160620,0.161219,0.000599,1
6998,51.6324,68.2053,0.7570,1.3210,1.3099,0.0335,0.345355,0.345383,0.000028,0
6999,49.4388,38.6828,1.2781,0.7824,1.2294,0.0245,0.281339,0.281673,0.000334,0
7000,22.0069,16.9934,1.2950,0.7722,0.2435,0.0476,0.165894,0.326369,0.160475,0
7001,52.8739,43.2378,1.2229,0.8178,1.3869,0.0276,0.237332,0.237550,0.000218,0
7002,71.3334,77.1318,0.9248,1.0813,1.3643,0.0347,0.314922,0.315198,0.000276,1
7003,38.5620,53.6029,0.7194,1.3900,1.4206,0.0337,0.203261,0.205553,0.002292,0
7004,72.9905,76.9371,0.9487,1.0541,1.2294,0.0415,0.359235,0.359433,0.000198,1
7005,37.5640,40.0477,0.9380,1.0661,0.8917,0.0474,0.448154,0.448267,0.000113,1
7006,39.7046,47.9169,0.8286,1.2068,0.5085,0.0303,0.171058,0.179913,0.008855,0
7007,79.2474,84.9425,0.9330,1.0719,0.7117,0.0546,0.303996,0.304880,0.000883,1
7008,32.8544,38.0229,0.8641,1.1573,1.1370,0.0284,0.260160,0.260162,0.000002,1
7009,29.8550,25.6660,1.1632,0.8597,0.6262,0.0529,0.386274,0.386302,0.000028,0
7010,27.9177,38.3220,0.7285,1.3727,0.9965,0.0211,0.273930,0.275627,0.001697,0
7011,47.4117,51.7153,0.9168,1.0908,0.9056,0.0285,0.457273,0.457374,0.000101,1
7012,54.8936,59.8447,0.9173,1.0902,0.5765,0.0394,0.230044,0.230043,0.000001,1
7013,33.8011,29.5155,1.1452,0.8732,0.7430,0.0510,0.246963,0.247106,0.000143,1
7014,37.3150,32.0689,1.1636,0.8594,0.6783,0.0457,0.440719,0.440731,0.000011,0
7015,37.5457,32.3682,1.1600,0.8621,1.0756,0.0352,0.474070,0.474078,0.000008,0
7016,45.4872,42.4466,1.0716,0.9332,0.7420,0.0484,0.163379,0.163432,0.000052,1
7017,46.5218,56.7594,0.8196,1.2201,1.1858,0.0531,0.495750,0.495870,0.000120,0
7018,66.2227,79.6455,0.8315,1.2027,0.3789,0.0327,0.219863,0.234043,0.014180,0
7019,66.7812,70.0254,0.9537,1.0486,0.1718,0.0537,0.505541,0.505595,0.000054,1
7020,60.2753,63.9374,0.9427,1.0608,0.1552,0.0563,0.413973,0.413968,0.000005,1
7021,68.9108,56.1753,1.2267,0.8152,1.4872,0.0372,0.246731,0.247019,0.000288,0
7022,37.1722,41.9058,0.8870,1.1273,0.1675,0.0462,0.197414,0.207160,0.009747,1
7023,34.5518,41.7870,0.8269,1.2094,0.1015,0.0437,0.262455,0.380251,0.117796,0
7024,32.9185,40.2251,0.8184,1.2220,1.0586,0.0276,0.334466,0.334470,0.000004,0
7025,50.3562,57.7810,0.8715,1.1474,0.7107,0.0582,0.413729,0.413736,0.000007,1
7026,36.4544,31.0271,1.1749,0.8511,1.0104,0.0285,0.347821,0.347833,0.000012,0
7027,52.2404,67.9582,0.7687,1.3009,1.1002,0.0474,0.413436,0.413458,0.000022,0
7028,23.3894,24.2833,0.9632,1.0382,0.3018,0.0373,0.541614,0.541788,0.000174,1
7029,76.8615,63.9883,1.2012,0.8325,0.9061,0.0568,0.296330,0.297326,0.000996,0
7030,27.8280,27.6074,1.0080,0.9921,1.0022,0.0485,0.441757,0.441873,0.000116,1
7031,27.1139,34.5750,0.7842,1.2752,0.1140,0.0329,0.524694,0.545322,0.020628,0
7032,42.5867,56.5855,0.7526,1.3287,0.4655,0.0415,0.419832,0.420514,0.000681,0
7033,61.9452,78.6285,0.7878,1.2693,1.3479,0.0577,0.463828,0.464269,0.000442,0
7034,32.2941,40.8178,0.7912,1.2639,1.2676,0.0404,0.523608,0.523620,0.000012,0
7035,55.0237,59.1155,0.9308,1.0744,0.8110,0.0212,0.503600,0.503704,0.000104,1
7036,40.2264,45.1377,0.8912,1.1221,0.6653,0.0313,0.175611,0.175622,0.000011,1
7037,29.6829,40.6905,0.7295,1.3708,0.9247,0.0307,0.199159,0.214508,0.015348,0
7038,55.7964,55.4650,1.0060,0.9941,0.9293,0.0407,0.470823,0.470931,0.000108,1
7039,26.1434,22.6455,1.1545,0.8662,1.1404,0.0575,0.308721,0.308829,0.000109,0
7040,72.8330,70.2237,1.0372,0.9642,1.3815,0.0239,0.155042,0.155091,0.000049,1
7041,69.2788,68.7031,1.0084,0.9917,0.1482,0.0226,0.365595,0.365594,0.000001,1
7042,36.7345,38.5065,0.9540,1.0482,0.4347,0.0274,0.247891,0.247888,0.000003,1
7043,58.2006,59.3122,0.9813,1.0191,0.6592,0.0483,0.488755,0.488879,0.000123,1
7044,38.7249,41.8545,0.9252,1.0808,0.9561,0.0473,0.337310,0.337424,0.000114,1
7045,30.5197,25.1617,1.2129,0.8244,0.5515,0.0345,0.358502,0.358659,0.000157,0
7046,55.1518,43.9282,1.2555,0.7965,1.0347,0.0500,0.267325,0.268479,0.001153,0
7047,41.5302,39.9714,1.0390,0.9625,0.5438,0.0254,0.312774,0.312770,0.000004,1
7048,76.8853,61.9320,1.2414,0.8055,1.3024,0.0561,0.316314,0.317099,0.000786,0
7049,79.5386,70.4802,1.1285,0.8861,1.3439,0.0533,0.404842,0.405305,0.000464,1
7050,55.4631,50.1834,1.1052,0.9048,0.1097,0.0352,0.270194,0.273032,0.002838,1
7051,30.3421,40.3542,0.7519,1.3300,0.7062,0.0580,0.454538,0.454593,0.000054,0
7052,56.5288,63.9352,0.8842,1.1310,0.4706,0.0542,0.283219,0.283222,0.000002,1
7053,24.1731,18.5442,1.3035,0.7671,0.8929,0.0294,0.272770,0.275256,0.002486,0
7054,44.6449,61.8982,0.7213,1.3865,0.9359,0.0344,0.538647,0.538688,0.000041,0
7055,64.5747,53.7387,1.2016,0.8322,0.5326,0.0544,0.193068,0.208807,0.015739,0
7056,34.3504,47.8939,0.7172,1.3943,0.8126,0.0393,0.522118,0.522194,0.000076,0
7057,28.4048,27.3951,1.0369,0.9645,0.1005,0.0526,0.453940,0.453934,0.000006,1
7058,77.7020,61.9972,1.2533,0.7979,0.1846,0.0206,0.252982,0.491338,0.238356,0
7059,76.7022,103.9813,0.7377,1.3557,0.6653,0.0345,0.492271,0.512531,0.020260,0
7060,46.2050,48.7112,0.9486,1.0542,0.5905,0.0477,0.331622,0.331752,0.000130,1
7061,25.1473,19.3775,1.2978,0.7706,1.2434,0.0364,0.480894,0.480950,0.000056,0
7062,32.3160,23.0548,1.4017,0.7134,1.1504,0.0395,0.405831,0.406464,0.000633,0
7063,27.8939,23.2876,1.1978,0.8349,1.1433,0.0335,0.521776,0.521786,0.000010,0
7064,30.1938,32.3630,0.9330,1.0718,0.5720,0.0334,0.284684,0.284682,0.000002,1
7065,26.8447,30.6251,0.8766,1.1408,0.7452,0.0428,0.442172,0.442172,0.000000,1
7066,44.5753,47.3693,0.9410,1.0627,0.6004,0.0214,0.485716,0.485838,0.000122,1
7067,27.8738,38.8857,0.7168,1.3951,0.3234,0.0205,0.181837,0.300000,0.118163,0
7068,47.9830,55.2456,0.8685,1.1514,0.4568,0.0202,0.339142,0.339145,0.000004,1
7069,23.1971,23.4300,0.9901,1.0100,0.2503,0.0374,0.357550,0.357744,0.000194,1
7070,47.5948,45.9650,1.0355,0.9658,1.4383,0.0211,0.342767,0.342850,0.000083,1
7071,42.8614,47.6264,0.9000,1.1112,1.0993,0.0291,0.194655,0.194657,0.000002,1
7072,41.2262,55.7695,0.7392,1.3528,1.2775,0.0200,0.511657,0.511671,0.000014,0
7073,45.4176,49.1104,0.9248,1.0813,0.8679,0.0488,0.275980,0.275991,0.000010,1
7074,64.9739,74.7332,0.8694,1.1502,0.4782,0.0306,0.448935,0.449295,0.000360,1
7075,25.9822,28.0976,0.9247,1.0814,0.8367,0.0464,0.324444,0.324560,0.000116,1
7076,69.9985,58.4004,1.1986,0.8343,1.2189,0.0371,0.227297,0.227624,0.000327,0
7077,46.3808,35.1527,1.3194,0.7579,0.7535,0.0397,0.158570,0.249032,0.090463,0
7078,60.9143,53.8534,1.1311,0.8841,0.7205,0.0520,0.365180,0.365199,0.000019,1
7079,74.5158,79.0575,0.9426,1.0609,0.9449,0.0566,0.489061,0.489334,0.000273,1
7080,30.0803,25.1155,1.1977,0.8349,0.9996,0.0510,0.257559,0.257933,0.000374,0
7081,56.0601,47.1499,1.1890,0.8411,1.4996,0.0254,0.409371,0.409380,0.000009,0
7082,38.9026,35.3929,1.0992,0.9098,0.2245,0.0560,0.228286,0.228850,0.000564,1
7083,68.3395,92.5101,0.7387,1.3537,1.3019,0.0243,0.525439,0.529388,0.003949,0
7084,36.0076,41.6037,0.8655,1.1554,0.6591,0.0575,0.159033,0.159115,0.000082,1
7085,21.5931,25.1459,0.8587,1.1645,0.1005,0.0265,0.516185,0.516821,0.000635,1
7086,30.8200,34.2918,0.8988,1.1126,1.3716,0.0336,0.269657,0.269667,0.000010,1
7087,73.9848,74.5965,0.9918,1.0083,1.4533,0.0567,0.171546,0.171675,0.000129,1
7088,46.7067,34.9368,1.3369,0.7480,1.0947,0.0215,0.325433,0.326009,0.000576,0
7089,31.3932,27.9044,1.1250,0.8889,1.3642,0.0304,0.264127,0.264145,0.000018,1
7090,68.3541,62.1320,1.1001,0.9090,1.0115,0.0448,0.378632,0.378654,0.000022,1
7091,68.6233,62.8282,1.0922,0.9156,0.4022,0.0465,0.227126,0.227208,0.000082,1
7092,40.6439,31.4619,1.2918,0.7741,0.5918,0.0596,0.365351,0.367010,0.001659,0
7093,32.6310,36.7564,0.8878,1.1264,0.9361,0.0317,0.184303,0.184306,0.000003,1
7094,78.5864,69.7725,1.1263,0.8878,1.0877,0.0337,0.322820,0.323322,0.000502,1
7095,28.4121,32.7962,0.8663,1.1543,0.1106,0.0369,0.455893,0.456481,0.000588,1
7096,37.3443,42.5203,0.8783,1.1386,1.0912,0.0282,0.518358,0.518451,0.000092,1
7097,41.5174,34.0157,1.2205,0.8193,0.4061,0.0419,0.500182,0.500244,0.000063,0
7098,35.6505,38.8911,0.9167,1.0909,0.2326,0.0331,0.238064,0.238085,0.000020,1
7099,75.5467,89.2940,0.8460,1.1820,0.3288,0.0498,0.391621,0.399754,0.008133,0
7100,72.1372,54.9158,1.3136,0.7613,0.4374,0.0322,0.221804,0.301976,0.080172,0
7101,75.7244,71.3582,1.0612,0.9423,0.4670,0.0207,0.433969,0.434154,0.000185,1
7102,70.3098,53.7544,1.3080,0.7645,0.3297,0.0478,0.400288,0.408199,0.007911,0
7103,48.3804,63.7410,0.7590,1.3175,1.0742,0.0580,0.210720,0.211241,0.000522,0
7104,21.0236,20.8893,1.0064,0.9936,0.7515,0.0330,0.541015,0.541126,0.000111,1
7105,28.3096,26.9609,1.0500,0.9524,1.3922,0.0208,0.335894,0.335979,0.000084,1
7106,29.3222,37.2168,0.7879,1.2692,1.1330,0.0403,0.291997,0.292024,0.000027,0
7107,49.0341,39.8642,1.2300,0.8130,0.3762,0.0440,0.233584,0.256969,0.023385,0
7108,42.5520,31.5390,1.3492,0.7412,0.7720,0.0297,0.175098,0.256783,0.081684,0
7109,32.5852,37.6836,0.8647,1.1565,0.2024,0.0549,0.498485,0.498496,0.000012,1
7110,46.5310,40.9305,1.1368,0.8796,0.1409,0.0267,0.375764,0.376329,0.000565,1
7111,72.8220,55.4341,1.3137,0.7612,0.8066,0.0251,0.217458,0.235526,0.018068,0
7112,33.5319,30.1995,1.1103,0.9006,0.9087,0.0309,0.151257,0.151462,0.000205,1
7113,37.2124,45.4141,0.8194,1.2204,1.1898,0.0591,0.318438,0.318482,0.000044,0
7114,57.4535,78.1766,0.7349,1.3607,0.2151,0.0289,0.187220,0.300000,0.112780,0
7115,33.8890,28.3137,1.1969,0.8355,1.2143,0.0265,0.203114,0.203503,0.000388,0
7116,65.5232,70.1467,0.9341,1.0706,1.4512,0.0534,0.519665,0.519819,0.000154,1
7117,40.9699,32.3392,1.2669,0.7893,1.1681,0.0220,0.468870,0.468885,0.000015,0
7118,59.3451,62.5069,0.9494,1.0533,0.1405,0.0483,0.160132,0.160161,0.000029,1
7119,31.4481,28.5928,1.0999,0.9092,1.1836,0.0445,0.478062,0.478085,0.000024,1
7120,78.9105,98.3220,0.8026,1.2460,0.2782,0.0434,0.161707,0.271960,0.110253,0
7121,66.5432,56.0933,1.1863,0.8430,1.1183,0.0518,0.544006,0.544048,0.000042,0
7122,68.5446,92.8610,0.7381,1.3548,1.4190,0.0489,0.395967,0.400877,0.004910,0
7123,70.9671,53.3580,1.3300,0.7519,0.2335,0.0202,0.418502,0.443388,0.024886,0
7124,21.4905,26.9805,0.7965,1.2555,1.3095,0.0372,0.224148,0.224190,0.000042,0
7125,62.7033,78.7750,0.7960,1.2563,1.3967,0.0516,0.439120,0.439584,0.000463,0
7126,77.0043,102.2244,0.7533,1.3275,0.8909,0.0344,0.190492,0.317394,0.126902,0
7127,44.6815,51.2983,0.8710,1.1481,1.0783,0.0249,0.172840,0.172848,0.000008,1
7128,28.4286,24.1737,1.1760,0.8503,0.8448,0.0568,0.291264,0.291422,0.000158,0
7129,74.2796,66.0217,1.1251,0.8888,1.3770,0.0553,0.328179,0.328425,0.000245,1
7130,39.8730,40.7223,0.9791,1.0213,1.0779,0.0471,0.329974,0.330091,0.000117,1
7131,25.8467,26.7987,0.9645,1.0368,0.3666,0.0385,0.549060,0.549218,0.000157,1
7132,30.4337,27.5619,1.1042,0.9056,0.8345,0.0580,0.208071,0.208182,0.000112,1
7133,29.2434,37.2318,0.7854,1.2732,1.2922,0.0548,0.301518,0.301564,0.000046,0
7134,76.0247,64.0485,1.1870,0.8425,0.8412,0.0532,0.369245,0.369711,0.000466,0
7135,61.0535,62.1347,0.9826,1.0177,1.4195,0.0436,0.268339,0.268461,0.000123,1
7136,67.0833,63.1753,1.0619,0.9417,0.8238,0.0254,0.266654,0.266655,0.000001,1
7137,22.3621,29.6416,0.7544,1.3255,0.5473,0.0494,0.526293,0.526358,0.000065,0
7138,73.3586,55.4162,1.3238,0.7554,1.0486,0.0221,0.504527,0.504570,0.000043,0
7139,55.0053,45.1641,1.2179,0.8211,0.1845,0.0534,0.347931,0.364556,0.016625,0
7140,32.1036,36.1589,0.8878,1.1263,0.8161,0.0522,0.268339,0.268348,0.000010,1
7141,24.7169,23.4734,1.0530,0.9497,1.4702,0.0295,0.191957,0.191973,0.000016,1
7142,20.8075,28.0917,0.7407,1.3501,0.4447,0.0459,0.253092,0.287346,0.034254,0
7143,72.1482,78.5615,0.9184,1.0889,1.3255,0.0382,0.375043,0.375370,0.000326,1
7144,67.5649,78.7873,0.8576,1.1661,0.3982,0.0200,0.174097,0.188379,0.014282,1
7145,78.5022,75.0877,1.0455,0.9565,0.1701,0.0252,0.503612,0.504061,0.000449,1
7146,78.9050,59.9567,1.3160,0.7599,1.0170,0.0436,0.352557,0.354060,0.001503,0
7147,29.4852,37.2416,0.7917,1.2631,0.2672,0.0495,0.434945,0.436019,0.001074,0
7148,33.7590,25.2316,1.3380,0.7474,1.1710,0.0358,0.455808,0.455927,0.000119,0
7149,26.4748,28.3412,0.9341,1.0705,1.4724,0.0509,0.385224,0.385366,0.000142,1
7150,30.7413,41.9647,0.7326,1.3651,0.8525,0.0590,0.492186,0.492233,0.000047,0
7151,65.0124,73.3719,0.8861,1.1286,0.7122,0.0231,0.255264,0.255514,0.000250,1
7152,51.7551,48.4072,1.0692,0.9353,0.6303,0.0410,0.460752,0.460750,0.000001,1
7153,75.4479,71.3620,1.0573,0.9458,0.3980,0.0380,0.155762,0.156358,0.000597,1
7154,65.2815,89.1070,0.7326,1.3650,0.7785,0.0565,0.488682,0.493455,0.004773,0
7155,76.0741,99.4863,0.7647,1.3078,0.6502,0.0436,0.529369,0.541910,0.012541,0
7156,65.4006,90.9349,0.7192,1.3904,1.3412,0.0305,0.501854,0.505330,0.003476,0
7157,43.1343,45.8646,0.9405,1.0633,0.7567,0.0262,0.240335,0.240333,0.000002,1
7158,74.8106,93.8114,0.7975,1.2540,1.3808,0.0214,0.319109,0.324325,0.005216,0
7159,72.0841,83.0931,0.8675,1.1527,0.9773,0.0304,0.380952,0.382128,0.001176,1
7160,59.7095,72.4154,0.8245,1.2128,1.1484,0.0565,0.386311,0.386379,0.000068,0
7161,27.8133,20.3077,1.3696,0.7301,0.7228,0.0247,0.179029,0.276897,0.097868,0
7162,78.4692,77.3695,1.0142,0.9860,1.2936,0.0314,0.223244,0.223272,0.000027,1
7163,75.9606,93.6793,0.8109,1.2333,0.5453,0.0275,0.332745,0.344233,0.011488,0
7164,22.4995,24.1332,0.9323,1.0726,0.8690,0.0544,0.494920,0.495040,0.000120,1
7165,50.1218,62.8947,0.7969,1.2548,0.5619,0.0550,0.195888,0.202589,0.006702,0
7166,33.7022,35.7556,0.9426,1.0609,1.3544,0.0260,0.288029,0.288117,0.000088,1
7167,78.6102,91.6856,0.8574,1.1663,0.9585,0.0568,0.341449,0.345179,0.003730,1
7168,26.1324,29.6980,0.8799,1.1364,0.8084,0.0261,0.524645,0.524751,0.000105,1
7169,26.3631,26.8469,0.9820,1.0184,0.1777,0.0263,0.190602,0.190599,0.000002,1
7170,27.5185,22.5157,1.2222,0.8182,0.3182,0.0582,0.326458,0.330970,0.004512,0
7171,40.9241,56.6695,0.7222,1.3847,0.3371,0.0379,0.261698,0.380096,0.118398,0
7172,56.2505,47.7546,1.1779,0.8490,0.1458,0.0579,0.407100,0.409968,0.002868,0
7173,22.7320,23.0545,0.9860,1.0142,1.0475,0.0344,0.415304,0.415404,0.000100,1
7174,69.4253,60.5073,1.1474,0.8715,0.7243,0.0372,0.263663,0.263735,0.000071,1
7175,27.5661,27.3276,1.0087,0.9913,0.7671,0.0547,0.301360,0.301375,0.000015,1
7176,24.3764,33.6228,0.7250,1.3793,1.3307,0.0287,0.515221,0.515242,0.000021,0
7177,49.8013,63.6821,0.7820,1.2787,1.2149,0.0560,0.298967,0.299010,0.000043,0
7178,57.9186,50.3413,1.1505,0.8692,0.8093,0.0261,0.242361,0.242413,0.000052,0
7179,47.0016,46.8118,1.0041,0.9960,0.2535,0.0299,0.430782,0.430975,0.000192,1
7180,71.2803,99.1772,0.7187,1.3914,1.3364,0.0444,0.470713,0.478975,0.008262,0
7181,66.6622,78.9109,0.8448,1.1837,0.7088,0.0292,0.482151,0.482892,0.000741,0
7182,42.4091,38.7671,1.0939,0.9141,0.8609,0.0226,0.260416,0.260415,0.000001,1
7183,42.0887,37.1138,1.1340,0.8818,0.8969,0.0490,0.308367,0.308402,0.000035,1
7184,37.9138,35.9253,1.0553,0.9476,1.3119,0.0560,0.464805,0.464960,0.000155,1
7185,54.0825,43.9950,1.2293,0.8135,0.4574,0.0515,0.524145,0.524199,0.000054,0
7186,32.4461,43.1135,0.7526,1.3288,1.3051,0.0480,0.152942,0.156394,0.003452,0
7187,25.6526,33.3018,0.7703,1.2982,1.3123,0.0356,0.285221,0.285260,0.000038,0
7188,70.8994,50.0113,1.4177,0.7054,1.0783,0.0559,0.404805,0.406236,0.001431,0
7189,46.0659,45.9458,1.0026,0.9974,0.8662,0.0469,0.545495,0.545608,0.000113,1
7190,76.1235,106.4347,0.7152,1.3982,1.3217,0.0305,0.531408,0.543909,0.012501,0
7191,25.3835,20.9814,1.2098,0.8266,0.8075,0.0579,0.250992,0.252237,0.001245,0
7192,39.3255,28.1588,1.3966,0.7160,0.2113,0.0307,0.398921,0.510262,0.111341,0
7193,39.1937,51.7749,0.7570,1.3210,1.3273,0.0328,0.468052,0.468064,0.000012,0
7194,39.5343,34.6501,1.1410,0.8765,0.4808,0.0302,0.292216,0.292263,0.000047,1
7195,72.4412,73.6529,0.9835,1.0167,0.1420,0.0486,0.483811,0.484110,0.000298,1
7196,29.8331,41.3100,0.7222,1.3847,0.1557,0.0243,0.291801,0.050113,0.241689,0
7197,29.0970,40.3441,0.7212,1.3865,1.2310,0.0582,0.315215,0.315343,0.000128,0
7198,49.1751,68.3871,0.7191,1.3907,0.9948,0.0512,0.507518,0.507564,0.000046,0
7199,78.1561,104.7068,0.7464,1.3397,1.1830,0.0598,0.466465,0.478796,0.012332,0
7200,76.7882,84.5770,0.9079,1.1014,1.1131,0.0500,0.163465,0.165160,0.001695,1
7201,33.4678,38.3296,0.8732,1.1453,0.9470,0.0248,0.434835,0.434832,0.000004,1
7202,69.1269,70.9521,0.9743,1.0264,0.4790,0.0267,0.310247,0.310407,0.000160,1
7203,73.1919,77.2119,0.9479,1.0549,1.4783,0.0326,0.231631,0.231853,0.000223,1
7204,74.4572,59.7694,1.2457,0.8027,0.7491,0.0464,0.303972,0.305216,0.001244,0
7205,50.9604,69.9870,0.7281,1.3734,0.5440,0.0217,0.307256,0.318993,0.011738,0
7206,54.9321,51.0736,1.0755,0.9298,0.8160,0.0246,0.186488,0.186491,0.000003,1
7207,53.5295,44.8534,1.1934,0.8379,1.4655,0.0446,0.198463,0.199242,0.000778,0
7208,68.0520,59.3772,1.1461,0.8725,1.0624,0.0534,0.176283,0.177270,0.000987,1
7209,55.3697,45.0221,1.2298,0.8131,0.3172,0.0250,0.401106,0.401872,0.000766,0
7210,56.0326,62.1841,0.9011,1.1098,0.6151,0.0587,0.287199,0.287205,0.000006,1
7211,27.6815,23.9613,1.1553,0.8656,0.7345,0.0551,0.462986,0.463005,0.000020,0
7212,70.5203,94.6443,0.7451,1.3421,1.0591,0.0454,0.480076,0.486420,0.006344,0
7213,34.4548,29.3443,1.1742,0.8517,0.8915,0.0343,0.539026,0.539028,0.000002,0
7214,28.6172,22.2029,1.2889,0.7759,1.0630,0.0322,0.371992,0.372135,0.000144,0
7215,49.4736,39.8811,1.2405,0.8061,1.0639,0.0299,0.305022,0.305164,0.000142,0
7216,21.9337,28.4824,0.7701,1.2986,1.1776,0.0366,0.228665,0.228895,0.000230,0
7217,52.7915,50.6149,1.0430,0.9588,1.3695,0.0561,0.436325,0.436488,0.000163,1
7218,50.7956,70.8437,0.7170,1.3947,1.0578,0.0396,0.197475,0.209084,0.011609,0
7219,50.7993,61.4714,0.8264,1.2101,1.0483,0.0268,0.474058,0.474056,0.000002,0
7220,58.3966,44.4517,1.3137,0.7612,1.3059,0.0563,0.151868,0.193521,0.041653,0
7221,48.0178,65.0851,0.7378,1.3554,0.2942,0.0465,0.274589,0.369647,0.095058,0
7222,41.9330,50.3367,0.8331,1.2004,0.2218,0.0339,0.162635,0.281197,0.118563,0
7223,38.7140,48.3904,0.8000,1.2499,1.4373,0.0428,0.216274,0.216309,0.000035,0
7224,27.2951,25.5114,1.0699,0.9347,0.1367,0.0492,0.336993,0.336998,0.000005,1
7225,59.8560,62.0080,0.9653,1.0360,0.6930,0.0238,0.173072,0.173071,0.000001,1
7226,38.0493,39.7066,0.9583,1.0436,1.0845,0.0439,0.223696,0.223809,0.000113,1
7227,51.2223,36.0909,1.4193,0.7046,0.4025,0.0451,0.405855,0.430627,0.024772,0
7228,35.8080,42.9275,0.8342,1.1988,0.1033,0.0570,0.220705,0.300000,0.079295,0
7229,61.2824,80.5469,0.7608,1.3144,0.1730,0.0223,0.420125,0.457505,0.037379,0
7230,65.1570,78.9623,0.8252,1.2119,1.0313,0.0300,0.491087,0.491626,0.000539,0
7231,76.1693,86.5297,0.8803,1.1360,0.6537,0.0259,0.342303,0.344825,0.002522,1
7232,69.5279,93.5010,0.7436,1.3448,0.4394,0.0584,0.444211,0.461265,0.017055,0
7233,31.2119,28.6395,1.0898,0.9176,0.9371,0.0592,0.527404,0.527436,0.000032,1
7234,62.3756,44.1759,1.4120,0.7082,0.3118,0.0421,0.320818,0.420889,0.100071,0
7235,47.5820,40.6567,1.1703,0.8545,0.6211,0.0232,0.376984,0.376993,0.000009,0
7236,48.0654,53.6246,0.8963,1.1157,0.8082,0.0234,0.284062,0.284059,0.000003,1
7237,38.1097,45.6347,0.8351,1.1975,1.0879,0.0245,0.169117,0.169254,0.000137,0
7238,36.7602,37.4834,0.9807,1.0197,1.3000,0.0485,0.513073,0.513194,0.000121,1
7239,63.8569,65.1215,0.9806,1.0198,1.4235,0.0288,0.330889,0.330979,0.000090,1
7240,34.5372,47.0550,0.7340,1.3624,0.8432,0.0372,0.171461,0.202420,0.030959,0
7241,73.8310,87.3243,0.8455,1.1828,0.6890,0.0268,0.469089,0.471844,0.002754,0
7242,61.6614,83.9944,0.7341,1.3622,0.1012,0.0202,0.230142,0.050000,0.180141,0
7243,42.1436,57.9594,0.7271,1.3753,0.4406,0.0440,0.266410,0.307352,0.040942,0
7244,45.7912,44.5860,1.0270,0.9737,1.2446,0.0512,0.212136,0.212196,0.000061,1
7245,67.1511,70.0962,0.9580,1.0439,0.7534,0.0247,0.297746,0.297880,0.000133,1
7246,60.5170,44.4899,1.3602,0.7352,0.2997,0.0371,0.446530,0.460006,0.013476,0
7247,33.3287,28.6864,1.1618,0.8607,0.4082,0.0449,0.375422,0.375473,0.000052,0
7248,20.2326,17.9789,1.1253,0.8886,0.1758,0.0373,0.219643,0.227953,0.008309,1
7249,56.2981,78.3351,0.7187,1.3914,0.6256,0.0367,0.442013,0.443142,0.001128,0
7250,67.9623,52.3677,1.2978,0.7705,0.9393,0.0440,0.343451,0.344003,0.000553,0
7251,51.9749,62.4831,0.8318,1.2022,0.6558,0.0388,0.546350,0.546347,0.000003,0
7252,50.1712,47.8165,1.0492,0.9531,0.4028,0.0206,0.174378,0.174378,0.000001,1
7253,49.8837,43.9544,1.1349,0.8811,1.3283,0.0388,0.310161,0.310195,0.000034,1
7254,70.1065,63.8207,1.0985,0.9103,1.1330,0.0599,0.460569,0.460650,0.000082,1
7255,45.5879,33.0452,1.3796,0.7249,0.8040,0.0520,0.372614,0.375383,0.002769,0
7256,55.5052,51.4760,1.0783,0.9274,1.3214,0.0480,0.220925,0.220996,0.000071,1
7257,35.6175,44.3975,0.8022,1.2465,0.7411,0.0429,0.434433,0.434440,0.000007,0
7258,55.8641,50.1381,1.1142,0.8975,1.3931,0.0292,0.216994,0.217016,0.000022,1
7259,57.6147,56.8159,1.0141,0.9861,0.3414,0.0314,0.165003,0.165002,0.000001,1
7260,25.6728,30.9691,0.8290,1.2063,1.1140,0.0480,0.316106,0.316124,0.000018,0
7261,26.1599,32.2089,0.8122,1.2312,0.7803,0.0266,0.233767,0.234050,0.000283,0
7262,41.2281,29.4392,1.4004,0.7141,0.6768,0.0399,0.414608,0.417170,0.002562,0
7263,68.5043,59.9680,1.1423,0.8754,0.6001,0.0597,0.530407,0.530417,0.000010,1
7264,66.7116,83.9874,0.7943,1.2590,1.3825,0.0390,0.240359,0.242629,0.002269,0
7265,61.5058,70.3316,0.8745,1.1435,1.2492,0.0451,0.299272,0.299313,0.000041,1
7266,38.3349,40.2996,0.9512,1.0512,1.4411,0.0552,0.335614,0.335776,0.000163,1
7267,49.2502,38.3185,1.2853,0.7780,0.9473,0.0272,0.279472,0.280512,0.001041,0
7268,60.2936,69.3434,0.8695,1.1501,0.2987,0.0412,0.484971,0.484977,0.000006,1
7269,57.2594,51.7439,1.1066,0.9037,0.5262,0.0375,0.264640,0.264653,0.000013,1
7270,31.2119,23.2739,1.3411,0.7457,0.6999,0.0454,0.447409,0.447938,0.000529,0
7271,71.7490,89.6916,0.8000,1.2501,1.3129,0.0400,0.225698,0.230764,0.005066,0
7272,31.6623,42.7479,0.7407,1.3501,0.2168,0.0290,0.327398,0.403731,0.076333,0
7273,78.1909,55.3216,1.4134,0.7075,0.1609,0.0573,0.324517,0.533792,0.209275,0
7274,50.0906,63.4314,0.7897,1.2663,0.3781,0.0251,0.326763,0.329562,0.002799,0
7275,50.3854,65.5097,0.7691,1.3002,1.4706,0.0267,0.238430,0.238518,0.000088,0
7276,73.2817,94.8748,0.7724,1.2947,0.3919,0.0404,0.407613,0.429021,0.021408,0
7277,26.4272,31.0950,0.8499,1.1766,1.3464,0.0404,0.262723,0.262741,0.000018,0
7278,46.1263,63.9422,0.7214,1.3862,0.9557,0.0429,0.416146,0.416249,0.000103,0
7279,39.2010,40.2437,0.9741,1.0266,0.7938,0.0241,0.312212,0.312321,0.000109,1
7280,21.1097,21.1597,0.9976,1.0024,0.7486,0.0587,0.517504,0.517631,0.000127,1
7281,43.6982,40.1182,1.0892,0.9181,0.1361,0.0397,0.453439,0.453440,0.000000,1
7282,78.4509,95.9980,0.8172,1.2237,0.4959,0.0301,0.424569,0.435835,0.011266,0
7283,59.0155,65.2196,0.9049,1.1051,0.1009,0.0444,0.215078,0.225945,0.010867,1
7284,70.3793,92.2329,0.7631,1.3105,1.3418,0.0239,0.316204,0.321789,0.005585,0
7285,76.9329,74.2507,1.0361,0.9651,0.1748,0.0389,0.297209,0.297601,0.000391,1
7286,35.3813,31.3859,1.1273,0.8871,0.8510,0.0334,0.185438,0.185591,0.000153,1
7287,78.8903,84.8396,0.9299,1.0754,0.9135,0.0436,0.478294,0.478868,0.000574,1
7288,67.7224,49.9505,1.3558,0.7376,1.0558,0.0293,0.483665,0.483779,0.000114,0
7289,26.6671,19.2252,1.3871,0.7209,0.8115,0.0367,0.154932,0.285797,0.130865,0
7290,61.7017,62.1907,0.9921,1.0079,1.1392,0.0591,0.183937,0.184009,0.000072,1
7291,26.2972,21.6265,1.2160,0.8224,0.9420,0.0533,0.489879,0.489923,0.000045,0
7292,46.5548,62.0448,0.7503,1.3327,1.1838,0.0591,0.424972,0.425020,0.000048,0
7293,67.5979,79.5607,0.8496,1.1770,0.3640,0.0315,0.241800,0.247513,0.005714,0
7294,73.8511,66.1805,1.1159,0.8961,1.2881,0.0546,0.366474,0.366664,0.000190,1
7295,30.3916,27.3453,1.1114,0.8998,0.7204,0.0372,0.454697,0.454696,0.000000,1
7296,42.5721,51.9723,0.8191,1.2208,0.6315,0.0455,0.437997,0.438001,0.000004,0
7297,40.6311,29.5797,1.3736,0.7280,0.4029,0.0395,0.543921,0.545355,0.001434,0
7298,74.9498,67.6341,1.1082,0.9024,1.3352,0.0530,0.444601,0.444782,0.000181,1
7299,52.7183,62.8542,0.8387,1.1923,0.6075,0.0531,0.183338,0.183864,0.000526,0
7300,76.2371,68.8251,1.1077,0.9028,0.9902,0.0380,0.456784,0.456991,0.000207,1
7301,25.8650,19.5549,1.3227,0.7560,0.4247,0.0564,0.420113,0.423431,0.003318,0
7302,71.4689,87.3001,0.8187,1.2215,1.0833,0.0481,0.306011,0.309206,0.003196,0
7303,69.7751,88.1691,0.7914,1.2636,0.2738,0.0418,0.272440,0.300503,0.028063,0
7304,79.1302,80.7869,0.9795,1.0209,1.2207,0.0243,0.483274,0.483385,0.000110,1
7305,35.8226,25.2258,1.4201,0.7042,0.9822,0.0539,0.351459,0.356040,0.004581,0
7306,43.4840,40.0701,1.0852,0.9215,1.1999,0.0247,0.545117,0.545205,0.000088,1
7307,21.7743,25.8529,0.8422,1.1873,0.8924,0.0244,0.238919,0.238937,0.000019,0
7308,51.0520,58.5991,0.8712,1.1478,0.1941,0.0379,0.419735,0.419785,0.000050,1
7309,38.3349,46.5105,0.8242,1.2133,0.4407,0.0425,0.500853,0.500857,0.000004,0
7310,30.3458,40.4401,0.7504,1.3326,0.5596,0.0315,0.525488,0.525580,0.000092,0
7311,32.0066,41.8233,0.7653,1.3067,1.1531,0.0291,0.370600,0.370623,0.000023,0
7312,44.7328,49.6017,0.9018,1.1088,0.8320,0.0478,0.414534,0.414649,0.000115,1
7313,48.4646,65.0498,0.7450,1.3422,0.6300,0.0525,0.545288,0.545334,0.000046,0
7314,63.6445,49.6851,1.2810,0.7807,0.7180,0.0430,0.387019,0.387362,0.000343,0
7315,51.1380,57.3498,0.8917,1.1215,1.3186,0.0479,0.255765,0.255799,0.000034,1
7316,25.0484,27.4906,0.9112,1.0975,0.4891,0.0278,0.233670,0.233668,0.000002,1
7317,58.8049,43.8015,1.3425,0.7449,0.9590,0.0234,0.243265,0.252073,0.008808,0
7318,69.3796,62.3734,1.1123,0.8990,1.1151,0.0551,0.410018,0.410080,0.000063,1
7319,30.8786,41.6073,0.7421,1.3474,0.8407,0.0268,0.354108,0.354406,0.000298,0
7320,39.5819,55.1297,0.7180,1.3928,0.5244,0.0215,0.370588,0.375944,0.005356,0
7321,27.5716,33.7622,0.8166,1.2245,0.4631,0.0531,0.399959,0.399993,0.000034,0
7322,71.1631,71.4306,0.9963,1.0038,1.4988,0.0427,0.548853,0.548965,0.000113,1
7323,21.3294,20.1861,1.0566,0.9464,0.9565,0.0277,0.371577,0.371576,0.000001,1
7324,27.4471,20.2608,1.3547,0.7382,0.1025,0.0384,0.206764,0.643974,0.437209,0
7325,53.8298,55.8905,0.9631,1.0383,1.3539,0.0387,0.492369,0.492470,0.000101,1
7326,36.3591,27.8639,1.3049,0.7664,0.7652,0.0241,0.347565,0.348214,0.000649,0
7327,36.4360,31.8093,1.1455,0.8730,0.5815,0.0454,0.401595,0.401604,0.000010,1
7328,63.2197,75.3261,0.8393,1.1915,0.1691,0.0380,0.335614,0.347081,0.011467,0
7329,59.2499,51.7313,1.1453,0.8731,1.3366,0.0405,0.217263,0.217373,0.000110,1
7330,57.0360,55.2108,1.0331,0.9680,0.3062,0.0588,0.450180,0.450176,0.000004,1
7331,41.8928,30.8141,1.3595,0.7355,1.1210,0.0206,0.195326,0.218033,0.022706,0
7332,62.8626,63.1688,0.9952,1.0049,0.8458,0.0383,0.362104,0.362215,0.000111,1
7333,65.7613,56.9149,1.1554,0.8655,0.4680,0.0384,0.424276,0.424284,0.000008,0
7334,27.5790,24.0009,1.1491,0.8703,1.0614,0.0257,0.317876,0.317882,0.000006,1
7335,29.8862,24.4248,1.2236,0.8173,0.1156,0.0491,0.523168,0.528996,0.005828,0
7336,48.5141,40.9815,1.1838,0.8447,1.3860,0.0447,0.490733,0.490780,0.000047,0
7337,28.4817,36.6405,0.7773,1.2865,1.4210,0.0548,0.296501,0.296559,0.000058,0
7338,50.8835,45.1016,1.1282,0.8864,0.9648,0.0462,0.165748,0.166333,0.000585,1
7339,55.0603,69.1353,0.7964,1.2556,0.5423,0.0499,0.390229,0.390288,0.000058,0
7340,59.0374,41.9417,1.4076,0.7104,1.3379,0.0350,0.214211,0.237915,0.023704,0
7341,73.2963,70.6501,1.0375,0.9639,0.9258,0.0332,0.241507,0.241558,0.000051,1
7342,74.9480,103.9793,0.7208,1.3874,0.1835,0.0410,0.531664,0.843800,0.312136,0
7343,76.0356,77.9962,0.9749,1.0258,0.2874,0.0526,0.468259,0.468539,0.000280,1
7344,23.1495,22.2564,1.0401,0.9614,0.8555,0.0577,0.415523,0.415547,0.000023,1
7345,38.4411,44.7530,0.8590,1.1642,0.2552,0.0440,0.154761,0.182474,0.027713,1
7346,51.8009,37.6882,1.3745,0.7276,1.2395,0.0441,0.289482,0.293099,0.003617,0
7347,76.9329,86.5918,0.8885,1.1256,1.2124,0.0446,0.506383,0.507350,0.000967,1
7348,62.0881,56.6446,1.0961,0.9123,0.2047,0.0399,0.195619,0.197204,0.001585,1
7349,69.5224,90.7058,0.7665,1.3047,0.3246,0.0499,0.518358,0.531468,0.013110,0
7350,20.5878,16.9637,1.2136,0.8240,0.2084,0.0422,0.519555,0.519940,0.000385,0
7351,73.1956,95.7891,0.7641,1.3087,0.9291,0.0222,0.283378,0.296988,0.013610,0
7352,38.6041,27.2150,1.4185,0.7050,0.6052,0.0395,0.339618,0.359040,0.019423,0
7353,27.2695,33.2500,0.8201,1.2193,0.8734,0.0410,0.397310,0.397314,0.000004,0
7354,26.7238,26.0136,1.0273,0.9734,0.8918,0.0455,0.248514,0.248528,0.000014,1
7355,56.1461,59.6821,0.9408,1.0630,1.1057,0.0228,0.263700,0.263794,0.000094,1
7356,79.2291,104.3519,0.7592,1.3171,0.8537,0.0200,0.333477,0.355084,0.021607,0
7357,57.4700,71.7645,0.8008,1.2487,1.4986,0.0513,0.196095,0.196153,0.000058,0
7358,58.9660,49.6733,1.1871,0.8424,0.5524,0.0346,0.271244,0.271725,0.000481,0
7359,20.6153,24.3437,0.8468,1.1809,1.0192,0.0227,0.320037,0.320036,0.000001,0
7360,46.6353,33.4198,1.3954,0.7166,0.2719,0.0427,0.444284,0.478238,0.033954,0
7361,22.3914,19.6495,1.1395,0.8775,0.2074,0.0274,0.437814,0.437853,0.000039,1
7362,36.2932,36.7933,0.9864,1.0138,0.1100,0.0521,0.267325,0.267322,0.000003,1
7363,70.0461,85.3347,0.8208,1.2183,0.3757,0.0407,0.284684,0.296457,0.011773,0
7364,49.0103,64.7865,0.7565,1.3219,1.0225,0.0331,0.176038,0.183660,0.007621,0
7365,23.1495,27.5425,0.8405,1.1898,1.2592,0.0216,0.428402,0.428399,0.000003,0
7366,26.4766,27.1248,0.9761,1.0245,1.3893,0.0433,0.224514,0.224551,0.000037,1
7367,23.4077,25.5084,0.9176,1.0897,1.1161,0.0481,0.292424,0.292540,0.000116,1
7368,23.2704,20.3776,1.1420,0.8757,0.7378,0.0581,0.213930,0.214385,0.000455,1
7369,72.3002,98.6718,0.7327,1.3648,1.3643,0.0399,0.468735,0.476226,0.007491,0
7370,68.1985,53.1252,1.2837,0.7790,0.9144,0.0332,0.181776,0.204651,0.022875,0
7371,78.3575,109.3808,0.7164,1.3959,1.4257,0.0270,0.277213,0.303353,0.026139,0
7372,59.0503,46.8883,1.2594,0.7940,0.7034,0.0288,0.369282,0.369486,0.000205,0
7373,66.1110,51.9313,1.2730,0.7855,1.0095,0.0562,0.276603,0.278354,0.001751,0
7374,78.5791,84.2933,0.9322,1.0727,0.2435,0.0456,0.504320,0.505773,0.001453,1
7375,34.9547,32.5248,1.0747,0.9305,1.0670,0.0585,0.185328,0.185440,0.000112,1
7376,40.2814,52.2797,0.7705,1.2979,0.9426,0.0479,0.237735,0.238127,0.000393,0
7377,35.8519,42.3514,0.8465,1.1813,0.1782,0.0440,0.481602,0.481753,0.000151,0
7378,58.0505,41.2008,1.4090,0.7097,0.3379,0.0309,0.303154,0.388170,0.085016,0
7379,74.3583,101.4012,0.7333,1.3637,1.4547,0.0213,0.267411,0.282883,0.015472,0
7380,31.2741,40.2722,0.7766,1.2877,0.4427,0.0342,0.283427,0.289832,0.006405,0
7381,27.4764,21.3179,1.2889,0.7759,1.4344,0.0572,0.254984,0.257219,0.002235,0
7382,54.3754,73.3610,0.7412,1.3492,1.3581,0.0482,0.211794,0.212216,0.000422,0
7383,56.8456,42.5632,1.3356,0.7488,1.3909,0.0216,0.211892,0.217408,0.005516,0
7384,44.1762,42.8766,1.0303,0.9706,0.4701,0.0442,0.461167,0.461163,0.000004,1
7385,69.0811,52.7944,1.3085,0.7642,0.6386,0.0510,0.337310,0.340227,0.002916,0
7386,37.7380,28.8537,1.3079,0.7646,0.5819,0.0492,0.332269,0.336510,0.004241,0
7387,33.5502,41.9009,0.8007,1.2489,1.2792,0.0580,0.482395,0.482532,0.000137,0
7388,74.6477,104.3712,0.7152,1.3982,1.2148,0.0445,0.489586,0.502335,0.012750,0
7389,55.5034,77.0811,0.7201,1.3888,0.8654,0.0335,0.526147,0.526296,0.000149,0
7390,48.7521,51.2527,0.9512,1.0513,1.4375,0.0285,0.363398,0.363486,0.000088,1
7391,76.2883,63.3840,1.2036,0.8308,1.3378,0.0387,0.221438,0.222538,0.001100,0
7392,62.6814,64.3217,0.9745,1.0262,0.9101,0.0322,0.487523,0.487625,0.000103,1
7393,69.4711,65.0974,1.0672,0.9370,0.3914,0.0409,0.486485,0.486509,0.000024,1
7394,51.2864,64.8667,0.7906,1.2648,1.1460,0.0485,0.323467,0.323492,0.000024,0
7395,79.8315,105.5836,0.7561,1.3226,1.0285,0.0558,0.283134,0.304820,0.021686,0
7396,65.4006,62.3701,1.0486,0.9537,0.2711,0.0594,0.486180,0.486174,0.000005,1
7397,68.6142,57.1941,1.1997,0.8336,0.1204,0.0456,0.546289,0.547719,0.001430,0
7398,31.9645,32.7948,0.9747,1.0260,0.7658,0.0225,0.479930,0.480038,0.000108,1
7399,41.0340,48.4842,0.8463,1.1816,0.6219,0.0362,0.157263,0.158928,0.001665,0
7400,58.7243,44.1806,1.3292,0.7523,0.3946,0.0584,0.329546,0.354489,0.024942,0
7401,57.7740,43.1287,1.3396,0.7465,0.9175,0.0501,0.539734,0.539864,0.000131,0
7402,78.2165,107.6851,0.7263,1.3768,0.9342,0.0455,0.498741,0.517381,0.018640,0
7403,29.1647,34.1478,0.8541,1.1709,0.9164,0.0307,0.547266,0.547366,0.000101,1
7404,74.7795,55.6845,1.3429,0.7446,1.1651,0.0232,0.475645,0.475728,0.000083,0
7405,35.9545,31.7123,1.1338,0.8820,1.2185,0.0364,0.160511,0.160856,0.000345,1
7406,76.7608,55.3019,1.3880,0.7204,0.4991,0.0361,0.425570,0.431609,0.006039,0
7407,51.8082,56.4390,0.9180,1.0894,0.6304,0.0223,0.364533,0.364528,0.000004,1
7408,31.9205,33.2080,0.9612,1.0403,0.9103,0.0440,0.410994,0.411106,0.000111,1
7409,57.2942,56.5819,1.0126,0.9876,0.3843,0.0239,0.487974,0.488129,0.000155,1
7410,24.3983,20.2979,1.2020,0.8319,0.5348,0.0374,0.311748,0.312100,0.000352,0
7411,50.7572,53.4962,0.9488,1.0540,1.4868,0.0357,0.301848,0.301948,0.000100,1
7412,24.2647,31.3186,0.7748,1.2907,0.1506,0.0308,0.390925,0.447610,0.056685,0
7413,55.4393,74.0916,0.7483,1.3364,1.3698,0.0256,0.548181,0.548188,0.000007,0
7414,52.9820,62.0458,0.8539,1.1711,0.1345,0.0227,0.297002,0.314153,0.017152,1
7415,52.2166,45.9073,1.1374,0.8792,0.9070,0.0281,0.547961,0.547958,0.000003,1
7416,67.5613,85.8220,0.7872,1.2703,0.3846,0.0229,0.418136,0.425821,0.007685,0
7417,70.6906,57.6247,1.2267,0.8152,1.3736,0.0344,0.172803,0.176451,0.003647,0
7418,20.4266,28.2788,0.7223,1.3844,0.4763,0.0316,0.361933,0.369201,0.007269,0
7419,45.7271,57.2844,0.7982,1.2527,0.5353,0.0242,0.406258,0.406331,0.000073,0
7420,68.3248,91.8729,0.7437,1.3446,0.7566,0.0387,0.172022,0.279757,0.107735,0
7421,49.2959,43.6597,1.1291,0.8857,0.4404,0.0307,0.218154,0.218473,0.000319,1
7422,49.6805,36.2367,1.3710,0.7294,0.7521,0.0447,0.362421,0.365522,0.003101,0
7423,36.1779,34.4582,1.0499,0.9525,0.7105,0.0543,0.179725,0.179749,0.000024,1
7424,33.0851,27.6067,1.1984,0.8344,0.3477,0.0454,0.201357,0.231641,0.030285,0
7425,34.2680,25.4993,1.3439,0.7441,1.2832,0.0228,0.206740,0.216920,0.010180,0
7426,67.4642,67.8346,0.9945,1.0055,1.0576,0.0201,0.358539,0.358633,0.000094,1
7427,23.2722,18.6774,1.2460,0.8026,0.7049,0.0393,0.284928,0.286117,0.001188,0
7428,24.6236,25.4720,0.9667,1.0345,0.5361,0.0406,0.492613,0.492745,0.000132,1
7429,37.1099,31.4851,1.1786,0.8484,0.8924,0.0313,0.454184,0.454188,0.000004,0
7430,24.7188,25.3625,0.9746,1.0260,1.4333,0.0211,0.250613,0.250698,0.000084,1
7431,52.8410,48.3595,1.0927,0.9152,1.4484,0.0221,0.357257,0.357259,0.000001,1
7432,62.0771,68.1376,0.9111,1.0976,1.1691,0.0262,0.326727,0.326729,0.000002,1
7433,49.7867,41.6236,1.1961,0.8360,0.4051,0.0275,0.343561,0.343853,0.000293,0
7434,50.6015,56.4940,0.8957,1.1164,0.9535,0.0592,0.334686,0.334712,0.000027,1
7435,34.3504,41.7349,0.8231,1.2150,1.1572,0.0473,0.510216,0.510325,0.000109,0
7436,71.7820,89.1977,0.8048,1.2426,0.3908,0.0280,0.336541,0.350569,0.014028,0
7437,26.3778,34.4015,0.7668,1.3042,0.1982,0.0598,0.210146,0.300000,0.089854,0
7438,61.8921,47.7592,1.2959,0.7717,1.4540,0.0592,0.190052,0.206997,0.016944,0
7439,69.0133,61.6181,1.1200,0.8928,0.1854,0.0503,0.311016,0.311503,0.000488,1
7440,25.7424,20.4735,1.2574,0.7953,0.2697,0.0579,0.277555,0.323081,0.045526,0
7441,53.7382,57.7184,0.9310,1.0741,1.0776,0.0562,0.498619,0.498746,0.000127,1
7442,59.7314,57.2419,1.0435,0.9583,0.1953,0.0538,0.311419,0.311415,0.000003,1
7443,22.8437,27.1021,0.8429,1.1864,1.3186,0.0570,0.435177,0.435317,0.000140,0
7444,74.5927,98.6676,0.7560,1.3228,1.4698,0.0563,0.224453,0.236456,0.012003,0
7445,60.5518,49.1335,1.2324,0.8114,0.9308,0.0565,0.455466,0.455539,0.000073,0
7446,35.5242,42.4757,0.8363,1.1957,1.2523,0.0515,0.297917,0.297950,0.000033,0
7447,49.0707,40.8919,1.2000,0.8333,0.8274,0.0560,0.162366,0.178941,0.016575,0
7448,31.9004,30.9177,1.0318,0.9692,0.3081,0.0290,0.305937,0.305933,0.000004,1
7449,64.1664,72.1759,0.8890,1.1248,0.7121,0.0442,0.419137,0.419231,0.000094,1
7450,57.8948,46.2751,1.2511,0.7993,0.5262,0.0471,0.411824,0.412111,0.000286,0
7451,74.2357,88.7101,0.8368,1.1950,1.3012,0.0432,0.476389,0.478229,0.001840,0
7452,56.7632,42.7998,1.3263,0.7540,0.8440,0.0556,0.290300,0.296266,0.005966,0
7453,64.5820,71.9246,0.8979,1.1137,0.7285,0.0496,0.370270,0.370365,0.000095,1
7454,62.5843,45.2195,1.3840,0.7225,0.7715,0.0580,0.319158,0.330119,0.010961,0
7455,72.3936,93.9013,0.7710,1.2971,0.9794,0.0416,0.331329,0.339487,0.008158,0
7456,31.4591,39.0137,0.8064,1.2401,0.7425,0.0272,0.534338,0.534337,0.000001,0
7457,44.9452,39.9216,1.1258,0.8882,1.0962,0.0564,0.404561,0.404617,0.000056,1
7458,37.1410,51.2429,0.7248,1.3797,0.3317,0.0552,0.224990,0.318434,0.093444,0
7459,41.7737,49.4690,0.8444,1.1842,0.3992,0.0360,0.246780,0.247419,0.000639,0
7460,21.1499,26.0766,0.8111,1.2329,1.3557,0.0261,0.407955,0.407956,0.000001,0
7461,27.9672,20.4929,1.3647,0.7327,1.3348,0.0205,0.190846,0.208346,0.017500,0
7462,62.2968,80.0702,0.7780,1.2853,0.7783,0.0332,0.215578,0.223333,0.007754,0
7463,68.2772,57.0066,1.1977,0.8349,0.6797,0.0258,0.394417,0.394436,0.000019,0
7464,32.4058,23.2933,1.3912,0.7188,0.7673,0.0481,0.507140,0.507619,0.000479,0
7465,47.5875,53.9871,0.8815,1.1345,0.3703,0.0556,0.276823,0.276834,0.000011,1
7466,61.8940,61.5396,1.0058,0.9943,0.9453,0.0465,0.220205,0.220222,0.000018,1
7467,50.1621,56.9186,0.8813,1.1347,0.6596,0.0545,0.538440,0.538564,0.000125,1
7468,77.4987,62.2026,1.2459,0.8026,0.6421,0.0593,0.367695,0.369135,0.001441,0
7469,45.3059,56.6136,0.8003,1.2496,0.3130,0.0538,0.304900,0.309408,0.004509,0
7470,43.2459,46.5663,0.9287,1.0768,0.1552,0.0581,0.404915,0.404910,0.000005,1
7471,68.3596,78.8304,0.8672,1.1532,0.8083,0.0202,0.192470,0.193943,0.001473,1
7472,21.2909,16.0480,1.3267,0.7537,1.0253,0.0479,0.392219,0.392608,0.000389,0
7473,30.5307,22.2448,1.3725,0.7286,1.2809,0.0347,0.200710,0.224565,0.023856,0
7474,79.8041,56.8517,1.4037,0.7124,0.5284,0.0263,0.410897,0.420406,0.009510,0
7475,76.7058,78.4658,0.9776,1.0229,0.1286,0.0457,0.355377,0.355623,0.000246,1
7476,37.6556,38.3948,0.9807,1.0196,1.3352,0.0234,0.502879,0.502963,0.000084,1
7477,34.3321,36.8272,0.9322,1.0727,0.4365,0.0525,0.196840,0.196840,0.000000,1
7478,37.9925,39.4477,0.9631,1.0383,0.3695,0.0369,0.449826,0.449985,0.000159,1
7479,76.5429,89.2842,0.8573,1.1665,0.9704,0.0508,0.388435,0.391067,0.002632,1
7480,72.2105,80.6471,0.8954,1.1168,1.2936,0.0222,0.232485,0.233228,0.000742,1
7481,75.9496,71.6029,1.0607,0.9428,0.7068,0.0343,0.154114,0.154506,0.000392,1
7482,40.1129,37.5130,1.0693,0.9352,0.7266,0.0260,0.268741,0.268740,0.000001,1
7483,50.0027,43.4023,1.1521,0.8680,0.9727,0.0283,0.196413,0.196589,0.000177,0
7484,38.3331,48.2312,0.7948,1.2582,0.4356,0.0345,0.366388,0.366772,0.000384,0
7485,31.4737,37.5762,0.8376,1.1939,0.3532,0.0584,0.443124,0.443137,0.000013,0
7486,45.1741,58.0875,0.7777,1.2859,0.3149,0.0597,0.197023,0.306614,0.109591,0
7487,36.4104,34.1492,1.0662,0.9379,1.0551,0.0240,0.475181,0.475274,0.000093,1
7488,43.2881,35.7707,1.2102,0.8263,1.1459,0.0289,0.447494,0.447505,0.000010,0
7489,44.0352,33.2761,1.3233,0.7557,1.0625,0.0460,0.448373,0.448541,0.000168,0
7490,79.5148,94.6686,0.8399,1.1906,0.8994,0.0383,0.287773,0.294577,0.006804,0
7491,46.1116,39.9017,1.1556,0.8653,0.2744,0.0421,0.387959,0.388066,0.000107,0
7492,31.3236,36.0874,0.8680,1.1521,1.2618,0.0319,0.257279,0.257284,0.000005,1
7493,44.8939,55.3027,0.8118,1.2319,0.1257,0.0568,0.157569,0.300000,0.142431,0
7494,39.1223,30.2690,1.2925,0.7737,1.1306,0.0291,0.166334,0.189264,0.022931,0
7495,76.1620,61.4600,1.2392,0.8070,0.8687,0.0384,0.233316,0.237319,0.004003,0
7496,60.6671,48.9938,1.2383,0.8076,0.7893,0.0368,0.384944,0.385027,0.000083,0
7497,44.8061,60.0311,0.7464,1.3398,0.1748,0.0391,0.498607,0.519874,0.021267,0
7498,55.5034,59.1530,0.9383,1.0658,0.9263,0.0562,0.398360,0.398484,0.000125,1
7499,42.2169,38.3460,1.1009,0.9083,1.3038,0.0211,0.466807,0.466891,0.000085,1
7500,61.2366,84.1287,0.7279,1.3738,0.3746,0.0595,0.397322,0.416910,0.019588,0
7501,65.0362,75.6231,0.8600,1.1628,0.6457,0.0270,0.286662,0.287237,0.000576,1
7502,46.9686,42.0670,1.1165,0.8956,1.3940,0.0320,0.389753,0.389766,0.000013,1
7503,71.0147,92.6393,0.7666,1.3045,0.6441,0.0212,0.239065,0.329555,0.090489,0
7504,49.9881,69.5273,0.7190,1.3909,0.6755,0.0383,0.522265,0.522403,0.000138,0
7505,47.3952,39.6213,1.1962,0.8360,0.2356,0.0342,0.243985,0.269894,0.025909,0
7506,47.2451,41.4356,1.1402,0.8770,1.3868,0.0576,0.431344,0.431451,0.000107,1
7507,67.8066,60.8435,1.1144,0.8973,0.4645,0.0333,0.412960,0.412958,0.000002,1
7508,70.7401,95.6132,0.7399,1.3516,1.2760,0.0510,0.157520,0.264637,0.107117,0
7509,52.6743,54.7223,0.9626,1.0389,1.1244,0.0376,0.354852,0.354955,0.000102,1
7510,53.2530,59.8354,0.8900,1.1236,0.8880,0.0573,0.500438,0.500559,0.000121,1
7511,23.1404,24.4281,0.9473,1.0557,1.0233,0.0493,0.221938,0.222058,0.000120,1
7512,55.3771,52.4432,1.0559,0.9470,1.2879,0.0286,0.318194,0.318199,0.000006,1
7513,66.8545,74.5739,0.8965,1.1155,0.8288,0.0202,0.218081,0.218432,0.000352,1
7514,23.9351,32.9645,0.7261,1.3772,1.1159,0.0550,0.232022,0.233158,0.001136,0
7515,33.3433,37.8793,0.8803,1.1360,0.3144,0.0440,0.532470,0.532464,0.000006,1
7516,73.2890,67.6808,1.0829,0.9235,0.2837,0.0408,0.534753,0.534956,0.000203,1
7517,24.4606,19.4258,1.2592,0.7942,0.2569,0.0261,0.259879,0.317297,0.057418,0
7518,32.0341,44.3303,0.7226,1.3838,0.3450,0.0573,0.271879,0.337986,0.066107,0
7519,59.0887,63.2253,0.9346,1.0700,1.1169,0.0360,0.472691,0.472788,0.000098,1
7520,25.9255,32.6802,0.7933,1.2605,0.3034,0.0482,0.514367,0.514528,0.000162,0
7521,28.4451,37.8214,0.7521,1.3296,1.2332,0.0372,0.269156,0.269295,0.000138,0
7522,60.6525,66.7644,0.9085,1.1008,0.5351,0.0501,0.224306,0.224307,0.000001,1
7523,76.4367,54.6977,1.3974,0.7156,1.0624,0.0446,0.390193,0.391435,0.001242,0
7524,33.3580,34.3335,0.9716,1.0292,0.5803,0.0401,0.278214,0.278344,0.000130,1
7525,55.9703,46.8938,1.1936,0.8378,1.0622,0.0245,0.318120,0.318143,0.000022,0
7526,46.5035,63.7409,0.7296,1.3707,1.3642,0.0352,0.206887,0.208407,0.001520,0
7527,44.6962,32.1515,1.3902,0.7193,0.2371,0.0224,0.301018,0.473420,0.172402,0
7528,29.6811,21.9644,1.3513,0.7400,1.1287,0.0514,0.286784,0.290950,0.004166,0
7529,29.4430,39.6585,0.7424,1.3470,0.7994,0.0240,0.530480,0.530519,0.000039,0
7530,21.7176,24.8845,0.8727,1.1458,0.9571,0.0528,0.424715,0.424833,0.000117,1
7531,45.5110,40.3241,1.1286,0.8860,1.3389,0.0272,0.392671,0.392676,0.000005,1
7532,54.1868,72.5902,0.7465,1.3396,1.2373,0.0574,0.466147,0.466194,0.000047,0
7533,22.2431,29.6972,0.7490,1.3351,1.1981,0.0293,0.359821,0.359865,0.000044,0
7534,56.0839,55.9425,1.0025,0.9975,0.9047,0.0366,0.176710,0.176717,0.000007,1
7535,77.5207,62.2385,1.2455,0.8029,0.5066,0.0334,0.343475,0.345913,0.002438,0
7536,55.1280,75.3244,0.7319,1.3664,0.6124,0.0399,0.447470,0.447834,0.000364,0
7537,38.4246,41.4126,0.9278,1.0778,0.2022,0.0313,0.240640,0.240647,0.000007,1
7538,31.5653,40.8616,0.7725,1.2945,1.2668,0.0466,0.306450,0.306484,0.000034,0
7539,40.9845,33.4084,1.2268,0.8151,1.2422,0.0429,0.420894,0.420947,0.000053,0
7540,32.9991,37.0638,0.8903,1.1232,0.4145,0.0243,0.332257,0.332255,0.000002,1
7541,35.8464,31.3896,1.1420,0.8757,0.9510,0.0369,0.274491,0.274519,0.000028,1
7542,31.0471,39.9155,0.7778,1.2856,1.3535,0.0473,0.510045,0.510073,0.000028,0
7543,56.7541,62.4270,0.9091,1.1000,0.5422,0.0596,0.321197,0.321200,0.000004,1
7544,60.1672,82.9141,0.7257,1.3781,0.7317,0.0204,0.295976,0.308106,0.012130,0
7545,52.0719,66.9782,0.7774,1.2863,0.7682,0.0384,0.413875,0.413904,0.000028,0
7546,53.0882,40.8828,1.2985,0.7701,0.3767,0.0571,0.313469,0.336327,0.022858,0
7547,33.9348,38.5222,0.8809,1.1352,0.6597,0.0258,0.313115,0.313113,0.000003,1
7548,43.7495,54.7107,0.7997,1.2505,0.1342,0.0263,0.342340,0.408045,0.065705,0
7549,22.4024,18.5800,1.2057,0.8294,0.9006,0.0432,0.406185,0.406220,0.000035,0
7550,74.6275,58.9878,1.2651,0.7904,1.1685,0.0344,0.332098,0.332400,0.000302,0
7551,70.6540,57.2568,1.2340,0.8104,1.2132,0.0437,0.247781,0.248426,0.000645,0
7552,28.6099,28.4534,1.0055,0.9945,0.8538,0.0288,0.520995,0.521098,0.000103,1
7553,49.4644,48.9751,1.0100,0.9901,0.4779,0.0569,0.360358,0.360359,0.000001,1
7554,73.5014,61.1643,1.2017,0.8322,1.2571,0.0476,0.224551,0.225509,0.000958,0
7555,62.2730,79.5009,0.7833,1.2767,1.2636,0.0222,0.197694,0.199903,0.002208,0
7556,67.3507,69.7895,0.9651,1.0362,1.4305,0.0389,0.520849,0.520955,0.000106,1
7557,53.6503,74.5637,0.7195,1.3898,0.4601,0.0495,0.198756,0.336616,0.137859,0
7558,72.6170,62.8049,1.1562,0.8649,1.0965,0.0543,0.353729,0.353889,0.000159,0
7559,41.4533,48.9992,0.8460,1.1820,1.0752,0.0314,0.287040,0.287043,0.000003,0
7560,34.1563,29.9388,1.1409,0.8765,1.3729,0.0575,0.151831,0.154127,0.002296,1
7561,43.8813,54.7500,0.8015,1.2477,0.6432,0.0375,0.456528,0.456537,0.000009,0
7562,57.7062,46.6692,1.2365,0.8087,1.1419,0.0376,0.367341,0.367404,0.000063,0
7563,44.4160,48.4069,0.9176,1.0899,0.9824,0.0241,0.275895,0.275893,0.000002,1
7564,29.4082,32.8755,0.8945,1.1179,1.0732,0.0476,0.427401,0.427513,0.000112,1
7565,57.9809,69.8607,0.8299,1.2049,1.4906,0.0318,0.291288,0.291298,0.000009,0
7566,70.4874,60.6815,1.1616,0.8609,0.7659,0.0238,0.510424,0.510435,0.000011,0
7567,67.7956,83.1304,0.8155,1.2262,1.0785,0.0483,0.460874,0.462144,0.001271,0
7568,71.8827,73.6195,0.9764,1.0242,0.5220,0.0495,0.360126,0.360292,0.000165,1
7569,52.0939,69.4136,0.7505,1.3325,0.8596,0.0232,0.365387,0.365558,0.000171,0
7570,29.1464,25.2529,1.1542,0.8664,0.1087,0.0484,0.482432,0.483158,0.000726,0
7571,50.4569,58.2264,0.8666,1.1540,0.5467,0.0485,0.454672,0.454670,0.000002,1
7572,25.4622,29.8753,0.8523,1.1733,1.0672,0.0347,0.383418,0.383420,0.000003,1
7573,48.4939,62.8245,0.7719,1.2955,0.1913,0.0368,0.463315,0.472543,0.009228,0
7574,57.9937,44.5292,1.3024,0.7678,1.0553,0.0378,0.451364,0.451452,0.000088,0
7575,24.6419,30.0688,0.8195,1.2202,0.3517,0.0210,0.207009,0.227471,0.020463,0
7576,77.2204,62.7397,1.2308,0.8125,1.1592,0.0361,0.311223,0.311873,0.000649,0
7577,41.1658,53.3238,0.7720,1.2953,0.4336,0.0267,0.306829,0.312169,0.005341,0
7578,38.1683,38.8459,0.9826,1.0178,1.4350,0.0315,0.237405,0.237501,0.000096,1
7579,70.8390,76.0403,0.9316,1.0734,1.1106,0.0209,0.229507,0.229716,0.000210,1
7580,73.7156,64.4543,1.1437,0.8744,0.1271,0.0291,0.348663,0.354386,0.005722,1
7581,28.5403,38.8498,0.7346,1.3612,0.8642,0.0416,0.230154,0.235774,0.005620,0
7582,61.2860,48.3480,1.2676,0.7889,1.0356,0.0311,0.478574,0.478603,0.000028,0
7583,40.7117,56.9094,0.7154,1.3979,1.2609,0.0240,0.186903,0.199133,0.012230,0
7584,72.4467,62.6329,1.1567,0.8645,0.9300,0.0207,0.265885,0.266036,0.000151,0
7585,32.7464,36.4827,0.8976,1.1141,0.6850,0.0332,0.177931,0.177934,0.000003,1
7586,77.8777,98.6024,0.7898,1.2661,0.9274,0.0240,0.190931,0.256019,0.065087,0
7587,62.5257,85.1517,0.7343,1.3619,1.3473,0.0247,0.417244,0.419029,0.001784,0
7588,55.2635,70.6880,0.7818,1.2791,0.7258,0.0229,0.447751,0.447775,0.000025,0
7589,54.7673,58.7991,0.9314,1.0736,1.1539,0.0587,0.488255,0.488393,0.000138,1
7590,62.5166,84.6812,0.7383,1.3545,0.6887,0.0255,0.535876,0.538454,0.002578,0
7591,53.3830,38.7993,1.3759,0.7268,1.3421,0.0503,0.343463,0.344653,0.001190,0
7592,20.6665,24.0126,0.8607,1.1619,0.8033,0.0465,0.331768,0.331773,0.000004,1
7593,64.8695,86.3190,0.7515,1.3307,1.1246,0.0479,0.523339,0.525386,0.002047,0
7594,67.5008,53.2032,1.2687,0.7882,0.2286,0.0479,0.406795,0.417104,0.010309,0
7595,32.6749,39.6588,0.8239,1.2137,1.0209,0.0345,0.338861,0.338865,0.000004,0
7596,21.8384,23.1685,0.9426,1.0609,0.9189,0.0315,0.346783,0.346887,0.000104,1
7597,37.6702,28.5235,1.3207,0.7572,0.5625,0.0468,0.210439,0.281391,0.070952,0
7598,46.9521,36.3320,1.2923,0.7738,1.0000,0.0416,0.448007,0.448102,0.000095,0
7599,61.1304,84.0089,0.7277,1.3743,0.1109,0.0286,0.208937,0.050000,0.158937,0
7600,47.2964,46.9528,1.0073,0.9927,1.1839,0.0503,0.465024,0.465148,0.000124,1
7601,71.2491,69.4987,1.0252,0.9754,0.7057,0.0288,0.155408,0.155436,0.000028,1
7602,23.2429,24.4937,0.9489,1.0538,0.6965,0.0344,0.317962,0.318080,0.000118,1
7603,39.8090,50.2863,0.7916,1.2632,1.2317,0.0555,0.452292,0.452330,0.000038,0
7604,31.0379,27.1683,1.1424,0.8753,0.3443,0.0200,0.279862,0.280047,0.000185,1
7605,59.6344,45.1889,1.3197,0.7578,1.4394,0.0251,0.191310,0.199784,0.008474,0
7606,57.5799,58.9059,0.9775,1.0230,1.4267,0.0360,0.209682,0.209787,0.000105,1
7607,53.4416,72.6388,0.7357,1.3592,1.1455,0.0441,0.262674,0.263058,0.000383,0
7608,69.0500,50.9120,1.3563,0.7373,0.9986,0.0204,0.521874,0.521946,0.000072,0
7609,38.0786,44.9255,0.8476,1.1798,1.3526,0.0242,0.424764,0.424763,0.000001,0
7610,56.6533,55.7202,1.0167,0.9835,0.2606,0.0535,0.240640,0.240638,0.000002,1
7611,52.4839,43.5938,1.2039,0.8306,1.3379,0.0274,0.435250,0.435261,0.000011,0
7612,49.0616,57.1277,0.8588,1.1644,0.7958,0.0535,0.525683,0.525801,0.000118,1
7613,70.4837,63.3119,1.1133,0.8982,1.0463,0.0341,0.242459,0.242523,0.000065,1
7614,77.2204,105.9376,0.7289,1.3719,0.3405,0.0236,0.324676,0.300000,0.024676,0
7615,38.2397,49.4494,0.7733,1.2931,1.0457,0.0454,0.338971,0.339001,0.000031,0
7616,30.4190,39.2750,0.7745,1.2911,1.1584,0.0203,0.360102,0.360123,0.000021,0
7617,78.3300,92.0683,0.8508,1.1754,1.1618,0.0356,0.540356,0.542557,0.002201,1
7618,20.4761,19.3156,1.0601,0.9433,0.2520,0.0489,0.538415,0.538409,0.000006,1
7619,25.4677,21.8159,1.1674,0.8566,0.9516,0.0530,0.318059,0.318133,0.000074,0
7620,40.9442,44.9731,0.9104,1.0984,1.3730,0.0330,0.534057,0.534148,0.000091,1
7621,40.5286,29.2653,1.3849,0.7221,1.2969,0.0206,0.237869,0.245005,0.007136,0
7622,38.1317,32.2999,1.1806,0.8471,1.2460,0.0241,0.194801,0.195041,0.000240,0
7623,46.8056,33.1099,1.4136,0.7074,0.2657,0.0355,0.284831,0.474296,0.189466,0
7624,27.6632,31.1298,0.8886,1.1253,1.1946,0.0364,0.390718,0.390816,0.000098,1
7625,63.5365,87.7675,0.7239,1.3814,1.0802,0.0451,0.339972,0.344356,0.004384,0
7626,62.0148,54.3998,1.1400,0.8772,1.2090,0.0372,0.436154,0.436169,0.000015,1
7627,73.4098,97.1532,0.7556,1.3234,1.4095,0.0320,0.266410,0.276316,0.009906,0
7628,68.2882,51.5685,1.3242,0.7552,0.8049,0.0564,0.502538,0.502733,0.000195,0
7629,31.1130,38.0840,0.8170,1.2241,1.1716,0.0479,0.209181,0.209215,0.000033,0
7630,79.1266,89.6982,0.8821,1.1336,0.9728,0.0343,0.159082,0.163651,0.004568,1
7631,56.1937,43.1939,1.3010,0.7687,0.8240,0.0284,0.467856,0.467939,0.000083,0
7632,20.2911,15.9251,1.2742,0.7848,0.2713,0.0518,0.179432,0.316958,0.137526,0
7633,73.1114,71.5714,1.0215,0.9789,1.2571,0.0481,0.510460,0.510587,0.000127,1
7634,43.9875,42.9792,1.0235,0.9771,0.2577,0.0522,0.484239,0.484233,0.000006,1
7635,22.0051,19.0129,1.1574,0.8640,1.1195,0.0207,0.214223,0.214275,0.000052,0
7636,34.5042,32.3268,1.0674,0.9369,1.3494,0.0442,0.202919,0.202976,0.000057,1
7637,62.6612,66.9622,0.9358,1.0686,1.2078,0.0305,0.291008,0.291103,0.000096,1
7638,30.1737,24.5424,1.2294,0.8134,0.4445,0.0253,0.382746,0.383040,0.000293,0
7639,69.1635,54.0527,1.2796,0.7815,0.6857,0.0507,0.534008,0.534082,0.000074,0
7640,30.0455,24.7559,1.2137,0.8239,1.1716,0.0244,0.298296,0.298344,0.000048,0
7641,41.1255,48.2656,0.8521,1.1736,1.0713,0.0512,0.257999,0.258020,0.000021,1
7642,52.8941,73.5319,0.7193,1.3902,1.2673,0.0349,0.272501,0.272984,0.000483,0
7643,76.6820,104.1735,0.7361,1.3585,0.1814,0.0348,0.546460,0.829997,0.283537,0
7644,37.5365,49.7149,0.7550,1.3244,0.2677,0.0298,0.257840,0.342012,0.084172,0
7645,20.2179,26.2012,0.7716,1.2959,0.4642,0.0350,0.516247,0.516329,0.000083,0
7646,44.5149,55.2609,0.8055,1.2414,0.2211,0.0443,0.196278,0.330354,0.134076,0
7647,51.5958,55.6631,0.9269,1.0788,0.2219,0.0274,0.415401,0.415395,0.000006,1
7648,47.3879,41.6672,1.1373,0.8793,0.4592,0.0501,0.227163,0.227724,0.000561,1
7649,40.6183,34.3082,1.1839,0.8446,1.4341,0.0347,0.428561,0.428585,0.000024,0
7650,74.8692,72.1614,1.0375,0.9638,1.3803,0.0281,0.194398,0.194463,0.000065,1
7651,28.7527,20.6465,1.3926,0.7181,0.2833,0.0594,0.231863,0.425121,0.193259,0
7652,70.1083,81.9583,0.8554,1.1690,1.0730,0.0362,0.267338,0.268754,0.001417,1
7653,76.5136,77.6529,0.9853,1.0149,1.3610,0.0247,0.461411,0.461503,0.000092,1
7654,38.2653,36.7105,1.0424,0.9594,0.4170,0.0215,0.284550,0.284547,0.000003,1
7655,27.4197,30.1435,0.9096,1.0993,1.1428,0.0342,0.388179,0.388276,0.000097,1
7656,65.4775,83.8338,0.7810,1.2803,1.2157,0.0312,0.305364,0.307439,0.002075,0
7657,65.3859,90.3781,0.7235,1.3822,0.9658,0.0399,0.478037,0.482755,0.004718,0
7658,39.0381,51.8520,0.7529,1.3282,0.1187,0.0352,0.460971,0.548006,0.087034,0
7659,59.1144,68.3749,0.8646,1.1567,1.2724,0.0219,0.405916,0.405913,0.000003,1
7660,27.4435,30.7841,0.8915,1.1217,1.1553,0.0560,0.185365,0.185405,0.000040,1
7661,72.4833,64.1015,1.1308,0.8844,1.3947,0.0500,0.341913,0.342059,0.000147,1
7662,37.5311,39.2942,0.9551,1.0470,0.7941,0.0426,0.525817,0.525929,0.000112,1
7663,31.0233,32.6676,0.9497,1.0530,0.7067,0.0329,0.180287,0.180287,0.000000,1
7664,61.6669,55.3527,1.1141,0.8976,0.7517,0.0496,0.533178,0.533185,0.000007,1
7665,29.2764,32.5580,0.8992,1.1121,1.4489,0.0224,0.492698,0.492779,0.000080,1
7666,48.3877,44.3221,1.0917,0.9160,0.2639,0.0256,0.164930,0.166140,0.001210,1
7667,79.3866,59.5120,1.3340,0.7496,1.4014,0.0518,0.203468,0.225505,0.022036,0
7668,22.5141,29.2712,0.7692,1.3001,0.5804,0.0573,0.546460,0.546483,0.000023,0
7669,75.3417,81.4643,0.9248,1.0813,1.1279,0.0433,0.357428,0.357914,0.000486,1
7670,53.0168,58.8734,0.9005,1.1105,1.0295,0.0454,0.280790,0.280803,0.000013,1
7671,37.1905,32.4926,1.1446,0.8737,0.8034,0.0537,0.329266,0.329306,0.000041,1
7672,46.4760,47.7816,0.9727,1.0281,0.8939,0.0451,0.223440,0.223557,0.000117,1
7673,42.9969,43.3239,0.9925,1.0076,0.1548,0.0294,0.259403,0.259653,0.000251,1
7674,78.1176,103.0966,0.7577,1.3198,0.5123,0.0437,0.394807,0.424061,0.029253,0
7675,70.6101,83.3684,0.8470,1.1807,1.2494,0.0238,0.441733,0.442716,0.000984,0
7676,48.7649,58.1564,0.8385,1.1926,1.2637,0.0550,0.342157,0.342199,0.000043,0
7677,74.1111,56.0670,1.3218,0.7565,0.4539,0.0598,0.287138,0.322609,0.035471,0
7678,22.1296,28.9651,0.7640,1.3089,1.1590,0.0219,0.331768,0.331821,0.000052,0
7679,48.5086,65.9441,0.7356,1.3594,1.1129,0.0210,0.190114,0.200139,0.010026,0
7680,60.0830,79.2079,0.7585,1.3183,0.2467,0.0388,0.503124,0.510125,0.007002,0
7681,68.4036,95.0417,0.7197,1.3894,1.2465,0.0223,0.186012,0.308807,0.122795,0
7682,41.4972,32.6632,1.2705,0.7871,0.9056,0.0235,0.198866,0.207956,0.009089,0
7683,39.4079,34.4965,1.1424,0.8754,0.1179,0.0275,0.352924,0.355752,0.002829,1
7684,70.3500,49.2571,1.4282,0.7002,0.7202,0.0459,0.547717,0.548319,0.000601,0
7685,72.6774,78.3863,0.9272,1.0786,1.3371,0.0417,0.535107,0.535339,0.000232,1
7686,58.5961,77.2127,0.7589,1.3177,0.7945,0.0457,0.471604,0.471928,0.000324,0
7687,40.2997,48.3622,0.8333,1.2001,0.1385,0.0252,0.193068,0.300000,0.106932,0
7688,56.3073,57.7074,0.9757,1.0249,0.6290,0.0212,0.464853,0.464973,0.000120,1
7689,30.2945,24.6149,1.2307,0.8125,1.4557,0.0245,0.471604,0.471614,0.000010,0
7690,43.2331,32.5555,1.3280,0.7530,1.4369,0.0282,0.199318,0.207748,0.008430,0
7691,71.6593,58.9700,1.2152,0.8229,0.3022,0.0405,0.167225,0.290843,0.123618,0
7692,59.8688,54.8334,1.0918,0.9159,1.3881,0.0500,0.498534,0.498673,0.000140,1
7693,40.3290,55.0028,0.7332,1.3639,0.2272,0.0291,0.225515,0.300000,0.074485,0
7694,49.5669,56.0114,0.8849,1.1300,1.3173,0.0434,0.342792,0.342901,0.000110,1
7695,63.0421,68.8844,0.9152,1.0927,1.3164,0.0386,0.351410,0.351519,0.000109,1
7696,34.0867,24.2882,1.4034,0.7125,1.0857,0.0256,0.168482,0.240840,0.072358,0
7697,25.7167,34.4827,0.7458,1.3409,0.4354,0.0341,0.526855,0.527141,0.000286,0
7698,40.3253,36.6805,1.0994,0.9096,0.8302,0.0350,0.256278,0.256286,0.000008,1
7699,63.6647,88.1812,0.7220,1.3851,1.0373,0.0480,0.345526,0.350357,0.004831,0
7700,43.6030,49.7685,0.8761,1.1414,0.5284,0.0560,0.316814,0.316816,0.000002,1
7701,79.8206,71.4838,1.1166,0.8956,0.9498,0.0550,0.348090,0.348720,0.000631,1
7702,40.2246,36.0088,1.1171,0.8952,1.2460,0.0321,0.326605,0.326616,0.000012,1
7703,22.2852,21.0384,1.0593,0.9441,0.3983,0.0376,0.219301,0.219302,0.000000,1
7704,56.4757,50.2539,1.1238,0.8898,0.4747,0.0262,0.492698,0.492693,0.000005,1
7705,30.7578,40.2775,0.7636,1.3095,0.7869,0.0214,0.244278,0.247122,0.002844,0
7706,50.4202,51.1161,0.9864,1.0138,1.0968,0.0240,0.381855,0.381948,0.000093,1
7707,30.8310,39.8538,0.7736,1.2927,0.3188,0.0464,0.262186,0.295660,0.033474,0
7708,34.2442,42.5123,0.8055,1.2414,1.2987,0.0320,0.188075,0.188171,0.000096,0
7709,32.8947,27.2799,1.2058,0.8293,0.4703,0.0452,0.353290,0.353579,0.000289,0
7710,25.9017,30.9547,0.8368,1.1951,0.1793,0.0215,0.482041,0.482382,0.000340,0
7711,36.0808,49.1141,0.7346,1.3612,0.3104,0.0483,0.299565,0.359166,0.059601,0
7712,37.1154,40.1553,0.9243,1.0819,0.2284,0.0217,0.236502,0.236513,0.000011,1
7713,64.8384,50.1947,1.2917,0.7742,0.5626,0.0515,0.318670,0.323346,0.004677,0
7714,67.6821,69.8481,0.9690,1.0320,1.0651,0.0533,0.504259,0.504387,0.000128,1
7715,33.8322,31.4442,1.0759,0.9294,0.3997,0.0520,0.337957,0.337957,0.000000,1
7716,31.1350,29.1276,1.0689,0.9355,0.2028,0.0417,0.487767,0.487760,0.000006,1
7717,23.3491,30.0386,0.7773,1.2865,0.7347,0.0436,0.197719,0.203365,0.005647,0
7718,51.6782,49.4901,1.0442,0.9577,0.1144,0.0205,0.334967,0.334963,0.000004,1
7719,49.8947,51.3369,0.9719,1.0289,0.2872,0.0383,0.501561,0.501741,0.000180,1
7720,74.2320,55.0214,1.3491,0.7412,0.2906,0.0233,0.470859,0.478912,0.008053,0
7721,32.5156,24.3343,1.3362,0.7484,0.6430,0.0524,0.417257,0.418376,0.001119,0
7722,46.1391,47.1898,0.9777,1.0228,1.2865,0.0384,0.281767,0.281872,0.000105,1
7723,22.2871,17.9111,1.2443,0.8037,0.1604,0.0354,0.422738,0.437310,0.014572,0
7724,27.9965,25.9636,1.0783,0.9274,1.3150,0.0248,0.357709,0.357711,0.000002,1
7725,77.5811,103.5835,0.7490,1.3352,0.3835,0.0427,0.239383,0.303791,0.064408,0
7726,79.5038,56.3014,1.4121,0.7082,1.3396,0.0296,0.317168,0.320100,0.002932,0
7727,29.0384,34.1177,0.8511,1.1749,1.2796,0.0533,0.448910,0.449037,0.000127,1
7728,72.1024,93.4158,0.7718,1.2956,0.8280,0.0280,0.540197,0.546017,0.005819,0
7729,22.7796,25.6985,0.8864,1.1281,0.3892,0.0270,0.400117,0.400114,0.000004,1
7730,70.5570,53.3782,1.3218,0.7565,0.7156,0.0365,0.166919,0.254303,0.087383,0
7731,75.9294,61.2902,1.2389,0.8072,0.9558,0.0598,0.428365,0.428758,0.000393,0
7732,28.1722,27.3712,1.0293,0.9716,1.2787,0.0428,0.332830,0.332858,0.000028,1
7733,22.6148,26.1981,0.8632,1.1584,1.3426,0.0581,0.182997,0.183060,0.000064,1
7734,42.7900,58.1043,0.7364,1.3579,1.3021,0.0577,0.455405,0.455460,0.000055,0
7735,68.5849,70.1555,0.9776,1.0229,1.0389,0.0379,0.437387,0.437494,0.000107,1
7736,30.0601,28.0668,1.0710,0.9337,1.3172,0.0573,0.513988,0.514148,0.000159,1
7737,45.8480,36.8547,1.2440,0.8038,1.1700,0.0314,0.190480,0.194239,0.003760,0
7738,54.7819,64.2673,0.8524,1.1731,0.5657,0.0362,0.520482,0.520478,0.000004,1
7739,23.2740,22.3840,1.0398,0.9618,0.7358,0.0257,0.411446,0.411558,0.000112,1
7740,67.3507,79.3302,0.8490,1.1779,1.0812,0.0301,0.217580,0.218726,0.001146,0
7741,21.6828,17.5695,1.2341,0.8103,0.8871,0.0491,0.275358,0.276118,0.000760,0
7742,28.5385,37.9615,0.7518,1.3302,0.6514,0.0443,0.310442,0.311638,0.001196,0
7743,60.7935,62.7675,0.9685,1.0325,1.2754,0.0226,0.242666,0.242755,0.000089,1
7744,38.9685,40.0665,0.9726,1.0282,1.2060,0.0599,0.488340,0.488490,0.000149,1
7745,47.4612,64.5547,0.7352,1.3602,0.9646,0.0369,0.294987,0.295535,0.000548,0
7746,47.6168,65.5537,0.7264,1.3767,1.3396,0.0521,0.375483,0.375544,0.000061,0
7747,57.8033,49.3075,1.1723,0.8530,0.2417,0.0590,0.506224,0.506289,0.000065,0
7748,63.8093,60.8145,1.0492,0.9531,1.2030,0.0494,0.212587,0.212641,0.000054,1
7749,67.2427,77.9331,0.8628,1.1590,1.3820,0.0439,0.350568,0.350980,0.000412,1
7750,46.9411,52.7734,0.8895,1.1242,1.0571,0.0464,0.166138,0.166154,0.000015,1
7751,60.0262,79.6563,0.7536,1.3270,0.2915,0.0349,0.178187,0.300000,0.121813,0
7752,45.2016,49.5431,0.9124,1.0960,0.7506,0.0400,0.337530,0.337531,0.000001,1
7753,20.6793,21.9790,0.9409,1.0628,1.0397,0.0383,0.174073,0.174082,0.000009,1
7754,66.1696,64.0535,1.0330,0.9680,1.4344,0.0443,0.251382,0.251434,0.000051,1
7755,71.6227,89.6852,0.7986,1.2522,0.2771,0.0253,0.307280,0.321444,0.014164,0
7756,36.1412,42.6584,0.8472,1.1803,1.1413,0.0526,0.491160,0.491278,0.000118,0
7757,51.5299,36.9879,1.3932,0.7178,1.2964,0.0293,0.325420,0.326634,0.001214,0
7758,48.4866,63.8239,0.7597,1.3163,0.4020,0.0507,0.268571,0.289852,0.021281,0
7759,25.1784,22.8854,1.1002,0.9089,0.4912,0.0558,0.402962,0.402965,0.000004,1
7760,42.1326,50.4313,0.8354,1.1970,0.6271,0.0513,0.315545,0.315557,0.000012,0
7761,35.1891,29.3345,1.1996,0.8336,0.9020,0.0462,0.462229,0.462254,0.000026,0
7762,56.7138,40.5271,1.3994,0.7146,0.1227,0.0228,0.218093,0.660512,0.442419,0
7763,46.6427,43.1332,1.0814,0.9248,1.2542,0.0488,0.502477,0.502603,0.000126,1
7764,28.5037,35.2256,0.8092,1.2358,0.5100,0.0268,0.425875,0.425909,0.000034,0
7765,54.6226,52.6342,1.0378,0.9636,1.0937,0.0466,0.544714,0.544827,0.000113,1
7766,68.5775,68.4545,1.0018,0.9982,0.7497,0.0505,0.514977,0.515097,0.000120,1
7767,79.5990,92.5192,0.8604,1.1623,1.3625,0.0213,0.479331,0.481315,0.001983,1
7768,29.1226,36.9436,0.7883,1.2686,0.3181,0.0545,0.507714,0.507884,0.000170,0
7769,64.0858,77.6820,0.8250,1.2122,1.1253,0.0447,0.238321,0.239073,0.000753,0
7770,43.0519,36.9385,1.1655,0.8580,0.7076,0.0571,0.409981,0.410012,0.000031,0
7771,63.2508,77.6238,0.8148,1.2272,0.8146,0.0363,0.355622,0.356304,0.000683,0
7772,43.3302,58.2000,0.7445,1.3432,0.3135,0.0448,0.265140,0.319946,0.054805,0
7773,69.9655,86.9285,0.8049,1.2424,0.1965,0.0509,0.376472,0.404344,0.027872,0
7774,79.6283,67.9741,1.1715,0.8536,1.0879,0.0276,0.192860,0.194853,0.001993,0
7775,28.4982,29.7304,0.9586,1.0432,0.3371,0.0285,0.380830,0.380824,0.000006,1
7776,37.9998,34.1828,1.1117,0.8996,0.8746,0.0409,0.332171,0.332182,0.000011,1
7777,28.1759,22.6972,1.2414,0.8056,1.4533,0.0340,0.545935,0.545960,0.000025,0
7778,42.3725,53.3354,0.7945,1.2587,1.2535,0.0307,0.389998,0.390004,0.000006,0
7779,46.4724,46.0514,1.0091,0.9909,0.7257,0.0457,0.239431,0.239438,0.000007,1
7780,41.5870,48.4562,0.8582,1.1652,0.1962,0.0210,0.459799,0.459878,0.000079,1
7781,67.4313,51.4630,1.3103,0.7632,0.4260,0.0569,0.257376,0.309249,0.051872,0
7782,30.6882,32.8929,0.9330,1.0718,1.4463,0.0398,0.169153,0.169264,0.000111,1
7783,53.8920,40.8214,1.3202,0.7575,0.1233,0.0273,0.150012,0.528952,0.378939,0
7784,47.0455,44.2435,1.0633,0.9404,0.8527,0.0207,0.491527,0.491629,0.000102,1
7785,57.7868,65.0567,0.8883,1.1258,1.1762,0.0382,0.163636,0.163646,0.000011,1
7786,48.6093,62.1547,0.7821,1.2787,0.8909,0.0209,0.163733,0.175430,0.011697,0
7787,29.6573,38.3663,0.7730,1.2937,0.6515,0.0204,0.418245,0.418340,0.000094,0
7788,70.4910,65.7791,1.0716,0.9332,1.4662,0.0522,0.239566,0.239706,0.000140,1
7789,33.8578,46.6625,0.7256,1.3782,0.5176,0.0489,0.388020,0.390040,0.002020,0
7790,74.5451,81.8977,0.9102,1.0986,0.1893,0.0522,0.329119,0.332384,0.003265,1
7791,67.0083,88.8343,0.7543,1.3257,0.1150,0.0366,0.206215,0.049999,0.156217,0
7792,22.4720,30.3672,0.7400,1.3513,0.8250,0.0362,0.174354,0.202194,0.027840,0
7793,72.0365,73.0445,0.9862,1.0140,0.3840,0.0379,0.425362,0.425529,0.000166,1
7794,23.3015,18.6666,1.2483,0.8011,0.6980,0.0228,0.443466,0.443507,0.000041,0
7795,35.6468,43.4326,0.8207,1.2184,1.1990,0.0479,0.480845,0.480865,0.000020,0
7796,38.7524,35.4078,1.0945,0.9137,0.4950,0.0232,0.239761,0.239767,0.000006,1
7797,51.1087,69.0803,0.7398,1.3516,1.3097,0.0556,0.478208,0.478258,0.000049,0
7798,22.3255,27.3544,0.8162,1.2253,1.2846,0.0351,0.265531,0.265543,0.000012,0
7799,58.2116,42.8610,1.3582,0.7363,1.2751,0.0460,0.303423,0.305368,0.001945,0
7800,27.4233,24.3406,1.1266,0.8876,1.0681,0.0400,0.306767,0.306790,0.000022,1
7801,55.6572,53.0248,1.0496,0.9527,0.6929,0.0279,0.290629,0.290627,0.000002,1
7802,73.9555,73.0676,1.0122,0.9880,0.5549,0.0595,0.162183,0.162212,0.000029,1
7803,55.4393,38.8170,1.4282,0.7002,0.8389,0.0238,0.223318,0.280708,0.057390,0
7804,39.3109,51.6156,0.7616,1.3130,0.4918,0.0379,0.377729,0.378533,0.000804,0
7805,51.6031,57.5682,0.8964,1.1156,0.6096,0.0309,0.542285,0.542278,0.000007,1
7806,65.6258,73.1361,0.8973,1.1144,0.7455,0.0453,0.417696,0.417827,0.000130,1
7807,64.4282,89.2677,0.7217,1.3855,0.6938,0.0419,0.337994,0.351206,0.013212,0
7808,38.4429,27.7904,1.3833,0.7229,0.8233,0.0387,0.454025,0.454587,0.000561,0
7809,73.2743,85.4011,0.8580,1.1655,1.2483,0.0396,0.464951,0.466081,0.001130,1
7810,39.8914,50.8642,0.7843,1.2751,0.3752,0.0360,0.437765,0.438116,0.000351,0
7811,64.3660,87.5204,0.7354,1.3597,0.7023,0.0407,0.381843,0.388233,0.006390,0
7812,79.5642,96.9575,0.8206,1.2186,1.0521,0.0349,0.179469,0.192337,0.012869,0
7813,31.3730,22.3740,1.4022,0.7132,0.1327,0.0586,0.344440,0.594557,0.250117,0
7814,66.0964,57.1174,1.1572,0.8642,1.2493,0.0535,0.460483,0.460547,0.000064,0
7815,54.0678,43.5372,1.2419,0.8052,1.0229,0.0391,0.206581,0.210391,0.003810,0
7816,69.4656,56.2522,1.2349,0.8098,0.5341,0.0206,0.172010,0.203551,0.031541,0
7817,21.2140,25.5420,0.8306,1.2040,1.2020,0.0491,0.170032,0.170071,0.000039,0
7818,45.6246,45.8078,0.9960,1.0040,0.1105,0.0590,0.186879,0.186875,0.000003,1
7819,75.7665,85.2450,0.8888,1.1251,0.4511,0.0221,0.415462,0.417809,0.002347,1
7820,59.1015,46.0250,1.2841,0.7787,0.4826,0.0283,0.356195,0.358133,0.001937,0
7821,60.6140,50.2782,1.2056,0.8295,0.7176,0.0424,0.294072,0.294358,0.000286,0
7822,52.5681,58.2831,0.9019,1.1087,0.3298,0.0361,0.543457,0.543450,0.000007,1
7823,29.4412,40.5762,0.7256,1.3782,1.1838,0.0370,0.313884,0.314081,0.000197,0
7824,63.2966,55.5552,1.1393,0.8777,1.4577,0.0294,0.408895,0.408905,0.000011,1
7825,76.7974,78.5397,0.9778,1.0227,0.2642,0.0496,0.164246,0.164505,0.000259,1
7826,41.7060,33.0574,1.2616,0.7926,1.3317,0.0217,0.189210,0.192005,0.002795,0
7827,52.1543,43.8448,1.1895,0.8407,0.6247,0.0413,0.538977,0.538982,0.000005,0
7828,54.9486,56.0027,0.9812,1.0192,1.1001,0.0533,0.430880,0.431007,0.000127,1
7829,31.7154,35.2048,0.9009,1.1100,1.2157,0.0416,0.191017,0.191034,0.000017,1
7830,65.6569,49.7287,1.3203,0.7574,1.1461,0.0526,0.179872,0.213355,0.033484,0
7831,46.6848,57.9256,0.8059,1.2408,0.5514,0.0213,0.330474,0.330671,0.000196,0
7832,30.6058,35.7612,0.8558,1.1684,1.2514,0.0223,0.156592,0.156619,0.000027,1
7833,45.1302,33.4297,1.3500,0.7407,0.1314,0.0487,0.412764,0.528618,0.115853,0
7834,73.0912,61.5506,1.1875,0.8421,0.5837,0.0527,0.401411,0.401629,0.000217,0
7835,33.8981,39.4445,0.8594,1.1636,0.2606,0.0453,0.405672,0.405705,0.000033,1
7836,74.2888,96.3818,0.7708,1.2974,0.7056,0.0574,0.414827,0.426009,0.011182,0
7837,44.8299,61.2553,0.7319,1.3664,1.0563,0.0510,0.220925,0.222974,0.002049,0
7838,69.8703,53.8573,1.2973,0.7708,1.0246,0.0273,0.385798,0.385925,0.000127,0
7839,33.1858,45.5690,0.7283,1.3731,1.2124,0.0500,0.200575,0.202785,0.002210,0
7840,76.4074,61.8441,1.2355,0.8094,0.9349,0.0332,0.352448,0.352961,0.000513,0
7841,63.4101,75.5733,0.8391,1.1918,1.1883,0.0320,0.407991,0.408210,0.000219,0
7842,74.9956,81.1477,0.9242,1.0820,1.1167,0.0312,0.521191,0.521540,0.000349,1
7843,65.3841,61.9717,1.0551,0.9478,0.9907,0.0237,0.440182,0.440279,0.000097,1
7844,54.7050,76.2844,0.7171,1.3945,1.0339,0.0557,0.534228,0.534285,0.000057,0
7845,50.9018,39.1849,1.2990,0.7698,0.8864,0.0258,0.200526,0.216962,0.016436,0
7846,53.2218,73.1473,0.7276,1.3744,1.1775,0.0365,0.269132,0.269651,0.000519,0
7847,62.5001,54.8174,1.1402,0.8771,1.2993,0.0254,0.199940,0.199984,0.000043,1
7848,74.0379,61.0018,1.2137,0.8239,0.8263,0.0414,0.230654,0.232952,0.002298,0
7849,22.7174,24.1068,0.9424,1.0612,1.4852,0.0497,0.539856,0.539988,0.000132,1
7850,36.2511,38.1624,0.9499,1.0527,0.9910,0.0461,0.201393,0.201509,0.000116,1
7851,38.6865,50.8908,0.7602,1.3155,0.8126,0.0228,0.221316,0.227051,0.005735,0
7852,51.9126,64.5952,0.8037,1.2443,0.9773,0.0322,0.206740,0.207013,0.000273,0
7853,72.2196,96.1920,0.7508,1.3319,1.2856,0.0322,0.272977,0.283221,0.010243,0
7854,74.3364,82.4783,0.9013,1.1095,1.1959,0.0203,0.468686,0.469253,0.000566,1
7855,66.7702,49.4864,1.3493,0.7411,0.3987,0.0299,0.443637,0.447262,0.003625,0
7856,66.6457,85.2712,0.7816,1.2795,0.8548,0.0243,0.523962,0.526115,0.002153,0
7857,47.3165,52.5263,0.9008,1.1101,0.7906,0.0300,0.516088,0.516195,0.000107,1
7858,50.1822,46.4301,1.0808,0.9252,0.9576,0.0407,0.514061,0.514169,0.000108,1
7859,54.7526,39.1983,1.3968,0.7159,1.3353,0.0442,0.314837,0.317210,0.002373,0
7860,74.9974,82.5388,0.9086,1.1006,1.1853,0.0250,0.268046,0.268796,0.000750,1
7861,40.4663,39.3788,1.0276,0.9731,0.9554,0.0423,0.253177,0.253190,0.000013,1
7862,77.0592,94.2062,0.8180,1.2225,0.7174,0.0400,0.243228,0.254909,0.011681,0
7863,66.6567,92.8822,0.7176,1.3934,0.2349,0.0276,0.243789,0.300000,0.056211,0
7864,76.1840,74.1366,1.0276,0.9731,1.0462,0.0360,0.315093,0.315136,0.000043,1
7865,51.4438,40.5550,1.2685,0.7883,1.3185,0.0364,0.432540,0.432594,0.000054,0
7866,72.9374,62.6302,1.1646,0.8587,1.3139,0.0421,0.264469,0.264680,0.000211,0
7867,42.0631,53.5192,0.7859,1.2724,0.5006,0.0288,0.356256,0.356678,0.000422,0
7868,49.1366,36.3985,1.3500,0.7408,0.4386,0.0376,0.448386,0.450975,0.002589,0
7869,32.2629,44.4727,0.7255,1.3784,1.3851,0.0541,0.423055,0.423114,0.000059,0
7870,72.5712,100.9051,0.7192,1.3904,1.2692,0.0399,0.210573,0.284734,0.074161,0
7871,78.7548,82.0491,0.9599,1.0418,0.6286,0.0511,0.517516,0.517810,0.000294,1
7872,39.8730,42.0520,0.9482,1.0546,0.7858,0.0308,0.338470,0.338581,0.000111,1
7873,53.6174,66.1311,0.8108,1.2334,0.9302,0.0505,0.493541,0.493551,0.000010,0
7874,49.3747,39.2698,1.2573,0.7953,0.3340,0.0560,0.355243,0.360812,0.005569,0
7875,72.8037,88.4967,0.8227,1.2156,0.1790,0.0458,0.183692,0.300000,0.116308,0
7876,25.8541,31.2386,0.8276,1.2083,0.5985,0.0543,0.499144,0.499146,0.000002,0
7877,62.2217,77.2129,0.8058,1.2409,1.1905,0.0571,0.176881,0.177817,0.000937,0
7878,28.9908,22.7554,1.2740,0.7849,1.2861,0.0342,0.336627,0.336768,0.000142,0
7879,60.5115,66.6661,0.9077,1.1017,0.5305,0.0323,0.444662,0.444657,0.000005,1
7880,54.2143,75.1958,0.7210,1.3870,1.0542,0.0309,0.331610,0.331971,0.000362,0
7881,48.4225,65.7443,0.7365,1.3577,1.2126,0.0395,0.182154,0.186962,0.004808,0
7882,46.4046,64.6354,0.7179,1.3929,1.2742,0.0258,0.200331,0.206762,0.006431,0
7883,56.5453,39.8934,1.4174,0.7055,0.6410,0.0466,0.420687,0.424765,0.004078,0
7884,40.7373,56.6842,0.7187,1.3915,0.5305,0.0412,0.169434,0.320607,0.151173,0
7885,33.4751,26.5277,1.2619,0.7925,1.1295,0.0421,0.516637,0.516678,0.000041,0
7886,68.4915,66.6713,1.0273,0.9734,1.1035,0.0393,0.374458,0.374567,0.000110,1
7887,72.6627,88.0102,0.8256,1.2112,1.3299,0.0391,0.375617,0.377878,0.002261,0
7888,26.4437,22.3294,1.1843,0.8444,1.2396,0.0402,0.436825,0.436853,0.000028,0
7889,35.8153,36.6562,0.9771,1.0235,1.0297,0.0292,0.480564,0.480660,0.000096,1
7890,33.8597,40.4378,0.8373,1.1943,1.3535,0.0576,0.189174,0.189233,0.000059,0
7891,71.4084,52.8737,1.3505,0.7404,0.1029,0.0235,0.508947,0.627899,0.118953,0
7892,38.6773,51.8479,0.7460,1.3405,1.4046,0.0521,0.432614,0.432662,0.000048,0
7893,25.7497,21.1702,1.2163,0.8222,0.1917,0.0565,0.397200,0.402233,0.005033,0
7894,71.8973,61.6695,1.1658,0.8577,1.1253,0.0308,0.353351,0.353415,0.000064,0
7895,59.1345,78.8822,0.7497,1.3339,1.2380,0.0369,0.189149,0.193452,0.004302,0
7896,53.5423,45.4017,1.1793,0.8480,0.3242,0.0223,0.252664,0.256090,0.003426,0
7897,27.9159,22.4574,1.2431,0.8045,0.7502,0.0211,0.340277,0.340426,0.000149,0
7898,32.8434,40.5775,0.8094,1.2355,0.5090,0.0295,0.200685,0.209768,0.009083,0
7899,72.7396,54.7839,1.3278,0.7532,0.7484,0.0540,0.191212,0.258699,0.067487,0
7900,46.6079,52.2892,0.8913,1.1219,0.9682,0.0389,0.362885,0.362889,0.000004,1
7901,20.8881,22.6047,0.9241,1.0822,0.9633,0.0244,0.521825,0.521922,0.000096,1
7902,70.8115,81.4536,0.8693,1.1503,0.1671,0.0454,0.317876,0.327089,0.009213,1
7903,24.4807,28.1327,0.8702,1.1492,0.3469,0.0548,0.300224,0.300252,0.000028,1
7904,28.7033,26.9404,1.0654,0.9386,1.0463,0.0239,0.335614,0.335612,0.000001,1
7905,33.3085,37.8327,0.8804,1.1358,0.3502,0.0357,0.202516,0.202887,0.000371,1
7906,31.6019,31.2880,1.0100,0.9901,0.5265,0.0260,0.167347,0.167345,0.000001,1
7907,59.2773,70.8441,0.8367,1.1951,0.2239,0.0292,0.444125,0.444399,0.000274,0
7908,53.7309,43.5162,1.2347,0.8099,0.5967,0.0476,0.461838,0.461905,0.000067,0
7909,25.9108,22.8315,1.1349,0.8812,0.4668,0.0518,0.187306,0.189583,0.002278,1
7910,47.2085,41.9077,1.1265,0.8877,0.9736,0.0280,0.516955,0.516952,0.000002,1
7911,68.8028,63.9655,1.0756,0.9297,0.9631,0.0372,0.517772,0.517884,0.000111,1
7912,35.3227,38.4151,0.9195,1.0875,0.2363,0.0432,0.151526,0.151922,0.000396,1
7913,78.8354,67.0968,1.1749,0.8511,1.1899,0.0396,0.168543,0.172830,0.004287,0
7914,28.8717,30.3674,0.9507,1.0518,0.1456,0.0378,0.289274,0.289270,0.000004,1
7915,36.8334,48.1769,0.7645,1.3080,0.8104,0.0283,0.260904,0.262065,0.001161,0
7916,79.2602,72.6109,1.0916,0.9161,1.3167,0.0391,0.434994,0.435244,0.000249,1
7917,53.5588,62.3964,0.8584,1.1650,1.4761,0.0567,0.379414,0.379572,0.000158,1
7918,40.5560,56.0533,0.7235,1.3821,0.5122,0.0236,0.442904,0.444181,0.001277,0
7919,40.1587,44.4534,0.9034,1.1069,0.4160,0.0200,0.352533,0.352529,0.000004,1
7920,28.4872,26.9110,1.0586,0.9447,0.3293,0.0428,0.477268,0.477263,0.000005,1
7921,28.8919,20.4237,1.4146,0.7069,0.2666,0.0384,0.419918,0.481143,0.061225,0
7922,24.7462,33.5198,0.7383,1.3545,0.1408,0.0462,0.498265,0.552951,0.054686,0
7923,79.4580,93.9492,0.8458,1.1824,1.2691,0.0569,0.484251,0.487053,0.002802,0
7924,67.6473,78.2099,0.8649,1.1561,1.4054,0.0549,0.218435,0.219128,0.000694,1
7925,20.3369,22.0704,0.9215,1.0852,0.9059,0.0443,0.318084,0.318196,0.000112,1
7926,22.4134,18.1471,1.2351,0.8097,1.4407,0.0346,0.320501,0.320583,0.000082,0
7927,64.5051,78.9385,0.8172,1.2238,0.1414,0.0322,0.374897,0.407685,0.032788,0
7928,63.9521,59.0748,1.0826,0.9237,1.4512,0.0283,0.252225,0.252237,0.000012,1
7929,42.2352,58.9163,0.7169,1.3950,0.7417,0.0545,0.288823,0.292462,0.003639,0
7930,79.0368,97.1810,0.8133,1.2296,0.1765,0.0526,0.371870,0.387931,0.016062,0
7931,68.1088,75.2354,0.9053,1.1046,0.7626,0.0314,0.289164,0.289477,0.000313,1
7932,31.3218,33.0113,0.9488,1.0539,1.1653,0.0482,0.255313,0.255434,0.000121,1
7933,42.0667,40.1714,1.0472,0.9549,1.4772,0.0273,0.252847,0.252857,0.000010,1
7934,78.5534,89.3019,0.8796,1.1368,1.3500,0.0227,0.246097,0.248365,0.002268,1
7935,33.1016,35.5724,0.9305,1.0746,0.2404,0.0420,0.222634,0.222635,0.000001,1
7936,54.6281,50.5599,1.0805,0.9255,0.6805,0.0315,0.279936,0.279935,0.000000,1
7937,46.2654,43.5702,1.0619,0.9417,0.9427,0.0296,0.378413,0.378413,0.000000,1
7938,77.1215,100.3090,0.7688,1.3007,1.4375,0.0532,0.297453,0.307687,0.010234,0
7939,66.8307,66.2053,1.0094,0.9906,0.8511,0.0475,0.315703,0.315715,0.000011,1
7940,20.9247,20.5819,1.0167,0.9836,0.8730,0.0590,0.222378,0.222413,0.000035,1
7941,46.9301,51.2512,0.9157,1.0921,0.4564,0.0307,0.508055,0.508049,0.000006,1
7942,58.5559,45.9065,1.2755,0.7840,0.3827,0.0557,0.176612,0.313983,0.137371,0
7943,27.4435,33.8508,0.8107,1.2335,0.5126,0.0289,0.458835,0.458852,0.000017,0
7944,74.5671,67.0005,1.1129,0.8985,1.2853,0.0387,0.179579,0.179995,0.000417,1
7945,28.8278,37.3499,0.7718,1.2956,1.0415,0.0521,0.533105,0.533124,0.000019,0
7946,43.3155,39.6937,1.0912,0.9164,1.0345,0.0382,0.286271,0.286285,0.000014,1
7947,76.4238,99.9126,0.7649,1.3073,1.3635,0.0545,0.451852,0.459332,0.007480,0
7948,43.0427,36.5288,1.1783,0.8487,0.3034,0.0556,0.206642,0.230803,0.024161,0
7949,26.0170,19.5197,1.3329,0.7503,0.2708,0.0222,0.378230,0.406382,0.028153,0
7950,72.9319,74.8779,0.9740,1.0267,0.6256,0.0401,0.368635,0.368795,0.000161,1
7951,61.6797,53.5827,1.1511,0.8687,0.9649,0.0591,0.279545,0.279665,0.000120,0
7952,70.4471,80.0818,0.8797,1.1368,1.1349,0.0240,0.187587,0.188721,0.001134,1
7953,67.5192,67.6143,0.9986,1.0014,0.8057,0.0302,0.458847,0.458955,0.000107,1
7954,41.7261,38.3932,1.0868,0.9201,0.5849,0.0566,0.437509,0.437515,0.000006,1
7955,65.6148,84.0980,0.7802,1.2817,1.3434,0.0537,0.266276,0.268516,0.002240,0
7956,45.4341,59.0129,0.7699,1.2989,1.2292,0.0399,0.331866,0.331892,0.000026,0
7957,21.3697,28.5781,0.7478,1.3373,0.3981,0.0474,0.473386,0.474068,0.000681,0
7958,37.7270,35.2438,1.0705,0.9342,1.4777,0.0374,0.267435,0.267468,0.000033,1
7959,42.5300,53.0048,0.8024,1.2463,0.3953,0.0477,0.271781,0.275116,0.003335,0
7960,60.5499,55.4340,1.0923,0.9155,0.8862,0.0475,0.209181,0.209224,0.000042,1
7961,36.4672,46.0409,0.7921,1.2625,1.0266,0.0494,0.193507,0.193807,0.000300,0
7962,24.6144,30.9507,0.7953,1.2574,0.9675,0.0258,0.252322,0.252461,0.000138,0
7963,39.7284,55.5111,0.7157,1.3973,0.8700,0.0231,0.491197,0.491308,0.000111,0
7964,29.7818,35.2750,0.8443,1.1844,0.2947,0.0584,0.435128,0.435153,0.000025,0
7965,31.5360,41.6563,0.7571,1.3209,1.3314,0.0497,0.514306,0.514339,0.000033,0
7966,66.6292,76.3425,0.8728,1.1458,0.7932,0.0467,0.246121,0.246751,0.000630,1
7967,66.7190,61.3526,1.0875,0.9196,1.4512,0.0449,0.221181,0.221256,0.000075,1
7968,41.2555,43.9057,0.9396,1.0642,1.1461,0.0585,0.519970,0.520106,0.000136,1
7969,70.6467,62.9134,1.1229,0.8905,0.2213,0.0552,0.427169,0.427324,0.000155,1
7970,48.2504,54.0835,0.8921,1.1209,1.4542,0.0459,0.398006,0.398125,0.000119,1
7971,26.8648,28.9608,0.9276,1.0780,0.9547,0.0454,0.355170,0.355282,0.000112,1
7972,51.9071,54.4010,0.9542,1.0480,0.2656,0.0381,0.193397,0.193395,0.000002,1
7973,74.6110,76.2560,0.9784,1.0220,1.0186,0.0560,0.177894,0.177978,0.000084,1
7974,30.5802,33.1600,0.9222,1.0844,0.3997,0.0515,0.194630,0.194631,0.000000,1
7975,35.8849,28.9701,1.2387,0.8073,1.1629,0.0472,0.369880,0.369986,0.000106,0
7976,21.0218,28.9517,0.7261,1.3772,1.2073,0.0440,0.517431,0.517460,0.000029,0
7977,47.6589,54.4448,0.8754,1.1424,0.6104,0.0204,0.272379,0.272382,0.000002,1
7978,76.2737,71.1442,1.0721,0.9327,0.4139,0.0593,0.521911,0.522163,0.000252,1
7979,41.5595,56.5230,0.7353,1.3601,0.1117,0.0426,0.365876,0.542715,0.176839,0
7980,49.5212,37.3308,1.3266,0.7538,0.4526,0.0469,0.500121,0.500857,0.000737,0
7981,48.7777,58.3343,0.8362,1.1959,0.5779,0.0460,0.192470,0.193233,0.000764,0
7982,24.8872,20.0985,1.2383,0.8076,0.5909,0.0518,0.158777,0.204559,0.045782,0
7983,29.0127,27.8190,1.0429,0.9589,0.5526,0.0540,0.524352,0.524487,0.000135,1
7984,61.8665,78.0501,0.7927,1.2616,0.7608,0.0421,0.322576,0.323547,0.000971,0
7985,67.0412,56.6377,1.1837,0.8448,0.9695,0.0383,0.484544,0.484555,0.000011,0
7986,30.5545,38.6386,0.7908,1.2646,0.3943,0.0553,0.315593,0.317306,0.001712,0
7987,25.9694,35.0673,0.7406,1.3503,0.2046,0.0343,0.542993,0.550982,0.007989,0
7988,37.4468,39.4868,0.9483,1.0545,1.3111,0.0596,0.491746,0.491904,0.000157,1
7989,50.3708,50.3837,0.9997,1.0003,1.0874,0.0282,0.483091,0.483185,0.000094,1
7990,63.8240,76.3747,0.8357,1.1966,0.3946,0.0412,0.229397,0.234955,0.005558,0
7991,52.3447,47.4647,1.1028,0.9068,1.1179,0.0491,0.213137,0.213212,0.000076,1
7992,28.3499,23.3255,1.2154,0.8228,0.3825,0.0596,0.431466,0.431704,0.000238,0
7993,67.0540,47.3876,1.4150,0.7067,0.1574,0.0599,0.532177,0.609043,0.076866,0
7994,29.5547,23.4929,1.2580,0.7949,0.7769,0.0595,0.228896,0.238811,0.009914,0
7995,68.5354,73.5632,0.9317,1.0734,0.5667,0.0423,0.500938,0.501172,0.000234,1
7996,70.3592,98.1737,0.7167,1.3953,0.8151,0.0289,0.224294,0.448682,0.224388,0
7997,69.4107,66.0180,1.0514,0.9511,1.2495,0.0396,0.166810,0.166865,0.000056,1
7998,22.7503,24.6234,0.9239,1.0823,0.8158,0.0485,0.481333,0.481449,0.000115,1
7999,66.8123,53.9294,1.2389,0.8072,0.7897,0.0267,0.294768,0.295131,0.000363,0
8000,64.0730,63.2873,1.0124,0.9877,0.7945,0.0562,0.216726,0.216748,0.000023,1
8001,78.9892,56.7538,1.3918,0.7185,0.1182,0.0370,0.317241,0.680761,0.363520,0
8002,34.1838,34.3211,0.9960,1.0040,0.4072,0.0286,0.233938,0.234091,0.000153,1
8003,60.1563,54.4465,1.1049,0.9051,1.3979,0.0390,0.181751,0.181831,0.000079,1
8004,33.0192,31.5717,1.0458,0.9562,0.8065,0.0207,0.199965,0.199963,0.000001,1
8005,22.6514,24.1549,0.9378,1.0664,0.1317,0.0308,0.198097,0.198198,0.000100,1
8006,67.7169,75.0846,0.9019,1.1088,1.2545,0.0455,0.162488,0.162851,0.000363,1
8007,52.9508,67.1133,0.7890,1.2675,0.5670,0.0233,0.415487,0.415566,0.000079,0
8008,55.6407,70.4038,0.7903,1.2653,0.9021,0.0320,0.479221,0.479225,0.000003,0
8009,38.9538,44.3837,0.8777,1.1394,1.3585,0.0293,0.545495,0.545582,0.000086,1
8010,41.1585,33.1914,1.2400,0.8064,0.4004,0.0497,0.239224,0.264041,0.024817,0
8011,47.8622,52.3795,0.9138,1.0944,1.0355,0.0215,0.437863,0.437956,0.000093,1
8012,38.0090,31.5748,1.2038,0.8307,0.9197,0.0554,0.543628,0.543665,0.000037,0
8013,64.1371,76.7384,0.8358,1.1965,0.7803,0.0366,0.264042,0.264804,0.000763,0
8014,72.5730,75.0893,0.9665,1.0347,0.2990,0.0382,0.532995,0.533256,0.000261,1
8015,53.3280,61.9396,0.8610,1.1615,0.8245,0.0338,0.317095,0.317095,0.000000,1
8016,64.1664,47.7650,1.3434,0.7444,0.2057,0.0213,0.449509,0.481719,0.032210,0
8017,57.1789,44.1368,1.2955,0.7719,0.6996,0.0376,0.546728,0.546789,0.000061,0
8018,43.8630,31.6149,1.3874,0.7208,0.1221,0.0447,0.153723,0.609323,0.455599,0
8019,25.9859,35.6536,0.7288,1.3720,1.1001,0.0502,0.264884,0.265382,0.000498,0
8020,50.9622,53.1647,0.9586,1.0432,1.0800,0.0532,0.229409,0.229540,0.000130,1
8021,33.2279,24.6807,1.3463,0.7428,0.7111,0.0307,0.329730,0.333308,0.003578,0
8022,63.5749,61.7754,1.0291,0.9717,0.8933,0.0245,0.154151,0.154151,0.000001,1
8023,72.4595,82.0490,0.8831,1.1323,1.2965,0.0531,0.194752,0.196051,0.001299,1
8024,44.2439,41.1220,1.0759,0.9294,1.3869,0.0307,0.439450,0.439542,0.000092,1
8025,64.8091,59.8858,1.0822,0.9240,1.1054,0.0412,0.345123,0.345141,0.000018,1
8026,60.7093,71.4712,0.8494,1.1773,0.3433,0.0203,0.400874,0.401008,0.000133,0
8027,64.8347,87.3475,0.7423,1.3472,1.3171,0.0535,0.284501,0.288238,0.003737,0
8028,63.3039,50.8217,1.2456,0.8028,1.3786,0.0451,0.357318,0.357442,0.000124,0
8029,20.1740,25.4913,0.7914,1.2636,1.4741,0.0260,0.433541,0.433545,0.000003,0
8030,71.5036,68.7159,1.0406,0.9610,0.2806,0.0558,0.227566,0.227678,0.000112,1
8031,74.2357,65.5180,1.1331,0.8826,0.5357,0.0421,0.504845,0.505086,0.000241,1
8032,50.4331,66.2450,0.7613,1.3135,0.4712,0.0422,0.543774,0.543855,0.000081,0
8033,38.1994,40.4476,0.9444,1.0589,1.3843,0.0405,0.179579,0.179691,0.000112,1
8034,50.9934,64.3850,0.7920,1.2626,0.9712,0.0221,0.482701,0.482702,0.000001,0
8035,56.8566,56.3780,1.0085,0.9916,0.8124,0.0355,0.477207,0.477316,0.000109,1
8036,32.4772,42.0705,0.7720,1.2954,0.7214,0.0490,0.279704,0.280189,0.000485,0
8037,69.1433,53.0503,1.3034,0.7673,0.8927,0.0598,0.332440,0.333801,0.001361,0
8038,51.2662,50.5850,1.0135,0.9867,1.1210,0.0443,0.384199,0.384312,0.000113,1
8039,76.8377,57.7768,1.3299,0.7519,0.4465,0.0597,0.422701,0.427651,0.004950,0
8040,31.2503,30.9019,1.0113,0.9888,0.9637,0.0418,0.191627,0.191641,0.000014,1
8041,20.7160,17.2273,1.2025,0.8316,0.7664,0.0247,0.274003,0.274199,0.000196,0
8042,78.2623,54.9675,1.4238,0.7023,0.3546,0.0342,0.393818,0.439008,0.045189,0
8043,40.3272,48.8173,0.8261,1.2105,0.2835,0.0512,0.165137,0.229708,0.064571,0
8044,69.6908,84.5193,0.8246,1.2128,1.2536,0.0498,0.177882,0.181058,0.003176,0
8045,38.7707,54.0189,0.7177,1.3933,0.1796,0.0240,0.197328,0.300000,0.102672,0
8046,49.0066,35.6342,1.3753,0.7271,0.3846,0.0348,0.523388,0.525576,0.002188,0
8047,45.1650,57.9300,0.7796,1.2826,0.4941,0.0388,0.150464,0.228599,0.078135,0
8048,50.6455,70.6429,0.7169,1.3949,0.1614,0.0325,0.548169,0.590971,0.042802,0
8049,62.0331,50.5118,1.2281,0.8143,0.1564,0.0246,0.457602,0.462475,0.004872,0
8050,61.1597,53.8796,1.1351,0.8810,0.3645,0.0239,0.485594,0.485590,0.000004,1
8051,20.5017,20.5517,0.9976,1.0024,0.8462,0.0245,0.244949,0.245056,0.000107,1
8052,35.1360,39.3386,0.8932,1.1196,0.3583,0.0457,0.488731,0.488726,0.000005,1
8053,40.2136,43.4507,0.9255,1.0805,0.7259,0.0201,0.358332,0.358327,0.000004,1
8054,76.7186,87.7208,0.8746,1.1434,0.8195,0.0220,0.301946,0.304699,0.002753,1
8055,60.7605,46.9041,1.2954,0.7720,1.1871,0.0478,0.274943,0.276471,0.001529,0
8056,36.9945,40.8307,0.9060,1.1037,0.8400,0.0330,0.166053,0.166055,0.000002,1
8057,74.9242,90.4948,0.8279,1.2078,1.4606,0.0500,0.435214,0.437533,0.002319,0
8058,71.8021,100.4585,0.7147,1.3991,0.4490,0.0512,0.180091,0.305515,0.125424,0
8059,68.3065,68.6436,0.9951,1.0049,0.9547,0.0522,0.470493,0.470613,0.000120,1
8060,40.7373,51.2328,0.7951,1.2576,1.0313,0.0389,0.181141,0.181799,0.000658,0
8061,72.6939,52.5613,1.3830,0.7231,0.3659,0.0396,0.500108,0.504568,0.004459,0
8062,54.3461,49.2204,1.1041,0.9057,0.1942,0.0322,0.273258,0.273475,0.000216,1
8063,49.2172,64.6080,0.7618,1.3127,1.4372,0.0370,0.175318,0.176053,0.000735,0
8064,79.5752,67.1128,1.1857,0.8434,0.7150,0.0203,0.287114,0.288682,0.001569,0
8065,29.5621,39.6615,0.7454,1.3416,0.7891,0.0327,0.307659,0.308475,0.000816,0
8066,41.6218,52.8003,0.7883,1.2686,0.2645,0.0433,0.334222,0.344651,0.010429,0
8067,36.4928,30.2537,1.2062,0.8290,1.1987,0.0335,0.185755,0.187304,0.001548,0
8068,60.3778,71.6950,0.8421,1.1874,1.4299,0.0512,0.282682,0.282761,0.000078,0
8069,56.5361,51.6555,1.0945,0.9137,0.3175,0.0488,0.307170,0.307180,0.000010,1
8070,59.4092,56.8455,1.0451,0.9568,0.3167,0.0307,0.276261,0.276258,0.000003,1
8071,25.1161,23.1244,1.0861,0.9207,0.9919,0.0300,0.281046,0.281050,0.000004,1
8072,72.5529,91.2886,0.7948,1.2582,0.2793,0.0587,0.193800,0.280090,0.086290,0
8073,65.3236,88.8896,0.7349,1.3608,0.7335,0.0539,0.542016,0.546469,0.004452,0
8074,74.7429,93.0430,0.8033,1.2448,1.0809,0.0338,0.453745,0.458100,0.004355,0
8075,33.3213,46.0021,0.7243,1.3806,0.1737,0.0233,0.507628,0.549566,0.041938,0
8076,27.6284,35.0286,0.7887,1.2678,1.3975,0.0449,0.256143,0.256178,0.000035,0
8077,23.7300,20.7542,1.1434,0.8746,0.3965,0.0392,0.359223,0.359250,0.000027,1
8078,44.0919,49.1011,0.8980,1.1136,0.8264,0.0535,0.274577,0.274588,0.000012,1
8079,74.4444,85.6262,0.8694,1.1502,0.9441,0.0404,0.179640,0.182925,0.003286,1
8080,26.4748,29.3067,0.9034,1.1070,1.0141,0.0525,0.210829,0.210852,0.000023,1
8081,40.0708,48.1021,0.8330,1.2004,1.1190,0.0566,0.191859,0.191896,0.000036,0
8082,48.8235,48.6671,1.0032,0.9968,0.3617,0.0279,0.357379,0.357541,0.000161,1
8083,33.7315,32.6881,1.0319,0.9691,1.0276,0.0312,0.358673,0.358774,0.000100,1
8084,61.0022,65.4318,0.9323,1.0726,0.7626,0.0287,0.426046,0.426156,0.000110,1
8085,45.9706,44.8619,1.0247,0.9759,0.7068,0.0428,0.476402,0.476520,0.000119,1
8086,39.8712,52.0413,0.7661,1.3052,0.1625,0.0445,0.445541,0.472529,0.026987,0
8087,74.5085,59.3489,1.2554,0.7965,0.9145,0.0325,0.174488,0.193680,0.019192,0
8088,27.2420,21.7442,1.2528,0.7982,0.9760,0.0449,0.356720,0.356883,0.000163,0
8089,76.9622,80.6747,0.9540,1.0482,0.4317,0.0441,0.167774,0.168576,0.000802,1
8090,63.4321,58.0009,1.0936,0.9144,0.5202,0.0514,0.290861,0.290871,0.000010,1
8091,68.0117,88.7204,0.7666,1.3045,0.6815,0.0256,0.350031,0.357548,0.007518,0
8092,36.6631,38.3048,0.9571,1.0448,0.6130,0.0282,0.455246,0.455368,0.000122,1
8093,20.1996,23.0533,0.8762,1.1413,1.4050,0.0320,0.314678,0.314686,0.000008,1
8094,69.6158,80.0351,0.8698,1.1497,0.9070,0.0376,0.519262,0.519832,0.000571,1
8095,51.3633,45.5291,1.1281,0.8864,1.3111,0.0484,0.292619,0.292691,0.000072,1
8096,22.6002,17.2570,1.3096,0.7636,0.3589,0.0205,0.245303,0.313198,0.067895,0
8097,68.7387,82.0561,0.8377,1.1937,0.9213,0.0418,0.357440,0.358861,0.001421,0
8098,55.8879,47.6868,1.1720,0.8533,1.0492,0.0255,0.290947,0.290967,0.000020,0
8099,27.9635,27.4306,1.0194,0.9809,0.9261,0.0228,0.514159,0.514257,0.000098,1
8100,68.6837,74.7598,0.9187,1.0885,0.5450,0.0419,0.271525,0.271869,0.000344,1
8101,31.6605,23.4792,1.3484,0.7416,0.5405,0.0247,0.211086,0.296581,0.085495,0
8102,67.1969,91.8793,0.7314,1.3673,1.3029,0.0436,0.367695,0.372928,0.005234,0
8103,34.7404,47.0929,0.7377,1.3556,0.8623,0.0593,0.342608,0.342789,0.000181,0
8104,36.1248,34.9795,1.0327,0.9683,0.2302,0.0543,0.237417,0.237415,0.000002,1
8105,59.5282,75.3328,0.7902,1.2655,0.5779,0.0251,0.196071,0.215469,0.019398,0
8106,24.6400,17.6791,1.3937,0.7175,0.6270,0.0259,0.399556,0.402663,0.003107,0
8107,50.5942,47.9796,1.0545,0.9483,0.7924,0.0201,0.287626,0.287623,0.000003,1
8108,36.7602,36.6926,1.0018,0.9982,0.2880,0.0220,0.244095,0.244278,0.000183,1
8109,34.4401,47.3760,0.7270,1.3756,1.1700,0.0346,0.279118,0.279575,0.000457,0
8110,44.5955,32.6440,1.3661,0.7320,0.9463,0.0423,0.243716,0.262936,0.019220,0
8111,70.4544,92.5766,0.7610,1.3140,0.6258,0.0213,0.222304,0.392723,0.170418,0
8112,28.6978,24.6546,1.1640,0.8591,1.4432,0.0446,0.242300,0.242443,0.000143,0
8113,64.1426,61.3006,1.0464,0.9557,1.3850,0.0525,0.286747,0.286827,0.000080,1
8114,20.1135,15.6740,1.2832,0.7793,0.7978,0.0482,0.527795,0.527860,0.000065,0
8115,39.2651,38.1386,1.0295,0.9713,0.9981,0.0557,0.344049,0.344084,0.000035,1
8116,21.4612,28.4479,0.7544,1.3256,0.1029,0.0398,0.210183,0.050000,0.160183,0
8117,49.5175,66.2684,0.7472,1.3383,1.1477,0.0265,0.153967,0.171249,0.017282,0
8118,26.5242,30.7661,0.8621,1.1599,1.0555,0.0393,0.270170,0.270177,0.000007,1
8119,30.3366,24.2337,1.2518,0.7988,0.4722,0.0577,0.476707,0.476892,0.000185,0
8120,67.5027,77.6201,0.8697,1.1499,0.9231,0.0312,0.169312,0.170417,0.001104,1
8121,44.8647,37.3457,1.2013,0.8324,0.2462,0.0425,0.270634,0.286878,0.016244,0
8122,23.0744,23.9154,0.9648,1.0364,1.4268,0.0364,0.369990,0.370090,0.000101,1
8123,62.3811,67.1039,0.9296,1.0757,0.8685,0.0319,0.276725,0.276727,0.000002,1
8124,26.9527,31.9034,0.8448,1.1837,1.3573,0.0373,0.151599,0.151624,0.000025,0
8125,40.3107,55.4997,0.7263,1.3768,0.5899,0.0362,0.187880,0.284080,0.096200,0
8126,52.5187,70.1435,0.7487,1.3356,0.7131,0.0284,0.378938,0.379228,0.000291,0
8127,59.6545,72.4469,0.8234,1.2144,0.6431,0.0449,0.305681,0.305801,0.000120,0
8128,22.4995,25.7540,0.8736,1.1446,0.7292,0.0592,0.429379,0.429388,0.000009,1
8129,45.7601,52.1211,0.8780,1.1390,0.3878,0.0370,0.547363,0.547356,0.000007,1
8130,70.4874,71.0084,0.9927,1.0074,0.5310,0.0582,0.167823,0.167834,0.000011,1
8131,69.5499,68.3389,1.0177,0.9826,0.3328,0.0243,0.531628,0.531798,0.000171,1
8132,71.2418,98.9532,0.7200,1.3890,0.2739,0.0420,0.521325,0.327220,0.194105,0
8133,65.7265,48.2284,1.3628,0.7338,0.4150,0.0558,0.495445,0.497886,0.002441,0
8134,66.5578,84.9000,0.7840,1.2756,0.2845,0.0585,0.299980,0.317292,0.017312,0
8135,42.0283,40.3547,1.0415,0.9602,1.3854,0.0435,0.221926,0.221974,0.000048,1
8136,50.4184,70.4964,0.7152,1.3982,0.4914,0.0266,0.486619,0.487656,0.001037,0
8137,64.4594,89.0410,0.7239,1.3814,1.2366,0.0283,0.245303,0.255043,0.009739,0
8138,28.8699,39.3620,0.7334,1.3634,1.2849,0.0241,0.324334,0.324457,0.000123,0
8139,65.2651,67.2031,0.9712,1.0297,1.3950,0.0356,0.190040,0.190146,0.000106,1
8140,43.8960,45.6665,0.9612,1.0403,1.4554,0.0483,0.219973,0.220115,0.000142,1
8141,50.7004,49.5967,1.0223,0.9782,0.3581,0.0437,0.248917,0.248915,0.000002,1
8142,54.1704,55.7789,0.9712,1.0297,0.8105,0.0456,0.400423,0.400538,0.000116,1
8143,61.8647,58.5025,1.0575,0.9457,0.6594,0.0556,0.158618,0.158662,0.000044,1
8144,66.2374,80.4188,0.8237,1.2141,1.2222,0.0380,0.259867,0.261039,0.001172,0
8145,21.4667,15.0776,1.4237,0.7024,0.3711,0.0322,0.241934,0.364548,0.122614,0
8146,35.1634,38.6377,0.9101,1.0988,1.0003,0.0323,0.267997,0.267998,0.000002,1
8147,20.0641,21.6779,0.9256,1.0804,0.6800,0.0347,0.201552,0.201551,0.000000,1
8148,51.2955,42.8862,1.1961,0.8361,0.7831,0.0431,0.222512,0.223839,0.001327,0
8149,74.2485,61.1737,1.2137,0.8239,0.6613,0.0201,0.423556,0.423783,0.000227,0
8150,67.0467,81.7795,0.8198,1.2197,0.7755,0.0496,0.173609,0.179236,0.005627,0
8151,64.2598,70.2643,0.9145,1.0934,1.1224,0.0254,0.227371,0.227410,0.000039,1
8152,62.1632,48.4955,1.2818,0.7801,0.9030,0.0229,0.374274,0.374406,0.000132,0
8153,66.9497,76.6110,0.8739,1.1443,0.5503,0.0456,0.434115,0.434653,0.000538,1
8154,45.0862,33.2758,1.3549,0.7380,1.2823,0.0577,0.166797,0.218707,0.051910,0
8155,59.2242,54.5075,1.0865,0.9204,1.0551,0.0404,0.466709,0.466719,0.000010,1
8156,49.3564,60.6152,0.8143,1.2281,0.6914,0.0567,0.454697,0.454704,0.000008,0
8157,35.0133,29.2373,1.1976,0.8350,0.4380,0.0465,0.392879,0.393008,0.000130,0
8158,75.1439,91.3365,0.8227,1.2155,1.4503,0.0569,0.378205,0.381220,0.003015,0
8159,32.4424,36.6396,0.8854,1.1294,1.1878,0.0459,0.525939,0.526047,0.000108,1
8160,74.1295,69.7982,1.0621,0.9416,1.4462,0.0588,0.462876,0.463108,0.000232,1
8161,25.0374,29.9973,0.8347,1.1981,0.8148,0.0490,0.458371,0.458376,0.000005,0
8162,48.9865,52.9537,0.9251,1.0810,0.1595,0.0271,0.292289,0.292298,0.000009,1
8163,28.8992,21.4203,1.3491,0.7412,0.3253,0.0503,0.369916,0.400257,0.030340,0
8164,23.7648,24.0932,0.9864,1.0138,0.4173,0.0385,0.319658,0.319809,0.000151,1
8165,74.3126,90.6531,0.8197,1.2199,1.1130,0.0518,0.374006,0.377688,0.003683,0
8166,66.2978,82.7752,0.8009,1.2485,1.2104,0.0268,0.427145,0.428338,0.001193,0
8167,22.6807,17.2405,1.3156,0.7601,0.9580,0.0503,0.396040,0.396412,0.000371,0
8168,35.7622,46.9026,0.7625,1.3115,0.4316,0.0396,0.318059,0.323349,0.005290,0
8169,75.6200,101.3834,0.7459,1.3407,1.0649,0.0542,0.261258,0.280571,0.019313,0
8170,55.2159,54.3879,1.0152,0.9850,1.1899,0.0381,0.433639,0.433741,0.000102,1
8171,59.8248,60.5610,0.9878,1.0123,0.4053,0.0548,0.362226,0.362380,0.000154,1
8172,57.7227,73.0382,0.7903,1.2653,0.4240,0.0375,0.474509,0.474645,0.000136,0
8173,76.6839,85.2303,0.8997,1.1115,0.9376,0.0215,0.523022,0.523903,0.000881,1
8174,33.3341,25.4468,1.3100,0.7634,1.2286,0.0440,0.226821,0.233265,0.006444,0
8175,56.7138,75.9233,0.7470,1.3387,0.6335,0.0285,0.331280,0.333350,0.002070,0
8176,59.8871,55.0370,1.0881,0.9190,1.2183,0.0486,0.293291,0.293340,0.000050,1
8177,33.6418,42.3731,0.7939,1.2595,0.5126,0.0371,0.519652,0.519670,0.000017,0
8178,20.9760,24.8588,0.8438,1.1851,0.3407,0.0441,0.161707,0.185751,0.024044,0
8179,28.4707,29.5971,0.9619,1.0396,0.5646,0.0561,0.194179,0.194317,0.000138,1
8180,47.1609,61.1348,0.7714,1.2963,1.4007,0.0487,0.256876,0.256927,0.000051,0
8181,47.9281,35.2688,1.3589,0.7359,0.1790,0.0336,0.280168,0.536706,0.256538,0
8182,28.6740,20.2482,1.4161,0.7062,0.1429,0.0553,0.466123,0.608927,0.142805,0
8183,51.6617,68.0321,0.7594,1.3169,1.1962,0.0485,0.534826,0.534849,0.000023,0
8184,67.4899,94.1282,0.7170,1.3947,0.8315,0.0373,0.154505,0.359714,0.205210,0
8185,45.9047,62.6475,0.7327,1.3647,1.2091,0.0350,0.511071,0.511091,0.000021,0
8186,30.6845,26.1222,1.1747,0.8513,1.0442,0.0434,0.343121,0.343162,0.000041,0
8187,75.7207,84.2051,0.8992,1.1120,1.3498,0.0519,0.198561,0.199874,0.001313,1
8188,23.4956,32.1008,0.7319,1.3662,0.6365,0.0432,0.361481,0.362514,0.001032,0
8189,50.6656,43.9961,1.1516,0.8684,0.1852,0.0583,0.365290,0.366042,0.000752,0
8190,46.4467,62.7373,0.7403,1.3507,0.1001,0.0319,0.155396,0.200000,0.044604,0
8191,27.4581,24.3181,1.1291,0.8856,0.3683,0.0423,0.527282,0.527278,0.000004,1
8192,24.2170,19.2200,1.2600,0.7937,0.4239,0.0483,0.381806,0.383126,0.001319,0
8193,65.3548,58.0723,1.1254,0.8886,1.2468,0.0498,0.233950,0.234056,0.000105,1
8194,61.8336,54.6317,1.1318,0.8835,1.4281,0.0543,0.304289,0.304414,0.000125,1
8195,23.0378,28.4717,0.8091,1.2359,0.9795,0.0244,0.423251,0.423251,0.000000,0
8196,63.8533,58.8893,1.0843,0.9223,1.1696,0.0247,0.366645,0.366645,0.000000,1
8197,57.3748,56.0241,1.0241,0.9765,0.5254,0.0433,0.223049,0.223050,0.000001,1
8198,32.0945,40.5168,0.7921,1.2624,0.3731,0.0363,0.215664,0.245809,0.030145,0
8199,51.7734,57.1001,0.9067,1.1029,0.6454,0.0382,0.204506,0.204506,0.000000,1
8200,64.3587,74.4064,0.8650,1.1561,0.5131,0.0236,0.320928,0.321353,0.000424,1
8201,22.8858,22.2644,1.0279,0.9728,1.4375,0.0352,0.378034,0.378135,0.000100,1
8202,58.3453,78.4190,0.7440,1.3441,1.3214,0.0341,0.245535,0.246517,0.000982,0
8203,26.1470,35.4474,0.7376,1.3557,1.0161,0.0541,0.414046,0.414095,0.000049,0
8204,28.8003,22.4201,1.2846,0.7785,0.1117,0.0295,0.310918,0.541527,0.230609,0
8205,20.9394,19.9119,1.0516,0.9509,1.2039,0.0440,0.518310,0.518420,0.000111,1
8206,79.4873,71.4723,1.1121,0.8992,0.9540,0.0343,0.317559,0.318146,0.000587,1
8207,42.4219,42.7845,0.9915,1.0085,1.4058,0.0366,0.345441,0.345543,0.000102,1
8208,22.3182,24.6716,0.9046,1.1054,0.5922,0.0381,0.384870,0.384868,0.000003,1
8209,36.6411,30.8949,1.1860,0.8432,0.2635,0.0495,0.544592,0.544637,0.000045,0
8210,71.4377,51.9598,1.3749,0.7273,1.0342,0.0237,0.505113,0.505227,0.000113,0
8211,66.1971,63.7958,1.0376,0.9637,0.3118,0.0391,0.447421,0.447417,0.000004,1
8212,27.5863,22.9689,1.2010,0.8326,0.9472,0.0330,0.319634,0.319688,0.000054,0
8213,42.7039,35.1949,1.2134,0.8242,0.1508,0.0387,0.281339,0.336401,0.055062,0
8214,35.5278,37.3107,0.9522,1.0502,0.7224,0.0522,0.170423,0.170432,0.000009,1
8215,27.3025,30.7840,0.8869,1.1275,0.2933,0.0513,0.169825,0.171335,0.001510,1
8216,51.6233,40.4561,1.2760,0.7837,0.3176,0.0377,0.305425,0.328186,0.022761,0
8217,58.7976,62.9942,0.9334,1.0714,0.9062,0.0534,0.516808,0.516926,0.000118,1
8218,47.9775,60.8201,0.7888,1.2677,0.3135,0.0377,0.473252,0.473608,0.000356,0
8219,78.4307,70.2944,1.1157,0.8963,1.0296,0.0584,0.213417,0.214335,0.000917,1
8220,50.8725,51.9191,0.9798,1.0206,0.8072,0.0399,0.281437,0.281552,0.000115,1
8221,38.0090,48.4974,0.7837,1.2759,1.3866,0.0284,0.303288,0.303304,0.000016,0
8222,72.2672,73.1457,0.9880,1.0122,1.3881,0.0384,0.461447,0.461552,0.000104,1
8223,21.8073,16.5654,1.3164,0.7596,1.0765,0.0363,0.346161,0.346590,0.000429,0
8224,51.3797,47.5073,1.0815,0.9246,0.8703,0.0425,0.234719,0.234736,0.000016,1
8225,39.8694,52.8225,0.7548,1.3249,0.9473,0.0324,0.180042,0.190155,0.010112,0
8226,46.3460,64.1359,0.7226,1.3838,0.2738,0.0580,0.356269,0.406195,0.049926,0
8227,58.3709,59.3934,0.9828,1.0175,0.1393,0.0213,0.548401,0.548660,0.000259,1
8228,30.9684,40.5050,0.7646,1.3079,0.3190,0.0403,0.374860,0.380557,0.005697,0
8229,39.2450,28.5279,1.3757,0.7269,0.2615,0.0225,0.381355,0.438743,0.057388,0
8230,66.5029,46.7424,1.4228,0.7029,0.4089,0.0311,0.244571,0.349424,0.104853,0
8231,63.7507,61.0542,1.0442,0.9577,1.3819,0.0573,0.249380,0.249496,0.000115,1
8232,60.2826,58.1332,1.0370,0.9643,0.8922,0.0554,0.296867,0.296895,0.000028,1
8233,70.5148,70.7905,0.9961,1.0039,1.1473,0.0446,0.492210,0.492320,0.000110,1
8234,39.7925,46.2268,0.8608,1.1617,1.3023,0.0542,0.190602,0.190648,0.000046,1
8235,25.4769,20.1594,1.2638,0.7913,1.3889,0.0411,0.217849,0.220027,0.002179,0
8236,29.5676,21.2734,1.3899,0.7195,1.0301,0.0305,0.444919,0.445242,0.000324,0
8237,56.3970,51.8488,1.0877,0.9194,0.3712,0.0287,0.414168,0.414163,0.000005,1
8238,66.9002,74.4263,0.8989,1.1125,0.8841,0.0297,0.379743,0.379919,0.000176,1
8239,45.7820,59.1734,0.7737,1.2925,0.9026,0.0274,0.268778,0.269131,0.000353,0
8240,58.0816,63.2644,0.9181,1.0892,0.9987,0.0349,0.189393,0.189398,0.000004,1
8241,20.8075,28.4273,0.7320,1.3662,1.0967,0.0333,0.303960,0.304260,0.000300,0
8242,27.2988,34.7799,0.7849,1.2740,1.1397,0.0276,0.506896,0.506897,0.000002,0
8243,24.3287,32.5967,0.7464,1.3398,0.1502,0.0540,0.549268,0.568277,0.019010,0
8244,72.9777,73.4080,0.9941,1.0059,0.2075,0.0588,0.229604,0.229830,0.000225,1
8245,35.0957,48.6294,0.7217,1.3856,0.5459,0.0478,0.547095,0.547286,0.000191,0
8246,48.5965,48.2113,1.0080,0.9921,0.6220,0.0524,0.221804,0.221811,0.000007,1
8247,65.3218,59.1539,1.1043,0.9056,0.6822,0.0493,0.365705,0.365714,0.000009,1
8248,74.5763,91.1006,0.8186,1.2216,1.4647,0.0540,0.434921,0.437548,0.002627,0
8249,57.0653,42.1633,1.3534,0.7389,1.3442,0.0449,0.229177,0.239604,0.010426,0
8250,31.9333,29.9536,1.0661,0.9380,0.1352,0.0409,0.243997,0.244061,0.000064,1
8251,43.2862,55.8541,0.7750,1.2903,1.3404,0.0431,0.314885,0.314914,0.000028,0
8252,54.8589,52.0087,1.0548,0.9480,1.2122,0.0559,0.436544,0.436601,0.000056,1
8253,32.1549,32.2786,0.9962,1.0038,0.9156,0.0347,0.367499,0.367605,0.000106,1
8254,35.3099,34.5986,1.0206,0.9799,0.9831,0.0576,0.359674,0.359711,0.000036,1
8255,31.9681,33.5525,0.9528,1.0496,0.4731,0.0413,0.481504,0.481644,0.000140,1
8256,66.0964,75.5187,0.8752,1.1426,1.4866,0.0429,0.482676,0.482920,0.000244,1
8257,56.1205,57.1467,0.9820,1.0183,0.7985,0.0512,0.365119,0.365241,0.000122,1
8258,46.7177,56.5343,0.8264,1.2101,1.0774,0.0327,0.313152,0.313157,0.000005,0
8259,30.6699,34.0127,0.9017,1.1090,0.4180,0.0271,0.464560,0.464554,0.000006,1
8260,66.4571,59.7347,1.1125,0.8988,0.2476,0.0510,0.269425,0.269680,0.000255,1
8261,68.6288,71.4804,0.9601,1.0416,1.4498,0.0226,0.350177,0.350275,0.000098,1
8262,48.9499,57.0217,0.8584,1.1649,0.4978,0.0514,0.205361,0.205533,0.000173,1
8263,32.4351,23.2166,1.3971,0.7158,1.1701,0.0486,0.395222,0.396084,0.000862,0
8264,39.4867,41.5745,0.9498,1.0529,1.4189,0.0377,0.460031,0.460131,0.000100,1
8265,77.1288,73.8087,1.0450,0.9570,0.6062,0.0571,0.262845,0.263044,0.000198,1
8266,47.9739,48.8624,0.9818,1.0185,0.7995,0.0572,0.411898,0.412024,0.000127,1
8267,68.4365,83.6575,0.8181,1.2224,0.2538,0.0546,0.308513,0.328362,0.019849,0
8268,74.3364,56.6805,1.3115,0.7625,1.2847,0.0529,0.204738,0.220645,0.015907,0
8269,20.3516,26.1771,0.7775,1.2862,1.3725,0.0540,0.352509,0.352557,0.000049,0
8270,66.7226,79.2817,0.8416,1.1882,1.2598,0.0595,0.433004,0.433568,0.000564,0
8271,72.9575,54.6924,1.3340,0.7496,1.1189,0.0401,0.231472,0.241236,0.009763,0
8272,63.5914,74.4445,0.8542,1.1707,0.9861,0.0533,0.174134,0.174577,0.000443,1
8273,30.8658,22.7877,1.3545,0.7383,0.5036,0.0535,0.347479,0.360405,0.012926,0
8274,76.1986,101.5764,0.7502,1.3330,0.1599,0.0284,0.288237,0.550121,0.261884,0
8275,43.3338,40.1530,1.0792,0.9266,0.8771,0.0425,0.350201,0.350211,0.000009,1
8276,25.6142,31.0265,0.8256,1.2113,0.3608,0.0350,0.418172,0.418237,0.000065,0
8277,25.9914,30.2530,0.8591,1.1640,0.8516,0.0350,0.359919,0.359919,0.000000,1
8278,45.7472,35.7524,1.2796,0.7815,1.4937,0.0444,0.267997,0.268737,0.000741,0
8279,39.2230,41.3103,0.9495,1.0532,0.3002,0.0295,0.418258,0.418252,0.000006,1
8280,48.2394,51.4825,0.9370,1.0672,0.4694,0.0221,0.163416,0.163415,0.000001,1
8281,46.5255,48.3245,0.9628,1.0387,0.2442,0.0549,0.388508,0.388504,0.000005,1
8282,24.4093,33.5035,0.7286,1.3726,0.1978,0.0498,0.254715,0.300000,0.045285,0
8283,75.5962,66.7898,1.1319,0.8835,1.2968,0.0204,0.169080,0.169605,0.000525,1
8284,20.7031,23.6005,0.8772,1.1399,0.8537,0.0267,0.461264,0.461260,0.000004,1
8285,32.5889,30.7976,1.0582,0.9450,0.7645,0.0365,0.281083,0.281086,0.000003,1
8286,75.1659,55.8774,1.3452,0.7434,0.8981,0.0469,0.426009,0.426520,0.000511,0
8287,53.7950,73.9960,0.7270,1.3755,1.1877,0.0418,0.294731,0.294963,0.000232,0
8288,70.7254,59.4027,1.1906,0.8399,0.6682,0.0370,0.399165,0.399202,0.000037,0
8289,36.0112,27.9797,1.2870,0.7770,0.5013,0.0219,0.220119,0.256550,0.036431,0
8290,34.0172,28.9120,1.1766,0.8499,1.2634,0.0492,0.152380,0.157468,0.005087,0
8291,25.0905,20.1973,1.2423,0.8050,0.7973,0.0591,0.153491,0.189880,0.036389,0
8292,73.5343,85.1073,0.8640,1.1574,0.9311,0.0290,0.187941,0.191149,0.003209,1
8293,38.6077,36.1945,1.0667,0.9375,0.5372,0.0382,0.393281,0.393279,0.000003,1
8294,55.7396,47.5353,1.1726,0.8528,0.5636,0.0337,0.502037,0.502038,0.000001,0
8295,31.0269,24.5186,1.2654,0.7902,0.6818,0.0447,0.169056,0.215501,0.046445,0
8296,49.7995,65.8713,0.7560,1.3227,0.2368,0.0597,0.237088,0.404651,0.167563,0
8297,75.7335,94.8068,0.7988,1.2518,0.4449,0.0287,0.311565,0.333596,0.022031,0
8298,58.1750,72.9766,0.7972,1.2544,0.9232,0.0378,0.364972,0.365014,0.000041,0
8299,55.0163,39.8419,1.3809,0.7242,1.1100,0.0447,0.283390,0.289868,0.006478,0
8300,59.2901,72.0943,0.8224,1.2160,0.7746,0.0353,0.331097,0.331148,0.000051,0
8301,74.4829,57.1979,1.3022,0.7679,1.0594,0.0398,0.437741,0.437902,0.000162,0
8302,46.9741,47.9395,0.9799,1.0206,0.2657,0.0493,0.409493,0.409681,0.000188,1
8303,49.4919,37.6682,1.3139,0.7611,1.1187,0.0449,0.426217,0.426384,0.000167,0
8304,27.1468,33.5099,0.8101,1.2344,0.1966,0.0540,0.418905,0.421199,0.002294,0
8305,45.9120,58.1301,0.7898,1.2661,0.3946,0.0364,0.187330,0.245719,0.058389,0
8306,32.6365,41.5015,0.7864,1.2716,0.4413,0.0348,0.482859,0.482938,0.000079,0
8307,33.0503,31.5528,1.0475,0.9547,1.0589,0.0576,0.363202,0.363249,0.000047,1
8308,29.6536,23.0818,1.2847,0.7784,0.1794,0.0369,0.329156,0.398489,0.069333,0
8309,40.6659,34.5569,1.1768,0.8498,1.4746,0.0554,0.164869,0.168097,0.003228,0
8310,21.7212,16.8907,1.2860,0.7776,0.1330,0.0328,0.269266,0.516039,0.246773,0
8311,41.8983,54.2341,0.7725,1.2944,1.1533,0.0299,0.485777,0.485783,0.000006,0
8312,36.3756,38.6999,0.9399,1.0639,0.2224,0.0243,0.323833,0.323829,0.000004,1
8313,27.3702,20.2286,1.3530,0.7391,1.1464,0.0300,0.297612,0.299261,0.001649,0
8314,54.1282,56.3415,0.9607,1.0409,0.2338,0.0573,0.417196,0.417191,0.000005,1
8315,50.0394,36.8748,1.3570,0.7369,0.4821,0.0361,0.504625,0.505523,0.000898,0
8316,55.5327,45.6433,1.2167,0.8219,0.5278,0.0543,0.202565,0.220575,0.018010,0
8317,63.1758,71.9766,0.8777,1.1393,1.0445,0.0342,0.529675,0.529817,0.000142,1
8318,48.2907,62.8583,0.7682,1.3017,1.0896,0.0200,0.348798,0.348841,0.000044,0
8319,62.5184,86.2396,0.7249,1.3794,0.1182,0.0337,0.409774,0.820352,0.410578,0
8320,39.4995,43.1929,0.9145,1.0935,0.7041,0.0385,0.470261,0.470377,0.000116,1
8321,75.8287,68.7027,1.1037,0.9060,1.3753,0.0413,0.538525,0.538743,0.000218,1
8322,26.1910,32.7446,0.7999,1.2502,1.1002,0.0545,0.363935,0.363962,0.000027,0
8323,76.1583,89.2636,0.8532,1.1721,0.8278,0.0457,0.259439,0.263951,0.004512,1
8324,77.2936,106.6853,0.7245,1.3803,1.3389,0.0326,0.480491,0.493700,0.013209,0
8325,46.6372,64.3057,0.7252,1.3789,0.4894,0.0251,0.336944,0.347339,0.010395,0
8326,60.0519,52.8703,1.1358,0.8804,1.2738,0.0509,0.251077,0.251190,0.000113,1
8327,52.1012,47.7214,1.0918,0.9159,0.4574,0.0491,0.360456,0.360457,0.000001,1
8328,50.9220,64.1295,0.7940,1.2594,0.7834,0.0367,0.267203,0.267403,0.000199,0
8329,33.7059,37.2565,0.9047,1.1053,0.1127,0.0566,0.222414,0.227112,0.004698,1
8330,32.5596,41.3085,0.7882,1.2687,1.4280,0.0270,0.417916,0.417921,0.000005,0
8331,74.5891,92.7671,0.8040,1.2437,1.0251,0.0327,0.402364,0.407319,0.004955,0
8332,62.4928,57.6626,1.0838,0.9227,1.1928,0.0425,0.177223,0.177281,0.000058,1
8333,44.8354,32.6270,1.3742,0.7277,1.4025,0.0273,0.336712,0.337246,0.000534,0
8334,52.5553,69.0090,0.7616,1.3131,1.0305,0.0209,0.153797,0.171856,0.018059,0
8335,60.3046,80.1892,0.7520,1.3297,1.2344,0.0233,0.308159,0.309190,0.001031,0
8336,28.9175,21.6711,1.3344,0.7494,0.7661,0.0239,0.215944,0.242976,0.027032,0
8337,39.4171,49.3956,0.7980,1.2532,1.4988,0.0494,0.298247,0.298293,0.000046,0
8338,58.0010,70.5553,0.8221,1.2164,0.1740,0.0522,0.236929,0.301484,0.064555,0
8339,32.6914,30.2932,1.0792,0.9266,1.2304,0.0232,0.163770,0.163779,0.000009,1
8340,51.1252,54.7600,0.9336,1.0711,0.2298,0.0258,0.418905,0.418899,0.000006,1
8341,68.7606,67.4254,1.0198,0.9806,0.9398,0.0455,0.369452,0.369570,0.000118,1
8342,48.1350,36.0411,1.3356,0.7488,1.0794,0.0385,0.498363,0.498460,0.000098,0
8343,25.6069,35.2118,0.7272,1.3751,0.9162,0.0597,0.389058,0.389164,0.000106,0
8344,74.6294,62.6274,1.1916,0.8392,0.5080,0.0490,0.161560,0.183724,0.022164,0
8345,54.1612,49.0343,1.1046,0.9053,0.8094,0.0579,0.221853,0.221936,0.000083,1
8346,76.6894,74.5432,1.0288,0.9720,1.4193,0.0527,0.355744,0.355845,0.000102,1
8347,30.6754,27.1019,1.1319,0.8835,0.4485,0.0471,0.312615,0.312653,0.000038,1
8348,28.3444,35.5446,0.7974,1.2540,1.4242,0.0465,0.519945,0.520059,0.000113,0
8349,52.1506,40.3312,1.2931,0.7734,1.3855,0.0296,0.361396,0.361496,0.000101,0
8350,68.0209,65.4982,1.0385,0.9629,0.8581,0.0471,0.528930,0.529047,0.000117,1
8351,72.7415,52.7496,1.3790,0.7252,1.0319,0.0242,0.313042,0.315296,0.002254,0
8352,38.5290,44.8701,0.8587,1.1646,0.7770,0.0476,0.394478,0.394481,0.000004,1
8353,26.2313,31.6709,0.8282,1.2074,0.7590,0.0276,0.276261,0.276295,0.000034,0
8354,28.0587,28.5442,0.9830,1.0173,0.8998,0.0317,0.350201,0.350306,0.000105,1
8355,47.7706,40.5433,1.1783,0.8487,0.6286,0.0268,0.489146,0.489147,0.000001,0
8356,44.7017,35.7002,1.2521,0.7986,0.8343,0.0464,0.509667,0.509707,0.000040,0
8357,34.5482,37.1897,0.9290,1.0765,0.9911,0.0202,0.369941,0.370037,0.000096,1
8358,51.9382,55.6153,0.9339,1.0708,1.2397,0.0320,0.481529,0.481621,0.000093,1
8359,67.6034,57.4448,1.1768,0.8497,0.9059,0.0369,0.221450,0.221814,0.000364,0
8360,34.4310,45.8813,0.7504,1.3326,0.5900,0.0303,0.402034,0.402443,0.000409,0
8361,32.8013,43.6626,0.7512,1.3311,0.6778,0.0593,0.542004,0.542036,0.000031,0
8362,40.1660,36.9534,1.0869,0.9200,0.7117,0.0523,0.251285,0.251307,0.000022,1
8363,45.8974,41.3008,1.1113,0.8999,0.4354,0.0312,0.387776,0.387773,0.000003,1
8364,43.8813,33.3483,1.3158,0.7600,0.4260,0.0258,0.508849,0.509333,0.000484,0
8365,21.8348,21.3039,1.0249,0.9757,1.0909,0.0588,0.478867,0.479009,0.000141,1
8366,25.2351,19.6512,1.2842,0.7787,0.4262,0.0524,0.223098,0.288528,0.065431,0
8367,49.6823,53.6709,0.9257,1.0803,0.2673,0.0480,0.194984,0.194992,0.000007,1
8368,60.9528,52.9772,1.1505,0.8692,0.3242,0.0562,0.470090,0.470105,0.000015,0
8369,39.2267,50.9846,0.7694,1.2997,0.5638,0.0214,0.517431,0.517483,0.000052,0
8370,60.5445,63.7831,0.9492,1.0535,0.3920,0.0417,0.409151,0.409146,0.000005,1
8371,30.8457,22.1099,1.3951,0.7168,1.0952,0.0549,0.389900,0.391142,0.001242,0
8372,57.9333,74.6041,0.7765,1.2878,1.4721,0.0496,0.156275,0.156833,0.000558,0
8373,64.2909,79.7669,0.8060,1.2407,1.4912,0.0228,0.543689,0.544186,0.000497,0
8374,33.4788,42.6113,0.7857,1.2728,1.2160,0.0587,0.340533,0.340580,0.000047,0
8375,41.9825,44.6238,0.9408,1.0629,1.3324,0.0595,0.411422,0.411584,0.000163,1
8376,50.5081,50.7649,0.9949,1.0051,0.8043,0.0311,0.534533,0.534640,0.000107,1
8377,55.8422,78.1528,0.7145,1.3995,0.4107,0.0477,0.189051,0.299836,0.110785,0
8378,34.5683,43.3585,0.7973,1.2543,0.7741,0.0212,0.207192,0.209317,0.002126,0
8379,30.9391,31.8108,0.9726,1.0282,0.5168,0.0416,0.446664,0.446799,0.000135,1
8380,50.0119,41.5405,1.2039,0.8306,0.9266,0.0377,0.485350,0.485363,0.000013,0
8381,72.1281,70.7413,1.0196,0.9808,0.9359,0.0256,0.186927,0.186942,0.000015,1
8382,24.5631,23.2082,1.0584,0.9448,0.2475,0.0542,0.479783,0.479778,0.000005,1
8383,78.4436,94.0133,0.8344,1.1985,0.5641,0.0316,0.353473,0.362248,0.008775,0
8384,45.7967,59.4750,0.7700,1.2987,1.1636,0.0505,0.282841,0.282893,0.000052,0
8385,32.2538,31.6013,1.0206,0.9798,0.4096,0.0401,0.151794,0.151795,0.000001,1
8386,31.3126,41.2362,0.7593,1.3169,1.0181,0.0405,0.426168,0.426190,0.000022,0
8387,53.2072,50.2928,1.0579,0.9452,0.8880,0.0333,0.411824,0.411825,0.000000,1
8388,64.6040,89.0255,0.7257,1.3780,0.5743,0.0211,0.250565,0.284395,0.033830,0
8389,28.5458,39.6257,0.7204,1.3881,1.2455,0.0219,0.243533,0.245386,0.001852,0
8390,38.3294,51.9932,0.7372,1.3565,1.2163,0.0422,0.534875,0.534897,0.000022,0
8391,28.8553,30.8833,0.9343,1.0703,0.9054,0.0342,0.266617,0.266619,0.000001,1
8392,23.7794,21.3177,1.1155,0.8965,1.0814,0.0485,0.505736,0.505761,0.000025,1
8393,29.1464,24.4740,1.1909,0.8397,0.6269,0.0563,0.379389,0.379465,0.000075,0
8394,76.9091,94.3217,0.8154,1.2264,1.4160,0.0571,0.458151,0.461661,0.003510,0
8395,77.0666,75.7906,1.0168,0.9834,0.3465,0.0441,0.224490,0.224556,0.000066,1
8396,25.2644,21.2063,1.1914,0.8394,0.9544,0.0225,0.304167,0.304197,0.000030,0
8397,60.2844,70.4662,0.8555,1.1689,1.1326,0.0579,0.456076,0.456214,0.000138,1
8398,43.6653,45.4078,0.9616,1.0399,0.2688,0.0382,0.286991,0.286988,0.000003,1
8399,61.2970,46.5522,1.3167,0.7595,1.0876,0.0430,0.466880,0.466993,0.000114,0
8400,27.1688,25.3034,1.0737,0.9313,0.3943,0.0304,0.498595,0.498588,0.000006,1
8401,67.5668,54.2641,1.2451,0.8031,0.1564,0.0222,0.444577,0.455077,0.010501,0
8402,55.4009,62.5020,0.8864,1.1282,0.7730,0.0411,0.370698,0.370698,0.000001,1
8403,25.4787,32.3956,0.7865,1.2715,0.9258,0.0593,0.342059,0.342091,0.000032,0
8404,79.8590,100.7066,0.7930,1.2611,1.0600,0.0421,0.422628,0.431632,0.009004,0
8405,65.6532,76.2481,0.8610,1.1614,0.6915,0.0463,0.220070,0.220915,0.000845,1
8406,23.1184,21.6575,1.0675,0.9368,0.9699,0.0268,0.293547,0.293548,0.000001,1
8407,62.0386,52.5824,1.1798,0.8476,1.2142,0.0211,0.498656,0.498654,0.000002,0
8408,63.4083,67.0820,0.9452,1.0579,0.2830,0.0514,0.313128,0.313131,0.000003,1
8409,75.7280,66.6847,1.1356,0.8806,1.3466,0.0498,0.389534,0.389789,0.000255,1
8410,37.1191,38.4338,0.9658,1.0354,0.9619,0.0247,0.220852,0.220953,0.000101,1
8411,73.6369,91.8707,0.8015,1.2476,0.5765,0.0391,0.422897,0.430616,0.007720,0
8412,53.2841,73.5619,0.7243,1.3806,1.0122,0.0283,0.183265,0.204609,0.021344,0
8413,40.0909,53.8020,0.7452,1.3420,1.1631,0.0265,0.379402,0.379448,0.000046,0
8414,65.0087,76.3495,0.8515,1.1744,1.4458,0.0238,0.427242,0.427457,0.000215,1
8415,52.9801,58.6437,0.9034,1.1069,0.8196,0.0455,0.542505,0.542616,0.000112,1
8416,71.1631,94.3454,0.7543,1.3258,0.4339,0.0598,0.258914,0.299888,0.040973,0
8417,53.3079,59.6488,0.8937,1.1189,0.9030,0.0396,0.246097,0.246101,0.000004,1
8418,74.5250,72.5938,1.0266,0.9741,0.4545,0.0565,0.219240,0.219314,0.000073,1
8419,35.1195,29.6344,1.1851,0.8438,1.4627,0.0476,0.259220,0.259413,0.000193,0
8420,47.7157,39.0431,1.2221,0.8182,0.7097,0.0339,0.290812,0.291233,0.000421,0
8421,79.2163,56.9203,1.3917,0.7185,1.3746,0.0298,0.471506,0.471936,0.000430,0
8422,43.0299,46.4421,0.9265,1.0793,1.3025,0.0431,0.465110,0.465217,0.000108,1
8423,46.5603,64.1688,0.7256,1.3782,0.6023,0.0384,0.272990,0.286822,0.013833,0
8424,74.2961,73.5311,1.0104,0.9897,0.5764,0.0452,0.454965,0.455100,0.000135,1
8425,33.2426,27.8724,1.1927,0.8385,1.4658,0.0488,0.206154,0.206913,0.000759,0
8426,65.5727,56.7405,1.1557,0.8653,0.6266,0.0213,0.544079,0.544074,0.000005,0
8427,45.5861,48.1912,0.9459,1.0571,0.9321,0.0265,0.159888,0.159889,0.000001,1
8428,30.3311,36.6053,0.8286,1.2069,1.4524,0.0363,0.353912,0.353926,0.000014,0
8429,59.3561,48.1493,1.2328,0.8112,0.6543,0.0295,0.222720,0.227877,0.005157,0
8430,23.3656,24.0265,0.9725,1.0283,0.3181,0.0488,0.327606,0.327779,0.000173,1
8431,58.1878,66.0887,0.8804,1.1358,0.8340,0.0235,0.366511,0.366507,0.000004,1
8432,43.3631,54.5583,0.7948,1.2582,0.7935,0.0520,0.431234,0.431247,0.000012,0
8433,21.0273,15.9270,1.3202,0.7574,0.2618,0.0233,0.241897,0.337588,0.095691,0
8434,44.5772,37.6768,1.1831,0.8452,1.0383,0.0443,0.405281,0.405313,0.000032,0
8435,23.9277,26.5306,0.9019,1.1088,0.1633,0.0544,0.383259,0.383267,0.000008,1
8436,28.5568,21.6473,1.3192,0.7580,0.7413,0.0235,0.311785,0.314027,0.002242,0
8437,75.6163,62.0568,1.2185,0.8207,1.2221,0.0562,0.493675,0.493933,0.000258,0
8438,79.2987,98.1298,0.8081,1.2375,0.1114,0.0525,0.367646,0.432206,0.064561,0
8439,36.1596,44.8576,0.8061,1.2405,0.6426,0.0276,0.259049,0.259536,0.000487,0
8440,64.5912,50.2834,1.2845,0.7785,0.6098,0.0572,0.380280,0.381194,0.000914,0
8441,31.5049,31.6428,0.9956,1.0044,1.0320,0.0556,0.376130,0.376262,0.000132,1
8442,60.5646,80.0990,0.7561,1.3225,0.4900,0.0411,0.358563,0.363317,0.004754,0
8443,70.9488,91.5575,0.7749,1.2905,1.0862,0.0504,0.419930,0.424595,0.004665,0
8444,32.7866,38.2597,0.8569,1.1669,1.2521,0.0252,0.310662,0.310662,0.000000,1
8445,77.4090,99.4179,0.7786,1.2843,0.2532,0.0378,0.474473,0.512361,0.037888,0
8446,53.3134,52.6801,1.0120,0.9881,0.3845,0.0347,0.509679,0.509833,0.000154,1
8447,69.0811,60.7872,1.1364,0.8799,0.9714,0.0269,0.154028,0.154589,0.000561,1
8448,36.3555,49.4492,0.7352,1.3602,1.0522,0.0342,0.458725,0.458760,0.000035,0
8449,43.1727,56.8780,0.7590,1.3175,0.2338,0.0479,0.402620,0.419348,0.016728,0
8450,63.1355,86.7051,0.7282,1.3733,1.0525,0.0518,0.269376,0.275492,0.006115,0
8451,65.5342,65.4404,1.0014,0.9986,1.3781,0.0431,0.525585,0.525696,0.000111,1
8452,26.6305,25.3954,1.0486,0.9536,0.3848,0.0481,0.230471,0.230471,0.000000,1
8453,21.5070,17.6191,1.2207,0.8192,1.0190,0.0446,0.330096,0.330212,0.000116,0
8454,46.7159,50.9444,0.9170,1.0905,0.9406,0.0525,0.238748,0.238767,0.000019,1
8455,30.7871,27.5795,1.1163,0.8958,1.4122,0.0583,0.480137,0.480241,0.000104,1
8456,33.1803,27.7096,1.1974,0.8351,1.2874,0.0410,0.538891,0.538919,0.000027,0
8457,49.9698,66.5449,0.7509,1.3317,0.7187,0.0588,0.256412,0.258526,0.002114,0
8458,35.8226,38.4552,0.9315,1.0735,1.0725,0.0409,0.527123,0.527226,0.000103,1
8459,78.3319,82.6794,0.9474,1.0555,0.1349,0.0446,0.303825,0.306073,0.002248,1
8460,24.6437,28.1620,0.8751,1.1428,0.9879,0.0370,0.461325,0.461427,0.000102,1
8461,62.6008,84.7217,0.7389,1.3534,1.1015,0.0596,0.495726,0.497413,0.001687,0
8462,76.7351,90.9297,0.8439,1.1850,1.0776,0.0512,0.239578,0.244380,0.004802,0
8463,42.7735,38.4806,1.1116,0.8996,0.7141,0.0561,0.399068,0.399084,0.000017,1
8464,77.2094,81.5408,0.9469,1.0561,1.0327,0.0530,0.410323,0.410646,0.000323,1
8465,30.5857,29.1697,1.0485,0.9537,1.0840,0.0570,0.234097,0.234160,0.000064,1
8466,76.9549,59.1620,1.3007,0.7688,0.9532,0.0413,0.509093,0.509412,0.000319,0
8467,42.9072,52.2916,0.8205,1.2187,0.2176,0.0491,0.338971,0.343321,0.004351,0
8468,57.5579,50.6623,1.1361,0.8802,1.2573,0.0204,0.330096,0.330096,0.000000,1
8469,61.3227,51.7319,1.1854,0.8436,1.0830,0.0339,0.421969,0.421982,0.000013,0
8470,41.1292,40.3331,1.0197,0.9806,0.5552,0.0216,0.485582,0.485709,0.000127,1
8471,74.1057,101.9115,0.7272,1.3752,0.9674,0.0533,0.163428,0.370126,0.206698,0
8472,37.1960,34.6619,1.0731,0.9319,0.3440,0.0220,0.431393,0.431387,0.000006,1
8473,75.2446,61.9703,1.2142,0.8236,1.3007,0.0382,0.264176,0.264691,0.000515,0
8474,68.0062,53.1861,1.2786,0.7821,0.7096,0.0445,0.294597,0.297079,0.002482,0
8475,64.4337,82.2951,0.7830,1.2772,0.2727,0.0373,0.478855,0.485246,0.006390,0
8476,45.0166,53.4487,0.8422,1.1873,0.2110,0.0413,0.177003,0.257477,0.080474,0
8477,29.8111,23.3107,1.2789,0.7819,0.1110,0.0261,0.370258,0.522215,0.151957,0
8478,50.3122,61.9686,0.8119,1.2317,0.7390,0.0218,0.377973,0.377987,0.000014,0
8479,58.8488,57.0209,1.0321,0.9689,1.4615,0.0277,0.524511,0.524596,0.000085,1
8480,74.9883,82.5319,0.9086,1.1006,0.9761,0.0389,0.230789,0.231847,0.001058,1
8481,70.0113,53.5337,1.3078,0.7646,0.8156,0.0281,0.227309,0.239994,0.012685,0
8482,69.4675,59.6268,1.1650,0.8583,0.4991,0.0347,0.429025,0.429036,0.000011,0
8483,45.8516,38.3053,1.1970,0.8354,0.2285,0.0247,0.367646,0.369350,0.001704,0
8484,35.8190,26.9618,1.3285,0.7527,0.5379,0.0333,0.282157,0.300782,0.018624,0
8485,74.7575,88.8594,0.8413,1.1886,0.7386,0.0283,0.258109,0.263596,0.005487,0
8486,46.9430,44.6304,1.0518,0.9507,0.3171,0.0244,0.534814,0.534807,0.000007,1
8487,50.9861,44.2329,1.1527,0.8675,0.4190,0.0337,0.390071,0.390087,0.000016,0
8488,79.5111,106.5527,0.7462,1.3401,0.9205,0.0423,0.259159,0.296453,0.037295,0
8489,78.5809,88.0522,0.8924,1.1205,0.3288,0.0499,0.526720,0.529978,0.003257,1
8490,64.1993,47.9650,1.3385,0.7471,1.3269,0.0482,0.537866,0.537985,0.000119,0
8491,71.5439,91.9311,0.7782,1.2850,0.6666,0.0361,0.228652,0.270386,0.041734,0
8492,35.6359,44.9670,0.7925,1.2618,0.4224,0.0408,0.242105,0.252306,0.010201,0
8493,77.9418,100.7782,0.7734,1.2930,0.6384,0.0357,0.354462,0.374331,0.019869,0
8494,33.0412,44.9497,0.7351,1.3604,0.9943,0.0284,0.230032,0.233965,0.003934,0
8495,56.8456,49.0759,1.1583,0.8633,0.4043,0.0586,0.332196,0.332348,0.000153,0
8496,68.2498,82.9947,0.8223,1.2160,0.3166,0.0316,0.190626,0.305901,0.115275,0
8497,41.5851,57.3770,0.7248,1.3797,0.2458,0.0572,0.508397,0.517381,0.008984,0
8498,68.2900,83.4770,0.8181,1.2224,0.3266,0.0586,0.390815,0.396260,0.005445,0
8499,48.5067,41.8706,1.1585,0.8632,0.2675,0.0440,0.297197,0.298303,0.001106,0
8500,22.2651,28.1279,0.7916,1.2633,0.9431,0.0253,0.396431,0.396441,0.000010,0
8501,74.2906,74.4398,0.9980,1.0020,0.5931,0.0420,0.224990,0.224992,0.000002,1
8502,64.6077,76.3464,0.8462,1.1817,0.7594,0.0363,0.482627,0.482991,0.000364,0
8503,25.0117,27.6834,0.9035,1.1068,0.6070,0.0437,0.345087,0.345086,0.000001,1
8504,56.2395,65.6636,0.8565,1.1676,0.5386,0.0255,0.174366,0.175521,0.001155,1
8505,53.3830,52.7329,1.0123,0.9878,1.4052,0.0314,0.331512,0.331606,0.000095,1
8506,69.4180,93.0166,0.7463,1.3399,0.2154,0.0454,0.215798,0.300000,0.084202,0
8507,45.0258,45.0335,0.9998,1.0002,1.1320,0.0330,0.503307,0.503403,0.000096,1
8508,28.3499,27.6007,1.0271,0.9736,1.0475,0.0559,0.504295,0.504426,0.000130,1
8509,67.4166,71.1914,0.9470,1.0560,0.7602,0.0395,0.327422,0.327578,0.000156,1
8510,73.7175,56.0416,1.3154,0.7602,1.3283,0.0563,0.395503,0.395852,0.000348,0
8511,53.7638,61.6728,0.8718,1.1471,1.2005,0.0314,0.252847,0.252852,0.000004,1
8512,52.5425,64.6348,0.8129,1.2301,0.6571,0.0451,0.536169,0.536169,0.000000,0
8513,76.3543,72.3025,1.0560,0.9469,1.0805,0.0445,0.288639,0.288786,0.000146,1
8514,32.7134,33.7750,0.9686,1.0325,0.7250,0.0495,0.263114,0.263238,0.000124,1
8515,66.8471,56.9693,1.1734,0.8522,0.9771,0.0283,0.404646,0.404651,0.000005,0
8516,51.6196,62.9051,0.8206,1.2186,1.1011,0.0453,0.470981,0.470994,0.000012,0
8517,62.6685,73.4458,0.8533,1.1720,0.6113,0.0243,0.256790,0.257149,0.000359,1
8518,58.1384,59.8821,0.9709,1.0300,0.3619,0.0490,0.344769,0.344931,0.000162,1
8519,35.9801,41.7211,0.8624,1.1596,0.1757,0.0359,0.367377,0.367847,0.000470,1
8520,64.2378,57.5711,1.1158,0.8962,1.0759,0.0421,0.329949,0.329971,0.000022,1
8521,52.7018,68.6711,0.7675,1.3030,1.0580,0.0467,0.376154,0.376181,0.000027,0
8522,34.1105,45.7690,0.7453,1.3418,1.4065,0.0519,0.419369,0.419417,0.000048,0
8523,50.8432,52.0510,0.9768,1.0238,0.2072,0.0498,0.169251,0.169249,0.000002,1
8524,32.6218,23.2639,1.4023,0.7131,1.0115,0.0301,0.324493,0.327728,0.003236,0
8525,77.6818,83.4802,0.9305,1.0746,1.1479,0.0463,0.440841,0.441291,0.000450,1
8526,38.4375,31.3059,1.2278,0.8145,0.6594,0.0597,0.418624,0.418740,0.000116,0
8527,61.5699,71.4821,0.8613,1.1610,0.8496,0.0398,0.396101,0.396148,0.000047,1
8528,47.9061,38.9615,1.2296,0.8133,0.3435,0.0523,0.339447,0.342411,0.002965,0
8529,53.7510,44.0917,1.2191,0.8203,1.1889,0.0589,0.514501,0.514590,0.000089,0
8530,41.2134,36.6342,1.1250,0.8889,0.4112,0.0387,0.271622,0.271694,0.000072,1
8531,76.1876,81.9770,0.9294,1.0760,1.4603,0.0307,0.208400,0.208892,0.000492,1
8532,79.9652,62.1768,1.2861,0.7775,1.3276,0.0374,0.242129,0.246016,0.003887,0
8533,70.4141,64.4016,1.0934,0.9146,0.9903,0.0245,0.485276,0.485295,0.000019,1
8534,22.5965,19.5515,1.1557,0.8652,1.3258,0.0551,0.506505,0.506581,0.000076,0
8535,77.3925,78.3580,0.9877,1.0125,0.6488,0.0357,0.199806,0.199958,0.000152,1
8536,48.6093,34.9704,1.3900,0.7194,0.5405,0.0538,0.529638,0.530667,0.001028,0
8537,46.7379,44.0980,1.0599,0.9435,0.8167,0.0507,0.218447,0.218470,0.000023,1
8538,61.6523,72.8329,0.8465,1.1814,0.4463,0.0506,0.421493,0.421667,0.000174,0
8539,73.0326,96.6664,0.7555,1.3236,0.2287,0.0222,0.259391,0.368015,0.108624,0
8540,43.0354,59.9084,0.7184,1.3921,0.3139,0.0546,0.226968,0.405165,0.178197,0
8541,24.7078,26.5446,0.9308,1.0743,0.3430,0.0472,0.169092,0.169096,0.000003,1
8542,38.1115,51.0056,0.7472,1.3383,0.3153,0.0258,0.438156,0.442826,0.004670,0
8543,64.6828,78.2356,0.8268,1.2095,0.3680,0.0327,0.400484,0.402221,0.001737,0
8544,46.3753,61.0418,0.7597,1.3163,0.2405,0.0503,0.348370,0.381832,0.033461,0
8545,59.1144,44.1836,1.3379,0.7474,1.0793,0.0230,0.517553,0.517603,0.000050,0
8546,58.9441,68.2686,0.8634,1.1582,0.9049,0.0571,0.249087,0.249106,0.000019,1
8547,48.6734,59.3168,0.8206,1.2187,0.1556,0.0413,0.318316,0.347125,0.028810,0
8548,52.2514,62.1078,0.8413,1.1886,1.0000,0.0262,0.234500,0.234511,0.000012,0
8549,73.3238,99.8275,0.7345,1.3615,0.2344,0.0371,0.289921,0.085779,0.204142,0
8550,51.6068,57.1611,0.9028,1.1076,1.3489,0.0330,0.172633,0.172643,0.000010,1
8551,73.9683,71.0007,1.0418,0.9599,0.3040,0.0272,0.439108,0.439216,0.000108,1
8552,50.1914,49.1674,1.0208,0.9796,0.2470,0.0594,0.277921,0.277919,0.000003,1
8553,20.3369,21.8423,0.9311,1.0740,1.0868,0.0551,0.526318,0.526442,0.000124,1
8554,55.8495,71.0592,0.7860,1.2723,1.3717,0.0567,0.527197,0.527335,0.000139,0
8555,51.2259,67.7263,0.7564,1.3221,1.2059,0.0458,0.222976,0.223298,0.000322,0
8556,46.7873,64.5767,0.7245,1.3802,0.2042,0.0336,0.349200,0.434002,0.084801,0
8557,58.4918,57.8870,1.0104,0.9897,1.2318,0.0212,0.159241,0.159243,0.000002,1
8558,75.9459,77.1855,0.9839,1.0163,1.4075,0.0407,0.437436,0.437552,0.000116,1
8559,57.4883,71.7837,0.8009,1.2487,1.4639,0.0200,0.483445,0.483444,0.000001,0
8560,79.4763,103.9151,0.7648,1.3075,1.1057,0.0456,0.236550,0.258347,0.021797,0
8561,61.1762,64.6630,0.9461,1.0570,0.5735,0.0383,0.264579,0.264577,0.000001,1
8562,65.2358,65.9256,0.9895,1.0106,1.1035,0.0406,0.485252,0.485356,0.000104,1
8563,50.7920,59.0569,0.8601,1.1627,1.3122,0.0322,0.285600,0.285606,0.000006,1
8564,29.8038,30.6238,0.9732,1.0275,0.1332,0.0217,0.211025,0.211021,0.000003,1
8565,29.9631,22.3824,1.3387,0.7470,0.2307,0.0465,0.547827,0.553690,0.005863,0
8566,44.8390,56.7389,0.7903,1.2654,0.8002,0.0525,0.217495,0.218088,0.000593,0
8567,39.1296,38.7852,1.0089,0.9912,0.6486,0.0373,0.385908,0.386030,0.000122,1
8568,33.0705,39.8725,0.8294,1.2057,0.7904,0.0390,0.430099,0.430099,0.000000,0
8569,70.4984,72.8975,0.9671,1.0340,0.6252,0.0526,0.527844,0.527995,0.000151,1
8570,28.4341,29.8810,0.9516,1.0509,1.4845,0.0228,0.523473,0.523553,0.000080,1
8571,38.1353,52.7654,0.7227,1.3836,0.2962,0.0204,0.175709,0.300000,0.124291,0
8572,31.1936,35.6664,0.8746,1.1434,0.5563,0.0291,0.492015,0.492009,0.000006,1
8573,60.5499,63.6880,0.9507,1.0518,0.7206,0.0597,0.480955,0.481083,0.000128,1
8574,54.9559,73.6334,0.7463,1.3399,0.8066,0.0339,0.294304,0.295273,0.000970,0
8575,21.8311,21.2453,1.0276,0.9732,0.4121,0.0373,0.491331,0.491482,0.000150,1
8576,45.7234,55.3604,0.8259,1.2108,0.9653,0.0385,0.253446,0.253462,0.000017,0
8577,69.5737,93.6621,0.7428,1.3462,1.0819,0.0302,0.207509,0.249562,0.042053,0
8578,61.1011,58.5023,1.0444,0.9575,0.2570,0.0545,0.176893,0.176901,0.000008,1
8579,40.8582,43.9769,0.9291,1.0763,0.4646,0.0422,0.452915,0.452909,0.000005,1
8580,77.8100,64.9342,1.1983,0.8345,0.9541,0.0443,0.422860,0.423400,0.000540,0
8581,39.1772,31.1895,1.2561,0.7961,0.1235,0.0325,0.283757,0.444215,0.160458,0
8582,75.5266,80.9930,0.9325,1.0724,1.4955,0.0592,0.434933,0.435297,0.000364,1
8583,52.5205,46.1364,1.1384,0.8784,0.2941,0.0214,0.294780,0.294967,0.000187,1
8584,72.0713,90.1361,0.7996,1.2507,0.8216,0.0596,0.442221,0.446713,0.004492,0
8585,23.8636,29.2410,0.8161,1.2253,0.2147,0.0224,0.261270,0.298048,0.036778,0
8586,46.5749,37.8698,1.2299,0.8131,1.3269,0.0237,0.529406,0.529411,0.000005,0
8587,57.0635,45.7678,1.2468,0.8021,1.0802,0.0554,0.349689,0.349910,0.000222,0
8588,51.1911,45.0900,1.1353,0.8808,1.4436,0.0461,0.169459,0.169896,0.000437,1
8589,41.4240,48.7274,0.8501,1.1763,0.4104,0.0517,0.476572,0.476571,0.000001,1
8590,25.4585,18.9560,1.3430,0.7446,1.1172,0.0434,0.231118,0.243885,0.012767,0
8591,24.5192,31.9792,0.7667,1.3043,0.1295,0.0308,0.549414,0.567143,0.017729,0
8592,78.1286,73.6455,1.0609,0.9426,0.8889,0.0485,0.474241,0.474394,0.000153,1
8593,52.3356,66.3793,0.7884,1.2683,0.8786,0.0329,0.333392,0.333430,0.000038,0
8594,76.7351,91.2428,0.8410,1.1891,0.9435,0.0393,0.277848,0.282847,0.004999,0
8595,26.5297,21.2476,1.2486,0.8009,0.7080,0.0224,0.204274,0.213844,0.009569,0
8596,32.8196,24.6845,1.3296,0.7521,1.0766,0.0297,0.459482,0.459574,0.000092,0
8597,77.5811,94.0022,0.8253,1.2117,1.3897,0.0545,0.520165,0.523116,0.002951,0
8598,37.9504,35.1250,1.0804,0.9256,1.2719,0.0596,0.388350,0.388440,0.000090,1
8599,57.4865,55.4074,1.0375,0.9638,1.4314,0.0278,0.424190,0.424278,0.000088,1
8600,60.2643,62.0087,0.9719,1.0289,1.4224,0.0597,0.421151,0.421331,0.000180,1
8601,74.2320,81.6219,0.9095,1.0996,0.7395,0.0550,0.425021,0.425694,0.000673,1
8602,60.3650,45.4266,1.3288,0.7525,0.6561,0.0414,0.246060,0.271337,0.025276,0
8603,79.3939,110.2169,0.7203,1.3882,0.4365,0.0346,0.543408,0.588251,0.044843,0
8604,56.8291,54.7033,1.0389,0.9626,0.5144,0.0574,0.258902,0.258908,0.000006,1
8605,58.1805,61.1001,0.9522,1.0502,0.4726,0.0487,0.211098,0.211098,0.000000,1
8606,72.5840,97.8496,0.7418,1.3481,1.0526,0.0406,0.464829,0.473573,0.008745,0
8607,74.8198,73.0903,1.0237,0.9769,1.2498,0.0224,0.511827,0.511924,0.000096,1
8608,71.6923,75.2684,0.9525,1.0499,0.9643,0.0595,0.449936,0.450127,0.000191,1
8609,33.3909,44.0830,0.7575,1.3202,0.1765,0.0344,0.414473,0.458397,0.043924,0
8610,59.0081,77.3989,0.7624,1.3117,0.8435,0.0350,0.348968,0.349584,0.000616,0
8611,42.2993,56.6237,0.7470,1.3386,0.9733,0.0407,0.215151,0.218043,0.002892,0
8612,50.2573,48.3698,1.0390,0.9624,0.6767,0.0541,0.498631,0.498758,0.000127,1
8613,37.0605,43.0593,0.8607,1.1619,0.3133,0.0575,0.527099,0.527096,0.000003,1
8614,74.9516,69.1345,1.0841,0.9224,1.1630,0.0264,0.260648,0.260822,0.000174,1
8615,78.5882,66.5725,1.1805,0.8471,0.9054,0.0433,0.486485,0.487034,0.000549,0
8616,76.4568,72.9500,1.0481,0.9541,0.6806,0.0344,0.374506,0.374625,0.000118,1
8617,40.0378,53.8745,0.7432,1.3456,1.2598,0.0371,0.227615,0.228199,0.000584,0
8618,30.3275,42.3904,0.7154,1.3978,1.4199,0.0302,0.206569,0.209379,0.002810,0
8619,62.0991,78.0901,0.7952,1.2575,0.6166,0.0212,0.371760,0.372869,0.001109,0
8620,20.7727,20.0920,1.0339,0.9672,0.1663,0.0287,0.250980,0.250977,0.000003,1
8621,71.9047,66.1320,1.0873,0.9197,0.5231,0.0299,0.322210,0.322333,0.000123,1
8622,23.7538,23.4503,1.0129,0.9872,1.2105,0.0357,0.456821,0.456919,0.000098,1
8623,41.9550,34.7184,1.2084,0.8275,0.1981,0.0348,0.211647,0.316817,0.105169,0
8624,50.9091,53.3072,0.9550,1.0471,0.4728,0.0442,0.457285,0.457426,0.000141,1
8625,70.0735,58.1381,1.2053,0.8297,0.6021,0.0215,0.258121,0.258858,0.000737,0
8626,58.9697,46.3128,1.2733,0.7854,1.3154,0.0463,0.208119,0.213339,0.005219,0
8627,66.9955,49.5718,1.3515,0.7399,1.1015,0.0469,0.302397,0.305090,0.002693,0
8628,71.9138,52.1172,1.3798,0.7247,1.2677,0.0392,0.156323,0.214134,0.057810,0
8629,62.2822,47.8286,1.3022,0.7679,1.4610,0.0361,0.472300,0.472364,0.000064,0
8630,45.4213,58.9817,0.7701,1.2985,1.3740,0.0434,0.504308,0.504330,0.000022,0
8631,79.0973,69.0652,1.1453,0.8732,0.8905,0.0378,0.297942,0.298793,0.000851,1
8632,32.7024,31.9255,1.0243,0.9762,0.8647,0.0205,0.260709,0.260707,0.000002,1
8633,61.8757,72.8391,0.8495,1.1772,1.2870,0.0568,0.437790,0.437985,0.000195,0
8634,54.9174,68.6298,0.8002,1.2497,0.9311,0.0217,0.226089,0.226434,0.000345,0
8635,45.2364,55.0635,0.8215,1.2172,0.3204,0.0230,0.316057,0.317534,0.001477,0
8636,65.8126,53.9070,1.2209,0.8191,0.7217,0.0237,0.299614,0.299841,0.000227,0
8637,45.2089,44.2103,1.0226,0.9779,0.4979,0.0271,0.270206,0.270203,0.000003,1
8638,56.2065,76.2000,0.7376,1.3557,1.4473,0.0222,0.163086,0.172529,0.009443,0
8639,52.6194,56.9034,0.9247,1.0814,1.2667,0.0564,0.510887,0.511026,0.000138,1
8640,57.2668,71.8226,0.7973,1.2542,0.8640,0.0298,0.348859,0.348881,0.000022,0
8641,50.6034,42.6685,1.1860,0.8432,0.4705,0.0250,0.356891,0.356972,0.000080,0
8642,59.3542,45.1947,1.3133,0.7614,0.5701,0.0279,0.380256,0.381547,0.001291,0
8643,61.2769,72.9785,0.8397,1.1910,1.3197,0.0379,0.474290,0.474438,0.000148,0
8644,73.4428,67.0446,1.0954,0.9129,0.2747,0.0567,0.536914,0.537177,0.000264,1
8645,48.1808,57.4073,0.8393,1.1915,0.3569,0.0404,0.471177,0.471185,0.000008,0
8646,71.8094,54.9440,1.3070,0.7651,1.4565,0.0501,0.291288,0.292250,0.000962,0
8647,58.4936,47.9370,1.2202,0.8195,1.3655,0.0493,0.428756,0.428841,0.000085,0
8648,41.7975,42.6038,0.9811,1.0193,0.1990,0.0416,0.438961,0.439179,0.000217,1
8649,39.9829,48.7926,0.8194,1.2203,0.2588,0.0487,0.434420,0.434703,0.000283,0
8650,78.0206,56.1211,1.3902,0.7193,0.4427,0.0297,0.251773,0.367641,0.115868,0
8651,69.4528,94.0588,0.7384,1.3543,1.1705,0.0371,0.374042,0.381071,0.007029,0
8652,52.3447,64.1768,0.8156,1.2260,0.6027,0.0289,0.471995,0.471998,0.000003,0
8653,39.7302,29.8736,1.3299,0.7519,0.1278,0.0496,0.188063,0.525365,0.337302,0
8654,44.4783,32.9829,1.3485,0.7416,1.0535,0.0421,0.484153,0.484307,0.000153,0
8655,48.4628,35.8703,1.3511,0.7402,0.6895,0.0461,0.350385,0.354131,0.003746,0
8656,36.7400,41.6525,0.8821,1.1337,0.3308,0.0422,0.402986,0.402984,0.000002,1
8657,31.6092,22.5451,1.4020,0.7132,1.2605,0.0442,0.538476,0.538656,0.000180,0
8658,42.0722,42.9081,0.9805,1.0199,0.8466,0.0292,0.547290,0.547394,0.000104,1
8659,65.1479,45.6731,1.4264,0.7011,0.3151,0.0224,0.380476,0.443007,0.062531,0
8660,71.8680,68.4873,1.0494,0.9530,1.0104,0.0340,0.282926,0.282971,0.000044,1
8661,37.4651,45.7857,0.8183,1.2221,1.1573,0.0202,0.436764,0.436762,0.000002,0
8662,67.6199,77.5281,0.8722,1.1465,0.4836,0.0273,0.363129,0.364049,0.000920,1
8663,29.9722,41.4764,0.7226,1.3838,0.9883,0.0290,0.452988,0.453063,0.000076,0
8664,64.7780,46.5665,1.3911,0.7189,1.4391,0.0526,0.519213,0.519459,0.000246,0
8665,31.7466,25.4244,1.2487,0.8009,1.2140,0.0385,0.456516,0.456556,0.000040,0
8666,76.4476,89.0637,0.8583,1.1650,1.1230,0.0355,0.412862,0.414937,0.002075,1
8667,33.4733,37.5708,0.8909,1.1224,0.1877,0.0552,0.309807,0.309897,0.000090,1
8668,65.8931,86.7619,0.7595,1.3167,0.7057,0.0587,0.398604,0.403118,0.004514,0
8669,73.6259,95.0169,0.7749,1.2905,1.2137,0.0493,0.331414,0.338547,0.007132,0
8670,47.9098,36.6360,1.3077,0.7647,0.3285,0.0510,0.515001,0.516254,0.001253,0
8671,63.5932,74.3597,0.8552,1.1693,0.1173,0.0588,0.199928,0.300958,0.101030,1
8672,27.3043,30.8164,0.8860,1.1286,0.9846,0.0518,0.173756,0.173774,0.000018,1
8673,35.6175,35.1146,1.0143,0.9859,1.4897,0.0525,0.215712,0.215814,0.000101,1
8674,55.7140,61.6686,0.9034,1.1069,0.1863,0.0592,0.398189,0.398188,0.000001,1
8675,55.4411,49.3676,1.1230,0.8905,0.3107,0.0260,0.362055,0.362065,0.000011,1
8676,73.0802,99.4413,0.7349,1.3607,0.2489,0.0589,0.425289,0.460914,0.035624,0
8677,78.1194,67.5472,1.1565,0.8647,0.7263,0.0308,0.329778,0.330597,0.000818,0
8678,44.9068,36.7121,1.2232,0.8175,1.4248,0.0217,0.280863,0.280915,0.000051,0
8679,57.9351,44.6847,1.2965,0.7713,0.7712,0.0466,0.398628,0.398990,0.000362,0
8680,38.4210,48.3960,0.7939,1.2596,0.8457,0.0452,0.212209,0.212751,0.000542,0
8681,49.2044,40.9339,1.2020,0.8319,0.4674,0.0283,0.253262,0.255548,0.002286,0
8682,67.4404,76.2216,0.8848,1.1302,1.4306,0.0522,0.270560,0.270896,0.000335,1
8683,31.6202,26.2446,1.2048,0.8300,0.4657,0.0282,0.303899,0.304525,0.000626,0
8684,64.5912,76.1020,0.8487,1.1782,0.3769,0.0204,0.523217,0.523841,0.000624,0
8685,39.0765,41.0992,0.9508,1.0518,0.1012,0.0456,0.528539,0.528532,0.000007,1
8686,78.1524,94.9032,0.8235,1.2143,0.7559,0.0231,0.395235,0.402247,0.007012,0
8687,22.0801,28.3881,0.7778,1.2857,0.4926,0.0500,0.308245,0.309686,0.001441,0
8688,46.4193,46.3994,1.0004,0.9996,0.6301,0.0380,0.541113,0.541234,0.000121,1
8689,28.5458,39.6269,0.7204,1.3882,0.3891,0.0421,0.236648,0.305589,0.068941,0
8690,43.0482,33.2485,1.2947,0.7724,1.0087,0.0318,0.478990,0.479039,0.000050,0
8691,43.3283,33.6861,1.2862,0.7775,0.9399,0.0566,0.501500,0.501605,0.000105,0
8692,79.3353,109.4000,0.7252,1.3790,1.0022,0.0445,0.433139,0.454899,0.021760,0
8693,20.8954,15.1941,1.3752,0.7272,0.7101,0.0371,0.408589,0.410077,0.001488,0
8694,61.7841,45.7857,1.3494,0.7411,0.1211,0.0511,0.475083,0.568302,0.093219,0
8695,55.4979,60.0648,0.9240,1.0823,0.7557,0.0546,0.197584,0.197596,0.000011,1
8696,62.7528,57.2698,1.0957,0.9126,0.9611,0.0330,0.179518,0.179549,0.000031,1
8697,36.5368,40.2435,0.9079,1.1015,1.0854,0.0416,0.534021,0.534123,0.000103,1
8698,56.1736,55.0888,1.0197,0.9807,1.4892,0.0306,0.468186,0.468276,0.000090,1
8699,31.2888,32.1450,0.9734,1.0274,0.8466,0.0317,0.403255,0.403361,0.000106,1
8700,66.6952,59.5939,1.1192,0.8935,0.3872,0.0591,0.152857,0.161209,0.008353,1
8701,39.7906,35.4257,1.1232,0.8903,1.1560,0.0506,0.430367,0.430409,0.000042,1
8702,46.6518,55.3523,0.8428,1.1865,0.9780,0.0559,0.158911,0.158960,0.000049,0
8703,75.4643,86.4092,0.8733,1.1450,0.1247,0.0407,0.152905,0.498635,0.345730,1
8704,38.5382,37.0941,1.0389,0.9625,1.3402,0.0544,0.160681,0.160800,0.000119,1
8705,77.2185,70.7174,1.0919,0.9158,0.1787,0.0289,0.334429,0.335964,0.001534,1
8706,28.5257,31.5903,0.9030,1.1074,0.4856,0.0307,0.242715,0.242715,0.000000,1
8707,51.8155,55.2481,0.9379,1.0662,0.1217,0.0287,0.472691,0.472684,0.000006,1
8708,36.7602,29.9657,1.2267,0.8152,1.4938,0.0342,0.263883,0.264048,0.000165,0
8709,36.8297,26.0719,1.4126,0.7079,1.4124,0.0394,0.279179,0.284275,0.005096,0
8710,49.9185,35.2288,1.4170,0.7057,0.8603,0.0491,0.295866,0.313295,0.017428,0
8711,61.9874,86.7704,0.7144,1.3998,0.8878,0.0540,0.335675,0.341369,0.005694,0
8712,48.5324,52.0782,0.9319,1.0731,0.9830,0.0358,0.483457,0.483559,0.000101,1
8713,27.5790,29.2251,0.9437,1.0597,1.1602,0.0480,0.418245,0.418362,0.000116,1
8714,43.2514,53.7284,0.8050,1.2422,0.4629,0.0436,0.381013,0.381118,0.000105,0
8715,30.4721,36.3921,0.8373,1.1943,0.9951,0.0308,0.371198,0.371198,0.000000,0
8716,38.0731,37.2760,1.0214,0.9791,0.3070,0.0229,0.307878,0.307874,0.000005,1
8717,68.4951,92.1268,0.7435,1.3450,0.8386,0.0340,0.160498,0.263843,0.103344,0
8718,72.1720,66.5136,1.0851,0.9216,1.1712,0.0356,0.184693,0.184833,0.000140,1
8719,40.2301,53.4852,0.7522,1.3295,1.1650,0.0428,0.290434,0.290531,0.000097,0
8720,62.6136,45.4694,1.3770,0.7262,1.2315,0.0536,0.313945,0.316840,0.002894,0
8721,26.8502,19.3446,1.3880,0.7205,1.3420,0.0577,0.177369,0.234710,0.057341,0
8722,65.7814,51.4363,1.2789,0.7819,0.5169,0.0543,0.499449,0.499646,0.000197,0
8723,33.2481,24.4080,1.3622,0.7341,0.5358,0.0488,0.190919,0.327916,0.136997,0
8724,22.8474,26.9390,0.8481,1.1791,0.9346,0.0270,0.413277,0.413275,0.000002,0
8725,54.7215,42.8560,1.2769,0.7832,1.2694,0.0380,0.345257,0.345418,0.000160,0
8726,62.0331,72.1525,0.8598,1.1631,1.1511,0.0506,0.462900,0.463061,0.000161,1
8727,40.4352,55.6764,0.7263,1.3769,0.4925,0.0588,0.502586,0.502942,0.000356,0
8728,24.7682,27.1858,0.9111,1.0976,1.1402,0.0253,0.237088,0.237088,0.000001,1
8729,63.3113,82.7266,0.7653,1.3067,0.2851,0.0489,0.485618,0.493086,0.007468,0
8730,32.2025,30.2096,1.0660,0.9381,0.9308,0.0313,0.166382,0.166392,0.000010,1
8731,35.2385,43.2573,0.8146,1.2276,0.8742,0.0447,0.337506,0.337516,0.000011,0
8732,79.7180,57.5652,1.3848,0.7221,1.4812,0.0478,0.171851,0.208023,0.036171,0
8733,44.4435,58.9520,0.7539,1.3264,1.1797,0.0479,0.165198,0.168772,0.003574,0
8734,68.2699,57.4730,1.1879,0.8419,0.4209,0.0218,0.445724,0.445748,0.000023,0
8735,35.3392,33.0411,1.0696,0.9350,0.6811,0.0240,0.206227,0.206227,0.000000,1
8736,59.5795,79.2187,0.7521,1.3296,0.2385,0.0325,0.158142,0.300000,0.141858,0
8737,78.5662,109.7896,0.7156,1.3974,0.7011,0.0473,0.418966,0.454146,0.035180,0
8738,65.1167,89.9866,0.7236,1.3819,0.9050,0.0408,0.266288,0.282288,0.016001,0
8739,26.8044,35.3622,0.7580,1.3193,0.6973,0.0205,0.462925,0.463000,0.000075,0
8740,73.9573,90.2245,0.8197,1.2200,1.0975,0.0421,0.365290,0.368929,0.003639,0
8741,38.6462,42.3036,0.9135,1.0946,0.5247,0.0383,0.458151,0.458147,0.000005,1
8742,39.4006,34.0987,1.1555,0.8654,0.2993,0.0563,0.315313,0.315801,0.000489,0
8743,35.0957,46.4798,0.7551,1.3244,0.5494,0.0214,0.241934,0.261937,0.020003,0
8744,26.2056,22.0629,1.1878,0.8419,1.4671,0.0298,0.454331,0.454344,0.000014,0
8745,49.3600,43.4223,1.1367,0.8797,0.4299,0.0414,0.225930,0.226482,0.000552,1
8746,36.9909,30.5742,1.2099,0.8265,0.6626,0.0263,0.413692,0.413716,0.000024,0
8747,37.2527,30.8630,1.2070,0.8285,0.2200,0.0324,0.248306,0.287990,0.039684,0
8748,75.2300,54.0431,1.3920,0.7184,0.2045,0.0227,0.341693,0.536748,0.195055,0
8749,30.9079,31.0413,0.9957,1.0043,0.8545,0.0321,0.263358,0.263467,0.000109,1
8750,50.8121,65.4891,0.7759,1.2888,1.0965,0.0326,0.159680,0.164331,0.004651,0
8751,39.7027,46.0097,0.8629,1.1589,1.3329,0.0324,0.164612,0.164622,0.000010,1
8752,39.8694,55.0012,0.7249,1.3795,0.2896,0.0572,0.376301,0.406802,0.030501,0
8753,46.8734,45.6057,1.0278,0.9730,0.6920,0.0349,0.547851,0.547967,0.000116,1
8754,41.0248,34.7532,1.1805,0.8471,0.9301,0.0531,0.417354,0.417397,0.000043,0
8755,76.0009,53.8046,1.4125,0.7079,1.4316,0.0493,0.436776,0.437271,0.000494,0
8756,72.8129,62.9246,1.1571,0.8642,0.8927,0.0242,0.242215,0.242458,0.000243,0
8757,25.4549,34.0321,0.7480,1.3370,0.7042,0.0557,0.166822,0.198235,0.031413,0
8758,59.3561,47.6611,1.2454,0.8030,0.9817,0.0580,0.261832,0.263373,0.001541,0
8759,28.9212,25.9704,1.1136,0.8980,0.3673,0.0373,0.401265,0.401264,0.000001,1
8760,40.8380,44.8512,0.9105,1.0983,0.5793,0.0392,0.499815,0.499942,0.000127,1
8761,33.5063,28.1801,1.1890,0.8410,1.2155,0.0244,0.289152,0.289179,0.000027,0
8762,29.5053,30.6323,0.9632,1.0382,1.1928,0.0581,0.194288,0.194355,0.000066,1
8763,51.2571,50.7621,1.0098,0.9903,0.8164,0.0572,0.516185,0.516311,0.000125,1
8764,58.3343,70.5507,0.8268,1.2094,0.4961,0.0542,0.477561,0.477565,0.000003,0
8765,32.6933,39.0692,0.8368,1.1950,0.2584,0.0590,0.296562,0.298229,0.001667,0
8766,25.4695,21.9274,1.1615,0.8609,0.6264,0.0299,0.238797,0.239044,0.000247,0
8767,49.6988,59.0079,0.8422,1.1873,1.0470,0.0421,0.258817,0.258827,0.000010,0
8768,30.9079,30.5355,1.0122,0.9880,1.2811,0.0477,0.427206,0.427329,0.000123,1
8769,57.1917,73.8910,0.7740,1.2920,0.4390,0.0220,0.337799,0.340765,0.002966,0
8770,59.6747,54.2171,1.1007,0.9085,0.9252,0.0239,0.533837,0.533936,0.000099,1
8771,26.1855,24.1510,1.0842,0.9223,1.1502,0.0476,0.252005,0.252050,0.000045,1
8772,56.0088,53.3753,1.0493,0.9530,0.7421,0.0284,0.454599,0.454711,0.000112,1
8773,42.2718,35.7265,1.1832,0.8452,1.2914,0.0408,0.167945,0.169862,0.001917,0
8774,42.7827,48.8413,0.8760,1.1416,1.0219,0.0235,0.230703,0.230703,0.000000,1
8775,41.0852,52.8438,0.7775,1.2862,1.2590,0.0300,0.181971,0.182765,0.000794,0
8776,77.3962,95.4200,0.8111,1.2329,1.4480,0.0301,0.538989,0.542247,0.003258,0
8777,63.1758,54.6516,1.1560,0.8651,0.7887,0.0431,0.335418,0.335444,0.000025,0
8778,67.0724,54.5764,1.2290,0.8137,0.9965,0.0588,0.311650,0.311996,0.000346,0
8779,32.5816,41.8980,0.7776,1.2859,0.3707,0.0519,0.270084,0.284078,0.013994,0
8780,40.3693,45.2220,0.8927,1.1202,0.2749,0.0521,0.152893,0.155659,0.002766,1
8781,33.6180,45.3559,0.7412,1.3492,0.9816,0.0586,0.379023,0.379087,0.000064,0
8782,55.2214,58.0326,0.9516,1.0509,1.4729,0.0236,0.539831,0.539911,0.000080,1
8783,56.6625,61.3616,0.9234,1.0829,0.8915,0.0377,0.260965,0.260968,0.000003,1
8784,24.6107,19.9289,1.2349,0.8098,1.2529,0.0432,0.195424,0.198751,0.003328,0
8785,43.3320,47.9003,0.9046,1.1054,0.8305,0.0587,0.497765,0.497888,0.000124,1
8786,66.4132,81.4111,0.8158,1.2258,1.0510,0.0207,0.153894,0.160601,0.006707,0
8787,42.0466,50.7793,0.8280,1.2077,0.9246,0.0599,0.489525,0.489545,0.000020,0
8788,41.5064,36.5045,1.1370,0.8795,1.3552,0.0452,0.151282,0.152248,0.000967,1
8789,23.9937,18.7685,1.2784,0.7822,0.6020,0.0441,0.155799,0.249051,0.093253,0
8790,61.6211,59.1766,1.0413,0.9603,0.5649,0.0416,0.519677,0.519806,0.000129,1
8791,44.4655,48.8047,0.9111,1.0976,0.4171,0.0367,0.189405,0.189413,0.000007,1
8792,52.8520,54.0939,0.9770,1.0235,0.3753,0.0307,0.388081,0.388238,0.000157,1
8793,42.9420,31.1795,1.3773,0.7261,0.8978,0.0336,0.484983,0.485234,0.000251,0
8794,59.9384,62.4045,0.9605,1.0411,1.2637,0.0475,0.151196,0.151237,0.000041,1
8795,34.6471,46.9471,0.7380,1.3550,0.3878,0.0238,0.405403,0.410265,0.004861,0
8796,77.7953,100.8747,0.7712,1.2967,1.3344,0.0338,0.504442,0.511566,0.007124,0
8797,34.0300,35.3567,0.9625,1.0390,1.0844,0.0233,0.347601,0.347695,0.000094,1
8798,27.8408,30.1592,0.9231,1.0833,0.1073,0.0576,0.314031,0.314068,0.000037,1
8799,24.3947,28.5946,0.8531,1.1722,0.3517,0.0597,0.272098,0.272281,0.000182,1
8800,44.8848,48.4767,0.9259,1.0800,0.7632,0.0272,0.441366,0.441476,0.000110,1
8801,25.0063,26.4497,0.9454,1.0577,1.1934,0.0488,0.521874,0.521990,0.000116,1
8802,73.2707,89.7484,0.8164,1.2249,1.4709,0.0308,0.422787,0.425124,0.002337,0
8803,45.1064,41.5034,1.0868,0.9201,1.1623,0.0273,0.421664,0.421664,0.000000,1
8804,36.1339,40.7107,0.8876,1.1267,1.1033,0.0253,0.469407,0.469498,0.000091,1
8805,30.7889,22.3711,1.3763,0.7266,0.8595,0.0214,0.272343,0.282872,0.010530,0
8806,46.3662,36.5660,1.2680,0.7886,0.8519,0.0273,0.246036,0.248535,0.002499,0
8807,63.1538,85.1530,0.7417,1.3483,0.1882,0.0523,0.282829,0.422619,0.139790,0
8808,39.9261,43.7968,0.9116,1.0969,1.1693,0.0259,0.364106,0.364197,0.000091,1
8809,72.0310,78.2000,0.9211,1.0856,0.7671,0.0290,0.368268,0.368620,0.000352,1
8810,78.7841,94.0377,0.8378,1.1936,0.4750,0.0359,0.530468,0.537459,0.006991,0
8811,66.4571,65.9119,1.0083,0.9918,1.4462,0.0594,0.233901,0.234037,0.000135,1
8812,39.6808,29.4838,1.3458,0.7430,1.1174,0.0297,0.282194,0.284460,0.002266,0
8813,28.2986,21.1088,1.3406,0.7459,0.1718,0.0533,0.411861,0.504609,0.092748,0
8814,23.4187,26.9778,0.8681,1.1520,1.1851,0.0341,0.257230,0.257235,0.000006,1
8815,46.6536,34.1864,1.3647,0.7328,1.0046,0.0490,0.172169,0.247128,0.074959,0
8816,35.1305,47.4828,0.7399,1.3516,0.2635,0.0323,0.451144,0.461695,0.010551,0
8817,25.3249,24.6773,1.0262,0.9744,0.1680,0.0352,0.539355,0.539347,0.000008,1
8818,46.4541,57.3843,0.8095,1.2353,1.1260,0.0262,0.542773,0.542771,0.000002,0
8819,51.2241,51.9398,0.9862,1.0140,1.0809,0.0333,0.262162,0.262263,0.000101,1
8820,43.0866,38.9731,1.1055,0.9045,0.3949,0.0251,0.184352,0.184669,0.000318,1
8821,45.6044,39.2027,1.1633,0.8596,0.6694,0.0384,0.157190,0.164515,0.007325,0
8822,33.5685,31.6954,1.0591,0.9442,0.1961,0.0263,0.196632,0.196657,0.000024,1
8823,29.9521,40.4286,0.7409,1.3498,0.5482,0.0351,0.225344,0.261289,0.035945,0
8824,34.5756,43.7916,0.7895,1.2665,1.3189,0.0221,0.534838,0.534838,0.000001,0
8825,61.8079,48.2170,1.2819,0.7801,0.7720,0.0430,0.175880,0.214426,0.038547,0
8826,62.2217,72.5872,0.8572,1.1666,0.1759,0.0526,0.548950,0.549306,0.000356,1
8827,70.0974,65.3713,1.0723,0.9326,1.2718,0.0501,0.533776,0.533917,0.000140,1
8828,35.2220,44.3627,0.7940,1.2595,1.2918,0.0283,0.299467,0.299481,0.000013,0
8829,42.3176,52.8188,0.8012,1.2482,0.2689,0.0412,0.203957,0.295240,0.091283,0
8830,21.8421,16.5507,1.3197,0.7577,0.9203,0.0588,0.159778,0.233426,0.073648,0
8831,24.6602,21.7374,1.1345,0.8815,0.3937,0.0526,0.270011,0.270226,0.000215,1
8832,45.7418,42.6597,1.0722,0.9326,0.2738,0.0450,0.486692,0.486687,0.000006,1
8833,48.2943,65.1813,0.7409,1.3497,0.7838,0.0445,0.364631,0.364864,0.000234,0
8834,33.8505,28.0234,1.2079,0.8279,0.7102,0.0285,0.223110,0.224783,0.001673,0
8835,28.0953,37.3468,0.7523,1.3293,0.9840,0.0281,0.216152,0.219333,0.003181,0
8836,69.4272,96.3497,0.7206,1.3878,0.4506,0.0310,0.159803,0.300000,0.140197,0
8837,71.6556,96.9548,0.7391,1.3531,1.4949,0.0360,0.397615,0.404365,0.006750,0
8838,53.3317,67.7453,0.7872,1.2703,1.1568,0.0405,0.477818,0.477828,0.000010,0
8839,63.8752,57.2162,1.1164,0.8957,1.3773,0.0318,0.334051,0.334065,0.000014,1
8840,23.5011,22.7867,1.0314,0.9696,0.5686,0.0325,0.368842,0.368839,0.000003,1
8841,73.3000,81.2297,0.9024,1.1082,0.5144,0.0363,0.508580,0.509422,0.000841,1
8842,64.2891,65.2889,0.9847,1.0156,0.9524,0.0487,0.438205,0.438321,0.000116,1
8843,78.2458,65.9698,1.1861,0.8431,1.2141,0.0563,0.199611,0.202969,0.003358,0
8844,61.2275,53.8621,1.1367,0.8797,0.9249,0.0406,0.282829,0.282857,0.000028,1
8845,51.0007,46.3038,1.1014,0.9079,1.0955,0.0373,0.228774,0.228798,0.000024,1
8846,30.3055,37.7514,0.8028,1.2457,1.2615,0.0259,0.156543,0.157299,0.000756,0
8847,64.5949,75.0134,0.8611,1.1613,1.3047,0.0278,0.353400,0.353590,0.000190,1
8848,61.6028,44.6025,1.3812,0.7240,0.1573,0.0314,0.235696,0.509897,0.274201,0
8849,56.3237,75.1100,0.7499,1.3335,0.1335,0.0521,0.547302,0.580888,0.033586,0
8850,52.5278,71.0254,0.7396,1.3521,1.4453,0.0545,0.530151,0.530207,0.000056,0
8851,52.7494,72.7606,0.7250,1.3794,0.3355,0.0338,0.330181,0.373240,0.043058,0
8852,73.5838,92.2179,0.7979,1.2532,0.6781,0.0253,0.197743,0.274767,0.077024,0
8853,49.9332,52.7589,0.9464,1.0566,0.1314,0.0350,0.378535,0.378530,0.000005,1
8854,76.8157,67.0648,1.1454,0.8731,0.9149,0.0528,0.165479,0.169896,0.004417,1
8855,27.6431,29.0350,0.9521,1.0504,0.5352,0.0220,0.529882,0.530011,0.000129,1
8856,51.6489,57.0720,0.9050,1.1050,1.0942,0.0219,0.385469,0.385561,0.000092,1
8857,54.6684,55.6716,0.9820,1.0184,1.0970,0.0404,0.227236,0.227346,0.000110,1
8858,21.9556,30.5948,0.7176,1.3935,1.2056,0.0426,0.411837,0.411896,0.000059,0
8859,71.6630,57.7667,1.2406,0.8061,0.1203,0.0331,0.492418,0.506370,0.013952,0
8860,69.6194,91.0660,0.7645,1.3081,0.8584,0.0457,0.522143,0.526868,0.004725,0
8861,75.7884,103.0114,0.7357,1.3592,0.9415,0.0544,0.513793,0.526942,0.013149,0
8862,30.8072,41.3643,0.7448,1.3427,0.2656,0.0433,0.376936,0.401536,0.024600,0
8863,35.0975,36.1187,0.9717,1.0291,1.4399,0.0480,0.338971,0.339105,0.000134,1
8864,69.5883,59.6369,1.1669,0.8570,1.0957,0.0412,0.461692,0.461712,0.000020,0
8865,67.7169,62.2819,1.0873,0.9197,1.4488,0.0273,0.222060,0.222075,0.000015,1
8866,36.2310,28.0358,1.2923,0.7738,1.0554,0.0203,0.337225,0.337413,0.000188,0
8867,49.0542,55.8344,0.8786,1.1382,1.4349,0.0297,0.342193,0.342198,0.000005,1
8868,32.8526,43.2803,0.7591,1.3174,0.2472,0.0502,0.288420,0.359984,0.071564,0
8869,76.7003,83.2480,0.9213,1.0854,0.7820,0.0214,0.532531,0.533133,0.000601,1
8870,23.7318,32.2653,0.7355,1.3596,1.2479,0.0520,0.155042,0.162982,0.007941,0
8871,45.1961,33.2284,1.3602,0.7352,0.3355,0.0436,0.187684,0.333474,0.145790,0
8872,49.6988,48.2379,1.0303,0.9706,0.6770,0.0515,0.204848,0.204859,0.000011,1
8873,58.7353,82.0161,0.7161,1.3964,0.3988,0.0435,0.302922,0.343880,0.040957,0
8874,62.6246,74.4124,0.8416,1.1882,0.1267,0.0246,0.315435,0.349156,0.033721,0
8875,76.6948,54.3614,1.4108,0.7088,0.8110,0.0351,0.489586,0.490225,0.000639,0
8876,34.9400,47.4292,0.7367,1.3574,1.0839,0.0557,0.320513,0.320625,0.000112,0
8877,42.1455,54.5865,0.7721,1.2952,0.3418,0.0329,0.459165,0.459866,0.000701,0
8878,47.6516,52.1765,0.9133,1.0950,0.6743,0.0572,0.194887,0.194895,0.000009,1
8879,24.7719,33.2740,0.7445,1.3432,1.2932,0.0269,0.522326,0.522336,0.000011,0
8880,66.0689,74.6885,0.8846,1.1305,0.6639,0.0336,0.253909,0.254332,0.000423,1
8881,74.1771,76.6285,0.9680,1.0330,0.9748,0.0580,0.158814,0.158963,0.000150,1
8882,22.8895,25.4621,0.8990,1.1124,0.9428,0.0470,0.374738,0.374851,0.000113,1
8883,65.2120,73.5707,0.8864,1.1282,0.4921,0.0367,0.331561,0.331863,0.000302,1
8884,70.9012,54.8716,1.2921,0.7739,1.0649,0.0336,0.260331,0.262074,0.001743,0
8885,20.9943,14.8525,1.4135,0.7075,0.5320,0.0315,0.189833,0.319886,0.130053,0
8886,69.8520,68.0867,1.0259,0.9747,0.3044,0.0583,0.411483,0.411496,0.000013,1
8887,59.1766,60.1892,0.9832,1.0171,1.4216,0.0377,0.386274,0.386377,0.000103,1
8888,21.5821,17.2836,1.2487,0.8008,1.2794,0.0246,0.197890,0.199719,0.001829,0
8889,40.4645,38.5567,1.0495,0.9529,0.9501,0.0349,0.466855,0.466958,0.000103,1
8890,31.6202,24.0364,1.3155,0.7602,0.6726,0.0228,0.476682,0.476840,0.000158,0
8891,22.7723,23.4651,0.9705,1.0304,1.1544,0.0211,0.534924,0.535011,0.000088,1
8892,21.8531,19.3760,1.1278,0.8866,0.9176,0.0204,0.444394,0.444389,0.000004,1
8893,57.0580,43.1196,1.3233,0.7557,0.1510,0.0459,0.287724,0.538778,0.251054,0
8894,34.9455,31.6481,1.1042,0.9056,0.2875,0.0375,0.278874,0.278920,0.000046,1
8895,79.6869,75.7630,1.0518,0.9508,0.8257,0.0442,0.227908,0.228224,0.000316,1
8896,64.4063,48.2201,1.3357,0.7487,1.4054,0.0219,0.277421,0.278196,0.000775,0
8897,78.3062,63.9565,1.2244,0.8167,1.4455,0.0364,0.212600,0.214682,0.002082,0
8898,42.1088,49.6238,0.8486,1.1785,0.7622,0.0456,0.480100,0.480101,0.000001,0
8899,71.2601,78.9037,0.9031,1.1073,1.1028,0.0431,0.169031,0.169853,0.000821,1
8900,45.2565,51.1889,0.8841,1.1311,0.9501,0.0537,0.230313,0.230331,0.000019,1
8901,42.1290,39.2382,1.0737,0.9314,1.4242,0.0362,0.228347,0.228377,0.000030,1
8902,54.4963,72.9768,0.7468,1.3391,1.1801,0.0273,0.419246,0.419272,0.000026,0
8903,48.4408,48.2204,1.0046,0.9954,0.8407,0.0538,0.158301,0.158326,0.000025,1
8904,51.9694,41.7909,1.2436,0.8041,0.8195,0.0309,0.336297,0.336465,0.000168,0
8905,74.4700,90.1611,0.8260,1.2107,1.0072,0.0504,0.260392,0.265446,0.005055,0
8906,39.7046,38.8962,1.0208,0.9796,1.3398,0.0471,0.155213,0.155277,0.000064,1
8907,79.9231,66.3100,1.2053,0.8297,0.5421,0.0597,0.488670,0.489974,0.001304,0
8908,72.6353,89.9119,0.8078,1.2379,0.5751,0.0526,0.373469,0.380351,0.006883,0
8909,26.5352,32.2351,0.8232,1.2148,1.0188,0.0238,0.494932,0.494929,0.000003,0
8910,64.1060,81.5533,0.7861,1.2722,0.5395,0.0423,0.241897,0.255575,0.013678,0
8911,60.8594,59.3525,1.0254,0.9752,0.3401,0.0301,0.459128,0.459294,0.000166,1
8912,42.4531,36.4529,1.1646,0.8587,1.2067,0.0585,0.423055,0.423144,0.000089,0
8913,71.1026,86.7616,0.8195,1.2202,0.3584,0.0231,0.373627,0.381691,0.008063,0
8914,62.6759,75.9274,0.8255,1.2114,1.3962,0.0215,0.447739,0.447921,0.000182,0
8915,56.5709,48.4666,1.1672,0.8567,1.1231,0.0488,0.166785,0.169111,0.002326,0
8916,34.8192,36.5367,0.9530,1.0493,0.8091,0.0440,0.253446,0.253562,0.000117,1
8917,27.1853,29.7278,0.9145,1.0935,0.1338,0.0268,0.523632,0.523626,0.000006,1
8918,28.0422,24.8546,1.1283,0.8863,0.8916,0.0362,0.432369,0.432373,0.000004,1
8919,65.5599,91.1087,0.7196,1.3897,1.3197,0.0542,0.340362,0.345576,0.005214,0
8920,73.7724,66.4298,1.1105,0.9005,0.3463,0.0515,0.242520,0.243412,0.000892,1
8921,32.5120,32.2717,1.0074,0.9926,1.0276,0.0568,0.485081,0.485212,0.000131,1
8922,50.5649,43.7088,1.1569,0.8644,0.5405,0.0349,0.392793,0.392803,0.000009,0
8923,36.2401,48.2820,0.7506,1.3323,0.7636,0.0535,0.377424,0.377541,0.000118,0
8924,34.6782,26.8439,1.2918,0.7741,1.3468,0.0529,0.350714,0.351063,0.000349,0
8925,53.1138,40.7981,1.3019,0.7681,1.4647,0.0399,0.498912,0.498984,0.000072,0
8926,31.3456,35.2241,0.8899,1.1237,1.0736,0.0437,0.291484,0.291496,0.000012,1
8927,41.7792,29.4141,1.4204,0.7040,1.3559,0.0508,0.548254,0.548505,0.000251,0
8928,70.0571,55.1821,1.2696,0.7877,0.4731,0.0598,0.257413,0.278790,0.021377,0
8929,69.4693,61.5770,1.1282,0.8864,0.6498,0.0526,0.217226,0.217511,0.000285,1
8930,60.0537,73.0767,0.8218,1.2169,0.9301,0.0201,0.479148,0.479203,0.000055,0
8931,67.3598,65.2459,1.0324,0.9686,0.5446,0.0307,0.528417,0.528548,0.000131,1
8932,47.3550,46.3453,1.0218,0.9787,0.6101,0.0585,0.373103,0.373110,0.000008,1
8933,48.5250,50.7445,0.9563,1.0457,1.4434,0.0597,0.198854,0.198975,0.000121,1
8934,79.4269,71.5385,1.1103,0.9007,0.3523,0.0278,0.324395,0.325869,0.001474,1
8935,34.3083,38.6648,0.8873,1.1270,0.9395,0.0398,0.222939,0.222945,0.000005,1
8936,55.6426,64.4781,0.8630,1.1588,1.4147,0.0246,0.439840,0.439923,0.000083,1
8937,41.0010,29.0519,1.4113,0.7086,0.3450,0.0377,0.252567,0.372089,0.119522,0
8938,68.3193,55.8318,1.2237,0.8172,0.9769,0.0359,0.463132,0.463152,0.000020,0
8939,55.4247,61.9866,0.8941,1.1184,1.2814,0.0251,0.244241,0.244242,0.000001,1
8940,47.9977,44.0080,1.0907,0.9169,0.1725,0.0548,0.232400,0.233005,0.000605,1
8941,53.3464,65.1165,0.8192,1.2206,0.1531,0.0349,0.490452,0.492012,0.001560,0
8942,25.1875,26.6732,0.9443,1.0590,1.3169,0.0318,0.479698,0.479789,0.000091,1
8943,45.8937,53.9666,0.8504,1.1759,0.4843,0.0329,0.406478,0.406478,0.000001,1
8944,76.5520,98.0458,0.7808,1.2808,0.9029,0.0316,0.272904,0.287585,0.014681,0
8945,33.6985,38.3894,0.8778,1.1392,0.3696,0.0584,0.353925,0.353926,0.000001,1
8946,23.8893,16.8184,1.4204,0.7040,0.4270,0.0317,0.432821,0.445324,0.012503,0
8947,64.1700,53.4650,1.2002,0.8332,0.9696,0.0279,0.398872,0.398883,0.000011,0
8948,26.9948,21.4996,1.2556,0.7964,0.9584,0.0565,0.270939,0.272490,0.001552,0
8949,41.2738,51.2956,0.8046,1.2428,0.9182,0.0212,0.274906,0.274976,0.000070,0
8950,43.6323,46.0092,0.9483,1.0545,0.3470,0.0362,0.438412,0.438406,0.000006,1
8951,27.1780,25.2637,1.0758,0.9296,1.0105,0.0545,0.200441,0.200508,0.000067,1
8952,69.4784,57.9858,1.1982,0.8346,0.6605,0.0296,0.402266,0.402288,0.000022,0
8953,38.4997,40.1718,0.9584,1.0434,0.8445,0.0377,0.434725,0.434834,0.000109,1
8954,25.0117,24.0932,1.0381,0.9633,1.4167,0.0370,0.322002,0.322025,0.000023,1
8955,54.2473,60.2271,0.9007,1.1102,0.1061,0.0411,0.398543,0.398642,0.000100,1
8956,72.7195,71.5233,1.0167,0.9836,1.0169,0.0498,0.338092,0.338122,0.000031,1
8957,35.3154,41.4535,0.8519,1.1738,0.9686,0.0220,0.482994,0.482989,0.000005,1
8958,33.9622,33.3963,1.0169,0.9833,0.6556,0.0407,0.353131,0.353131,0.000000,1
8959,24.1090,25.7587,0.9360,1.0684,0.1034,0.0487,0.373908,0.373906,0.000002,1
8960,38.2690,28.2525,1.3545,0.7383,1.4630,0.0536,0.337689,0.338642,0.000953,0
8961,24.9916,29.2702,0.8538,1.1712,0.5565,0.0378,0.279374,0.279393,0.000019,1
8962,25.5080,31.2079,0.8174,1.2235,1.3026,0.0560,0.274308,0.274356,0.000048,0
8963,79.3847,65.6022,1.2101,0.8264,0.8857,0.0260,0.514562,0.515222,0.000660,0
8964,41.7408,39.4223,1.0588,0.9445,0.4715,0.0480,0.516894,0.516890,0.000004,1
8965,20.8405,15.2125,1.3700,0.7300,1.1805,0.0328,0.320305,0.321636,0.001330,0
8966,49.2026,61.2872,0.8028,1.2456,0.3070,0.0513,0.437020,0.437309,0.000289,0
8967,62.8718,81.8770,0.7679,1.3023,1.3473,0.0304,0.421163,0.422111,0.000948,0
8968,57.9168,52.5545,1.1020,0.9074,1.1752,0.0330,0.204628,0.204652,0.000024,1
8969,53.2127,50.2480,1.0590,0.9443,0.8369,0.0478,0.313518,0.313532,0.000014,1
8970,28.1265,24.9695,1.1264,0.8878,1.0674,0.0273,0.257218,0.257227,0.000009,1
8971,40.0708,46.4619,0.8624,1.1595,0.2715,0.0577,0.466172,0.466174,0.000003,1
8972,76.5886,55.5182,1.3795,0.7249,1.0441,0.0523,0.300566,0.307728,0.007162,0
8973,76.1272,77.1485,0.9868,1.0134,1.2903,0.0521,0.162622,0.162706,0.000083,1
8974,73.3000,91.3721,0.8022,1.2465,1.4099,0.0526,0.202907,0.208922,0.006015,0
8975,72.2965,71.2540,1.0146,0.9856,0.8332,0.0415,0.269547,0.269561,0.000014,1
8976,46.0329,57.6931,0.7979,1.2533,1.3633,0.0249,0.545752,0.545837,0.000085,0
8977,62.9395,58.5939,1.0742,0.9310,0.5126,0.0567,0.224404,0.224423,0.000019,1
8978,45.4140,54.6928,0.8303,1.2043,1.3003,0.0478,0.526196,0.526308,0.000112,0
8979,74.7227,74.5344,1.0025,0.9975,0.7414,0.0431,0.253275,0.253280,0.000006,1
8980,50.9604,39.0744,1.3042,0.7668,0.1540,0.0378,0.219155,0.497030,0.277875,0
8981,60.4035,44.1148,1.3692,0.7303,0.1852,0.0560,0.301225,0.539129,0.237903,0
8982,45.7344,61.0600,0.7490,1.3351,1.2851,0.0442,0.152356,0.158006,0.005650,0
8983,23.7959,29.0334,0.8196,1.2201,1.1437,0.0329,0.237295,0.237314,0.000019,0
8984,21.8384,22.2387,0.9820,1.0183,1.4813,0.0326,0.172523,0.172541,0.000018,1
8985,60.4950,73.0812,0.8278,1.2081,0.1344,0.0504,0.231130,0.304039,0.072909,0
8986,68.0667,52.6357,1.2932,0.7733,1.1523,0.0231,0.538635,0.538653,0.000018,0
8987,28.3462,23.6640,1.1979,0.8348,0.9092,0.0456,0.439364,0.439394,0.000029,0
8988,42.4696,32.3852,1.3114,0.7626,0.5928,0.0443,0.315972,0.321722,0.005750,0
8989,59.4037,53.2780,1.1150,0.8969,1.2676,0.0588,0.338116,0.338220,0.000103,1
8990,73.6369,72.1786,1.0202,0.9802,0.6088,0.0234,0.314702,0.314718,0.000016,1
8991,48.7796,36.3518,1.3419,0.7452,1.0104,0.0301,0.441317,0.441477,0.000160,0
8992,72.6554,98.0282,0.7412,1.3492,0.2326,0.0485,0.466807,0.506353,0.039546,0
8993,43.0354,52.0994,0.8260,1.2106,1.4789,0.0550,0.204994,0.205059,0.000065,0
8994,40.7923,52.7058,0.7740,1.2921,0.2665,0.0215,0.318047,0.347162,0.029115,0
8995,38.7341,44.7953,0.8647,1.1565,1.0206,0.0538,0.284220,0.284242,0.000022,1
8996,32.8837,34.4306,0.9551,1.0470,0.7727,0.0517,0.274247,0.274370,0.000123,1
8997,28.4103,35.0155,0.8114,1.2325,0.4948,0.0575,0.431478,0.431496,0.000018,0
8998,51.3797,45.4438,1.1306,0.8845,0.5305,0.0319,0.436117,0.436115,0.000002,1
8999,53.5771,54.4149,0.9846,1.0156,1.2481,0.0254,0.454990,0.455078,0.000088,1
9000,27.8701,36.4372,0.7649,1.3074,1.3071,0.0428,0.532348,0.532367,0.000019,0
9001,20.3516,21.7550,0.9355,1.0690,0.9257,0.0241,0.239846,0.239845,0.000001,1
9002,25.6673,29.1952,0.8792,1.1374,0.8844,0.0534,0.268070,0.268084,0.000014,1
9003,20.1080,18.2862,1.0996,0.9094,0.9241,0.0351,0.526806,0.526910,0.000104,1
9004,35.8446,33.2143,1.0792,0.9266,0.5514,0.0411,0.393672,0.393670,0.000002,1
9005,72.8001,61.2105,1.1893,0.8408,0.4945,0.0229,0.390864,0.391071,0.000207,0
9006,67.7114,90.4130,0.7489,1.3353,1.3657,0.0276,0.218679,0.227488,0.008809,0
9007,31.8546,27.6042,1.1540,0.8666,0.3633,0.0339,0.416024,0.416040,0.000017,0
9008,40.4443,53.2715,0.7592,1.3172,1.0926,0.0566,0.396382,0.396419,0.000037,0
9009,74.1697,69.2262,1.0714,0.9333,0.5100,0.0515,0.272294,0.272545,0.000251,1
9010,73.0070,93.8719,0.7777,1.2858,0.3252,0.0362,0.236526,0.300222,0.063696,0
9011,24.3123,23.3779,1.0400,0.9616,0.3174,0.0349,0.418001,0.417997,0.000005,1
9012,52.1158,49.3069,1.0570,0.9461,0.2312,0.0405,0.216945,0.216951,0.000006,1
9013,46.0897,49.6815,0.9277,1.0779,0.3539,0.0540,0.222573,0.222572,0.000001,1
9014,40.3418,40.0772,1.0066,0.9934,1.4640,0.0223,0.409468,0.409550,0.000082,1
9015,54.5476,58.1786,0.9376,1.0666,0.8379,0.0349,0.384248,0.384356,0.000108,1
9016,35.8739,26.9472,1.3313,0.7512,0.3617,0.0400,0.261222,0.327038,0.065816,0
9017,34.9364,37.9426,0.9208,1.0860,0.2501,0.0289,0.352130,0.352126,0.000004,1
9018,39.6991,46.4592,0.8545,1.1703,0.4422,0.0238,0.229470,0.229915,0.000445,1
9019,39.4757,53.2294,0.7416,1.3484,1.2688,0.0405,0.203517,0.204711,0.001193,0
9020,32.3087,45.0072,0.7179,1.3930,1.1330,0.0356,0.406343,0.406424,0.000081,0
9021,25.4878,20.6053,1.2370,0.8084,0.2852,0.0583,0.524938,0.525232,0.000294,0
9022,78.0718,79.5946,0.9809,1.0195,0.4524,0.0431,0.339569,0.339779,0.000210,1
9023,57.2704,72.0291,0.7951,1.2577,0.8874,0.0382,0.349408,0.349429,0.000021,0
9024,68.6984,58.6365,1.1716,0.8535,0.7336,0.0356,0.205776,0.206677,0.000901,0
9025,36.1303,26.7700,1.3497,0.7409,1.1493,0.0287,0.362580,0.362973,0.000394,0
9026,75.0999,95.8186,0.7838,1.2759,0.4529,0.0210,0.375300,0.394963,0.019663,0
9027,66.1861,46.7757,1.4150,0.7067,0.4121,0.0500,0.256632,0.353403,0.096771,0
9028,27.1230,33.6167,0.8068,1.2394,0.7456,0.0255,0.270304,0.270473,0.000169,0
9029,44.9397,38.1359,1.1784,0.8486,0.1648,0.0372,0.333648,0.340871,0.007222,0
9030,70.3848,87.0856,0.8082,1.2373,1.2528,0.0397,0.313176,0.315981,0.002805,0
9031,25.2480,29.8741,0.8451,1.1832,1.0950,0.0361,0.489000,0.489097,0.000098,0
9032,26.4583,29.1126,0.9088,1.1003,1.3104,0.0269,0.337127,0.337216,0.000089,1
9033,26.0500,29.4530,0.8845,1.1306,0.6734,0.0512,0.390620,0.390622,0.000002,1
9034,34.3577,43.6962,0.7863,1.2718,1.1444,0.0228,0.538757,0.538757,0.000000,0
9035,51.1563,71.4375,0.7161,1.3965,0.2191,0.0261,0.461020,0.501107,0.040087,0
9036,45.0771,46.0294,0.9793,1.0211,0.6501,0.0237,0.539941,0.540058,0.000117,1
9037,45.6685,36.4109,1.2543,0.7973,0.3486,0.0559,0.417049,0.418329,0.001280,0
9038,64.5692,60.3731,1.0695,0.9350,1.0752,0.0564,0.446628,0.446671,0.000043,1
9039,35.7384,46.5683,0.7674,1.3030,0.7197,0.0390,0.476084,0.476111,0.000027,0
9040,61.2073,54.9388,1.1141,0.8976,1.0892,0.0511,0.192079,0.192240,0.000161,1
9041,37.1099,36.4099,1.0192,0.9811,0.3035,0.0579,0.547302,0.547478,0.000176,1
9042,39.2962,54.2827,0.7239,1.3814,0.8542,0.0395,0.385041,0.385289,0.000248,0
9043,38.4100,27.2398,1.4101,0.7092,0.1449,0.0549,0.243533,0.562810,0.319277,0
9044,37.7435,47.3539,0.7971,1.2546,0.6188,0.0435,0.195656,0.201293,0.005638,0
9045,44.2311,37.7887,1.1705,0.8543,0.5619,0.0589,0.421493,0.421524,0.000031,0
9046,50.3214,40.4710,1.2434,0.8043,0.7857,0.0291,0.357489,0.357608,0.000119,0
9047,37.9412,52.9694,0.7163,1.3961,0.4803,0.0373,0.237075,0.298832,0.061756,0
9048,68.4713,69.6328,0.9833,1.0170,0.1488,0.0579,0.188771,0.188800,0.000029,1
9049,72.6426,85.2732,0.8519,1.1739,1.3626,0.0487,0.238064,0.240121,0.002057,1
9050,26.7641,37.1885,0.7197,1.3895,1.4251,0.0257,0.293864,0.294092,0.000228,0
9051,57.9406,61.7171,0.9388,1.0652,1.2492,0.0302,0.457138,0.457229,0.000091,1
9052,72.4851,93.5942,0.7745,1.2912,1.2899,0.0292,0.543689,0.547484,0.003796,0
9053,38.0584,35.2591,1.0794,0.9264,1.0638,0.0497,0.266581,0.266620,0.000040,1
9054,51.8577,57.8610,0.8962,1.1158,0.4492,0.0473,0.503624,0.503619,0.000005,1
9055,30.4337,41.1131,0.7402,1.3509,0.6139,0.0478,0.159595,0.255862,0.096267,0
9056,73.7541,93.5752,0.7882,1.2687,1.0113,0.0326,0.328155,0.335256,0.007101,0
9057,31.1899,34.1637,0.9130,1.0953,0.3184,0.0245,0.483067,0.483061,0.000006,1
9058,24.4990,19.2931,1.2698,0.7875,0.3361,0.0353,0.323492,0.335470,0.011978,0
9059,51.8888,72.4836,0.7159,1.3969,0.4921,0.0220,0.313543,0.336282,0.022739,0
9060,32.6786,23.1682,1.4105,0.7090,1.4160,0.0515,0.542639,0.542883,0.000244,0
9061,68.5098,83.6138,0.8194,1.2205,0.4874,0.0362,0.190553,0.234603,0.044050,0
9062,47.5216,49.1073,0.9677,1.0334,0.6477,0.0414,0.372211,0.372334,0.000123,1
9063,36.0863,48.4694,0.7445,1.3432,1.2094,0.0449,0.350238,0.350287,0.000049,0
9064,26.5041,18.8784,1.4039,0.7123,0.3787,0.0243,0.545666,0.548285,0.002619,0
9065,28.3077,38.9009,0.7277,1.3742,0.3607,0.0352,0.487425,0.489699,0.002275,0
9066,74.4810,56.2880,1.3232,0.7557,1.2082,0.0404,0.424813,0.424994,0.000181,0
9067,78.2092,95.4733,0.8192,1.2207,1.3059,0.0508,0.166163,0.175644,0.009482,0
9068,45.4744,51.9288,0.8757,1.1419,0.8891,0.0487,0.180079,0.180091,0.000012,1
9069,21.4045,17.6430,1.2132,0.8243,0.1545,0.0210,0.245572,0.316833,0.071261,0
9070,76.8981,89.5885,0.8583,1.1650,1.1733,0.0544,0.318877,0.321589,0.002711,1
9071,54.4890,38.1947,1.4266,0.7010,0.6160,0.0570,0.542395,0.543511,0.001117,0
9072,21.6150,23.8684,0.9056,1.1043,0.6451,0.0391,0.312639,0.312638,0.000001,1
9073,35.8574,39.6553,0.9042,1.1059,1.4533,0.0323,0.461618,0.461709,0.000090,1
9074,43.7935,43.0609,1.0170,0.9833,0.6838,0.0566,0.305400,0.305413,0.000013,1
9075,71.8516,93.1200,0.7716,1.2960,1.2402,0.0260,0.542871,0.546697,0.003826,0
9076,77.0025,65.2128,1.1808,0.8469,1.1394,0.0321,0.299138,0.299656,0.000518,0
9077,65.0929,83.0050,0.7842,1.2752,0.8656,0.0361,0.442990,0.444732,0.001742,0
9078,55.4118,52.7283,1.0509,0.9516,1.2957,0.0590,0.256668,0.256776,0.000108,1
9079,51.8650,54.8543,0.9455,1.0576,0.3269,0.0283,0.254105,0.254102,0.000003,1
9080,48.3932,47.6178,1.0163,0.9840,0.5828,0.0386,0.288066,0.288065,0.000001,1
9081,38.7982,29.6751,1.3074,0.7649,1.0620,0.0462,0.291752,0.293355,0.001603,0
9082,42.9878,48.3821,0.8885,1.1255,0.6832,0.0518,0.543616,0.543737,0.000122,1
9083,63.4248,55.2599,1.1478,0.8713,1.4840,0.0502,0.228787,0.228989,0.000202,1
9084,75.1183,68.1938,1.1015,0.9078,0.1093,0.0369,0.474961,0.476252,0.001291,1
9085,45.9761,51.2966,0.8963,1.1157,0.5645,0.0236,0.348700,0.348696,0.000004,1
9086,76.4531,106.4922,0.7179,1.3929,0.2057,0.0397,0.395235,0.542954,0.147719,0
9087,48.5012,57.8046,0.8391,1.1918,0.9382,0.0447,0.395820,0.395827,0.000007,0
9088,47.0583,65.7238,0.7160,1.3966,0.2045,0.0433,0.419967,0.485434,0.065467,0
9089,49.4955,49.6869,0.9961,1.0039,1.3562,0.0492,0.459897,0.460027,0.000129,1
9090,71.9395,93.4398,0.7699,1.2989,1.2346,0.0414,0.152564,0.210224,0.057661,0
9091,75.3710,99.3750,0.7584,1.3185,0.4612,0.0482,0.199159,0.267120,0.067961,0
9092,59.6454,82.1605,0.7260,1.3775,1.4034,0.0580,0.541357,0.542064,0.000707,0
9093,61.5735,63.8584,0.9642,1.0371,1.2784,0.0406,0.528515,0.528617,0.000102,1
9094,60.9711,73.8674,0.8254,1.2115,0.4327,0.0598,0.429733,0.430000,0.000268,0
9095,63.6647,67.1859,0.9476,1.0553,0.3818,0.0454,0.328240,0.328243,0.000002,1
9096,32.7134,27.9283,1.1713,0.8537,0.1996,0.0204,0.497081,0.497173,0.000092,0
9097,39.5068,33.2419,1.1885,0.8414,0.4868,0.0232,0.414339,0.414364,0.000025,0
9098,33.2005,30.3301,1.0946,0.9135,0.4797,0.0472,0.194313,0.194427,0.000114,1
9099,55.6371,41.9697,1.3256,0.7543,0.9018,0.0405,0.202113,0.231890,0.029776,0
9100,40.0964,54.4047,0.7370,1.3568,1.2115,0.0510,0.167347,0.172786,0.005439,0
9101,51.0611,36.2522,1.4085,0.7100,0.1325,0.0291,0.243326,0.605259,0.361933,0
9102,74.5927,86.0693,0.8667,1.1539,0.2383,0.0336,0.380061,0.386957,0.006896,1
9103,38.0236,37.5793,1.0118,0.9883,1.4349,0.0595,0.370136,0.370330,0.000194,1
9104,46.8422,57.6707,0.8122,1.2312,0.1464,0.0374,0.350336,0.380302,0.029967,0
9105,28.8845,24.1529,1.1959,0.8362,0.1385,0.0320,0.389961,0.398796,0.008835,0
9106,52.8776,39.2961,1.3456,0.7432,0.4541,0.0425,0.243814,0.316983,0.073169,0
9107,28.8498,38.9327,0.7410,1.3495,0.9880,0.0223,0.391487,0.391582,0.000095,0
9108,60.9162,55.5481,1.0966,0.9119,0.6093,0.0377,0.483738,0.483735,0.000003,1
9109,23.3180,30.3801,0.7675,1.3029,0.8401,0.0318,0.194569,0.201602,0.007033,0
9110,52.2312,53.7376,0.9720,1.0288,0.1835,0.0430,0.279777,0.279773,0.000004,1
9111,33.5795,34.3220,0.9784,1.0221,0.5025,0.0471,0.156104,0.156246,0.000142,1
9112,56.2816,45.2946,1.2426,0.8048,1.0984,0.0405,0.504527,0.504558,0.000030,0
9113,32.9752,24.7057,1.3347,0.7492,1.3569,0.0593,0.278544,0.281749,0.003205,0
9114,28.9669,35.6954,0.8115,1.2323,0.4427,0.0412,0.503038,0.503051,0.000013,0
9115,44.9837,59.5887,0.7549,1.3247,0.3752,0.0478,0.409627,0.411535,0.001908,0
9116,74.2119,98.5428,0.7531,1.3279,1.2313,0.0366,0.159619,0.295823,0.136204,0
9117,22.4757,24.4519,0.9192,1.0879,0.8671,0.0516,0.319451,0.319571,0.000120,1
9118,70.1907,97.1559,0.7225,1.3842,1.4723,0.0401,0.315276,0.324453,0.009177,0
9119,51.0758,49.5067,1.0317,0.9693,1.0771,0.0259,0.444504,0.444597,0.000094,1
9120,39.7174,40.6482,0.9771,1.0234,1.3462,0.0576,0.479759,0.479916,0.000157,1
9121,46.7067,37.0611,1.2603,0.7935,1.2509,0.0511,0.349042,0.349259,0.000217,0
9122,27.2329,33.8040,0.8056,1.2413,0.3104,0.0526,0.364997,0.365903,0.000906,0
9123,45.5330,47.1253,0.9662,1.0350,1.4886,0.0386,0.320257,0.320364,0.000107,1
9124,59.9860,54.0489,1.1098,0.9010,1.1209,0.0596,0.329046,0.329127,0.000081,1
9125,70.9671,66.3143,1.0702,0.9344,0.4723,0.0372,0.236258,0.236367,0.000110,1
9126,25.7808,18.5577,1.3892,0.7198,0.2692,0.0538,0.214736,0.424750,0.210015,0
9127,64.9263,84.5041,0.7683,1.3015,1.4715,0.0426,0.375080,0.376683,0.001603,0
9128,21.6590,24.2459,0.8933,1.1194,0.7543,0.0268,0.343048,0.343045,0.000003,1
9129,66.3967,57.8279,1.1482,0.8709,0.3699,0.0437,0.217934,0.220293,0.002358,1
9130,24.5576,17.9002,1.3719,0.7289,1.2072,0.0206,0.227859,0.237485,0.009626,0
9131,67.1859,49.8002,1.3491,0.7412,0.4935,0.0379,0.191224,0.325360,0.134136,0
9132,33.8798,32.7985,1.0330,0.9681,0.5539,0.0518,0.367438,0.367441,0.000002,1
9133,30.0601,23.7347,1.2665,0.7896,1.4219,0.0328,0.339715,0.339814,0.000098,0
9134,44.4270,37.2946,1.1912,0.8395,0.3925,0.0219,0.287309,0.288278,0.000969,0
9135,35.6340,46.8533,0.7605,1.3148,0.2277,0.0291,0.176978,0.300000,0.123022,0
9136,53.9323,46.2060,1.1672,0.8567,1.0726,0.0493,0.309966,0.310038,0.000072,0
9137,29.0384,37.6729,0.7708,1.2974,1.1570,0.0559,0.469529,0.469562,0.000033,0
9138,79.8077,85.5585,0.9328,1.0721,0.8492,0.0288,0.158972,0.160432,0.001459,1
9139,62.9963,79.9465,0.7880,1.2691,0.1420,0.0293,0.327361,0.408682,0.081321,0
9140,62.3957,73.1833,0.8526,1.1729,1.0386,0.0579,0.518297,0.518497,0.000200,1
9141,37.9284,43.4965,0.8720,1.1468,0.9793,0.0539,0.346295,0.346314,0.000019,1
9142,54.2692,40.0962,1.3535,0.7388,0.9823,0.0484,0.512072,0.512244,0.000172,0
9143,79.7217,70.3342,1.1335,0.8822,1.0006,0.0243,0.526428,0.526851,0.000424,1
9144,24.6510,22.5904,1.0912,0.9164,0.8233,0.0284,0.396065,0.396062,0.000003,1
9145,29.1098,23.6970,1.2284,0.8141,0.2749,0.0270,0.526244,0.526420,0.000175,0
9146,32.1805,29.7098,1.0832,0.9232,0.1736,0.0494,0.208937,0.209584,0.000647,1
9147,61.0517,76.6335,0.7967,1.2552,1.0938,0.0409,0.153235,0.156437,0.003202,0
9148,45.6374,35.1732,1.2975,0.7707,0.2892,0.0528,0.169678,0.310549,0.140871,0
9149,25.1729,27.7321,0.9077,1.1017,0.7702,0.0468,0.489463,0.489579,0.000116,1
9150,28.2839,20.7093,1.3658,0.7322,1.1431,0.0450,0.477134,0.477339,0.000205,0
9151,77.1398,68.9644,1.1185,0.8940,0.1163,0.0400,0.154553,0.210792,0.056239,1
9152,74.7191,68.7189,1.0873,0.9197,0.1627,0.0520,0.518542,0.519124,0.000583,1
9153,32.8581,32.4622,1.0122,0.9880,1.4097,0.0395,0.368964,0.369073,0.000109,1
9154,47.0803,42.6307,1.1044,0.9055,0.3693,0.0383,0.375690,0.375690,0.000001,1
9155,60.6525,47.4103,1.2793,0.7817,1.1124,0.0539,0.546069,0.546150,0.000081,0
9156,47.5472,50.8819,0.9345,1.0701,1.3755,0.0371,0.180799,0.180903,0.000104,1
9157,47.8915,66.8220,0.7167,1.3953,1.1225,0.0543,0.165064,0.180960,0.015896,0
9158,53.8884,38.5738,1.3970,0.7158,0.5620,0.0388,0.168726,0.331734,0.163008,0
9159,36.1980,35.6729,1.0147,0.9855,0.2060,0.0527,0.505296,0.505510,0.000214,1
9160,61.7988,85.8120,0.7202,1.3886,0.3176,0.0413,0.247745,0.367448,0.119704,0
9161,50.1053,45.0113,1.1132,0.8983,0.9470,0.0263,0.507335,0.507332,0.000003,1
9162,29.4650,30.7875,0.9570,1.0449,1.4824,0.0541,0.218471,0.218562,0.000091,1
9163,25.9731,23.3020,1.1146,0.8972,0.7362,0.0367,0.418380,0.418381,0.000002,1
9164,33.6363,44.1403,0.7620,1.3123,1.0467,0.0385,0.458579,0.458593,0.000015,0
9165,58.2043,72.4688,0.8032,1.2451,0.4806,0.0255,0.426632,0.426733,0.000101,0
9166,50.0485,48.5068,1.0318,0.9692,0.3019,0.0239,0.410250,0.410245,0.000005,1
9167,75.9899,64.7594,1.1734,0.8522,0.9144,0.0400,0.243106,0.243961,0.000855,0
9168,51.8064,64.4332,0.8040,1.2437,0.3971,0.0242,0.208791,0.232375,0.023584,0
9169,43.5408,44.0449,0.9886,1.0116,1.1252,0.0439,0.200038,0.200061,0.000023,1
9170,64.7139,47.9085,1.3508,0.7403,1.1968,0.0429,0.522069,0.522182,0.000112,0
9171,37.2509,41.9437,0.8881,1.1260,1.4247,0.0236,0.351007,0.351091,0.000084,1
9172,36.2163,46.6325,0.7766,1.2876,0.6313,0.0569,0.384175,0.384249,0.000075,0
9173,72.3148,62.4200,1.1585,0.8632,1.2959,0.0311,0.330645,0.330728,0.000083,0
9174,31.8931,41.2627,0.7729,1.2938,0.9690,0.0384,0.151270,0.162473,0.011203,0
9175,26.2990,25.0546,1.0497,0.9527,0.2833,0.0216,0.410811,0.410806,0.000006,1
9176,37.8900,50.7803,0.7462,1.3402,1.3797,0.0332,0.333074,0.333115,0.000041,0
9177,55.5199,46.8213,1.1858,0.8433,0.2623,0.0298,0.325201,0.326903,0.001703,0
9178,26.9765,34.2886,0.7867,1.2711,0.7893,0.0481,0.210659,0.211844,0.001185,0
9179,59.4348,75.1651,0.7907,1.2647,0.3791,0.0392,0.475767,0.010000,0.465767,0
9180,27.1450,24.1649,1.1233,0.8902,0.3105,0.0358,0.489598,0.489594,0.000004,1
9181,76.0558,96.0097,0.7922,1.2624,1.3912,0.0433,0.331878,0.338087,0.006209,0
9182,22.8144,29.4092,0.7758,1.2891,1.0559,0.0267,0.206679,0.207721,0.001042,0
9183,25.0429,30.0172,0.8343,1.1986,1.2104,0.0264,0.237417,0.237425,0.000007,0
9184,26.9161,19.9292,1.3506,0.7404,0.4744,0.0289,0.159851,0.332162,0.172311,0
9185,72.3606,65.7027,1.1013,0.9080,0.6585,0.0450,0.500621,0.500707,0.000086,1
9186,35.0462,36.5009,0.9601,1.0415,1.4608,0.0444,0.512096,0.512212,0.000115,1
9187,48.3786,56.4017,0.8578,1.1658,0.2392,0.0267,0.208290,0.221793,0.013503,1
9188,38.0456,30.8055,1.2350,0.8097,0.5680,0.0576,0.184242,0.218631,0.034389,0
9189,27.9305,37.6856,0.7411,1.3493,0.2008,0.0416,0.328716,0.407447,0.078730,0
9190,34.0904,36.3517,0.9378,1.0663,1.0601,0.0463,0.245718,0.245833,0.000115,1
9191,73.1791,82.8952,0.8828,1.1328,0.5823,0.0231,0.395943,0.397493,0.001550,1
9192,73.4556,82.6136,0.8891,1.1247,1.0583,0.0482,0.387812,0.388616,0.000804,1
9193,46.1373,57.9451,0.7962,1.2559,0.5734,0.0421,0.454074,0.454094,0.000020,0
9194,75.7097,80.5424,0.9400,1.0638,0.8406,0.0375,0.371760,0.372165,0.000405,1
9195,34.4987,45.1859,0.7635,1.3098,1.4539,0.0221,0.230911,0.231098,0.000187,0
9196,48.0508,41.3415,1.1623,0.8604,1.0142,0.0446,0.331487,0.331526,0.000039,0
9197,79.6649,56.1875,1.4178,0.7053,0.2853,0.0422,0.358466,0.442162,0.083697,0
9198,51.9803,51.9692,1.0002,0.9998,0.7761,0.0600,0.231008,0.231032,0.000024,1
9199,47.1261,42.1275,1.1187,0.8939,0.2840,0.0572,0.511193,0.511191,0.000001,1
9200,21.2598,24.2201,0.8778,1.1392,0.3870,0.0578,0.476621,0.476618,0.000003,1
9201,73.9885,59.0454,1.2531,0.7980,1.0784,0.0374,0.443698,0.443810,0.000112,0
9202,54.6025,58.8461,0.9279,1.0777,0.8681,0.0289,0.316778,0.316776,0.000002,1
9203,63.9558,87.1963,0.7335,1.3634,1.1272,0.0532,0.325396,0.329240,0.003844,0
9204,59.0393,50.0692,1.1792,0.8481,0.7849,0.0447,0.275199,0.275365,0.000166,0
9205,54.2473,57.2372,0.9478,1.0551,1.3212,0.0536,0.342657,0.342800,0.000142,1
9206,32.3435,39.3035,0.8229,1.2152,0.9641,0.0328,0.307659,0.307665,0.000007,0
9207,48.7008,42.3648,1.1496,0.8699,0.8819,0.0322,0.517602,0.517601,0.000000,1
9208,32.2629,31.6785,1.0185,0.9819,1.2829,0.0322,0.298491,0.298500,0.000009,1
9209,74.8949,68.7414,1.0895,0.9178,1.1840,0.0491,0.328253,0.328436,0.000183,1
9210,34.5811,34.8523,0.9922,1.0078,0.4474,0.0452,0.370014,0.370160,0.000146,1
9211,57.3180,53.1107,1.0792,0.9266,1.1398,0.0433,0.255789,0.255819,0.000030,1
9212,58.3599,68.5433,0.8514,1.1745,0.5160,0.0225,0.516332,0.516327,0.000005,1
9213,41.4826,34.1121,1.2161,0.8223,0.5660,0.0367,0.482359,0.482383,0.000024,0
9214,22.7448,18.5627,1.2253,0.8161,0.9924,0.0539,0.342315,0.342480,0.000164,0
9215,72.5199,53.4891,1.3558,0.7376,0.3823,0.0561,0.267008,0.337950,0.070942,0
9216,43.0445,48.4212,0.8890,1.1249,0.1954,0.0571,0.239749,0.240427,0.000678,1
9217,43.9930,33.9238,1.2968,0.7711,0.8421,0.0396,0.487449,0.487532,0.000082,0
9218,61.5790,46.7269,1.3178,0.7588,0.8783,0.0327,0.414156,0.414377,0.000221,0
9219,65.7411,70.1117,0.9377,1.0665,0.3449,0.0403,0.501219,0.501257,0.000038,1
9220,49.0725,52.9472,0.9268,1.0790,0.2929,0.0344,0.239456,0.239455,0.000001,1
9221,71.0422,69.1178,1.0278,0.9729,1.1982,0.0298,0.303471,0.303486,0.000015,1
9222,52.0701,54.5507,0.9545,1.0476,0.8559,0.0440,0.312200,0.312314,0.000114,1
9223,70.9415,98.6649,0.7190,1.3908,0.8656,0.0324,0.186561,0.395633,0.209072,0
9224,68.8321,53.3923,1.2892,0.7757,0.6388,0.0577,0.152417,0.263153,0.110736,0
9225,44.3703,47.6111,0.9319,1.0730,0.6237,0.0231,0.192250,0.192247,0.000002,1
9226,57.9516,66.5051,0.8714,1.1476,0.2612,0.0568,0.205751,0.208049,0.002297,1
9227,24.6290,25.5814,0.9628,1.0387,0.2392,0.0504,0.438717,0.438711,0.000006,1
9228,27.6870,22.6399,1.2229,0.8177,0.5741,0.0301,0.489415,0.489436,0.000022,0
9229,62.9926,72.1933,0.8726,1.1461,0.5315,0.0390,0.352118,0.352262,0.000144,1
9230,27.6193,33.0688,0.8352,1.1973,0.5687,0.0471,0.344220,0.344232,0.000012,0
9231,56.4666,76.5369,0.7378,1.3554,0.5940,0.0573,0.186402,0.277120,0.090718,0
9232,34.9657,34.0865,1.0258,0.9749,0.2034,0.0320,0.355719,0.355714,0.000005,1
9233,56.3494,54.8109,1.0281,0.9727,0.8708,0.0588,0.225198,0.225234,0.000036,1
9234,23.3546,25.0689,0.9316,1.0734,0.6785,0.0467,0.239297,0.239301,0.000004,1
9235,24.8231,34.6601,0.7162,1.3963,0.3094,0.0371,0.376032,0.413247,0.037214,0
9236,29.3899,22.9462,1.2808,0.7808,0.4906,0.0379,0.197731,0.263820,0.066089,0
9237,55.8678,43.1630,1.2943,0.7726,0.1054,0.0530,0.539856,0.583038,0.043182,0
9238,59.7388,73.7195,0.8104,1.2340,1.1321,0.0274,0.403987,0.404061,0.000073,0
9239,61.6852,61.2095,1.0078,0.9923,0.9959,0.0203,0.417574,0.417670,0.000096,1
9240,35.9105,40.6354,0.8837,1.1316,0.1423,0.0289,0.287700,0.289587,0.001888,1
9241,44.2970,58.2646,0.7603,1.3153,0.3237,0.0478,0.150708,0.300000,0.149292,0
9242,63.0988,45.7531,1.3791,0.7251,0.1488,0.0449,0.261295,0.509534,0.248239,0
9243,21.2561,18.8440,1.1280,0.8865,1.2527,0.0452,0.234439,0.234519,0.000080,1
9244,60.7788,63.5808,0.9559,1.0461,0.5208,0.0558,0.259354,0.259496,0.000142,1
9245,52.1946,51.1922,1.0196,0.9808,1.2497,0.0237,0.339019,0.339109,0.000089,1
9246,73.9116,102.3093,0.7224,1.3842,1.4779,0.0517,0.434896,0.444922,0.010026,0
9247,76.6729,91.0263,0.8423,1.1872,0.5243,0.0511,0.279765,0.288361,0.008596,0
9248,61.7145,55.3493,1.1150,0.8969,1.1333,0.0317,0.406771,0.406776,0.000005,1
9249,60.9217,60.4206,1.0083,0.9918,1.2239,0.0562,0.235427,0.235499,0.000071,1
9250,63.9943,65.6731,0.9744,1.0262,0.1587,0.0417,0.234304,0.234303,0.000002,1
9251,59.1363,67.0965,0.8814,1.1346,0.6734,0.0496,0.481553,0.481554,0.000000,1
9252,40.0983,54.9966,0.7291,1.3715,1.1385,0.0471,0.459043,0.459080,0.000037,0
9253,21.5510,21.3281,1.0104,0.9897,0.1240,0.0510,0.428109,0.428104,0.000006,1
9254,30.3769,22.6409,1.3417,0.7453,1.1858,0.0561,0.547192,0.547346,0.000154,0
9255,23.9296,17.4408,1.3720,0.7288,0.5900,0.0507,0.479221,0.480293,0.001071,0
9256,32.0029,34.3691,0.9312,1.0739,0.6154,0.0265,0.543225,0.543345,0.000120,1
9257,29.0548,31.2565,0.9296,1.0758,1.2910,0.0430,0.418465,0.418574,0.000108,1
9258,37.7325,27.0665,1.3941,0.7173,0.7673,0.0345,0.151025,0.296334,0.145308,0
9259,57.6110,52.7274,1.0926,0.9152,0.8538,0.0491,0.514135,0.514145,0.000011,1
9260,44.9837,41.5674,1.0822,0.9241,0.2382,0.0411,0.448044,0.448039,0.000005,1
9261,61.1139,54.3902,1.1236,0.8900,0.4334,0.0531,0.186964,0.188587,0.001623,1
9262,31.2375,38.6475,0.8083,1.2372,0.5768,0.0383,0.457016,0.457025,0.000009,0
9263,70.8023,54.7996,1.2920,0.7740,1.1706,0.0281,0.536438,0.536461,0.000023,0
9264,77.4712,59.3753,1.3048,0.7664,0.1007,0.0549,0.300896,0.513195,0.212299,0
9265,40.9735,55.2499,0.7416,1.3484,0.5750,0.0319,0.331768,0.334439,0.002670,0
9266,51.7331,45.3110,1.1417,0.8759,1.4868,0.0329,0.298332,0.298360,0.000027,1
9267,50.9439,51.5338,0.9886,1.0116,0.6001,0.0457,0.490892,0.491018,0.000127,1
9268,27.6760,34.4978,0.8023,1.2465,0.5339,0.0591,0.370637,0.370691,0.000055,0
9269,53.6961,54.3660,0.9877,1.0125,0.4175,0.0418,0.242227,0.242379,0.000152,1
9270,75.0670,59.3464,1.2649,0.7906,0.9812,0.0344,0.175501,0.195269,0.019767,0
9271,79.3884,79.3952,0.9999,1.0001,1.4940,0.0416,0.544043,0.544153,0.000110,1
9272,48.8491,61.7351,0.7913,1.2638,1.4610,0.0529,0.308635,0.308689,0.000054,0
9273,35.1726,39.0535,0.9006,1.1103,0.7840,0.0499,0.370429,0.370435,0.000006,1
9274,47.4996,36.7495,1.2925,0.7737,0.9386,0.0477,0.371345,0.371685,0.000340,0
9275,47.1865,35.9458,1.3127,0.7618,0.5639,0.0280,0.215322,0.263099,0.047777,0
9276,77.7770,98.1493,0.7924,1.2619,0.3331,0.0251,0.340655,0.363056,0.022401,0
9277,23.3015,32.2448,0.7226,1.3838,0.3156,0.0422,0.462546,0.469582,0.007036,0
9278,59.0210,57.4525,1.0273,0.9734,0.9814,0.0412,0.347809,0.347818,0.000010,1
9279,53.9799,40.2537,1.3410,0.7457,0.1968,0.0249,0.374616,0.459550,0.084934,0
9280,53.4068,67.5257,0.7909,1.2644,0.5896,0.0340,0.321917,0.322197,0.000280,0
9281,50.6748,39.5904,1.2800,0.7813,1.2861,0.0295,0.213002,0.215822,0.002820,0
9282,26.4876,31.0427,0.8533,1.1720,0.8831,0.0257,0.237515,0.237523,0.000008,1
9283,44.3464,44.0367,1.0070,0.9930,1.0380,0.0405,0.268546,0.268559,0.000013,1
9284,32.4644,36.2122,0.8965,1.1154,1.2866,0.0215,0.368085,0.368171,0.000086,1
9285,48.1716,61.1690,0.7875,1.2698,0.9067,0.0584,0.203871,0.204279,0.000408,0
9286,28.4433,29.9915,0.9484,1.0544,1.2296,0.0427,0.242178,0.242290,0.000112,1
9287,25.9731,24.3673,1.0659,0.9382,0.5584,0.0591,0.338458,0.338466,0.000008,1
9288,38.9264,36.4374,1.0683,0.9361,0.8380,0.0573,0.174378,0.174448,0.000070,1
9289,38.8238,30.5622,1.2703,0.7872,0.1871,0.0362,0.391768,0.416357,0.024589,0
9290,63.4669,66.8660,0.9492,1.0536,0.6254,0.0490,0.350665,0.350795,0.000130,1
9291,24.0632,17.8729,1.3464,0.7427,0.6277,0.0572,0.192018,0.299456,0.107438,0
9292,54.2473,46.2973,1.1717,0.8535,0.9119,0.0500,0.335626,0.335681,0.000056,0
9293,31.3272,28.3993,1.1031,0.9065,0.1239,0.0433,0.404939,0.404998,0.000058,1
9294,73.9830,66.9055,1.1058,0.9043,1.0414,0.0230,0.189015,0.189296,0.000281,1
9295,36.2951,43.8712,0.8273,1.2087,1.2090,0.0486,0.491441,0.491553,0.000112,0
9296,45.1906,36.7954,1.2282,0.8142,1.4274,0.0210,0.379414,0.379426,0.000012,0
9297,72.5840,89.6407,0.8097,1.2350,0.4828,0.0217,0.513097,0.518992,0.005895,0
9298,27.3611,29.9055,0.9149,1.0930,1.3958,0.0399,0.215053,0.215077,0.000023,1
9299,42.7790,45.6888,0.9363,1.0680,1.3965,0.0208,0.520458,0.520538,0.000080,1
9300,76.1785,71.6397,1.0634,0.9404,0.6933,0.0573,0.425228,0.425392,0.000163,1
9301,48.6258,59.2484,0.8207,1.2185,0.3449,0.0339,0.332342,0.332957,0.000615,0
9302,56.1956,46.8989,1.1982,0.8346,0.7633,0.0423,0.469968,0.469984,0.000016,0
9303,35.3209,45.7557,0.7719,1.2954,0.3132,0.0427,0.192799,0.330150,0.137350,0
9304,42.9640,48.8647,0.8792,1.1373,1.4359,0.0404,0.381697,0.381801,0.000105,1
9305,53.3335,51.9674,1.0263,0.9744,0.2860,0.0208,0.527734,0.527913,0.000179,1
9306,29.6353,37.4534,0.7913,1.2638,1.1053,0.0502,0.499461,0.499480,0.000019,0
9307,60.4108,75.0095,0.8054,1.2417,0.8878,0.0463,0.264566,0.264921,0.000354,0
9308,34.6013,38.5204,0.8983,1.1133,0.3555,0.0259,0.394697,0.394693,0.000005,1
9309,74.2924,61.2369,1.2132,0.8243,1.1562,0.0514,0.176038,0.184843,0.008805,0
9310,57.6568,67.6497,0.8523,1.1733,0.1157,0.0599,0.256925,0.302641,0.045717,1
9311,60.2973,68.3300,0.8824,1.1332,0.6295,0.0421,0.312957,0.312957,0.000000,1
9312,20.4798,18.8391,1.0871,0.9199,1.1597,0.0516,0.458762,0.458800,0.000039,1
9313,55.1646,52.2844,1.0551,0.9478,0.7295,0.0349,0.251138,0.251140,0.000002,1
9314,40.1312,39.4719,1.0167,0.9836,0.4759,0.0555,0.401192,0.401192,0.000000,1
9315,46.5181,62.1680,0.7483,1.3364,0.4204,0.0304,0.243936,0.292271,0.048335,0
9316,49.3893,52.9978,0.9319,1.0731,0.7130,0.0498,0.504198,0.504318,0.000120,1
9317,43.9784,36.5243,1.2041,0.8305,1.3931,0.0465,0.294572,0.294720,0.000148,0
9318,62.5715,55.0191,1.1373,0.8793,0.9113,0.0205,0.201173,0.201229,0.000055,1
9319,30.2689,31.2311,0.9692,1.0318,1.4426,0.0500,0.491331,0.491466,0.000134,1
9320,77.4273,74.5724,1.0383,0.9631,0.8502,0.0395,0.472568,0.472740,0.000171,1
9321,46.6756,61.9486,0.7535,1.3272,0.7426,0.0389,0.333770,0.334138,0.000368,0
9322,50.4386,55.2917,0.9122,1.0962,0.9462,0.0552,0.260208,0.260231,0.000022,1
9323,63.9833,89.3497,0.7161,1.3965,0.2599,0.0247,0.269755,0.407596,0.137841,0
9324,71.6666,65.5319,1.0936,0.9144,1.0944,0.0355,0.492869,0.492912,0.000042,1
9325,75.3105,98.8207,0.7621,1.3122,0.6548,0.0493,0.310393,0.333368,0.022975,0
9326,63.8789,50.6514,1.2611,0.7929,0.1472,0.0467,0.272355,0.385270,0.112916,0
9327,58.4936,72.5753,0.8060,1.2407,1.1729,0.0490,0.244107,0.244171,0.000064,0
9328,46.4266,46.5625,0.9971,1.0029,1.0256,0.0509,0.271073,0.271101,0.000028,1
9329,70.2750,58.9583,1.1919,0.8390,1.1043,0.0344,0.281400,0.281480,0.000080,0
9330,64.7542,90.1412,0.7184,1.3921,1.3519,0.0368,0.223171,0.234948,0.011777,0
9331,30.1700,42.1252,0.7162,1.3963,1.2650,0.0551,0.177723,0.183528,0.005805,0
9332,79.0497,102.1448,0.7739,1.2922,1.1416,0.0277,0.205373,0.234456,0.029084,0
9333,65.9243,91.0504,0.7240,1.3811,0.2942,0.0445,0.455185,0.491449,0.036264,0
9334,57.8674,59.3137,0.9756,1.0250,1.4740,0.0557,0.447629,0.447793,0.000165,1
9335,22.3695,20.1841,1.1083,0.9023,0.8598,0.0218,0.322161,0.322159,0.000002,1
9336,22.0234,17.5194,1.2571,0.7955,0.1573,0.0335,0.539795,0.543339,0.003545,0
9337,38.9703,41.9233,0.9296,1.0758,0.9699,0.0271,0.325445,0.325545,0.000100,1
9338,38.2342,52.1932,0.7326,1.3651,0.3812,0.0454,0.157459,0.300000,0.142541,0
9339,55.6151,71.5868,0.7769,1.2872,0.4078,0.0258,0.310772,0.316013,0.005242,0
9340,38.3789,47.0442,0.8158,1.2258,1.3839,0.0398,0.268448,0.268468,0.000019,0
9341,49.0268,36.3810,1.3476,0.7421,1.0825,0.0520,0.365180,0.366032,0.000852,0
9342,46.2838,40.8575,1.1328,0.8828,0.2377,0.0415,0.250638,0.252261,0.001623,1
9343,70.8554,91.5232,0.7742,1.2917,0.1203,0.0585,0.318743,0.590860,0.272117,0
9344,57.1697,53.7537,1.0635,0.9402,0.9325,0.0582,0.503307,0.503439,0.000132,1
9345,50.6748,55.5582,0.9121,1.0964,0.8739,0.0494,0.343292,0.343409,0.000117,1
9346,62.8663,44.5087,1.4124,0.7080,0.6053,0.0381,0.415291,0.419734,0.004443,0
9347,40.1807,45.4597,0.8839,1.1314,1.1711,0.0278,0.251956,0.251958,0.000002,1
9348,55.9648,69.4605,0.8057,1.2411,1.1872,0.0302,0.417464,0.417467,0.000003,0
9349,46.4302,62.0217,0.7486,1.3358,0.3491,0.0513,0.526452,0.526996,0.000545,0
9350,45.9395,61.2681,0.7498,1.3337,0.8983,0.0222,0.340680,0.340915,0.000236,0
9351,29.3863,21.8818,1.3430,0.7446,0.9827,0.0272,0.527380,0.527448,0.000068,0
9352,47.2048,63.2803,0.7460,1.3405,1.2896,0.0482,0.476926,0.476958,0.000031,0
9353,79.9908,96.9921,0.8247,1.2125,1.0070,0.0282,0.228530,0.238539,0.010009,0
9354,20.8130,19.6601,1.0586,0.9446,1.4838,0.0441,0.247757,0.247817,0.000060,1
9355,26.7367,35.3814,0.7557,1.3233,1.0183,0.0529,0.207204,0.208425,0.001221,0
9356,55.3020,74.6429,0.7409,1.3497,1.0786,0.0225,0.273002,0.273775,0.000773,0
9357,79.1101,108.3881,0.7299,1.3701,1.1966,0.0322,0.370246,0.389860,0.019614,0
9358,45.8187,41.5383,1.1030,0.9066,1.0228,0.0513,0.151660,0.152094,0.000433,1
9359,42.3121,36.9320,1.1457,0.8728,1.3949,0.0507,0.449619,0.449689,0.000070,1
9360,41.3453,33.1389,1.2476,0.8015,1.0312,0.0517,0.468162,0.468231,0.000069,0
9361,67.5192,85.3358,0.7912,1.2639,0.3686,0.0576,0.511388,0.516462,0.005074,0
9362,25.2864,30.3356,0.8336,1.1997,0.9452,0.0286,0.268876,0.268885,0.000009,0
9363,52.3301,41.8015,1.2519,0.7988,0.7402,0.0330,0.238174,0.242067,0.003893,0
9364,62.3206,53.9438,1.1553,0.8656,1.0451,0.0517,0.167420,0.169349,0.001929,0
9365,35.2367,47.1468,0.7474,1.3380,0.1906,0.0501,0.218276,0.300000,0.081724,0
9366,31.6953,35.8270,0.8847,1.1304,0.6527,0.0554,0.381233,0.381237,0.000004,1
9367,52.7952,51.0312,1.0346,0.9666,0.8084,0.0282,0.352911,0.352909,0.000002,1
9368,21.6645,27.4247,0.7900,1.2659,0.2099,0.0207,0.428329,0.433777,0.005448,0
9369,46.6500,50.3692,0.9262,1.0797,0.9943,0.0365,0.428915,0.429017,0.000102,1
9370,28.8937,20.4126,1.4155,0.7065,1.3426,0.0224,0.169666,0.217080,0.047414,0
9371,36.8572,34.3281,1.0737,0.9314,0.6761,0.0435,0.545068,0.545067,0.000002,1
9372,78.1085,59.3214,1.3167,0.7595,0.4081,0.0550,0.421395,0.427442,0.006047,0
9373,55.7451,57.0765,0.9767,1.0239,1.1244,0.0455,0.278092,0.278209,0.000116,1
9374,78.2348,94.6690,0.8264,1.2101,0.6474,0.0561,0.329827,0.338993,0.009165,0
9375,40.2557,35.6239,1.1300,0.8849,1.0364,0.0413,0.278385,0.278416,0.000030,1
9376,49.5816,63.7962,0.7772,1.2867,0.4908,0.0539,0.154102,0.211682,0.057580,0
9377,67.8634,69.8264,0.9719,1.0289,0.4576,0.0310,0.245401,0.245418,0.000018,1
9378,39.5123,41.5500,0.9510,1.0516,0.1835,0.0369,0.482261,0.482256,0.000006,1
9379,69.2349,77.2914,0.8958,1.1164,0.6094,0.0324,0.399348,0.399852,0.000503,1
9380,79.1595,67.3473,1.1754,0.8508,0.6725,0.0273,0.270487,0.272204,0.001717,0
9381,57.3583,45.6906,1.2554,0.7966,0.2592,0.0296,0.288273,0.321901,0.033627,0
9382,28.6007,24.0439,1.1895,0.8407,1.2020,0.0568,0.489708,0.489784,0.000076,0
9383,55.2782,68.1890,0.8107,1.2336,0.9881,0.0454,0.498656,0.498663,0.000008,0
9384,59.8395,68.1040,0.8786,1.1381,1.0874,0.0251,0.439120,0.439213,0.000093,1
9385,40.5194,50.9276,0.7956,1.2569,0.6482,0.0425,0.222646,0.224424,0.001778,0
9386,43.6287,50.4940,0.8640,1.1574,0.6363,0.0431,0.393843,0.393842,0.000001,1
9387,71.0733,52.7576,1.3472,0.7423,0.5392,0.0345,0.526733,0.527114,0.000381,0
9388,25.0905,23.5018,1.0676,0.9367,0.1512,0.0420,0.441757,0.441751,0.000005,1
9389,73.1498,65.1332,1.1231,0.8904,0.4383,0.0345,0.213869,0.214830,0.000961,1
9390,21.5802,29.3106,0.7363,1.3582,0.5402,0.0348,0.384065,0.385496,0.001431,0
9391,52.0408,43.1891,1.2050,0.8299,0.6765,0.0466,0.225625,0.228372,0.002747,0
9392,21.9959,29.9898,0.7334,1.3634,0.4738,0.0364,0.275431,0.302909,0.027478,0
9393,32.1604,32.4840,0.9900,1.0101,0.6236,0.0201,0.240249,0.240372,0.000123,1
9394,57.2192,63.0486,0.9075,1.1019,1.2098,0.0566,0.410848,0.410985,0.000137,1
9395,37.8460,47.3095,0.8000,1.2501,0.9261,0.0297,0.539831,0.539830,0.000001,0
9396,53.8975,51.6926,1.0427,0.9591,1.3639,0.0571,0.180201,0.180338,0.000137,1
9397,30.5802,23.6508,1.2930,0.7734,0.8778,0.0283,0.391658,0.391821,0.000163,0
9398,66.1751,68.0539,0.9724,1.0284,0.7826,0.0387,0.456052,0.456166,0.000115,1
9399,58.2336,73.1447,0.7961,1.2561,0.5025,0.0424,0.168360,0.197851,0.029491,0
9400,49.4058,52.3917,0.9430,1.0604,1.0716,0.0568,0.505211,0.505339,0.000128,1
9401,65.3127,55.4048,1.1788,0.8483,0.1366,0.0381,0.465952,0.467103,0.001151,0
9402,64.0950,49.7602,1.2881,0.7764,1.0092,0.0467,0.272904,0.274902,0.001997,0
9403,77.5683,99.2181,0.7818,1.2791,1.0134,0.0474,0.221023,0.238337,0.017315,0
9404,24.6620,22.4134,1.1003,0.9088,0.4116,0.0258,0.325494,0.325492,0.000001,1
9405,47.0583,33.0936,1.4220,0.7032,0.4305,0.0349,0.325420,0.378467,0.053047,0
9406,43.7184,55.6478,0.7856,1.2729,1.3891,0.0298,0.407857,0.407864,0.000007,0
9407,22.4793,22.4500,1.0013,0.9987,1.4134,0.0488,0.540820,0.540948,0.000128,1
9408,35.6999,28.7285,1.2427,0.8047,0.1111,0.0250,0.322198,0.447302,0.125104,0
9409,71.7673,53.4169,1.3435,0.7443,1.2380,0.0392,0.275956,0.278521,0.002565,0
9410,21.7634,23.5045,0.9259,1.0800,0.9664,0.0312,0.517040,0.517139,0.000099,1
9411,66.9570,67.0700,0.9983,1.0017,0.8234,0.0353,0.255350,0.255352,0.000002,1
9412,27.8133,32.4729,0.8565,1.1675,0.3258,0.0320,0.438388,0.438396,0.000009,1
9413,42.9676,54.5985,0.7870,1.2707,0.3267,0.0598,0.531335,0.531446,0.000111,0
9414,77.4877,56.7824,1.3646,0.7328,1.1774,0.0296,0.389753,0.390358,0.000605,0
9415,59.2663,51.9875,1.1400,0.8772,0.3365,0.0510,0.519726,0.519726,0.000000,1
9416,78.7841,87.4519,0.9009,1.1100,0.2683,0.0580,0.223305,0.230741,0.007435,1
9417,64.3916,68.9448,0.9340,1.0707,0.9533,0.0216,0.225198,0.225214,0.000017,1
9418,54.7984,74.1178,0.7393,1.3526,1.0454,0.0357,0.491551,0.491570,0.000019,0
9419,65.1112,61.4780,1.0591,0.9442,1.2279,0.0532,0.413179,0.413231,0.000051,1
9420,62.8480,74.5905,0.8426,1.1868,0.7925,0.0515,0.377338,0.377591,0.000253,0
9421,52.2312,48.5847,1.0751,0.9302,0.7881,0.0597,0.233193,0.233235,0.000041,1
9422,69.8099,67.7280,1.0307,0.9702,0.5156,0.0517,0.239187,0.239212,0.000025,1
9423,71.3498,82.6628,0.8631,1.1586,0.4875,0.0406,0.352338,0.354772,0.002434,1
9424,72.3002,95.8962,0.7539,1.3264,0.8769,0.0445,0.210207,0.291838,0.081631,0
9425,46.4266,40.6136,1.1431,0.8748,0.2357,0.0318,0.267716,0.269255,0.001539,1
9426,55.6829,41.4308,1.3440,0.7441,0.4232,0.0386,0.420272,0.424556,0.004284,0
9427,44.6852,40.0496,1.1157,0.8963,0.6949,0.0319,0.383125,0.383124,0.000001,1
9428,23.5597,16.6166,1.4178,0.7053,0.6518,0.0578,0.325091,0.348840,0.023750,0
9429,30.3494,40.0183,0.7584,1.3186,1.3185,0.0380,0.507836,0.507850,0.000014,0
9430,26.6671,18.8356,1.4158,0.7063,0.8906,0.0589,0.369831,0.374238,0.004407,0
9431,69.6945,59.9557,1.1624,0.8603,0.1543,0.0563,0.514318,0.514529,0.000211,0
9432,24.6327,26.4940,0.9297,1.0756,0.5142,0.0227,0.440866,0.440859,0.000006,1
9433,78.2714,89.2689,0.8768,1.1405,1.1932,0.0424,0.226907,0.229770,0.002863,1
9434,73.1809,52.8682,1.3842,0.7224,0.6447,0.0201,0.316485,0.327702,0.011217,0
9435,20.5548,20.7006,0.9930,1.0071,1.3095,0.0572,0.454807,0.454961,0.000154,1
9436,50.7901,35.6822,1.4234,0.7025,0.5718,0.0325,0.465244,0.467923,0.002679,0
9437,59.9530,45.6032,1.3147,0.7606,0.4681,0.0246,0.480332,0.480822,0.000490,0
9438,29.8202,29.7661,1.0018,0.9982,0.4505,0.0251,0.310613,0.310757,0.000144,1
9439,50.8835,68.2139,0.7459,1.3406,0.5557,0.0306,0.317461,0.321204,0.003742,0
9440,25.3853,18.3879,1.3805,0.7244,1.1637,0.0240,0.331097,0.332122,0.001025,0
9441,21.7908,24.8018,0.8786,1.1382,0.9907,0.0347,0.515893,0.515992,0.000099,1
9442,48.1918,49.0761,0.9820,1.0184,0.5533,0.0368,0.547046,0.547174,0.000128,1
9443,35.9966,31.3011,1.1500,0.8696,0.2698,0.0588,0.451706,0.451742,0.000036,0
9444,52.6487,67.9822,0.7744,1.2912,0.2978,0.0413,0.308721,0.328205,0.019484,0
9445,53.8389,62.5997,0.8601,1.1627,0.6736,0.0215,0.169373,0.169757,0.000384,1
9446,36.3994,38.2898,0.9506,1.0519,0.9232,0.0222,0.494835,0.494933,0.000099,1
9447,32.0450,28.0759,1.1414,0.8761,0.5746,0.0414,0.367621,0.367631,0.000010,1
9448,39.3603,35.2200,1.1176,0.8948,1.3514,0.0212,0.506163,0.506246,0.000083,1
9449,42.1107,48.9099,0.8610,1.1615,0.6277,0.0464,0.307756,0.307759,0.000003,1
9450,37.1081,33.6779,1.1019,0.9076,1.1967,0.0418,0.446445,0.446465,0.000020,1
9451,66.3454,52.5250,1.2631,0.7917,0.4583,0.0242,0.513939,0.514033,0.000093,0
9452,72.2544,53.9153,1.3401,0.7462,0.2768,0.0547,0.470469,0.480364,0.009895,0
9453,35.5296,35.2913,1.0068,0.9933,1.3726,0.0327,0.382588,0.382683,0.000095,1
9454,46.0256,35.6327,1.2917,0.7742,0.7085,0.0526,0.499181,0.499309,0.000128,0
9455,63.2783,77.6616,0.8148,1.2273,0.7669,0.0480,0.472410,0.472956,0.000546,0
9456,68.0483,68.9002,0.9876,1.0125,0.6575,0.0216,0.402266,0.402385,0.000119,1
9457,66.9094,77.0909,0.8679,1.1522,0.5904,0.0239,0.355976,0.356688,0.000713,1
9458,22.6844,21.1182,1.0742,0.9310,1.1070,0.0484,0.180848,0.180912,0.000064,1
9459,20.1831,21.3050,0.9473,1.0556,0.8878,0.0575,0.531091,0.531215,0.000124,1
9460,62.9652,80.0496,0.7866,1.2713,0.6566,0.0341,0.495921,0.497030,0.001109,0
9461,37.3132,35.5077,1.0508,0.9516,1.3943,0.0594,0.461826,0.462008,0.000182,1
9462,35.4180,34.0265,1.0409,0.9607,0.7473,0.0258,0.532824,0.532933,0.000109,1
9463,37.5622,37.2163,1.0093,0.9908,1.2450,0.0328,0.199049,0.199061,0.000012,1
9464,78.6120,85.8451,0.9157,1.0920,0.2033,0.0256,0.318194,0.322637,0.004443,1
9465,63.2197,51.3429,1.2313,0.8121,0.1790,0.0407,0.464609,0.467688,0.003078,0
9466,32.3801,27.5830,1.1739,0.8518,0.1564,0.0403,0.262210,0.292329,0.030119,0
9467,78.0059,98.5964,0.7912,1.2640,0.6225,0.0435,0.225002,0.312444,0.087442,0
9468,31.1167,37.4597,0.8307,1.2038,0.4597,0.0420,0.337579,0.337638,0.000059,0
9469,35.7933,47.3686,0.7556,1.3234,0.8233,0.0599,0.278434,0.278830,0.000396,0
9470,20.5017,23.0118,0.8909,1.1224,0.7634,0.0407,0.176466,0.176472,0.000006,1
9471,78.1945,73.5055,1.0638,0.9400,0.4366,0.0276,0.482249,0.482550,0.000301,1
9472,60.3687,70.0217,0.8621,1.1599,0.5126,0.0497,0.316863,0.316887,0.000024,1
9473,51.7240,62.2268,0.8312,1.2031,0.5107,0.0392,0.408663,0.408670,0.000008,0
9474,24.2372,20.6278,1.1750,0.8511,0.7877,0.0258,0.312249,0.312275,0.000027,0
9475,48.3822,56.8039,0.8517,1.1741,0.7742,0.0364,0.282646,0.282649,0.000004,1
9476,66.2575,63.3530,1.0458,0.9562,1.1331,0.0585,0.281608,0.281677,0.000069,1
9477,44.9306,37.0329,1.2133,0.8242,0.9406,0.0354,0.478684,0.478698,0.000013,0
9478,66.0176,82.4762,0.8004,1.2493,1.2819,0.0523,0.371418,0.372674,0.001256,0
9479,63.6940,67.0590,0.9498,1.0528,0.3177,0.0252,0.281901,0.281904,0.000003,1
9480,28.7747,32.0960,0.8965,1.1154,0.9489,0.0548,0.376826,0.376947,0.000122,1
9481,38.5528,32.1295,1.1999,0.8334,1.3959,0.0590,0.304424,0.304681,0.000258,0
9482,20.2234,21.4214,0.9441,1.0592,1.0193,0.0373,0.276591,0.276695,0.000105,1
9483,21.6462,19.8991,1.0878,0.9193,0.3732,0.0538,0.538855,0.538850,0.000004,1
9484,78.8757,78.4865,1.0050,0.9951,0.4720,0.0214,0.524389,0.524529,0.000140,1
9485,66.5963,75.2847,0.8846,1.1305,0.8372,0.0396,0.178944,0.179512,0.000569,1
9486,62.6301,75.8692,0.8255,1.2114,0.2225,0.0442,0.258634,0.292018,0.033385,0
9487,30.2451,34.0727,0.8877,1.1266,1.3222,0.0552,0.291008,0.291150,0.000142,1
9488,36.9158,37.9639,0.9724,1.0284,0.7266,0.0597,0.193873,0.193891,0.000018,1
9489,44.5808,41.6008,1.0716,0.9332,0.4915,0.0291,0.429757,0.429752,0.000005,1
9490,67.1072,55.4777,1.2096,0.8267,0.2263,0.0361,0.488792,0.489151,0.000359,0
9491,41.0559,54.1121,0.7587,1.3180,0.1147,0.0357,0.409188,0.506451,0.097263,0
9492,25.6398,24.5772,1.0432,0.9586,0.7194,0.0523,0.399031,0.399040,0.000009,1
9493,78.6157,78.4175,1.0025,0.9975,0.5050,0.0338,0.511144,0.511279,0.000135,1
9494,51.5409,66.8732,0.7707,1.2975,0.8672,0.0252,0.467783,0.467799,0.000015,0
9495,71.6025,55.9176,1.2805,0.7809,0.9242,0.0263,0.493394,0.493424,0.000030,0
9496,74.4829,87.5066,0.8512,1.1749,1.4982,0.0392,0.232620,0.235084,0.002464,1
9497,52.2202,53.0513,0.9843,1.0159,0.3279,0.0460,0.494383,0.494551,0.000168,1
9498,24.7957,30.5250,0.8123,1.2311,0.8956,0.0417,0.184413,0.184834,0.000421,0
9499,51.4695,39.6384,1.2985,0.7701,1.3797,0.0483,0.372724,0.372962,0.000238,0
9500,22.1387,29.0069,0.7632,1.3102,1.4401,0.0274,0.451999,0.452007,0.000008,0
9501,60.3156,58.2436,1.0356,0.9656,0.6009,0.0277,0.417904,0.418028,0.000124,1
9502,76.5978,83.5981,0.9163,1.0914,0.4028,0.0515,0.456320,0.457603,0.001283,1
9503,36.5148,34.6309,1.0544,0.9484,1.4979,0.0520,0.371601,0.371686,0.000085,1
9504,34.2570,38.0282,0.9008,1.1101,0.3156,0.0472,0.428024,0.428018,0.000005,1
9505,49.7226,41.1898,1.2072,0.8284,0.8113,0.0560,0.360236,0.360347,0.000111,0
9506,22.2230,22.7115,0.9785,1.0220,0.7566,0.0464,0.465085,0.465203,0.000118,1
9507,65.5141,87.8639,0.7456,1.3411,0.5308,0.0528,0.504906,0.510696,0.005790,0
9508,43.1031,53.0580,0.8124,1.2310,0.9699,0.0533,0.169654,0.169921,0.000267,0
9509,55.5712,64.1104,0.8668,1.1537,0.2873,0.0236,0.298015,0.298207,0.000192,1
9510,43.8942,38.8699,1.1293,0.8855,1.0399,0.0340,0.298552,0.298565,0.000013,1
9511,43.6579,54.6401,0.7990,1.2515,0.8501,0.0223,0.164624,0.170888,0.006264,0
9512,46.1061,58.9757,0.7818,1.2791,0.9670,0.0457,0.536975,0.536984,0.000010,0
9513,52.9728,52.3187,1.0125,0.9877,1.0010,0.0230,0.211757,0.211757,0.000000,1
9514,20.6830,14.5541,1.4211,0.7037,0.4862,0.0347,0.512560,0.514965,0.002405,0
9515,67.2591,62.7819,1.0713,0.9334,0.8841,0.0395,0.460288,0.460293,0.000005,1
9516,50.1437,57.5737,0.8709,1.1482,0.8398,0.0477,0.154798,0.154820,0.000023,1
9517,33.3506,41.3331,0.8069,1.2394,0.1462,0.0477,0.301677,0.373054,0.071377,0
9518,68.8943,50.4396,1.3659,0.7321,0.3048,0.0497,0.524706,0.529638,0.004931,0
9519,74.0434,71.7182,1.0324,0.9686,0.4296,0.0201,0.375825,0.375882,0.000057,1
9520,38.4484,33.2524,1.1563,0.8649,0.2888,0.0370,0.539831,0.539834,0.000003,0
9521,44.7896,40.5651,1.1041,0.9057,0.3620,0.0211,0.176234,0.176739,0.000505,1
9522,44.7035,33.7430,1.3248,0.7548,0.3900,0.0282,0.252750,0.315661,0.062911,0
9523,73.3934,69.3889,1.0577,0.9454,0.3544,0.0468,0.505419,0.505529,0.000110,1
9524,66.9936,53.7867,1.2455,0.8029,0.5755,0.0251,0.353278,0.353617,0.000339,0
9525,25.7717,31.6489,0.8143,1.2280,0.3697,0.0241,0.475816,0.475871,0.000055,0
9526,51.0282,67.9652,0.7508,1.3319,1.1084,0.0392,0.409957,0.409984,0.000027,0
9527,20.9449,16.4633,1.2722,0.7860,0.4104,0.0224,0.330633,0.334921,0.004288,0
9528,27.2585,26.5388,1.0271,0.9736,1.2520,0.0230,0.292033,0.292033,0.000000,1
9529,71.7161,71.8172,0.9986,1.0014,0.8922,0.0524,0.194044,0.194068,0.000024,1
9530,60.4035,59.5531,1.0143,0.9859,1.4571,0.0347,0.269901,0.269921,0.000020,1
9531,51.8851,37.2562,1.3927,0.7181,0.9769,0.0247,0.401595,0.402221,0.000626,0
9532,22.2340,27.8730,0.7977,1.2536,1.0715,0.0478,0.330474,0.330495,0.000021,0
9533,63.6317,57.8109,1.1007,0.9085,1.2245,0.0558,0.359369,0.359442,0.000072,1
9534,35.8153,41.5529,0.8619,1.1602,0.9882,0.0489,0.313518,0.313532,0.000013,1
9535,77.3284,88.0711,0.8780,1.1389,1.2504,0.0471,0.184425,0.187342,0.002918,1
9536,52.5388,66.0916,0.7949,1.2580,1.0241,0.0279,0.425607,0.425610,0.000004,0
9537,78.3209,62.6952,1.2492,0.8005,0.3246,0.0294,0.539062,0.540723,0.001661,0
9538,41.3416,42.7591,0.9668,1.0343,0.9908,0.0230,0.170484,0.170584,0.000100,1
9539,58.1695,67.9792,0.8557,1.1686,1.1029,0.0241,0.537732,0.537822,0.000090,1
9540,79.5331,81.0096,0.9818,1.0186,1.1400,0.0415,0.397945,0.398076,0.000131,1
9541,29.4668,23.4639,1.2558,0.7963,0.1919,0.0294,0.428658,0.437321,0.008663,0
9542,44.4581,45.8191,0.9703,1.0306,1.1272,0.0575,0.467722,0.467859,0.000137,1
9543,20.7581,27.7851,0.7471,1.3385,0.5246,0.0240,0.380342,0.381686,0.001345,0
9544,62.3023,73.3679,0.8492,1.1776,0.2057,0.0265,0.500755,0.501275,0.000520,0
9545,78.9984,104.4581,0.7563,1.3223,0.2048,0.0430,0.188856,0.049986,0.138870,0
9546,41.8983,54.3218,0.7713,1.2965,1.0144,0.0424,0.197389,0.198616,0.001226,0
9547,48.8034,39.6484,1.2309,0.8124,1.0712,0.0303,0.513121,0.513132,0.000011,0
9548,75.3764,79.4955,0.9482,1.0546,1.2355,0.0361,0.389949,0.390175,0.000227,1
9549,28.0990,29.9094,0.9395,1.0644,1.1825,0.0256,0.192665,0.192667,0.000002,1
9550,30.9629,43.2356,0.7161,1.3964,0.1464,0.0283,0.217006,0.050001,0.167005,0
9551,35.8354,31.8071,1.1266,0.8876,0.4345,0.0315,0.157031,0.161119,0.004088,1
9552,44.0663,43.9448,1.0028,0.9972,1.0425,0.0578,0.407418,0.407554,0.000137,1
9553,67.2555,84.3675,0.7972,1.2544,0.8434,0.0348,0.245145,0.249644,0.004499,0
9554,38.1115,30.4208,1.2528,0.7982,1.4510,0.0471,0.493956,0.494038,0.000083,0
9555,32.6548,31.7291,1.0292,0.9717,1.3542,0.0426,0.370270,0.370386,0.000116,1
9556,44.3043,47.6009,0.9307,1.0744,0.3537,0.0316,0.490013,0.490006,0.000006,1
9557,74.6788,94.2459,0.7924,1.2620,0.8260,0.0540,0.538366,0.544074,0.005707,0
9558,26.7458,21.0950,1.2679,0.7887,0.6727,0.0264,0.507115,0.507154,0.000038,0
9559,74.1057,65.4460,1.1323,0.8831,0.7910,0.0579,0.306584,0.306905,0.000321,1
9560,43.8319,49.1833,0.8912,1.1221,0.2116,0.0431,0.216848,0.217874,0.001026,1
9561,22.5196,20.6083,1.0927,0.9151,1.3432,0.0351,0.403975,0.403990,0.000015,1
9562,76.0485,83.7800,0.9077,1.1017,0.4794,0.0259,0.417989,0.419391,0.001402,1
9563,79.5587,101.1930,0.7862,1.2719,0.1786,0.0374,0.477732,0.322101,0.155631,0
9564,31.6477,37.9867,0.8331,1.2003,0.1063,0.0488,0.507482,0.510169,0.002687,0
9565,60.2295,49.3841,1.2196,0.8199,0.8365,0.0335,0.325982,0.326091,0.000109,0
9566,52.7421,52.3928,1.0067,0.9934,0.6821,0.0403,0.423971,0.424091,0.000120,1
9567,31.4866,41.1424,0.7653,1.3067,1.2734,0.0475,0.182179,0.182749,0.000570,0
9568,72.5675,84.9758,0.8540,1.1710,1.3835,0.0291,0.483152,0.484197,0.001045,1
9569,74.4298,52.2900,1.4234,0.7025,0.5016,0.0451,0.476109,0.480361,0.004253,0
9570,67.6638,57.5525,1.1757,0.8506,0.6650,0.0365,0.305901,0.305978,0.000077,0
9571,66.4992,54.9425,1.2103,0.8262,0.4219,0.0575,0.462864,0.462956,0.000092,0
9572,33.7626,42.4200,0.7959,1.2564,0.5694,0.0451,0.404085,0.404127,0.000042,0
9573,54.6995,57.1208,0.9576,1.0443,0.2515,0.0573,0.434371,0.434366,0.000005,1
9574,39.0143,29.8037,1.3090,0.7639,0.4176,0.0295,0.182911,0.317411,0.134500,0
9575,23.1971,27.8777,0.8321,1.2018,0.3627,0.0327,0.156079,0.185654,0.029574,0
9576,20.1904,17.9074,1.1275,0.8869,1.3588,0.0565,0.194826,0.195163,0.000337,1
9577,44.6303,46.0652,0.9689,1.0322,1.3880,0.0450,0.157300,0.157346,0.000046,1
9578,74.1588,92.8893,0.7984,1.2526,1.2641,0.0253,0.486692,0.490255,0.003562,0
9579,61.2769,55.5432,1.1032,0.9064,0.5834,0.0262,0.394697,0.394693,0.000004,1
9580,65.7558,78.7721,0.8348,1.1979,0.5083,0.0552,0.470542,0.471614,0.001072,0
9581,47.5124,42.6242,1.1147,0.8971,1.1479,0.0232,0.456320,0.456318,0.000003,1
9582,51.8613,60.8465,0.8523,1.1733,1.0819,0.0358,0.167689,0.167712,0.000024,1
9583,36.1669,37.5978,0.9619,1.0396,0.7504,0.0299,0.327325,0.327438,0.000113,1
9584,57.0653,44.8050,1.2736,0.7852,0.1798,0.0529,0.376423,0.416326,0.039903,0
9585,46.0768,44.2824,1.0405,0.9611,1.3960,0.0466,0.248685,0.248742,0.000058,1
9586,56.8346,45.4167,1.2514,0.7991,0.5053,0.0319,0.346075,0.346945,0.000870,0
9587,23.6824,16.6313,1.4240,0.7023,0.6302,0.0459,0.216726,0.324201,0.107475,0
9588,56.7266,72.4830,0.7826,1.2778,0.5767,0.0370,0.353070,0.353316,0.000246,0
9589,25.6014,32.3859,0.7905,1.2650,1.2304,0.0288,0.443808,0.443811,0.000004,0
9590,48.4353,43.6880,1.1087,0.9020,0.9059,0.0413,0.419491,0.419499,0.000008,1
9591,38.9666,37.8478,1.0296,0.9713,0.2219,0.0207,0.279521,0.279516,0.000004,1
9592,22.9646,26.1475,0.8783,1.1386,0.2174,0.0317,0.539990,0.539986,0.000004,1
9593,39.8236,43.8196,0.9088,1.1003,1.3709,0.0307,0.526965,0.527053,0.000088,1
9594,55.4613,51.1841,1.0836,0.9229,0.8451,0.0583,0.240506,0.240552,0.000047,1
9595,24.1713,20.9765,1.1523,0.8678,0.3182,0.0219,0.229714,0.231879,0.002165,0
9596,52.5077,65.6823,0.7994,1.2509,1.0904,0.0222,0.529968,0.529966,0.000002,0
9597,28.9688,26.4983,1.0932,0.9147,1.2979,0.0513,0.503380,0.503517,0.000137,1
9598,58.8379,62.6527,0.9391,1.0648,1.1913,0.0494,0.176026,0.176152,0.000126,1
9599,69.2221,87.8149,0.7883,1.2686,0.2153,0.0591,0.288786,0.340200,0.051414,0
9600,23.5780,16.5283,1.4265,0.7010,1.2327,0.0348,0.386689,0.387581,0.000892,0
9601,29.3295,29.7581,0.9856,1.0146,0.2120,0.0499,0.264811,0.265023,0.000212,1
9602,74.1331,66.1814,1.1202,0.8927,0.3972,0.0438,0.261258,0.261981,0.000723,1
9603,20.0275,17.1335,1.1689,0.8555,1.1886,0.0517,0.224526,0.224866,0.000340,0
9604,65.8858,47.1898,1.3962,0.7162,1.3774,0.0525,0.238162,0.254666,0.016504,0
9605,63.7269,59.6890,1.0676,0.9366,0.9819,0.0330,0.241421,0.241428,0.000006,1
9606,75.7408,104.0858,0.7277,1.3742,1.3285,0.0326,0.260660,0.282101,0.021441,0
9607,58.5467,43.9832,1.3311,0.7512,1.2550,0.0221,0.381428,0.381561,0.000133,0
9608,74.4792,57.1633,1.3029,0.7675,1.2136,0.0209,0.358380,0.358554,0.000174,0
9609,52.2477,47.4951,1.1001,0.9090,0.1499,0.0562,0.201173,0.207976,0.006803,1
9610,34.6232,29.2977,1.1818,0.8462,1.3396,0.0245,0.248502,0.248546,0.000044,0
9611,29.0439,35.9415,0.8081,1.2375,1.0386,0.0586,0.464890,0.464918,0.000028,0
9612,54.3425,70.4223,0.7717,1.2959,0.7012,0.0599,0.249808,0.250828,0.001020,0
9613,52.6414,46.0952,1.1420,0.8756,0.9627,0.0516,0.459507,0.459534,0.000028,1
9614,71.4890,67.2983,1.0623,0.9414,0.9899,0.0240,0.321368,0.321409,0.000041,1
9615,54.9559,49.5930,1.1081,0.9024,0.6600,0.0465,0.441842,0.441846,0.000003,1
9616,52.6157,66.9595,0.7858,1.2726,0.1866,0.0592,0.239138,0.347438,0.108300,0
9617,29.7232,38.7602,0.7668,1.3040,0.2988,0.0540,0.361567,0.369578,0.008012,0
9618,37.2527,39.4564,0.9441,1.0592,0.2935,0.0376,0.255301,0.255298,0.000003,1
9619,40.6897,49.4309,0.8232,1.2148,0.4674,0.0308,0.520287,0.520290,0.000003,0
9620,25.2919,21.5449,1.1739,0.8518,0.7606,0.0526,0.498814,0.498833,0.000019,0
9621,63.1886,78.9540,0.8003,1.2495,0.4580,0.0548,0.299663,0.303153,0.003491,0
9622,22.7119,20.7832,1.0928,0.9151,1.0974,0.0349,0.519860,0.519959,0.000099,1
9623,62.7894,60.9893,1.0295,0.9713,0.9278,0.0503,0.170264,0.170294,0.000030,1
9624,75.2995,62.1748,1.2111,0.8257,1.4040,0.0274,0.206850,0.207765,0.000915,0
9625,73.1956,102.2784,0.7157,1.3973,0.8840,0.0571,0.528356,0.542292,0.013936,0
9626,29.2398,27.8818,1.0487,0.9536,1.2800,0.0510,0.261759,0.261821,0.000063,1
9627,24.7829,27.6026,0.8978,1.1138,0.4979,0.0252,0.348700,0.348696,0.000004,1
9628,28.8095,21.3329,1.3505,0.7405,1.3637,0.0460,0.157422,0.199864,0.042442,0
9629,33.0924,41.5165,0.7971,1.2546,1.1885,0.0409,0.239700,0.239739,0.000039,0
9630,62.4378,78.5388,0.7950,1.2579,0.7661,0.0362,0.470603,0.471284,0.000681,0
9631,40.1367,34.6603,1.1580,0.8636,0.7929,0.0590,0.490648,0.490675,0.000028,0
9632,46.6793,64.6161,0.7224,1.3843,0.1045,0.0549,0.334759,0.066507,0.268252,0
9633,48.6843,49.3458,0.9866,1.0136,1.3442,0.0519,0.161145,0.161220,0.000075,1
9634,20.5658,27.6028,0.7451,1.3422,0.8498,0.0382,0.339032,0.339282,0.000251,0
9635,37.6611,28.9952,1.2989,0.7699,1.0722,0.0562,0.429464,0.429671,0.000206,0
9636,37.8698,34.2414,1.1060,0.9042,0.4773,0.0583,0.162769,0.164301,0.001532,1
9637,73.3769,55.7153,1.3170,0.7593,1.0176,0.0438,0.538586,0.538660,0.000074,0
9638,39.6899,30.1486,1.3165,0.7596,1.4213,0.0459,0.229958,0.234915,0.004956,0
9639,53.7547,70.8917,0.7583,1.3188,1.1605,0.0570,0.408406,0.408447,0.000041,0
9640,51.7386,39.5362,1.3086,0.7642,0.4512,0.0314,0.543042,0.543280,0.000238,0
9641,78.6047,97.5951,0.8054,1.2416,0.7086,0.0450,0.167054,0.303181,0.136127,0
9642,67.3360,54.6111,1.2330,0.8110,1.3890,0.0372,0.463401,0.463437,0.000037,0
9643,65.8565,52.6543,1.2507,0.7995,0.4230,0.0300,0.546069,0.546133,0.000064,0
9644,76.0778,76.1330,0.9993,1.0007,1.4508,0.0513,0.193458,0.193545,0.000087,1
9645,28.9102,28.4816,1.0150,0.9852,1.0662,0.0432,0.331634,0.331649,0.000015,1
9646,46.6134,46.0876,1.0114,0.9887,1.2925,0.0409,0.535180,0.535285,0.000104,1
9647,51.4914,70.8494,0.7268,1.3759,0.7146,0.0442,0.518285,0.518367,0.000082,0
9648,37.7636,37.3102,1.0122,0.9880,0.4426,0.0598,0.200331,0.200336,0.000005,1
9649,61.0443,58.5235,1.0431,0.9587,0.2496,0.0356,0.520983,0.520976,0.000007,1
9650,22.6258,21.2541,1.0645,0.9394,0.7994,0.0356,0.380329,0.380330,0.000001,1
9651,27.2658,31.5925,0.8630,1.1587,0.9194,0.0428,0.418929,0.418933,0.000004,1
9652,52.9051,67.1909,0.7874,1.2700,0.8157,0.0562,0.496092,0.496105,0.000013,0
9653,36.4544,39.1816,0.9304,1.0748,1.1026,0.0397,0.175941,0.175953,0.000012,1
9654,53.0680,46.7454,1.1353,0.8809,1.2803,0.0542,0.293449,0.293553,0.000104,1
9655,32.2117,26.6075,1.2106,0.8260,0.8023,0.0572,0.362116,0.362240,0.000124,0
9656,43.3467,42.0641,1.0305,0.9704,0.7991,0.0548,0.175343,0.175369,0.000027,1
9657,66.5706,76.0976,0.8748,1.1431,1.4101,0.0332,0.535986,0.536225,0.000240,1
9658,74.8637,56.6764,1.3209,0.7571,0.5543,0.0396,0.318560,0.327536,0.008976,0
9659,49.8251,59.2729,0.8406,1.1896,0.3884,0.0456,0.188270,0.194835,0.006565,0
9660,26.4290,27.4459,0.9630,1.0385,1.4598,0.0444,0.161829,0.161878,0.000049,1
9661,40.2081,42.1382,0.9542,1.0480,1.4069,0.0553,0.445627,0.445779,0.000153,1
9662,28.7490,24.8706,1.1559,0.8651,1.2005,0.0568,0.521056,0.521121,0.000065,0
9663,73.2121,99.0044,0.7395,1.3523,1.3920,0.0356,0.436703,0.444518,0.007815,0
9664,74.8564,62.9715,1.1887,0.8412,1.4255,0.0459,0.538403,0.538562,0.000160,0
9665,52.5260,45.8708,1.1451,0.8733,0.4054,0.0406,0.183570,0.188777,0.005207,1
9666,33.6619,24.8937,1.3522,0.7395,1.3285,0.0492,0.154126,0.202473,0.048347,0
9667,67.6730,78.1485,0.8660,1.1548,1.1108,0.0323,0.346930,0.347432,0.000502,1
9668,53.5569,62.1665,0.8615,1.1608,0.7761,0.0233,0.253030,0.253036,0.000005,1
9669,64.8585,87.2410,0.7434,1.3451,1.3118,0.0577,0.377131,0.379926,0.002795,0
9670,72.7927,82.0796,0.8869,1.1276,0.4010,0.0247,0.332305,0.334549,0.002243,1
9671,35.1433,26.6401,1.3192,0.7580,0.7070,0.0538,0.451572,0.451954,0.000382,0
9672,50.4221,55.7680,0.9041,1.1060,0.8469,0.0259,0.312981,0.312979,0.000002,1
9673,34.8283,38.8454,0.8966,1.1153,0.5010,0.0412,0.464023,0.464019,0.000005,1
9674,63.2051,59.4203,1.0637,0.9401,0.2040,0.0571,0.224441,0.224472,0.000031,1
9675,54.8314,58.0304,0.9449,1.0583,1.4921,0.0342,0.323077,0.323174,0.000097,1
9676,47.7688,62.0545,0.7698,1.2991,1.3876,0.0368,0.179725,0.180227,0.000502,0
9677,46.1208,48.7820,0.9454,1.0577,1.4165,0.0515,0.164612,0.164765,0.000153,1
9678,70.8847,71.7782,0.9876,1.0126,1.3557,0.0309,0.178724,0.178740,0.000016,1
9679,24.4423,31.3296,0.7802,1.2818,1.3343,0.0371,0.236807,0.236866,0.000059,0
9680,51.4310,43.4126,1.1847,0.8441,1.4211,0.0242,0.477305,0.477309,0.000004,0
9681,57.2594,51.3818,1.1144,0.8974,1.3652,0.0315,0.426644,0.426654,0.000010,1
9682,43.0848,41.3673,1.0415,0.9601,0.6507,0.0335,0.192347,0.192349,0.000001,1
9683,56.3750,53.8447,1.0470,0.9551,1.2087,0.0385,0.513146,0.513247,0.000101,1
9684,64.3477,73.3530,0.8772,1.1399,1.0459,0.0318,0.526232,0.526413,0.000181,1
9685,58.7939,67.4491,0.8717,1.1472,1.0768,0.0526,0.505187,0.505304,0.000117,1
9686,79.8700,76.7936,1.0401,0.9615,0.8316,0.0428,0.338043,0.338186,0.000143,1
9687,53.2420,63.8904,0.8333,1.2000,0.4076,0.0431,0.500865,0.500867,0.000002,0
9688,41.4991,51.6287,0.8038,1.2441,0.7249,0.0449,0.215896,0.216574,0.000679,0
9689,78.2678,99.5310,0.7864,1.2717,0.4953,0.0596,0.440182,0.457249,0.017067,0
9690,76.6784,80.9816,0.9469,1.0561,0.2814,0.0557,0.360236,0.361010,0.000774,1
9691,77.1050,103.8669,0.7423,1.3471,0.2295,0.0325,0.164563,0.050005,0.114558,0
9692,53.1156,71.6341,0.7415,1.3486,0.9058,0.0280,0.327642,0.327999,0.000356,0
9693,42.3048,31.7516,1.3324,0.7505,0.9706,0.0287,0.394246,0.394516,0.000271,0
9694,59.8596,83.1206,0.7202,1.3886,0.8324,0.0238,0.253250,0.273263,0.020013,0
9695,36.7986,44.7982,0.8214,1.2174,0.2670,0.0285,0.238382,0.261302,0.022921,0
9696,72.9649,85.8791,0.8496,1.1770,1.3158,0.0301,0.421151,0.422487,0.001337,0
9697,75.2647,72.5860,1.0369,0.9644,1.1214,0.0266,0.513048,0.513167,0.000119,1
9698,46.9869,41.5775,1.1301,0.8849,1.1827,0.0226,0.233999,0.234009,0.000010,1
9699,67.7132,58.7287,1.1530,0.8673,0.1111,0.0522,0.308635,0.326936,0.018300,0
9700,38.6663,29.4165,1.3144,0.7608,1.3745,0.0345,0.396529,0.396649,0.000121,0
9701,43.7495,55.7201,0.7852,1.2736,0.9366,0.0444,0.370820,0.370839,0.000019,0
9702,33.8505,43.8365,0.7722,1.2950,0.1164,0.0205,0.321709,0.300000,0.021709,0
9703,68.4127,78.3056,0.8737,1.1446,0.3913,0.0597,0.387983,0.389203,0.001220,1
9704,20.8588,18.9124,1.1029,0.9067,1.0692,0.0484,0.444858,0.444884,0.000026,1
9705,66.4205,80.5474,0.8246,1.2127,1.3828,0.0556,0.463657,0.464393,0.000736,0
9706,20.0201,15.7338,1.2724,0.7859,0.8201,0.0339,0.337201,0.337582,0.000382,0
9707,68.4622,71.9957,0.9509,1.0516,0.5696,0.0364,0.543298,0.543463,0.000165,1
9708,68.1051,68.9111,0.9883,1.0118,0.9356,0.0301,0.299333,0.299438,0.000105,1
9709,78.4454,60.5660,1.2952,0.7721,1.4900,0.0514,0.412813,0.413391,0.000577,0
9710,74.8253,61.3388,1.2199,0.8198,1.2892,0.0346,0.534179,0.534302,0.000123,0
9711,71.8497,62.0400,1.1581,0.8635,1.4078,0.0502,0.540112,0.540202,0.000090,0
9712,44.4142,59.4293,0.7473,1.3381,0.4893,0.0280,0.499828,0.500081,0.000253,0
9713,49.9643,44.4224,1.1248,0.8891,1.1805,0.0231,0.340777,0.340778,0.000001,1
9714,55.6389,39.0138,1.4261,0.7012,1.3188,0.0353,0.475071,0.475339,0.000268,0
9715,30.3549,42.4145,0.7157,1.3973,1.1264,0.0459,0.465915,0.465965,0.000050,0
9716,46.2728,51.0701,0.9061,1.1037,0.7486,0.0495,0.183082,0.183089,0.000007,1
9717,27.9763,28.5292,0.9806,1.0198,0.6122,0.0434,0.482395,0.482521,0.000125,1
9718,60.3558,43.9704,1.3726,0.7285,1.2718,0.0403,0.363886,0.364526,0.000640,0
9719,31.2668,43.1403,0.7248,1.3797,0.1748,0.0212,0.294816,0.300000,0.005184,0
9720,36.0222,32.5085,1.1081,0.9025,0.3967,0.0350,0.511400,0.511395,0.000005,1
9721,40.9754,33.3475,1.2287,0.8138,0.1047,0.0576,0.293779,0.436999,0.143220,0
9722,25.9090,24.1683,1.0720,0.9328,0.7188,0.0473,0.448605,0.448610,0.000004,1
9723,33.8047,27.3738,1.2349,0.8098,0.8294,0.0466,0.156177,0.183917,0.027740,0
9724,58.4918,47.3270,1.2359,0.8091,1.0229,0.0535,0.251846,0.253111,0.001264,0
9725,55.7451,76.0639,0.7329,1.3645,1.2155,0.0566,0.521252,0.521327,0.000076,0
9726,34.7295,32.6350,1.0642,0.9397,0.1434,0.0259,0.305596,0.305597,0.000002,1
9727,78.6303,83.6058,0.9405,1.0633,1.1410,0.0485,0.469602,0.469965,0.000363,1
9728,37.7361,48.3322,0.7808,1.2808,1.1896,0.0565,0.219021,0.219110,0.000090,0
9729,25.6801,29.6476,0.8662,1.1545,0.4371,0.0418,0.292998,0.293014,0.000016,1
9730,40.9864,50.7290,0.8079,1.2377,1.2059,0.0203,0.418600,0.418599,0.000001,0
9731,64.8109,80.1462,0.8087,1.2366,0.2487,0.0593,0.508849,0.512071,0.003222,0
9732,40.7904,41.3446,0.9866,1.0136,0.3670,0.0253,0.293352,0.293512,0.000160,1
9733,40.0067,42.8656,0.9333,1.0715,1.2827,0.0547,0.295927,0.296070,0.000143,1
9734,38.5455,34.2323,1.1260,0.8881,0.3600,0.0211,0.264664,0.264756,0.000092,1
9735,78.6340,84.6008,0.9295,1.0759,0.5788,0.0536,0.157178,0.159270,0.002092,1
9736,65.2522,62.9062,1.0373,0.9640,0.8804,0.0494,0.527844,0.527960,0.000117,1
9737,73.2615,74.2053,0.9873,1.0129,1.2283,0.0404,0.500047,0.500154,0.000106,1
9738,42.4476,45.0011,0.9433,1.0602,0.7166,0.0337,0.519750,0.519863,0.000113,1
9739,68.6215,60.9956,1.1250,0.8889,0.1485,0.0329,0.216567,0.233254,0.016687,1
9740,57.6458,57.3232,1.0056,0.9944,0.9129,0.0511,0.455515,0.455634,0.000119,1
9741,64.4337,67.9190,0.9487,1.0541,0.2824,0.0590,0.293144,0.293160,0.000016,1
9742,65.8309,67.5593,0.9744,1.0263,0.5465,0.0288,0.396138,0.396271,0.000133,1
9743,31.1295,33.8195,0.9205,1.0864,1.0928,0.0402,0.433358,0.433461,0.000103,1
9744,59.3817,68.3708,0.8685,1.1514,0.3080,0.0532,0.510204,0.510200,0.000004,1
9745,65.1350,58.6132,1.1113,0.8999,0.2498,0.0527,0.288066,0.288204,0.000138,1
9746,64.1646,57.8578,1.1090,0.9017,0.1188,0.0410,0.524657,0.524667,0.000010,1
9747,40.9204,34.7889,1.1762,0.8502,1.0325,0.0440,0.202736,0.203430,0.000694,0
9748,47.2103,48.9884,0.9637,1.0377,1.0154,0.0258,0.473032,0.473128,0.000095,1
9749,46.1446,36.5677,1.2619,0.7925,0.8589,0.0436,0.465098,0.465158,0.000060,0
9750,28.6447,36.1751,0.7918,1.2629,0.6653,0.0226,0.393721,0.393770,0.000049,0
9751,31.0471,42.6475,0.7280,1.3736,0.4035,0.0558,0.314776,0.337882,0.023106,0
9752,25.0520,22.1867,1.1291,0.8856,0.1240,0.0485,0.457273,0.457428,0.000155,1
9753,61.7603,67.7741,0.9113,1.0974,1.0220,0.0502,0.312102,0.312221,0.000119,1
9754,20.6629,27.4541,0.7526,1.3287,0.7676,0.0385,0.357965,0.358169,0.000203,0
9755,36.4837,46.4506,0.7854,1.2732,0.7651,0.0599,0.304228,0.304306,0.000078,0
9756,54.0568,69.8674,0.7737,1.2925,0.7258,0.0240,0.543921,0.543932,0.000012,0
9757,61.2659,57.5279,1.0650,0.9390,0.1964,0.0357,0.424764,0.424759,0.000006,1
9758,29.1903,36.1733,0.8070,1.2392,0.3589,0.0481,0.428951,0.429081,0.000130,0
9759,25.8083,21.0684,1.2250,0.8163,0.6060,0.0378,0.166785,0.195386,0.028601,0
9760,57.7850,59.3083,0.9743,1.0264,0.7545,0.0401,0.180567,0.180686,0.000119,1
9761,46.9393,37.9255,1.2377,0.8080,1.1158,0.0593,0.429427,0.429549,0.000122,0
9762,42.9804,43.7021,0.9835,1.0168,0.8351,0.0206,0.260343,0.260449,0.000107,1
9763,35.3648,41.1505,0.8594,1.1636,1.4679,0.0285,0.204286,0.204293,0.000007,1
9764,49.3948,52.4940,0.9410,1.0627,0.4418,0.0553,0.256107,0.256107,0.000000,1
9765,47.9647,53.3360,0.8993,1.1120,0.4596,0.0205,0.291227,0.291225,0.000002,1
9766,39.4281,41.1059,0.9592,1.0426,0.2681,0.0305,0.540197,0.540383,0.000186,1
9767,30.2561,38.4616,0.7867,1.2712,0.1035,0.0252,0.161219,0.300000,0.138781,0
9768,77.6763,74.6015,1.0412,0.9604,1.1370,0.0454,0.163562,0.163762,0.000200,1
9769,69.6030,62.0925,1.1210,0.8921,0.9305,0.0492,0.269767,0.269832,0.000066,1
9770,42.0209,35.0468,1.1990,0.8340,0.2163,0.0389,0.202626,0.291480,0.088854,0
9771,26.5535,27.9218,0.9510,1.0515,0.4902,0.0513,0.215285,0.215287,0.000001,1
9772,58.8287,78.6251,0.7482,1.3365,1.1312,0.0459,0.363959,0.364464,0.000505,0
9773,27.0113,34.4771,0.7835,1.2764,0.5079,0.0516,0.184986,0.211939,0.026952,0
9774,68.1784,65.2872,1.0443,0.9576,0.7249,0.0467,0.471738,0.471865,0.000126,1
9775,79.0790,66.2601,1.1935,0.8379,0.4156,0.0547,0.184217,0.205063,0.020845,0
9776,50.8798,68.6873,0.7407,1.3500,0.4320,0.0280,0.363190,0.368896,0.005706,0
9777,63.1135,68.9583,0.9152,1.0926,0.7459,0.0242,0.455722,0.455844,0.000122,1
9778,59.4220,80.8258,0.7352,1.3602,1.4098,0.0470,0.549817,0.550308,0.000491,0
9779,69.1598,58.8339,1.1755,0.8507,0.4555,0.0432,0.311602,0.311850,0.000248,0
9780,57.5689,43.3335,1.3285,0.7527,0.5313,0.0435,0.214870,0.293080,0.078209,0
9781,59.8175,66.5264,0.8992,1.1122,1.0857,0.0459,0.373310,0.373420,0.000110,1
9782,35.7274,34.1170,1.0472,0.9549,0.6204,0.0218,0.362812,0.362807,0.000004,1
9783,36.7180,44.4993,0.8251,1.2119,1.2624,0.0223,0.394050,0.394049,0.000001,0
9784,38.6059,39.3045,0.9822,1.0181,1.3098,0.0552,0.261405,0.261476,0.000071,1
9785,62.0643,52.5551,1.1809,0.8468,1.4497,0.0413,0.472996,0.473036,0.000041,0
9786,25.9108,21.8811,1.1842,0.8445,0.7726,0.0497,0.375153,0.375197,0.000044,0
9787,31.0746,40.5430,0.7665,1.3047,0.5827,0.0356,0.212319,0.230609,0.018290,0
9788,53.1852,58.8014,0.9045,1.1056,0.7232,0.0487,0.425814,0.425934,0.000120,1
9789,63.9778,55.6706,1.1492,0.8702,1.0871,0.0240,0.465427,0.465425,0.000002,1
9790,75.9587,100.0608,0.7591,1.3173,0.6479,0.0515,0.286699,0.314909,0.028211,0
9791,44.8152,50.4073,0.8891,1.1248,0.7228,0.0298,0.428878,0.428874,0.000004,1
9792,73.5911,93.5917,0.7863,1.2718,0.8121,0.0421,0.166834,0.289488,0.122654,0
9793,36.5697,32.4057,1.1285,0.8861,0.5397,0.0335,0.390754,0.390754,0.000000,1
9794,67.1621,87.3365,0.7690,1.3004,0.9511,0.0380,0.224209,0.233305,0.009096,0
9795,25.1527,33.2295,0.7569,1.3211,1.4817,0.0457,0.514196,0.514229,0.000033,0
9796,55.8257,77.3903,0.7214,1.3863,0.4809,0.0304,0.409896,0.414127,0.004231,0
9797,26.3265,24.1021,1.0923,0.9155,0.2956,0.0353,0.457981,0.457976,0.000005,1
9798,65.9297,59.5565,1.1070,0.9033,1.1207,0.0291,0.239785,0.239796,0.000010,1
9799,47.1041,50.4832,0.9331,1.0717,0.4683,0.0559,0.464670,0.464815,0.000144,1
9800,44.0828,38.0189,1.1595,0.8624,0.9887,0.0393,0.166224,0.167703,0.001480,0
9801,64.0712,46.3459,1.3825,0.7233,0.2014,0.0366,0.431918,0.510485,0.078567,0
9802,37.1538,38.5698,0.9633,1.0381,1.0863,0.0280,0.528942,0.529035,0.000093,1
9803,42.8779,42.5738,1.0071,0.9929,1.0248,0.0305,0.474302,0.474400,0.000098,1
9804,55.9648,76.2382,0.7341,1.3623,0.3957,0.0469,0.352924,0.366713,0.013789,0
9805,73.4812,99.8190,0.7361,1.3584,0.1993,0.0479,0.430270,0.503275,0.073006,0
9806,63.0091,47.1660,1.3359,0.7486,1.3653,0.0575,0.180592,0.213538,0.032946,0
9807,71.8571,80.9877,0.8873,1.1271,0.6712,0.0328,0.522887,0.523630,0.000743,1
9808,65.3328,77.3610,0.8445,1.1841,0.1095,0.0267,0.326104,0.359491,0.033387,0
9809,58.6236,66.0690,0.8873,1.1270,0.8603,0.0225,0.393464,0.393460,0.000004,1
9810,79.0442,73.8669,1.0701,0.9345,1.1945,0.0460,0.471738,0.471917,0.000178,1
9811,45.5348,54.9881,0.8281,1.2076,0.8930,0.0453,0.442990,0.442995,0.000005,0
9812,69.6268,97.0654,0.7173,1.3941,1.1751,0.0314,0.439999,0.448420,0.008421,0
9813,39.8877,42.7823,0.9323,1.0726,1.4803,0.0443,0.489549,0.489664,0.000115,1
9814,29.4705,32.5435,0.9056,1.1043,0.6890,0.0463,0.518908,0.519027,0.000119,1
9815,71.7930,67.9694,1.0563,0.9467,1.3886,0.0477,0.428414,0.428568,0.000154,1
9816,78.5754,55.6893,1.4110,0.7087,0.8510,0.0511,0.544250,0.544916,0.000666,0
9817,77.7001,84.1937,0.9229,1.0836,1.2090,0.0564,0.516784,0.517275,0.000491,1
9818,53.5038,71.7233,0.7460,1.3405,1.1225,0.0578,0.499474,0.499512,0.000038,0
9819,32.8819,40.8884,0.8042,1.2435,1.3966,0.0482,0.546594,0.546710,0.000116,0
9820,71.1264,91.7381,0.7753,1.2898,0.7172,0.0431,0.532018,0.537702,0.005683,0
9821,33.3689,33.4003,0.9991,1.0009,0.9798,0.0408,0.166382,0.166396,0.000014,1
9822,44.6120,45.2133,0.9867,1.0135,0.9233,0.0536,0.254715,0.254740,0.000025,1
9823,41.5027,52.2397,0.7945,1.2587,0.6207,0.0291,0.417293,0.417327,0.000034,0
9824,57.5121,60.9351,0.9438,1.0595,0.4576,0.0301,0.451340,0.451482,0.000142,1
9825,66.4846,76.2691,0.8717,1.1472,0.5097,0.0200,0.207949,0.209405,0.001457,1
9826,54.5988,45.0986,1.2107,0.8260,1.0785,0.0432,0.487608,0.487636,0.000028,0
9827,29.3258,39.7017,0.7387,1.3538,1.3718,0.0283,0.420309,0.420331,0.000023,0
9828,53.2987,53.1154,1.0035,0.9966,1.1601,0.0225,0.292302,0.292393,0.000092,1
9829,78.1744,97.6570,0.8005,1.2492,0.7379,0.0335,0.459970,0.469065,0.009094,0
9830,44.3501,49.8842,0.8891,1.1248,0.7416,0.0533,0.367450,0.367457,0.000006,1
9831,52.3759,64.9770,0.8061,1.2406,0.2448,0.0380,0.394539,0.396408,0.001869,0
9832,42.3011,38.9692,1.0855,0.9212,0.6794,0.0203,0.162464,0.162485,0.000021,1
9833,59.6710,76.1726,0.7834,1.2765,0.3716,0.0586,0.208046,0.296762,0.088716,0
9834,33.1382,31.8880,1.0392,0.9623,0.9368,0.0557,0.354230,0.354259,0.000030,1
9835,47.5912,58.9262,0.8076,1.2382,0.3513,0.0204,0.390974,0.391393,0.000419,0
9836,35.2403,36.2996,0.9708,1.0301,0.7057,0.0527,0.163099,0.163228,0.000129,1
9837,35.5132,37.8794,0.9375,1.0666,1.1085,0.0278,0.533349,0.533441,0.000092,1
9838,48.3493,64.9539,0.7444,1.3434,1.3523,0.0470,0.454880,0.454913,0.000033,0
9839,25.0099,22.1328,1.1300,0.8850,0.2234,0.0447,0.242019,0.244418,0.002399,1
9840,61.0315,54.2204,1.1256,0.8884,1.0829,0.0300,0.278703,0.278713,0.000010,1
9841,60.7624,52.2367,1.1632,0.8597,0.4033,0.0339,0.213478,0.216860,0.003382,0
9842,27.5332,28.6878,0.9598,1.0419,1.1191,0.0268,0.324090,0.324184,0.000094,1
9843,29.8880,20.9669,1.4255,0.7015,0.2110,0.0431,0.509886,0.562441,0.052555,0
9844,77.5390,96.2454,0.8056,1.2413,1.0195,0.0448,0.392219,0.398947,0.006728,0
9845,41.6254,42.2203,0.9859,1.0143,0.3490,0.0338,0.258841,0.259007,0.000165,1
9846,34.6159,35.3088,0.9804,1.0200,1.1666,0.0409,0.222256,0.222367,0.000111,1
9847,79.1540,107.0228,0.7396,1.3521,0.6881,0.0300,0.376191,0.407620,0.031429,0
9848,58.7188,61.6993,0.9517,1.0508,0.9380,0.0584,0.338678,0.338809,0.000131,1
9849,78.8592,73.0303,1.0798,0.9261,0.3399,0.0221,0.346295,0.347137,0.000842,1
9850,42.1674,39.4848,1.0679,0.9364,0.8497,0.0355,0.442746,0.442746,0.000000,1
9851,66.5926,73.2988,0.9085,1.1007,0.6903,0.0433,0.235623,0.235862,0.000239,1
9852,65.0032,46.8465,1.3876,0.7207,0.8040,0.0490,0.509496,0.509901,0.000405,0
9853,23.3033,23.7957,0.9793,1.0211,0.6855,0.0265,0.213295,0.213414,0.000118,1
9854,61.6138,60.1752,1.0239,0.9767,0.4416,0.0483,0.221389,0.221390,0.000001,1
9855,21.1023,25.5347,0.8264,1.2100,0.6980,0.0515,0.155945,0.157919,0.001974,0
9856,73.7834,82.3707,0.8957,1.1164,1.2801,0.0380,0.520128,0.520658,0.000530,1
9857,22.9646,19.4308,1.1819,0.8461,0.2455,0.0558,0.474485,0.474629,0.000144,0
9858,53.2383,47.4152,1.1228,0.8906,0.7855,0.0433,0.540490,0.540494,0.000003,1
9859,52.4125,67.0009,0.7823,1.2783,1.3889,0.0449,0.366865,0.366892,0.000028,0
9860,36.9066,34.7045,1.0635,0.9403,0.7488,0.0300,0.453439,0.453436,0.000004,1
9861,30.9610,41.0887,0.7535,1.3271,1.2520,0.0309,0.323443,0.323494,0.000051,0
9862,37.8716,40.5480,0.9340,1.0707,0.4983,0.0360,0.239676,0.239674,0.000002,1
9863,68.6416,79.8052,0.8601,1.1626,0.6736,0.0352,0.540429,0.541189,0.000760,1
9864,62.0331,60.3064,1.0286,0.9722,0.1464,0.0436,0.191444,0.191443,0.000002,1
9865,53.7803,38.6354,1.3920,0.7184,0.1905,0.0323,0.182264,0.541149,0.358885,0
9866,22.1314,23.3668,0.9471,1.0558,0.2221,0.0532,0.246561,0.246558,0.000003,1
9867,40.0616,51.4537,0.7786,1.2844,0.4376,0.0225,0.425167,0.425512,0.000345,0
9868,44.7182,41.7127,1.0721,0.9328,0.2542,0.0282,0.547754,0.547746,0.000008,1
9869,69.1617,49.3972,1.4001,0.7142,0.3058,0.0522,0.361127,0.431935,0.070808,0
9870,39.0967,38.9296,1.0043,0.9957,0.3145,0.0568,0.539172,0.539344,0.000172,1
9871,53.4581,62.2505,0.8588,1.1645,0.1050,0.0519,0.196803,0.342101,0.145297,1
9872,28.1503,27.6409,1.0184,0.9819,0.5878,0.0449,0.513305,0.513432,0.000128,1
9873,73.0015,76.2250,0.9577,1.0442,0.8040,0.0260,0.190492,0.190656,0.000164,1
9874,36.2767,27.5373,1.3174,0.7591,1.4741,0.0545,0.253104,0.256425,0.003322,0
9875,31.4316,40.3904,0.7782,1.2850,1.0445,0.0208,0.287785,0.287893,0.000108,0
9876,77.3357,101.1692,0.7644,1.3082,1.3308,0.0252,0.327911,0.338878,0.010967,0
9877,24.6712,27.7507,0.8890,1.1248,1.1172,0.0509,0.288701,0.288726,0.000025,1
9878,32.7775,26.8963,1.2187,0.8206,0.2927,0.0464,0.345624,0.348634,0.003010,0
9879,41.0633,46.1468,0.8898,1.1238,0.3358,0.0384,0.258182,0.258207,0.000025,1
9880,44.6815,59.0606,0.7565,1.3218,0.6553,0.0456,0.290117,0.291585,0.001468,0
9881,30.1059,32.8001,0.9179,1.0895,0.5012,0.0460,0.426876,0.426873,0.000003,1
9882,37.5036,37.9170,0.9891,1.0110,0.4302,0.0322,0.429281,0.429427,0.000146,1
9883,46.2618,58.2596,0.7941,1.2593,0.7157,0.0380,0.470566,0.470574,0.000007,0
9884,53.8151,54.2646,0.9917,1.0084,1.4733,0.0345,0.217727,0.217748,0.000021,1
9885,52.0188,60.7290,0.8566,1.1674,0.5342,0.0428,0.454306,0.454303,0.000003,1
9886,30.2982,38.3300,0.7905,1.2651,0.6033,0.0453,0.387605,0.387659,0.000055,0
9887,28.2180,28.0113,1.0074,0.9927,1.2216,0.0441,0.531286,0.531396,0.000110,1
9888,38.5107,40.5757,0.9491,1.0536,0.3623,0.0458,0.271708,0.271705,0.000003,1
9889,26.6707,22.2687,1.1977,0.8349,0.5855,0.0388,0.346283,0.346394,0.000111,0
9890,37.8991,43.6054,0.8691,1.1506,1.0843,0.0416,0.385298,0.385306,0.000009,1
9891,48.3108,37.8323,1.2770,0.7831,0.9522,0.0350,0.260611,0.262397,0.001786,0
9892,63.6189,50.8149,1.2520,0.7987,0.7102,0.0576,0.455893,0.456000,0.000107,0
9893,36.5221,33.2389,1.0988,0.9101,0.8226,0.0446,0.437191,0.437199,0.000007,1
9894,66.5487,60.8321,1.0940,0.9141,1.1022,0.0461,0.285502,0.285536,0.000034,1
9895,37.8515,35.7596,1.0585,0.9447,1.4636,0.0425,0.354340,0.354381,0.000041,1
9896,64.8549,73.6140,0.8810,1.1351,0.4210,0.0308,0.304827,0.305232,0.000406,1
9897,38.1518,34.8183,1.0957,0.9126,1.4261,0.0562,0.301152,0.301274,0.000122,1
9898,43.1782,35.7260,1.2086,0.8274,0.8403,0.0279,0.486509,0.486515,0.000006,0
9899,29.0365,29.0477,0.9996,1.0004,1.0200,0.0293,0.499242,0.499338,0.000097,1
9900,74.3364,66.7328,1.1139,0.8977,0.4277,0.0247,0.472568,0.472856,0.000287,1
9901,54.8460,63.6969,0.8610,1.1614,1.3805,0.0237,0.543017,0.543099,0.000082,1
9902,67.0229,58.2073,1.1515,0.8685,1.4241,0.0252,0.390632,0.390638,0.000006,0
9903,71.4872,67.2263,1.0634,0.9404,1.2170,0.0271,0.504918,0.505029,0.000111,1
9904,48.7338,42.2998,1.1521,0.8680,1.1539,0.0246,0.534655,0.534653,0.000002,0
9905,33.1840,40.8423,0.8125,1.2308,0.9102,0.0274,0.361713,0.361719,0.000006,0
9906,43.5298,44.4876,0.9785,1.0220,1.1932,0.0306,0.517455,0.517547,0.000092,1
9907,68.7551,74.4218,0.9239,1.0824,0.9971,0.0337,0.214675,0.214880,0.000205,1
9908,66.9222,76.5066,0.8747,1.1432,0.9691,0.0401,0.315911,0.316324,0.000413,1
9909,33.0485,24.4062,1.3541,0.7385,1.1285,0.0532,0.349152,0.350347,0.001196,0
9910,22.4482,16.4714,1.3629,0.7338,1.2505,0.0400,0.474265,0.474421,0.000156,0
9911,39.1552,42.2753,0.9262,1.0797,1.3751,0.0335,0.157666,0.157679,0.000013,1
9912,73.9775,80.1805,0.9226,1.0838,0.1809,0.0474,0.256473,0.259213,0.002740,1
9913,70.3848,76.4324,0.9209,1.0859,0.7703,0.0573,0.186329,0.186841,0.000512,1
9914,71.9871,93.7893,0.7675,1.3029,0.3840,0.0531,0.395906,0.418032,0.022127,0
9915,75.3215,80.9131,0.9309,1.0742,1.4938,0.0404,0.304985,0.305365,0.000380,1
9916,58.4387,52.4288,1.1146,0.8972,0.8087,0.0537,0.528686,0.528700,0.000014,1
9917,42.1253,34.6866,1.2145,0.8234,0.3744,0.0328,0.300041,0.302549,0.002507,0
9918,50.8780,68.5054,0.7427,1.3465,0.7523,0.0311,0.466721,0.466800,0.000079,0
9919,26.8282,36.0120,0.7450,1.3423,0.9272,0.0454,0.492210,0.492236,0.000026,0
9920,79.6814,61.0964,1.3042,0.7668,1.4808,0.0597,0.417159,0.418025,0.000866,0
9921,72.6408,55.3830,1.3116,0.7624,1.1869,0.0487,0.341839,0.342364,0.000525,0
9922,30.2744,30.9263,0.9789,1.0215,0.2306,0.0374,0.536987,0.537187,0.000200,1
9923,40.2997,53.5372,0.7527,1.3285,1.4497,0.0499,0.270768,0.270834,0.000066,0
9924,72.2764,56.9039,1.2701,0.7873,0.1014,0.0360,0.474766,0.536572,0.061806,0
9925,31.0599,31.2464,0.9940,1.0060,0.7529,0.0529,0.352472,0.352597,0.000125,1
9926,47.3055,44.3536,1.0666,0.9376,1.2081,0.0490,0.446396,0.446431,0.000035,1
9927,61.3318,43.8848,1.3976,0.7155,0.7927,0.0260,0.150855,0.288230,0.137375,0
9928,44.2183,49.2626,0.8976,1.1141,0.8281,0.0500,0.166761,0.166771,0.000010,1
9929,58.9148,65.9692,0.8931,1.1197,0.4653,0.0500,0.273783,0.273783,0.000000,1
9930,62.1851,58.7723,1.0581,0.9451,0.5330,0.0231,0.267142,0.267139,0.000003,1
9931,32.6328,43.3059,0.7535,1.3271,1.0038,0.0247,0.398054,0.398101,0.000046,0
9932,55.9008,77.5003,0.7213,1.3864,0.2068,0.0593,0.315777,0.300000,0.015777,0
9933,77.3705,78.5358,0.9852,1.0151,0.4405,0.0457,0.470884,0.471055,0.000172,1
9934,60.7752,50.6845,1.1991,0.8340,0.1970,0.0264,0.278861,0.302613,0.023752,0
9935,32.7665,42.9044,0.7637,1.3094,0.1297,0.0344,0.546533,0.305549,0.240984,0
9936,56.7046,52.9869,1.0702,0.9344,0.8047,0.0284,0.260062,0.260062,0.000000,1
9937,53.5368,62.4668,0.8570,1.1668,1.1884,0.0483,0.526843,0.526954,0.000111,1
9938,34.4218,38.7604,0.8881,1.1260,0.6541,0.0526,0.288322,0.288326,0.000004,1
9939,49.8215,69.2541,0.7194,1.3900,1.0412,0.0486,0.191053,0.202137,0.011083,0
9940,46.0787,42.8076,1.0764,0.9290,0.5883,0.0437,0.237551,0.237559,0.000007,1
9941,75.1476,85.4091,0.8799,1.1366,1.4458,0.0398,0.172694,0.174699,0.002006,1
9942,78.9947,86.6394,0.9118,1.0968,0.9668,0.0551,0.505919,0.506783,0.000864,1
9943,74.4444,101.1941,0.7357,1.3593,0.5182,0.0272,0.220473,0.300000,0.079527,0
9944,35.9911,31.7884,1.1322,0.8832,0.7867,0.0449,0.508165,0.508171,0.000006,1
9945,33.0045,43.7083,0.7551,1.3243,0.4436,0.0464,0.415035,0.415811,0.000776,0
9946,44.9654,58.8844,0.7636,1.3095,1.2746,0.0201,0.391939,0.391954,0.000015,0
9947,26.5792,25.8376,1.0287,0.9721,0.8142,0.0501,0.255033,0.255048,0.000015,1
9948,41.6181,48.5245,0.8577,1.1659,1.4874,0.0472,0.526830,0.526950,0.000120,1
9949,60.6122,79.9807,0.7578,1.3195,0.9735,0.0206,0.323650,0.324980,0.001330,0
9950,60.4346,48.2121,1.2535,0.7978,0.9766,0.0479,0.484617,0.484672,0.000054,0
9951,20.2875,18.5938,1.0911,0.9165,1.2192,0.0250,0.250162,0.250166,0.000004,1
9952,57.1514,64.9128,0.8804,1.1358,1.1058,0.0323,0.479991,0.480085,0.000095,1
9953,30.2762,35.5521,0.8516,1.1743,0.5257,0.0259,0.342083,0.342093,0.000009,1
9954,38.9355,41.9956,0.9271,1.0786,0.7240,0.0266,0.422958,0.423071,0.000113,1
9955,61.0297,76.0818,0.8022,1.2466,0.6383,0.0517,0.429110,0.429522,0.000412,0
9956,63.5969,67.1511,0.9471,1.0559,1.1730,0.0223,0.497667,0.497756,0.000089,1
9957,35.1598,37.6024,0.9350,1.0695,0.4649,0.0352,0.383052,0.383048,0.000004,1
9958,33.9476,28.2785,1.2005,0.8330,0.2150,0.0262,0.176380,0.299857,0.123477,0
9959,39.7742,52.7269,0.7543,1.3257,0.9076,0.0431,0.307024,0.307229,0.000205,0
9960,25.4512,22.8495,1.1139,0.8978,0.3864,0.0351,0.253922,0.253987,0.000066,1
9961,36.5679,29.1481,1.2546,0.7971,0.9138,0.0347,0.371747,0.371851,0.000103,0
9962,31.9443,36.2996,0.8800,1.1363,1.2859,0.0388,0.494017,0.494115,0.000098,1
9963,78.3520,60.8822,1.2869,0.7770,1.2629,0.0238,0.168983,0.186304,0.017322,0
9964,43.1031,60.1197,0.7170,1.3948,0.3655,0.0359,0.268094,0.352349,0.084255,0
9965,65.9078,54.6495,1.2060,0.8292,0.1126,0.0231,0.299138,0.361390,0.062253,0
9966,25.8760,22.6140,1.1442,0.8739,1.2931,0.0311,0.386030,0.386041,0.000011,1
9967,50.3397,64.9372,0.7752,1.2900,0.2818,0.0289,0.164307,0.300000,0.135693,0
9968,77.8576,89.7999,0.8670,1.1534,1.4574,0.0221,0.419320,0.420865,0.001545,1
9969,60.6543,48.2993,1.2558,0.7963,0.9238,0.0398,0.248074,0.249999,0.001924,0
9970,40.9607,33.8326,1.2107,0.8260,0.2783,0.0545,0.449411,0.449811,0.000400,0
9971,71.9706,77.4395,0.9294,1.0760,1.3181,0.0233,0.379902,0.380135,0.000233,1
9972,76.4641,59.8449,1.2777,0.7827,1.2360,0.0361,0.186708,0.199897,0.013189,0
9973,63.7361,85.8578,0.7423,1.3471,1.2503,0.0507,0.254386,0.258189,0.003804,0
9974,54.6556,52.2585,1.0459,0.9561,1.3124,0.0213,0.250858,0.250859,0.000001,1
9975,67.3141,48.7506,1.3808,0.7242,1.3463,0.0425,0.254886,0.262266,0.007380,0
9976,31.9938,27.2176,1.1755,0.8507,0.6382,0.0452,0.528088,0.528094,0.000006,0
9977,45.6630,46.1410,0.9896,1.0105,0.4359,0.0247,0.465781,0.465926,0.000145,1
9978,22.6679,22.4011,1.0119,0.9882,0.9095,0.0511,0.179176,0.179202,0.000026,1
9979,22.2211,23.3676,0.9509,1.0516,1.2353,0.0576,0.299321,0.299472,0.000151,1
9980,27.9818,31.5583,0.8867,1.1278,0.9806,0.0419,0.309148,0.309155,0.000007,1
9981,78.8391,81.4480,0.9680,1.0331,1.2175,0.0317,0.260794,0.260997,0.000202,1
9982,72.9301,51.4452,1.4176,0.7054,0.7077,0.0347,0.379695,0.384694,0.004999,0
9983,51.3285,61.3277,0.8370,1.1948,0.5708,0.0436,0.479075,0.479073,0.000002,0
9984,42.6527,52.2511,0.8163,1.2250,1.0013,0.0225,0.396236,0.396236,0.000000,0
9985,63.3680,45.1793,1.4026,0.7130,1.4965,0.0523,0.390486,0.391238,0.000752,0
9986,59.3249,56.7269,1.0458,0.9562,0.9079,0.0411,0.383198,0.383205,0.000007,1
9987,32.5248,43.6365,0.7454,1.3416,1.0434,0.0340,0.229824,0.231434,0.001610,0
9988,40.1752,39.7220,1.0114,0.9887,0.9696,0.0398,0.324664,0.324773,0.000110,1
9989,33.7736,37.2202,0.9074,1.1021,0.2994,0.0525,0.405220,0.405216,0.000004,1
9990,37.1557,40.9300,0.9078,1.1016,1.0653,0.0554,0.441952,0.442077,0.000125,1
9991,33.2572,28.1838,1.1800,0.8474,1.1237,0.0426,0.462387,0.462412,0.000025,0
9992,65.7576,49.9159,1.3174,0.7591,0.6084,0.0265,0.255460,0.273453,0.017993,0
9993,65.9938,65.9290,1.0010,0.9990,0.9959,0.0524,0.229104,0.229135,0.000031,1
9994,72.1189,64.0319,1.1263,0.8879,0.9281,0.0311,0.185206,0.185528,0.000322,1
9995,23.0543,23.8591,0.9663,1.0349,0.4401,0.0329,0.521899,0.522042,0.000143,1
9996,31.5012,39.4791,0.7979,1.2533,0.6718,0.0243,0.332769,0.332874,0.000105,0
9997,34.0080,34.1606,0.9955,1.0045,1.1422,0.0221,0.544702,0.544790,0.000088,1
9998,44.7237,48.2779,0.9264,1.0795,0.3156,0.0261,0.406734,0.406729,0.000005,1
9999,36.6228,48.4359,0.7561,1.3226,0.7809,0.0572,0.463450,0.463483,0.000033,0
