tick,S,K,C,r,T,ref_iv,fpga_iv,iv_err_bps,ref_delta,fpga_delta,ref_vega,fpga_vega,ref_gamma,fpga_gamma,latency_cyc
0,1.011110,1.000000,0.011435,0.052500,0.005915,0.062627,0.138829,762.0211,0.990882,0.660091,0.001912,0.028490,5.048333,0.711736,230
1,1.010442,1.000000,0.010767,0.052500,0.005915,0.059321,0.130784,714.6327,0.990542,0.659776,0.001973,0.028481,5.506755,1.509623,230
2,1.009774,1.000000,0.010218,0.052500,0.005915,0.080001,0.127286,472.8526,0.948916,0.657810,0.008147,0.028525,16.886583,-1.728658,230
3,1.009108,1.000000,0.009597,0.052500,0.005915,0.080809,0.120975,401.6620,0.934722,0.656716,0.009873,0.028540,20.285027,-0.781805,230
4,1.008442,1.000000,0.008945,0.052500,0.005915,0.077617,0.113467,358.4968,0.928307,0.655988,0.010606,0.028544,22.718069,0.345848,230
5,1.007777,1.000000,0.008471,0.052500,0.005915,0.087634,0.112671,250.3732,0.884720,0.652276,0.015070,0.028640,28.627084,1.335195,230
6,1.007113,1.000000,0.007747,0.052500,0.005915,0.078555,0.102379,238.2396,0.890214,0.652461,0.014544,0.028615,30.861237,-1.042255,230
7,1.006450,1.000000,0.007202,0.052500,0.005915,0.080828,0.098794,179.6634,0.861565,0.649325,0.017097,0.028690,35.304937,0.466109,230
8,1.005788,1.000000,0.006691,0.052500,0.005915,0.083469,0.096396,129.2655,0.829110,0.645050,0.019640,0.028796,39.324745,-1.867398,230
9,1.005127,1.000000,0.006036,0.052500,0.005915,0.077946,0.088576,106.3026,0.818023,0.643171,0.020423,0.028831,43.848208,0.588072,230
10,1.004466,1.000000,0.005585,0.052500,0.005915,0.081450,0.088216,67.6619,0.777610,0.636149,0.023015,0.029006,47.349944,-1.238696,230
11,1.003807,1.000000,0.004997,0.052500,0.005915,0.077956,0.082685,47.2858,0.754452,0.631181,0.024298,0.029118,52.298240,-1.944728,230
12,1.003148,1.000000,0.004475,0.052500,0.005915,0.076556,0.079418,28.6171,0.722261,0.623211,0.025868,0.029299,56.770367,1.802472,230
13,1.002490,1.000000,0.004000,0.052500,0.005915,0.076100,0.077580,14.7956,0.684738,0.611915,0.027398,0.029540,60.568050,-1.834512,230
14,1.001834,1.000000,0.003539,0.052500,0.005915,0.075235,0.075848,6.1280,0.645484,0.597218,0.028671,0.029821,64.193317,-0.409951,230
15,1.001177,1.000000,0.003098,0.052500,0.005915,0.074171,0.074370,1.9873,0.603951,0.577465,0.029669,0.030137,67.470340,-1.627081,230
16,1.000522,1.000000,0.002690,0.052500,0.005915,0.073292,0.073322,0.2988,0.559829,0.550451,0.030352,0.030452,69.942466,-1.323126,230
17,0.999868,1.000000,0.002328,0.052500,0.005915,0.072959,0.072946,0.1275,0.513801,0.513343,0.030659,0.030661,71.065596,0.333803,230
18,0.999214,1.000000,0.001961,0.052500,0.005915,0.071423,0.071442,0.1901,0.466607,0.462453,0.030550,0.030522,72.430593,0.833867,230
19,0.998562,1.000000,0.001659,0.052500,0.005915,0.071004,0.071145,1.4076,0.419185,0.393941,0.030007,0.029549,71.655446,0.593215,230
20,0.997910,1.000000,0.001371,0.052500,0.005915,0.069966,0.070595,6.2867,0.371291,0.322273,0.029010,0.027526,70.395082,1.465688,230
21,0.997259,1.000000,0.001115,0.052500,0.005915,0.068941,0.070000,10.5869,0.324026,0.263999,0.027570,0.025073,67.985157,1.246246,230
22,0.996609,1.000000,0.000906,0.052500,0.005915,0.068446,0.070145,16.9943,0.279716,0.211681,0.025788,0.022193,64.134234,-0.446062,230
23,0.995960,1.000000,0.000743,0.052500,0.005915,0.068655,0.071358,27.0261,0.240306,0.166063,0.023828,0.019095,59.156943,1.089598,230
24,0.995311,1.000000,0.000586,0.052500,0.005915,0.068053,0.071977,39.2384,0.201569,0.127452,0.021531,0.015980,53.995829,-1.456176,230
25,0.994664,1.000000,0.000429,0.052500,0.005915,0.066108,0.071621,55.1336,0.161382,0.096080,0.018717,0.013064,48.384323,0.649758,230
26,0.994017,1.000000,0.000345,0.052500,0.005915,0.066708,0.077829,111.2082,0.134228,0.071991,0.016533,0.010566,42.407827,0.156965,230
27,0.993371,1.000000,0.000247,0.052500,0.005915,0.065322,0.087688,223.6639,0.103907,0.055783,0.013787,0.008798,36.161573,-1.853028,230
28,0.992726,1.000000,0.000179,0.052500,0.005915,0.064587,0.109851,452.6353,0.080046,0.048960,0.011355,0.008265,30.161975,0.357561,230
29,0.992082,1.000000,0.000133,0.052500,0.005915,0.064602,0.137929,733.2750,0.062381,0.054712,0.009370,0.009849,24.913912,1.837760,230
30,0.991438,1.000000,0.000097,0.052500,0.005915,0.064544,0.154608,900.6401,0.047740,0.078875,0.007579,0.015094,20.196331,-0.077812,230
31,0.990796,1.000000,0.000068,0.052500,0.005915,0.064137,0.157313,931.7611,0.035210,0.130878,0.005917,0.026538,15.888530,-0.590901,230
32,1.031578,1.000000,0.032065,0.052500,0.008653,0.139691,0.228352,911.4601,0.992535,0.837237,0.001979,0.023612,1.538679,-0.686211,230
33,1.030187,1.000000,0.030687,0.052500,0.008653,0.140014,0.314611,745.8589,0.989962,0.726108,0.002562,0.031911,1.993000,-1.845429,230
34,1.024664,1.000000,0.025134,0.052500,0.008653,0.104259,0.215238,598.7858,0.994826,0.744138,0.001421,0.030660,1.500120,0.053944,230
35,1.022607,1.000000,0.023197,0.052500,0.008653,0.129326,0.198402,463.9268,0.971422,0.752762,0.006216,0.030049,5.312363,1.021880,230
36,1.021924,1.000000,0.022467,0.052500,0.008653,0.117731,0.189396,365.0039,0.978683,0.757561,0.004858,0.029714,4.566501,1.426074,230
37,1.019199,1.000000,0.019873,0.052500,0.008653,0.124149,0.165654,316.7431,0.954661,0.776202,0.009041,0.028347,8.102120,-0.753391,230
38,1.017842,1.000000,0.018562,0.052500,0.008653,0.121917,0.152943,312.1956,0.945764,0.789531,0.010416,0.027323,9.531221,0.401898,230
39,1.016488,1.000000,0.017274,0.052500,0.008653,0.120522,0.211668,300.4101,0.933818,0.660123,0.012157,0.034641,11.282980,0.392399,230
40,1.015813,1.000000,0.016645,0.052500,0.008653,0.120420,0.195006,261.3631,0.926021,0.659328,0.013236,0.034648,12.311140,0.720203,230
41,1.015138,1.000000,0.015983,0.052500,0.008653,0.117571,0.177450,220.5183,0.922318,0.658773,0.013729,0.034647,13.096095,1.090041,230
42,1.014464,1.000000,0.015342,0.052500,0.008653,0.116027,0.162420,189.9388,0.915913,0.658018,0.014566,0.034653,14.097709,1.480896,230
43,1.013120,1.000000,0.014142,0.052500,0.008653,0.117077,0.153577,159.1494,0.893259,0.655635,0.017341,0.034698,16.677712,-1.680854,230
44,1.012449,1.000000,0.013570,0.052500,0.008653,0.118311,0.149985,106.4535,0.879198,0.654053,0.018928,0.034734,18.037800,-1.223933,230
45,1.011779,1.000000,0.012813,0.052500,0.008653,0.109399,0.140619,81.6298,0.885020,0.654279,0.018266,0.034703,18.849734,-0.586276,230
46,1.011110,1.000000,0.012090,0.052500,0.008653,0.102240,0.132281,57.7775,0.887677,0.654208,0.017952,0.034683,19.849412,0.101149,230
47,1.010442,1.000000,0.011487,0.052500,0.008653,0.101509,0.127645,43.8494,0.875529,0.652763,0.019291,0.034713,21.512129,0.760272,230
48,1.009774,1.000000,0.010918,0.052500,0.008653,0.102006,0.124058,31.1923,0.859420,0.650769,0.020965,0.034763,23.295763,1.458005,230
49,1.009108,1.000000,0.010310,0.052500,0.008653,0.100198,0.119192,19.9944,0.847589,0.649108,0.022119,0.034800,25.054666,-1.718991,230
50,1.008442,1.000000,0.009730,0.052500,0.008653,0.099259,0.115174,11.3709,0.832553,0.646890,0.023508,0.034856,26.915088,-0.828321,230
51,1.007113,1.000000,0.008577,0.052500,0.008653,0.096566,0.107211,5.8280,0.800713,0.641594,0.026171,0.034994,30.881052,1.313329,230
52,1.006450,1.000000,0.008051,0.052500,0.008653,0.096502,0.104665,2.2495,0.779753,0.637659,0.027738,0.035103,32.795019,-1.479945,230
53,1.005788,1.000000,0.007605,0.052500,0.008653,0.098641,0.104419,0.7850,0.752730,0.631936,0.029557,0.035264,34.233159,-0.284373,230
54,1.005127,1.000000,0.007022,0.052500,0.008653,0.095604,0.099989,0.1169,0.735838,0.627747,0.030575,0.035371,36.584920,1.438128,230
55,1.004466,1.000000,0.006472,0.052500,0.008653,0.093337,0.096456,0.0183,0.715649,0.622254,0.031687,0.035511,38.887255,-0.624494,230
56,1.003807,1.000000,0.005982,0.052500,0.008653,0.092525,0.094524,0.0079,0.690960,0.614735,0.032897,0.035700,40.780196,1.449502,230
57,1.003148,1.000000,0.005538,0.052500,0.008653,0.092602,0.093739,1745.9654,0.663475,0.605046,0.034055,0.035928,42.236642,-0.306695,391
58,1.002490,1.000000,0.005095,0.052500,0.008653,0.092151,0.092734,1109.7909,0.635878,0.593638,0.035022,0.036173,43.705824,-1.664442,391
59,1.001834,1.000000,0.004659,0.052500,0.008653,0.091380,0.091605,690.7629,0.607651,0.579947,0.035815,0.036429,45.131643,1.442337,391
60,1.001177,1.000000,0.004165,0.052500,0.008653,0.088489,0.088567,716.6526,0.580147,0.564128,0.036401,0.036673,47.430102,1.696186,391
61,1.000522,1.000000,0.003776,0.052500,0.008653,0.087974,0.087986,415.0524,0.549107,0.542937,0.036847,0.036914,48.355772,1.894532,391
62,0.999868,1.000000,0.003388,0.052500,0.008653,0.086911,0.086909,310.2643,0.517504,0.516805,0.037069,0.037072,49.306198,-1.061397,391
63,0.999214,1.000000,0.003013,0.052500,0.008653,0.085640,0.085641,0.1344,0.484983,0.483998,0.037054,0.037051,50.083607,0.802111,230
64,0.998562,1.000000,0.002704,0.052500,0.008653,0.085556,0.085569,1.7663,0.452322,0.443638,0.036791,0.036686,49.842064,-1.686652,230
65,0.997910,1.000000,0.002389,0.052500,0.008653,0.084707,0.084884,8.5516,0.419198,0.393511,0.036270,0.035705,49.693085,0.300389,230
66,0.997259,1.000000,0.002087,0.052500,0.008653,0.083602,0.084457,25.3718,0.385658,0.331931,0.035477,0.033673,49.313713,1.483827,230
67,0.996609,1.000000,0.001773,0.052500,0.008653,0.081455,0.083992,37.6334,0.350274,0.264257,0.034347,0.030321,49.065605,-1.439107,230
68,0.995960,1.000000,0.001537,0.052500,0.008653,0.080896,0.084659,51.0586,0.317787,0.220555,0.033034,0.027471,47.577628,0.011606,230
69,0.995311,1.000000,0.001302,0.052500,0.008653,0.079652,0.084758,72.0150,0.284572,0.181313,0.031409,0.024406,46.004727,0.943090,230
70,0.994664,1.000000,0.001132,0.052500,0.008653,0.079813,0.087014,94.5698,0.255971,0.146892,0.029769,0.021277,43.570873,1.707891,230
71,0.994017,1.000000,0.000949,0.052500,0.008653,0.078874,0.088331,121.5612,0.225917,0.117300,0.027795,0.018215,41.218888,-1.389892,230
72,0.993371,1.000000,0.000767,0.052500,0.008653,0.077119,0.089275,174.9906,0.194826,0.092637,0.025462,0.015367,38.669436,-0.004593,230
73,0.992726,1.000000,0.000636,0.052500,0.008653,0.076583,0.094082,272.5682,0.169156,0.072990,0.023293,0.012893,35.669016,-1.762432,230
74,0.992082,1.000000,0.000532,0.052500,0.008653,0.076467,0.103724,426.8905,0.146807,0.058665,0.021209,0.011000,32.569079,1.833105,230
75,0.991438,1.000000,0.000435,0.052500,0.008653,0.075959,0.118648,623.5624,0.125255,0.050390,0.019011,0.010003,29.427764,-0.477580,230
76,0.990796,1.000000,0.000350,0.052500,0.008653,0.075374,0.137730,790.8789,0.105547,0.049615,0.016822,0.010400,26.274601,0.486257,230
77,0.990154,1.000000,0.000272,0.052500,0.008653,0.074326,0.153414,870.1289,0.086600,0.058788,0.014534,0.012981,23.050470,-1.396425,230
78,0.989513,1.000000,0.000214,0.052500,0.008653,0.073735,0.160748,870.5862,0.071137,0.081783,0.012513,0.018981,20.030263,0.806263,230
79,0.988873,1.000000,0.000168,0.052500,0.008653,0.073382,0.160441,836.3801,0.058294,0.124321,0.010712,0.030264,17.253257,-0.465379,230
80,0.988234,1.000000,0.000129,0.052500,0.008653,0.072833,0.156471,2266.0101,0.046814,0.194533,0.008994,0.049575,14.614177,1.332019,230
81,0.987596,1.000000,0.000107,0.052500,0.008653,0.073399,0.300000,2266.0101,0.039354,0.000000,0.007812,0.000000,12.611921,0.000000,230
82,0.986958,1.000000,0.000084,0.052500,0.008653,0.073399,0.300000,486.8719,0.031954,0.000000,0.006582,0.000000,10.638899,0.000000,230
83,1.034369,1.000000,0.035027,0.052500,0.011390,0.141420,0.210254,469.3538,0.988875,0.855302,0.003229,0.025131,1.873400,-1.321289,230
84,1.032972,1.000000,0.033615,0.052500,0.011390,0.131834,0.276703,376.1166,0.990741,0.730972,0.002747,0.036385,1.714370,1.683983,230
85,1.026039,1.000000,0.026698,0.052500,0.011390,0.112562,0.196444,312.6675,0.985938,0.754133,0.003923,0.034488,2.906281,-0.205129,230
86,1.024664,1.000000,0.025268,0.052500,0.011390,0.083383,0.181921,281.1490,0.997519,0.762234,0.000843,0.033822,0.845312,0.411412,230
87,1.022607,1.000000,0.023284,0.052500,0.011390,0.103970,0.165290,251.7847,0.980966,0.774915,0.005067,0.032738,4.091252,1.453315,230
88,1.019199,1.000000,0.020093,0.052500,0.011390,0.115637,0.141009,196.8398,0.944700,0.804214,0.012152,0.030063,8.881925,-0.313940,230
89,1.016488,1.000000,0.017500,0.052500,0.011390,0.111343,0.160030,168.1319,0.923994,0.659585,0.015513,0.039767,11.838645,0.289069,230
90,1.015813,1.000000,0.016804,0.052500,0.011390,0.106704,0.153639,150.3903,0.924481,0.659309,0.015427,0.039753,12.301256,0.637903,230
91,1.015138,1.000000,0.016361,0.052500,0.011390,0.116516,0.154128,127.0110,0.896622,0.656939,0.019479,0.039831,14.242850,0.898067,230
92,1.013792,1.000000,0.015106,0.052500,0.011390,0.113693,0.144960,97.4904,0.881834,0.655018,0.021410,0.039862,16.085785,1.663893,230
93,1.013120,1.000000,0.014493,0.052500,0.011390,0.112619,0.140734,84.9868,0.872905,0.653845,0.022518,0.039886,17.102078,-1.911291,230
94,1.012449,1.000000,0.013881,0.052500,0.011390,0.111335,0.136513,65.3100,0.863786,0.652592,0.023605,0.039913,18.158703,-1.448933,230
95,1.011110,1.000000,0.012672,0.052500,0.011390,0.108699,0.128383,51.0031,0.843687,0.649677,0.025857,0.039982,20.427967,-0.399221,230
96,1.010442,1.000000,0.012108,0.052500,0.011390,0.108538,0.125351,36.6258,0.829991,0.647623,0.027290,0.040040,21.620436,0.170834,230
97,1.009774,1.000000,0.011460,0.052500,0.011390,0.105026,0.120065,28.0739,0.822962,0.646326,0.027985,0.040067,22.942247,0.880218,230
98,1.009108,1.000000,0.010884,0.052500,0.011390,0.103940,0.116641,19.2160,0.809690,0.644085,0.029255,0.040130,24.266127,1.596802,230
99,1.008442,1.000000,0.010462,0.052500,0.011390,0.107502,0.117251,12.3264,0.785400,0.639764,0.031414,0.040273,25.226509,-1.790400,230
100,1.007777,1.000000,0.009796,0.052500,0.011390,0.102885,0.111384,6.9448,0.778008,0.638087,0.032011,0.040310,26.895677,-0.795236,230
101,1.007113,1.000000,0.009315,0.052500,0.011390,0.103773,0.110304,3.8428,0.757890,0.633797,0.033574,0.040444,28.003990,0.058825,230
102,1.006450,1.000000,0.008776,0.052500,0.011390,0.102534,0.107634,1.6739,0.741400,0.629828,0.034744,0.040561,29.369172,1.111282,230
103,1.005788,1.000000,0.008322,0.052500,0.011390,0.103400,0.107063,0.4950,0.719952,0.624216,0.036137,0.040730,30.330733,-1.862380,230
104,1.005127,1.000000,0.007712,0.052500,0.011390,0.099604,0.102411,0.0742,0.706306,0.620133,0.036937,0.040839,32.225908,-0.355714,230
105,1.004466,1.000000,0.007234,0.052500,0.011390,0.099110,0.101032,0.0327,0.685502,0.613460,0.038056,0.041025,33.411637,1.058365,230
106,1.003807,1.000000,0.006750,0.052500,0.011390,0.098105,0.099338,0.1104,0.664674,0.605962,0.039045,0.041222,34.676094,-1.301087,230
107,1.003148,1.000000,0.006345,0.052500,0.011390,0.098743,0.099437,0.0530,0.640685,0.596184,0.040027,0.041463,35.365714,0.313081,230
108,1.002490,1.000000,0.005803,0.052500,0.011390,0.095600,0.095984,0.6590,0.620769,0.586892,0.040712,0.041666,37.202207,-1.259725,230
109,1.001834,1.000000,0.005387,0.052500,0.011390,0.095192,0.095359,2.7964,0.596483,0.574107,0.041402,0.041916,38.044456,1.006774,230
110,1.001177,1.000000,0.005016,0.052500,0.011390,0.095498,0.095547,9.7408,0.571121,0.558604,0.041948,0.042166,38.473354,-0.631788,230
111,1.000522,1.000000,0.004607,0.052500,0.011390,0.094479,0.094486,27.4588,0.546224,0.540907,0.042313,0.042375,39.278104,-1.644067,230
112,0.999868,1.000000,0.004166,0.052500,0.011390,0.092310,0.092307,48.8432,0.520821,0.519855,0.042514,0.042518,40.444251,-1.840772,230
113,0.999214,1.000000,0.003850,0.052500,0.011390,0.092669,0.092680,886.6071,0.494392,0.494163,0.042540,0.042539,40.364967,1.351907,552
114,0.998562,1.000000,0.003442,0.052500,0.011390,0.090465,0.090460,1448.6942,0.467200,0.462931,0.042372,0.042332,41.239629,-1.926495,391
115,0.997910,1.000000,0.003101,0.052500,0.011390,0.089372,0.089438,838.8221,0.439637,0.425404,0.042001,0.041742,41.432055,-1.522572,391
116,0.997259,1.000000,0.002838,0.052500,0.011390,0.089722,0.090002,985.3783,0.413167,0.382941,0.041451,0.040618,40.783182,1.722211,391
117,0.996609,1.000000,0.002490,0.052500,0.011390,0.087575,0.088549,613.2000,0.384078,0.328341,0.040629,0.038440,41.007806,-1.995552,391
118,0.995960,1.000000,0.002221,0.052500,0.011390,0.086870,0.089616,253.7233,0.356607,0.269054,0.039636,0.035083,40.382534,-0.591145,391
119,0.995311,1.000000,0.001979,0.052500,0.011390,0.086363,0.091247,66.3451,0.329819,0.221841,0.038461,0.031602,39.467073,0.015274,230
120,0.994664,1.000000,0.001757,0.052500,0.011390,0.085902,0.092537,83.6134,0.303692,0.187326,0.037113,0.028556,38.338132,-1.317346,230
121,0.994017,1.000000,0.001521,0.052500,0.011390,0.084589,0.092950,111.2483,0.276264,0.156361,0.035478,0.025428,37.266738,1.189134,230
122,0.993371,1.000000,0.001352,0.052500,0.011390,0.084614,0.095739,143.6943,0.252777,0.129092,0.033887,0.022328,35.631584,-0.267744,230
123,0.992726,1.000000,0.001182,0.052500,0.011390,0.084180,0.098549,176.4625,0.229179,0.105545,0.032107,0.019362,33.977560,-1.500686,230
124,0.992082,1.000000,0.000986,0.052500,0.011390,0.082362,0.100008,240.5891,0.202715,0.085749,0.029883,0.016641,32.364047,1.689395,230
125,0.991438,1.000000,0.000856,0.052500,0.011390,0.082131,0.106190,330.6718,0.181848,0.069782,0.027943,0.014293,30.388109,1.532915,230
126,0.990796,1.000000,0.000726,0.052500,0.011390,0.081380,0.114447,465.9224,0.160734,0.057946,0.025806,0.012497,28.358974,-1.646874,230
127,0.990154,1.000000,0.000622,0.052500,0.011390,0.081101,0.127693,617.9693,0.142369,0.050726,0.023790,0.011495,26.267674,0.588827,230
128,0.989513,1.000000,0.000505,0.052500,0.011390,0.079671,0.141468,766.5954,0.121963,0.049081,0.021368,0.011664,24.048160,0.918611,230
129,0.988873,1.000000,0.000440,0.052500,0.011390,0.080094,0.156754,843.2516,0.108465,0.054513,0.019646,0.013561,22.021431,0.352404,230
130,0.988234,1.000000,0.000362,0.052500,0.011390,0.079366,0.163691,856.2215,0.093005,0.069286,0.017549,0.018012,19.877813,0.385478,230
131,0.987596,1.000000,0.000297,0.052500,0.011390,0.078768,0.164390,829.6915,0.079353,0.096635,0.015574,0.026208,17.796781,-0.816785,230
132,0.986958,1.000000,0.000245,0.052500,0.011390,0.078427,0.161396,2220.0701,0.067749,0.141102,0.013791,0.039865,15.848742,-0.137203,230
133,0.986321,1.000000,0.000200,0.052500,0.011390,0.077993,0.300000,2231.1701,0.057209,0.000000,0.012079,0.000000,13.976790,0.000000,230
134,0.985685,1.000000,0.000155,0.052500,0.011390,0.076883,0.300000,2229.7101,0.046462,0.000000,0.010231,0.000000,12.024684,0.000000,230
135,0.985050,1.000000,0.000129,0.052500,0.011390,0.077029,0.300000,2237.4901,0.039599,0.000000,0.008986,0.000000,10.554465,0.000000,230
136,0.984416,1.000000,0.000100,0.052500,0.011390,0.076251,0.300000,2233.8301,0.031976,0.000000,0.007536,0.000000,8.953900,0.000000,230
137,0.983782,1.000000,0.000084,0.052500,0.011390,0.076617,0.300000,2234.4701,0.027281,0.000000,0.006601,0.000000,7.815664,0.000000,230
138,0.983150,1.000000,0.000068,0.052500,0.011390,0.076553,0.300000,50.6701,0.022605,0.000000,0.005635,0.000000,6.685438,0.000000,230
139,0.926544,1.000000,0.000081,0.052500,0.011390,0.294933,0.300000,319.3911,0.008446,0.000000,0.002273,0.000000,0.788261,0.000000,230
140,1.042836,1.000000,0.043595,0.052500,0.014128,0.132975,0.249696,275.0708,0.996621,0.821511,0.001262,0.032354,0.617766,1.263553,230
141,1.034369,1.000000,0.035284,0.052500,0.014128,0.148810,0.242912,276.7816,0.975074,0.736272,0.007168,0.040171,3.186476,1.519148,230
142,1.032972,1.000000,0.033912,0.052500,0.014128,0.147296,0.232547,250.9666,0.971543,0.739682,0.007996,0.039850,3.600833,1.828318,230
143,1.029494,1.000000,0.030525,0.052500,0.014128,0.144329,0.207371,227.9357,0.959608,0.750232,0.010629,0.038865,4.918029,-1.247179,230
144,1.026039,1.000000,0.027128,0.052500,0.014128,0.135833,0.181033,197.6072,0.950134,0.765953,0.012551,0.037392,6.212545,-0.012117,230
145,1.024664,1.000000,0.025764,0.052500,0.014128,0.131261,0.170034,187.5227,0.947056,0.774481,0.013146,0.036574,6.751620,0.600008,230
146,1.023292,1.000000,0.024444,0.052500,0.014128,0.129421,0.160301,137.2776,0.939746,0.783981,0.014537,0.035636,7.592479,1.280868,230
147,1.022607,1.000000,0.023880,0.052500,0.014128,0.134158,0.158578,118.7243,0.927360,0.787651,0.016791,0.035259,8.471137,1.624654,230
148,1.020559,1.000000,0.021889,0.052500,0.014128,0.128425,0.143533,101.2611,0.917645,0.807798,0.018433,0.033152,9.754061,-1.111404,230
149,1.019199,1.000000,0.020580,0.052500,0.014128,0.124970,0.134209,87.1781,0.909484,0.825020,0.019756,0.031227,10.772025,-0.170633,230
150,1.018520,1.000000,0.020047,0.052500,0.014128,0.128774,0.134313,73.0891,0.895255,0.830699,0.021975,0.030556,11.643141,0.292725,230
151,1.017842,1.000000,0.019334,0.052500,0.014128,0.123979,0.129360,59.0358,0.895757,0.830864,0.021884,0.030517,12.059556,0.751155,230
152,1.017164,1.000000,0.018716,0.052500,0.014128,0.123348,0.127886,46.8484,0.888520,0.827611,0.022953,0.030870,12.730019,1.222341,230
153,1.016488,1.000000,0.018185,0.052500,0.014128,0.126070,0.158009,35.4542,0.874582,0.655673,0.024930,0.044482,13.546019,0.011353,230
154,1.015813,1.000000,0.017694,0.052500,0.014128,0.129714,0.157221,26.5215,0.858449,0.653707,0.027076,0.044547,14.317926,0.253906,230
155,1.015138,1.000000,0.016879,0.052500,0.014128,0.120931,0.148609,19.1030,0.865214,0.654099,0.026169,0.044499,14.863397,0.651651,230
156,1.014464,1.000000,0.016271,0.052500,0.014128,0.119870,0.144967,13.2194,0.857038,0.652900,0.027222,0.044526,15.618905,0.989428,230
157,1.013792,1.000000,0.015650,0.052500,0.014128,0.118180,0.140974,8.4237,0.849652,0.651752,0.028140,0.044551,16.397864,1.360613,230
158,1.013120,1.000000,0.015116,0.052500,0.014128,0.119299,0.139060,688.3437,0.836114,0.649788,0.029762,0.044613,17.203209,1.714439,552
159,1.012449,1.000000,0.014391,0.052500,0.014128,0.113778,0.132530,4.9810,0.835578,0.649392,0.029805,0.044602,18.088280,-1.788625,230
160,1.011110,1.000000,0.013320,0.052500,0.014128,0.114746,0.128474,2.7684,0.808198,0.644923,0.032803,0.044746,19.792010,-0.910056,230
161,1.010442,1.000000,0.012743,0.052500,0.014128,0.113524,0.125396,1.0176,0.797157,0.642853,0.033910,0.044808,20.707620,-0.380267,230
162,1.009774,1.000000,0.012180,0.052500,0.014128,0.112503,0.122629,0.5335,0.785097,0.640464,0.035061,0.044882,21.633134,0.189080,230
163,1.009108,1.000000,0.011571,0.052500,0.014128,0.110006,0.118724,941.0217,0.775368,0.638371,0.035940,0.044942,22.708649,0.860483,391
164,1.008442,1.000000,0.010996,0.052500,0.014128,0.108285,0.115594,852.5146,0.763374,0.635699,0.036975,0.045025,23.765719,1.571264,391
165,1.007777,1.000000,0.010468,0.052500,0.014128,0.107609,0.113513,630.4229,0.748594,0.632239,0.038179,0.045137,24.726107,-1.694534,391
166,1.007113,1.000000,0.009941,0.052500,0.014128,0.106698,0.111383,0.1892,0.733595,0.628429,0.039315,0.045259,25.713069,-0.880516,230
167,1.006450,1.000000,0.009460,0.052500,0.014128,0.106701,0.110246,0.1037,0.716264,0.623681,0.040528,0.045412,26.540635,-0.042350,230
168,1.005788,1.000000,0.008954,0.052500,0.014128,0.105792,0.108444,8.5455,0.699947,0.618740,0.041570,0.045564,27.493213,0.932713,230
169,1.005127,1.000000,0.008462,0.052500,0.014128,0.104956,0.106866,0.0695,0.682823,0.613061,0.042565,0.045734,28.413073,-1.998237,230
170,1.004466,1.000000,0.007970,0.052500,0.014128,0.103874,0.105196,0.1168,0.665382,0.606682,0.043477,0.045917,29.362506,-0.791717,230
171,1.003807,1.000000,0.007505,0.052500,0.014128,0.103143,0.103985,1.0927,0.646752,0.599175,0.044342,0.046120,30.198418,0.508969,230
172,1.003148,1.000000,0.007047,0.052500,0.014128,0.102295,0.102793,3.7923,0.627638,0.590582,0.045113,0.046336,31.018869,1.965747,230
173,1.002490,1.000000,0.006597,0.052500,0.014128,0.101325,0.101602,451.9960,0.608011,0.580707,0.045784,0.046560,31.823622,-0.399048,391
174,1.001834,1.000000,0.006166,0.052500,0.014128,0.100511,0.100613,387.7287,0.587607,0.569211,0.046356,0.046789,32.524720,1.399358,391
175,1.001177,1.000000,0.005796,0.052500,0.014128,0.100676,0.100729,308.8009,0.566042,0.555396,0.046823,0.047016,32.841578,-0.821400,391
176,1.000522,1.000000,0.005334,0.052500,0.014128,0.098595,0.098614,244.2046,0.545264,0.540289,0.047138,0.047201,33.804685,1.678094,391
177,0.999868,1.000000,0.004944,0.052500,0.014128,0.097754,0.097744,10.6156,0.523235,0.522066,0.047333,0.047340,34.280876,0.144916,230
178,0.999214,1.000000,0.004582,0.052500,0.014128,0.097161,0.098016,151.0811,0.500777,0.500723,0.047382,0.047382,34.571250,-1.250639,391
179,0.998562,1.000000,0.004193,0.052500,0.014128,0.095704,0.095697,92.3904,0.477816,0.475681,0.047278,0.047263,35.066295,1.914769,391
180,0.997910,1.000000,0.003890,0.052500,0.014128,0.095725,0.095737,55.3899,0.455013,0.446930,0.047019,0.046900,34.912076,0.594581,391
181,0.997259,1.000000,0.003562,0.052500,0.014128,0.094869,0.094978,53.8126,0.431721,0.413122,0.046595,0.046163,34.954963,-0.321432,391
182,0.996609,1.000000,0.003214,0.052500,0.014128,0.093249,0.093628,25.8571,0.407488,0.372617,0.045982,0.044827,35.140194,-0.946387,234
183,0.995960,1.000000,0.002912,0.052500,0.014128,0.092264,0.093326,58.7342,0.383595,0.326937,0.045203,0.042710,34.959168,1.528852,234
184,0.995311,1.000000,0.002643,0.052500,0.014128,0.091645,0.094231,77.5518,0.360205,0.276683,0.044269,0.039592,34.512927,-1.364026,234
185,0.994664,1.000000,0.002368,0.052500,0.014128,0.090512,0.096385,45.3830,0.336141,0.220257,0.043129,0.035029,34.089806,-1.948447,394
186,0.994017,1.000000,0.002133,0.052500,0.014128,0.089909,0.097664,98.4068,0.313203,0.188928,0.041869,0.031951,33.359020,1.776533,230
187,0.993371,1.000000,0.001910,0.052500,0.014128,0.089244,0.099085,122.8400,0.290554,0.160826,0.040453,0.028828,32.513428,1.356285,230
188,0.992726,1.000000,0.001701,0.052500,0.014128,0.088518,0.100802,153.1465,0.268248,0.135689,0.038888,0.025717,31.552880,0.941444,230
189,0.992082,1.000000,0.001512,0.052500,0.014128,0.087902,0.103217,195.0286,0.246782,0.113545,0.037215,0.022702,30.446035,0.652864,230
190,0.991438,1.000000,0.001355,0.052500,0.014128,0.087788,0.107291,245.2663,0.227313,0.094383,0.035548,0.019866,29.158078,0.611123,230
191,0.990796,1.000000,0.001192,0.052500,0.014128,0.087114,0.111641,311.8598,0.207191,0.078304,0.033673,0.017315,27.869806,0.968600,230
192,0.990154,1.000000,0.001036,0.052500,0.014128,0.086204,0.117390,408.0874,0.187229,0.065365,0.031650,0.015156,26.506028,1.884691,230
193,0.989513,1.000000,0.000906,0.052500,0.014128,0.085684,0.126493,532.2653,0.169239,0.055842,0.029678,0.013554,25.037728,-0.404006,230
194,0.988873,1.000000,0.000789,0.052500,0.014128,0.085190,0.138417,663.5594,0.152284,0.050183,0.027682,0.012728,23.520328,-1.573440,230
195,0.988234,1.000000,0.000672,0.052500,0.014128,0.084247,0.150603,775.1292,0.135043,0.049120,0.025509,0.012999,21.944806,-1.157428,230
196,0.987596,1.000000,0.000568,0.052500,0.014128,0.083314,0.160827,840.9439,0.118883,0.053766,0.023328,0.014823,20.319478,1.514801,230
197,0.986958,1.000000,0.000510,0.052500,0.014128,0.083928,0.168022,848.5035,0.108115,0.065753,0.021787,0.018860,18.862402,-0.590334,230
198,0.986321,1.000000,0.000426,0.052500,0.014128,0.082967,0.167817,825.2630,0.094004,0.087310,0.019662,0.026021,17.242221,1.864699,230
199,0.985685,1.000000,0.000355,0.052500,0.014128,0.082136,0.164662,784.7372,0.081361,0.121424,0.017641,0.037552,15.646982,-1.284096,230
200,0.985050,1.000000,0.000303,0.052500,0.014128,0.081938,0.160412,2184.7801,0.071386,0.171996,0.015960,0.055133,14.207852,0.434782,230
201,0.984416,1.000000,0.000254,0.052500,0.014128,0.081522,0.300000,2186.4101,0.061835,0.000000,0.014271,0.000000,12.785777,0.000000,230
202,0.983782,1.000000,0.000216,0.052500,0.014128,0.081359,0.300000,2189.6601,0.053785,0.000000,0.012780,0.000000,11.488006,0.000000,230
203,0.983150,1.000000,0.000180,0.052500,0.014128,0.081034,0.300000,2191.4401,0.046237,0.000000,0.011321,0.000000,10.230182,0.000000,230
204,0.982518,1.000000,0.000151,0.052500,0.014128,0.080856,0.300000,2197.8501,0.039792,0.000000,0.010021,0.000000,9.087334,0.000000,230
205,0.981887,1.000000,0.000122,0.052500,0.014128,0.080215,0.300000,2197.6801,0.033283,0.000000,0.008653,0.000000,7.919417,0.000000,230
206,0.981257,1.000000,0.000103,0.052500,0.014128,0.080232,0.300000,2196.8101,0.028617,0.000000,0.007631,0.000000,6.991677,0.000000,230
207,0.980627,1.000000,0.000087,0.052500,0.014128,0.080319,0.300000,2199.8601,0.024611,0.000000,0.006723,0.000000,6.161298,0.000000,230
208,0.979999,1.000000,0.000071,0.052500,0.014128,0.080014,0.300000,1167.2114,0.020595,0.000000,0.005782,0.000000,5.325599,0.000000,552
209,1.093561,1.000000,0.094499,0.052500,0.016866,0.267638,0.492409,267.4051,0.995552,0.837480,0.001850,0.034912,0.342704,-1.668511,230
210,1.072841,1.000000,0.073733,0.052500,0.016866,0.179387,0.384177,240.8294,0.998921,0.821150,0.000503,0.036414,0.144416,-0.989617,230
211,1.069090,1.000000,0.070000,0.052500,0.016866,0.191537,0.354919,217.5698,0.996869,0.834746,0.001320,0.034502,0.357505,-0.780665,230
212,1.064623,1.000000,0.065543,0.052500,0.016866,0.187329,0.318818,199.4170,0.995636,0.855096,0.001771,0.031505,0.494463,-0.533597,230
213,1.060193,1.000000,0.061130,0.052500,0.016866,0.184236,0.283186,163.3077,0.993647,0.880877,0.002463,0.027419,0.705123,-0.341967,230
214,1.057992,1.000000,0.059024,0.052500,0.016866,0.203787,0.270638,158.2520,0.985249,0.895177,0.005129,0.024987,1.333180,-0.293795,230
215,1.057260,1.000000,0.058216,0.052500,0.016866,0.183039,0.262355,138.4602,0.991610,0.901513,0.003138,0.023873,0.909413,-0.301214,230
216,1.052891,1.000000,0.053974,0.052500,0.016866,0.197374,0.303117,121.4810,0.980207,0.793084,0.006562,0.039065,1.778218,0.057721,230
217,1.051443,1.000000,0.052448,0.052500,0.016866,0.179551,0.289584,99.6914,0.986128,0.799171,0.004835,0.038324,1.444079,0.221194,230
218,1.050720,1.000000,0.051725,0.052500,0.016866,0.177334,0.283964,90.4694,0.986035,0.802120,0.004859,0.037958,1.471596,0.303867,230
219,1.049999,1.000000,0.051010,0.052500,0.016866,0.176496,0.278521,75.4924,0.985320,0.805163,0.005069,0.037577,1.544625,0.388118,230
220,1.047122,1.000000,0.048219,0.052500,0.016866,0.181841,0.258579,60.2048,0.977200,0.818402,0.007356,0.035882,2.187361,0.741191,230
221,1.045689,1.000000,0.046758,0.052500,0.016866,0.173360,0.246146,50.5534,0.979072,0.826936,0.006833,0.034761,2.137149,0.930100,230
222,1.044261,1.000000,0.045328,0.052500,0.016866,0.168763,0.234481,39.1648,0.978689,0.836164,0.006929,0.033513,2.232350,1.119403,230
223,1.042836,1.000000,0.043990,0.052500,0.016866,0.175239,0.225993,31.2919,0.970842,0.845334,0.009000,0.032230,2.799990,1.304772,230
224,1.041416,1.000000,0.042589,0.052500,0.016866,0.172638,0.215175,23.8201,0.968607,0.856536,0.009555,0.030612,3.025751,1.481043,230
225,1.039999,1.000000,0.041095,0.052500,0.016866,0.159392,0.200716,18.1201,0.974279,0.870610,0.008084,0.028491,2.780287,1.625791,230
226,1.038586,1.000000,0.039817,0.052500,0.016866,0.168802,0.195549,13.0171,0.962327,0.882375,0.011069,0.026623,3.604512,1.749482,230
227,1.036473,1.000000,0.037695,0.052500,0.016866,0.160760,0.239090,9.1394,0.961531,0.738445,0.011237,0.043795,3.857817,1.203432,230
228,1.035771,1.000000,0.037005,0.052500,0.016866,0.159460,0.234330,5.9579,0.959962,0.740041,0.011601,0.043627,4.020531,1.338106,230
229,1.034369,1.000000,0.035697,0.052500,0.016866,0.161939,0.226655,3.5428,0.951481,0.742951,0.013526,0.043315,4.628535,1.616907,230
230,1.032972,1.000000,0.034264,0.052500,0.016866,0.154274,0.215524,1.9550,0.952869,0.747445,0.013197,0.042859,4.753401,1.944836,230
231,1.031578,1.000000,0.032976,0.052500,0.016866,0.156654,0.208190,0.7335,0.943156,0.751168,0.015296,0.042466,5.440196,-1.716929,230
232,1.029494,1.000000,0.030882,0.052500,0.016866,0.148256,0.192573,0.3143,0.941241,0.759723,0.015668,0.041589,5.911998,-1.104168,230
233,1.028801,1.000000,0.030229,0.052500,0.016866,0.148092,0.188555,0.0759,0.937238,0.762502,0.016486,0.041297,6.235850,-0.885513,230
234,1.028109,1.000000,0.029570,0.052500,0.016866,0.147382,0.184348,0.0165,0.933727,0.765582,0.017186,0.040974,6.540932,-0.652780,230
235,1.027418,1.000000,0.028965,0.052500,0.016866,0.149505,0.181655,783.2979,0.926251,0.768197,0.018647,0.040692,7.005487,-0.418981,391
236,1.026039,1.000000,0.027544,0.052500,0.016866,0.141772,0.170174,748.6964,0.926950,0.777229,0.018487,0.039737,7.343859,0.144307,391
237,1.024664,1.000000,0.026307,0.052500,0.016866,0.143275,0.163958,647.1583,0.914078,0.784976,0.020875,0.038884,8.227795,0.728725,391
238,1.023292,1.000000,0.024987,0.052500,0.016866,0.139963,0.155314,612.5020,0.907332,0.795789,0.022053,0.037672,8.921699,1.408385,391
239,1.022607,1.000000,0.024361,0.052500,0.016866,0.139682,0.152062,515.3567,0.901517,0.801345,0.023048,0.037029,9.355389,1.768117,391
240,1.021924,1.000000,0.023750,0.052500,0.016866,0.139799,0.149305,443.1677,0.894779,0.807163,0.024169,0.036343,9.815451,-1.856967,391
241,1.020559,1.000000,0.022410,0.052500,0.016866,0.134797,0.140369,404.6264,0.889116,0.823642,0.025066,0.034334,10.585356,-1.027750,391
242,1.019879,1.000000,0.021661,0.052500,0.016866,0.129060,0.134127,369.6557,0.891692,0.829340,0.024630,0.033602,10.878102,-0.622057,391
243,1.019199,1.000000,0.021033,0.052500,0.016866,0.128124,0.132484,321.4981,0.885783,0.826650,0.025567,0.033916,11.389940,-0.245501,391
244,1.018520,1.000000,0.020400,0.052500,0.016866,0.126816,0.130604,284.0165,0.880241,0.824009,0.026423,0.034220,11.908351,0.154703,391
245,1.017842,1.000000,0.019787,0.052500,0.016866,0.126139,0.129304,206.8266,0.873223,0.820587,0.027480,0.034615,12.467974,0.573487,391
246,1.017164,1.000000,0.019308,0.052500,0.016866,0.129885,0.132100,153.5079,0.857657,0.812544,0.029735,0.035551,13.119223,0.963863,391
247,1.016488,1.000000,0.018544,0.052500,0.016866,0.123682,0.150423,123.7964,0.860213,0.654290,0.029352,0.048674,13.618017,-0.131949,391
248,1.015813,1.000000,0.017967,0.052500,0.016866,0.123706,0.147789,95.0646,0.850759,0.652925,0.030655,0.048713,14.238621,0.135290,391
249,1.015138,1.000000,0.017377,0.052500,0.016866,0.123108,0.144865,55.7206,0.842099,0.651582,0.031801,0.048750,14.862246,0.426252,391
250,1.014464,1.000000,0.016749,0.052500,0.016866,0.121136,0.141078,50.6732,0.835717,0.650459,0.032612,0.048775,15.510214,0.755386,391
251,1.013792,1.000000,0.016373,0.052500,0.016866,0.126427,0.142758,43.5978,0.814976,0.647328,0.035147,0.048900,16.037394,0.988384,391
252,1.013120,1.000000,0.015586,0.052500,0.016866,0.119631,0.135456,37.8809,0.816932,0.647285,0.034892,0.048870,16.847934,1.445752,391
253,1.012449,1.000000,0.015033,0.052500,0.016866,0.119379,0.133225,31.6457,0.805897,0.645312,0.036150,0.048935,17.515488,1.815975,391
254,1.011779,1.000000,0.014461,0.052500,0.016866,0.118403,0.130551,22.1522,0.795829,0.643377,0.037244,0.048997,18.218374,-1.772731,391
255,1.011110,1.000000,0.014028,0.052500,0.016866,0.120868,0.130837,1057.4274,0.778792,0.640098,0.039003,0.049121,18.714389,-1.419924,552
256,1.010442,1.000000,0.013338,0.052500,0.016866,0.116505,0.125552,1100.3286,0.774158,0.638905,0.039440,0.049144,19.658532,-0.856271,552
257,1.009774,1.000000,0.012827,0.052500,0.016866,0.116540,0.124089,1066.3040,0.760754,0.635937,0.040698,0.049249,20.306237,-0.376161,552
258,1.009108,1.000000,0.012389,0.052500,0.016866,0.118087,0.124107,1020.2512,0.744279,0.632073,0.042144,0.049390,20.780149,0.081129,552
259,1.008442,1.000000,0.011814,0.052500,0.016866,0.116124,0.121179,767.3813,0.733581,0.629226,0.043013,0.049481,21.595534,0.705271,552
260,1.007777,1.000000,0.011384,0.052500,0.016866,0.117327,0.121243,727.8561,0.717072,0.624703,0.044279,0.049640,22.032030,1.240613,552
261,1.007113,1.000000,0.010843,0.052500,0.016866,0.115781,0.118910,657.1845,0.704644,0.620921,0.045153,0.049763,22.797187,1.949281,552
262,1.006450,1.000000,0.010355,0.052500,0.016866,0.115226,0.117608,507.5362,0.690163,0.616237,0.046102,0.049915,23.419067,-1.334325,552
263,1.005788,1.000000,0.009836,0.052500,0.016866,0.113776,0.115588,0.0835,0.676492,0.611420,0.046924,0.050064,24.172120,-0.499098,230
264,1.005127,1.000000,0.009336,0.052500,0.016866,0.112571,0.113873,0.0043,0.661905,0.605900,0.047726,0.050230,24.881379,0.401401,230
265,1.004466,1.000000,0.008844,0.052500,0.016866,0.111320,0.112234,0.1398,0.646815,0.599673,0.048477,0.050408,25.590157,1.392470,230
266,1.003807,1.000000,0.008339,0.052500,0.016866,0.109616,0.110212,0.3782,0.631652,0.592878,0.049149,0.050591,26.383272,-1.469002,230
267,1.003148,1.000000,0.007887,0.052500,0.016866,0.108786,0.109140,1.6417,0.614945,0.584692,0.049801,0.050797,26.972510,-0.307847,230
268,1.002490,1.000000,0.007469,0.052500,0.016866,0.108396,0.108591,4.5208,0.597404,0.575210,0.050384,0.051013,27.422067,0.903116,230
269,1.001834,1.000000,0.007018,0.052500,0.016866,0.107138,0.107211,11.0940,0.580140,0.564887,0.050855,0.051217,28.040149,-1.642824,230
270,1.001177,1.000000,0.006614,0.052500,0.016866,0.106562,0.106593,23.9486,0.561958,0.552773,0.051245,0.051417,28.445119,-0.161333,230
271,1.000522,1.000000,0.006191,0.052500,0.016866,0.105377,0.105385,50.6098,0.543675,0.539199,0.051527,0.051587,28.961293,1.576902,230
272,0.999868,1.000000,0.005821,0.052500,0.016866,0.104975,0.104977,94.5648,0.524749,0.523476,0.051704,0.051714,29.210275,-0.703542,230
273,0.999214,1.000000,0.005386,0.052500,0.016866,0.103073,0.103081,120.2908,0.505637,0.505602,0.051765,0.051765,29.823384,1.559036,230
274,0.998562,1.000000,0.004997,0.052500,0.016866,0.101811,0.101811,147.2620,0.485930,0.484904,0.051704,0.051699,30.196921,-0.149349,230
275,0.997910,1.000000,0.004674,0.052500,0.016866,0.101563,0.101577,179.5675,0.466171,0.461373,0.051516,0.051459,30.200300,1.927467,230
276,0.997259,1.000000,0.004305,0.052500,0.016866,0.100171,0.100209,212.2881,0.445745,0.433837,0.051190,0.050956,30.465849,0.510703,230
277,0.996609,1.000000,0.003990,0.052500,0.016866,0.099533,0.099697,258.1749,0.425507,0.402988,0.050732,0.050100,30.426420,-1.230502,230
278,0.995960,1.000000,0.003661,0.052500,0.016866,0.098367,0.098819,315.8731,0.404694,0.367185,0.050122,0.048714,30.456308,1.125094,230
279,0.995311,1.000000,0.003372,0.052500,0.016866,0.097703,0.098812,425.3721,0.384276,0.327811,0.049382,0.046685,30.250579,-1.168084,552
280,0.994664,1.000000,0.003110,0.052500,0.016866,0.097292,0.099687,413.2384,0.364269,0.285267,0.048522,0.043874,29.887517,-0.313145,552
281,0.994017,1.000000,0.002802,0.052500,0.016866,0.095645,0.100706,267.4689,0.342509,0.234964,0.047433,0.039666,29.758946,-0.119195,552
282,0.993371,1.000000,0.002560,0.052500,0.016866,0.095058,0.104514,403.1578,0.322450,0.188202,0.046282,0.034804,29.253696,1.824541,230
283,0.992726,1.000000,0.002351,0.052500,0.016866,0.094892,0.106921,497.8278,0.303488,0.162454,0.045060,0.031685,28.568367,-1.875071,230
284,0.992082,1.000000,0.002128,0.052500,0.016866,0.094148,0.108874,609.2746,0.283780,0.139186,0.043652,0.028571,27.930860,-1.576643,230
285,0.991438,1.000000,0.001920,0.052500,0.016866,0.093388,0.111345,728.8796,0.264385,0.118392,0.042124,0.025531,27.207563,-1.200002,230
286,0.990796,1.000000,0.001698,0.052500,0.016866,0.091974,0.113203,810.9141,0.243831,0.100147,0.040347,0.022644,26.494593,-0.646986,230
287,0.990154,1.000000,0.001516,0.052500,0.016866,0.091163,0.116980,848.4226,0.225114,0.084409,0.038577,0.019979,25.591160,0.164718,230
288,0.989513,1.000000,0.001346,0.052500,0.016866,0.090344,0.121931,843.5109,0.206915,0.071272,0.036714,0.017630,24.608127,1.351617,230
289,0.988873,1.000000,0.001223,0.052500,0.016866,0.090449,0.130765,814.8001,0.191798,0.060872,0.035052,0.015712,23.496927,-0.946495,230
290,0.988234,1.000000,0.001073,0.052500,0.016866,0.089497,0.139280,2047.8955,0.174556,0.053456,0.033030,0.014377,22.405964,1.457096,713
291,0.987596,1.000000,0.000937,0.052500,0.016866,0.088553,0.149480,1633.8178,0.158023,0.049442,0.030954,0.013836,21.248950,0.822344,713
292,0.986958,1.000000,0.000839,0.052500,0.016866,0.088521,0.161409,1314.8891,0.144765,0.049466,0.029182,0.014386,20.066018,1.513490,713
293,0.986321,1.000000,0.000729,0.052500,0.016866,0.087713,0.168804,989.5032,0.130153,0.054461,0.027120,0.016440,18.843724,0.039944,713
294,0.985685,1.000000,0.000632,0.052500,0.016866,0.086994,0.171836,668.5123,0.116602,0.065707,0.025092,0.020564,17.601927,1.098583,713
295,0.985050,1.000000,0.000567,0.052500,0.016866,0.087239,0.171590,793.1639,0.106445,0.084920,0.023493,0.027522,16.454816,1.634807,713
296,0.984416,1.000000,0.000476,0.052500,0.016866,0.086024,0.167504,769.9682,0.093238,0.114352,0.021312,0.038339,15.157657,-1.085385,230
297,0.983782,1.000000,0.000425,0.052500,0.016866,0.086242,0.163239,2141.6601,0.084538,0.156947,0.019800,0.054383,14.064875,-1.367446,230
298,0.983150,1.000000,0.000367,0.052500,0.016866,0.085834,0.300000,2149.6901,0.075008,0.000000,0.018076,0.000000,12.917440,0.000000,230
299,0.982518,1.000000,0.000308,0.052500,0.016866,0.085031,0.300000,2151.7101,0.065344,0.000000,0.016245,0.000000,11.734236,0.000000,230
300,0.981887,1.000000,0.000267,0.052500,0.016866,0.084829,0.300000,2154.9301,0.057822,0.000000,0.014756,0.000000,10.697439,0.000000,230
301,0.981257,1.000000,0.000228,0.052500,0.016866,0.084507,0.300000,2151.4101,0.050725,0.000000,0.013295,0.000000,9.687420,0.000000,230
302,0.980627,1.000000,0.000202,0.052500,0.016866,0.084859,0.300000,2159.1601,0.045586,0.000000,0.012198,0.000000,8.862509,0.000000,230
303,0.979999,1.000000,0.000167,0.052500,0.016866,0.084084,0.300000,2155.4501,0.038897,0.000000,0.010721,0.000000,7.871276,0.000000,230
304,0.979371,1.000000,0.000147,0.052500,0.016866,0.084455,0.300000,2154.1301,0.034817,0.000000,0.009786,0.000000,7.162501,0.000000,230
305,0.978744,1.000000,0.000128,0.052500,0.016866,0.084587,0.300000,2155.6901,0.030762,0.000000,0.008830,0.000000,6.461280,0.000000,230
306,0.978118,1.000000,0.000109,0.052500,0.016866,0.084431,0.300000,2160.9601,0.026706,0.000000,0.007846,0.000000,5.758905,0.000000,230
307,0.977492,1.000000,0.000090,0.052500,0.016866,0.083904,0.300000,2155.1901,0.022618,0.000000,0.006820,0.000000,5.044105,0.000000,230
308,0.976868,1.000000,0.000080,0.052500,0.016866,0.084481,0.300000,2145.6601,0.020330,0.000000,0.006229,0.000000,4.580790,0.000000,230
309,0.976244,1.000000,0.000073,0.052500,0.016866,0.085434,0.300000,2247.7099,0.018690,0.000000,0.005795,0.000000,4.219985,0.000000,874
310,1.047122,1.000000,0.048555,0.052500,0.025080,0.137544,0.185466,175.9109,0.985564,0.886859,0.006076,0.031845,1.606474,0.616820,230
311,1.041416,1.000000,0.042990,0.052500,0.025080,0.140225,0.168101,162.0119,0.971139,0.890327,0.010867,0.030978,2.849102,1.223856,230
312,1.039999,1.000000,0.041551,0.052500,0.025080,0.134360,0.209061,130.0611,0.972299,0.751599,0.010488,0.052159,2.877586,0.870727,230
313,1.032972,1.000000,0.034804,0.052500,0.025080,0.134254,0.172815,102.3046,0.945015,0.774319,0.018194,0.049145,5.064025,-1.709435,230
314,1.029494,1.000000,0.031313,0.052500,0.025080,0.122967,0.150878,79.0738,0.941789,0.794883,0.018966,0.046338,5.802409,-0.688013,230
315,1.026039,1.000000,0.028007,0.052500,0.025080,0.119134,0.133056,65.5839,0.925307,0.822321,0.022929,0.042292,7.289611,0.538638,230
316,1.024664,1.000000,0.026696,0.052500,0.025080,0.117311,0.126359,58.1971,0.917981,0.836883,0.024582,0.039986,7.957937,1.071557,230
317,1.023292,1.000000,0.025569,0.052500,0.025080,0.121774,0.127342,48.2348,0.898287,0.832560,0.028795,0.040613,9.004048,1.576408,230
318,1.022607,1.000000,0.024736,0.052500,0.025080,0.114059,0.120421,39.9464,0.906510,0.835810,0.027050,0.040076,9.042768,1.869003,230
319,1.021924,1.000000,0.024311,0.052500,0.025080,0.120577,0.124839,32.2130,0.887669,0.827836,0.030892,0.041288,9.781761,-1.868731,230
320,1.021241,1.000000,0.023540,0.052500,0.025080,0.115208,0.119673,25.7589,0.891270,0.829344,0.030158,0.041030,10.007913,-1.546072,230
321,1.020559,1.000000,0.023011,0.052500,0.025080,0.117571,0.121029,14.6997,0.879608,0.823950,0.032405,0.041822,10.551521,-1.246659,230
322,1.019879,1.000000,0.022328,0.052500,0.025080,0.114984,0.118163,10.7859,0.877455,0.822905,0.032790,0.041951,10.931472,-0.901480,230
323,1.019199,1.000000,0.021780,0.052500,0.025080,0.116316,0.118809,7.9172,0.867159,0.817760,0.034658,0.042683,11.437396,-0.570966,230
324,1.017842,1.000000,0.020513,0.052500,0.025080,0.113572,0.115445,5.0067,0.856658,0.812144,0.036455,0.043438,12.353957,0.193170,230
325,1.016488,1.000000,0.019415,0.052500,0.025080,0.114841,0.115962,3.2576,0.836626,0.800692,0.039704,0.044974,13.341622,0.965975,230
326,1.015813,1.000000,0.018777,0.052500,0.025080,0.112991,0.130582,1.9023,0.831297,0.650797,0.040509,0.059536,13.853473,-0.198133,230
327,1.015138,1.000000,0.018147,0.052500,0.025080,0.111251,0.127452,0.9262,0.825448,0.649692,0.041373,0.059565,14.389454,0.084693,230
328,1.013792,1.000000,0.017003,0.052500,0.025080,0.110189,0.123195,0.3593,0.807612,0.646479,0.043903,0.059682,15.457208,0.662804,230
329,1.012449,1.000000,0.015861,0.052500,0.025080,0.108651,0.118881,0.0813,0.789348,0.642878,0.046294,0.059817,16.573663,1.326058,230
330,1.011110,1.000000,0.014702,0.052500,0.025080,0.106259,0.114166,0.0436,0.771327,0.638961,0.048464,0.059965,17.788396,-1.894010,230
331,1.010442,1.000000,0.014250,0.052500,0.025080,0.107438,0.113996,0.0645,0.756909,0.635747,0.050093,0.060106,18.208356,-1.538548,230
332,1.009774,1.000000,0.013600,0.052500,0.025080,0.104521,0.110341,0.0017,0.750303,0.633992,0.050784,0.060163,18.999956,-1.017252,230
333,1.009108,1.000000,0.013096,0.052500,0.025080,0.104364,0.109187,0.0355,0.737770,0.630828,0.052064,0.060294,19.534026,-0.558377,230
334,1.008442,1.000000,0.012559,0.052500,0.025080,0.103432,0.107427,0.0036,0.726343,0.627711,0.053160,0.060419,20.151319,-0.032707,230
335,1.007777,1.000000,0.012063,0.052500,0.025080,0.103106,0.106327,0.3844,0.713370,0.623971,0.054330,0.060570,20.687581,0.502954,230
336,1.007113,1.000000,0.011555,0.052500,0.025080,0.102392,0.104968,1.2671,0.700707,0.620041,0.055395,0.060725,21.268081,1.098962,230
337,1.005788,1.000000,0.010618,0.052500,0.025080,0.101928,0.103398,747.0126,0.672630,0.610380,0.057498,0.061096,22.234355,-1.629671,391
338,1.005127,1.000000,0.010138,0.052500,0.025080,0.101236,0.102315,385.6097,0.658771,0.605008,0.058405,0.061290,22.769299,-0.886676,391
339,1.004466,1.000000,0.009593,0.052500,0.025080,0.099288,0.100080,279.1059,0.646180,0.599695,0.059151,0.061469,23.543792,0.034327,391
340,1.003807,1.000000,0.009192,0.052500,0.025080,0.099634,0.100135,139.2193,0.630113,0.592482,0.060016,0.061707,23.836045,0.815371,391
341,1.003148,1.000000,0.008661,0.052500,0.025080,0.097639,0.097965,90.4816,0.616450,0.585716,0.060658,0.061909,24.615788,1.922288,391
342,1.002490,1.000000,0.008282,0.052500,0.025080,0.097976,0.098166,3.6016,0.599838,0.576820,0.061342,0.062158,24.840244,-1.163735,230
343,1.001834,1.000000,0.007772,0.052500,0.025080,0.096016,0.096109,8.0982,0.584987,0.568073,0.061853,0.062371,25.592057,0.160861,230
344,1.001177,1.000000,0.007367,0.052500,0.025080,0.095594,0.095630,17.2684,0.568390,0.557353,0.062321,0.062598,25.933674,1.367795,230
345,1.000522,1.000000,0.006963,0.052500,0.025080,0.095000,0.095008,33.0243,0.551616,0.545398,0.062682,0.062802,26.281007,-1.296516,230
346,0.999868,1.000000,0.006553,0.052500,0.025080,0.094131,0.094127,55.6769,0.534631,0.531994,0.062932,0.062967,26.664583,0.211215,391
347,0.999214,1.000000,0.006203,0.052500,0.025080,0.094020,0.094026,63.6175,0.517185,0.516682,0.063071,0.063074,26.789748,1.645871,391
348,0.998562,1.000000,0.005833,0.052500,0.025080,0.093417,0.093417,42.6183,0.499644,0.499602,0.063088,0.063088,27.005115,-0.694721,391
349,0.997910,1.000000,0.005483,0.052500,0.025080,0.092944,0.092940,44.6507,0.481921,0.480286,0.062982,0.062970,27.132563,1.022545,391
350,0.997259,1.000000,0.005068,0.052500,0.025080,0.091245,0.091245,48.5102,0.463506,0.457850,0.062742,0.062654,27.568169,-0.728217,230
351,0.996609,1.000000,0.004772,0.052500,0.025080,0.091227,0.091265,59.0627,0.445609,0.433462,0.062378,0.062087,27.449801,0.943286,230
352,0.995960,1.000000,0.004456,0.052500,0.025080,0.090706,0.090833,68.6671,0.427399,0.405779,0.061879,0.061160,27.422147,-1.212914,230
353,0.995311,1.000000,0.004082,0.052500,0.025080,0.089030,0.089390,81.8525,0.407919,0.372700,0.061200,0.059653,27.667897,1.074308,230
354,0.994664,1.000000,0.003826,0.052500,0.025080,0.089062,0.089872,96.5238,0.390140,0.339212,0.060444,0.057665,27.351462,-1.725582,230
355,0.994017,1.000000,0.003498,0.052500,0.025080,0.087702,0.089429,113.4170,0.370576,0.298679,0.059466,0.054623,27.362198,-0.306446,230
356,0.993371,1.000000,0.003249,0.052500,0.025080,0.087437,0.090739,133.4493,0.352599,0.258263,0.058426,0.050850,27.000136,-0.176836,230
357,0.992726,1.000000,0.003006,0.052500,0.025080,0.087078,0.091929,156.1599,0.334679,0.226121,0.057254,0.047283,26.601807,-1.739695,230
358,0.992082,1.000000,0.002758,0.052500,0.025080,0.086392,0.092298,191.4908,0.316332,0.202249,0.055912,0.044281,26.219133,-0.121970,230
359,0.991438,1.000000,0.002490,0.052500,0.025080,0.085115,0.091982,232.7190,0.296850,0.179950,0.054330,0.041193,25.892750,1.419713,230
360,0.990796,1.000000,0.002281,0.052500,0.025080,0.084668,0.092853,285.0507,0.279370,0.159333,0.052761,0.038077,25.310615,-1.068346,230
361,0.990154,1.000000,0.002079,0.052500,0.025080,0.084118,0.093770,451.4100,0.261977,0.140351,0.051061,0.034970,24.687272,0.444434,230
362,0.989513,1.000000,0.001890,0.052500,0.025080,0.083588,0.094930,668.5920,0.245002,0.123051,0.049263,0.031924,24.000013,-1.999665,230
363,0.988873,1.000000,0.001714,0.052500,0.025080,0.083084,0.096429,762.7299,0.228515,0.107438,0.047380,0.028987,23.252861,-0.361367,230
364,0.988234,1.000000,0.001538,0.052500,0.025080,0.082330,0.097946,827.9492,0.211778,0.093517,0.045328,0.026207,22.478323,1.399648,230
365,0.987596,1.000000,0.001408,0.052500,0.025080,0.082341,0.101490,868.1580,0.197742,0.081307,0.043488,0.023640,21.590866,-0.671354,230
366,0.986958,1.000000,0.001265,0.052500,0.025080,0.081831,0.105103,34.5844,0.182752,0.070834,0.041405,0.021346,20.711609,1.475502,391
367,0.986321,1.000000,0.001123,0.052500,0.025080,0.081055,0.109560,31.7887,0.167525,0.062196,0.039156,0.019406,19.799864,-0.091903,391
368,0.985050,1.000000,0.000902,0.052500,0.025080,0.080398,0.125539,24.9298,0.141581,0.051024,0.034987,0.017018,17.882281,1.985909,391
369,0.983782,1.000000,0.000714,0.052500,0.025080,0.079684,0.146543,18.7314,0.118002,0.049801,0.030799,0.017691,15.923538,-1.423025,391
370,0.983150,1.000000,0.000630,0.052500,0.025080,0.079249,0.155522,11.2079,0.106960,0.054022,0.028692,0.019780,14.935087,0.319054,391
371,0.982518,1.000000,0.000546,0.052500,0.025080,0.078526,0.161321,479.2151,0.095756,0.062359,0.026453,0.023517,13.914065,-0.573228,552
372,0.981257,1.000000,0.000424,0.052500,0.025080,0.077979,0.164795,278.7577,0.077894,0.095173,0.022640,0.037988,12.023067,-0.537823,552
373,0.979999,1.000000,0.000321,0.052500,0.025080,0.077240,0.160651,834.1103,0.062031,0.158368,0.018975,0.066722,10.199180,-0.598407,230
374,0.978744,1.000000,0.000246,0.052500,0.025080,0.077002,0.300000,2229.9801,0.049696,0.000000,0.015908,0.000000,8.599260,0.000000,230
375,0.977492,1.000000,0.000189,0.052500,0.025080,0.076849,0.300000,2231.5101,0.039523,0.000000,0.013210,0.000000,7.173385,0.000000,230
376,0.976868,1.000000,0.000169,0.052500,0.025080,0.077183,0.300000,2228.1701,0.035859,0.000000,0.012194,0.000000,6.601339,0.000000,230
377,0.976244,1.000000,0.000147,0.052500,0.025080,0.077062,0.300000,2229.3801,0.031721,0.000000,0.011017,0.000000,5.980932,0.000000,230
378,0.974999,1.000000,0.000112,0.052500,0.025080,0.077050,0.300000,2229.5001,0.024940,0.000000,0.009006,0.000000,4.902776,0.000000,230
379,0.973757,1.000000,0.000089,0.052500,0.025080,0.077724,0.300000,2222.7601,0.020308,0.000000,0.007564,0.000000,4.092335,0.000000,230
380,0.972518,1.000000,0.000073,0.052500,0.025080,0.078716,0.300000,2212.8401,0.016852,0.000000,0.006445,0.000000,3.451723,0.000000,230
381,1.061665,1.000000,0.063160,0.052500,0.027818,0.141168,0.259075,148.9689,0.995542,0.818077,0.002311,0.046775,0.522156,-0.454996,230
382,1.057992,1.000000,0.059516,0.052500,0.027818,0.143724,0.236900,139.1281,0.992337,0.833827,0.003724,0.044007,0.832166,-0.172463,230
383,1.047122,1.000000,0.048795,0.052500,0.027818,0.143172,0.178969,108.2364,0.977324,0.888969,0.009403,0.033093,2.153328,0.585177,230
384,1.043548,1.000000,0.045345,0.052500,0.027818,0.145364,0.170219,96.8187,0.966416,0.889171,0.013000,0.032937,2.952198,0.961630,230
385,1.036473,1.000000,0.038461,0.052500,0.027818,0.138506,0.182870,87.7902,0.947975,0.767325,0.018401,0.052830,4.445780,1.565045,230
386,1.032972,1.000000,0.035142,0.052500,0.027818,0.137224,0.166633,76.0955,0.932234,0.781229,0.022561,0.050848,5.539035,-1.645282,230
387,1.030187,1.000000,0.032244,0.052500,0.027818,0.123748,0.147586,65.9616,0.936001,0.799976,0.021525,0.048107,5.891809,-0.833678,230
388,1.026039,1.000000,0.028349,0.052500,0.027818,0.121303,0.129613,56.8544,0.911951,0.833689,0.027340,0.042701,7.696281,0.548211,230
389,1.022607,1.000000,0.025311,0.052500,0.027818,0.122562,0.126175,48.1840,0.880062,0.824408,0.034106,0.044061,9.566128,1.754127,230
390,1.021924,1.000000,0.024679,0.052500,0.027818,0.121637,0.124803,39.8514,0.875158,0.822019,0.035055,0.044410,9.920432,-1.970476,230
391,1.020559,1.000000,0.023465,0.052500,0.027818,0.120840,0.123160,33.4611,0.862648,0.815571,0.037396,0.045349,10.681299,-1.389909,230
392,1.019199,1.000000,0.022200,0.052500,0.027818,0.118293,0.120036,27.1471,0.852625,0.810114,0.039169,0.046112,11.459128,-0.735829,230
393,1.015813,1.000000,0.019276,0.052500,0.027818,0.115948,0.130845,20.9109,0.814999,0.648644,0.045224,0.062842,13.588235,-0.383106,230
394,1.015138,1.000000,0.018606,0.052500,0.027818,0.113272,0.127185,16.2985,0.811121,0.647744,0.045778,0.062858,14.098260,-0.098931,230
395,1.013792,1.000000,0.017553,0.052500,0.027818,0.113817,0.124641,12.7599,0.790452,0.643821,0.048669,0.063023,14.956532,0.413700,230
396,1.013120,1.000000,0.016972,0.052500,0.027818,0.112736,0.122418,9.0775,0.782394,0.642087,0.049718,0.063088,15.445909,0.719420,230
397,1.012449,1.000000,0.016331,0.052500,0.027818,0.110392,0.119171,6.6582,0.776521,0.640692,0.050449,0.063132,16.027040,1.076919,230
398,1.011779,1.000000,0.015804,0.052500,0.027818,0.110192,0.117802,4.2911,0.766025,0.638357,0.051732,0.063231,16.486162,1.403622,230
399,1.011110,1.000000,0.015258,0.052500,0.027818,0.109488,0.116084,2.7909,0.756203,0.636027,0.052874,0.063327,16.980849,1.764578,230
400,1.010442,1.000000,0.014706,0.052500,0.027818,0.108553,0.114238,1.7072,0.746476,0.633594,0.053951,0.063427,17.499255,-1.842943,230
401,1.009774,1.000000,0.014174,0.052500,0.027818,0.107877,0.112695,0.7208,0.735902,0.630826,0.055068,0.063542,17.997069,-1.432041,230
402,1.009108,1.000000,0.013683,0.052500,0.027818,0.107793,0.111778,0.3477,0.723916,0.627544,0.056267,0.063682,18.427742,-1.017842,230
403,1.008442,1.000000,0.013127,0.052500,0.027818,0.106419,0.109765,0.0962,0.713890,0.624557,0.057208,0.063802,19.002680,-0.519847,230
404,1.007777,1.000000,0.012617,0.052500,0.027818,0.105745,0.108460,0.0557,0.702250,0.620947,0.058242,0.063949,19.495180,-0.016283,230
405,1.007113,1.000000,0.012200,0.052500,0.027818,0.106505,0.108596,0.0437,0.687977,0.616276,0.059427,0.064144,19.776028,0.443333,230
406,1.006450,1.000000,0.011705,0.052500,0.027818,0.105786,0.107416,0.0346,0.675809,0.611929,0.060354,0.064314,20.247715,1.016668,230
407,1.005788,1.000000,0.011118,0.052500,0.027818,0.103439,0.104715,0.0194,0.665607,0.607994,0.061071,0.064456,20.980617,1.747714,230
408,1.005127,1.000000,0.010703,0.052500,0.027818,0.103771,0.104679,0.1117,0.651178,0.602188,0.062018,0.064673,21.265729,-1.657054,230
409,1.004466,1.000000,0.010184,0.052500,0.027818,0.102272,0.102938,0.7868,0.638860,0.596764,0.062744,0.064859,21.859004,-0.867632,230
410,1.003807,1.000000,0.009783,0.052500,0.027818,0.102522,0.102951,2.0308,0.624065,0.589829,0.063535,0.065091,22.109287,-0.175689,230
411,1.003148,1.000000,0.009331,0.052500,0.027818,0.101800,0.102079,4.8818,0.610122,0.582682,0.064188,0.065309,22.524631,0.662911,230
412,1.002490,1.000000,0.008879,0.052500,0.027818,0.100942,0.101113,10.2023,0.595962,0.574816,0.064764,0.065527,22.950147,1.587033,230
413,1.001834,1.000000,0.008453,0.052500,0.027818,0.100350,0.100422,19.5532,0.581244,0.565953,0.065273,0.065747,23.297357,-1.446495,230
414,1.001177,1.000000,0.007963,0.052500,0.027818,0.098617,0.098652,36.3260,0.566929,0.556501,0.065677,0.065947,23.884644,-0.225413,230
415,1.000522,1.000000,0.007611,0.052500,0.027818,0.098833,0.098843,56.1913,0.551128,0.545151,0.066025,0.066146,23.990361,0.771965,230
416,0.999868,1.000000,0.007207,0.052500,0.027818,0.098102,0.098096,67.9919,0.535603,0.532882,0.066264,0.066303,24.288301,-1.989754,230
417,0.999214,1.000000,0.006765,0.052500,0.027818,0.096629,0.096633,81.6127,0.519903,0.519210,0.066403,0.066409,24.742478,-0.491392,230
418,0.997910,1.000000,0.005992,0.052500,0.027818,0.094890,0.094887,93.9096,0.487232,0.486260,0.066365,0.066360,25.247418,-1.426132,230
419,0.997259,1.000000,0.005701,0.052500,0.027818,0.095206,0.095204,109.7217,0.470925,0.467105,0.066179,0.066130,25.126100,-0.139263,230
420,0.996609,1.000000,0.005293,0.052500,0.027818,0.093581,0.093592,130.8397,0.453721,0.444722,0.065866,0.065675,25.474457,1.831043,230
421,0.995960,1.000000,0.004958,0.052500,0.027818,0.092870,0.092949,148.5475,0.436698,0.420142,0.065433,0.064937,25.533960,-0.480207,230
422,0.995311,1.000000,0.004648,0.052500,0.027818,0.092386,0.092589,443.6409,0.419752,0.392996,0.064882,0.063829,25.484588,1.080588,391
423,0.994664,1.000000,0.004340,0.052500,0.027818,0.091727,0.092215,294.0925,0.402595,0.362752,0.064200,0.062226,25.431261,-1.427743,391
424,0.994017,1.000000,0.004038,0.052500,0.027818,0.090988,0.092008,238.3835,0.385289,0.329194,0.063386,0.059980,25.345701,-0.147985,391
425,0.993371,1.000000,0.003762,0.052500,0.027818,0.090477,0.092432,83.0962,0.368275,0.293274,0.062460,0.057010,25.149129,0.612108,391
426,0.992726,1.000000,0.003481,0.052500,0.027818,0.089674,0.093307,36.1334,0.350859,0.253836,0.061383,0.053039,24.968923,0.847654,391
427,0.992082,1.000000,0.003219,0.052500,0.027818,0.088994,0.094613,31.6642,0.333679,0.219496,0.060188,0.048928,24.702004,-0.258712,391
428,0.991438,1.000000,0.002983,0.052500,0.027818,0.088554,0.095353,23.2042,0.317069,0.197182,0.058905,0.045900,24.327364,1.572455,391
429,0.990796,1.000000,0.002767,0.052500,0.027818,0.088258,0.096419,17.4259,0.300975,0.176361,0.057541,0.042809,23.874588,-0.647541,391
430,0.990154,1.000000,0.002519,0.052500,0.027818,0.087193,0.096584,175.6965,0.283425,0.156993,0.055918,0.039689,23.515028,1.105361,230
431,0.989513,1.000000,0.002311,0.052500,0.027818,0.086606,0.097578,245.3163,0.267136,0.139132,0.054277,0.036588,23.009364,-1.133629,230
432,0.988873,1.000000,0.002147,0.052500,0.027818,0.086665,0.099749,361.7497,0.252760,0.122788,0.052716,0.033549,22.361335,0.666638,230
433,0.988234,1.000000,0.001933,0.052500,0.027818,0.085533,0.100388,541.0617,0.235712,0.107961,0.050735,0.030614,21.834278,-1.462369,230
434,0.987596,1.000000,0.001776,0.052500,0.027818,0.085324,0.102894,640.8569,0.221432,0.094658,0.048953,0.027827,21.146187,0.512415,230
435,0.986321,1.000000,0.001458,0.052500,0.027818,0.084151,0.108683,734.4067,0.192079,0.072666,0.044940,0.022892,19.734139,0.918259,230
436,0.985050,1.000000,0.001192,0.052500,0.027818,0.083239,0.119414,847.8448,0.165319,0.057256,0.040834,0.019257,18.174384,-1.731619,230
437,0.983782,1.000000,0.000972,0.052500,0.027818,0.082564,0.136670,855.3486,0.141319,0.049467,0.036754,0.017702,16.534620,1.150122,230
438,0.983150,1.000000,0.000868,0.052500,0.027818,0.082064,0.146150,807.3367,0.129652,0.049050,0.034624,0.018083,15.691462,1.450415,230
439,0.982518,1.000000,0.000778,0.052500,0.027818,0.081707,0.155148,2201.0201,0.118958,0.051461,0.032580,0.019531,14.848715,-1.453519,230
440,0.981257,1.000000,0.000635,0.052500,0.027818,0.081584,0.166368,2200.4301,0.100906,0.067042,0.028912,0.026910,13.230730,0.093337,230
441,0.979999,1.000000,0.000494,0.052500,0.027818,0.080593,0.166128,2201.7401,0.082614,0.102354,0.024896,0.043334,11.562780,0.440399,230
442,0.978744,1.000000,0.000394,0.052500,0.027818,0.080366,0.161100,2199.3401,0.068475,0.166661,0.021549,0.074243,10.062333,-0.278413,230
443,0.977492,1.000000,0.000307,0.052500,0.027818,0.079898,0.300000,2196.1501,0.055685,0.000000,0.018314,0.000000,8.623933,0.000000,230
444,0.976868,1.000000,0.000275,0.052500,0.027818,0.079957,0.300000,2196.9901,0.050626,0.000000,0.016971,0.000000,7.995844,0.000000,230
445,0.976244,1.000000,0.000243,0.052500,0.027818,0.079826,0.300000,2186.7701,0.045562,0.000000,0.015589,0.000000,7.365863,0.000000,230
446,0.974999,1.000000,0.000195,0.052500,0.027818,0.080066,0.300000,2171.0201,0.037541,0.000000,0.013307,0.000000,6.285152,0.000000,230
447,0.973757,1.000000,0.000156,0.052500,0.027818,0.080385,0.300000,2176.4301,0.030886,0.000000,0.011320,0.000000,5.338999,0.000000,230
448,0.972518,1.000000,0.000121,0.052500,0.027818,0.080301,0.300000,2165.1101,0.024710,0.000000,0.009388,0.000000,4.443450,0.000000,230
449,0.971282,1.000000,0.000102,0.052500,0.027818,0.081323,0.300000,1179.0716,0.020984,0.000000,0.008169,0.000000,3.827994,0.000000,552
450,0.970665,1.000000,0.000102,0.052500,0.027818,0.082898,0.300000,931.7615,0.020632,0.000000,0.008048,0.000000,3.704112,0.000000,552
451,0.970049,1.000000,0.000086,0.052500,0.027818,0.082357,0.300000,357.9691,0.017839,0.000000,0.007107,0.000000,3.296930,0.000000,552
452,0.968820,1.000000,0.000073,0.052500,0.027818,0.083489,0.300000,248.5477,0.015271,0.000000,0.006214,0.000000,2.850709,0.000000,552
453,1.317929,1.000000,0.327621,0.052500,0.030555,1.127049,1.175433,623.4592,0.934211,0.913817,0.029485,0.036343,0.492928,0.547824,391
454,1.312273,1.000000,0.321820,0.052500,0.030555,1.109488,1.155766,656.3846,0.934031,0.910910,0.029420,0.037076,0.503954,0.563711,391
455,1.282549,1.000000,0.292181,0.052500,0.030555,1.044290,1.083997,546.3993,0.928307,0.893787,0.030659,0.041157,0.584128,0.655094,391
456,1.280400,1.000000,0.302856,0.052500,0.030555,1.370212,1.379234,517.7051,0.876656,0.858712,0.045645,0.050139,0.665013,0.667280,391
457,1.279329,1.000000,0.299289,0.052500,0.030555,1.311444,1.326804,491.7694,0.884188,0.858010,0.043624,0.050265,0.665161,0.670077,391
458,1.278259,1.000000,0.300727,0.052500,0.030555,1.364693,1.373933,449.2039,0.875982,0.857306,0.045743,0.050391,0.671377,0.672881,391
459,1.265561,1.000000,0.278046,0.052500,0.030555,1.088801,1.111214,444.6765,0.910046,0.882560,0.035911,0.043616,0.673937,0.712997,391
460,1.204727,1.000000,0.214444,0.052500,0.030555,0.853799,0.878500,392.0678,0.908789,0.868820,0.034538,0.044845,0.912180,0.972783,391
461,1.191581,1.000000,0.201325,0.052500,0.030555,0.819432,0.832041,354.6545,0.904313,0.888060,0.035392,0.039697,0.995538,1.034387,391
462,1.171493,1.000000,0.174238,0.052500,0.030555,0.492000,0.595923,355.5301,0.971418,0.886347,0.013384,0.039450,0.648724,1.174186,391
463,1.167021,1.000000,0.186992,0.052500,0.030555,0.984229,0.985381,329.9033,0.839671,0.836124,0.049701,0.050418,1.213464,1.212273,391
464,1.155554,1.000000,0.165465,0.052500,0.030555,0.723043,0.729652,314.0208,0.888733,0.880534,0.038295,0.040307,1.298094,1.317775,391
465,1.154681,1.000000,0.164585,0.052500,0.030555,0.720310,0.745645,278.6352,0.888382,0.832707,0.038352,0.050555,1.306950,1.319193,391
466,1.134123,1.000000,0.139258,0.052500,0.030555,0.520216,0.540923,251.7747,0.926077,0.889517,0.027755,0.037432,1.357509,1.532681,391
467,1.132443,1.000000,0.142578,0.052500,0.030555,0.659738,0.663432,213.9403,0.874945,0.865365,0.040762,0.042913,1.576735,1.590452,391
468,1.129932,1.000000,0.140089,0.052500,0.030555,0.652546,0.655974,206.6172,0.873281,0.864798,0.041048,0.042941,1.612461,1.624576,391
469,1.120820,1.000000,0.126488,0.052500,0.030555,0.502080,0.536261,240.6537,0.913367,0.839440,0.030924,0.047783,1.604604,1.752119,552
470,1.116726,1.000000,0.119671,0.052500,0.030555,0.380925,0.446969,1017.2800,0.956865,0.860763,0.017882,0.043298,1.231963,1.828532,552
471,1.109433,1.000000,0.112765,0.052500,0.030555,0.382721,0.419594,121.8748,0.946271,0.880141,0.021178,0.038787,1.471322,1.934467,552
472,1.095128,1.000000,0.105888,0.052500,0.030555,0.553539,0.564128,804.9628,0.842335,0.793003,0.046130,0.054703,2.274158,-1.865846,552
473,1.081952,1.000000,0.087834,0.052500,0.030555,0.393611,0.400184,677.6131,0.885420,0.850581,0.036615,0.043989,2.600657,-1.326106,552
474,1.075861,1.000000,0.087136,0.052500,0.030555,0.496101,0.496530,16.3560,0.817281,0.810681,0.049813,0.050921,2.839033,-1.183660,552
475,1.072088,1.000000,0.076052,0.052500,0.030555,0.306172,0.314442,612.9431,0.912667,0.882269,0.029758,0.037013,2.767527,-1.005007,552
476,1.063882,1.000000,0.068191,0.052500,0.030555,0.292471,0.316536,940.9067,0.897635,0.802554,0.033198,0.051661,3.282095,-0.662456,552
477,1.062403,1.000000,0.064065,0.052500,0.030555,0.144623,0.246351,0.9525,0.993255,0.827194,0.003502,0.047490,0.702135,-0.477116,552
478,1.058724,1.000000,0.063296,0.052500,0.030555,0.283939,0.296126,416.9575,0.886260,0.819157,0.035641,0.048705,3.664989,-0.274979,552
479,1.057992,1.000000,0.059668,0.052500,0.030555,0.139577,0.220073,183.3644,0.991540,0.848215,0.004258,0.043467,0.891867,-0.166412,391
480,1.057260,1.000000,0.058997,0.052500,0.030555,0.149522,0.217283,170.4275,0.986266,0.851708,0.006487,0.042769,1.270223,-0.116636,391
481,1.056529,1.000000,0.064679,0.052500,0.030555,0.361035,0.362671,130.0070,0.823376,0.799614,0.047886,0.051763,3.888724,-0.224619,391
482,1.055071,1.000000,0.056791,0.052500,0.030555,0.142133,0.203427,112.6763,0.987281,0.865253,0.006058,0.040004,1.253116,0.020327,391
483,1.054343,1.000000,0.055952,0.052500,0.030555,0.101567,0.195658,392.0202,0.998965,0.871364,0.000641,0.038721,0.185716,0.055183,552
484,1.052167,1.000000,0.064831,0.052500,0.030555,0.430350,0.430445,364.1666,0.768807,0.763374,0.056009,0.056732,3.847480,-0.206546,552
485,1.051443,1.000000,0.053226,0.052500,0.030555,0.143047,0.184743,326.7890,0.981366,0.888628,0.008380,0.034902,1.734176,0.186897,552
486,1.050720,1.000000,0.052522,0.052500,0.030555,0.143658,0.182860,327.2863,0.979655,0.888736,0.009023,0.034854,1.861834,0.246369,552
487,1.049999,1.000000,0.051827,0.052500,0.030555,0.144800,0.181217,456.1903,0.977443,0.888728,0.009838,0.034832,2.016948,0.308247,552
488,1.049278,1.000000,0.051153,0.052500,0.030555,0.147587,0.180266,438.8948,0.973788,0.888348,0.011153,0.034892,2.246389,0.374851,552
489,1.048558,1.000000,0.050418,0.052500,0.030555,0.144536,0.177265,385.4439,0.974583,0.889090,0.010862,0.034704,2.236967,0.434162,552
490,1.047840,1.000000,0.049541,0.052500,0.030555,0.123803,0.169422,297.8211,0.987593,0.892583,0.005888,0.033897,1.417725,0.470446,552
491,1.047122,1.000000,0.048829,0.052500,0.030555,0.123228,0.167117,224.3667,0.986888,0.893050,0.006173,0.033769,1.495193,0.534492,552
492,1.046405,1.000000,0.048152,0.052500,0.030555,0.127431,0.165975,225.1554,0.982978,0.892865,0.007720,0.033787,1.810776,0.606603,552
493,1.045689,1.000000,0.047544,0.052500,0.030555,0.137334,0.167116,198.3734,0.973802,0.891317,0.011110,0.034112,2.421258,0.693776,552
494,1.044975,1.000000,0.046979,0.052500,0.030555,0.147124,0.169561,105.8946,0.962938,0.888889,0.014792,0.034630,3.013260,0.790784,713
495,1.044261,1.000000,0.046243,0.052500,0.030555,0.143844,0.166360,65.7274,0.963976,0.889904,0.014442,0.034381,3.013228,0.858834,713
496,1.043548,1.000000,0.045590,0.052500,0.030555,0.146013,0.165850,4.2870,0.959570,0.889238,0.015856,0.034505,3.263601,0.944640,713
497,1.042836,1.000000,0.044864,0.052500,0.030555,0.143246,0.205592,82.7010,0.960087,0.754564,0.015681,0.057358,3.294277,0.544313,713
498,1.042125,1.000000,0.044042,0.052500,0.030555,0.133841,0.199479,128.3137,0.967405,0.757256,0.013275,0.056979,2.988998,0.659368,230
499,1.041416,1.000000,0.043535,0.052500,0.030555,0.145100,0.199740,119.1575,0.953121,0.757676,0.017832,0.056887,3.708431,0.747154,230
500,1.040707,1.000000,0.042852,0.052500,0.030555,0.144647,0.196418,104.1972,0.950949,0.759517,0.018477,0.056613,3.859972,0.856811,230
501,1.039999,1.000000,0.042163,0.052500,0.030555,0.143772,0.192949,95.8691,0.949181,0.761521,0.018994,0.056317,3.997415,0.971731,230
502,1.038586,1.000000,0.040761,0.052500,0.030555,0.140527,0.185447,85.2109,0.947259,0.766129,0.019536,0.055639,4.217909,1.219379,230
503,1.037881,1.000000,0.040007,0.052500,0.030555,0.136075,0.180543,74.9491,0.949753,0.769152,0.018785,0.055201,4.194164,1.357752,230
504,1.037176,1.000000,0.039417,0.052500,0.030555,0.139878,0.179085,64.9240,0.941875,0.770792,0.021066,0.054944,4.581786,1.482098,230
505,1.036473,1.000000,0.038786,0.052500,0.030555,0.141274,0.176739,56.1768,0.936740,0.772947,0.022493,0.054615,4.850367,1.616930,230
506,1.035771,1.000000,0.038001,0.052500,0.030555,0.135528,0.171081,46.4242,0.940987,0.776848,0.021289,0.054045,4.791942,1.777859,230
507,1.035070,1.000000,0.037326,0.052500,0.030555,0.134758,0.167748,39.9144,0.938604,0.779837,0.021944,0.053594,4.974403,1.931290,230
508,1.034369,1.000000,0.036610,0.052500,0.030555,0.132112,0.163514,34.0763,0.938742,0.783497,0.021891,0.053043,5.068574,-1.902774,230
509,1.033670,1.000000,0.035984,0.052500,0.030555,0.133355,0.161219,28.4217,0.933334,0.786358,0.023364,0.052599,5.366356,-1.742154,230
510,1.032972,1.000000,0.035324,0.052500,0.030555,0.132989,0.158166,22.2627,0.930041,0.789842,0.024233,0.052061,5.588967,-1.569643,230
511,1.032274,1.000000,0.034740,0.052500,0.030555,0.135437,0.156831,18.0670,0.922386,0.792583,0.026217,0.051625,5.945296,-1.400390,230
512,1.031578,1.000000,0.033974,0.052500,0.030555,0.130706,0.151368,13.9255,0.925400,0.798004,0.025422,0.050784,5.981550,-1.197731,230
513,1.030882,1.000000,0.033311,0.052500,0.030555,0.129899,0.148235,10.8552,0.922411,0.802387,0.026176,0.050085,6.205617,-1.001996,230
514,1.030187,1.000000,0.032581,0.052500,0.030555,0.126485,0.143528,7.7640,0.923461,0.808138,0.025888,0.049160,6.311659,-0.789834,230
515,1.029494,1.000000,0.032061,0.052500,0.030555,0.130748,0.143749,5.6135,0.912039,0.811020,0.028729,0.048673,6.784960,-0.598578,230
516,1.028801,1.000000,0.031373,0.052500,0.030555,0.128795,0.140063,3.8801,0.910478,0.816906,0.029088,0.047695,6.983419,-0.378174,231
517,1.028109,1.000000,0.030726,0.052500,0.030555,0.128188,0.137376,341.8144,0.906572,0.822574,0.030003,0.046733,7.246997,-0.157267,874
518,1.027418,1.000000,0.030007,0.052500,0.030555,0.125081,0.132969,660.4362,0.906821,0.830083,0.029924,0.045435,7.417384,0.073796,874
519,1.026728,1.000000,0.028972,0.052500,0.030555,0.110417,0.120469,368.7347,0.927770,0.844055,0.024685,0.042943,6.940606,0.308850,874
520,1.026039,1.000000,0.028859,0.052500,0.030555,0.127986,0.132872,2.5165,0.891006,0.829771,0.033503,0.045427,8.137736,0.487401,230
521,1.025351,1.000000,0.028102,0.052500,0.030555,0.123679,0.128647,1.5338,0.893065,0.830597,0.033024,0.045255,8.311829,0.713911,230
522,1.024664,1.000000,0.027634,0.052500,0.030555,0.127779,0.131486,0.7564,0.879762,0.824519,0.035880,0.046252,8.752620,0.916614,230
523,1.023977,1.000000,0.026926,0.052500,0.030555,0.124862,0.128446,91.8825,0.879001,0.824062,0.036015,0.046298,9.003014,1.159975,391
524,1.023292,1.000000,0.026305,0.052500,0.030555,0.124321,0.127435,78.8832,0.873728,0.821482,0.037083,0.046694,9.322598,1.401339,391
525,1.022607,1.000000,0.025652,0.052500,0.030555,0.122819,0.125642,100.5162,0.870077,0.819594,0.037799,0.046972,9.631761,1.660126,391
526,1.021924,1.000000,0.025127,0.052500,0.030555,0.124526,0.126745,48.8646,0.860126,0.814430,0.039735,0.047774,9.999778,1.902259,391
527,1.021241,1.000000,0.024422,0.052500,0.030555,0.121562,0.123667,49.6845,0.858873,0.813694,0.039950,0.047859,10.312704,-1.801167,391
528,1.020559,1.000000,0.023932,0.052500,0.030555,0.123790,0.125387,37.0736,0.847423,0.807350,0.042068,0.048823,10.678351,-1.550815,391
529,1.019879,1.000000,0.023302,0.052500,0.030555,0.122509,0.123879,35.8416,0.842498,0.804504,0.042931,0.049228,11.026100,-1.248420,391
530,1.019199,1.000000,0.022613,0.052500,0.030555,0.119800,0.121057,31.1427,0.840174,0.803092,0.043317,0.049410,11.391832,-0.907864,391
531,1.018520,1.000000,0.022019,0.052500,0.030555,0.119198,0.120255,28.2294,0.833506,0.799055,0.044453,0.049985,11.765469,-0.585994,391
532,1.017842,1.000000,0.021511,0.052500,0.030555,0.120397,0.121180,22.1857,0.823046,0.792563,0.046187,0.050906,12.118718,-0.291205,391
533,1.017164,1.000000,0.020845,0.052500,0.030555,0.118025,0.118736,21.0500,0.819374,0.790133,0.046757,0.051222,12.531412,0.095160,391
534,1.016488,1.000000,0.020359,0.052500,0.030555,0.119378,0.119890,15.9671,0.808123,0.782700,0.048509,0.052237,12.870752,0.397558,391
535,1.015813,1.000000,0.019767,0.052500,0.030555,0.118396,0.131227,13.7013,0.801205,0.646657,0.049531,0.065995,13.268568,-0.557205,391
536,1.015138,1.000000,0.019110,0.052500,0.030555,0.116023,0.127939,12.5697,0.796749,0.645609,0.050161,0.066020,13.730326,-0.290668,391
537,1.014464,1.000000,0.018626,0.052500,0.030555,0.116987,0.127407,10.5729,0.785509,0.643392,0.051743,0.066122,14.065341,-0.070241,391
538,1.013792,1.000000,0.017971,0.052500,0.030555,0.114513,0.124100,7.8252,0.780665,0.642204,0.052380,0.066156,14.565498,0.231080,391
539,1.013120,1.000000,0.017409,0.052500,0.030555,0.113752,0.122273,0.2972,0.772212,0.640312,0.053483,0.066233,14.991699,0.515165,230
540,1.012449,1.000000,0.016861,0.052500,0.030555,0.113144,0.120639,0.1681,0.763177,0.638219,0.054617,0.066321,15.412224,0.812352,230
541,1.011779,1.000000,0.016340,0.052500,0.030555,0.112914,0.119406,0.0484,0.753151,0.635816,0.055823,0.066426,15.805566,1.116786,230
542,1.011110,1.000000,0.015800,0.052500,0.030555,0.112221,0.117839,0.0035,0.743708,0.633411,0.056904,0.066529,16.232513,1.452243,230
543,1.010442,1.000000,0.015380,0.052500,0.030555,0.113477,0.118119,7.1079,0.730543,0.629986,0.058342,0.066688,16.480234,1.743293,391
544,1.009774,1.000000,0.014815,0.052500,0.030555,0.112110,0.116101,5.1203,0.721731,0.627424,0.059238,0.066792,16.959868,-1.859229,391
545,1.009108,1.000000,0.014224,0.052500,0.030555,0.110226,0.113634,253.3517,0.713432,0.624892,0.060042,0.066892,17.506801,-1.411681,1035
546,1.008442,1.000000,0.013701,0.052500,0.030555,0.109360,0.112202,207.0676,0.703063,0.621633,0.061005,0.067028,17.952035,-0.974224,1035
547,1.007777,1.000000,0.013296,0.052500,0.030555,0.110307,0.112533,36.9364,0.689566,0.617232,0.062186,0.067220,18.166596,-0.594629,1035
548,1.007113,1.000000,0.012747,0.052500,0.030555,0.108798,0.110605,34.2767,0.679594,0.613661,0.062989,0.067360,18.680875,-0.066797,1035
549,1.006450,1.000000,0.012291,0.052500,0.030555,0.108648,0.110041,0.0801,0.667314,0.609072,0.063918,0.067544,19.007817,0.421962,230
550,1.005788,1.000000,0.011737,0.052500,0.030555,0.106848,0.107934,0.0878,0.656982,0.604896,0.064636,0.067699,19.570787,1.051038,230
551,1.005127,1.000000,0.011328,0.052500,0.030555,0.107175,0.107951,0.0758,0.643548,0.599215,0.065505,0.067913,19.799440,1.578311,230
552,1.004466,1.000000,0.010861,0.052500,0.030555,0.106470,0.107031,0.1300,0.631171,0.593530,0.066226,0.068112,20.176311,-1.782347,230
553,1.003807,1.000000,0.010355,0.052500,0.030555,0.105060,0.105448,0.3727,0.619222,0.587647,0.066851,0.068304,20.667306,-1.030897,230
554,1.003148,1.000000,0.009902,0.052500,0.030555,0.104325,0.104577,1.2735,0.606210,0.580786,0.067461,0.068515,21.030401,-0.282246,230
555,1.002490,1.000000,0.009489,0.052500,0.030555,0.104048,0.104201,2.9757,0.592530,0.573010,0.068020,0.068734,21.289116,0.470606,230
556,1.001834,1.000000,0.009004,0.052500,0.030555,0.102588,0.102664,6.1916,0.579484,0.564987,0.068472,0.068934,21.763883,1.425258,230
557,1.001177,1.000000,0.008644,0.052500,0.030555,0.102820,0.102850,11.6362,0.565022,0.555346,0.068888,0.069144,21.875447,-1.775748,230
558,1.000522,1.000000,0.008161,0.052500,0.030555,0.101116,0.101133,21.7064,0.551374,0.545433,0.069193,0.069318,22.371580,-0.629531,230
559,0.999868,1.000000,0.007757,0.052500,0.030555,0.100421,0.100426,38.1501,0.536904,0.534020,0.069428,0.069472,22.632681,0.444581,230
560,0.999214,1.000000,0.007392,0.052500,0.030555,0.100155,0.100155,63.1585,0.522126,0.521269,0.069574,0.069581,22.770217,1.508942,230
561,0.998562,1.000000,0.006982,0.052500,0.030555,0.099094,0.099086,80.6503,0.507251,0.507234,0.069624,0.069623,23.060756,-1.192002,230
562,0.997910,1.000000,0.006664,0.052500,0.030555,0.099207,0.099198,94.9888,0.492231,0.491713,0.069577,0.069574,23.048998,-0.096871,230
563,0.997259,1.000000,0.006301,0.052500,0.030555,0.098521,0.098513,109.9495,0.477025,0.474421,0.069429,0.069401,23.190362,1.241849,230
564,0.996609,1.000000,0.005926,0.052500,0.030555,0.097503,0.097516,127.6879,0.461497,0.455020,0.069175,0.069056,23.377406,-1.268173,230
565,0.995960,1.000000,0.005609,0.052500,0.030555,0.097185,0.097222,148.2191,0.446149,0.433922,0.068820,0.068498,23.363848,0.041980,230
566,0.995311,1.000000,0.005228,0.052500,0.030555,0.095768,0.095895,171.8065,0.429930,0.409405,0.068335,0.067610,23.573236,1.724703,230
567,0.994664,1.000000,0.004906,0.052500,0.030555,0.095049,0.095347,202.4682,0.414031,0.383002,0.067747,0.066357,23.577682,-0.880887,230
568,0.994017,1.000000,0.004597,0.052500,0.030555,0.094364,0.094983,228.4947,0.398082,0.353975,0.067044,0.064620,23.533040,0.372699,230
569,0.993371,1.000000,0.004360,0.052500,0.030555,0.094595,0.095759,273.6092,0.383251,0.324648,0.066285,0.062467,23.240167,1.027481,230
570,0.992726,1.000000,0.004039,0.052500,0.030555,0.093392,0.095563,321.4008,0.366636,0.289280,0.065323,0.059329,23.227843,1.894872,230
571,0.992082,1.000000,0.003757,0.052500,0.030555,0.092611,0.096426,384.8363,0.350530,0.252589,0.064269,0.055407,23.075806,-1.936918,230
572,0.991438,1.000000,0.003534,0.052500,0.030555,0.092576,0.098892,457.6260,0.335737,0.217184,0.063192,0.050934,22.726851,1.321473,230
573,0.990796,1.000000,0.003266,0.052500,0.030555,0.091657,0.099722,542.7423,0.319534,0.192164,0.061898,0.047326,22.513862,-0.444109,230
574,0.990154,1.000000,0.003031,0.052500,0.030555,0.091083,0.100582,640.7785,0.304061,0.172576,0.060543,0.044223,22.188927,1.525498,230
575,0.989513,1.000000,0.002796,0.052500,0.030555,0.090328,0.101323,726.6294,0.288361,0.154348,0.059050,0.041106,21.850851,-0.519897,230
576,0.988873,1.000000,0.002587,0.052500,0.030555,0.089830,0.102599,796.5472,0.273398,0.137494,0.057511,0.038014,21.427044,1.445772,230
577,0.988234,1.000000,0.002392,0.052500,0.030555,0.089380,0.104202,840.7201,0.258794,0.122016,0.055898,0.034984,20.957942,-0.552137,230
578,0.987596,1.000000,0.002209,0.052500,0.030555,0.088985,0.106166,857.4378,0.244609,0.107921,0.054223,0.032055,20.446641,1.512716,230
579,0.986958,1.000000,0.002053,0.052500,0.030555,0.088899,0.109146,852.9633,0.231537,0.095191,0.052581,0.029264,19.872308,-0.335063,230
580,0.986321,1.000000,0.001845,0.052500,0.030555,0.087630,0.110479,833.2035,0.215707,0.083861,0.050472,0.026659,19.376641,1.937176,230
581,0.985685,1.000000,0.001715,0.052500,0.030555,0.087695,0.115056,90.2166,0.203762,0.073959,0.048778,0.024290,18.736573,0.364251,1196
582,0.985050,1.000000,0.001559,0.052500,0.030555,0.087053,0.119193,153.6046,0.190291,0.065534,0.046770,0.022216,18.120659,-1.013327,1196
583,0.984416,1.000000,0.001429,0.052500,0.030555,0.086771,0.125255,92.3966,0.178213,0.058665,0.044871,0.020511,17.463890,1.854544,1196
584,0.983782,1.000000,0.001293,0.052500,0.030555,0.086151,0.131914,1039.2253,0.165603,0.053469,0.042789,0.019267,16.795072,1.030634,1196
585,0.983150,1.000000,0.001170,0.052500,0.030555,0.085623,0.139897,11.5183,0.153687,0.050137,0.040721,0.018604,16.102857,0.598491,1196
586,0.982518,1.000000,0.001080,0.052500,0.030555,0.085706,0.149784,66.0917,0.143967,0.048899,0.038956,0.018672,15.409953,0.660938,1196
587,0.981887,1.000000,0.000976,0.052500,0.030555,0.085284,0.157947,807.3018,0.133265,0.050084,0.036935,0.019666,14.701603,1.352246,230
588,0.981257,1.000000,0.000886,0.052500,0.030555,0.085017,0.164672,776.3137,0.123466,0.054104,0.035005,0.021833,13.995119,-1.158038,230
589,0.980627,1.000000,0.000808,0.052500,0.030555,0.084940,0.169012,2165.2501,0.114660,0.061502,0.033202,0.025489,13.303263,1.349653,230
590,0.979999,1.000000,0.000731,0.052500,0.030555,0.084687,0.170431,2161.1101,0.105821,0.072906,0.031325,0.031011,12.604937,1.135471,230
591,0.979371,1.000000,0.000653,0.052500,0.030555,0.084234,0.169530,2162.9101,0.096907,0.089158,0.029361,0.038901,11.893353,-1.453084,230
592,0.978744,1.000000,0.000595,0.052500,0.030555,0.084250,0.167570,2161.5201,0.089697,0.111213,0.027713,0.049745,11.238113,1.990795,230
593,0.978118,1.000000,0.000531,0.052500,0.030555,0.083851,0.164581,2165.3401,0.081850,0.140235,0.025861,0.064269,10.550264,-0.028489,230
594,0.977492,1.000000,0.000480,0.052500,0.030555,0.083755,0.161386,2161.4801,0.075213,0.177666,0.024239,0.083385,9.912759,1.123344,230
595,0.976868,1.000000,0.000428,0.052500,0.030555,0.083475,0.300000,2158.7601,0.068546,0.000000,0.022559,0.000000,9.268537,0.000000,230
596,0.976244,1.000000,0.000396,0.052500,0.030555,0.083889,0.300000,2157.3101,0.063897,0.000000,0.021351,0.000000,8.740080,0.000000,230
597,0.975621,1.000000,0.000354,0.052500,0.030555,0.083709,0.300000,2157.3301,0.058232,0.000000,0.019844,0.000000,8.150912,0.000000,230
598,0.974999,1.000000,0.000322,0.052500,0.030555,0.083848,0.300000,2156.4001,0.053623,0.000000,0.018583,0.000000,7.629836,0.000000,230
599,0.974377,1.000000,0.000284,0.052500,0.030555,0.083466,0.300000,2148.5501,0.048274,0.000000,0.017080,0.000000,7.054042,0.000000,230
600,0.973757,1.000000,0.000261,0.052500,0.030555,0.083852,0.300000,2150.1701,0.044793,0.000000,0.016074,0.000000,6.616502,0.000000,230
601,0.973137,1.000000,0.000239,0.052500,0.030555,0.084124,0.300000,2150.4901,0.041340,0.000000,0.015056,0.000000,6.185138,0.000000,230
602,0.972518,1.000000,0.000216,0.052500,0.030555,0.084269,0.300000,2141.9601,0.037904,0.000000,0.014021,0.000000,5.757484,0.000000,230
603,0.971900,1.000000,0.000194,0.052500,0.030555,0.084267,0.300000,2141.2401,0.034474,0.000000,0.012965,0.000000,5.330766,0.000000,230
604,0.971282,1.000000,0.000175,0.052500,0.030555,0.084360,0.300000,2134.0101,0.031454,0.000000,0.012014,0.000000,4.940526,0.000000,230
605,0.970665,1.000000,0.000165,0.052500,0.030555,0.085145,0.300000,2127.3501,0.029701,0.000000,0.011449,0.000000,4.670770,0.000000,230
606,0.970049,1.000000,0.000146,0.052500,0.030555,0.084983,0.300000,2116.9401,0.026706,0.000000,0.010473,0.000000,4.286144,0.000000,230
607,0.969434,1.000000,0.000130,0.052500,0.030555,0.084951,0.300000,2115.8701,0.024133,0.000000,0.009615,0.000000,3.941379,0.000000,230
608,0.968820,1.000000,0.000124,0.052500,0.030555,0.085804,0.300000,2106.2901,0.022885,0.000000,0.009189,0.000000,3.734150,0.000000,230
609,0.968206,1.000000,0.000111,0.052500,0.030555,0.085876,0.300000,2102.0801,0.020775,0.000000,0.008463,0.000000,3.440398,0.000000,230
610,0.967594,1.000000,0.000104,0.052500,0.030555,0.086599,0.300000,2098.7301,0.019570,0.000000,0.008040,0.000000,3.245274,0.000000,230
611,0.966982,1.000000,0.000098,0.052500,0.030555,0.087265,0.300000,2084.8001,0.018385,0.000000,0.007619,0.000000,3.055759,0.000000,230
612,0.966370,1.000000,0.000095,0.052500,0.030555,0.088306,0.300000,2070.9001,0.017668,0.000000,0.007360,0.000000,2.920946,0.000000,230
613,0.965760,1.000000,0.000085,0.052500,0.030555,0.088413,0.300000,674.5401,0.016064,0.000000,0.006781,0.000000,2.691054,0.000000,230
614,0.965150,1.000000,0.000082,0.052500,0.030555,0.089371,0.300000,689.0201,0.015383,0.000000,0.006529,0.000000,2.566627,0.000000,230
615,0.964541,1.000000,0.000076,0.052500,0.030555,0.089792,0.300000,559.1201,0.014258,0.000000,0.006112,0.000000,2.394678,0.000000,230
616,0.963933,1.000000,0.000069,0.052500,0.030555,0.090127,0.300000,547.3901,0.013143,0.000000,0.005694,0.000000,2.225345,0.000000,230
617,0.963326,1.000000,0.000069,0.052500,0.030555,0.091520,0.300000,428.1401,0.012964,0.000000,0.005624,0.000000,2.167002,0.000000,230
618,0.962719,1.000000,0.000069,0.052500,0.030555,0.092910,0.300000,393.0201,0.012791,0.000000,0.005555,0.000000,2.111178,0.000000,230
619,0.903545,1.000000,0.000089,0.052500,0.030555,0.232546,0.300000,483.8350,0.007437,0.000000,0.003247,0.000000,0.559659,0.000000,1357
620,0.902478,1.000000,0.000077,0.052500,0.030555,0.231098,0.300000,462.7807,0.006565,0.000000,0.002905,0.000000,0.505098,0.000000,1357
621,0.896656,1.000000,0.000076,0.052500,0.030555,0.244088,0.300000,397.0689,0.006250,0.000000,0.002763,0.000000,0.460807,0.000000,1357
622,0.896130,1.000000,0.000076,0.052500,0.030555,0.245261,0.300000,477.7701,0.006223,0.000000,0.002751,0.000000,0.457122,0.000000,233
623,0.892989,1.000000,0.000090,0.052500,0.030555,0.257186,0.300000,224.1334,0.006958,0.000000,0.003026,0.000000,0.482857,0.000000,1357
624,0.891947,1.000000,0.000093,0.052500,0.030555,0.260698,0.300000,247.0134,0.007117,0.000000,0.003083,0.000000,0.486518,0.000000,1357
625,0.890908,1.000000,0.000064,0.052500,0.030555,0.252223,0.300000,126.0932,0.005209,0.000000,0.002336,0.000000,0.381829,0.000000,1357
626,1.039999,1.000000,0.042367,0.052500,0.033293,0.141098,0.184676,113.7081,0.945657,0.767130,0.020910,0.058019,4.115406,1.025565,230
627,1.037176,1.000000,0.039742,0.052500,0.033293,0.142163,0.173840,99.2680,0.931564,0.776056,0.024971,0.056605,4.904486,1.526404,230
628,1.032972,1.000000,0.035716,0.052500,0.033293,0.136970,0.155370,80.0861,0.916273,0.795686,0.028999,0.053445,5.959699,-1.534585,230
629,1.026039,1.000000,0.029195,0.052500,0.033293,0.128411,0.132322,63.1590,0.881679,0.825562,0.037080,0.048163,8.238609,0.421474,230
630,1.023292,1.000000,0.026720,0.052500,0.033293,0.126374,0.128677,47.6138,0.861228,0.815167,0.041310,0.049812,9.376498,1.295289,230
631,1.022607,1.000000,0.026241,0.052500,0.033293,0.128880,0.130653,34.8378,0.850071,0.809047,0.043491,0.050790,9.692619,1.503256,230
632,1.019199,1.000000,0.023107,0.052500,0.033293,0.122819,0.123692,28.1839,0.825822,0.794427,0.047795,0.052925,11.252328,-1.119139,230
633,1.015813,1.000000,0.020213,0.052500,0.033293,0.119742,0.131113,23.8211,0.790742,0.645039,0.053307,0.069000,12.958493,-0.709600,230
634,1.015138,1.000000,0.019754,0.052500,0.033293,0.121059,0.130986,15.6010,0.779459,0.642749,0.054922,0.069111,13.223374,-0.520795,230
635,1.013792,1.000000,0.018607,0.052500,0.033293,0.119139,0.127148,9.0192,0.764661,0.639289,0.056890,0.069250,13.955002,-0.027905,230
636,1.012449,1.000000,0.017477,0.052500,0.033293,0.117164,0.123480,6.8250,0.748946,0.635345,0.058836,0.069415,14.714478,0.524581,230
637,1.011110,1.000000,0.016409,0.052500,0.033293,0.115878,0.120639,4.8848,0.730983,0.630528,0.060890,0.069625,15.438044,1.124950,230
638,1.009774,1.000000,0.015337,0.052500,0.033293,0.114138,0.117622,2.2048,0.712731,0.625141,0.062788,0.069856,16.204756,1.814656,230
639,1.009108,1.000000,0.014931,0.052500,0.033293,0.115160,0.117978,1.2290,0.700266,0.621285,0.063994,0.070033,16.391025,-1.882981,230
640,1.008442,1.000000,0.014347,0.052500,0.033293,0.113290,0.115672,0.7025,0.692014,0.618450,0.064731,0.070146,16.875724,-1.443746,230
641,1.007113,1.000000,0.013320,0.052500,0.033293,0.111449,0.113009,0.1940,0.671724,0.611092,0.066409,0.070448,17.645657,-0.558278,230
642,1.005788,1.000000,0.012434,0.052500,0.033293,0.111281,0.112183,0.0248,0.648204,0.601582,0.068102,0.070827,18.170612,0.347181,230
643,1.005127,1.000000,0.011887,0.052500,0.033293,0.109498,0.110180,0.0067,0.638115,0.597041,0.068736,0.070990,18.662920,0.957839,230
644,1.004466,1.000000,0.011472,0.052500,0.033293,0.109529,0.110017,0.0185,0.625684,0.591159,0.069459,0.071200,18.878525,1.479640,230
645,1.003148,1.000000,0.010512,0.052500,0.033293,0.107382,0.107602,0.0184,0.602349,0.578875,0.070605,0.071589,19.625390,-1.179738,230
646,1.002490,1.000000,0.010111,0.052500,0.033293,0.107265,0.107388,0.1721,0.589470,0.571387,0.071131,0.071802,19.819175,-0.530984,230
647,1.001834,1.000000,0.009699,0.052500,0.033293,0.106846,0.106916,0.6908,0.576664,0.563359,0.071575,0.072004,20.047383,0.187382,230
648,1.000522,1.000000,0.008842,0.052500,0.033293,0.105212,0.105231,3.8700,0.550864,0.545170,0.072238,0.072363,20.601113,1.879979,230
649,0.999214,1.000000,0.007980,0.052500,0.033293,0.103030,0.103028,13.6722,0.524149,0.523129,0.072602,0.072613,21.198930,-0.081129,230
650,0.997910,1.000000,0.007226,0.052500,0.033293,0.101806,0.101805,40.1217,0.496310,0.496062,0.072637,0.072637,21.520272,-1.952214,230
651,0.997259,1.000000,0.006908,0.052500,0.033293,0.101816,0.101814,94.9156,0.482304,0.480550,0.072522,0.072507,21.512043,-0.956147,230
652,0.996609,1.000000,0.006512,0.052500,0.033293,0.100618,0.100616,109.1999,0.467864,0.463102,0.072310,0.072235,21.733058,0.377450,230
653,0.995960,1.000000,0.006143,0.052500,0.033293,0.099647,0.099664,126.4526,0.453254,0.443806,0.072000,0.071778,21.879112,1.703329,230
654,0.995311,1.000000,0.005820,0.052500,0.033293,0.099177,0.099246,167.6853,0.438775,0.422882,0.071597,0.071093,21.888166,-1.102693,230
655,0.994017,1.000000,0.005169,0.052500,0.033293,0.097735,0.098122,221.8511,0.409209,0.374206,0.070475,0.068729,21.920095,1.334974,230
656,0.992726,1.000000,0.004584,0.052500,0.033293,0.096655,0.098022,300.3486,0.379790,0.317150,0.068957,0.064532,21.744145,-0.880684,230
657,0.991438,1.000000,0.004034,0.052500,0.033293,0.095469,0.099481,409.6865,0.350283,0.251583,0.067026,0.057677,21.453225,-0.332175,230
658,0.990154,1.000000,0.003556,0.052500,0.033293,0.094764,0.104256,435.7829,0.321858,0.187187,0.064765,0.048579,20.938042,1.766036,391
659,0.989513,1.000000,0.003294,0.052500,0.033293,0.093831,0.104751,316.7717,0.306746,0.168729,0.063403,0.045472,20.728350,-0.101502,391
660,0.988873,1.000000,0.003066,0.052500,0.033293,0.093244,0.105889,183.9964,0.292392,0.151521,0.062001,0.042359,20.423774,-1.977385,391
661,0.987596,1.000000,0.002649,0.052500,0.033293,0.092225,0.108994,482.3382,0.264522,0.120888,0.058969,0.036258,19.690923,-1.668243,230
662,0.986321,1.000000,0.002277,0.052500,0.033293,0.091332,0.113517,554.3243,0.237843,0.095282,0.055672,0.030549,18.819956,-1.135851,230
663,0.985050,1.000000,0.001959,0.052500,0.033293,0.090735,0.120770,725.4539,0.213030,0.074824,0.052237,0.025556,17.820858,-0.178203,230
664,0.983782,1.000000,0.001660,0.052500,0.033293,0.089862,0.130831,838.3778,0.188785,0.059769,0.048520,0.021679,16.756562,1.456129,230
665,0.983150,1.000000,0.001531,0.052500,0.033293,0.089572,0.137806,39.1149,0.177573,0.054471,0.046671,0.020337,16.191303,0.639410,394
666,0.982518,1.000000,0.001375,0.052500,0.033293,0.088538,0.143970,23.0289,0.164671,0.050825,0.044444,0.019520,15.618906,0.147089,391
667,0.981257,1.000000,0.001162,0.052500,0.033293,0.088097,0.160642,17.7279,0.144502,0.049369,0.040714,0.020023,14.416445,0.492283,391
668,0.979999,1.000000,0.000974,0.052500,0.033293,0.087648,0.171486,8.7321,0.125888,0.057821,0.036992,0.024704,13.199571,-0.547730,391
669,0.978744,1.000000,0.000807,0.052500,0.033293,0.087055,0.172679,856.2365,0.108486,0.080027,0.033248,0.035935,11.974995,-1.464745,230
670,0.977492,1.000000,0.000665,0.052500,0.033293,0.086552,0.167821,812.6911,0.092932,0.121727,0.029660,0.057326,10.772445,0.041573,230
671,0.976868,1.000000,0.000607,0.052500,0.033293,0.086482,0.164595,781.1348,0.086206,0.152280,0.028030,0.073384,10.201753,-1.803277,230
672,0.976244,1.000000,0.000549,0.052500,0.033293,0.086254,0.101745,2134.0001,0.079457,0.228656,0.026346,0.053910,9.626272,-1.458925,230
673,0.974999,1.000000,0.000466,0.052500,0.033293,0.086600,0.300000,2136.0001,0.068930,0.000000,0.023605,0.000000,8.612280,0.000000,230
674,0.973757,1.000000,0.000382,0.052500,0.033293,0.086400,0.300000,2136.2701,0.058424,0.000000,0.020728,0.000000,7.599534,0.000000,230
675,0.972518,1.000000,0.000315,0.052500,0.033293,0.086373,0.300000,2133.0701,0.049531,0.000000,0.018164,0.000000,6.678664,0.000000,230
676,0.971282,1.000000,0.000264,0.052500,0.033293,0.086693,0.300000,2131.2901,0.042386,0.000000,0.016007,0.000000,5.878531,0.000000,230
677,0.970665,1.000000,0.000241,0.052500,0.033293,0.086871,0.300000,2126.2601,0.039191,0.000000,0.015011,0.000000,5.508506,0.000000,230
678,0.970049,1.000000,0.000225,0.052500,0.033293,0.087374,0.300000,2123.7301,0.036748,0.000000,0.014234,0.000000,5.199962,0.000000,230
679,0.968820,1.000000,0.000187,0.052500,0.033293,0.087627,0.300000,2115.0501,0.031172,0.000000,0.012416,0.000000,4.534191,0.000000,230
680,0.967594,1.000000,0.000161,0.052500,0.033293,0.088495,0.300000,2091.4201,0.027186,0.000000,0.011068,0.000000,4.012468,0.000000,230
681,0.964541,1.000000,0.000114,0.052500,0.033293,0.090858,0.300000,2060.6001,0.019510,0.000000,0.008344,0.000000,2.964890,0.000000,230
682,0.961508,1.000000,0.000085,0.052500,0.033293,0.093940,0.300000,2020.6201,0.014649,0.000000,0.006510,0.000000,2.251539,0.000000,230
683,0.958494,1.000000,0.000069,0.052500,0.033293,0.097938,0.300000,84.5954,0.011742,0.000000,0.005360,0.000000,1.789424,0.000000,230
684,1.091999,1.000000,0.093907,0.052500,0.036031,0.164307,0.300137,67.4132,0.998123,0.870161,0.001241,0.043830,0.175740,-1.657759,230
685,1.084254,1.000000,0.086291,0.052500,0.036031,0.191355,0.264098,58.7107,0.989199,0.902787,0.005867,0.035448,0.723781,-1.563239,230
686,1.080423,1.000000,0.082488,0.052500,0.036031,0.188657,0.252384,52.5703,0.987152,0.911259,0.006796,0.033053,0.856474,-1.504253,230
687,1.076618,1.000000,0.078761,0.052500,0.036031,0.191164,0.243775,45.9774,0.982344,0.913548,0.008899,0.032313,1.114619,-1.395708,230
688,1.069090,1.000000,0.071294,0.052500,0.036031,0.182182,0.259038,39.6510,0.977458,0.821512,0.010872,0.052969,1.449096,-0.862986,230
689,1.061665,1.000000,0.064014,0.052500,0.036031,0.177663,0.222392,34.0798,0.967651,0.852168,0.014595,0.046540,2.022742,-0.419219,230
690,1.058724,1.000000,0.061129,0.052500,0.036031,0.174714,0.208050,28.8834,0.963618,0.868362,0.016029,0.042899,2.271686,-0.262444,230
691,1.057992,1.000000,0.060263,0.052500,0.036031,0.164068,0.200539,154.9053,0.970381,0.874388,0.013521,0.041503,2.043283,-0.235563,391
692,1.057260,1.000000,0.059737,0.052500,0.036031,0.175691,0.202441,23.5866,0.959335,0.877020,0.017527,0.040867,2.476997,-0.198021,230
693,1.054343,1.000000,0.056848,0.052500,0.036031,0.170406,0.192540,19.9979,0.956427,0.883101,0.018484,0.039331,2.708085,-0.024112,230
694,1.050720,1.000000,0.053182,0.052500,0.036031,0.159521,0.179781,16.2347,0.956511,0.885567,0.018392,0.038610,2.898349,0.245572,230
695,1.049999,1.000000,0.052479,0.052500,0.036031,0.158824,0.178019,13.0456,0.955071,0.885654,0.018868,0.038563,2.990568,0.306454,230
696,1.047122,1.000000,0.049842,0.052500,0.036031,0.163135,0.175837,10.1606,0.941036,0.882877,0.023356,0.039114,3.623948,0.590257,230
697,1.042836,1.000000,0.045655,0.052500,0.036031,0.156116,0.196368,7.6364,0.932422,0.761421,0.025866,0.061337,4.228438,0.600672,230
698,1.039999,1.000000,0.042857,0.052500,0.036031,0.150136,0.182970,5.5799,0.927416,0.770129,0.027254,0.059923,4.658016,1.044077,230
699,1.037176,1.000000,0.040265,0.052500,0.036031,0.150309,0.173346,4.0426,0.913073,0.779135,0.031154,0.058424,5.347396,1.541508,230
700,1.035771,1.000000,0.038889,0.052500,0.036031,0.147306,0.166896,2.7668,0.909647,0.785428,0.032020,0.057380,5.623448,1.832310,230
701,1.032972,1.000000,0.036351,0.052500,0.036031,0.146915,0.158301,1.9275,0.893438,0.798079,0.036036,0.055209,6.380007,-1.538405,230
702,1.031578,1.000000,0.035061,0.052500,0.036031,0.145558,0.153671,1.1738,0.886379,0.806117,0.037683,0.053799,6.751862,-1.181908,230
703,1.029494,1.000000,0.033044,0.052500,0.036031,0.140953,0.145251,0.5507,0.879094,0.821973,0.039299,0.050924,7.300965,-0.592008,230
704,1.028801,1.000000,0.032510,0.052500,0.036031,0.142759,0.146052,0.3124,0.871008,0.820736,0.041089,0.051112,7.547255,-0.426543,230
705,1.026039,1.000000,0.029946,0.052500,0.036031,0.138571,0.140752,0.1162,0.855960,0.812657,0.044192,0.052395,8.407514,0.285288,230
706,1.024664,1.000000,0.028693,0.052500,0.036031,0.136752,0.138463,402.5246,0.847190,0.807677,0.045913,0.053175,8.874810,0.679676,391
707,1.022607,1.000000,0.026910,0.052500,0.036031,0.135521,0.136610,328.3423,0.830322,0.797528,0.049060,0.054745,9.607932,1.305634,391
708,1.019879,1.000000,0.024496,0.052500,0.036031,0.132055,0.132609,230.3746,0.808738,0.783452,0.052748,0.056800,10.658065,-1.733243,391
709,1.019199,1.000000,0.023920,0.052500,0.036031,0.131517,0.131979,195.9046,0.802340,0.779035,0.053779,0.057426,10.925420,-1.481027,391
710,1.018520,1.000000,0.023171,0.052500,0.036031,0.127723,0.128156,113.8612,0.801514,0.778417,0.053879,0.057479,11.285884,-1.134198,391
711,1.017842,1.000000,0.022683,0.052500,0.036031,0.128678,0.129002,0.0108,0.792082,0.771733,0.055356,0.058417,11.524543,-0.903772,230
712,1.016488,1.000000,0.021609,0.052500,0.036031,0.128459,0.128657,0.0390,0.776505,0.760176,0.057647,0.059957,12.054127,-0.375508,230
713,1.015813,1.000000,0.021023,0.052500,0.036031,0.127366,0.127517,0.0885,0.770127,0.755288,0.058531,0.060576,12.360350,-0.067391,230
714,1.015138,1.000000,0.020378,0.052500,0.036031,0.125209,0.133669,5.3076,0.765356,0.640194,0.059165,0.072075,12.726239,-0.731819,230
715,1.013792,1.000000,0.019284,0.052500,0.036031,0.123970,0.130711,0.0276,0.749919,0.636339,0.061162,0.072242,13.322649,-0.286399,230
716,1.013120,1.000000,0.018801,0.052500,0.036031,0.124251,0.130122,0.0655,0.740425,0.633887,0.062326,0.072357,13.563333,-0.067764,230
717,1.012449,1.000000,0.018185,0.052500,0.036031,0.122331,0.127588,0.1440,0.734303,0.632119,0.063032,0.072424,13.950794,0.216713,230
718,1.011779,1.000000,0.017644,0.052500,0.036031,0.121509,0.126107,0.3826,0.726164,0.629789,0.063949,0.072526,14.268426,0.488981,230
719,1.011110,1.000000,0.017123,0.052500,0.036031,0.120921,0.124886,81.1285,0.717437,0.627207,0.064892,0.072641,14.568560,0.769767,391
720,1.010442,1.000000,0.016590,0.052500,0.036031,0.120051,0.123459,42.9845,0.708920,0.624556,0.065768,0.072756,14.891973,1.074840,391
721,1.009774,1.000000,0.016077,0.052500,0.036031,0.119404,0.122292,32.9288,0.699839,0.621611,0.066660,0.072885,15.195617,1.390312,391
722,1.009108,1.000000,0.015630,0.052500,0.036031,0.119653,0.122012,21.8132,0.689285,0.618076,0.067644,0.073043,15.408388,1.689421,391
723,1.008442,1.000000,0.015053,0.052500,0.036031,0.117867,0.119867,17.1060,0.681349,0.615171,0.068333,0.073160,15.821918,-1.913081,391
724,1.007777,1.000000,0.014555,0.052500,0.036031,0.117169,0.118792,10.8891,0.671660,0.611541,0.069137,0.073312,16.124673,-1.535989,391
725,1.007113,1.000000,0.014065,0.052500,0.036031,0.116480,0.117785,5.5383,0.661731,0.607620,0.069909,0.073472,16.422757,-1.137080,391
726,1.006450,1.000000,0.013568,0.052500,0.036031,0.115613,0.116629,4.6181,0.651787,0.603477,0.070630,0.073636,16.738632,-0.702907,391
727,1.005788,1.000000,0.013158,0.052500,0.036031,0.115860,0.116624,4.3283,0.640367,0.598476,0.071400,0.073832,16.907404,-0.308435,391
728,1.005127,1.000000,0.012682,0.052500,0.036031,0.115087,0.115645,3.2427,0.629905,0.593574,0.072043,0.074011,17.196779,0.171771,391
729,1.004466,1.000000,0.012194,0.052500,0.036031,0.114045,0.114449,1.9822,0.619464,0.588365,0.072628,0.074190,17.517984,0.702205,391
730,1.003807,1.000000,0.011720,0.052500,0.036031,0.113096,0.113373,1.5098,0.608667,0.582665,0.073177,0.074376,17.821833,1.262112,391
731,1.003148,1.000000,0.011234,0.052500,0.036031,0.111879,0.112072,768.5645,0.597819,0.576553,0.073670,0.074561,18.160768,1.883932,552
732,1.002490,1.000000,0.010833,0.052500,0.036031,0.111724,0.111841,447.2920,0.585931,0.569445,0.074147,0.074762,18.327858,-1.549339,552
733,1.001834,1.000000,0.010393,0.052500,0.036031,0.110937,0.110992,1.0905,0.574307,0.561999,0.074546,0.074947,18.581330,-0.885348,230
734,1.001177,1.000000,0.009954,0.052500,0.036031,0.110053,0.110084,2.3338,0.562507,0.553873,0.074883,0.075123,18.840177,-0.166037,230
735,1.000522,1.000000,0.009581,0.052500,0.036031,0.109940,0.109952,4.5824,0.550173,0.544777,0.075166,0.075288,18.955595,0.502615,230
736,0.999868,1.000000,0.009130,0.052500,0.036031,0.108679,0.108678,8.5885,0.538084,0.535172,0.075371,0.075422,19.253066,1.365671,230
737,0.999214,1.000000,0.008706,0.052500,0.036031,0.107662,0.107666,14.8191,0.525643,0.524518,0.075511,0.075524,19.496229,-1.745946,230
738,0.998562,1.000000,0.008308,0.052500,0.036031,0.106886,0.106877,24.7498,0.512939,0.512799,0.075578,0.075579,19.681018,-0.838943,230
739,0.997910,1.000000,0.008003,0.052500,0.036031,0.107210,0.107741,40.0033,0.500126,0.500001,0.075568,0.075568,19.644727,-0.091861,230
740,0.997259,1.000000,0.007580,0.052500,0.036031,0.105868,0.105865,63.1690,0.487074,0.485929,0.075479,0.075472,19.896314,1.012855,230
741,0.996609,1.000000,0.007269,0.052500,0.036031,0.105882,0.105889,97.2410,0.474149,0.470786,0.075311,0.075267,19.875134,1.873709,230
742,0.995960,1.000000,0.006847,0.052500,0.036031,0.104310,0.104324,130.0169,0.460555,0.453528,0.075052,0.074908,20.131395,-0.866292,230
743,0.995311,1.000000,0.006523,0.052500,0.036031,0.103921,0.103959,151.8299,0.447296,0.435214,0.074713,0.074375,20.141752,0.133558,230
744,0.994664,1.000000,0.006168,0.052500,0.036031,0.102977,0.103086,175.1071,0.433611,0.414763,0.074277,0.073596,20.234210,1.279993,230
745,0.994017,1.000000,0.005845,0.052500,0.036031,0.102348,0.102581,333.3595,0.420031,0.392715,0.073756,0.072534,20.242088,-1.682219,552
746,0.993371,1.000000,0.005575,0.052500,0.036031,0.102305,0.102763,364.7075,0.406958,0.369794,0.073169,0.071181,20.115583,-0.896032,552
747,0.992726,1.000000,0.005234,0.052500,0.036031,0.101161,0.102020,267.5045,0.392778,0.343050,0.072444,0.069279,20.167662,0.125866,552
748,0.992082,1.000000,0.004938,0.052500,0.036031,0.100511,0.101993,221.3381,0.379044,0.315176,0.071647,0.066911,20.100756,0.821075,552
749,0.991438,1.000000,0.004663,0.052500,0.036031,0.100004,0.102479,202.6014,0.365490,0.285875,0.070769,0.063984,19.980976,1.214073,552
750,0.990796,1.000000,0.004388,0.052500,0.036031,0.099367,0.103367,191.9511,0.351780,0.254611,0.069790,0.060342,19.856467,1.306551,552
751,0.990154,1.000000,0.004126,0.052500,0.036031,0.098782,0.105099,127.0180,0.338179,0.222206,0.068725,0.055968,19.694807,0.936220,552
752,0.989513,1.000000,0.003890,0.052500,0.036031,0.098442,0.108166,196.9831,0.325062,0.190098,0.067607,0.050986,19.466628,-0.012727,230
753,0.988873,1.000000,0.003642,0.052500,0.036031,0.097777,0.110779,223.9181,0.311477,0.164866,0.066358,0.046574,19.262088,-1.562877,230
754,0.988234,1.000000,0.003439,0.052500,0.036031,0.097661,0.112844,256.5487,0.299043,0.148575,0.065128,0.043467,18.951716,0.705466,230
755,0.987596,1.000000,0.003230,0.052500,0.036031,0.097318,0.114829,294.4174,0.286357,0.133450,0.063788,0.040395,18.651401,-1.010925,230
756,0.986958,1.000000,0.002989,0.052500,0.036031,0.096321,0.116019,340.6109,0.272454,0.119471,0.062224,0.037385,18.406148,1.303498,230
757,0.986321,1.000000,0.002781,0.052500,0.036031,0.095686,0.118078,388.6665,0.259437,0.106662,0.060660,0.034474,18.086094,-0.329509,230
758,0.985685,1.000000,0.002598,0.052500,0.036031,0.095331,0.120986,453.9103,0.247244,0.095029,0.059106,0.031698,17.711091,-1.890068,230
759,0.985050,1.000000,0.002423,0.052500,0.036031,0.094946,0.124388,523.9014,0.235210,0.084581,0.057488,0.029094,17.318271,0.643487,230
760,0.984416,1.000000,0.002267,0.052500,0.036031,0.094761,0.128822,602.0498,0.223911,0.075336,0.055888,0.026703,16.890889,-0.704879,230
761,0.983782,1.000000,0.002091,0.052500,0.036031,0.094083,0.132950,673.5034,0.211655,0.067320,0.054067,0.024571,16.479551,-1.907966,230
762,0.983150,1.000000,0.001961,0.052500,0.036031,0.094096,0.139487,749.5751,0.201410,0.060615,0.052467,0.022764,16.010326,1.072521,230
763,0.982518,1.000000,0.001819,0.052500,0.036031,0.093731,0.146121,812.2679,0.190499,0.055284,0.050691,0.021349,15.548642,0.275748,230
764,0.981887,1.000000,0.001689,0.052500,0.036031,0.093476,0.153681,869.0608,0.180174,0.051459,0.048936,0.020420,15.070443,-0.242910,230
765,0.981257,1.000000,0.001534,0.052500,0.036031,0.092530,0.159880,842.9309,0.168328,0.049304,0.046836,0.020093,14.589925,-0.416657,230
766,0.980627,1.000000,0.001418,0.052500,0.036031,0.092234,0.167192,812.3052,0.158514,0.049035,0.045014,0.020511,14.085647,-0.160664,230
767,0.979999,1.000000,0.001314,0.052500,0.036031,0.092082,0.173309,778.3625,0.149413,0.050930,0.043259,0.021852,13.576246,0.629487,230
768,0.978744,1.000000,0.001120,0.052500,0.036031,0.091663,0.178569,2096.0301,0.131908,0.062704,0.039699,0.028261,12.548019,0.375922,230
769,0.977492,1.000000,0.000953,0.052500,0.036031,0.091328,0.175621,2094.1001,0.115969,0.088508,0.036230,0.041817,11.522902,0.293176,230
770,0.976868,1.000000,0.000875,0.052500,0.036031,0.091124,0.172355,2094.6001,0.108404,0.108314,0.034503,0.052356,11.012200,-1.545469,230
771,0.976244,1.000000,0.000798,0.052500,0.036031,0.090768,0.168604,2094.8001,0.100794,0.133912,0.032710,0.066194,10.494187,-1.447140,230
772,0.974999,1.000000,0.000670,0.052500,0.036031,0.090397,0.300000,2095.3401,0.087433,0.000000,0.029413,0.000000,9.499590,0.000000,230
773,0.973757,1.000000,0.000573,0.052500,0.036031,0.090590,0.300000,2090.5401,0.076655,0.000000,0.026603,0.000000,8.595599,0.000000,230
774,0.972518,1.000000,0.000483,0.052500,0.036031,0.090540,0.300000,2086.9601,0.066444,0.000000,0.023808,0.000000,7.716472,0.000000,230
775,0.971282,1.000000,0.000407,0.052500,0.036031,0.090520,0.300000,2081.6301,0.057381,0.000000,0.021206,0.000000,6.892104,0.000000,230
776,0.970665,1.000000,0.000371,0.052500,0.036031,0.090466,0.300000,2082.7101,0.053146,0.000000,0.019948,0.000000,6.495149,0.000000,230
777,0.970049,1.000000,0.000349,0.052500,0.036031,0.090946,0.300000,2070.8501,0.050168,0.000000,0.019041,0.000000,6.175202,0.000000,230
778,0.968820,1.000000,0.000298,0.052500,0.036031,0.091304,0.300000,2069.9001,0.043643,0.000000,0.017006,0.000000,5.507528,0.000000,230
779,0.967594,1.000000,0.000256,0.052500,0.036031,0.091837,0.300000,2061.3101,0.038152,0.000000,0.015230,0.000000,4.915946,0.000000,230
780,0.966370,1.000000,0.000212,0.052500,0.036031,0.091729,0.300000,1358.2974,0.032353,0.000000,0.013286,0.000000,4.304395,0.000000,713
781,0.965150,1.000000,0.000189,0.052500,0.036031,0.092915,0.300000,727.4311,0.029037,0.000000,0.012133,0.000000,3.890454,0.000000,713
782,0.964541,1.000000,0.000174,0.052500,0.036031,0.093010,0.300000,637.2748,0.026871,0.000000,0.011366,0.000000,3.645658,0.000000,713
783,0.963933,1.000000,0.000167,0.052500,0.036031,0.093869,0.300000,526.1149,0.025798,0.000000,0.010979,0.000000,3.493512,0.000000,713
784,0.962719,1.000000,0.000142,0.052500,0.036031,0.094229,0.300000,2057.7101,0.022245,0.000000,0.009681,0.000000,3.076595,0.000000,231
785,0.961508,1.000000,0.000129,0.052500,0.036031,0.095621,0.300000,2043.7901,0.020217,0.000000,0.008918,0.000000,2.799848,0.000000,231
786,0.960300,1.000000,0.000119,0.052500,0.036031,0.097230,0.300000,2027.7001,0.018618,0.000000,0.008305,0.000000,2.570550,0.000000,231
787,0.959095,1.000000,0.000107,0.052500,0.036031,0.098310,0.300000,2016.9001,0.016694,0.000000,0.007557,0.000000,2.319331,0.000000,231
788,0.958494,1.000000,0.000103,0.052500,0.036031,0.099205,0.300000,2007.9501,0.016124,0.000000,0.007331,0.000000,2.232442,0.000000,231
789,0.957893,1.000000,0.000100,0.052500,0.036031,0.100080,0.300000,1999.2001,0.015565,0.000000,0.007108,0.000000,2.148217,0.000000,231
790,0.956695,1.000000,0.000094,0.052500,0.036031,0.101767,0.300000,1982.3301,0.014473,0.000000,0.006669,0.000000,1.987154,0.000000,231
791,0.955499,1.000000,0.000081,0.052500,0.036031,0.102336,0.300000,1976.6401,0.012665,0.000000,0.005936,0.000000,1.763268,0.000000,231
792,0.954306,1.000000,0.000072,0.052500,0.036031,0.103185,0.300000,1968.1501,0.011258,0.000000,0.005353,0.000000,1.580919,0.000000,230
793,0.953116,1.000000,0.000075,0.052500,0.036031,0.106254,0.300000,1937.4601,0.011395,0.000000,0.005403,0.000000,1.553430,0.000000,230
794,0.952522,1.000000,0.000069,0.052500,0.036031,0.106299,0.300000,1937.0101,0.010531,0.000000,0.005041,0.000000,1.450727,0.000000,230
795,1.076618,1.000000,0.078993,0.052500,0.044245,0.142390,0.253083,76.2056,0.994727,0.824474,0.003433,0.058489,0.470146,-1.195059,230
796,1.069090,1.000000,0.071594,0.052500,0.044245,0.152613,0.218725,59.9782,0.984980,0.852128,0.008526,0.051943,1.104761,-0.836300,230
797,1.061665,1.000000,0.064368,0.052500,0.044245,0.156269,0.188841,47.2398,0.971776,0.887261,0.014444,0.042776,1.853402,-0.550940,230
798,1.035771,1.000000,0.039377,0.052500,0.044245,0.135695,0.148716,36.1101,0.907746,0.806824,0.036035,0.059726,5.594591,1.963448,230
799,1.028801,1.000000,0.033001,0.052500,0.044245,0.131438,0.134359,26.4464,0.869673,0.820131,0.045858,0.056760,7.450323,-0.538645,230
800,1.027418,1.000000,0.031633,0.052500,0.044245,0.127800,0.130380,21.8063,0.865648,0.817943,0.046767,0.057114,7.835229,-0.194634,230
801,1.026039,1.000000,0.030362,0.052500,0.044245,0.126075,0.128146,18.1337,0.857730,0.813665,0.048563,0.057867,8.269758,0.163972,230
802,1.024664,1.000000,0.029088,0.052500,0.044245,0.124060,0.125713,11.9523,0.849836,0.809224,0.050290,0.058635,8.726208,0.552275,230
803,1.023292,1.000000,0.028046,0.052500,0.044245,0.126205,0.127303,7.3337,0.833505,0.799582,0.053743,0.060335,9.191471,0.914441,230
804,1.021924,1.000000,0.026798,0.052500,0.044245,0.124133,0.124962,4.0411,0.824486,0.793910,0.055513,0.061267,9.678634,1.354020,230
805,1.020559,1.000000,0.025574,0.052500,0.044245,0.122257,0.122879,2.0182,0.814487,0.787351,0.057400,0.062323,10.188256,1.822372,230
806,1.019199,1.000000,0.024340,0.052500,0.044245,0.119985,0.120432,1.2555,0.804594,0.780630,0.059182,0.063372,10.732062,-1.665690,230
807,1.015813,1.000000,0.021555,0.052500,0.044245,0.118073,0.118217,0.6551,0.769635,0.754938,0.064938,0.067178,12.046489,-0.369222,230
808,1.015138,1.000000,0.020996,0.052500,0.044245,0.117431,0.125052,0.1396,0.762588,0.639896,0.065988,0.079892,12.324476,-0.943733,230
809,1.013792,1.000000,0.019967,0.052500,0.044245,0.117229,0.123227,0.0450,0.746021,0.635745,0.068331,0.080098,12.818163,-0.546158,230
810,1.012449,1.000000,0.018861,0.052500,0.044245,0.115584,0.120308,4.6953,0.731244,0.631642,0.070252,0.080290,13.401571,-0.074399,230
811,1.011110,1.000000,0.017778,0.052500,0.044245,0.113979,0.117590,0.0008,0.715563,0.626971,0.072137,0.080512,13.991863,0.448370,230
812,1.009774,1.000000,0.016737,0.052500,0.044245,0.112664,0.115309,0.0497,0.698575,0.621508,0.074008,0.080773,14.560810,1.020780,230
813,1.009108,1.000000,0.016297,0.052500,0.044245,0.112961,0.115142,0.1180,0.688362,0.618052,0.075055,0.080944,14.747555,1.293043,230
814,1.008442,1.000000,0.015805,0.052500,0.044245,0.112469,0.114282,0.9866,0.679165,0.614723,0.075939,0.081099,15.006195,1.610249,230
815,1.007113,1.000000,0.014822,0.052500,0.044245,0.111263,0.112458,4.1876,0.660497,0.607443,0.077577,0.081428,15.536899,-1.690557,230
816,1.005788,1.000000,0.013842,0.052500,0.044245,0.109765,0.110498,12.8682,0.641370,0.599175,0.079044,0.081779,16.089193,-0.891162,230
817,1.004466,1.000000,0.012917,0.052500,0.044245,0.108629,0.109033,33.2073,0.621006,0.589377,0.080382,0.082165,16.576133,-0.015769,230
818,1.003148,1.000000,0.011936,0.052500,0.044245,0.106453,0.106655,50.8641,0.600759,0.578425,0.081480,0.082547,17.191051,1.055126,230
819,1.002490,1.000000,0.011495,0.052500,0.044245,0.105853,0.105979,77.0024,0.589855,0.572004,0.081981,0.082750,17.417615,1.602667,230
820,1.001834,1.000000,0.011127,0.052500,0.044245,0.106045,0.106111,105.4933,0.578248,0.564740,0.082447,0.082959,17.507833,-1.898040,230
821,1.000522,1.000000,0.010209,0.052500,0.044245,0.103945,0.103959,138.6672,0.556085,0.549317,0.083128,0.083317,18.056289,-0.533488,230
822,0.999214,1.000000,0.009399,0.052500,0.044245,0.102761,0.102766,177.4704,0.532641,0.530660,0.083568,0.083602,18.409176,0.889994,230
823,0.997910,1.000000,0.008668,0.052500,0.044245,0.102150,0.102620,222.7984,0.508566,0.508550,0.083720,0.083721,18.601552,-1.623521,230
824,0.996609,1.000000,0.007875,0.052500,0.044245,0.100383,0.100383,253.4711,0.483923,0.482302,0.083563,0.083549,18.942653,0.224838,230
825,0.995960,1.000000,0.007511,0.052500,0.044245,0.099745,0.099740,287.8855,0.471395,0.467333,0.083361,0.083296,19.042769,1.161573,230
826,0.995311,1.000000,0.007174,0.052500,0.044245,0.099320,0.099332,380.3843,0.458850,0.451124,0.083077,0.082894,19.083794,-1.929651,230
827,0.994017,1.000000,0.006508,0.052500,0.044245,0.098249,0.098348,505.1163,0.433429,0.414271,0.082249,0.081479,19.149313,-0.039441,230
828,0.992726,1.000000,0.005896,0.052500,0.044245,0.097402,0.097821,656.1737,0.407991,0.371408,0.081079,0.078938,19.090737,1.672957,230
829,0.991438,1.000000,0.005279,0.052500,0.044245,0.096049,0.097336,788.7510,0.381889,0.320760,0.079523,0.074650,19.037525,-0.831189,230
830,0.990154,1.000000,0.004722,0.052500,0.044245,0.094987,0.098308,830.9387,0.356071,0.264157,0.077621,0.068107,18.838677,-0.234754,230
831,0.989513,1.000000,0.004472,0.052500,0.044245,0.094665,0.099751,812.5534,0.343540,0.234617,0.076564,0.063902,18.669619,-0.465781,230
832,0.988873,1.000000,0.004230,0.052500,0.044245,0.094318,0.102018,2130.2701,0.331060,0.204356,0.075425,0.058988,18.483251,-1.102916,230
833,0.987596,1.000000,0.003708,0.052500,0.044245,0.092751,0.103300,2126.7101,0.304686,0.168421,0.072732,0.052257,18.171365,0.218907,230
834,0.986321,1.000000,0.003310,0.052500,0.044245,0.092399,0.106266,2112.3201,0.281152,0.139442,0.069977,0.046064,17.595106,1.404095,230
835,0.985050,1.000000,0.002919,0.052500,0.044245,0.091689,0.109436,2095.0901,0.257549,0.114261,0.066880,0.040068,16.990235,-1.333987,230
836,0.983782,1.000000,0.002529,0.052500,0.044245,0.090481,0.112761,2065.3101,0.233451,0.092871,0.063358,0.034477,16.352578,0.102893,230
837,0.983150,1.000000,0.002367,0.052500,0.044245,0.090190,0.115537,2046.0501,0.222479,0.083626,0.061626,0.031911,15.977288,-1.076593,230
838,0.982518,1.000000,0.002204,0.052500,0.044245,0.089776,0.118565,2013.2301,0.211421,0.075346,0.059798,0.029536,15.594847,1.830537,231
839,0.981257,1.000000,0.001919,0.052500,0.044245,0.089230,0.127268,1971.2501,0.190797,0.061851,0.056154,0.025542,14.772282,-0.009062,231
840,0.979999,1.000000,0.001660,0.052500,0.044245,0.088653,0.139165,1938.3101,0.171165,0.052796,0.052392,0.022917,13.907888,-1.213417,231
841,0.978744,1.000000,0.001440,0.052500,0.044245,0.088331,0.153948,130.2139,0.153375,0.048954,0.048716,0.022291,13.012583,-1.481560,391
842,0.977492,1.000000,0.001240,0.052500,0.044245,0.087931,0.166806,29.2076,0.136544,0.051610,0.044991,0.024603,12.103027,-0.360400,391
843,0.976868,1.000000,0.001137,0.052500,0.044245,0.087465,0.170559,25.8003,0.127841,0.055952,0.042966,0.027273,11.634768,0.919121,391
844,0.973757,1.000000,0.000783,0.052500,0.044245,0.087207,0.168462,20.7117,0.094427,0.122970,0.034465,0.066578,9.420402,-0.260652,391
845,0.970665,1.000000,0.000527,0.052500,0.044245,0.086973,0.300000,16.5305,0.067933,0.000000,0.026788,0.000000,7.388517,0.000000,391
846,0.967594,1.000000,0.000358,0.052500,0.044245,0.087329,0.300000,10.9771,0.048684,0.000000,0.020549,0.000000,5.680415,0.000000,391
847,0.964541,1.000000,0.000256,0.052500,0.044245,0.088768,0.300000,8.2873,0.035946,0.000000,0.016024,0.000000,4.385363,0.000000,391
848,0.961508,1.000000,0.000186,0.052500,0.044245,0.090491,0.300000,6.2233,0.026763,0.000000,0.012514,0.000000,3.380876,0.000000,391
849,0.958494,1.000000,0.000147,0.052500,0.044245,0.093469,0.300000,4.4732,0.021270,0.000000,0.010284,0.000000,2.706871,0.000000,391
850,0.955499,1.000000,0.000109,0.052500,0.044245,0.095395,0.300000,1.4369,0.016063,0.000000,0.008072,0.000000,2.094770,0.000000,391
851,0.952522,1.000000,0.000090,0.052500,0.044245,0.098677,0.300000,70.2602,0.013168,0.000000,0.006782,0.000000,1.712116,0.000000,230
852,0.949564,1.000000,0.000081,0.052500,0.044245,0.102875,0.300000,43.1336,0.011500,0.000000,0.006012,0.000000,1.464906,0.000000,230
853,0.946624,1.000000,0.000068,0.052500,0.044245,0.106169,0.300000,23.8937,0.009614,0.000000,0.005128,0.000000,1.218163,0.000000,230
854,1.054343,1.000000,0.057428,0.052500,0.046982,0.150764,0.169360,20.4744,0.956475,0.888533,0.021088,0.043424,2.678158,-0.101534,230
855,1.036473,1.000000,0.040373,0.052500,0.046982,0.137789,0.149324,17.0627,0.902682,0.807733,0.038651,0.061410,5.557618,1.834927,230
856,1.032972,1.000000,0.037027,0.052500,0.046982,0.132676,0.137572,11.1688,0.890308,0.830312,0.042017,0.056595,6.317086,-1.431118,230
857,1.026039,1.000000,0.030799,0.052500,0.046982,0.128489,0.130107,6.9000,0.847430,0.808001,0.052443,0.060740,8.252012,0.070902,230
858,1.021924,1.000000,0.027059,0.052500,0.046982,0.122958,0.123710,3.8459,0.821106,0.791779,0.057898,0.063518,9.597021,1.265750,230
859,1.019199,1.000000,0.024780,0.052500,0.046982,0.121717,0.122066,1.8716,0.796020,0.774692,0.062582,0.066305,10.535243,-1.857209,230
860,1.016488,1.000000,0.022606,0.052500,0.046982,0.120890,0.121025,1.2773,0.767712,0.753511,0.067273,0.069487,11.463258,-0.927565,230
861,1.015813,1.000000,0.022033,0.052500,0.046982,0.120052,0.120155,0.6834,0.761369,0.748507,0.068235,0.070188,11.723965,-0.661155,230
862,1.015138,1.000000,0.021401,0.052500,0.046982,0.118299,0.125325,0.2086,0.756459,0.638742,0.068949,0.082416,12.038179,-1.069654,230
863,1.012449,1.000000,0.019325,0.052500,0.046982,0.117114,0.121427,0.0040,0.724826,0.630153,0.073248,0.082846,12.986867,-0.254485,230
864,1.009774,1.000000,0.017252,0.052500,0.046982,0.114770,0.117159,1106.9257,0.692370,0.619744,0.076958,0.083353,13.997144,0.763941,552
865,1.009108,1.000000,0.016680,0.052500,0.046982,0.113304,0.115351,0.0275,0.685054,0.617099,0.077695,0.083472,14.332965,1.086459,230
866,1.008442,1.000000,0.016174,0.052500,0.046982,0.112631,0.114337,0.0657,0.676375,0.613887,0.078535,0.083623,14.593767,1.396961,230
867,1.007113,1.000000,0.015264,0.052500,0.046982,0.112320,0.113437,0.0113,0.657126,0.606274,0.080242,0.083978,14.991855,-1.980821,233
868,1.005788,1.000000,0.014303,0.052500,0.046982,0.111055,0.111745,0.0636,0.638430,0.598036,0.081683,0.084332,15.475464,-1.241324,231
869,1.004466,1.000000,0.013364,0.052500,0.046982,0.109749,0.110134,115.3536,0.619026,0.588537,0.082964,0.084710,15.947092,-0.411017,392
870,1.003148,1.000000,0.012428,0.052500,0.046982,0.108154,0.108341,661.1155,0.599102,0.577640,0.084054,0.085096,16.438115,0.543276,552
871,1.002490,1.000000,0.011961,0.052500,0.046982,0.107247,0.107375,325.7181,0.588906,0.571560,0.084526,0.085288,16.692014,1.075389,552
872,1.001834,1.000000,0.011494,0.052500,0.046982,0.106267,0.106335,0.7354,0.578529,0.565012,0.084947,0.085477,16.952114,1.650170,230
873,1.000522,1.000000,0.010720,0.052500,0.046982,0.105914,0.105935,3.0895,0.556327,0.549590,0.085654,0.085848,17.195040,-1.272003,230
874,0.999214,1.000000,0.009895,0.052500,0.046982,0.104618,0.104618,9.3565,0.534049,0.531911,0.086090,0.086127,17.542530,0.039413,230
875,0.997910,1.000000,0.009119,0.052500,0.046982,0.103517,0.103518,24.7139,0.511130,0.511070,0.086258,0.086258,17.810213,1.464972,230
876,0.996609,1.000000,0.008312,0.052500,0.046982,0.101691,0.101694,37.8647,0.487561,0.486404,0.086137,0.086129,18.151890,-0.830603,230
877,0.995960,1.000000,0.007967,0.052500,0.046982,0.101326,0.101319,56.1694,0.475660,0.472500,0.085963,0.085918,18.204217,-0.029953,230
878,0.995311,1.000000,0.007656,0.052500,0.046982,0.101249,0.101255,102.6698,0.463831,0.457615,0.085713,0.085580,18.188775,0.719888,230
879,0.994017,1.000000,0.006970,0.052500,0.046982,0.100060,0.100134,132.5432,0.439545,0.423523,0.084966,0.084370,18.292090,-1.518930,230
880,0.992726,1.000000,0.006325,0.052500,0.046982,0.098949,0.099258,167.0705,0.415015,0.383694,0.083888,0.082168,18.310231,0.174124,230
881,0.991438,1.000000,0.005713,0.052500,0.046982,0.097833,0.098769,209.3030,0.390292,0.337548,0.082470,0.078520,18.253220,1.625760,230
882,0.990154,1.000000,0.005104,0.052500,0.046982,0.096304,0.098775,238.3709,0.364894,0.283903,0.080663,0.072728,18.183873,-1.380936,230
883,0.989513,1.000000,0.004841,0.052500,0.046982,0.095902,0.099688,269.1677,0.352681,0.255949,0.079663,0.069004,18.057246,-1.346009,230
884,0.988873,1.000000,0.004618,0.052500,0.046982,0.095889,0.101506,454.9426,0.341168,0.228592,0.078640,0.064859,17.850843,-1.711339,230
885,0.987596,1.000000,0.004115,0.052500,0.046982,0.094815,0.105082,588.2801,0.316662,0.179174,0.076215,0.056010,17.541500,0.446046,230
886,0.986321,1.000000,0.003665,0.052500,0.046982,0.093986,0.107240,730.1455,0.292938,0.149765,0.073526,0.049802,17.116084,1.793015,230
887,0.985050,1.000000,0.003235,0.052500,0.046982,0.092977,0.109684,788.6129,0.269297,0.123921,0.070505,0.043711,16.633935,-0.823272,230
888,0.983782,1.000000,0.002838,0.052500,0.046982,0.091960,0.112890,842.1479,0.246178,0.101636,0.067208,0.037927,16.072554,0.682271,230
889,0.983150,1.000000,0.002682,0.052500,0.046982,0.091905,0.115742,48.9641,0.235983,0.091851,0.065638,0.035220,15.726678,-0.488412,391
890,0.982518,1.000000,0.002513,0.052500,0.046982,0.091548,0.118465,16.1834,0.225256,0.082958,0.063912,0.032669,15.392707,-1.593627,391
891,0.979999,1.000000,0.001929,0.052500,0.046982,0.090442,0.135936,7.5174,0.185393,0.056933,0.056776,0.024801,13.912559,-1.006723,391
892,0.978744,1.000000,0.001671,0.052500,0.046982,0.089752,0.148580,2120.1401,0.166550,0.050369,0.052981,0.023007,13.116070,-1.776006,233
893,0.977492,1.000000,0.001451,0.052500,0.046982,0.089324,0.162339,2115.1701,0.149471,0.049177,0.049284,0.023508,12.290717,-1.526315,233
894,0.976868,1.000000,0.001348,0.052500,0.046982,0.089068,0.167929,2105.8901,0.141219,0.051011,0.047407,0.024929,11.871627,-0.879163,233
895,0.973757,1.000000,0.000949,0.052500,0.046982,0.088708,0.172923,2090.7201,0.106531,0.095589,0.038783,0.051848,9.813907,-0.722755,232
896,0.970665,1.000000,0.000641,0.052500,0.046982,0.087986,0.300000,2067.9701,0.077470,0.000000,0.030526,0.000000,7.837688,0.000000,232
897,0.967594,1.000000,0.000449,0.052500,0.046982,0.088483,0.300000,2045.6501,0.057116,0.000000,0.024036,0.000000,6.175585,0.000000,232
898,0.964541,1.000000,0.000319,0.052500,0.046982,0.089411,0.300000,2016.0601,0.042184,0.000000,0.018810,0.000000,4.813001,0.000000,232
899,0.961508,1.000000,0.000233,0.052500,0.046982,0.090928,0.300000,1985.1401,0.031686,0.000000,0.014837,0.000000,3.756765,0.000000,230
900,0.958494,1.000000,0.000179,0.052500,0.046982,0.093203,0.300000,1944.9601,0.024639,0.000000,0.011995,0.000000,2.981660,0.000000,230
901,0.955499,1.000000,0.000138,0.052500,0.046982,0.095435,0.300000,1913.4701,0.019178,0.000000,0.009677,0.000000,2.363855,0.000000,230
902,0.952522,1.000000,0.000112,0.052500,0.046982,0.098394,0.300000,3.4944,0.015604,0.000000,0.008089,0.000000,1.928471,0.000000,391
903,0.949564,1.000000,0.000093,0.052500,0.046982,0.101486,0.300000,1.3515,0.012890,0.000000,0.006839,0.000000,1.590848,0.000000,391
904,0.946624,1.000000,0.000084,0.052500,0.046982,0.105504,0.300000,1.0310,0.011324,0.000000,0.006094,0.000000,1.371933,0.000000,391
905,0.943702,1.000000,0.000071,0.052500,0.046982,0.108653,0.300000,185.9598,0.009542,0.000000,0.005233,0.000000,1.151104,0.000000,552
906,1.080423,1.000000,0.083110,0.052500,0.049720,0.146550,0.249717,64.0981,0.993118,0.827532,0.004625,0.061531,0.543756,-1.337289,230
907,1.076618,1.000000,0.079380,0.052500,0.049720,0.153159,0.233676,50.3122,0.987940,0.839672,0.007531,0.058494,0.853185,-1.176030,230
908,1.069090,1.000000,0.072035,0.052500,0.049720,0.158323,0.202573,39.2601,0.976372,0.871027,0.013288,0.050175,1.476882,-0.877156,230
909,1.065364,1.000000,0.068105,0.052500,0.049720,0.132118,0.181893,22.4294,0.987858,0.891161,0.007496,0.044378,1.005377,-0.786309,230
910,1.037176,1.000000,0.041350,0.052500,0.049720,0.139281,0.149707,18.8530,0.898828,0.808631,0.040934,0.063036,5.494807,1.711527,230
911,1.034369,1.000000,0.038769,0.052500,0.049720,0.137484,0.142397,15.5341,0.885466,0.824966,0.044639,0.059464,6.103539,-1.736117,230
912,1.032972,1.000000,0.037372,0.052500,0.049720,0.133901,0.138007,6.5065,0.882750,0.826902,0.045327,0.058965,6.380646,-1.471874,230
913,1.030187,1.000000,0.034751,0.052500,0.049720,0.130070,0.133051,3.6810,0.870748,0.820828,0.048401,0.060103,7.051910,-0.928105,230
914,1.026039,1.000000,0.031181,0.052500,0.049720,0.129690,0.131007,1.1125,0.839799,0.803637,0.055712,0.063345,8.206976,-0.014655,230
915,1.023292,1.000000,0.028842,0.052500,0.049720,0.128629,0.129341,0.6450,0.818091,0.789985,0.060270,0.065762,8.999714,0.682342,230
916,1.021924,1.000000,0.027560,0.052500,0.049720,0.125878,0.126433,0.1659,0.810484,0.784866,0.061739,0.066604,9.445789,1.100767,230
917,1.019199,1.000000,0.025293,0.052500,0.049720,0.124459,0.124711,0.0092,0.786161,0.767636,0.066195,0.069401,10.297811,1.920255,230
918,1.015138,1.000000,0.021873,0.052500,0.049720,0.120097,0.126507,0.0065,0.749183,0.637295,0.072055,0.084900,11.709801,-1.209952,230
919,1.013792,1.000000,0.020869,0.052500,0.049720,0.120017,0.125048,0.0245,0.733278,0.633009,0.074287,0.085122,12.112527,-0.850488,230
920,1.012449,1.000000,0.019808,0.052500,0.049720,0.118875,0.122801,0.0385,0.718531,0.628641,0.076187,0.085338,12.575125,-0.433352,230
921,1.009774,1.000000,0.017649,0.052500,0.049720,0.115328,0.117571,0.0262,0.688852,0.618748,0.079563,0.085815,13.607971,0.573606,230
922,1.009108,1.000000,0.017142,0.052500,0.049720,0.114699,0.116584,0.5562,0.680588,0.615750,0.080405,0.085960,13.845642,0.850808,230
923,1.008442,1.000000,0.016675,0.052500,0.049720,0.114496,0.116049,2.2256,0.671582,0.612351,0.081277,0.086125,14.039145,1.125158,230
924,1.005788,1.000000,0.014724,0.052500,0.049720,0.111889,0.112540,104.2560,0.636241,0.597201,0.084202,0.086801,14.961856,-1.543375,391
925,1.004466,1.000000,0.013778,0.052500,0.049720,0.110509,0.110877,49.1257,0.617572,0.587940,0.085445,0.087173,15.412851,-0.755356,391
926,1.002490,1.000000,0.012557,0.052500,0.049720,0.110158,0.110269,41.0575,0.586993,0.570565,0.087049,0.087778,15.814480,0.460369,391
927,1.001834,1.000000,0.011992,0.052500,0.049720,0.108065,0.108130,29.8128,0.577851,0.564701,0.087417,0.087944,16.210183,1.084995,391
928,1.000522,1.000000,0.011145,0.052500,0.049720,0.106894,0.106911,13.1743,0.556988,0.550159,0.088093,0.088298,16.557701,-1.836144,391
929,0.999214,1.000000,0.010392,0.052500,0.049720,0.106455,0.106456,7.0689,0.535350,0.533064,0.088537,0.088580,16.753559,-0.731273,230
930,0.997910,1.000000,0.009589,0.052500,0.049720,0.105111,0.105110,18.2298,0.513491,0.513368,0.088720,0.088720,17.047362,0.605936,230
931,0.996609,1.000000,0.008807,0.052500,0.049720,0.103665,0.103663,27.8035,0.491036,0.490243,0.088632,0.088628,17.313116,-1.902912,230
932,0.995960,1.000000,0.008482,0.052500,0.049720,0.103555,0.103551,42.0361,0.479766,0.477354,0.088483,0.088454,17.324985,-1.228033,230
933,0.995311,1.000000,0.008079,0.052500,0.049720,0.102476,0.102479,91.8261,0.468111,0.463050,0.088256,0.088159,17.485272,-0.338228,230
934,0.994017,1.000000,0.007393,0.052500,0.049720,0.101386,0.101442,128.4467,0.444851,0.431293,0.087578,0.087109,17.583095,1.271782,230
935,0.992726,1.000000,0.006727,0.052500,0.049720,0.100164,0.100387,159.9029,0.421197,0.394105,0.086581,0.085178,17.640688,-1.095462,230
936,0.991438,1.000000,0.006109,0.052500,0.049720,0.099103,0.099810,203.2393,0.397458,0.351352,0.085265,0.081998,17.604373,0.327091,230
937,0.990154,1.000000,0.005531,0.052500,0.049720,0.098124,0.099947,231.0748,0.373732,0.302988,0.083631,0.077107,17.484435,1.315817,230
938,0.989513,1.000000,0.005275,0.052500,0.049720,0.097882,0.100662,257.1486,0.362231,0.277574,0.082721,0.073958,17.359539,1.485065,230
939,0.988873,1.000000,0.005000,0.052500,0.049720,0.097309,0.101513,326.3737,0.350295,0.250041,0.081698,0.070074,17.267969,1.499677,230
940,0.987596,1.000000,0.004483,0.052500,0.049720,0.096262,0.105445,419.2754,0.326654,0.192904,0.079423,0.060316,17.013632,0.528001,230
941,0.986321,1.000000,0.004052,0.052500,0.049720,0.095886,0.108731,536.1166,0.304532,0.159773,0.076984,0.053467,16.598885,-1.892016,230
942,0.985050,1.000000,0.003582,0.052500,0.049720,0.094601,0.110591,671.4350,0.281035,0.133391,0.074070,0.047315,16.229191,-0.385331,230
943,0.983782,1.000000,0.003205,0.052500,0.049720,0.094118,0.114442,739.2270,0.259715,0.110363,0.071114,0.041388,15.701899,1.201956,230
944,0.983150,1.000000,0.003048,0.052500,0.049720,0.094186,0.117293,864.2668,0.250039,0.100127,0.069670,0.038573,15.391579,0.052595,230
945,0.982518,1.000000,0.002853,0.052500,0.049720,0.093601,0.119316,2097.5601,0.239002,0.090725,0.067952,0.035884,15.125385,-1.047127,230
946,0.981257,1.000000,0.002522,0.052500,0.049720,0.092961,0.125598,2095.7201,0.218722,0.074515,0.064569,0.031016,14.508592,0.957302,230
947,0.979999,1.000000,0.002224,0.052500,0.049720,0.092401,0.134329,2080.7401,0.199444,0.061894,0.061075,0.027055,13.842075,-0.668338,230
948,0.978744,1.000000,0.001940,0.052500,0.049720,0.091620,0.145232,2070.3501,0.180439,0.053213,0.057354,0.024379,13.143232,-1.762843,230
949,0.977492,1.000000,0.001688,0.052500,0.049720,0.090949,0.158092,2045.6301,0.162636,0.049102,0.053601,0.023535,12.405509,1.907968,230
950,0.976868,1.000000,0.001585,0.052500,0.049720,0.090869,0.164792,2018.1401,0.154789,0.049061,0.051858,0.024036,12.027956,-1.868243,230
951,0.973757,1.000000,0.001121,0.052500,0.049720,0.090007,0.176434,1991.1301,0.118015,0.077184,0.042926,0.041938,10.115994,1.791430,230
952,0.970665,1.000000,0.000794,0.052500,0.049720,0.089779,0.103902,1958.0501,0.089013,0.233396,0.034861,0.066259,8.288708,0.661733,230
953,0.967594,1.000000,0.000570,0.052500,0.049720,0.090244,0.300000,1924.5601,0.067153,0.000000,0.028056,0.000000,6.678619,0.000000,230
954,0.964541,1.000000,0.000397,0.052500,0.049720,0.090428,0.300000,1895.1901,0.049377,0.000000,0.021961,0.000000,5.250099,0.000000,230
955,0.961508,1.000000,0.000296,0.052500,0.049720,0.091926,0.300000,7.1177,0.037754,0.000000,0.017626,0.000000,4.171366,0.000000,391
956,0.958494,1.000000,0.000213,0.052500,0.049720,0.092965,0.300000,5.5490,0.028148,0.000000,0.013792,0.000000,3.247964,0.000000,391
957,0.955499,1.000000,0.000169,0.052500,0.049720,0.095437,0.300000,2.5228,0.022437,0.000000,0.011370,0.000000,2.624457,0.000000,391
958,0.952522,1.000000,0.000137,0.052500,0.049720,0.098186,0.300000,1031.6676,0.018239,0.000000,0.009508,0.000000,2.146725,0.000000,552
959,0.949564,1.000000,0.000112,0.052500,0.049720,0.100887,0.300000,805.1749,0.014881,0.000000,0.007964,0.000000,1.760776,0.000000,552
960,0.946624,1.000000,0.000096,0.052500,0.049720,0.104195,0.300000,442.4994,0.012643,0.000000,0.006898,0.000000,1.485875,0.000000,552
961,0.943702,1.000000,0.000083,0.052500,0.049720,0.107544,0.300000,497.7505,0.010852,0.000000,0.006023,0.000000,1.264764,0.000000,552
962,0.940799,1.000000,0.000071,0.052500,0.049720,0.110481,0.300000,141.2257,0.009164,0.000000,0.005180,0.000000,1.065483,0.000000,391
963,1.080423,1.000000,0.083329,0.052500,0.052458,0.155348,0.241319,36.5197,0.988372,0.834206,0.007521,0.061622,0.790602,-1.328610,230
964,1.076618,1.000000,0.079627,0.052500,0.052458,0.160515,0.226236,20.6616,0.982196,0.846963,0.010814,0.058273,1.108029,-1.175385,230
965,1.061665,1.000000,0.064993,0.052500,0.052458,0.155287,0.178649,17.4317,0.962270,0.887840,0.019980,0.046408,2.176111,-0.578665,230
966,1.054343,1.000000,0.057690,0.052500,0.052458,0.142156,0.160012,14.6245,0.957841,0.891604,0.021716,0.044981,2.619592,-0.144529,230
967,1.039999,1.000000,0.044238,0.052500,0.052458,0.140777,0.155241,9.6808,0.906232,0.799913,0.039874,0.066704,4.992117,1.233165,230
968,1.036473,1.000000,0.041010,0.052500,0.052458,0.139321,0.146178,5.9522,0.889698,0.817137,0.044726,0.062911,5.696564,1.851552,230
969,1.035771,1.000000,0.040366,0.052500,0.052458,0.138863,0.144466,3.3504,0.886390,0.821248,0.045650,0.061979,5.841362,1.985138,230
970,1.032972,1.000000,0.037703,0.052500,0.052458,0.134697,0.138198,1.7291,0.876201,0.823824,0.048375,0.061248,6.416129,-1.513089,230
971,1.029494,1.000000,0.034660,0.052500,0.052458,0.134036,0.135992,1.1887,0.853575,0.811807,0.054097,0.063611,7.259224,-0.865434,230
972,1.026039,1.000000,0.031550,0.052500,0.052458,0.130575,0.131672,0.6317,0.833122,0.799673,0.058763,0.065856,8.149033,-0.098989,230
973,1.022607,1.000000,0.028562,0.052500,0.052458,0.127789,0.128328,0.1988,0.808544,0.783627,0.063856,0.068687,9.109206,0.774469,231
974,1.019199,1.000000,0.025667,0.052500,0.052458,0.124996,0.125215,0.0194,0.780760,0.763650,0.068981,0.071960,10.127519,1.762041,230
975,1.017842,1.000000,0.024614,0.052500,0.052458,0.124959,0.125092,0.0191,0.766825,0.752947,0.071331,0.073613,10.503534,-1.852017,230
976,1.015813,1.000000,0.022850,0.052500,0.052458,0.121871,0.121933,0.0695,0.750063,0.739464,0.073924,0.075545,11.205831,-1.132461,230
977,1.012449,1.000000,0.020225,0.052500,0.052458,0.119752,0.123404,0.0291,0.714034,0.627549,0.078853,0.087739,12.245534,-0.582358,230
978,1.009774,1.000000,0.018104,0.052500,0.052458,0.116653,0.118719,0.0229,0.684559,0.617493,0.082207,0.088234,13.174986,0.366398,230
979,1.009108,1.000000,0.017597,0.052500,0.052458,0.116007,0.117750,0.3363,0.676583,0.614520,0.083018,0.088378,13.396736,0.630069,230
980,1.008442,1.000000,0.017091,0.052500,0.052458,0.115304,0.116766,1.6797,0.668513,0.611373,0.083796,0.088529,13.622763,0.909522,230
981,1.007113,1.000000,0.016146,0.052500,0.052458,0.114500,0.115468,5.2888,0.651145,0.604172,0.085337,0.088866,14.007517,1.485672,230
982,1.005788,1.000000,0.015250,0.052500,0.052458,0.113972,0.114567,13.7088,0.632941,0.595874,0.086751,0.089234,14.343239,-1.895578,230
983,1.004466,1.000000,0.014336,0.052500,0.052458,0.112953,0.113288,21.2504,0.614724,0.586665,0.087959,0.089606,14.712914,-1.185251,230
984,1.003148,1.000000,0.013340,0.052500,0.052458,0.110717,0.110890,31.8635,0.596866,0.576631,0.088945,0.089963,15.218263,-0.308409,230
985,1.002490,1.000000,0.012892,0.052500,0.052458,0.110059,0.110178,68.3784,0.587272,0.570825,0.089400,0.090152,15.407604,0.135191,230
986,1.001834,1.000000,0.012536,0.052500,0.052458,0.110357,0.110420,121.5224,0.576941,0.564243,0.089833,0.090350,15.460743,0.519509,230
987,1.000522,1.000000,0.011610,0.052500,0.052458,0.108336,0.108356,156.8251,0.557424,0.550567,0.090472,0.090684,15.902868,1.594822,230
988,0.999214,1.000000,0.010810,0.052500,0.052458,0.107411,0.107409,194.0434,0.536771,0.534305,0.090913,0.090963,16.160234,-1.325575,230
989,0.997910,1.000000,0.010007,0.052500,0.052458,0.106121,0.106123,218.0895,0.515707,0.515501,0.091111,0.091113,16.435185,-0.090789,230
990,0.996609,1.000000,0.009250,0.052500,0.052458,0.105032,0.105025,243.4020,0.494138,0.493613,0.091053,0.091051,16.638377,1.233343,230
991,0.995960,1.000000,0.008899,0.052500,0.052458,0.104658,0.104655,302.2019,0.483242,0.481385,0.090923,0.090904,16.695748,1.901643,230
992,0.995311,1.000000,0.008522,0.052500,0.052458,0.103919,0.103921,381.2956,0.472157,0.468067,0.090723,0.090652,16.799279,-1.339900,230
993,0.994017,1.000000,0.007828,0.052500,0.052458,0.102845,0.102879,492.4326,0.449839,0.438374,0.090107,0.089740,16.903378,0.149144,230
994,0.992726,1.000000,0.007156,0.052500,0.052458,0.101659,0.101827,618.2387,0.427154,0.403810,0.089192,0.088057,16.970965,1.670275,230
995,0.991438,1.000000,0.006537,0.052500,0.052458,0.100717,0.101246,683.1949,0.404459,0.364332,0.087980,0.085299,16.940919,-0.975994,230
996,0.990154,1.000000,0.005952,0.052500,0.052458,0.099799,0.101170,876.3661,0.381721,0.319632,0.086467,0.081059,16.846285,0.077024,230
997,0.989513,1.000000,0.005657,0.052500,0.052458,0.099169,0.101294,2085.0201,0.370124,0.294874,0.085580,0.078180,16.801102,0.456428,230
998,0.988873,1.000000,0.005388,0.052500,0.052458,0.098751,0.101937,2085.7101,0.358813,0.269520,0.084637,0.074819,16.707899,0.597562,230
999,0.987596,1.000000,0.004871,0.052500,0.052458,0.097875,0.104713,2073.6301,0.336241,0.216065,0.082526,0.066281,16.479627,0.150188,230
1000,0.986321,1.000000,0.004387,0.052500,0.052458,0.097021,0.109173,2060.7201,0.313921,0.169463,0.080132,0.057053,16.184218,-1.640487,230
1001,0.985050,1.000000,0.003982,0.052500,0.052458,0.096775,0.112458,144.6360,0.293141,0.142642,0.077617,0.050868,15.756746,-0.012829,391
1002,0.983782,1.000000,0.003539,0.052500,0.052458,0.095657,0.115061,68.5731,0.271054,0.118993,0.074647,0.044837,15.370379,1.662850,391
1003,0.983150,1.000000,0.003357,0.052500,0.052458,0.095467,0.117276,56.0316,0.260987,0.108378,0.073183,0.041939,15.118237,0.542522,391
1004,0.982518,1.000000,0.003168,0.052500,0.052458,0.095096,0.119436,2043.4501,0.250662,0.098549,0.071611,0.039143,14.870401,-0.540411,230
1005,0.981257,1.000000,0.002798,0.052500,0.052458,0.094139,0.124359,2016.8901,0.229943,0.081319,0.068234,0.033974,14.349943,1.452516,230
1006,0.979999,1.000000,0.002474,0.052500,0.052458,0.093431,0.131561,35.0114,0.210481,0.067403,0.064776,0.029559,13.761263,-0.265483,391
1007,0.978744,1.000000,0.002215,0.052500,0.052458,0.093336,0.142579,1967.3001,0.193376,0.057032,0.061491,0.026204,13.110309,-1.570743,230
1008,0.977492,1.000000,0.001944,0.052500,0.052458,0.092657,0.154481,1995.2901,0.175585,0.050648,0.057834,0.024337,12.452710,1.711110,232
1009,0.976868,1.000000,0.001815,0.052500,0.052458,0.092268,0.160587,19.5593,0.166876,0.049170,0.055947,0.024146,12.112648,1.647191,391
1010,0.973757,1.000000,0.001331,0.052500,0.052458,0.091844,0.179481,10.9708,0.130765,0.064971,0.047372,0.035362,10.369510,-1.781348,391
1011,0.970665,1.000000,0.000946,0.052500,0.052458,0.091135,0.104790,5.3920,0.099568,0.247446,0.038893,0.070261,8.634571,0.457842,391
1012,0.967594,1.000000,0.000690,0.052500,0.052458,0.091498,0.300000,2.1947,0.076347,0.000000,0.031799,0.000000,7.076279,0.000000,391
1013,0.964541,1.000000,0.000486,0.052500,0.052458,0.091429,0.300000,1.3255,0.056819,0.000000,0.025214,0.000000,5.650724,0.000000,391
1014,0.961508,1.000000,0.000362,0.052500,0.052458,0.092637,0.300000,0.6198,0.043671,0.000000,0.020376,0.000000,4.535349,0.000000,392
1015,0.958494,1.000000,0.000270,0.052500,0.052458,0.093928,0.300000,859.7130,0.033495,0.000000,0.016361,0.000000,3.614343,0.000000,552
1016,0.955499,1.000000,0.000206,0.052500,0.052458,0.095655,0.300000,657.2087,0.026121,0.000000,0.013269,0.000000,2.896331,0.000000,552
1017,0.952522,1.000000,0.000168,0.052500,0.052458,0.098311,0.300000,233.6183,0.021348,0.000000,0.011163,0.000000,2.385735,0.000000,552
1018,0.949564,1.000000,0.000134,0.052500,0.052458,0.100471,0.300000,1936.3701,0.017097,0.000000,0.009214,0.000000,1.938842,0.000000,230
1019,0.946624,1.000000,0.000111,0.052500,0.052458,0.103270,0.300000,1904.8901,0.014232,0.000000,0.007848,0.000000,1.616571,0.000000,230
1020,0.943702,1.000000,0.000096,0.052500,0.052458,0.106363,0.300000,1871.5701,0.012119,0.000000,0.006809,0.000000,1.370304,0.000000,230
1021,0.940799,1.000000,0.000083,0.052500,0.052458,0.109511,0.300000,1841.3901,0.010424,0.000000,0.005955,0.000000,1.171163,0.000000,230
1022,0.937913,1.000000,0.000074,0.052500,0.052458,0.112843,0.300000,136.5533,0.009123,0.000000,0.005284,0.000000,1.014680,0.000000,391
1023,0.935045,1.000000,0.000064,0.052500,0.052458,0.115861,0.300000,178.5595,0.007893,0.000000,0.004639,0.000000,0.872984,0.000000,552
1024,1.099855,1.000000,0.102950,0.052500,0.055196,0.186559,0.252038,42.1177,0.988076,0.912593,0.008026,0.041187,0.644361,1.962174,230
1025,1.091999,1.000000,0.094921,0.052500,0.055196,0.139902,0.230267,32.6202,0.997301,0.920186,0.002134,0.038253,0.231741,-1.919858,230
1026,1.088112,1.000000,0.091359,0.052500,0.055196,0.183332,0.229690,24.3698,0.979787,0.919779,0.012489,0.038260,1.042426,-1.821895,230
1027,1.069090,1.000000,0.072727,0.052500,0.055196,0.173201,0.197061,17.8784,0.958484,0.883931,0.022307,0.049113,2.041569,-0.937505,230
1028,1.061665,1.000000,0.065514,0.052500,0.055196,0.167546,0.183205,15.1366,0.946680,0.883590,0.027074,0.048873,2.597370,-0.562983,230
1029,1.054343,1.000000,0.058221,0.052500,0.055196,0.153936,0.165335,12.7445,0.940789,0.886431,0.029203,0.047695,3.091809,-0.118025,230
1030,1.047122,1.000000,0.051514,0.052500,0.055196,0.153879,0.179377,8.4758,0.914951,0.776223,0.038298,0.073552,4.112362,0.235157,230
1031,1.043548,1.000000,0.048089,0.052500,0.055196,0.149562,0.167488,5.4487,0.905436,0.787553,0.041298,0.071138,4.593826,0.693919,230
1032,1.039999,1.000000,0.044748,0.052500,0.055196,0.146134,0.156831,3.0652,0.893234,0.801651,0.044968,0.068064,5.154388,1.228286,230
1033,1.037176,1.000000,0.042198,0.052500,0.055196,0.145106,0.150562,1.6043,0.879557,0.814814,0.048871,0.065085,5.672248,1.709033,230
1034,1.036473,1.000000,0.041478,0.052500,0.055196,0.143024,0.147650,1.0239,0.878832,0.819701,0.049045,0.063964,5.783083,1.843315,230
1035,1.032972,1.000000,0.038318,0.052500,0.055196,0.140812,0.143290,0.5686,0.860976,0.816147,0.053759,0.064531,6.482324,-1.583003,230
1036,1.030187,1.000000,0.035768,0.052500,0.055196,0.137729,0.139425,0.1948,0.847284,0.808380,0.057109,0.066022,7.078484,-1.079925,230
1037,1.029494,1.000000,0.035138,0.052500,0.055196,0.136970,0.138493,0.0997,0.843612,0.806224,0.057974,0.066430,7.235194,-0.944918,230
1038,1.027418,1.000000,0.033448,0.052500,0.055196,0.137694,0.138668,0.0154,0.826877,0.795965,0.061797,0.068389,7.702799,-0.551131,230
1039,1.026039,1.000000,0.032148,0.052500,0.055196,0.135069,0.135868,0.0457,0.820494,0.791803,0.063144,0.069120,8.045268,-0.234565,230
1040,1.022607,1.000000,0.029258,0.052500,0.055196,0.133270,0.133640,0.0147,0.794520,0.773929,0.068356,0.072246,8.886214,0.555965,230
1041,1.021924,1.000000,0.028603,0.052500,0.055196,0.131630,0.131949,0.0622,0.791157,0.771491,0.068969,0.072636,9.089843,0.753608,230
1042,1.020559,1.000000,0.027443,0.052500,0.055196,0.130381,0.130607,0.2886,0.780623,0.763662,0.070878,0.073911,9.456199,1.115870,230
1043,1.019199,1.000000,0.026293,0.052500,0.055196,0.129057,0.129202,1.1121,0.769719,0.755306,0.072758,0.075222,9.832684,1.495447,230
1044,1.017842,1.000000,0.025133,0.052500,0.055196,0.127389,0.127486,3.8099,0.758870,0.746699,0.074530,0.076517,10.231260,1.902290,230
1045,1.016488,1.000000,0.024169,0.052500,0.055196,0.128084,0.128144,9.7430,0.743702,0.734263,0.076889,0.078330,10.525784,-1.774976,230
1046,1.015813,1.000000,0.023581,0.052500,0.055196,0.126958,0.126996,15.2863,0.738282,0.729713,0.077674,0.078950,10.741820,-1.550112,230
1047,1.015138,1.000000,0.023001,0.052500,0.055196,0.125882,0.125918,22.7213,0.732633,0.724884,0.078470,0.079594,10.959235,-1.322792,230
1048,1.013792,1.000000,0.021857,0.052500,0.055196,0.123787,0.127999,47.4892,0.720785,0.630114,0.080067,0.089919,11.401836,-1.156032,230
1049,1.012449,1.000000,0.020841,0.052500,0.055196,0.123077,0.126339,99.1046,0.706279,0.625528,0.081906,0.090155,11.762191,-0.789205,230
1050,1.011110,1.000000,0.019874,0.052500,0.055196,0.122701,0.125138,155.1637,0.690831,0.620288,0.083707,0.090426,12.089641,-0.400613,230
1051,1.009774,1.000000,0.018877,0.052500,0.055196,0.121701,0.123489,193.7946,0.675744,0.614704,0.085304,0.090702,12.454282,0.041114,230
1052,1.009108,1.000000,0.018370,0.052500,0.055196,0.121005,0.122519,216.2473,0.668241,0.611754,0.086040,0.090844,12.650660,0.284141,230
1053,1.008442,1.000000,0.017850,0.052500,0.055196,0.120106,0.121380,240.3672,0.660827,0.608706,0.086729,0.090986,12.864485,0.547265,230
1054,1.007113,1.000000,0.016877,0.052500,0.055196,0.118909,0.119757,298.6159,0.644839,0.601763,0.088102,0.091305,13.234515,1.089635,230
1055,1.005788,1.000000,0.015849,0.052500,0.055196,0.116828,0.117373,254.9826,0.629139,0.594294,0.089286,0.091623,13.687301,1.732102,391
1056,1.004466,1.000000,0.014934,0.052500,0.055196,0.115778,0.116085,179.2592,0.611784,0.585318,0.090425,0.091983,14.024327,-1.610505,392
1057,1.003148,1.000000,0.014003,0.052500,0.055196,0.114275,0.114435,106.9744,0.594230,0.575287,0.091387,0.092342,14.397762,-0.854619,391
1058,1.002490,1.000000,0.013580,0.052500,0.055196,0.113899,0.114001,54.5605,0.584971,0.569592,0.091821,0.092526,14.532968,-0.473213,391
1059,1.001834,1.000000,0.013191,0.052500,0.055196,0.113814,0.113871,46.2577,0.575444,0.563423,0.092215,0.092709,14.625337,-0.098154,391
1060,1.000522,1.000000,0.012356,0.052500,0.055196,0.112808,0.112827,372.8678,0.556575,0.550084,0.092831,0.093035,14.893355,0.775952,230
1061,0.999214,1.000000,0.011484,0.052500,0.055196,0.111122,0.111132,466.7072,0.537424,0.534931,0.093241,0.093294,15.225797,1.811258,230
1062,0.997910,1.000000,0.010705,0.052500,0.055196,0.110152,0.110150,585.1012,0.517574,0.517298,0.093440,0.093443,15.432973,-1.130855,230
1063,0.996609,1.000000,0.009889,0.052500,0.055196,0.108488,0.108483,24.7822,0.497272,0.496955,0.093407,0.093406,15.705069,0.121316,393
1064,0.995960,1.000000,0.009564,0.052500,0.055196,0.108422,0.108423,652.6608,0.487060,0.485709,0.093299,0.093288,15.716900,0.664380,230
1065,0.995311,1.000000,0.009206,0.052500,0.055196,0.107936,0.107942,716.0023,0.476722,0.473568,0.093129,0.093082,15.779377,1.291126,230
1066,0.994017,1.000000,0.008466,0.052500,0.055196,0.106463,0.106492,822.7185,0.455585,0.446265,0.092588,0.092319,15.946276,-1.315240,230
1067,0.992726,1.000000,0.007779,0.052500,0.055196,0.105249,0.105360,881.8813,0.434199,0.414828,0.091777,0.090916,16.030471,0.064883,230
1068,0.991438,1.000000,0.007121,0.052500,0.055196,0.104006,0.104387,16.9634,0.412514,0.378653,0.090681,0.088591,16.070113,1.400113,391
1069,0.990154,1.000000,0.006548,0.052500,0.055196,0.103378,0.104352,15.2348,0.391296,0.338739,0.089337,0.085113,15.969516,-1.597108,391
1070,0.989513,1.000000,0.006207,0.052500,0.055196,0.102324,0.103853,9.7436,0.379816,0.315292,0.088503,0.082615,16.004008,-1.037778,391
1071,0.988873,1.000000,0.005944,0.052500,0.055196,0.102063,0.104335,7.9889,0.369267,0.292576,0.087662,0.079853,15.913088,-0.801021,391
1072,0.987596,1.000000,0.005446,0.052500,0.055196,0.101599,0.106348,3.7029,0.348421,0.244851,0.085800,0.072915,15.686566,-0.834610,391
1073,0.986321,1.000000,0.004877,0.052500,0.055196,0.099962,0.109872,3.1919,0.325873,0.190163,0.083493,0.062915,15.555012,-1.635725,391
1074,0.985050,1.000000,0.004414,0.052500,0.055196,0.099197,0.114713,2.2595,0.304912,0.151667,0.081053,0.054365,15.256195,0.301639,391
1075,0.983782,1.000000,0.003977,0.052500,0.055196,0.098402,0.117781,1.4537,0.284222,0.127497,0.078366,0.048261,14.907943,-1.931304,391
1076,0.983150,1.000000,0.003775,0.052500,0.055196,0.098076,0.119701,0.9705,0.274176,0.116561,0.076957,0.045300,14.707505,0.981740,391
1077,0.982518,1.000000,0.003573,0.052500,0.055196,0.097661,0.121698,0.5991,0.264053,0.106368,0.075470,0.042420,14.503103,-0.077202,391
1078,0.981257,1.000000,0.003203,0.052500,0.055196,0.096988,0.126850,0.3840,0.244529,0.088275,0.072397,0.037012,14.045185,1.928578,391
1079,0.979999,1.000000,0.002865,0.052500,0.055196,0.096400,0.133687,0.3555,0.225781,0.073276,0.069187,0.032237,13.539123,0.162713,391
1080,0.978744,1.000000,0.002548,0.052500,0.055196,0.095724,0.142395,876.3610,0.207462,0.061524,0.065797,0.028347,12.999886,-1.277386,230
1081,0.977492,1.000000,0.002270,0.052500,0.055196,0.095267,0.153777,830.7746,0.190393,0.053327,0.062398,0.025687,12.419259,1.741310,230
1082,0.976868,1.000000,0.002153,0.052500,0.055196,0.095268,0.160534,800.8516,0.182733,0.050720,0.060793,0.024965,12.115055,1.479392,230
1083,0.976244,1.000000,0.002024,0.052500,0.055196,0.094973,0.166573,2067.0101,0.174506,0.049223,0.059017,0.024747,11.812726,1.408601,230
1084,0.974999,1.000000,0.001779,0.052500,0.055196,0.094314,0.176586,2065.4901,0.158460,0.050057,0.055382,0.026225,11.191247,1.996237,230
1085,0.973757,1.000000,0.001586,0.052500,0.055196,0.094218,0.182406,2062.9501,0.144700,0.057098,0.052070,0.031128,10.559544,-0.104899,230
1086,0.972518,1.000000,0.001393,0.052500,0.055196,0.093776,0.181412,2065.9701,0.130863,0.072146,0.048556,0.040869,9.918568,-0.342262,230
1087,0.971282,1.000000,0.001226,0.052500,0.055196,0.093496,0.176573,2061.0901,0.118281,0.097654,0.045185,0.057409,9.281125,-1.949713,230
1088,0.970665,1.000000,0.001149,0.052500,0.055196,0.093364,0.173449,2062.2301,0.112318,0.115316,0.043526,0.069028,8.964468,-1.453068,230
1089,0.970049,1.000000,0.001091,0.052500,0.055196,0.093593,0.106422,2056.3101,0.107465,0.252308,0.042141,0.072773,8.668930,0.224501,230
1090,0.968820,1.000000,0.000957,0.052500,0.055196,0.093369,0.260000,2047.1301,0.096635,0.000000,0.038957,0.000000,8.053506,0.000000,230
1091,0.967594,1.000000,0.000842,0.052500,0.055196,0.093299,0.300000,2033.8501,0.086955,0.000000,0.035981,0.000000,7.462763,0.000000,230
1092,0.966370,1.000000,0.000746,0.052500,0.055196,0.093451,0.300000,2008.8301,0.078517,0.000000,0.033278,0.000000,6.908401,0.000000,230
1093,0.965150,1.000000,0.000663,0.052500,0.055196,0.093705,0.300000,1998.1801,0.070968,0.000000,0.030769,0.000000,6.386286,0.000000,230
1094,0.964541,1.000000,0.000612,0.052500,0.055196,0.093403,0.300000,1963.5901,0.066525,0.000000,0.029254,0.000000,6.099109,0.000000,230
1095,0.963933,1.000000,0.000586,0.052500,0.055196,0.093891,0.300000,238.5964,0.063897,0.000000,0.028335,0.000000,5.884346,0.000000,552
1096,0.962719,1.000000,0.000510,0.052500,0.055196,0.093777,0.300000,156.5907,0.056832,0.000000,0.025820,0.000000,5.381988,0.000000,552
1097,0.961508,1.000000,0.000459,0.052500,0.055196,0.094369,0.300000,113.9918,0.051694,0.000000,0.023924,0.000000,4.968101,0.000000,552
1098,0.958494,1.000000,0.000342,0.052500,0.055196,0.095287,0.300000,1936.6301,0.039801,0.000000,0.019327,0.000000,3.999785,0.000000,230
1099,0.955499,1.000000,0.000259,0.052500,0.055196,0.096615,0.300000,1906.5601,0.030987,0.000000,0.015690,0.000000,3.222537,0.000000,230
1100,0.952522,1.000000,0.000212,0.052500,0.055196,0.099117,0.300000,1880.7601,0.025423,0.000000,0.013264,0.000000,2.672245,0.000000,230
1101,0.949564,1.000000,0.000158,0.052500,0.055196,0.100182,0.300000,1848.5801,0.019513,0.000000,0.010578,0.000000,2.121556,0.000000,230
1102,0.946624,1.000000,0.000139,0.052500,0.055196,0.103641,0.300000,1813.0201,0.016936,0.000000,0.009346,0.000000,1.823225,0.000000,230
1103,0.943702,1.000000,0.000117,0.052500,0.055196,0.106337,0.300000,1779.3701,0.014229,0.000000,0.008024,0.000000,1.535021,0.000000,230
1104,0.940799,1.000000,0.000102,0.052500,0.055196,0.109344,0.300000,40.6439,0.012227,0.000000,0.007017,0.000000,1.313542,0.000000,230
1105,0.937913,1.000000,0.000086,0.052500,0.055196,0.111924,0.300000,32.0449,0.010326,0.000000,0.006040,0.000000,1.111349,0.000000,230
1106,0.935045,1.000000,0.000076,0.052500,0.055196,0.115142,0.300000,18.1470,0.009086,0.000000,0.005384,0.000000,0.969016,0.000000,230
1107,0.932194,1.000000,0.000070,0.052500,0.055196,0.118698,0.300000,15.1532,0.008198,0.000000,0.004905,0.000000,0.861485,0.000000,230
1108,0.929360,1.000000,0.000064,0.052500,0.055196,0.122063,0.300000,12.7593,0.007360,0.000000,0.004447,0.000000,0.764250,0.000000,230
1109,1.091999,1.000000,0.095350,0.052500,0.063410,0.130508,0.218198,8.9006,0.997411,0.926372,0.002203,0.038637,0.223198,-1.980601,230
1110,1.065364,1.000000,0.069310,0.052500,0.063410,0.150678,0.172861,5.6954,0.962089,0.889547,0.022130,0.050646,2.040688,-0.812161,230
1111,1.061665,1.000000,0.065743,0.052500,0.063410,0.149786,0.167077,3.3021,0.954829,0.889487,0.025418,0.050489,2.374312,-0.620488,230
1112,1.057992,1.000000,0.062215,0.052500,0.063410,0.148490,0.161619,1.7909,0.946882,0.889277,0.028831,0.050382,2.735524,-0.406217,230
1113,1.054343,1.000000,0.059097,0.052500,0.063410,0.157443,0.164332,1.2357,0.924861,0.882656,0.037636,0.052316,3.391208,-0.125233,230
1114,1.050720,1.000000,0.055052,0.052500,0.063410,0.138348,0.171893,0.7060,0.937381,0.780189,0.032588,0.078302,3.364767,-0.067720,230
1115,1.043548,1.000000,0.048471,0.052500,0.063410,0.139429,0.153841,0.2665,0.907657,0.802079,0.043494,0.073106,4.517492,0.764460,230
1116,1.036473,1.000000,0.041932,0.052500,0.063410,0.134951,0.138662,0.0203,0.878827,0.825520,0.052569,0.067154,5.718488,1.804588,230
1117,1.032972,1.000000,0.038669,0.052500,0.063410,0.131091,0.133599,0.0063,0.864349,0.817970,0.056662,0.068737,6.388394,-1.651056,230
1118,1.020559,1.000000,0.027850,0.052500,0.063410,0.122635,0.122860,3.9325,0.782966,0.765448,0.075500,0.078889,9.321880,0.984024,230
1119,1.019199,1.000000,0.026807,0.052500,0.063410,0.122800,0.122947,0.0083,0.769771,0.755370,0.077974,0.080614,9.639984,1.309242,230
1120,1.016488,1.000000,0.024495,0.052500,0.063410,0.119615,0.119684,0.0520,0.748100,0.737920,0.081666,0.083365,10.420722,-1.888361,230
1121,1.015813,1.000000,0.023987,0.052500,0.063410,0.119553,0.119601,0.1209,0.741110,0.732104,0.082788,0.084244,10.583317,-1.712000,230
1122,1.015138,1.000000,0.023433,0.052500,0.063410,0.118882,0.118921,0.6329,0.735020,0.726935,0.083725,0.084996,10.777926,-1.506074,230
1123,1.013792,1.000000,0.022374,0.052500,0.063410,0.117958,0.122022,2.2092,0.721758,0.630620,0.085672,0.096334,11.144493,-1.317143,230
1124,1.012449,1.000000,0.021311,0.052500,0.063410,0.116774,0.119978,9.5837,0.708381,0.626370,0.087497,0.096562,11.527753,-0.953253,230
1125,1.009774,1.000000,0.019273,0.052500,0.063410,0.114746,0.116561,128.2907,0.679495,0.616216,0.090991,0.097104,12.264745,-0.133237,391
1126,1.009108,1.000000,0.018865,0.052500,0.063410,0.115196,0.116711,1666.3099,0.670688,0.612876,0.091947,0.097288,12.361455,0.060020,391
1127,1.008442,1.000000,0.018351,0.052500,0.063410,0.114441,0.115717,654.7864,0.663357,0.609901,0.092690,0.097437,12.560191,0.306710,713
1128,1.007113,1.000000,0.017286,0.052500,0.063410,0.112372,0.113262,903.6535,0.648876,0.603651,0.094044,0.097738,13.012553,0.863248,713
1129,1.005788,1.000000,0.016349,0.052500,0.063410,0.111441,0.112011,463.5831,0.632442,0.596033,0.095420,0.098098,13.348295,1.424244,713
1130,1.004466,1.000000,0.015440,0.052500,0.063410,0.110569,0.110899,14.2103,0.615449,0.587401,0.096652,0.098475,13.663224,-1.962716,230
1131,1.003148,1.000000,0.014528,0.052500,0.063410,0.109409,0.109588,30.5777,0.598204,0.577748,0.097706,0.098855,13.995279,-1.270414,230
1132,1.002490,1.000000,0.014079,0.052500,0.063410,0.108815,0.108939,63.3206,0.589388,0.572437,0.098170,0.099044,14.157188,-0.896135,230
1133,1.001834,1.000000,0.013722,0.052500,0.063410,0.109094,0.109165,150.8059,0.579885,0.566444,0.098618,0.099244,14.203951,-0.573091,230
1134,1.000522,1.000000,0.012788,0.052500,0.063410,0.107221,0.107248,252.1059,0.562037,0.554145,0.099293,0.099584,14.589218,0.327758,230
1135,0.999214,1.000000,0.011967,0.052500,0.063410,0.106238,0.106240,437.2482,0.543175,0.539704,0.099791,0.099882,14.836776,1.238927,230
1136,0.997910,1.000000,0.011162,0.052500,0.063410,0.105144,0.105143,728.2329,0.523902,0.523172,0.100069,0.100080,15.072240,-1.750296,230
1137,0.996609,1.000000,0.010391,0.052500,0.063410,0.104126,0.104519,876.6179,0.504197,0.504148,0.100112,0.100113,15.265996,-0.657904,230
1138,0.995960,1.000000,0.010085,0.052500,0.063410,0.104303,0.104302,2093.7901,0.494309,0.493746,0.100043,0.100041,15.249342,-0.188313,230
1139,0.995311,1.000000,0.009648,0.052500,0.063410,0.103112,0.103107,2086.5701,0.484121,0.482298,0.099908,0.099889,15.424796,0.518935,230
1140,0.994017,1.000000,0.008986,0.052500,0.063410,0.102619,0.102631,2080.8101,0.463951,0.457424,0.099450,0.099288,15.467980,1.663729,230
1141,0.992726,1.000000,0.008286,0.052500,0.063410,0.101465,0.101528,2066.7101,0.443276,0.428556,0.098718,0.098124,15.569227,-1.031724,230
1142,0.991438,1.000000,0.007607,0.052500,0.063410,0.100229,0.100450,335.4452,0.422241,0.395284,0.097701,0.096147,15.639375,0.284564,391
1143,0.989513,1.000000,0.006706,0.052500,0.063410,0.099001,0.099959,144.1244,0.390939,0.337834,0.095667,0.091074,15.564111,1.859623,391
1144,0.988873,1.000000,0.006462,0.052500,0.063410,0.099037,0.100458,37.1062,0.381056,0.317613,0.094892,0.088768,15.452462,-1.867875,391
1145,0.987596,1.000000,0.005904,0.052500,0.063410,0.098144,0.101202,25.0786,0.360171,0.271884,0.093054,0.082512,15.330635,-1.439583,391
1146,0.986321,1.000000,0.005335,0.052500,0.063410,0.096799,0.103131,2.2454,0.338601,0.220980,0.090861,0.073727,15.216399,-1.647997,391
1147,0.983150,1.000000,0.004180,0.052500,0.063410,0.094950,0.110031,2049.9301,0.287889,0.140437,0.084453,0.055234,14.512002,-1.976309,230
1148,0.979999,1.000000,0.003231,0.052500,0.063410,0.093492,0.118703,2034.7601,0.240400,0.092018,0.076786,0.040840,13.486481,1.412524,230
1149,0.976868,1.000000,0.002473,0.052500,0.063410,0.092483,0.136208,2011.1301,0.197559,0.060471,0.068359,0.029954,12.215398,1.900692,230
1150,0.973757,1.000000,0.001854,0.052500,0.063410,0.091452,0.164275,1990.9601,0.158963,0.048915,0.059408,0.026787,10.804148,0.910308,230
1151,0.970665,1.000000,0.001378,0.052500,0.063410,0.090791,0.178453,1963.3101,0.126053,0.067740,0.050611,0.040673,9.330600,1.615673,230
1152,0.967594,1.000000,0.001025,0.052500,0.063410,0.090626,0.104538,1902.7101,0.099175,0.249535,0.042503,0.077349,7.899870,-0.274609,230
1153,0.964541,1.000000,0.000757,0.052500,0.063410,0.090621,0.300000,1.4710,0.077107,0.000000,0.035114,0.000000,6.568407,0.000000,394
1154,0.961508,1.000000,0.000572,0.052500,0.063410,0.091343,0.300000,0.6862,0.060537,0.000000,0.029044,0.000000,5.423961,0.000000,391
1155,0.958494,1.000000,0.000426,0.052500,0.063410,0.091919,0.300000,0.4849,0.046862,0.000000,0.023636,0.000000,4.413923,0.000000,391
1156,0.955499,1.000000,0.000331,0.052500,0.063410,0.093329,0.300000,0.3862,0.037246,0.000000,0.019563,0.000000,3.620809,0.000000,391
1157,0.952522,1.000000,0.000262,0.052500,0.063410,0.095007,0.300000,1882.1901,0.029913,0.000000,0.016281,0.000000,2.978645,0.000000,234
1158,0.949564,1.000000,0.000205,0.052500,0.063410,0.096524,0.300000,29.4735,0.023847,0.000000,0.013432,0.000000,2.433843,0.000000,230
1159,0.946624,1.000000,0.000170,0.052500,0.063410,0.098887,0.300000,11.9829,0.019857,0.000000,0.011471,0.000000,2.041586,0.000000,230
1160,0.943702,1.000000,0.000139,0.052500,0.063410,0.100904,0.300000,5.2243,0.016309,0.000000,0.009669,0.000000,1.696876,0.000000,230
1161,0.940799,1.000000,0.000120,0.052500,0.063410,0.103669,0.300000,3.1149,0.014006,0.000000,0.008458,0.000000,1.453601,0.000000,230
1162,0.935045,1.000000,0.000095,0.052500,0.063410,0.109729,0.300000,1.6980,0.010829,0.000000,0.006726,0.000000,1.105702,0.000000,230
1163,0.932194,1.000000,0.000079,0.052500,0.063410,0.111781,0.300000,1.1666,0.009085,0.000000,0.005753,0.000000,0.933979,0.000000,230
1164,1.091999,1.000000,0.095564,0.052500,0.066147,0.146635,0.216507,0.2469,0.992749,0.927547,0.005646,0.038998,0.488106,-1.993903,230
1165,1.076618,1.000000,0.080486,0.052500,0.066147,0.154299,0.191230,0.0418,0.975446,0.886248,0.015941,0.053377,1.347444,-1.275011,230
1166,1.069090,1.000000,0.072944,0.052500,0.066147,0.141808,0.172811,0.0218,0.974125,0.891807,0.016540,0.051148,1.542747,-1.004114,230
1167,1.050720,1.000000,0.055381,0.052500,0.066147,0.141117,0.170449,3.8659,0.930166,0.782358,0.036218,0.079519,3.514455,-0.060391,230
1168,1.039999,1.000000,0.045442,0.052500,0.066147,0.137242,0.143345,0.0123,0.890116,0.822416,0.050257,0.069594,5.118409,1.280958,230
1169,1.036473,1.000000,0.042163,0.052500,0.066147,0.134085,0.137554,0.0103,0.876313,0.824324,0.054471,0.068886,5.716842,1.777763,230
1170,1.029494,1.000000,0.036061,0.052500,0.066147,0.132028,0.133197,0.0187,0.835283,0.801380,0.065653,0.073819,7.092988,-1.117220,230
1171,1.019199,1.000000,0.027133,0.052500,0.066147,0.122959,0.123081,0.4819,0.766376,0.752761,0.080291,0.082805,9.503381,1.183990,230
1172,1.012449,1.000000,0.021848,0.052500,0.066147,0.119198,0.122145,1.6862,0.702698,0.624869,0.090166,0.098749,11.156077,-1.117747,230
1173,1.008442,1.000000,0.018826,0.052500,0.066147,0.116072,0.117270,4.7228,0.660144,0.608820,0.095018,0.099596,12.169256,0.103459,230
1174,1.005788,1.000000,0.016901,0.052500,0.066147,0.113863,0.114385,7.4344,0.629417,0.594799,0.097719,0.100270,12.825469,1.123474,230
1175,1.004466,1.000000,0.015972,0.052500,0.066147,0.112768,0.113079,221.8250,0.613287,0.586446,0.098879,0.100632,13.138144,1.708167,552
1176,1.003148,1.000000,0.015000,0.052500,0.066147,0.111012,0.111182,139.1155,0.597160,0.577286,0.099860,0.100989,13.513812,-1.605646,391
1177,1.002490,1.000000,0.014577,0.052500,0.066147,0.110682,0.110799,172.9065,0.588468,0.572015,0.100320,0.101179,13.634457,-1.273384,552
1178,1.000522,1.000000,0.013259,0.052500,0.066147,0.108846,0.108871,131.2913,0.562259,0.554401,0.101405,0.101701,14.069559,-0.111202,552
1179,0.999214,1.000000,0.012503,0.052500,0.066147,0.108527,0.108531,68.8933,0.543881,0.540349,0.101903,0.101998,14.217424,0.669285,552
1180,0.997910,1.000000,0.011691,0.052500,0.066147,0.107398,0.107400,24.3261,0.525431,0.524591,0.102182,0.102195,14.443826,1.602021,230
1181,0.996609,1.000000,0.010867,0.052500,0.066147,0.105909,0.106296,49.3826,0.506544,0.506533,0.102243,0.102243,14.693870,-1.331116,230
1182,0.995960,1.000000,0.010502,0.052500,0.066147,0.105522,0.105523,150.4778,0.496949,0.496578,0.102187,0.102186,14.759010,-0.814801,230
1183,0.995311,1.000000,0.010124,0.052500,0.066147,0.104946,0.104947,244.6598,0.487249,0.485849,0.102071,0.102059,14.842550,-0.252108,230
1184,0.994017,1.000000,0.009408,0.052500,0.066147,0.103990,0.103992,410.6776,0.467657,0.462151,0.101655,0.101531,14.956792,0.891738,230
1185,0.992726,1.000000,0.008695,0.052500,0.066147,0.102779,0.102827,690.1316,0.447654,0.434863,0.100980,0.100497,15.071560,-1.873974,230
1186,0.991438,1.000000,0.008061,0.052500,0.066147,0.102081,0.102250,879.3425,0.427749,0.404227,0.100053,0.098779,15.074523,-0.744946,230
1187,0.990154,1.000000,0.007455,0.052500,0.066147,0.101379,0.101851,808.2416,0.407780,0.369740,0.098868,0.096128,15.037893,0.300958,230
1188,0.989513,1.000000,0.007113,0.052500,0.066147,0.100532,0.101275,2080.2701,0.397245,0.349960,0.098142,0.094259,15.072749,0.883659,230
1189,0.987596,1.000000,0.006273,0.052500,0.066147,0.099421,0.101854,2076.0401,0.367098,0.287253,0.095656,0.086555,14.912915,1.808162,230
1190,0.986321,1.000000,0.005723,0.052500,0.066147,0.098415,0.103353,2072.9701,0.346683,0.240136,0.093632,0.078883,14.784850,1.827429,230
1191,0.983150,1.000000,0.004585,0.052500,0.066147,0.097152,0.112200,2059.1001,0.298529,0.148123,0.087721,0.058472,14.122130,-1.709275,230
1192,0.979999,1.000000,0.003551,0.052500,0.066147,0.095146,0.119612,2047.2701,0.250954,0.098420,0.080256,0.043801,13.277808,1.789695,230
1193,0.976868,1.000000,0.002735,0.052500,0.066147,0.093847,0.134915,2031.5801,0.207909,0.064722,0.071983,0.032124,12.151291,-1.821590,230
1194,0.973757,1.000000,0.002102,0.052500,0.066147,0.093174,0.162187,2011.5001,0.170331,0.049269,0.063454,0.027018,10.858017,0.615356,230
1195,0.970665,1.000000,0.001575,0.052500,0.066147,0.092255,0.180189,1993.4701,0.136407,0.060072,0.054589,0.036102,9.494398,-0.414463,230
1196,0.967594,1.000000,0.001184,0.052500,0.066147,0.091938,0.172762,1887.9101,0.108507,0.116460,0.046337,0.076157,8.138248,0.594788,230
1197,0.964541,1.000000,0.000890,0.052500,0.066147,0.091973,0.300000,26.7422,0.085718,0.000000,0.038846,0.000000,6.863320,0.000000,230
1198,0.961508,1.000000,0.000673,0.052500,0.066147,0.092396,0.300000,20.4682,0.067619,0.000000,0.032329,0.000000,5.721622,0.000000,230
1199,0.958494,1.000000,0.000502,0.052500,0.066147,0.092703,0.300000,12.9341,0.052569,0.000000,0.026459,0.000000,4.696612,0.000000,230
1200,0.955499,1.000000,0.000394,0.052500,0.066147,0.094090,0.300000,11.1195,0.042215,0.000000,0.022123,0.000000,3.893426,0.000000,230
1201,0.952522,1.000000,0.000305,0.052500,0.066147,0.095273,0.300000,7.6079,0.033540,0.000000,0.018278,0.000000,3.196694,0.000000,230
1202,0.949564,1.000000,0.000242,0.052500,0.066147,0.096842,0.300000,4.8661,0.027055,0.000000,0.015248,0.000000,2.639984,0.000000,230
1203,0.946624,1.000000,0.000198,0.052500,0.066147,0.098850,0.300000,293.3208,0.022307,0.000000,0.012928,0.000000,2.206497,0.000000,391
1204,0.943702,1.000000,0.000160,0.052500,0.066147,0.100653,0.300000,61.0342,0.018252,0.000000,0.010873,0.000000,1.833688,0.000000,391
1205,0.932194,1.000000,0.000091,0.052500,0.066147,0.111209,0.300000,34.6899,0.010193,0.000000,0.006497,0.000000,1.016416,0.000000,391
1206,1.057992,1.000000,0.062651,0.052500,0.068885,0.147797,0.158600,11.6919,0.941310,0.889106,0.032511,0.052570,2.852775,-0.422691,391
1207,1.054343,1.000000,0.059255,0.052500,0.068885,0.148304,0.181065,1.2161,0.929476,0.774889,0.037369,0.083014,3.290505,-0.397669,391
1208,1.050720,1.000000,0.055993,0.052500,0.068885,0.150246,0.173207,876.9024,0.914045,0.782427,0.043273,0.081133,3.787173,-0.071006,713
1209,1.047122,1.000000,0.052466,0.052500,0.068885,0.144623,0.161395,2.9574,0.907799,0.794222,0.045436,0.078260,4.159535,0.325633,230
1210,1.022607,1.000000,0.030515,0.052500,0.068885,0.128317,0.128569,1.5164,0.784659,0.766877,0.078494,0.082110,8.491976,0.183114,230
1211,1.019199,1.000000,0.027700,0.052500,0.068885,0.126038,0.126133,1.0759,0.758266,0.746364,0.083485,0.085653,9.256785,0.961755,230
1212,1.015813,1.000000,0.025090,0.052500,0.068885,0.124943,0.124972,0.2087,0.727446,0.720527,0.088568,0.089663,9.972662,1.731228,230
1213,1.015138,1.000000,0.024515,0.052500,0.068885,0.123982,0.124002,0.0527,0.722115,0.715867,0.089357,0.090321,10.153065,1.921607,230
1214,1.012449,1.000000,0.022450,0.052500,0.068885,0.122257,0.124931,0.0172,0.696487,0.623166,0.092876,0.100915,10.758634,-1.292772,230
1215,1.011110,1.000000,0.021435,0.052500,0.068885,0.121283,0.123330,3.7587,0.683182,0.618343,0.094503,0.101175,11.064188,-0.943106,230
1216,1.009108,1.000000,0.019934,0.052500,0.068885,0.119676,0.120969,0.0428,0.662570,0.610190,0.096761,0.101602,11.526359,-0.357049,230
1217,1.008442,1.000000,0.019367,0.052500,0.068885,0.118354,0.119466,0.0375,0.656371,0.607510,0.097371,0.101731,11.744070,-0.115505,230
1218,1.007113,1.000000,0.018379,0.052500,0.068885,0.117082,0.117843,0.2918,0.641965,0.601058,0.098702,0.102048,12.065680,0.350720,230
1219,1.005788,1.000000,0.017487,0.052500,0.068885,0.116557,0.117044,1.2707,0.626341,0.593515,0.099986,0.102405,12.310171,0.824707,230
1220,1.004466,1.000000,0.016531,0.052500,0.068885,0.115182,0.115478,5.5737,0.611090,0.585458,0.101070,0.102751,12.625172,1.385069,230
1221,1.003148,1.000000,0.015682,0.052500,0.068885,0.114654,0.114806,36.4246,0.594712,0.576053,0.102062,0.103121,12.841577,1.948362,230
1222,1.002490,1.000000,0.015180,0.052500,0.068885,0.113545,0.113653,153.1281,0.586956,0.571250,0.102464,0.103288,13.035158,-1.695870,230
1223,1.000522,1.000000,0.013959,0.052500,0.068885,0.112666,0.112687,251.4699,0.561488,0.553988,0.103514,0.103800,13.323834,-0.705778,230
1224,0.999214,1.000000,0.013052,0.052500,0.068885,0.110894,0.110899,410.7237,0.544511,0.540934,0.103972,0.104072,13.632193,0.134606,230
1225,0.997910,1.000000,0.012252,0.052500,0.068885,0.109919,0.109917,672.6812,0.526812,0.525875,0.104252,0.104267,13.826139,0.976565,230
1226,0.996609,1.000000,0.011473,0.052500,0.068885,0.108913,0.109289,886.8722,0.508766,0.508768,0.104326,0.104326,14.000369,1.892586,230
1227,0.995960,1.000000,0.011153,0.052500,0.068885,0.108981,0.108977,832.5950,0.499679,0.499459,0.104283,0.104283,14.004010,-1.700661,230
1228,0.994017,1.000000,0.010039,0.052500,0.068885,0.107346,0.107350,2053.3001,0.471878,0.467399,0.103821,0.103732,14.209728,-0.151480,230
1229,0.992726,1.000000,0.009331,0.052500,0.068885,0.106276,0.106305,2050.6301,0.452981,0.442294,0.103222,0.102855,14.307158,0.939878,230
1230,0.991438,1.000000,0.008645,0.052500,0.068885,0.105151,0.105278,2046.5701,0.433795,0.413710,0.102377,0.101371,14.379088,-1.944471,230
1231,0.989513,1.000000,0.007683,0.052500,0.068885,0.103630,0.104187,2041.5801,0.404765,0.363913,0.100642,0.097519,14.398797,-0.398654,230
1232,0.986321,1.000000,0.006271,0.052500,0.068885,0.101638,0.105280,2028.4801,0.356659,0.263114,0.096534,0.084481,14.172974,0.905465,230
1233,0.983150,1.000000,0.005061,0.052500,0.068885,0.100004,0.115317,2012.8401,0.309756,0.155664,0.091003,0.061668,13.666903,-1.476330,230
1234,0.979999,1.000000,0.004019,0.052500,0.068885,0.098438,0.123585,327.6061,0.264638,0.104837,0.084189,0.046780,12.927513,-1.857923,392
1235,0.976868,1.000000,0.003144,0.052500,0.068885,0.097022,0.138094,229.6122,0.222334,0.069268,0.076375,0.034446,11.975170,-1.519798,392
1236,0.973757,1.000000,0.002446,0.052500,0.068885,0.096110,0.163378,167.7201,0.184518,0.050552,0.068109,0.027759,10.849493,0.499755,392
1237,0.970665,1.000000,0.001879,0.052500,0.068885,0.095342,0.184029,2.5201,0.150851,0.054869,0.059624,0.033005,9.635476,-1.829417,392
1238,0.967594,1.000000,0.001430,0.052500,0.068885,0.094776,0.178035,0.9467,0.121701,0.097697,0.051307,0.063922,8.393948,-0.177044,392
1239,0.964541,1.000000,0.001091,0.052500,0.068885,0.094670,0.300000,0.2922,0.097656,0.000000,0.043664,0.000000,7.196819,0.000000,392
1240,0.961508,1.000000,0.000836,0.052500,0.068885,0.094937,0.300000,0.2010,0.078139,0.000000,0.036854,0.000000,6.095591,0.000000,392
1241,0.958494,1.000000,0.000639,0.052500,0.068885,0.095343,0.300000,369.3058,0.062143,0.000000,0.030801,0.000000,5.104623,0.000000,552
1242,0.955499,1.000000,0.000487,0.052500,0.068885,0.095842,0.300000,310.0255,0.049133,0.000000,0.025506,0.000000,4.231486,0.000000,552
1243,0.952522,1.000000,0.000386,0.052500,0.068885,0.097152,0.300000,1998.7401,0.039797,0.000000,0.021454,0.000000,3.533334,0.000000,230
1244,0.949564,1.000000,0.000311,0.052500,0.068885,0.098716,0.300000,1977.5901,0.032524,0.000000,0.018129,0.000000,2.956795,0.000000,230
1245,0.946624,1.000000,0.000248,0.052500,0.068885,0.100126,0.300000,1957.4001,0.026398,0.000000,0.015198,0.000000,2.458940,0.000000,230
1246,0.943702,1.000000,0.000207,0.052500,0.068885,0.102241,0.300000,1882.4201,0.022154,0.000000,0.013077,0.000000,2.084869,0.000000,230
1247,0.940799,1.000000,0.000172,0.052500,0.068885,0.104260,0.300000,1775.1001,0.018566,0.000000,0.011223,0.000000,1.765499,0.000000,230
1248,0.932194,1.000000,0.000113,0.052500,0.068885,0.111758,0.300000,32.6723,0.012041,0.000000,0.007664,0.000000,1.145677,0.000000,230
1249,0.920963,1.000000,0.000072,0.052500,0.068885,0.122490,0.300000,25.6638,0.007497,0.000000,0.005004,0.000000,0.699222,0.000000,230
1250,1.076618,1.000000,0.080782,0.052500,0.071623,0.149309,0.183565,12.4463,0.975096,0.890119,0.016786,0.054193,1.354175,-1.303336,230
1251,1.069090,1.000000,0.073755,0.052500,0.071623,0.159872,0.177417,4.7475,0.952611,0.886905,0.028270,0.054928,2.160113,-0.990149,230
1252,1.061665,1.000000,0.066451,0.052500,0.071623,0.151184,0.163513,1.0698,0.944319,0.888424,0.031915,0.054026,2.614970,-0.637485,230
1253,1.054343,1.000000,0.059628,0.052500,0.071623,0.151511,0.180267,0.2205,0.921916,0.776418,0.041186,0.084321,3.414166,-0.394179,230
1254,1.050720,1.000000,0.056103,0.052500,0.071623,0.146888,0.168955,0.1054,0.915262,0.786050,0.043656,0.081929,3.758631,-0.052420,230
1255,1.047122,1.000000,0.052733,0.052500,0.071623,0.144773,0.159624,0.0551,0.904027,0.797079,0.047722,0.079139,4.197381,0.333717,230
1256,1.032972,1.000000,0.039980,0.052500,0.071623,0.138211,0.139610,3.7472,0.840658,0.804942,0.067082,0.076233,6.350862,-1.820452,230
1257,1.026039,1.000000,0.033812,0.052500,0.071623,0.131726,0.132181,698.7208,0.803300,0.780467,0.076108,0.081205,7.662640,-0.621421,714
1258,1.022607,1.000000,0.030963,0.052500,0.071623,0.130026,0.130234,0.2108,0.778724,0.762480,0.081302,0.084594,8.348363,0.051244,230
1259,1.015813,1.000000,0.025382,0.052500,0.071623,0.124631,0.124654,4.2833,0.725674,0.719010,0.090601,0.091668,9.836188,1.603121,230
1260,1.013792,1.000000,0.023840,0.052500,0.071623,0.123600,0.126867,29.1597,0.706886,0.626950,0.093336,0.102710,10.258475,-1.708058,230
1261,1.012449,1.000000,0.022801,0.052500,0.071623,0.122566,0.125132,108.0327,0.694349,0.622622,0.095000,0.102947,10.557373,-1.393064,552
1262,1.009108,1.000000,0.020290,0.052500,0.071623,0.120033,0.121278,134.9708,0.661057,0.609733,0.098836,0.103636,11.289779,-0.488660,230
1263,1.005788,1.000000,0.017882,0.052500,0.071623,0.117315,0.117790,244.4636,0.625247,0.593114,0.102048,0.104445,12.005660,0.631885,230
1264,1.002490,1.000000,0.015672,0.052500,0.071623,0.115272,0.115379,393.6460,0.586263,0.570950,0.104521,0.105335,12.596943,1.981983,230
1265,1.000522,1.000000,0.014332,0.052500,0.071623,0.113280,0.113302,637.1564,0.562146,0.554538,0.105524,0.105822,12.992499,-1.001825,230
1266,0.999214,1.000000,0.013484,0.052500,0.071623,0.112103,0.112114,874.8495,0.545436,0.541737,0.105990,0.106098,13.221454,-0.256649,230
1267,0.997910,1.000000,0.012728,0.052500,0.071623,0.111586,0.111580,862.0065,0.528215,0.527167,0.106277,0.106296,13.353527,0.488562,230
1268,0.995960,1.000000,0.011564,0.052500,0.071623,0.110079,0.110454,2041.0801,0.501971,0.501818,0.106334,0.106335,13.596648,1.790932,230
1269,0.992726,1.000000,0.009714,0.052500,0.071623,0.107259,0.107280,2038.8401,0.456608,0.447254,0.105363,0.105062,13.916810,0.300328,230
1270,0.989513,1.000000,0.008168,0.052500,0.071623,0.105798,0.106226,2030.5801,0.410847,0.374794,0.102998,0.100399,13.882120,-1.384273,230
1271,0.986321,1.000000,0.006665,0.052500,0.071623,0.103153,0.106069,2019.8801,0.363583,0.278669,0.099088,0.088649,13.786309,0.241787,230
1272,0.983150,1.000000,0.005408,0.052500,0.071623,0.101329,0.114826,2008.6101,0.317595,0.168295,0.093795,0.066157,13.370636,-1.292599,230
1273,0.979999,1.000000,0.004353,0.052500,0.071623,0.099957,0.124403,1973.2501,0.273811,0.111241,0.087326,0.049764,12.700702,-1.530885,230
1274,0.976868,1.000000,0.003444,0.052500,0.071623,0.098559,0.137924,1880.3401,0.232223,0.074027,0.079811,0.036881,11.847913,-1.207866,230
1275,0.973757,1.000000,0.002701,0.052500,0.071623,0.097494,0.161210,1778.3401,0.194323,0.052543,0.071698,0.028890,10.828678,0.507889,230
1276,0.970665,1.000000,0.002083,0.052500,0.071623,0.096434,0.183919,287.5616,0.159857,0.051549,0.063169,0.031035,9.706973,1.197854,391
1277,0.967594,1.000000,0.001614,0.052500,0.071623,0.096043,0.182244,220.6691,0.130823,0.083471,0.055020,0.054642,8.543033,0.297634,391
1278,0.964541,1.000000,0.001249,0.052500,0.071623,0.095971,0.107946,148.5134,0.106311,0.242080,0.047361,0.080623,7.406061,-0.769890,391
1279,0.961508,1.000000,0.000956,0.052500,0.071623,0.095892,0.300000,13.9887,0.085317,0.000000,0.040154,0.000000,6.323908,0.000000,391
1280,0.958494,1.000000,0.000734,0.052500,0.071623,0.096116,0.300000,4.5529,0.068247,0.000000,0.033775,0.000000,5.340407,0.000000,391
1281,0.955499,1.000000,0.000575,0.052500,0.071623,0.096942,0.300000,2.0800,0.055167,0.000000,0.028514,0.000000,4.498162,0.000000,391
1282,0.952522,1.000000,0.000455,0.052500,0.071623,0.098012,0.300000,0.2335,0.044760,0.000000,0.024059,0.000000,3.777437,0.000000,391
1283,0.949564,1.000000,0.000360,0.052500,0.071623,0.099139,0.300000,119.7498,0.036281,0.000000,0.020224,0.000000,3.158738,0.000000,391
1284,0.943702,1.000000,0.000244,0.052500,0.071623,0.102675,0.300000,342.5584,0.025107,0.000000,0.014814,0.000000,2.261887,0.000000,552
1285,0.932194,1.000000,0.000134,0.052500,0.071623,0.111966,0.300000,175.4540,0.013806,0.000000,0.008797,0.000000,1.262305,0.000000,552
1286,0.920963,1.000000,0.000084,0.052500,0.071623,0.122166,0.300000,123.2859,0.008494,0.000000,0.005694,0.000000,0.767295,0.000000,552
1287,1.371119,1.000000,0.386493,0.052500,0.074361,0.872294,0.899898,752.4679,0.928163,0.902833,0.051211,0.064376,0.419953,0.462062,552
1288,1.263469,1.000000,0.268521,0.052500,0.074361,0.437410,0.542353,697.5991,0.979964,0.913150,0.016707,0.054661,0.321769,0.676217,552
1289,1.142599,1.000000,0.148939,0.052500,0.074361,0.323980,0.349561,75.3932,0.944896,0.917781,0.034712,0.047483,1.103655,1.312936,391
1290,1.139194,1.000000,0.144374,0.052500,0.074361,0.279790,0.326029,261.4194,0.963864,0.928627,0.024641,0.042663,0.912603,1.291877,391
1291,1.137499,1.000000,0.145759,0.052500,0.074361,0.362433,0.386216,242.4789,0.918107,0.849306,0.046936,0.072557,1.345948,1.497315,391
1292,1.120820,1.000000,0.124751,0.052500,0.074361,0.154875,0.257383,640.5746,0.997556,0.910366,0.002324,0.049622,0.160647,1.602936,552
1293,1.119999,1.000000,0.123934,0.052500,0.074361,0.155830,0.255491,526.7776,0.997283,0.913036,0.002556,0.048500,0.175835,1.601218,552
1294,1.117542,1.000000,0.121455,0.052500,0.074361,0.140990,0.250125,507.6492,0.998699,0.914691,0.001306,0.047717,0.099706,1.627586,552
1295,1.112662,1.000000,0.116696,0.052500,0.074361,0.169870,0.243170,460.9528,0.992069,0.916352,0.006600,0.046828,0.422061,1.691840,552
1296,1.111853,1.000000,0.115876,0.052500,0.074361,0.167316,0.241391,477.4433,0.992497,0.916929,0.006281,0.046557,0.408365,1.701191,552
1297,1.111045,1.000000,0.115022,0.052500,0.074361,0.157751,0.238898,406.1207,0.994768,0.917835,0.004561,0.046149,0.314993,1.708618,552
1298,1.109433,1.000000,0.113433,0.052500,0.074361,0.160499,0.236346,335.9342,0.993501,0.918648,0.005521,0.045747,0.375816,1.729753,552
1299,1.107825,1.000000,0.111819,0.052500,0.074361,0.157543,0.233257,344.8652,0.993718,0.919770,0.005350,0.045217,0.372095,1.749337,552
1300,1.106221,1.000000,0.110246,0.052500,0.074361,0.160759,0.230979,296.8202,0.992106,0.920588,0.006535,0.044812,0.446719,1.771302,552
1301,1.104623,1.000000,0.108671,0.052500,0.074361,0.162125,0.228607,280.7276,0.990890,0.921517,0.007400,0.044361,0.503051,1.792951,552
1302,1.103825,1.000000,0.107848,0.052500,0.074361,0.157631,0.226739,233.4025,0.992032,0.922364,0.006575,0.043977,0.460347,1.801272,552
1303,1.103029,1.000000,0.107078,0.052500,0.074361,0.160343,0.225886,222.2341,0.990710,0.922713,0.007517,0.043799,0.518189,1.813159,552
1304,1.101439,1.000000,0.105519,0.052500,0.074361,0.162111,0.223832,237.8281,0.989163,0.923650,0.008586,0.043345,0.587106,1.835640,713
1305,1.099855,1.000000,0.104014,0.052500,0.074361,0.168278,0.222744,1025.0769,0.985451,0.924113,0.011064,0.043090,0.730910,1.862162,713
1306,1.098274,1.000000,0.102435,0.052500,0.074361,0.166305,0.220329,996.6078,0.985215,0.925432,0.011202,0.042476,0.750970,1.882781,713
1307,1.096699,1.000000,0.100868,0.052500,0.074361,0.164955,0.218173,1091.3535,0.984665,0.926738,0.011543,0.041868,0.782394,1.903830,713
1308,1.095128,1.000000,0.099327,0.052500,0.074361,0.165338,0.240585,732.9990,0.983190,0.837729,0.012470,0.073338,0.845676,-1.786786,713
1309,1.093561,1.000000,0.097790,0.052500,0.074361,0.165515,0.235275,740.7548,0.981721,0.841885,0.013375,0.072003,0.908718,-1.742813,713
1310,1.091999,1.000000,0.096264,0.052500,0.074361,0.166012,0.230069,206.6323,0.979962,0.846258,0.014441,0.070585,0.980997,-1.699027,554
1311,1.090441,1.000000,0.094886,0.052500,0.074361,0.174654,0.227332,197.1882,0.972804,0.850065,0.018647,0.069322,1.207455,-1.655905,554
1312,1.088887,1.000000,0.093291,0.052500,0.074361,0.170102,0.220867,180.8280,0.974004,0.855419,0.017931,0.067560,1.195621,-1.613227,554
1313,1.088112,1.000000,0.092598,0.052500,0.074361,0.173336,0.219431,181.5379,0.970804,0.857589,0.019739,0.066827,1.293430,-1.592267,554
1314,1.087339,1.000000,0.091728,0.052500,0.074361,0.167108,0.214852,758.4736,0.974170,0.860944,0.017810,0.065711,1.212259,-1.572444,714
1315,1.085794,1.000000,0.090291,0.052500,0.074361,0.170481,0.211093,757.1429,0.969795,0.866011,0.020261,0.063977,1.355616,-1.533077,714
1316,1.084254,1.000000,0.088887,0.052500,0.074361,0.174407,0.208000,702.1961,0.964598,0.871183,0.023062,0.062179,1.512573,-1.495721,714
1317,1.082718,1.000000,0.087203,0.052500,0.074361,0.165258,0.199745,811.4734,0.969448,0.878674,0.020395,0.059557,1.415771,-1.467116,718
1318,1.081187,1.000000,0.085736,0.052500,0.074361,0.165989,0.195671,156.2021,0.966630,0.885060,0.021906,0.057254,1.518217,-1.440588,555
1319,1.080423,1.000000,0.084996,0.052500,0.074361,0.165949,0.194022,155.7977,0.965485,0.886810,0.022506,0.056595,1.562406,-1.422946,555
1320,1.078137,1.000000,0.082870,0.052500,0.074361,0.168995,0.192335,1.4670,0.959099,0.885722,0.025798,0.056859,1.766088,-1.341722,555
1321,1.076618,1.000000,0.081366,0.052500,0.074361,0.167135,0.189358,664.8188,0.958029,0.885968,0.026306,0.056693,1.826079,-1.289358,718
1322,1.075104,1.000000,0.079895,0.052500,0.074361,0.166293,0.186956,46.3289,0.955971,0.885918,0.027305,0.056631,1.910373,-1.233866,394
1323,1.073594,1.000000,0.078392,0.052500,0.074361,0.164118,0.183837,129.4440,0.955089,0.886287,0.027706,0.056421,1.969639,-1.178254,557
1324,1.072841,1.000000,0.077719,0.052500,0.074361,0.165730,0.183813,691.0769,0.952018,0.885594,0.029196,0.056625,2.058289,-1.145693,714
1325,1.072088,1.000000,0.076935,0.052500,0.074361,0.163410,0.181564,655.4317,0.952737,0.886190,0.028825,0.056376,2.063846,-1.118426,714
1326,1.070587,1.000000,0.075567,0.052500,0.074361,0.165356,0.180976,617.2125,0.947573,0.885082,0.031267,0.056685,2.218567,-1.051648,714
1327,1.069090,1.000000,0.074014,0.052500,0.074361,0.161045,0.176625,544.6557,0.948673,0.886267,0.030701,0.056192,2.243036,-0.993269,714
1328,1.068342,1.000000,0.084410,0.052500,0.074361,0.336955,0.337102,1.2301,0.790425,0.784432,0.083861,0.085252,2.932401,-1.103740,557
1329,1.067596,1.000000,0.072696,0.052500,0.074361,0.163939,0.176883,128.4927,0.942120,0.884571,0.033714,0.056704,2.426464,-0.918484,557
1330,1.066851,1.000000,0.082980,0.052500,0.074361,0.333946,0.334069,111.8157,0.787860,0.782373,0.084344,0.085603,2.984179,-1.050469,557
1331,1.066107,1.000000,0.071151,0.052500,0.074361,0.159715,0.172564,113.0362,0.943085,0.885824,0.033225,0.056190,2.461348,-0.855404,557
1332,1.065364,1.000000,0.070551,0.052500,0.074361,0.162586,0.173768,0.7962,0.938017,0.884214,0.035498,0.056709,2.586902,-0.811706,557
1333,1.064623,1.000000,0.069756,0.052500,0.074361,0.159806,0.171110,101.7189,0.939231,0.885207,0.034930,0.056326,2.593361,-0.780295,557
1334,1.063882,1.000000,0.080146,0.052500,0.074361,0.328030,0.328110,84.1063,0.782492,0.777993,0.085339,0.086347,3.091022,-0.940161,557
1335,1.063142,1.000000,0.068338,0.052500,0.074361,0.158970,0.169142,2.3444,0.936266,0.884923,0.036201,0.056346,2.709463,-0.703765,557
1336,1.061665,1.000000,0.067028,0.052500,0.074361,0.160774,0.169185,540.2417,0.930008,0.883150,0.038868,0.056877,2.884433,-0.616297,713
1337,1.060929,1.000000,0.073227,0.052500,0.074361,0.272265,0.272499,532.1761,0.812278,0.804565,0.077927,0.079872,3.419603,-0.615915,713
1338,1.060193,1.000000,0.065652,0.052500,0.074361,0.160536,0.167839,210.2134,0.925949,0.882323,0.040529,0.057082,3.020489,-0.530222,391
1339,1.059458,1.000000,0.075676,0.052500,0.074361,0.316115,0.316173,196.9259,0.775898,0.772602,0.086450,0.087165,3.276477,-0.749210,391
1340,1.058724,1.000000,0.064370,0.052500,0.074361,0.162272,0.168186,181.0343,0.919234,0.880091,0.043231,0.057760,3.196236,-0.433454,391
1341,1.057992,1.000000,0.070478,0.052500,0.074361,0.267518,0.275057,155.7404,0.805861,0.736927,0.079330,0.094145,3.562650,-1.020218,391
1342,1.057260,1.000000,0.062718,0.052500,0.074361,0.155119,0.161496,73.0347,0.923610,0.883527,0.041386,0.056513,3.209840,-0.361631,552
1343,1.056529,1.000000,0.062025,0.052500,0.074361,0.154669,0.160640,0.5832,0.921820,0.883250,0.042092,0.056568,3.278567,-0.313879,552
1344,1.055800,1.000000,0.061609,0.052500,0.074361,0.160415,0.186557,59.1395,0.911876,0.773387,0.046026,0.086695,3.461406,-0.524604,552
1345,1.054343,1.000000,0.060124,0.052500,0.074361,0.157000,0.181248,63.7680,0.911273,0.777111,0.046197,0.085766,3.559631,-0.397952,552
1346,1.053617,1.000000,0.066402,0.052500,0.074361,0.260409,0.265042,59.7064,0.795592,0.740352,0.081493,0.093127,3.790980,-0.724637,552
1347,1.052167,1.000000,0.057949,0.052500,0.074361,0.152841,0.173862,255.8074,0.908996,0.783064,0.046978,0.084270,3.733724,-0.196387,874
1348,1.051443,1.000000,0.057263,0.052500,0.074361,0.152223,0.171916,462.3936,0.907128,0.784970,0.047658,0.083782,3.808351,-0.127350,874
1349,1.050720,1.000000,0.056619,0.052500,0.074361,0.152435,0.170538,151.6681,0.904044,0.786662,0.048786,0.083341,3.898423,-0.058696,391
1350,1.049999,1.000000,0.056140,0.052500,0.074361,0.155846,0.171420,13.5419,0.896370,0.787201,0.051571,0.083161,4.036336,0.002164,391
1351,1.049278,1.000000,0.055319,0.052500,0.074361,0.152443,0.167610,131.6126,0.898285,0.790394,0.050842,0.082371,4.073694,0.085460,392
1352,1.048558,1.000000,0.063601,0.052500,0.074361,0.273945,0.275299,110.5407,0.765572,0.735751,0.087749,0.093518,3.917870,-0.434016,392
1353,1.047840,1.000000,0.053886,0.052500,0.074361,0.149662,0.162823,97.9080,0.896362,0.795607,0.051468,0.081042,4.212013,0.246388,391
1354,1.047122,1.000000,0.053404,0.052500,0.074361,0.152666,0.163720,95.7739,0.888888,0.796422,0.054081,0.080793,4.344709,0.315987,391
1355,1.046405,1.000000,0.052772,0.052500,0.074361,0.152737,0.162528,79.6853,0.885637,0.798581,0.055168,0.080225,4.436074,0.397028,391
1356,1.045689,1.000000,0.051895,0.052500,0.074361,0.148296,0.157873,73.8625,0.889060,0.803074,0.053947,0.079089,4.473899,0.495458,391
1357,1.044975,1.000000,0.051360,0.052500,0.074361,0.150095,0.158064,58.9526,0.883110,0.804625,0.055954,0.078657,4.591043,0.575272,391
1358,1.044261,1.000000,0.050574,0.052500,0.074361,0.147303,0.154689,50.0444,0.884049,0.808681,0.055597,0.077604,4.654580,0.672623,391
1359,1.043548,1.000000,0.050068,0.052500,0.074361,0.149459,0.155354,95.0097,0.877393,0.810158,0.057792,0.077183,4.775002,0.755641,391
1360,1.042836,1.000000,0.049407,0.052500,0.074361,0.148806,0.153810,1.6906,0.874962,0.813309,0.058552,0.076338,4.865679,0.850174,391
1361,1.042125,1.000000,0.047403,0.052500,0.074361,0.122400,0.131901,30.4002,0.914637,0.831697,0.044362,0.071455,4.487903,1.006204,391
1362,1.041416,1.000000,0.055225,0.052500,0.074361,0.240688,0.240857,27.3938,0.761331,0.750353,0.088016,0.090174,4.534331,0.393624,391
1363,1.040707,1.000000,0.047393,0.052500,0.074361,0.146164,0.149204,26.0693,0.868415,0.820917,0.060540,0.074231,5.142783,1.133162,391
1364,1.039999,1.000000,0.046796,0.052500,0.074361,0.146434,0.149173,21.5316,0.864312,0.818740,0.061789,0.074744,5.246402,1.209535,391
1365,1.039292,1.000000,0.046105,0.052500,0.074361,0.145132,0.147739,22.4189,0.862633,0.817787,0.062269,0.074939,5.341803,1.294085,391
1366,1.038586,1.000000,0.045659,0.052500,0.074361,0.147663,0.149816,36.1906,0.854816,0.813537,0.064606,0.075969,5.454703,1.362481,391
1367,1.037881,1.000000,0.044807,0.052500,0.074361,0.143788,0.146030,19.5051,0.857108,0.814706,0.063873,0.075623,5.545667,1.464239,391
1368,1.037176,1.000000,0.043243,0.052500,0.074361,0.128011,0.131630,17.0725,0.879996,0.826218,0.056579,0.072587,5.525298,1.619264,391
1369,1.036473,1.000000,0.043485,0.052500,0.074361,0.141945,0.143896,16.1108,0.852155,0.811849,0.065266,0.076238,5.755767,1.645989,391
1370,1.035771,1.000000,0.042927,0.052500,0.074361,0.142532,0.144239,13.7047,0.847115,0.808957,0.066695,0.076905,5.865520,1.730833,391
1371,1.035070,1.000000,0.042227,0.052500,0.074361,0.140950,0.142561,13.2764,0.845560,0.808012,0.067097,0.077085,5.975254,1.831851,391
1372,1.034369,1.000000,0.041739,0.052500,0.074361,0.142437,0.143807,10.2847,0.838895,0.804044,0.068939,0.077999,6.083361,1.912770,391
1373,1.033670,1.000000,0.040994,0.052500,0.074361,0.140141,0.141469,10.1935,0.838379,0.803678,0.069036,0.078034,6.200144,-1.975215,391
1374,1.032972,1.000000,0.040642,0.052500,0.074361,0.143412,0.144440,8.9566,0.828660,0.797718,0.071640,0.079398,6.295755,-1.909131,391
1375,1.032274,1.000000,0.039851,0.052500,0.074361,0.140445,0.141464,7.8411,0.829065,0.797905,0.071483,0.079301,6.423384,-1.784465,391
1376,1.031578,1.000000,0.039271,0.052500,0.074361,0.140386,0.141282,7.4048,0.824649,0.795083,0.072605,0.079906,6.535742,-1.685128,391
1377,1.030882,1.000000,0.038705,0.052500,0.074361,0.140469,0.141253,6.8841,0.819928,0.792000,0.073783,0.080561,6.646780,-1.585848,391
1378,1.030187,1.000000,0.038019,0.052500,0.074361,0.138880,0.139620,5.6972,0.817882,0.790603,0.074257,0.080825,6.775127,-1.464902,391
1379,1.029494,1.000000,0.037313,0.052500,0.074361,0.137014,0.137702,5.4210,0.816243,0.789487,0.074623,0.081023,6.910567,-1.336289,391
1380,1.028801,1.000000,0.036851,0.052500,0.074361,0.138346,0.138916,1049.4274,0.809208,0.784742,0.076325,0.082029,7.009600,-1.247555,1196
1381,1.028109,1.000000,0.036113,0.052500,0.074361,0.136015,0.136557,276.0405,0.808176,0.783988,0.076526,0.082140,7.158128,-1.105074,1518
