tick,S,K,C,r,T,ref_iv,fpga_iv,iv_err_bps,ref_delta,fpga_delta,ref_vega,fpga_vega,ref_gamma,fpga_gamma,latency_cyc
0,100.000000,142.857143,0.000000,0.050000,0.002700,0.250000,1.950000,16999.9999,0.000000,1.000000,0.000000,0.600213,0.000000,0.013077,1518
1,100.000000,142.857143,0.000000,0.050000,0.003090,0.250000,1.950000,16999.9999,0.000000,1.000000,0.000000,48.284402,0.000000,0.919172,1518
2,100.000000,142.857143,0.000000,0.050000,0.003536,0.250000,0.923253,6732.5276,0.000000,1.000000,0.000000,0.000000,0.000000,0.000000,1518
3,100.000000,142.857143,0.000000,0.050000,0.004046,0.250000,0.450000,1999.9999,0.000000,1.000000,0.000000,2.537631,0.000000,0.313596,1518
4,100.000000,142.857143,0.000000,0.050000,0.004630,0.250000,2.421407,21714.0740,0.000000,1.000000,0.000000,0.000000,0.000000,0.000000,1518
5,100.000000,142.857143,0.000000,0.050000,0.005299,0.250000,2.450000,21999.9999,0.000000,1.000000,0.000000,0.000000,0.000000,0.000000,1518
6,100.000000,142.857143,0.000000,0.050000,0.006064,0.250000,0.947922,6979.2175,0.000000,1.000000,0.000000,-47.645352,0.000000,-1.131753,1518
7,100.000000,142.857143,0.000000,0.050000,0.006939,0.250000,2.450000,21999.9999,0.000000,1.000000,0.000000,0.000000,0.000000,0.000000,1518
8,100.000000,142.857143,0.000000,0.050000,0.007941,0.250000,2.450000,21999.9999,0.000000,1.000000,0.000000,0.000000,0.000000,0.000000,1518
9,100.000000,142.857143,0.000000,0.050000,0.009088,0.250000,1.010000,7599.9999,0.000000,1.000000,0.000000,-66.909372,0.000000,-0.113034,1518
10,100.000000,142.857143,0.000000,0.050000,0.010399,0.250000,0.932340,6823.4003,0.000000,1.000000,0.000000,-67.504537,0.000000,-0.384782,1518
11,100.000000,142.857143,0.000000,0.050000,0.011901,0.250000,2.450000,21999.9999,0.000000,1.000000,0.000000,0.000000,0.000000,0.000000,1518
12,100.000000,142.857143,0.000000,0.050000,0.013619,0.250000,0.950000,6999.9999,0.000000,1.000000,0.000000,0.000000,0.000000,0.000000,1518
13,100.000000,142.857143,0.000000,0.050000,0.015585,0.250000,1.999173,17491.7299,0.000000,1.000000,0.000000,0.000000,0.000000,0.000000,1518
14,100.000000,142.857143,0.000000,0.050000,0.017835,0.250000,0.510000,2599.9999,0.000000,1.000000,0.000000,0.000000,0.000000,0.000000,1518
15,100.000000,142.857143,0.000000,0.050000,0.020410,0.250000,2.450000,21999.9999,0.000000,1.000000,0.000000,0.000000,0.000000,0.000000,1518
16,100.000000,142.857143,0.000000,0.050000,0.023356,0.250000,0.450000,1999.9999,0.000000,1.000000,0.000000,-38.257345,0.000000,-1.102349,1518
17,100.000000,142.857143,0.000000,0.050000,0.026728,0.250000,0.450000,1999.9999,0.000000,1.000000,0.000000,-60.625805,0.000000,-1.587469,1518
18,100.000000,142.857143,0.000000,0.050000,0.030586,0.250000,2.450000,21999.9999,0.000000,1.000000,0.000000,0.000000,0.000000,0.000000,1518
19,100.000000,142.857143,0.000000,0.050000,0.035002,0.250000,2.450000,21999.9999,0.000000,1.000000,0.000000,0.000000,0.000000,0.000000,1518
20,100.000000,142.857143,0.000000,0.050000,0.040055,0.250000,0.446888,1968.8773,0.000000,1.000000,0.000000,0.000000,0.000000,0.000000,1518
21,100.000000,142.857143,0.000000,0.050000,0.045837,0.250000,2.450000,21999.9999,0.000000,1.000000,0.000000,0.000000,0.000000,0.000000,1518
22,100.000000,142.857143,0.000000,0.050000,0.052455,0.250000,0.450000,1999.9999,0.000000,1.000000,0.000000,27.020553,0.000000,-1.302250,1518
23,100.000000,142.857143,0.000000,0.050000,0.060027,0.250000,2.450000,21999.9999,0.000000,1.000000,0.000001,0.000000,0.000000,0.000000,1518
24,100.000000,142.857143,0.000000,0.050000,0.068693,0.250000,2.428420,21784.2007,0.000000,1.000000,0.000006,0.000000,0.000000,0.000000,1518
25,100.000000,142.857143,0.000000,0.050000,0.078610,0.250000,2.450000,21999.9999,0.000000,1.000000,0.000042,0.000000,0.000000,0.000000,1518
26,100.000000,142.857143,0.000002,0.050000,0.089959,0.250000,5.000000,47500.0000,0.000002,0.933431,0.000231,4.891395,0.000001,-0.000000,1518
27,100.000000,142.857143,0.000012,0.050000,0.102946,0.250000,5.000000,47500.0000,0.000007,0.938289,0.001030,4.790055,0.000004,-0.000000,1518
28,100.000000,142.857143,0.000049,0.050000,0.117808,0.250000,5.000000,47500.0000,0.000026,0.941266,0.003831,4.832055,0.000013,-0.000000,1518
29,100.000000,142.857143,0.000177,0.050000,0.134815,0.250000,5.000000,47500.0000,0.000083,0.942918,0.012176,4.994093,0.000036,-0.000000,1518
30,100.000000,142.857143,0.000551,0.050000,0.154277,0.250000,5.000000,47500.0000,0.000229,0.943568,0.033724,5.268362,0.000087,-0.000000,1518
31,100.000000,142.857143,0.001521,0.050000,0.176550,0.250000,5.000000,47500.0000,0.000559,0.943344,0.082820,5.663213,0.000188,-0.000000,1518
32,100.000000,142.857143,0.003776,0.050000,0.202037,0.250000,5.000000,47500.0000,0.001231,0.942201,0.183089,6.206861,0.000362,-0.000000,1518
33,100.000000,142.857143,0.008536,0.050000,0.231204,0.250000,5.000000,47500.0000,0.002471,0.939915,0.369200,6.955408,0.000639,-0.000000,1518
34,100.000000,142.857143,0.017772,0.050000,0.264582,0.250000,5.000000,47500.0000,0.004574,0.936049,0.686985,8.006789,0.001039,0.131068,1518
35,100.000000,142.857143,0.034426,0.050000,0.302779,0.250000,4.750000,45000.0000,0.007890,0.929894,1.191511,9.524823,0.001574,0.009050,1518
36,100.000000,142.857143,0.062592,0.050000,0.346489,0.250000,4.750000,45000.0000,0.012793,0.933502,1.943284,9.587898,0.002243,0.018333,1518
37,100.000000,142.857143,0.107630,0.050000,0.396510,0.250000,4.250000,40000.0000,0.019648,0.925968,3.003293,11.600006,0.003030,0.006733,1518
38,100.000000,142.857143,0.176212,0.050000,0.453753,0.250000,3.750000,35000.0000,0.028778,0.931607,4.427842,11.333590,0.003903,0.012514,1518
39,100.000000,142.857143,0.276289,0.050000,0.519259,0.250000,3.750000,35000.0000,0.040432,0.936659,6.264072,11.092044,0.004825,-0.000000,1518
40,100.000000,142.857143,0.416997,0.050000,0.594222,0.250000,3.250000,30000.0000,0.054770,0.931045,8.546773,13.092350,0.005753,0.012307,1518
41,100.000000,142.857143,0.608528,0.050000,0.680006,0.250000,3.250000,30000.0000,0.071855,0.937362,11.296730,12.528591,0.006645,-0.000000,1518
42,100.000000,142.857143,0.861989,0.050000,0.778176,0.250000,3.250000,30000.0000,0.091658,0.932299,14.520501,14.669378,0.007464,0.019240,1518
43,100.000000,142.857143,1.189269,0.050000,0.890517,0.250000,2.750000,25000.0000,0.114070,0.924387,18.211305,17.806897,0.008180,0.006963,1518
44,100.000000,142.857143,1.602927,0.050000,1.019077,0.250000,2.750000,25000.0000,0.138917,0.935220,22.350601,15.951439,0.008773,-0.000000,1518
45,100.000000,142.857143,2.116116,0.050000,1.166196,0.250000,2.250000,20000.0000,0.165982,0.929159,26.909935,18.917909,0.009230,0.012534,1518
46,100.000000,142.857143,2.742530,0.050000,1.334554,0.250000,2.250000,20000.0000,0.195020,0.938578,31.852714,17.151366,0.009547,-0.000000,1518
47,100.000000,142.857143,3.496389,0.050000,1.527217,0.250000,2.250000,20000.0000,0.225775,0.935022,37.135648,19.596744,0.009726,-0.000000,1518
48,100.000000,142.857143,4.392433,0.050000,1.747694,0.250000,2.750000,25000.0000,0.257993,1.000000,42.709728,0.000000,0.009775,0.000000,1518
49,100.000000,142.857143,5.445925,0.050000,2.000000,0.250000,2.750000,25000.0000,0.291431,0.851273,48.520656,-45.959562,0.009704,0.004112,1518
50,100.000000,139.742873,0.000000,0.050000,0.002700,0.250000,1.950000,16999.9999,0.000000,1.000000,0.000000,0.600213,0.000000,0.013077,1518
51,100.000000,139.742873,0.000000,0.050000,0.003090,0.250000,1.950000,16999.9999,0.000000,1.000000,0.000000,48.284402,0.000000,0.919172,1518
52,100.000000,139.742873,0.000000,0.050000,0.003536,0.250000,0.923253,6732.5276,0.000000,1.000000,0.000000,0.000000,0.000000,0.000000,1518
53,100.000000,139.742873,0.000000,0.050000,0.004046,0.250000,0.450000,1999.9999,0.000000,1.000000,0.000000,2.537631,0.000000,0.313596,1518
54,100.000000,139.742873,0.000000,0.050000,0.004630,0.250000,2.421407,21714.0740,0.000000,1.000000,0.000000,0.000000,0.000000,0.000000,1518
55,100.000000,139.742873,0.000000,0.050000,0.005299,0.250000,2.450000,21999.9999,0.000000,1.000000,0.000000,0.000000,0.000000,0.000000,1518
56,100.000000,139.742873,0.000000,0.050000,0.006064,0.250000,0.947922,6979.2175,0.000000,1.000000,0.000000,-47.645352,0.000000,-1.131753,1518
57,100.000000,139.742873,0.000000,0.050000,0.006939,0.250000,2.450000,21999.9999,0.000000,1.000000,0.000000,0.000000,0.000000,0.000000,1518
58,100.000000,139.742873,0.000000,0.050000,0.007941,0.250000,2.450000,21999.9999,0.000000,1.000000,0.000000,0.000000,0.000000,0.000000,1518
59,100.000000,139.742873,0.000000,0.050000,0.009088,0.250000,1.010000,7599.9999,0.000000,1.000000,0.000000,-66.909372,0.000000,-0.113034,1518
60,100.000000,139.742873,0.000000,0.050000,0.010399,0.250000,0.932340,6823.4003,0.000000,1.000000,0.000000,-67.504537,0.000000,-0.384782,1518
61,100.000000,139.742873,0.000000,0.050000,0.011901,0.250000,2.450000,21999.9999,0.000000,1.000000,0.000000,0.000000,0.000000,0.000000,1518
62,100.000000,139.742873,0.000000,0.050000,0.013619,0.250000,0.950000,6999.9999,0.000000,1.000000,0.000000,0.000000,0.000000,0.000000,1518
63,100.000000,139.742873,0.000000,0.050000,0.015585,0.250000,1.999173,17491.7299,0.000000,1.000000,0.000000,0.000000,0.000000,0.000000,1518
64,100.000000,139.742873,0.000000,0.050000,0.017835,0.250000,0.510000,2599.9999,0.000000,1.000000,0.000000,0.000000,0.000000,0.000000,1518
65,100.000000,139.742873,0.000000,0.050000,0.020410,0.250000,2.450000,21999.9999,0.000000,1.000000,0.000000,0.000000,0.000000,0.000000,1518
66,100.000000,139.742873,0.000000,0.050000,0.023356,0.250000,0.450000,1999.9999,0.000000,1.000000,0.000000,-38.257345,0.000000,-1.102349,1518
67,100.000000,139.742873,0.000000,0.050000,0.026728,0.250000,0.450000,1999.9999,0.000000,1.000000,0.000000,-60.625805,0.000000,-1.587469,1518
68,100.000000,139.742873,0.000000,0.050000,0.030586,0.250000,2.450000,21999.9999,0.000000,1.000000,0.000000,0.000000,0.000000,0.000000,1518
69,100.000000,139.742873,0.000000,0.050000,0.035002,0.250000,2.450000,21999.9999,0.000000,1.000000,0.000000,0.000000,0.000000,0.000000,1518
70,100.000000,139.742873,0.000000,0.050000,0.040055,0.250000,0.446888,1968.8773,0.000000,1.000000,0.000000,0.000000,0.000000,0.000000,1518
71,100.000000,139.742873,0.000000,0.050000,0.045837,0.250000,2.450000,21999.9999,0.000000,1.000000,0.000000,0.000000,0.000000,0.000000,1518
72,100.000000,139.742873,0.000000,0.050000,0.052455,0.250000,0.450000,1999.9999,0.000000,1.000000,0.000001,27.020553,0.000000,-1.302250,1518
73,100.000000,139.742873,0.000000,0.050000,0.060027,0.250000,2.450000,21999.9999,0.000000,1.000000,0.000005,0.000000,0.000000,0.000000,1518
74,100.000000,139.742873,0.000000,0.050000,0.068693,0.250000,2.428420,21784.2007,0.000000,1.000000,0.000035,0.000000,0.000000,0.000000,1518
75,100.000000,139.742873,0.000002,0.050000,0.078610,0.250000,5.000000,47500.0000,0.000001,0.925816,0.000193,5.177042,0.000001,-0.000000,1518
76,100.000000,139.742873,0.000010,0.050000,0.089959,0.250000,5.000000,47500.0000,0.000006,0.933431,0.000871,4.891395,0.000004,-0.000000,1518
77,100.000000,139.742873,0.000042,0.050000,0.102946,0.250000,5.000000,47500.0000,0.000024,0.938289,0.003270,4.790055,0.000013,-0.000000,1518
78,100.000000,139.742873,0.000151,0.050000,0.117808,0.250000,5.000000,47500.0000,0.000076,0.941266,0.010477,4.832055,0.000036,-0.000000,1518
79,100.000000,139.742873,0.000473,0.050000,0.134815,0.250000,5.000000,47500.0000,0.000211,0.942918,0.029224,4.994093,0.000087,-0.000000,1518
80,100.000000,139.742873,0.001315,0.050000,0.154277,0.250000,5.000000,47500.0000,0.000519,0.943568,0.072218,5.268362,0.000187,-0.000000,1518
81,100.000000,139.742873,0.003281,0.050000,0.176550,0.250000,5.000000,47500.0000,0.001148,0.943344,0.160527,5.663213,0.000364,-0.000000,1518
82,100.000000,139.742873,0.007450,0.050000,0.202037,0.250000,5.000000,47500.0000,0.002314,0.942201,0.325272,6.206861,0.000644,-0.000000,1518
83,100.000000,139.742873,0.015573,0.050000,0.231204,0.250000,5.000000,47500.0000,0.004301,0.939915,0.607840,6.955408,0.001052,-0.000000,1518
84,100.000000,139.742873,0.030271,0.050000,0.264582,0.250000,5.000000,47500.0000,0.007444,0.936049,1.058253,8.006789,0.001600,0.131068,1518
85,100.000000,139.742873,0.055203,0.050000,0.302779,0.250000,4.750000,45000.0000,0.012106,0.929894,1.731805,9.524823,0.002288,0.009050,1518
86,100.000000,139.742873,0.095171,0.050000,0.346489,0.250000,4.750000,45000.0000,0.018641,0.933502,2.684602,9.587898,0.003099,0.018333,1518
87,100.000000,139.742873,0.156166,0.050000,0.396510,0.250000,4.250000,40000.0000,0.027362,0.925968,3.968869,11.600006,0.004004,0.006733,1518
88,100.000000,139.742873,0.245336,0.050000,0.453753,0.250000,3.750000,35000.0000,0.038515,0.931607,5.628829,11.333590,0.004962,0.012514,1518
89,100.000000,139.742873,0.370903,0.050000,0.519259,0.250000,3.750000,35000.0000,0.052258,0.936659,7.697761,11.092044,0.005930,-0.000000,1518
90,100.000000,139.742873,0.542048,0.050000,0.594222,0.250000,3.250000,30000.0000,0.068653,0.931045,10.196434,13.092350,0.006864,0.012307,1518
91,100.000000,139.742873,0.768781,0.050000,0.680006,0.250000,3.250000,30000.0000,0.087677,0.937362,13.132878,12.528591,0.007725,-0.000000,1518
92,100.000000,139.742873,1.061819,0.050000,0.778176,0.250000,2.750000,25000.0000,0.109223,0.932299,16.503178,14.669378,0.008483,0.019240,1518
93,100.000000,139.742873,1.432486,0.050000,0.890517,0.250000,2.750000,25000.0000,0.133125,0.924387,20.292936,17.806897,0.009115,0.006963,1518
94,100.000000,139.742873,1.892647,0.050000,1.019077,0.250000,2.750000,25000.0000,0.159173,0.935220,24.478990,15.951439,0.009608,-0.000000,1518
95,100.000000,139.742873,2.454668,0.050000,1.166196,0.250000,2.250000,20000.0000,0.187129,0.929159,29.031102,18.917909,0.009958,0.012534,1518
96,100.000000,139.742873,3.131407,0.050000,1.334554,0.250000,2.250000,20000.0000,0.216747,0.938578,33.913343,17.151366,0.010165,-0.000000,1518
97,100.000000,139.742873,3.936225,0.050000,1.527217,0.250000,2.250000,20000.0000,0.247781,0.935022,39.085072,19.596744,0.010237,-0.000000,1518
98,100.000000,139.742873,4.883008,0.050000,1.747694,0.250000,2.750000,25000.0000,0.279996,1.000000,44.501409,0.000000,0.010185,0.000000,1518
99,100.000000,139.742873,5.986182,0.050000,2.000000,0.250000,2.750000,25000.0000,0.313176,0.851273,50.113222,-45.959562,0.010023,0.004112,1518
100,100.000000,136.780194,0.000000,0.050000,0.002700,0.250000,1.950000,16999.9999,0.000000,1.000000,0.000000,0.600213,0.000000,0.013077,1518
101,100.000000,136.780194,0.000000,0.050000,0.003090,0.250000,1.950000,16999.9999,0.000000,1.000000,0.000000,48.284402,0.000000,0.919172,1518
102,100.000000,136.780194,0.000000,0.050000,0.003536,0.250000,0.923253,6732.5276,0.000000,1.000000,0.000000,0.000000,0.000000,0.000000,1518
103,100.000000,136.780194,0.000000,0.050000,0.004046,0.250000,0.450000,1999.9999,0.000000,1.000000,0.000000,2.537631,0.000000,0.313596,1518
104,100.000000,136.780194,0.000000,0.050000,0.004630,0.250000,2.421407,21714.0740,0.000000,1.000000,0.000000,0.000000,0.000000,0.000000,1518
105,100.000000,136.780194,0.000000,0.050000,0.005299,0.250000,2.450000,21999.9999,0.000000,1.000000,0.000000,0.000000,0.000000,0.000000,1518
106,100.000000,136.780194,0.000000,0.050000,0.006064,0.250000,0.947922,6979.2175,0.000000,1.000000,0.000000,-47.645352,0.000000,-1.131753,1518
107,100.000000,136.780194,0.000000,0.050000,0.006939,0.250000,2.450000,21999.9999,0.000000,1.000000,0.000000,0.000000,0.000000,0.000000,1518
108,100.000000,136.780194,0.000000,0.050000,0.007941,0.250000,2.450000,21999.9999,0.000000,1.000000,0.000000,0.000000,0.000000,0.000000,1518
109,100.000000,136.780194,0.000000,0.050000,0.009088,0.250000,1.010000,7599.9999,0.000000,1.000000,0.000000,-66.909372,0.000000,-0.113034,1518
110,100.000000,136.780194,0.000000,0.050000,0.010399,0.250000,0.932340,6823.4003,0.000000,1.000000,0.000000,-67.504537,0.000000,-0.384782,1518
111,100.000000,136.780194,0.000000,0.050000,0.011901,0.250000,2.450000,21999.9999,0.000000,1.000000,0.000000,0.000000,0.000000,0.000000,1518
112,100.000000,136.780194,0.000000,0.050000,0.013619,0.250000,0.950000,6999.9999,0.000000,1.000000,0.000000,0.000000,0.000000,0.000000,1518
113,100.000000,136.780194,0.000000,0.050000,0.015585,0.250000,1.999173,17491.7299,0.000000,1.000000,0.000000,0.000000,0.000000,0.000000,1518
114,100.000000,136.780194,0.000000,0.050000,0.017835,0.250000,0.510000,2599.9999,0.000000,1.000000,0.000000,0.000000,0.000000,0.000000,1518
115,100.000000,136.780194,0.000000,0.050000,0.020410,0.250000,2.450000,21999.9999,0.000000,1.000000,0.000000,0.000000,0.000000,0.000000,1518
116,100.000000,136.780194,0.000000,0.050000,0.023356,0.250000,0.450000,1999.9999,0.000000,1.000000,0.000000,-38.257345,0.000000,-1.102349,1518
117,100.000000,136.780194,0.000000,0.050000,0.026728,0.250000,0.450000,1999.9999,0.000000,1.000000,0.000000,-60.625805,0.000000,-1.587469,1518
118,100.000000,136.780194,0.000000,0.050000,0.030586,0.250000,2.450000,21999.9999,0.000000,1.000000,0.000000,0.000000,0.000000,0.000000,1518
119,100.000000,136.780194,0.000000,0.050000,0.035002,0.250000,2.450000,21999.9999,0.000000,1.000000,0.000000,0.000000,0.000000,0.000000,1518
120,100.000000,136.780194,0.000000,0.050000,0.040055,0.250000,0.446888,1968.8773,0.000000,1.000000,0.000000,0.000000,0.000000,0.000000,1518
121,100.000000,136.780194,0.000000,0.050000,0.045837,0.250000,2.450000,21999.9999,0.000000,1.000000,0.000000,0.000000,0.000000,0.000000,1518
122,100.000000,136.780194,0.000000,0.050000,0.052455,0.250000,0.450000,1999.9999,0.000000,1.000000,0.000004,27.020553,0.000000,-1.302250,1518
123,100.000000,136.780194,0.000000,0.050000,0.060027,0.250000,2.450000,21999.9999,0.000000,1.000000,0.000031,0.000000,0.000000,0.000000,1518
124,100.000000,136.780194,0.000002,0.050000,0.068693,0.250000,5.000000,47500.0000,0.000001,0.914111,0.000171,5.711059,0.000001,-0.000000,1518
125,100.000000,136.780194,0.000009,0.050000,0.078610,0.250000,5.000000,47500.0000,0.000006,0.925816,0.000773,5.177042,0.000004,-0.000000,1518
126,100.000000,136.780194,0.000037,0.050000,0.089959,0.250000,5.000000,47500.0000,0.000023,0.933431,0.002911,4.891395,0.000013,-0.000000,1518
127,100.000000,136.780194,0.000134,0.050000,0.102946,0.250000,5.000000,47500.0000,0.000072,0.938289,0.009353,4.790055,0.000036,-0.000000,1518
128,100.000000,136.780194,0.000422,0.050000,0.117808,0.250000,5.000000,47500.0000,0.000201,0.941266,0.026155,4.832055,0.000089,-0.000000,1518
129,100.000000,136.780194,0.001174,0.050000,0.134815,0.250000,5.000000,47500.0000,0.000496,0.942918,0.064777,4.994093,0.000192,-0.000000,1518
130,100.000000,136.780194,0.002934,0.050000,0.154277,0.250000,5.000000,47500.0000,0.001099,0.943568,0.144272,5.268362,0.000374,-0.000000,1518
131,100.000000,136.780194,0.006672,0.050000,0.176550,0.250000,5.000000,47500.0000,0.002220,0.943344,0.292851,5.663213,0.000663,-0.000000,1518
132,100.000000,136.780194,0.013965,0.050000,0.202037,0.250000,5.000000,47500.0000,0.004131,0.942201,0.548125,6.206861,0.001085,-0.000000,1518
133,100.000000,136.780194,0.027173,0.050000,0.231204,0.250000,5.000000,47500.0000,0.007158,0.939915,0.955665,6.955408,0.001653,-0.000000,1518
134,100.000000,136.780194,0.049597,0.050000,0.264582,0.250000,5.000000,47500.0000,0.011651,0.936049,1.565988,8.006789,0.002367,0.131068,1518
135,100.000000,136.780194,0.085570,0.050000,0.302779,0.250000,4.750000,45000.0000,0.017954,0.929894,2.430527,9.524823,0.003211,0.009050,1518
136,100.000000,136.780194,0.140497,0.050000,0.346489,0.250000,4.750000,45000.0000,0.026370,0.933502,3.597373,9.587898,0.004153,0.018333,1518
137,100.000000,136.780194,0.220829,0.050000,0.396510,0.250000,4.250000,40000.0000,0.037136,0.925968,5.107533,11.600006,0.005152,0.006733,1518
138,100.000000,136.780194,0.333985,0.050000,0.453753,0.250000,3.750000,35000.0000,0.050406,0.931607,6.992250,11.333590,0.006164,0.012514,1518
139,100.000000,136.780194,0.488246,0.050000,0.519259,0.250000,3.750000,35000.0000,0.066240,0.936659,9.271576,11.092044,0.007142,-0.000000,1518
140,100.000000,136.780194,0.692637,0.050000,0.594222,0.250000,3.250000,30000.0000,0.084612,0.931045,11.954170,13.092350,0.008047,0.012307,1518
141,100.000000,136.780194,0.956817,0.050000,0.680006,0.250000,3.250000,30000.0000,0.105420,0.937362,15.038039,12.528591,0.008846,-0.000000,1518
142,100.000000,136.780194,1.290987,0.050000,0.778176,0.250000,2.750000,25000.0000,0.128501,0.932299,18.511896,14.669378,0.009516,0.019240,1518
143,100.000000,136.780194,1.705836,0.050000,0.890517,0.250000,2.750000,25000.0000,0.153649,0.924387,22.356768,17.806897,0.010042,0.006963,1518
144,100.000000,136.780194,2.212505,0.050000,1.019077,0.250000,2.750000,25000.0000,0.180634,0.935220,26.547576,15.951439,0.010420,-0.000000,1518
145,100.000000,136.780194,2.822590,0.050000,1.166196,0.250000,2.250000,20000.0000,0.209214,0.929159,31.054468,18.917909,0.010652,0.012534,1518
146,100.000000,136.780194,3.548160,0.050000,1.334554,0.250000,2.250000,20000.0000,0.239153,0.938578,35.843765,17.151366,0.010743,-0.000000,1518
147,100.000000,136.780194,4.401791,0.050000,1.527217,0.250000,2.250000,20000.0000,0.270226,0.935022,40.878465,19.596744,0.010707,-0.000000,1518
148,100.000000,136.780194,5.396607,0.050000,1.747694,0.250000,2.750000,25000.0000,0.302223,1.000000,46.118296,0.000000,0.010555,0.000000,1518
149,100.000000,136.780194,6.546300,0.050000,2.000000,0.250000,2.750000,25000.0000,0.334960,0.851273,51.519337,-45.959562,0.010304,0.004112,1518
150,100.000000,133.922593,0.000000,0.050000,0.002700,0.250000,1.950000,16999.9999,0.000000,1.000000,0.000000,0.600213,0.000000,0.013077,1518
151,100.000000,133.922593,0.000000,0.050000,0.003090,0.250000,1.950000,16999.9999,0.000000,1.000000,0.000000,48.284402,0.000000,0.919172,1518
152,100.000000,133.922593,0.000000,0.050000,0.003536,0.250000,0.923253,6732.5276,0.000000,1.000000,0.000000,0.000000,0.000000,0.000000,1518
153,100.000000,133.922593,0.000000,0.050000,0.004046,0.250000,0.450000,1999.9999,0.000000,1.000000,0.000000,2.537631,0.000000,0.313596,1518
154,100.000000,133.922593,0.000000,0.050000,0.004630,0.250000,2.421407,21714.0740,0.000000,1.000000,0.000000,0.000000,0.000000,0.000000,1518
155,100.000000,133.922593,0.000000,0.050000,0.005299,0.250000,2.450000,21999.9999,0.000000,1.000000,0.000000,0.000000,0.000000,0.000000,1518
156,100.000000,133.922593,0.000000,0.050000,0.006064,0.250000,0.947922,6979.2175,0.000000,1.000000,0.000000,-47.645352,0.000000,-1.131753,1518
157,100.000000,133.922593,0.000000,0.050000,0.006939,0.250000,2.450000,21999.9999,0.000000,1.000000,0.000000,0.000000,0.000000,0.000000,1518
158,100.000000,133.922593,0.000000,0.050000,0.007941,0.250000,2.450000,21999.9999,0.000000,1.000000,0.000000,0.000000,0.000000,0.000000,1518
159,100.000000,133.922593,0.000000,0.050000,0.009088,0.250000,1.010000,7599.9999,0.000000,1.000000,0.000000,-66.909372,0.000000,-0.113034,1518
160,100.000000,133.922593,0.000000,0.050000,0.010399,0.250000,0.932340,6823.4003,0.000000,1.000000,0.000000,-67.504537,0.000000,-0.384782,1518
161,100.000000,133.922593,0.000000,0.050000,0.011901,0.250000,2.450000,21999.9999,0.000000,1.000000,0.000000,0.000000,0.000000,0.000000,1518
162,100.000000,133.922593,0.000000,0.050000,0.013619,0.250000,0.950000,6999.9999,0.000000,1.000000,0.000000,0.000000,0.000000,0.000000,1518
163,100.000000,133.922593,0.000000,0.050000,0.015585,0.250000,1.999173,17491.7299,0.000000,1.000000,0.000000,0.000000,0.000000,0.000000,1518
164,100.000000,133.922593,0.000000,0.050000,0.017835,0.250000,0.510000,2599.9999,0.000000,1.000000,0.000000,0.000000,0.000000,0.000000,1518
165,100.000000,133.922593,0.000000,0.050000,0.020410,0.250000,2.450000,21999.9999,0.000000,1.000000,0.000000,0.000000,0.000000,0.000000,1518
166,100.000000,133.922593,0.000000,0.050000,0.023356,0.250000,0.450000,1999.9999,0.000000,1.000000,0.000000,-38.257345,0.000000,-1.102349,1518
167,100.000000,133.922593,0.000000,0.050000,0.026728,0.250000,0.450000,1999.9999,0.000000,1.000000,0.000000,-60.625805,0.000000,-1.587469,1518
168,100.000000,133.922593,0.000000,0.050000,0.030586,0.250000,2.450000,21999.9999,0.000000,1.000000,0.000000,0.000000,0.000000,0.000000,1518
169,100.000000,133.922593,0.000000,0.050000,0.035002,0.250000,2.450000,21999.9999,0.000000,1.000000,0.000000,0.000000,0.000000,0.000000,1518
170,100.000000,133.922593,0.000000,0.050000,0.040055,0.250000,0.446888,1968.8773,0.000000,1.000000,0.000000,0.000000,0.000000,0.000000,1518
171,100.000000,133.922593,0.000000,0.050000,0.045837,0.250000,2.450000,21999.9999,0.000000,1.000000,0.000004,0.000000,0.000000,0.000000,1518
172,100.000000,133.922593,0.000000,0.050000,0.052455,0.250000,0.450000,1999.9999,0.000000,1.000000,0.000030,27.020553,0.000000,-1.302250,1518
173,100.000000,133.922593,0.000002,0.050000,0.060027,0.250000,5.000000,47500.0000,0.000001,0.896304,0.000164,6.590478,0.000001,0.002196,1518
174,100.000000,133.922593,0.000008,0.050000,0.068693,0.250000,5.000000,47500.0000,0.000006,0.914111,0.000737,5.711059,0.000004,-0.000000,1518
175,100.000000,133.922593,0.000035,0.050000,0.078610,0.250000,5.000000,47500.0000,0.000023,0.925816,0.002760,5.177042,0.000014,-0.000000,1518
176,100.000000,133.922593,0.000127,0.050000,0.089959,0.250000,5.000000,47500.0000,0.000073,0.933431,0.008824,4.891395,0.000039,-0.000000,1518
177,100.000000,133.922593,0.000397,0.050000,0.102946,0.250000,5.000000,47500.0000,0.000202,0.938289,0.024567,4.790055,0.000095,-0.000000,1518
178,100.000000,133.922593,0.001100,0.050000,0.117808,0.250000,5.000000,47500.0000,0.000497,0.941266,0.060609,4.832055,0.000206,-0.000000,1518
179,100.000000,133.922593,0.002740,0.050000,0.134815,0.250000,5.000000,47500.0000,0.001097,0.942918,0.134539,4.994093,0.000399,-0.000000,1518
180,100.000000,133.922593,0.006209,0.050000,0.154277,0.250000,5.000000,47500.0000,0.002207,0.943568,0.272310,5.268362,0.000706,-0.000000,1518
181,100.000000,133.922593,0.012958,0.050000,0.176550,0.250000,5.000000,47500.0000,0.004096,0.943344,0.508419,5.663213,0.001152,-0.000000,1518
182,100.000000,133.922593,0.025149,0.050000,0.202037,0.250000,5.000000,47500.0000,0.007078,0.942201,0.884562,6.206861,0.001751,-0.000000,1518
183,100.000000,133.922593,0.045795,0.050000,0.231204,0.250000,5.000000,47500.0000,0.011495,0.939915,1.446872,6.955408,0.002503,-0.000000,1518
184,100.000000,133.922593,0.078845,0.050000,0.264582,0.250000,5.000000,47500.0000,0.017678,0.936049,2.242259,8.006789,0.003390,0.131068,1518
185,100.000000,133.922593,0.129210,0.050000,0.302779,0.250000,4.750000,45000.0000,0.025918,0.929894,3.314569,9.524823,0.004379,0.009050,1518
186,100.000000,133.922593,0.202742,0.050000,0.346489,0.250000,4.750000,45000.0000,0.036441,0.933502,4.701236,9.587898,0.005427,0.018333,1518
187,100.000000,133.922593,0.306153,0.050000,0.396510,0.250000,4.250000,40000.0000,0.049388,0.925968,6.430899,11.600006,0.006487,0.006733,1518
188,100.000000,133.922593,0.446924,0.050000,0.453753,0.250000,3.750000,35000.0000,0.064816,0.931607,8.522181,11.333590,0.007513,0.012514,1518
189,100.000000,133.922593,0.633194,0.050000,0.519259,0.250000,3.750000,35000.0000,0.082691,0.936659,10.983551,11.092044,0.008461,-0.000000,1518
190,100.000000,133.922593,0.873659,0.050000,0.594222,0.250000,3.250000,30000.0000,0.102910,0.931045,13.814061,13.092350,0.009299,0.012307,1518
191,100.000000,133.922593,1.177495,0.050000,0.680006,0.250000,3.250000,30000.0000,0.125310,0.937362,17.004613,12.528591,0.010003,-0.000000,1518
192,100.000000,133.922593,1.554307,0.050000,0.778176,0.250000,2.750000,25000.0000,0.149689,0.932299,20.539468,14.669378,0.010558,0.019240,1518
193,100.000000,133.922593,2.014105,0.050000,0.890517,0.250000,2.750000,25000.0000,0.175820,0.924387,24.397718,17.806897,0.010959,0.006963,1518
194,100.000000,133.922593,2.567308,0.050000,1.019077,0.250000,2.750000,25000.0000,0.203469,0.935220,28.554530,15.951439,0.011208,-0.000000,1518
195,100.000000,133.922593,3.224778,0.050000,1.166196,0.250000,2.250000,20000.0000,0.232406,0.929159,32.982055,18.917909,0.011313,0.012534,1518
196,100.000000,133.922593,3.997853,0.050000,1.334554,0.250000,2.250000,20000.0000,0.262413,0.938578,37.649925,17.151366,0.011285,-0.000000,1518
197,100.000000,133.922593,4.898404,0.050000,1.527217,0.250000,2.250000,20000.0000,0.293292,0.935022,42.525349,19.596744,0.011138,-0.000000,1518
198,100.000000,133.922593,5.938878,0.050000,1.747694,0.250000,2.750000,25000.0000,0.324866,1.000000,47.572815,0.000000,0.010888,0.000000,1518
199,100.000000,133.922593,7.132324,0.050000,2.000000,0.250000,2.750000,25000.0000,0.356981,0.851273,52.753447,-45.959562,0.010551,0.004112,1518
200,100.000000,131.199160,0.000000,0.050000,0.002700,0.250000,1.950000,16999.9999,0.000000,1.000000,0.000000,0.600213,0.000000,0.013077,1518
201,100.000000,131.199160,0.000000,0.050000,0.003090,0.250000,1.950000,16999.9999,0.000000,1.000000,0.000000,48.284402,0.000000,0.919172,1518
202,100.000000,131.199160,0.000000,0.050000,0.003536,0.250000,0.923253,6732.5276,0.000000,1.000000,0.000000,0.000000,0.000000,0.000000,1518
203,100.000000,131.199160,0.000000,0.050000,0.004046,0.250000,0.450000,1999.9999,0.000000,1.000000,0.000000,2.537631,0.000000,0.313596,1518
204,100.000000,131.199160,0.000000,0.050000,0.004630,0.250000,2.421407,21714.0740,0.000000,1.000000,0.000000,0.000000,0.000000,0.000000,1518
205,100.000000,131.199160,0.000000,0.050000,0.005299,0.250000,2.450000,21999.9999,0.000000,1.000000,0.000000,0.000000,0.000000,0.000000,1518
206,100.000000,131.199160,0.000000,0.050000,0.006064,0.250000,0.947922,6979.2175,0.000000,1.000000,0.000000,-47.645352,0.000000,-1.131753,1518
207,100.000000,131.199160,0.000000,0.050000,0.006939,0.250000,2.450000,21999.9999,0.000000,1.000000,0.000000,0.000000,0.000000,0.000000,1518
208,100.000000,131.199160,0.000000,0.050000,0.007941,0.250000,2.450000,21999.9999,0.000000,1.000000,0.000000,0.000000,0.000000,0.000000,1518
209,100.000000,131.199160,0.000000,0.050000,0.009088,0.250000,1.010000,7599.9999,0.000000,1.000000,0.000000,-66.909372,0.000000,-0.113034,1518
210,100.000000,131.199160,0.000000,0.050000,0.010399,0.250000,0.932340,6823.4003,0.000000,1.000000,0.000000,-67.504537,0.000000,-0.384782,1518
211,100.000000,131.199160,0.000000,0.050000,0.011901,0.250000,2.450000,21999.9999,0.000000,1.000000,0.000000,0.000000,0.000000,0.000000,1518
212,100.000000,131.199160,0.000000,0.050000,0.013619,0.250000,0.950000,6999.9999,0.000000,1.000000,0.000000,0.000000,0.000000,0.000000,1518
213,100.000000,131.199160,0.000000,0.050000,0.015585,0.250000,1.999173,17491.7299,0.000000,1.000000,0.000000,0.000000,0.000000,0.000000,1518
214,100.000000,131.199160,0.000000,0.050000,0.017835,0.250000,0.510000,2599.9999,0.000000,1.000000,0.000000,0.000000,0.000000,0.000000,1518
215,100.000000,131.199160,0.000000,0.050000,0.020410,0.250000,2.450000,21999.9999,0.000000,1.000000,0.000000,0.000000,0.000000,0.000000,1518
216,100.000000,131.199160,0.000000,0.050000,0.023356,0.250000,0.450000,1999.9999,0.000000,1.000000,0.000000,-38.257345,0.000000,-1.102349,1518
217,100.000000,131.199160,0.000000,0.050000,0.026728,0.250000,0.450000,1999.9999,0.000000,1.000000,0.000000,-60.625805,0.000000,-1.587469,1518
218,100.000000,131.199160,0.000000,0.050000,0.030586,0.250000,2.450000,21999.9999,0.000000,1.000000,0.000000,0.000000,0.000000,0.000000,1518
219,100.000000,131.199160,0.000000,0.050000,0.035002,0.250000,2.450000,21999.9999,0.000000,1.000000,0.000001,0.000000,0.000000,0.000000,1518
220,100.000000,131.199160,0.000000,0.050000,0.040055,0.250000,0.446888,1968.8773,0.000000,1.000000,0.000005,0.000000,0.000000,0.000000,1518
221,100.000000,131.199160,0.000000,0.050000,0.045837,0.250000,2.450000,21999.9999,0.000000,1.000000,0.000031,0.000000,0.000000,0.000000,1518
222,100.000000,131.199160,0.000002,0.050000,0.052455,0.250000,5.000000,47500.0000,0.000002,0.869345,0.000169,7.961335,0.000001,0.003035,1518
223,100.000000,131.199160,0.000009,0.050000,0.060027,0.250000,5.000000,47500.0000,0.000007,0.896304,0.000748,6.590478,0.000005,0.002196,1518
224,100.000000,131.199160,0.000035,0.050000,0.068693,0.250000,5.000000,47500.0000,0.000025,0.914111,0.002765,5.711059,0.000016,-0.000000,1518
225,100.000000,131.199160,0.000126,0.050000,0.078610,0.250000,5.000000,47500.0000,0.000077,0.925816,0.008733,5.177042,0.000044,-0.000000,1518
226,100.000000,131.199160,0.000392,0.050000,0.089959,0.250000,5.000000,47500.0000,0.000213,0.933431,0.024061,4.891395,0.000107,-0.000000,1518
227,100.000000,131.199160,0.001075,0.050000,0.102946,0.250000,5.000000,47500.0000,0.000517,0.938289,0.058826,4.790055,0.000229,-0.000000,1518
228,100.000000,131.199160,0.002656,0.050000,0.117808,0.250000,5.000000,47500.0000,0.001133,0.941266,0.129556,4.832055,0.000440,-0.000000,1518
229,100.000000,131.199160,0.005975,0.050000,0.134815,0.250000,5.000000,47500.0000,0.002263,0.942918,0.260428,4.994093,0.000773,-0.000000,1518
230,100.000000,131.199160,0.012388,0.050000,0.154277,0.250000,5.000000,47500.0000,0.004173,0.943568,0.483340,5.268362,0.001253,-0.000000,1518
231,100.000000,131.199160,0.023904,0.050000,0.176550,0.250000,5.000000,47500.0000,0.007173,0.943344,0.836588,5.663213,0.001895,-0.000000,1518
232,100.000000,131.199160,0.043307,0.050000,0.202037,0.250000,5.000000,47500.0000,0.011591,0.942201,1.362289,6.206861,0.002697,-0.000000,1518
233,100.000000,131.199160,0.074224,0.050000,0.231204,0.250000,5.000000,47500.0000,0.017747,0.939915,2.103046,6.955408,0.003638,-0.000000,1518
234,100.000000,131.199160,0.121148,0.050000,0.264582,0.250000,5.000000,47500.0000,0.025918,0.936049,3.098500,8.006789,0.004684,0.131068,1518
235,100.000000,131.199160,0.189407,0.050000,0.302779,0.250000,4.750000,45000.0000,0.036316,0.929894,4.382373,9.524823,0.005790,0.009050,1518
236,100.000000,131.199160,0.285093,0.050000,0.346489,0.250000,4.750000,45000.0000,0.049068,0.933502,5.980408,9.587898,0.006904,0.018333,1518
237,100.000000,131.199160,0.414973,0.050000,0.396510,0.250000,4.250000,40000.0000,0.064218,0.937072,7.909369,9.618825,0.007979,-0.000000,1518
238,100.000000,131.199160,0.586389,0.050000,0.453753,0.250000,3.750000,35000.0000,0.081726,0.931607,10.177008,11.333590,0.008971,0.012514,1518
239,100.000000,131.199160,0.807167,0.050000,0.519259,0.250000,3.750000,35000.0000,0.101483,0.936659,12.782809,11.092044,0.009847,-0.000000,1518
240,100.000000,131.199160,1.085550,0.050000,0.594222,0.250000,3.250000,30000.0000,0.123324,0.931045,15.719190,13.092350,0.010581,0.012307,1518
241,100.000000,131.199160,1.430153,0.050000,0.680006,0.250000,3.250000,30000.0000,0.147047,0.937362,18.972909,12.528591,0.011160,-0.000000,1518
242,100.000000,131.199160,1.849951,0.050000,0.778176,0.250000,2.750000,25000.0000,0.172430,0.932299,22.526426,14.669378,0.011579,0.019240,1518
243,100.000000,131.199160,2.354283,0.050000,0.890517,0.250000,2.750000,25000.0000,0.199244,0.924387,26.359056,17.806897,0.011840,0.006963,1518
244,100.000000,131.199160,2.952891,0.050000,1.019077,0.250000,2.750000,25000.0000,0.227265,0.935220,30.447808,15.951439,0.011951,-0.000000,1518
245,100.000000,131.199160,3.655965,0.050000,1.166196,0.250000,2.250000,20000.0000,0.256284,0.929159,34.767873,18.917909,0.011925,0.012534,1518
246,100.000000,131.199160,4.474199,0.050000,1.334554,0.250000,2.250000,20000.0000,0.286110,0.938578,39.292733,17.151366,0.011777,-0.000000,1518
247,100.000000,131.199160,5.418850,0.050000,1.527217,0.250000,2.250000,20000.0000,0.316577,0.935022,43.993932,19.596744,0.011523,-0.000000,1518
248,100.000000,131.199160,6.501782,0.050000,1.747694,0.250000,2.750000,25000.0000,0.347541,1.000000,48.840522,0.000000,0.011178,0.000000,1518
249,100.000000,131.199160,7.735501,0.050000,2.000000,0.250000,2.750000,25000.0000,0.378878,0.851273,53.798246,-45.959562,0.010760,0.004112,1518
250,100.000000,128.567755,0.000000,0.050000,0.002700,0.250000,1.950000,16999.9999,0.000000,1.000000,0.000000,0.600213,0.000000,0.013077,1518
251,100.000000,128.567755,0.000000,0.050000,0.003090,0.250000,1.950000,16999.9999,0.000000,1.000000,0.000000,48.284402,0.000000,0.919172,1518
252,100.000000,128.567755,0.000000,0.050000,0.003536,0.250000,0.923253,6732.5276,0.000000,1.000000,0.000000,0.000000,0.000000,0.000000,1518
253,100.000000,128.567755,0.000000,0.050000,0.004046,0.250000,0.450000,1999.9999,0.000000,1.000000,0.000000,2.537631,0.000000,0.313596,1518
254,100.000000,128.567755,0.000000,0.050000,0.004630,0.250000,2.421407,21714.0740,0.000000,1.000000,0.000000,0.000000,0.000000,0.000000,1518
255,100.000000,128.567755,0.000000,0.050000,0.005299,0.250000,2.450000,21999.9999,0.000000,1.000000,0.000000,0.000000,0.000000,0.000000,1518
256,100.000000,128.567755,0.000000,0.050000,0.006064,0.250000,0.947922,500.0001,0.000000,1.000000,0.000000,-47.645352,0.000000,-1.131753,230
257,100.000000,128.567755,0.000000,0.050000,0.006939,0.250000,2.450000,500.0001,0.000000,1.000000,0.000000,0.000000,0.000000,0.000000,230
258,100.000000,128.567755,0.000000,0.050000,0.007941,0.250000,2.450000,500.0001,0.000000,1.000000,0.000000,0.000000,0.000000,0.000000,230
259,100.000000,128.567755,0.000000,0.050000,0.009088,0.250000,1.010000,500.0001,0.000000,1.000000,0.000000,-66.909372,0.000000,-0.113034,230
260,100.000000,128.567755,0.000000,0.050000,0.010399,0.250000,0.932340,500.0001,0.000000,1.000000,0.000000,-67.504537,0.000000,-0.384782,230
261,100.000000,128.567755,0.000000,0.050000,0.011901,0.250000,2.450000,500.0001,0.000000,1.000000,0.000000,0.000000,0.000000,0.000000,230
262,100.000000,128.567755,0.000000,0.050000,0.013619,0.250000,0.950000,500.0001,0.000000,1.000000,0.000000,0.000000,0.000000,0.000000,230
263,100.000000,128.567755,0.000000,0.050000,0.015585,0.250000,1.999173,500.0001,0.000000,1.000000,0.000000,0.000000,0.000000,0.000000,230
264,100.000000,128.567755,0.000000,0.050000,0.017835,0.250000,0.510000,500.0001,0.000000,1.000000,0.000000,0.000000,0.000000,0.000000,230
265,100.000000,128.567755,0.000000,0.050000,0.020410,0.250000,2.450000,500.0001,0.000000,1.000000,0.000000,0.000000,0.000000,0.000000,230
266,100.000000,128.567755,0.000000,0.050000,0.023356,0.250000,0.450000,500.0001,0.000000,1.000000,0.000000,-38.257345,0.000000,-1.102349,230
267,100.000000,128.567755,0.000000,0.050000,0.026728,0.250000,0.450000,500.0001,0.000000,1.000000,0.000000,-60.625805,0.000000,-1.587469,230
268,100.000000,128.567755,0.000000,0.050000,0.030586,0.250000,2.450000,500.0001,0.000000,1.000000,0.000001,0.000000,0.000000,0.000000,230
269,100.000000,128.567755,0.000000,0.050000,0.035002,0.250000,2.450000,500.0001,0.000000,1.000000,0.000006,0.000000,0.000000,0.000000,230
270,100.000000,128.567755,0.000000,0.050000,0.040055,0.250000,0.446888,500.0001,0.000000,1.000000,0.000037,0.000000,0.000000,0.000000,230
271,100.000000,128.567755,0.000002,0.050000,0.045837,0.250000,5.000000,500.0001,0.000002,0.828557,0.000193,10.045640,0.000002,0.004383,230
272,100.000000,128.567755,0.000010,0.050000,0.052455,0.250000,5.000000,500.0001,0.000008,0.869345,0.000830,7.961335,0.000006,0.003035,230
273,100.000000,128.567755,0.000039,0.050000,0.060027,0.250000,5.000000,500.0001,0.000029,0.896304,0.002991,6.590478,0.000020,0.002196,230
274,100.000000,128.567755,0.000136,0.050000,0.068693,0.250000,5.000000,500.0001,0.000088,0.914111,0.009246,5.711059,0.000054,-0.000000,230
275,100.000000,128.567755,0.000413,0.050000,0.078610,0.250000,5.000000,500.0001,0.000238,0.925816,0.024998,5.177042,0.000127,-0.000000,230
276,100.000000,128.567755,0.001115,0.050000,0.089959,0.250000,5.000000,500.0001,0.000569,0.933431,0.060117,4.891395,0.000267,-0.000000,230
277,100.000000,128.567755,0.002714,0.050000,0.102946,0.250000,5.000000,1999.9903,0.001229,0.938289,0.130507,4.790055,0.000507,-0.000000,230
278,100.000000,128.567755,0.006026,0.050000,0.117808,0.250000,5.000000,500.0001,0.002424,0.941266,0.259071,4.832055,0.000880,-0.000000,230
279,100.000000,128.567755,0.012349,0.050000,0.134815,0.250000,5.000000,500.0001,0.004420,0.942918,0.475597,4.994093,0.001411,-0.000000,230
280,100.000000,128.567755,0.023587,0.050000,0.154277,0.250000,5.000000,1999.9009,0.007521,0.943568,0.815392,5.268362,0.002114,-0.000000,230
281,100.000000,128.567755,0.042347,0.050000,0.176550,0.250000,5.000000,2000.4267,0.012047,0.943344,1.316834,5.663213,0.002983,-0.000000,230
282,100.000000,128.567755,0.072001,0.050000,0.202037,0.250000,5.000000,500.0001,0.018303,0.942201,2.018324,6.206861,0.003996,-0.000000,230
283,100.000000,128.567755,0.116687,0.050000,0.231204,0.250000,5.000000,500.0001,0.026549,0.939915,2.955224,6.955408,0.005113,-0.000000,230
284,100.000000,128.567755,0.181284,0.050000,0.264582,0.250000,5.000000,6979.2175,0.036974,0.936049,4.157306,8.006789,0.006285,0.131068,1518
285,100.000000,128.567755,0.271337,0.050000,0.302779,0.250000,4.750000,21999.9999,0.049691,0.929894,5.647055,9.524823,0.007460,0.009050,1518
286,100.000000,128.567755,0.392971,0.050000,0.346489,0.250000,4.750000,21999.9999,0.064724,0.933502,7.438913,9.587898,0.008588,0.018333,1518
287,100.000000,128.567755,0.552807,0.050000,0.396510,0.250000,4.250000,7599.9999,0.082022,0.937072,9.539395,9.618825,0.009623,-0.000000,1518
288,100.000000,128.567755,0.757875,0.050000,0.453753,0.250000,3.750000,6823.4003,0.101465,0.931607,11.947854,11.333590,0.010532,0.012514,1518
289,100.000000,128.567755,1.015563,0.050000,0.519259,0.250000,3.750000,21999.9999,0.122885,0.936659,14.657638,11.092044,0.011291,-0.000000,1518
290,100.000000,128.567755,1.333577,0.050000,0.594222,0.250000,3.250000,6999.9999,0.146079,0.931045,17.657393,13.092350,0.011886,0.012307,1518
291,100.000000,128.567755,1.719931,0.050000,0.680006,0.250000,3.250000,17491.7299,0.170826,0.937362,20.932304,12.528591,0.012313,-0.000000,1518
292,100.000000,128.567755,2.182969,0.050000,0.778176,0.250000,2.750000,2599.9999,0.196902,0.932299,24.465144,14.669378,0.012576,0.019240,1518
293,100.000000,128.567755,2.731395,0.050000,0.890517,0.250000,2.750000,21999.9999,0.224092,0.939018,28.237030,13.892190,0.012683,-0.000000,1518
294,100.000000,128.567755,3.374327,0.050000,1.019077,0.250000,2.750000,1999.9999,0.252193,0.935220,32.227868,15.951439,0.012650,-0.000000,1518
295,100.000000,128.567755,4.121359,0.050000,1.166196,0.250000,2.250000,1999.9999,0.281025,0.929159,36.416462,18.917909,0.012491,0.012534,1518
296,100.000000,128.567755,4.982621,0.050000,1.334554,0.250000,2.250000,21999.9999,0.310430,0.938578,40.780325,17.151366,0.012223,-0.000000,1518
297,100.000000,128.567755,5.968841,0.050000,1.527217,0.250000,2.250000,21999.9999,0.340275,0.935022,45.295211,19.596744,0.011863,-0.000000,1518
298,100.000000,128.567755,7.091391,0.050000,1.747694,0.250000,2.750000,1968.8773,0.370448,1.000000,49.934389,0.000000,0.011429,0.000000,1518
299,100.000000,128.567755,8.362311,0.050000,2.000000,0.250000,2.750000,47500.0000,0.400859,0.851273,54.667727,-45.959562,0.010934,0.004112,1518
300,100.000000,126.055717,0.000000,0.050000,0.002700,0.250000,0.200000,47500.0000,0.000000,0.000000,0.000000,7.876216,0.000000,1.458583,1518
301,100.000000,126.055717,0.000000,0.050000,0.003090,0.250000,0.200000,47500.0000,0.000000,0.000000,0.000000,104.339376,0.000000,0.883304,1518
302,100.000000,126.055717,0.000000,0.050000,0.003536,0.250000,0.200000,47500.0000,0.000000,0.000000,0.000000,0.000000,0.000000,0.000000,1518
303,100.000000,126.055717,0.000000,0.050000,0.004046,0.250000,0.200000,47500.0000,0.000000,0.000000,0.000000,4.824373,0.000000,0.596188,1518
304,100.000000,126.055717,0.000000,0.050000,0.004630,0.250000,0.200000,47500.0000,0.000000,0.000000,0.000000,73.690695,0.000000,-0.042061,1518
305,100.000000,126.055717,0.000000,0.050000,0.005299,0.250000,0.200000,47500.0000,0.000000,0.000000,0.000000,45.648045,0.000000,0.462921,1518
306,100.000000,126.055717,0.000000,0.050000,0.006064,0.250000,0.200000,47500.0000,0.000000,0.000000,0.000000,0.000000,0.000000,0.000000,1518
307,100.000000,126.055717,0.000000,0.050000,0.006939,0.250000,0.200000,47500.0000,0.000000,0.000000,0.000000,0.000000,0.000000,0.000000,1518
308,100.000000,126.055717,0.000000,0.050000,0.007941,0.250000,0.200000,47500.0000,0.000000,0.000000,0.000000,0.000000,0.000000,0.000000,1518
309,100.000000,126.055717,0.000000,0.050000,0.009088,0.250000,0.200000,47500.0000,0.000000,0.000000,0.000000,45.501302,0.000000,0.587938,1518
310,100.000000,126.055717,0.000000,0.050000,0.010399,0.250000,0.200000,47500.0000,0.000000,0.000000,0.000000,116.672120,0.000000,1.609797,1518
311,100.000000,126.055717,0.000000,0.050000,0.011901,0.250000,0.200000,47500.0000,0.000000,0.000000,0.000000,-25.723301,0.000000,1.674674,1518
312,100.000000,126.055717,0.000000,0.050000,0.013619,0.250000,0.200000,47500.0000,0.000000,0.000000,0.000000,-125.344922,0.000000,-1.804542,1518
313,100.000000,126.055717,0.000000,0.050000,0.015585,0.250000,0.200000,45000.0000,0.000000,0.000000,0.000000,-62.688123,0.000000,-1.585112,1518
314,100.000000,126.055717,0.000000,0.050000,0.017835,0.250000,0.200000,45000.0000,0.000000,0.000000,0.000000,0.000000,0.000000,0.000000,1518
315,100.000000,126.055717,0.000000,0.050000,0.020410,0.250000,0.200000,40000.0000,0.000000,0.000000,0.000000,0.000000,0.000000,0.000000,1518
316,100.000000,126.055717,0.000000,0.050000,0.023356,0.250000,0.200000,35000.0000,0.000000,0.000000,0.000000,0.000000,0.000000,0.000000,1518
317,100.000000,126.055717,0.000000,0.050000,0.026728,0.250000,0.200000,35000.0000,0.000000,0.000000,0.000001,0.000000,0.000000,0.000000,1518
318,100.000000,126.055717,0.000000,0.050000,0.030586,0.250000,0.200000,30000.0000,0.000000,0.000000,0.000008,0.000000,0.000000,0.000000,1518
319,100.000000,126.055717,0.000000,0.050000,0.035002,0.250000,0.200000,30000.0000,0.000001,0.000000,0.000048,0.000000,0.000001,0.000000,1518
320,100.000000,126.055717,0.000003,0.050000,0.040055,0.250000,0.300000,25000.0000,0.000003,0.000000,0.000241,0.000000,0.000002,0.000000,1518
321,100.000000,126.055717,0.000012,0.050000,0.045837,0.250000,0.050001,25000.0000,0.000010,0.000000,0.000993,12.495447,0.000009,-1.114680,1518
322,100.000000,126.055717,0.000046,0.050000,0.052455,0.250000,0.300000,25000.0000,0.000036,0.000000,0.003459,0.000000,0.000026,0.000000,1518
323,100.000000,126.055717,0.000156,0.050000,0.060027,0.250000,0.300000,20000.0000,0.000107,0.000000,0.010378,0.000000,0.000069,0.000000,1518
324,100.000000,126.055717,0.000462,0.050000,0.068693,0.250000,0.050010,20000.0000,0.000282,0.000000,0.027333,46.656241,0.000159,1.358405,1518
325,100.000000,126.055717,0.001218,0.050000,0.078610,0.250000,0.049957,20000.0000,0.000658,0.000000,0.064246,-28.522514,0.000327,-0.159783,1518
326,100.000000,126.055717,0.002904,0.050000,0.089959,0.250000,0.300000,25000.0000,0.001392,0.000000,0.136716,0.000000,0.000608,0.000000,1518
327,100.000000,126.055717,0.006332,0.050000,0.102946,0.250000,0.300000,25000.0000,0.002697,0.000000,0.266709,0.000000,0.001036,0.000000,1518
328,100.000000,126.055717,0.012771,0.050000,0.117808,0.250000,0.800000,500.0001,0.004841,0.059191,0.482235,4.877089,0.001637,0.007527,230
329,100.000000,126.055717,0.024051,0.050000,0.134815,0.250000,0.550259,500.0001,0.008125,0.112440,0.815892,7.019971,0.002421,0.006507,230
330,100.000000,126.055717,0.042648,0.050000,0.154277,0.250000,0.800000,500.0001,0.012859,0.050677,1.302522,4.270895,0.003377,0.005033,230
331,100.000000,126.055717,0.071717,0.050000,0.176550,0.250000,0.591483,500.0001,0.019330,0.059922,1.976435,5.083706,0.004478,0.005197,230
332,100.000000,126.055717,0.115100,0.050000,0.202037,0.250000,0.444646,500.0001,0.027776,0.132514,2.868730,9.638803,0.005680,0.006868,230
333,100.000000,126.055717,0.177278,0.050000,0.231204,0.250000,0.607544,500.0001,0.038365,0.093960,4.005164,11.587029,0.006929,0.014017,230
334,100.000000,126.055717,0.263306,0.050000,0.264582,0.250000,0.320771,500.0001,0.051183,0.000000,5.404812,0.000000,0.008171,0.000000,230
335,100.000000,126.055717,0.378733,0.050000,0.302779,0.250000,0.300000,500.0001,0.066237,0.000000,7.079584,0.000000,0.009353,0.000000,230
336,100.000000,126.055717,0.529523,0.050000,0.346489,0.250000,0.300000,500.0001,0.083456,0.148775,9.034484,13.651892,0.010430,0.007164,230
337,100.000000,126.055717,0.721983,0.050000,0.396510,0.250000,0.300000,500.0001,0.102711,0.172346,11.268414,16.075506,0.011368,0.007371,230
338,100.000000,126.055717,0.962715,0.050000,0.453753,0.250000,0.300000,500.0001,0.123825,0.197021,13.775276,18.688552,0.012143,0.007488,230
339,100.000000,126.055717,1.258593,0.050000,0.519259,0.250000,0.274759,500.0001,0.146594,0.206435,16.545178,20.558690,0.012745,0.007545,230
340,100.000000,126.055717,1.616756,0.050000,0.594222,0.250000,0.273344,500.0001,0.170800,0.231549,19.565550,23.494420,0.013171,0.007555,230
341,100.000000,126.055717,2.044631,0.050000,0.680006,0.250000,0.267168,500.0001,0.196222,0.194115,22.822071,22.672820,0.013425,0.007678,230
342,100.000000,126.055717,2.549973,0.050000,0.778176,0.250000,0.323464,500.0001,0.222653,0.097363,26.299341,15.210556,0.013518,0.006695,230
343,100.000000,126.055717,3.140915,0.050000,0.890517,0.250000,0.304644,500.0001,0.249899,0.118416,29.981260,18.714227,0.013467,0.007229,230
344,100.000000,126.055717,3.826032,0.050000,1.019077,0.250000,0.293502,500.0001,0.277790,0.142051,33.851130,22.697039,0.013287,0.007688,230
345,100.000000,126.055717,4.614409,0.050000,1.166196,0.250000,0.287549,500.0001,0.306178,0.165472,37.891486,26.858327,0.012997,0.008037,230
346,100.000000,126.055717,5.515704,0.050000,1.334554,0.250000,0.750000,500.0001,0.334941,0.611379,42.083691,44.278495,0.012614,0.003318,230
347,100.000000,126.055717,6.540208,0.050000,1.527217,0.250000,0.750000,500.0001,0.363978,0.636910,46.407308,46.368372,0.012155,0.003036,230
348,100.000000,126.055717,7.698883,0.050000,1.747694,0.250000,3.750000,500.0001,0.393210,1.000000,50.839298,0.000000,0.011636,0.000000,230
349,100.000000,126.055717,9.003387,0.050000,2.000000,0.250000,3.750000,500.0001,0.422574,0.824556,55.353037,-55.146285,0.011071,-0.000000,230
350,100.000000,123.624675,0.000000,0.050000,0.002700,0.250000,0.200000,1999.7859,0.000000,0.000000,0.000000,0.000000,0.000000,0.000000,230
351,100.000000,123.624675,0.000000,0.050000,0.003090,0.250000,0.200000,2000.5184,0.000000,0.000000,0.000000,0.000000,0.000000,0.000000,230
352,100.000000,123.624675,0.000000,0.050000,0.003536,0.250000,0.200000,1999.7817,0.000000,0.000000,0.000000,0.000000,0.000000,0.000000,230
353,100.000000,123.624675,0.000000,0.050000,0.004046,0.250000,0.200000,500.0001,0.000000,0.000000,0.000000,-65.797760,0.000000,-0.495133,230
354,100.000000,123.624675,0.000000,0.050000,0.004630,0.250000,0.200000,500.0001,0.000000,0.000000,0.000000,0.000000,0.000000,0.000000,230
355,100.000000,123.624675,0.000000,0.050000,0.005299,0.250000,0.200000,5500.0001,0.000000,0.000000,0.000000,0.000000,0.000000,0.000000,1518
356,100.000000,123.624675,0.000000,0.050000,0.006064,0.250000,0.200000,3002.5887,0.000000,0.000000,0.000000,0.000000,0.000000,0.000000,1518
357,100.000000,123.624675,0.000000,0.050000,0.006939,0.250000,0.200000,5500.0001,0.000000,0.000000,0.000000,60.394592,0.000000,-1.201645,1518
358,100.000000,123.624675,0.000000,0.050000,0.007941,0.250000,0.200000,3414.8312,0.000000,0.000000,0.000000,52.633309,0.000000,-0.685975,1518
359,100.000000,123.624675,0.000000,0.050000,0.009088,0.250000,0.200000,1946.4552,0.000000,0.000000,0.000000,68.335527,0.000000,-0.240330,1518
360,100.000000,123.624675,0.000000,0.050000,0.010399,0.250000,0.200000,3575.4418,0.000000,0.000000,0.000000,6.149096,0.000000,0.604582,1518
361,100.000000,123.624675,0.000000,0.050000,0.011901,0.250000,0.200000,707.7116,0.000000,0.000000,0.000000,0.000000,0.000000,0.000000,1518
362,100.000000,123.624675,0.000000,0.050000,0.013619,0.250000,0.200000,500.0001,0.000000,0.000000,0.000000,0.000000,0.000000,0.000000,1518
363,100.000000,123.624675,0.000000,0.050000,0.015585,0.250000,0.200000,500.0001,0.000000,0.000000,0.000000,0.000000,0.000000,0.000000,1518
364,100.000000,123.624675,0.000000,0.050000,0.017835,0.250000,0.200000,500.0001,0.000000,0.000000,0.000000,0.000000,0.000000,0.000000,1518
365,100.000000,123.624675,0.000000,0.050000,0.020410,0.250000,0.200000,500.0001,0.000000,0.000000,0.000000,0.000000,0.000000,0.000000,1518
366,100.000000,123.624675,0.000000,0.050000,0.023356,0.250000,0.200000,247.5882,0.000000,0.000000,0.000002,0.000000,0.000000,0.000000,1518
367,100.000000,123.624675,0.000000,0.050000,0.026728,0.250000,0.200000,500.0001,0.000000,0.000000,0.000012,0.000000,0.000000,0.000000,230
368,100.000000,123.624675,0.000001,0.050000,0.030586,0.250000,0.300000,500.0001,0.000001,0.000000,0.000071,0.000000,0.000001,0.000000,230
369,100.000000,123.624675,0.000004,0.050000,0.035002,0.250000,0.300000,500.0001,0.000004,0.000000,0.000337,0.000000,0.000004,0.000000,230
370,100.000000,123.624675,0.000016,0.050000,0.040055,0.250000,0.300000,500.0001,0.000015,0.000000,0.001317,0.000000,0.000013,0.000000,230
371,100.000000,123.624675,0.000060,0.050000,0.045837,0.250000,0.300000,500.0001,0.000050,0.000000,0.004375,0.000000,0.000038,0.000000,230
372,100.000000,123.624675,0.000196,0.050000,0.052455,0.250000,0.050021,500.0001,0.000142,0.000000,0.012595,9.143118,0.000096,0.348609,230
373,100.000000,123.624675,0.000559,0.050000,0.060027,0.250000,0.049948,500.0001,0.000359,0.000000,0.032000,-10.775227,0.000213,0.700005,230
374,100.000000,123.624675,0.001427,0.050000,0.068693,0.250000,0.050022,500.0001,0.000812,0.000000,0.072886,65.304913,0.000424,-0.284688,230
375,100.000000,123.624675,0.003307,0.050000,0.078610,0.250000,0.300000,500.0001,0.001670,0.000000,0.150898,0.000000,0.000768,0.000000,230
376,100.000000,123.624675,0.007032,0.050000,0.089959,0.250000,0.300000,500.0001,0.003158,0.000000,0.287399,0.000000,0.001278,0.000000,230
377,100.000000,123.624675,0.013876,0.050000,0.102946,0.250000,0.553430,500.0001,0.005548,0.100361,0.508877,5.655058,0.001977,0.006837,230
378,100.000000,123.624675,0.025632,0.050000,0.117808,0.250000,0.799864,500.0001,0.009137,0.048899,0.845379,3.732120,0.002870,0.005761,230
379,100.000000,123.624675,0.044681,0.050000,0.134815,0.250000,0.504590,500.0001,0.014223,0.121386,1.328260,7.409117,0.003941,0.007283,230
380,100.000000,123.624675,0.074013,0.050000,0.154277,0.250000,0.384231,500.0001,0.021071,0.000000,1.987688,0.000000,0.005154,0.000000,230
381,100.000000,123.624675,0.117211,0.050000,0.176550,0.250000,0.431251,500.0001,0.029891,0.132476,2.850372,9.008579,0.006458,0.007490,230
382,100.000000,123.624675,0.178406,0.050000,0.202037,0.250000,0.340155,500.0001,0.040822,0.111476,3.937866,8.541338,0.007796,0.007164,230
383,100.000000,123.624675,0.262212,0.050000,0.231204,0.250000,0.300000,500.0001,0.053919,0.000000,5.265621,0.000000,0.009110,0.000000,230
384,100.000000,123.624675,0.373651,0.050000,0.264582,0.250000,0.300000,233.4380,0.069163,0.132269,6.842774,11.016297,0.010345,0.007570,1518
385,100.000000,123.624675,0.518079,0.050000,0.302779,0.250000,0.300000,171.6810,0.086464,0.154332,8.672568,13.076198,0.011457,0.007852,1518
386,100.000000,123.624675,0.701133,0.050000,0.346489,0.250000,0.300000,734.6386,0.105675,0.177573,10.753188,15.314776,0.012414,0.008036,1518
387,100.000000,123.624675,0.928692,0.050000,0.396510,0.250000,0.300000,546.4363,0.126612,0.201757,13.078809,17.721597,0.013194,0.008126,1518
388,100.000000,123.624675,1.206857,0.050000,0.453753,0.250000,0.272355,435.0203,0.149069,0.209352,15.640691,19.378099,0.013788,0.008176,1518
389,100.000000,123.624675,1.541957,0.050000,0.519259,0.250000,0.270041,375.4902,0.172827,0.228726,18.428162,21.812327,0.014196,0.008185,1518
390,100.000000,123.624675,1.940576,0.050000,0.594222,0.250000,0.283430,5000.0000,0.197674,0.123127,21.429416,15.710606,0.014425,0.007758,1518
391,100.000000,123.624675,2.409590,0.050000,0.680006,0.250000,0.318613,5000.0000,0.223409,0.098462,24.632074,14.334814,0.014489,0.007329,1518
392,100.000000,123.624675,2.956225,0.050000,0.778176,0.250000,0.299323,500.0001,0.249850,0.121512,28.023497,17.813593,0.014405,0.007926,230
393,100.000000,123.624675,3.588116,0.050000,0.890517,0.250000,0.290073,1999.9999,0.276837,0.144238,31.590854,21.436722,0.014190,0.008380,230
394,100.000000,123.624675,4.313378,0.050000,1.019077,0.250000,0.284832,500.0001,0.304236,0.167053,35.320962,25.261536,0.013864,0.008726,230
395,100.000000,123.624675,5.140671,0.050000,1.166196,0.250000,0.281007,500.0001,0.331933,0.191259,39.199930,29.424069,0.013445,0.008985,230
396,100.000000,123.624675,6.079263,0.050000,1.334554,0.250000,0.750000,2000.1268,0.359842,0.623921,43.212612,43.844730,0.012952,0.003285,230
397,100.000000,123.624675,7.139084,0.050000,1.527217,0.250000,0.750000,500.0001,0.387893,0.648379,47.341905,45.850198,0.012400,0.003002,230
398,100.000000,123.624675,8.330760,0.050000,1.747694,0.250000,3.750000,500.0001,0.416037,1.000000,51.567905,0.000000,0.011803,0.000000,230
399,100.000000,123.624675,9.665630,0.050000,2.000000,0.250000,3.750000,500.0001,0.444238,0.820139,55.866926,-56.677851,0.011173,-0.000000,230
400,100.000000,121.300340,0.000000,0.050000,0.002700,0.250000,0.200000,500.0001,0.000000,0.000000,0.000000,1.626325,0.000000,0.301176,230
401,100.000000,121.300340,0.000000,0.050000,0.003090,0.250000,0.200000,500.0001,0.000000,0.000000,0.000000,-44.098999,0.000000,-1.711996,230
402,100.000000,121.300340,0.000000,0.050000,0.003536,0.250000,0.200000,500.0001,0.000000,0.000000,0.000000,0.000000,0.000000,0.000000,230
403,100.000000,121.300340,0.000000,0.050000,0.004046,0.250000,0.200000,500.0001,0.000000,0.000000,0.000000,0.000000,0.000000,0.000000,230
404,100.000000,121.300340,0.000000,0.050000,0.004630,0.250000,0.200000,500.0001,0.000000,0.000000,0.000000,0.000000,0.000000,0.000000,230
405,100.000000,121.300340,0.000000,0.050000,0.005299,0.250000,0.200000,500.0001,0.000000,0.000000,0.000000,0.000000,0.000000,0.000000,230
406,100.000000,121.300340,0.000000,0.050000,0.006064,0.250000,0.200000,500.0001,0.000000,0.000000,0.000000,-92.287086,0.000000,1.498821,230
407,100.000000,121.300340,0.000000,0.050000,0.006939,0.250000,0.200000,500.0001,0.000000,0.000000,0.000000,-101.243854,0.000000,-0.848780,230
408,100.000000,121.300340,0.000000,0.050000,0.007941,0.250000,0.200000,500.0001,0.000000,0.000000,0.000000,-123.692129,0.000000,0.449578,230
409,100.000000,121.300340,0.000000,0.050000,0.009088,0.250000,0.200000,500.0001,0.000000,0.000000,0.000000,0.000000,0.000000,0.000000,230
410,100.000000,121.300340,0.000000,0.050000,0.010399,0.250000,0.200000,500.0001,0.000000,0.000000,0.000000,35.226812,0.000000,-1.997311,230
411,100.000000,121.300340,0.000000,0.050000,0.011901,0.250000,0.200000,500.0001,0.000000,0.000000,0.000000,0.000000,0.000000,0.000000,230
412,100.000000,121.300340,0.000000,0.050000,0.013619,0.250000,0.200000,500.0001,0.000000,0.000000,0.000000,0.000000,0.000000,0.000000,230
413,100.000000,121.300340,0.000000,0.050000,0.015585,0.250000,0.200000,500.0001,0.000000,0.000000,0.000000,0.000000,0.000000,0.000000,230
414,100.000000,121.300340,0.000000,0.050000,0.017835,0.250000,0.200000,500.0001,0.000000,0.000000,0.000000,0.000000,0.000000,0.000000,230
415,100.000000,121.300340,0.000000,0.050000,0.020410,0.250000,0.200000,500.0001,0.000000,0.000000,0.000003,0.000000,0.000000,0.000000,230
416,100.000000,121.300340,0.000000,0.050000,0.023356,0.250000,0.200000,500.0001,0.000000,0.000000,0.000022,0.000000,0.000000,0.000000,230
417,100.000000,121.300340,0.000001,0.050000,0.026728,0.250000,0.300000,1999.9999,0.000001,0.000000,0.000119,0.000000,0.000002,0.000000,230
418,100.000000,121.300340,0.000006,0.050000,0.030586,0.250000,0.050000,500.0001,0.000007,0.000000,0.000521,-124.951529,0.000007,1.308895,230
419,100.000000,121.300340,0.000024,0.050000,0.035002,0.250000,0.300000,500.0001,0.000024,0.000000,0.001905,0.000000,0.000022,0.000000,230
420,100.000000,121.300340,0.000086,0.050000,0.040055,0.250000,0.300000,500.0001,0.000074,0.000000,0.005971,0.000000,0.000060,0.000000,230
421,100.000000,121.300340,0.000265,0.050000,0.045837,0.250000,0.049987,2000.1274,0.000201,0.000000,0.016338,-20.829308,0.000143,-1.738793,230
422,100.000000,121.300340,0.000724,0.050000,0.052455,0.250000,0.300000,500.0001,0.000487,0.000000,0.039708,0.000000,0.000303,0.000000,230
423,100.000000,121.300340,0.001776,0.050000,0.060027,0.250000,0.300000,500.0001,0.001060,0.000000,0.087007,0.000000,0.000580,0.000000,230
424,100.000000,121.300340,0.003974,0.050000,0.068693,0.250000,0.300000,500.0001,0.002106,0.000000,0.174140,0.000000,0.001014,0.000000,230
425,100.000000,121.300340,0.008196,0.050000,0.078610,0.250000,0.300000,35000.0000,0.003864,0.000000,0.322009,0.000000,0.001639,0.000000,1518
426,100.000000,121.300340,0.015740,0.050000,0.089959,0.250000,0.550448,35000.0000,0.006610,0.106598,0.555635,5.520461,0.002471,0.007666,1518
427,100.000000,121.300340,0.028392,0.050000,0.102946,0.250000,0.554779,3034.3038,0.010638,0.127388,0.902500,6.695673,0.003507,0.008082,1518
428,100.000000,121.300340,0.048464,0.050000,0.117808,0.250000,0.735182,5498.6376,0.016225,0.049417,1.390410,3.845399,0.004721,0.006728,1518
429,100.000000,121.300340,0.078803,0.050000,0.134815,0.250000,0.516426,2545.9009,0.023610,0.061157,2.045324,4.507164,0.006069,0.006315,1518
430,100.000000,121.300340,0.122764,0.050000,0.154277,0.250000,0.364901,1342.3091,0.032970,0.110648,2.889510,7.424388,0.007492,0.007826,1518
431,100.000000,121.300340,0.184160,0.050000,0.176550,0.250000,0.321447,1812.5087,0.044405,0.000000,3.940296,0.000000,0.008927,0.000000,1518
432,100.000000,121.300340,0.267195,0.050000,0.202037,0.250000,0.300000,901.5507,0.057938,0.000000,5.209498,0.000000,0.010314,0.000000,1518
433,100.000000,121.300340,0.376401,0.050000,0.231204,0.250000,0.300000,500.0001,0.073517,0.139646,6.703484,10.686732,0.011598,0.008404,1518
434,100.000000,121.300340,0.516572,0.050000,0.264582,0.250000,0.300000,500.0001,0.091028,0.161590,8.423723,12.597531,0.012735,0.008657,1518
435,100.000000,121.300340,0.692725,0.050000,0.302779,0.250000,0.300000,500.0001,0.110310,0.184526,10.367635,14.664717,0.013697,0.008806,1518
436,100.000000,121.300340,0.910068,0.050000,0.346489,0.250000,0.283944,500.0001,0.131169,0.198617,12.529577,16.410689,0.014465,0.008870,1518
437,100.000000,121.300340,1.173992,0.050000,0.396510,0.250000,0.270069,500.0001,0.153395,0.214189,14.901811,18.358276,0.015033,0.008903,1518
438,100.000000,121.300340,1.490085,0.050000,0.453753,0.250000,0.266078,223.5544,0.176774,0.217381,17.475344,19.807885,0.015405,0.008962,1518
439,100.000000,121.300340,1.864156,0.050000,0.519259,0.250000,0.321270,200.4123,0.201101,0.090469,20.240591,11.778674,0.015592,0.007722,1518
440,100.000000,121.300340,2.302283,0.050000,0.594222,0.250000,0.309383,334.3022,0.226185,0.103425,23.187824,13.884003,0.015609,0.008174,1518
441,100.000000,121.300340,2.810863,0.050000,0.680006,0.250000,0.293812,686.1323,0.251855,0.126340,26.307409,17.110328,0.015475,0.008772,1518
442,100.000000,121.300340,3.396675,0.050000,0.778176,0.250000,0.286514,256.8245,0.277965,0.148135,29.589830,20.400294,0.015210,0.009210,1196
443,100.000000,121.300340,4.066946,0.050000,0.890517,0.250000,0.281992,230.6736,0.304392,0.170475,33.025537,23.923885,0.014834,0.009544,1196
444,100.000000,121.300340,4.829417,0.050000,1.019077,0.250000,0.278393,493.2314,0.331038,0.194624,36.604618,27.799967,0.014368,0.009787,1518
445,100.000000,121.300340,5.692409,0.050000,1.166196,0.250000,0.275682,400.7328,0.357826,0.219366,40.316330,31.921801,0.013828,0.009940,1518
446,100.000000,121.300340,6.664881,0.050000,1.334554,0.250000,0.273067,348.3164,0.384700,0.246307,44.148486,36.419410,0.013232,0.009998,1518
447,100.000000,121.300340,7.756476,0.050000,1.527217,0.250000,0.750000,310.0729,0.411621,0.659221,48.086733,45.320120,0.012595,0.002967,1518
448,100.000000,121.300340,8.977551,0.050000,1.747694,0.250000,3.750000,5000.0000,0.438564,1.000000,52.113699,0.000000,0.011927,0.000000,1518
449,100.000000,121.300340,10.339183,0.050000,2.000000,0.250000,3.750000,5000.0000,0.465515,0.815813,56.208048,-58.181614,0.011242,-0.000000,1518
450,100.000000,119.047619,0.000000,0.050000,0.002700,0.250000,0.200000,35000.0000,0.000000,0.000000,0.000000,-84.413661,0.000000,-0.224226,1518
451,100.000000,119.047619,0.000000,0.050000,0.003090,0.250000,0.200000,35000.0000,0.000000,0.000000,0.000000,0.000000,0.000000,0.000000,1518
452,100.000000,119.047619,0.000000,0.050000,0.003536,0.250000,0.200000,500.0001,0.000000,0.000000,0.000000,0.000000,0.000000,0.000000,230
453,100.000000,119.047619,0.000000,0.050000,0.004046,0.250000,0.200000,500.0001,0.000000,0.000000,0.000000,0.000000,0.000000,0.000000,230
454,100.000000,119.047619,0.000000,0.050000,0.004630,0.250000,0.200000,500.0001,0.000000,0.000000,0.000000,-119.613278,0.000000,-1.271448,230
455,100.000000,119.047619,0.000000,0.050000,0.005299,0.250000,0.200000,500.0001,0.000000,0.000000,0.000000,115.706715,0.000000,-1.082140,230
456,100.000000,119.047619,0.000000,0.050000,0.006064,0.250000,0.200000,500.0001,0.000000,0.000000,0.000000,123.333967,0.000000,-0.722312,230
457,100.000000,119.047619,0.000000,0.050000,0.006939,0.250000,0.200000,500.0001,0.000000,0.000000,0.000000,-64.175503,0.000000,1.822243,230
458,100.000000,119.047619,0.000000,0.050000,0.007941,0.250000,0.200000,3004.4842,0.000000,0.000000,0.000000,-65.963482,0.000000,-0.034462,1518
459,100.000000,119.047619,0.000000,0.050000,0.009088,0.250000,0.200000,3047.7899,0.000000,0.000000,0.000000,0.000000,0.000000,0.000000,1518
460,100.000000,119.047619,0.000000,0.050000,0.010399,0.250000,0.200000,4851.8229,0.000000,0.000000,0.000000,0.000000,0.000000,0.000000,1518
461,100.000000,119.047619,0.000000,0.050000,0.011901,0.250000,0.200000,283.9327,0.000000,0.000000,0.000000,0.000000,0.000000,0.000000,1357
462,100.000000,119.047619,0.000000,0.050000,0.013619,0.250000,0.200000,500.0001,0.000000,0.000000,0.000000,0.000000,0.000000,0.000000,230
463,100.000000,119.047619,0.000000,0.050000,0.015585,0.250000,0.200000,500.0001,0.000000,0.000000,0.000001,0.000000,0.000000,0.000000,230
464,100.000000,119.047619,0.000000,0.050000,0.017835,0.250000,0.200000,500.0001,0.000000,0.000000,0.000008,0.000000,0.000000,0.000000,230
465,100.000000,119.047619,0.000000,0.050000,0.020410,0.250000,0.200000,500.0001,0.000001,0.000000,0.000048,0.000000,0.000001,0.000000,230
466,100.000000,119.047619,0.000002,0.050000,0.023356,0.250000,0.050000,500.0001,0.000003,0.000000,0.000230,94.042099,0.000004,0.052948,230
467,100.000000,119.047619,0.000011,0.050000,0.026728,0.250000,0.300000,500.0001,0.000013,0.000000,0.000913,0.000000,0.000014,0.000000,230
468,100.000000,119.047619,0.000042,0.050000,0.030586,0.250000,0.300000,500.0001,0.000042,0.000000,0.003078,0.000000,0.000040,0.000000,230
469,100.000000,119.047619,0.000138,0.050000,0.035002,0.250000,0.300000,2664.2585,0.000123,0.000000,0.008977,0.000000,0.000103,0.000000,1518
470,100.000000,119.047619,0.000397,0.050000,0.040055,0.250000,0.049987,1149.0089,0.000314,0.000000,0.023065,-31.078093,0.000230,1.578081,1518
471,100.000000,119.047619,0.001023,0.050000,0.045837,0.250000,0.300000,714.4684,0.000717,0.000000,0.053056,0.000000,0.000463,0.000000,1518
472,100.000000,119.047619,0.002390,0.050000,0.052455,0.250000,0.300000,500.0001,0.001486,0.000000,0.110801,0.000000,0.000845,0.000000,1518
473,100.000000,119.047619,0.005119,0.050000,0.060027,0.250000,0.300000,500.0001,0.002830,0.000000,0.212648,0.000000,0.001417,0.000000,234
474,100.000000,119.047619,0.010163,0.050000,0.068693,0.250000,0.049989,500.0001,0.005001,0.000000,0.379061,-52.453714,0.002207,1.904641,234
475,100.000000,119.047619,0.018875,0.050000,0.078610,0.250000,0.552168,500.0001,0.008281,0.116693,0.633472,5.503123,0.003223,0.008727,1518
476,100.000000,119.047619,0.033055,0.050000,0.089959,0.250000,0.737821,339.4365,0.012948,0.052304,1.000560,3.316118,0.004449,0.006737,1518
477,100.000000,119.047619,0.054971,0.050000,0.102946,0.250000,0.045551,500.0001,0.019256,0.000000,1.504316,-44.292648,0.005845,-1.032445,1522
478,100.000000,119.047619,0.087347,0.050000,0.117808,0.250000,0.642187,500.0001,0.027406,0.068720,2.166243,5.806671,0.007355,0.012568,1522
479,100.000000,119.047619,0.133329,0.050000,0.134815,0.250000,0.333907,712.6969,0.037530,0.106231,3.003991,6.741417,0.008913,0.008564,1518
480,100.000000,119.047619,0.196425,0.050000,0.154277,0.250000,0.300000,593.8286,0.049684,0.000000,4.030566,0.000000,0.010450,0.000000,1518
481,100.000000,119.047619,0.280454,0.050000,0.176550,0.250000,0.300000,200.6876,0.063849,0.128586,5.254133,8.825435,0.011904,0.009089,1522
482,100.000000,119.047619,0.389479,0.050000,0.202037,0.250000,0.300000,160.7752,0.079937,0.149406,6.678321,10.454156,0.013222,0.009408,1522
483,100.000000,119.047619,0.527765,0.050000,0.231204,0.250000,0.300000,319.9220,0.097808,0.171246,8.302877,12.225370,0.014365,0.009614,1518
484,100.000000,119.047619,0.699741,0.050000,0.264582,0.250000,0.300000,438.1162,0.117284,0.193878,10.124504,14.132068,0.015306,0.009711,1521
485,100.000000,119.047619,0.909988,0.050000,0.302779,0.250000,0.269482,365.1404,0.138163,0.198976,12.137756,15.357407,0.016035,0.009764,1521
486,100.000000,119.047619,1.163235,0.050000,0.346489,0.250000,0.267813,1999.9999,0.160234,0.221295,14.335858,17.487417,0.016550,0.009753,230
487,100.000000,119.047619,1.464382,0.050000,0.396510,0.250000,0.270151,1999.9975,0.183290,0.134977,16.711399,13.674632,0.016858,0.009521,230
488,100.000000,119.047619,1.818529,0.050000,0.453753,0.250000,0.321572,500.0001,0.207133,0.089933,19.256849,10.963030,0.016976,0.008539,230
489,100.000000,119.047619,2.231020,0.050000,0.519259,0.250000,0.299025,500.0001,0.231586,0.111649,21.964886,13.708294,0.016920,0.009262,230
490,100.000000,119.047619,2.707495,0.050000,0.594222,0.250000,0.288365,5000.0000,0.256493,0.133256,24.828555,16.593802,0.016713,0.009816,1518
491,100.000000,119.047619,3.253952,0.050000,0.680006,0.250000,0.282809,35000.0000,0.281723,0.154320,27.841248,19.595314,0.016377,0.010227,1518
492,100.000000,119.047619,3.876807,0.050000,0.778176,0.250000,0.278972,35000.0000,0.307168,0.176368,30.996540,22.852647,0.015933,0.010538,1518
493,100.000000,119.047619,4.582961,0.050000,0.890517,0.250000,0.275801,2000.1525,0.332744,0.200082,34.287899,26.425565,0.015401,0.010751,230
494,100.000000,119.047619,5.379863,0.050000,1.019077,0.250000,0.273280,500.0001,0.358388,0.224543,37.708264,30.240512,0.014801,0.010867,230
495,100.000000,119.047619,6.275568,0.050000,1.166196,0.250000,0.270893,500.0001,0.384058,0.250786,41.249532,34.373271,0.014148,0.010884,230
496,100.000000,119.047619,7.278792,0.050000,1.334554,0.250000,0.268731,500.0001,0.409725,0.278254,44.901926,38.768757,0.013458,0.010805,230
497,100.000000,119.047619,8.398950,0.050000,1.527217,0.250000,0.750000,2002.8484,0.435377,0.669604,48.653282,44.775310,0.012743,0.002932,230
498,100.000000,119.047619,9.646183,0.050000,1.747694,0.250000,3.750000,500.0001,0.461009,1.000000,52.488225,0.000000,0.012013,0.000000,230
499,100.000000,119.047619,11.031353,0.050000,2.000000,0.250000,3.750000,500.0001,0.486627,0.811522,56.387259,-59.676601,0.011277,-0.000000,230
500,100.000000,117.647059,0.000000,0.050000,0.002700,0.250000,0.200000,500.0001,0.000000,0.000000,0.000000,0.000000,0.000000,0.000000,230
501,100.000000,117.647059,0.000000,0.050000,0.003090,0.250000,0.200000,500.0001,0.000000,0.000000,0.000000,0.000000,0.000000,0.000000,230
502,100.000000,117.647059,0.000000,0.050000,0.003536,0.250000,0.200000,500.0001,0.000000,0.000000,0.000000,0.000000,0.000000,0.000000,230
503,100.000000,117.647059,0.000000,0.050000,0.004046,0.250000,0.200000,2000.1060,0.000000,0.000000,0.000000,19.299663,0.000000,-1.614981,1518
504,100.000000,117.647059,0.000000,0.050000,0.004630,0.250000,0.200000,3021.6765,0.000000,0.000000,0.000000,-79.563680,0.000000,-0.946448,1518
505,100.000000,117.647059,0.000000,0.050000,0.005299,0.250000,0.200000,4878.2080,0.000000,0.000000,0.000000,103.532939,0.000000,1.924827,1518
506,100.000000,117.647059,0.000000,0.050000,0.006064,0.250000,0.200000,500.0001,0.000000,0.000000,0.000000,52.648887,0.000000,1.449404,230
507,100.000000,117.647059,0.000000,0.050000,0.006939,0.250000,0.200000,500.0001,0.000000,0.000000,0.000000,96.805648,0.000000,1.422016,230
508,100.000000,117.647059,0.000000,0.050000,0.007941,0.250000,0.200000,500.0001,0.000000,0.000000,0.000000,0.000000,0.000000,0.000000,234
509,100.000000,117.647059,0.000000,0.050000,0.009088,0.250000,0.200000,500.0001,0.000000,0.000000,0.000000,0.000000,0.000000,0.000000,234
510,100.000000,117.647059,0.000000,0.050000,0.010399,0.250000,0.200000,500.0001,0.000000,0.000000,0.000000,0.000000,0.000000,0.000000,230
511,100.000000,117.647059,0.000000,0.050000,0.011901,0.250000,0.200000,500.0001,0.000000,0.000000,0.000000,0.000000,0.000000,0.000000,230
512,100.000000,117.647059,0.000000,0.050000,0.013619,0.250000,0.200000,500.0001,0.000000,0.000000,0.000001,0.000000,0.000000,0.000000,230
513,100.000000,117.647059,0.000000,0.050000,0.015585,0.250000,0.200000,500.0001,0.000000,0.000000,0.000008,0.000000,0.000000,0.000000,230
514,100.000000,117.647059,0.000000,0.050000,0.017835,0.250000,0.200000,500.0001,0.000001,0.000000,0.000047,0.000000,0.000001,0.000000,230
515,100.000000,117.647059,0.000002,0.050000,0.020410,0.250000,0.050000,1999.9999,0.000003,0.000000,0.000224,-38.433196,0.000004,1.319744,230
516,100.000000,117.647059,0.000011,0.050000,0.023356,0.250000,0.050000,500.0001,0.000013,0.000000,0.000886,41.770296,0.000015,-0.579927,230
517,100.000000,117.647059,0.000041,0.050000,0.026728,0.250000,0.300000,500.0001,0.000044,0.000000,0.002966,0.000000,0.000044,0.000000,230
518,100.000000,117.647059,0.000132,0.050000,0.030586,0.250000,0.300000,2044.4942,0.000126,0.000000,0.008600,0.000000,0.000112,0.000000,1518
519,100.000000,117.647059,0.000380,0.050000,0.035002,0.250000,0.049985,3921.8718,0.000320,0.000000,0.021987,-24.820264,0.000251,-1.534746,1518
520,100.000000,117.647059,0.000974,0.050000,0.040055,0.250000,0.300000,839.0737,0.000729,0.000000,0.050358,0.000000,0.000503,0.000000,1518
521,100.000000,117.647059,0.002266,0.050000,0.045837,0.250000,0.300000,500.0001,0.001505,0.000000,0.104770,0.000000,0.000914,0.000000,1518
522,100.000000,117.647059,0.004838,0.050000,0.052455,0.250000,0.300000,500.0001,0.002855,0.000000,0.200412,0.000000,0.001528,0.000000,1518
523,100.000000,117.647059,0.009575,0.050000,0.060027,0.250000,0.049715,500.0001,0.005031,0.000000,0.356228,-33.609977,0.002374,-0.060812,1518
524,100.000000,117.647059,0.017731,0.050000,0.068693,0.250000,0.549722,500.0001,0.008307,0.116506,0.593836,5.138497,0.003458,0.009354,1518
525,100.000000,117.647059,0.030973,0.050000,0.078610,0.250000,0.050153,500.0001,0.012958,0.000000,0.935938,36.767881,0.004762,1.969882,1518
526,100.000000,117.647059,0.051393,0.050000,0.089959,0.250000,0.486890,194.8154,0.019229,0.132240,1.404541,6.422629,0.006245,0.009689,1518
527,100.000000,117.647059,0.081496,0.050000,0.102946,0.250000,0.626803,178.1315,0.027314,0.084360,2.019325,6.851620,0.007846,0.017663,1518
528,100.000000,117.647059,0.124169,0.050000,0.117808,0.250000,0.329505,201.5096,0.037339,0.104867,2.796409,6.243760,0.009495,0.009146,1518
529,100.000000,117.647059,0.182625,0.050000,0.134815,0.250000,0.300000,715.7171,0.049352,0.000000,3.747656,0.000000,0.011119,0.000000,1518
530,100.000000,117.647059,0.260354,0.050000,0.154277,0.250000,0.300000,500.0001,0.063330,0.128887,4.880516,8.263321,0.012654,0.009738,230
531,100.000000,117.647059,0.361061,0.050000,0.176550,0.250000,0.300000,500.0001,0.079183,0.149407,6.198329,9.772566,0.014043,0.010064,230
532,100.000000,117.647059,0.488626,0.050000,0.202037,0.250000,0.300000,1999.9892,0.096769,0.170880,7.700936,11.412597,0.015247,0.010270,234
533,100.000000,117.647059,0.647075,0.050000,0.231204,0.250000,0.300000,500.0001,0.115908,0.193082,9.385470,13.177541,0.016238,0.010363,234
534,100.000000,117.647059,0.840560,0.050000,0.264582,0.250000,0.268535,500.0001,0.136399,0.197436,11.247176,14.288923,0.017004,0.010416,232
535,100.000000,117.647059,1.073362,0.050000,0.302779,0.250000,0.266793,1998.4037,0.158032,0.218608,13.280177,16.233042,0.017544,0.010401,232
536,100.000000,117.647059,1.349912,0.050000,0.346489,0.250000,0.273452,187.3094,0.180602,0.124184,15.478114,12.068413,0.017868,0.009983,1035
537,100.000000,117.647059,1.674813,0.050000,0.396510,0.250000,0.320767,232.8038,0.203914,0.088715,17.834629,10.146554,0.017992,0.009091,1196
538,100.000000,117.647059,2.052886,0.050000,0.453753,0.250000,0.297906,208.9316,0.227793,0.110301,20.343684,12.704268,0.017934,0.009859,1196
539,100.000000,117.647059,2.489216,0.050000,0.519259,0.250000,0.287374,258.0118,0.252085,0.131451,22.999712,15.367251,0.017717,0.010439,1357
540,100.000000,117.647059,2.989211,0.050000,0.594222,0.250000,0.281898,490.2518,0.276662,0.152019,25.797628,18.136463,0.017366,0.010868,1518
541,100.000000,117.647059,3.558656,0.050000,0.680006,0.250000,0.278127,181.0807,0.301418,0.173504,28.732698,21.141973,0.016901,0.011191,1035
542,100.000000,117.647059,4.203783,0.050000,0.778176,0.250000,0.275016,162.5168,0.326272,0.196573,31.800306,24.440305,0.016346,0.011411,1035
543,100.000000,117.647059,4.931326,0.050000,0.890517,0.250000,0.272555,383.6548,0.351162,0.220315,34.995602,27.963978,0.015719,0.011531,1518
544,100.000000,117.647059,5.748585,0.050000,1.019077,0.250000,0.270221,328.0890,0.376048,0.245761,38.313069,31.787140,0.015038,0.011547,1518
545,100.000000,117.647059,6.663480,0.050000,1.166196,0.250000,0.268108,289.7167,0.400905,0.272366,41.745989,35.861451,0.014319,0.011463,1518
546,100.000000,117.647059,7.684604,0.050000,1.334554,0.250000,0.266252,5000.0000,0.425722,0.299616,45.285832,40.142351,0.013573,0.011295,1518
547,100.000000,117.647059,8.821253,0.050000,1.527217,0.250000,0.750000,35000.0000,0.450501,0.675995,48.921548,44.421721,0.012813,0.002909,1518
548,100.000000,117.647059,10.083450,0.050000,1.747694,0.250000,3.750000,35000.0000,0.475248,1.000000,52.638776,0.000000,0.012048,0.000000,1518
549,100.000000,117.647059,11.481944,0.050000,2.000000,0.250000,3.750000,500.0001,0.499979,0.808804,56.418958,-60.625030,0.011284,-0.000000,230
550,100.000000,116.238521,0.000000,0.050000,0.002700,0.250000,0.200000,225.5481,0.000000,0.000000,0.000000,0.000000,0.000000,0.000000,1196
551,100.000000,116.238521,0.000000,0.050000,0.003090,0.250000,0.200000,202.2135,0.000000,0.000000,0.000000,0.000000,0.000000,0.000000,1196
552,100.000000,116.238521,0.000000,0.050000,0.003536,0.250000,0.200000,500.0001,0.000000,0.000000,0.000000,-85.055207,0.000000,0.172227,230
553,100.000000,116.238521,0.000000,0.050000,0.004046,0.250000,0.200000,500.0001,0.000000,0.000000,0.000000,-77.409864,0.000000,-1.930137,230
554,100.000000,116.238521,0.000000,0.050000,0.004630,0.250000,0.200000,500.0001,0.000000,0.000000,0.000000,-117.214677,0.000000,-1.012420,230
555,100.000000,116.238521,0.000000,0.050000,0.005299,0.250000,0.200000,500.0001,0.000000,0.000000,0.000000,-58.836567,0.000000,-1.396043,230
556,100.000000,116.238521,0.000000,0.050000,0.006064,0.250000,0.200000,500.0001,0.000000,0.000000,0.000000,123.684930,0.000000,-0.693374,230
557,100.000000,116.238521,0.000000,0.050000,0.006939,0.250000,0.200000,500.0001,0.000000,0.000000,0.000000,0.000000,0.000000,0.000000,230
558,100.000000,116.238521,0.000000,0.050000,0.007941,0.250000,0.200000,500.0001,0.000000,0.000000,0.000000,0.000000,0.000000,0.000000,230
559,100.000000,116.238521,0.000000,0.050000,0.009088,0.250000,0.200000,500.0001,0.000000,0.000000,0.000000,0.000000,0.000000,0.000000,230
560,100.000000,116.238521,0.000000,0.050000,0.010399,0.250000,0.200000,500.0001,0.000000,0.000000,0.000000,0.000000,0.000000,0.000000,230
561,100.000000,116.238521,0.000000,0.050000,0.011901,0.250000,0.200000,500.0001,0.000000,0.000000,0.000001,0.000000,0.000000,0.000000,230
562,100.000000,116.238521,0.000000,0.050000,0.013619,0.250000,0.200000,500.0001,0.000000,0.000000,0.000009,0.000000,0.000000,0.000000,230
563,100.000000,116.238521,0.000001,0.050000,0.015585,0.250000,0.300000,250.1601,0.000001,0.000000,0.000054,0.000000,0.000001,0.000000,1357
564,100.000000,116.238521,0.000003,0.050000,0.017835,0.250000,0.050000,500.0001,0.000004,0.000000,0.000251,-76.315084,0.000006,0.857265,230
565,100.000000,116.238521,0.000012,0.050000,0.020410,0.250000,0.300000,139.0713,0.000015,0.000000,0.000968,0.000000,0.000019,0.000000,874
566,100.000000,116.238521,0.000044,0.050000,0.023356,0.250000,0.300000,1999.9927,0.000050,0.000000,0.003172,0.000000,0.000054,0.000000,230
567,100.000000,116.238521,0.000141,0.050000,0.026728,0.250000,0.050001,500.0001,0.000143,0.000000,0.009025,126.854409,0.000135,1.492313,230
568,100.000000,116.238521,0.000398,0.050000,0.030586,0.250000,0.300000,500.0001,0.000356,0.000000,0.022695,0.000000,0.000297,0.000000,230
569,100.000000,116.238521,0.001006,0.050000,0.035002,0.250000,0.300000,2000.0142,0.000799,0.000000,0.051236,0.000000,0.000586,0.000000,230
570,100.000000,116.238521,0.002309,0.050000,0.040055,0.250000,0.300000,2000.0559,0.001629,0.000000,0.105262,0.000000,0.001051,0.000000,230
571,100.000000,116.238521,0.004873,0.050000,0.045837,0.250000,0.300000,500.0001,0.003056,0.000000,0.199153,0.000000,0.001738,0.000000,230
572,100.000000,116.238521,0.009546,0.050000,0.052455,0.250000,0.050160,500.0001,0.005331,0.000000,0.350612,59.797268,0.002674,0.040741,230
573,100.000000,116.238521,0.017521,0.050000,0.060027,0.250000,0.800000,2997.2178,0.008726,0.049236,0.579603,2.643375,0.003862,0.008007,1521
574,100.000000,116.238521,0.030365,0.050000,0.068693,0.250000,0.401788,1998.4728,0.013507,0.085055,0.906863,4.094899,0.005281,0.009146,1521
575,100.000000,116.238521,0.050032,0.050000,0.078610,0.250000,0.707104,2368.8960,0.019909,0.049537,1.352283,3.155061,0.006881,0.008780,1521
576,100.000000,116.238521,0.078845,0.050000,0.089959,0.250000,0.367621,3768.0286,0.028112,0.105653,1.933461,5.485357,0.008597,0.009873,1521
577,100.000000,116.238521,0.119466,0.050000,0.102946,0.250000,0.072166,500.0001,0.038226,0.144659,2.664644,12.481786,0.010354,0.037635,234
578,100.000000,116.238521,0.174843,0.050000,0.117808,0.250000,0.050000,500.0001,0.050288,0.145725,3.556172,13.461131,0.012075,0.038088,1521
579,100.000000,116.238521,0.248160,0.050000,0.134815,0.250000,0.550000,500.0001,0.064262,0.086663,4.614406,8.081779,0.013691,0.019982,1521
580,100.000000,116.238521,0.342788,0.050000,0.154277,0.250000,0.550000,500.0001,0.080049,0.058951,5.842051,5.554032,0.015147,0.012000,1521
581,100.000000,116.238521,0.462245,0.050000,0.176550,0.250000,0.300000,795.0473,0.097501,0.172587,7.238754,10.736415,0.016400,0.011057,1525
582,100.000000,116.238521,0.610168,0.050000,0.202037,0.250000,0.297239,500.0001,0.116436,0.192873,8.801840,12.310195,0.017426,0.011134,1521
583,100.000000,116.238521,0.790304,0.050000,0.231204,0.250000,0.267439,185.3454,0.136650,0.197973,10.527068,13.379182,0.018213,0.011184,1521
584,100.000000,116.238521,1.006508,0.050000,0.264582,0.250000,0.264188,167.9289,0.157936,0.207898,12.409324,14.736587,0.018761,0.011216,1521
585,100.000000,116.238521,1.262763,0.050000,0.302779,0.250000,0.291749,500.0001,0.180090,0.100275,14.443195,9.692288,0.019081,0.010119,1525
586,100.000000,116.238521,1.563207,0.050000,0.346489,0.250000,0.317055,707.6681,0.202923,0.089431,16.623410,9.540853,0.019191,0.009825,1521
587,100.000000,116.238521,1.912169,0.050000,0.396510,0.250000,0.295326,479.0556,0.226263,0.111077,18.945117,11.935295,0.019112,0.010633,1521
588,100.000000,116.238521,2.314219,0.050000,0.453753,0.250000,0.285720,373.7360,0.249961,0.131600,21.404029,14.376436,0.018868,0.011222,1521
589,100.000000,116.238521,2.774213,0.050000,0.519259,0.250000,0.280577,234.5216,0.273893,0.151699,23.996437,16.930272,0.018485,0.011660,1525
590,100.000000,116.238521,3.297357,0.050000,0.594222,0.250000,0.276969,281.2672,0.297957,0.172730,26.719109,19.707345,0.017986,0.011986,1521
591,100.000000,116.238521,3.889257,0.050000,0.680006,0.250000,0.273981,318.9760,0.322077,0.195246,29.569084,22.753074,0.017393,0.012204,1523
592,100.000000,116.238521,4.555988,0.050000,0.778176,0.250000,0.271598,5000.0000,0.346194,0.218412,32.543393,26.010675,0.016728,0.012317,1518
593,100.000000,116.238521,5.304145,0.050000,0.890517,0.250000,0.269261,35000.0000,0.370273,0.243491,35.638681,29.566439,0.016008,0.012316,1518
594,100.000000,116.238521,6.140903,0.050000,1.019077,0.250000,0.267307,192.6059,0.394292,0.268945,38.850765,33.312264,0.015249,0.012222,1036
595,100.000000,116.238521,7.074070,0.050000,1.166196,0.250000,0.265518,173.0663,0.418243,0.295311,42.174113,37.277798,0.014466,0.012036,1036
596,100.000000,116.238521,8.112130,0.050000,1.334554,0.250000,0.263907,155.1753,0.442131,0.322309,45.601242,41.435403,0.013668,0.011770,1036
597,100.000000,116.238521,9.264276,0.050000,1.527217,0.250000,0.750000,35000.0000,0.465967,0.682370,49.122037,44.055013,0.012866,0.002885,1521
598,100.000000,116.238521,10.540429,0.050000,1.747694,0.250000,3.750000,215.9768,0.489772,1.000000,52.722986,0.000000,0.012067,0.000000,1196
599,100.000000,116.238521,11.951230,0.050000,2.000000,0.250000,3.750000,500.0001,0.513567,0.806032,56.386330,-61.593749,0.011277,-0.000000,230
600,100.000000,114.850121,0.000000,0.050000,0.002700,0.250000,0.200000,500.0001,0.000000,0.000000,0.000000,111.142304,0.000000,0.582249,230
601,100.000000,114.850121,0.000000,0.050000,0.003090,0.250000,0.200000,500.0001,0.000000,0.000000,0.000000,54.029563,0.000000,0.742601,230
602,100.000000,114.850121,0.000000,0.050000,0.003536,0.250000,0.200000,500.0001,0.000000,0.000000,0.000000,-116.085616,0.000000,-0.215588,230
603,100.000000,114.850121,0.000000,0.050000,0.004046,0.250000,0.200000,500.0001,0.000000,0.000000,0.000000,-96.963180,0.000000,-0.346502,230
604,100.000000,114.850121,0.000000,0.050000,0.004630,0.250000,0.200000,500.0001,0.000000,0.000000,0.000000,0.000000,0.000000,0.000000,230
605,100.000000,114.850121,0.000000,0.050000,0.005299,0.250000,0.200000,500.0001,0.000000,0.000000,0.000000,0.000000,0.000000,0.000000,230
606,100.000000,114.850121,0.000000,0.050000,0.006064,0.250000,0.200000,500.0001,0.000000,0.000000,0.000000,0.000000,0.000000,0.000000,230
607,100.000000,114.850121,0.000000,0.050000,0.006939,0.250000,0.200000,500.0001,0.000000,0.000000,0.000000,0.000000,0.000000,0.000000,230
608,100.000000,114.850121,0.000000,0.050000,0.007941,0.250000,0.200000,500.0001,0.000000,0.000000,0.000000,0.000000,0.000000,0.000000,230
609,100.000000,114.850121,0.000000,0.050000,0.009088,0.250000,0.200000,500.0001,0.000000,0.000000,0.000000,0.000000,0.000000,0.000000,230
610,100.000000,114.850121,0.000000,0.050000,0.010399,0.250000,0.200000,239.8115,0.000000,0.000000,0.000002,0.000000,0.000000,0.000000,1357
611,100.000000,114.850121,0.000000,0.050000,0.011901,0.250000,0.200000,5500.0001,0.000000,0.000000,0.000013,0.000000,0.000000,0.000000,1518
612,100.000000,114.850121,0.000001,0.050000,0.013619,0.250000,0.300000,1517.8770,0.000001,0.000000,0.000072,0.000000,0.000002,0.000000,1518
613,100.000000,114.850121,0.000004,0.050000,0.015585,0.250000,0.050001,4571.0397,0.000006,0.000000,0.000317,5.220826,0.000008,-1.625631,1518
614,100.000000,114.850121,0.000015,0.050000,0.017835,0.250000,0.300000,1176.2112,0.000020,0.000000,0.001174,0.000000,0.000026,0.000000,1518
615,100.000000,114.850121,0.000053,0.050000,0.020410,0.250000,0.300000,1999.9999,0.000064,0.000000,0.003716,0.000000,0.000073,0.000000,230
616,100.000000,114.850121,0.000164,0.050000,0.023356,0.250000,0.049999,2000.0011,0.000176,0.000000,0.010256,-112.151220,0.000176,-1.760427,230
617,100.000000,114.850121,0.000451,0.050000,0.026728,0.250000,0.049994,500.0001,0.000427,0.000000,0.025116,-79.662594,0.000376,0.351117,230
618,100.000000,114.850121,0.001115,0.050000,0.030586,0.250000,0.300000,1999.9933,0.000936,0.000000,0.055402,0.000000,0.000725,0.000000,230
619,100.000000,114.850121,0.002506,0.050000,0.035002,0.250000,0.300000,2000.0446,0.001869,0.000000,0.111536,0.000000,0.001275,0.000000,231
620,100.000000,114.850121,0.005192,0.050000,0.040055,0.250000,0.300000,500.0001,0.003444,0.000000,0.207320,0.000000,0.002070,0.000000,231
621,100.000000,114.850121,0.010008,0.050000,0.045837,0.250000,0.800000,500.0001,0.005914,0.049729,0.359388,2.425225,0.003136,0.009620,231
622,100.000000,114.850121,0.018108,0.050000,0.052455,0.250000,0.799257,500.0001,0.009546,0.050002,0.586144,2.477045,0.004470,0.008597,231
623,100.000000,114.850121,0.030988,0.050000,0.060027,0.250000,0.461186,500.0001,0.014597,0.110277,0.906354,4.620016,0.006040,0.010822,1519
624,100.000000,114.850121,0.050490,0.050000,0.068693,0.250000,0.423991,472.3877,0.021284,0.114317,1.337699,5.070097,0.007789,0.010951,1519
625,100.000000,114.850121,0.078784,0.050000,0.078610,0.250000,0.606947,174.3859,0.029769,0.098065,1.895535,7.086908,0.009645,0.025257,1519
626,100.000000,114.850121,0.118330,0.050000,0.089959,0.250000,0.313355,141.8763,0.040141,0.000000,2.592038,0.000000,0.011525,0.000000,1519
627,100.000000,114.850121,0.171832,0.050000,0.102946,0.250000,0.300000,417.4870,0.052418,0.115902,3.435812,6.267477,0.013350,0.011069,1519
628,100.000000,114.850121,0.242193,0.050000,0.117808,0.250000,0.300000,670.5511,0.066545,0.135060,4.431912,7.456905,0.015048,0.011509,1519
629,100.000000,114.850121,0.332470,0.050000,0.134815,0.250000,0.300000,453.2582,0.082410,0.155219,5.582221,8.758460,0.016563,0.011812,1519
630,100.000000,114.850121,0.445837,0.050000,0.154277,0.250000,0.300000,357.2035,0.099857,0.176135,6.886030,10.166820,0.017854,0.011982,1519
631,100.000000,114.850121,0.585568,0.050000,0.176550,0.250000,0.268256,305.7671,0.118696,0.179830,8.340724,11.019221,0.018897,0.012043,1519
632,100.000000,114.850121,0.755024,0.050000,0.202037,0.250000,0.267233,269.6943,0.138726,0.200941,9.942466,12.619333,0.019684,0.012076,1519
633,100.000000,114.850121,0.957661,0.050000,0.231204,0.250000,0.262937,1778.3380,0.159738,0.208694,11.686815,13.806825,0.020219,0.012107,1679
634,100.000000,114.850121,1.197042,0.050000,0.264582,0.250000,0.318652,1999.9999,0.181534,0.083469,13.569226,7.926244,0.020514,0.010320,1679
635,100.000000,114.850121,1.476872,0.050000,0.302779,0.250000,0.310540,3000.0001,0.203929,0.092295,15.585429,9.126420,0.020590,0.010775,1679
636,100.000000,114.850121,1.801024,0.050000,0.346489,0.250000,0.291794,3000.0001,0.226757,0.113665,17.731673,11.340923,0.020470,0.011596,1679
637,100.000000,114.850121,2.173590,0.050000,0.396510,0.250000,0.283601,2000.4535,0.249876,0.133458,20.004836,13.569099,0.020181,0.012180,230
638,100.000000,114.850121,2.598923,0.050000,0.453753,0.250000,0.278949,131.2608,0.273169,0.153146,22.402446,15.926257,0.019749,0.012616,874
639,100.000000,114.850121,3.081692,0.050000,0.519259,0.250000,0.275355,117.0397,0.296539,0.174336,24.922580,18.531142,0.019199,0.012938,874
640,100.000000,114.850121,3.626937,0.050000,0.594222,0.250000,0.272918,5000.0000,0.319917,0.195393,27.563706,21.279237,0.018554,0.013143,1518
641,100.000000,114.850121,4.240121,0.050000,0.680006,0.250000,0.270464,35000.0000,0.343249,0.218566,30.324429,24.324609,0.017838,0.013235,1518
642,100.000000,114.850121,4.927191,0.050000,0.778176,0.250000,0.268240,35000.0000,0.366503,0.242966,33.203186,27.606404,0.017067,0.013211,1518
643,100.000000,114.850121,5.694633,0.050000,0.890517,0.250000,0.266370,500.0001,0.389664,0.267698,36.197872,31.067526,0.016259,0.013091,230
644,100.000000,114.850121,6.549522,0.050000,1.019077,0.250000,0.264662,182.3974,0.412726,0.293236,39.305395,34.733906,0.015428,0.012875,1035
645,100.000000,114.850121,7.499573,0.050000,1.166196,0.250000,0.263126,163.7036,0.435699,0.319316,42.521179,38.583297,0.014585,0.012580,1035
646,100.000000,114.850121,8.553181,0.050000,1.334554,0.250000,0.261704,146.6203,0.458599,0.346172,45.838579,42.616225,0.013739,0.012204,1035
647,100.000000,114.850121,9.719451,0.050000,1.527217,0.250000,0.750000,500.0001,0.481449,0.688602,49.248225,43.682943,0.012899,0.002860,230
648,100.000000,114.850121,11.008213,0.050000,1.747694,0.250000,3.750000,500.0001,0.504276,0.884551,52.737290,-37.521650,0.012070,-0.000000,230
649,100.000000,114.850121,12.430010,0.050000,2.000000,0.250000,3.750000,500.0001,0.527108,0.803261,56.288662,-62.563411,0.011258,-0.000000,230
650,100.000000,113.507378,0.000000,0.050000,0.002700,0.250000,0.200000,500.0001,0.000000,0.000000,0.000000,69.394110,0.000000,0.850974,230
651,100.000000,113.507378,0.000000,0.050000,0.003090,0.250000,0.200000,500.0001,0.000000,0.000000,0.000000,56.804238,0.000000,1.191575,231
652,100.000000,113.507378,0.000000,0.050000,0.003536,0.250000,0.200000,500.0001,0.000000,0.000000,0.000000,41.057827,0.000000,-1.994923,231
653,100.000000,113.507378,0.000000,0.050000,0.004046,0.250000,0.200000,229.1840,0.000000,0.000000,0.000000,0.000000,0.000000,0.000000,1196
654,100.000000,113.507378,0.000000,0.050000,0.004630,0.250000,0.200000,204.6376,0.000000,0.000000,0.000000,0.000000,0.000000,0.000000,1196
655,100.000000,113.507378,0.000000,0.050000,0.005299,0.250000,0.200000,500.0001,0.000000,0.000000,0.000000,0.000000,0.000000,0.000000,230
656,100.000000,113.507378,0.000000,0.050000,0.006064,0.250000,0.200000,500.0001,0.000000,0.000000,0.000000,0.000000,0.000000,0.000000,230
657,100.000000,113.507378,0.000000,0.050000,0.006939,0.250000,0.200000,5500.0001,0.000000,0.000000,0.000000,0.000000,0.000000,0.000000,1518
658,100.000000,113.507378,0.000000,0.050000,0.007941,0.250000,0.200000,5492.5698,0.000000,0.000000,0.000000,0.000000,0.000000,0.000000,1518
659,100.000000,113.507378,0.000000,0.050000,0.009088,0.250000,0.200000,2111.8563,0.000000,0.000000,0.000003,0.000000,0.000000,0.000000,1518
660,100.000000,113.507378,0.000000,0.050000,0.010399,0.250000,0.200000,1739.9114,0.000000,0.000000,0.000021,0.000000,0.000001,0.000000,1518
661,100.000000,113.507378,0.000001,0.050000,0.011901,0.250000,0.050000,500.0001,0.000002,0.000000,0.000106,-50.144293,0.000004,-1.405041,230
662,100.000000,113.507378,0.000005,0.050000,0.013619,0.250000,0.050000,1999.9993,0.000008,0.000000,0.000441,-37.533103,0.000013,0.082811,230
663,100.000000,113.507378,0.000020,0.050000,0.015585,0.250000,0.300000,253.5540,0.000029,0.000000,0.001548,0.000000,0.000040,0.000000,1357
664,100.000000,113.507378,0.000069,0.050000,0.017835,0.250000,0.050001,97.1854,0.000088,0.000000,0.004683,97.517037,0.000105,-1.064538,713
665,100.000000,113.507378,0.000206,0.050000,0.020410,0.250000,0.049996,500.0001,0.000232,0.000000,0.012424,-46.012459,0.000244,1.662917,231
666,100.000000,113.507378,0.000547,0.050000,0.023356,0.250000,0.300000,500.0001,0.000545,0.000000,0.029391,0.000000,0.000503,0.000000,231
667,100.000000,113.507378,0.001309,0.050000,0.026728,0.250000,0.300000,2000.0094,0.001157,0.000000,0.062902,0.000000,0.000941,0.000000,230
668,100.000000,113.507378,0.002864,0.050000,0.030586,0.250000,0.300000,1999.8157,0.002249,0.000000,0.123337,0.000000,0.001613,0.000000,230
669,100.000000,113.507378,0.005792,0.050000,0.035002,0.250000,0.049955,500.0001,0.004048,0.000000,0.224028,-127.596778,0.002560,-0.663046,230
670,100.000000,113.507378,0.010931,0.050000,0.040055,0.250000,0.800000,500.0001,0.006809,0.048928,0.380609,2.189296,0.003801,0.009938,230
671,100.000000,113.507378,0.019413,0.050000,0.045837,0.250000,0.300606,3569.4712,0.010794,0.000000,0.609930,0.000000,0.005323,0.000000,1520
672,100.000000,113.507378,0.032681,0.050000,0.052455,0.250000,0.271379,633.5455,0.016245,0.000000,0.928760,0.000000,0.007082,0.000000,1520
673,100.000000,113.507378,0.052482,0.050000,0.060027,0.250000,0.635136,500.0001,0.023358,0.079789,1.352514,4.913396,0.009013,0.021253,1520
674,100.000000,113.507378,0.080847,0.050000,0.068693,0.250000,0.333175,500.0001,0.032269,0.100563,1.894234,4.626153,0.011030,0.011548,1520
675,100.000000,113.507378,0.120051,0.050000,0.078610,0.250000,0.300000,500.0001,0.043042,0.000000,2.563958,0.000000,0.013046,0.000000,234
676,100.000000,113.507378,0.172575,0.050000,0.089959,0.250000,0.300000,1995.4389,0.055669,0.121346,3.368483,6.050886,0.014978,0.012230,234
677,100.000000,113.507378,0.241057,0.050000,0.102946,0.250000,0.300000,500.0001,0.070074,0.140523,4.311509,7.161343,0.016753,0.012648,1519
678,100.000000,113.507378,0.328258,0.050000,0.117808,0.250000,0.300000,500.0001,0.086130,0.160567,5.394048,8.371331,0.018315,0.012920,1519
679,100.000000,113.507378,0.437030,0.050000,0.134815,0.250000,0.300000,182.5607,0.103668,0.181249,6.614991,9.676669,0.019627,0.013050,1519
680,100.000000,113.507378,0.570306,0.050000,0.154277,0.250000,0.266807,172.3349,0.122495,0.184017,7.971743,10.449988,0.020669,0.013107,1519
681,100.000000,113.507378,0.731089,0.050000,0.176550,0.250000,0.265007,129.3707,0.142405,0.204229,9.460828,11.911519,0.021435,0.013105,1519
682,100.000000,113.507378,0.922460,0.050000,0.202037,0.250000,0.258890,686.5174,0.163196,0.177691,11.078428,11.699362,0.021933,0.013245,1519
683,100.000000,113.507378,1.147597,0.050000,0.231204,0.250000,0.327690,605.3978,0.184672,0.079500,12.820808,7.148735,0.022181,0.011077,1519
684,100.000000,113.507378,1.409804,0.050000,0.264582,0.250000,0.302594,417.9370,0.206655,0.097118,14.684627,8.853116,0.022200,0.011957,1519
685,100.000000,113.507378,1.712538,0.050000,0.302779,0.250000,0.287947,336.0075,0.228989,0.117661,16.667136,10.863247,0.022019,0.012755,1519
686,100.000000,113.507378,2.059453,0.050000,0.346489,0.250000,0.281251,289.4861,0.251539,0.136755,18.766269,12.897713,0.021664,0.013323,1519
687,100.000000,113.507378,2.454446,0.050000,0.396510,0.250000,0.277136,5000.0000,0.274195,0.156126,20.980639,15.078328,0.021165,0.013748,1518
688,100.000000,113.507378,2.901697,0.050000,0.453753,0.250000,0.273864,35000.0000,0.296870,0.176923,23.309460,17.485185,0.020548,0.014051,1518
689,100.000000,113.507378,3.405730,0.050000,0.519259,0.250000,0.271521,35000.0000,0.319499,0.197801,25.752400,20.039886,0.019838,0.014233,1518
690,100.000000,113.507378,3.971455,0.050000,0.594222,0.250000,0.269214,122.7486,0.342038,0.220479,28.309372,22.852691,0.019056,0.014294,874
691,100.000000,113.507378,4.604228,0.050000,0.680006,0.250000,0.267122,109.3233,0.364458,0.244237,30.980270,25.879186,0.018224,0.014234,874
692,100.000000,113.507378,5.309900,0.050000,0.778176,0.250000,0.265347,137.7809,0.386749,0.268297,33.764665,29.074585,0.017356,0.014074,877
693,100.000000,113.507378,6.094871,0.050000,0.890517,0.250000,0.263778,171.2215,0.408911,0.292764,36.661429,32.444914,0.016467,0.013827,1035
694,100.000000,113.507378,6.966140,0.050000,1.019077,0.250000,0.262275,153.4736,0.430957,0.318258,39.668315,36.017283,0.015570,0.013481,1035
695,100.000000,113.507378,7.931349,0.050000,1.166196,0.250000,0.260932,215.2091,0.452906,0.344126,42.781473,39.749531,0.014674,0.013065,1196
696,100.000000,113.507378,8.998819,0.050000,1.334554,0.250000,0.259719,192.1397,0.474786,0.370450,45.994893,43.634544,0.013786,0.012583,1196
697,100.000000,113.507378,10.177582,0.050000,1.527217,0.250000,0.750000,500.0001,0.496628,0.694578,49.299775,43.313391,0.012912,0.002836,230
698,100.000000,113.507378,11.477387,0.050000,1.747694,0.250000,3.750000,500.0001,0.518465,0.882897,52.683818,-38.118348,0.012058,-0.000000,230
699,100.000000,113.507378,12.908691,0.050000,2.000000,0.250000,3.250000,500.0001,0.540330,1.000000,56.130426,0.000000,0.011226,0.000000,230
700,100.000000,112.183083,0.000000,0.050000,0.002700,0.250000,0.200000,500.0001,0.000000,0.000000,0.000000,101.478501,0.000000,-1.207374,230
701,100.000000,112.183083,0.000000,0.050000,0.003090,0.250000,0.200000,500.0001,0.000000,0.000000,0.000000,-15.153739,0.000000,-1.028322,230
702,100.000000,112.183083,0.000000,0.050000,0.003536,0.250000,0.200000,500.0001,0.000000,0.000000,0.000000,0.000000,0.000000,0.000000,230
703,100.000000,112.183083,0.000000,0.050000,0.004046,0.250000,0.200000,500.0001,0.000000,0.000000,0.000000,0.000000,0.000000,0.000000,230
704,100.000000,112.183083,0.000000,0.050000,0.004630,0.250000,0.200000,500.0001,0.000000,0.000000,0.000000,0.000000,0.000000,0.000000,230
705,100.000000,112.183083,0.000000,0.050000,0.005299,0.250000,0.200000,238.6397,0.000000,0.000000,0.000000,0.000000,0.000000,0.000000,1357
706,100.000000,112.183083,0.000000,0.050000,0.006064,0.250000,0.200000,1999.9999,0.000000,0.000000,0.000000,0.000000,0.000000,0.000000,230
707,100.000000,112.183083,0.000000,0.050000,0.006939,0.250000,0.200000,5500.0001,0.000000,0.000000,0.000001,0.000000,0.000000,0.000000,1518
708,100.000000,112.183083,0.000000,0.050000,0.007941,0.250000,0.200000,506.0649,0.000000,0.000000,0.000007,0.000000,0.000000,0.000000,1518
709,100.000000,112.183083,0.000000,0.050000,0.009088,0.250000,0.200000,213.7882,0.000001,0.000000,0.000039,0.000000,0.000002,0.000000,1518
710,100.000000,112.183083,0.000002,0.050000,0.010399,0.250000,0.050000,500.0001,0.000004,0.000000,0.000181,23.557006,0.000007,1.766338,230
711,100.000000,112.183083,0.000009,0.050000,0.011901,0.250000,0.300000,500.0001,0.000015,0.000000,0.000700,0.000000,0.000024,0.000000,230
712,100.000000,112.183083,0.000032,0.050000,0.013619,0.250000,0.300000,2000.0046,0.000048,0.000000,0.002296,0.000000,0.000067,0.000000,230
713,100.000000,112.183083,0.000102,0.050000,0.015585,0.250000,0.049999,2000.2496,0.000135,0.000000,0.006539,-102.886372,0.000168,0.501093,230
714,100.000000,112.183083,0.000287,0.050000,0.017835,0.250000,0.050018,500.0001,0.000337,0.000000,0.016459,15.533397,0.000369,-0.842939,230
715,100.000000,112.183083,0.000726,0.050000,0.020410,0.250000,0.300000,500.0001,0.000756,0.000000,0.037191,0.000000,0.000729,0.000000,230
716,100.000000,112.183083,0.001668,0.050000,0.023356,0.250000,0.300000,500.0001,0.001542,0.000000,0.076466,0.000000,0.001310,0.000000,230
717,100.000000,112.183083,0.003519,0.050000,0.026728,0.250000,0.300000,2001.2969,0.002893,0.000000,0.144775,0.000000,0.002167,0.000000,230
718,100.000000,112.183083,0.006895,0.050000,0.030586,0.250000,0.050456,3851.3649,0.005048,0.000000,0.255045,15.116670,0.003335,1.728176,1520
719,100.000000,112.183083,0.012653,0.050000,0.035002,0.250000,0.549596,831.7471,0.008262,0.118121,0.421877,3.703700,0.004821,0.013233,1520
720,100.000000,112.183083,0.021924,0.050000,0.040055,0.250000,0.713808,500.0001,0.012787,0.054562,0.660464,2.574709,0.006596,0.013859,1520
721,100.000000,112.183083,0.036111,0.050000,0.045837,0.250000,0.435593,500.0001,0.018842,0.113914,0.985412,4.131263,0.008599,0.013146,1520
722,100.000000,112.183083,0.056884,0.050000,0.052455,0.250000,0.605510,500.0001,0.026595,0.109413,1.409688,6.539687,0.010750,0.035069,1519
723,100.000000,112.183083,0.086147,0.050000,0.060027,0.250000,0.316233,500.0001,0.036147,0.000000,1.943854,0.000000,0.012953,0.000000,1519
724,100.000000,112.183083,0.126003,0.050000,0.068693,0.250000,0.300000,500.0001,0.047526,0.110768,2.595661,4.957935,0.015114,0.013123,1519
725,100.000000,112.183083,0.178716,0.050000,0.078610,0.250000,0.300000,168.0744,0.060691,0.129051,3.369999,5.903724,0.017148,0.013655,1519
726,100.000000,112.183083,0.246671,0.050000,0.089959,0.250000,0.300000,150.0672,0.075544,0.148295,4.269142,6.941189,0.018983,0.014029,1519
727,100.000000,112.183083,0.332343,0.050000,0.102946,0.250000,0.550000,88.9039,0.091935,0.049334,5.293194,3.583317,0.020567,0.011603,1519
728,100.000000,112.183083,0.438277,0.050000,0.117808,0.250000,0.520586,776.9012,0.109684,0.051689,6.440635,4.115719,0.021868,0.012911,1519
729,100.000000,112.183083,0.567078,0.050000,0.134815,0.250000,0.515261,525.9424,0.128591,0.048901,7.708888,4.002484,0.022873,0.011192,1519
730,100.000000,112.183083,0.721407,0.050000,0.154277,0.250000,0.501038,379.4670,0.148453,0.051376,9.094848,4.299829,0.023581,0.010640,1519
731,100.000000,112.183083,0.903995,0.050000,0.176550,0.250000,0.287998,312.5131,0.169068,0.096788,10.595323,7.214006,0.024005,0.012963,1519
732,100.000000,112.183083,1.117657,0.050000,0.202037,0.250000,0.317627,271.3555,0.190251,0.083899,12.207381,6.952506,0.024169,0.012441,1519
733,100.000000,112.183083,1.365323,0.050000,0.231204,0.250000,0.294099,5000.0000,0.211833,0.104323,13.928593,8.714373,0.024097,0.013457,1518
734,100.000000,112.183083,1.650065,0.050000,0.264582,0.250000,0.283859,35000.0000,0.233668,0.123617,15.757178,10.512368,0.023822,0.014195,1518
735,100.000000,112.183083,1.975138,0.050000,0.302779,0.250000,0.278612,30000.0000,0.255632,0.142158,17.692060,12.377984,0.023373,0.014733,1518
736,100.000000,112.183083,2.344018,0.050000,0.346489,0.250000,0.275054,2000.8457,0.277627,0.161351,19.732855,14.402239,0.022780,0.015130,231
737,100.000000,112.183083,2.760444,0.050000,0.396510,0.250000,0.272138,89.2955,0.299574,0.181848,21.879793,16.629519,0.022072,0.015397,713
738,100.000000,112.183083,3.228468,0.050000,0.453753,0.250000,0.269913,79.3660,0.321418,0.202635,24.133582,19.006957,0.021275,0.015535,713
739,100.000000,112.183083,3.752498,0.050000,0.519259,0.250000,0.267663,127.0485,0.343123,0.225298,26.495238,21.627372,0.020410,0.015537,874
740,100.000000,112.183083,4.337353,0.050000,0.594222,0.250000,0.265843,113.0664,0.364667,0.248010,28.965863,24.391566,0.019498,0.015429,874
741,100.000000,112.183083,4.988304,0.050000,0.680006,0.250000,0.264180,100.5757,0.386045,0.271432,31.546384,27.337387,0.018557,0.015212,874
742,100.000000,112.183083,5.711133,0.050000,0.778176,0.250000,0.262705,176.6276,0.407264,0.295190,34.237249,30.445393,0.017599,0.014906,1035
743,100.000000,112.183083,6.512176,0.050000,0.890517,0.250000,0.261307,158.4280,0.428340,0.319776,37.038077,33.736238,0.016637,0.014503,1035
744,100.000000,112.183083,7.398372,0.050000,1.019077,0.250000,0.260058,141.7994,0.449297,0.344654,39.947255,37.179103,0.015680,0.014031,1035
745,100.000000,112.183083,8.377302,0.050000,1.166196,0.250000,0.258930,500.0001,0.470166,0.369893,42.961472,40.769542,0.014736,0.013496,230
746,100.000000,112.183083,9.457228,0.050000,1.334554,0.250000,0.257937,500.0001,0.490981,0.395198,46.075191,44.486980,0.013810,0.012922,230
747,100.000000,112.183083,10.647115,0.050000,1.527217,0.250000,0.750000,500.0001,0.511780,0.700421,49.280039,42.939877,0.012907,0.002812,230
748,100.000000,112.183083,11.956640,0.050000,1.747694,0.250000,3.750000,500.0001,0.532601,0.881239,52.564124,-38.717400,0.012031,-0.000000,230
749,100.000000,112.183083,13.396181,0.050000,2.000000,0.250000,3.250000,199.1320,0.553480,1.000000,55.911261,0.000000,0.011182,0.000000,1196
750,100.000000,110.901630,0.000000,0.050000,0.002700,0.250000,0.200000,90.9722,0.000000,0.000000,0.000000,0.000000,0.000000,0.000000,713
751,100.000000,110.901630,0.000000,0.050000,0.003090,0.250000,0.200000,80.8775,0.000000,0.000000,0.000000,0.000000,0.000000,0.000000,713
752,100.000000,110.901630,0.000000,0.050000,0.003536,0.250000,0.200000,63.7102,0.000000,0.000000,0.000000,0.000000,0.000000,0.000000,552
753,100.000000,110.901630,0.000000,0.050000,0.004046,0.250000,0.200000,500.0001,0.000000,0.000000,0.000000,0.000000,0.000000,0.000000,230
754,100.000000,110.901630,0.000000,0.050000,0.004630,0.250000,0.200000,500.0001,0.000000,0.000000,0.000000,0.000000,0.000000,0.000000,230
755,100.000000,110.901630,0.000000,0.050000,0.005299,0.250000,0.200000,500.0001,0.000000,0.000000,0.000000,0.000000,0.000000,0.000000,230
756,100.000000,110.901630,0.000000,0.050000,0.006064,0.250000,0.200000,1999.9999,0.000000,0.000000,0.000003,0.000000,0.000000,0.000000,230
757,100.000000,110.901630,0.000000,0.050000,0.006939,0.250000,0.200000,2995.9559,0.000000,0.000000,0.000017,0.000000,0.000001,0.000000,1519
758,100.000000,110.901630,0.000001,0.050000,0.007941,0.250000,0.050000,4638.0752,0.000002,0.000000,0.000084,-100.815861,0.000004,-0.439088,1519
759,100.000000,110.901630,0.000004,0.050000,0.009088,0.250000,0.300000,1855.9331,0.000008,0.000000,0.000351,0.000000,0.000015,0.000000,1519
760,100.000000,110.901630,0.000016,0.050000,0.010399,0.250000,0.300000,3555.1000,0.000028,0.000000,0.001232,0.000000,0.000047,0.000000,1519
761,100.000000,110.901630,0.000055,0.050000,0.011901,0.250000,0.050000,500.0001,0.000085,0.000000,0.003725,-104.808905,0.000125,1.408330,230
762,100.000000,110.901630,0.000164,0.050000,0.013619,0.250000,0.049975,1999.9963,0.000225,0.000000,0.009877,-6.564740,0.000290,-1.774640,230
763,100.000000,110.901630,0.000434,0.050000,0.015585,0.250000,0.300000,2000.0196,0.000529,0.000000,0.023359,0.000000,0.000600,0.000000,230
764,100.000000,110.901630,0.001037,0.050000,0.017835,0.250000,0.300000,500.0001,0.001122,0.000000,0.049980,0.000000,0.001121,0.000000,230
765,100.000000,110.901630,0.002268,0.050000,0.020410,0.250000,0.300000,221.3758,0.002181,0.000000,0.097982,0.000000,0.001920,0.000000,1357
766,100.000000,110.901630,0.004584,0.050000,0.023356,0.250000,0.049870,662.3280,0.003923,0.000000,0.177947,-35.335054,0.003048,0.817441,1518
767,100.000000,110.901630,0.008646,0.050000,0.026728,0.250000,0.049915,500.0001,0.006596,0.000000,0.302288,-102.202000,0.004524,-1.335471,1518
768,100.000000,110.901630,0.015347,0.050000,0.030586,0.250000,0.545458,500.0001,0.010451,0.000000,0.484386,0.000000,0.006335,0.000000,1518
769,100.000000,110.901630,0.025820,0.050000,0.035002,0.250000,0.481768,500.0001,0.015719,0.122683,0.737564,3.803374,0.008429,0.014849,1518
770,100.000000,110.901630,0.041437,0.050000,0.040055,0.250000,0.380127,115.4935,0.022588,0.102316,1.074084,3.576842,0.010726,0.014171,874
771,100.000000,110.901630,0.063791,0.050000,0.045837,0.250000,0.328303,102.6678,0.031187,0.098289,1.504341,3.716992,0.013128,0.014022,874
772,100.000000,110.901630,0.094662,0.050000,0.052455,0.250000,0.300000,129.8755,0.041572,0.000000,2.036363,0.000000,0.015529,0.000000,877
773,100.000000,110.901630,0.135982,0.050000,0.060027,0.250000,0.300000,71.7682,0.053732,0.120397,2.675636,4.915649,0.017829,0.014889,713
774,100.000000,110.901630,0.189804,0.050000,0.068693,0.250000,0.300000,500.0001,0.067588,0.138936,3.425214,5.804980,0.019945,0.015365,230
775,100.000000,110.901630,0.258265,0.050000,0.078610,0.250000,0.300000,500.0001,0.083012,0.158240,4.286051,6.773289,0.021809,0.015666,230
776,100.000000,110.901630,0.343566,0.050000,0.089959,0.250000,0.300000,2000.5679,0.099837,0.178085,5.257461,7.817650,0.023377,0.015800,230
777,100.000000,110.901630,0.447959,0.050000,0.102946,0.250000,0.265496,1999.4515,0.117869,0.179838,6.337621,8.414617,0.024625,0.015857,230
778,100.000000,110.901630,0.573736,0.050000,0.117808,0.250000,0.263673,379.9844,0.136906,0.199034,7.524067,9.581182,0.025547,0.015842,1518
779,100.000000,110.901630,0.723241,0.050000,0.134815,0.250000,0.257417,676.2731,0.156747,0.161254,8.814123,8.980177,0.026152,0.015941,1518
780,100.000000,110.901630,0.898876,0.050000,0.154277,0.250000,0.328001,440.9927,0.177198,0.076624,10.205259,5.683360,0.026460,0.013304,1518
781,100.000000,110.901630,1.103124,0.050000,0.176550,0.250000,0.302087,338.5884,0.198084,0.093370,11.695351,7.027997,0.026498,0.014330,1518
782,100.000000,110.901630,1.338572,0.050000,0.202037,0.250000,0.286833,286.1184,0.219249,0.113122,13.282855,8.630693,0.026298,0.015277,1518
783,100.000000,110.901630,1.607943,0.050000,0.231204,0.250000,0.279994,250.5416,0.240559,0.131296,14.966906,10.245851,0.025894,0.015943,1518
784,100.000000,110.901630,1.914127,0.050000,0.264582,0.250000,0.275887,5000.0000,0.261906,0.149566,16.747341,11.971919,0.025319,0.016437,1518
785,100.000000,110.901630,2.260224,0.050000,0.302779,0.250000,0.272647,35000.0000,0.283202,0.169141,18.624671,13.879960,0.024605,0.016788,1518
786,100.000000,110.901630,2.649573,0.050000,0.346489,0.250000,0.270377,30000.0000,0.304382,0.188656,20.600008,15.903955,0.023781,0.016995,1518
787,100.000000,110.901630,3.085803,0.050000,0.396510,0.250000,0.268178,3000.0001,0.325401,0.209701,22.674941,18.132319,0.022874,0.017064,1679
788,100.000000,110.901630,3.572871,0.050000,0.453753,0.250000,0.266149,2705.8613,0.346231,0.231820,24.851393,20.543882,0.021907,0.016992,1679
789,100.000000,110.901630,4.115108,0.050000,0.519259,0.250000,0.264458,2652.6123,0.366859,0.254048,27.131433,23.093234,0.020900,0.016807,1679
790,100.000000,110.901630,4.717265,0.050000,0.594222,0.250000,0.262988,2510.3825,0.387287,0.276468,29.517062,25.788208,0.019869,0.016525,1679
791,100.000000,110.901630,5.384560,0.050000,0.680006,0.250000,0.261549,161.4863,0.407526,0.299886,32.009965,28.666109,0.018829,0.016128,1038
792,100.000000,110.901630,6.122722,0.050000,0.778176,0.250000,0.260267,144.5842,0.427597,0.323553,34.611223,31.690888,0.017791,0.015651,1038
793,100.000000,110.901630,6.938043,0.050000,0.890517,0.250000,0.259097,203.7716,0.447530,0.347638,37.320981,34.866380,0.016764,0.015098,1196
794,100.000000,110.901630,7.837413,0.050000,1.019077,0.250000,0.258088,181.7793,0.467357,0.371567,40.138063,38.167036,0.015755,0.014507,1197
795,100.000000,110.901630,8.828369,0.050000,1.166196,0.250000,0.257177,500.0001,0.487117,0.395735,43.059531,41.601683,0.014769,0.013869,230
796,100.000000,110.901630,9.919121,0.050000,1.334554,0.250000,0.256371,500.0001,0.506850,0.419930,46.080174,45.155231,0.013811,0.013208,231
797,100.000000,110.901630,11.118575,0.050000,1.527217,0.250000,0.750000,500.0001,0.526597,0.706027,49.191926,42.570135,0.012884,0.002787,231
798,100.000000,110.901630,12.436345,0.050000,1.747694,0.250000,3.750000,500.0001,0.546400,0.879608,52.383197,-39.307176,0.011989,-0.000000,231
799,100.000000,110.901630,13.882731,0.050000,2.000000,0.250000,3.250000,500.0001,0.566296,1.000000,55.638126,0.000000,0.011128,0.000000,231
800,100.000000,109.637101,0.000000,0.050000,0.002700,0.250000,0.200000,1999.9999,0.000000,0.000000,0.000000,0.000000,0.000000,0.000000,231
801,100.000000,109.637101,0.000000,0.050000,0.003090,0.250000,0.200000,500.0001,0.000000,0.000000,0.000000,0.000000,0.000000,0.000000,231
802,100.000000,109.637101,0.000000,0.050000,0.003536,0.250000,0.200000,226.4690,0.000000,0.000000,0.000000,0.000000,0.000000,0.000000,1357
803,100.000000,109.637101,0.000000,0.050000,0.004046,0.250000,0.200000,2954.5778,0.000000,0.000000,0.000000,0.000000,0.000000,0.000000,1518
804,100.000000,109.637101,0.000000,0.050000,0.004630,0.250000,0.200000,2317.6813,0.000000,0.000000,0.000001,0.000000,0.000000,0.000000,1518
805,100.000000,109.637101,0.000000,0.050000,0.005299,0.250000,0.200000,1301.2737,0.000000,0.000000,0.000009,0.000000,0.000001,0.000000,1518
806,100.000000,109.637101,0.000000,0.050000,0.006064,0.250000,0.200000,783.0328,0.000001,0.000000,0.000049,0.000000,0.000003,0.000000,1518
807,100.000000,109.637101,0.000002,0.050000,0.006939,0.250000,0.050000,500.0001,0.000006,0.000000,0.000216,-95.424778,0.000012,0.069029,1518
808,100.000000,109.637101,0.000010,0.050000,0.007941,0.250000,0.300000,500.0001,0.000021,0.000000,0.000793,0.000000,0.000040,0.000000,1518
809,100.000000,109.637101,0.000036,0.050000,0.009088,0.250000,0.050000,500.0001,0.000064,0.000000,0.002486,98.535678,0.000109,1.684933,1518
810,100.000000,109.637101,0.000109,0.050000,0.010399,0.250000,0.049998,500.0001,0.000175,0.000000,0.006808,-55.050694,0.000262,-0.116347,1518
811,100.000000,109.637101,0.000298,0.050000,0.011901,0.250000,0.300000,500.0001,0.000422,0.000000,0.016560,0.000000,0.000557,0.000000,1518
812,100.000000,109.637101,0.000731,0.050000,0.013619,0.250000,0.300000,2000.0023,0.000918,0.000000,0.036313,0.000000,0.001067,0.000000,232
813,100.000000,109.637101,0.001634,0.050000,0.015585,0.250000,0.300000,1999.9909,0.001822,0.000000,0.072733,0.000000,0.001867,0.000000,232
814,100.000000,109.637101,0.003367,0.050000,0.017835,0.250000,0.049943,500.0001,0.003340,0.000000,0.134594,-59.271068,0.003019,-1.939017,232
815,100.000000,109.637101,0.006459,0.050000,0.020410,0.250000,0.050055,500.0001,0.005709,0.000000,0.232425,117.680003,0.004555,0.617543,232
816,100.000000,109.637101,0.011634,0.050000,0.023356,0.250000,0.010000,154.9584,0.009176,0.000000,0.377821,-103.712170,0.006471,-0.000000,1522
817,100.000000,109.637101,0.019828,0.050000,0.026728,0.250000,0.047709,136.7319,0.013976,0.000000,0.582569,63.540209,0.008719,1.640745,1522
818,100.000000,109.637101,0.032186,0.050000,0.030586,0.250000,0.397324,74.1702,0.020306,0.104375,0.857742,3.170698,0.011217,0.016014,1520
819,100.000000,109.637101,0.050046,0.050000,0.035002,0.250000,0.586013,780.0132,0.028305,0.136939,1.212946,6.850166,0.013861,0.058244,1520
820,100.000000,109.637101,0.074918,0.050000,0.040055,0.250000,0.050000,520.8689,0.038048,0.194437,1.655804,10.787409,0.016535,0.089772,1520
821,100.000000,109.637101,0.108452,0.050000,0.045837,0.250000,0.300000,368.3329,0.049536,0.115332,2.191730,4.167569,0.019126,0.016531,1520
822,100.000000,109.637101,0.152402,0.050000,0.052455,0.250000,0.300000,299.9437,0.062707,0.133333,2.823974,4.932169,0.021535,0.017096,1520
823,100.000000,109.637101,0.208605,0.050000,0.060027,0.250000,0.300000,258.8671,0.077444,0.152110,3.553868,5.766660,0.023682,0.017467,1520
824,100.000000,109.637101,0.278949,0.050000,0.068693,0.250000,0.300000,56.2000,0.093588,0.171437,4.381207,6.668502,0.025512,0.017650,552
825,100.000000,109.637101,0.365366,0.050000,0.078610,0.250000,0.265495,49.6942,0.110951,0.173024,5.304691,7.175689,0.026992,0.017709,552
826,100.000000,109.637101,0.469818,0.050000,0.089959,0.250000,0.269043,500.0001,0.129334,0.194776,6.322371,8.263619,0.028112,0.017698,230
827,100.000000,109.637101,0.594300,0.050000,0.102946,0.250000,0.259493,2000.4398,0.148534,0.194042,7.432040,8.819707,0.028878,0.017777,230
828,100.000000,109.637101,0.740853,0.050000,0.117808,0.250000,0.321988,2000.9470,0.168357,0.076615,8.631576,4.966005,0.029307,0.014894,230
829,100.000000,109.637101,0.911571,0.050000,0.134815,0.250000,0.308575,2000.8022,0.188621,0.086421,9.919193,5.804062,0.029431,0.015617,230
830,100.000000,109.637101,1.108627,0.050000,0.154277,0.250000,0.289120,5000.0000,0.209168,0.106137,11.293621,7.207047,0.029281,0.016758,1518
831,100.000000,109.637101,1.334294,0.050000,0.176550,0.250000,0.280799,35000.0000,0.229858,0.124129,12.754216,8.612028,0.028897,0.017556,1518
832,100.000000,109.637101,1.590976,0.050000,0.202037,0.250000,0.276221,30000.0000,0.250575,0.141742,14.301010,10.091202,0.028314,0.018139,1518
833,100.000000,109.637101,1.881235,0.050000,0.231204,0.250000,0.272722,80.7077,0.271227,0.160616,15.934709,11.729831,0.027568,0.018564,713
834,100.000000,109.637101,2.207827,0.050000,0.264582,0.250000,0.270517,71.6078,0.291742,0.178916,17.656649,13.446431,0.026694,0.018825,713
835,100.000000,109.637101,2.573734,0.050000,0.302779,0.250000,0.268225,63.4325,0.312070,0.199141,19.468724,15.365078,0.025720,0.018937,713
836,100.000000,109.637101,2.982205,0.050000,0.346489,0.250000,0.266139,115.5710,0.332177,0.220382,21.373280,17.446086,0.024674,0.018892,875
837,100.000000,109.637101,3.436792,0.050000,0.396510,0.250000,0.264450,102.6618,0.352047,0.241568,23.372989,19.644435,0.023579,0.018721,874
838,100.000000,109.637101,3.941388,0.050000,0.453753,0.250000,0.262911,91.1498,0.371676,0.263282,25.470698,21.990260,0.022453,0.018427,874
839,100.000000,109.637101,4.500274,0.050000,0.519259,0.250000,0.261557,161.3873,0.391072,0.285149,27.669255,24.469870,0.021314,0.018034,1035
840,100.000000,109.637101,5.118158,0.050000,0.594222,0.250000,0.260266,144.5031,0.410254,0.307696,29.971306,27.106217,0.020175,0.017534,1035
841,100.000000,109.637101,5.800220,0.050000,0.680006,0.250000,0.259115,129.1102,0.429249,0.330394,32.379061,29.877442,0.019046,0.016959,1035
842,100.000000,109.637101,6.552155,0.050000,0.778176,0.250000,0.258071,205.1741,0.448087,0.353353,34.894027,32.786630,0.017936,0.016316,1196
843,100.000000,109.637101,7.380220,0.050000,0.890517,0.250000,0.257161,182.2507,0.466808,0.376190,37.516696,35.818764,0.016852,0.015637,1196
844,100.000000,109.637101,8.291272,0.050000,1.019077,0.250000,0.256343,500.0001,0.485451,0.399164,40.246174,38.979181,0.015797,0.014920,231
845,100.000000,109.637101,9.292807,0.050000,1.166196,0.250000,0.255620,500.0001,0.504060,0.422126,43.079766,42.258276,0.014776,0.014184,230
846,100.000000,109.637101,10.392988,0.050000,1.334554,0.250000,0.254969,500.0001,0.522679,0.445342,46.012479,45.653542,0.013791,0.013419,230
847,100.000000,109.637101,11.600670,0.050000,1.527217,0.250000,0.750000,500.0001,0.541351,0.711511,49.036461,42.197549,0.012843,0.002763,230
848,100.000000,109.637101,12.925404,0.050000,1.747694,0.250000,3.750000,500.0001,0.560118,0.877973,52.140349,-39.899041,0.011934,-0.000000,230
849,100.000000,109.637101,14.377417,0.050000,2.000000,0.250000,3.250000,227.2159,0.579020,1.000000,55.308546,0.000000,0.011062,0.000000,1360
850,100.000000,108.412836,0.000000,0.050000,0.002700,0.250000,0.200000,54.8601,0.000000,0.000000,0.000000,0.000000,0.000000,0.000000,552
851,100.000000,108.412836,0.000000,0.050000,0.003090,0.250000,0.200000,48.3972,0.000000,0.000000,0.000000,0.000000,0.000000,0.000000,552
852,100.000000,108.412836,0.000000,0.050000,0.003536,0.250000,0.200000,42.7353,0.000000,0.000000,0.000001,0.000000,0.000000,0.000000,552
853,100.000000,108.412836,0.000000,0.050000,0.004046,0.250000,0.200000,37.7733,0.000000,0.000000,0.000007,0.000000,0.000001,0.000000,552
854,100.000000,108.412836,0.000000,0.050000,0.004630,0.250000,0.200000,2400.0001,0.000001,0.000000,0.000038,0.000000,0.000003,0.000000,1518
855,100.000000,108.412836,0.000002,0.050000,0.005299,0.250000,0.050000,2022.9149,0.000005,0.000000,0.000170,104.416969,0.000013,-0.000000,1518
856,100.000000,108.412836,0.000008,0.050000,0.006064,0.250000,0.300000,1473.2355,0.000019,0.000000,0.000630,0.000000,0.000042,0.000000,1518
857,100.000000,108.412836,0.000028,0.050000,0.006939,0.250000,0.050000,78.8051,0.000059,0.000000,0.001996,-117.300877,0.000115,-0.022901,713
858,100.000000,108.412836,0.000088,0.050000,0.007941,0.250000,0.050001,69.9157,0.000161,0.000000,0.005515,97.798023,0.000278,0.631428,713
859,100.000000,108.412836,0.000241,0.050000,0.009088,0.250000,0.300000,61.9030,0.000392,0.000000,0.013519,0.000000,0.000595,0.000000,713
860,100.000000,108.412836,0.000595,0.050000,0.010399,0.250000,0.300000,500.0001,0.000859,0.000000,0.029847,0.000000,0.001148,0.000000,1518
861,100.000000,108.412836,0.001339,0.050000,0.011901,0.250000,0.300000,500.0001,0.001715,0.000000,0.060138,0.000000,0.002021,0.000000,1518
862,100.000000,108.412836,0.002773,0.050000,0.013619,0.250000,0.049956,500.0001,0.003159,0.000000,0.111866,-62.988603,0.003286,0.344561,1518
863,100.000000,108.412836,0.005343,0.050000,0.015585,0.250000,0.049905,500.0001,0.005423,0.000000,0.194056,-56.390931,0.004981,-1.532199,1518
864,100.000000,108.412836,0.009662,0.050000,0.017835,0.250000,0.049920,154.9453,0.008751,0.000000,0.316707,-120.370442,0.007103,0.624523,1518
865,100.000000,108.412836,0.016523,0.050000,0.020410,0.250000,0.686162,190.4345,0.013372,0.063028,0.490040,2.186355,0.009604,0.024560,1518
866,100.000000,108.412836,0.026899,0.050000,0.023356,0.250000,0.397851,94.9335,0.019484,0.103254,0.723716,2.749313,0.012395,0.018170,1518
867,100.000000,108.412836,0.041933,0.050000,0.026728,0.250000,0.336570,719.8834,0.027227,0.096048,1.026168,2.791305,0.015357,0.017804,1518
868,100.000000,108.412836,0.062911,0.050000,0.030586,0.250000,0.306009,585.7462,0.036675,0.000000,1.404142,0.000000,0.018363,0.000000,1518
869,100.000000,108.412836,0.091243,0.050000,0.035002,0.250000,0.300000,391.1996,0.047835,0.113698,1.862483,3.605280,0.021284,0.018728,1518
870,100.000000,108.412836,0.128428,0.050000,0.040055,0.250000,0.300000,307.9861,0.060646,0.131343,2.404162,4.265657,0.024009,0.019363,1518
871,100.000000,108.412836,0.176030,0.050000,0.045837,0.250000,0.300000,262.2139,0.074994,0.149735,3.030477,4.986754,0.026445,0.019781,1518
872,100.000000,108.412836,0.235662,0.050000,0.052455,0.250000,0.300000,127.5003,0.090722,0.168648,3.741383,5.766398,0.028530,0.019987,874
873,100.000000,108.412836,0.308963,0.050000,0.060027,0.250000,0.265133,113.2035,0.107646,0.169912,4.535871,6.198181,0.030225,0.020046,874
874,100.000000,108.412836,0.397599,0.050000,0.068693,0.250000,0.268144,100.4779,0.125566,0.190880,5.412354,7.132541,0.031516,0.020039,874
875,100.000000,108.412836,0.503258,0.050000,0.078610,0.250000,0.259682,89.1489,0.144281,0.194988,6.369024,7.729885,0.032408,0.020073,874
876,100.000000,108.412836,0.627655,0.050000,0.089959,0.250000,0.315955,1999.9975,0.163596,0.077376,7.404142,4.371176,0.032922,0.016967,230
877,100.000000,108.412836,0.772548,0.050000,0.102946,0.250000,0.310527,2000.0076,0.183330,0.083512,8.516274,4.946038,0.033090,0.017507,230
878,100.000000,108.412836,0.939754,0.050000,0.117808,0.250000,0.289573,500.0001,0.203322,0.102839,9.704452,6.156772,0.032950,0.018807,230
879,100.000000,108.412836,1.131163,0.050000,0.134815,0.250000,0.280667,500.0001,0.223432,0.120512,10.968283,7.371724,0.032543,0.019717,230
880,100.000000,108.412836,1.348768,0.050000,0.154277,0.250000,0.275922,500.0001,0.243542,0.137610,12.308003,8.642975,0.031911,0.020376,230
881,100.000000,108.412836,1.594687,0.050000,0.176550,0.250000,0.272337,500.0001,0.263558,0.155914,13.724483,10.052445,0.031095,0.020858,230
882,100.000000,108.412836,1.871191,0.050000,0.202037,0.250000,0.270184,2000.7676,0.283407,0.173428,15.219211,11.520859,0.030131,0.021153,230
883,100.000000,108.412836,2.180731,0.050000,0.231204,0.250000,0.267897,500.0001,0.303035,0.192905,16.794242,13.170170,0.029055,0.021285,230
884,100.000000,108.412836,2.525975,0.050000,0.264582,0.250000,0.265809,3360.1314,0.322407,0.213380,18.452127,14.963320,0.027896,0.021242,1679
885,100.000000,108.412836,2.909832,0.050000,0.302779,0.250000,0.264149,1999.9999,0.341504,0.233682,20.195821,16.856480,0.026681,0.021059,1679
886,100.000000,108.412836,3.335495,0.050000,0.346489,0.250000,0.262750,5000.0000,0.360321,0.253936,22.028581,18.859781,0.025431,0.020757,1518
887,100.000000,108.412836,3.806468,0.050000,0.396510,0.250000,0.261320,35000.0000,0.378863,0.275282,23.953847,21.021155,0.024165,0.020311,1518
888,100.000000,108.412836,4.326611,0.050000,0.453753,0.250000,0.260048,158.0948,0.397148,0.296789,25.975096,23.306101,0.022898,0.019762,1035
889,100.000000,108.412836,4.900175,0.050000,0.519259,0.250000,0.258915,30000.0000,0.415199,0.318385,28.095685,25.714161,0.021643,0.019131,1518
890,100.000000,108.412836,5.531843,0.050000,0.594222,0.250000,0.257881,141.4901,0.433047,0.340234,30.318666,28.252004,0.020409,0.018421,1035
891,100.000000,108.412836,6.226772,0.050000,0.680006,0.250000,0.256992,201.8416,0.450730,0.361810,32.646570,30.903390,0.019204,0.017677,1196
892,100.000000,108.412836,6.990637,0.050000,0.778176,0.250000,0.256190,178.9653,0.468287,0.383476,35.081150,33.679966,0.018033,0.016891,1196
893,100.000000,108.412836,7.829668,0.050000,0.890517,0.250000,0.255486,1999.9999,0.485762,0.404999,37.623093,36.574210,0.016899,0.016092,230
894,100.000000,108.412836,8.750694,0.050000,1.019077,0.250000,0.254840,500.0001,0.503199,0.426850,40.271663,39.593793,0.015807,0.015252,230
895,100.000000,108.412836,9.761177,0.050000,1.166196,0.250000,0.254274,2000.0011,0.520645,0.448651,43.024300,42.724469,0.014757,0.014410,230
896,100.000000,108.412836,10.869240,0.050000,1.334554,0.250000,0.253777,223.3744,0.538144,0.470448,45.876143,45.960403,0.013750,0.013571,1357
897,100.000000,108.412836,12.083688,0.050000,1.527217,0.250000,0.750000,27.6083,0.555743,0.716773,48.819482,41.829743,0.012787,0.002739,391
898,100.000000,108.412836,13.414011,0.050000,1.747694,0.250000,3.750000,4361.6235,0.573482,0.876366,51.843122,-40.481520,0.011865,-0.000000,1519
899,100.000000,108.412836,14.870369,0.050000,2.000000,0.250000,3.250000,1478.5117,0.591401,1.000000,54.931678,0.000000,0.010986,0.000000,1519
900,100.000000,107.204117,0.000000,0.050000,0.002700,0.250000,0.200000,560.0911,0.000000,0.000000,0.000001,0.000000,0.000000,0.000000,1518
901,100.000000,107.204117,0.000000,0.050000,0.003090,0.250000,0.200000,865.6996,0.000000,0.000000,0.000009,0.000000,0.000001,0.000000,1520
902,100.000000,107.204117,0.000000,0.050000,0.003536,0.250000,0.200000,500.0001,0.000002,0.000000,0.000046,0.000000,0.000005,0.000000,1518
903,100.000000,107.204117,0.000002,0.050000,0.004046,0.250000,0.300000,500.0001,0.000007,0.000000,0.000194,0.000000,0.000019,0.000000,1518
904,100.000000,107.204117,0.000009,0.050000,0.004630,0.250000,0.300000,500.0001,0.000024,0.000000,0.000695,0.000000,0.000060,0.000000,1518
905,100.000000,107.204117,0.000031,0.050000,0.005299,0.250000,0.050000,500.0001,0.000073,0.000000,0.002134,125.958816,0.000161,-0.459088,1518
906,100.000000,107.204117,0.000094,0.050000,0.006064,0.250000,0.049999,151.3314,0.000194,0.000000,0.005738,-116.445089,0.000378,-0.000000,1518
907,100.000000,107.204117,0.000251,0.050000,0.006939,0.250000,0.300000,181.4383,0.000461,0.000000,0.013734,0.000000,0.000792,0.000000,1518
908,100.000000,107.204117,0.000606,0.050000,0.007941,0.250000,0.300000,96.8206,0.000989,0.000000,0.029697,0.000000,0.001496,0.000000,1518
909,100.000000,107.204117,0.001337,0.050000,0.009088,0.250000,0.300000,659.5522,0.001939,0.000000,0.058757,0.000000,0.002586,0.000000,1518
910,100.000000,107.204117,0.002723,0.050000,0.010399,0.250000,0.300000,605.2691,0.003514,0.000000,0.107576,0.000000,0.004138,0.000000,1518
911,100.000000,107.204117,0.005171,0.050000,0.011901,0.250000,0.049923,45.5528,0.005947,0.000000,0.184043,-67.345506,0.006186,-0.295781,556
912,100.000000,107.204117,0.009231,0.050000,0.013619,0.250000,0.300000,40.1467,0.009476,0.000000,0.296748,0.000000,0.008716,0.000000,556
913,100.000000,107.204117,0.015608,0.050000,0.015585,0.250000,0.473144,35.3968,0.014322,0.116743,0.454327,2.451072,0.011661,0.021748,556
914,100.000000,107.204117,0.025154,0.050000,0.017835,0.250000,0.627918,395.7313,0.020666,0.086725,0.664805,2.941881,0.014910,0.043647,1521
915,100.000000,107.204117,0.038863,0.050000,0.020410,0.250000,0.326254,306.6695,0.028631,0.095250,0.935070,2.424472,0.018326,0.020614,1521
916,100.000000,107.204117,0.057842,0.050000,0.023356,0.250000,0.300000,259.2242,0.038274,0.000000,1.270522,0.000000,0.021759,0.000000,1521
917,100.000000,107.204117,0.083297,0.050000,0.026728,0.250000,0.300000,1999.9957,0.049585,0.116950,1.674945,3.213856,0.025067,0.021862,230
918,100.000000,107.204117,0.116500,0.050000,0.030586,0.250000,0.300000,500.0001,0.062489,0.134477,2.150558,3.788325,0.028124,0.022520,230
919,100.000000,107.204117,0.158774,0.050000,0.035002,0.250000,0.300000,500.0001,0.076861,0.152657,2.698224,4.413975,0.030835,0.022928,230
920,100.000000,107.204117,0.211472,0.050000,0.040055,0.250000,0.300000,500.0001,0.092537,0.171262,3.317738,5.088836,0.033132,0.023099,230
921,100.000000,107.204117,0.275967,0.050000,0.045837,0.250000,0.264141,31.2382,0.109330,0.171910,4.008157,5.456886,0.034977,0.023157,552
922,100.000000,107.204117,0.353649,0.050000,0.052455,0.250000,0.262209,74.3711,0.127038,0.189700,4.768130,6.209092,0.036360,0.023123,713
923,100.000000,107.204117,0.445920,0.050000,0.060027,0.250000,0.255612,65.9472,0.145462,0.156685,5.596185,5.880584,0.037291,0.023225,713
924,100.000000,107.204117,0.554203,0.050000,0.068693,0.250000,0.326815,58.3488,0.164411,0.072976,6.490976,3.658653,0.037797,0.019264,713
925,100.000000,107.204117,0.679954,0.050000,0.078610,0.250000,0.304315,51.5461,0.183707,0.086077,7.451464,4.419069,0.037916,0.020476,714
926,100.000000,107.204117,0.824673,0.050000,0.089959,0.250000,0.286566,1999.1326,0.203196,0.104784,8.477060,5.452974,0.037693,0.021858,230
927,100.000000,107.204117,0.989919,0.050000,0.102946,0.250000,0.278901,500.0001,0.222740,0.121750,9.567698,6.487989,0.037176,0.022815,230
928,100.000000,107.204117,1.177333,0.050000,0.117808,0.250000,0.274587,1995.4467,0.242229,0.138410,10.723889,7.582488,0.036412,0.023508,230
929,100.000000,107.204117,1.388659,0.050000,0.134815,0.250000,0.271260,120.7882,0.261570,0.156215,11.946721,8.795433,0.035446,0.024003,874
930,100.000000,107.204117,1.625760,0.050000,0.154277,0.250000,0.269167,107.1626,0.280696,0.173408,13.237853,10.066706,0.034322,0.024290,875
931,100.000000,107.204117,1.890653,0.050000,0.176550,0.250000,0.266745,95.0414,0.299555,0.193049,14.599473,11.513964,0.033077,0.024382,875
932,100.000000,107.204117,2.185522,0.050000,0.202037,0.250000,0.265005,84.2547,0.318115,0.212085,16.034251,13.029274,0.031745,0.024299,874
933,100.000000,107.204117,2.512754,0.050000,0.231204,0.250000,0.263416,5000.0000,0.336358,0.231662,17.545277,14.659048,0.030355,0.024051,1518
934,100.000000,107.204117,2.874965,0.050000,0.264582,0.250000,0.262079,35000.0000,0.354280,0.251115,19.135984,16.383869,0.028930,0.023674,1518
935,100.000000,107.204117,3.275025,0.050000,0.302779,0.250000,0.260716,30000.0000,0.371888,0.271529,20.810071,18.244854,0.027492,0.023139,1518
936,100.000000,107.204117,3.716099,0.050000,0.346489,0.250000,0.259504,475.6463,0.389197,0.292028,22.571401,20.214451,0.026057,0.022494,391
937,100.000000,107.204117,4.201668,0.050000,0.396510,0.250000,0.258425,167.4467,0.406233,0.312542,24.423901,22.293439,0.024639,0.021762,1035
938,100.000000,107.204117,4.735578,0.050000,0.453753,0.250000,0.257437,150.0541,0.423025,0.333254,26.371429,24.489795,0.023247,0.020945,1035
939,100.000000,107.204117,5.322064,0.050000,0.519259,0.250000,0.256595,134.1629,0.439611,0.353598,28.417635,26.789063,0.021891,0.020097,1035
940,100.000000,107.204117,5.965799,0.050000,0.594222,0.250000,0.255835,191.6701,0.456029,0.373963,30.565788,29.204622,0.020575,0.019207,1196
941,100.000000,107.204117,6.671927,0.050000,0.680006,0.250000,0.255155,2000.0041,0.472323,0.394308,32.818578,31.736070,0.019305,0.018290,230
942,100.000000,107.204117,7.446105,0.050000,0.778176,0.250000,0.254555,212.5990,0.488537,0.414518,35.177873,34.381134,0.018082,0.017366,1357
943,100.000000,107.204117,8.294546,0.050000,0.890517,0.250000,0.254015,2231.4411,0.504718,0.434854,37.644440,37.143792,0.016909,0.016424,1518
944,100.000000,107.204117,9.224054,0.050000,1.019077,0.250000,0.253540,3779.1800,0.520913,0.455126,40.217612,40.017796,0.015786,0.015489,1518
945,100.000000,107.204117,10.242059,0.050000,1.166196,0.250000,0.253124,762.5359,0.537168,0.475376,42.894890,42.999872,0.014713,0.014567,1518
946,100.000000,107.204117,11.356644,0.050000,1.334554,0.250000,0.252761,24.7204,0.553529,0.495664,45.671486,46.084325,0.013689,0.013659,391
947,100.000000,107.204117,12.576567,0.050000,1.527217,0.250000,0.750000,22.7511,0.570039,0.721923,48.539781,41.460015,0.012713,0.002715,391
948,100.000000,107.204117,13.911257,0.050000,1.747694,0.250000,3.750000,500.0001,0.586741,0.874756,51.488714,-41.065843,0.011784,-0.000000,1518
949,100.000000,107.204117,15.370804,0.050000,2.000000,0.250000,3.250000,20.1893,0.603671,1.000000,54.503079,0.000000,0.010901,0.000000,392
950,100.000000,106.033294,0.000001,0.050000,0.002700,0.250000,0.050000,500.0001,0.000004,0.000000,0.000086,-122.485668,0.000013,-1.098858,1518
951,100.000000,106.033294,0.000004,0.050000,0.003090,0.250000,0.300000,500.0001,0.000013,0.000000,0.000331,0.000000,0.000043,0.000000,1518
952,100.000000,106.033294,0.000015,0.050000,0.003536,0.250000,0.050000,500.0001,0.000044,0.000000,0.001086,-113.639702,0.000123,0.521093,1518
953,100.000000,106.033294,0.000048,0.050000,0.004046,0.250000,0.050000,500.0001,0.000125,0.000000,0.003094,103.978266,0.000306,-0.601694,1518
954,100.000000,106.033294,0.000135,0.050000,0.004630,0.250000,0.300000,141.4090,0.000311,0.000000,0.007791,0.000000,0.000673,0.000000,1518
955,100.000000,106.033294,0.000341,0.050000,0.005299,0.250000,0.300000,122.0864,0.000698,0.000000,0.017608,0.000000,0.001329,0.000000,1518
956,100.000000,106.033294,0.000783,0.050000,0.006064,0.250000,0.300000,56.1213,0.001423,0.000000,0.036212,0.000000,0.002389,0.000000,1518
957,100.000000,106.033294,0.001652,0.050000,0.006939,0.250000,0.050087,768.1459,0.002669,0.000000,0.068577,19.042605,0.003953,1.488630,1518
958,100.000000,106.033294,0.003234,0.050000,0.007941,0.250000,0.300000,543.1533,0.004652,0.000000,0.120839,0.000000,0.006087,0.000000,1518
959,100.000000,106.033294,0.005929,0.050000,0.009088,0.250000,0.050455,365.6584,0.007609,0.000000,0.199933,13.020098,0.008800,-0.796240,1518
960,100.000000,106.033294,0.010262,0.050000,0.010399,0.250000,0.388095,18.0191,0.011765,0.076064,0.313087,1.467592,0.012042,0.022672,391
961,100.000000,106.033294,0.016885,0.050000,0.011901,0.250000,0.656782,289.0104,0.017318,0.066921,0.467259,1.789986,0.015705,0.036975,1518
962,100.000000,106.033294,0.026565,0.050000,0.013619,0.250000,0.342224,245.8686,0.024416,0.094302,0.668650,1.966116,0.019639,0.024377,1518
963,100.000000,106.033294,0.040177,0.050000,0.015585,0.250000,0.309009,46.7837,0.033142,0.096722,0.922334,2.142308,0.023673,0.024590,553
964,100.000000,106.033294,0.058679,0.050000,0.017835,0.250000,0.300000,41.1469,0.043515,0.108943,1.232077,2.496552,0.027633,0.025451,553
965,100.000000,106.033294,0.083096,0.050000,0.020410,0.250000,0.300000,36.2122,0.055486,0.125825,1.600307,2.955921,0.031364,0.026332,553
966,100.000000,106.033294,0.114496,0.050000,0.023356,0.250000,0.300000,31.8724,0.068951,0.143421,2.028245,3.458407,0.034736,0.026922,553
967,100.000000,106.033294,0.153978,0.050000,0.026728,0.250000,0.300000,75.9685,0.083761,0.161499,2.516113,4.002474,0.037655,0.027227,713
968,100.000000,106.033294,0.202658,0.050000,0.030586,0.250000,0.264813,67.4742,0.099738,0.162354,3.063400,4.296336,0.040062,0.027286,713
969,100.000000,106.033294,0.261659,0.050000,0.035002,0.250000,0.264822,59.7531,0.116686,0.180810,3.669143,4.923162,0.041931,0.027321,713
970,100.000000,106.033294,0.332117,0.050000,0.040055,0.250000,0.260092,52.8091,0.134404,0.192597,4.332182,5.476437,0.043262,0.027245,713
971,100.000000,106.033294,0.415172,0.050000,0.045837,0.250000,0.297565,28.0672,0.152698,0.082161,5.051386,3.261034,0.044081,0.023715,552
972,100.000000,106.033294,0.511983,0.050000,0.052455,0.250000,0.317690,500.0001,0.171383,0.076675,5.825829,3.315609,0.044426,0.023245,230
973,100.000000,106.033294,0.623736,0.050000,0.060027,0.250000,0.292363,500.0001,0.190295,0.094792,6.654924,4.143319,0.044346,0.025021,230
974,100.000000,106.033294,0.751651,0.050000,0.068693,0.250000,0.281227,500.0001,0.209288,0.112060,7.538513,4.998971,0.043897,0.026330,230
975,100.000000,106.033294,0.897003,0.050000,0.078610,0.250000,0.275799,1999.3526,0.228239,0.128220,8.476924,5.877413,0.043134,0.027249,230
976,100.000000,106.033294,1.061133,0.050000,0.089959,0.250000,0.271854,2000.8719,0.247048,0.145479,9.470995,6.852659,0.042113,0.027930,230
977,100.000000,106.033294,1.245468,0.050000,0.102946,0.250000,0.269812,1998.7327,0.265636,0.161305,10.522075,7.848908,0.040884,0.028341,230
978,100.000000,106.033294,1.451535,0.050000,0.117808,0.250000,0.267112,1999.1225,0.283941,0.180312,11.632008,9.016423,0.039495,0.028544,230
979,100.000000,106.033294,1.680986,0.050000,0.134815,0.250000,0.265342,124.0778,0.301923,0.198314,12.803110,10.227075,0.037987,0.028530,874
980,100.000000,106.033294,1.935617,0.050000,0.154277,0.250000,0.263723,109.9700,0.319556,0.216887,14.038126,11.534747,0.036397,0.028318,874
981,100.000000,106.033294,2.217384,0.050000,0.176550,0.250000,0.262408,97.4882,0.336827,0.235171,15.340192,12.917055,0.034756,0.027955,874
982,100.000000,106.033294,2.528433,0.050000,0.202037,0.250000,0.260997,86.3791,0.353737,0.254625,16.712779,14.421985,0.033089,0.027394,874
983,100.000000,106.033294,2.871123,0.050000,0.231204,0.250000,0.259749,5000.0000,0.370296,0.274118,18.159643,16.018402,0.031417,0.026698,1519
984,100.000000,106.033294,3.248047,0.050000,0.264582,0.250000,0.258638,35000.0000,0.386523,0.293596,19.684760,17.708296,0.029760,0.025889,1519
985,100.000000,106.033294,3.662064,0.050000,0.302779,0.250000,0.257597,30000.0000,0.402443,0.313384,21.292255,19.503671,0.028129,0.024964,1518
986,100.000000,106.033294,4.116329,0.050000,0.346489,0.250000,0.256747,171.1154,0.418087,0.332496,22.986323,21.381047,0.026536,0.024014,1035
987,100.000000,106.033294,4.614323,0.050000,0.396510,0.250000,0.255975,153.4241,0.433493,0.351600,24.771132,23.361932,0.024989,0.023008,1035
988,100.000000,106.033294,5.159883,0.050000,0.453753,0.250000,0.255281,137.2284,0.448699,0.370639,26.650719,25.447418,0.023494,0.021965,1035
989,100.000000,106.033294,5.757246,0.050000,0.519259,0.250000,0.254678,198.1157,0.463747,0.389350,28.628848,27.634380,0.022054,0.020924,1196
990,100.000000,106.033294,6.411076,0.050000,0.594222,0.250000,0.254115,1999.4092,0.478683,0.408326,30.708860,29.936967,0.020672,0.019838,230
991,100.000000,106.033294,7.126513,0.050000,0.680006,0.250000,0.253621,500.0001,0.493552,0.427139,32.893483,32.347357,0.019349,0.018761,230
992,100.000000,106.033294,7.909201,0.050000,0.778176,0.250000,0.253187,20.8127,0.508400,0.445837,35.184600,34.867418,0.018086,0.017699,391
993,100.000000,106.033294,8.765337,0.050000,0.890517,0.250000,0.252807,18.3249,0.523275,0.464465,37.582985,37.497547,0.016881,0.016656,391
994,100.000000,106.033294,9.701700,0.050000,1.019077,0.250000,0.252472,218.5434,0.538223,0.483135,40.087971,40.236973,0.015735,0.015629,1357
995,100.000000,106.033294,10.725691,0.050000,1.166196,0.250000,0.252275,17.1453,0.553289,0.501625,42.697073,43.081728,0.014645,0.014649,391
996,100.000000,106.033294,11.845355,0.050000,1.334554,0.250000,0.252019,15.2177,0.568519,0.520299,45.405534,46.027284,0.013609,0.013686,391
997,100.000000,106.033294,13.069398,0.050000,1.527217,0.250000,0.251802,13.5821,0.583954,0.539049,48.205799,49.065050,0.012626,0.012756,391
998,100.000000,106.033294,14.407193,0.050000,1.747694,0.250000,3.750000,1380.9490,0.599633,0.873174,51.086911,-41.640714,0.011692,-0.000000,1518
999,100.000000,106.033294,15.868758,0.050000,2.000000,0.250000,3.250000,39.6913,0.615591,1.000000,54.033825,0.000000,0.010807,0.000000,552
1000,100.000000,104.887770,0.000040,0.050000,0.002700,0.250000,0.050000,34.8800,0.000128,0.000000,0.002589,-90.969842,0.000384,-1.753415,552
1001,100.000000,104.887770,0.000113,0.050000,0.003090,0.250000,0.300000,30.6600,0.000318,0.000000,0.006487,0.000000,0.000840,0.000000,552
1002,100.000000,104.887770,0.000284,0.050000,0.003536,0.250000,0.300000,4067.8209,0.000709,0.000000,0.014600,0.000000,0.001652,0.000000,1518
1003,100.000000,104.887770,0.000649,0.050000,0.004046,0.250000,0.300000,922.2382,0.001441,0.000000,0.029916,0.000000,0.002957,0.000000,1518
1004,100.000000,104.887770,0.001364,0.050000,0.004630,0.250000,0.050065,590.0890,0.002693,0.000000,0.056475,21.060237,0.004879,1.097352,1518
1005,100.000000,104.887770,0.002662,0.050000,0.005299,0.250000,0.049913,500.0001,0.004680,0.000000,0.099238,-30.506970,0.007491,1.108329,1518
1006,100.000000,104.887770,0.004867,0.050000,0.006064,0.250000,0.050127,500.0001,0.007634,0.000000,0.163798,38.392549,0.010805,0.662560,1518
1007,100.000000,104.887770,0.008404,0.050000,0.006939,0.250000,0.050088,500.0001,0.011776,0.000000,0.255961,95.762128,0.014754,1.388021,1518
1008,100.000000,104.887770,0.013797,0.050000,0.007941,0.250000,0.647308,500.0001,0.017297,0.073754,0.381303,1.634585,0.019207,0.051809,1518
1009,100.000000,104.887770,0.021663,0.050000,0.009088,0.250000,0.338213,148.1301,0.024340,0.093303,0.544775,1.593698,0.023979,0.029813,1518
1010,100.000000,104.887770,0.032704,0.050000,0.010399,0.250000,0.306997,148.2177,0.032982,0.096353,0.750420,1.745096,0.028864,0.030128,1518
1011,100.000000,104.887770,0.047685,0.050000,0.011901,0.250000,0.300000,100.9184,0.043236,0.109243,1.001225,2.043381,0.033652,0.031218,1518
1012,100.000000,104.887770,0.067422,0.050000,0.013619,0.250000,0.300000,676.8954,0.055049,0.125890,1.299108,2.415454,0.038156,0.032247,1518
1013,100.000000,104.887770,0.092767,0.050000,0.015585,0.250000,0.300000,26.9485,0.068316,0.143199,1.645027,2.822127,0.042221,0.032924,552
1014,100.000000,104.887770,0.124589,0.050000,0.017835,0.250000,0.300000,23.6928,0.082884,0.160937,2.039146,3.262081,0.045734,0.033255,552
1015,100.000000,104.887770,0.163770,0.050000,0.020410,0.250000,0.264305,423.6293,0.098576,0.161433,2.481057,3.496645,0.048625,0.033313,1518
1016,100.000000,104.887770,0.211195,0.050000,0.023356,0.250000,0.265861,312.2711,0.115196,0.180267,2.970000,4.014000,0.050865,0.033315,1518
1017,100.000000,104.887770,0.267754,0.050000,0.026728,0.250000,0.259657,257.9945,0.132544,0.191252,3.505072,4.454405,0.052456,0.033204,1518
1018,100.000000,104.887770,0.334340,0.050000,0.030586,0.250000,0.322666,12.2112,0.150425,0.071060,4.085404,2.394059,0.053428,0.027628,552
1019,100.000000,104.887770,0.411853,0.050000,0.035002,0.250000,0.316262,73.2082,0.168658,0.076104,4.710307,2.693542,0.053829,0.028366,713
1020,100.000000,104.887770,0.501212,0.050000,0.040055,0.250000,0.291369,65.0376,0.187078,0.093842,5.379377,3.359853,0.053720,0.030474,713
1021,100.000000,104.887770,0.603359,0.050000,0.045837,0.250000,0.280477,57.6001,0.205541,0.110627,6.092572,4.046315,0.053167,0.032017,713
1022,100.000000,104.887770,0.719273,0.050000,0.052455,0.250000,0.275134,50.8934,0.223925,0.126329,6.850252,4.751922,0.052237,0.033095,713
1023,100.000000,104.887770,0.849980,0.050000,0.060027,0.250000,0.272129,44.9055,0.242129,0.141441,7.653208,5.492563,0.050998,0.033842,713
1024,100.000000,104.887770,0.996567,0.050000,0.068693,0.250000,0.269249,2000.6549,0.260074,0.158375,8.502662,6.335187,0.049511,0.034355,230
1025,100.000000,104.887770,1.160195,0.050000,0.078610,0.250000,0.266587,1999.4396,0.277699,0.176762,9.400262,7.273594,0.047832,0.034575,230
1026,100.000000,104.887770,1.342114,0.050000,0.089959,0.250000,0.264860,1997.2789,0.294963,0.194087,10.348065,8.245817,0.046012,0.034534,230
1027,100.000000,104.887770,1.543678,0.050000,0.102946,0.250000,0.263281,120.1540,0.311837,0.211912,11.348514,9.296133,0.044095,0.034258,874
1028,100.000000,104.887770,1.766361,0.050000,0.117808,0.250000,0.262015,106.4038,0.328310,0.229358,12.404409,10.405662,0.042118,0.033803,874
1029,100.000000,104.887770,2.011773,0.050000,0.134815,0.250000,0.260640,94.2659,0.344378,0.247927,13.518884,11.616000,0.040111,0.033115,874
1030,100.000000,104.887770,2.281682,0.050000,0.154277,0.250000,0.259427,83.4656,0.360051,0.266463,14.695368,12.900970,0.038101,0.032267,874
1031,100.000000,104.887770,2.578028,0.050000,0.176550,0.250000,0.258347,476.8503,0.375344,0.284923,15.937552,14.262936,0.036109,0.031288,391
1032,100.000000,104.887770,2.902947,0.050000,0.202037,0.250000,0.257321,165.8708,0.390281,0.303702,17.249355,15.714343,0.034151,0.030164,1035
1033,100.000000,104.887770,3.258792,0.050000,0.231204,0.250000,0.256504,148.5956,0.404891,0.321634,18.634876,17.231507,0.032240,0.029024,1035
1034,100.000000,104.887770,3.648160,0.050000,0.264582,0.250000,0.255760,132.8123,0.419206,0.339494,20.098347,18.836191,0.030385,0.027820,1035
1035,100.000000,104.887770,4.073912,0.050000,0.302779,0.250000,0.255089,35000.0000,0.433265,0.357226,21.644075,20.530393,0.028594,0.026575,1518
1036,100.000000,104.887770,4.539208,0.050000,0.346489,0.250000,0.254491,30000.0000,0.447106,0.374800,23.276375,22.316658,0.026871,0.025306,1518
1037,100.000000,104.887770,5.047533,0.050000,0.396510,0.250000,0.253969,221.2942,0.460772,0.392037,24.999484,24.195160,0.025219,0.024051,1196
1038,100.000000,104.887770,5.602731,0.050000,0.453753,0.250000,0.253488,18.0066,0.474307,0.409368,26.817465,26.176513,0.023641,0.022769,392
1039,100.000000,104.887770,6.209037,0.050000,0.519259,0.250000,0.253066,15.8262,0.487754,0.426504,28.734080,28.258220,0.022135,0.021509,392
1040,100.000000,104.887770,6.871117,0.050000,0.594222,0.250000,0.252695,192.4932,0.501159,0.443491,30.752644,30.443607,0.020701,0.020276,1196
1041,100.000000,104.887770,7.594101,0.050000,0.680006,0.250000,0.252369,13.9010,0.514568,0.460369,32.875844,32.735221,0.019339,0.019076,392
1042,100.000000,104.887770,8.383626,0.050000,0.778176,0.250000,0.252081,13.3556,0.528027,0.477266,35.105520,35.135228,0.018045,0.017897,393
1043,100.000000,104.887770,9.245870,0.050000,0.890517,0.250000,0.251832,11.8315,0.541581,0.493978,37.442401,37.642834,0.016818,0.016783,393
1044,100.000000,104.887770,10.187589,0.050000,1.019077,0.250000,0.251715,10.5208,0.555274,0.510755,39.885788,40.258358,0.015656,0.015695,393
1045,100.000000,104.887770,11.216152,0.050000,1.166196,0.250000,0.251522,39.4464,0.569150,0.527617,42.433179,42.978682,0.014554,0.014651,554
1046,100.000000,104.887770,12.339561,0.050000,1.334554,0.250000,0.251358,34.6047,0.583250,0.544589,45.079831,45.798658,0.013512,0.013647,552
1047,100.000000,104.887770,13.566477,0.050000,1.527217,0.250000,0.251221,30.3799,0.597614,0.561649,47.818235,48.711453,0.012524,0.012696,553
1048,100.000000,104.887770,14.906209,0.050000,1.747694,0.250000,3.750000,26.6749,0.612278,0.871604,50.637530,-42.211711,0.011590,-0.000000,553
1049,100.000000,104.887770,16.368704,0.050000,2.000000,0.250000,3.250000,23.4216,0.627275,1.000000,53.522821,0.000000,0.010705,0.000000,553
1050,100.000000,103.755966,0.000916,0.050000,0.002700,0.250000,0.050059,20.5523,0.002390,0.000000,0.038720,15.500317,0.005736,-0.518094,553
1051,100.000000,103.755966,0.001810,0.050000,0.003090,0.250000,0.300000,3973.0847,0.004204,0.000000,0.068850,0.000000,0.008913,0.000000,1518
1052,100.000000,103.755966,0.003345,0.050000,0.003536,0.250000,0.049935,882.1338,0.006928,0.000000,0.114823,-51.039303,0.012990,-0.071194,1518
1053,100.000000,103.755966,0.005830,0.050000,0.004046,0.250000,0.050056,569.9670,0.010784,0.000000,0.181060,104.034794,0.017899,-0.573751,1518
1054,100.000000,103.755966,0.009648,0.050000,0.004630,0.250000,0.050272,500.0001,0.015965,0.000000,0.271866,35.453673,0.023485,1.898713,1518
1055,100.000000,103.755966,0.015257,0.050000,0.005299,0.250000,0.343837,500.0001,0.022620,0.092656,0.391118,1.210781,0.029524,0.038477,1518
1056,100.000000,103.755966,0.023177,0.050000,0.006064,0.250000,0.310018,9.4163,0.030834,0.094725,0.542031,1.316223,0.035755,0.038759,391
1057,100.000000,103.755966,0.033979,0.050000,0.006939,0.250000,0.300000,72.2891,0.040631,0.106067,0.727029,1.527737,0.041908,0.040030,713
1058,100.000000,103.755966,0.048273,0.050000,0.007941,0.250000,0.300000,64.2926,0.051966,0.122316,0.947720,1.807801,0.047737,0.041392,713
1059,100.000000,103.755966,0.066695,0.050000,0.009088,0.250000,0.300000,500.0001,0.064740,0.139232,1.204960,2.114488,0.053038,0.042303,1518
1060,100.000000,103.755966,0.089899,0.050000,0.010399,0.250000,0.300000,500.0001,0.078811,0.156552,1.498978,2.446243,0.057656,0.042771,1518
1061,100.000000,103.755966,0.118543,0.050000,0.011901,0.250000,0.264428,143.0458,0.094003,0.157013,1.829539,2.622013,0.061493,0.042830,1518
1062,100.000000,103.755966,0.153287,0.050000,0.013619,0.250000,0.263424,158.6068,0.110122,0.174128,2.196113,2.998837,0.064502,0.042888,1518
1063,100.000000,103.755966,0.194793,0.050000,0.015585,0.250000,0.259344,50.3927,0.126970,0.185096,2.598038,3.333467,0.066681,0.042766,713
1064,100.000000,103.755966,0.243721,0.050000,0.017835,0.250000,0.297685,44.4674,0.144351,0.079047,3.034661,1.977169,0.068062,0.036953,713
1065,100.000000,103.755966,0.300734,0.050000,0.020410,0.250000,0.321275,56.9963,0.162082,0.072572,3.505452,1.986166,0.068702,0.035979,716
1066,100.000000,103.755966,0.366502,0.050000,0.023356,0.250000,0.294207,96.5655,0.179995,0.089107,4.010094,2.470535,0.068678,0.038604,1518
1067,100.000000,103.755966,0.441709,0.050000,0.026728,0.250000,0.281367,726.6635,0.197941,0.105830,4.548542,2.993562,0.068072,0.040685,1518
1068,100.000000,103.755966,0.527059,0.050000,0.030586,0.250000,0.275404,662.6213,0.215796,0.121165,5.121063,3.524544,0.066972,0.042116,1518
1069,100.000000,103.755966,0.623286,0.050000,0.035002,0.250000,0.272262,413.6932,0.233454,0.135593,5.728261,4.075544,0.065462,0.043094,1518
1070,100.000000,103.755966,0.731163,0.050000,0.040055,0.250000,0.269252,304.7734,0.250830,0.151885,6.371082,4.706001,0.063623,0.043789,1518
1071,100.000000,103.755966,0.851507,0.050000,0.045837,0.250000,0.266463,251.3385,0.267862,0.169707,7.050814,5.412076,0.061529,0.044115,1518
1072,100.000000,103.755966,0.985197,0.050000,0.052455,0.250000,0.264741,135.3830,0.284500,0.186240,7.769078,6.138980,0.059244,0.044097,874
1073,100.000000,103.755966,1.133177,0.050000,0.060027,0.250000,0.263538,119.5043,0.300715,0.202020,8.527816,6.900604,0.056826,0.043834,874
1074,100.000000,103.755966,1.296471,0.050000,0.068693,0.250000,0.261950,105.7100,0.316489,0.219755,9.329278,7.755313,0.054324,0.043234,874
1075,100.000000,103.755966,1.476194,0.050000,0.078610,0.250000,0.260571,8.4794,0.331814,0.237461,10.176004,8.665339,0.051780,0.042389,552
1076,100.000000,103.755966,1.673563,0.050000,0.089959,0.250000,0.259357,7.7534,0.346697,0.255075,11.070809,9.632366,0.049226,0.041337,552
1077,100.000000,103.755966,1.889911,0.050000,0.102946,0.250000,0.258281,93.5698,0.361147,0.272558,12.016766,10.658578,0.046692,0.040116,874
1078,100.000000,103.755966,2.126701,0.050000,0.117808,0.250000,0.257229,82.8075,0.375186,0.290466,13.017191,11.757564,0.044198,0.038691,874
1079,100.000000,103.755966,2.385540,0.050000,0.134815,0.250000,0.256429,164.6298,0.388837,0.307249,14.075619,12.902848,0.041763,0.037265,1035
1080,100.000000,103.755966,2.668196,0.050000,0.154277,0.250000,0.255700,147.4136,0.402130,0.323906,15.195792,14.116946,0.039399,0.035756,1035
1081,100.000000,103.755966,2.976618,0.050000,0.176550,0.250000,0.255039,454.2035,0.415098,0.340380,16.381632,15.402104,0.037115,0.034192,391
1082,100.000000,103.755966,3.312951,0.050000,0.202037,0.250000,0.254447,222.6222,0.427776,0.356633,17.637214,16.760861,0.034919,0.032597,1196
1083,100.000000,103.755966,3.679560,0.050000,0.231204,0.250000,0.253945,192.5170,0.440203,0.372353,18.966737,18.191867,0.032814,0.031038,1196
1084,100.000000,103.755966,4.079053,0.050000,0.264582,0.250000,0.253460,13.3032,0.452417,0.388268,20.374484,19.710213,0.030802,0.029420,391
1085,100.000000,103.755966,4.514305,0.050000,0.302779,0.250000,0.253038,11.6760,0.464461,0.403889,21.864773,21.311574,0.028885,0.027831,391
1086,100.000000,103.755966,4.988485,0.050000,0.346489,0.250000,0.252667,10.2282,0.476376,0.419261,23.441896,23.000319,0.027062,0.026279,391
1087,100.000000,103.755966,5.505086,0.050000,0.396510,0.250000,0.252342,10.3569,0.488205,0.434428,25.110045,24.780775,0.025331,0.024770,391
1088,100.000000,103.755966,6.067958,0.050000,0.453753,0.250000,0.252055,9.1708,0.499990,0.449432,26.873218,26.656945,0.023690,0.023308,391
1089,100.000000,103.755966,6.681338,0.050000,0.519259,0.250000,0.251801,8.1354,0.511776,0.464458,28.735101,28.633408,0.022135,0.021869,391
1090,100.000000,103.755966,7.349890,0.050000,0.594222,0.250000,0.251583,7.2390,0.523604,0.479158,30.698929,30.710792,0.020665,0.020532,391
1091,100.000000,103.755966,8.078738,0.050000,0.680006,0.250000,0.251390,38.1535,0.535519,0.493871,32.767305,32.893936,0.019275,0.019240,552
1092,100.000000,103.755966,8.873503,0.050000,0.778176,0.250000,0.251336,33.4299,0.547563,0.508615,34.941994,35.184243,0.017961,0.017990,552
1093,100.000000,103.755966,9.740346,0.050000,0.890517,0.250000,0.251183,29.3219,0.559777,0.523419,37.223657,37.582160,0.016720,0.016801,552
1094,100.000000,103.755966,10.685995,0.050000,1.019077,0.250000,0.251052,25.7176,0.572203,0.538320,39.611548,40.086926,0.015548,0.015664,552
1095,100.000000,103.755966,11.717784,0.050000,1.166196,0.250000,0.250942,22.5616,0.584881,0.553356,42.103140,42.695935,0.014441,0.014580,552
1096,100.000000,103.755966,12.843675,0.050000,1.334554,0.250000,0.250848,6.4790,0.597848,0.568515,44.693695,45.405340,0.013396,0.013563,391
1097,100.000000,103.755966,14.072271,0.050000,1.527217,0.250000,0.250775,5.8395,0.611141,0.583923,47.375751,48.206228,0.012408,0.012587,391
1098,100.000000,103.755966,15.412822,0.050000,1.747694,0.250000,3.750000,19.7911,0.624791,0.870031,50.138541,-42.784250,0.011475,-0.000000,552
1099,100.000000,103.755966,16.875200,0.050000,2.000000,0.250000,3.250000,17.3485,0.638829,1.000000,52.967321,0.000000,0.010593,0.000000,552
1100,100.000000,102.658865,0.010888,0.050000,0.002700,0.250000,0.339847,15.2075,0.022580,0.091725,0.278771,0.857932,0.041299,0.053871,552
1101,100.000000,102.658865,0.016508,0.050000,0.003090,0.250000,0.308009,938.3738,0.030723,0.094420,0.385749,0.937377,0.049939,0.054364,1518
1102,100.000000,102.658865,0.024158,0.050000,0.003536,0.250000,0.300000,35000.0000,0.040415,0.106416,0.516725,1.093141,0.058456,0.056209,1840
1103,100.000000,102.658865,0.034265,0.050000,0.004046,0.250000,0.300000,30000.0000,0.051609,0.122428,0.672804,1.291234,0.066511,0.058025,1840
1104,100.000000,102.658865,0.047269,0.050000,0.004630,0.250000,0.300000,600.1794,0.064203,0.139058,0.854572,1.507980,0.073822,0.059217,1519
1105,100.000000,102.658865,0.063624,0.050000,0.005299,0.250000,0.300000,500.0001,0.078052,0.156079,1.062176,1.742753,0.080181,0.059797,1519
1106,100.000000,102.658865,0.083783,0.050000,0.006064,0.250000,0.513993,500.0001,0.092979,0.055667,1.295447,1.027109,0.085453,0.064160,1519
1107,100.000000,102.658865,0.108201,0.050000,0.006939,0.250000,0.514458,500.0001,0.108792,0.049058,1.554012,0.919025,0.089577,0.050081,1519
1108,100.000000,102.658865,0.137331,0.050000,0.007941,0.250000,0.259225,500.0001,0.125293,0.185202,1.837416,2.380316,0.092552,0.059609,1518
1109,100.000000,102.658865,0.171622,0.050000,0.009088,0.250000,0.295420,144.2802,0.142285,0.079055,2.145213,1.411480,0.094425,0.051771,1518
1110,100.000000,102.658865,0.211524,0.050000,0.010399,0.250000,0.319691,134.2392,0.159588,0.072134,2.477051,1.411419,0.095276,0.050284,1518
1111,100.000000,102.658865,0.257489,0.050000,0.011901,0.250000,0.293110,93.4440,0.177033,0.088353,2.832730,1.752611,0.095212,0.053846,1518
1112,100.000000,102.658865,0.309977,0.050000,0.013619,0.250000,0.280610,712.7541,0.194476,0.104588,3.212249,2.118850,0.094347,0.056641,1518
1113,100.000000,102.658865,0.369456,0.050000,0.015585,0.250000,0.272993,442.0698,0.211789,0.121994,3.615831,2.527942,0.092804,0.058794,1518
1114,100.000000,102.658865,0.436414,0.050000,0.017835,0.250000,0.271675,313.6688,0.228869,0.133453,4.043941,2.877718,0.090698,0.059845,1518
1115,100.000000,102.658865,0.511361,0.050000,0.020410,0.250000,0.267766,254.0374,0.245631,0.151227,4.497291,3.349617,0.088141,0.060800,1518
1116,100.000000,102.658865,0.594834,0.050000,0.023356,0.250000,0.265960,69.6099,0.262011,0.166443,4.976841,3.815333,0.085235,0.061147,713
1117,100.000000,102.658865,0.687405,0.050000,0.026728,0.250000,0.264947,61.9388,0.277961,0.180433,5.483795,4.296470,0.082069,0.061135,713
1118,100.000000,102.658865,0.789689,0.050000,0.030586,0.250000,0.263128,54.9150,0.293447,0.197411,6.019595,4.857875,0.078723,0.060662,713
1119,100.000000,102.658865,0.902348,0.050000,0.035002,0.250000,0.261576,48.5611,0.308452,0.214367,6.585913,5.457096,0.075264,0.059797,713
1120,100.000000,102.658865,1.026099,0.050000,0.040055,0.250000,0.260232,42.8534,0.322966,0.231234,7.184644,6.095203,0.071748,0.058599,713
1121,100.000000,102.658865,1.161722,0.050000,0.045837,0.250000,0.259052,5.2917,0.336991,0.247947,7.817898,6.773519,0.068223,0.057121,552
1122,100.000000,102.658865,1.310068,0.050000,0.052455,0.250000,0.258004,149.4652,0.350538,0.264457,8.487993,7.493762,0.064726,0.055418,874
1123,100.000000,102.658865,1.472066,0.050000,0.060027,0.250000,0.256961,131.2846,0.363622,0.281423,9.197451,8.267479,0.061288,0.053426,874
1124,100.000000,102.658865,1.648734,0.050000,0.068693,0.250000,0.256194,115.7564,0.376265,0.297084,9.948990,9.072218,0.057933,0.051452,874
1125,100.000000,102.658865,1.841187,0.050000,0.078610,0.250000,0.255491,102.3203,0.388492,0.312552,10.745522,9.926474,0.054677,0.049371,874
1126,100.000000,102.658865,2.050650,0.050000,0.089959,0.250000,0.254856,90.5174,0.400333,0.327767,11.590147,10.832123,0.051535,0.047220,874
1127,100.000000,102.658865,2.278466,0.050000,0.102946,0.250000,0.254285,80.0401,0.411819,0.342693,12.486147,11.791484,0.048515,0.045030,874
1128,100.000000,102.658865,2.526112,0.050000,0.117808,0.250000,0.253815,4.8906,0.422984,0.356888,13.436980,12.801992,0.045624,0.042920,552
1129,100.000000,102.658865,2.795211,0.050000,0.134815,0.250000,0.253343,512.6053,0.433864,0.371372,14.446274,13.879708,0.042863,0.040698,391
1130,100.000000,102.658865,3.087550,0.050000,0.154277,0.250000,0.252932,177.6576,0.444495,0.385468,15.517813,15.019264,0.040234,0.038523,1035
1131,100.000000,102.658865,3.405093,0.050000,0.176550,0.250000,0.252572,159.5962,0.454915,0.399224,16.655524,16.224831,0.037736,0.036403,1035
1132,100.000000,102.658865,3.750003,0.050000,0.202037,0.250000,0.252256,4.6235,0.465161,0.412679,17.863459,17.500443,0.035367,0.034347,553
1133,100.000000,102.658865,4.124662,0.050000,0.231204,0.250000,0.251979,35000.0000,0.475272,0.425873,19.145766,18.850381,0.033124,0.032361,1518
1134,100.000000,102.658865,4.531691,0.050000,0.264582,0.250000,0.251735,11.6658,0.485286,0.438843,20.506659,20.278903,0.031002,0.030449,391
1135,100.000000,102.658865,4.973978,0.050000,0.302779,0.250000,0.251521,10.2466,0.495242,0.451627,21.950371,21.790289,0.028999,0.028614,391
1136,100.000000,102.658865,5.454702,0.050000,0.346489,0.250000,0.251330,8.9782,0.505180,0.464365,23.481100,23.389271,0.027107,0.026830,391
1137,100.000000,102.658865,5.977363,0.050000,0.396510,0.250000,0.251168,216.7511,0.515139,0.476835,25.102936,25.078629,0.025324,0.025170,1196
1138,100.000000,102.658865,6.545812,0.050000,0.453753,0.250000,0.251023,30000.0000,0.525156,0.489270,26.819773,26.863530,0.023643,0.023582,1518
1139,100.000000,102.658865,7.164287,0.050000,0.519259,0.250000,0.251036,38.8080,0.535272,0.501699,28.635192,28.747430,0.022059,0.022054,552
1140,100.000000,102.658865,7.837444,0.050000,0.594222,0.250000,0.250917,33.9210,0.545525,0.514152,30.552327,30.733444,0.020566,0.020612,552
1141,100.000000,102.658865,8.570397,0.050000,0.680006,0.250000,0.250814,29.6658,0.555952,0.526671,32.573689,32.824190,0.019161,0.019243,552
1142,100.000000,102.658865,9.368752,0.050000,0.778176,0.250000,0.250724,26.0103,0.566593,0.539295,34.700958,35.021461,0.017837,0.017944,552
1143,100.000000,102.658865,10.238644,0.050000,0.890517,0.250000,0.250648,22.7845,0.577485,0.552064,36.934732,37.325864,0.016590,0.016713,552
1144,100.000000,102.658865,11.186773,0.050000,1.019077,0.250000,0.250584,19.9711,0.588663,0.565018,39.274215,39.736704,0.015416,0.015548,552
1145,100.000000,102.658865,12.220434,0.050000,1.166196,0.250000,0.250529,17.4904,0.600164,0.578162,41.716862,42.252148,0.014309,0.014461,552
1146,100.000000,102.658865,13.347542,0.050000,1.334554,0.250000,0.250489,15.3285,0.612020,0.591601,44.257946,44.866300,0.013265,0.013421,552
1147,100.000000,102.658865,14.576647,0.050000,1.527217,0.250000,0.250462,898.4679,0.624265,0.605342,46.890058,47.572143,0.012281,0.012437,1519
1148,100.000000,102.658865,15.916933,0.050000,1.747694,0.250000,3.750000,580.0939,0.636925,0.868486,49.602527,-43.347307,0.011353,-0.000000,1519
1149,100.000000,102.658865,17.378196,0.050000,2.000000,0.250000,3.250000,500.0001,0.650029,1.000000,52.380769,0.000000,0.010476,0.000000,1519
1150,100.000000,101.574403,0.074636,0.050000,0.002700,0.250000,0.259899,500.0001,0.117881,0.180695,1.026444,1.366796,0.152066,0.099568,1519
1151,100.000000,101.574403,0.093650,0.050000,0.003090,0.250000,0.301261,7.8815,0.134350,0.074488,1.202881,0.787772,0.155723,0.084980,391
1152,100.000000,101.574403,0.115829,0.050000,0.003536,0.250000,0.331275,6.8969,0.151152,0.066953,1.393513,0.779290,0.157644,0.082102,391
1153,100.000000,101.574403,0.141428,0.050000,0.004046,0.250000,0.272392,6.0278,0.168115,0.102431,1.598200,1.137723,0.157991,0.093884,391
1154,100.000000,101.574403,0.170704,0.050000,0.004630,0.250000,0.283040,7.0941,0.185086,0.098043,1.816910,1.179205,0.156954,0.092888,391
1155,100.000000,101.574403,0.203913,0.050000,0.005299,0.250000,0.277202,6.3097,0.201934,0.111044,2.049742,1.379460,0.154729,0.096019,391
1156,100.000000,101.574403,0.241324,0.050000,0.006064,0.250000,0.269682,5.6291,0.218545,0.130424,2.296935,1.651726,0.151516,0.099172,391
1157,100.000000,101.574403,0.283210,0.050000,0.006939,0.250000,0.267896,5.0294,0.234831,0.143597,2.558877,1.886621,0.147500,0.100490,391
1158,100.000000,101.574403,0.329859,0.050000,0.007941,0.250000,0.267557,4.5025,0.250717,0.154608,2.836103,2.120157,0.142857,0.101150,391
1159,100.000000,101.574403,0.381576,0.050000,0.009088,0.250000,0.265214,13.4152,0.266152,0.170848,3.129297,2.420197,0.137740,0.101309,552
1160,100.000000,101.574403,0.438681,0.050000,0.010399,0.250000,0.263327,229.9267,0.281094,0.187121,3.439290,2.741362,0.132287,0.100699,1357
1161,100.000000,101.574403,0.501522,0.050000,0.011901,0.250000,0.261716,4.0501,0.295519,0.203343,3.767051,3.084601,0.126616,0.099419,391
1162,100.000000,101.574403,0.570469,0.050000,0.013619,0.250000,0.260340,87.0490,0.309414,0.219441,4.113693,3.450326,0.120824,0.097562,713
1163,100.000000,101.574403,0.645921,0.050000,0.015585,0.250000,0.258705,77.9593,0.322775,0.237303,4.480462,3.856931,0.114995,0.094853,713
1164,100.000000,101.574403,0.728314,0.050000,0.017835,0.250000,0.257796,69.6748,0.335605,0.252411,4.868737,4.265335,0.109196,0.092184,713
1165,100.000000,101.574403,0.818119,0.050000,0.020410,0.250000,0.256967,62.1140,0.347916,0.267288,5.280034,4.699718,0.103482,0.089220,713
1166,100.000000,101.574403,0.915846,0.050000,0.023356,0.250000,0.256211,55.1540,0.359724,0.281929,5.715997,5.161492,0.097894,0.086018,713
1167,100.000000,101.574403,1.022054,0.050000,0.026728,0.250000,0.255515,48.8657,0.371050,0.296318,6.178406,5.652316,0.092464,0.082628,713
1168,100.000000,101.574403,1.137352,0.050000,0.030586,0.250000,0.254887,43.1442,0.381918,0.310404,6.669173,6.173335,0.087218,0.079111,713
1169,100.000000,101.574403,1.262403,0.050000,0.035002,0.250000,0.254314,500.0001,0.392355,0.324143,7.190348,6.726167,0.082171,0.075521,1518
1170,100.000000,101.574403,1.397933,0.050000,0.040055,0.250000,0.253881,500.0001,0.402389,0.336809,7.744120,7.306501,0.077335,0.072141,1518
1171,100.000000,101.574403,1.544733,0.050000,0.045837,0.250000,0.253392,3.6556,0.412050,0.350053,8.332821,7.930405,0.072716,0.068456,391
1172,100.000000,101.574403,1.703670,0.050000,0.052455,0.250000,0.252967,3.3230,0.421369,0.362800,8.958926,8.591067,0.068317,0.064850,391
1173,100.000000,101.574403,1.875691,0.050000,0.060027,0.250000,0.252601,3.0518,0.430378,0.375094,9.625064,9.291053,0.064138,0.061337,391
1174,100.000000,101.574403,2.061836,0.050000,0.068693,0.250000,0.252278,92.2525,0.439109,0.386974,10.334012,10.033411,0.060175,0.057932,1518
1175,100.000000,101.574403,2.263239,0.050000,0.078610,0.250000,0.251997,696.9130,0.447594,0.398475,11.088706,10.821046,0.056424,0.054646,1518
1176,100.000000,101.574403,2.481147,0.050000,0.089959,0.250000,0.251749,431.1007,0.455866,0.409632,11.892235,11.657133,0.052879,0.051484,1518
1177,100.000000,101.574403,2.716923,0.050000,0.102946,0.250000,0.251533,306.1044,0.463956,0.420478,12.747848,12.544904,0.049532,0.048452,1518
1178,100.000000,101.574403,2.972067,0.050000,0.117808,0.250000,0.251342,175.5673,0.471898,0.431046,13.658949,13.487833,0.046377,0.045554,874
1179,100.000000,101.574403,3.248220,0.050000,0.134815,0.250000,0.251167,152.1409,0.479722,0.441606,14.629093,14.490759,0.043405,0.042688,874
1180,100.000000,101.574403,3.547187,0.050000,0.154277,0.250000,0.251025,133.2676,0.487463,0.451620,15.661981,15.554277,0.040607,0.040101,874
1181,100.000000,101.574403,3.870950,0.050000,0.176550,0.250000,0.250898,117.1607,0.495151,0.461495,16.761444,16.684517,0.037976,0.037631,874
1182,100.000000,101.574403,4.221686,0.050000,0.202037,0.250000,0.250788,103.3956,0.502819,0.471256,17.931432,17.885275,0.035501,0.035281,874
1183,100.000000,101.574403,4.601790,0.050000,0.231204,0.250000,0.250690,2639.9326,0.510499,0.480929,19.175986,19.160684,0.033176,0.033051,1679
1184,100.000000,101.574403,5.013892,0.050000,0.264582,0.250000,0.250603,2644.5782,0.518223,0.490546,20.499207,20.514862,0.030991,0.030938,1679
1185,100.000000,101.574403,5.460888,0.050000,0.302779,0.250000,0.250709,2.8235,0.526022,0.500098,21.905215,21.951991,0.028939,0.028940,552
1186,100.000000,101.574403,5.945960,0.050000,0.346489,0.250000,0.250631,2.6780,0.533930,0.509733,23.398097,23.476097,0.027012,0.027033,552
1187,100.000000,101.574403,6.472611,0.050000,0.396510,0.250000,0.250563,196.8175,0.541978,0.519375,24.981830,25.091375,0.025202,0.025254,1035
1188,100.000000,101.574403,7.044688,0.050000,0.453753,0.250000,0.250503,178.9582,0.550198,0.529098,26.660198,26.801675,0.023502,0.023576,1035
1189,100.000000,101.574403,7.666423,0.050000,0.519259,0.250000,0.250450,12.1057,0.558623,0.538939,28.436684,28.610511,0.021906,0.021994,391
1190,100.000000,101.574403,8.342459,0.050000,0.594222,0.250000,0.250405,10.6955,0.567286,0.548935,30.314323,30.521028,0.020406,0.020504,391
1191,100.000000,101.574403,9.077894,0.050000,0.680006,0.250000,0.250366,9.4241,0.576218,0.559122,32.295544,32.535691,0.018997,0.019100,391
1192,100.000000,101.574403,9.878311,0.050000,0.778176,0.250000,0.250332,8.2594,0.585453,0.569537,34.381955,34.656237,0.017673,0.017778,391
1193,100.000000,101.574403,10.749819,0.050000,0.890517,0.250000,0.250305,7.2831,0.595020,0.580215,36.574100,36.883198,0.016428,0.016533,391
1194,100.000000,101.574403,11.699081,0.050000,1.019077,0.250000,0.250282,6.3854,0.604953,0.591183,38.871150,39.216055,0.015257,0.015375,391
1195,100.000000,101.574403,12.733350,0.050000,1.166196,0.250000,0.250268,5.6183,0.615280,0.602497,41.270555,41.651755,0.014156,0.014271,391
1196,100.000000,101.574403,13.860492,0.050000,1.334554,0.250000,0.250174,4.9001,0.626031,0.614178,43.767611,44.185827,0.013118,0.013234,391
1197,100.000000,101.574403,15.088996,0.050000,1.527217,0.250000,0.250183,1.7434,0.637234,0.626258,46.354973,46.810824,0.012141,0.012251,552
1198,100.000000,101.574403,16.427977,0.050000,1.747694,0.250000,3.750000,1.8317,0.648912,0.866939,49.022085,-43.911737,0.011220,-0.000000,552
1199,100.000000,101.574403,17.887154,0.050000,2.000000,0.250000,3.250000,4.2927,0.661088,1.000000,51.754528,0.000000,0.010351,0.000000,391
1200,100.000000,100.522718,0.304189,0.050000,0.002700,0.250000,0.256559,3.7628,0.350321,0.271354,1.925292,1.722336,0.285228,0.253904,391
1201,100.000000,100.522718,0.338624,0.050000,0.003090,0.250000,0.255615,3.2765,0.360506,0.285886,2.080571,1.889966,0.269348,0.242909,391
1202,100.000000,100.522718,0.375878,0.050000,0.003536,0.250000,0.254843,2.8777,0.370177,0.299672,2.245486,2.066461,0.254026,0.231751,391
1203,100.000000,100.522718,0.416137,0.050000,0.004046,0.250000,0.254218,2.4974,0.379357,0.312739,2.420752,2.252590,0.239306,0.220599,391
1204,100.000000,100.522718,0.459605,0.050000,0.004630,0.250000,0.253671,2.1791,0.388070,0.325132,2.607135,2.449378,0.225217,0.209571,391
1205,100.000000,100.522718,0.506501,0.050000,0.005299,0.250000,0.253187,1.8847,0.396342,0.336889,2.805456,2.657769,0.211776,0.198757,391
1206,100.000000,100.522718,0.557062,0.050000,0.006064,0.250000,0.252787,4.7743,0.404197,0.348070,3.016591,2.878485,0.198987,0.188200,391
1207,100.000000,100.522718,0.611546,0.050000,0.006939,0.250000,0.252447,4.3344,0.411662,0.358715,3.241480,3.112522,0.186847,0.177945,391
1208,100.000000,100.522718,0.670232,0.050000,0.007941,0.250000,0.252138,3.9750,0.418763,0.368847,3.481124,3.361135,0.175347,0.168035,391
1209,100.000000,100.522718,0.733421,0.050000,0.009088,0.250000,0.251858,3.6454,0.425524,0.378508,3.736593,3.625359,0.164471,0.158489,391
1210,100.000000,100.522718,0.801440,0.050000,0.010399,0.250000,0.251640,3.3212,0.431972,0.387717,4.009027,3.905971,0.154202,0.149327,391
1211,100.000000,100.522718,0.874644,0.050000,0.011901,0.250000,0.251431,3.0524,0.438131,0.396509,4.299644,4.204814,0.144517,0.140561,391
1212,100.000000,100.522718,0.953416,0.050000,0.013619,0.250000,0.251211,2.8032,0.444025,0.405696,4.609740,4.524946,0.135393,0.131264,391
1213,100.000000,100.522718,1.038174,0.050000,0.015585,0.250000,0.251070,2.5797,0.449678,0.413491,4.940699,4.862793,0.126807,0.123571,391
1214,100.000000,100.522718,1.129369,0.050000,0.017835,0.250000,0.250942,2.3687,0.455113,0.421011,5.293996,5.222973,0.118734,0.116205,391
1215,100.000000,100.522718,1.227492,0.050000,0.020410,0.250000,0.250826,65.5872,0.460353,0.428263,5.671198,5.607001,0.111148,0.109181,553
1216,100.000000,100.522718,1.333076,0.050000,0.023356,0.250000,0.250728,56.1547,0.465420,0.435260,6.073979,6.016414,0.104024,0.102501,553
1217,100.000000,100.522718,1.446701,0.050000,0.026728,0.250000,0.250639,48.4335,0.470335,0.442017,6.504117,6.453142,0.097339,0.096167,553
1218,100.000000,100.522718,1.568996,0.050000,0.030586,0.250000,0.250562,42.1792,0.475121,0.448553,6.963505,6.918917,0.091067,0.090173,553
1219,100.000000,100.522718,1.700646,0.050000,0.035002,0.250000,0.250490,2.1923,0.479797,0.454888,7.454155,7.415945,0.085186,0.084512,395
1220,100.000000,100.522718,1.842397,0.050000,0.040055,0.250000,0.250429,2.0200,0.484383,0.461043,7.978205,7.946209,0.079673,0.079172,395
1221,100.000000,100.522718,1.995062,0.050000,0.045837,0.250000,0.250376,36.7147,0.488901,0.467042,8.537925,8.512004,0.074506,0.074141,552
1222,100.000000,100.522718,2.159527,0.050000,0.052455,0.250000,0.250328,31.8664,0.493370,0.472906,9.135719,9.115907,0.069665,0.069407,552
1223,100.000000,100.522718,2.336757,0.050000,0.060027,0.250000,0.250288,27.8699,0.497809,0.478658,9.774139,9.760255,0.065131,0.064956,552
1224,100.000000,100.522718,2.527809,0.050000,0.068693,0.250000,0.250250,24.4683,0.502239,0.484322,10.455878,10.447943,0.060884,0.060773,552
1225,100.000000,100.522718,2.733835,0.050000,0.078610,0.250000,0.250218,21.3784,0.506679,0.489922,11.183785,11.181773,0.056908,0.056846,552
1226,100.000000,100.522718,2.956095,0.050000,0.089959,0.250000,0.250188,18.5835,0.511148,0.495480,11.960859,11.964793,0.053184,0.053161,552
1227,100.000000,100.522718,3.195967,0.050000,0.102946,0.250000,0.250477,16.4008,0.515666,0.501018,12.790256,12.800125,0.049697,0.049641,552
1228,100.000000,100.522718,3.454962,0.050000,0.117808,0.250000,0.250433,14.3117,0.520254,0.506558,13.675285,13.691130,0.046433,0.046406,552
1229,100.000000,100.522718,3.734733,0.050000,0.134815,0.250000,0.250398,272.0195,0.524931,0.512127,14.619407,14.641269,0.043376,0.043371,1196
1230,100.000000,100.522718,4.037093,0.050000,0.154277,0.250000,0.250365,0.3904,0.529718,0.517750,15.626224,15.654188,0.040515,0.040527,391
1231,100.000000,100.522718,4.364031,0.050000,0.176550,0.250000,0.250332,0.3636,0.534635,0.523453,16.699471,16.733710,0.037835,0.037860,391
1232,100.000000,100.522718,4.717730,0.050000,0.202037,0.250000,0.250305,0.3392,0.539704,0.529257,17.843002,17.883597,0.035326,0.035360,391
1233,100.000000,100.522718,5.100588,0.050000,0.231204,0.250000,0.250280,0.3374,0.544946,0.535189,19.060760,19.107898,0.032976,0.033017,391
1234,100.000000,100.522718,5.515236,0.050000,0.264582,0.250000,0.250258,0.3451,0.550383,0.541272,20.356752,20.410637,0.030776,0.030821,391
1235,100.000000,100.522718,5.964568,0.050000,0.302779,0.250000,0.250237,0.3844,0.556039,0.547534,21.735005,21.795858,0.028714,0.028762,391
1236,100.000000,100.522718,6.451763,0.050000,0.346489,0.250000,0.250219,35000.0000,0.561935,0.553998,23.199512,23.267522,0.026782,0.026831,1518
1237,100.000000,100.522718,6.980315,0.050000,0.396510,0.250000,0.250202,30000.0000,0.568097,0.560692,24.754163,24.829616,0.024972,0.025021,1518
1238,100.000000,100.522718,7.554063,0.050000,0.453753,0.250000,0.250039,98.9854,0.574548,0.567642,26.402660,26.485860,0.023275,0.023323,1518
1239,100.000000,100.522718,8.177222,0.050000,0.519259,0.250000,0.250036,0.4345,0.581313,0.574875,28.148405,28.239622,0.021684,0.021730,553
1240,100.000000,100.522718,8.854419,0.050000,0.594222,0.250000,0.250034,0.5329,0.588417,0.582418,29.994365,30.093930,0.020191,0.020236,553
1241,100.000000,100.522718,9.590729,0.050000,0.680006,0.250000,0.250034,42.9624,0.595886,0.590299,31.942909,32.051141,0.018790,0.018833,391
1242,100.000000,100.522718,10.391706,0.050000,0.778176,0.250000,0.250035,37.3846,0.603746,0.598545,33.995596,34.112887,0.017475,0.017515,391
1243,100.000000,100.522718,11.263425,0.050000,0.890517,0.250000,0.250038,32.4500,0.612023,0.607183,36.152938,36.279648,0.016239,0.016277,391
1244,100.000000,100.522718,12.212512,0.050000,1.019077,0.250000,0.250043,28.2186,0.620741,0.616259,38.414096,38.550106,0.015078,0.015129,391
1245,100.000000,100.522718,13.246173,0.050000,1.166196,0.250000,0.250053,24.6340,0.629926,0.625766,40.776530,40.922549,0.013986,0.014033,391
1246,100.000000,100.522718,14.372217,0.050000,1.334554,0.250000,0.250069,21.4499,0.639603,0.635745,43.235581,43.391989,0.012959,0.013002,391
1247,100.000000,100.522718,15.599075,0.050000,1.527217,0.250000,0.250092,18.5734,0.649793,0.646219,45.783984,45.951148,0.011991,0.012031,391
1248,100.000000,100.522718,16.935789,0.050000,1.747694,0.250000,3.750000,0.6896,0.660518,0.865419,48.411305,-44.466677,0.011080,-0.000000,553
1249,100.000000,100.522718,18.391998,0.050000,2.000000,0.250000,3.250000,0.9233,0.671794,1.000000,51.103304,0.000000,0.010221,0.000000,553
1250,100.000000,99.482690,0.825003,0.050000,0.002700,0.250000,0.255567,16.3543,0.661349,0.733398,1.901021,1.707127,0.281633,0.246467,391
1251,100.000000,99.482690,0.859588,0.050000,0.003090,0.250000,0.254924,14.1776,0.652209,0.721291,2.054126,1.866983,0.265925,0.236326,391
1252,100.000000,99.482690,0.896995,0.050000,0.003536,0.250000,0.254360,812.7475,0.643644,0.709662,2.216741,2.036552,0.250774,0.225924,1518
1253,100.000000,99.482690,0.937411,0.050000,0.004046,0.250000,0.254296,330.4017,0.635635,0.701676,2.389572,2.205956,0.236223,0.218216,1519
1254,100.000000,99.482690,0.981041,0.050000,0.004630,0.250000,0.253738,12.3829,0.628163,0.690563,2.573374,2.398611,0.222301,0.207317,391
1255,100.000000,99.482690,1.028103,0.050000,0.005299,0.250000,0.253245,10.7974,0.621209,0.680085,2.768956,2.602859,0.209021,0.196554,391
1256,100.000000,99.482690,1.078837,0.050000,0.006064,0.250000,0.252822,9.4056,0.614751,0.670229,2.977185,2.819277,0.196388,0.186009,391
1257,100.000000,99.482690,1.133500,0.050000,0.006939,0.250000,0.252463,8.2093,0.608772,0.660999,3.198987,3.048727,0.184398,0.175758,391
1258,100.000000,99.482690,1.192370,0.050000,0.007941,0.250000,0.252145,7.1806,0.603250,0.652373,3.435349,3.292444,0.173041,0.165845,391
1259,100.000000,99.482690,1.255751,0.050000,0.009088,0.250000,0.251857,6.2287,0.598169,0.644334,3.687326,3.551396,0.162303,0.156303,391
1260,100.000000,99.482690,1.323969,0.050000,0.010399,0.250000,0.251635,5.4848,0.593509,0.636868,3.956045,3.826341,0.152164,0.147160,391
1261,100.000000,99.482690,1.397380,0.050000,0.011901,0.250000,0.251418,4.7934,0.589254,0.629952,4.242705,4.119086,0.142603,0.138421,391
1262,100.000000,99.482690,1.476367,0.050000,0.013619,0.250000,0.251238,4.1652,0.585390,0.623572,4.548587,4.430452,0.133597,0.130101,391
1263,100.000000,99.482690,1.561348,0.050000,0.015585,0.250000,0.251080,3.6663,0.581899,0.617705,4.875054,4.761958,0.125123,0.122196,391
1264,100.000000,99.482690,1.652776,0.050000,0.017835,0.250000,0.250941,3.1728,0.578771,0.612333,5.223561,5.115099,0.117154,0.114698,391
1265,100.000000,99.482690,1.751140,0.050000,0.020410,0.250000,0.250821,2.7996,0.575991,0.607441,5.595656,5.491412,0.109668,0.107604,391
1266,100.000000,99.482690,1.856975,0.050000,0.023356,0.250000,0.250718,2.4307,0.573549,0.603009,5.992988,5.892460,0.102637,0.100899,391
1267,100.000000,99.482690,1.970859,0.050000,0.026728,0.250000,0.250623,2.1172,0.571436,0.599024,6.417312,6.320156,0.096040,0.094573,391
1268,100.000000,99.482690,2.093423,0.050000,0.030586,0.250000,0.250548,1.8299,0.569642,0.595471,6.870496,6.776230,0.089851,0.088609,391
1269,100.000000,99.482690,2.225351,0.050000,0.035002,0.250000,0.250479,1.6004,0.568161,0.592337,7.354525,7.262852,0.084047,0.082994,391
1270,100.000000,99.482690,2.367388,0.050000,0.040055,0.250000,0.250417,1.4043,0.566985,0.589609,7.871507,7.781987,0.078607,0.077711,391
1271,100.000000,99.482690,2.520348,0.050000,0.045837,0.250000,0.250367,1.2195,0.566111,0.587278,8.423681,8.335893,0.073509,0.072744,391
1272,100.000000,99.482690,2.685114,0.050000,0.052455,0.250000,0.250317,1.0598,0.565535,0.585335,9.013421,8.927090,0.068733,0.068077,391
1273,100.000000,99.482690,2.862653,0.050000,0.060027,0.250000,0.250280,0.9227,0.565254,0.583773,9.643242,9.557878,0.064259,0.063695,391
1274,100.000000,99.482690,3.054017,0.050000,0.068693,0.250000,0.250243,0.8136,0.565267,0.582584,10.315803,10.231101,0.060069,0.059582,391
1275,100.000000,99.482690,3.260358,0.050000,0.078610,0.250000,0.250212,0.7147,0.565574,0.581765,11.033912,10.949493,0.056145,0.055724,391
1276,100.000000,99.482690,3.482934,0.050000,0.089959,0.250000,0.250183,0.6229,0.566176,0.581312,11.800530,11.716049,0.052471,0.052104,391
1277,100.000000,99.482690,3.723121,0.050000,0.102946,0.250000,0.250160,0.5358,0.567077,0.581223,12.618770,12.533831,0.049031,0.048710,391
1278,100.000000,99.482690,3.982424,0.050000,0.117808,0.250000,0.250140,0.4768,0.568279,0.581499,13.491896,13.406133,0.045810,0.045529,391
1279,100.000000,99.482690,4.262494,0.050000,0.134815,0.250000,0.250122,0.4226,0.569788,0.582139,14.423321,14.336335,0.042794,0.042547,391
1280,100.000000,99.482690,4.565138,0.050000,0.154277,0.250000,0.250106,0.3773,0.571609,0.583148,15.416602,15.328002,0.039971,0.039752,391
1281,100.000000,99.482690,4.892340,0.050000,0.176550,0.250000,0.250092,0.3481,0.573751,0.584528,16.475422,16.384879,0.037328,0.037134,391
1282,100.000000,99.482690,5.246274,0.050000,0.202037,0.250000,0.250081,55.6737,0.576222,0.586285,17.603582,17.510653,0.034852,0.034679,553
1283,100.000000,99.482690,5.629331,0.050000,0.231204,0.250000,0.250071,49.2376,0.579032,0.588427,18.804974,18.709282,0.032534,0.032379,553
1284,100.000000,99.482690,6.044132,0.050000,0.264582,0.250000,0.250062,43.6044,0.582192,0.590961,20.083549,19.984701,0.030363,0.030224,552
1285,100.000000,99.482690,6.493559,0.050000,0.302779,0.250000,0.250054,0.3314,0.585715,0.593896,21.443282,21.340885,0.028329,0.028203,391
1286,100.000000,99.482690,6.980777,0.050000,0.346489,0.250000,0.250048,0.3284,0.589613,0.597245,22.888111,22.781700,0.026423,0.026310,391
1287,100.000000,99.482690,7.509263,0.050000,0.396510,0.250000,0.250042,0.3421,0.593903,0.601019,24.421875,24.311045,0.024637,0.024534,391
1288,100.000000,99.482690,8.082837,0.050000,0.453753,0.250000,0.250038,0.3761,0.598599,0.605232,26.048224,25.932559,0.022962,0.022869,391
1289,100.000000,99.482690,8.705694,0.050000,0.519259,0.250000,0.250035,0.4429,0.603719,0.609898,27.770516,27.649554,0.021392,0.021307,391
1290,100.000000,99.482690,9.382433,0.050000,0.594222,0.250000,0.250033,0.5478,0.609280,0.615033,29.591679,29.464979,0.019920,0.019841,391
1291,100.000000,99.482690,10.118100,0.050000,0.680006,0.250000,0.250033,0.7111,0.615301,0.620654,31.514047,31.381142,0.018537,0.018466,391
1292,100.000000,99.482690,10.918216,0.050000,0.778176,0.250000,0.250034,223.9209,0.621801,0.626779,33.539162,33.399637,0.017240,0.017174,1681
1293,100.000000,99.482690,11.788816,0.050000,0.890517,0.250000,0.250038,0.9555,0.628800,0.633426,35.667525,35.520918,0.016021,0.015960,392
1294,100.000000,99.482690,12.736481,0.050000,1.019077,0.250000,0.250044,138.5045,0.636319,0.640612,37.898311,37.744224,0.014876,0.014819,391
1295,100.000000,99.482690,13.768364,0.050000,1.166196,0.250000,0.250055,86.1466,0.644376,0.648355,40.229014,40.067036,0.013798,0.013745,552
1296,100.000000,99.482690,14.892219,0.050000,1.334554,0.250000,0.250071,77.2351,0.652991,0.656675,42.655036,42.484825,0.012785,0.012735,552
1297,100.000000,99.482690,16.116407,0.050000,1.527217,0.250000,0.250096,35000.0000,0.662182,0.665586,45.169211,44.990492,0.011830,0.011784,1518
1298,100.000000,99.482690,17.449898,0.050000,1.747694,0.250000,3.500000,30000.0000,0.671964,1.000000,47.761245,0.000000,0.010931,0.000000,1518
1299,100.000000,99.482690,18.902246,0.050000,2.000000,0.250000,3.500000,69.0013,0.682353,0.869239,50.417088,-39.864442,0.010083,-0.000000,553
1300,100.000000,98.473658,1.612780,0.050000,0.002700,0.250000,0.256419,61.4595,0.885110,0.833915,1.007900,1.295413,0.149319,0.099523,553
1301,100.000000,98.473658,1.632861,0.050000,0.003090,0.250000,0.251871,54.6503,0.869685,0.847936,1.177865,1.308113,0.152485,0.099624,553
1302,100.000000,98.473658,1.656127,0.050000,0.003536,0.250000,0.253349,48.4473,0.854057,0.871766,1.361217,1.246624,0.153991,0.098174,553
1303,100.000000,98.473658,1.682827,0.050000,0.004046,0.250000,0.266086,42.9237,0.838394,0.894473,1.557844,1.162323,0.154002,0.094500,553
1304,100.000000,98.473658,1.713213,0.050000,0.004630,0.250000,0.272949,37.8841,0.822844,0.896642,1.767744,1.224978,0.152706,0.093913,553
1305,100.000000,98.473658,1.747540,0.050000,0.005299,0.250000,0.275448,33.4334,0.807535,0.892686,1.991040,1.346258,0.150298,0.094622,553
1306,100.000000,98.473658,1.786071,0.050000,0.006064,0.250000,0.267917,29.4691,0.792575,0.874339,2.227991,1.609739,0.146968,0.097372,553
1307,100.000000,98.473658,1.829079,0.050000,0.006939,0.250000,0.268277,25.9006,0.778055,0.866230,2.478995,1.797902,0.142896,0.097991,552
1308,100.000000,98.473658,1.876851,0.050000,0.007941,0.250000,0.264031,22.7863,0.764044,0.848327,2.744591,2.093434,0.138247,0.098611,552
1309,100.000000,98.473658,1.929691,0.050000,0.009088,0.250000,0.263850,20.0182,0.750599,0.838395,3.025460,2.334878,0.133170,0.098328,552
1310,100.000000,98.473658,1.987920,0.050000,0.010399,0.250000,0.261991,17.5750,0.737760,0.823811,3.322416,2.640063,0.127792,0.097406,552
1311,100.000000,98.473658,2.051884,0.050000,0.011901,0.250000,0.260529,15.3971,0.725557,0.809821,3.636410,2.962108,0.122225,0.095882,552
1312,100.000000,98.473658,2.121956,0.050000,0.013619,0.250000,0.258615,13.5022,0.714007,0.793617,3.968522,3.328980,0.116560,0.093480,552
1313,100.000000,98.473658,2.198535,0.050000,0.015585,0.250000,0.257724,11.8226,0.703122,0.780826,4.319962,3.688394,0.110876,0.091030,552
1314,100.000000,98.473658,2.282058,0.050000,0.017835,0.250000,0.256900,10.3635,0.692904,0.768345,4.692065,4.071339,0.105234,0.088250,552
1315,100.000000,98.473658,2.372996,0.050000,0.020410,0.250000,0.256146,9.0766,0.683350,0.756251,5.086293,4.478658,0.099685,0.085206,552
1316,100.000000,98.473658,2.471862,0.050000,0.023356,0.250000,0.255465,7.9381,0.674454,0.744609,5.504231,4.911237,0.094267,0.081964,552
1317,100.000000,98.473658,2.579216,0.050000,0.026728,0.250000,0.254845,6.9517,0.666206,0.733473,5.947594,5.370409,0.089010,0.078583,552
1318,100.000000,98.473658,2.695665,0.050000,0.030586,0.250000,0.254292,6.0844,0.658594,0.722882,6.418221,5.857433,0.083936,0.075115,552
1319,100.000000,98.473658,2.821873,0.050000,0.035002,0.250000,0.253788,5.3197,0.651605,0.712875,6.918085,6.373978,0.079060,0.071609,552
1320,100.000000,98.473658,2.958567,0.050000,0.040055,0.250000,0.253343,4.6557,0.645223,0.703468,7.449288,6.921741,0.074391,0.068102,552
1321,100.000000,98.473658,3.106536,0.050000,0.045837,0.250000,0.252947,4.0764,0.639435,0.694686,8.014071,7.502595,0.069935,0.064629,552
1322,100.000000,98.473658,3.266647,0.050000,0.052455,0.250000,0.252590,3.5721,0.634225,0.686535,8.614814,8.118865,0.065693,0.061216,552
1323,100.000000,98.473658,3.439844,0.050000,0.060027,0.250000,0.252279,3.1322,0.629580,0.679019,9.254039,8.772661,0.061665,0.057886,552
1324,100.000000,98.473658,3.627162,0.050000,0.068693,0.250000,0.252002,2.7567,0.625486,0.672143,9.934415,9.466642,0.057848,0.054653,552
1325,100.000000,98.473658,3.829733,0.050000,0.078610,0.250000,0.251758,2.4396,0.621932,0.665905,10.658759,10.203427,0.054236,0.051532,552
1326,100.000000,98.473658,4.048796,0.050000,0.089959,0.250000,0.251540,2.1750,0.618905,0.660299,11.430039,10.985924,0.050823,0.048531,552
1327,100.000000,98.473658,4.285709,0.050000,0.102946,0.250000,0.251350,1.9503,0.616397,0.655323,12.251375,11.817107,0.047603,0.045655,552
1328,100.000000,98.473658,4.541960,0.050000,0.117808,0.250000,0.251182,1.7917,0.614398,0.650968,13.126033,12.700223,0.044568,0.042908,552
1329,100.000000,98.473658,4.819180,0.050000,0.134815,0.250000,0.251036,1.6809,0.612903,0.647231,14.057430,13.638589,0.041709,0.040291,552
1330,100.000000,98.473658,5.119159,0.050000,0.154277,0.250000,0.250908,1.6385,0.611907,0.644105,15.049115,14.635747,0.039018,0.037803,552
1331,100.000000,98.473658,5.443862,0.050000,0.176550,0.250000,0.250794,1.6755,0.611405,0.641584,16.104771,15.695399,0.036488,0.035443,552
1332,100.000000,98.473658,5.795445,0.050000,0.202037,0.250000,0.250695,1.8102,0.611396,0.639664,17.228188,16.821203,0.034109,0.033207,552
1333,100.000000,98.473658,6.176278,0.050000,0.231204,0.250000,0.250608,140.3111,0.611881,0.638342,18.423247,18.017097,0.031874,0.031092,713
1334,100.000000,98.473658,6.588963,0.050000,0.264582,0.250000,0.250532,119.9055,0.612860,0.637616,19.693885,19.286994,0.029774,0.029094,713
1335,100.000000,98.473658,7.036360,0.050000,0.302779,0.250000,0.250466,105.2910,0.614338,0.637484,21.044060,20.634847,0.027801,0.027208,713
1336,100.000000,98.473658,7.521611,0.050000,0.346489,0.250000,0.250408,663.4235,0.616319,0.637947,22.477694,22.064497,0.025949,0.025429,552
1337,100.000000,98.473658,8.048170,0.050000,0.396510,0.250000,0.250357,182.7729,0.618809,0.639007,23.998608,23.579830,0.024210,0.023752,874
1338,100.000000,98.473658,8.619829,0.050000,0.453753,0.250000,0.250313,179.1692,0.621818,0.640669,25.610435,25.184465,0.022577,0.022172,1035
1339,100.000000,98.473658,9.240753,0.050000,0.519259,0.250000,0.250276,35000.0000,0.625354,0.642937,27.316517,26.881700,0.021043,0.020684,1518
1340,100.000000,98.473658,9.915512,0.050000,0.594222,0.250000,0.250244,30000.0000,0.629429,0.645818,29.119771,28.674498,0.019602,0.019283,1518
1341,100.000000,98.473658,10.649113,0.050000,0.680006,0.250000,0.250217,117.1070,0.634055,0.649319,31.022528,30.565164,0.018248,0.017963,552
1342,100.000000,98.473658,11.447039,0.050000,0.778176,0.250000,0.250195,50.0810,0.639245,0.653450,33.026333,32.555305,0.016976,0.016720,552
1343,100.000000,98.473658,12.315280,0.050000,0.890517,0.250000,0.250179,44.3625,0.645013,0.658220,35.131706,34.645441,0.015780,0.015550,552
1344,100.000000,98.473658,13.260369,0.050000,1.019077,0.250000,0.250168,39.2228,0.651373,0.663641,37.337851,36.834849,0.014656,0.014448,552
1345,100.000000,98.473658,14.289403,0.050000,1.166196,0.250000,0.250164,254.4755,0.658342,0.669723,39.642317,39.121151,0.013597,0.013409,1198
1346,100.000000,98.473658,15.410075,0.050000,1.334554,0.250000,0.250168,34.6255,0.665932,0.676475,42.040586,41.499949,0.012601,0.012430,553
1347,100.000000,98.473658,16.630676,0.050000,1.527217,0.250000,0.250181,30.5194,0.674157,0.683910,44.525603,43.964360,0.011662,0.011506,552
1348,100.000000,98.473658,17.960101,0.050000,1.747694,0.250000,3.750000,26.8745,0.683030,0.862403,47.087228,-45.569584,0.010777,-0.000000,552
1349,100.000000,98.473658,19.407819,0.050000,2.000000,0.250000,3.250000,23.6470,0.692561,1.000000,49.711609,0.000000,0.009942,0.000000,552
1350,100.000000,97.475387,2.549294,0.050000,0.002700,0.250000,0.615704,20.7740,0.976444,0.932483,0.288891,0.861356,0.042799,0.087236,552
1351,100.000000,97.475387,2.556869,0.050000,0.003090,0.250000,0.335829,18.2474,0.968424,0.890652,0.394592,1.041922,0.051083,0.057558,552
1352,100.000000,97.475387,2.566660,0.050000,0.003536,0.250000,0.345759,16.0164,0.959018,0.871851,0.522601,1.246051,0.059120,0.059150,552
1353,100.000000,97.475387,2.579078,0.050000,0.004046,0.250000,0.279324,14.0393,0.948301,0.883515,0.673736,1.246920,0.066603,0.058222,552
1354,100.000000,97.475387,2.594550,0.050000,0.004630,0.250000,0.269357,12.3078,0.936396,0.872741,0.848367,1.418984,0.073286,0.059012,552
1355,100.000000,97.475387,2.613509,0.050000,0.005299,0.250000,0.267843,10.7884,0.923461,0.858086,1.046503,1.635601,0.078998,0.059606,552
1356,100.000000,97.475387,2.636387,0.050000,0.006064,0.250000,0.261913,9.4634,0.909678,0.845377,1.267908,1.852834,0.083637,0.059691,552
1357,100.000000,97.475387,2.663620,0.050000,0.006939,0.250000,0.316342,8.2988,0.895243,0.935473,1.512202,1.062764,0.087167,0.049128,552
1358,100.000000,97.475387,2.695639,0.050000,0.007941,0.250000,0.456781,7.2783,0.880349,0.950369,1.778963,0.961848,0.089608,0.047760,552
1359,100.000000,97.475387,2.732876,0.050000,0.009088,0.250000,0.394488,6.4039,0.865185,0.946320,2.067811,1.070711,0.091018,0.046933,552
1360,100.000000,97.475387,2.775763,0.050000,0.010399,0.250000,0.329457,5.6458,0.849927,0.934655,2.378474,1.312961,0.091485,0.049102,552
1361,100.000000,97.475387,2.824737,0.050000,0.011901,0.250000,0.290525,4.9961,0.834732,0.916088,2.710837,1.687599,0.091115,0.053045,552
1362,100.000000,97.475387,2.880245,0.050000,0.013619,0.250000,0.276926,4.4596,0.819740,0.900125,3.064975,2.049663,0.090022,0.055593,552
1363,100.000000,97.475387,2.942746,0.050000,0.015585,0.250000,0.269728,4.0233,0.805071,0.884494,3.441177,2.432714,0.088321,0.057285,552
1364,100.000000,97.475387,3.012720,0.050000,0.017835,0.250000,0.266843,3.6895,0.790824,0.871805,3.839953,2.799136,0.086123,0.058087,552
1365,100.000000,97.475387,3.090668,0.050000,0.020410,0.250000,0.266566,3.4803,0.777082,0.862697,4.262041,3.138876,0.083530,0.058331,552
1366,100.000000,97.475387,3.177124,0.050000,0.023356,0.250000,0.263118,3.4010,0.763908,0.846294,4.708404,3.622021,0.080637,0.058396,552
1367,100.000000,97.475387,3.272655,0.050000,0.026728,0.250000,0.261711,131.1785,0.751354,0.833465,5.180226,4.082915,0.077526,0.057967,713
1368,100.000000,97.475387,3.377874,0.050000,0.030586,0.250000,0.261018,110.1828,0.739457,0.822327,5.678905,4.551774,0.074267,0.057273,713
1369,100.000000,97.475387,3.493440,0.050000,0.035002,0.250000,0.259684,96.8432,0.728242,0.809156,6.206048,5.090791,0.070922,0.056187,713
1370,100.000000,97.475387,3.620068,0.050000,0.040055,0.250000,0.258531,85.3086,0.717726,0.796350,6.763462,5.664034,0.067542,0.054821,714
1371,100.000000,97.475387,3.758536,0.050000,0.045837,0.250000,0.257524,75.2354,0.707919,0.783985,7.353148,6.272681,0.064167,0.053226,714
1372,100.000000,97.475387,3.909691,0.050000,0.052455,0.250000,0.256632,66.3173,0.698823,0.772130,7.977300,6.918117,0.060832,0.051450,714
1373,100.000000,97.475387,4.074459,0.050000,0.060027,0.250000,0.255849,58.4900,0.690438,0.760837,8.638292,7.601849,0.057562,0.049538,714
1374,100.000000,97.475387,4.253853,0.050000,0.068693,0.250000,0.255008,165.6586,0.682758,0.749362,9.338681,8.339788,0.054379,0.047414,874
1375,100.000000,97.475387,4.448981,0.050000,0.078610,0.250000,0.254436,116.7506,0.675777,0.739507,10.081200,9.103061,0.051297,0.045365,391
1376,100.000000,97.475387,4.661059,0.050000,0.089959,0.250000,0.253922,168.4284,0.669485,0.730280,10.868755,9.911733,0.048328,0.043279,1035
1377,100.000000,97.475387,4.891420,0.050000,0.102946,0.250000,0.253463,32500.0000,0.663873,0.721710,11.704420,10.768281,0.045478,0.041184,1679
1378,100.000000,97.475387,5.141525,0.050000,0.117808,0.250000,0.253052,32500.0000,0.658930,0.713821,12.591431,11.675396,0.042753,0.039099,1679
1379,100.000000,97.475387,5.412981,0.050000,0.134815,0.250000,0.252687,64.1906,0.654646,0.706632,13.533182,12.635996,0.040153,0.037044,1679
1380,100.000000,97.475387,5.707551,0.050000,0.154277,0.250000,0.252365,18.7129,0.651013,0.700153,14.533210,13.653282,0.037681,0.035030,1679
1381,100.000000,97.475387,6.027173,0.050000,0.176550,0.250000,0.252077,35000.0000,0.648020,0.694393,15.595186,14.730663,0.035333,0.033071,1518
1382,100.000000,97.475387,6.373977,0.050000,0.202037,0.250000,0.251825,33.4883,0.645662,0.689356,16.722897,15.871568,0.033109,0.031173,1679
1383,100.000000,97.475387,6.750305,0.050000,0.231204,0.250000,0.251602,160.8604,0.643931,0.685046,17.920217,17.079749,0.031003,0.029344,1679
1384,100.000000,97.475387,7.158730,0.050000,0.264582,0.250000,0.251404,229.4850,0.642824,0.681462,19.191085,18.358957,0.029013,0.027587,1679
1385,100.000000,97.475387,7.602084,0.050000,0.302779,0.250000,0.251231,30000.0000,0.642337,0.678607,20.539453,19.713016,0.027135,0.025905,1518
1386,100.000000,97.475387,8.083479,0.050000,0.346489,0.250000,0.251079,3657.0430,0.642469,0.676478,21.969245,21.145726,0.025362,0.024298,1518
1387,100.000000,97.475387,8.606336,0.050000,0.396510,0.250000,0.250946,858.2950,0.643220,0.675078,23.484279,22.660859,0.023691,0.022767,1518
1388,100.000000,97.475387,9.174414,0.050000,0.453753,0.250000,0.250830,957.5856,0.644593,0.674405,25.088193,24.262009,0.022116,0.021312,1518
1389,100.000000,97.475387,9.791843,0.050000,0.519259,0.250000,0.250728,293.2411,0.646591,0.674462,26.784331,25.952427,0.020633,0.019929,1518
1390,100.000000,97.475387,10.463154,0.050000,0.594222,0.250000,0.250640,193.5655,0.649219,0.675250,28.575619,27.735072,0.019236,0.018619,1518
1391,100.000000,97.475387,11.193313,0.050000,0.680006,0.250000,0.250565,178.4253,0.652484,0.676772,30.464401,29.612260,0.017920,0.017377,1518
1392,100.000000,97.475387,11.987759,0.050000,0.778176,0.250000,0.250500,119.1282,0.656394,0.679033,32.452246,31.585618,0.016681,0.016201,1518
1393,100.000000,97.475387,12.852432,0.050000,0.890517,0.250000,0.250446,637.0032,0.660958,0.682036,34.539708,33.655720,0.015514,0.015088,552
1394,100.000000,97.475387,13.793810,0.050000,1.019077,0.250000,0.250402,37.4651,0.666186,0.685787,36.726041,35.821957,0.014415,0.014036,552
1395,100.000000,97.475387,14.818933,0.050000,1.166196,0.250000,0.250369,33.0710,0.672087,0.690292,39.008862,38.082017,0.013380,0.013041,552
1396,100.000000,97.475387,15.935426,0.050000,1.334554,0.250000,0.250348,29.1604,0.678671,0.695554,41.383750,40.431708,0.012404,0.012100,552
1397,100.000000,97.475387,17.151510,0.050000,1.527217,0.250000,0.250340,25.6723,0.685950,0.701580,43.843774,42.864347,0.011483,0.011210,552
1398,100.000000,97.475387,18.475997,0.050000,1.747694,0.250000,3.750000,22.5759,0.693929,0.860907,46.378958,-46.117426,0.010615,-0.000000,552
1399,100.000000,97.475387,19.918271,0.050000,2.000000,0.250000,3.250000,106.0706,0.702617,1.000000,48.975664,0.000000,0.009795,0.000000,713
1400,100.000000,96.506466,3.507717,0.050000,0.002700,0.250000,0.472197,197.2795,0.997059,0.927900,0.046694,0.718936,0.006918,0.036870,1357
1401,100.000000,96.506466,3.510639,0.050000,0.003090,0.250000,0.511844,93.1853,0.995017,0.904755,0.080133,0.943322,0.010374,0.040071,714
1402,100.000000,96.506466,3.514519,0.050000,0.003536,0.250000,0.741830,82.0166,0.992055,0.950409,0.129557,0.670414,0.014656,0.038549,714
1403,100.000000,96.506466,3.519694,0.050000,0.004046,0.250000,0.661655,72.2593,0.987990,0.930339,0.198830,1.093052,0.019656,0.065627,714
1404,100.000000,96.506466,3.526566,0.050000,0.004630,0.250000,0.587945,63.6816,0.982675,0.834191,0.291559,3.077245,0.025186,0.196668,714
1405,100.000000,96.506466,3.535603,0.050000,0.005299,0.250000,0.615456,56.1154,0.976018,0.935130,0.410856,1.152098,0.031014,0.059493,713
1406,100.000000,96.506466,3.547319,0.050000,0.006064,0.250000,0.326691,49.4325,0.967982,0.892902,0.559177,1.438094,0.036886,0.041123,713
1407,100.000000,96.506466,3.562270,0.050000,0.006939,0.250000,0.590980,43.5257,0.958594,0.947835,0.738265,1.011290,0.042556,0.042742,713
1408,100.000000,96.506466,3.581043,0.050000,0.007941,0.250000,0.275203,135.8145,0.947934,0.884241,0.949165,1.739190,0.047810,0.041701,874
1409,100.000000,96.506466,3.604240,0.050000,0.009088,0.250000,0.268697,2067.8133,0.936132,0.872197,1.192317,1.993894,0.052482,0.042300,1518
1410,100.000000,96.506466,3.632474,0.050000,0.010399,0.250000,0.266953,1444.8750,0.923349,0.857943,1.467687,2.292835,0.056453,0.042651,1518
1411,100.000000,96.506466,3.666365,0.050000,0.011901,0.250000,0.261504,794.5716,0.909769,0.845352,1.774912,2.595949,0.059657,0.042655,1518
1412,100.000000,96.506466,3.706529,0.050000,0.013619,0.250000,0.313700,405.2496,0.895585,0.935383,2.113449,1.490386,0.062074,0.035270,1518
1413,100.000000,96.506466,3.753588,0.050000,0.015585,0.250000,0.447959,269.2604,0.880992,0.950250,2.482709,1.348198,0.063721,0.034211,1518
1414,100.000000,96.506466,3.808162,0.050000,0.017835,0.250000,0.386559,19.8466,0.866177,0.945909,2.882168,1.507202,0.064641,0.033683,552
1415,100.000000,96.506466,3.870879,0.050000,0.020410,0.250000,0.323298,17.4403,0.851313,0.933640,3.311456,1.860163,0.064900,0.035339,552
1416,100.000000,96.506466,3.942379,0.050000,0.023356,0.250000,0.288119,15.3154,0.836556,0.915575,3.770420,2.374759,0.064573,0.038005,552
1417,100.000000,96.506466,4.023318,0.050000,0.026728,0.250000,0.275841,13.4510,0.822043,0.900425,4.259170,2.865153,0.063742,0.039663,553
1418,100.000000,96.506466,4.114377,0.050000,0.030586,0.250000,0.269123,11.8220,0.807893,0.885498,4.778101,3.387033,0.062487,0.040760,553
1419,100.000000,96.506466,4.216269,0.050000,0.035002,0.250000,0.267878,10.4040,0.794203,0.875875,5.327912,3.834502,0.060887,0.041143,553
1420,100.000000,96.506466,4.329750,0.050000,0.040055,0.250000,0.264735,9.1726,0.781055,0.861866,5.909600,4.415344,0.059015,0.041433,553
1421,100.000000,96.506466,4.455623,0.050000,0.045837,0.250000,0.263581,8.1277,0.768512,0.850773,6.524463,4.975478,0.056936,0.041352,552
1422,100.000000,96.506466,4.594754,0.050000,0.052455,0.250000,0.261675,7.2402,0.756626,0.837397,7.174090,5.632016,0.054707,0.041010,552
1423,100.000000,96.506466,4.748073,0.050000,0.060027,0.250000,0.260607,6.5219,0.745434,0.825767,7.860343,6.298265,0.052378,0.040441,552
1424,100.000000,96.506466,4.916594,0.050000,0.068693,0.250000,0.259319,5.9664,0.734962,0.813314,8.585354,7.035599,0.049992,0.039623,552
1425,100.000000,96.506466,5.101418,0.050000,0.078610,0.250000,0.258202,35000.0000,0.725228,0.801282,9.351503,7.819061,0.047584,0.038611,1518
1426,100.000000,96.506466,5.303746,0.050000,0.089959,0.250000,0.257226,30000.0000,0.716245,0.789749,10.161409,8.650034,0.045182,0.037444,1518
1427,100.000000,96.506466,5.524896,0.050000,0.102946,0.250000,0.256368,147.3528,0.708016,0.778780,11.017916,9.530191,0.042811,0.036153,1035
1428,100.000000,96.506466,5.766310,0.050000,0.117808,0.250000,0.255612,5.5879,0.700544,0.768431,11.924076,10.461588,0.040487,0.034771,552
1429,100.000000,96.506466,6.029570,0.050000,0.134815,0.250000,0.254943,178.7770,0.693827,0.758748,12.883136,11.446502,0.038225,0.033324,1196
1430,100.000000,96.506466,6.316414,0.050000,0.154277,0.250000,0.254353,107.8898,0.687859,0.749768,13.898523,12.487538,0.036035,0.031837,391
1431,100.000000,96.506466,6.628754,0.050000,0.176550,0.250000,0.253747,191.2314,0.682636,0.741028,14.973820,13.600955,0.033925,0.030275,1357
1432,100.000000,96.506466,6.968692,0.050000,0.202037,0.250000,0.253307,2221.9741,0.678151,0.733643,16.112749,14.760438,0.031901,0.028776,1518
1433,100.000000,96.506466,7.338538,0.050000,0.231204,0.250000,0.252916,2618.4410,0.674398,0.727007,17.319136,15.985856,0.029963,0.027287,1518
1434,100.000000,96.506466,7.740835,0.050000,0.264582,0.250000,0.252567,4918.3047,0.671371,0.721136,18.596884,17.280551,0.028115,0.025820,1518
1435,100.000000,96.506466,8.178382,0.050000,0.302779,0.250000,0.252258,4116.5543,0.669065,0.716047,19.949921,18.647918,0.026356,0.024384,1518
1436,100.000000,96.506466,8.654258,0.050000,0.346489,0.250000,0.251985,3379.4492,0.667475,0.711750,21.382154,20.091470,0.024684,0.022987,1518
1437,100.000000,96.506466,9.171846,0.050000,0.396510,0.250000,0.251744,3654.5616,0.666598,0.708254,22.897395,21.614694,0.023099,0.021635,1518
1438,100.000000,96.506466,9.734871,0.050000,0.453753,0.250000,0.251532,766.9127,0.666433,0.705563,24.499276,23.220998,0.021597,0.020330,1518
1439,100.000000,96.506466,10.347420,0.050000,0.519259,0.250000,0.251345,252.0305,0.666979,0.703684,26.191150,24.913493,0.020176,0.019077,1518
1440,100.000000,96.506466,11.013984,0.050000,0.594222,0.250000,0.251182,186.9708,0.668237,0.702619,27.975953,26.694999,0.018832,0.017875,1518
1441,100.000000,96.506466,11.739484,0.050000,0.680006,0.250000,0.251040,169.5263,0.670211,0.702372,29.856049,28.567781,0.017562,0.016727,1518
1442,100.000000,96.506466,12.529310,0.050000,0.778176,0.250000,0.250917,115.0376,0.672902,0.702947,31.833037,30.533427,0.016363,0.015631,1518
1443,100.000000,96.506466,13.389350,0.050000,0.890517,0.250000,0.250813,1979.5871,0.676317,0.704345,33.907513,32.592530,0.015230,0.014587,1518
1444,100.000000,96.506466,14.326024,0.050000,1.019077,0.250000,0.250724,1365.5937,0.680461,0.706571,36.078790,34.744502,0.014161,0.013594,1518
1445,100.000000,96.506466,15.346312,0.050000,1.166196,0.250000,0.250652,732.9756,0.685340,0.709626,38.344562,36.987153,0.013152,0.012649,1518
1446,100.000000,96.506466,16.457771,0.050000,1.334554,0.250000,0.250597,381.1866,0.690961,0.713514,40.700511,39.316411,0.012199,0.011753,1518
1447,100.000000,96.506466,17.668547,0.050000,1.527217,0.250000,0.250559,258.4058,0.697330,0.718235,43.139839,41.725802,0.011299,0.010901,1518
1448,100.000000,96.506466,18.987372,0.050000,1.747694,0.250000,3.750000,23.8454,0.704451,0.859439,45.652739,-46.655837,0.010449,-0.000000,552
1449,100.000000,96.506466,20.423541,0.050000,2.000000,0.250000,3.250000,20.9928,0.712328,1.000000,48.225789,0.000000,0.009645,0.000000,552
1450,100.000000,95.547487,4.465480,0.050000,0.002700,0.250000,0.953186,18.4709,0.999787,0.949007,0.004182,0.611465,0.000619,0.032206,552
1451,100.000000,95.547487,4.467453,0.050000,0.003090,0.250000,0.836115,16.2643,0.999509,0.920503,0.009713,1.110172,0.001257,0.061298,552
1452,100.000000,95.547487,4.469827,0.050000,0.003536,0.250000,0.533050,14.3349,0.998976,0.932947,0.020461,0.780138,0.002315,0.028175,552
1453,100.000000,95.547487,4.472753,0.050000,0.004046,0.250000,0.552699,99.2090,0.998042,0.916723,0.039568,0.978513,0.003912,0.030129,713
1454,100.000000,95.547487,4.476447,0.050000,0.004630,0.250000,0.700116,3409.7970,0.996528,0.880073,0.071012,2.151194,0.006134,0.103222,1679
1455,100.000000,95.547487,4.481202,0.050000,0.005299,0.250000,0.411042,87.1366,0.994239,0.927703,0.119389,1.009206,0.009012,0.028811,713
1456,100.000000,95.547487,4.487397,0.050000,0.006064,0.250000,0.727331,76.6540,0.990983,0.950084,0.189593,0.887563,0.012506,0.030663,714
1457,100.000000,95.547487,4.495500,0.050000,0.006939,0.250000,0.633542,67.5029,0.986590,0.908907,0.286439,1.938932,0.016511,0.072854,714
1458,100.000000,95.547487,4.506062,0.050000,0.007941,0.250000,0.588648,59.4592,0.980933,0.864129,0.414306,3.234709,0.020869,0.120285,714
1459,100.000000,95.547487,4.519709,0.050000,0.009088,0.250000,0.630662,52.3722,0.973940,0.947860,0.576870,1.156604,0.025392,0.033433,714
1460,100.000000,95.547487,4.537130,0.050000,0.010399,0.250000,0.293522,46.1143,0.965596,0.901196,0.776938,1.777138,0.029884,0.031442,713
1461,100.000000,95.547487,4.559059,0.050000,0.011901,0.250000,0.321386,40.5747,0.955950,0.876076,1.016407,2.233379,0.034163,0.032843,713
1462,100.000000,95.547487,4.586266,0.050000,0.013619,0.250000,0.272481,35.6871,0.945100,0.881224,1.296326,2.319263,0.038075,0.032594,713
1463,100.000000,95.547487,4.619542,0.050000,0.015585,0.250000,0.267099,31.3783,0.933186,0.868895,1.617024,2.657477,0.041502,0.032976,713
1464,100.000000,95.547487,4.659690,0.050000,0.017835,0.250000,0.267540,27.5803,0.920378,0.853955,1.978288,3.059185,0.044369,0.033143,713
1465,100.000000,95.547487,4.707520,0.050000,0.020410,0.250000,0.510567,127.0235,0.906866,0.949488,2.379551,1.658258,0.046636,0.031181,874
1466,100.000000,95.547487,4.763846,0.050000,0.023356,0.250000,0.257314,138.6201,0.892842,0.834387,2.820074,3.803040,0.048297,0.032857,1035
1467,100.000000,95.547487,4.829486,0.050000,0.026728,0.250000,0.426723,12.6636,0.878500,0.949524,3.299104,1.774553,0.049373,0.026418,552
1468,100.000000,95.547487,4.905267,0.050000,0.030586,0.250000,0.364320,11.2349,0.864022,0.943487,3.816007,2.031677,0.049905,0.026384,552
1469,100.000000,95.547487,4.992030,0.050000,0.035002,0.250000,0.307714,10.0332,0.849574,0.928756,4.370367,2.565931,0.049944,0.028071,552
1470,100.000000,95.547487,5.090639,0.050000,0.040055,0.250000,0.282451,9.0522,0.835308,0.911698,4.962057,3.213934,0.049553,0.029864,552
1471,100.000000,95.547487,5.201987,0.050000,0.045837,0.250000,0.273450,35000.0000,0.821354,0.897973,5.591287,3.818529,0.048792,0.030889,1518
1472,100.000000,95.547487,5.327009,0.050000,0.052455,0.250000,0.268100,30000.0000,0.807825,0.884306,6.258625,4.468162,0.047726,0.031554,1518
1473,100.000000,95.547487,5.466693,0.050000,0.060027,0.250000,0.266648,7031.8592,0.794812,0.874407,6.965009,5.062745,0.046412,0.031780,1518
1474,100.000000,95.547487,5.622092,0.050000,0.068693,0.250000,0.263862,5861.1465,0.782393,0.861127,7.711744,5.803204,0.044905,0.031886,1518
1475,100.000000,95.547487,5.794333,0.050000,0.078610,0.250000,0.262702,2830.5048,0.770629,0.850322,8.500490,6.528891,0.043254,0.031730,1518
1476,100.000000,95.547487,5.984636,0.050000,0.089959,0.250000,0.260789,3026.9939,0.759566,0.837243,9.333245,7.380038,0.041500,0.031367,1518
1477,100.000000,95.547487,6.194322,0.050000,0.102946,0.250000,0.259921,8.3101,0.749240,0.826643,10.212325,8.221682,0.039680,0.030853,552
1478,100.000000,95.547487,6.424833,0.050000,0.117808,0.250000,0.258714,166.4782,0.739677,0.815002,11.140341,9.161924,0.037826,0.030150,1196
1479,100.000000,95.547487,6.677741,0.050000,0.134815,0.250000,0.257665,1610.4215,0.730895,0.803854,12.120175,10.159310,0.035961,0.029310,1518
1480,100.000000,95.547487,6.954771,0.050000,0.154277,0.250000,0.256750,4773.3098,0.722905,0.793274,13.154953,11.215435,0.034107,0.028359,1518
1481,100.000000,95.547487,7.257814,0.050000,0.176550,0.250000,0.255946,3835.4230,0.715713,0.783329,14.248018,12.332231,0.032281,0.027323,1518
1482,100.000000,95.547487,7.588948,0.050000,0.202037,0.250000,0.255237,3386.4760,0.709323,0.774068,15.402894,13.511948,0.030495,0.026225,1518
1483,100.000000,95.547487,7.950459,0.050000,0.231204,0.250000,0.254611,3806.6214,0.703733,0.765537,16.623257,14.757177,0.028759,0.025084,1518
1484,100.000000,95.547487,8.344860,0.050000,0.264582,0.250000,0.254057,435.2212,0.698943,0.757773,17.912886,16.070701,0.027081,0.023919,1518
1485,100.000000,95.547487,8.774916,0.050000,0.302779,0.250000,0.253569,713.8556,0.694950,0.750804,19.275621,17.455503,0.025465,0.022744,1518
1486,100.000000,95.547487,9.243671,0.050000,0.346489,0.250000,0.253138,4501.1646,0.691749,0.744653,20.715298,18.914615,0.023914,0.021571,1679
1487,100.000000,95.547487,9.754474,0.050000,0.396510,0.250000,0.252758,181.0002,0.689339,0.739339,22.235680,20.451266,0.022431,0.020410,1357
1488,100.000000,95.547487,10.311007,0.050000,0.453753,0.250000,0.252385,224.8067,0.687716,0.734624,23.840368,22.079125,0.021016,0.019247,1518
1489,100.000000,95.547487,10.917317,0.050000,0.519259,0.250000,0.252099,170.9950,0.686879,0.731072,25.532696,23.778202,0.019669,0.018139,1518
1490,100.000000,95.547487,11.577850,0.050000,0.594222,0.250000,0.251847,175.4004,0.686826,0.728380,27.315597,25.563713,0.018387,0.017061,1518
1491,100.000000,95.547487,12.297479,0.050000,0.680006,0.250000,0.251626,1767.2271,0.687557,0.726559,29.191445,27.437676,0.017171,0.016019,1519
1492,100.000000,95.547487,13.081542,0.050000,0.778176,0.250000,0.251433,1143.2010,0.689073,0.725614,31.161863,29.401542,0.016018,0.015013,1519
1493,100.000000,95.547487,13.935872,0.050000,0.890517,0.250000,0.251266,577.1351,0.691376,0.725552,33.227486,31.455812,0.014925,0.014047,1519
1494,100.000000,95.547487,14.866832,0.050000,1.019077,0.250000,0.251123,324.5085,0.694469,0.726377,35.387687,33.599831,0.013890,0.013120,1518
1495,100.000000,95.547487,15.881333,0.050000,1.166196,0.250000,0.251003,234.4990,0.698355,0.728092,37.640239,35.831463,0.012910,0.012233,1518
1496,100.000000,95.547487,16.986863,0.050000,1.334554,0.250000,0.250905,2605.6653,0.703037,0.730699,39.980928,38.146723,0.011983,0.011386,1679
1497,100.000000,95.547487,18.191492,0.050000,1.527217,0.250000,0.250831,73.1432,0.708518,0.734197,42.403094,40.539312,0.011106,0.010577,1679
1498,100.000000,95.547487,19.503869,0.050000,1.747694,0.250000,3.750000,122.8940,0.714800,0.857969,44.897104,-47.195281,0.010276,-0.000000,874
1499,100.000000,95.547487,20.933197,0.050000,2.000000,0.250000,3.500000,104.2849,0.721883,0.863526,47.449754,-41.795255,0.009490,-0.000000,713
1500,100.000000,94.616331,5.396444,0.050000,0.002700,0.250000,1.133480,83.8536,0.999991,0.950952,0.000221,0.572975,0.000033,0.024020,713
1501,100.000000,94.616331,5.398295,0.050000,0.003090,0.250000,0.751563,73.7214,0.999968,0.935087,0.000743,0.712275,0.000096,0.023015,713
1502,100.000000,94.616331,5.400428,0.050000,0.003536,0.250000,1.038284,14.0250,0.999909,0.951076,0.002161,0.644741,0.000244,0.023131,552
1503,100.000000,94.616331,5.402903,0.050000,0.004046,0.250000,0.938006,64.8797,0.999768,0.947808,0.005539,0.772754,0.000548,0.027760,713
1504,100.000000,94.616331,5.405811,0.050000,0.004630,0.250000,0.838932,57.1066,0.999472,0.926852,0.012719,1.236446,0.001099,0.045345,713
1505,100.000000,94.616331,5.409289,0.050000,0.005299,0.250000,0.548541,50.2700,0.998910,0.928351,0.026523,1.002546,0.002002,0.023693,713
1506,100.000000,94.616331,5.413535,0.050000,0.006064,0.250000,0.540759,44.2410,0.997934,0.918100,0.050840,1.183343,0.003354,0.024678,713
1507,100.000000,94.616331,5.418829,0.050000,0.006939,0.250000,0.450082,38.9326,0.996367,0.927970,0.090537,1.151728,0.005219,0.023709,713
1508,100.000000,94.616331,5.425547,0.050000,0.007941,0.250000,0.473816,34.2470,0.994015,0.909340,0.151189,1.458856,0.007616,0.025381,713
1509,100.000000,94.616331,5.434168,0.050000,0.009088,0.250000,0.718368,30.1135,0.990690,0.949424,0.238677,1.108599,0.010506,0.026045,713
1510,100.000000,94.616331,5.445281,0.050000,0.010399,0.250000,0.625499,26.4865,0.986231,0.901831,0.358733,2.580637,0.013798,0.066089,713
1511,100.000000,94.616331,5.459574,0.050000,0.011901,0.250000,0.587607,12.5736,0.980519,0.870503,0.516528,3.754965,0.017361,0.093457,555
1512,100.000000,94.616331,5.477827,0.050000,0.013619,0.250000,0.631637,11.4179,0.973490,0.948992,0.716355,1.373845,0.021040,0.026433,555
1513,100.000000,94.616331,5.500891,0.050000,0.015585,0.250000,0.290861,23.3036,0.965141,0.901000,0.961454,2.178716,0.024677,0.025847,713
1514,100.000000,94.616331,5.529678,0.050000,0.017835,0.250000,0.316593,133.6145,0.955524,0.876987,1.253972,2.720032,0.028124,0.026917,1035
1515,100.000000,94.616331,5.565139,0.050000,0.020410,0.250000,0.271760,92.5630,0.944745,0.880601,1.595050,2.849670,0.031261,0.026760,874
1516,100.000000,94.616331,5.608251,0.050000,0.023356,0.250000,0.266593,20.5171,0.932948,0.868413,1.984987,3.261454,0.033995,0.027032,713
1517,100.000000,94.616331,5.660009,0.050000,0.026728,0.250000,0.266776,18.0948,0.920306,0.853885,2.423452,3.746198,0.036269,0.027122,713
1518,100.000000,94.616331,5.721418,0.050000,0.030586,0.250000,0.260234,16.0050,0.907008,0.842566,2.909710,4.210833,0.038052,0.027009,713
1519,100.000000,94.616331,5.793492,0.050000,0.035002,0.250000,0.488757,160.7716,0.893249,0.951094,3.442838,2.041316,0.039345,0.023063,1196
1520,100.000000,94.616331,5.877255,0.050000,0.040055,0.250000,0.418563,35000.0000,0.879218,0.949328,4.021912,2.176083,0.040164,0.021663,1518
1521,100.000000,94.616331,5.973746,0.050000,0.045837,0.250000,0.356464,5015.6307,0.865097,0.942790,4.646157,2.508027,0.040545,0.021698,1518
1522,100.000000,94.616331,6.084028,0.050000,0.052455,0.250000,0.303321,7882.8430,0.851050,0.927783,5.315064,3.172660,0.040531,0.023092,1518
1523,100.000000,94.616331,6.209198,0.050000,0.060027,0.250000,0.271045,6880.0610,0.837226,0.902612,6.028467,4.225335,0.040171,0.025068,1518
1524,100.000000,94.616331,6.350397,0.050000,0.068693,0.250000,0.270347,5889.3216,0.823753,0.895859,6.786595,4.744047,0.039518,0.025337,1518
1525,100.000000,94.616331,6.508827,0.050000,0.078610,0.250000,0.267533,2985.4113,0.810743,0.885365,7.590098,5.434430,0.038621,0.025675,1518
1526,100.000000,94.616331,6.685761,0.050000,0.089959,0.250000,0.266077,2907.5933,0.798286,0.875754,8.440047,6.151446,0.037528,0.025817,1518
1527,100.000000,94.616331,6.882562,0.050000,0.102946,0.250000,0.263361,2000.8236,0.786458,0.862962,9.337931,7.040208,0.036283,0.025858,1518
1528,100.000000,94.616331,7.100698,0.050000,0.117808,0.250000,0.262289,2238.1604,0.775320,0.852763,10.285634,7.905347,0.034924,0.025690,1518
1529,100.000000,94.616331,7.341758,0.050000,0.134815,0.250000,0.260428,4683.6787,0.764918,0.840315,11.285410,8.923052,0.033484,0.025359,1518
1530,100.000000,94.616331,7.607472,0.050000,0.154277,0.250000,0.259256,3754.9949,0.755288,0.829342,12.339852,9.964577,0.031994,0.024885,1518
1531,100.000000,94.616331,7.899729,0.050000,0.176550,0.250000,0.258385,175.3271,0.746457,0.819293,13.451850,11.052883,0.030477,0.024302,1357
1532,100.000000,94.616331,8.220596,0.050000,0.202037,0.250000,0.257372,3376.0720,0.738445,0.808907,14.624557,12.240564,0.028954,0.023592,1518
1533,100.000000,94.616331,8.572341,0.050000,0.231204,0.250000,0.256488,3816.3722,0.731263,0.799141,15.861341,13.496204,0.027441,0.022796,1518
1534,100.000000,94.616331,8.957457,0.050000,0.264582,0.250000,0.255711,408.6149,0.724920,0.790060,17.165734,14.821700,0.025951,0.021934,1518
1535,100.000000,94.616331,9.378682,0.050000,0.302779,0.250000,0.255027,665.9275,0.719420,0.781716,18.541374,16.219188,0.024495,0.021024,1518
1536,100.000000,94.616331,9.839030,0.050000,0.346489,0.250000,0.254424,32500.0000,0.714767,0.774154,19.991941,17.691045,0.023079,0.020081,1679
1537,100.000000,94.616331,10.341815,0.050000,0.396510,0.250000,0.253893,8834.8049,0.710959,0.767410,21.521076,19.239827,0.021710,0.019121,1679
1538,100.000000,94.616331,10.890681,0.050000,0.453753,0.250000,0.253425,167.7555,0.707996,0.761514,23.132293,20.868052,0.020392,0.018154,1518
1539,100.000000,94.616331,11.489636,0.050000,0.519259,0.250000,0.253011,217.5981,0.705879,0.756490,24.828859,22.578146,0.019126,0.017191,1521
1540,100.000000,94.616331,12.143078,0.050000,0.594222,0.250000,0.252649,165.9256,0.704604,0.752357,26.613669,24.372319,0.017915,0.016238,1521
1541,100.000000,94.616331,12.855834,0.050000,0.680006,0.250000,0.252330,102.3400,0.704173,0.749129,28.489080,26.252432,0.016758,0.015303,1518
1542,100.000000,94.616331,13.633190,0.050000,0.778176,0.250000,0.252052,2387.5701,0.704584,0.746819,30.456715,28.219669,0.015655,0.014390,1518
1543,100.000000,94.616331,14.480924,0.050000,0.890517,0.250000,0.251809,1685.6265,0.705838,0.745436,32.517236,30.274418,0.014606,0.013502,1518
1544,100.000000,94.616331,15.405336,0.050000,1.019077,0.250000,0.251601,1064.6379,0.707936,0.744987,34.670061,32.415964,0.013608,0.012644,1518
1545,100.000000,94.616331,16.413274,0.050000,1.166196,0.250000,0.251402,533.2094,0.710878,0.745336,36.913034,34.652136,0.012661,0.011806,1518
1546,100.000000,94.616331,17.512154,0.050000,1.334554,0.250000,0.251257,210.4467,0.714665,0.746785,39.242040,36.958320,0.011762,0.011011,1679
1547,100.000000,94.616331,18.709970,0.050000,1.527217,0.250000,0.251142,203.4718,0.719299,0.749169,41.650550,39.339262,0.010909,0.010247,1679
1548,100.000000,94.616331,20.015286,0.050000,1.747694,0.250000,3.750000,96.5095,0.724778,0.856525,44.129100,-47.725354,0.010100,-0.000000,552
1549,100.000000,94.616331,21.437214,0.050000,2.000000,0.250000,3.500000,35000.0000,0.731101,0.862134,46.664701,-42.266629,0.009333,-0.000000,1519
1550,100.000000,93.703148,6.309501,0.050000,0.002700,0.250000,1.250000,75.7164,1.000000,0.949185,0.000007,0.608409,0.000001,0.022534,713
1551,100.000000,93.703148,6.311327,0.050000,0.003090,0.250000,1.188449,66.5629,0.999999,0.949481,0.000036,0.645354,0.000005,0.022255,713
1552,100.000000,93.703148,6.313418,0.050000,0.003536,0.250000,1.128196,58.5663,0.999994,0.950204,0.000152,0.642330,0.000017,0.019065,713
1553,100.000000,93.703148,6.315814,0.050000,0.004046,0.250000,0.819764,51.5348,0.999980,0.928608,0.000544,0.873728,0.000054,0.020186,713
1554,100.000000,93.703148,6.318567,0.050000,0.004630,0.250000,0.747326,45.3466,0.999940,0.929111,0.001671,0.929823,0.000144,0.020136,713
1555,100.000000,93.703148,6.321747,0.050000,0.005299,0.250000,0.997602,39.9041,0.999839,0.951090,0.004494,0.794719,0.000339,0.020061,713
1556,100.000000,93.703148,6.325451,0.050000,0.006064,0.250000,0.852279,35.1208,0.999619,0.926328,0.010760,1.426578,0.000710,0.039061,713
1557,100.000000,93.703148,6.329824,0.050000,0.006939,0.250000,0.850480,30.9128,0.999184,0.944061,0.023272,1.105335,0.001341,0.026528,713
1558,100.000000,93.703148,6.335076,0.050000,0.007941,0.250000,0.589892,110.3711,0.998403,0.911602,0.046053,1.432159,0.002320,0.021473,874
1559,100.000000,93.703148,6.341505,0.050000,0.009088,0.250000,0.471618,83.8405,0.997110,0.927203,0.084331,1.328362,0.003712,0.020255,874
1560,100.000000,93.703148,6.349515,0.050000,0.010399,0.250000,0.488294,10000.0000,0.995120,0.910700,0.144296,1.651102,0.005550,0.021506,1518
1561,100.000000,93.703148,6.359630,0.050000,0.011901,0.250000,0.686502,9384.4879,0.992244,0.930849,0.232693,1.858872,0.007821,0.035783,1518
1562,100.000000,93.703148,6.372501,0.050000,0.013619,0.250000,0.663238,8781.9558,0.988311,0.934649,0.356300,1.862908,0.010465,0.033101,1518
1563,100.000000,93.703148,6.388899,0.050000,0.015585,0.250000,0.582701,5697.6432,0.983185,0.827071,0.521421,5.913614,0.013383,0.114049,1518
1564,100.000000,93.703148,6.409712,0.050000,0.017835,0.250000,0.601210,27.2238,0.976783,0.923895,0.733467,2.538617,0.016450,0.040528,713
1565,100.000000,93.703148,6.435918,0.050000,0.020410,0.250000,0.374981,24.0064,0.969080,0.876317,0.996687,2.920811,0.019534,0.022898,713
1566,100.000000,93.703148,6.468575,0.050000,0.023356,0.250000,0.345437,21.2109,0.960109,0.872542,1.314055,3.190467,0.022505,0.022941,713
1567,100.000000,93.703148,6.508799,0.050000,0.026728,0.250000,0.530377,18.8130,0.949955,0.910450,1.687327,3.733267,0.025252,0.049817,713
1568,100.000000,93.703148,6.557742,0.050000,0.030586,0.250000,0.518434,32500.0000,0.938751,0.921476,2.117188,3.444455,0.027688,0.041953,1679
1569,100.000000,93.703148,6.616586,0.050000,0.035002,0.250000,0.514244,16.7882,0.926658,0.938508,2.603491,2.781427,0.029753,0.030073,713
1570,100.000000,93.703148,6.686530,0.050000,0.040055,0.250000,0.271014,15.1277,0.913861,0.844841,3.145512,4.772836,0.031412,0.022870,713
1571,100.000000,93.703148,6.768785,0.050000,0.045837,0.250000,0.258338,121.7014,0.900552,0.838529,3.742205,5.240874,0.032656,0.022730,1035
1572,100.000000,93.703148,6.864582,0.050000,0.052455,0.250000,0.438762,4973.2631,0.886923,0.950464,4.392437,2.471287,0.033495,0.018688,1518
1573,100.000000,93.703148,6.975167,0.050000,0.060027,0.250000,0.380882,7476.0240,0.873160,0.946590,5.095174,2.743116,0.033952,0.018256,1518
1574,100.000000,93.703148,7.101818,0.050000,0.068693,0.250000,0.320390,6022.7907,0.859433,0.935260,5.849633,3.351814,0.034062,0.018959,1518
1575,100.000000,93.703148,7.245853,0.050000,0.078610,0.250000,0.286828,6004.8002,0.845898,0.918817,6.655383,4.233166,0.033865,0.020209,1518
1576,100.000000,93.703148,7.408645,0.050000,0.089959,0.250000,0.274795,3398.9209,0.832691,0.905014,7.512421,5.079747,0.033404,0.020988,1518
1577,100.000000,93.703148,7.591636,0.050000,0.102946,0.250000,0.269580,2216.1782,0.819930,0.893358,8.421198,5.907246,0.032721,0.021415,1518
1578,100.000000,93.703148,7.796357,0.050000,0.117808,0.250000,0.265987,2382.9406,0.807714,0.881482,9.382636,6.810853,0.031858,0.021658,1518
1579,100.000000,93.703148,8.024444,0.050000,0.134815,0.250000,0.264374,4365.0216,0.796127,0.871487,10.398117,7.709066,0.030852,0.021690,1518
1580,100.000000,93.703148,8.277660,0.050000,0.154277,0.250000,0.262170,143.7384,0.785233,0.859609,11.469457,8.761187,0.029737,0.021602,1196
1581,100.000000,93.703148,8.557912,0.050000,0.176550,0.250000,0.261037,159.8680,0.775088,0.849538,12.598873,9.818453,0.028545,0.021362,1357
1582,100.000000,93.703148,8.867278,0.050000,0.202037,0.250000,0.259651,3327.0144,0.765732,0.838655,13.788936,10.997400,0.027300,0.020995,1518
1583,100.000000,93.703148,9.208025,0.050000,0.231204,0.250000,0.258384,3512.1000,0.757197,0.827959,15.042522,12.261539,0.026025,0.020506,1518
1584,100.000000,93.703148,9.582635,0.050000,0.264582,0.250000,0.257572,4132.3823,0.749507,0.818747,16.362751,13.556350,0.024737,0.019944,1521
1585,100.000000,93.703148,9.993830,0.050000,0.302779,0.250000,0.256656,210.1368,0.742677,0.809432,17.752922,14.959472,0.023453,0.019288,1518
1586,100.000000,93.703148,10.444603,0.050000,0.346489,0.250000,0.255857,83.3791,0.736721,0.800817,19.216439,16.438855,0.022184,0.018570,1518
1587,100.000000,93.703148,10.938237,0.050000,0.396510,0.250000,0.255153,1887.6219,0.731645,0.792963,20.756722,17.996132,0.020939,0.017807,1518
1588,100.000000,93.703148,11.478345,0.050000,0.453753,0.250000,0.254535,1308.8226,0.727454,0.785918,22.377108,19.633086,0.019726,0.017013,1518
1589,100.000000,93.703148,12.068895,0.050000,0.519259,0.250000,0.253990,703.8981,0.724152,0.779721,24.080736,21.351550,0.018550,0.016200,1518
1590,100.000000,93.703148,12.714244,0.050000,0.594222,0.250000,0.253512,368.2750,0.721739,0.774405,25.870403,23.153174,0.017415,0.015377,1518
1591,100.000000,93.703148,13.419173,0.050000,0.680006,0.250000,0.253091,247.9500,0.720216,0.769997,27.748403,25.039276,0.016322,0.014555,1518
1592,100.000000,93.703148,14.188914,0.050000,0.778176,0.250000,0.252722,195.8013,0.719584,0.766517,29.716327,27.010780,0.015275,0.013739,1518
1593,100.000000,93.703148,15.029192,0.050000,0.890517,0.250000,0.252401,2803.7661,0.719843,0.763983,31.774832,29.067701,0.014273,0.012935,1679
1594,100.000000,93.703148,15.946245,0.050000,1.019077,0.250000,0.252121,2684.3423,0.720992,0.762408,33.923359,31.209131,0.013315,0.012149,1679
1595,100.000000,93.703148,16.946856,0.050000,1.166196,0.250000,0.251881,2642.4360,0.723032,0.761800,36.159807,33.432786,0.012403,0.011383,1679
1596,100.000000,93.703148,18.038369,0.050000,1.334554,0.250000,0.251679,1681.7981,0.725962,0.762165,38.480146,35.734662,0.011533,0.010641,713
1597,100.000000,93.703148,19.228700,0.050000,1.527217,0.250000,0.251513,1249.8087,0.729781,0.763506,40.877968,38.108613,0.010707,0.009922,1840
1598,100.000000,93.703148,20.526330,0.050000,1.747694,0.250000,3.500000,954.3693,0.734486,1.000000,43.343971,0.000000,0.009920,0.000000,1840
1599,100.000000,93.703148,21.940281,0.050000,2.000000,0.250000,3.500000,84.2500,0.740075,0.860754,45.865370,-42.734389,0.009173,-0.000000,713
1600,100.000000,92.798812,7.213715,0.050000,0.002700,0.250000,1.211649,65.5043,1.000000,0.932955,0.000000,0.681647,0.000000,0.017273,713
1601,100.000000,92.798812,7.215523,0.050000,0.003090,0.250000,1.331684,9616.4930,1.000000,0.949901,0.000001,0.637264,0.000000,0.019066,1518
1602,100.000000,92.798812,7.217593,0.050000,0.003536,0.250000,1.250000,10816.8393,1.000000,0.949057,0.000007,0.698775,0.000001,0.019762,1518
1603,100.000000,92.798812,7.219961,0.050000,0.004046,0.250000,1.201421,10000.0000,0.999999,0.950252,0.000037,0.721010,0.000004,0.018730,1518
1604,100.000000,92.798812,7.222672,0.050000,0.004630,0.250000,1.167110,9514.2084,0.999995,0.951096,0.000159,0.742190,0.000014,0.017479,1518
1605,100.000000,92.798812,7.225778,0.050000,0.005299,0.250000,0.831067,57.5918,0.999982,0.927361,0.000573,1.012711,0.000043,0.017678,713
1606,100.000000,92.798812,7.229345,0.050000,0.006064,0.250000,0.725466,50.6610,0.999944,0.933169,0.001777,1.019170,0.000117,0.017230,713
1607,100.000000,92.798812,7.233457,0.050000,0.006939,0.250000,1.007918,44.5896,0.999850,0.951063,0.004816,0.902538,0.000278,0.017161,713
1608,100.000000,92.798812,7.238234,0.050000,0.007941,0.250000,0.862056,39.2556,0.999642,0.931669,0.011607,1.497752,0.000585,0.030816,713
1609,100.000000,92.798812,7.243846,0.050000,0.009088,0.250000,0.896925,9171.0985,0.999230,0.950895,0.025250,1.054212,0.001111,0.017931,1518
1610,100.000000,92.798812,7.250539,0.050000,0.010399,0.250000,0.848781,5810.6726,0.998485,0.950541,0.050224,1.144289,0.001932,0.018377,1518
1611,100.000000,92.798812,7.258658,0.050000,0.011901,0.250000,0.480114,4754.6595,0.997247,0.925815,0.092378,1.541373,0.003105,0.017739,1518
1612,100.000000,92.798812,7.268670,0.050000,0.013619,0.250000,0.474339,7579.1836,0.995333,0.915189,0.158681,1.819473,0.004661,0.018444,1518
1613,100.000000,92.798812,7.281177,0.050000,0.015585,0.250000,0.649194,94.7493,0.992558,0.878546,0.256758,4.002522,0.006590,0.064334,875
1614,100.000000,92.798812,7.296929,0.050000,0.017835,0.250000,0.670738,72.8238,0.988753,0.938985,0.394310,1.967270,0.008844,0.026217,874
1615,100.000000,92.798812,7.316815,0.050000,0.020410,0.250000,0.581714,32500.0000,0.983781,0.820693,0.578534,7.042971,0.011339,0.104028,1679
1616,100.000000,92.798812,7.341855,0.050000,0.023356,0.250000,0.594494,32500.0000,0.977560,0.913701,0.815632,3.347992,0.013969,0.041611,1679
1617,100.000000,92.798812,7.373182,0.050000,0.026728,0.250000,0.418180,6120.5614,0.970062,0.946488,1.110498,1.832616,0.016619,0.016221,1518
1618,100.000000,92.798812,7.412019,0.050000,0.030586,0.250000,0.349065,6469.2539,0.961317,0.872833,1.466584,3.645266,0.019180,0.019894,1518
1619,100.000000,92.798812,7.459657,0.050000,0.035002,0.250000,0.286771,2301.1428,0.951411,0.882282,1.885942,3.694812,0.021552,0.019666,1519
1620,100.000000,92.798812,7.517438,0.050000,0.040055,0.250000,0.268788,119.7428,0.940472,0.875696,2.369397,4.106051,0.023661,0.019760,1035
1621,100.000000,92.798812,7.586737,0.050000,0.045837,0.250000,0.264490,106.2196,0.928661,0.863614,2.916802,4.682489,0.025453,0.019856,1035
1622,100.000000,92.798812,7.668954,0.050000,0.052455,0.250000,0.268500,34.5796,0.916161,0.848162,3.527334,5.384300,0.026898,0.019797,713
1623,100.000000,92.798812,7.765510,0.050000,0.060027,0.250000,0.258593,30.4908,0.903163,0.840225,4.199780,5.956330,0.027986,0.019652,713
1624,100.000000,92.798812,7.877846,0.050000,0.068693,0.250000,0.441513,26.9294,0.889860,0.950693,4.932802,2.827337,0.028724,0.016339,713
1625,100.000000,92.798812,8.007435,0.050000,0.078610,0.250000,0.383633,23.8538,0.876436,0.947274,5.725154,3.114603,0.029132,0.015846,714
1626,100.000000,92.798812,8.155786,0.050000,0.089959,0.250000,0.323296,21.2324,0.863064,0.936903,6.575850,3.765121,0.029239,0.016320,713
1627,100.000000,92.798812,8.324459,0.050000,0.102946,0.250000,0.287923,19.0479,0.849899,0.920998,7.484285,4.748216,0.029081,0.017359,713
1628,100.000000,92.798812,8.515085,0.050000,0.117808,0.250000,0.275045,142.6214,0.837079,0.907391,8.450309,5.706874,0.028692,0.018031,1196
1629,100.000000,92.798812,8.729383,0.050000,0.134815,0.250000,0.269565,5987.8057,0.824723,0.896034,9.474268,6.638021,0.028110,0.018390,1679
1630,100.000000,92.798812,8.969178,0.050000,0.154277,0.250000,0.265815,158.1538,0.812932,0.884468,10.557007,7.655221,0.027371,0.018593,1357
1631,100.000000,92.798812,9.236427,0.050000,0.176550,0.250000,0.264262,2243.3925,0.801790,0.875036,11.699861,8.652302,0.026508,0.018605,1518
1632,100.000000,92.798812,9.533239,0.050000,0.202037,0.250000,0.261974,3991.9388,0.791365,0.863519,12.904613,9.835352,0.025549,0.018521,1518
1633,100.000000,92.798812,9.861901,0.050000,0.231204,0.250000,0.260622,4207.3750,0.781713,0.853397,14.173449,11.042725,0.024521,0.018303,1518
1634,100.000000,92.798812,10.224902,0.050000,0.264582,0.250000,0.259475,3317.1403,0.772876,0.843613,15.508898,12.330579,0.023447,0.017978,1518
1635,100.000000,92.798812,10.624965,0.050000,0.302779,0.250000,0.258425,3444.9416,0.764889,0.834113,16.913753,13.707487,0.022345,0.017560,1518
1636,100.000000,92.798812,11.065067,0.050000,0.346489,0.250000,0.257282,990.6465,0.757777,0.824433,18.390999,15.205211,0.021231,0.017045,1518
1637,100.000000,92.798812,11.548475,0.050000,0.396510,0.250000,0.256550,367.7112,0.751557,0.816319,19.943707,16.733897,0.020119,0.016485,1518
1638,100.000000,92.798812,12.078775,0.050000,0.453753,0.250000,0.255759,187.8804,0.746245,0.808380,21.574934,18.375018,0.019019,0.015859,1518
1639,100.000000,92.798812,12.659902,0.050000,0.519259,0.250000,0.255066,144.8959,0.741848,0.801238,23.287595,20.098578,0.017939,0.015193,1518
1640,100.000000,92.798812,13.296175,0.050000,0.594222,0.250000,0.254459,185.0045,0.738373,0.794941,25.084316,21.905582,0.016885,0.014501,1518
1641,100.000000,92.798812,13.992329,0.050000,0.680006,0.250000,0.253926,85.9278,0.735825,0.789529,26.967265,23.796747,0.015863,0.013792,1519
1642,100.000000,92.798812,14.753551,0.050000,0.778176,0.250000,0.253458,1915.1258,0.734205,0.785037,28.937949,25.772368,0.014875,0.013074,1518
1643,100.000000,92.798812,15.585506,0.050000,0.890517,0.250000,0.253049,1336.3314,0.733516,0.781490,30.996979,27.832146,0.013923,0.012356,1518
1644,100.000000,92.798812,16.494376,0.050000,1.019077,0.250000,0.252693,732.9559,0.733758,0.778909,33.143787,29.974799,0.013009,0.011644,1518
1645,100.000000,92.798812,17.486876,0.050000,1.166196,0.250000,0.252385,379.2322,0.734931,0.777309,35.376299,32.197769,0.012134,0.010943,1518
1646,100.000000,92.798812,18.570280,0.050000,1.334554,0.250000,0.252123,250.4474,0.737033,0.776703,37.690549,34.496923,0.011297,0.010255,1518
1647,100.000000,92.798812,19.752425,0.050000,1.527217,0.250000,0.251905,195.6522,0.740063,0.777096,40.080233,36.866090,0.010498,0.009585,1518
1648,100.000000,92.798812,21.041708,0.050000,1.747694,0.250000,2.592234,79.4834,0.744018,0.941630,42.536197,-14.705224,0.009735,0.002214,713
1649,100.000000,92.798812,22.447060,0.050000,2.000000,0.250000,3.250000,7195.2587,0.748892,1.000000,45.045852,0.000000,0.009009,0.000000,1357
1650,100.000000,91.920213,8.092195,0.050000,0.002700,0.250000,1.302491,23422.3378,1.000000,0.941155,0.000000,0.620703,0.000000,0.014808,1518
1651,100.000000,91.920213,8.093986,0.050000,0.003090,0.250000,1.250000,54.6944,1.000000,0.936696,0.000000,0.699461,0.000000,0.015091,713
1652,100.000000,91.920213,8.096036,0.050000,0.003536,0.250000,1.086122,48.1248,1.000000,0.943050,0.000000,0.694424,0.000000,0.014698,713
1653,100.000000,91.920213,8.098382,0.050000,0.004046,0.250000,1.257492,30000.0000,1.000000,0.943480,0.000002,0.854800,0.000000,0.020970,1519
1654,100.000000,91.920213,8.101066,0.050000,0.004630,0.250000,1.250000,10524.9083,1.000000,0.950254,0.000011,0.771241,0.000001,0.016657,1519
1655,100.000000,91.920213,8.104138,0.050000,0.005299,0.250000,1.158072,10000.0000,0.999998,0.947911,0.000058,0.882025,0.000004,0.018330,1519
1656,100.000000,91.920213,8.107655,0.050000,0.006064,0.250000,0.969526,8361.2156,0.999993,0.948168,0.000239,0.856546,0.000016,0.014567,1519
1657,100.000000,91.920213,8.111685,0.050000,0.006939,0.250000,0.793648,90.1967,0.999977,0.930554,0.000832,1.121254,0.000048,0.015483,874
1658,100.000000,91.920213,8.116313,0.050000,0.007941,0.250000,1.004747,69.1253,0.999931,0.949419,0.002498,1.036428,0.000126,0.017293,874
1659,100.000000,91.920213,8.121651,0.050000,0.009088,0.250000,0.725383,61.0340,0.999819,0.919119,0.006587,1.435383,0.000290,0.016193,874
1660,100.000000,91.920213,8.127853,0.050000,0.010399,0.250000,0.831970,10074.9248,0.999578,0.918428,0.015497,2.096739,0.000596,0.034646,1518
1661,100.000000,91.920213,8.135138,0.050000,0.011901,0.250000,0.564693,10000.0000,0.999110,0.927250,0.033011,1.519379,0.001110,0.015671,1518
1662,100.000000,91.920213,8.143815,0.050000,0.013619,0.250000,0.572843,9080.7211,0.998281,0.913483,0.064464,1.846243,0.001893,0.016475,1518
1663,100.000000,91.920213,8.154314,0.050000,0.015585,0.250000,0.456193,42.3747,0.996928,0.928846,0.116678,1.710600,0.002995,0.015542,713
1664,100.000000,91.920213,8.167202,0.050000,0.017835,0.250000,0.489404,5436.4818,0.994868,0.908454,0.197623,2.201869,0.004432,0.016697,1519
1665,100.000000,91.920213,8.183208,0.050000,0.020410,0.250000,0.692705,32.9828,0.991921,0.939306,0.315862,2.091426,0.006190,0.023147,713
1666,100.000000,91.920213,8.203222,0.050000,0.023356,0.250000,0.652101,29.1890,0.987926,0.930569,0.479890,2.616239,0.008219,0.027858,713
1667,100.000000,91.920213,8.228293,0.050000,0.026728,0.250000,0.579968,37.3542,0.982762,0.835991,0.697506,7.305089,0.010439,0.082830,716
1668,100.000000,91.920213,8.259611,0.050000,0.030586,0.250000,0.599101,25.9417,0.976358,0.927148,0.975301,3.163279,0.012755,0.029625,713
1669,100.000000,91.920213,8.298492,0.050000,0.035002,0.250000,0.362314,23.2077,0.968704,0.879636,1.318356,3.752932,0.015066,0.017511,713
1670,100.000000,91.920213,8.346347,0.050000,0.040055,0.250000,0.339337,114.0213,0.959844,0.873936,1.730138,4.146398,0.017278,0.017565,1035
1671,100.000000,91.920213,8.404662,0.050000,0.045837,0.250000,0.275431,101.0001,0.949873,0.884370,2.212582,4.175169,0.019308,0.017336,1035
1672,100.000000,91.920213,8.474978,0.050000,0.052455,0.250000,0.267768,5819.7039,0.938929,0.873889,2.766310,4.746238,0.021095,0.017476,1518
1673,100.000000,91.920213,8.558874,0.050000,0.060027,0.250000,0.263749,135.5231,0.927179,0.861951,3.390925,5.402919,0.022596,0.017520,1196
1674,100.000000,91.920213,8.657960,0.050000,0.068693,0.250000,0.260787,3228.4331,0.914807,0.849733,4.085342,6.119143,0.023789,0.017441,1518
1675,100.000000,91.920213,8.773873,0.050000,0.078610,0.250000,0.257559,2061.9261,0.902007,0.841455,4.848104,6.781847,0.024669,0.017296,1518
1676,100.000000,91.920213,8.908281,0.050000,0.089959,0.250000,0.427299,2394.0396,0.888968,0.950395,5.677659,3.237053,0.025246,0.014345,1518
1677,100.000000,91.920213,9.062891,0.050000,0.102946,0.250000,0.368986,4427.0462,0.875872,0.946070,6.572590,3.614251,0.025538,0.014017,1518
1678,100.000000,91.920213,9.239466,0.050000,0.117808,0.250000,0.259872,4021.0068,0.862888,0.900192,7.531787,6.025402,0.025573,0.016378,1518
1679,100.000000,91.920213,9.439834,0.050000,0.134815,0.250000,0.269203,3299.6815,0.850167,0.907172,8.554566,6.115415,0.025382,0.015990,1518
1680,100.000000,91.920213,9.665916,0.050000,0.154277,0.250000,0.273265,3491.0077,0.837842,0.906366,9.640736,6.583268,0.024996,0.015903,1518
1681,100.000000,91.920213,9.919743,0.050000,0.176550,0.250000,0.268490,1123.1428,0.826030,0.895612,10.790631,7.618451,0.024448,0.016159,1518
1682,100.000000,91.920213,10.203485,0.050000,0.202037,0.250000,0.265098,893.3705,0.814826,0.884625,12.005101,8.751940,0.023768,0.016286,1518
1683,100.000000,91.920213,10.519470,0.050000,0.231204,0.250000,0.263552,254.3074,0.804313,0.875446,13.285485,9.878764,0.022985,0.016258,1518
1684,100.000000,91.920213,10.870216,0.050000,0.264582,0.250000,0.261402,177.6838,0.794555,0.864516,14.633558,11.199072,0.022123,0.016143,1518
1685,100.000000,91.920213,11.258459,0.050000,0.302779,0.250000,0.260100,137.4936,0.785607,0.854922,16.051455,12.548598,0.021206,0.015914,1519
1686,100.000000,91.920213,11.687182,0.050000,0.346489,0.250000,0.259020,7547.4668,0.777511,0.845791,17.541595,13.980841,0.020251,0.015596,1679
1687,100.000000,91.920213,12.159644,0.050000,0.396510,0.250000,0.257948,4753.8269,0.770298,0.836774,19.106574,15.522975,0.019275,0.015196,1679
1688,100.000000,91.920213,12.679414,0.050000,0.453753,0.250000,0.256913,3146.9309,0.763993,0.828034,20.749050,17.172594,0.018291,0.014721,1680
1689,100.000000,91.920213,13.250404,0.050000,0.519259,0.250000,0.256103,150.9786,0.758616,0.820315,22.471615,18.888111,0.017311,0.014197,1357
1690,100.000000,91.920213,13.876900,0.050000,0.594222,0.250000,0.255469,107.8713,0.754179,0.813645,24.276637,20.670071,0.016342,0.013638,1518
1691,100.000000,91.920213,14.563600,0.050000,0.680006,0.250000,0.254812,75.5942,0.750692,0.807416,26.166083,22.563590,0.015392,0.013038,1518
1692,100.000000,91.920213,15.315645,0.050000,0.778176,0.250000,0.254237,1772.9896,0.748162,0.802076,28.141316,24.541758,0.014465,0.012417,1518
1693,100.000000,91.920213,16.138650,0.050000,0.890517,0.250000,0.253735,1189.8619,0.746593,0.797664,30.202846,26.603622,0.013566,0.011783,1518
1694,100.000000,91.920213,17.038738,0.050000,1.019077,0.250000,0.253298,232.6548,0.745987,0.794211,32.350055,28.747513,0.012698,0.011144,1518
1695,100.000000,91.920213,18.022563,0.050000,1.166196,0.250000,0.252919,184.9025,0.746345,0.791741,34.580858,30.970483,0.011861,0.010505,1518
1696,100.000000,91.920213,19.097327,0.050000,1.334554,0.250000,0.252594,12662.4054,0.747666,0.790271,36.891325,33.268210,0.011057,0.009873,1197
1697,100.000000,91.920213,20.270793,0.050000,1.527217,0.250000,0.252321,504.8633,0.749950,0.789812,39.275231,35.634314,0.010287,0.009250,552
1698,100.000000,91.920213,21.551273,0.050000,1.747694,0.250000,2.617501,98.7202,0.753191,0.943219,41.723547,-14.428126,0.009549,0.002045,1679
1699,100.000000,91.920213,22.947609,0.050000,2.000000,0.250000,3.250000,192.0289,0.757384,1.000000,44.223862,0.000000,0.008845,0.000000,1679
1700,100.000000,91.049804,8.962487,0.050000,0.002700,0.250000,1.750000,23675.0120,1.000000,0.951101,0.000000,0.566031,0.000000,0.013976,1518
1701,100.000000,91.049804,8.964261,0.050000,0.003090,0.250000,1.516241,30000.0000,1.000000,0.948491,0.000000,0.609360,0.000000,0.013147,1518
1702,100.000000,91.049804,8.966291,0.050000,0.003536,0.250000,1.250000,15000.0000,1.000000,0.941764,0.000000,0.705203,0.000000,0.013296,1518
1703,100.000000,91.049804,8.968615,0.050000,0.004046,0.250000,1.250000,10000.0000,1.000000,0.932333,0.000000,0.840085,0.000000,0.013842,1518
1704,100.000000,91.049804,8.971273,0.050000,0.004630,0.250000,1.411710,10000.0000,1.000000,0.951005,0.000001,0.735885,0.000000,0.013681,1518
1705,100.000000,91.049804,8.974316,0.050000,0.005299,0.250000,1.250000,11617.1002,1.000000,0.947021,0.000004,0.901943,0.000000,0.017021,1518
1706,100.000000,91.049804,8.977798,0.050000,0.006064,0.250000,1.250000,10000.0000,0.999999,0.951094,0.000025,0.849652,0.000002,0.014011,1518
1707,100.000000,91.049804,8.981783,0.050000,0.006939,0.250000,1.079324,10000.0000,0.999997,0.936720,0.000117,1.280801,0.000007,0.022257,1518
1708,100.000000,91.049804,8.986346,0.050000,0.007941,0.250000,0.866862,8293.2377,0.999989,0.925679,0.000448,1.260778,0.000023,0.014216,1518
1709,100.000000,91.049804,8.991577,0.050000,0.009088,0.250000,0.724972,6168.6212,0.999963,0.936535,0.001465,1.201739,0.000064,0.013563,1518
1710,100.000000,91.049804,8.997590,0.050000,0.010399,0.250000,0.999299,4749.7243,0.999897,0.950682,0.004160,1.138119,0.000160,0.014606,1518
1711,100.000000,91.049804,9.004536,0.050000,0.011901,0.250000,0.915896,7492.9911,0.999743,0.946435,0.010443,1.370989,0.000351,0.017300,1518
1712,100.000000,91.049804,9.012623,0.050000,0.013619,0.250000,0.826800,6658.9582,0.999427,0.927525,0.023543,2.098346,0.000691,0.026712,1518
1713,100.000000,91.049804,9.022144,0.050000,0.015585,0.250000,0.527891,73.6201,0.998836,0.930212,0.048311,1.686455,0.001240,0.013911,713
1714,100.000000,91.049804,9.033505,0.050000,0.017835,0.250000,0.524957,50.7641,0.997826,0.919467,0.091312,2.004443,0.002048,0.014502,713
1715,100.000000,91.049804,9.047257,0.050000,0.020410,0.250000,0.440122,44.7196,0.996227,0.928031,0.160624,1.974023,0.003148,0.014015,713
1716,100.000000,91.049804,9.064117,0.050000,0.023356,0.250000,0.433878,39.4553,0.993856,0.918058,0.265354,2.323244,0.004545,0.014545,713
1717,100.000000,91.049804,9.084979,0.050000,0.026728,0.250000,0.708173,34.8914,0.990543,0.949176,0.414969,1.914742,0.006210,0.015636,714
1718,100.000000,91.049804,9.110922,0.050000,0.030586,0.250000,0.617002,30.9706,0.986145,0.900276,0.618557,4.504049,0.008089,0.040125,713
1719,100.000000,91.049804,9.143191,0.050000,0.035002,0.250000,0.580727,27.6512,0.980562,0.870173,0.884188,6.457805,0.010104,0.055786,713
1720,100.000000,91.049804,9.183186,0.050000,0.040055,0.250000,0.616910,83.6295,0.973751,0.946521,1.218431,2.510019,0.012168,0.017079,874
1721,100.000000,91.049804,9.232430,0.050000,0.045837,0.250000,0.293898,64.1274,0.965725,0.898912,1.626120,3.793177,0.014190,0.015215,874
1722,100.000000,91.049804,9.292548,0.050000,0.052455,0.250000,0.314657,56.6173,0.956553,0.877987,2.110323,4.638244,0.016092,0.015660,874
1723,100.000000,91.049804,9.365240,0.050000,0.060027,0.250000,0.270947,5768.0017,0.946348,0.881298,2.672502,4.866991,0.017809,0.015564,1518
1724,100.000000,91.049804,9.452261,0.050000,0.068693,0.250000,0.266039,106.1070,0.935262,0.869946,3.312798,5.548356,0.019290,0.015653,1035
1725,100.000000,91.049804,9.555408,0.050000,0.078610,0.250000,0.512738,93.8362,0.923470,0.944959,4.030370,3.646572,0.020508,0.017656,1035
1726,100.000000,91.049804,9.676516,0.050000,0.089959,0.250000,0.259741,2778.9116,0.911162,0.846390,4.823759,7.105509,0.021449,0.015511,1518
1727,100.000000,91.049804,9.817453,0.050000,0.102946,0.250000,0.300486,2749.5670,0.898528,0.934983,5.691212,4.116018,0.022113,0.013200,1518
1728,100.000000,91.049804,9.980134,0.050000,0.117808,0.250000,0.402368,1901.2177,0.885757,0.949393,6.630972,3.729793,0.022515,0.012675,1518
1729,100.000000,91.049804,10.166527,0.050000,0.134815,0.250000,0.342959,1838.7818,0.873023,0.942671,7.641496,4.307370,0.022673,0.012641,1518
1730,100.000000,91.049804,10.378674,0.050000,0.154277,0.250000,0.296843,4581.7327,0.860489,0.928705,8.721615,5.389877,0.022613,0.013319,1518
1731,100.000000,91.049804,10.618711,0.050000,0.176550,0.250000,0.278031,3670.0231,0.848299,0.914769,9.870638,6.574760,0.022363,0.013917,1518
1732,100.000000,91.049804,10.888891,0.050000,0.202037,0.250000,0.270728,3307.2734,0.836578,0.903551,11.088400,7.697588,0.021953,0.014233,1518
1733,100.000000,91.049804,11.191611,0.050000,0.231204,0.250000,0.266908,3669.1022,0.825434,0.893452,12.375272,8.847181,0.021410,0.014386,1518
1734,100.000000,91.049804,11.529440,0.050000,0.264582,0.250000,0.264050,438.9846,0.814958,0.883134,13.732132,10.106551,0.020760,0.014432,1518
1735,100.000000,91.049804,11.905148,0.050000,0.302779,0.250000,0.262517,646.5662,0.805225,0.874138,15.160312,11.387354,0.020028,0.014357,1518
1736,100.000000,91.049804,12.321738,0.050000,0.346489,0.250000,0.260611,209.4710,0.796297,0.863943,16.661518,12.852821,0.019235,0.014199,1518
1737,100.000000,91.049804,12.782477,0.050000,0.396510,0.250000,0.259384,160.3931,0.788222,0.854935,18.237728,14.359285,0.018398,0.013947,1519
1738,100.000000,91.049804,13.290929,0.050000,0.453753,0.250000,0.258363,125.1715,0.781038,0.846476,19.891078,15.952218,0.017535,0.013621,1196
1739,100.000000,91.049804,13.850993,0.050000,0.519259,0.250000,0.257362,97.4065,0.774777,0.838257,21.623718,17.658908,0.016657,0.013227,1518
1740,100.000000,91.049804,14.466932,0.050000,0.594222,0.250000,0.256413,1523.6807,0.769460,0.830464,23.437658,19.473738,0.015777,0.012773,1518
1741,100.000000,91.049804,15.143410,0.050000,0.680006,0.250000,0.255662,929.5899,0.765105,0.823697,25.334577,21.357620,0.014903,0.012280,1519
1742,100.000000,91.049804,15.885530,0.050000,0.778176,0.250000,0.255076,468.4347,0.761724,0.818026,27.315616,23.306637,0.014041,0.011760,1519
1743,100.000000,91.049804,16.698858,0.050000,0.890517,0.250000,0.254472,280.3099,0.759326,0.812874,29.381125,25.368725,0.013197,0.011209,1519
1744,100.000000,91.049804,17.589465,0.050000,1.019077,0.250000,0.253946,207.2811,0.757915,0.808659,31.530377,27.512791,0.012376,0.010642,1518
1745,100.000000,91.049804,18.563941,0.050000,1.166196,0.250000,0.253489,169.0811,0.757496,0.805414,33.761237,29.735472,0.011580,0.010067,1518
1746,100.000000,91.049804,19.629422,0.050000,1.334554,0.250000,0.253097,140.4965,0.758070,0.803166,36.069771,32.032055,0.010811,0.009489,1357
1747,100.000000,91.049804,20.793594,0.050000,1.527217,0.250000,0.252765,1645.6401,0.759634,0.801932,38.449803,34.395946,0.010071,0.008915,713
1748,100.000000,91.049804,22.064690,0.050000,1.747694,0.250000,2.643105,2627.3799,0.762186,0.944683,40.892406,-14.177129,0.009359,0.001897,1679
1749,100.000000,91.049804,23.451460,0.050000,2.000000,0.250000,3.250000,23931.0461,0.765720,1.000000,43.385325,0.000000,0.008677,0.000000,1518
1750,100.000000,90.203861,9.808316,0.050000,0.002700,0.250000,1.636098,30000.0000,1.000000,0.941583,0.000000,0.617555,0.000000,0.012127,1518
1751,100.000000,90.203861,9.810074,0.050000,0.003090,0.250000,1.750000,13860.9833,1.000000,0.950598,0.000000,0.622436,0.000000,0.013429,1518
1752,100.000000,90.203861,9.812085,0.050000,0.003536,0.250000,1.688718,15000.0000,1.000000,0.951102,0.000000,0.647506,0.000000,0.012728,1518
1753,100.000000,90.203861,9.814387,0.050000,0.004046,0.250000,1.265126,14387.1808,1.000000,0.943613,0.000000,0.737823,0.000000,0.012036,1518
1754,100.000000,90.203861,9.817021,0.050000,0.004630,0.250000,1.250000,10151.2617,1.000000,0.936237,0.000000,0.860669,0.000000,0.012393,1518
1755,100.000000,90.203861,9.820035,0.050000,0.005299,0.250000,1.166042,10000.0000,1.000000,0.946480,0.000000,0.816064,0.000000,0.011955,1518
1756,100.000000,90.203861,9.823484,0.050000,0.006064,0.250000,1.250000,9160.4161,1.000000,0.943170,0.000002,1.053491,0.000000,0.017373,1518
1757,100.000000,90.203861,9.827432,0.050000,0.006939,0.250000,1.250000,10000.0000,1.000000,0.950504,0.000014,0.935981,0.000001,0.013489,1518
1758,100.000000,90.203861,9.831949,0.050000,0.007941,0.250000,1.158021,10000.0000,0.999998,0.948461,0.000070,1.064335,0.000004,0.014761,1518
1759,100.000000,90.203861,9.837120,0.050000,0.009088,0.250000,1.055893,67.0201,0.999993,0.950058,0.000287,1.030639,0.000013,0.012099,713
1760,100.000000,90.203861,9.843044,0.050000,0.010399,0.250000,0.794073,9080.2068,0.999977,0.930110,0.001000,1.379053,0.000038,0.012702,1518
1761,100.000000,90.203861,9.849842,0.050000,0.011901,0.250000,0.733342,8058.9253,0.999932,0.928978,0.003000,1.492785,0.000101,0.012756,1518
1762,100.000000,90.203861,9.857671,0.050000,0.013619,0.250000,0.976369,5440.7269,0.999823,0.950976,0.007903,1.285106,0.000232,0.012991,1518
1763,100.000000,90.203861,9.866741,0.050000,0.015585,0.250000,0.833127,4833.4187,0.999587,0.921923,0.018583,2.442919,0.000477,0.026881,1518
1764,100.000000,90.203861,9.877345,0.050000,0.017835,0.250000,0.822792,40.8393,0.999130,0.938434,0.039562,1.988238,0.000887,0.019462,713
1765,100.000000,90.203861,9.889886,0.050000,0.020410,0.250000,0.574590,36.2092,0.998322,0.913046,0.077219,2.268505,0.001513,0.013479,713
1766,100.000000,90.203861,9.904913,0.050000,0.023356,0.250000,0.458232,32.2729,0.997003,0.928151,0.139702,2.109095,0.002393,0.012750,713
1767,100.000000,90.203861,9.923149,0.050000,0.026728,0.250000,0.474698,87.1271,0.994997,0.912380,0.236524,2.610532,0.003540,0.013477,874
1768,100.000000,90.203861,9.945510,0.050000,0.030586,0.250000,0.656511,75.7378,0.992129,0.907373,0.377898,4.147602,0.004942,0.033358,874
1769,100.000000,90.203861,9.973113,0.050000,0.035002,0.250000,0.655011,58.2582,0.988246,0.934260,0.573947,3.007170,0.006559,0.021213,874
1770,100.000000,90.203861,10.007265,0.050000,0.040055,0.250000,0.327683,51.4686,0.983231,0.917713,0.833948,3.051859,0.008328,0.013189,874
1771,100.000000,90.203861,10.049452,0.050000,0.045837,0.250000,0.341368,45.5141,0.977021,0.900870,1.165731,3.739981,0.010173,0.013797,874
1772,100.000000,90.203861,10.101312,0.050000,0.052455,0.250000,0.414564,96.5798,0.969606,0.947229,1.575309,2.545517,0.012013,0.011765,1035
1773,100.000000,90.203861,10.164605,0.050000,0.060027,0.250000,0.336865,7263.6902,0.961035,0.876177,2.066757,5.013013,0.013772,0.014230,1518
1774,100.000000,90.203861,10.241185,0.050000,0.068693,0.250000,0.279887,5831.2696,0.951405,0.883875,2.642310,5.126642,0.015386,0.014084,1518
1775,100.000000,90.203861,10.332981,0.050000,0.078610,0.250000,0.267971,5727.9181,0.940854,0.875448,3.302619,5.760206,0.016805,0.014148,1518
1776,100.000000,90.203861,10.441976,0.050000,0.089959,0.250000,0.263892,3245.8967,0.929548,0.864038,4.047108,6.545882,0.017995,0.014160,1518
1777,100.000000,90.203861,10.570198,0.050000,0.102946,0.250000,0.263740,2082.3175,0.917672,0.851249,4.874355,7.440559,0.018940,0.014069,1518
1778,100.000000,90.203861,10.719721,0.050000,0.117808,0.250000,0.473696,2246.9759,0.905417,0.951005,5.782469,3.773292,0.019634,0.012514,1518
1779,100.000000,90.203861,10.892664,0.050000,0.134815,0.250000,0.250658,4065.1125,0.892972,0.864851,6.769416,7.980591,0.020085,0.013944,1518
1780,100.000000,90.203861,11.091211,0.050000,0.154277,0.250000,0.366776,4050.1124,0.880518,0.946628,7.833286,4.395756,0.020310,0.011383,1518
1781,100.000000,90.203861,11.317624,0.050000,0.176550,0.250000,0.311579,868.6465,0.868222,0.935598,8.972488,5.353186,0.020329,0.011744,1518
1782,100.000000,90.203861,11.574262,0.050000,0.202037,0.250000,0.283348,298.8684,0.856235,0.921233,10.185879,6.637281,0.020166,0.012352,1518
1783,100.000000,90.203861,11.863613,0.050000,0.231204,0.250000,0.272865,179.7080,0.844691,0.909433,11.472838,7.865839,0.019849,0.012707,1518
1784,100.000000,90.203861,12.188318,0.050000,0.264582,0.250000,0.268041,131.2059,0.833704,0.899393,12.833279,9.081947,0.019402,0.012880,1196
1785,100.000000,90.203861,12.551200,0.050000,0.302779,0.250000,0.265077,112.8376,0.823372,0.889872,14.267633,10.366149,0.018849,0.012940,1196
1786,100.000000,90.203861,12.955302,0.050000,0.346489,0.250000,0.263121,138.9247,0.813776,0.880867,15.776782,11.722967,0.018213,0.012900,1518
1787,100.000000,90.203861,13.403914,0.050000,0.396510,0.250000,0.261284,137.3965,0.804985,0.871487,17.361974,13.220872,0.017515,0.012779,1518
1788,100.000000,90.203861,13.900611,0.050000,0.453753,0.250000,0.259658,776.8339,0.797051,0.862147,19.024706,14.840374,0.016771,0.012574,1679
1789,100.000000,90.203861,14.449288,0.050000,0.519259,0.250000,0.258713,913.6826,0.790019,0.854302,20.766582,16.480447,0.015997,0.012297,1679
1790,100.000000,90.203861,15.054195,0.050000,0.594222,0.250000,0.257574,1167.7641,0.783922,0.846139,22.589153,18.281637,0.015206,0.011952,1518
1791,100.000000,90.203861,15.719973,0.050000,0.680006,0.250000,0.256702,615.7917,0.778786,0.838979,24.493724,20.149477,0.014408,0.011558,1518
1792,100.000000,90.203861,16.451691,0.050000,0.778176,0.250000,0.255826,333.4844,0.774631,0.832199,26.481134,22.138340,0.013612,0.011114,1518
1793,100.000000,90.203861,17.254876,0.050000,0.890517,0.250000,0.255147,228.6488,0.771471,0.826541,28.551505,24.190160,0.012825,0.010642,1518
1794,100.000000,90.203861,18.135548,0.050000,1.019077,0.250000,0.254551,2236.9641,0.769317,0.821760,30.703945,26.326644,0.012052,0.010146,1679
1795,100.000000,90.203861,19.100241,0.050000,1.166196,0.250000,0.254084,6.5804,0.768174,0.818107,32.936217,28.523666,0.011297,0.009638,1679
1796,100.000000,90.203861,20.156027,0.050000,1.334554,0.250000,0.253621,180.4072,0.768046,0.815177,35.244340,30.818622,0.010564,0.009114,1518
1797,100.000000,90.203861,21.310519,0.050000,1.527217,0.250000,0.253227,150.7670,0.768934,0.813254,37.622151,33.180375,0.009854,0.008587,1518
1798,100.000000,90.203861,22.571871,0.050000,1.747694,0.250000,2.668532,24185.3207,0.770834,0.945991,40.060792,-13.958473,0.009169,0.001769,1518
1799,100.000000,90.203861,23.948747,0.050000,2.000000,0.250000,3.250000,30000.0000,0.773741,1.000000,42.548140,0.000000,0.008510,0.000000,1518
1800,100.000000,89.365505,10.646559,0.050000,0.002700,0.250000,1.750000,15000.0000,1.000000,0.944581,0.000000,0.595768,0.000000,0.011033,1518
1801,100.000000,89.365505,10.648300,0.050000,0.003090,0.250000,1.681429,14314.2855,1.000000,0.940804,0.000000,0.666803,0.000000,0.011173,1518
1802,100.000000,89.365505,10.650293,0.050000,0.003536,0.250000,1.750000,15000.0000,1.000000,0.949700,0.000000,0.685887,0.000000,0.012932,1518
1803,100.000000,89.365505,10.652573,0.050000,0.004046,0.250000,1.750000,15000.0000,1.000000,0.950731,0.000000,0.686218,0.000000,0.011307,1518
1804,100.000000,89.365505,10.655183,0.050000,0.004630,0.250000,1.346236,10962.3635,1.000000,0.939374,0.000000,0.830105,0.000000,0.011232,1518
1805,100.000000,89.365505,10.658169,0.050000,0.005299,0.250000,1.250000,10000.0000,1.000000,0.938697,0.000000,0.895091,0.000000,0.011261,1518
1806,100.000000,89.365505,10.661586,0.050000,0.006064,0.250000,1.131582,8815.8196,1.000000,0.940660,0.000000,0.935699,0.000000,0.011169,1518
1807,100.000000,89.365505,10.665496,0.050000,0.006939,0.250000,1.290725,10407.2481,1.000000,0.946826,0.000001,1.037036,0.000000,0.014360,1518
1808,100.000000,89.365505,10.669971,0.050000,0.007941,0.250000,1.250000,10000.0000,1.000000,0.949538,0.000009,1.032827,0.000000,0.013006,1518
1809,100.000000,89.365505,10.675092,0.050000,0.009088,0.250000,0.964503,66.7459,0.999999,0.930252,0.000048,1.287275,0.000002,0.011663,713
1810,100.000000,89.365505,10.680953,0.050000,0.010399,0.250000,1.099664,60.2525,0.999996,0.946615,0.000210,1.276024,0.000008,0.014442,713
1811,100.000000,89.365505,10.687665,0.050000,0.011901,0.250000,0.843611,8496.6427,0.999984,0.925496,0.000766,1.546249,0.000026,0.011880,1518
1812,100.000000,89.365505,10.695361,0.050000,0.013619,0.250000,0.682802,5936.1064,0.999950,0.939447,0.002394,1.422464,0.000070,0.011197,1518
1813,100.000000,89.365505,10.704209,0.050000,0.015585,0.250000,0.664738,4328.0160,0.999865,0.932711,0.006534,1.642041,0.000168,0.011518,1518
1814,100.000000,89.365505,10.714430,0.050000,0.017835,0.250000,0.873960,37.1581,0.999676,0.938989,0.015847,1.967118,0.000355,0.017677,713
1815,100.000000,89.365505,10.726325,0.050000,0.020410,0.250000,0.847538,77.5021,0.999300,0.943860,0.034662,1.904078,0.000679,0.015613,874
1816,100.000000,89.365505,10.740310,0.050000,0.023356,0.250000,0.593336,52.2697,0.998616,0.912427,0.069271,2.439345,0.001186,0.012384,874
1817,100.000000,89.365505,10.756946,0.050000,0.026728,0.250000,0.491887,46.2908,0.997477,0.923483,0.127936,2.363155,0.001915,0.011918,874
1818,100.000000,89.365505,10.776978,0.050000,0.030586,0.250000,0.446741,7145.0269,0.995711,0.922894,0.220544,2.542272,0.002884,0.011930,1679
1819,100.000000,89.365505,10.801357,0.050000,0.035002,0.250000,0.700096,41.1063,0.993144,0.940223,0.357958,2.689790,0.004091,0.017073,874
1820,100.000000,89.365505,10.831250,0.050000,0.040055,0.250000,0.682730,6239.5972,0.989617,0.945251,0.551188,2.585730,0.005504,0.014918,1518
1821,100.000000,89.365505,10.868037,0.050000,0.045837,0.250000,0.593869,5975.3805,0.985005,0.867834,0.810553,7.537466,0.007073,0.047821,1518
1822,100.000000,89.365505,10.913300,0.050000,0.052455,0.250000,0.581025,3433.3616,0.979231,0.890859,1.144967,6.521617,0.008731,0.037558,1518
1823,100.000000,89.365505,10.968795,0.050000,0.060027,0.250000,0.596477,2418.8679,0.972271,0.940328,1.561468,3.515083,0.010405,0.016901,1518
1824,100.000000,89.365505,11.036419,0.050000,0.068693,0.250000,0.284475,1967.4081,0.964159,0.899235,2.065011,4.632829,0.012025,0.012618,1518
1825,100.000000,89.365505,11.118189,0.050000,0.078610,0.250000,0.299806,98.0234,0.954981,0.880800,2.658509,5.586044,0.013528,0.012925,1036
1826,100.000000,89.365505,11.216205,0.050000,0.089959,0.250000,0.269552,86.5507,0.944863,0.879347,3.343071,6.026668,0.014865,0.012895,1036
1827,100.000000,89.365505,11.332640,0.050000,0.102946,0.250000,0.265059,3438.6927,0.933965,0.868315,4.118352,6.850771,0.016002,0.012921,1518
1828,100.000000,89.365505,11.469719,0.050000,0.117808,0.250000,0.262268,4500.9577,0.922468,0.856769,4.982969,7.760257,0.016919,0.012859,1521
1829,100.000000,89.365505,11.629722,0.050000,0.134815,0.250000,0.256447,4327.2972,0.910560,0.856831,5.934904,8.299096,0.017609,0.012790,1521
1830,100.000000,89.365505,11.814984,0.050000,0.154277,0.250000,0.343525,4147.3818,0.898433,0.944687,6.971874,4.497767,0.018076,0.010533,1679
1831,100.000000,89.365505,12.027908,0.050000,0.176550,0.250000,0.382260,115.7737,0.886268,0.948501,8.091630,4.605562,0.018333,0.010451,1196
1832,100.000000,89.365505,12.270983,0.050000,0.202037,0.250000,0.324831,3310.2548,0.874237,0.940040,9.292187,5.440702,0.018397,0.010551,1518
1833,100.000000,89.365505,12.546809,0.050000,0.231204,0.250000,0.288664,3464.7691,0.862496,0.926171,10.571979,6.769774,0.018290,0.011085,1518
1834,100.000000,89.365505,12.858118,0.050000,0.264582,0.250000,0.274826,344.7503,0.851182,0.913948,11.929941,8.105533,0.018036,0.011456,1518
1835,100.000000,89.365505,13.207811,0.050000,0.302779,0.250000,0.268960,498.0612,0.840416,0.903922,13.365540,9.396929,0.017657,0.011636,1518
1836,100.000000,89.365505,13.598986,0.050000,0.346489,0.250000,0.265617,130.4048,0.830300,0.894681,14.878746,10.740979,0.017177,0.011702,1357
1837,100.000000,89.365505,14.034973,0.050000,0.396510,0.250000,0.263040,195.5163,0.820920,0.885289,16.469970,12.210855,0.016615,0.011685,1518
1838,100.000000,89.365505,14.519375,0.050000,0.453753,0.250000,0.261577,150.5935,0.812348,0.877078,18.139959,13.712685,0.015991,0.011575,1518
1839,100.000000,89.365505,15.056095,0.050000,0.519259,0.250000,0.259802,122.6848,0.804642,0.867950,19.889661,15.415326,0.015322,0.011399,1518
1840,100.000000,89.365505,15.649383,0.050000,0.594222,0.250000,0.258655,64.4684,0.797848,0.860034,21.720062,17.159117,0.014621,0.011152,1518
1841,100.000000,89.365505,16.303864,0.050000,0.680006,0.250000,0.257750,935.2535,0.792003,0.852876,23.631995,18.983088,0.013901,0.010847,1518
1842,100.000000,89.365505,17.024584,0.050000,0.778176,0.250000,0.256675,1322.6008,0.787137,0.845552,25.625912,20.973550,0.013172,0.010487,1518
1843,100.000000,89.365505,17.817034,0.050000,0.890517,0.250000,0.256025,748.3107,0.783269,0.839848,27.701629,22.977042,0.012443,0.010095,1518
1844,100.000000,89.365505,18.687190,0.050000,1.019077,0.250000,0.255227,386.6404,0.780416,0.834212,29.858022,25.137988,0.011720,0.009660,1518
1845,100.000000,89.365505,19.641533,0.050000,1.166196,0.250000,0.254629,248.2557,0.778588,0.829806,32.092691,27.348762,0.011008,0.009207,1519
1846,100.000000,89.365505,20.687074,0.050000,1.334554,0.250000,0.254111,189.6036,0.777792,0.826336,34.401565,29.635528,0.010311,0.008737,1519
1847,100.000000,89.365505,21.831358,0.050000,1.527217,0.250000,0.253716,156.1654,0.778032,0.824030,36.778449,31.968937,0.009633,0.008260,1519
1848,100.000000,89.365505,23.082459,0.050000,1.747694,0.250000,2.694259,24442.5881,0.779305,0.947166,39.214520,-13.769407,0.008975,0.001657,1518
1849,100.000000,89.365505,24.448956,0.050000,2.000000,0.250000,3.250000,30000.0000,0.781608,1.000000,41.697755,0.000000,0.008340,0.000000,1518
1850,100.000000,88.550429,11.461524,0.050000,0.002700,0.250000,2.250000,20000.0000,1.000000,0.950379,0.000000,0.560832,0.000000,0.010386,1518
1851,100.000000,88.550429,11.463250,0.050000,0.003090,0.250000,1.750000,15000.0000,1.000000,0.945506,0.000000,0.630357,0.000000,0.010200,1518
1852,100.000000,88.550429,11.465224,0.050000,0.003536,0.250000,1.994969,59.9164,1.000000,0.950450,0.000000,0.641656,0.000000,0.010399,553
1853,100.000000,88.550429,11.467484,0.050000,0.004046,0.250000,1.500000,15000.0000,1.000000,0.945409,0.000000,0.722138,0.000000,0.010199,1518
1854,100.000000,88.550429,11.470070,0.050000,0.004630,0.250000,1.750000,11373.7875,1.000000,0.950947,0.000000,0.735139,0.000000,0.010585,1518
1855,100.000000,88.550429,11.473028,0.050000,0.005299,0.250000,1.387379,10000.0000,1.000000,0.937194,0.000000,0.910768,0.000000,0.010497,1518
1856,100.000000,88.550429,11.476414,0.050000,0.006064,0.250000,1.250000,9275.0955,1.000000,0.939928,0.000000,0.943821,0.000000,0.010376,1518
1857,100.000000,88.550429,11.480289,0.050000,0.006939,0.250000,1.177510,10711.1371,1.000000,0.937583,0.000000,1.037572,0.000000,0.010475,1518
1858,100.000000,88.550429,11.484723,0.050000,0.007941,0.250000,1.321114,10000.0000,1.000000,0.948999,0.000001,1.048877,0.000000,0.012331,1518
1859,100.000000,88.550429,11.489797,0.050000,0.009088,0.250000,1.250000,17449.6871,1.000000,0.948862,0.000007,1.126305,0.000000,0.012393,1679
1860,100.000000,88.550429,11.495603,0.050000,0.010399,0.250000,1.247255,12500.0000,0.999999,0.951034,0.000040,1.103710,0.000002,0.010643,1679
1861,100.000000,88.550429,11.502248,0.050000,0.011901,0.250000,1.060324,9972.5473,0.999997,0.935197,0.000179,1.724507,0.000006,0.017882,1518
1862,100.000000,88.550429,11.509856,0.050000,0.013619,0.250000,1.115838,8103.2401,0.999987,0.951097,0.000671,1.267780,0.000020,0.010751,1518
1863,100.000000,88.550429,11.518576,0.050000,0.015585,0.250000,0.953198,68.0345,0.999959,0.932777,0.002148,2.059068,0.000055,0.018788,874
1864,100.000000,88.550429,11.528592,0.050000,0.017835,0.250000,0.952909,52.4378,0.999886,0.946950,0.005985,1.657566,0.000134,0.013222,875
1865,100.000000,88.550429,11.540144,0.050000,0.020410,0.250000,0.897717,86.6139,0.999721,0.944789,0.014779,1.865218,0.000290,0.014109,1035
1866,100.000000,88.550429,11.553553,0.050000,0.023356,0.250000,0.821296,76.4102,0.999386,0.930241,0.032839,2.630430,0.000562,0.019714,1035
1867,100.000000,88.550429,11.569258,0.050000,0.026728,0.250000,0.520956,7029.0881,0.998770,0.929791,0.066539,2.218279,0.000996,0.010765,1518
1868,100.000000,88.550429,11.587852,0.050000,0.030586,0.250000,0.511688,46.5047,0.997730,0.920756,0.124378,2.593956,0.001627,0.011134,874
1869,100.000000,88.550429,11.610120,0.050000,0.035002,0.250000,0.434820,41.4461,0.996100,0.927546,0.216674,2.597887,0.002476,0.010838,874
1870,100.000000,88.550429,11.637065,0.050000,0.040055,0.250000,0.439991,6477.1652,0.993708,0.914844,0.354918,3.129652,0.003544,0.011324,1518
1871,100.000000,88.550429,11.669925,0.050000,0.045837,0.250000,0.699263,5712.9645,0.990395,0.948725,0.550901,2.539027,0.004807,0.012330,1518
1872,100.000000,88.550429,11.710170,0.050000,0.052455,0.250000,0.609430,2709.5556,0.986030,0.896733,0.815810,6.132370,0.006221,0.032526,1518
1873,100.000000,88.550429,11.759490,0.050000,0.060027,0.250000,0.576935,2616.8776,0.980532,0.873600,1.159436,8.210187,0.007726,0.041835,1518
1874,100.000000,88.550429,11.819767,0.050000,0.068693,0.250000,0.609384,1848.1982,0.973869,0.945429,1.589620,3.372427,0.009256,0.013661,1518
1875,100.000000,88.550429,11.893049,0.050000,0.078610,0.250000,0.296673,1899.9118,0.966068,0.897288,2.111987,5.024789,0.010747,0.011693,1518
1876,100.000000,88.550429,11.981514,0.050000,0.089959,0.250000,0.312127,4492.6339,0.957207,0.879134,2.729950,6.034105,0.012139,0.011933,1518
1877,100.000000,88.550429,12.087441,0.050000,0.102946,0.250000,0.270606,3594.3049,0.947407,0.881755,3.444929,6.356449,0.013385,0.011861,1518
1878,100.000000,88.550429,12.213191,0.050000,0.117808,0.250000,0.265851,116.9223,0.936824,0.871036,4.256716,7.223878,0.014453,0.011888,1196
1879,100.000000,88.550429,12.361189,0.050000,0.134815,0.250000,0.262326,100.8850,0.925635,0.860002,5.163904,8.174434,0.015321,0.011835,1196
1880,100.000000,88.550429,12.533924,0.050000,0.154277,0.250000,0.495481,8658.3751,0.914027,0.950169,6.164325,4.464483,0.015982,0.011238,1679
1881,100.000000,88.550429,12.733948,0.050000,0.176550,0.250000,0.251016,7031.9808,0.902192,0.883202,7.255445,8.252407,0.016438,0.011593,1679
1882,100.000000,88.550429,12.963889,0.050000,0.202037,0.250000,0.389254,131.3293,0.890312,0.949297,8.434698,4.888636,0.016699,0.009691,1357
1883,100.000000,88.550429,13.226472,0.050000,0.231204,0.250000,0.332936,3269.3547,0.878561,0.942390,9.699734,5.659817,0.016781,0.009649,1519
1884,100.000000,88.550429,13.524542,0.050000,0.264582,0.250000,0.292394,3593.8394,0.867096,0.929316,11.048592,7.013968,0.016703,0.010088,1519
1885,100.000000,88.550429,13.861090,0.050000,0.302779,0.250000,0.276147,466.7330,0.856058,0.917021,12.479793,8.442510,0.016487,0.010443,1519
1886,100.000000,88.550429,14.239289,0.050000,0.346489,0.250000,0.269505,621.2747,0.845569,0.907089,13.992372,9.810409,0.016153,0.010615,1519
1887,100.000000,88.550429,14.662529,0.050000,0.396510,0.250000,0.265890,206.0622,0.835735,0.898126,15.585846,11.218797,0.015723,0.010676,1518
1888,100.000000,88.550429,15.134450,0.050000,0.453753,0.250000,0.263133,158.5132,0.826645,0.889007,17.260136,12.760876,0.015215,0.010662,1518
1889,100.000000,88.550429,15.658980,0.050000,0.519259,0.250000,0.261692,123.2582,0.818372,0.881283,19.015449,14.315920,0.014648,0.010560,1518
1890,100.000000,88.550429,16.240379,0.050000,0.594222,0.250000,0.260089,10.1626,0.810977,0.872997,20.852124,16.052853,0.014037,0.010398,1518
1891,100.000000,88.550429,16.883271,0.050000,0.680006,0.250000,0.258661,1392.5445,0.804509,0.864925,22.770433,17.916811,0.013394,0.010171,1518
1892,100.000000,88.550429,17.592682,0.050000,0.778176,0.250000,0.257641,829.3617,0.799005,0.857882,24.770364,19.840071,0.012733,0.009889,1518
1893,100.000000,88.550429,18.374080,0.050000,0.890517,0.250000,0.256803,423.9362,0.794495,0.851618,26.851351,21.847558,0.012061,0.009562,1518
1894,100.000000,88.550429,19.233401,0.050000,1.019077,0.250000,0.255992,261.4725,0.791002,0.845862,29.011974,23.969567,0.011388,0.009195,1518
1895,100.000000,88.550429,20.177081,0.050000,1.166196,0.250000,0.255244,195.0544,0.788542,0.840805,31.249614,26.191320,0.010718,0.008795,1518
1896,100.000000,88.550429,21.212074,0.050000,1.334554,0.250000,0.254650,158.8976,0.787125,0.836831,33.560053,28.472023,0.010059,0.008375,1518
1897,100.000000,88.550429,22.345860,0.050000,1.527217,0.250000,0.254145,2454.8143,0.786757,0.833815,35.937024,30.821148,0.009412,0.007938,1679
1898,100.000000,88.550429,23.586440,0.050000,1.747694,0.250000,2.719773,24697.7335,0.787440,0.948184,38.371698,-13.615060,0.008782,0.001560,1518
1899,100.000000,88.550429,24.942312,0.050000,2.000000,0.250000,3.250000,30000.0000,0.789172,1.000000,40.852116,0.000000,0.008170,0.000000,1518
1900,100.000000,87.742388,12.269456,0.050000,0.002700,0.250000,2.330434,20804.3367,1.000000,0.951095,0.000000,0.564333,0.000000,0.010047,1518
1901,100.000000,87.742388,12.271166,0.050000,0.003090,0.250000,2.250000,20000.0000,1.000000,0.950496,0.000000,0.599754,0.000000,0.009705,1518
1902,100.000000,87.742388,12.273122,0.050000,0.003536,0.250000,1.750000,15000.0000,1.000000,0.945837,0.000000,0.671676,0.000000,0.009498,1519
1903,100.000000,87.742388,12.275361,0.050000,0.004046,0.250000,1.750000,15000.0000,1.000000,0.937948,0.000000,0.788968,0.000000,0.009750,1519
1904,100.000000,87.742388,12.277924,0.050000,0.004630,0.250000,1.757595,5553.3820,1.000000,0.949251,0.000000,0.795234,0.000000,0.011393,1196
1905,100.000000,87.742388,12.280856,0.050000,0.005299,0.250000,1.750000,15075.9548,1.000000,0.950999,0.000000,0.787166,0.000000,0.009903,1518
1906,100.000000,87.742388,12.284211,0.050000,0.006064,0.250000,1.397484,15000.0000,1.000000,0.936868,0.000000,0.977931,0.000000,0.009789,1518
1907,100.000000,87.742388,12.288050,0.050000,0.006939,0.250000,1.250000,11474.8383,1.000000,0.940402,0.000000,1.003995,0.000000,0.009646,1518
1908,100.000000,87.742388,12.292443,0.050000,0.007941,0.250000,1.186838,10000.0000,1.000000,0.937211,0.000000,1.114711,0.000000,0.009770,1518
1909,100.000000,87.742388,12.297471,0.050000,0.009088,0.250000,1.329063,9368.3827,1.000000,0.949374,0.000001,1.110225,0.000000,0.011321,1518
1910,100.000000,87.742388,12.303223,0.050000,0.010399,0.250000,1.250000,10790.6330,1.000000,0.948605,0.000007,1.213273,0.000000,0.011667,1518
1911,100.000000,87.742388,12.309807,0.050000,0.011901,0.250000,1.250000,10000.0000,0.999999,0.951038,0.000037,1.180876,0.000001,0.009922,1518
1912,100.000000,87.742388,12.317341,0.050000,0.013619,0.250000,1.068362,10000.0000,0.999997,0.937204,0.000170,1.778286,0.000005,0.015956,1518
1913,100.000000,87.742388,12.325966,0.050000,0.015585,0.250000,0.809921,52.7263,0.999988,0.932764,0.000647,1.641106,0.000017,0.009935,714
1914,100.000000,87.742388,12.335849,0.050000,0.017835,0.250000,0.716521,67.8271,0.999963,0.936464,0.002095,1.684861,0.000047,0.009774,875
1915,100.000000,87.742388,12.347195,0.050000,0.020410,0.250000,0.805338,59.4068,0.999895,0.948729,0.005897,1.562279,0.000116,0.009476,875
1916,100.000000,87.742388,12.360269,0.050000,0.023356,0.250000,0.909638,8183.6206,0.999742,0.946975,0.014692,1.895685,0.000252,0.012304,1518
1917,100.000000,87.742388,12.375420,0.050000,0.026728,0.250000,0.808310,5599.2097,0.999428,0.920016,0.032898,3.287678,0.000492,0.022032,1518
1918,100.000000,87.742388,12.393122,0.050000,0.030586,0.250000,0.509396,4665.2085,0.998847,0.932822,0.067109,2.297569,0.000878,0.009892,1518
1919,100.000000,87.742388,12.414013,0.050000,0.035002,0.250000,0.521814,46.4159,0.997859,0.919339,0.126181,2.811319,0.001442,0.010406,875
1920,100.000000,87.742388,12.438933,0.050000,0.040055,0.250000,0.678938,85.8742,0.996303,0.878964,0.220945,6.392165,0.002206,0.037205,1035
1921,100.000000,87.742388,12.468956,0.050000,0.045837,0.250000,0.685126,75.7623,0.994009,0.926450,0.363535,3.914769,0.003172,0.019628,1035
1922,100.000000,87.742388,12.505406,0.050000,0.052455,0.250000,0.457998,6596.3835,0.990819,0.898831,0.566477,4.060121,0.004320,0.010933,1518
1923,100.000000,87.742388,12.549860,0.050000,0.060027,0.250000,0.367786,5583.0967,0.986604,0.912144,0.841726,3.919895,0.005609,0.010570,1518
1924,100.000000,87.742388,12.604129,0.050000,0.068693,0.250000,0.574963,2593.9566,0.981277,0.864984,1.199801,9.447571,0.006986,0.042323,1518
1925,100.000000,87.742388,12.670238,0.050000,0.078610,0.250000,0.350146,2718.1447,0.974808,0.893081,1.649180,5.171606,0.008392,0.010962,1518
1926,100.000000,87.742388,12.750392,0.050000,0.089959,0.250000,0.315423,100.4910,0.967219,0.892168,2.195990,5.566076,0.009764,0.010943,1197
1927,100.000000,87.742388,12.846940,0.050000,0.102946,0.250000,0.319172,3249.6303,0.958585,0.878376,2.843987,6.483286,0.011050,0.011065,1518
1928,100.000000,87.742388,12.962347,0.050000,0.117808,0.250000,0.271255,654.2349,0.949026,0.883218,3.594775,6.740490,0.012206,0.010977,1519
1929,100.000000,87.742388,13.099167,0.050000,0.134815,0.250000,0.266355,4289.3839,0.938693,0.872769,4.448179,7.655752,0.013198,0.010999,1679
1930,100.000000,87.742388,13.260033,0.050000,0.154277,0.250000,0.262710,4351.2577,0.927764,0.862017,5.402701,8.658932,0.014008,0.010948,1679
1931,100.000000,87.742388,13.447646,0.050000,0.176550,0.250000,0.257820,2079.9756,0.916424,0.859191,6.455976,9.391180,0.014627,0.010871,1679
1932,100.000000,87.742388,13.664783,0.050000,0.202037,0.250000,0.252437,1177.8557,0.904863,0.865783,7.605201,9.723571,0.015057,0.010808,1679
1933,100.000000,87.742388,13.914305,0.050000,0.231204,0.250000,0.390251,691.7173,0.893266,0.949599,8.847483,5.215961,0.015307,0.009018,1518
1934,100.000000,87.742388,14.199183,0.050000,0.264582,0.250000,0.336592,130.8805,0.881805,0.943597,10.180110,5.967645,0.015390,0.008914,1357
1935,100.000000,87.742388,14.522519,0.050000,0.302779,0.250000,0.294332,212.5502,0.870638,0.931213,11.600731,7.355041,0.015326,0.009271,1518
1936,100.000000,87.742388,14.887576,0.050000,0.346489,0.250000,0.276813,163.5486,0.859908,0.919108,13.107450,8.863868,0.015132,0.009593,1518
1937,100.000000,87.742388,15.297818,0.050000,0.396510,0.250000,0.269728,113.9116,0.849738,0.909378,14.698861,10.305489,0.014828,0.009748,1359
1938,100.000000,87.742388,15.756940,0.050000,0.453753,0.250000,0.265953,1001.4600,0.840235,0.900715,16.374000,11.780436,0.014434,0.009798,1679
1939,100.000000,87.742388,16.268912,0.050000,0.519259,0.250000,0.263088,127.0986,0.831489,0.891901,18.132255,13.396329,0.013968,0.009780,1518
1940,100.000000,87.742388,16.838014,0.050000,0.594222,0.250000,0.261391,78.2007,0.823574,0.884129,19.973229,15.054923,0.013445,0.009682,1518
1941,100.000000,87.742388,17.468878,0.050000,0.680006,0.250000,0.260049,24.3711,0.816552,0.876731,21.896549,16.819848,0.012880,0.009523,1518
1942,100.000000,87.742388,18.166525,0.050000,0.778176,0.250000,0.258587,1402.5128,0.810473,0.869024,23.901651,18.765461,0.012286,0.009309,1518
1943,100.000000,87.742388,18.936404,0.050000,0.890517,0.250000,0.257576,865.9202,0.805374,0.862421,25.987510,20.761868,0.011673,0.009044,1518
1944,100.000000,87.742388,19.784421,0.050000,1.019077,0.250000,0.256783,443.3197,0.801287,0.856694,28.152337,22.832062,0.011050,0.008737,1518
1945,100.000000,87.742388,20.716971,0.050000,1.166196,0.250000,0.255941,268.1345,0.798233,0.851294,30.393228,25.037934,0.010425,0.008392,1518
1946,100.000000,87.742388,21.740955,0.050000,1.334554,0.250000,0.255273,197.2830,0.796229,0.846918,32.705764,27.305565,0.009803,0.008020,1518
1947,100.000000,87.742388,22.863793,0.050000,1.527217,0.250000,0.254642,159.5253,0.795283,0.843268,35.083551,29.667643,0.009189,0.007625,1518
1948,100.000000,87.742388,24.093416,0.050000,1.747694,0.250000,2.736652,24866.5154,0.795402,0.948831,37.517716,-13.524217,0.008587,0.001502,1521
1949,100.000000,87.742388,25.438242,0.050000,2.000000,0.250000,3.250000,30000.0000,0.796583,1.000000,39.996328,0.000000,0.007999,0.000000,1521
1950,100.000000,86.956522,13.055217,0.050000,0.002700,0.250000,2.250000,20000.0000,1.000000,0.943346,0.000000,0.604656,0.000000,0.008958,1518
1951,100.000000,86.956522,13.056911,0.050000,0.003090,0.250000,2.293947,20439.4740,1.000000,0.951018,0.000000,0.610620,0.000000,0.009668,1518
1952,100.000000,86.956522,13.058850,0.050000,0.003536,0.250000,2.000000,15000.0000,1.000000,0.939833,0.000000,0.721529,0.000000,0.009069,1518
1953,100.000000,86.956522,13.061069,0.050000,0.004046,0.250000,2.000000,11235.8290,1.000000,0.950377,0.000000,0.717959,0.000000,0.010140,1518
1954,100.000000,86.956522,13.063608,0.050000,0.004630,0.250000,1.966274,10000.0000,1.000000,0.950941,0.000000,0.735076,0.000000,0.009250,1518
1955,100.000000,86.956522,13.066514,0.050000,0.005299,0.250000,1.500000,9071.5849,1.000000,0.945474,0.000000,0.825791,0.000000,0.008905,1518
1956,100.000000,86.956522,13.069839,0.050000,0.006064,0.250000,1.750000,17500.0000,1.000000,0.950944,0.000000,0.841273,0.000000,0.009249,1679
1957,100.000000,86.956522,13.073644,0.050000,0.006939,0.250000,1.373583,17500.0000,1.000000,0.938543,0.000000,1.026123,0.000000,0.009108,1679
1958,100.000000,86.956522,13.077998,0.050000,0.007941,0.250000,1.250000,10627.2197,1.000000,0.940096,0.000000,1.077928,0.000000,0.009049,1520
1959,100.000000,86.956522,13.082980,0.050000,0.009088,0.250000,1.157158,10000.0000,1.000000,0.939679,0.000000,1.158822,0.000000,0.009062,1520
1960,100.000000,86.956522,13.088681,0.050000,0.010399,0.250000,1.312722,17162.7426,1.000000,0.948323,0.000001,1.222411,0.000000,0.011061,1679
1961,100.000000,86.956522,13.095205,0.050000,0.011901,0.250000,1.250000,12500.0000,1.000000,0.948904,0.000007,1.287431,0.000000,0.010818,1679
1962,100.000000,86.956522,13.102671,0.050000,0.013619,0.250000,1.244225,9942.2520,0.999999,0.950995,0.000040,1.261829,0.000001,0.009265,1518
1963,100.000000,86.956522,13.111214,0.050000,0.015585,0.250000,1.066201,8162.0085,0.999997,0.937413,0.000183,1.894900,0.000005,0.014896,1518
1964,100.000000,86.956522,13.120995,0.050000,0.017835,0.250000,1.046423,51.5699,0.999988,0.945832,0.000695,1.702422,0.000016,0.011985,713
1965,100.000000,86.956522,13.132201,0.050000,0.020410,0.250000,0.714848,4648.4810,0.999962,0.936425,0.002245,1.803181,0.000044,0.009157,1518
1966,100.000000,86.956522,13.145063,0.050000,0.023356,0.250000,0.725237,4752.3707,0.999895,0.946177,0.006309,1.719358,0.000108,0.008855,1518
1967,100.000000,86.956522,13.159877,0.050000,0.026728,0.250000,0.908455,6584.5507,0.999742,0.947133,0.015693,2.020078,0.000235,0.011478,1518
1968,100.000000,86.956522,13.177031,0.050000,0.030586,0.250000,0.804219,58.7010,0.999430,0.918155,0.035094,3.609486,0.000459,0.021293,874
1969,100.000000,86.956522,13.197048,0.050000,0.035002,0.250000,0.518660,5542.1853,0.998852,0.930741,0.071503,2.513285,0.000817,0.009341,1518
1970,100.000000,86.956522,13.220625,0.050000,0.040055,0.250000,0.521324,2686.6019,0.997871,0.919297,0.134304,3.008575,0.001341,0.009738,1518
1971,100.000000,86.956522,13.248679,0.050000,0.045837,0.250000,0.426596,2713.2368,0.996327,0.930045,0.234954,2.897268,0.002050,0.009342,1518
1972,100.000000,86.956522,13.282374,0.050000,0.052455,0.250000,0.453792,1765.9581,0.994055,0.912199,0.386272,3.662627,0.002946,0.009921,1518
1973,100.000000,86.956522,13.323143,0.050000,0.060027,0.250000,0.708168,2037.9162,0.990897,0.950083,0.601477,2.792629,0.004008,0.010154,1518
1974,100.000000,86.956522,13.372688,0.050000,0.068693,0.250000,0.618159,4581.6797,0.986729,0.911108,0.893159,5.935687,0.005201,0.023471,1518
1975,100.000000,86.956522,13.432961,0.050000,0.078610,0.250000,0.573879,3681.5947,0.981468,0.864374,1.272381,10.157089,0.006474,0.039894,1518
1976,100.000000,86.956522,13.506146,0.050000,0.089959,0.250000,0.596709,3238.7888,0.975084,0.937891,1.748034,4.511756,0.007773,0.014466,1518
1977,100.000000,86.956522,13.594614,0.050000,0.102946,0.250000,0.323658,7964.2314,0.967602,0.889715,2.326514,6.050596,0.009040,0.010246,1679
1978,100.000000,86.956522,13.700897,0.050000,0.117808,0.250000,0.320375,84.3221,0.959099,0.878526,3.011704,6.929538,0.010226,0.010313,1035
1979,100.000000,86.956522,13.827650,0.050000,0.134815,0.250000,0.271410,74.4110,0.949696,0.883719,3.805205,7.188817,0.011290,0.010227,1035
1980,100.000000,86.956522,13.977628,0.050000,0.154277,0.250000,0.266503,65.7511,0.939544,0.873490,4.706734,8.157498,0.012203,0.010238,1035
1981,100.000000,86.956522,14.153672,0.050000,0.176550,0.250000,0.262828,3467.0943,0.928820,0.862998,5.714593,9.218016,0.012947,0.010182,1518
1982,100.000000,86.956522,14.358702,0.050000,0.202037,0.250000,0.257575,736.5823,0.917710,0.861667,6.826160,9.926073,0.013515,0.010110,1518
1983,100.000000,86.956522,14.595723,0.050000,0.231204,0.250000,0.252477,703.7473,0.906403,0.866894,8.038326,10.342705,0.013907,0.010043,1518
1984,100.000000,86.956522,14.867838,0.050000,0.264582,0.250000,0.384856,214.1041,0.895083,0.949487,9.347863,5.584991,0.014132,0.008408,1518
1985,100.000000,86.956522,15.178269,0.050000,0.302779,0.250000,0.335191,165.0316,0.883920,0.943828,10.751700,6.366175,0.014204,0.008306,1518
1986,100.000000,86.956522,15.530385,0.050000,0.346489,0.250000,0.293821,128.2752,0.873074,0.931830,12.247101,7.816324,0.014138,0.008610,1518
1987,100.000000,86.956522,15.927738,0.050000,0.396510,0.250000,0.276578,75.7509,0.862685,0.920149,13.831765,9.392174,0.013953,0.008889,1518
1988,100.000000,86.956522,16.374092,0.050000,0.453753,0.250000,0.269535,98.9461,0.852876,0.910768,15.503834,10.900520,0.013667,0.009017,1196
1989,100.000000,86.956522,16.873470,0.050000,0.519259,0.250000,0.265767,24.7741,0.843754,0.902441,17.261843,12.443215,0.013297,0.009051,1519
1990,100.000000,86.956522,17.430186,0.050000,0.594222,0.250000,0.263243,112.1426,0.835408,0.894493,19.104604,14.084096,0.012860,0.009016,1357
1991,100.000000,86.956522,18.048893,0.050000,0.680006,0.250000,0.261214,1348.5557,0.827912,0.886594,21.031037,15.861970,0.012371,0.008920,1518
1992,100.000000,86.956522,18.734616,0.050000,0.778176,0.250000,0.259895,851.9065,0.821327,0.879621,23.039958,17.697139,0.011843,0.008762,1518
1993,100.000000,86.956522,19.492794,0.050000,0.890517,0.250000,0.258432,438.2145,0.815703,0.872332,25.129817,19.722948,0.011288,0.008554,1518
1994,100.000000,86.956522,20.329310,0.050000,1.019077,0.250000,0.257441,265.7831,0.811078,0.866196,27.298391,21.791991,0.010715,0.008298,1518
1995,100.000000,86.956522,21.250526,0.050000,1.166196,0.250000,0.256575,195.3536,0.807481,0.860712,29.542431,23.959368,0.010133,0.008004,1518
1996,100.000000,86.956522,22.263297,0.050000,1.334554,0.250000,0.255870,157.6710,0.804934,0.856122,31.857262,26.198503,0.009548,0.007678,1518
1997,100.000000,86.956522,23.374989,0.050000,1.527217,0.250000,0.255157,132.4326,0.803451,0.852070,34.236318,28.552684,0.008967,0.007324,1518
1998,100.000000,86.956522,24.593465,0.050000,1.747694,0.250000,2.748840,24988.3986,0.803040,0.949287,36.670633,-13.465694,0.008393,0.001463,1518
1999,100.000000,86.956522,25.927071,0.050000,2.000000,0.250000,3.250000,30000.0000,0.803704,1.000000,39.148265,0.000000,0.007830,0.000000,1518
2000,100.000000,86.206897,13.804741,0.050000,0.002700,0.250000,2.362684,21126.8371,1.000000,0.944866,0.000000,0.593741,0.000000,0.008417,1519
2001,100.000000,86.206897,13.806420,0.050000,0.003090,0.250000,2.250000,20000.0000,1.000000,0.942319,0.000000,0.654875,0.000000,0.008477,1518
2002,100.000000,86.206897,13.808343,0.050000,0.003536,0.250000,2.250000,20000.0000,1.000000,0.950724,0.000000,0.662565,0.000000,0.009369,1518
2003,100.000000,86.206897,13.810543,0.050000,0.004046,0.250000,2.150631,19006.3089,1.000000,0.951069,0.000000,0.696045,0.000000,0.009051,1518
2004,100.000000,86.206897,13.813060,0.050000,0.004630,0.250000,1.750000,15000.0000,1.000000,0.944664,0.000000,0.779394,0.000000,0.008417,1518
2005,100.000000,86.206897,13.815941,0.050000,0.005299,0.250000,1.623102,13731.0183,1.000000,0.944481,0.000000,0.835629,0.000000,0.008419,1518
2006,100.000000,86.206897,13.819237,0.050000,0.006064,0.250000,1.750000,15000.0000,1.000000,0.949826,0.000000,0.894794,0.000000,0.009837,1518
2007,100.000000,86.206897,13.823009,0.050000,0.006939,0.250000,1.750000,15000.0000,1.000000,0.950707,0.000000,0.898623,0.000000,0.008634,1518
2008,100.000000,86.206897,13.827326,0.050000,0.007941,0.250000,1.317880,10678.8015,1.000000,0.941827,0.000000,1.056009,0.000000,0.008482,1518
2009,100.000000,86.206897,13.832265,0.050000,0.009088,0.250000,1.250000,10000.0000,1.000000,0.938973,0.000000,1.168447,0.000000,0.008571,1518
2010,100.000000,86.206897,13.837917,0.050000,0.010399,0.250000,1.091583,8415.8254,1.000000,0.944258,0.000000,1.173742,0.000000,0.008413,1518
2011,100.000000,86.206897,13.844385,0.050000,0.011901,0.250000,1.273388,10233.8827,1.000000,0.944708,0.000001,1.426897,0.000000,0.011716,1518
2012,100.000000,86.206897,13.851785,0.050000,0.013619,0.250000,1.250000,10000.0000,1.000000,0.949645,0.000009,1.348309,0.000000,0.009900,1518
2013,100.000000,86.206897,13.860254,0.050000,0.015585,0.250000,1.231264,9812.6447,0.999999,0.951021,0.000050,1.350661,0.000001,0.008762,1518
2014,100.000000,86.206897,13.869946,0.050000,0.017835,0.250000,1.046128,7961.2827,0.999996,0.933101,0.000224,2.190432,0.000005,0.015427,1518
2015,100.000000,86.206897,13.881041,0.050000,0.020410,0.250000,0.824582,5745.8216,0.999987,0.929122,0.000835,1.952004,0.000016,0.008900,1518
2016,100.000000,86.206897,13.893754,0.050000,0.023356,0.250000,0.697594,57.5161,0.999958,0.937757,0.002654,1.899777,0.000045,0.008584,874
2017,100.000000,86.206897,13.908346,0.050000,0.026728,0.250000,0.992930,4475.9351,0.999885,0.951061,0.007353,1.790212,0.000110,0.009016,1518
2018,100.000000,86.206897,13.925153,0.050000,0.030586,0.250000,0.893669,7429.3023,0.999721,0.945307,0.018068,2.256670,0.000236,0.011463,1518
2019,100.000000,86.206897,13.944614,0.050000,0.035002,0.250000,0.808335,6436.6907,0.999390,0.925472,0.039973,3.472760,0.000457,0.017770,1518
2020,100.000000,86.206897,13.967315,0.050000,0.040055,0.250000,0.738144,5583.3501,0.998783,0.887012,0.080682,5.922463,0.000806,0.030290,1518
2021,100.000000,86.206897,13.994034,0.050000,0.045837,0.250000,0.759762,72.3994,0.997762,0.938509,0.150305,3.182892,0.001312,0.013622,1035
2022,100.000000,86.206897,14.025786,0.050000,0.052455,0.250000,0.427257,64.0792,0.996169,0.928725,0.261061,3.142198,0.001991,0.008845,1035
2023,100.000000,86.206897,14.063852,0.050000,0.060027,0.250000,0.389256,1772.5676,0.993839,0.927483,0.426497,3.404292,0.002842,0.008872,1518
2024,100.000000,86.206897,14.109799,0.050000,0.068693,0.250000,0.699385,1392.5636,0.990621,0.949367,0.660456,3.052953,0.003846,0.009890,1518
2025,100.000000,86.206897,14.165475,0.050000,0.078610,0.250000,0.610227,4493.8481,0.986398,0.903657,0.976006,6.948091,0.004966,0.024536,1518
2026,100.000000,86.206897,14.232997,0.050000,0.089959,0.250000,0.573315,3602.2675,0.981093,0.871011,1.384513,10.278960,0.006156,0.035341,1518
2027,100.000000,86.206897,14.314721,0.050000,0.102946,0.250000,0.598270,96.2442,0.974685,0.940854,1.895001,4.554897,0.007363,0.012704,1196
2028,100.000000,86.206897,14.413200,0.050000,0.117808,0.250000,0.313161,3233.1455,0.967206,0.892425,2.513849,6.358770,0.008535,0.009584,1518
2029,100.000000,86.206897,14.531156,0.050000,0.134815,0.250000,0.315492,3482.7000,0.958739,0.879568,3.244800,7.368273,0.009627,0.009665,1518
2030,100.000000,86.206897,14.671440,0.050000,0.154277,0.250000,0.271047,4881.4368,0.949407,0.883258,4.089228,7.711704,0.010602,0.009594,1679
2031,100.000000,86.206897,14.837011,0.050000,0.176550,0.250000,0.266263,5097.6205,0.939367,0.873208,5.046561,8.739990,0.011434,0.009590,1679
2032,100.000000,86.206897,15.030922,0.050000,0.202037,0.250000,0.262655,83.6164,0.928796,0.862956,6.114783,9.862996,0.012106,0.009523,1196
2033,100.000000,86.206897,15.256314,0.050000,0.231204,0.250000,0.256746,109.1027,0.917880,0.864699,7.290932,10.459188,0.012614,0.009459,1357
2034,100.000000,86.206897,15.516424,0.050000,0.264582,0.250000,0.251702,631.6054,0.906807,0.871906,8.571559,10.775362,0.012959,0.009386,1518
2035,100.000000,86.206897,15.814598,0.050000,0.302779,0.250000,0.375990,654.9174,0.895760,0.949104,9.953090,5.995250,0.013149,0.007869,1518
2036,100.000000,86.206897,16.154319,0.050000,0.346489,0.250000,0.328818,210.4735,0.884907,0.943110,11.432100,6.869173,0.013198,0.007803,1518
2037,100.000000,86.206897,16.539234,0.050000,0.396510,0.250000,0.290902,162.6259,0.874405,0.931228,13.005484,8.415482,0.013120,0.008080,1518
2038,100.000000,86.206897,16.973190,0.050000,0.453753,0.250000,0.275430,126.5460,0.864391,0.920187,14.670540,10.043847,0.012933,0.008307,1518
2039,100.000000,86.206897,17.460272,0.050000,0.519259,0.250000,0.268915,67.4587,0.854988,0.911286,16.424959,11.611252,0.012653,0.008403,1518
2040,100.000000,86.206897,18.004841,0.050000,0.594222,0.250000,0.265322,17.0183,0.846298,0.903332,18.266748,13.222880,0.012296,0.008416,1518
2041,100.000000,86.206897,18.611578,0.050000,0.680006,0.250000,0.262880,1259.8962,0.838410,0.895750,20.194091,14.937391,0.011879,0.008366,1518
2042,100.000000,86.206897,19.285524,0.050000,0.778176,0.250000,0.260910,788.1755,0.831395,0.888259,22.205140,16.791247,0.011414,0.008261,1518
2043,100.000000,86.206897,20.032117,0.050000,0.890517,0.250000,0.259624,409.0178,0.825315,0.881701,24.297775,18.701256,0.010914,0.008099,1518
2044,100.000000,86.206897,20.857227,0.050000,1.019077,0.250000,0.258362,254.2979,0.820214,0.875232,26.469289,20.764724,0.010390,0.007892,1518
2045,100.000000,86.206897,21.767188,0.050000,1.166196,0.250000,0.257240,189.1452,0.816132,0.869247,28.716043,22.945511,0.009849,0.007641,1518
2046,100.000000,86.206897,22.768819,0.050000,1.334554,0.250000,0.256408,153.2245,0.813094,0.864291,31.033057,25.180335,0.009301,0.007355,1518
2047,100.000000,86.206897,23.869434,0.050000,1.527217,0.250000,0.255752,128.8038,0.811121,0.860286,33.413550,27.475160,0.008751,0.007041,1518
2048,100.000000,86.206897,25.076842,0.050000,1.747694,0.250000,2.760692,25106.9206,0.810225,0.949681,35.848423,-13.420505,0.008205,0.001428,1519
2049,100.000000,86.206897,26.399315,0.050000,2.000000,0.250000,3.250000,30000.0000,0.810412,1.000000,38.325683,0.000000,0.007665,0.000000,1519
2050,100.000000,84.267296,15.744079,0.050000,0.002700,0.250000,2.750000,25000.0000,1.000000,0.944825,0.000000,0.594030,0.000000,0.007334,1518
2051,100.000000,84.267296,15.745722,0.050000,0.003090,0.250000,2.750000,25000.0000,1.000000,0.951092,0.000000,0.606736,0.000000,0.007854,1518
2052,100.000000,84.267296,15.747601,0.050000,0.003536,0.250000,2.385312,21353.1232,1.000000,0.944303,0.000000,0.684068,0.000000,0.007341,1518
2053,100.000000,84.267296,15.749751,0.050000,0.004046,0.250000,2.250000,20000.0000,1.000000,0.942724,0.000000,0.745735,0.000000,0.007372,1518
2054,100.000000,84.267296,15.752212,0.050000,0.004630,0.250000,2.250000,20000.0000,1.000000,0.950665,0.000000,0.759950,0.000000,0.008207,1518
2055,100.000000,84.267296,15.755027,0.050000,0.005299,0.250000,2.137160,18871.6030,1.000000,0.950930,0.000000,0.803602,0.000000,0.008036,1518
2056,100.000000,84.267296,15.758250,0.050000,0.006064,0.250000,1.750000,15000.0000,1.000000,0.944988,0.000000,0.888510,0.000000,0.007326,1518
2057,100.000000,84.267296,15.761937,0.050000,0.006939,0.250000,1.612470,13624.6967,1.000000,0.945387,0.000000,0.945949,0.000000,0.007320,1518
2058,100.000000,84.267296,15.766156,0.050000,0.007941,0.250000,1.750000,15000.0000,1.000000,0.949724,0.000000,1.027138,0.000000,0.008623,1518
2059,100.000000,84.267296,15.770984,0.050000,0.009088,0.250000,1.739850,14898.4969,1.000000,0.950934,0.000000,1.029769,0.000000,0.007605,1518
2060,100.000000,84.267296,15.776509,0.050000,0.010399,0.250000,1.316235,10662.3542,1.000000,0.942382,0.000000,1.200447,0.000000,0.007370,1518
2061,100.000000,84.267296,15.782831,0.050000,0.011901,0.250000,1.250000,10000.0000,1.000000,0.939499,0.000000,1.328905,0.000000,0.007444,1518
2062,100.000000,84.267296,15.790066,0.050000,0.013619,0.250000,1.099070,8490.6995,1.000000,0.945144,0.000000,1.329076,0.000000,0.007312,1519
2063,100.000000,84.267296,15.798343,0.050000,0.015585,0.250000,1.274037,10240.3688,1.000000,0.944593,0.000001,1.637117,0.000000,0.010258,1519
2064,100.000000,84.267296,15.807815,0.050000,0.017835,0.250000,1.250000,10000.0000,1.000000,0.949519,0.000008,1.548743,0.000000,0.008684,1518
2065,100.000000,84.267296,15.818654,0.050000,0.020410,0.250000,1.177062,9270.6192,0.999999,0.950858,0.000047,1.542093,0.000001,0.007556,1518
2066,100.000000,84.267296,15.831056,0.050000,0.023356,0.250000,1.068234,8182.3415,0.999997,0.940043,0.000213,2.205075,0.000004,0.011538,1518
2067,100.000000,84.267296,15.845252,0.050000,0.026728,0.250000,0.735083,4850.8286,0.999989,0.941931,0.000810,1.934972,0.000012,0.007356,1518
2068,100.000000,84.267296,15.861513,0.050000,0.030586,0.250000,0.717459,4674.5861,0.999964,0.935594,0.002618,2.228230,0.000034,0.007530,1518
2069,100.000000,84.267296,15.880163,0.050000,0.035002,0.250000,0.699313,4493.1322,0.999901,0.928590,0.007362,2.570322,0.000084,0.007735,1518
2070,100.000000,84.267296,15.901614,0.050000,0.040055,0.250000,0.911621,6616.2074,0.999755,0.948420,0.018327,2.392999,0.000183,0.009030,1518
2071,100.000000,84.267296,15.926393,0.050000,0.045837,0.250000,0.788515,5385.1503,0.999458,0.907474,0.041008,5.071222,0.000358,0.020545,1518
2072,100.000000,84.267296,15.955194,0.050000,0.052455,0.250000,0.587973,3379.7300,0.998908,0.916498,0.083594,3.530275,0.000637,0.008031,1518
2073,100.000000,84.267296,15.988928,0.050000,0.060027,0.250000,0.525467,2754.6686,0.997975,0.918501,0.157080,3.709701,0.001047,0.007969,1518
2074,100.000000,84.267296,16.028771,0.050000,0.068693,0.250000,0.418747,1687.4695,0.996508,0.931693,0.274886,3.485404,0.001601,0.007587,1518
2075,100.000000,84.267296,16.076204,0.050000,0.078610,0.250000,0.475667,2256.6718,0.994349,0.907248,0.452028,4.666996,0.002300,0.008181,1518
2076,100.000000,84.267296,16.133033,0.050000,0.089959,0.250000,0.662237,4122.3741,0.991352,0.933446,0.703980,4.890137,0.003130,0.013186,1518
2077,100.000000,84.267296,16.201391,0.050000,0.102946,0.250000,0.623770,3737.7042,0.987399,0.921290,1.045460,6.336188,0.004062,0.016467,1518
2078,100.000000,84.267296,16.283724,0.050000,0.117808,0.250000,0.571016,3210.1649,0.982417,0.861495,1.489368,12.726264,0.005057,0.033651,1518
2079,100.000000,84.267296,16.382753,0.050000,0.134815,0.250000,0.584919,3349.1910,0.976380,0.928621,2.046017,6.488029,0.006071,0.014369,1518
2080,100.000000,84.267296,16.501444,0.050000,0.154277,0.250000,0.300605,71.5595,0.969319,0.899187,2.722750,6.945293,0.007059,0.008176,1035
2081,100.000000,84.267296,16.642957,0.050000,0.176550,0.250000,0.302999,95.5522,0.961312,0.886887,3.523903,8.067473,0.007984,0.008263,1196
2082,100.000000,84.267296,16.810619,0.050000,0.202037,0.250000,0.272449,506.0524,0.952480,0.885965,4.451075,8.679952,0.008812,0.008223,1518
2083,100.000000,84.267296,17.007888,0.050000,0.231204,0.250000,0.267414,529.9908,0.942976,0.876522,5.503573,9.819237,0.009522,0.008209,1518
2084,100.000000,84.267296,17.238343,0.050000,0.264582,0.250000,0.263574,224.4854,0.932974,0.866926,6.678960,11.062304,0.010097,0.008142,1518
2085,100.000000,84.267296,17.505673,0.050000,0.302779,0.250000,0.257422,174.1445,0.922658,0.868943,7.973609,11.710342,0.010534,0.008078,1518
2086,100.000000,84.267296,17.813688,0.050000,0.346489,0.250000,0.252264,82.9148,0.912214,0.875297,9.383203,12.103488,0.010832,0.008006,1196
2087,100.000000,84.267296,18.166336,0.050000,0.396510,0.250000,0.332050,108.0310,0.901824,0.945273,10.903141,7.160418,0.010999,0.006756,1357
2088,100.000000,84.267296,18.567726,0.050000,0.453753,0.250000,0.253276,135.7388,0.891658,0.904038,12.528831,11.493517,0.011045,0.007608,1518
2089,100.000000,84.267296,19.022165,0.050000,0.519259,0.250000,0.263737,74.2173,0.881870,0.916580,14.255876,11.099200,0.010982,0.007284,1518
2090,100.000000,84.267296,19.534189,0.050000,0.594222,0.250000,0.268051,22.6367,0.872600,0.917812,16.080139,11.744301,0.010824,0.007151,1518
2091,100.000000,84.267296,20.108612,0.050000,0.680006,0.250000,0.266993,820.5026,0.863969,0.913709,17.997714,13.020887,0.010587,0.007112,1518
2092,100.000000,84.267296,20.750559,0.050000,0.778176,0.250000,0.265403,154.0291,0.856082,0.908611,20.004804,14.526124,0.010283,0.007063,1519
2093,100.000000,84.267296,21.465511,0.050000,0.890517,0.250000,0.262854,128.5380,0.849027,0.901846,22.097525,16.367193,0.009926,0.007003,1519
2094,100.000000,84.267296,22.259342,0.050000,1.019077,0.250000,0.260803,32.7569,0.842877,0.895191,24.271634,18.356490,0.009527,0.006897,1679
2095,100.000000,84.267296,23.138351,0.050000,1.166196,0.250000,0.259555,137.3655,0.837691,0.889610,26.522188,20.378534,0.009097,0.006743,1679
2096,100.000000,84.267296,24.109286,0.050000,1.334554,0.250000,0.258291,25423.9696,0.833515,0.884087,28.843152,22.567528,0.008645,0.006552,1519
2097,100.000000,84.267296,25.179358,0.050000,1.527217,0.250000,0.257156,30000.0000,0.830386,0.879023,31.226935,24.878335,0.008179,0.006326,1519
2098,100.000000,84.267296,26.356241,0.050000,1.747694,0.250000,2.792397,30000.0000,0.828329,0.950495,33.663870,-13.357126,0.007705,0.001347,1519
2099,100.000000,84.267296,27.648046,0.050000,2.000000,0.250000,3.250000,26582.0915,0.827359,1.000000,36.141639,0.000000,0.007228,0.000000,1519
2100,100.000000,82.419847,17.591279,0.050000,0.002700,0.250000,3.250000,180.5097,1.000000,0.951087,0.000000,0.567534,0.000000,0.007007,1683
2101,100.000000,82.419847,17.592885,0.050000,0.003090,0.250000,2.908209,169.9263,1.000000,0.944659,0.000000,0.636756,0.000000,0.006525,1683
2102,100.000000,82.419847,17.594723,0.050000,0.003536,0.250000,2.641386,23913.8591,1.000000,0.946634,0.000000,0.665440,0.000000,0.006509,1521
2103,100.000000,82.419847,17.596826,0.050000,0.004046,0.250000,2.750000,25000.0000,1.000000,0.950970,0.000000,0.687456,0.000000,0.006796,1521
2104,100.000000,82.419847,17.599233,0.050000,0.004630,0.250000,2.250000,20000.0000,1.000000,0.947542,0.000000,0.753606,0.000000,0.006511,1518
2105,100.000000,82.419847,17.601987,0.050000,0.005299,0.250000,2.103279,18532.7876,1.000000,0.946978,0.000000,0.811379,0.000000,0.006507,1518
2106,100.000000,82.419847,17.605139,0.050000,0.006064,0.250000,2.250000,20000.0000,1.000000,0.951075,0.000000,0.851599,0.000000,0.007022,1518
2107,100.000000,82.419847,17.608745,0.050000,0.006939,0.250000,1.856756,16067.5603,1.000000,0.944770,0.000000,0.952933,0.000000,0.006519,1518
2108,100.000000,82.419847,17.612872,0.050000,0.007941,0.250000,1.750000,15000.0000,1.000000,0.943176,0.000000,1.039095,0.000000,0.006543,1518
2109,100.000000,82.419847,17.617594,0.050000,0.009088,0.250000,1.859060,16090.5969,1.000000,0.950773,0.000000,1.060026,0.000000,0.007249,1518
2110,100.000000,82.419847,17.622998,0.050000,0.010399,0.250000,1.750000,15000.0000,1.000000,0.950673,0.000000,1.138525,0.000000,0.007299,1518
2111,100.000000,82.419847,17.629182,0.050000,0.011901,0.250000,1.600704,13507.0425,1.000000,0.948197,0.000000,1.312075,0.000000,0.008162,1518
2112,100.000000,82.419847,17.636257,0.050000,0.013619,0.250000,1.250000,10000.0000,1.000000,0.945148,0.000000,1.329013,0.000000,0.006506,1518
2113,100.000000,82.419847,17.644354,0.050000,0.015585,0.250000,1.250000,10000.0000,1.000000,0.937378,0.000000,1.558651,0.000000,0.006667,1518
2114,100.000000,82.419847,17.653618,0.050000,0.017835,0.250000,1.315342,10653.4201,1.000000,0.950308,0.000000,1.441841,0.000000,0.006622,1518
2115,100.000000,82.419847,17.664218,0.050000,0.020410,0.250000,1.250000,10000.0000,1.000000,0.943842,0.000002,1.904842,0.000000,0.009333,1518
2116,100.000000,82.419847,17.676347,0.050000,0.023356,0.250000,1.250000,10000.0000,1.000000,0.950548,0.000013,1.714427,0.000000,0.007340,1518
2117,100.000000,82.419847,17.690225,0.050000,0.026728,0.250000,1.170911,9209.1060,0.999999,0.951022,0.000070,1.768848,0.000001,0.006797,1518
2118,100.000000,82.419847,17.706106,0.050000,0.030586,0.250000,1.032304,7823.0351,0.999996,0.933299,0.000307,2.858706,0.000004,0.011947,1518
2119,100.000000,82.419847,17.724284,0.050000,0.035002,0.250000,0.769344,5193.4421,0.999986,0.935431,0.001128,2.388032,0.000013,0.006693,1518
2120,100.000000,82.419847,17.745104,0.050000,0.040055,0.250000,0.686649,4366.4926,0.999957,0.937858,0.003545,2.484976,0.000035,0.006624,1518
2121,100.000000,82.419847,17.768984,0.050000,0.045837,0.250000,0.738751,4887.5052,0.999884,0.948248,0.009724,2.352942,0.000085,0.006469,1518
2122,100.000000,82.419847,17.796448,0.050000,0.052455,0.250000,0.885416,6354.1645,0.999721,0.945788,0.023683,2.922619,0.000181,0.008768,1518
2123,100.000000,82.419847,17.828162,0.050000,0.060027,0.250000,0.791723,5417.2319,0.999394,0.920012,0.051989,4.927302,0.000346,0.015153,1518
2124,100.000000,82.419847,17.864995,0.050000,0.068693,0.250000,0.517791,2677.9062,0.998801,0.928586,0.104218,3.600950,0.000607,0.006827,1518
2125,100.000000,82.419847,17.908072,0.050000,0.078610,0.250000,0.505305,2553.0535,0.997810,0.920824,0.192980,4.155935,0.000982,0.006999,1518
2126,100.000000,82.419847,17.958825,0.050000,0.089959,0.250000,0.417980,1679.8037,0.996275,0.929871,0.333397,4.066250,0.001482,0.006767,1519
2127,100.000000,82.419847,18.019038,0.050000,0.102946,0.250000,0.448641,1986.4053,0.994043,0.912082,0.542100,5.136058,0.002106,0.007141,1519
2128,100.000000,82.419847,18.090861,0.050000,0.117808,0.250000,0.674390,4243.8960,0.990979,0.944049,0.835944,4.555668,0.002838,0.009112,1519
2129,100.000000,82.419847,18.176809,0.050000,0.134815,0.250000,0.610477,3604.7715,0.986981,0.912002,1.230688,8.221625,0.003651,0.016918,1518
2130,100.000000,82.419847,18.279744,0.050000,0.154277,0.250000,0.569474,3194.7386,0.981987,0.872668,1.739872,13.269737,0.004511,0.026923,1518
2131,100.000000,82.419847,18.402833,0.050000,0.176550,0.250000,0.585140,3351.4005,0.975988,0.933847,2.374052,6.802954,0.005379,0.011497,1518
2132,100.000000,82.419847,18.549510,0.050000,0.202037,0.250000,0.287112,371.1188,0.969026,0.902734,3.140449,7.744808,0.006218,0.007145,1518
2133,100.000000,82.419847,18.723426,0.050000,0.231204,0.250000,0.300114,501.1427,0.961190,0.887322,4.042979,9.206977,0.006995,0.007239,1518
2134,100.000000,82.419847,18.928418,0.050000,0.264582,0.250000,0.272217,222.1698,0.952609,0.885765,5.082579,9.945349,0.007684,0.007198,1518
2135,100.000000,82.419847,19.168472,0.050000,0.302779,0.250000,0.267348,173.4829,0.943440,0.876829,6.257722,11.217308,0.008267,0.007162,1518
2136,100.000000,82.419847,19.447719,0.050000,0.346489,0.250000,0.262998,129.9787,0.933858,0.869655,7.565014,12.480219,0.008733,0.007087,1518
2137,100.000000,82.419847,19.770422,0.050000,0.396510,0.250000,0.256111,61.1109,0.924047,0.875865,8.999780,12.906639,0.009079,0.007029,1518
2138,100.000000,82.419847,20.140992,0.050000,0.453753,0.250000,0.251524,91.8734,0.914192,0.882819,10.556574,13.260423,0.009306,0.006945,1196
2139,100.000000,82.419847,20.564008,0.050000,0.519259,0.250000,0.311790,15.2409,0.904468,0.942650,12.229585,8.455667,0.009421,0.005961,1518
2140,100.000000,82.419847,21.044243,0.050000,0.594222,0.250000,0.321654,617.9035,0.895042,0.944094,14.012909,8.890138,0.009433,0.005860,1518
2141,100.000000,82.419847,21.586704,0.050000,0.680006,0.250000,0.288468,103.5291,0.886063,0.934116,15.900694,10.680855,0.009353,0.005974,1357
2142,100.000000,82.419847,22.196665,0.050000,0.778176,0.250000,0.274462,716.5372,0.877666,0.925076,17.887159,12.555191,0.009194,0.006067,1518
2143,100.000000,82.419847,22.879713,0.050000,0.890517,0.250000,0.268223,384.6765,0.869966,0.917822,19.966502,14.375883,0.008968,0.006083,1518
2144,100.000000,82.419847,23.641782,0.050000,1.019077,0.250000,0.264692,244.6234,0.863064,0.911459,22.132705,16.243206,0.008687,0.006044,1518
2145,100.000000,82.419847,24.489187,0.050000,1.166196,0.250000,0.262292,182.2275,0.857041,0.905553,24.379244,18.214122,0.008362,0.005963,1518
2146,100.000000,82.419847,25.428655,0.050000,1.334554,0.250000,0.260353,146.9249,0.851967,0.899837,26.698728,20.332050,0.008002,0.005844,1518
2147,100.000000,82.419847,26.467336,0.050000,1.527217,0.250000,0.259187,122.9227,0.847894,0.895208,29.082454,22.469078,0.007617,0.005685,1518
2148,100.000000,82.419847,27.612808,0.050000,1.747694,0.250000,2.824011,25740.1145,0.844865,0.950967,31.519897,-13.379035,0.007214,0.001282,1518
2149,100.000000,82.419847,28.873055,0.050000,2.000000,0.250000,3.250000,30000.0000,0.842907,1.000000,33.998135,0.000000,0.006800,0.000000,1518
2150,100.000000,80.645161,19.365725,0.050000,0.002700,0.250000,3.642544,33925.4445,1.000000,0.950928,0.000000,0.561242,0.000000,0.006127,1518
2151,100.000000,80.645161,19.367297,0.050000,0.003090,0.250000,3.143125,28931.2500,1.000000,0.947400,0.000000,0.616631,0.000000,0.005881,1518
2152,100.000000,80.645161,19.369095,0.050000,0.003536,0.250000,3.250000,30000.0000,1.000000,0.950618,0.000000,0.641456,0.000000,0.006047,1518
2153,100.000000,80.645161,19.371153,0.050000,0.004046,0.250000,2.750000,25000.0000,1.000000,0.946437,0.000000,0.713447,0.000000,0.005878,1518
2154,100.000000,80.645161,19.373508,0.050000,0.004630,0.250000,2.751154,25011.5407,1.000000,0.950885,0.000000,0.752842,0.000000,0.006501,1518
2155,100.000000,80.645161,19.376202,0.050000,0.005299,0.250000,2.677294,24272.9425,1.000000,0.950888,0.000000,0.785938,0.000000,0.006110,1518
2156,100.000000,80.645161,19.379286,0.050000,0.006064,0.250000,2.250000,20000.0000,1.000000,0.944591,0.000000,0.892745,0.000000,0.005889,1518
2157,100.000000,80.645161,19.382815,0.050000,0.006939,0.250000,2.287070,20370.6974,1.000000,0.950796,0.000000,0.925343,0.000000,0.006546,1518
2158,100.000000,80.645161,19.386853,0.050000,0.007941,0.250000,2.217235,19672.3521,1.000000,0.951034,0.000000,0.964464,0.000000,0.006174,1518
2159,100.000000,80.645161,19.391474,0.050000,0.009088,0.250000,1.750000,15000.0000,1.000000,0.946589,0.000000,1.067366,0.000000,0.005872,1518
2160,100.000000,80.645161,19.396761,0.050000,0.010399,0.250000,1.682961,14329.6093,1.000000,0.943386,0.000000,1.186082,0.000000,0.005901,1518
2161,100.000000,80.645161,19.402811,0.050000,0.011901,0.250000,1.750000,15000.0000,1.000000,0.948639,0.000000,1.296734,0.000000,0.007264,1518
2162,100.000000,80.645161,19.409735,0.050000,0.013619,0.250000,1.750000,15000.0000,1.000000,0.951061,0.000000,1.264339,0.000000,0.006189,1518
2163,100.000000,80.645161,19.417657,0.050000,0.015585,0.250000,1.370503,11205.0289,1.000000,0.940558,0.000000,1.501880,0.000000,0.005947,1518
2164,100.000000,80.645161,19.426721,0.050000,0.017835,0.250000,1.250000,10000.0000,1.000000,0.941751,0.000000,1.584019,0.000000,0.005921,1518
2165,100.000000,80.645161,19.437093,0.050000,0.020410,0.250000,1.136777,8867.7698,1.000000,0.943030,0.000000,1.668780,0.000000,0.005896,1518
2166,100.000000,80.645161,19.448961,0.050000,0.023356,0.250000,1.317087,10670.8723,1.000000,0.948128,0.000001,1.841369,0.000000,0.007388,1518
2167,100.000000,80.645161,19.462540,0.050000,0.026728,0.250000,1.250000,10000.0000,1.000000,0.948316,0.000005,1.960140,0.000000,0.007334,1518
2168,100.000000,80.645161,19.478077,0.050000,0.030586,0.250000,1.220840,9708.3950,1.000000,0.951091,0.000029,1.898378,0.000000,0.006207,1518
2169,100.000000,80.645161,19.495853,0.050000,0.035002,0.250000,1.141907,8919.0680,0.999998,0.949818,0.000144,2.150265,0.000002,0.006888,1518
2170,100.000000,80.645161,19.516196,0.050000,0.040055,0.250000,1.069872,8198.7172,0.999994,0.948446,0.000584,2.391306,0.000006,0.007282,1518
2171,100.000000,80.645161,19.539482,0.050000,0.045837,0.250000,0.782757,5327.5692,0.999978,0.929286,0.002003,2.920295,0.000017,0.006169,1518
2172,100.000000,80.645161,19.566159,0.050000,0.052455,0.250000,0.657232,4072.3205,0.999936,0.938066,0.005933,2.836906,0.000045,0.005961,1518
2173,100.000000,80.645161,19.596774,0.050000,0.060027,0.250000,0.866914,6169.1397,0.999836,0.931876,0.015453,4.103573,0.000103,0.011081,1518
2174,100.000000,80.645161,19.632006,0.050000,0.068693,0.250000,0.828725,5787.2474,0.999622,0.932518,0.035972,4.342150,0.000209,0.010922,1518
2175,100.000000,80.645161,19.672726,0.050000,0.078610,0.250000,0.819467,5694.6719,0.999211,0.944094,0.075904,3.717659,0.000386,0.008305,1518
2176,100.000000,80.645161,19.720054,0.050000,0.089959,0.250000,0.529221,2792.2130,0.998493,0.921964,0.146989,4.398618,0.000654,0.006275,1518
2177,100.000000,80.645161,19.775420,0.050000,0.102946,0.250000,0.460447,2104.4654,0.997332,0.926224,0.264072,4.514944,0.001026,0.006173,1518
2178,100.000000,80.645161,19.840618,0.050000,0.117808,0.250000,0.426139,1761.3930,0.995583,0.923857,0.444299,4.943433,0.001509,0.006206,1518
2179,100.000000,80.645161,19.917839,0.050000,0.134815,0.250000,0.647901,3979.0100,0.993107,0.912838,0.705870,8.134014,0.002094,0.015163,1518
2180,100.000000,80.645161,20.009684,0.050000,0.154277,0.250000,0.663768,4137.6764,0.989783,0.944880,1.066596,5.117605,0.002765,0.008017,1518
2181,100.000000,80.645161,20.119149,0.050000,0.176550,0.250000,0.578814,3288.1409,0.985532,0.869132,1.542525,14.632218,0.003495,0.025205,1518
2182,100.000000,80.645161,20.249598,0.050000,0.202037,0.250000,0.569307,3193.0721,0.980319,0.895775,2.146874,12.159568,0.004250,0.018849,1518
2183,100.000000,80.645161,20.404719,0.050000,0.231204,0.250000,0.596230,3462.3021,0.974157,0.946463,2.889380,6.038766,0.004999,0.007544,1518
2184,100.000000,80.645161,20.588472,0.050000,0.264582,0.250000,0.298593,485.9269,0.967114,0.895572,3.776089,9.328903,0.005709,0.006427,1518
2185,100.000000,80.645161,20.805050,0.050000,0.302779,0.250000,0.299287,492.8708,0.959295,0.884924,4.809534,10.694362,0.006354,0.006430,1518
2186,100.000000,80.645161,21.058835,0.050000,0.346489,0.250000,0.270960,209.6033,0.950842,0.883828,5.989176,11.517160,0.006914,0.006381,1518
2187,100.000000,80.645161,21.354381,0.050000,0.396510,0.250000,0.266479,164.7890,0.941921,0.875416,7.312000,12.939101,0.007376,0.006319,1518
2188,100.000000,80.645161,21.696396,0.050000,0.453753,0.250000,0.259888,98.8758,0.932710,0.877146,8.773147,13.707345,0.007734,0.006256,1518
2189,100.000000,80.645161,22.089751,0.050000,0.519259,0.250000,0.254010,40.0978,0.923393,0.883976,10.366505,14.086451,0.007986,0.006184,1518
2190,100.000000,80.645161,22.539491,0.050000,0.594222,0.250000,0.250780,7.8034,0.914148,0.895934,12.085198,13.945792,0.008135,0.006060,1518
2191,100.000000,80.645161,23.050861,0.050000,0.680006,0.250000,0.317350,673.5033,0.905146,0.944563,13.921935,9.456939,0.008189,0.005260,1518
2192,100.000000,80.645161,23.629337,0.050000,0.778176,0.250000,0.260310,309.7564,0.896544,0.918934,15.869222,13.304632,0.008157,0.005628,1518
2193,100.000000,80.645161,24.280662,0.050000,0.890517,0.250000,0.280976,213.3840,0.888483,0.932095,17.919424,12.495223,0.008049,0.005299,1518
2194,100.000000,80.645161,25.010884,0.050000,1.019077,0.250000,0.271338,165.3641,0.881087,0.924667,20.064697,14.425389,0.007876,0.005324,1518
2195,100.000000,80.645161,25.826387,0.050000,1.166196,0.250000,0.266536,135.6727,0.874464,0.918566,22.296790,16.341669,0.007648,0.005295,1518
2196,100.000000,80.645161,26.733923,0.050000,1.334554,0.250000,0.263567,114.6585,0.868702,0.913125,24.606750,18.331424,0.007375,0.005225,1518
2197,100.000000,80.645161,27.740626,0.050000,1.527217,0.250000,0.261466,26057.0616,0.863876,0.908133,26.984525,20.427509,0.007068,0.005121,1518
2198,100.000000,80.645161,28.854016,0.050000,1.747694,0.250000,2.855706,25903.0968,0.860044,0.951100,29.418477,-13.489196,0.006733,0.001231,1518
2199,100.000000,80.645161,30.081985,0.050000,2.000000,0.250000,2.840310,35000.0000,0.857250,0.948220,31.894827,-13.772173,0.006379,0.001089,1518
2200,100.000000,78.945291,21.065366,0.050000,0.002700,0.250000,3.750000,35000.0000,1.000000,0.946791,0.000000,0.580422,0.000000,0.005374,1518
2201,100.000000,78.945291,21.066904,0.050000,0.003090,0.250000,3.750000,30000.0000,1.000000,0.950687,0.000000,0.599652,0.000000,0.005545,1518
2202,100.000000,78.945291,21.068665,0.050000,0.003536,0.250000,3.250000,30000.0000,1.000000,0.946689,0.000000,0.665016,0.000000,0.005373,1518
2203,100.000000,78.945291,21.070679,0.050000,0.004046,0.250000,3.250000,103.0970,1.000000,0.951069,0.000000,0.689411,0.000000,0.005680,1679
2204,100.000000,78.945291,21.072985,0.050000,0.004630,0.250000,2.750000,25000.0000,1.000000,0.948217,0.000000,0.748057,0.000000,0.005386,1518
2205,100.000000,78.945291,21.075623,0.050000,0.005299,0.250000,2.867847,26178.4673,1.000000,0.951082,0.000000,0.789568,0.000000,0.005692,1518
2206,100.000000,78.945291,21.078641,0.050000,0.006064,0.250000,2.739359,24893.5890,1.000000,0.950802,0.000000,0.840287,0.000000,0.005566,1518
2207,100.000000,78.945291,21.082096,0.050000,0.006939,0.250000,2.250000,20000.0000,1.000000,0.946684,0.000000,0.931642,0.000000,0.005370,1518
2208,100.000000,78.945291,21.086048,0.050000,0.007941,0.250000,2.368155,21181.5542,1.000000,0.951092,0.000000,0.972603,0.000000,0.005782,1518
2209,100.000000,78.945291,21.090572,0.050000,0.009088,0.250000,2.250000,20000.0000,1.000000,0.951082,0.000000,1.034065,0.000000,0.005689,1518
2210,100.000000,78.945291,21.095748,0.050000,0.010399,0.250000,1.829778,15797.7843,1.000000,0.945085,0.000000,1.162199,0.000000,0.005374,1518
2211,100.000000,78.945291,21.101671,0.050000,0.011901,0.250000,1.750000,15000.0000,1.000000,0.942178,0.000000,1.287360,0.000000,0.005409,1518
2212,100.000000,78.945291,21.108448,0.050000,0.013619,0.250000,1.846187,15961.8694,1.000000,0.950892,0.000000,1.290711,0.000000,0.005937,1518
2213,100.000000,78.945291,21.116203,0.050000,0.015585,0.250000,1.750000,15000.0000,1.000000,0.950992,0.000000,1.373481,0.000000,0.005875,1518
2214,100.000000,78.945291,21.125076,0.050000,0.017835,0.250000,1.354735,11047.3454,1.000000,0.947441,0.000000,1.480748,0.000000,0.005364,1518
2215,100.000000,78.945291,21.135230,0.050000,0.020410,0.250000,1.250000,10000.0000,1.000000,0.944227,0.000000,1.644986,0.000000,0.005373,1518
2216,100.000000,78.945291,21.146847,0.050000,0.023356,0.250000,1.248109,9981.0928,1.000000,0.936584,0.000000,1.925465,0.000000,0.005503,1518
2217,100.000000,78.945291,21.160140,0.050000,0.026728,0.250000,1.396444,11464.4432,1.000000,0.950977,0.000000,1.800270,0.000000,0.005875,1518
2218,100.000000,78.945291,21.175349,0.050000,0.030586,0.250000,1.250000,10000.0000,1.000000,0.945867,0.000002,2.227589,0.000000,0.007283,1518
2219,100.000000,78.945291,21.192750,0.050000,0.035002,0.250000,1.250000,10000.0000,1.000000,0.950914,0.000016,2.067041,0.000000,0.005905,1518
2220,100.000000,78.945291,21.212659,0.050000,0.040055,0.250000,1.101790,8517.9019,0.999999,0.950910,0.000083,2.161292,0.000001,0.005566,1518
2221,100.000000,78.945291,21.235439,0.050000,0.045837,0.250000,1.028739,7787.3904,0.999996,0.935827,0.000364,3.346140,0.000003,0.009374,1518
2222,100.000000,78.945291,21.261507,0.050000,0.052455,0.250000,0.707622,4576.2247,0.999987,0.942332,0.001331,2.697753,0.000010,0.005371,1518
2223,100.000000,78.945291,21.291356,0.050000,0.060027,0.250000,0.684583,4345.8271,0.999959,0.937345,0.004171,3.060087,0.000028,0.005455,1518
2224,100.000000,78.945291,21.325572,0.050000,0.068693,0.250000,0.629375,3793.7522,0.999889,0.936686,0.011413,3.298284,0.000066,0.005460,1518
2225,100.000000,78.945291,21.364876,0.050000,0.078610,0.250000,0.884794,6347.9429,0.999734,0.947132,0.027739,3.464407,0.000141,0.006943,1518
2226,100.000000,78.945291,21.410176,0.050000,0.089959,0.250000,0.776921,5269.2127,0.999424,0.912854,0.060778,6.643054,0.000270,0.014014,1518
2227,100.000000,78.945291,21.462626,0.050000,0.102946,0.250000,0.569161,3191.6088,0.998862,0.918226,0.121634,4.870187,0.000473,0.005775,1518
2228,100.000000,78.945291,21.523695,0.050000,0.117808,0.250000,0.506807,2568.0691,0.997926,0.920480,0.224885,5.103875,0.000764,0.005724,1518
2229,100.000000,78.945291,21.595231,0.050000,0.134815,0.250000,0.411278,1612.7795,0.996479,0.931060,0.387970,4.915845,0.001151,0.005514,1518
2230,100.000000,78.945291,21.679502,0.050000,0.154277,0.250000,0.458116,2081.1582,0.994382,0.910428,0.630008,6.373730,0.001633,0.005834,1518
2231,100.000000,78.945291,21.779221,0.050000,0.176550,0.250000,0.617855,3678.5531,0.991511,0.891327,0.970301,11.907547,0.002198,0.018335,1518
2232,100.000000,78.945291,21.897541,0.050000,0.202037,0.250000,0.614817,3648.1708,0.987774,0.921901,1.426795,8.798485,0.002825,0.011937,1518
2233,100.000000,78.945291,22.038034,0.050000,0.231204,0.250000,0.567979,3179.7892,0.983122,0.876472,2.014779,15.708168,0.003486,0.021366,1518
2234,100.000000,78.945291,22.204643,0.050000,0.264582,0.250000,0.575618,3256.1827,0.977552,0.926484,2.745998,9.400440,0.004151,0.010911,1518
2235,100.000000,78.945291,22.401636,0.050000,0.302779,0.250000,0.571127,3211.2724,0.971114,0.940263,3.628240,7.904809,0.004793,0.008130,1518
2236,100.000000,78.945291,22.633552,0.050000,0.346489,0.250000,0.280653,306.5294,0.963899,0.896547,4.665356,10.603968,0.005386,0.005770,1518
2237,100.000000,78.945291,22.905161,0.050000,0.396510,0.250000,0.274174,241.7409,0.956036,0.888703,5.857630,11.952027,0.005909,0.005751,1518
2238,100.000000,78.945291,23.221428,0.050000,0.453753,0.250000,0.269110,191.0985,0.947683,0.880823,7.202349,13.418881,0.006349,0.005697,1518
2239,100.000000,78.945291,23.587499,0.050000,0.519259,0.250000,0.262658,126.5770,0.939011,0.880474,8.694462,14.384354,0.006698,0.005633,1518
2240,100.000000,78.945291,24.008694,0.050000,0.594222,0.250000,0.256256,62.5569,0.930201,0.886171,10.327223,14.866946,0.006952,0.005565,1518
2241,100.000000,78.945291,24.490517,0.050000,0.680006,0.250000,0.252056,20.5606,0.921433,0.893146,12.092736,15.203920,0.007113,0.005474,1518
2242,100.000000,78.945291,25.038679,0.050000,0.778176,0.250000,0.331857,613.0868,0.912879,0.947558,13.982367,9.768130,0.007187,0.004772,1518
2243,100.000000,78.945291,25.659120,0.050000,0.890517,0.250000,0.311309,375.5260,0.904699,0.944186,15.987002,10.871123,0.007181,0.004700,1518
2244,100.000000,78.945291,26.358044,0.050000,1.019077,0.250000,0.287553,244.0065,0.897038,0.937089,18.097143,12.645450,0.007103,0.004710,1518
2245,100.000000,78.945291,27.141951,0.050000,1.166196,0.250000,0.274401,182.5607,0.890024,0.929713,20.302846,14.664828,0.006964,0.004729,1518
2246,100.000000,78.945291,28.017661,0.050000,1.334554,0.250000,0.268256,147.2563,0.883769,0.923845,22.593531,16.640213,0.006772,0.004700,1518
2247,100.000000,78.945291,28.992333,0.050000,1.527217,0.250000,0.264726,26373.0210,0.878365,0.918831,24.957657,18.656006,0.006537,0.004633,1518
2248,100.000000,78.945291,30.073473,0.050000,1.747694,0.250000,2.887302,26194.3007,0.873890,0.950895,27.382296,-13.690422,0.006267,0.001194,1518
2249,100.000000,78.945291,31.268915,0.050000,2.000000,0.250000,2.869430,818.5720,0.870404,0.946549,29.852609,-14.360097,0.005971,0.001095,1679
2250,100.000000,77.321580,22.688857,0.050000,0.002700,0.250000,4.250000,27500.0000,1.000000,0.950984,0.000000,0.561711,0.000000,0.005201,391
2251,100.000000,77.321580,22.690364,0.050000,0.003090,0.250000,3.750000,40000.0000,1.000000,0.947764,0.000000,0.614132,0.000000,0.004969,1518
2252,100.000000,77.321580,22.692088,0.050000,0.003536,0.250000,3.750000,35000.0000,1.000000,0.950963,0.000000,0.642593,0.000000,0.005192,1518
2253,100.000000,77.321580,22.694061,0.050000,0.004046,0.250000,3.250000,35000.0000,1.000000,0.947681,0.000000,0.703386,0.000000,0.004967,1518
2254,100.000000,77.321580,22.696319,0.050000,0.004630,0.250000,3.250000,30000.0000,1.000000,0.951093,0.000000,0.742557,0.000000,0.005346,1518
2255,100.000000,77.321580,22.698903,0.050000,0.005299,0.250000,2.823498,30000.0000,1.000000,0.947314,0.000000,0.808281,0.000000,0.004963,1518
2256,100.000000,77.321580,22.701859,0.050000,0.006064,0.250000,2.676516,25734.9759,1.000000,0.945762,0.000000,0.880376,0.000000,0.004961,1518
2257,100.000000,77.321580,22.705243,0.050000,0.006939,0.250000,2.750000,24265.1600,1.000000,0.950961,0.000000,0.900154,0.000000,0.005189,1518
2258,100.000000,77.321580,22.709114,0.050000,0.007941,0.250000,2.250000,25000.0000,1.000000,0.947674,0.000000,0.985485,0.000000,0.004964,1518
2259,100.000000,77.321580,22.713545,0.050000,0.009088,0.250000,2.152877,20000.0000,1.000000,0.945332,0.000000,1.083272,0.000000,0.004961,1518
2260,100.000000,77.321580,22.718614,0.050000,0.010399,0.250000,2.250000,19028.7685,1.000000,0.951083,0.000000,1.114330,0.000000,0.005358,1518
2261,100.000000,77.321580,22.724415,0.050000,0.011901,0.250000,1.895806,20000.0000,1.000000,0.943230,0.000000,1.271236,0.000000,0.004978,1518
2262,100.000000,77.321580,22.731053,0.050000,0.013619,0.250000,1.750000,16458.0584,1.000000,0.943563,0.000000,1.354483,0.000000,0.004973,1518
2263,100.000000,77.321580,22.738648,0.050000,0.015585,0.250000,1.904158,15000.0000,1.000000,0.951082,0.000000,1.354064,0.000000,0.005252,1518
2264,100.000000,77.321580,22.747340,0.050000,0.017835,0.250000,1.500000,16541.5847,1.000000,0.943493,0.000000,1.551314,0.000000,0.004970,1518
2265,100.000000,77.321580,22.757284,0.050000,0.020410,0.250000,1.445162,10000.0000,1.000000,0.939569,0.000000,1.738864,0.000000,0.005026,1518
2266,100.000000,77.321580,22.768663,0.050000,0.023356,0.250000,1.250000,10000.0000,1.000000,0.945464,0.000000,1.733898,0.000000,0.004949,1518
2267,100.000000,77.321580,22.781682,0.050000,0.026728,0.250000,1.250000,11281.9999,1.000000,0.938166,0.000000,2.022711,0.000000,0.005045,1518
2268,100.000000,77.321580,22.796578,0.050000,0.030586,0.250000,1.378200,10000.0000,1.000000,0.951039,0.000000,1.893164,0.000000,0.005207,1518
2269,100.000000,77.321580,22.813621,0.050000,0.035002,0.250000,1.250000,10000.0000,1.000000,0.944239,0.000001,2.472776,0.000000,0.007065,1518
2270,100.000000,77.321580,22.833120,0.050000,0.040055,0.250000,1.250000,7897.0057,1.000000,0.950567,0.000010,2.243564,0.000000,0.005601,1518
2271,100.000000,77.321580,22.855429,0.050000,0.045837,0.250000,1.039701,12500.0000,0.999999,0.950332,0.000059,2.311229,0.000001,0.005042,1680
2272,100.000000,77.321580,22.880951,0.050000,0.052455,0.250000,1.074450,11951.6212,0.999998,0.945263,0.000271,2.958229,0.000002,0.006840,1680
2273,100.000000,77.321580,22.910155,0.050000,0.060027,0.250000,0.964307,8244.4960,0.999991,0.950911,0.001035,2.645826,0.000007,0.005131,1518
2274,100.000000,77.321580,22.943583,0.050000,0.068693,0.250000,0.724904,7143.0677,0.999970,0.933678,0.003364,3.411167,0.000020,0.005094,1518
2275,100.000000,77.321580,22.981880,0.050000,0.078610,0.250000,0.675772,4749.0358,0.999915,0.931733,0.009506,3.726903,0.000048,0.005121,1518
2276,100.000000,77.321580,23.025826,0.050000,0.089959,0.250000,0.920409,4257.7225,0.999790,0.950459,0.023759,3.375611,0.000106,0.005597,1518
2277,100.000000,77.321580,23.076393,0.050000,0.102946,0.250000,0.783370,6704.0908,0.999535,0.913561,0.053347,7.041696,0.000207,0.012824,1518
2278,100.000000,77.321580,23.134805,0.050000,0.117808,0.250000,0.804139,5333.7020,0.999061,0.944915,0.109067,4.468541,0.000370,0.006845,1518
2279,100.000000,77.321580,23.202609,0.050000,0.134815,0.250000,0.536574,5541.3949,0.998257,0.917098,0.205445,5.629683,0.000610,0.005309,1518
2280,100.000000,77.321580,23.281749,0.050000,0.154277,0.250000,0.675784,2865.7365,0.996992,0.895995,0.360243,10.600560,0.000934,0.016138,1518
2281,100.000000,77.321580,23.374609,0.050000,0.176550,0.250000,0.431166,1811.6629,0.995131,0.919522,0.593334,6.303382,0.001344,0.005241,1518
2282,100.000000,77.321580,23.484055,0.050000,0.202037,0.250000,0.647066,3970.6618,0.992552,0.925649,0.925169,8.320890,0.001832,0.010372,1518
2283,100.000000,77.321580,23.613428,0.050000,0.231204,0.250000,0.638400,3884.0002,0.989158,0.938206,1.375123,7.189813,0.002379,0.008006,1518
2284,100.000000,77.321580,23.766530,0.050000,0.264582,0.250000,0.570153,3201.5336,0.984892,0.872195,1.960023,17.449183,0.002963,0.020599,1518
2285,100.000000,77.321580,23.947578,0.050000,0.302779,0.250000,0.568767,3187.6725,0.979744,0.911558,2.693087,12.390926,0.003558,0.012838,1518
2286,100.000000,77.321580,24.161153,0.050000,0.346489,0.250000,0.542806,4257.8441,0.973753,0.897864,3.583348,15.568817,0.004137,0.015346,1679
2287,100.000000,77.321580,24.412145,0.050000,0.396510,0.250000,0.288727,2928.0639,0.967002,0.897836,4.635564,11.241752,0.004676,0.005263,1518
2288,100.000000,77.321580,24.705705,0.050000,0.453753,0.250000,0.286909,387.2687,0.959612,0.888985,5.850517,12.762659,0.005157,0.005239,1518
2289,100.000000,77.321580,25.047207,0.050000,0.519259,0.250000,0.271343,369.0910,0.951732,0.884631,7.225564,14.030245,0.005566,0.005183,1518
2290,100.000000,77.321580,25.442223,0.050000,0.594222,0.250000,0.264470,213.4341,0.943532,0.884640,8.755308,15.008076,0.005894,0.005121,1518
2291,100.000000,77.321580,25.896511,0.050000,0.680006,0.250000,0.257909,144.7022,0.935188,0.889486,10.432273,15.573731,0.006137,0.005054,1518
2292,100.000000,77.321580,26.416027,0.050000,0.778176,0.250000,0.253337,79.0852,0.926879,0.895835,12.247490,15.969919,0.006295,0.004967,1518
2293,100.000000,77.321580,27.006933,0.050000,0.890517,0.250000,0.252937,33.3685,0.918777,0.910729,14.190944,15.275546,0.006374,0.004801,1518
2294,100.000000,77.321580,27.675620,0.050000,1.019077,0.250000,0.298415,29.3708,0.911042,0.942368,16.251866,11.885713,0.006379,0.004316,1518
2295,100.000000,77.321580,28.428737,0.050000,1.166196,0.250000,0.292482,484.1459,0.903821,0.940294,18.418836,13.032361,0.006318,0.004255,1518
2296,100.000000,77.321580,29.273211,0.050000,1.334554,0.250000,0.276866,424.8214,0.897243,0.933295,20.679727,15.098608,0.006198,0.004255,1518
2297,100.000000,77.321580,30.216267,0.050000,1.527217,0.250000,0.269672,268.6632,0.891421,0.927749,23.021497,17.124943,0.006030,0.004220,1518
2298,100.000000,77.321580,31.265431,0.050000,1.747694,0.250000,2.918629,196.7221,0.886448,0.950355,25.429841,-13.984093,0.005820,0.001167,1518
2299,100.000000,77.321580,32.428519,0.050000,2.000000,0.250000,2.898284,26686.2851,0.882402,0.944503,27.888730,-15.055551,0.005578,0.001109,1518
2300,100.000000,75.757576,24.252651,0.050000,0.002700,0.250000,3.000000,26482.8396,1.000000,1.000000,0.000000,0.000000,0.000000,0.000000,1518
2301,100.000000,75.757576,24.254127,0.050000,0.003090,0.250000,4.250000,40000.0000,1.000000,0.951037,0.000000,0.601687,0.000000,0.004868,1518
2302,100.000000,75.757576,24.255816,0.050000,0.003536,0.250000,3.750000,35000.0000,1.000000,0.948093,0.000000,0.654606,0.000000,0.004628,1518
2303,100.000000,75.757576,24.257750,0.050000,0.004046,0.250000,3.750000,35000.0000,1.000000,0.951023,0.000000,0.688217,0.000000,0.004860,1518
2304,100.000000,75.757576,24.259962,0.050000,0.004630,0.250000,3.500000,30000.0000,1.000000,0.951087,0.000000,0.738385,0.000000,0.004907,230
2305,100.000000,75.757576,24.262493,0.050000,0.005299,0.250000,3.000000,32500.0000,1.000000,0.948481,0.000000,0.798057,0.000000,0.004634,1679
2306,100.000000,75.757576,24.265390,0.050000,0.006064,0.250000,2.843021,27500.0000,1.000000,0.947178,0.000000,0.865996,0.000000,0.004617,1679
2307,100.000000,75.757576,24.268705,0.050000,0.006939,0.250000,2.652047,22500.0000,1.000000,0.946894,0.000000,0.929384,0.000000,0.004615,391
2308,100.000000,75.757576,24.272498,0.050000,0.007941,0.250000,2.750000,25042.1405,1.000000,0.951021,0.000000,0.964114,0.000000,0.004856,391
2309,100.000000,75.757576,24.276839,0.050000,0.009088,0.250000,2.250000,25930.2145,1.000000,0.948008,0.000000,1.050402,0.000000,0.004623,1518
2310,100.000000,75.757576,24.281806,0.050000,0.010399,0.250000,2.186037,24020.4686,1.000000,0.944508,0.000000,1.170240,0.000000,0.004620,1518
2311,100.000000,75.757576,24.287489,0.050000,0.011901,0.250000,2.250000,25000.0000,1.000000,0.951049,0.000000,1.195696,0.000000,0.005023,1518
2312,100.000000,75.757576,24.293993,0.050000,0.013619,0.250000,1.909263,20000.0000,1.000000,0.943123,0.000000,1.361641,0.000000,0.004630,1518
2313,100.000000,75.757576,24.301435,0.050000,0.015585,0.250000,2.000000,19360.3742,1.000000,0.951058,0.000000,1.367370,0.000000,0.005013,1518
2314,100.000000,75.757576,24.309950,0.050000,0.017835,0.250000,1.916164,20000.0000,1.000000,0.951052,0.000000,1.446310,0.000000,0.004867,1518
2315,100.000000,75.757576,24.319694,0.050000,0.020410,0.250000,1.750000,16592.6307,1.000000,0.950592,0.000000,1.600033,0.000000,0.005226,1518
2316,100.000000,75.757576,24.330842,0.050000,0.023356,0.250000,1.681812,16661.6434,1.000000,0.951063,0.000000,1.673196,0.000000,0.005003,1518
2317,100.000000,75.757576,24.343598,0.050000,0.026728,0.250000,1.250000,15000.0000,1.000000,0.945918,0.000000,1.844894,0.000000,0.004602,1518
2318,100.000000,75.757576,24.358193,0.050000,0.030586,0.250000,1.250000,14318.1169,1.000000,0.938891,0.000000,2.145630,0.000000,0.004677,1518
2319,100.000000,75.757576,24.374891,0.050000,0.035002,0.250000,1.352809,10000.0000,1.000000,0.950989,0.000000,2.022657,0.000000,0.004824,1518
2320,100.000000,75.757576,24.393996,0.050000,0.040055,0.250000,1.250000,17500.0000,1.000000,0.943712,0.000001,2.676027,0.000000,0.006681,1679
2321,100.000000,75.757576,24.415852,0.050000,0.045837,0.250000,1.250000,10000.0000,1.000000,0.950412,0.000009,2.413527,0.000000,0.005265,1518
2322,100.000000,75.757576,24.440857,0.050000,0.052455,0.250000,1.047001,11028.0907,1.000000,0.950499,0.000050,2.471057,0.000000,0.004711,1518
2323,100.000000,75.757576,24.469463,0.050000,0.060027,0.250000,1.098734,10000.0000,0.999998,0.948301,0.000235,2.938644,0.000002,0.005768,1518
2324,100.000000,75.757576,24.502191,0.050000,0.068693,0.250000,1.061723,10000.0000,0.999992,0.949933,0.000917,3.001586,0.000005,0.005383,1518
2325,100.000000,75.757576,24.539646,0.050000,0.078610,0.250000,0.746492,7970.0142,0.999975,0.931669,0.003044,3.729472,0.000015,0.004761,1518
2326,100.000000,75.757576,24.582542,0.050000,0.089959,0.250000,0.649393,8487.3378,0.999928,0.936511,0.008754,3.781954,0.000039,0.004674,1518
2327,100.000000,75.757576,24.631736,0.050000,0.102946,0.250000,0.850066,8117.2287,0.999818,0.932817,0.022219,5.288442,0.000086,0.008561,1518
2328,100.000000,75.757576,24.688285,0.050000,0.117808,0.250000,0.801655,4964.9197,0.999592,0.926600,0.050564,6.261469,0.000172,0.009635,1518
2329,100.000000,75.757576,24.753511,0.050000,0.134815,0.250000,0.810457,3993.9278,0.999166,0.945937,0.104593,4.669088,0.000310,0.006179,1518
2330,100.000000,75.757576,24.829074,0.050000,0.154277,0.250000,0.503926,6000.6630,0.998437,0.924970,0.199037,5.596100,0.000516,0.004811,1518
2331,100.000000,75.757576,24.917050,0.050000,0.176550,0.250000,0.441467,5516.5505,0.997278,0.928190,0.352117,5.796432,0.000798,0.004748,1518
2332,100.000000,75.757576,25.019984,0.050000,0.202037,0.250000,0.419640,19942.4267,0.995561,0.923596,0.584443,6.490132,0.001157,0.004797,716
2333,100.000000,75.757576,25.140929,0.050000,0.231204,0.250000,0.620702,5604.5705,0.993165,0.885698,0.917427,14.412671,0.001587,0.016816,1518
2334,100.000000,75.757576,25.283450,0.050000,0.264582,0.250000,0.402029,2539.2586,0.989995,0.908397,1.371544,8.484627,0.002074,0.004918,1518
2335,100.000000,75.757576,25.451610,0.050000,0.302779,0.250000,0.322557,1914.6699,0.985991,0.918950,1.964734,8.297800,0.002596,0.004786,1518
2336,100.000000,75.757576,25.649920,0.050000,0.346489,0.250000,0.316644,1696.3977,0.981142,0.911155,2.711210,9.495154,0.003130,0.004836,1518
2337,100.000000,75.757576,25.883292,0.050000,0.396510,0.250000,0.575522,3707.0161,0.975481,0.938902,3.620776,9.290761,0.003653,0.007198,1518
2338,100.000000,75.757576,26.156974,0.050000,0.453753,0.250000,0.312101,3255.2207,0.969087,0.893784,4.698662,12.366499,0.004142,0.004849,1518
2339,100.000000,75.757576,26.476503,0.050000,0.519259,0.250000,0.278960,621.0083,0.962077,0.894292,5.945776,13.183692,0.004580,0.004800,1518
2340,100.000000,75.757576,26.847657,0.050000,0.594222,0.250000,0.273189,289.5975,0.954598,0.887352,7.359247,14.757441,0.004954,0.004747,1518
2341,100.000000,75.757576,27.276427,0.050000,0.680006,0.250000,0.265560,231.8895,0.946813,0.889097,8.933100,15.612688,0.005255,0.004687,1518
2342,100.000000,75.757576,27.769006,0.050000,0.778176,0.250000,0.259020,1520.2886,0.938899,0.893459,10.658956,16.230320,0.005479,0.004619,1679
2343,100.000000,75.757576,28.331783,0.050000,0.890517,0.250000,0.254386,725.5703,0.931030,0.899335,12.526639,16.668678,0.005627,0.004534,1679
2344,100.000000,75.757576,28.971359,0.050000,1.019077,0.250000,0.252820,666.4437,0.923378,0.909644,14.524649,16.485952,0.005701,0.004405,1679
2345,100.000000,75.757576,29.694558,0.050000,1.166196,0.250000,0.281638,155.6027,0.916103,0.938208,16.640451,13.354385,0.005708,0.004016,1518
2346,100.000000,75.757576,30.508444,0.050000,1.334554,0.250000,0.295030,90.2033,0.909349,0.942213,18.860590,13.626796,0.005653,0.003888,1518
2347,100.000000,75.757576,31.420341,0.050000,1.527217,0.250000,0.278444,43.8589,0.903244,0.935792,21.170611,15.710145,0.005545,0.003866,1518
2348,100.000000,75.757576,32.437831,0.050000,1.747694,0.250000,2.949874,28.1954,0.897901,0.949476,23.554834,-14.375012,0.005391,0.001150,1518
2349,100.000000,75.757576,33.568741,0.050000,2.000000,0.250000,2.927050,316.3767,0.893412,0.942065,25.995968,-15.866934,0.005199,0.001130,1518
2350,100.000000,74.255588,25.754436,0.050000,0.002700,0.250000,3.250000,450.2970,1.000000,1.000000,0.000000,0.000000,0.000000,0.000000,1518
2351,100.000000,74.255588,25.755883,0.050000,0.003090,0.250000,2.500000,284.4411,1.000000,1.000000,0.000000,0.000000,0.000000,0.000000,1518
2352,100.000000,74.255588,25.757539,0.050000,0.003536,0.250000,4.250000,30000.0000,1.000000,0.950997,0.000000,0.642994,0.000000,0.004546,230
2353,100.000000,74.255588,25.759434,0.050000,0.004046,0.250000,3.750000,25000.0000,1.000000,0.947938,0.000000,0.701402,0.000000,0.004334,230
2354,100.000000,74.255588,25.761602,0.050000,0.004630,0.250000,3.750000,26998.7392,1.000000,0.950980,0.000000,0.735524,0.000000,0.004539,1518
2355,100.000000,74.255588,25.764083,0.050000,0.005299,0.250000,3.250000,26770.4999,1.000000,0.947852,0.000000,0.803443,0.000000,0.004332,1518
2356,100.000000,74.255588,25.766923,0.050000,0.006064,0.250000,3.250000,22500.0000,1.000000,0.951090,0.000000,0.850151,0.000000,0.004673,391
2357,100.000000,74.255588,25.770172,0.050000,0.006939,0.250000,2.796022,40000.0000,1.000000,0.948159,0.000000,0.916348,0.000000,0.004335,1518
2358,100.000000,74.255588,25.773890,0.050000,0.007941,0.250000,2.754214,35000.0000,1.000000,0.950139,0.000000,0.962937,0.000000,0.004409,1518
2359,100.000000,74.255588,25.778145,0.050000,0.009088,0.250000,2.750000,35000.0000,1.000000,0.950978,0.000000,1.030440,0.000000,0.004535,1518
2360,100.000000,74.255588,25.783013,0.050000,0.010399,0.250000,2.250000,30000.0000,1.000000,0.947857,0.000000,1.125468,0.000000,0.004329,1518
2361,100.000000,74.255588,25.788584,0.050000,0.011901,0.250000,2.244243,30000.0000,1.000000,0.950092,0.000000,1.179162,0.000000,0.004404,1518
2362,100.000000,74.255588,25.794959,0.050000,0.013619,0.250000,2.250000,25460.2230,1.000000,0.951078,0.000000,1.275929,0.000000,0.004684,1518
2363,100.000000,74.255588,25.802253,0.050000,0.015585,0.250000,1.877667,25000.0000,1.000000,0.944442,0.000000,1.433758,0.000000,0.004324,1518
2364,100.000000,74.255588,25.810599,0.050000,0.017835,0.250000,1.750000,20000.0000,1.000000,0.943932,0.000000,1.543163,0.000000,0.004326,1518
2365,100.000000,74.255588,25.820150,0.050000,0.020410,0.250000,1.888960,20000.0000,1.000000,0.951092,0.000000,1.559268,0.000000,0.004661,1518
2366,100.000000,74.255588,25.831077,0.050000,0.023356,0.250000,1.750000,16276.6743,1.000000,0.950698,0.000000,1.704617,0.000000,0.004866,1518
2367,100.000000,74.255588,25.843580,0.050000,0.026728,0.250000,1.573026,15000.0000,1.000000,0.950706,0.000000,1.763647,0.000000,0.004461,1518
2368,100.000000,74.255588,25.857886,0.050000,0.030586,0.250000,1.250000,16389.5965,1.000000,0.945775,0.000000,1.976905,0.000000,0.004309,1518
2369,100.000000,74.255588,25.874253,0.050000,0.035002,0.250000,1.500000,15000.0000,1.000000,0.951070,0.000000,2.046934,0.000000,0.004678,1518
2370,100.000000,74.255588,25.892979,0.050000,0.040055,0.250000,1.138154,13230.2570,1.000000,0.940054,0.000000,2.422132,0.000000,0.004356,1518
2371,100.000000,74.255588,25.914402,0.050000,0.045837,0.250000,1.000000,10000.0000,1.000000,0.944113,0.000001,2.468550,0.000000,0.004308,1518
2372,100.000000,74.255588,25.938910,0.050000,0.052455,0.250000,1.250000,10000.0000,1.000000,0.950528,0.000008,2.571192,0.000000,0.004902,1518
2373,100.000000,74.255588,25.966947,0.050000,0.060027,0.250000,1.028591,7785.9050,1.000000,0.950424,0.000049,2.643971,0.000000,0.004405,1518
2374,100.000000,74.255588,25.999020,0.050000,0.068693,0.250000,1.103835,8538.3528,0.999998,0.949064,0.000234,3.079295,0.000001,0.005250,1518
2375,100.000000,74.255588,26.035713,0.050000,0.078610,0.250000,1.042028,7920.2789,0.999993,0.948292,0.000918,3.363723,0.000005,0.005403,1518
2376,100.000000,74.255588,26.077700,0.050000,0.089959,0.250000,0.751353,5013.5332,0.999976,0.931105,0.003062,4.013676,0.000014,0.004456,1518
2377,100.000000,74.255588,26.125776,0.050000,0.102946,0.250000,0.638523,3885.2304,0.999932,0.938033,0.008843,3.975805,0.000034,0.004347,1518
2378,100.000000,74.255588,26.180891,0.050000,0.117808,0.250000,0.817553,5675.5263,0.999828,0.911974,0.022531,7.688318,0.000077,0.011499,1518
2379,100.000000,74.255588,26.244209,0.050000,0.134815,0.250000,0.806328,5563.2836,0.999613,0.930525,0.051440,6.290155,0.000153,0.008387,1518
2380,100.000000,74.255588,26.317178,0.050000,0.154277,0.250000,0.548381,12500.0000,0.999208,0.926334,0.106705,5.521064,0.000277,0.004482,1679
2381,100.000000,74.255588,26.401605,0.050000,0.176550,0.250000,0.472678,8881.5385,0.998512,0.931232,0.203549,5.615245,0.000461,0.004401,1679
2382,100.000000,74.255588,26.499735,0.050000,0.202037,0.250000,0.446111,7500.0000,0.997405,0.927582,0.360848,6.239236,0.000714,0.004436,1679
2383,100.000000,74.255588,26.614316,0.050000,0.231204,0.250000,0.664951,2226.7812,0.995761,0.916567,0.599993,10.141058,0.001038,0.010570,1518
2384,100.000000,74.255588,26.748628,0.050000,0.264582,0.250000,0.371159,1961.1073,0.993465,0.933072,0.943244,6.739183,0.001426,0.004323,1518
2385,100.000000,74.255588,26.906502,0.050000,0.302779,0.250000,0.656768,1211.5854,0.990425,0.945908,1.411895,7.002007,0.001865,0.005685,1518
2386,100.000000,74.255588,27.092291,0.050000,0.346489,0.250000,0.574125,2983.8115,0.986586,0.879993,2.024597,18.623176,0.002337,0.016583,1679
2387,100.000000,74.255588,27.310830,0.050000,0.396510,0.250000,0.566146,4067.6779,0.981935,0.904665,2.796083,15.422437,0.002821,0.012303,1518
2388,100.000000,74.255588,27.567377,0.050000,0.453753,0.250000,0.581315,3241.2529,0.976509,0.942454,3.736433,9.252663,0.003294,0.006155,1518
2389,100.000000,74.255588,27.867553,0.050000,0.519259,0.250000,0.287717,3161.4625,0.970385,0.902971,4.850870,12.394195,0.003737,0.004459,1518
2390,100.000000,74.255588,28.217281,0.050000,0.594222,0.250000,0.280514,3313.1492,0.963679,0.895830,6.140005,13.955799,0.004133,0.004429,1518
2391,100.000000,74.255588,28.622744,0.050000,0.680006,0.250000,0.273976,4149.5126,0.956537,0.890876,7.600375,15.433880,0.004471,0.004375,1679
2392,100.000000,74.255588,29.090346,0.050000,0.778176,0.250000,0.266047,377.1716,0.949122,0.893638,9.225141,16.210776,0.004742,0.004315,1518
2393,100.000000,74.255588,29.626698,0.050000,0.890517,0.250000,0.259677,305.1436,0.941605,0.897768,11.004788,16.855284,0.004943,0.004245,1518
2394,100.000000,74.255588,30.238611,0.050000,1.019077,0.250000,0.255210,239.7585,0.934161,0.903344,12.927750,17.314716,0.005074,0.004159,1518
2395,100.000000,74.255588,30.933098,0.050000,1.166196,0.250000,0.253710,160.4730,0.926957,0.912401,14.980878,17.240739,0.005138,0.004038,1518
2396,100.000000,74.255588,31.717387,0.050000,1.334554,0.250000,0.273349,96.7717,0.920152,0.935557,17.149728,14.724776,0.005140,0.003739,1518
2397,100.000000,74.255588,32.598924,0.050000,1.527217,0.250000,0.292831,52.0992,0.913886,0.942607,19.418646,14.508731,0.005086,0.003585,1518
2398,100.000000,74.255588,33.585375,0.050000,1.747694,0.250000,2.980879,37.1021,0.908286,0.948261,21.770674,-14.864722,0.004983,0.001143,1518
2399,100.000000,74.255588,34.684613,0.050000,2.000000,0.250000,2.955586,233.4851,0.903460,0.939240,24.187278,-16.794847,0.004837,0.001158,1518
2400,100.000000,72.817301,27.192528,0.050000,0.002700,0.250000,3.250000,428.3136,1.000000,1.000000,0.000000,0.000000,0.000000,0.000000,1518
2401,100.000000,72.817301,27.193947,0.050000,0.003090,0.250000,2.750000,27308.7907,1.000000,1.000000,0.000000,0.000000,0.000000,0.000000,1518
2402,100.000000,72.817301,27.195571,0.050000,0.003536,0.250000,2.500000,27055.8590,1.000000,1.000000,0.000000,0.000000,0.000000,0.000000,1518
2403,100.000000,72.817301,27.197429,0.050000,0.004046,0.250000,4.250000,30000.0000,1.000000,0.950829,0.000000,0.686473,0.000000,0.004242,230
2404,100.000000,72.817301,27.199555,0.050000,0.004630,0.250000,3.732679,25000.0000,1.000000,0.947668,0.000000,0.752548,0.000000,0.004081,230
2405,100.000000,72.817301,27.201989,0.050000,0.005299,0.250000,3.739676,40000.0000,1.000000,0.950869,0.000000,0.785816,0.000000,0.004250,1518
2406,100.000000,72.817301,27.204773,0.050000,0.006064,0.250000,3.250000,34826.7937,1.000000,0.947253,0.000000,0.865254,0.000000,0.004077,1518
2407,100.000000,72.817301,27.207959,0.050000,0.006939,0.250000,3.000000,34896.7564,1.000000,0.947763,0.000000,0.920311,0.000000,0.004081,1518
2408,100.000000,72.817301,27.211605,0.050000,0.007941,0.250000,2.750000,30000.0000,1.000000,0.948632,0.000000,0.975441,0.000000,0.004094,1518
2409,100.000000,72.817301,27.215778,0.050000,0.009088,0.250000,2.899319,22500.0000,1.000000,0.950987,0.000000,1.030607,0.000000,0.004280,391
2410,100.000000,72.817301,27.220552,0.050000,0.010399,0.250000,2.671313,25000.0000,1.000000,0.951064,0.000000,1.116408,0.000000,0.004434,1518
2411,100.000000,72.817301,27.226015,0.050000,0.011901,0.250000,2.250000,26493.1887,1.000000,0.947261,0.000000,1.212048,0.000000,0.004074,1518
2412,100.000000,72.817301,27.232266,0.050000,0.013619,0.250000,2.409797,24213.1269,1.000000,0.951024,0.000000,1.262704,0.000000,0.004293,1518
2413,100.000000,72.817301,27.239419,0.050000,0.015585,0.250000,2.250000,20000.0000,1.000000,0.951099,0.000000,1.356820,0.000000,0.004353,1518
2414,100.000000,72.817301,27.247604,0.050000,0.017835,0.250000,1.812272,27500.0000,1.000000,0.946544,0.000000,1.496031,0.000000,0.004067,1679
2415,100.000000,72.817301,27.256969,0.050000,0.020410,0.250000,1.750000,21597.9666,1.000000,0.943200,0.000000,1.665375,0.000000,0.004080,1518
2416,100.000000,72.817301,27.267685,0.050000,0.023356,0.250000,1.832455,20000.0000,1.000000,0.950536,0.000000,1.715211,0.000000,0.004641,1518
2417,100.000000,72.817301,27.279946,0.050000,0.026728,0.250000,1.750000,15622.7219,1.000000,0.950930,0.000000,1.804756,0.000000,0.004502,1519
2418,100.000000,72.817301,27.293974,0.050000,0.030586,0.250000,1.328335,15000.0000,1.000000,0.946494,0.000000,1.960278,0.000000,0.004061,1519
2419,100.000000,72.817301,27.310024,0.050000,0.035002,0.250000,1.250000,15824.5492,1.000000,0.945109,0.000000,2.131595,0.000000,0.004060,1518
2420,100.000000,72.817301,27.328387,0.050000,0.040055,0.250000,1.205501,15000.0000,1.000000,0.941450,0.000000,2.382378,0.000000,0.004086,1518
2421,100.000000,72.817301,27.349396,0.050000,0.045837,0.250000,1.388879,10783.3451,1.000000,0.950721,0.000000,2.385727,0.000000,0.004570,1518
2422,100.000000,72.817301,27.373429,0.050000,0.052455,0.250000,1.250000,35123.7178,1.000000,0.945622,0.000001,2.933909,0.000000,0.005593,713
2423,100.000000,72.817301,27.400923,0.050000,0.060027,0.250000,1.250000,10000.0000,1.000000,0.950809,0.000010,2.720088,0.000000,0.004531,1518
2424,100.000000,72.817301,27.432373,0.050000,0.068693,0.250000,0.990680,9555.0096,1.000000,0.950112,0.000056,2.832592,0.000000,0.004124,1518
2425,100.000000,72.817301,27.468349,0.050000,0.078610,0.250000,1.091982,11388.7858,0.999998,0.948625,0.000263,3.334045,0.000001,0.005037,1518
2426,100.000000,72.817301,27.509503,0.050000,0.089959,0.250000,1.039906,10000.0000,0.999992,0.948808,0.001024,3.548909,0.000005,0.004994,1518
2427,100.000000,72.817301,27.556592,0.050000,0.102946,0.250000,0.741428,10000.0000,0.999975,0.931770,0.003386,4.263279,0.000013,0.004177,1518
2428,100.000000,72.817301,27.610503,0.050000,0.117808,0.250000,0.636797,7406.8022,0.999930,0.937594,0.009706,4.274704,0.000033,0.004092,1518
2429,100.000000,72.817301,27.672296,0.050000,0.134815,0.250000,0.813318,8419.8165,0.999825,0.912758,0.024565,8.142379,0.000073,0.010722,1518
2430,100.000000,72.817301,27.743266,0.050000,0.154277,0.250000,0.798965,7899.0608,0.999608,0.928968,0.055757,6.902031,0.000145,0.008150,1518
2431,100.000000,72.817301,27.825012,0.050000,0.176550,0.250000,0.796367,4914.2838,0.999201,0.943655,0.115068,5.625225,0.000261,0.005832,1518
2432,100.000000,72.817301,27.919524,0.050000,0.202037,0.250000,0.465958,3867.9743,0.998506,0.931955,0.218507,5.960637,0.000433,0.004121,1518
2433,100.000000,72.817301,28.029257,0.050000,0.231204,0.250000,0.440992,5633.1837,0.997406,0.928172,0.385813,6.634398,0.000667,0.004153,1518
2434,100.000000,72.817301,28.157201,0.050000,0.264582,0.250000,0.413848,5489.6480,0.995780,0.924978,0.639225,7.327906,0.000966,0.004172,1518
2435,100.000000,72.817301,28.306911,0.050000,0.302779,0.250000,0.373795,5463.6741,0.993519,0.935032,1.001741,7.054988,0.001323,0.004028,1518
2436,100.000000,72.817301,28.482518,0.050000,0.346489,0.250000,0.649951,2159.5812,0.990535,0.944375,1.495207,7.756791,0.001726,0.005597,1518
2437,100.000000,72.817301,28.688703,0.050000,0.396510,0.250000,0.574507,1909.9188,0.986781,0.886163,2.138583,18.789235,0.002157,0.014603,1518
2438,100.000000,72.817301,28.930650,0.050000,0.453753,0.250000,0.566121,1638.4763,0.982250,0.908041,2.946642,15.846350,0.002598,0.011047,1518
2439,100.000000,72.817301,29.213985,0.050000,0.519259,0.250000,0.572404,1237.9485,0.976981,0.937761,3.929225,10.866196,0.003027,0.006491,1518
2440,100.000000,72.817301,29.544711,0.050000,0.594222,0.250000,0.288847,3999.5116,0.971058,0.903183,5.091051,13.237634,0.003427,0.004146,1518
2441,100.000000,72.817301,29.929142,0.050000,0.680006,0.250000,0.531563,3245.0682,0.964597,0.932593,6.431980,13.644221,0.003783,0.007126,1518
2442,100.000000,72.817301,30.373860,0.050000,0.778176,0.250000,0.508007,3161.2068,0.957744,0.939679,7.947571,12.819931,0.004085,0.006018,1518
2443,100.000000,72.817301,30.885673,0.050000,0.890517,0.250000,0.266056,3224.0361,0.950661,0.898183,9.629793,16.805977,0.004325,0.003991,1518
2444,100.000000,72.817301,31.471594,0.050000,1.019077,0.250000,0.259995,388.4679,0.943519,0.902249,11.467732,17.456761,0.004501,0.003919,1518
2445,100.000000,72.817301,32.138831,0.050000,1.166196,0.250000,0.400917,160.5570,0.936489,0.950434,13.448210,12.164580,0.004613,0.004076,1518
2446,100.000000,72.817301,32.894781,0.050000,1.334554,0.250000,0.362343,99.9534,0.929735,0.951038,15.556235,12.504654,0.004663,0.003674,1518
2447,100.000000,72.817301,33.747035,0.050000,1.527217,0.250000,0.271786,2815.6275,0.923410,0.935674,17.775263,15.730968,0.004656,0.003464,1679
2448,100.000000,72.817301,34.703366,0.050000,1.747694,0.250000,3.011494,2580.0675,0.917653,0.946717,20.087251,-15.453214,0.004597,0.001144,1679
2449,100.000000,72.817301,35.771715,0.050000,2.000000,0.250000,2.983757,1509.1735,0.912585,0.936041,22.472519,-17.838054,0.004495,-0.000000,1679
2450,100.000000,71.428571,28.581071,0.050000,0.002700,0.250000,3.250000,1123.4349,1.000000,1.000000,0.000000,0.000000,0.000000,0.000000,1679
2451,100.000000,71.428571,28.582463,0.050000,0.003090,0.250000,2.750000,217.8556,1.000000,1.000000,0.000000,0.000000,0.000000,0.000000,1519
2452,100.000000,71.428571,28.584055,0.050000,0.003536,0.250000,2.500000,27614.9392,1.000000,1.000000,0.000000,0.000000,0.000000,0.000000,1519
2453,100.000000,71.428571,28.585878,0.050000,0.004046,0.250000,4.415089,27337.5708,1.000000,0.951057,0.000000,0.688999,0.000000,0.004088,1519
2454,100.000000,71.428571,28.587964,0.050000,0.004630,0.250000,3.915287,34230.1542,1.000000,0.948351,0.000000,0.747001,0.000000,0.003873,1518
2455,100.000000,71.428571,28.590351,0.050000,0.005299,0.250000,3.762372,28626.5033,1.000000,0.950332,0.000000,0.785833,0.000000,0.003955,1518
2456,100.000000,71.428571,28.593082,0.050000,0.006064,0.250000,3.673015,30000.0000,1.000000,0.950981,0.000000,0.841770,0.000000,0.004055,1518
2457,100.000000,71.428571,28.596208,0.050000,0.006939,0.250000,3.112650,25000.0000,1.000000,0.949099,0.000000,0.907641,0.000000,0.003890,1518
2458,100.000000,71.428571,28.599784,0.050000,0.007941,0.250000,3.250000,25167.1517,1.000000,0.950935,0.000000,0.962603,0.000000,0.004041,1518
2459,100.000000,71.428571,28.603877,0.050000,0.009088,0.250000,2.750000,23755.6815,1.000000,0.947766,0.000000,1.053182,0.000000,0.003863,1518
2460,100.000000,71.428571,28.608560,0.050000,0.010399,0.250000,2.766715,20000.0000,1.000000,0.950783,0.000000,1.133423,0.000000,0.004331,1518
2461,100.000000,71.428571,28.613919,0.050000,0.011901,0.250000,2.625568,41650.8943,1.000000,0.950993,0.000000,1.200153,0.000000,0.004245,1679
2462,100.000000,71.428571,28.620051,0.050000,0.013619,0.250000,2.250000,36652.8708,1.000000,0.946265,0.000000,1.311573,0.000000,0.003852,1679
2463,100.000000,71.428571,28.627067,0.050000,0.015585,0.250000,2.302220,20522.2017,1.000000,0.950713,0.000000,1.391577,0.000000,0.004351,1518
2464,100.000000,71.428571,28.635096,0.050000,0.017835,0.250000,2.185675,19356.7461,1.000000,0.950935,0.000000,1.473908,0.000000,0.004269,1518
2465,100.000000,71.428571,28.644283,0.050000,0.020410,0.250000,1.750000,15000.0000,1.000000,0.947931,0.000000,1.575456,0.000000,0.003859,1518
2466,100.000000,71.428571,28.654794,0.050000,0.023356,0.250000,1.657758,14077.5782,1.000000,0.946419,0.000000,1.714492,0.000000,0.003848,1518
2467,100.000000,71.428571,28.666821,0.050000,0.026728,0.250000,1.759883,15098.8275,1.000000,0.948442,0.000000,1.953602,0.000000,0.004841,1518
2468,100.000000,71.428571,28.680582,0.050000,0.030586,0.250000,1.750000,15000.0000,1.000000,0.951094,0.000000,1.908255,0.000000,0.004159,1519
2469,100.000000,71.428571,28.696326,0.050000,0.035002,0.250000,1.383315,11333.1509,1.000000,0.942165,0.000000,2.208121,0.000000,0.003862,1519
2470,100.000000,71.428571,28.714339,0.050000,0.040055,0.250000,1.250000,10000.0000,1.000000,0.943998,0.000000,2.310788,0.000000,0.003846,1519
2471,100.000000,71.428571,28.734946,0.050000,0.045837,0.250000,1.122914,8729.1378,1.000000,0.945973,0.000000,2.414453,0.000000,0.003837,1519
2472,100.000000,71.428571,28.758522,0.050000,0.052455,0.250000,1.337080,10870.7964,1.000000,0.948908,0.000000,2.702512,0.000000,0.004739,1518
2473,100.000000,71.428571,28.785491,0.050000,0.060027,0.250000,1.250000,10000.0000,1.000000,0.947301,0.000002,3.014716,0.000000,0.005022,1519
2474,100.000000,71.428571,28.816341,0.050000,0.068693,0.250000,1.199644,9496.4403,1.000000,0.951052,0.000013,2.871983,0.000000,0.004181,1519
2475,100.000000,71.428571,28.851629,0.050000,0.078610,0.250000,0.941832,6918.3242,0.999999,0.949529,0.000071,3.043184,0.000000,0.003871,1519
2476,100.000000,71.428571,28.891992,0.050000,0.089959,0.250000,1.066999,8169.9938,0.999998,0.946917,0.000326,3.725690,0.000001,0.005069,1519
2477,100.000000,71.428571,28.938162,0.050000,0.102946,0.250000,1.048559,7985.5877,0.999991,0.950454,0.001242,3.611719,0.000005,0.004379,1518
2478,100.000000,71.428571,28.990987,0.050000,0.117808,0.250000,0.720059,4700.5868,0.999972,0.933355,0.004027,4.483005,0.000014,0.003923,1518
2479,100.000000,71.428571,29.051461,0.050000,0.134815,0.250000,0.641934,3919.3422,0.999923,0.935693,0.011352,4.672881,0.000034,0.003886,1519
2480,100.000000,71.428571,29.120773,0.050000,0.154277,0.250000,0.827818,5778.1762,0.999810,0.928767,0.028312,6.924370,0.000073,0.007768,1519
2481,100.000000,71.428571,29.200368,0.050000,0.176550,0.250000,0.782292,5322.9189,0.999581,0.922422,0.063442,8.162800,0.000144,0.008686,1518
2482,100.000000,71.428571,29.292028,0.050000,0.202037,0.250000,0.801716,5517.1639,0.999156,0.946765,0.129460,5.604076,0.000256,0.005028,1518
2483,100.000000,71.428571,29.397958,0.050000,0.231204,0.250000,0.476515,2265.1511,0.998438,0.928938,0.243420,6.582354,0.000421,0.003919,1518
2484,100.000000,71.428571,29.520863,0.050000,0.264582,0.250000,0.428342,1783.4222,0.997313,0.929655,0.426083,6.989248,0.000644,0.003894,1518
2485,100.000000,71.428571,29.664014,0.050000,0.302779,0.250000,0.415217,1652.1728,0.995665,0.923787,0.700563,7.930450,0.000926,0.003937,1518
2486,100.000000,71.428571,29.831281,0.050000,0.346489,0.250000,0.657297,4072.9743,0.993390,0.938008,1.090471,8.834874,0.001259,0.006260,1518
2487,100.000000,71.428571,30.027133,0.050000,0.396510,0.250000,0.644500,3944.9954,0.990410,0.943858,1.617937,8.392857,0.001632,0.005365,1518
2488,100.000000,71.428571,30.256610,0.050000,0.453753,0.250000,0.573974,3239.7413,0.986687,0.892692,2.301848,18.823325,0.002029,0.012805,1518
2489,100.000000,71.428571,30.525270,0.050000,0.519259,0.250000,0.566294,3162.9360,0.982221,0.913482,3.156565,15.831146,0.002432,0.009639,1518
2490,100.000000,71.428571,30.839124,0.050000,0.594222,0.250000,0.548812,2988.1239,0.977060,0.914540,4.191215,16.702848,0.002821,0.009407,1518
2491,100.000000,71.428571,31.204564,0.050000,0.680006,0.250000,0.289221,392.2117,0.971292,0.903713,5.409555,14.104702,0.003182,0.003867,1518
2492,100.000000,71.428571,31.628299,0.050000,0.778176,0.250000,0.282025,320.2462,0.965038,0.897673,6.810271,15.766798,0.003501,0.003822,1518
2493,100.000000,71.428571,32.117303,0.050000,0.890517,0.250000,0.273097,230.9740,0.958445,0.899782,8.387578,16.615248,0.003768,0.003766,1518
2494,100.000000,71.428571,32.678774,0.050000,1.019077,0.250000,0.265784,157.8438,0.951675,0.902722,10.131935,17.395501,0.003977,0.003703,1518
2495,100.000000,71.428571,33.320108,0.050000,1.166196,0.250000,0.260163,101.6283,0.944897,0.906829,12.030759,18.034750,0.004126,0.003628,1518
2496,100.000000,71.428571,34.048878,0.050000,1.334554,0.250000,0.256617,66.1725,0.938280,0.912329,14.069018,18.454271,0.004217,0.003537,1518
2497,100.000000,71.428571,34.872830,0.050000,1.527217,0.250000,0.256868,68.6795,0.931982,0.921321,16.229655,18.233287,0.004251,0.003412,1518
2498,100.000000,71.428571,35.799860,0.050000,1.747694,0.250000,3.041918,27919.1792,0.926152,0.944833,18.493801,-16.147153,0.004233,0.001153,1518
2499,100.000000,71.428571,36.838003,0.050000,2.000000,0.250000,3.011750,27617.5028,0.920923,0.932442,20.840789,-19.007060,0.004168,-0.000000,1518
