Copyright 1986-2022 Xilinx, Inc. All Rights Reserved. Copyright 2022-2025 Advanced Micro Devices, Inc. All Rights Reserved.
---------------------------------------------------------------------------------------------------------------------------------------------
| Tool Version : Vivado v.2025.2 (win64) Build 6299465 Fri Nov 14 19:35:11 GMT 2025
| Date         : Thu Sep  3 10:57:39 2026
| Host         : LAPTOP-EPHGQB72 running 64-bit major release  (build 9200)
| Command      : report_timing_summary -file impl_results/artix7_4core/artix7_timing_summary.rpt -max_paths 10 -report_unconstrained
| Design       : iv_multi_engine_top
| Device       : 7a200t-ffg1156
| Speed File   : -2  PRODUCTION 1.23 2018-06-13
| Design State : Routed
---------------------------------------------------------------------------------------------------------------------------------------------

Timing Summary Report

------------------------------------------------------------------------------------------------
| Timer Settings
| --------------
------------------------------------------------------------------------------------------------

  Enable Multi Corner Analysis               :  Yes
  Enable Pessimism Removal                   :  Yes
  Pessimism Removal Resolution               :  Nearest Common Node
  Enable Input Delay Default Clock           :  No
  Enable Preset / Clear Arcs                 :  No
  Disable Flight Delays                      :  No
  Ignore I/O Paths                           :  No
  Timing Early Launch at Borrowing Latches   :  No
  Borrow Time for Max Delay Exceptions       :  Yes
  Merge Timing Exceptions                    :  Yes
  Inter-SLR Compensation                     :  Conservative

  Corner  Analyze    Analyze    
  Name    Max Paths  Min Paths  
  ------  ---------  ---------  
  Slow    Yes        Yes        
  Fast    Yes        Yes        


------------------------------------------------------------------------------------------------
| Report Methodology
| ------------------
------------------------------------------------------------------------------------------------

No report available as report_methodology has not been run prior. Run report_methodology on the current design for the summary of methodology violations.



check_timing report

Table of Contents
-----------------
1. checking no_clock (0)
2. checking constant_clock (0)
3. checking pulse_width_clock (0)
4. checking unconstrained_internal_endpoints (0)
5. checking no_input_delay (169)
6. checking no_output_delay (40)
7. checking multiple_clock (0)
8. checking generated_clocks (0)
9. checking loops (0)
10. checking partial_input_delay (0)
11. checking partial_output_delay (0)
12. checking latch_loops (0)

1. checking no_clock (0)
------------------------
 There are 0 register/latch pins with no clock.


2. checking constant_clock (0)
------------------------------
 There are 0 register/latch pins with constant_clock.


3. checking pulse_width_clock (0)
---------------------------------
 There are 0 register/latch pins which need pulse_width check


4. checking unconstrained_internal_endpoints (0)
------------------------------------------------
 There are 0 pins that are not constrained for maximum delay.

 There are 0 pins that are not constrained for maximum delay due to constant clock.


5. checking no_input_delay (169)
--------------------------------
 There are 168 input ports with no input delay specified. (HIGH)

 There is 1 input port with no input delay but user has a false path constraint. (MEDIUM)


6. checking no_output_delay (40)
--------------------------------
 There are 40 ports with no output delay specified. (HIGH)

 There are 0 ports with no output delay but user has a false path constraint

 There are 0 ports with no output delay but with a timing clock defined on it or propagating through it


7. checking multiple_clock (0)
------------------------------
 There are 0 register/latch pins with multiple clocks.


8. checking generated_clocks (0)
--------------------------------
 There are 0 generated clocks that are not connected to a clock source.


9. checking loops (0)
---------------------
 There are 0 combinational loops in the design.


10. checking partial_input_delay (0)
------------------------------------
 There are 0 input ports with partial input delay specified.


11. checking partial_output_delay (0)
-------------------------------------
 There are 0 ports with partial output delay specified.


12. checking latch_loops (0)
----------------------------
 There are 0 combinational latch loops in the design through latch input



------------------------------------------------------------------------------------------------
| Design Timing Summary
| ---------------------
------------------------------------------------------------------------------------------------

    WNS(ns)      TNS(ns)  TNS Failing Endpoints  TNS Total Endpoints      WHS(ns)      THS(ns)  THS Failing Endpoints  THS Total Endpoints     WPWS(ns)     TPWS(ns)  TPWS Failing Endpoints  TPWS Total Endpoints  
    -------      -------  ---------------------  -------------------      -------      -------  ---------------------  -------------------     --------     --------  ----------------------  --------------------  
      0.016        0.000                      0               191134        0.027        0.000                      0               191134        3.870        0.000                       0                144019  


All user specified timing constraints are met.


------------------------------------------------------------------------------------------------
| Clock Summary
| -------------
------------------------------------------------------------------------------------------------

Clock  Waveform(ns)       Period(ns)      Frequency(MHz)
-----  ------------       ----------      --------------
aclk   {0.000 5.000}      10.000          100.000         


------------------------------------------------------------------------------------------------
| Intra Clock Table
| -----------------
------------------------------------------------------------------------------------------------

Clock             WNS(ns)      TNS(ns)  TNS Failing Endpoints  TNS Total Endpoints      WHS(ns)      THS(ns)  THS Failing Endpoints  THS Total Endpoints     WPWS(ns)     TPWS(ns)  TPWS Failing Endpoints  TPWS Total Endpoints  
-----             -------      -------  ---------------------  -------------------      -------      -------  ---------------------  -------------------     --------     --------  ----------------------  --------------------  
aclk                0.016        0.000                      0               191134        0.027        0.000                      0               191134        3.870        0.000                       0                144019  


------------------------------------------------------------------------------------------------
| Inter Clock Table
| -----------------
------------------------------------------------------------------------------------------------

From Clock    To Clock          WNS(ns)      TNS(ns)  TNS Failing Endpoints  TNS Total Endpoints      WHS(ns)      THS(ns)  THS Failing Endpoints  THS Total Endpoints  
----------    --------          -------      -------  ---------------------  -------------------      -------      -------  ---------------------  -------------------  


------------------------------------------------------------------------------------------------
| Other Path Groups Table
| -----------------------
------------------------------------------------------------------------------------------------

Path Group    From Clock    To Clock          WNS(ns)      TNS(ns)  TNS Failing Endpoints  TNS Total Endpoints      WHS(ns)      THS(ns)  THS Failing Endpoints  THS Total Endpoints  
----------    ----------    --------          -------      -------  ---------------------  -------------------      -------      -------  ---------------------  -------------------  


------------------------------------------------------------------------------------------------
| User Ignored Path Table
| -----------------------
------------------------------------------------------------------------------------------------

Path Group    From Clock    To Clock    
----------    ----------    --------    
(none)                      aclk          


------------------------------------------------------------------------------------------------
| Unconstrained Path Table
| ------------------------
------------------------------------------------------------------------------------------------

Path Group    From Clock    To Clock    
----------    ----------    --------    
(none)        aclk                        
(none)                      aclk          


------------------------------------------------------------------------------------------------
| Timing Details
| --------------
------------------------------------------------------------------------------------------------


---------------------------------------------------------------------------------------------------
From Clock:  aclk
  To Clock:  aclk

Setup :            0  Failing Endpoints,  Worst Slack        0.016ns,  Total Violation        0.000ns
Hold  :            0  Failing Endpoints,  Worst Slack        0.027ns,  Total Violation        0.000ns
PW    :            0  Failing Endpoints,  Worst Slack        3.870ns,  Total Violation        0.000ns
---------------------------------------------------------------------------------------------------


Max Delay Paths
--------------------------------------------------------------------------------------
Slack (MET) :             0.016ns  (required time - arrival time)
  Source:                 core_inst_gen[0].u_engine_core/u_iv_top/u_bs_datapath/vega_out_reg[20]/C
                            (rising edge-triggered cell FDCE clocked by aclk  {rise@0.000ns fall@5.000ns period=10.000ns})
  Destination:            core_inst_gen[0].u_engine_core/u_iv_top/u_nr_divider/div_stage[0].num_pipe_reg[1][63]/D
                            (rising edge-triggered cell FDCE clocked by aclk  {rise@0.000ns fall@5.000ns period=10.000ns})
  Path Group:             aclk
  Path Type:              Setup (Max at Slow Process Corner)
  Requirement:            10.000ns  (aclk rise@10.000ns - aclk rise@0.000ns)
  Data Path Delay:        10.010ns  (logic 4.498ns (44.933%)  route 5.512ns (55.067%))
  Logic Levels:           23  (CARRY4=18 LUT1=1 LUT3=1 LUT6=3)
  Clock Path Skew:        -0.039ns (DCD - SCD + CPR)
    Destination Clock Delay (DCD):    1.307ns = ( 11.307 - 10.000 ) 
    Source Clock Delay      (SCD):    1.413ns
    Clock Pessimism Removal (CPR):    0.067ns
  Clock Uncertainty:      0.035ns  ((TSJ^2 + TIJ^2)^1/2 + DJ) / 2 + PE
    Total System Jitter     (TSJ):    0.071ns
    Total Input Jitter      (TIJ):    0.000ns
    Discrete Jitter          (DJ):    0.000ns
    Phase Error              (PE):    0.000ns

    Location             Delay type                Incr(ns)  Path(ns)    Netlist Resource(s)
  -------------------------------------------------------------------    -------------------
                         (clock aclk rise edge)       0.000     0.000 r  
                                                      0.000     0.000 r  aclk (IN)
                         net (fo=144018, unset)       1.413     1.413    core_inst_gen[0].u_engine_core/u_iv_top/u_bs_datapath/aclk
    SLICE_X119Y127       FDCE                                         r  core_inst_gen[0].u_engine_core/u_iv_top/u_bs_datapath/vega_out_reg[20]/C
  -------------------------------------------------------------------    -------------------
    SLICE_X119Y127       FDCE (Prop_fdce_C_Q)         0.379     1.792 r  core_inst_gen[0].u_engine_core/u_iv_top/u_bs_datapath/vega_out_reg[20]/Q
                         net (fo=6, routed)           0.832     2.624    core_inst_gen[0].u_engine_core/u_iv_top/u_bs_datapath/vega_out_w[20]
    SLICE_X121Y125       LUT6 (Prop_lut6_I2_O)        0.105     2.729 f  core_inst_gen[0].u_engine_core/u_iv_top/u_bs_datapath/div_stage[0].den_pipe[1][0]_i_7__1/O
                         net (fo=1, routed)           1.261     3.991    core_inst_gen[0].u_engine_core/u_iv_top/u_bs_datapath/div_stage[0].den_pipe[1][0]_i_7__1_n_0
    SLICE_X122Y123       LUT6 (Prop_lut6_I2_O)        0.105     4.096 r  core_inst_gen[0].u_engine_core/u_iv_top/u_bs_datapath/div_stage[0].den_pipe[1][0]_i_2__1_comp/O
                         net (fo=6, routed)           0.564     4.660    core_inst_gen[0].u_engine_core/u_iv_top/u_bs_datapath/div_stage[0].den_pipe[1][4]_i_3__3_n_0
    SLICE_X118Y125       CARRY4 (Prop_carry4_CYINIT_CO[3])
                                                      0.480     5.140 r  core_inst_gen[0].u_engine_core/u_iv_top/u_bs_datapath/div_stage[0].den_pipe_reg[1][4]_i_2__3/CO[3]
                         net (fo=1, routed)           0.000     5.140    core_inst_gen[0].u_engine_core/u_iv_top/u_bs_datapath/div_stage[0].den_pipe_reg[1][4]_i_2__3_n_0
    SLICE_X118Y126       CARRY4 (Prop_carry4_CI_CO[3])
                                                      0.098     5.238 r  core_inst_gen[0].u_engine_core/u_iv_top/u_bs_datapath/div_stage[0].den_pipe_reg[1][8]_i_2__3/CO[3]
                         net (fo=1, routed)           0.000     5.238    core_inst_gen[0].u_engine_core/u_iv_top/u_bs_datapath/div_stage[0].den_pipe_reg[1][8]_i_2__3_n_0
    SLICE_X118Y127       CARRY4 (Prop_carry4_CI_CO[3])
                                                      0.098     5.336 r  core_inst_gen[0].u_engine_core/u_iv_top/u_bs_datapath/div_stage[0].den_pipe_reg[1][12]_i_2__3/CO[3]
                         net (fo=1, routed)           0.000     5.336    core_inst_gen[0].u_engine_core/u_iv_top/u_bs_datapath/div_stage[0].den_pipe_reg[1][12]_i_2__3_n_0
    SLICE_X118Y128       CARRY4 (Prop_carry4_CI_CO[3])
                                                      0.098     5.434 r  core_inst_gen[0].u_engine_core/u_iv_top/u_bs_datapath/div_stage[0].den_pipe_reg[1][16]_i_2__3/CO[3]
                         net (fo=1, routed)           0.000     5.434    core_inst_gen[0].u_engine_core/u_iv_top/u_bs_datapath/div_stage[0].den_pipe_reg[1][16]_i_2__3_n_0
    SLICE_X118Y129       CARRY4 (Prop_carry4_CI_CO[3])
                                                      0.098     5.532 r  core_inst_gen[0].u_engine_core/u_iv_top/u_bs_datapath/div_stage[0].den_pipe_reg[1][20]_i_2__3/CO[3]
                         net (fo=1, routed)           0.000     5.532    core_inst_gen[0].u_engine_core/u_iv_top/u_bs_datapath/div_stage[0].den_pipe_reg[1][20]_i_2__3_n_0
    SLICE_X118Y130       CARRY4 (Prop_carry4_CI_CO[3])
                                                      0.098     5.630 r  core_inst_gen[0].u_engine_core/u_iv_top/u_bs_datapath/div_stage[0].den_pipe_reg[1][24]_i_2__3/CO[3]
                         net (fo=1, routed)           0.000     5.630    core_inst_gen[0].u_engine_core/u_iv_top/u_bs_datapath/div_stage[0].den_pipe_reg[1][24]_i_2__3_n_0
    SLICE_X118Y131       CARRY4 (Prop_carry4_CI_O[0])
                                                      0.180     5.810 f  core_inst_gen[0].u_engine_core/u_iv_top/u_bs_datapath/div_stage[0].den_pipe_reg[1][28]_i_2__3/O[0]
                         net (fo=3, routed)           0.583     6.393    core_inst_gen[0].u_engine_core/u_iv_top/u_bs_datapath/div_stage[0].den_pipe_reg[1][28]_i_2__3_n_7
    SLICE_X121Y127       LUT3 (Prop_lut3_I0_O)        0.254     6.647 f  core_inst_gen[0].u_engine_core/u_iv_top/u_bs_datapath/div_stage[29].quot_pipe_reg[30][29]_srl30_core_inst_gen_c_28_i_22__3/O
                         net (fo=2, routed)           0.580     7.227    core_inst_gen[0].u_engine_core/u_iv_top/u_bs_datapath/div_stage[29].quot_pipe_reg[30][29]_srl30_core_inst_gen_c_28_i_22__3_n_0
    SLICE_X121Y123       LUT6 (Prop_lut6_I2_O)        0.268     7.495 r  core_inst_gen[0].u_engine_core/u_iv_top/u_bs_datapath/div_stage[29].quot_pipe_reg[30][29]_srl30_core_inst_gen_c_28_i_6__3/O
                         net (fo=1, routed)           0.389     7.885    core_inst_gen[0].u_engine_core/u_iv_top/u_bs_datapath/div_stage[29].quot_pipe_reg[30][29]_srl30_core_inst_gen_c_28_i_6__3_n_0
    SLICE_X118Y123       CARRY4 (Prop_carry4_DI[0]_CO[3])
                                                      0.436     8.321 r  core_inst_gen[0].u_engine_core/u_iv_top/u_bs_datapath/div_stage[29].quot_pipe_reg[30][29]_srl30_core_inst_gen_c_28_i_1__3/CO[3]
                         net (fo=2, routed)           0.000     8.321    core_inst_gen[0].u_engine_core/u_iv_top/u_bs_datapath/O34
    SLICE_X118Y124       CARRY4 (Prop_carry4_CI_O[0])
                                                      0.180     8.501 f  core_inst_gen[0].u_engine_core/u_iv_top/u_bs_datapath/div_stage[0].num_pipe_reg[1][63]_i_3__3/O[0]
                         net (fo=34, routed)          0.602     9.103    core_inst_gen[0].u_engine_core/u_iv_top/u_bs_datapath/div_stage[0].num_pipe_reg[1][63]_i_3__3_n_7
    SLICE_X122Y125       LUT1 (Prop_lut1_I0_O)        0.249     9.352 r  core_inst_gen[0].u_engine_core/u_iv_top/u_bs_datapath/div_stage[0].num_pipe[1][34]_i_2__3/O
                         net (fo=1, routed)           0.692    10.043    core_inst_gen[0].u_engine_core/u_iv_top/u_bs_datapath/div_stage[0].num_pipe[1][34]_i_2__3_n_0
    SLICE_X120Y120       CARRY4 (Prop_carry4_CYINIT_CO[3])
                                                      0.494    10.537 r  core_inst_gen[0].u_engine_core/u_iv_top/u_bs_datapath/div_stage[0].num_pipe_reg[1][34]_i_1__3/CO[3]
                         net (fo=1, routed)           0.000    10.537    core_inst_gen[0].u_engine_core/u_iv_top/u_bs_datapath/div_stage[0].num_pipe_reg[1][34]_i_1__3_n_0
    SLICE_X120Y121       CARRY4 (Prop_carry4_CI_CO[3])
                                                      0.100    10.637 r  core_inst_gen[0].u_engine_core/u_iv_top/u_bs_datapath/div_stage[0].num_pipe_reg[1][38]_i_1__3/CO[3]
                         net (fo=1, routed)           0.000    10.637    core_inst_gen[0].u_engine_core/u_iv_top/u_bs_datapath/div_stage[0].num_pipe_reg[1][38]_i_1__3_n_0
    SLICE_X120Y122       CARRY4 (Prop_carry4_CI_CO[3])
                                                      0.100    10.737 r  core_inst_gen[0].u_engine_core/u_iv_top/u_bs_datapath/div_stage[0].num_pipe_reg[1][42]_i_1__3/CO[3]
                         net (fo=1, routed)           0.000    10.737    core_inst_gen[0].u_engine_core/u_iv_top/u_bs_datapath/div_stage[0].num_pipe_reg[1][42]_i_1__3_n_0
    SLICE_X120Y123       CARRY4 (Prop_carry4_CI_CO[3])
                                                      0.100    10.837 r  core_inst_gen[0].u_engine_core/u_iv_top/u_bs_datapath/div_stage[0].num_pipe_reg[1][46]_i_1__3/CO[3]
                         net (fo=1, routed)           0.000    10.837    core_inst_gen[0].u_engine_core/u_iv_top/u_bs_datapath/div_stage[0].num_pipe_reg[1][46]_i_1__3_n_0
    SLICE_X120Y124       CARRY4 (Prop_carry4_CI_CO[3])
                                                      0.100    10.937 r  core_inst_gen[0].u_engine_core/u_iv_top/u_bs_datapath/div_stage[0].num_pipe_reg[1][50]_i_1__3/CO[3]
                         net (fo=1, routed)           0.008    10.945    core_inst_gen[0].u_engine_core/u_iv_top/u_bs_datapath/div_stage[0].num_pipe_reg[1][50]_i_1__3_n_0
    SLICE_X120Y125       CARRY4 (Prop_carry4_CI_CO[3])
                                                      0.100    11.045 r  core_inst_gen[0].u_engine_core/u_iv_top/u_bs_datapath/div_stage[0].num_pipe_reg[1][54]_i_1__3/CO[3]
                         net (fo=1, routed)           0.000    11.045    core_inst_gen[0].u_engine_core/u_iv_top/u_bs_datapath/div_stage[0].num_pipe_reg[1][54]_i_1__3_n_0
    SLICE_X120Y126       CARRY4 (Prop_carry4_CI_CO[3])
                                                      0.100    11.145 r  core_inst_gen[0].u_engine_core/u_iv_top/u_bs_datapath/div_stage[0].num_pipe_reg[1][58]_i_1__3/CO[3]
                         net (fo=1, routed)           0.000    11.145    core_inst_gen[0].u_engine_core/u_iv_top/u_bs_datapath/div_stage[0].num_pipe_reg[1][58]_i_1__3_n_0
    SLICE_X120Y127       CARRY4 (Prop_carry4_CI_CO[3])
                                                      0.100    11.245 r  core_inst_gen[0].u_engine_core/u_iv_top/u_bs_datapath/div_stage[0].num_pipe_reg[1][62]_i_1__3/CO[3]
                         net (fo=1, routed)           0.000    11.245    core_inst_gen[0].u_engine_core/u_iv_top/u_bs_datapath/div_stage[0].num_pipe_reg[1][62]_i_1__3_n_0
    SLICE_X120Y128       CARRY4 (Prop_carry4_CI_O[0])
                                                      0.178    11.423 r  core_inst_gen[0].u_engine_core/u_iv_top/u_bs_datapath/div_stage[0].num_pipe_reg[1][63]_i_1__3/O[0]
                         net (fo=1, routed)           0.000    11.423    core_inst_gen[0].u_engine_core/u_iv_top/u_nr_divider/div_stage[0].num_pipe_reg[1][63]_0[39]
    SLICE_X120Y128       FDCE                                         r  core_inst_gen[0].u_engine_core/u_iv_top/u_nr_divider/div_stage[0].num_pipe_reg[1][63]/D
  -------------------------------------------------------------------    -------------------

                         (clock aclk rise edge)      10.000    10.000 r  
                                                      0.000    10.000 r  aclk (IN)
                         net (fo=144018, unset)       1.307    11.307    core_inst_gen[0].u_engine_core/u_iv_top/u_nr_divider/aclk
    SLICE_X120Y128       FDCE                                         r  core_inst_gen[0].u_engine_core/u_iv_top/u_nr_divider/div_stage[0].num_pipe_reg[1][63]/C
                         clock pessimism              0.067    11.374    
                         clock uncertainty           -0.035    11.339    
    SLICE_X120Y128       FDCE (Setup_fdce_C_D)        0.101    11.440    core_inst_gen[0].u_engine_core/u_iv_top/u_nr_divider/div_stage[0].num_pipe_reg[1][63]
  -------------------------------------------------------------------
                         required time                         11.440    
                         arrival time                         -11.423    
  -------------------------------------------------------------------
                         slack                                  0.016    

Slack (MET) :             0.032ns  (required time - arrival time)
  Source:                 core_inst_gen[0].u_engine_core/u_iv_top/u_bs_datapath/vega_out_reg[20]/C
                            (rising edge-triggered cell FDCE clocked by aclk  {rise@0.000ns fall@5.000ns period=10.000ns})
  Destination:            core_inst_gen[0].u_engine_core/u_iv_top/u_nr_divider/div_stage[0].num_pipe_reg[1][62]/D
                            (rising edge-triggered cell FDCE clocked by aclk  {rise@0.000ns fall@5.000ns period=10.000ns})
  Path Group:             aclk
  Path Type:              Setup (Max at Slow Process Corner)
  Requirement:            10.000ns  (aclk rise@10.000ns - aclk rise@0.000ns)
  Data Path Delay:        9.994ns  (logic 4.482ns (44.845%)  route 5.512ns (55.155%))
  Logic Levels:           22  (CARRY4=17 LUT1=1 LUT3=1 LUT6=3)
  Clock Path Skew:        -0.039ns (DCD - SCD + CPR)
    Destination Clock Delay (DCD):    1.307ns = ( 11.307 - 10.000 ) 
    Source Clock Delay      (SCD):    1.413ns
    Clock Pessimism Removal (CPR):    0.067ns
  Clock Uncertainty:      0.035ns  ((TSJ^2 + TIJ^2)^1/2 + DJ) / 2 + PE
    Total System Jitter     (TSJ):    0.071ns
    Total Input Jitter      (TIJ):    0.000ns
    Discrete Jitter          (DJ):    0.000ns
    Phase Error              (PE):    0.000ns

    Location             Delay type                Incr(ns)  Path(ns)    Netlist Resource(s)
  -------------------------------------------------------------------    -------------------
                         (clock aclk rise edge)       0.000     0.000 r  
                                                      0.000     0.000 r  aclk (IN)
                         net (fo=144018, unset)       1.413     1.413    core_inst_gen[0].u_engine_core/u_iv_top/u_bs_datapath/aclk
    SLICE_X119Y127       FDCE                                         r  core_inst_gen[0].u_engine_core/u_iv_top/u_bs_datapath/vega_out_reg[20]/C
  -------------------------------------------------------------------    -------------------
    SLICE_X119Y127       FDCE (Prop_fdce_C_Q)         0.379     1.792 r  core_inst_gen[0].u_engine_core/u_iv_top/u_bs_datapath/vega_out_reg[20]/Q
                         net (fo=6, routed)           0.832     2.624    core_inst_gen[0].u_engine_core/u_iv_top/u_bs_datapath/vega_out_w[20]
    SLICE_X121Y125       LUT6 (Prop_lut6_I2_O)        0.105     2.729 f  core_inst_gen[0].u_engine_core/u_iv_top/u_bs_datapath/div_stage[0].den_pipe[1][0]_i_7__1/O
                         net (fo=1, routed)           1.261     3.991    core_inst_gen[0].u_engine_core/u_iv_top/u_bs_datapath/div_stage[0].den_pipe[1][0]_i_7__1_n_0
    SLICE_X122Y123       LUT6 (Prop_lut6_I2_O)        0.105     4.096 r  core_inst_gen[0].u_engine_core/u_iv_top/u_bs_datapath/div_stage[0].den_pipe[1][0]_i_2__1_comp/O
                         net (fo=6, routed)           0.564     4.660    core_inst_gen[0].u_engine_core/u_iv_top/u_bs_datapath/div_stage[0].den_pipe[1][4]_i_3__3_n_0
    SLICE_X118Y125       CARRY4 (Prop_carry4_CYINIT_CO[3])
                                                      0.480     5.140 r  core_inst_gen[0].u_engine_core/u_iv_top/u_bs_datapath/div_stage[0].den_pipe_reg[1][4]_i_2__3/CO[3]
                         net (fo=1, routed)           0.000     5.140    core_inst_gen[0].u_engine_core/u_iv_top/u_bs_datapath/div_stage[0].den_pipe_reg[1][4]_i_2__3_n_0
    SLICE_X118Y126       CARRY4 (Prop_carry4_CI_CO[3])
                                                      0.098     5.238 r  core_inst_gen[0].u_engine_core/u_iv_top/u_bs_datapath/div_stage[0].den_pipe_reg[1][8]_i_2__3/CO[3]
                         net (fo=1, routed)           0.000     5.238    core_inst_gen[0].u_engine_core/u_iv_top/u_bs_datapath/div_stage[0].den_pipe_reg[1][8]_i_2__3_n_0
    SLICE_X118Y127       CARRY4 (Prop_carry4_CI_CO[3])
                                                      0.098     5.336 r  core_inst_gen[0].u_engine_core/u_iv_top/u_bs_datapath/div_stage[0].den_pipe_reg[1][12]_i_2__3/CO[3]
                         net (fo=1, routed)           0.000     5.336    core_inst_gen[0].u_engine_core/u_iv_top/u_bs_datapath/div_stage[0].den_pipe_reg[1][12]_i_2__3_n_0
    SLICE_X118Y128       CARRY4 (Prop_carry4_CI_CO[3])
                                                      0.098     5.434 r  core_inst_gen[0].u_engine_core/u_iv_top/u_bs_datapath/div_stage[0].den_pipe_reg[1][16]_i_2__3/CO[3]
                         net (fo=1, routed)           0.000     5.434    core_inst_gen[0].u_engine_core/u_iv_top/u_bs_datapath/div_stage[0].den_pipe_reg[1][16]_i_2__3_n_0
    SLICE_X118Y129       CARRY4 (Prop_carry4_CI_CO[3])
                                                      0.098     5.532 r  core_inst_gen[0].u_engine_core/u_iv_top/u_bs_datapath/div_stage[0].den_pipe_reg[1][20]_i_2__3/CO[3]
                         net (fo=1, routed)           0.000     5.532    core_inst_gen[0].u_engine_core/u_iv_top/u_bs_datapath/div_stage[0].den_pipe_reg[1][20]_i_2__3_n_0
    SLICE_X118Y130       CARRY4 (Prop_carry4_CI_CO[3])
                                                      0.098     5.630 r  core_inst_gen[0].u_engine_core/u_iv_top/u_bs_datapath/div_stage[0].den_pipe_reg[1][24]_i_2__3/CO[3]
                         net (fo=1, routed)           0.000     5.630    core_inst_gen[0].u_engine_core/u_iv_top/u_bs_datapath/div_stage[0].den_pipe_reg[1][24]_i_2__3_n_0
    SLICE_X118Y131       CARRY4 (Prop_carry4_CI_O[0])
                                                      0.180     5.810 f  core_inst_gen[0].u_engine_core/u_iv_top/u_bs_datapath/div_stage[0].den_pipe_reg[1][28]_i_2__3/O[0]
                         net (fo=3, routed)           0.583     6.393    core_inst_gen[0].u_engine_core/u_iv_top/u_bs_datapath/div_stage[0].den_pipe_reg[1][28]_i_2__3_n_7
    SLICE_X121Y127       LUT3 (Prop_lut3_I0_O)        0.254     6.647 f  core_inst_gen[0].u_engine_core/u_iv_top/u_bs_datapath/div_stage[29].quot_pipe_reg[30][29]_srl30_core_inst_gen_c_28_i_22__3/O
                         net (fo=2, routed)           0.580     7.227    core_inst_gen[0].u_engine_core/u_iv_top/u_bs_datapath/div_stage[29].quot_pipe_reg[30][29]_srl30_core_inst_gen_c_28_i_22__3_n_0
    SLICE_X121Y123       LUT6 (Prop_lut6_I2_O)        0.268     7.495 r  core_inst_gen[0].u_engine_core/u_iv_top/u_bs_datapath/div_stage[29].quot_pipe_reg[30][29]_srl30_core_inst_gen_c_28_i_6__3/O
                         net (fo=1, routed)           0.389     7.885    core_inst_gen[0].u_engine_core/u_iv_top/u_bs_datapath/div_stage[29].quot_pipe_reg[30][29]_srl30_core_inst_gen_c_28_i_6__3_n_0
    SLICE_X118Y123       CARRY4 (Prop_carry4_DI[0]_CO[3])
                                                      0.436     8.321 r  core_inst_gen[0].u_engine_core/u_iv_top/u_bs_datapath/div_stage[29].quot_pipe_reg[30][29]_srl30_core_inst_gen_c_28_i_1__3/CO[3]
                         net (fo=2, routed)           0.000     8.321    core_inst_gen[0].u_engine_core/u_iv_top/u_bs_datapath/O34
    SLICE_X118Y124       CARRY4 (Prop_carry4_CI_O[0])
                                                      0.180     8.501 f  core_inst_gen[0].u_engine_core/u_iv_top/u_bs_datapath/div_stage[0].num_pipe_reg[1][63]_i_3__3/O[0]
                         net (fo=34, routed)          0.602     9.103    core_inst_gen[0].u_engine_core/u_iv_top/u_bs_datapath/div_stage[0].num_pipe_reg[1][63]_i_3__3_n_7
    SLICE_X122Y125       LUT1 (Prop_lut1_I0_O)        0.249     9.352 r  core_inst_gen[0].u_engine_core/u_iv_top/u_bs_datapath/div_stage[0].num_pipe[1][34]_i_2__3/O
                         net (fo=1, routed)           0.692    10.043    core_inst_gen[0].u_engine_core/u_iv_top/u_bs_datapath/div_stage[0].num_pipe[1][34]_i_2__3_n_0
    SLICE_X120Y120       CARRY4 (Prop_carry4_CYINIT_CO[3])
                                                      0.494    10.537 r  core_inst_gen[0].u_engine_core/u_iv_top/u_bs_datapath/div_stage[0].num_pipe_reg[1][34]_i_1__3/CO[3]
                         net (fo=1, routed)           0.000    10.537    core_inst_gen[0].u_engine_core/u_iv_top/u_bs_datapath/div_stage[0].num_pipe_reg[1][34]_i_1__3_n_0
    SLICE_X120Y121       CARRY4 (Prop_carry4_CI_CO[3])
                                                      0.100    10.637 r  core_inst_gen[0].u_engine_core/u_iv_top/u_bs_datapath/div_stage[0].num_pipe_reg[1][38]_i_1__3/CO[3]
                         net (fo=1, routed)           0.000    10.637    core_inst_gen[0].u_engine_core/u_iv_top/u_bs_datapath/div_stage[0].num_pipe_reg[1][38]_i_1__3_n_0
    SLICE_X120Y122       CARRY4 (Prop_carry4_CI_CO[3])
                                                      0.100    10.737 r  core_inst_gen[0].u_engine_core/u_iv_top/u_bs_datapath/div_stage[0].num_pipe_reg[1][42]_i_1__3/CO[3]
                         net (fo=1, routed)           0.000    10.737    core_inst_gen[0].u_engine_core/u_iv_top/u_bs_datapath/div_stage[0].num_pipe_reg[1][42]_i_1__3_n_0
    SLICE_X120Y123       CARRY4 (Prop_carry4_CI_CO[3])
                                                      0.100    10.837 r  core_inst_gen[0].u_engine_core/u_iv_top/u_bs_datapath/div_stage[0].num_pipe_reg[1][46]_i_1__3/CO[3]
                         net (fo=1, routed)           0.000    10.837    core_inst_gen[0].u_engine_core/u_iv_top/u_bs_datapath/div_stage[0].num_pipe_reg[1][46]_i_1__3_n_0
    SLICE_X120Y124       CARRY4 (Prop_carry4_CI_CO[3])
                                                      0.100    10.937 r  core_inst_gen[0].u_engine_core/u_iv_top/u_bs_datapath/div_stage[0].num_pipe_reg[1][50]_i_1__3/CO[3]
                         net (fo=1, routed)           0.008    10.945    core_inst_gen[0].u_engine_core/u_iv_top/u_bs_datapath/div_stage[0].num_pipe_reg[1][50]_i_1__3_n_0
    SLICE_X120Y125       CARRY4 (Prop_carry4_CI_CO[3])
                                                      0.100    11.045 r  core_inst_gen[0].u_engine_core/u_iv_top/u_bs_datapath/div_stage[0].num_pipe_reg[1][54]_i_1__3/CO[3]
                         net (fo=1, routed)           0.000    11.045    core_inst_gen[0].u_engine_core/u_iv_top/u_bs_datapath/div_stage[0].num_pipe_reg[1][54]_i_1__3_n_0
    SLICE_X120Y126       CARRY4 (Prop_carry4_CI_CO[3])
                                                      0.100    11.145 r  core_inst_gen[0].u_engine_core/u_iv_top/u_bs_datapath/div_stage[0].num_pipe_reg[1][58]_i_1__3/CO[3]
                         net (fo=1, routed)           0.000    11.145    core_inst_gen[0].u_engine_core/u_iv_top/u_bs_datapath/div_stage[0].num_pipe_reg[1][58]_i_1__3_n_0
    SLICE_X120Y127       CARRY4 (Prop_carry4_CI_O[3])
                                                      0.262    11.407 r  core_inst_gen[0].u_engine_core/u_iv_top/u_bs_datapath/div_stage[0].num_pipe_reg[1][62]_i_1__3/O[3]
                         net (fo=1, routed)           0.000    11.407    core_inst_gen[0].u_engine_core/u_iv_top/u_nr_divider/div_stage[0].num_pipe_reg[1][63]_0[38]
    SLICE_X120Y127       FDCE                                         r  core_inst_gen[0].u_engine_core/u_iv_top/u_nr_divider/div_stage[0].num_pipe_reg[1][62]/D
  -------------------------------------------------------------------    -------------------

                         (clock aclk rise edge)      10.000    10.000 r  
                                                      0.000    10.000 r  aclk (IN)
                         net (fo=144018, unset)       1.307    11.307    core_inst_gen[0].u_engine_core/u_iv_top/u_nr_divider/aclk
    SLICE_X120Y127       FDCE                                         r  core_inst_gen[0].u_engine_core/u_iv_top/u_nr_divider/div_stage[0].num_pipe_reg[1][62]/C
                         clock pessimism              0.067    11.374    
                         clock uncertainty           -0.035    11.339    
    SLICE_X120Y127       FDCE (Setup_fdce_C_D)        0.101    11.440    core_inst_gen[0].u_engine_core/u_iv_top/u_nr_divider/div_stage[0].num_pipe_reg[1][62]
  -------------------------------------------------------------------
                         required time                         11.440    
                         arrival time                         -11.407    
  -------------------------------------------------------------------
                         slack                                  0.032    

Slack (MET) :             0.037ns  (required time - arrival time)
  Source:                 core_inst_gen[0].u_engine_core/u_iv_top/u_bs_datapath/vega_out_reg[20]/C
                            (rising edge-triggered cell FDCE clocked by aclk  {rise@0.000ns fall@5.000ns period=10.000ns})
  Destination:            core_inst_gen[0].u_engine_core/u_iv_top/u_nr_divider/div_stage[0].num_pipe_reg[1][60]/D
                            (rising edge-triggered cell FDCE clocked by aclk  {rise@0.000ns fall@5.000ns period=10.000ns})
  Path Group:             aclk
  Path Type:              Setup (Max at Slow Process Corner)
  Requirement:            10.000ns  (aclk rise@10.000ns - aclk rise@0.000ns)
  Data Path Delay:        9.989ns  (logic 4.477ns (44.817%)  route 5.512ns (55.183%))
  Logic Levels:           22  (CARRY4=17 LUT1=1 LUT3=1 LUT6=3)
  Clock Path Skew:        -0.039ns (DCD - SCD + CPR)
    Destination Clock Delay (DCD):    1.307ns = ( 11.307 - 10.000 ) 
    Source Clock Delay      (SCD):    1.413ns
    Clock Pessimism Removal (CPR):    0.067ns
  Clock Uncertainty:      0.035ns  ((TSJ^2 + TIJ^2)^1/2 + DJ) / 2 + PE
    Total System Jitter     (TSJ):    0.071ns
    Total Input Jitter      (TIJ):    0.000ns
    Discrete Jitter          (DJ):    0.000ns
    Phase Error              (PE):    0.000ns

    Location             Delay type                Incr(ns)  Path(ns)    Netlist Resource(s)
  -------------------------------------------------------------------    -------------------
                         (clock aclk rise edge)       0.000     0.000 r  
                                                      0.000     0.000 r  aclk (IN)
                         net (fo=144018, unset)       1.413     1.413    core_inst_gen[0].u_engine_core/u_iv_top/u_bs_datapath/aclk
    SLICE_X119Y127       FDCE                                         r  core_inst_gen[0].u_engine_core/u_iv_top/u_bs_datapath/vega_out_reg[20]/C
  -------------------------------------------------------------------    -------------------
    SLICE_X119Y127       FDCE (Prop_fdce_C_Q)         0.379     1.792 r  core_inst_gen[0].u_engine_core/u_iv_top/u_bs_datapath/vega_out_reg[20]/Q
                         net (fo=6, routed)           0.832     2.624    core_inst_gen[0].u_engine_core/u_iv_top/u_bs_datapath/vega_out_w[20]
    SLICE_X121Y125       LUT6 (Prop_lut6_I2_O)        0.105     2.729 f  core_inst_gen[0].u_engine_core/u_iv_top/u_bs_datapath/div_stage[0].den_pipe[1][0]_i_7__1/O
                         net (fo=1, routed)           1.261     3.991    core_inst_gen[0].u_engine_core/u_iv_top/u_bs_datapath/div_stage[0].den_pipe[1][0]_i_7__1_n_0
    SLICE_X122Y123       LUT6 (Prop_lut6_I2_O)        0.105     4.096 r  core_inst_gen[0].u_engine_core/u_iv_top/u_bs_datapath/div_stage[0].den_pipe[1][0]_i_2__1_comp/O
                         net (fo=6, routed)           0.564     4.660    core_inst_gen[0].u_engine_core/u_iv_top/u_bs_datapath/div_stage[0].den_pipe[1][4]_i_3__3_n_0
    SLICE_X118Y125       CARRY4 (Prop_carry4_CYINIT_CO[3])
                                                      0.480     5.140 r  core_inst_gen[0].u_engine_core/u_iv_top/u_bs_datapath/div_stage[0].den_pipe_reg[1][4]_i_2__3/CO[3]
                         net (fo=1, routed)           0.000     5.140    core_inst_gen[0].u_engine_core/u_iv_top/u_bs_datapath/div_stage[0].den_pipe_reg[1][4]_i_2__3_n_0
    SLICE_X118Y126       CARRY4 (Prop_carry4_CI_CO[3])
                                                      0.098     5.238 r  core_inst_gen[0].u_engine_core/u_iv_top/u_bs_datapath/div_stage[0].den_pipe_reg[1][8]_i_2__3/CO[3]
                         net (fo=1, routed)           0.000     5.238    core_inst_gen[0].u_engine_core/u_iv_top/u_bs_datapath/div_stage[0].den_pipe_reg[1][8]_i_2__3_n_0
    SLICE_X118Y127       CARRY4 (Prop_carry4_CI_CO[3])
                                                      0.098     5.336 r  core_inst_gen[0].u_engine_core/u_iv_top/u_bs_datapath/div_stage[0].den_pipe_reg[1][12]_i_2__3/CO[3]
                         net (fo=1, routed)           0.000     5.336    core_inst_gen[0].u_engine_core/u_iv_top/u_bs_datapath/div_stage[0].den_pipe_reg[1][12]_i_2__3_n_0
    SLICE_X118Y128       CARRY4 (Prop_carry4_CI_CO[3])
                                                      0.098     5.434 r  core_inst_gen[0].u_engine_core/u_iv_top/u_bs_datapath/div_stage[0].den_pipe_reg[1][16]_i_2__3/CO[3]
                         net (fo=1, routed)           0.000     5.434    core_inst_gen[0].u_engine_core/u_iv_top/u_bs_datapath/div_stage[0].den_pipe_reg[1][16]_i_2__3_n_0
    SLICE_X118Y129       CARRY4 (Prop_carry4_CI_CO[3])
                                                      0.098     5.532 r  core_inst_gen[0].u_engine_core/u_iv_top/u_bs_datapath/div_stage[0].den_pipe_reg[1][20]_i_2__3/CO[3]
                         net (fo=1, routed)           0.000     5.532    core_inst_gen[0].u_engine_core/u_iv_top/u_bs_datapath/div_stage[0].den_pipe_reg[1][20]_i_2__3_n_0
    SLICE_X118Y130       CARRY4 (Prop_carry4_CI_CO[3])
                                                      0.098     5.630 r  core_inst_gen[0].u_engine_core/u_iv_top/u_bs_datapath/div_stage[0].den_pipe_reg[1][24]_i_2__3/CO[3]
                         net (fo=1, routed)           0.000     5.630    core_inst_gen[0].u_engine_core/u_iv_top/u_bs_datapath/div_stage[0].den_pipe_reg[1][24]_i_2__3_n_0
    SLICE_X118Y131       CARRY4 (Prop_carry4_CI_O[0])
                                                      0.180     5.810 f  core_inst_gen[0].u_engine_core/u_iv_top/u_bs_datapath/div_stage[0].den_pipe_reg[1][28]_i_2__3/O[0]
                         net (fo=3, routed)           0.583     6.393    core_inst_gen[0].u_engine_core/u_iv_top/u_bs_datapath/div_stage[0].den_pipe_reg[1][28]_i_2__3_n_7
    SLICE_X121Y127       LUT3 (Prop_lut3_I0_O)        0.254     6.647 f  core_inst_gen[0].u_engine_core/u_iv_top/u_bs_datapath/div_stage[29].quot_pipe_reg[30][29]_srl30_core_inst_gen_c_28_i_22__3/O
                         net (fo=2, routed)           0.580     7.227    core_inst_gen[0].u_engine_core/u_iv_top/u_bs_datapath/div_stage[29].quot_pipe_reg[30][29]_srl30_core_inst_gen_c_28_i_22__3_n_0
    SLICE_X121Y123       LUT6 (Prop_lut6_I2_O)        0.268     7.495 r  core_inst_gen[0].u_engine_core/u_iv_top/u_bs_datapath/div_stage[29].quot_pipe_reg[30][29]_srl30_core_inst_gen_c_28_i_6__3/O
                         net (fo=1, routed)           0.389     7.885    core_inst_gen[0].u_engine_core/u_iv_top/u_bs_datapath/div_stage[29].quot_pipe_reg[30][29]_srl30_core_inst_gen_c_28_i_6__3_n_0
    SLICE_X118Y123       CARRY4 (Prop_carry4_DI[0]_CO[3])
                                                      0.436     8.321 r  core_inst_gen[0].u_engine_core/u_iv_top/u_bs_datapath/div_stage[29].quot_pipe_reg[30][29]_srl30_core_inst_gen_c_28_i_1__3/CO[3]
                         net (fo=2, routed)           0.000     8.321    core_inst_gen[0].u_engine_core/u_iv_top/u_bs_datapath/O34
    SLICE_X118Y124       CARRY4 (Prop_carry4_CI_O[0])
                                                      0.180     8.501 f  core_inst_gen[0].u_engine_core/u_iv_top/u_bs_datapath/div_stage[0].num_pipe_reg[1][63]_i_3__3/O[0]
                         net (fo=34, routed)          0.602     9.103    core_inst_gen[0].u_engine_core/u_iv_top/u_bs_datapath/div_stage[0].num_pipe_reg[1][63]_i_3__3_n_7
    SLICE_X122Y125       LUT1 (Prop_lut1_I0_O)        0.249     9.352 r  core_inst_gen[0].u_engine_core/u_iv_top/u_bs_datapath/div_stage[0].num_pipe[1][34]_i_2__3/O
                         net (fo=1, routed)           0.692    10.043    core_inst_gen[0].u_engine_core/u_iv_top/u_bs_datapath/div_stage[0].num_pipe[1][34]_i_2__3_n_0
    SLICE_X120Y120       CARRY4 (Prop_carry4_CYINIT_CO[3])
                                                      0.494    10.537 r  core_inst_gen[0].u_engine_core/u_iv_top/u_bs_datapath/div_stage[0].num_pipe_reg[1][34]_i_1__3/CO[3]
                         net (fo=1, routed)           0.000    10.537    core_inst_gen[0].u_engine_core/u_iv_top/u_bs_datapath/div_stage[0].num_pipe_reg[1][34]_i_1__3_n_0
    SLICE_X120Y121       CARRY4 (Prop_carry4_CI_CO[3])
                                                      0.100    10.637 r  core_inst_gen[0].u_engine_core/u_iv_top/u_bs_datapath/div_stage[0].num_pipe_reg[1][38]_i_1__3/CO[3]
                         net (fo=1, routed)           0.000    10.637    core_inst_gen[0].u_engine_core/u_iv_top/u_bs_datapath/div_stage[0].num_pipe_reg[1][38]_i_1__3_n_0
    SLICE_X120Y122       CARRY4 (Prop_carry4_CI_CO[3])
                                                      0.100    10.737 r  core_inst_gen[0].u_engine_core/u_iv_top/u_bs_datapath/div_stage[0].num_pipe_reg[1][42]_i_1__3/CO[3]
                         net (fo=1, routed)           0.000    10.737    core_inst_gen[0].u_engine_core/u_iv_top/u_bs_datapath/div_stage[0].num_pipe_reg[1][42]_i_1__3_n_0
    SLICE_X120Y123       CARRY4 (Prop_carry4_CI_CO[3])
                                                      0.100    10.837 r  core_inst_gen[0].u_engine_core/u_iv_top/u_bs_datapath/div_stage[0].num_pipe_reg[1][46]_i_1__3/CO[3]
                         net (fo=1, routed)           0.000    10.837    core_inst_gen[0].u_engine_core/u_iv_top/u_bs_datapath/div_stage[0].num_pipe_reg[1][46]_i_1__3_n_0
    SLICE_X120Y124       CARRY4 (Prop_carry4_CI_CO[3])
                                                      0.100    10.937 r  core_inst_gen[0].u_engine_core/u_iv_top/u_bs_datapath/div_stage[0].num_pipe_reg[1][50]_i_1__3/CO[3]
                         net (fo=1, routed)           0.008    10.945    core_inst_gen[0].u_engine_core/u_iv_top/u_bs_datapath/div_stage[0].num_pipe_reg[1][50]_i_1__3_n_0
    SLICE_X120Y125       CARRY4 (Prop_carry4_CI_CO[3])
                                                      0.100    11.045 r  core_inst_gen[0].u_engine_core/u_iv_top/u_bs_datapath/div_stage[0].num_pipe_reg[1][54]_i_1__3/CO[3]
                         net (fo=1, routed)           0.000    11.045    core_inst_gen[0].u_engine_core/u_iv_top/u_bs_datapath/div_stage[0].num_pipe_reg[1][54]_i_1__3_n_0
    SLICE_X120Y126       CARRY4 (Prop_carry4_CI_CO[3])
                                                      0.100    11.145 r  core_inst_gen[0].u_engine_core/u_iv_top/u_bs_datapath/div_stage[0].num_pipe_reg[1][58]_i_1__3/CO[3]
                         net (fo=1, routed)           0.000    11.145    core_inst_gen[0].u_engine_core/u_iv_top/u_bs_datapath/div_stage[0].num_pipe_reg[1][58]_i_1__3_n_0
    SLICE_X120Y127       CARRY4 (Prop_carry4_CI_O[1])
                                                      0.257    11.402 r  core_inst_gen[0].u_engine_core/u_iv_top/u_bs_datapath/div_stage[0].num_pipe_reg[1][62]_i_1__3/O[1]
                         net (fo=1, routed)           0.000    11.402    core_inst_gen[0].u_engine_core/u_iv_top/u_nr_divider/div_stage[0].num_pipe_reg[1][63]_0[36]
    SLICE_X120Y127       FDCE                                         r  core_inst_gen[0].u_engine_core/u_iv_top/u_nr_divider/div_stage[0].num_pipe_reg[1][60]/D
  -------------------------------------------------------------------    -------------------

                         (clock aclk rise edge)      10.000    10.000 r  
                                                      0.000    10.000 r  aclk (IN)
                         net (fo=144018, unset)       1.307    11.307    core_inst_gen[0].u_engine_core/u_iv_top/u_nr_divider/aclk
    SLICE_X120Y127       FDCE                                         r  core_inst_gen[0].u_engine_core/u_iv_top/u_nr_divider/div_stage[0].num_pipe_reg[1][60]/C
                         clock pessimism              0.067    11.374    
                         clock uncertainty           -0.035    11.339    
    SLICE_X120Y127       FDCE (Setup_fdce_C_D)        0.101    11.440    core_inst_gen[0].u_engine_core/u_iv_top/u_nr_divider/div_stage[0].num_pipe_reg[1][60]
  -------------------------------------------------------------------
                         required time                         11.440    
                         arrival time                         -11.402    
  -------------------------------------------------------------------
                         slack                                  0.037    

Slack (MET) :             0.049ns  (required time - arrival time)
  Source:                 core_inst_gen[3].u_engine_core/u_iv_top/u_bs_datapath/vega_out_reg[3]/C
                            (rising edge-triggered cell FDCE clocked by aclk  {rise@0.000ns fall@5.000ns period=10.000ns})
  Destination:            core_inst_gen[3].u_engine_core/u_iv_top/u_nr_divider/div_stage[0].num_pipe_reg[1][63]/D
                            (rising edge-triggered cell FDCE clocked by aclk  {rise@0.000ns fall@5.000ns period=10.000ns})
  Path Group:             aclk
  Path Type:              Setup (Max at Slow Process Corner)
  Requirement:            10.000ns  (aclk rise@10.000ns - aclk rise@0.000ns)
  Data Path Delay:        9.910ns  (logic 4.530ns (45.713%)  route 5.380ns (54.287%))
  Logic Levels:           22  (CARRY4=16 LUT1=1 LUT2=1 LUT3=1 LUT5=1 LUT6=2)
  Clock Path Skew:        -0.107ns (DCD - SCD + CPR)
    Destination Clock Delay (DCD):    1.438ns = ( 11.438 - 10.000 ) 
    Source Clock Delay      (SCD):    1.619ns
    Clock Pessimism Removal (CPR):    0.074ns
  Clock Uncertainty:      0.035ns  ((TSJ^2 + TIJ^2)^1/2 + DJ) / 2 + PE
    Total System Jitter     (TSJ):    0.071ns
    Total Input Jitter      (TIJ):    0.000ns
    Discrete Jitter          (DJ):    0.000ns
    Phase Error              (PE):    0.000ns

    Location             Delay type                Incr(ns)  Path(ns)    Netlist Resource(s)
  -------------------------------------------------------------------    -------------------
                         (clock aclk rise edge)       0.000     0.000 r  
                                                      0.000     0.000 r  aclk (IN)
                         net (fo=144018, unset)       1.619     1.619    core_inst_gen[3].u_engine_core/u_iv_top/u_bs_datapath/aclk
    SLICE_X35Y73         FDCE                                         r  core_inst_gen[3].u_engine_core/u_iv_top/u_bs_datapath/vega_out_reg[3]/C
  -------------------------------------------------------------------    -------------------
    SLICE_X35Y73         FDCE (Prop_fdce_C_Q)         0.348     1.967 r  core_inst_gen[3].u_engine_core/u_iv_top/u_bs_datapath/vega_out_reg[3]/Q
                         net (fo=8, routed)           0.835     2.802    core_inst_gen[3].u_engine_core/u_iv_top/u_bs_datapath/vega_out_w[3]
    SLICE_X40Y71         LUT6 (Prop_lut6_I3_O)        0.239     3.041 f  core_inst_gen[3].u_engine_core/u_iv_top/u_bs_datapath/div_stage[0].den_pipe[1][0]_i_6__10/O
                         net (fo=1, routed)           0.969     4.010    core_inst_gen[3].u_engine_core/u_iv_top/u_bs_datapath/div_stage[0].den_pipe[1][0]_i_6__10_n_0
    SLICE_X45Y76         LUT6 (Prop_lut6_I2_O)        0.105     4.115 f  core_inst_gen[3].u_engine_core/u_iv_top/u_bs_datapath/div_stage[0].den_pipe[1][0]_i_3__10/O
                         net (fo=1, routed)           0.344     4.459    core_inst_gen[3].u_engine_core/u_iv_top/u_bs_datapath/div_stage[0].den_pipe[1][0]_i_3__10_n_0
    SLICE_X45Y76         LUT2 (Prop_lut2_I0_O)        0.105     4.564 r  core_inst_gen[3].u_engine_core/u_iv_top/u_bs_datapath/div_stage[0].den_pipe[1][0]_i_2__10/O
                         net (fo=6, routed)           0.577     5.141    core_inst_gen[3].u_engine_core/u_iv_top/u_bs_datapath/div_stage[0].den_pipe[1][4]_i_3__18_n_0
    SLICE_X47Y72         CARRY4 (Prop_carry4_CYINIT_CO[3])
                                                      0.480     5.621 r  core_inst_gen[3].u_engine_core/u_iv_top/u_bs_datapath/div_stage[0].den_pipe_reg[1][4]_i_2__18/CO[3]
                         net (fo=1, routed)           0.000     5.621    core_inst_gen[3].u_engine_core/u_iv_top/u_bs_datapath/div_stage[0].den_pipe_reg[1][4]_i_2__18_n_0
    SLICE_X47Y73         CARRY4 (Prop_carry4_CI_CO[3])
                                                      0.098     5.719 r  core_inst_gen[3].u_engine_core/u_iv_top/u_bs_datapath/div_stage[0].den_pipe_reg[1][8]_i_2__18/CO[3]
                         net (fo=1, routed)           0.000     5.719    core_inst_gen[3].u_engine_core/u_iv_top/u_bs_datapath/div_stage[0].den_pipe_reg[1][8]_i_2__18_n_0
    SLICE_X47Y74         CARRY4 (Prop_carry4_CI_O[2])
                                                      0.200     5.919 r  core_inst_gen[3].u_engine_core/u_iv_top/u_bs_datapath/div_stage[0].den_pipe_reg[1][12]_i_2__18/O[2]
                         net (fo=3, routed)           0.722     6.641    core_inst_gen[3].u_engine_core/u_iv_top/u_bs_datapath/div_stage[0].den_pipe_reg[1][12]_i_2__18_n_5
    SLICE_X39Y76         LUT3 (Prop_lut3_I0_O)        0.256     6.897 r  core_inst_gen[3].u_engine_core/u_iv_top/u_bs_datapath/div_stage[29].quot_pipe_reg[30][29]_srl30_core_inst_gen_c_28_i_54__10/O
                         net (fo=2, routed)           0.930     7.827    core_inst_gen[3].u_engine_core/u_iv_top/u_bs_datapath/div_stage[29].quot_pipe_reg[30][29]_srl30_core_inst_gen_c_28_i_54__10_n_0
    SLICE_X48Y81         LUT5 (Prop_lut5_I3_O)        0.267     8.094 r  core_inst_gen[3].u_engine_core/u_iv_top/u_bs_datapath/div_stage[29].quot_pipe_reg[30][29]_srl30_core_inst_gen_c_28_i_30__18/O
                         net (fo=1, routed)           0.000     8.094    core_inst_gen[3].u_engine_core/u_iv_top/u_bs_datapath/div_stage[29].quot_pipe_reg[30][29]_srl30_core_inst_gen_c_28_i_30__18_n_0
    SLICE_X48Y81         CARRY4 (Prop_carry4_S[1]_CO[3])
                                                      0.444     8.538 r  core_inst_gen[3].u_engine_core/u_iv_top/u_bs_datapath/div_stage[29].quot_pipe_reg[30][29]_srl30_core_inst_gen_c_28_i_11__18/CO[3]
                         net (fo=1, routed)           0.000     8.538    core_inst_gen[3].u_engine_core/u_iv_top/u_bs_datapath/div_stage[29].quot_pipe_reg[30][29]_srl30_core_inst_gen_c_28_i_11__18_n_0
    SLICE_X48Y82         CARRY4 (Prop_carry4_CI_CO[3])
                                                      0.100     8.638 r  core_inst_gen[3].u_engine_core/u_iv_top/u_bs_datapath/div_stage[29].quot_pipe_reg[30][29]_srl30_core_inst_gen_c_28_i_2__18/CO[3]
                         net (fo=1, routed)           0.000     8.638    core_inst_gen[3].u_engine_core/u_iv_top/u_bs_datapath/div_stage[29].quot_pipe_reg[30][29]_srl30_core_inst_gen_c_28_i_2__18_n_0
    SLICE_X48Y83         CARRY4 (Prop_carry4_CI_CO[3])
                                                      0.100     8.738 r  core_inst_gen[3].u_engine_core/u_iv_top/u_bs_datapath/div_stage[29].quot_pipe_reg[30][29]_srl30_core_inst_gen_c_28_i_1__18/CO[3]
                         net (fo=2, routed)           0.000     8.738    core_inst_gen[3].u_engine_core/u_iv_top/u_bs_datapath/O34
    SLICE_X48Y84         CARRY4 (Prop_carry4_CI_O[0])
                                                      0.178     8.916 f  core_inst_gen[3].u_engine_core/u_iv_top/u_bs_datapath/div_stage[0].num_pipe_reg[1][63]_i_3__18/O[0]
                         net (fo=34, routed)          0.635     9.552    core_inst_gen[3].u_engine_core/u_iv_top/u_bs_datapath/div_stage[0].num_pipe_reg[1][63]_i_3__18_n_7
    SLICE_X49Y79         LUT1 (Prop_lut1_I0_O)        0.238     9.790 r  core_inst_gen[3].u_engine_core/u_iv_top/u_bs_datapath/div_stage[0].num_pipe[1][34]_i_2__18/O
                         net (fo=1, routed)           0.367    10.157    core_inst_gen[3].u_engine_core/u_iv_top/u_bs_datapath/div_stage[0].num_pipe[1][34]_i_2__18_n_0
    SLICE_X46Y79         CARRY4 (Prop_carry4_CYINIT_CO[3])
                                                      0.494    10.651 r  core_inst_gen[3].u_engine_core/u_iv_top/u_bs_datapath/div_stage[0].num_pipe_reg[1][34]_i_1__18/CO[3]
                         net (fo=1, routed)           0.000    10.651    core_inst_gen[3].u_engine_core/u_iv_top/u_bs_datapath/div_stage[0].num_pipe_reg[1][34]_i_1__18_n_0
    SLICE_X46Y80         CARRY4 (Prop_carry4_CI_CO[3])
                                                      0.100    10.751 r  core_inst_gen[3].u_engine_core/u_iv_top/u_bs_datapath/div_stage[0].num_pipe_reg[1][38]_i_1__18/CO[3]
                         net (fo=1, routed)           0.000    10.751    core_inst_gen[3].u_engine_core/u_iv_top/u_bs_datapath/div_stage[0].num_pipe_reg[1][38]_i_1__18_n_0
    SLICE_X46Y81         CARRY4 (Prop_carry4_CI_CO[3])
                                                      0.100    10.851 r  core_inst_gen[3].u_engine_core/u_iv_top/u_bs_datapath/div_stage[0].num_pipe_reg[1][42]_i_1__18/CO[3]
                         net (fo=1, routed)           0.000    10.851    core_inst_gen[3].u_engine_core/u_iv_top/u_bs_datapath/div_stage[0].num_pipe_reg[1][42]_i_1__18_n_0
    SLICE_X46Y82         CARRY4 (Prop_carry4_CI_CO[3])
                                                      0.100    10.951 r  core_inst_gen[3].u_engine_core/u_iv_top/u_bs_datapath/div_stage[0].num_pipe_reg[1][46]_i_1__18/CO[3]
                         net (fo=1, routed)           0.000    10.951    core_inst_gen[3].u_engine_core/u_iv_top/u_bs_datapath/div_stage[0].num_pipe_reg[1][46]_i_1__18_n_0
    SLICE_X46Y83         CARRY4 (Prop_carry4_CI_CO[3])
                                                      0.100    11.051 r  core_inst_gen[3].u_engine_core/u_iv_top/u_bs_datapath/div_stage[0].num_pipe_reg[1][50]_i_1__18/CO[3]
                         net (fo=1, routed)           0.000    11.051    core_inst_gen[3].u_engine_core/u_iv_top/u_bs_datapath/div_stage[0].num_pipe_reg[1][50]_i_1__18_n_0
    SLICE_X46Y84         CARRY4 (Prop_carry4_CI_CO[3])
                                                      0.100    11.151 r  core_inst_gen[3].u_engine_core/u_iv_top/u_bs_datapath/div_stage[0].num_pipe_reg[1][54]_i_1__18/CO[3]
                         net (fo=1, routed)           0.000    11.151    core_inst_gen[3].u_engine_core/u_iv_top/u_bs_datapath/div_stage[0].num_pipe_reg[1][54]_i_1__18_n_0
    SLICE_X46Y85         CARRY4 (Prop_carry4_CI_CO[3])
                                                      0.100    11.251 r  core_inst_gen[3].u_engine_core/u_iv_top/u_bs_datapath/div_stage[0].num_pipe_reg[1][58]_i_1__18/CO[3]
                         net (fo=1, routed)           0.000    11.251    core_inst_gen[3].u_engine_core/u_iv_top/u_bs_datapath/div_stage[0].num_pipe_reg[1][58]_i_1__18_n_0
    SLICE_X46Y86         CARRY4 (Prop_carry4_CI_CO[3])
                                                      0.100    11.351 r  core_inst_gen[3].u_engine_core/u_iv_top/u_bs_datapath/div_stage[0].num_pipe_reg[1][62]_i_1__18/CO[3]
                         net (fo=1, routed)           0.000    11.351    core_inst_gen[3].u_engine_core/u_iv_top/u_bs_datapath/div_stage[0].num_pipe_reg[1][62]_i_1__18_n_0
    SLICE_X46Y87         CARRY4 (Prop_carry4_CI_O[0])
                                                      0.178    11.529 r  core_inst_gen[3].u_engine_core/u_iv_top/u_bs_datapath/div_stage[0].num_pipe_reg[1][63]_i_1__18/O[0]
                         net (fo=1, routed)           0.000    11.529    core_inst_gen[3].u_engine_core/u_iv_top/u_nr_divider/div_stage[0].num_pipe_reg[1][63]_0[39]
    SLICE_X46Y87         FDCE                                         r  core_inst_gen[3].u_engine_core/u_iv_top/u_nr_divider/div_stage[0].num_pipe_reg[1][63]/D
  -------------------------------------------------------------------    -------------------

                         (clock aclk rise edge)      10.000    10.000 r  
                                                      0.000    10.000 r  aclk (IN)
                         net (fo=144018, unset)       1.438    11.438    core_inst_gen[3].u_engine_core/u_iv_top/u_nr_divider/aclk
    SLICE_X46Y87         FDCE                                         r  core_inst_gen[3].u_engine_core/u_iv_top/u_nr_divider/div_stage[0].num_pipe_reg[1][63]/C
                         clock pessimism              0.074    11.512    
                         clock uncertainty           -0.035    11.477    
    SLICE_X46Y87         FDCE (Setup_fdce_C_D)        0.101    11.578    core_inst_gen[3].u_engine_core/u_iv_top/u_nr_divider/div_stage[0].num_pipe_reg[1][63]
  -------------------------------------------------------------------
                         required time                         11.578    
                         arrival time                         -11.529    
  -------------------------------------------------------------------
                         slack                                  0.049    

Slack (MET) :             0.064ns  (required time - arrival time)
  Source:                 core_inst_gen[3].u_engine_core/u_iv_top/u_bs_datapath/vega_out_reg[3]/C
                            (rising edge-triggered cell FDCE clocked by aclk  {rise@0.000ns fall@5.000ns period=10.000ns})
  Destination:            core_inst_gen[3].u_engine_core/u_iv_top/u_nr_divider/div_stage[0].num_pipe_reg[1][62]/D
                            (rising edge-triggered cell FDCE clocked by aclk  {rise@0.000ns fall@5.000ns period=10.000ns})
  Path Group:             aclk
  Path Type:              Setup (Max at Slow Process Corner)
  Requirement:            10.000ns  (aclk rise@10.000ns - aclk rise@0.000ns)
  Data Path Delay:        9.894ns  (logic 4.514ns (45.625%)  route 5.380ns (54.375%))
  Logic Levels:           21  (CARRY4=15 LUT1=1 LUT2=1 LUT3=1 LUT5=1 LUT6=2)
  Clock Path Skew:        -0.108ns (DCD - SCD + CPR)
    Destination Clock Delay (DCD):    1.437ns = ( 11.437 - 10.000 ) 
    Source Clock Delay      (SCD):    1.619ns
    Clock Pessimism Removal (CPR):    0.074ns
  Clock Uncertainty:      0.035ns  ((TSJ^2 + TIJ^2)^1/2 + DJ) / 2 + PE
    Total System Jitter     (TSJ):    0.071ns
    Total Input Jitter      (TIJ):    0.000ns
    Discrete Jitter          (DJ):    0.000ns
    Phase Error              (PE):    0.000ns

    Location             Delay type                Incr(ns)  Path(ns)    Netlist Resource(s)
  -------------------------------------------------------------------    -------------------
                         (clock aclk rise edge)       0.000     0.000 r  
                                                      0.000     0.000 r  aclk (IN)
                         net (fo=144018, unset)       1.619     1.619    core_inst_gen[3].u_engine_core/u_iv_top/u_bs_datapath/aclk
    SLICE_X35Y73         FDCE                                         r  core_inst_gen[3].u_engine_core/u_iv_top/u_bs_datapath/vega_out_reg[3]/C
  -------------------------------------------------------------------    -------------------
    SLICE_X35Y73         FDCE (Prop_fdce_C_Q)         0.348     1.967 r  core_inst_gen[3].u_engine_core/u_iv_top/u_bs_datapath/vega_out_reg[3]/Q
                         net (fo=8, routed)           0.835     2.802    core_inst_gen[3].u_engine_core/u_iv_top/u_bs_datapath/vega_out_w[3]
    SLICE_X40Y71         LUT6 (Prop_lut6_I3_O)        0.239     3.041 f  core_inst_gen[3].u_engine_core/u_iv_top/u_bs_datapath/div_stage[0].den_pipe[1][0]_i_6__10/O
                         net (fo=1, routed)           0.969     4.010    core_inst_gen[3].u_engine_core/u_iv_top/u_bs_datapath/div_stage[0].den_pipe[1][0]_i_6__10_n_0
    SLICE_X45Y76         LUT6 (Prop_lut6_I2_O)        0.105     4.115 f  core_inst_gen[3].u_engine_core/u_iv_top/u_bs_datapath/div_stage[0].den_pipe[1][0]_i_3__10/O
                         net (fo=1, routed)           0.344     4.459    core_inst_gen[3].u_engine_core/u_iv_top/u_bs_datapath/div_stage[0].den_pipe[1][0]_i_3__10_n_0
    SLICE_X45Y76         LUT2 (Prop_lut2_I0_O)        0.105     4.564 r  core_inst_gen[3].u_engine_core/u_iv_top/u_bs_datapath/div_stage[0].den_pipe[1][0]_i_2__10/O
                         net (fo=6, routed)           0.577     5.141    core_inst_gen[3].u_engine_core/u_iv_top/u_bs_datapath/div_stage[0].den_pipe[1][4]_i_3__18_n_0
    SLICE_X47Y72         CARRY4 (Prop_carry4_CYINIT_CO[3])
                                                      0.480     5.621 r  core_inst_gen[3].u_engine_core/u_iv_top/u_bs_datapath/div_stage[0].den_pipe_reg[1][4]_i_2__18/CO[3]
                         net (fo=1, routed)           0.000     5.621    core_inst_gen[3].u_engine_core/u_iv_top/u_bs_datapath/div_stage[0].den_pipe_reg[1][4]_i_2__18_n_0
    SLICE_X47Y73         CARRY4 (Prop_carry4_CI_CO[3])
                                                      0.098     5.719 r  core_inst_gen[3].u_engine_core/u_iv_top/u_bs_datapath/div_stage[0].den_pipe_reg[1][8]_i_2__18/CO[3]
                         net (fo=1, routed)           0.000     5.719    core_inst_gen[3].u_engine_core/u_iv_top/u_bs_datapath/div_stage[0].den_pipe_reg[1][8]_i_2__18_n_0
    SLICE_X47Y74         CARRY4 (Prop_carry4_CI_O[2])
                                                      0.200     5.919 r  core_inst_gen[3].u_engine_core/u_iv_top/u_bs_datapath/div_stage[0].den_pipe_reg[1][12]_i_2__18/O[2]
                         net (fo=3, routed)           0.722     6.641    core_inst_gen[3].u_engine_core/u_iv_top/u_bs_datapath/div_stage[0].den_pipe_reg[1][12]_i_2__18_n_5
    SLICE_X39Y76         LUT3 (Prop_lut3_I0_O)        0.256     6.897 r  core_inst_gen[3].u_engine_core/u_iv_top/u_bs_datapath/div_stage[29].quot_pipe_reg[30][29]_srl30_core_inst_gen_c_28_i_54__10/O
                         net (fo=2, routed)           0.930     7.827    core_inst_gen[3].u_engine_core/u_iv_top/u_bs_datapath/div_stage[29].quot_pipe_reg[30][29]_srl30_core_inst_gen_c_28_i_54__10_n_0
    SLICE_X48Y81         LUT5 (Prop_lut5_I3_O)        0.267     8.094 r  core_inst_gen[3].u_engine_core/u_iv_top/u_bs_datapath/div_stage[29].quot_pipe_reg[30][29]_srl30_core_inst_gen_c_28_i_30__18/O
                         net (fo=1, routed)           0.000     8.094    core_inst_gen[3].u_engine_core/u_iv_top/u_bs_datapath/div_stage[29].quot_pipe_reg[30][29]_srl30_core_inst_gen_c_28_i_30__18_n_0
    SLICE_X48Y81         CARRY4 (Prop_carry4_S[1]_CO[3])
                                                      0.444     8.538 r  core_inst_gen[3].u_engine_core/u_iv_top/u_bs_datapath/div_stage[29].quot_pipe_reg[30][29]_srl30_core_inst_gen_c_28_i_11__18/CO[3]
                         net (fo=1, routed)           0.000     8.538    core_inst_gen[3].u_engine_core/u_iv_top/u_bs_datapath/div_stage[29].quot_pipe_reg[30][29]_srl30_core_inst_gen_c_28_i_11__18_n_0
    SLICE_X48Y82         CARRY4 (Prop_carry4_CI_CO[3])
                                                      0.100     8.638 r  core_inst_gen[3].u_engine_core/u_iv_top/u_bs_datapath/div_stage[29].quot_pipe_reg[30][29]_srl30_core_inst_gen_c_28_i_2__18/CO[3]
                         net (fo=1, routed)           0.000     8.638    core_inst_gen[3].u_engine_core/u_iv_top/u_bs_datapath/div_stage[29].quot_pipe_reg[30][29]_srl30_core_inst_gen_c_28_i_2__18_n_0
    SLICE_X48Y83         CARRY4 (Prop_carry4_CI_CO[3])
                                                      0.100     8.738 r  core_inst_gen[3].u_engine_core/u_iv_top/u_bs_datapath/div_stage[29].quot_pipe_reg[30][29]_srl30_core_inst_gen_c_28_i_1__18/CO[3]
                         net (fo=2, routed)           0.000     8.738    core_inst_gen[3].u_engine_core/u_iv_top/u_bs_datapath/O34
    SLICE_X48Y84         CARRY4 (Prop_carry4_CI_O[0])
                                                      0.178     8.916 f  core_inst_gen[3].u_engine_core/u_iv_top/u_bs_datapath/div_stage[0].num_pipe_reg[1][63]_i_3__18/O[0]
                         net (fo=34, routed)          0.635     9.552    core_inst_gen[3].u_engine_core/u_iv_top/u_bs_datapath/div_stage[0].num_pipe_reg[1][63]_i_3__18_n_7
    SLICE_X49Y79         LUT1 (Prop_lut1_I0_O)        0.238     9.790 r  core_inst_gen[3].u_engine_core/u_iv_top/u_bs_datapath/div_stage[0].num_pipe[1][34]_i_2__18/O
                         net (fo=1, routed)           0.367    10.157    core_inst_gen[3].u_engine_core/u_iv_top/u_bs_datapath/div_stage[0].num_pipe[1][34]_i_2__18_n_0
    SLICE_X46Y79         CARRY4 (Prop_carry4_CYINIT_CO[3])
                                                      0.494    10.651 r  core_inst_gen[3].u_engine_core/u_iv_top/u_bs_datapath/div_stage[0].num_pipe_reg[1][34]_i_1__18/CO[3]
                         net (fo=1, routed)           0.000    10.651    core_inst_gen[3].u_engine_core/u_iv_top/u_bs_datapath/div_stage[0].num_pipe_reg[1][34]_i_1__18_n_0
    SLICE_X46Y80         CARRY4 (Prop_carry4_CI_CO[3])
                                                      0.100    10.751 r  core_inst_gen[3].u_engine_core/u_iv_top/u_bs_datapath/div_stage[0].num_pipe_reg[1][38]_i_1__18/CO[3]
                         net (fo=1, routed)           0.000    10.751    core_inst_gen[3].u_engine_core/u_iv_top/u_bs_datapath/div_stage[0].num_pipe_reg[1][38]_i_1__18_n_0
    SLICE_X46Y81         CARRY4 (Prop_carry4_CI_CO[3])
                                                      0.100    10.851 r  core_inst_gen[3].u_engine_core/u_iv_top/u_bs_datapath/div_stage[0].num_pipe_reg[1][42]_i_1__18/CO[3]
                         net (fo=1, routed)           0.000    10.851    core_inst_gen[3].u_engine_core/u_iv_top/u_bs_datapath/div_stage[0].num_pipe_reg[1][42]_i_1__18_n_0
    SLICE_X46Y82         CARRY4 (Prop_carry4_CI_CO[3])
                                                      0.100    10.951 r  core_inst_gen[3].u_engine_core/u_iv_top/u_bs_datapath/div_stage[0].num_pipe_reg[1][46]_i_1__18/CO[3]
                         net (fo=1, routed)           0.000    10.951    core_inst_gen[3].u_engine_core/u_iv_top/u_bs_datapath/div_stage[0].num_pipe_reg[1][46]_i_1__18_n_0
    SLICE_X46Y83         CARRY4 (Prop_carry4_CI_CO[3])
                                                      0.100    11.051 r  core_inst_gen[3].u_engine_core/u_iv_top/u_bs_datapath/div_stage[0].num_pipe_reg[1][50]_i_1__18/CO[3]
                         net (fo=1, routed)           0.000    11.051    core_inst_gen[3].u_engine_core/u_iv_top/u_bs_datapath/div_stage[0].num_pipe_reg[1][50]_i_1__18_n_0
    SLICE_X46Y84         CARRY4 (Prop_carry4_CI_CO[3])
                                                      0.100    11.151 r  core_inst_gen[3].u_engine_core/u_iv_top/u_bs_datapath/div_stage[0].num_pipe_reg[1][54]_i_1__18/CO[3]
                         net (fo=1, routed)           0.000    11.151    core_inst_gen[3].u_engine_core/u_iv_top/u_bs_datapath/div_stage[0].num_pipe_reg[1][54]_i_1__18_n_0
    SLICE_X46Y85         CARRY4 (Prop_carry4_CI_CO[3])
                                                      0.100    11.251 r  core_inst_gen[3].u_engine_core/u_iv_top/u_bs_datapath/div_stage[0].num_pipe_reg[1][58]_i_1__18/CO[3]
                         net (fo=1, routed)           0.000    11.251    core_inst_gen[3].u_engine_core/u_iv_top/u_bs_datapath/div_stage[0].num_pipe_reg[1][58]_i_1__18_n_0
    SLICE_X46Y86         CARRY4 (Prop_carry4_CI_O[3])
                                                      0.262    11.513 r  core_inst_gen[3].u_engine_core/u_iv_top/u_bs_datapath/div_stage[0].num_pipe_reg[1][62]_i_1__18/O[3]
                         net (fo=1, routed)           0.000    11.513    core_inst_gen[3].u_engine_core/u_iv_top/u_nr_divider/div_stage[0].num_pipe_reg[1][63]_0[38]
    SLICE_X46Y86         FDCE                                         r  core_inst_gen[3].u_engine_core/u_iv_top/u_nr_divider/div_stage[0].num_pipe_reg[1][62]/D
  -------------------------------------------------------------------    -------------------

                         (clock aclk rise edge)      10.000    10.000 r  
                                                      0.000    10.000 r  aclk (IN)
                         net (fo=144018, unset)       1.437    11.437    core_inst_gen[3].u_engine_core/u_iv_top/u_nr_divider/aclk
    SLICE_X46Y86         FDCE                                         r  core_inst_gen[3].u_engine_core/u_iv_top/u_nr_divider/div_stage[0].num_pipe_reg[1][62]/C
                         clock pessimism              0.074    11.511    
                         clock uncertainty           -0.035    11.476    
    SLICE_X46Y86         FDCE (Setup_fdce_C_D)        0.101    11.577    core_inst_gen[3].u_engine_core/u_iv_top/u_nr_divider/div_stage[0].num_pipe_reg[1][62]
  -------------------------------------------------------------------
                         required time                         11.577    
                         arrival time                         -11.513    
  -------------------------------------------------------------------
                         slack                                  0.064    

Slack (MET) :             0.069ns  (required time - arrival time)
  Source:                 core_inst_gen[3].u_engine_core/u_iv_top/u_bs_datapath/vega_out_reg[3]/C
                            (rising edge-triggered cell FDCE clocked by aclk  {rise@0.000ns fall@5.000ns period=10.000ns})
  Destination:            core_inst_gen[3].u_engine_core/u_iv_top/u_nr_divider/div_stage[0].num_pipe_reg[1][60]/D
                            (rising edge-triggered cell FDCE clocked by aclk  {rise@0.000ns fall@5.000ns period=10.000ns})
  Path Group:             aclk
  Path Type:              Setup (Max at Slow Process Corner)
  Requirement:            10.000ns  (aclk rise@10.000ns - aclk rise@0.000ns)
  Data Path Delay:        9.889ns  (logic 4.509ns (45.598%)  route 5.380ns (54.402%))
  Logic Levels:           21  (CARRY4=15 LUT1=1 LUT2=1 LUT3=1 LUT5=1 LUT6=2)
  Clock Path Skew:        -0.108ns (DCD - SCD + CPR)
    Destination Clock Delay (DCD):    1.437ns = ( 11.437 - 10.000 ) 
    Source Clock Delay      (SCD):    1.619ns
    Clock Pessimism Removal (CPR):    0.074ns
  Clock Uncertainty:      0.035ns  ((TSJ^2 + TIJ^2)^1/2 + DJ) / 2 + PE
    Total System Jitter     (TSJ):    0.071ns
    Total Input Jitter      (TIJ):    0.000ns
    Discrete Jitter          (DJ):    0.000ns
    Phase Error              (PE):    0.000ns

    Location             Delay type                Incr(ns)  Path(ns)    Netlist Resource(s)
  -------------------------------------------------------------------    -------------------
                         (clock aclk rise edge)       0.000     0.000 r  
                                                      0.000     0.000 r  aclk (IN)
                         net (fo=144018, unset)       1.619     1.619    core_inst_gen[3].u_engine_core/u_iv_top/u_bs_datapath/aclk
    SLICE_X35Y73         FDCE                                         r  core_inst_gen[3].u_engine_core/u_iv_top/u_bs_datapath/vega_out_reg[3]/C
  -------------------------------------------------------------------    -------------------
    SLICE_X35Y73         FDCE (Prop_fdce_C_Q)         0.348     1.967 r  core_inst_gen[3].u_engine_core/u_iv_top/u_bs_datapath/vega_out_reg[3]/Q
                         net (fo=8, routed)           0.835     2.802    core_inst_gen[3].u_engine_core/u_iv_top/u_bs_datapath/vega_out_w[3]
    SLICE_X40Y71         LUT6 (Prop_lut6_I3_O)        0.239     3.041 f  core_inst_gen[3].u_engine_core/u_iv_top/u_bs_datapath/div_stage[0].den_pipe[1][0]_i_6__10/O
                         net (fo=1, routed)           0.969     4.010    core_inst_gen[3].u_engine_core/u_iv_top/u_bs_datapath/div_stage[0].den_pipe[1][0]_i_6__10_n_0
    SLICE_X45Y76         LUT6 (Prop_lut6_I2_O)        0.105     4.115 f  core_inst_gen[3].u_engine_core/u_iv_top/u_bs_datapath/div_stage[0].den_pipe[1][0]_i_3__10/O
                         net (fo=1, routed)           0.344     4.459    core_inst_gen[3].u_engine_core/u_iv_top/u_bs_datapath/div_stage[0].den_pipe[1][0]_i_3__10_n_0
    SLICE_X45Y76         LUT2 (Prop_lut2_I0_O)        0.105     4.564 r  core_inst_gen[3].u_engine_core/u_iv_top/u_bs_datapath/div_stage[0].den_pipe[1][0]_i_2__10/O
                         net (fo=6, routed)           0.577     5.141    core_inst_gen[3].u_engine_core/u_iv_top/u_bs_datapath/div_stage[0].den_pipe[1][4]_i_3__18_n_0
    SLICE_X47Y72         CARRY4 (Prop_carry4_CYINIT_CO[3])
                                                      0.480     5.621 r  core_inst_gen[3].u_engine_core/u_iv_top/u_bs_datapath/div_stage[0].den_pipe_reg[1][4]_i_2__18/CO[3]
                         net (fo=1, routed)           0.000     5.621    core_inst_gen[3].u_engine_core/u_iv_top/u_bs_datapath/div_stage[0].den_pipe_reg[1][4]_i_2__18_n_0
    SLICE_X47Y73         CARRY4 (Prop_carry4_CI_CO[3])
                                                      0.098     5.719 r  core_inst_gen[3].u_engine_core/u_iv_top/u_bs_datapath/div_stage[0].den_pipe_reg[1][8]_i_2__18/CO[3]
                         net (fo=1, routed)           0.000     5.719    core_inst_gen[3].u_engine_core/u_iv_top/u_bs_datapath/div_stage[0].den_pipe_reg[1][8]_i_2__18_n_0
    SLICE_X47Y74         CARRY4 (Prop_carry4_CI_O[2])
                                                      0.200     5.919 r  core_inst_gen[3].u_engine_core/u_iv_top/u_bs_datapath/div_stage[0].den_pipe_reg[1][12]_i_2__18/O[2]
                         net (fo=3, routed)           0.722     6.641    core_inst_gen[3].u_engine_core/u_iv_top/u_bs_datapath/div_stage[0].den_pipe_reg[1][12]_i_2__18_n_5
    SLICE_X39Y76         LUT3 (Prop_lut3_I0_O)        0.256     6.897 r  core_inst_gen[3].u_engine_core/u_iv_top/u_bs_datapath/div_stage[29].quot_pipe_reg[30][29]_srl30_core_inst_gen_c_28_i_54__10/O
                         net (fo=2, routed)           0.930     7.827    core_inst_gen[3].u_engine_core/u_iv_top/u_bs_datapath/div_stage[29].quot_pipe_reg[30][29]_srl30_core_inst_gen_c_28_i_54__10_n_0
    SLICE_X48Y81         LUT5 (Prop_lut5_I3_O)        0.267     8.094 r  core_inst_gen[3].u_engine_core/u_iv_top/u_bs_datapath/div_stage[29].quot_pipe_reg[30][29]_srl30_core_inst_gen_c_28_i_30__18/O
                         net (fo=1, routed)           0.000     8.094    core_inst_gen[3].u_engine_core/u_iv_top/u_bs_datapath/div_stage[29].quot_pipe_reg[30][29]_srl30_core_inst_gen_c_28_i_30__18_n_0
    SLICE_X48Y81         CARRY4 (Prop_carry4_S[1]_CO[3])
                                                      0.444     8.538 r  core_inst_gen[3].u_engine_core/u_iv_top/u_bs_datapath/div_stage[29].quot_pipe_reg[30][29]_srl30_core_inst_gen_c_28_i_11__18/CO[3]
                         net (fo=1, routed)           0.000     8.538    core_inst_gen[3].u_engine_core/u_iv_top/u_bs_datapath/div_stage[29].quot_pipe_reg[30][29]_srl30_core_inst_gen_c_28_i_11__18_n_0
    SLICE_X48Y82         CARRY4 (Prop_carry4_CI_CO[3])
                                                      0.100     8.638 r  core_inst_gen[3].u_engine_core/u_iv_top/u_bs_datapath/div_stage[29].quot_pipe_reg[30][29]_srl30_core_inst_gen_c_28_i_2__18/CO[3]
                         net (fo=1, routed)           0.000     8.638    core_inst_gen[3].u_engine_core/u_iv_top/u_bs_datapath/div_stage[29].quot_pipe_reg[30][29]_srl30_core_inst_gen_c_28_i_2__18_n_0
    SLICE_X48Y83         CARRY4 (Prop_carry4_CI_CO[3])
                                                      0.100     8.738 r  core_inst_gen[3].u_engine_core/u_iv_top/u_bs_datapath/div_stage[29].quot_pipe_reg[30][29]_srl30_core_inst_gen_c_28_i_1__18/CO[3]
                         net (fo=2, routed)           0.000     8.738    core_inst_gen[3].u_engine_core/u_iv_top/u_bs_datapath/O34
    SLICE_X48Y84         CARRY4 (Prop_carry4_CI_O[0])
                                                      0.178     8.916 f  core_inst_gen[3].u_engine_core/u_iv_top/u_bs_datapath/div_stage[0].num_pipe_reg[1][63]_i_3__18/O[0]
                         net (fo=34, routed)          0.635     9.552    core_inst_gen[3].u_engine_core/u_iv_top/u_bs_datapath/div_stage[0].num_pipe_reg[1][63]_i_3__18_n_7
    SLICE_X49Y79         LUT1 (Prop_lut1_I0_O)        0.238     9.790 r  core_inst_gen[3].u_engine_core/u_iv_top/u_bs_datapath/div_stage[0].num_pipe[1][34]_i_2__18/O
                         net (fo=1, routed)           0.367    10.157    core_inst_gen[3].u_engine_core/u_iv_top/u_bs_datapath/div_stage[0].num_pipe[1][34]_i_2__18_n_0
    SLICE_X46Y79         CARRY4 (Prop_carry4_CYINIT_CO[3])
                                                      0.494    10.651 r  core_inst_gen[3].u_engine_core/u_iv_top/u_bs_datapath/div_stage[0].num_pipe_reg[1][34]_i_1__18/CO[3]
                         net (fo=1, routed)           0.000    10.651    core_inst_gen[3].u_engine_core/u_iv_top/u_bs_datapath/div_stage[0].num_pipe_reg[1][34]_i_1__18_n_0
    SLICE_X46Y80         CARRY4 (Prop_carry4_CI_CO[3])
                                                      0.100    10.751 r  core_inst_gen[3].u_engine_core/u_iv_top/u_bs_datapath/div_stage[0].num_pipe_reg[1][38]_i_1__18/CO[3]
                         net (fo=1, routed)           0.000    10.751    core_inst_gen[3].u_engine_core/u_iv_top/u_bs_datapath/div_stage[0].num_pipe_reg[1][38]_i_1__18_n_0
    SLICE_X46Y81         CARRY4 (Prop_carry4_CI_CO[3])
                                                      0.100    10.851 r  core_inst_gen[3].u_engine_core/u_iv_top/u_bs_datapath/div_stage[0].num_pipe_reg[1][42]_i_1__18/CO[3]
                         net (fo=1, routed)           0.000    10.851    core_inst_gen[3].u_engine_core/u_iv_top/u_bs_datapath/div_stage[0].num_pipe_reg[1][42]_i_1__18_n_0
    SLICE_X46Y82         CARRY4 (Prop_carry4_CI_CO[3])
                                                      0.100    10.951 r  core_inst_gen[3].u_engine_core/u_iv_top/u_bs_datapath/div_stage[0].num_pipe_reg[1][46]_i_1__18/CO[3]
                         net (fo=1, routed)           0.000    10.951    core_inst_gen[3].u_engine_core/u_iv_top/u_bs_datapath/div_stage[0].num_pipe_reg[1][46]_i_1__18_n_0
    SLICE_X46Y83         CARRY4 (Prop_carry4_CI_CO[3])
                                                      0.100    11.051 r  core_inst_gen[3].u_engine_core/u_iv_top/u_bs_datapath/div_stage[0].num_pipe_reg[1][50]_i_1__18/CO[3]
                         net (fo=1, routed)           0.000    11.051    core_inst_gen[3].u_engine_core/u_iv_top/u_bs_datapath/div_stage[0].num_pipe_reg[1][50]_i_1__18_n_0
    SLICE_X46Y84         CARRY4 (Prop_carry4_CI_CO[3])
                                                      0.100    11.151 r  core_inst_gen[3].u_engine_core/u_iv_top/u_bs_datapath/div_stage[0].num_pipe_reg[1][54]_i_1__18/CO[3]
                         net (fo=1, routed)           0.000    11.151    core_inst_gen[3].u_engine_core/u_iv_top/u_bs_datapath/div_stage[0].num_pipe_reg[1][54]_i_1__18_n_0
    SLICE_X46Y85         CARRY4 (Prop_carry4_CI_CO[3])
                                                      0.100    11.251 r  core_inst_gen[3].u_engine_core/u_iv_top/u_bs_datapath/div_stage[0].num_pipe_reg[1][58]_i_1__18/CO[3]
                         net (fo=1, routed)           0.000    11.251    core_inst_gen[3].u_engine_core/u_iv_top/u_bs_datapath/div_stage[0].num_pipe_reg[1][58]_i_1__18_n_0
    SLICE_X46Y86         CARRY4 (Prop_carry4_CI_O[1])
                                                      0.257    11.508 r  core_inst_gen[3].u_engine_core/u_iv_top/u_bs_datapath/div_stage[0].num_pipe_reg[1][62]_i_1__18/O[1]
                         net (fo=1, routed)           0.000    11.508    core_inst_gen[3].u_engine_core/u_iv_top/u_nr_divider/div_stage[0].num_pipe_reg[1][63]_0[36]
    SLICE_X46Y86         FDCE                                         r  core_inst_gen[3].u_engine_core/u_iv_top/u_nr_divider/div_stage[0].num_pipe_reg[1][60]/D
  -------------------------------------------------------------------    -------------------

                         (clock aclk rise edge)      10.000    10.000 r  
                                                      0.000    10.000 r  aclk (IN)
                         net (fo=144018, unset)       1.437    11.437    core_inst_gen[3].u_engine_core/u_iv_top/u_nr_divider/aclk
    SLICE_X46Y86         FDCE                                         r  core_inst_gen[3].u_engine_core/u_iv_top/u_nr_divider/div_stage[0].num_pipe_reg[1][60]/C
                         clock pessimism              0.074    11.511    
                         clock uncertainty           -0.035    11.476    
    SLICE_X46Y86         FDCE (Setup_fdce_C_D)        0.101    11.577    core_inst_gen[3].u_engine_core/u_iv_top/u_nr_divider/div_stage[0].num_pipe_reg[1][60]
  -------------------------------------------------------------------
                         required time                         11.577    
                         arrival time                         -11.508    
  -------------------------------------------------------------------
                         slack                                  0.069    

Slack (MET) :             0.095ns  (required time - arrival time)
  Source:                 core_inst_gen[1].u_engine_core/u_iv_top/u_bs_datapath/vega_out_reg[19]/C
                            (rising edge-triggered cell FDCE clocked by aclk  {rise@0.000ns fall@5.000ns period=10.000ns})
  Destination:            core_inst_gen[1].u_engine_core/u_iv_top/u_nr_divider/div_stage[0].num_pipe_reg[1][63]/D
                            (rising edge-triggered cell FDCE clocked by aclk  {rise@0.000ns fall@5.000ns period=10.000ns})
  Path Group:             aclk
  Path Type:              Setup (Max at Slow Process Corner)
  Requirement:            10.000ns  (aclk rise@10.000ns - aclk rise@0.000ns)
  Data Path Delay:        9.996ns  (logic 4.535ns (45.366%)  route 5.461ns (54.634%))
  Logic Levels:           24  (CARRY4=18 LUT1=1 LUT2=1 LUT3=1 LUT6=3)
  Clock Path Skew:        0.068ns (DCD - SCD + CPR)
    Destination Clock Delay (DCD):    1.529ns = ( 11.529 - 10.000 ) 
    Source Clock Delay      (SCD):    1.467ns
    Clock Pessimism Removal (CPR):    0.006ns
  Clock Uncertainty:      0.035ns  ((TSJ^2 + TIJ^2)^1/2 + DJ) / 2 + PE
    Total System Jitter     (TSJ):    0.071ns
    Total Input Jitter      (TIJ):    0.000ns
    Discrete Jitter          (DJ):    0.000ns
    Phase Error              (PE):    0.000ns

    Location             Delay type                Incr(ns)  Path(ns)    Netlist Resource(s)
  -------------------------------------------------------------------    -------------------
                         (clock aclk rise edge)       0.000     0.000 r  
                                                      0.000     0.000 r  aclk (IN)
                         net (fo=144018, unset)       1.467     1.467    core_inst_gen[1].u_engine_core/u_iv_top/u_bs_datapath/aclk
    SLICE_X141Y199       FDCE                                         r  core_inst_gen[1].u_engine_core/u_iv_top/u_bs_datapath/vega_out_reg[19]/C
  -------------------------------------------------------------------    -------------------
    SLICE_X141Y199       FDCE (Prop_fdce_C_Q)         0.348     1.815 r  core_inst_gen[1].u_engine_core/u_iv_top/u_bs_datapath/vega_out_reg[19]/Q
                         net (fo=6, routed)           0.685     2.500    core_inst_gen[1].u_engine_core/u_iv_top/u_bs_datapath/vega_out_w[19]
    SLICE_X141Y198       LUT6 (Prop_lut6_I4_O)        0.242     2.742 f  core_inst_gen[1].u_engine_core/u_iv_top/u_bs_datapath/div_stage[0].den_pipe[1][0]_i_8__4/O
                         net (fo=1, routed)           0.996     3.738    core_inst_gen[1].u_engine_core/u_iv_top/u_bs_datapath/div_stage[0].den_pipe[1][0]_i_8__4_n_0
    SLICE_X145Y190       LUT6 (Prop_lut6_I5_O)        0.105     3.843 f  core_inst_gen[1].u_engine_core/u_iv_top/u_bs_datapath/div_stage[0].den_pipe[1][0]_i_3__4/O
                         net (fo=1, routed)           0.420     4.263    core_inst_gen[1].u_engine_core/u_iv_top/u_bs_datapath/div_stage[0].den_pipe[1][0]_i_3__4_n_0
    SLICE_X143Y196       LUT2 (Prop_lut2_I0_O)        0.105     4.368 r  core_inst_gen[1].u_engine_core/u_iv_top/u_bs_datapath/div_stage[0].den_pipe[1][0]_i_2__4/O
                         net (fo=6, routed)           0.541     4.910    core_inst_gen[1].u_engine_core/u_iv_top/u_bs_datapath/div_stage[0].den_pipe[1][4]_i_3__8_n_0
    SLICE_X146Y194       CARRY4 (Prop_carry4_CYINIT_CO[3])
                                                      0.494     5.404 r  core_inst_gen[1].u_engine_core/u_iv_top/u_bs_datapath/div_stage[0].den_pipe_reg[1][4]_i_2__8/CO[3]
                         net (fo=1, routed)           0.000     5.404    core_inst_gen[1].u_engine_core/u_iv_top/u_bs_datapath/div_stage[0].den_pipe_reg[1][4]_i_2__8_n_0
    SLICE_X146Y195       CARRY4 (Prop_carry4_CI_CO[3])
                                                      0.100     5.504 r  core_inst_gen[1].u_engine_core/u_iv_top/u_bs_datapath/div_stage[0].den_pipe_reg[1][8]_i_2__8/CO[3]
                         net (fo=1, routed)           0.000     5.504    core_inst_gen[1].u_engine_core/u_iv_top/u_bs_datapath/div_stage[0].den_pipe_reg[1][8]_i_2__8_n_0
    SLICE_X146Y196       CARRY4 (Prop_carry4_CI_CO[3])
                                                      0.100     5.604 r  core_inst_gen[1].u_engine_core/u_iv_top/u_bs_datapath/div_stage[0].den_pipe_reg[1][12]_i_2__8/CO[3]
                         net (fo=1, routed)           0.000     5.604    core_inst_gen[1].u_engine_core/u_iv_top/u_bs_datapath/div_stage[0].den_pipe_reg[1][12]_i_2__8_n_0
    SLICE_X146Y197       CARRY4 (Prop_carry4_CI_CO[3])
                                                      0.100     5.704 r  core_inst_gen[1].u_engine_core/u_iv_top/u_bs_datapath/div_stage[0].den_pipe_reg[1][16]_i_2__8/CO[3]
                         net (fo=1, routed)           0.000     5.704    core_inst_gen[1].u_engine_core/u_iv_top/u_bs_datapath/div_stage[0].den_pipe_reg[1][16]_i_2__8_n_0
    SLICE_X146Y198       CARRY4 (Prop_carry4_CI_CO[3])
                                                      0.100     5.804 r  core_inst_gen[1].u_engine_core/u_iv_top/u_bs_datapath/div_stage[0].den_pipe_reg[1][20]_i_2__8/CO[3]
                         net (fo=1, routed)           0.000     5.804    core_inst_gen[1].u_engine_core/u_iv_top/u_bs_datapath/div_stage[0].den_pipe_reg[1][20]_i_2__8_n_0
    SLICE_X146Y199       CARRY4 (Prop_carry4_CI_CO[3])
                                                      0.100     5.904 r  core_inst_gen[1].u_engine_core/u_iv_top/u_bs_datapath/div_stage[0].den_pipe_reg[1][24]_i_2__8/CO[3]
                         net (fo=1, routed)           0.001     5.905    core_inst_gen[1].u_engine_core/u_iv_top/u_bs_datapath/div_stage[0].den_pipe_reg[1][24]_i_2__8_n_0
    SLICE_X146Y200       CARRY4 (Prop_carry4_CI_O[0])
                                                      0.178     6.083 f  core_inst_gen[1].u_engine_core/u_iv_top/u_bs_datapath/div_stage[0].den_pipe_reg[1][28]_i_2__8/O[0]
                         net (fo=3, routed)           0.606     6.688    core_inst_gen[1].u_engine_core/u_iv_top/u_bs_datapath/div_stage[0].den_pipe_reg[1][28]_i_2__8_n_7
    SLICE_X142Y202       LUT3 (Prop_lut3_I0_O)        0.238     6.926 f  core_inst_gen[1].u_engine_core/u_iv_top/u_bs_datapath/div_stage[29].quot_pipe_reg[30][29]_srl30_core_inst_gen_c_28_i_22__8/O
                         net (fo=2, routed)           0.506     7.432    core_inst_gen[1].u_engine_core/u_iv_top/u_bs_datapath/div_stage[29].quot_pipe_reg[30][29]_srl30_core_inst_gen_c_28_i_22__8_n_0
    SLICE_X148Y201       LUT6 (Prop_lut6_I2_O)        0.105     7.537 r  core_inst_gen[1].u_engine_core/u_iv_top/u_bs_datapath/div_stage[29].quot_pipe_reg[30][29]_srl30_core_inst_gen_c_28_i_6__8/O
                         net (fo=1, routed)           0.374     7.911    core_inst_gen[1].u_engine_core/u_iv_top/u_bs_datapath/div_stage[29].quot_pipe_reg[30][29]_srl30_core_inst_gen_c_28_i_6__8_n_0
    SLICE_X150Y203       CARRY4 (Prop_carry4_DI[0]_CO[3])
                                                      0.457     8.368 r  core_inst_gen[1].u_engine_core/u_iv_top/u_bs_datapath/div_stage[29].quot_pipe_reg[30][29]_srl30_core_inst_gen_c_28_i_1__8/CO[3]
                         net (fo=2, routed)           0.000     8.368    core_inst_gen[1].u_engine_core/u_iv_top/u_bs_datapath/O34
    SLICE_X150Y204       CARRY4 (Prop_carry4_CI_O[0])
                                                      0.178     8.546 f  core_inst_gen[1].u_engine_core/u_iv_top/u_bs_datapath/div_stage[0].num_pipe_reg[1][63]_i_3__8/O[0]
                         net (fo=34, routed)          0.700     9.246    core_inst_gen[1].u_engine_core/u_iv_top/u_bs_datapath/div_stage[0].num_pipe_reg[1][63]_i_3__8_n_7
    SLICE_X153Y200       LUT1 (Prop_lut1_I0_O)        0.238     9.484 r  core_inst_gen[1].u_engine_core/u_iv_top/u_bs_datapath/div_stage[0].num_pipe[1][34]_i_2__8/O
                         net (fo=1, routed)           0.632    10.116    core_inst_gen[1].u_engine_core/u_iv_top/u_bs_datapath/div_stage[0].num_pipe[1][34]_i_2__8_n_0
    SLICE_X149Y197       CARRY4 (Prop_carry4_CYINIT_CO[3])
                                                      0.480    10.596 r  core_inst_gen[1].u_engine_core/u_iv_top/u_bs_datapath/div_stage[0].num_pipe_reg[1][34]_i_1__8/CO[3]
                         net (fo=1, routed)           0.000    10.596    core_inst_gen[1].u_engine_core/u_iv_top/u_bs_datapath/div_stage[0].num_pipe_reg[1][34]_i_1__8_n_0
    SLICE_X149Y198       CARRY4 (Prop_carry4_CI_CO[3])
                                                      0.098    10.694 r  core_inst_gen[1].u_engine_core/u_iv_top/u_bs_datapath/div_stage[0].num_pipe_reg[1][38]_i_1__8/CO[3]
                         net (fo=1, routed)           0.000    10.694    core_inst_gen[1].u_engine_core/u_iv_top/u_bs_datapath/div_stage[0].num_pipe_reg[1][38]_i_1__8_n_0
    SLICE_X149Y199       CARRY4 (Prop_carry4_CI_CO[3])
                                                      0.098    10.792 r  core_inst_gen[1].u_engine_core/u_iv_top/u_bs_datapath/div_stage[0].num_pipe_reg[1][42]_i_1__8/CO[3]
                         net (fo=1, routed)           0.001    10.792    core_inst_gen[1].u_engine_core/u_iv_top/u_bs_datapath/div_stage[0].num_pipe_reg[1][42]_i_1__8_n_0
    SLICE_X149Y200       CARRY4 (Prop_carry4_CI_CO[3])
                                                      0.098    10.890 r  core_inst_gen[1].u_engine_core/u_iv_top/u_bs_datapath/div_stage[0].num_pipe_reg[1][46]_i_1__8/CO[3]
                         net (fo=1, routed)           0.000    10.890    core_inst_gen[1].u_engine_core/u_iv_top/u_bs_datapath/div_stage[0].num_pipe_reg[1][46]_i_1__8_n_0
    SLICE_X149Y201       CARRY4 (Prop_carry4_CI_CO[3])
                                                      0.098    10.988 r  core_inst_gen[1].u_engine_core/u_iv_top/u_bs_datapath/div_stage[0].num_pipe_reg[1][50]_i_1__8/CO[3]
                         net (fo=1, routed)           0.000    10.988    core_inst_gen[1].u_engine_core/u_iv_top/u_bs_datapath/div_stage[0].num_pipe_reg[1][50]_i_1__8_n_0
    SLICE_X149Y202       CARRY4 (Prop_carry4_CI_CO[3])
                                                      0.098    11.086 r  core_inst_gen[1].u_engine_core/u_iv_top/u_bs_datapath/div_stage[0].num_pipe_reg[1][54]_i_1__8/CO[3]
                         net (fo=1, routed)           0.000    11.086    core_inst_gen[1].u_engine_core/u_iv_top/u_bs_datapath/div_stage[0].num_pipe_reg[1][54]_i_1__8_n_0
    SLICE_X149Y203       CARRY4 (Prop_carry4_CI_CO[3])
                                                      0.098    11.184 r  core_inst_gen[1].u_engine_core/u_iv_top/u_bs_datapath/div_stage[0].num_pipe_reg[1][58]_i_1__8/CO[3]
                         net (fo=1, routed)           0.000    11.184    core_inst_gen[1].u_engine_core/u_iv_top/u_bs_datapath/div_stage[0].num_pipe_reg[1][58]_i_1__8_n_0
    SLICE_X149Y204       CARRY4 (Prop_carry4_CI_CO[3])
                                                      0.098    11.282 r  core_inst_gen[1].u_engine_core/u_iv_top/u_bs_datapath/div_stage[0].num_pipe_reg[1][62]_i_1__8/CO[3]
                         net (fo=1, routed)           0.000    11.282    core_inst_gen[1].u_engine_core/u_iv_top/u_bs_datapath/div_stage[0].num_pipe_reg[1][62]_i_1__8_n_0
    SLICE_X149Y205       CARRY4 (Prop_carry4_CI_O[0])
                                                      0.181    11.463 r  core_inst_gen[1].u_engine_core/u_iv_top/u_bs_datapath/div_stage[0].num_pipe_reg[1][63]_i_1__8/O[0]
                         net (fo=1, routed)           0.000    11.463    core_inst_gen[1].u_engine_core/u_iv_top/u_nr_divider/div_stage[0].num_pipe_reg[1][63]_0[39]
    SLICE_X149Y205       FDCE                                         r  core_inst_gen[1].u_engine_core/u_iv_top/u_nr_divider/div_stage[0].num_pipe_reg[1][63]/D
  -------------------------------------------------------------------    -------------------

                         (clock aclk rise edge)      10.000    10.000 r  
                                                      0.000    10.000 r  aclk (IN)
                         net (fo=144018, unset)       1.529    11.529    core_inst_gen[1].u_engine_core/u_iv_top/u_nr_divider/aclk
    SLICE_X149Y205       FDCE                                         r  core_inst_gen[1].u_engine_core/u_iv_top/u_nr_divider/div_stage[0].num_pipe_reg[1][63]/C
                         clock pessimism              0.006    11.535    
                         clock uncertainty           -0.035    11.500    
    SLICE_X149Y205       FDCE (Setup_fdce_C_D)        0.059    11.559    core_inst_gen[1].u_engine_core/u_iv_top/u_nr_divider/div_stage[0].num_pipe_reg[1][63]
  -------------------------------------------------------------------
                         required time                         11.559    
                         arrival time                         -11.463    
  -------------------------------------------------------------------
                         slack                                  0.095    

Slack (MET) :             0.095ns  (required time - arrival time)
  Source:                 core_inst_gen[0].u_engine_core/u_iv_top/u_bs_datapath/vega_out_reg[20]/C
                            (rising edge-triggered cell FDCE clocked by aclk  {rise@0.000ns fall@5.000ns period=10.000ns})
  Destination:            core_inst_gen[0].u_engine_core/u_iv_top/u_nr_divider/div_stage[0].num_pipe_reg[1][61]/D
                            (rising edge-triggered cell FDCE clocked by aclk  {rise@0.000ns fall@5.000ns period=10.000ns})
  Path Group:             aclk
  Path Type:              Setup (Max at Slow Process Corner)
  Requirement:            10.000ns  (aclk rise@10.000ns - aclk rise@0.000ns)
  Data Path Delay:        9.931ns  (logic 4.419ns (44.495%)  route 5.512ns (55.505%))
  Logic Levels:           22  (CARRY4=17 LUT1=1 LUT3=1 LUT6=3)
  Clock Path Skew:        -0.039ns (DCD - SCD + CPR)
    Destination Clock Delay (DCD):    1.307ns = ( 11.307 - 10.000 ) 
    Source Clock Delay      (SCD):    1.413ns
    Clock Pessimism Removal (CPR):    0.067ns
  Clock Uncertainty:      0.035ns  ((TSJ^2 + TIJ^2)^1/2 + DJ) / 2 + PE
    Total System Jitter     (TSJ):    0.071ns
    Total Input Jitter      (TIJ):    0.000ns
    Discrete Jitter          (DJ):    0.000ns
    Phase Error              (PE):    0.000ns

    Location             Delay type                Incr(ns)  Path(ns)    Netlist Resource(s)
  -------------------------------------------------------------------    -------------------
                         (clock aclk rise edge)       0.000     0.000 r  
                                                      0.000     0.000 r  aclk (IN)
                         net (fo=144018, unset)       1.413     1.413    core_inst_gen[0].u_engine_core/u_iv_top/u_bs_datapath/aclk
    SLICE_X119Y127       FDCE                                         r  core_inst_gen[0].u_engine_core/u_iv_top/u_bs_datapath/vega_out_reg[20]/C
  -------------------------------------------------------------------    -------------------
    SLICE_X119Y127       FDCE (Prop_fdce_C_Q)         0.379     1.792 r  core_inst_gen[0].u_engine_core/u_iv_top/u_bs_datapath/vega_out_reg[20]/Q
                         net (fo=6, routed)           0.832     2.624    core_inst_gen[0].u_engine_core/u_iv_top/u_bs_datapath/vega_out_w[20]
    SLICE_X121Y125       LUT6 (Prop_lut6_I2_O)        0.105     2.729 f  core_inst_gen[0].u_engine_core/u_iv_top/u_bs_datapath/div_stage[0].den_pipe[1][0]_i_7__1/O
                         net (fo=1, routed)           1.261     3.991    core_inst_gen[0].u_engine_core/u_iv_top/u_bs_datapath/div_stage[0].den_pipe[1][0]_i_7__1_n_0
    SLICE_X122Y123       LUT6 (Prop_lut6_I2_O)        0.105     4.096 r  core_inst_gen[0].u_engine_core/u_iv_top/u_bs_datapath/div_stage[0].den_pipe[1][0]_i_2__1_comp/O
                         net (fo=6, routed)           0.564     4.660    core_inst_gen[0].u_engine_core/u_iv_top/u_bs_datapath/div_stage[0].den_pipe[1][4]_i_3__3_n_0
    SLICE_X118Y125       CARRY4 (Prop_carry4_CYINIT_CO[3])
                                                      0.480     5.140 r  core_inst_gen[0].u_engine_core/u_iv_top/u_bs_datapath/div_stage[0].den_pipe_reg[1][4]_i_2__3/CO[3]
                         net (fo=1, routed)           0.000     5.140    core_inst_gen[0].u_engine_core/u_iv_top/u_bs_datapath/div_stage[0].den_pipe_reg[1][4]_i_2__3_n_0
    SLICE_X118Y126       CARRY4 (Prop_carry4_CI_CO[3])
                                                      0.098     5.238 r  core_inst_gen[0].u_engine_core/u_iv_top/u_bs_datapath/div_stage[0].den_pipe_reg[1][8]_i_2__3/CO[3]
                         net (fo=1, routed)           0.000     5.238    core_inst_gen[0].u_engine_core/u_iv_top/u_bs_datapath/div_stage[0].den_pipe_reg[1][8]_i_2__3_n_0
    SLICE_X118Y127       CARRY4 (Prop_carry4_CI_CO[3])
                                                      0.098     5.336 r  core_inst_gen[0].u_engine_core/u_iv_top/u_bs_datapath/div_stage[0].den_pipe_reg[1][12]_i_2__3/CO[3]
                         net (fo=1, routed)           0.000     5.336    core_inst_gen[0].u_engine_core/u_iv_top/u_bs_datapath/div_stage[0].den_pipe_reg[1][12]_i_2__3_n_0
    SLICE_X118Y128       CARRY4 (Prop_carry4_CI_CO[3])
                                                      0.098     5.434 r  core_inst_gen[0].u_engine_core/u_iv_top/u_bs_datapath/div_stage[0].den_pipe_reg[1][16]_i_2__3/CO[3]
                         net (fo=1, routed)           0.000     5.434    core_inst_gen[0].u_engine_core/u_iv_top/u_bs_datapath/div_stage[0].den_pipe_reg[1][16]_i_2__3_n_0
    SLICE_X118Y129       CARRY4 (Prop_carry4_CI_CO[3])
                                                      0.098     5.532 r  core_inst_gen[0].u_engine_core/u_iv_top/u_bs_datapath/div_stage[0].den_pipe_reg[1][20]_i_2__3/CO[3]
                         net (fo=1, routed)           0.000     5.532    core_inst_gen[0].u_engine_core/u_iv_top/u_bs_datapath/div_stage[0].den_pipe_reg[1][20]_i_2__3_n_0
    SLICE_X118Y130       CARRY4 (Prop_carry4_CI_CO[3])
                                                      0.098     5.630 r  core_inst_gen[0].u_engine_core/u_iv_top/u_bs_datapath/div_stage[0].den_pipe_reg[1][24]_i_2__3/CO[3]
                         net (fo=1, routed)           0.000     5.630    core_inst_gen[0].u_engine_core/u_iv_top/u_bs_datapath/div_stage[0].den_pipe_reg[1][24]_i_2__3_n_0
    SLICE_X118Y131       CARRY4 (Prop_carry4_CI_O[0])
                                                      0.180     5.810 f  core_inst_gen[0].u_engine_core/u_iv_top/u_bs_datapath/div_stage[0].den_pipe_reg[1][28]_i_2__3/O[0]
                         net (fo=3, routed)           0.583     6.393    core_inst_gen[0].u_engine_core/u_iv_top/u_bs_datapath/div_stage[0].den_pipe_reg[1][28]_i_2__3_n_7
    SLICE_X121Y127       LUT3 (Prop_lut3_I0_O)        0.254     6.647 f  core_inst_gen[0].u_engine_core/u_iv_top/u_bs_datapath/div_stage[29].quot_pipe_reg[30][29]_srl30_core_inst_gen_c_28_i_22__3/O
                         net (fo=2, routed)           0.580     7.227    core_inst_gen[0].u_engine_core/u_iv_top/u_bs_datapath/div_stage[29].quot_pipe_reg[30][29]_srl30_core_inst_gen_c_28_i_22__3_n_0
    SLICE_X121Y123       LUT6 (Prop_lut6_I2_O)        0.268     7.495 r  core_inst_gen[0].u_engine_core/u_iv_top/u_bs_datapath/div_stage[29].quot_pipe_reg[30][29]_srl30_core_inst_gen_c_28_i_6__3/O
                         net (fo=1, routed)           0.389     7.885    core_inst_gen[0].u_engine_core/u_iv_top/u_bs_datapath/div_stage[29].quot_pipe_reg[30][29]_srl30_core_inst_gen_c_28_i_6__3_n_0
    SLICE_X118Y123       CARRY4 (Prop_carry4_DI[0]_CO[3])
                                                      0.436     8.321 r  core_inst_gen[0].u_engine_core/u_iv_top/u_bs_datapath/div_stage[29].quot_pipe_reg[30][29]_srl30_core_inst_gen_c_28_i_1__3/CO[3]
                         net (fo=2, routed)           0.000     8.321    core_inst_gen[0].u_engine_core/u_iv_top/u_bs_datapath/O34
    SLICE_X118Y124       CARRY4 (Prop_carry4_CI_O[0])
                                                      0.180     8.501 f  core_inst_gen[0].u_engine_core/u_iv_top/u_bs_datapath/div_stage[0].num_pipe_reg[1][63]_i_3__3/O[0]
                         net (fo=34, routed)          0.602     9.103    core_inst_gen[0].u_engine_core/u_iv_top/u_bs_datapath/div_stage[0].num_pipe_reg[1][63]_i_3__3_n_7
    SLICE_X122Y125       LUT1 (Prop_lut1_I0_O)        0.249     9.352 r  core_inst_gen[0].u_engine_core/u_iv_top/u_bs_datapath/div_stage[0].num_pipe[1][34]_i_2__3/O
                         net (fo=1, routed)           0.692    10.043    core_inst_gen[0].u_engine_core/u_iv_top/u_bs_datapath/div_stage[0].num_pipe[1][34]_i_2__3_n_0
    SLICE_X120Y120       CARRY4 (Prop_carry4_CYINIT_CO[3])
                                                      0.494    10.537 r  core_inst_gen[0].u_engine_core/u_iv_top/u_bs_datapath/div_stage[0].num_pipe_reg[1][34]_i_1__3/CO[3]
                         net (fo=1, routed)           0.000    10.537    core_inst_gen[0].u_engine_core/u_iv_top/u_bs_datapath/div_stage[0].num_pipe_reg[1][34]_i_1__3_n_0
    SLICE_X120Y121       CARRY4 (Prop_carry4_CI_CO[3])
                                                      0.100    10.637 r  core_inst_gen[0].u_engine_core/u_iv_top/u_bs_datapath/div_stage[0].num_pipe_reg[1][38]_i_1__3/CO[3]
                         net (fo=1, routed)           0.000    10.637    core_inst_gen[0].u_engine_core/u_iv_top/u_bs_datapath/div_stage[0].num_pipe_reg[1][38]_i_1__3_n_0
    SLICE_X120Y122       CARRY4 (Prop_carry4_CI_CO[3])
                                                      0.100    10.737 r  core_inst_gen[0].u_engine_core/u_iv_top/u_bs_datapath/div_stage[0].num_pipe_reg[1][42]_i_1__3/CO[3]
                         net (fo=1, routed)           0.000    10.737    core_inst_gen[0].u_engine_core/u_iv_top/u_bs_datapath/div_stage[0].num_pipe_reg[1][42]_i_1__3_n_0
    SLICE_X120Y123       CARRY4 (Prop_carry4_CI_CO[3])
                                                      0.100    10.837 r  core_inst_gen[0].u_engine_core/u_iv_top/u_bs_datapath/div_stage[0].num_pipe_reg[1][46]_i_1__3/CO[3]
                         net (fo=1, routed)           0.000    10.837    core_inst_gen[0].u_engine_core/u_iv_top/u_bs_datapath/div_stage[0].num_pipe_reg[1][46]_i_1__3_n_0
    SLICE_X120Y124       CARRY4 (Prop_carry4_CI_CO[3])
                                                      0.100    10.937 r  core_inst_gen[0].u_engine_core/u_iv_top/u_bs_datapath/div_stage[0].num_pipe_reg[1][50]_i_1__3/CO[3]
                         net (fo=1, routed)           0.008    10.945    core_inst_gen[0].u_engine_core/u_iv_top/u_bs_datapath/div_stage[0].num_pipe_reg[1][50]_i_1__3_n_0
    SLICE_X120Y125       CARRY4 (Prop_carry4_CI_CO[3])
                                                      0.100    11.045 r  core_inst_gen[0].u_engine_core/u_iv_top/u_bs_datapath/div_stage[0].num_pipe_reg[1][54]_i_1__3/CO[3]
                         net (fo=1, routed)           0.000    11.045    core_inst_gen[0].u_engine_core/u_iv_top/u_bs_datapath/div_stage[0].num_pipe_reg[1][54]_i_1__3_n_0
    SLICE_X120Y126       CARRY4 (Prop_carry4_CI_CO[3])
                                                      0.100    11.145 r  core_inst_gen[0].u_engine_core/u_iv_top/u_bs_datapath/div_stage[0].num_pipe_reg[1][58]_i_1__3/CO[3]
                         net (fo=1, routed)           0.000    11.145    core_inst_gen[0].u_engine_core/u_iv_top/u_bs_datapath/div_stage[0].num_pipe_reg[1][58]_i_1__3_n_0
    SLICE_X120Y127       CARRY4 (Prop_carry4_CI_O[2])
                                                      0.199    11.344 r  core_inst_gen[0].u_engine_core/u_iv_top/u_bs_datapath/div_stage[0].num_pipe_reg[1][62]_i_1__3/O[2]
                         net (fo=1, routed)           0.000    11.344    core_inst_gen[0].u_engine_core/u_iv_top/u_nr_divider/div_stage[0].num_pipe_reg[1][63]_0[37]
    SLICE_X120Y127       FDCE                                         r  core_inst_gen[0].u_engine_core/u_iv_top/u_nr_divider/div_stage[0].num_pipe_reg[1][61]/D
  -------------------------------------------------------------------    -------------------

                         (clock aclk rise edge)      10.000    10.000 r  
                                                      0.000    10.000 r  aclk (IN)
                         net (fo=144018, unset)       1.307    11.307    core_inst_gen[0].u_engine_core/u_iv_top/u_nr_divider/aclk
    SLICE_X120Y127       FDCE                                         r  core_inst_gen[0].u_engine_core/u_iv_top/u_nr_divider/div_stage[0].num_pipe_reg[1][61]/C
                         clock pessimism              0.067    11.374    
                         clock uncertainty           -0.035    11.339    
    SLICE_X120Y127       FDCE (Setup_fdce_C_D)        0.101    11.440    core_inst_gen[0].u_engine_core/u_iv_top/u_nr_divider/div_stage[0].num_pipe_reg[1][61]
  -------------------------------------------------------------------
                         required time                         11.440    
                         arrival time                         -11.344    
  -------------------------------------------------------------------
                         slack                                  0.095    

Slack (MET) :             0.109ns  (required time - arrival time)
  Source:                 core_inst_gen[1].u_engine_core/u_iv_top/u_bs_datapath/vega_out_reg[19]/C
                            (rising edge-triggered cell FDCE clocked by aclk  {rise@0.000ns fall@5.000ns period=10.000ns})
  Destination:            core_inst_gen[1].u_engine_core/u_iv_top/u_nr_divider/div_stage[0].num_pipe_reg[1][60]/D
                            (rising edge-triggered cell FDCE clocked by aclk  {rise@0.000ns fall@5.000ns period=10.000ns})
  Path Group:             aclk
  Path Type:              Setup (Max at Slow Process Corner)
  Requirement:            10.000ns  (aclk rise@10.000ns - aclk rise@0.000ns)
  Data Path Delay:        9.982ns  (logic 4.521ns (45.289%)  route 5.461ns (54.711%))
  Logic Levels:           23  (CARRY4=17 LUT1=1 LUT2=1 LUT3=1 LUT6=3)
  Clock Path Skew:        0.068ns (DCD - SCD + CPR)
    Destination Clock Delay (DCD):    1.529ns = ( 11.529 - 10.000 ) 
    Source Clock Delay      (SCD):    1.467ns
    Clock Pessimism Removal (CPR):    0.006ns
  Clock Uncertainty:      0.035ns  ((TSJ^2 + TIJ^2)^1/2 + DJ) / 2 + PE
    Total System Jitter     (TSJ):    0.071ns
    Total Input Jitter      (TIJ):    0.000ns
    Discrete Jitter          (DJ):    0.000ns
    Phase Error              (PE):    0.000ns

    Location             Delay type                Incr(ns)  Path(ns)    Netlist Resource(s)
  -------------------------------------------------------------------    -------------------
                         (clock aclk rise edge)       0.000     0.000 r  
                                                      0.000     0.000 r  aclk (IN)
                         net (fo=144018, unset)       1.467     1.467    core_inst_gen[1].u_engine_core/u_iv_top/u_bs_datapath/aclk
    SLICE_X141Y199       FDCE                                         r  core_inst_gen[1].u_engine_core/u_iv_top/u_bs_datapath/vega_out_reg[19]/C
  -------------------------------------------------------------------    -------------------
    SLICE_X141Y199       FDCE (Prop_fdce_C_Q)         0.348     1.815 r  core_inst_gen[1].u_engine_core/u_iv_top/u_bs_datapath/vega_out_reg[19]/Q
                         net (fo=6, routed)           0.685     2.500    core_inst_gen[1].u_engine_core/u_iv_top/u_bs_datapath/vega_out_w[19]
    SLICE_X141Y198       LUT6 (Prop_lut6_I4_O)        0.242     2.742 f  core_inst_gen[1].u_engine_core/u_iv_top/u_bs_datapath/div_stage[0].den_pipe[1][0]_i_8__4/O
                         net (fo=1, routed)           0.996     3.738    core_inst_gen[1].u_engine_core/u_iv_top/u_bs_datapath/div_stage[0].den_pipe[1][0]_i_8__4_n_0
    SLICE_X145Y190       LUT6 (Prop_lut6_I5_O)        0.105     3.843 f  core_inst_gen[1].u_engine_core/u_iv_top/u_bs_datapath/div_stage[0].den_pipe[1][0]_i_3__4/O
                         net (fo=1, routed)           0.420     4.263    core_inst_gen[1].u_engine_core/u_iv_top/u_bs_datapath/div_stage[0].den_pipe[1][0]_i_3__4_n_0
    SLICE_X143Y196       LUT2 (Prop_lut2_I0_O)        0.105     4.368 r  core_inst_gen[1].u_engine_core/u_iv_top/u_bs_datapath/div_stage[0].den_pipe[1][0]_i_2__4/O
                         net (fo=6, routed)           0.541     4.910    core_inst_gen[1].u_engine_core/u_iv_top/u_bs_datapath/div_stage[0].den_pipe[1][4]_i_3__8_n_0
    SLICE_X146Y194       CARRY4 (Prop_carry4_CYINIT_CO[3])
                                                      0.494     5.404 r  core_inst_gen[1].u_engine_core/u_iv_top/u_bs_datapath/div_stage[0].den_pipe_reg[1][4]_i_2__8/CO[3]
                         net (fo=1, routed)           0.000     5.404    core_inst_gen[1].u_engine_core/u_iv_top/u_bs_datapath/div_stage[0].den_pipe_reg[1][4]_i_2__8_n_0
    SLICE_X146Y195       CARRY4 (Prop_carry4_CI_CO[3])
                                                      0.100     5.504 r  core_inst_gen[1].u_engine_core/u_iv_top/u_bs_datapath/div_stage[0].den_pipe_reg[1][8]_i_2__8/CO[3]
                         net (fo=1, routed)           0.000     5.504    core_inst_gen[1].u_engine_core/u_iv_top/u_bs_datapath/div_stage[0].den_pipe_reg[1][8]_i_2__8_n_0
    SLICE_X146Y196       CARRY4 (Prop_carry4_CI_CO[3])
                                                      0.100     5.604 r  core_inst_gen[1].u_engine_core/u_iv_top/u_bs_datapath/div_stage[0].den_pipe_reg[1][12]_i_2__8/CO[3]
                         net (fo=1, routed)           0.000     5.604    core_inst_gen[1].u_engine_core/u_iv_top/u_bs_datapath/div_stage[0].den_pipe_reg[1][12]_i_2__8_n_0
    SLICE_X146Y197       CARRY4 (Prop_carry4_CI_CO[3])
                                                      0.100     5.704 r  core_inst_gen[1].u_engine_core/u_iv_top/u_bs_datapath/div_stage[0].den_pipe_reg[1][16]_i_2__8/CO[3]
                         net (fo=1, routed)           0.000     5.704    core_inst_gen[1].u_engine_core/u_iv_top/u_bs_datapath/div_stage[0].den_pipe_reg[1][16]_i_2__8_n_0
    SLICE_X146Y198       CARRY4 (Prop_carry4_CI_CO[3])
                                                      0.100     5.804 r  core_inst_gen[1].u_engine_core/u_iv_top/u_bs_datapath/div_stage[0].den_pipe_reg[1][20]_i_2__8/CO[3]
                         net (fo=1, routed)           0.000     5.804    core_inst_gen[1].u_engine_core/u_iv_top/u_bs_datapath/div_stage[0].den_pipe_reg[1][20]_i_2__8_n_0
    SLICE_X146Y199       CARRY4 (Prop_carry4_CI_CO[3])
                                                      0.100     5.904 r  core_inst_gen[1].u_engine_core/u_iv_top/u_bs_datapath/div_stage[0].den_pipe_reg[1][24]_i_2__8/CO[3]
                         net (fo=1, routed)           0.001     5.905    core_inst_gen[1].u_engine_core/u_iv_top/u_bs_datapath/div_stage[0].den_pipe_reg[1][24]_i_2__8_n_0
    SLICE_X146Y200       CARRY4 (Prop_carry4_CI_O[0])
                                                      0.178     6.083 f  core_inst_gen[1].u_engine_core/u_iv_top/u_bs_datapath/div_stage[0].den_pipe_reg[1][28]_i_2__8/O[0]
                         net (fo=3, routed)           0.606     6.688    core_inst_gen[1].u_engine_core/u_iv_top/u_bs_datapath/div_stage[0].den_pipe_reg[1][28]_i_2__8_n_7
    SLICE_X142Y202       LUT3 (Prop_lut3_I0_O)        0.238     6.926 f  core_inst_gen[1].u_engine_core/u_iv_top/u_bs_datapath/div_stage[29].quot_pipe_reg[30][29]_srl30_core_inst_gen_c_28_i_22__8/O
                         net (fo=2, routed)           0.506     7.432    core_inst_gen[1].u_engine_core/u_iv_top/u_bs_datapath/div_stage[29].quot_pipe_reg[30][29]_srl30_core_inst_gen_c_28_i_22__8_n_0
    SLICE_X148Y201       LUT6 (Prop_lut6_I2_O)        0.105     7.537 r  core_inst_gen[1].u_engine_core/u_iv_top/u_bs_datapath/div_stage[29].quot_pipe_reg[30][29]_srl30_core_inst_gen_c_28_i_6__8/O
                         net (fo=1, routed)           0.374     7.911    core_inst_gen[1].u_engine_core/u_iv_top/u_bs_datapath/div_stage[29].quot_pipe_reg[30][29]_srl30_core_inst_gen_c_28_i_6__8_n_0
    SLICE_X150Y203       CARRY4 (Prop_carry4_DI[0]_CO[3])
                                                      0.457     8.368 r  core_inst_gen[1].u_engine_core/u_iv_top/u_bs_datapath/div_stage[29].quot_pipe_reg[30][29]_srl30_core_inst_gen_c_28_i_1__8/CO[3]
                         net (fo=2, routed)           0.000     8.368    core_inst_gen[1].u_engine_core/u_iv_top/u_bs_datapath/O34
    SLICE_X150Y204       CARRY4 (Prop_carry4_CI_O[0])
                                                      0.178     8.546 f  core_inst_gen[1].u_engine_core/u_iv_top/u_bs_datapath/div_stage[0].num_pipe_reg[1][63]_i_3__8/O[0]
                         net (fo=34, routed)          0.700     9.246    core_inst_gen[1].u_engine_core/u_iv_top/u_bs_datapath/div_stage[0].num_pipe_reg[1][63]_i_3__8_n_7
    SLICE_X153Y200       LUT1 (Prop_lut1_I0_O)        0.238     9.484 r  core_inst_gen[1].u_engine_core/u_iv_top/u_bs_datapath/div_stage[0].num_pipe[1][34]_i_2__8/O
                         net (fo=1, routed)           0.632    10.116    core_inst_gen[1].u_engine_core/u_iv_top/u_bs_datapath/div_stage[0].num_pipe[1][34]_i_2__8_n_0
    SLICE_X149Y197       CARRY4 (Prop_carry4_CYINIT_CO[3])
                                                      0.480    10.596 r  core_inst_gen[1].u_engine_core/u_iv_top/u_bs_datapath/div_stage[0].num_pipe_reg[1][34]_i_1__8/CO[3]
                         net (fo=1, routed)           0.000    10.596    core_inst_gen[1].u_engine_core/u_iv_top/u_bs_datapath/div_stage[0].num_pipe_reg[1][34]_i_1__8_n_0
    SLICE_X149Y198       CARRY4 (Prop_carry4_CI_CO[3])
                                                      0.098    10.694 r  core_inst_gen[1].u_engine_core/u_iv_top/u_bs_datapath/div_stage[0].num_pipe_reg[1][38]_i_1__8/CO[3]
                         net (fo=1, routed)           0.000    10.694    core_inst_gen[1].u_engine_core/u_iv_top/u_bs_datapath/div_stage[0].num_pipe_reg[1][38]_i_1__8_n_0
    SLICE_X149Y199       CARRY4 (Prop_carry4_CI_CO[3])
                                                      0.098    10.792 r  core_inst_gen[1].u_engine_core/u_iv_top/u_bs_datapath/div_stage[0].num_pipe_reg[1][42]_i_1__8/CO[3]
                         net (fo=1, routed)           0.001    10.792    core_inst_gen[1].u_engine_core/u_iv_top/u_bs_datapath/div_stage[0].num_pipe_reg[1][42]_i_1__8_n_0
    SLICE_X149Y200       CARRY4 (Prop_carry4_CI_CO[3])
                                                      0.098    10.890 r  core_inst_gen[1].u_engine_core/u_iv_top/u_bs_datapath/div_stage[0].num_pipe_reg[1][46]_i_1__8/CO[3]
                         net (fo=1, routed)           0.000    10.890    core_inst_gen[1].u_engine_core/u_iv_top/u_bs_datapath/div_stage[0].num_pipe_reg[1][46]_i_1__8_n_0
    SLICE_X149Y201       CARRY4 (Prop_carry4_CI_CO[3])
                                                      0.098    10.988 r  core_inst_gen[1].u_engine_core/u_iv_top/u_bs_datapath/div_stage[0].num_pipe_reg[1][50]_i_1__8/CO[3]
                         net (fo=1, routed)           0.000    10.988    core_inst_gen[1].u_engine_core/u_iv_top/u_bs_datapath/div_stage[0].num_pipe_reg[1][50]_i_1__8_n_0
    SLICE_X149Y202       CARRY4 (Prop_carry4_CI_CO[3])
                                                      0.098    11.086 r  core_inst_gen[1].u_engine_core/u_iv_top/u_bs_datapath/div_stage[0].num_pipe_reg[1][54]_i_1__8/CO[3]
                         net (fo=1, routed)           0.000    11.086    core_inst_gen[1].u_engine_core/u_iv_top/u_bs_datapath/div_stage[0].num_pipe_reg[1][54]_i_1__8_n_0
    SLICE_X149Y203       CARRY4 (Prop_carry4_CI_CO[3])
                                                      0.098    11.184 r  core_inst_gen[1].u_engine_core/u_iv_top/u_bs_datapath/div_stage[0].num_pipe_reg[1][58]_i_1__8/CO[3]
                         net (fo=1, routed)           0.000    11.184    core_inst_gen[1].u_engine_core/u_iv_top/u_bs_datapath/div_stage[0].num_pipe_reg[1][58]_i_1__8_n_0
    SLICE_X149Y204       CARRY4 (Prop_carry4_CI_O[1])
                                                      0.265    11.449 r  core_inst_gen[1].u_engine_core/u_iv_top/u_bs_datapath/div_stage[0].num_pipe_reg[1][62]_i_1__8/O[1]
                         net (fo=1, routed)           0.000    11.449    core_inst_gen[1].u_engine_core/u_iv_top/u_nr_divider/div_stage[0].num_pipe_reg[1][63]_0[36]
    SLICE_X149Y204       FDCE                                         r  core_inst_gen[1].u_engine_core/u_iv_top/u_nr_divider/div_stage[0].num_pipe_reg[1][60]/D
  -------------------------------------------------------------------    -------------------

                         (clock aclk rise edge)      10.000    10.000 r  
                                                      0.000    10.000 r  aclk (IN)
                         net (fo=144018, unset)       1.529    11.529    core_inst_gen[1].u_engine_core/u_iv_top/u_nr_divider/aclk
    SLICE_X149Y204       FDCE                                         r  core_inst_gen[1].u_engine_core/u_iv_top/u_nr_divider/div_stage[0].num_pipe_reg[1][60]/C
                         clock pessimism              0.006    11.535    
                         clock uncertainty           -0.035    11.500    
    SLICE_X149Y204       FDCE (Setup_fdce_C_D)        0.059    11.559    core_inst_gen[1].u_engine_core/u_iv_top/u_nr_divider/div_stage[0].num_pipe_reg[1][60]
  -------------------------------------------------------------------
                         required time                         11.559    
                         arrival time                         -11.449    
  -------------------------------------------------------------------
                         slack                                  0.109    

Slack (MET) :             0.114ns  (required time - arrival time)
  Source:                 core_inst_gen[1].u_engine_core/u_iv_top/u_bs_datapath/vega_out_reg[19]/C
                            (rising edge-triggered cell FDCE clocked by aclk  {rise@0.000ns fall@5.000ns period=10.000ns})
  Destination:            core_inst_gen[1].u_engine_core/u_iv_top/u_nr_divider/div_stage[0].num_pipe_reg[1][62]/D
                            (rising edge-triggered cell FDCE clocked by aclk  {rise@0.000ns fall@5.000ns period=10.000ns})
  Path Group:             aclk
  Path Type:              Setup (Max at Slow Process Corner)
  Requirement:            10.000ns  (aclk rise@10.000ns - aclk rise@0.000ns)
  Data Path Delay:        9.977ns  (logic 4.516ns (45.262%)  route 5.461ns (54.738%))
  Logic Levels:           23  (CARRY4=17 LUT1=1 LUT2=1 LUT3=1 LUT6=3)
  Clock Path Skew:        0.068ns (DCD - SCD + CPR)
    Destination Clock Delay (DCD):    1.529ns = ( 11.529 - 10.000 ) 
    Source Clock Delay      (SCD):    1.467ns
    Clock Pessimism Removal (CPR):    0.006ns
  Clock Uncertainty:      0.035ns  ((TSJ^2 + TIJ^2)^1/2 + DJ) / 2 + PE
    Total System Jitter     (TSJ):    0.071ns
    Total Input Jitter      (TIJ):    0.000ns
    Discrete Jitter          (DJ):    0.000ns
    Phase Error              (PE):    0.000ns

    Location             Delay type                Incr(ns)  Path(ns)    Netlist Resource(s)
  -------------------------------------------------------------------    -------------------
                         (clock aclk rise edge)       0.000     0.000 r  
                                                      0.000     0.000 r  aclk (IN)
                         net (fo=144018, unset)       1.467     1.467    core_inst_gen[1].u_engine_core/u_iv_top/u_bs_datapath/aclk
    SLICE_X141Y199       FDCE                                         r  core_inst_gen[1].u_engine_core/u_iv_top/u_bs_datapath/vega_out_reg[19]/C
  -------------------------------------------------------------------    -------------------
    SLICE_X141Y199       FDCE (Prop_fdce_C_Q)         0.348     1.815 r  core_inst_gen[1].u_engine_core/u_iv_top/u_bs_datapath/vega_out_reg[19]/Q
                         net (fo=6, routed)           0.685     2.500    core_inst_gen[1].u_engine_core/u_iv_top/u_bs_datapath/vega_out_w[19]
    SLICE_X141Y198       LUT6 (Prop_lut6_I4_O)        0.242     2.742 f  core_inst_gen[1].u_engine_core/u_iv_top/u_bs_datapath/div_stage[0].den_pipe[1][0]_i_8__4/O
                         net (fo=1, routed)           0.996     3.738    core_inst_gen[1].u_engine_core/u_iv_top/u_bs_datapath/div_stage[0].den_pipe[1][0]_i_8__4_n_0
    SLICE_X145Y190       LUT6 (Prop_lut6_I5_O)        0.105     3.843 f  core_inst_gen[1].u_engine_core/u_iv_top/u_bs_datapath/div_stage[0].den_pipe[1][0]_i_3__4/O
                         net (fo=1, routed)           0.420     4.263    core_inst_gen[1].u_engine_core/u_iv_top/u_bs_datapath/div_stage[0].den_pipe[1][0]_i_3__4_n_0
    SLICE_X143Y196       LUT2 (Prop_lut2_I0_O)        0.105     4.368 r  core_inst_gen[1].u_engine_core/u_iv_top/u_bs_datapath/div_stage[0].den_pipe[1][0]_i_2__4/O
                         net (fo=6, routed)           0.541     4.910    core_inst_gen[1].u_engine_core/u_iv_top/u_bs_datapath/div_stage[0].den_pipe[1][4]_i_3__8_n_0
    SLICE_X146Y194       CARRY4 (Prop_carry4_CYINIT_CO[3])
                                                      0.494     5.404 r  core_inst_gen[1].u_engine_core/u_iv_top/u_bs_datapath/div_stage[0].den_pipe_reg[1][4]_i_2__8/CO[3]
                         net (fo=1, routed)           0.000     5.404    core_inst_gen[1].u_engine_core/u_iv_top/u_bs_datapath/div_stage[0].den_pipe_reg[1][4]_i_2__8_n_0
    SLICE_X146Y195       CARRY4 (Prop_carry4_CI_CO[3])
                                                      0.100     5.504 r  core_inst_gen[1].u_engine_core/u_iv_top/u_bs_datapath/div_stage[0].den_pipe_reg[1][8]_i_2__8/CO[3]
                         net (fo=1, routed)           0.000     5.504    core_inst_gen[1].u_engine_core/u_iv_top/u_bs_datapath/div_stage[0].den_pipe_reg[1][8]_i_2__8_n_0
    SLICE_X146Y196       CARRY4 (Prop_carry4_CI_CO[3])
                                                      0.100     5.604 r  core_inst_gen[1].u_engine_core/u_iv_top/u_bs_datapath/div_stage[0].den_pipe_reg[1][12]_i_2__8/CO[3]
                         net (fo=1, routed)           0.000     5.604    core_inst_gen[1].u_engine_core/u_iv_top/u_bs_datapath/div_stage[0].den_pipe_reg[1][12]_i_2__8_n_0
    SLICE_X146Y197       CARRY4 (Prop_carry4_CI_CO[3])
                                                      0.100     5.704 r  core_inst_gen[1].u_engine_core/u_iv_top/u_bs_datapath/div_stage[0].den_pipe_reg[1][16]_i_2__8/CO[3]
                         net (fo=1, routed)           0.000     5.704    core_inst_gen[1].u_engine_core/u_iv_top/u_bs_datapath/div_stage[0].den_pipe_reg[1][16]_i_2__8_n_0
    SLICE_X146Y198       CARRY4 (Prop_carry4_CI_CO[3])
                                                      0.100     5.804 r  core_inst_gen[1].u_engine_core/u_iv_top/u_bs_datapath/div_stage[0].den_pipe_reg[1][20]_i_2__8/CO[3]
                         net (fo=1, routed)           0.000     5.804    core_inst_gen[1].u_engine_core/u_iv_top/u_bs_datapath/div_stage[0].den_pipe_reg[1][20]_i_2__8_n_0
    SLICE_X146Y199       CARRY4 (Prop_carry4_CI_CO[3])
                                                      0.100     5.904 r  core_inst_gen[1].u_engine_core/u_iv_top/u_bs_datapath/div_stage[0].den_pipe_reg[1][24]_i_2__8/CO[3]
                         net (fo=1, routed)           0.001     5.905    core_inst_gen[1].u_engine_core/u_iv_top/u_bs_datapath/div_stage[0].den_pipe_reg[1][24]_i_2__8_n_0
    SLICE_X146Y200       CARRY4 (Prop_carry4_CI_O[0])
                                                      0.178     6.083 f  core_inst_gen[1].u_engine_core/u_iv_top/u_bs_datapath/div_stage[0].den_pipe_reg[1][28]_i_2__8/O[0]
                         net (fo=3, routed)           0.606     6.688    core_inst_gen[1].u_engine_core/u_iv_top/u_bs_datapath/div_stage[0].den_pipe_reg[1][28]_i_2__8_n_7
    SLICE_X142Y202       LUT3 (Prop_lut3_I0_O)        0.238     6.926 f  core_inst_gen[1].u_engine_core/u_iv_top/u_bs_datapath/div_stage[29].quot_pipe_reg[30][29]_srl30_core_inst_gen_c_28_i_22__8/O
                         net (fo=2, routed)           0.506     7.432    core_inst_gen[1].u_engine_core/u_iv_top/u_bs_datapath/div_stage[29].quot_pipe_reg[30][29]_srl30_core_inst_gen_c_28_i_22__8_n_0
    SLICE_X148Y201       LUT6 (Prop_lut6_I2_O)        0.105     7.537 r  core_inst_gen[1].u_engine_core/u_iv_top/u_bs_datapath/div_stage[29].quot_pipe_reg[30][29]_srl30_core_inst_gen_c_28_i_6__8/O
                         net (fo=1, routed)           0.374     7.911    core_inst_gen[1].u_engine_core/u_iv_top/u_bs_datapath/div_stage[29].quot_pipe_reg[30][29]_srl30_core_inst_gen_c_28_i_6__8_n_0
    SLICE_X150Y203       CARRY4 (Prop_carry4_DI[0]_CO[3])
                                                      0.457     8.368 r  core_inst_gen[1].u_engine_core/u_iv_top/u_bs_datapath/div_stage[29].quot_pipe_reg[30][29]_srl30_core_inst_gen_c_28_i_1__8/CO[3]
                         net (fo=2, routed)           0.000     8.368    core_inst_gen[1].u_engine_core/u_iv_top/u_bs_datapath/O34
    SLICE_X150Y204       CARRY4 (Prop_carry4_CI_O[0])
                                                      0.178     8.546 f  core_inst_gen[1].u_engine_core/u_iv_top/u_bs_datapath/div_stage[0].num_pipe_reg[1][63]_i_3__8/O[0]
                         net (fo=34, routed)          0.700     9.246    core_inst_gen[1].u_engine_core/u_iv_top/u_bs_datapath/div_stage[0].num_pipe_reg[1][63]_i_3__8_n_7
    SLICE_X153Y200       LUT1 (Prop_lut1_I0_O)        0.238     9.484 r  core_inst_gen[1].u_engine_core/u_iv_top/u_bs_datapath/div_stage[0].num_pipe[1][34]_i_2__8/O
                         net (fo=1, routed)           0.632    10.116    core_inst_gen[1].u_engine_core/u_iv_top/u_bs_datapath/div_stage[0].num_pipe[1][34]_i_2__8_n_0
    SLICE_X149Y197       CARRY4 (Prop_carry4_CYINIT_CO[3])
                                                      0.480    10.596 r  core_inst_gen[1].u_engine_core/u_iv_top/u_bs_datapath/div_stage[0].num_pipe_reg[1][34]_i_1__8/CO[3]
                         net (fo=1, routed)           0.000    10.596    core_inst_gen[1].u_engine_core/u_iv_top/u_bs_datapath/div_stage[0].num_pipe_reg[1][34]_i_1__8_n_0
    SLICE_X149Y198       CARRY4 (Prop_carry4_CI_CO[3])
                                                      0.098    10.694 r  core_inst_gen[1].u_engine_core/u_iv_top/u_bs_datapath/div_stage[0].num_pipe_reg[1][38]_i_1__8/CO[3]
                         net (fo=1, routed)           0.000    10.694    core_inst_gen[1].u_engine_core/u_iv_top/u_bs_datapath/div_stage[0].num_pipe_reg[1][38]_i_1__8_n_0
    SLICE_X149Y199       CARRY4 (Prop_carry4_CI_CO[3])
                                                      0.098    10.792 r  core_inst_gen[1].u_engine_core/u_iv_top/u_bs_datapath/div_stage[0].num_pipe_reg[1][42]_i_1__8/CO[3]
                         net (fo=1, routed)           0.001    10.792    core_inst_gen[1].u_engine_core/u_iv_top/u_bs_datapath/div_stage[0].num_pipe_reg[1][42]_i_1__8_n_0
    SLICE_X149Y200       CARRY4 (Prop_carry4_CI_CO[3])
                                                      0.098    10.890 r  core_inst_gen[1].u_engine_core/u_iv_top/u_bs_datapath/div_stage[0].num_pipe_reg[1][46]_i_1__8/CO[3]
                         net (fo=1, routed)           0.000    10.890    core_inst_gen[1].u_engine_core/u_iv_top/u_bs_datapath/div_stage[0].num_pipe_reg[1][46]_i_1__8_n_0
    SLICE_X149Y201       CARRY4 (Prop_carry4_CI_CO[3])
                                                      0.098    10.988 r  core_inst_gen[1].u_engine_core/u_iv_top/u_bs_datapath/div_stage[0].num_pipe_reg[1][50]_i_1__8/CO[3]
                         net (fo=1, routed)           0.000    10.988    core_inst_gen[1].u_engine_core/u_iv_top/u_bs_datapath/div_stage[0].num_pipe_reg[1][50]_i_1__8_n_0
    SLICE_X149Y202       CARRY4 (Prop_carry4_CI_CO[3])
                                                      0.098    11.086 r  core_inst_gen[1].u_engine_core/u_iv_top/u_bs_datapath/div_stage[0].num_pipe_reg[1][54]_i_1__8/CO[3]
                         net (fo=1, routed)           0.000    11.086    core_inst_gen[1].u_engine_core/u_iv_top/u_bs_datapath/div_stage[0].num_pipe_reg[1][54]_i_1__8_n_0
    SLICE_X149Y203       CARRY4 (Prop_carry4_CI_CO[3])
                                                      0.098    11.184 r  core_inst_gen[1].u_engine_core/u_iv_top/u_bs_datapath/div_stage[0].num_pipe_reg[1][58]_i_1__8/CO[3]
                         net (fo=1, routed)           0.000    11.184    core_inst_gen[1].u_engine_core/u_iv_top/u_bs_datapath/div_stage[0].num_pipe_reg[1][58]_i_1__8_n_0
    SLICE_X149Y204       CARRY4 (Prop_carry4_CI_O[3])
                                                      0.260    11.444 r  core_inst_gen[1].u_engine_core/u_iv_top/u_bs_datapath/div_stage[0].num_pipe_reg[1][62]_i_1__8/O[3]
                         net (fo=1, routed)           0.000    11.444    core_inst_gen[1].u_engine_core/u_iv_top/u_nr_divider/div_stage[0].num_pipe_reg[1][63]_0[38]
    SLICE_X149Y204       FDCE                                         r  core_inst_gen[1].u_engine_core/u_iv_top/u_nr_divider/div_stage[0].num_pipe_reg[1][62]/D
  -------------------------------------------------------------------    -------------------

                         (clock aclk rise edge)      10.000    10.000 r  
                                                      0.000    10.000 r  aclk (IN)
                         net (fo=144018, unset)       1.529    11.529    core_inst_gen[1].u_engine_core/u_iv_top/u_nr_divider/aclk
    SLICE_X149Y204       FDCE                                         r  core_inst_gen[1].u_engine_core/u_iv_top/u_nr_divider/div_stage[0].num_pipe_reg[1][62]/C
                         clock pessimism              0.006    11.535    
                         clock uncertainty           -0.035    11.500    
    SLICE_X149Y204       FDCE (Setup_fdce_C_D)        0.059    11.559    core_inst_gen[1].u_engine_core/u_iv_top/u_nr_divider/div_stage[0].num_pipe_reg[1][62]
  -------------------------------------------------------------------
                         required time                         11.559    
                         arrival time                         -11.444    
  -------------------------------------------------------------------
                         slack                                  0.114    





Min Delay Paths
--------------------------------------------------------------------------------------
Slack (MET) :             0.027ns  (arrival time - required time)
  Source:                 core_inst_gen[3].u_engine_core/u_iv_top/u_bs_datapath/u_norm_d1/abs_x1b_reg[6]/C
                            (rising edge-triggered cell FDCE clocked by aclk  {rise@0.000ns fall@5.000ns period=10.000ns})
  Destination:            core_inst_gen[3].u_engine_core/u_iv_top/u_bs_datapath/u_norm_d1/abs_x1_reg[6]/D
                            (rising edge-triggered cell FDCE clocked by aclk  {rise@0.000ns fall@5.000ns period=10.000ns})
  Path Group:             aclk
  Path Type:              Hold (Min at Fast Process Corner)
  Requirement:            0.000ns  (aclk rise@0.000ns - aclk rise@0.000ns)
  Data Path Delay:        0.288ns  (logic 0.141ns (48.913%)  route 0.147ns (51.087%))
  Logic Levels:           0  
  Clock Path Skew:        0.195ns (DCD - SCD - CPR)
    Destination Clock Delay (DCD):    0.963ns
    Source Clock Delay      (SCD):    0.760ns
    Clock Pessimism Removal (CPR):    0.008ns

    Location             Delay type                Incr(ns)  Path(ns)    Netlist Resource(s)
  -------------------------------------------------------------------    -------------------
                         (clock aclk rise edge)       0.000     0.000 r  
                                                      0.000     0.000 r  aclk (IN)
                         net (fo=144018, unset)       0.760     0.760    core_inst_gen[3].u_engine_core/u_iv_top/u_bs_datapath/u_norm_d1/aclk
    SLICE_X32Y49         FDCE                                         r  core_inst_gen[3].u_engine_core/u_iv_top/u_bs_datapath/u_norm_d1/abs_x1b_reg[6]/C
  -------------------------------------------------------------------    -------------------
    SLICE_X32Y49         FDCE (Prop_fdce_C_Q)         0.141     0.901 r  core_inst_gen[3].u_engine_core/u_iv_top/u_bs_datapath/u_norm_d1/abs_x1b_reg[6]/Q
                         net (fo=1, routed)           0.147     1.048    core_inst_gen[3].u_engine_core/u_iv_top/u_bs_datapath/u_norm_d1/abs_x1b[6]
    SLICE_X32Y50         FDCE                                         r  core_inst_gen[3].u_engine_core/u_iv_top/u_bs_datapath/u_norm_d1/abs_x1_reg[6]/D
  -------------------------------------------------------------------    -------------------

                         (clock aclk rise edge)       0.000     0.000 r  
                                                      0.000     0.000 r  aclk (IN)
                         net (fo=144018, unset)       0.963     0.963    core_inst_gen[3].u_engine_core/u_iv_top/u_bs_datapath/u_norm_d1/aclk
    SLICE_X32Y50         FDCE                                         r  core_inst_gen[3].u_engine_core/u_iv_top/u_bs_datapath/u_norm_d1/abs_x1_reg[6]/C
                         clock pessimism             -0.008     0.955    
    SLICE_X32Y50         FDCE (Hold_fdce_C_D)         0.066     1.021    core_inst_gen[3].u_engine_core/u_iv_top/u_bs_datapath/u_norm_d1/abs_x1_reg[6]
  -------------------------------------------------------------------
                         required time                         -1.021    
                         arrival time                           1.048    
  -------------------------------------------------------------------
                         slack                                  0.027    

Slack (MET) :             0.045ns  (arrival time - required time)
  Source:                 core_inst_gen[3].u_engine_core/u_iv_top/u_bs_datapath/u_d1_divider/div_stage[24].num_pipe_reg[25][26]/C
                            (rising edge-triggered cell FDCE clocked by aclk  {rise@0.000ns fall@5.000ns period=10.000ns})
  Destination:            core_inst_gen[3].u_engine_core/u_iv_top/u_bs_datapath/u_d1_divider/div_stage[25].num_pipe_reg[26][26]/D
                            (rising edge-triggered cell FDCE clocked by aclk  {rise@0.000ns fall@5.000ns period=10.000ns})
  Path Group:             aclk
  Path Type:              Hold (Min at Fast Process Corner)
  Requirement:            0.000ns  (aclk rise@0.000ns - aclk rise@0.000ns)
  Data Path Delay:        0.347ns  (logic 0.190ns (54.799%)  route 0.157ns (45.201%))
  Logic Levels:           1  (LUT3=1)
  Clock Path Skew:        0.195ns (DCD - SCD - CPR)
    Destination Clock Delay (DCD):    0.963ns
    Source Clock Delay      (SCD):    0.760ns
    Clock Pessimism Removal (CPR):    0.008ns

    Location             Delay type                Incr(ns)  Path(ns)    Netlist Resource(s)
  -------------------------------------------------------------------    -------------------
                         (clock aclk rise edge)       0.000     0.000 r  
                                                      0.000     0.000 r  aclk (IN)
                         net (fo=144018, unset)       0.760     0.760    core_inst_gen[3].u_engine_core/u_iv_top/u_bs_datapath/u_d1_divider/aclk
    SLICE_X34Y49         FDCE                                         r  core_inst_gen[3].u_engine_core/u_iv_top/u_bs_datapath/u_d1_divider/div_stage[24].num_pipe_reg[25][26]/C
  -------------------------------------------------------------------    -------------------
    SLICE_X34Y49         FDCE (Prop_fdce_C_Q)         0.141     0.901 r  core_inst_gen[3].u_engine_core/u_iv_top/u_bs_datapath/u_d1_divider/div_stage[24].num_pipe_reg[25][26]/Q
                         net (fo=6, routed)           0.157     1.058    core_inst_gen[3].u_engine_core/u_iv_top/u_bs_datapath/u_d1_divider/div_stage[24].num_pipe_reg[25]_401[26]
    SLICE_X35Y50         LUT3 (Prop_lut3_I1_O)        0.049     1.107 r  core_inst_gen[3].u_engine_core/u_iv_top/u_bs_datapath/u_d1_divider/div_stage[25].num_pipe[26][26]_i_1__15/O
                         net (fo=1, routed)           0.000     1.107    core_inst_gen[3].u_engine_core/u_iv_top/u_bs_datapath/u_d1_divider/div_stage[25].num_pipe[26][26]_i_1__15_n_0
    SLICE_X35Y50         FDCE                                         r  core_inst_gen[3].u_engine_core/u_iv_top/u_bs_datapath/u_d1_divider/div_stage[25].num_pipe_reg[26][26]/D
  -------------------------------------------------------------------    -------------------

                         (clock aclk rise edge)       0.000     0.000 r  
                                                      0.000     0.000 r  aclk (IN)
                         net (fo=144018, unset)       0.963     0.963    core_inst_gen[3].u_engine_core/u_iv_top/u_bs_datapath/u_d1_divider/aclk
    SLICE_X35Y50         FDCE                                         r  core_inst_gen[3].u_engine_core/u_iv_top/u_bs_datapath/u_d1_divider/div_stage[25].num_pipe_reg[26][26]/C
                         clock pessimism             -0.008     0.955    
    SLICE_X35Y50         FDCE (Hold_fdce_C_D)         0.107     1.062    core_inst_gen[3].u_engine_core/u_iv_top/u_bs_datapath/u_d1_divider/div_stage[25].num_pipe_reg[26][26]
  -------------------------------------------------------------------
                         required time                         -1.062    
                         arrival time                           1.107    
  -------------------------------------------------------------------
                         slack                                  0.045    

Slack (MET) :             0.046ns  (arrival time - required time)
  Source:                 core_inst_gen[2].u_engine_core/u_iv_top/u_bs_datapath/u_ln_divider/div_stage[22].den_pipe_reg[23][6]/C
                            (rising edge-triggered cell FDCE clocked by aclk  {rise@0.000ns fall@5.000ns period=10.000ns})
  Destination:            core_inst_gen[2].u_engine_core/u_iv_top/u_bs_datapath/u_ln_divider/div_stage[23].den_pipe_reg[24][6]/D
                            (rising edge-triggered cell FDCE clocked by aclk  {rise@0.000ns fall@5.000ns period=10.000ns})
  Path Group:             aclk
  Path Type:              Hold (Min at Fast Process Corner)
  Requirement:            0.000ns  (aclk rise@0.000ns - aclk rise@0.000ns)
  Data Path Delay:        0.269ns  (logic 0.128ns (47.672%)  route 0.141ns (52.328%))
  Logic Levels:           0  
  Clock Path Skew:        0.198ns (DCD - SCD - CPR)
    Destination Clock Delay (DCD):    0.852ns
    Source Clock Delay      (SCD):    0.649ns
    Clock Pessimism Removal (CPR):    0.005ns

    Location             Delay type                Incr(ns)  Path(ns)    Netlist Resource(s)
  -------------------------------------------------------------------    -------------------
                         (clock aclk rise edge)       0.000     0.000 r  
                                                      0.000     0.000 r  aclk (IN)
                         net (fo=144018, unset)       0.649     0.649    core_inst_gen[2].u_engine_core/u_iv_top/u_bs_datapath/u_ln_divider/aclk
    SLICE_X95Y99         FDCE                                         r  core_inst_gen[2].u_engine_core/u_iv_top/u_bs_datapath/u_ln_divider/div_stage[22].den_pipe_reg[23][6]/C
  -------------------------------------------------------------------    -------------------
    SLICE_X95Y99         FDCE (Prop_fdce_C_Q)         0.128     0.777 r  core_inst_gen[2].u_engine_core/u_iv_top/u_bs_datapath/u_ln_divider/div_stage[22].den_pipe_reg[23][6]/Q
                         net (fo=6, routed)           0.141     0.918    core_inst_gen[2].u_engine_core/u_iv_top/u_bs_datapath/u_ln_divider/div_stage[22].den_pipe_reg[23]_333[6]
    SLICE_X95Y100        FDCE                                         r  core_inst_gen[2].u_engine_core/u_iv_top/u_bs_datapath/u_ln_divider/div_stage[23].den_pipe_reg[24][6]/D
  -------------------------------------------------------------------    -------------------

                         (clock aclk rise edge)       0.000     0.000 r  
                                                      0.000     0.000 r  aclk (IN)
                         net (fo=144018, unset)       0.852     0.852    core_inst_gen[2].u_engine_core/u_iv_top/u_bs_datapath/u_ln_divider/aclk
    SLICE_X95Y100        FDCE                                         r  core_inst_gen[2].u_engine_core/u_iv_top/u_bs_datapath/u_ln_divider/div_stage[23].den_pipe_reg[24][6]/C
                         clock pessimism             -0.005     0.847    
    SLICE_X95Y100        FDCE (Hold_fdce_C_D)         0.025     0.872    core_inst_gen[2].u_engine_core/u_iv_top/u_bs_datapath/u_ln_divider/div_stage[23].den_pipe_reg[24][6]
  -------------------------------------------------------------------
                         required time                         -0.872    
                         arrival time                           0.918    
  -------------------------------------------------------------------
                         slack                                  0.046    

Slack (MET) :             0.056ns  (arrival time - required time)
  Source:                 core_inst_gen[1].u_engine_core/u_iv_top/cordic_inst/cordic_pipeline[0].x_pipe_reg[1][20]/C
                            (rising edge-triggered cell FDCE clocked by aclk  {rise@0.000ns fall@5.000ns period=10.000ns})
  Destination:            core_inst_gen[1].u_engine_core/u_iv_top/cordic_inst/cordic_pipeline[1].x_pipe_reg[2][20]/D
                            (rising edge-triggered cell FDCE clocked by aclk  {rise@0.000ns fall@5.000ns period=10.000ns})
  Path Group:             aclk
  Path Type:              Hold (Min at Fast Process Corner)
  Requirement:            0.000ns  (aclk rise@0.000ns - aclk rise@0.000ns)
  Data Path Delay:        0.428ns  (logic 0.279ns (65.226%)  route 0.149ns (34.774%))
  Logic Levels:           2  (CARRY4=1 LUT5=1)
  Clock Path Skew:        0.267ns (DCD - SCD - CPR)
    Destination Clock Delay (DCD):    0.916ns
    Source Clock Delay      (SCD):    0.649ns
    Clock Pessimism Removal (CPR):    -0.000ns

    Location             Delay type                Incr(ns)  Path(ns)    Netlist Resource(s)
  -------------------------------------------------------------------    -------------------
                         (clock aclk rise edge)       0.000     0.000 r  
                                                      0.000     0.000 r  aclk (IN)
                         net (fo=144018, unset)       0.649     0.649    core_inst_gen[1].u_engine_core/u_iv_top/cordic_inst/aclk
    SLICE_X158Y149       FDCE                                         r  core_inst_gen[1].u_engine_core/u_iv_top/cordic_inst/cordic_pipeline[0].x_pipe_reg[1][20]/C
  -------------------------------------------------------------------    -------------------
    SLICE_X158Y149       FDCE (Prop_fdce_C_Q)         0.164     0.813 r  core_inst_gen[1].u_engine_core/u_iv_top/cordic_inst/cordic_pipeline[0].x_pipe_reg[1][20]/Q
                         net (fo=3, routed)           0.149     0.962    core_inst_gen[1].u_engine_core/u_iv_top/cordic_inst/cordic_pipeline[0].x_pipe_reg_n_0_[1][20]
    SLICE_X156Y150       LUT5 (Prop_lut5_I0_O)        0.045     1.007 r  core_inst_gen[1].u_engine_core/u_iv_top/cordic_inst/cordic_pipeline[1].x_pipe_reg[2]0_carry__4_i_4__0/O
                         net (fo=1, routed)           0.000     1.007    core_inst_gen[1].u_engine_core/u_iv_top/cordic_inst/cordic_pipeline[1].x_pipe_reg[2]0_carry__4_i_4__0_n_0
    SLICE_X156Y150       CARRY4 (Prop_carry4_S[0]_O[0])
                                                      0.070     1.077 r  core_inst_gen[1].u_engine_core/u_iv_top/cordic_inst/cordic_pipeline[1].x_pipe_reg[2]0_carry__4/O[0]
                         net (fo=1, routed)           0.000     1.077    core_inst_gen[1].u_engine_core/u_iv_top/cordic_inst/cordic_pipeline[1].x_pipe_reg[2]0_carry__4_n_7
    SLICE_X156Y150       FDCE                                         r  core_inst_gen[1].u_engine_core/u_iv_top/cordic_inst/cordic_pipeline[1].x_pipe_reg[2][20]/D
  -------------------------------------------------------------------    -------------------

                         (clock aclk rise edge)       0.000     0.000 r  
                                                      0.000     0.000 r  aclk (IN)
                         net (fo=144018, unset)       0.916     0.916    core_inst_gen[1].u_engine_core/u_iv_top/cordic_inst/aclk
    SLICE_X156Y150       FDCE                                         r  core_inst_gen[1].u_engine_core/u_iv_top/cordic_inst/cordic_pipeline[1].x_pipe_reg[2][20]/C
                         clock pessimism              0.000     0.916    
    SLICE_X156Y150       FDCE (Hold_fdce_C_D)         0.105     1.021    core_inst_gen[1].u_engine_core/u_iv_top/cordic_inst/cordic_pipeline[1].x_pipe_reg[2][20]
  -------------------------------------------------------------------
                         required time                         -1.021    
                         arrival time                           1.077    
  -------------------------------------------------------------------
                         slack                                  0.056    

Slack (MET) :             0.058ns  (arrival time - required time)
  Source:                 core_inst_gen[0].u_engine_core/u_iv_top/u_nr_divider/div_stage[28].den_pipe_reg[29][20]/C
                            (rising edge-triggered cell FDCE clocked by aclk  {rise@0.000ns fall@5.000ns period=10.000ns})
  Destination:            core_inst_gen[0].u_engine_core/u_iv_top/u_nr_divider/div_stage[29].den_pipe_reg[30][20]/D
                            (rising edge-triggered cell FDCE clocked by aclk  {rise@0.000ns fall@5.000ns period=10.000ns})
  Path Group:             aclk
  Path Type:              Hold (Min at Fast Process Corner)
  Requirement:            0.000ns  (aclk rise@0.000ns - aclk rise@0.000ns)
  Data Path Delay:        0.310ns  (logic 0.141ns (45.529%)  route 0.169ns (54.471%))
  Logic Levels:           0  
  Clock Path Skew:        0.199ns (DCD - SCD - CPR)
    Destination Clock Delay (DCD):    0.865ns
    Source Clock Delay      (SCD):    0.661ns
    Clock Pessimism Removal (CPR):    0.005ns

    Location             Delay type                Incr(ns)  Path(ns)    Netlist Resource(s)
  -------------------------------------------------------------------    -------------------
                         (clock aclk rise edge)       0.000     0.000 r  
                                                      0.000     0.000 r  aclk (IN)
                         net (fo=144018, unset)       0.661     0.661    core_inst_gen[0].u_engine_core/u_iv_top/u_nr_divider/aclk
    SLICE_X115Y99        FDCE                                         r  core_inst_gen[0].u_engine_core/u_iv_top/u_nr_divider/div_stage[28].den_pipe_reg[29][20]/C
  -------------------------------------------------------------------    -------------------
    SLICE_X115Y99        FDCE (Prop_fdce_C_Q)         0.141     0.802 r  core_inst_gen[0].u_engine_core/u_iv_top/u_nr_divider/div_stage[28].den_pipe_reg[29][20]/Q
                         net (fo=6, routed)           0.169     0.971    core_inst_gen[0].u_engine_core/u_iv_top/u_nr_divider/div_stage[28].den_pipe_reg[29]_722[20]
    SLICE_X112Y100       FDCE                                         r  core_inst_gen[0].u_engine_core/u_iv_top/u_nr_divider/div_stage[29].den_pipe_reg[30][20]/D
  -------------------------------------------------------------------    -------------------

                         (clock aclk rise edge)       0.000     0.000 r  
                                                      0.000     0.000 r  aclk (IN)
                         net (fo=144018, unset)       0.865     0.865    core_inst_gen[0].u_engine_core/u_iv_top/u_nr_divider/aclk
    SLICE_X112Y100       FDCE                                         r  core_inst_gen[0].u_engine_core/u_iv_top/u_nr_divider/div_stage[29].den_pipe_reg[30][20]/C
                         clock pessimism             -0.005     0.860    
    SLICE_X112Y100       FDCE (Hold_fdce_C_D)         0.053     0.913    core_inst_gen[0].u_engine_core/u_iv_top/u_nr_divider/div_stage[29].den_pipe_reg[30][20]
  -------------------------------------------------------------------
                         required time                         -0.913    
                         arrival time                           0.971    
  -------------------------------------------------------------------
                         slack                                  0.058    

Slack (MET) :             0.060ns  (arrival time - required time)
  Source:                 core_inst_gen[0].u_engine_core/u_iv_top/u_bs_datapath/u_norm_d1/phi_delay_gen[2].phi_delay_reg[3][21]/C
                            (rising edge-triggered cell FDCE clocked by aclk  {rise@0.000ns fall@5.000ns period=10.000ns})
  Destination:            core_inst_gen[0].u_engine_core/u_iv_top/u_bs_datapath/u_norm_d1/phi_delay_gen[3].phi_delay_reg[4][21]/D
                            (rising edge-triggered cell FDCE clocked by aclk  {rise@0.000ns fall@5.000ns period=10.000ns})
  Path Group:             aclk
  Path Type:              Hold (Min at Fast Process Corner)
  Requirement:            0.000ns  (aclk rise@0.000ns - aclk rise@0.000ns)
  Data Path Delay:        0.283ns  (logic 0.128ns (45.281%)  route 0.155ns (54.719%))
  Logic Levels:           0  
  Clock Path Skew:        0.201ns (DCD - SCD - CPR)
    Destination Clock Delay (DCD):    0.923ns
    Source Clock Delay      (SCD):    0.717ns
    Clock Pessimism Removal (CPR):    0.005ns

    Location             Delay type                Incr(ns)  Path(ns)    Netlist Resource(s)
  -------------------------------------------------------------------    -------------------
                         (clock aclk rise edge)       0.000     0.000 r  
                                                      0.000     0.000 r  aclk (IN)
                         net (fo=144018, unset)       0.717     0.717    core_inst_gen[0].u_engine_core/u_iv_top/u_bs_datapath/u_norm_d1/aclk
    SLICE_X163Y98        FDCE                                         r  core_inst_gen[0].u_engine_core/u_iv_top/u_bs_datapath/u_norm_d1/phi_delay_gen[2].phi_delay_reg[3][21]/C
  -------------------------------------------------------------------    -------------------
    SLICE_X163Y98        FDCE (Prop_fdce_C_Q)         0.128     0.845 r  core_inst_gen[0].u_engine_core/u_iv_top/u_bs_datapath/u_norm_d1/phi_delay_gen[2].phi_delay_reg[3][21]/Q
                         net (fo=1, routed)           0.155     1.000    core_inst_gen[0].u_engine_core/u_iv_top/u_bs_datapath/u_norm_d1/phi_delay_gen[2].phi_delay_reg[3]_509[21]
    SLICE_X161Y100       FDCE                                         r  core_inst_gen[0].u_engine_core/u_iv_top/u_bs_datapath/u_norm_d1/phi_delay_gen[3].phi_delay_reg[4][21]/D
  -------------------------------------------------------------------    -------------------

                         (clock aclk rise edge)       0.000     0.000 r  
                                                      0.000     0.000 r  aclk (IN)
                         net (fo=144018, unset)       0.923     0.923    core_inst_gen[0].u_engine_core/u_iv_top/u_bs_datapath/u_norm_d1/aclk
    SLICE_X161Y100       FDCE                                         r  core_inst_gen[0].u_engine_core/u_iv_top/u_bs_datapath/u_norm_d1/phi_delay_gen[3].phi_delay_reg[4][21]/C
                         clock pessimism             -0.005     0.918    
    SLICE_X161Y100       FDCE (Hold_fdce_C_D)         0.022     0.940    core_inst_gen[0].u_engine_core/u_iv_top/u_bs_datapath/u_norm_d1/phi_delay_gen[3].phi_delay_reg[4][21]
  -------------------------------------------------------------------
                         required time                         -0.940    
                         arrival time                           1.000    
  -------------------------------------------------------------------
                         slack                                  0.060    

Slack (MET) :             0.062ns  (arrival time - required time)
  Source:                 core_inst_gen[3].u_engine_core/u_iv_top/u_bs_datapath/u_d1_divider/div_stage[30].num_pipe_reg[31][60]/C
                            (rising edge-triggered cell FDCE clocked by aclk  {rise@0.000ns fall@5.000ns period=10.000ns})
  Destination:            core_inst_gen[3].u_engine_core/u_iv_top/u_bs_datapath/u_d1_divider/div_stage[31].quot_pipe_reg[32][0]/D
                            (rising edge-triggered cell FDCE clocked by aclk  {rise@0.000ns fall@5.000ns period=10.000ns})
  Path Group:             aclk
  Path Type:              Hold (Min at Fast Process Corner)
  Requirement:            0.000ns  (aclk rise@0.000ns - aclk rise@0.000ns)
  Data Path Delay:        0.433ns  (logic 0.286ns (66.080%)  route 0.147ns (33.920%))
  Logic Levels:           2  (CARRY4=1 LUT3=1)
  Clock Path Skew:        0.345ns (DCD - SCD - CPR)
    Destination Clock Delay (DCD):    1.042ns
    Source Clock Delay      (SCD):    0.689ns
    Clock Pessimism Removal (CPR):    0.008ns

    Location             Delay type                Incr(ns)  Path(ns)    Netlist Resource(s)
  -------------------------------------------------------------------    -------------------
                         (clock aclk rise edge)       0.000     0.000 r  
                                                      0.000     0.000 r  aclk (IN)
                         net (fo=144018, unset)       0.689     0.689    core_inst_gen[3].u_engine_core/u_iv_top/u_bs_datapath/u_d1_divider/aclk
    SLICE_X28Y50         FDCE                                         r  core_inst_gen[3].u_engine_core/u_iv_top/u_bs_datapath/u_d1_divider/div_stage[30].num_pipe_reg[31][60]/C
  -------------------------------------------------------------------    -------------------
    SLICE_X28Y50         FDCE (Prop_fdce_C_Q)         0.141     0.830 r  core_inst_gen[3].u_engine_core/u_iv_top/u_bs_datapath/u_d1_divider/div_stage[30].num_pipe_reg[31][60]/Q
                         net (fo=2, routed)           0.147     0.977    core_inst_gen[3].u_engine_core/u_iv_top/u_bs_datapath/u_d1_divider/div_stage[30].num_pipe_reg[31]_407[60]
    SLICE_X27Y49         LUT3 (Prop_lut3_I0_O)        0.051     1.028 r  core_inst_gen[3].u_engine_core/u_iv_top/u_bs_datapath/u_d1_divider/div_stage[31].quot_pipe[32][0]_i_4__15/O
                         net (fo=1, routed)           0.000     1.028    core_inst_gen[3].u_engine_core/u_iv_top/u_bs_datapath/u_d1_divider/div_stage[31].quot_pipe[32][0]_i_4__15_n_0
    SLICE_X27Y49         CARRY4 (Prop_carry4_DI[2]_CO[3])
                                                      0.094     1.122 r  core_inst_gen[3].u_engine_core/u_iv_top/u_bs_datapath/u_d1_divider/div_stage[31].quot_pipe_reg[32][0]_i_1__15/CO[3]
                         net (fo=1, routed)           0.000     1.122    core_inst_gen[3].u_engine_core/u_iv_top/u_bs_datapath/u_d1_divider/div_stage[31].quot_pipe_reg[32][0]_i_1__15_n_0
    SLICE_X27Y49         FDCE                                         r  core_inst_gen[3].u_engine_core/u_iv_top/u_bs_datapath/u_d1_divider/div_stage[31].quot_pipe_reg[32][0]/D
  -------------------------------------------------------------------    -------------------

                         (clock aclk rise edge)       0.000     0.000 r  
                                                      0.000     0.000 r  aclk (IN)
                         net (fo=144018, unset)       1.042     1.042    core_inst_gen[3].u_engine_core/u_iv_top/u_bs_datapath/u_d1_divider/aclk
    SLICE_X27Y49         FDCE                                         r  core_inst_gen[3].u_engine_core/u_iv_top/u_bs_datapath/u_d1_divider/div_stage[31].quot_pipe_reg[32][0]/C
                         clock pessimism             -0.008     1.034    
    SLICE_X27Y49         FDCE (Hold_fdce_C_D)         0.026     1.060    core_inst_gen[3].u_engine_core/u_iv_top/u_bs_datapath/u_d1_divider/div_stage[31].quot_pipe_reg[32][0]
  -------------------------------------------------------------------
                         required time                         -1.060    
                         arrival time                           1.122    
  -------------------------------------------------------------------
                         slack                                  0.062    

Slack (MET) :             0.063ns  (arrival time - required time)
  Source:                 core_inst_gen[2].u_engine_core/u_iv_top/u_bs_datapath/u_ln_divider/div_stage[18].den_pipe_reg[19][13]/C
                            (rising edge-triggered cell FDCE clocked by aclk  {rise@0.000ns fall@5.000ns period=10.000ns})
  Destination:            core_inst_gen[2].u_engine_core/u_iv_top/u_bs_datapath/u_ln_divider/div_stage[19].den_pipe_reg[20][13]/D
                            (rising edge-triggered cell FDCE clocked by aclk  {rise@0.000ns fall@5.000ns period=10.000ns})
  Path Group:             aclk
  Path Type:              Hold (Min at Fast Process Corner)
  Requirement:            0.000ns  (aclk rise@0.000ns - aclk rise@0.000ns)
  Data Path Delay:        0.350ns  (logic 0.128ns (36.573%)  route 0.222ns (63.427%))
  Logic Levels:           0  
  Clock Path Skew:        0.265ns (DCD - SCD - CPR)
    Destination Clock Delay (DCD):    0.907ns
    Source Clock Delay      (SCD):    0.634ns
    Clock Pessimism Removal (CPR):    0.008ns

    Location             Delay type                Incr(ns)  Path(ns)    Netlist Resource(s)
  -------------------------------------------------------------------    -------------------
                         (clock aclk rise edge)       0.000     0.000 r  
                                                      0.000     0.000 r  aclk (IN)
                         net (fo=144018, unset)       0.634     0.634    core_inst_gen[2].u_engine_core/u_iv_top/u_bs_datapath/u_ln_divider/aclk
    SLICE_X81Y95         FDCE                                         r  core_inst_gen[2].u_engine_core/u_iv_top/u_bs_datapath/u_ln_divider/div_stage[18].den_pipe_reg[19][13]/C
  -------------------------------------------------------------------    -------------------
    SLICE_X81Y95         FDCE (Prop_fdce_C_Q)         0.128     0.762 r  core_inst_gen[2].u_engine_core/u_iv_top/u_bs_datapath/u_ln_divider/div_stage[18].den_pipe_reg[19][13]/Q
                         net (fo=6, routed)           0.222     0.984    core_inst_gen[2].u_engine_core/u_iv_top/u_bs_datapath/u_ln_divider/div_stage[18].den_pipe_reg[19]_325[13]
    SLICE_X87Y94         FDCE                                         r  core_inst_gen[2].u_engine_core/u_iv_top/u_bs_datapath/u_ln_divider/div_stage[19].den_pipe_reg[20][13]/D
  -------------------------------------------------------------------    -------------------

                         (clock aclk rise edge)       0.000     0.000 r  
                                                      0.000     0.000 r  aclk (IN)
                         net (fo=144018, unset)       0.907     0.907    core_inst_gen[2].u_engine_core/u_iv_top/u_bs_datapath/u_ln_divider/aclk
    SLICE_X87Y94         FDCE                                         r  core_inst_gen[2].u_engine_core/u_iv_top/u_bs_datapath/u_ln_divider/div_stage[19].den_pipe_reg[20][13]/C
                         clock pessimism             -0.008     0.899    
    SLICE_X87Y94         FDCE (Hold_fdce_C_D)         0.022     0.921    core_inst_gen[2].u_engine_core/u_iv_top/u_bs_datapath/u_ln_divider/div_stage[19].den_pipe_reg[20][13]
  -------------------------------------------------------------------
                         required time                         -0.921    
                         arrival time                           0.984    
  -------------------------------------------------------------------
                         slack                                  0.063    

Slack (MET) :             0.063ns  (arrival time - required time)
  Source:                 core_inst_gen[3].u_engine_core/u_iv_top/u_bs_datapath/u_norm_d1/phi_delay_gen[27].phi_delay_reg[28][15]/C
                            (rising edge-triggered cell FDCE clocked by aclk  {rise@0.000ns fall@5.000ns period=10.000ns})
  Destination:            core_inst_gen[3].u_engine_core/u_iv_top/u_bs_datapath/u_norm_d1/phi3e_m_reg[15]_srl8_core_inst_gen_c_6/D
                            (rising edge-triggered cell SRL16E clocked by aclk  {rise@0.000ns fall@5.000ns period=10.000ns})
  Path Group:             aclk
  Path Type:              Hold (Min at Fast Process Corner)
  Requirement:            0.000ns  (aclk rise@0.000ns - aclk rise@0.000ns)
  Data Path Delay:        0.196ns  (logic 0.141ns (71.838%)  route 0.055ns (28.162%))
  Logic Levels:           0  
  Clock Path Skew:        0.016ns (DCD - SCD - CPR)
    Destination Clock Delay (DCD):    1.002ns
    Source Clock Delay      (SCD):    0.726ns
    Clock Pessimism Removal (CPR):    0.260ns

    Location             Delay type                Incr(ns)  Path(ns)    Netlist Resource(s)
  -------------------------------------------------------------------    -------------------
                         (clock aclk rise edge)       0.000     0.000 r  
                                                      0.000     0.000 r  aclk (IN)
                         net (fo=144018, unset)       0.726     0.726    core_inst_gen[3].u_engine_core/u_iv_top/u_bs_datapath/u_norm_d1/aclk
    SLICE_X3Y52          FDCE                                         r  core_inst_gen[3].u_engine_core/u_iv_top/u_bs_datapath/u_norm_d1/phi_delay_gen[27].phi_delay_reg[28][15]/C
  -------------------------------------------------------------------    -------------------
    SLICE_X3Y52          FDCE (Prop_fdce_C_Q)         0.141     0.867 r  core_inst_gen[3].u_engine_core/u_iv_top/u_bs_datapath/u_norm_d1/phi_delay_gen[27].phi_delay_reg[28][15]/Q
                         net (fo=1, routed)           0.055     0.922    core_inst_gen[3].u_engine_core/u_iv_top/u_bs_datapath/u_norm_d1/phi_delay_gen[27].phi_delay_reg[28]_500[15]
    SLICE_X2Y52          SRL16E                                       r  core_inst_gen[3].u_engine_core/u_iv_top/u_bs_datapath/u_norm_d1/phi3e_m_reg[15]_srl8_core_inst_gen_c_6/D
  -------------------------------------------------------------------    -------------------

                         (clock aclk rise edge)       0.000     0.000 r  
                                                      0.000     0.000 r  aclk (IN)
                         net (fo=144018, unset)       1.002     1.002    core_inst_gen[3].u_engine_core/u_iv_top/u_bs_datapath/u_norm_d1/aclk
    SLICE_X2Y52          SRL16E                                       r  core_inst_gen[3].u_engine_core/u_iv_top/u_bs_datapath/u_norm_d1/phi3e_m_reg[15]_srl8_core_inst_gen_c_6/CLK
                         clock pessimism             -0.260     0.742    
    SLICE_X2Y52          SRL16E (Hold_srl16e_CLK_D)
                                                      0.117     0.859    core_inst_gen[3].u_engine_core/u_iv_top/u_bs_datapath/u_norm_d1/phi3e_m_reg[15]_srl8_core_inst_gen_c_6
  -------------------------------------------------------------------
                         required time                         -0.859    
                         arrival time                           0.922    
  -------------------------------------------------------------------
                         slack                                  0.063    

Slack (MET) :             0.066ns  (arrival time - required time)
  Source:                 core_inst_gen[2].u_engine_core/u_iv_top/u_bs_datapath/u_norm_d2/meta_delay_gen[20].abs_x_delay_reg[21][15]/C
                            (rising edge-triggered cell FDCE clocked by aclk  {rise@0.000ns fall@5.000ns period=10.000ns})
  Destination:            core_inst_gen[2].u_engine_core/u_iv_top/u_bs_datapath/u_norm_d2/meta_delay_gen[21].abs_x_delay_reg[22][15]/D
                            (rising edge-triggered cell FDCE clocked by aclk  {rise@0.000ns fall@5.000ns period=10.000ns})
  Path Group:             aclk
  Path Type:              Hold (Min at Fast Process Corner)
  Requirement:            0.000ns  (aclk rise@0.000ns - aclk rise@0.000ns)
  Data Path Delay:        0.339ns  (logic 0.164ns (48.435%)  route 0.175ns (51.565%))
  Logic Levels:           0  
  Clock Path Skew:        0.197ns (DCD - SCD - CPR)
    Destination Clock Delay (DCD):    0.971ns
    Source Clock Delay      (SCD):    0.766ns
    Clock Pessimism Removal (CPR):    0.008ns

    Location             Delay type                Incr(ns)  Path(ns)    Netlist Resource(s)
  -------------------------------------------------------------------    -------------------
                         (clock aclk rise edge)       0.000     0.000 r  
                                                      0.000     0.000 r  aclk (IN)
                         net (fo=144018, unset)       0.766     0.766    core_inst_gen[2].u_engine_core/u_iv_top/u_bs_datapath/u_norm_d2/aclk
    SLICE_X16Y49         FDCE                                         r  core_inst_gen[2].u_engine_core/u_iv_top/u_bs_datapath/u_norm_d2/meta_delay_gen[20].abs_x_delay_reg[21][15]/C
  -------------------------------------------------------------------    -------------------
    SLICE_X16Y49         FDCE (Prop_fdce_C_Q)         0.164     0.930 r  core_inst_gen[2].u_engine_core/u_iv_top/u_bs_datapath/u_norm_d2/meta_delay_gen[20].abs_x_delay_reg[21][15]/Q
                         net (fo=1, routed)           0.175     1.105    core_inst_gen[2].u_engine_core/u_iv_top/u_bs_datapath/u_norm_d2/meta_delay_gen[20].abs_x_delay_reg[21]_639[15]
    SLICE_X16Y50         FDCE                                         r  core_inst_gen[2].u_engine_core/u_iv_top/u_bs_datapath/u_norm_d2/meta_delay_gen[21].abs_x_delay_reg[22][15]/D
  -------------------------------------------------------------------    -------------------

                         (clock aclk rise edge)       0.000     0.000 r  
                                                      0.000     0.000 r  aclk (IN)
                         net (fo=144018, unset)       0.971     0.971    core_inst_gen[2].u_engine_core/u_iv_top/u_bs_datapath/u_norm_d2/aclk
    SLICE_X16Y50         FDCE                                         r  core_inst_gen[2].u_engine_core/u_iv_top/u_bs_datapath/u_norm_d2/meta_delay_gen[21].abs_x_delay_reg[22][15]/C
                         clock pessimism             -0.008     0.963    
    SLICE_X16Y50         FDCE (Hold_fdce_C_D)         0.076     1.039    core_inst_gen[2].u_engine_core/u_iv_top/u_bs_datapath/u_norm_d2/meta_delay_gen[21].abs_x_delay_reg[22][15]
  -------------------------------------------------------------------
                         required time                         -1.039    
                         arrival time                           1.105    
  -------------------------------------------------------------------
                         slack                                  0.066    





Pulse Width Checks
--------------------------------------------------------------------------------------
Clock Name:         aclk
Waveform(ns):       { 0.000 5.000 }
Period(ns):         10.000
Sources:            { aclk }

Check Type        Corner  Lib Pin      Reference Pin  Required(ns)  Actual(ns)  Slack(ns)  Location        Pin
Min Period        n/a     DSP48E1/CLK  n/a            1.816         10.000      8.184      DSP48_X8Y40     core_inst_gen[0].u_engine_core/u_iv_top/u_bs_datapath/d1_den_2a1__0/CLK
Min Period        n/a     DSP48E1/CLK  n/a            1.816         10.000      8.184      DSP48_X7Y41     core_inst_gen[0].u_engine_core/u_iv_top/u_bs_datapath/d1_den_2a1__2/CLK
Min Period        n/a     DSP48E1/CLK  n/a            1.816         10.000      8.184      DSP48_X4Y48     core_inst_gen[0].u_engine_core/u_iv_top/u_bs_datapath/knd2_5a1__0/CLK
Min Period        n/a     DSP48E1/CLK  n/a            1.816         10.000      8.184      DSP48_X4Y46     core_inst_gen[0].u_engine_core/u_iv_top/u_bs_datapath/knd2_5a1__2/CLK
Min Period        n/a     DSP48E1/CLK  n/a            1.816         10.000      8.184      DSP48_X5Y45     core_inst_gen[0].u_engine_core/u_iv_top/u_bs_datapath/term1_5a1__0/CLK
Min Period        n/a     DSP48E1/CLK  n/a            1.816         10.000      8.184      DSP48_X5Y43     core_inst_gen[0].u_engine_core/u_iv_top/u_bs_datapath/term1_5a1__2/CLK
Min Period        n/a     DSP48E1/CLK  n/a            1.816         10.000      8.184      DSP48_X5Y49     core_inst_gen[0].u_engine_core/u_iv_top/u_bs_datapath/term2_5d1__0/CLK
Min Period        n/a     DSP48E1/CLK  n/a            1.816         10.000      8.184      DSP48_X5Y47     core_inst_gen[0].u_engine_core/u_iv_top/u_bs_datapath/term2_5d1__2/CLK
Min Period        n/a     DSP48E1/CLK  n/a            1.816         10.000      8.184      DSP48_X8Y31     core_inst_gen[0].u_engine_core/u_iv_top/u_bs_datapath/u_norm_d1/phi_2f1__0/CLK
Min Period        n/a     DSP48E1/CLK  n/a            1.816         10.000      8.184      DSP48_X7Y37     core_inst_gen[0].u_engine_core/u_iv_top/u_bs_datapath/u_norm_d1/phi_poly_4b1__0/CLK
Low Pulse Width   Slow    RAMD64E/CLK  n/a            1.130         5.000       3.870      SLICE_X136Y128  core_inst_gen[0].u_engine_core/u_iv_top/ctx_C_reg_0_63_0_2/RAMA/CLK
Low Pulse Width   Fast    RAMD64E/CLK  n/a            1.130         5.000       3.870      SLICE_X136Y128  core_inst_gen[0].u_engine_core/u_iv_top/ctx_C_reg_0_63_0_2/RAMA/CLK
Low Pulse Width   Slow    RAMD64E/CLK  n/a            1.130         5.000       3.870      SLICE_X136Y128  core_inst_gen[0].u_engine_core/u_iv_top/ctx_C_reg_0_63_0_2/RAMB/CLK
Low Pulse Width   Fast    RAMD64E/CLK  n/a            1.130         5.000       3.870      SLICE_X136Y128  core_inst_gen[0].u_engine_core/u_iv_top/ctx_C_reg_0_63_0_2/RAMB/CLK
Low Pulse Width   Slow    RAMD64E/CLK  n/a            1.130         5.000       3.870      SLICE_X136Y128  core_inst_gen[0].u_engine_core/u_iv_top/ctx_C_reg_0_63_0_2/RAMC/CLK
Low Pulse Width   Fast    RAMD64E/CLK  n/a            1.130         5.000       3.870      SLICE_X136Y128  core_inst_gen[0].u_engine_core/u_iv_top/ctx_C_reg_0_63_0_2/RAMC/CLK
Low Pulse Width   Slow    RAMD64E/CLK  n/a            1.130         5.000       3.870      SLICE_X136Y128  core_inst_gen[0].u_engine_core/u_iv_top/ctx_C_reg_0_63_0_2/RAMD/CLK
Low Pulse Width   Fast    RAMD64E/CLK  n/a            1.130         5.000       3.870      SLICE_X136Y128  core_inst_gen[0].u_engine_core/u_iv_top/ctx_C_reg_0_63_0_2/RAMD/CLK
Low Pulse Width   Slow    RAMD64E/CLK  n/a            1.130         5.000       3.870      SLICE_X124Y119  core_inst_gen[0].u_engine_core/u_iv_top/ctx_C_reg_0_63_12_14/RAMA/CLK
Low Pulse Width   Fast    RAMD64E/CLK  n/a            1.130         5.000       3.870      SLICE_X124Y119  core_inst_gen[0].u_engine_core/u_iv_top/ctx_C_reg_0_63_12_14/RAMA/CLK
High Pulse Width  Slow    RAMD64E/CLK  n/a            1.130         5.000       3.870      SLICE_X136Y128  core_inst_gen[0].u_engine_core/u_iv_top/ctx_C_reg_0_63_0_2/RAMA/CLK
High Pulse Width  Fast    RAMD64E/CLK  n/a            1.130         5.000       3.870      SLICE_X136Y128  core_inst_gen[0].u_engine_core/u_iv_top/ctx_C_reg_0_63_0_2/RAMA/CLK
High Pulse Width  Slow    RAMD64E/CLK  n/a            1.130         5.000       3.870      SLICE_X136Y128  core_inst_gen[0].u_engine_core/u_iv_top/ctx_C_reg_0_63_0_2/RAMB/CLK
High Pulse Width  Fast    RAMD64E/CLK  n/a            1.130         5.000       3.870      SLICE_X136Y128  core_inst_gen[0].u_engine_core/u_iv_top/ctx_C_reg_0_63_0_2/RAMB/CLK
High Pulse Width  Slow    RAMD64E/CLK  n/a            1.130         5.000       3.870      SLICE_X136Y128  core_inst_gen[0].u_engine_core/u_iv_top/ctx_C_reg_0_63_0_2/RAMC/CLK
High Pulse Width  Fast    RAMD64E/CLK  n/a            1.130         5.000       3.870      SLICE_X136Y128  core_inst_gen[0].u_engine_core/u_iv_top/ctx_C_reg_0_63_0_2/RAMC/CLK
High Pulse Width  Slow    RAMD64E/CLK  n/a            1.130         5.000       3.870      SLICE_X136Y128  core_inst_gen[0].u_engine_core/u_iv_top/ctx_C_reg_0_63_0_2/RAMD/CLK
High Pulse Width  Fast    RAMD64E/CLK  n/a            1.130         5.000       3.870      SLICE_X136Y128  core_inst_gen[0].u_engine_core/u_iv_top/ctx_C_reg_0_63_0_2/RAMD/CLK
High Pulse Width  Slow    RAMD64E/CLK  n/a            1.130         5.000       3.870      SLICE_X124Y119  core_inst_gen[0].u_engine_core/u_iv_top/ctx_C_reg_0_63_12_14/RAMA/CLK
High Pulse Width  Fast    RAMD64E/CLK  n/a            1.130         5.000       3.870      SLICE_X124Y119  core_inst_gen[0].u_engine_core/u_iv_top/ctx_C_reg_0_63_12_14/RAMA/CLK



--------------------------------------------------------------------------------------
Path Group:  (none)
From Clock:  
  To Clock:  aclk

Max Delay        134495 Endpoints
Min Delay        134495 Endpoints
--------------------------------------------------------------------------------------


Max Delay Paths
--------------------------------------------------------------------------------------
Slack:                    inf
  Source:                 aresetn
                            (input port)
  Destination:            core_inst_gen[2].u_engine_core/fifo_mem_reg[25][11]/CE
                            (rising edge-triggered cell FDRE clocked by aclk  {rise@0.000ns fall@5.000ns period=10.000ns})
  Path Group:             (none)
  Path Type:              Setup (Max at Slow Process Corner)
  Data Path Delay:        7.753ns  (logic 0.375ns (4.837%)  route 7.378ns (95.163%))
  Logic Levels:           2  (LUT5=1 LUT6=1)
  Clock Path Skew:        1.391ns (DCD - SCD + CPR)
    Destination Clock Delay (DCD):    1.391ns
    Source Clock Delay      (SCD):    0.000ns
    Clock Pessimism Removal (CPR):    0.000ns
  Clock Uncertainty:      0.025ns  ((TSJ^2 + TIJ^2)^1/2 + DJ) / 2 + PE
    Total System Jitter     (TSJ):    0.050ns
    Total Input Jitter      (TIJ):    0.000ns
    Discrete Jitter          (DJ):    0.000ns
    Phase Error              (PE):    0.000ns
  Timing Exception:       False Path

    Location             Delay type                Incr(ns)  Path(ns)    Netlist Resource(s)
  -------------------------------------------------------------------    -------------------
                                                      0.000     0.000 r  aresetn (IN)
                         net (fo=16, unset)           0.787     0.787    core_inst_gen[2].u_engine_core/u_iv_top/u_arb_fsm/aresetn
    SLICE_X99Y173        LUT5 (Prop_lut5_I4_O)        0.108     0.895 r  core_inst_gen[2].u_engine_core/u_iv_top/u_arb_fsm/fifo_mem[63][37]_i_3__0/O
                         net (fo=64, routed)          1.587     2.482    core_inst_gen[2].u_engine_core/u_iv_top/u_arb_fsm/fifo_mem[63][37]_i_3__0_n_0
    SLICE_X95Y193        LUT6 (Prop_lut6_I5_O)        0.267     2.749 r  core_inst_gen[2].u_engine_core/u_iv_top/u_arb_fsm/fifo_mem[25][37]_i_1__1/O
                         net (fo=38, routed)          5.004     7.753    core_inst_gen[2].u_engine_core/u_iv_top_n_213
    SLICE_X13Y109        FDRE                                         r  core_inst_gen[2].u_engine_core/fifo_mem_reg[25][11]/CE
  -------------------------------------------------------------------    -------------------

                         (clock aclk rise edge)       0.000     0.000 r  
                                                      0.000     0.000 r  aclk (IN)
                         net (fo=144018, unset)       1.391     1.391    core_inst_gen[2].u_engine_core/aclk
    SLICE_X13Y109        FDRE                                         r  core_inst_gen[2].u_engine_core/fifo_mem_reg[25][11]/C

Slack:                    inf
  Source:                 aresetn
                            (input port)
  Destination:            core_inst_gen[2].u_engine_core/fifo_mem_reg[25][22]/CE
                            (rising edge-triggered cell FDRE clocked by aclk  {rise@0.000ns fall@5.000ns period=10.000ns})
  Path Group:             (none)
  Path Type:              Setup (Max at Slow Process Corner)
  Data Path Delay:        7.753ns  (logic 0.375ns (4.837%)  route 7.378ns (95.163%))
  Logic Levels:           2  (LUT5=1 LUT6=1)
  Clock Path Skew:        1.391ns (DCD - SCD + CPR)
    Destination Clock Delay (DCD):    1.391ns
    Source Clock Delay      (SCD):    0.000ns
    Clock Pessimism Removal (CPR):    0.000ns
  Clock Uncertainty:      0.025ns  ((TSJ^2 + TIJ^2)^1/2 + DJ) / 2 + PE
    Total System Jitter     (TSJ):    0.050ns
    Total Input Jitter      (TIJ):    0.000ns
    Discrete Jitter          (DJ):    0.000ns
    Phase Error              (PE):    0.000ns
  Timing Exception:       False Path

    Location             Delay type                Incr(ns)  Path(ns)    Netlist Resource(s)
  -------------------------------------------------------------------    -------------------
                                                      0.000     0.000 r  aresetn (IN)
                         net (fo=16, unset)           0.787     0.787    core_inst_gen[2].u_engine_core/u_iv_top/u_arb_fsm/aresetn
    SLICE_X99Y173        LUT5 (Prop_lut5_I4_O)        0.108     0.895 r  core_inst_gen[2].u_engine_core/u_iv_top/u_arb_fsm/fifo_mem[63][37]_i_3__0/O
                         net (fo=64, routed)          1.587     2.482    core_inst_gen[2].u_engine_core/u_iv_top/u_arb_fsm/fifo_mem[63][37]_i_3__0_n_0
    SLICE_X95Y193        LUT6 (Prop_lut6_I5_O)        0.267     2.749 r  core_inst_gen[2].u_engine_core/u_iv_top/u_arb_fsm/fifo_mem[25][37]_i_1__1/O
                         net (fo=38, routed)          5.004     7.753    core_inst_gen[2].u_engine_core/u_iv_top_n_213
    SLICE_X13Y109        FDRE                                         r  core_inst_gen[2].u_engine_core/fifo_mem_reg[25][22]/CE
  -------------------------------------------------------------------    -------------------

                         (clock aclk rise edge)       0.000     0.000 r  
                                                      0.000     0.000 r  aclk (IN)
                         net (fo=144018, unset)       1.391     1.391    core_inst_gen[2].u_engine_core/aclk
    SLICE_X13Y109        FDRE                                         r  core_inst_gen[2].u_engine_core/fifo_mem_reg[25][22]/C

Slack:                    inf
  Source:                 aresetn
                            (input port)
  Destination:            core_inst_gen[2].u_engine_core/fifo_mem_reg[25][37]/CE
                            (rising edge-triggered cell FDRE clocked by aclk  {rise@0.000ns fall@5.000ns period=10.000ns})
  Path Group:             (none)
  Path Type:              Setup (Max at Slow Process Corner)
  Data Path Delay:        7.753ns  (logic 0.375ns (4.837%)  route 7.378ns (95.163%))
  Logic Levels:           2  (LUT5=1 LUT6=1)
  Clock Path Skew:        1.391ns (DCD - SCD + CPR)
    Destination Clock Delay (DCD):    1.391ns
    Source Clock Delay      (SCD):    0.000ns
    Clock Pessimism Removal (CPR):    0.000ns
  Clock Uncertainty:      0.025ns  ((TSJ^2 + TIJ^2)^1/2 + DJ) / 2 + PE
    Total System Jitter     (TSJ):    0.050ns
    Total Input Jitter      (TIJ):    0.000ns
    Discrete Jitter          (DJ):    0.000ns
    Phase Error              (PE):    0.000ns
  Timing Exception:       False Path

    Location             Delay type                Incr(ns)  Path(ns)    Netlist Resource(s)
  -------------------------------------------------------------------    -------------------
                                                      0.000     0.000 r  aresetn (IN)
                         net (fo=16, unset)           0.787     0.787    core_inst_gen[2].u_engine_core/u_iv_top/u_arb_fsm/aresetn
    SLICE_X99Y173        LUT5 (Prop_lut5_I4_O)        0.108     0.895 r  core_inst_gen[2].u_engine_core/u_iv_top/u_arb_fsm/fifo_mem[63][37]_i_3__0/O
                         net (fo=64, routed)          1.587     2.482    core_inst_gen[2].u_engine_core/u_iv_top/u_arb_fsm/fifo_mem[63][37]_i_3__0_n_0
    SLICE_X95Y193        LUT6 (Prop_lut6_I5_O)        0.267     2.749 r  core_inst_gen[2].u_engine_core/u_iv_top/u_arb_fsm/fifo_mem[25][37]_i_1__1/O
                         net (fo=38, routed)          5.004     7.753    core_inst_gen[2].u_engine_core/u_iv_top_n_213
    SLICE_X13Y109        FDRE                                         r  core_inst_gen[2].u_engine_core/fifo_mem_reg[25][37]/CE
  -------------------------------------------------------------------    -------------------

                         (clock aclk rise edge)       0.000     0.000 r  
                                                      0.000     0.000 r  aclk (IN)
                         net (fo=144018, unset)       1.391     1.391    core_inst_gen[2].u_engine_core/aclk
    SLICE_X13Y109        FDRE                                         r  core_inst_gen[2].u_engine_core/fifo_mem_reg[25][37]/C

Slack:                    inf
  Source:                 aresetn
                            (input port)
  Destination:            core_inst_gen[2].u_engine_core/fifo_mem_reg[25][4]/CE
                            (rising edge-triggered cell FDRE clocked by aclk  {rise@0.000ns fall@5.000ns period=10.000ns})
  Path Group:             (none)
  Path Type:              Setup (Max at Slow Process Corner)
  Data Path Delay:        7.753ns  (logic 0.375ns (4.837%)  route 7.378ns (95.163%))
  Logic Levels:           2  (LUT5=1 LUT6=1)
  Clock Path Skew:        1.391ns (DCD - SCD + CPR)
    Destination Clock Delay (DCD):    1.391ns
    Source Clock Delay      (SCD):    0.000ns
    Clock Pessimism Removal (CPR):    0.000ns
  Clock Uncertainty:      0.025ns  ((TSJ^2 + TIJ^2)^1/2 + DJ) / 2 + PE
    Total System Jitter     (TSJ):    0.050ns
    Total Input Jitter      (TIJ):    0.000ns
    Discrete Jitter          (DJ):    0.000ns
    Phase Error              (PE):    0.000ns
  Timing Exception:       False Path

    Location             Delay type                Incr(ns)  Path(ns)    Netlist Resource(s)
  -------------------------------------------------------------------    -------------------
                                                      0.000     0.000 r  aresetn (IN)
                         net (fo=16, unset)           0.787     0.787    core_inst_gen[2].u_engine_core/u_iv_top/u_arb_fsm/aresetn
    SLICE_X99Y173        LUT5 (Prop_lut5_I4_O)        0.108     0.895 r  core_inst_gen[2].u_engine_core/u_iv_top/u_arb_fsm/fifo_mem[63][37]_i_3__0/O
                         net (fo=64, routed)          1.587     2.482    core_inst_gen[2].u_engine_core/u_iv_top/u_arb_fsm/fifo_mem[63][37]_i_3__0_n_0
    SLICE_X95Y193        LUT6 (Prop_lut6_I5_O)        0.267     2.749 r  core_inst_gen[2].u_engine_core/u_iv_top/u_arb_fsm/fifo_mem[25][37]_i_1__1/O
                         net (fo=38, routed)          5.004     7.753    core_inst_gen[2].u_engine_core/u_iv_top_n_213
    SLICE_X13Y109        FDRE                                         r  core_inst_gen[2].u_engine_core/fifo_mem_reg[25][4]/CE
  -------------------------------------------------------------------    -------------------

                         (clock aclk rise edge)       0.000     0.000 r  
                                                      0.000     0.000 r  aclk (IN)
                         net (fo=144018, unset)       1.391     1.391    core_inst_gen[2].u_engine_core/aclk
    SLICE_X13Y109        FDRE                                         r  core_inst_gen[2].u_engine_core/fifo_mem_reg[25][4]/C

Slack:                    inf
  Source:                 aresetn
                            (input port)
  Destination:            core_inst_gen[1].u_engine_core/fifo_mem_reg[60][27]/CE
                            (rising edge-triggered cell FDRE clocked by aclk  {rise@0.000ns fall@5.000ns period=10.000ns})
  Path Group:             (none)
  Path Type:              Setup (Max at Slow Process Corner)
  Data Path Delay:        7.738ns  (logic 0.369ns (4.769%)  route 7.369ns (95.231%))
  Logic Levels:           2  (LUT5=1 LUT6=1)
  Clock Path Skew:        1.450ns (DCD - SCD + CPR)
    Destination Clock Delay (DCD):    1.450ns
    Source Clock Delay      (SCD):    0.000ns
    Clock Pessimism Removal (CPR):    0.000ns
  Clock Uncertainty:      0.025ns  ((TSJ^2 + TIJ^2)^1/2 + DJ) / 2 + PE
    Total System Jitter     (TSJ):    0.050ns
    Total Input Jitter      (TIJ):    0.000ns
    Discrete Jitter          (DJ):    0.000ns
    Phase Error              (PE):    0.000ns
  Timing Exception:       False Path

    Location             Delay type                Incr(ns)  Path(ns)    Netlist Resource(s)
  -------------------------------------------------------------------    -------------------
                                                      0.000     0.000 r  aresetn (IN)
                         net (fo=16, unset)           0.787     0.787    core_inst_gen[1].u_engine_core/u_iv_top/u_arb_fsm/aresetn
    SLICE_X146Y155       LUT5 (Prop_lut5_I4_O)        0.105     0.892 r  core_inst_gen[1].u_engine_core/u_iv_top/u_arb_fsm/fifo_mem[63][37]_i_3__1/O
                         net (fo=64, routed)          1.484     2.376    core_inst_gen[1].u_engine_core/u_iv_top/u_arb_fsm/fifo_mem[63][37]_i_3__1_n_0
    SLICE_X153Y133       LUT6 (Prop_lut6_I5_O)        0.264     2.640 r  core_inst_gen[1].u_engine_core/u_iv_top/u_arb_fsm/fifo_mem[60][37]_i_1__0/O
                         net (fo=38, routed)          5.097     7.738    core_inst_gen[1].u_engine_core/u_iv_top_n_305
    SLICE_X48Y246        FDRE                                         r  core_inst_gen[1].u_engine_core/fifo_mem_reg[60][27]/CE
  -------------------------------------------------------------------    -------------------

                         (clock aclk rise edge)       0.000     0.000 r  
                                                      0.000     0.000 r  aclk (IN)
                         net (fo=144018, unset)       1.450     1.450    core_inst_gen[1].u_engine_core/aclk
    SLICE_X48Y246        FDRE                                         r  core_inst_gen[1].u_engine_core/fifo_mem_reg[60][27]/C

Slack:                    inf
  Source:                 aresetn
                            (input port)
  Destination:            core_inst_gen[1].u_engine_core/fifo_mem_reg[91][11]/CE
                            (rising edge-triggered cell FDRE clocked by aclk  {rise@0.000ns fall@5.000ns period=10.000ns})
  Path Group:             (none)
  Path Type:              Setup (Max at Slow Process Corner)
  Data Path Delay:        7.658ns  (logic 0.210ns (2.742%)  route 7.448ns (97.258%))
  Logic Levels:           2  (LUT5=1 LUT6=1)
  Clock Path Skew:        1.469ns (DCD - SCD + CPR)
    Destination Clock Delay (DCD):    1.469ns
    Source Clock Delay      (SCD):    0.000ns
    Clock Pessimism Removal (CPR):    0.000ns
  Clock Uncertainty:      0.025ns  ((TSJ^2 + TIJ^2)^1/2 + DJ) / 2 + PE
    Total System Jitter     (TSJ):    0.050ns
    Total Input Jitter      (TIJ):    0.000ns
    Discrete Jitter          (DJ):    0.000ns
    Phase Error              (PE):    0.000ns
  Timing Exception:       False Path

    Location             Delay type                Incr(ns)  Path(ns)    Netlist Resource(s)
  -------------------------------------------------------------------    -------------------
                                                      0.000     0.000 r  aresetn (IN)
                         net (fo=16, unset)           0.787     0.787    core_inst_gen[1].u_engine_core/u_iv_top/u_arb_fsm/aresetn
    SLICE_X144Y155       LUT5 (Prop_lut5_I4_O)        0.105     0.892 r  core_inst_gen[1].u_engine_core/u_iv_top/u_arb_fsm/fifo_mem[127][37]_i_3__1/O
                         net (fo=64, routed)          1.629     2.521    core_inst_gen[1].u_engine_core/u_iv_top/u_arb_fsm/fifo_mem[127][37]_i_3__1_n_0
    SLICE_X158Y143       LUT6 (Prop_lut6_I5_O)        0.105     2.626 r  core_inst_gen[1].u_engine_core/u_iv_top/u_arb_fsm/fifo_mem[91][37]_i_1__0/O
                         net (fo=38, routed)          5.033     7.658    core_inst_gen[1].u_engine_core/u_iv_top_n_125
    SLICE_X116Y242       FDRE                                         r  core_inst_gen[1].u_engine_core/fifo_mem_reg[91][11]/CE
  -------------------------------------------------------------------    -------------------

                         (clock aclk rise edge)       0.000     0.000 r  
                                                      0.000     0.000 r  aclk (IN)
                         net (fo=144018, unset)       1.469     1.469    core_inst_gen[1].u_engine_core/aclk
    SLICE_X116Y242       FDRE                                         r  core_inst_gen[1].u_engine_core/fifo_mem_reg[91][11]/C

Slack:                    inf
  Source:                 aresetn
                            (input port)
  Destination:            core_inst_gen[1].u_engine_core/fifo_mem_reg[91][28]/CE
                            (rising edge-triggered cell FDRE clocked by aclk  {rise@0.000ns fall@5.000ns period=10.000ns})
  Path Group:             (none)
  Path Type:              Setup (Max at Slow Process Corner)
  Data Path Delay:        7.658ns  (logic 0.210ns (2.742%)  route 7.448ns (97.258%))
  Logic Levels:           2  (LUT5=1 LUT6=1)
  Clock Path Skew:        1.469ns (DCD - SCD + CPR)
    Destination Clock Delay (DCD):    1.469ns
    Source Clock Delay      (SCD):    0.000ns
    Clock Pessimism Removal (CPR):    0.000ns
  Clock Uncertainty:      0.025ns  ((TSJ^2 + TIJ^2)^1/2 + DJ) / 2 + PE
    Total System Jitter     (TSJ):    0.050ns
    Total Input Jitter      (TIJ):    0.000ns
    Discrete Jitter          (DJ):    0.000ns
    Phase Error              (PE):    0.000ns
  Timing Exception:       False Path

    Location             Delay type                Incr(ns)  Path(ns)    Netlist Resource(s)
  -------------------------------------------------------------------    -------------------
                                                      0.000     0.000 r  aresetn (IN)
                         net (fo=16, unset)           0.787     0.787    core_inst_gen[1].u_engine_core/u_iv_top/u_arb_fsm/aresetn
    SLICE_X144Y155       LUT5 (Prop_lut5_I4_O)        0.105     0.892 r  core_inst_gen[1].u_engine_core/u_iv_top/u_arb_fsm/fifo_mem[127][37]_i_3__1/O
                         net (fo=64, routed)          1.629     2.521    core_inst_gen[1].u_engine_core/u_iv_top/u_arb_fsm/fifo_mem[127][37]_i_3__1_n_0
    SLICE_X158Y143       LUT6 (Prop_lut6_I5_O)        0.105     2.626 r  core_inst_gen[1].u_engine_core/u_iv_top/u_arb_fsm/fifo_mem[91][37]_i_1__0/O
                         net (fo=38, routed)          5.033     7.658    core_inst_gen[1].u_engine_core/u_iv_top_n_125
    SLICE_X116Y242       FDRE                                         r  core_inst_gen[1].u_engine_core/fifo_mem_reg[91][28]/CE
  -------------------------------------------------------------------    -------------------

                         (clock aclk rise edge)       0.000     0.000 r  
                                                      0.000     0.000 r  aclk (IN)
                         net (fo=144018, unset)       1.469     1.469    core_inst_gen[1].u_engine_core/aclk
    SLICE_X116Y242       FDRE                                         r  core_inst_gen[1].u_engine_core/fifo_mem_reg[91][28]/C

Slack:                    inf
  Source:                 aresetn
                            (input port)
  Destination:            core_inst_gen[1].u_engine_core/fifo_mem_reg[91][35]/CE
                            (rising edge-triggered cell FDRE clocked by aclk  {rise@0.000ns fall@5.000ns period=10.000ns})
  Path Group:             (none)
  Path Type:              Setup (Max at Slow Process Corner)
  Data Path Delay:        7.658ns  (logic 0.210ns (2.742%)  route 7.448ns (97.258%))
  Logic Levels:           2  (LUT5=1 LUT6=1)
  Clock Path Skew:        1.469ns (DCD - SCD + CPR)
    Destination Clock Delay (DCD):    1.469ns
    Source Clock Delay      (SCD):    0.000ns
    Clock Pessimism Removal (CPR):    0.000ns
  Clock Uncertainty:      0.025ns  ((TSJ^2 + TIJ^2)^1/2 + DJ) / 2 + PE
    Total System Jitter     (TSJ):    0.050ns
    Total Input Jitter      (TIJ):    0.000ns
    Discrete Jitter          (DJ):    0.000ns
    Phase Error              (PE):    0.000ns
  Timing Exception:       False Path

    Location             Delay type                Incr(ns)  Path(ns)    Netlist Resource(s)
  -------------------------------------------------------------------    -------------------
                                                      0.000     0.000 r  aresetn (IN)
                         net (fo=16, unset)           0.787     0.787    core_inst_gen[1].u_engine_core/u_iv_top/u_arb_fsm/aresetn
    SLICE_X144Y155       LUT5 (Prop_lut5_I4_O)        0.105     0.892 r  core_inst_gen[1].u_engine_core/u_iv_top/u_arb_fsm/fifo_mem[127][37]_i_3__1/O
                         net (fo=64, routed)          1.629     2.521    core_inst_gen[1].u_engine_core/u_iv_top/u_arb_fsm/fifo_mem[127][37]_i_3__1_n_0
    SLICE_X158Y143       LUT6 (Prop_lut6_I5_O)        0.105     2.626 r  core_inst_gen[1].u_engine_core/u_iv_top/u_arb_fsm/fifo_mem[91][37]_i_1__0/O
                         net (fo=38, routed)          5.033     7.658    core_inst_gen[1].u_engine_core/u_iv_top_n_125
    SLICE_X116Y242       FDRE                                         r  core_inst_gen[1].u_engine_core/fifo_mem_reg[91][35]/CE
  -------------------------------------------------------------------    -------------------

                         (clock aclk rise edge)       0.000     0.000 r  
                                                      0.000     0.000 r  aclk (IN)
                         net (fo=144018, unset)       1.469     1.469    core_inst_gen[1].u_engine_core/aclk
    SLICE_X116Y242       FDRE                                         r  core_inst_gen[1].u_engine_core/fifo_mem_reg[91][35]/C

Slack:                    inf
  Source:                 aresetn
                            (input port)
  Destination:            core_inst_gen[1].u_engine_core/fifo_mem_reg[122][27]/CE
                            (rising edge-triggered cell FDRE clocked by aclk  {rise@0.000ns fall@5.000ns period=10.000ns})
  Path Group:             (none)
  Path Type:              Setup (Max at Slow Process Corner)
  Data Path Delay:        7.644ns  (logic 0.210ns (2.747%)  route 7.434ns (97.253%))
  Logic Levels:           2  (LUT5=1 LUT6=1)
  Clock Path Skew:        1.450ns (DCD - SCD + CPR)
    Destination Clock Delay (DCD):    1.450ns
    Source Clock Delay      (SCD):    0.000ns
    Clock Pessimism Removal (CPR):    0.000ns
  Clock Uncertainty:      0.025ns  ((TSJ^2 + TIJ^2)^1/2 + DJ) / 2 + PE
    Total System Jitter     (TSJ):    0.050ns
    Total Input Jitter      (TIJ):    0.000ns
    Discrete Jitter          (DJ):    0.000ns
    Phase Error              (PE):    0.000ns
  Timing Exception:       False Path

    Location             Delay type                Incr(ns)  Path(ns)    Netlist Resource(s)
  -------------------------------------------------------------------    -------------------
                                                      0.000     0.000 r  aresetn (IN)
                         net (fo=16, unset)           0.787     0.787    core_inst_gen[1].u_engine_core/u_iv_top/u_arb_fsm/aresetn
    SLICE_X144Y155       LUT5 (Prop_lut5_I4_O)        0.105     0.892 r  core_inst_gen[1].u_engine_core/u_iv_top/u_arb_fsm/fifo_mem[127][37]_i_3__1/O
                         net (fo=64, routed)          1.328     2.220    core_inst_gen[1].u_engine_core/u_iv_top/u_arb_fsm/fifo_mem[127][37]_i_3__1_n_0
    SLICE_X149Y142       LUT6 (Prop_lut6_I5_O)        0.105     2.325 r  core_inst_gen[1].u_engine_core/u_iv_top/u_arb_fsm/fifo_mem[122][37]_i_1__0/O
                         net (fo=38, routed)          5.319     7.644    core_inst_gen[1].u_engine_core/u_iv_top_n_274
    SLICE_X50Y249        FDRE                                         r  core_inst_gen[1].u_engine_core/fifo_mem_reg[122][27]/CE
  -------------------------------------------------------------------    -------------------

                         (clock aclk rise edge)       0.000     0.000 r  
                                                      0.000     0.000 r  aclk (IN)
                         net (fo=144018, unset)       1.450     1.450    core_inst_gen[1].u_engine_core/aclk
    SLICE_X50Y249        FDRE                                         r  core_inst_gen[1].u_engine_core/fifo_mem_reg[122][27]/C

Slack:                    inf
  Source:                 aresetn
                            (input port)
  Destination:            core_inst_gen[1].u_engine_core/fifo_mem_reg[120][27]/CE
                            (rising edge-triggered cell FDRE clocked by aclk  {rise@0.000ns fall@5.000ns period=10.000ns})
  Path Group:             (none)
  Path Type:              Setup (Max at Slow Process Corner)
  Data Path Delay:        7.638ns  (logic 0.210ns (2.750%)  route 7.428ns (97.250%))
  Logic Levels:           2  (LUT5=1 LUT6=1)
  Clock Path Skew:        1.450ns (DCD - SCD + CPR)
    Destination Clock Delay (DCD):    1.450ns
    Source Clock Delay      (SCD):    0.000ns
    Clock Pessimism Removal (CPR):    0.000ns
  Clock Uncertainty:      0.025ns  ((TSJ^2 + TIJ^2)^1/2 + DJ) / 2 + PE
    Total System Jitter     (TSJ):    0.050ns
    Total Input Jitter      (TIJ):    0.000ns
    Discrete Jitter          (DJ):    0.000ns
    Phase Error              (PE):    0.000ns
  Timing Exception:       False Path

    Location             Delay type                Incr(ns)  Path(ns)    Netlist Resource(s)
  -------------------------------------------------------------------    -------------------
                                                      0.000     0.000 r  aresetn (IN)
                         net (fo=16, unset)           0.787     0.787    core_inst_gen[1].u_engine_core/u_iv_top/u_arb_fsm/aresetn
    SLICE_X144Y155       LUT5 (Prop_lut5_I4_O)        0.105     0.892 r  core_inst_gen[1].u_engine_core/u_iv_top/u_arb_fsm/fifo_mem[127][37]_i_3__1/O
                         net (fo=64, routed)          1.440     2.332    core_inst_gen[1].u_engine_core/u_iv_top/u_arb_fsm/fifo_mem[127][37]_i_3__1_n_0
    SLICE_X153Y133       LUT6 (Prop_lut6_I5_O)        0.105     2.437 r  core_inst_gen[1].u_engine_core/u_iv_top/u_arb_fsm/fifo_mem[120][37]_i_1__0/O
                         net (fo=38, routed)          5.201     7.638    core_inst_gen[1].u_engine_core/u_iv_top_n_275
    SLICE_X51Y245        FDRE                                         r  core_inst_gen[1].u_engine_core/fifo_mem_reg[120][27]/CE
  -------------------------------------------------------------------    -------------------

                         (clock aclk rise edge)       0.000     0.000 r  
                                                      0.000     0.000 r  aclk (IN)
                         net (fo=144018, unset)       1.450     1.450    core_inst_gen[1].u_engine_core/aclk
    SLICE_X51Y245        FDRE                                         r  core_inst_gen[1].u_engine_core/fifo_mem_reg[120][27]/C





Min Delay Paths
--------------------------------------------------------------------------------------
Slack:                    inf
  Source:                 aresetn
                            (input port)
  Destination:            core_inst_gen[2].u_engine_core/fifo_mem_reg[188][17]/CE
                            (rising edge-triggered cell FDRE clocked by aclk  {rise@0.000ns fall@5.000ns period=10.000ns})
  Path Group:             (none)
  Path Type:              Hold (Min at Fast Process Corner)
  Data Path Delay:        0.955ns  (logic 0.090ns (9.424%)  route 0.865ns (90.576%))
  Logic Levels:           2  (LUT5=1 LUT6=1)
  Clock Path Skew:        0.834ns (DCD - SCD - CPR)
    Destination Clock Delay (DCD):    0.834ns
    Source Clock Delay      (SCD):    0.000ns
    Clock Pessimism Removal (CPR):    -0.000ns
  Timing Exception:       False Path

    Location             Delay type                Incr(ns)  Path(ns)    Netlist Resource(s)
  -------------------------------------------------------------------    -------------------
                                                      0.000     0.000 r  aresetn (IN)
                         net (fo=16, unset)           0.390     0.390    core_inst_gen[2].u_engine_core/u_iv_top/u_arb_fsm/aresetn
    SLICE_X98Y173        LUT5 (Prop_lut5_I4_O)        0.045     0.435 r  core_inst_gen[2].u_engine_core/u_iv_top/u_arb_fsm/fifo_mem[191][37]_i_3__0/O
                         net (fo=64, routed)          0.251     0.686    core_inst_gen[2].u_engine_core/u_iv_top/u_arb_fsm/fifo_mem[191][37]_i_3__0_n_0
    SLICE_X97Y175        LUT6 (Prop_lut6_I5_O)        0.045     0.731 r  core_inst_gen[2].u_engine_core/u_iv_top/u_arb_fsm/fifo_mem[188][37]_i_1__1/O
                         net (fo=38, routed)          0.224     0.955    core_inst_gen[2].u_engine_core/u_iv_top_n_362
    SLICE_X98Y177        FDRE                                         r  core_inst_gen[2].u_engine_core/fifo_mem_reg[188][17]/CE
  -------------------------------------------------------------------    -------------------

                         (clock aclk rise edge)       0.000     0.000 r  
                                                      0.000     0.000 r  aclk (IN)
                         net (fo=144018, unset)       0.834     0.834    core_inst_gen[2].u_engine_core/aclk
    SLICE_X98Y177        FDRE                                         r  core_inst_gen[2].u_engine_core/fifo_mem_reg[188][17]/C

Slack:                    inf
  Source:                 aresetn
                            (input port)
  Destination:            core_inst_gen[2].u_engine_core/fifo_mem_reg[188][23]/CE
                            (rising edge-triggered cell FDRE clocked by aclk  {rise@0.000ns fall@5.000ns period=10.000ns})
  Path Group:             (none)
  Path Type:              Hold (Min at Fast Process Corner)
  Data Path Delay:        0.955ns  (logic 0.090ns (9.424%)  route 0.865ns (90.576%))
  Logic Levels:           2  (LUT5=1 LUT6=1)
  Clock Path Skew:        0.834ns (DCD - SCD - CPR)
    Destination Clock Delay (DCD):    0.834ns
    Source Clock Delay      (SCD):    0.000ns
    Clock Pessimism Removal (CPR):    -0.000ns
  Timing Exception:       False Path

    Location             Delay type                Incr(ns)  Path(ns)    Netlist Resource(s)
  -------------------------------------------------------------------    -------------------
                                                      0.000     0.000 r  aresetn (IN)
                         net (fo=16, unset)           0.390     0.390    core_inst_gen[2].u_engine_core/u_iv_top/u_arb_fsm/aresetn
    SLICE_X98Y173        LUT5 (Prop_lut5_I4_O)        0.045     0.435 r  core_inst_gen[2].u_engine_core/u_iv_top/u_arb_fsm/fifo_mem[191][37]_i_3__0/O
                         net (fo=64, routed)          0.251     0.686    core_inst_gen[2].u_engine_core/u_iv_top/u_arb_fsm/fifo_mem[191][37]_i_3__0_n_0
    SLICE_X97Y175        LUT6 (Prop_lut6_I5_O)        0.045     0.731 r  core_inst_gen[2].u_engine_core/u_iv_top/u_arb_fsm/fifo_mem[188][37]_i_1__1/O
                         net (fo=38, routed)          0.224     0.955    core_inst_gen[2].u_engine_core/u_iv_top_n_362
    SLICE_X98Y177        FDRE                                         r  core_inst_gen[2].u_engine_core/fifo_mem_reg[188][23]/CE
  -------------------------------------------------------------------    -------------------

                         (clock aclk rise edge)       0.000     0.000 r  
                                                      0.000     0.000 r  aclk (IN)
                         net (fo=144018, unset)       0.834     0.834    core_inst_gen[2].u_engine_core/aclk
    SLICE_X98Y177        FDRE                                         r  core_inst_gen[2].u_engine_core/fifo_mem_reg[188][23]/C

Slack:                    inf
  Source:                 aresetn
                            (input port)
  Destination:            core_inst_gen[2].u_engine_core/fifo_mem_reg[188][24]/CE
                            (rising edge-triggered cell FDRE clocked by aclk  {rise@0.000ns fall@5.000ns period=10.000ns})
  Path Group:             (none)
  Path Type:              Hold (Min at Fast Process Corner)
  Data Path Delay:        0.955ns  (logic 0.090ns (9.424%)  route 0.865ns (90.576%))
  Logic Levels:           2  (LUT5=1 LUT6=1)
  Clock Path Skew:        0.834ns (DCD - SCD - CPR)
    Destination Clock Delay (DCD):    0.834ns
    Source Clock Delay      (SCD):    0.000ns
    Clock Pessimism Removal (CPR):    -0.000ns
  Timing Exception:       False Path

    Location             Delay type                Incr(ns)  Path(ns)    Netlist Resource(s)
  -------------------------------------------------------------------    -------------------
                                                      0.000     0.000 r  aresetn (IN)
                         net (fo=16, unset)           0.390     0.390    core_inst_gen[2].u_engine_core/u_iv_top/u_arb_fsm/aresetn
    SLICE_X98Y173        LUT5 (Prop_lut5_I4_O)        0.045     0.435 r  core_inst_gen[2].u_engine_core/u_iv_top/u_arb_fsm/fifo_mem[191][37]_i_3__0/O
                         net (fo=64, routed)          0.251     0.686    core_inst_gen[2].u_engine_core/u_iv_top/u_arb_fsm/fifo_mem[191][37]_i_3__0_n_0
    SLICE_X97Y175        LUT6 (Prop_lut6_I5_O)        0.045     0.731 r  core_inst_gen[2].u_engine_core/u_iv_top/u_arb_fsm/fifo_mem[188][37]_i_1__1/O
                         net (fo=38, routed)          0.224     0.955    core_inst_gen[2].u_engine_core/u_iv_top_n_362
    SLICE_X98Y177        FDRE                                         r  core_inst_gen[2].u_engine_core/fifo_mem_reg[188][24]/CE
  -------------------------------------------------------------------    -------------------

                         (clock aclk rise edge)       0.000     0.000 r  
                                                      0.000     0.000 r  aclk (IN)
                         net (fo=144018, unset)       0.834     0.834    core_inst_gen[2].u_engine_core/aclk
    SLICE_X98Y177        FDRE                                         r  core_inst_gen[2].u_engine_core/fifo_mem_reg[188][24]/C

Slack:                    inf
  Source:                 aresetn
                            (input port)
  Destination:            core_inst_gen[2].u_engine_core/fifo_mem_reg[188][28]/CE
                            (rising edge-triggered cell FDRE clocked by aclk  {rise@0.000ns fall@5.000ns period=10.000ns})
  Path Group:             (none)
  Path Type:              Hold (Min at Fast Process Corner)
  Data Path Delay:        0.955ns  (logic 0.090ns (9.424%)  route 0.865ns (90.576%))
  Logic Levels:           2  (LUT5=1 LUT6=1)
  Clock Path Skew:        0.834ns (DCD - SCD - CPR)
    Destination Clock Delay (DCD):    0.834ns
    Source Clock Delay      (SCD):    0.000ns
    Clock Pessimism Removal (CPR):    -0.000ns
  Timing Exception:       False Path

    Location             Delay type                Incr(ns)  Path(ns)    Netlist Resource(s)
  -------------------------------------------------------------------    -------------------
                                                      0.000     0.000 r  aresetn (IN)
                         net (fo=16, unset)           0.390     0.390    core_inst_gen[2].u_engine_core/u_iv_top/u_arb_fsm/aresetn
    SLICE_X98Y173        LUT5 (Prop_lut5_I4_O)        0.045     0.435 r  core_inst_gen[2].u_engine_core/u_iv_top/u_arb_fsm/fifo_mem[191][37]_i_3__0/O
                         net (fo=64, routed)          0.251     0.686    core_inst_gen[2].u_engine_core/u_iv_top/u_arb_fsm/fifo_mem[191][37]_i_3__0_n_0
    SLICE_X97Y175        LUT6 (Prop_lut6_I5_O)        0.045     0.731 r  core_inst_gen[2].u_engine_core/u_iv_top/u_arb_fsm/fifo_mem[188][37]_i_1__1/O
                         net (fo=38, routed)          0.224     0.955    core_inst_gen[2].u_engine_core/u_iv_top_n_362
    SLICE_X98Y177        FDRE                                         r  core_inst_gen[2].u_engine_core/fifo_mem_reg[188][28]/CE
  -------------------------------------------------------------------    -------------------

                         (clock aclk rise edge)       0.000     0.000 r  
                                                      0.000     0.000 r  aclk (IN)
                         net (fo=144018, unset)       0.834     0.834    core_inst_gen[2].u_engine_core/aclk
    SLICE_X98Y177        FDRE                                         r  core_inst_gen[2].u_engine_core/fifo_mem_reg[188][28]/C

Slack:                    inf
  Source:                 aresetn
                            (input port)
  Destination:            core_inst_gen[2].u_engine_core/fifo_mem_reg[188][30]/CE
                            (rising edge-triggered cell FDRE clocked by aclk  {rise@0.000ns fall@5.000ns period=10.000ns})
  Path Group:             (none)
  Path Type:              Hold (Min at Fast Process Corner)
  Data Path Delay:        0.955ns  (logic 0.090ns (9.424%)  route 0.865ns (90.576%))
  Logic Levels:           2  (LUT5=1 LUT6=1)
  Clock Path Skew:        0.834ns (DCD - SCD - CPR)
    Destination Clock Delay (DCD):    0.834ns
    Source Clock Delay      (SCD):    0.000ns
    Clock Pessimism Removal (CPR):    -0.000ns
  Timing Exception:       False Path

    Location             Delay type                Incr(ns)  Path(ns)    Netlist Resource(s)
  -------------------------------------------------------------------    -------------------
                                                      0.000     0.000 r  aresetn (IN)
                         net (fo=16, unset)           0.390     0.390    core_inst_gen[2].u_engine_core/u_iv_top/u_arb_fsm/aresetn
    SLICE_X98Y173        LUT5 (Prop_lut5_I4_O)        0.045     0.435 r  core_inst_gen[2].u_engine_core/u_iv_top/u_arb_fsm/fifo_mem[191][37]_i_3__0/O
                         net (fo=64, routed)          0.251     0.686    core_inst_gen[2].u_engine_core/u_iv_top/u_arb_fsm/fifo_mem[191][37]_i_3__0_n_0
    SLICE_X97Y175        LUT6 (Prop_lut6_I5_O)        0.045     0.731 r  core_inst_gen[2].u_engine_core/u_iv_top/u_arb_fsm/fifo_mem[188][37]_i_1__1/O
                         net (fo=38, routed)          0.224     0.955    core_inst_gen[2].u_engine_core/u_iv_top_n_362
    SLICE_X98Y177        FDRE                                         r  core_inst_gen[2].u_engine_core/fifo_mem_reg[188][30]/CE
  -------------------------------------------------------------------    -------------------

                         (clock aclk rise edge)       0.000     0.000 r  
                                                      0.000     0.000 r  aclk (IN)
                         net (fo=144018, unset)       0.834     0.834    core_inst_gen[2].u_engine_core/aclk
    SLICE_X98Y177        FDRE                                         r  core_inst_gen[2].u_engine_core/fifo_mem_reg[188][30]/C

Slack:                    inf
  Source:                 aresetn
                            (input port)
  Destination:            core_inst_gen[2].u_engine_core/fifo_mem_reg[91][21]/CE
                            (rising edge-triggered cell FDRE clocked by aclk  {rise@0.000ns fall@5.000ns period=10.000ns})
  Path Group:             (none)
  Path Type:              Hold (Min at Fast Process Corner)
  Data Path Delay:        0.973ns  (logic 0.090ns (9.250%)  route 0.883ns (90.750%))
  Logic Levels:           2  (LUT5=1 LUT6=1)
  Clock Path Skew:        0.834ns (DCD - SCD - CPR)
    Destination Clock Delay (DCD):    0.834ns
    Source Clock Delay      (SCD):    0.000ns
    Clock Pessimism Removal (CPR):    -0.000ns
  Timing Exception:       False Path

    Location             Delay type                Incr(ns)  Path(ns)    Netlist Resource(s)
  -------------------------------------------------------------------    -------------------
                                                      0.000     0.000 r  aresetn (IN)
                         net (fo=16, unset)           0.390     0.390    core_inst_gen[2].u_engine_core/u_iv_top/u_arb_fsm/aresetn
    SLICE_X99Y173        LUT5 (Prop_lut5_I4_O)        0.045     0.435 r  core_inst_gen[2].u_engine_core/u_iv_top/u_arb_fsm/fifo_mem[127][37]_i_3__0/O
                         net (fo=64, routed)          0.357     0.792    core_inst_gen[2].u_engine_core/u_iv_top/u_arb_fsm/fifo_mem[127][37]_i_3__0_n_0
    SLICE_X101Y173       LUT6 (Prop_lut6_I5_O)        0.045     0.837 r  core_inst_gen[2].u_engine_core/u_iv_top/u_arb_fsm/fifo_mem[91][37]_i_1__1/O
                         net (fo=38, routed)          0.136     0.973    core_inst_gen[2].u_engine_core/u_iv_top_n_246
    SLICE_X101Y173       FDRE                                         r  core_inst_gen[2].u_engine_core/fifo_mem_reg[91][21]/CE
  -------------------------------------------------------------------    -------------------

                         (clock aclk rise edge)       0.000     0.000 r  
                                                      0.000     0.000 r  aclk (IN)
                         net (fo=144018, unset)       0.834     0.834    core_inst_gen[2].u_engine_core/aclk
    SLICE_X101Y173       FDRE                                         r  core_inst_gen[2].u_engine_core/fifo_mem_reg[91][21]/C

Slack:                    inf
  Source:                 aresetn
                            (input port)
  Destination:            core_inst_gen[2].u_engine_core/fifo_mem_reg[91][34]/CE
                            (rising edge-triggered cell FDRE clocked by aclk  {rise@0.000ns fall@5.000ns period=10.000ns})
  Path Group:             (none)
  Path Type:              Hold (Min at Fast Process Corner)
  Data Path Delay:        0.973ns  (logic 0.090ns (9.250%)  route 0.883ns (90.750%))
  Logic Levels:           2  (LUT5=1 LUT6=1)
  Clock Path Skew:        0.834ns (DCD - SCD - CPR)
    Destination Clock Delay (DCD):    0.834ns
    Source Clock Delay      (SCD):    0.000ns
    Clock Pessimism Removal (CPR):    -0.000ns
  Timing Exception:       False Path

    Location             Delay type                Incr(ns)  Path(ns)    Netlist Resource(s)
  -------------------------------------------------------------------    -------------------
                                                      0.000     0.000 r  aresetn (IN)
                         net (fo=16, unset)           0.390     0.390    core_inst_gen[2].u_engine_core/u_iv_top/u_arb_fsm/aresetn
    SLICE_X99Y173        LUT5 (Prop_lut5_I4_O)        0.045     0.435 r  core_inst_gen[2].u_engine_core/u_iv_top/u_arb_fsm/fifo_mem[127][37]_i_3__0/O
                         net (fo=64, routed)          0.357     0.792    core_inst_gen[2].u_engine_core/u_iv_top/u_arb_fsm/fifo_mem[127][37]_i_3__0_n_0
    SLICE_X101Y173       LUT6 (Prop_lut6_I5_O)        0.045     0.837 r  core_inst_gen[2].u_engine_core/u_iv_top/u_arb_fsm/fifo_mem[91][37]_i_1__1/O
                         net (fo=38, routed)          0.136     0.973    core_inst_gen[2].u_engine_core/u_iv_top_n_246
    SLICE_X101Y173       FDRE                                         r  core_inst_gen[2].u_engine_core/fifo_mem_reg[91][34]/CE
  -------------------------------------------------------------------    -------------------

                         (clock aclk rise edge)       0.000     0.000 r  
                                                      0.000     0.000 r  aclk (IN)
                         net (fo=144018, unset)       0.834     0.834    core_inst_gen[2].u_engine_core/aclk
    SLICE_X101Y173       FDRE                                         r  core_inst_gen[2].u_engine_core/fifo_mem_reg[91][34]/C

Slack:                    inf
  Source:                 aresetn
                            (input port)
  Destination:            core_inst_gen[2].u_engine_core/fifo_mem_reg[98][21]/CE
                            (rising edge-triggered cell FDRE clocked by aclk  {rise@0.000ns fall@5.000ns period=10.000ns})
  Path Group:             (none)
  Path Type:              Hold (Min at Fast Process Corner)
  Data Path Delay:        0.998ns  (logic 0.090ns (9.017%)  route 0.908ns (90.983%))
  Logic Levels:           2  (LUT5=1 LUT6=1)
  Clock Path Skew:        0.829ns (DCD - SCD - CPR)
    Destination Clock Delay (DCD):    0.829ns
    Source Clock Delay      (SCD):    0.000ns
    Clock Pessimism Removal (CPR):    -0.000ns
  Timing Exception:       False Path

    Location             Delay type                Incr(ns)  Path(ns)    Netlist Resource(s)
  -------------------------------------------------------------------    -------------------
                                                      0.000     0.000 r  aresetn (IN)
                         net (fo=16, unset)           0.390     0.390    core_inst_gen[2].u_engine_core/u_iv_top/u_arb_fsm/aresetn
    SLICE_X99Y173        LUT5 (Prop_lut5_I4_O)        0.045     0.435 r  core_inst_gen[2].u_engine_core/u_iv_top/u_arb_fsm/fifo_mem[127][37]_i_3__0/O
                         net (fo=64, routed)          0.295     0.730    core_inst_gen[2].u_engine_core/u_iv_top/u_arb_fsm/fifo_mem[127][37]_i_3__0_n_0
    SLICE_X99Y173        LUT6 (Prop_lut6_I5_O)        0.045     0.775 r  core_inst_gen[2].u_engine_core/u_iv_top/u_arb_fsm/fifo_mem[98][37]_i_1__1/O
                         net (fo=38, routed)          0.223     0.998    core_inst_gen[2].u_engine_core/u_iv_top_n_407
    SLICE_X92Y174        FDRE                                         r  core_inst_gen[2].u_engine_core/fifo_mem_reg[98][21]/CE
  -------------------------------------------------------------------    -------------------

                         (clock aclk rise edge)       0.000     0.000 r  
                                                      0.000     0.000 r  aclk (IN)
                         net (fo=144018, unset)       0.829     0.829    core_inst_gen[2].u_engine_core/aclk
    SLICE_X92Y174        FDRE                                         r  core_inst_gen[2].u_engine_core/fifo_mem_reg[98][21]/C

Slack:                    inf
  Source:                 aresetn
                            (input port)
  Destination:            core_inst_gen[2].u_engine_core/fifo_mem_reg[98][23]/CE
                            (rising edge-triggered cell FDRE clocked by aclk  {rise@0.000ns fall@5.000ns period=10.000ns})
  Path Group:             (none)
  Path Type:              Hold (Min at Fast Process Corner)
  Data Path Delay:        0.998ns  (logic 0.090ns (9.017%)  route 0.908ns (90.983%))
  Logic Levels:           2  (LUT5=1 LUT6=1)
  Clock Path Skew:        0.829ns (DCD - SCD - CPR)
    Destination Clock Delay (DCD):    0.829ns
    Source Clock Delay      (SCD):    0.000ns
    Clock Pessimism Removal (CPR):    -0.000ns
  Timing Exception:       False Path

    Location             Delay type                Incr(ns)  Path(ns)    Netlist Resource(s)
  -------------------------------------------------------------------    -------------------
                                                      0.000     0.000 r  aresetn (IN)
                         net (fo=16, unset)           0.390     0.390    core_inst_gen[2].u_engine_core/u_iv_top/u_arb_fsm/aresetn
    SLICE_X99Y173        LUT5 (Prop_lut5_I4_O)        0.045     0.435 r  core_inst_gen[2].u_engine_core/u_iv_top/u_arb_fsm/fifo_mem[127][37]_i_3__0/O
                         net (fo=64, routed)          0.295     0.730    core_inst_gen[2].u_engine_core/u_iv_top/u_arb_fsm/fifo_mem[127][37]_i_3__0_n_0
    SLICE_X99Y173        LUT6 (Prop_lut6_I5_O)        0.045     0.775 r  core_inst_gen[2].u_engine_core/u_iv_top/u_arb_fsm/fifo_mem[98][37]_i_1__1/O
                         net (fo=38, routed)          0.223     0.998    core_inst_gen[2].u_engine_core/u_iv_top_n_407
    SLICE_X92Y174        FDRE                                         r  core_inst_gen[2].u_engine_core/fifo_mem_reg[98][23]/CE
  -------------------------------------------------------------------    -------------------

                         (clock aclk rise edge)       0.000     0.000 r  
                                                      0.000     0.000 r  aclk (IN)
                         net (fo=144018, unset)       0.829     0.829    core_inst_gen[2].u_engine_core/aclk
    SLICE_X92Y174        FDRE                                         r  core_inst_gen[2].u_engine_core/fifo_mem_reg[98][23]/C

Slack:                    inf
  Source:                 aresetn
                            (input port)
  Destination:            core_inst_gen[2].u_engine_core/fifo_mem_reg[98][34]/CE
                            (rising edge-triggered cell FDRE clocked by aclk  {rise@0.000ns fall@5.000ns period=10.000ns})
  Path Group:             (none)
  Path Type:              Hold (Min at Fast Process Corner)
  Data Path Delay:        0.998ns  (logic 0.090ns (9.017%)  route 0.908ns (90.983%))
  Logic Levels:           2  (LUT5=1 LUT6=1)
  Clock Path Skew:        0.829ns (DCD - SCD - CPR)
    Destination Clock Delay (DCD):    0.829ns
    Source Clock Delay      (SCD):    0.000ns
    Clock Pessimism Removal (CPR):    -0.000ns
  Timing Exception:       False Path

    Location             Delay type                Incr(ns)  Path(ns)    Netlist Resource(s)
  -------------------------------------------------------------------    -------------------
                                                      0.000     0.000 r  aresetn (IN)
                         net (fo=16, unset)           0.390     0.390    core_inst_gen[2].u_engine_core/u_iv_top/u_arb_fsm/aresetn
    SLICE_X99Y173        LUT5 (Prop_lut5_I4_O)        0.045     0.435 r  core_inst_gen[2].u_engine_core/u_iv_top/u_arb_fsm/fifo_mem[127][37]_i_3__0/O
                         net (fo=64, routed)          0.295     0.730    core_inst_gen[2].u_engine_core/u_iv_top/u_arb_fsm/fifo_mem[127][37]_i_3__0_n_0
    SLICE_X99Y173        LUT6 (Prop_lut6_I5_O)        0.045     0.775 r  core_inst_gen[2].u_engine_core/u_iv_top/u_arb_fsm/fifo_mem[98][37]_i_1__1/O
                         net (fo=38, routed)          0.223     0.998    core_inst_gen[2].u_engine_core/u_iv_top_n_407
    SLICE_X92Y174        FDRE                                         r  core_inst_gen[2].u_engine_core/fifo_mem_reg[98][34]/CE
  -------------------------------------------------------------------    -------------------

                         (clock aclk rise edge)       0.000     0.000 r  
                                                      0.000     0.000 r  aclk (IN)
                         net (fo=144018, unset)       0.829     0.829    core_inst_gen[2].u_engine_core/aclk
    SLICE_X92Y174        FDRE                                         r  core_inst_gen[2].u_engine_core/fifo_mem_reg[98][34]/C





--------------------------------------------------------------------------------------
Path Group:  (none)
From Clock:  aclk
  To Clock:  

Max Delay            40 Endpoints
Min Delay            40 Endpoints
--------------------------------------------------------------------------------------


Max Delay Paths
--------------------------------------------------------------------------------------
Slack:                    inf
  Source:                 core_inst_gen[1].u_engine_core/rd_ptr_reg[2]_rep__0/C
                            (rising edge-triggered cell FDCE clocked by aclk  {rise@0.000ns fall@5.000ns period=10.000ns})
  Destination:            m_axis_tdata[27]
                            (output port)
  Path Group:             (none)
  Path Type:              Max at Slow Process Corner
  Data Path Delay:        19.815ns  (logic 1.529ns (7.716%)  route 18.286ns (92.284%))
  Logic Levels:           6  (LUT6=2 MUXF7=2 MUXF8=2)
  Clock Uncertainty:      0.025ns  ((TSJ^2 + TIJ^2)^1/2 + DJ) / 2 + PE
    Total System Jitter     (TSJ):    0.050ns
    Total Input Jitter      (TIJ):    0.000ns
    Discrete Jitter          (DJ):    0.000ns
    Phase Error              (PE):    0.000ns

    Location             Delay type                Incr(ns)  Path(ns)    Netlist Resource(s)
  -------------------------------------------------------------------    -------------------
                         (clock aclk rise edge)       0.000     0.000 r  
                                                      0.000     0.000 r  aclk (IN)
                         net (fo=144018, unset)       1.524     1.524    core_inst_gen[1].u_engine_core/aclk
    SLICE_X157Y167       FDCE                                         r  core_inst_gen[1].u_engine_core/rd_ptr_reg[2]_rep__0/C
  -------------------------------------------------------------------    -------------------
    SLICE_X157Y167       FDCE (Prop_fdce_C_Q)         0.379     1.903 r  core_inst_gen[1].u_engine_core/rd_ptr_reg[2]_rep__0/Q
                         net (fo=128, routed)        10.112    12.015    core_inst_gen[1].u_engine_core/rd_ptr_reg[2]_rep__0_n_0
    SLICE_X51Y245        MUXF7 (Prop_muxf7_S_O)       0.246    12.261 r  core_inst_gen[1].u_engine_core/m_axis_tdata[27]_INST_0_i_197/O
                         net (fo=1, routed)           0.000    12.261    core_inst_gen[1].u_engine_core/m_axis_tdata[27]_INST_0_i_197_n_0
    SLICE_X51Y245        MUXF8 (Prop_muxf8_I0_O)      0.085    12.346 r  core_inst_gen[1].u_engine_core/m_axis_tdata[27]_INST_0_i_81/O
                         net (fo=1, routed)           4.957    17.303    core_inst_gen[1].u_engine_core/m_axis_tdata[27]_INST_0_i_81_n_0
    SLICE_X139Y230       LUT6 (Prop_lut6_I0_O)        0.264    17.567 r  core_inst_gen[1].u_engine_core/m_axis_tdata[27]_INST_0_i_26/O
                         net (fo=1, routed)           0.000    17.567    core_inst_gen[1].u_engine_core/m_axis_tdata[27]_INST_0_i_26_n_0
    SLICE_X139Y230       MUXF7 (Prop_muxf7_I1_O)      0.206    17.773 r  core_inst_gen[1].u_engine_core/m_axis_tdata[27]_INST_0_i_11/O
                         net (fo=1, routed)           0.000    17.773    core_inst_gen[1].u_engine_core/m_axis_tdata[27]_INST_0_i_11_n_0
    SLICE_X139Y230       MUXF8 (Prop_muxf8_I0_O)      0.085    17.858 r  core_inst_gen[1].u_engine_core/m_axis_tdata[27]_INST_0_i_4/O
                         net (fo=1, routed)           2.431    20.288    core_inst_gen[3].u_engine_core/engine_m_data[1][27]
    SLICE_X104Y172       LUT6 (Prop_lut6_I5_O)        0.264    20.552 r  core_inst_gen[3].u_engine_core/m_axis_tdata[27]_INST_0/O
                         net (fo=0)                   0.787    21.339    m_axis_tdata[27]
                                                                      r  m_axis_tdata[27] (OUT)
  -------------------------------------------------------------------    -------------------

Slack:                    inf
  Source:                 core_inst_gen[2].u_engine_core/rd_ptr_reg[3]_rep__2/C
                            (rising edge-triggered cell FDCE clocked by aclk  {rise@0.000ns fall@5.000ns period=10.000ns})
  Destination:            m_axis_tdata[4]
                            (output port)
  Path Group:             (none)
  Path Type:              Max at Slow Process Corner
  Data Path Delay:        19.924ns  (logic 1.521ns (7.634%)  route 18.403ns (92.366%))
  Logic Levels:           5  (LUT6=2 MUXF7=1 MUXF8=2)
  Clock Uncertainty:      0.025ns  ((TSJ^2 + TIJ^2)^1/2 + DJ) / 2 + PE
    Total System Jitter     (TSJ):    0.050ns
    Total Input Jitter      (TIJ):    0.000ns
    Discrete Jitter          (DJ):    0.000ns
    Phase Error              (PE):    0.000ns

    Location             Delay type                Incr(ns)  Path(ns)    Netlist Resource(s)
  -------------------------------------------------------------------    -------------------
                         (clock aclk rise edge)       0.000     0.000 r  
                                                      0.000     0.000 r  aclk (IN)
                         net (fo=144018, unset)       1.372     1.372    core_inst_gen[2].u_engine_core/aclk
    SLICE_X93Y176        FDCE                                         r  core_inst_gen[2].u_engine_core/rd_ptr_reg[3]_rep__2/C
  -------------------------------------------------------------------    -------------------
    SLICE_X93Y176        FDCE (Prop_fdce_C_Q)         0.348     1.720 r  core_inst_gen[2].u_engine_core/rd_ptr_reg[3]_rep__2/Q
                         net (fo=104, routed)        14.205    15.925    core_inst_gen[2].u_engine_core/rd_ptr_reg[3]_rep__2_n_0
    SLICE_X16Y150        MUXF8 (Prop_muxf8_S_O)       0.366    16.291 r  core_inst_gen[2].u_engine_core/m_axis_tdata[4]_INST_0_i_32/O
                         net (fo=1, routed)           1.655    17.945    core_inst_gen[2].u_engine_core/m_axis_tdata[4]_INST_0_i_32_n_0
    SLICE_X58Y160        LUT6 (Prop_lut6_I5_O)        0.259    18.204 r  core_inst_gen[2].u_engine_core/m_axis_tdata[4]_INST_0_i_13/O
                         net (fo=1, routed)           0.000    18.204    core_inst_gen[2].u_engine_core/m_axis_tdata[4]_INST_0_i_13_n_0
    SLICE_X58Y160        MUXF7 (Prop_muxf7_I0_O)      0.199    18.403 r  core_inst_gen[2].u_engine_core/m_axis_tdata[4]_INST_0_i_5/O
                         net (fo=1, routed)           0.000    18.403    core_inst_gen[2].u_engine_core/m_axis_tdata[4]_INST_0_i_5_n_0
    SLICE_X58Y160        MUXF8 (Prop_muxf8_I0_O)      0.085    18.488 r  core_inst_gen[2].u_engine_core/m_axis_tdata[4]_INST_0_i_1/O
                         net (fo=1, routed)           1.757    20.245    core_inst_gen[3].u_engine_core/engine_m_data[2][4]
    SLICE_X97Y181        LUT6 (Prop_lut6_I0_O)        0.264    20.509 r  core_inst_gen[3].u_engine_core/m_axis_tdata[4]_INST_0/O
                         net (fo=0)                   0.787    21.296    m_axis_tdata[4]
                                                                      r  m_axis_tdata[4] (OUT)
  -------------------------------------------------------------------    -------------------

Slack:                    inf
  Source:                 core_inst_gen[2].u_engine_core/rd_ptr_reg[3]_rep__2/C
                            (rising edge-triggered cell FDCE clocked by aclk  {rise@0.000ns fall@5.000ns period=10.000ns})
  Destination:            m_axis_tdata[5]
                            (output port)
  Path Group:             (none)
  Path Type:              Max at Slow Process Corner
  Data Path Delay:        18.659ns  (logic 1.525ns (8.173%)  route 17.134ns (91.827%))
  Logic Levels:           5  (LUT6=2 MUXF7=1 MUXF8=2)
  Clock Uncertainty:      0.025ns  ((TSJ^2 + TIJ^2)^1/2 + DJ) / 2 + PE
    Total System Jitter     (TSJ):    0.050ns
    Total Input Jitter      (TIJ):    0.000ns
    Discrete Jitter          (DJ):    0.000ns
    Phase Error              (PE):    0.000ns

    Location             Delay type                Incr(ns)  Path(ns)    Netlist Resource(s)
  -------------------------------------------------------------------    -------------------
                         (clock aclk rise edge)       0.000     0.000 r  
                                                      0.000     0.000 r  aclk (IN)
                         net (fo=144018, unset)       1.372     1.372    core_inst_gen[2].u_engine_core/aclk
    SLICE_X93Y176        FDCE                                         r  core_inst_gen[2].u_engine_core/rd_ptr_reg[3]_rep__2/C
  -------------------------------------------------------------------    -------------------
    SLICE_X93Y176        FDCE (Prop_fdce_C_Q)         0.348     1.720 r  core_inst_gen[2].u_engine_core/rd_ptr_reg[3]_rep__2/Q
                         net (fo=104, routed)        13.524    15.244    core_inst_gen[2].u_engine_core/rd_ptr_reg[3]_rep__2_n_0
    SLICE_X19Y139        MUXF8 (Prop_muxf8_S_O)       0.358    15.602 r  core_inst_gen[2].u_engine_core/m_axis_tdata[5]_INST_0_i_34/O
                         net (fo=1, routed)           1.175    16.778    core_inst_gen[2].u_engine_core/m_axis_tdata[5]_INST_0_i_34_n_0
    SLICE_X55Y144        LUT6 (Prop_lut6_I1_O)        0.264    17.042 r  core_inst_gen[2].u_engine_core/m_axis_tdata[5]_INST_0_i_14/O
                         net (fo=1, routed)           0.000    17.042    core_inst_gen[2].u_engine_core/m_axis_tdata[5]_INST_0_i_14_n_0
    SLICE_X55Y144        MUXF7 (Prop_muxf7_I1_O)      0.206    17.248 r  core_inst_gen[2].u_engine_core/m_axis_tdata[5]_INST_0_i_5/O
                         net (fo=1, routed)           0.000    17.248    core_inst_gen[2].u_engine_core/m_axis_tdata[5]_INST_0_i_5_n_0
    SLICE_X55Y144        MUXF8 (Prop_muxf8_I0_O)      0.085    17.333 r  core_inst_gen[2].u_engine_core/m_axis_tdata[5]_INST_0_i_1/O
                         net (fo=1, routed)           1.647    18.980    core_inst_gen[3].u_engine_core/engine_m_data[2][5]
    SLICE_X95Y143        LUT6 (Prop_lut6_I0_O)        0.264    19.244 r  core_inst_gen[3].u_engine_core/m_axis_tdata[5]_INST_0/O
                         net (fo=0)                   0.787    20.031    m_axis_tdata[5]
                                                                      r  m_axis_tdata[5] (OUT)
  -------------------------------------------------------------------    -------------------

Slack:                    inf
  Source:                 core_inst_gen[2].u_engine_core/rd_ptr_reg[3]_rep__2/C
                            (rising edge-triggered cell FDCE clocked by aclk  {rise@0.000ns fall@5.000ns period=10.000ns})
  Destination:            m_axis_tdata[1]
                            (output port)
  Path Group:             (none)
  Path Type:              Max at Slow Process Corner
  Data Path Delay:        18.246ns  (logic 1.495ns (8.194%)  route 16.751ns (91.806%))
  Logic Levels:           5  (LUT6=2 MUXF7=1 MUXF8=2)
  Clock Uncertainty:      0.025ns  ((TSJ^2 + TIJ^2)^1/2 + DJ) / 2 + PE
    Total System Jitter     (TSJ):    0.050ns
    Total Input Jitter      (TIJ):    0.000ns
    Discrete Jitter          (DJ):    0.000ns
    Phase Error              (PE):    0.000ns

    Location             Delay type                Incr(ns)  Path(ns)    Netlist Resource(s)
  -------------------------------------------------------------------    -------------------
                         (clock aclk rise edge)       0.000     0.000 r  
                                                      0.000     0.000 r  aclk (IN)
                         net (fo=144018, unset)       1.372     1.372    core_inst_gen[2].u_engine_core/aclk
    SLICE_X93Y176        FDCE                                         r  core_inst_gen[2].u_engine_core/rd_ptr_reg[3]_rep__2/C
  -------------------------------------------------------------------    -------------------
    SLICE_X93Y176        FDCE (Prop_fdce_C_Q)         0.348     1.720 r  core_inst_gen[2].u_engine_core/rd_ptr_reg[3]_rep__2/Q
                         net (fo=104, routed)        12.651    14.371    core_inst_gen[2].u_engine_core/rd_ptr_reg[3]_rep__2_n_0
    SLICE_X21Y118        MUXF8 (Prop_muxf8_S_O)       0.358    14.729 r  core_inst_gen[2].u_engine_core/m_axis_tdata[1]_INST_0_i_42/O
                         net (fo=1, routed)           2.868    17.597    core_inst_gen[2].u_engine_core/m_axis_tdata[1]_INST_0_i_42_n_0
    SLICE_X61Y156        LUT6 (Prop_lut6_I1_O)        0.264    17.861 r  core_inst_gen[2].u_engine_core/m_axis_tdata[1]_INST_0_i_16/O
                         net (fo=1, routed)           0.000    17.861    core_inst_gen[2].u_engine_core/m_axis_tdata[1]_INST_0_i_16_n_0
    SLICE_X61Y156        MUXF7 (Prop_muxf7_I1_O)      0.182    18.043 r  core_inst_gen[2].u_engine_core/m_axis_tdata[1]_INST_0_i_6/O
                         net (fo=1, routed)           0.000    18.043    core_inst_gen[2].u_engine_core/m_axis_tdata[1]_INST_0_i_6_n_0
    SLICE_X61Y156        MUXF8 (Prop_muxf8_I1_O)      0.079    18.122 r  core_inst_gen[2].u_engine_core/m_axis_tdata[1]_INST_0_i_1/O
                         net (fo=1, routed)           0.445    18.567    core_inst_gen[3].u_engine_core/engine_m_data[2][1]
    SLICE_X61Y152        LUT6 (Prop_lut6_I0_O)        0.264    18.831 r  core_inst_gen[3].u_engine_core/m_axis_tdata[1]_INST_0/O
                         net (fo=0)                   0.787    19.618    m_axis_tdata[1]
                                                                      r  m_axis_tdata[1] (OUT)
  -------------------------------------------------------------------    -------------------

Slack:                    inf
  Source:                 core_inst_gen[2].u_engine_core/rd_ptr_reg[3]_rep__2/C
                            (rising edge-triggered cell FDCE clocked by aclk  {rise@0.000ns fall@5.000ns period=10.000ns})
  Destination:            m_axis_tdata[0]
                            (output port)
  Path Group:             (none)
  Path Type:              Max at Slow Process Corner
  Data Path Delay:        18.202ns  (logic 1.476ns (8.109%)  route 16.726ns (91.891%))
  Logic Levels:           5  (LUT6=2 MUXF7=1 MUXF8=2)
  Clock Uncertainty:      0.025ns  ((TSJ^2 + TIJ^2)^1/2 + DJ) / 2 + PE
    Total System Jitter     (TSJ):    0.050ns
    Total Input Jitter      (TIJ):    0.000ns
    Discrete Jitter          (DJ):    0.000ns
    Phase Error              (PE):    0.000ns

    Location             Delay type                Incr(ns)  Path(ns)    Netlist Resource(s)
  -------------------------------------------------------------------    -------------------
                         (clock aclk rise edge)       0.000     0.000 r  
                                                      0.000     0.000 r  aclk (IN)
                         net (fo=144018, unset)       1.372     1.372    core_inst_gen[2].u_engine_core/aclk
    SLICE_X93Y176        FDCE                                         r  core_inst_gen[2].u_engine_core/rd_ptr_reg[3]_rep__2/C
  -------------------------------------------------------------------    -------------------
    SLICE_X93Y176        FDCE (Prop_fdce_C_Q)         0.348     1.720 r  core_inst_gen[2].u_engine_core/rd_ptr_reg[3]_rep__2/Q
                         net (fo=104, routed)        13.034    14.754    core_inst_gen[2].u_engine_core/rd_ptr_reg[3]_rep__2_n_0
    SLICE_X17Y128        MUXF8 (Prop_muxf8_S_O)       0.358    15.112 r  core_inst_gen[2].u_engine_core/m_axis_tdata[0]_INST_0_i_37/O
                         net (fo=1, routed)           2.205    17.317    core_inst_gen[2].u_engine_core/m_axis_tdata[0]_INST_0_i_37_n_0
    SLICE_X88Y146        LUT6 (Prop_lut6_I0_O)        0.264    17.581 r  core_inst_gen[2].u_engine_core/m_axis_tdata[0]_INST_0_i_15/O
                         net (fo=1, routed)           0.000    17.581    core_inst_gen[2].u_engine_core/m_axis_tdata[0]_INST_0_i_15_n_0
    SLICE_X88Y146        MUXF7 (Prop_muxf7_I0_O)      0.173    17.754 r  core_inst_gen[2].u_engine_core/m_axis_tdata[0]_INST_0_i_6/O
                         net (fo=1, routed)           0.000    17.754    core_inst_gen[2].u_engine_core/m_axis_tdata[0]_INST_0_i_6_n_0
    SLICE_X88Y146        MUXF8 (Prop_muxf8_I1_O)      0.074    17.828 r  core_inst_gen[2].u_engine_core/m_axis_tdata[0]_INST_0_i_1/O
                         net (fo=1, routed)           0.700    18.528    core_inst_gen[3].u_engine_core/engine_m_data[2][0]
    SLICE_X100Y149       LUT6 (Prop_lut6_I0_O)        0.259    18.787 r  core_inst_gen[3].u_engine_core/m_axis_tdata[0]_INST_0/O
                         net (fo=0)                   0.787    19.574    m_axis_tdata[0]
                                                                      r  m_axis_tdata[0] (OUT)
  -------------------------------------------------------------------    -------------------

Slack:                    inf
  Source:                 core_inst_gen[2].u_engine_core/rd_ptr_reg[3]_rep__2/C
                            (rising edge-triggered cell FDCE clocked by aclk  {rise@0.000ns fall@5.000ns period=10.000ns})
  Destination:            m_axis_tdata[3]
                            (output port)
  Path Group:             (none)
  Path Type:              Max at Slow Process Corner
  Data Path Delay:        18.009ns  (logic 1.491ns (8.279%)  route 16.518ns (91.721%))
  Logic Levels:           5  (LUT6=2 MUXF7=1 MUXF8=2)
  Clock Uncertainty:      0.025ns  ((TSJ^2 + TIJ^2)^1/2 + DJ) / 2 + PE
    Total System Jitter     (TSJ):    0.050ns
    Total Input Jitter      (TIJ):    0.000ns
    Discrete Jitter          (DJ):    0.000ns
    Phase Error              (PE):    0.000ns

    Location             Delay type                Incr(ns)  Path(ns)    Netlist Resource(s)
  -------------------------------------------------------------------    -------------------
                         (clock aclk rise edge)       0.000     0.000 r  
                                                      0.000     0.000 r  aclk (IN)
                         net (fo=144018, unset)       1.372     1.372    core_inst_gen[2].u_engine_core/aclk
    SLICE_X93Y176        FDCE                                         r  core_inst_gen[2].u_engine_core/rd_ptr_reg[3]_rep__2/C
  -------------------------------------------------------------------    -------------------
    SLICE_X93Y176        FDCE (Prop_fdce_C_Q)         0.348     1.720 r  core_inst_gen[2].u_engine_core/rd_ptr_reg[3]_rep__2/Q
                         net (fo=104, routed)        12.919    14.639    core_inst_gen[2].u_engine_core/rd_ptr_reg[3]_rep__2_n_0
    SLICE_X23Y115        MUXF8 (Prop_muxf8_S_O)       0.358    14.997 r  core_inst_gen[2].u_engine_core/m_axis_tdata[3]_INST_0_i_37/O
                         net (fo=1, routed)           1.962    16.959    core_inst_gen[2].u_engine_core/m_axis_tdata[3]_INST_0_i_37_n_0
    SLICE_X61Y127        LUT6 (Prop_lut6_I0_O)        0.264    17.223 r  core_inst_gen[2].u_engine_core/m_axis_tdata[3]_INST_0_i_15/O
                         net (fo=1, routed)           0.000    17.223    core_inst_gen[2].u_engine_core/m_axis_tdata[3]_INST_0_i_15_n_0
    SLICE_X61Y127        MUXF7 (Prop_muxf7_I0_O)      0.178    17.401 r  core_inst_gen[2].u_engine_core/m_axis_tdata[3]_INST_0_i_6/O
                         net (fo=1, routed)           0.000    17.401    core_inst_gen[2].u_engine_core/m_axis_tdata[3]_INST_0_i_6_n_0
    SLICE_X61Y127        MUXF8 (Prop_muxf8_I1_O)      0.079    17.480 r  core_inst_gen[2].u_engine_core/m_axis_tdata[3]_INST_0_i_1/O
                         net (fo=1, routed)           0.850    18.330    core_inst_gen[3].u_engine_core/engine_m_data[2][3]
    SLICE_X55Y145        LUT6 (Prop_lut6_I0_O)        0.264    18.594 r  core_inst_gen[3].u_engine_core/m_axis_tdata[3]_INST_0/O
                         net (fo=0)                   0.787    19.381    m_axis_tdata[3]
                                                                      r  m_axis_tdata[3] (OUT)
  -------------------------------------------------------------------    -------------------

Slack:                    inf
  Source:                 core_inst_gen[1].u_engine_core/rd_ptr_reg[3]_rep__1/C
                            (rising edge-triggered cell FDCE clocked by aclk  {rise@0.000ns fall@5.000ns period=10.000ns})
  Destination:            m_axis_tdata[11]
                            (output port)
  Path Group:             (none)
  Path Type:              Max at Slow Process Corner
  Data Path Delay:        17.682ns  (logic 1.566ns (8.856%)  route 16.116ns (91.144%))
  Logic Levels:           5  (LUT6=2 MUXF7=1 MUXF8=2)
  Clock Uncertainty:      0.025ns  ((TSJ^2 + TIJ^2)^1/2 + DJ) / 2 + PE
    Total System Jitter     (TSJ):    0.050ns
    Total Input Jitter      (TIJ):    0.000ns
    Discrete Jitter          (DJ):    0.000ns
    Phase Error              (PE):    0.000ns

    Location             Delay type                Incr(ns)  Path(ns)    Netlist Resource(s)
  -------------------------------------------------------------------    -------------------
                         (clock aclk rise edge)       0.000     0.000 r  
                                                      0.000     0.000 r  aclk (IN)
                         net (fo=144018, unset)       1.531     1.531    core_inst_gen[1].u_engine_core/aclk
    SLICE_X162Y161       FDCE                                         r  core_inst_gen[1].u_engine_core/rd_ptr_reg[3]_rep__1/C
  -------------------------------------------------------------------    -------------------
    SLICE_X162Y161       FDCE (Prop_fdce_C_Q)         0.398     1.929 r  core_inst_gen[1].u_engine_core/rd_ptr_reg[3]_rep__1/Q
                         net (fo=128, routed)        10.450    12.379    core_inst_gen[1].u_engine_core/rd_ptr_reg[3]_rep__1_n_0
    SLICE_X162Y244       MUXF8 (Prop_muxf8_S_O)       0.362    12.741 r  core_inst_gen[1].u_engine_core/m_axis_tdata[11]_INST_0_i_84/O
                         net (fo=1, routed)           1.109    13.851    core_inst_gen[1].u_engine_core/m_axis_tdata[11]_INST_0_i_84_n_0
    SLICE_X148Y229       LUT6 (Prop_lut6_I5_O)        0.259    14.110 r  core_inst_gen[1].u_engine_core/m_axis_tdata[11]_INST_0_i_26/O
                         net (fo=1, routed)           0.000    14.110    core_inst_gen[1].u_engine_core/m_axis_tdata[11]_INST_0_i_26_n_0
    SLICE_X148Y229       MUXF7 (Prop_muxf7_I1_O)      0.206    14.316 r  core_inst_gen[1].u_engine_core/m_axis_tdata[11]_INST_0_i_11/O
                         net (fo=1, routed)           0.000    14.316    core_inst_gen[1].u_engine_core/m_axis_tdata[11]_INST_0_i_11_n_0
    SLICE_X148Y229       MUXF8 (Prop_muxf8_I0_O)      0.082    14.398 r  core_inst_gen[1].u_engine_core/m_axis_tdata[11]_INST_0_i_4/O
                         net (fo=1, routed)           3.769    18.167    core_inst_gen[3].u_engine_core/engine_m_data[1][11]
    SLICE_X87Y155        LUT6 (Prop_lut6_I5_O)        0.259    18.426 r  core_inst_gen[3].u_engine_core/m_axis_tdata[11]_INST_0/O
                         net (fo=0)                   0.787    19.213    m_axis_tdata[11]
                                                                      r  m_axis_tdata[11] (OUT)
  -------------------------------------------------------------------    -------------------

Slack:                    inf
  Source:                 core_inst_gen[3].u_engine_core/rd_ptr_reg[3]_rep/C
                            (rising edge-triggered cell FDCE clocked by aclk  {rise@0.000ns fall@5.000ns period=10.000ns})
  Destination:            m_axis_tdata[26]
                            (output port)
  Path Group:             (none)
  Path Type:              Max at Slow Process Corner
  Data Path Delay:        17.179ns  (logic 1.446ns (8.417%)  route 15.733ns (91.583%))
  Logic Levels:           5  (LUT6=2 MUXF7=1 MUXF8=2)
  Clock Uncertainty:      0.025ns  ((TSJ^2 + TIJ^2)^1/2 + DJ) / 2 + PE
    Total System Jitter     (TSJ):    0.050ns
    Total Input Jitter      (TIJ):    0.000ns
    Discrete Jitter          (DJ):    0.000ns
    Phase Error              (PE):    0.000ns

    Location             Delay type                Incr(ns)  Path(ns)    Netlist Resource(s)
  -------------------------------------------------------------------    -------------------
                         (clock aclk rise edge)       0.000     0.000 r  
                                                      0.000     0.000 r  aclk (IN)
                         net (fo=144018, unset)       1.395     1.395    core_inst_gen[3].u_engine_core/aclk
    SLICE_X44Y192        FDCE                                         r  core_inst_gen[3].u_engine_core/rd_ptr_reg[3]_rep/C
  -------------------------------------------------------------------    -------------------
    SLICE_X44Y192        FDCE (Prop_fdce_C_Q)         0.433     1.828 r  core_inst_gen[3].u_engine_core/rd_ptr_reg[3]_rep/Q
                         net (fo=128, routed)         9.163    10.991    core_inst_gen[3].u_engine_core/rd_ptr_reg[3]_rep_n_0
    SLICE_X45Y226        MUXF8 (Prop_muxf8_S_O)       0.224    11.215 r  core_inst_gen[3].u_engine_core/m_axis_tdata[26]_INST_0_i_60/O
                         net (fo=1, routed)           1.781    12.997    core_inst_gen[3].u_engine_core/m_axis_tdata[26]_INST_0_i_60_n_0
    SLICE_X15Y228        LUT6 (Prop_lut6_I5_O)        0.264    13.261 r  core_inst_gen[3].u_engine_core/m_axis_tdata[26]_INST_0_i_20/O
                         net (fo=1, routed)           0.000    13.261    core_inst_gen[3].u_engine_core/m_axis_tdata[26]_INST_0_i_20_n_0
    SLICE_X15Y228        MUXF7 (Prop_muxf7_I1_O)      0.182    13.443 r  core_inst_gen[3].u_engine_core/m_axis_tdata[26]_INST_0_i_8/O
                         net (fo=1, routed)           0.000    13.443    core_inst_gen[3].u_engine_core/m_axis_tdata[26]_INST_0_i_8_n_0
    SLICE_X15Y228        MUXF8 (Prop_muxf8_I1_O)      0.079    13.522 r  core_inst_gen[3].u_engine_core/m_axis_tdata[26]_INST_0_i_2/O
                         net (fo=1, routed)           4.001    17.523    core_inst_gen[3].u_engine_core/engine_m_data[3][26]
    SLICE_X95Y180        LUT6 (Prop_lut6_I1_O)        0.264    17.787 r  core_inst_gen[3].u_engine_core/m_axis_tdata[26]_INST_0/O
                         net (fo=0)                   0.787    18.574    m_axis_tdata[26]
                                                                      r  m_axis_tdata[26] (OUT)
  -------------------------------------------------------------------    -------------------

Slack:                    inf
  Source:                 core_inst_gen[0].u_engine_core/rd_ptr_reg[2]/C
                            (rising edge-triggered cell FDCE clocked by aclk  {rise@0.000ns fall@5.000ns period=10.000ns})
  Destination:            m_axis_tdata[35]
                            (output port)
  Path Group:             (none)
  Path Type:              Max at Slow Process Corner
  Data Path Delay:        17.122ns  (logic 1.646ns (9.613%)  route 15.476ns (90.387%))
  Logic Levels:           6  (LUT6=2 MUXF7=2 MUXF8=2)
  Clock Uncertainty:      0.025ns  ((TSJ^2 + TIJ^2)^1/2 + DJ) / 2 + PE
    Total System Jitter     (TSJ):    0.050ns
    Total Input Jitter      (TIJ):    0.000ns
    Discrete Jitter          (DJ):    0.000ns
    Phase Error              (PE):    0.000ns

    Location             Delay type                Incr(ns)  Path(ns)    Netlist Resource(s)
  -------------------------------------------------------------------    -------------------
                         (clock aclk rise edge)       0.000     0.000 r  
                                                      0.000     0.000 r  aclk (IN)
                         net (fo=144018, unset)       1.400     1.400    core_inst_gen[0].u_engine_core/aclk
    SLICE_X100Y121       FDCE                                         r  core_inst_gen[0].u_engine_core/rd_ptr_reg[2]/C
  -------------------------------------------------------------------    -------------------
    SLICE_X100Y121       FDCE (Prop_fdce_C_Q)         0.398     1.798 r  core_inst_gen[0].u_engine_core/rd_ptr_reg[2]/Q
                         net (fo=128, routed)         7.341     9.139    core_inst_gen[0].u_engine_core/rd_ptr_reg[2]
    SLICE_X74Y50         MUXF7 (Prop_muxf7_S_O)       0.386     9.525 r  core_inst_gen[0].u_engine_core/m_axis_tdata[35]_INST_0_i_173/O
                         net (fo=1, routed)           0.000     9.525    core_inst_gen[0].u_engine_core/m_axis_tdata[35]_INST_0_i_173_n_0
    SLICE_X74Y50         MUXF8 (Prop_muxf8_I0_O)      0.082     9.607 r  core_inst_gen[0].u_engine_core/m_axis_tdata[35]_INST_0_i_69/O
                         net (fo=1, routed)           2.688    12.296    core_inst_gen[0].u_engine_core/m_axis_tdata[35]_INST_0_i_69_n_0
    SLICE_X138Y92        LUT6 (Prop_lut6_I0_O)        0.259    12.555 r  core_inst_gen[0].u_engine_core/m_axis_tdata[35]_INST_0_i_23/O
                         net (fo=1, routed)           0.000    12.555    core_inst_gen[0].u_engine_core/m_axis_tdata[35]_INST_0_i_23_n_0
    SLICE_X138Y92        MUXF7 (Prop_muxf7_I0_O)      0.178    12.733 r  core_inst_gen[0].u_engine_core/m_axis_tdata[35]_INST_0_i_10/O
                         net (fo=1, routed)           0.000    12.733    core_inst_gen[0].u_engine_core/m_axis_tdata[35]_INST_0_i_10_n_0
    SLICE_X138Y92        MUXF8 (Prop_muxf8_I1_O)      0.079    12.812 r  core_inst_gen[0].u_engine_core/m_axis_tdata[35]_INST_0_i_3/O
                         net (fo=1, routed)           4.660    17.471    core_inst_gen[3].u_engine_core/engine_m_data[0][35]
    SLICE_X75Y186        LUT6 (Prop_lut6_I2_O)        0.264    17.735 r  core_inst_gen[3].u_engine_core/m_axis_tdata[35]_INST_0/O
                         net (fo=0)                   0.787    18.522    m_axis_tdata[35]
                                                                      r  m_axis_tdata[35] (OUT)
  -------------------------------------------------------------------    -------------------

Slack:                    inf
  Source:                 core_inst_gen[3].u_engine_core/rd_ptr_reg[2]_rep/C
                            (rising edge-triggered cell FDCE clocked by aclk  {rise@0.000ns fall@5.000ns period=10.000ns})
  Destination:            m_axis_tdata[31]
                            (output port)
  Path Group:             (none)
  Path Type:              Max at Slow Process Corner
  Data Path Delay:        17.000ns  (logic 1.599ns (9.406%)  route 15.401ns (90.594%))
  Logic Levels:           6  (LUT6=2 MUXF7=2 MUXF8=2)
  Clock Uncertainty:      0.025ns  ((TSJ^2 + TIJ^2)^1/2 + DJ) / 2 + PE
    Total System Jitter     (TSJ):    0.050ns
    Total Input Jitter      (TIJ):    0.000ns
    Discrete Jitter          (DJ):    0.000ns
    Phase Error              (PE):    0.000ns

    Location             Delay type                Incr(ns)  Path(ns)    Netlist Resource(s)
  -------------------------------------------------------------------    -------------------
                         (clock aclk rise edge)       0.000     0.000 r  
                                                      0.000     0.000 r  aclk (IN)
                         net (fo=144018, unset)       1.390     1.390    core_inst_gen[3].u_engine_core/aclk
    SLICE_X57Y187        FDCE                                         r  core_inst_gen[3].u_engine_core/rd_ptr_reg[2]_rep/C
  -------------------------------------------------------------------    -------------------
    SLICE_X57Y187        FDCE (Prop_fdce_C_Q)         0.348     1.738 r  core_inst_gen[3].u_engine_core/rd_ptr_reg[2]_rep/Q
                         net (fo=128, routed)         9.413    11.151    core_inst_gen[3].u_engine_core/rd_ptr_reg[2]_rep_n_0
    SLICE_X8Y240         MUXF7 (Prop_muxf7_S_O)       0.376    11.527 r  core_inst_gen[3].u_engine_core/m_axis_tdata[31]_INST_0_i_130/O
                         net (fo=1, routed)           0.000    11.527    core_inst_gen[3].u_engine_core/m_axis_tdata[31]_INST_0_i_130_n_0
    SLICE_X8Y240         MUXF8 (Prop_muxf8_I1_O)      0.074    11.601 r  core_inst_gen[3].u_engine_core/m_axis_tdata[31]_INST_0_i_47/O
                         net (fo=1, routed)           1.587    13.188    core_inst_gen[3].u_engine_core/m_axis_tdata[31]_INST_0_i_47_n_0
    SLICE_X8Y218         LUT6 (Prop_lut6_I3_O)        0.259    13.447 r  core_inst_gen[3].u_engine_core/m_axis_tdata[31]_INST_0_i_17/O
                         net (fo=1, routed)           0.000    13.447    core_inst_gen[3].u_engine_core/m_axis_tdata[31]_INST_0_i_17_n_0
    SLICE_X8Y218         MUXF7 (Prop_muxf7_I0_O)      0.201    13.648 r  core_inst_gen[3].u_engine_core/m_axis_tdata[31]_INST_0_i_7/O
                         net (fo=1, routed)           0.000    13.648    core_inst_gen[3].u_engine_core/m_axis_tdata[31]_INST_0_i_7_n_0
    SLICE_X8Y218         MUXF8 (Prop_muxf8_I0_O)      0.082    13.730 r  core_inst_gen[3].u_engine_core/m_axis_tdata[31]_INST_0_i_2/O
                         net (fo=1, routed)           3.613    17.344    core_inst_gen[3].u_engine_core/engine_m_data[3][31]
    SLICE_X87Y185        LUT6 (Prop_lut6_I1_O)        0.259    17.603 r  core_inst_gen[3].u_engine_core/m_axis_tdata[31]_INST_0/O
                         net (fo=0)                   0.787    18.390    m_axis_tdata[31]
                                                                      r  m_axis_tdata[31] (OUT)
  -------------------------------------------------------------------    -------------------





Min Delay Paths
--------------------------------------------------------------------------------------
Slack:                    inf
  Source:                 wr_ptr_reg[0]/C
                            (rising edge-triggered cell FDCE clocked by aclk  {rise@0.000ns fall@5.000ns period=10.000ns})
  Destination:            s_axis_tready
                            (output port)
  Path Group:             (none)
  Path Type:              Min at Fast Process Corner
  Data Path Delay:        0.769ns  (logic 0.209ns (27.191%)  route 0.560ns (72.809%))
  Logic Levels:           1  (LUT6=1)
  Clock Uncertainty:      0.025ns  ((TSJ^2 + TIJ^2)^1/2 + DJ) / 2 + PE
    Total System Jitter     (TSJ):    0.050ns
    Total Input Jitter      (TIJ):    0.000ns
    Discrete Jitter          (DJ):    0.000ns
    Phase Error              (PE):    0.000ns

    Location             Delay type                Incr(ns)  Path(ns)    Netlist Resource(s)
  -------------------------------------------------------------------    -------------------
                         (clock aclk rise edge)       0.000     0.000 r  
                                                      0.000     0.000 r  aclk (IN)
                         net (fo=144018, unset)       0.563     0.563    aclk
    SLICE_X94Y173        FDCE                                         r  wr_ptr_reg[0]/C
  -------------------------------------------------------------------    -------------------
    SLICE_X94Y173        FDCE (Prop_fdce_C_Q)         0.164     0.727 r  wr_ptr_reg[0]/Q
                         net (fo=7, routed)           0.169     0.896    core_inst_gen[3].u_engine_core/u_iv_top/p_0_in[0]
    SLICE_X94Y172        LUT6 (Prop_lut6_I4_O)        0.045     0.941 r  core_inst_gen[3].u_engine_core/u_iv_top/s_axis_tready_INST_0/O
                         net (fo=2, unset)            0.390     1.332    s_axis_tready
                                                                      r  s_axis_tready (OUT)
  -------------------------------------------------------------------    -------------------

Slack:                    inf
  Source:                 core_inst_gen[2].u_engine_core/fifo_count_reg[2]/C
                            (rising edge-triggered cell FDCE clocked by aclk  {rise@0.000ns fall@5.000ns period=10.000ns})
  Destination:            m_axis_tvalid
                            (output port)
  Path Group:             (none)
  Path Type:              Min at Fast Process Corner
  Data Path Delay:        1.003ns  (logic 0.231ns (23.036%)  route 0.772ns (76.964%))
  Logic Levels:           2  (LUT4=1 LUT6=1)
  Clock Uncertainty:      0.025ns  ((TSJ^2 + TIJ^2)^1/2 + DJ) / 2 + PE
    Total System Jitter     (TSJ):    0.050ns
    Total Input Jitter      (TIJ):    0.000ns
    Discrete Jitter          (DJ):    0.000ns
    Phase Error              (PE):    0.000ns

    Location             Delay type                Incr(ns)  Path(ns)    Netlist Resource(s)
  -------------------------------------------------------------------    -------------------
                         (clock aclk rise edge)       0.000     0.000 r  
                                                      0.000     0.000 r  aclk (IN)
                         net (fo=144018, unset)       0.572     0.572    core_inst_gen[2].u_engine_core/aclk
    SLICE_X101Y167       FDCE                                         r  core_inst_gen[2].u_engine_core/fifo_count_reg[2]/C
  -------------------------------------------------------------------    -------------------
    SLICE_X101Y167       FDCE (Prop_fdce_C_Q)         0.141     0.713 r  core_inst_gen[2].u_engine_core/fifo_count_reg[2]/Q
                         net (fo=5, routed)           0.075     0.788    core_inst_gen[2].u_engine_core/fifo_count_reg[2]
    SLICE_X100Y167       LUT6 (Prop_lut6_I3_O)        0.045     0.833 r  core_inst_gen[2].u_engine_core/m_axis_tvalid_INST_0_i_2/O
                         net (fo=8, routed)           0.306     1.140    core_inst_gen[3].u_engine_core/engine_m_valid[2]
    SLICE_X100Y168       LUT4 (Prop_lut4_I1_O)        0.045     1.185 r  core_inst_gen[3].u_engine_core/m_axis_tvalid_INST_0/O
                         net (fo=6, unset)            0.390     1.575    m_axis_tvalid
                                                                      r  m_axis_tvalid (OUT)
  -------------------------------------------------------------------    -------------------

Slack:                    inf
  Source:                 rd_ptr_reg[0]/C
                            (rising edge-triggered cell FDCE clocked by aclk  {rise@0.000ns fall@5.000ns period=10.000ns})
  Destination:            m_axis_tdata[14]
                            (output port)
  Path Group:             (none)
  Path Type:              Min at Fast Process Corner
  Data Path Delay:        1.282ns  (logic 0.254ns (19.813%)  route 1.028ns (80.187%))
  Logic Levels:           2  (LUT6=2)
  Clock Uncertainty:      0.025ns  ((TSJ^2 + TIJ^2)^1/2 + DJ) / 2 + PE
    Total System Jitter     (TSJ):    0.050ns
    Total Input Jitter      (TIJ):    0.000ns
    Discrete Jitter          (DJ):    0.000ns
    Phase Error              (PE):    0.000ns

    Location             Delay type                Incr(ns)  Path(ns)    Netlist Resource(s)
  -------------------------------------------------------------------    -------------------
                         (clock aclk rise edge)       0.000     0.000 r  
                                                      0.000     0.000 r  aclk (IN)
                         net (fo=144018, unset)       0.572     0.572    aclk
    SLICE_X100Y167       FDCE                                         r  rd_ptr_reg[0]/C
  -------------------------------------------------------------------    -------------------
    SLICE_X100Y167       FDCE (Prop_fdce_C_Q)         0.164     0.736 r  rd_ptr_reg[0]/Q
                         net (fo=7, routed)           0.298     1.034    core_inst_gen[3].u_engine_core/rd_ptr[0]
    SLICE_X102Y166       LUT6 (Prop_lut6_I4_O)        0.045     1.079 r  core_inst_gen[3].u_engine_core/m_axis_tdata[37]_INST_0_i_4/O
                         net (fo=42, routed)          0.339     1.419    core_inst_gen[3].u_engine_core/active_rd[1]
    SLICE_X100Y162       LUT6 (Prop_lut6_I3_O)        0.045     1.464 r  core_inst_gen[3].u_engine_core/m_axis_tdata[14]_INST_0/O
                         net (fo=0)                   0.390     1.854    m_axis_tdata[14]
                                                                      r  m_axis_tdata[14] (OUT)
  -------------------------------------------------------------------    -------------------

Slack:                    inf
  Source:                 rd_ptr_reg[0]/C
                            (rising edge-triggered cell FDCE clocked by aclk  {rise@0.000ns fall@5.000ns period=10.000ns})
  Destination:            m_axis_tdata[27]
                            (output port)
  Path Group:             (none)
  Path Type:              Min at Fast Process Corner
  Data Path Delay:        1.311ns  (logic 0.254ns (19.376%)  route 1.057ns (80.624%))
  Logic Levels:           2  (LUT6=2)
  Clock Uncertainty:      0.025ns  ((TSJ^2 + TIJ^2)^1/2 + DJ) / 2 + PE
    Total System Jitter     (TSJ):    0.050ns
    Total Input Jitter      (TIJ):    0.000ns
    Discrete Jitter          (DJ):    0.000ns
    Phase Error              (PE):    0.000ns

    Location             Delay type                Incr(ns)  Path(ns)    Netlist Resource(s)
  -------------------------------------------------------------------    -------------------
                         (clock aclk rise edge)       0.000     0.000 r  
                                                      0.000     0.000 r  aclk (IN)
                         net (fo=144018, unset)       0.572     0.572    aclk
    SLICE_X100Y167       FDCE                                         r  rd_ptr_reg[0]/C
  -------------------------------------------------------------------    -------------------
    SLICE_X100Y167       FDCE (Prop_fdce_C_Q)         0.164     0.736 r  rd_ptr_reg[0]/Q
                         net (fo=7, routed)           0.291     1.027    core_inst_gen[3].u_engine_core/rd_ptr[0]
    SLICE_X100Y166       LUT6 (Prop_lut6_I4_O)        0.045     1.072 r  core_inst_gen[3].u_engine_core/m_axis_tdata[37]_INST_0_i_5/O
                         net (fo=43, routed)          0.376     1.448    core_inst_gen[3].u_engine_core/active_rd[0]
    SLICE_X104Y172       LUT6 (Prop_lut6_I4_O)        0.045     1.493 r  core_inst_gen[3].u_engine_core/m_axis_tdata[27]_INST_0/O
                         net (fo=0)                   0.390     1.883    m_axis_tdata[27]
                                                                      r  m_axis_tdata[27] (OUT)
  -------------------------------------------------------------------    -------------------

Slack:                    inf
  Source:                 rd_ptr_reg[0]/C
                            (rising edge-triggered cell FDCE clocked by aclk  {rise@0.000ns fall@5.000ns period=10.000ns})
  Destination:            m_axis_tdata[2]
                            (output port)
  Path Group:             (none)
  Path Type:              Min at Fast Process Corner
  Data Path Delay:        1.394ns  (logic 0.254ns (18.222%)  route 1.140ns (81.778%))
  Logic Levels:           2  (LUT6=2)
  Clock Uncertainty:      0.025ns  ((TSJ^2 + TIJ^2)^1/2 + DJ) / 2 + PE
    Total System Jitter     (TSJ):    0.050ns
    Total Input Jitter      (TIJ):    0.000ns
    Discrete Jitter          (DJ):    0.000ns
    Phase Error              (PE):    0.000ns

    Location             Delay type                Incr(ns)  Path(ns)    Netlist Resource(s)
  -------------------------------------------------------------------    -------------------
                         (clock aclk rise edge)       0.000     0.000 r  
                                                      0.000     0.000 r  aclk (IN)
                         net (fo=144018, unset)       0.572     0.572    aclk
    SLICE_X100Y167       FDCE                                         r  rd_ptr_reg[0]/C
  -------------------------------------------------------------------    -------------------
    SLICE_X100Y167       FDCE (Prop_fdce_C_Q)         0.164     0.736 r  rd_ptr_reg[0]/Q
                         net (fo=7, routed)           0.291     1.027    core_inst_gen[3].u_engine_core/rd_ptr[0]
    SLICE_X100Y166       LUT6 (Prop_lut6_I4_O)        0.045     1.072 r  core_inst_gen[3].u_engine_core/m_axis_tdata[37]_INST_0_i_5/O
                         net (fo=43, routed)          0.459     1.531    core_inst_gen[3].u_engine_core/active_rd[0]
    SLICE_X104Y172       LUT6 (Prop_lut6_I4_O)        0.045     1.576 r  core_inst_gen[3].u_engine_core/m_axis_tdata[2]_INST_0/O
                         net (fo=0)                   0.390     1.966    m_axis_tdata[2]
                                                                      r  m_axis_tdata[2] (OUT)
  -------------------------------------------------------------------    -------------------

Slack:                    inf
  Source:                 core_inst_gen[2].u_engine_core/rd_ptr_reg[6]/C
                            (rising edge-triggered cell FDCE clocked by aclk  {rise@0.000ns fall@5.000ns period=10.000ns})
  Destination:            m_axis_tdata[15]
                            (output port)
  Path Group:             (none)
  Path Type:              Min at Fast Process Corner
  Data Path Delay:        1.463ns  (logic 0.386ns (26.391%)  route 1.077ns (73.609%))
  Logic Levels:           3  (LUT6=1 MUXF7=1 MUXF8=1)
  Clock Uncertainty:      0.025ns  ((TSJ^2 + TIJ^2)^1/2 + DJ) / 2 + PE
    Total System Jitter     (TSJ):    0.050ns
    Total Input Jitter      (TIJ):    0.000ns
    Discrete Jitter          (DJ):    0.000ns
    Phase Error              (PE):    0.000ns

    Location             Delay type                Incr(ns)  Path(ns)    Netlist Resource(s)
  -------------------------------------------------------------------    -------------------
                         (clock aclk rise edge)       0.000     0.000 r  
                                                      0.000     0.000 r  aclk (IN)
                         net (fo=144018, unset)       0.566     0.566    core_inst_gen[2].u_engine_core/aclk
    SLICE_X100Y173       FDCE                                         r  core_inst_gen[2].u_engine_core/rd_ptr_reg[6]/C
  -------------------------------------------------------------------    -------------------
    SLICE_X100Y173       FDCE (Prop_fdce_C_Q)         0.164     0.730 r  core_inst_gen[2].u_engine_core/rd_ptr_reg[6]/Q
                         net (fo=78, routed)          0.454     1.184    core_inst_gen[2].u_engine_core/rd_ptr_reg[6]
    SLICE_X104Y160       MUXF7 (Prop_muxf7_S_O)       0.090     1.274 r  core_inst_gen[2].u_engine_core/m_axis_tdata[15]_INST_0_i_6/O
                         net (fo=1, routed)           0.000     1.274    core_inst_gen[2].u_engine_core/m_axis_tdata[15]_INST_0_i_6_n_0
    SLICE_X104Y160       MUXF8 (Prop_muxf8_I1_O)      0.019     1.293 r  core_inst_gen[2].u_engine_core/m_axis_tdata[15]_INST_0_i_1/O
                         net (fo=1, routed)           0.232     1.525    core_inst_gen[3].u_engine_core/engine_m_data[2][15]
    SLICE_X103Y160       LUT6 (Prop_lut6_I0_O)        0.113     1.638 r  core_inst_gen[3].u_engine_core/m_axis_tdata[15]_INST_0/O
                         net (fo=0)                   0.390     2.029    m_axis_tdata[15]
                                                                      r  m_axis_tdata[15] (OUT)
  -------------------------------------------------------------------    -------------------

Slack:                    inf
  Source:                 rd_ptr_reg[0]/C
                            (rising edge-triggered cell FDCE clocked by aclk  {rise@0.000ns fall@5.000ns period=10.000ns})
  Destination:            m_axis_tdata[25]
                            (output port)
  Path Group:             (none)
  Path Type:              Min at Fast Process Corner
  Data Path Delay:        1.487ns  (logic 0.254ns (17.077%)  route 1.233ns (82.923%))
  Logic Levels:           2  (LUT6=2)
  Clock Uncertainty:      0.025ns  ((TSJ^2 + TIJ^2)^1/2 + DJ) / 2 + PE
    Total System Jitter     (TSJ):    0.050ns
    Total Input Jitter      (TIJ):    0.000ns
    Discrete Jitter          (DJ):    0.000ns
    Phase Error              (PE):    0.000ns

    Location             Delay type                Incr(ns)  Path(ns)    Netlist Resource(s)
  -------------------------------------------------------------------    -------------------
                         (clock aclk rise edge)       0.000     0.000 r  
                                                      0.000     0.000 r  aclk (IN)
                         net (fo=144018, unset)       0.572     0.572    aclk
    SLICE_X100Y167       FDCE                                         r  rd_ptr_reg[0]/C
  -------------------------------------------------------------------    -------------------
    SLICE_X100Y167       FDCE (Prop_fdce_C_Q)         0.164     0.736 r  rd_ptr_reg[0]/Q
                         net (fo=7, routed)           0.298     1.034    core_inst_gen[3].u_engine_core/rd_ptr[0]
    SLICE_X102Y166       LUT6 (Prop_lut6_I4_O)        0.045     1.079 r  core_inst_gen[3].u_engine_core/m_axis_tdata[37]_INST_0_i_4/O
                         net (fo=42, routed)          0.545     1.624    core_inst_gen[3].u_engine_core/active_rd[1]
    SLICE_X92Y180        LUT6 (Prop_lut6_I3_O)        0.045     1.669 r  core_inst_gen[3].u_engine_core/m_axis_tdata[25]_INST_0/O
                         net (fo=0)                   0.390     2.059    m_axis_tdata[25]
                                                                      r  m_axis_tdata[25] (OUT)
  -------------------------------------------------------------------    -------------------

Slack:                    inf
  Source:                 rd_ptr_reg[0]/C
                            (rising edge-triggered cell FDCE clocked by aclk  {rise@0.000ns fall@5.000ns period=10.000ns})
  Destination:            m_axis_tdata[4]
                            (output port)
  Path Group:             (none)
  Path Type:              Min at Fast Process Corner
  Data Path Delay:        1.501ns  (logic 0.254ns (16.922%)  route 1.247ns (83.078%))
  Logic Levels:           2  (LUT6=2)
  Clock Uncertainty:      0.025ns  ((TSJ^2 + TIJ^2)^1/2 + DJ) / 2 + PE
    Total System Jitter     (TSJ):    0.050ns
    Total Input Jitter      (TIJ):    0.000ns
    Discrete Jitter          (DJ):    0.000ns
    Phase Error              (PE):    0.000ns

    Location             Delay type                Incr(ns)  Path(ns)    Netlist Resource(s)
  -------------------------------------------------------------------    -------------------
                         (clock aclk rise edge)       0.000     0.000 r  
                                                      0.000     0.000 r  aclk (IN)
                         net (fo=144018, unset)       0.572     0.572    aclk
    SLICE_X100Y167       FDCE                                         r  rd_ptr_reg[0]/C
  -------------------------------------------------------------------    -------------------
    SLICE_X100Y167       FDCE (Prop_fdce_C_Q)         0.164     0.736 r  rd_ptr_reg[0]/Q
                         net (fo=7, routed)           0.291     1.027    core_inst_gen[3].u_engine_core/rd_ptr[0]
    SLICE_X100Y166       LUT6 (Prop_lut6_I4_O)        0.045     1.072 r  core_inst_gen[3].u_engine_core/m_axis_tdata[37]_INST_0_i_5/O
                         net (fo=43, routed)          0.566     1.638    core_inst_gen[3].u_engine_core/active_rd[0]
    SLICE_X97Y181        LUT6 (Prop_lut6_I4_O)        0.045     1.683 r  core_inst_gen[3].u_engine_core/m_axis_tdata[4]_INST_0/O
                         net (fo=0)                   0.390     2.073    m_axis_tdata[4]
                                                                      r  m_axis_tdata[4] (OUT)
  -------------------------------------------------------------------    -------------------

Slack:                    inf
  Source:                 core_inst_gen[2].u_engine_core/rd_ptr_reg[6]/C
                            (rising edge-triggered cell FDCE clocked by aclk  {rise@0.000ns fall@5.000ns period=10.000ns})
  Destination:            m_axis_tdata[18]
                            (output port)
  Path Group:             (none)
  Path Type:              Min at Fast Process Corner
  Data Path Delay:        1.529ns  (logic 0.380ns (24.855%)  route 1.149ns (75.145%))
  Logic Levels:           3  (LUT6=1 MUXF7=1 MUXF8=1)
  Clock Uncertainty:      0.025ns  ((TSJ^2 + TIJ^2)^1/2 + DJ) / 2 + PE
    Total System Jitter     (TSJ):    0.050ns
    Total Input Jitter      (TIJ):    0.000ns
    Discrete Jitter          (DJ):    0.000ns
    Phase Error              (PE):    0.000ns

    Location             Delay type                Incr(ns)  Path(ns)    Netlist Resource(s)
  -------------------------------------------------------------------    -------------------
                         (clock aclk rise edge)       0.000     0.000 r  
                                                      0.000     0.000 r  aclk (IN)
                         net (fo=144018, unset)       0.566     0.566    core_inst_gen[2].u_engine_core/aclk
    SLICE_X100Y173       FDCE                                         r  core_inst_gen[2].u_engine_core/rd_ptr_reg[6]/C
  -------------------------------------------------------------------    -------------------
    SLICE_X100Y173       FDCE (Prop_fdce_C_Q)         0.164     0.730 r  core_inst_gen[2].u_engine_core/rd_ptr_reg[6]/Q
                         net (fo=78, routed)          0.449     1.179    core_inst_gen[2].u_engine_core/rd_ptr_reg[6]
    SLICE_X114Y176       MUXF7 (Prop_muxf7_S_O)       0.085     1.264 r  core_inst_gen[2].u_engine_core/m_axis_tdata[18]_INST_0_i_6/O
                         net (fo=1, routed)           0.000     1.264    core_inst_gen[2].u_engine_core/m_axis_tdata[18]_INST_0_i_6_n_0
    SLICE_X114Y176       MUXF8 (Prop_muxf8_I1_O)      0.019     1.283 r  core_inst_gen[2].u_engine_core/m_axis_tdata[18]_INST_0_i_1/O
                         net (fo=1, routed)           0.310     1.593    core_inst_gen[3].u_engine_core/engine_m_data[2][18]
    SLICE_X119Y175       LUT6 (Prop_lut6_I0_O)        0.112     1.705 r  core_inst_gen[3].u_engine_core/m_axis_tdata[18]_INST_0/O
                         net (fo=0)                   0.390     2.095    m_axis_tdata[18]
                                                                      r  m_axis_tdata[18] (OUT)
  -------------------------------------------------------------------    -------------------

Slack:                    inf
  Source:                 rd_ptr_reg[0]/C
                            (rising edge-triggered cell FDCE clocked by aclk  {rise@0.000ns fall@5.000ns period=10.000ns})
  Destination:            m_axis_tdata[26]
                            (output port)
  Path Group:             (none)
  Path Type:              Min at Fast Process Corner
  Data Path Delay:        1.565ns  (logic 0.254ns (16.225%)  route 1.311ns (83.775%))
  Logic Levels:           2  (LUT6=2)
  Clock Uncertainty:      0.025ns  ((TSJ^2 + TIJ^2)^1/2 + DJ) / 2 + PE
    Total System Jitter     (TSJ):    0.050ns
    Total Input Jitter      (TIJ):    0.000ns
    Discrete Jitter          (DJ):    0.000ns
    Phase Error              (PE):    0.000ns

    Location             Delay type                Incr(ns)  Path(ns)    Netlist Resource(s)
  -------------------------------------------------------------------    -------------------
                         (clock aclk rise edge)       0.000     0.000 r  
                                                      0.000     0.000 r  aclk (IN)
                         net (fo=144018, unset)       0.572     0.572    aclk
    SLICE_X100Y167       FDCE                                         r  rd_ptr_reg[0]/C
  -------------------------------------------------------------------    -------------------
    SLICE_X100Y167       FDCE (Prop_fdce_C_Q)         0.164     0.736 r  rd_ptr_reg[0]/Q
                         net (fo=7, routed)           0.298     1.034    core_inst_gen[3].u_engine_core/rd_ptr[0]
    SLICE_X102Y166       LUT6 (Prop_lut6_I4_O)        0.045     1.079 r  core_inst_gen[3].u_engine_core/m_axis_tdata[37]_INST_0_i_4/O
                         net (fo=42, routed)          0.623     1.702    core_inst_gen[3].u_engine_core/active_rd[1]
    SLICE_X95Y180        LUT6 (Prop_lut6_I3_O)        0.045     1.747 r  core_inst_gen[3].u_engine_core/m_axis_tdata[26]_INST_0/O
                         net (fo=0)                   0.390     2.137    m_axis_tdata[26]
                                                                      r  m_axis_tdata[26] (OUT)
  -------------------------------------------------------------------    -------------------





--------------------------------------------------------------------------------------
Path Group:  (none)
From Clock:  
  To Clock:  aclk

Max Delay         85766 Endpoints
Min Delay         85766 Endpoints
--------------------------------------------------------------------------------------


Max Delay Paths
--------------------------------------------------------------------------------------
Slack:                    inf
  Source:                 s_axis_tdata[129]
                            (input port)
  Destination:            core_inst_gen[1].u_engine_core/fifo_mem_reg[231][0]/D
                            (rising edge-triggered cell FDRE clocked by aclk  {rise@0.000ns fall@5.000ns period=10.000ns})
  Path Group:             (none)
  Path Type:              Setup (Max at Slow Process Corner)
  Data Path Delay:        19.249ns  (logic 0.618ns (3.211%)  route 18.631ns (96.789%))
  Logic Levels:           4  (LUT3=1 LUT4=2 LUT5=1)
  Clock Path Skew:        1.468ns (DCD - SCD + CPR)
    Destination Clock Delay (DCD):    1.468ns
    Source Clock Delay      (SCD):    0.000ns
    Clock Pessimism Removal (CPR):    0.000ns
  Clock Uncertainty:      0.025ns  ((TSJ^2 + TIJ^2)^1/2 + DJ) / 2 + PE
    Total System Jitter     (TSJ):    0.050ns
    Total Input Jitter      (TIJ):    0.000ns
    Discrete Jitter          (DJ):    0.000ns
    Phase Error              (PE):    0.000ns

    Location             Delay type                Incr(ns)  Path(ns)    Netlist Resource(s)
  -------------------------------------------------------------------    -------------------
                                                      0.000     0.000 r  s_axis_tdata[129] (IN)
                         net (fo=4, unset)            0.787     0.787    core_inst_gen[3].u_engine_core/u_iv_top/u_arb_fsm/s_axis_tdata[1]
    SLICE_X72Y194        LUT4 (Prop_lut4_I3_O)        0.105     0.892 r  core_inst_gen[3].u_engine_core/u_iv_top/u_arb_fsm/pipe_tid[5]_i_10/O
                         net (fo=1, routed)           1.772     2.664    core_inst_gen[3].u_engine_core/u_iv_top/u_arb_fsm/pipe_tid[5]_i_10_n_0
    SLICE_X59Y194        LUT5 (Prop_lut5_I4_O)        0.105     2.769 r  core_inst_gen[3].u_engine_core/u_iv_top/u_arb_fsm/pipe_tid[5]_i_6/O
                         net (fo=6, routed)           0.701     3.470    core_inst_gen[3].u_engine_core/u_iv_top/u_arb_fsm/s_axis_tdata[135]
    SLICE_X60Y195        LUT4 (Prop_lut4_I2_O)        0.122     3.592 r  core_inst_gen[3].u_engine_core/u_iv_top/u_arb_fsm/pipe_tid[5]_i_3/O
                         net (fo=160, routed)         9.321    12.913    core_inst_gen[1].u_engine_core/u_iv_top/u_arb_fsm/pipe_tid_reg[0]_0
    SLICE_X150Y170       LUT3 (Prop_lut3_I1_O)        0.286    13.199 r  core_inst_gen[1].u_engine_core/u_iv_top/u_arb_fsm/fifo_mem[255][0]_i_1__0/O
                         net (fo=64, routed)          6.050    19.249    core_inst_gen[1].u_engine_core/iv_done_sigma[0]
    SLICE_X131Y235       FDRE                                         r  core_inst_gen[1].u_engine_core/fifo_mem_reg[231][0]/D
  -------------------------------------------------------------------    -------------------

                         (clock aclk rise edge)       0.000     0.000 r  
                                                      0.000     0.000 r  aclk (IN)
                         net (fo=144018, unset)       1.468     1.468    core_inst_gen[1].u_engine_core/aclk
    SLICE_X131Y235       FDRE                                         r  core_inst_gen[1].u_engine_core/fifo_mem_reg[231][0]/C

Slack:                    inf
  Source:                 s_axis_tdata[129]
                            (input port)
  Destination:            core_inst_gen[1].u_engine_core/fifo_mem_reg[236][27]/D
                            (rising edge-triggered cell FDRE clocked by aclk  {rise@0.000ns fall@5.000ns period=10.000ns})
  Path Group:             (none)
  Path Type:              Setup (Max at Slow Process Corner)
  Data Path Delay:        18.790ns  (logic 0.632ns (3.364%)  route 18.158ns (96.636%))
  Logic Levels:           4  (LUT3=1 LUT4=2 LUT5=1)
  Clock Path Skew:        1.473ns (DCD - SCD + CPR)
    Destination Clock Delay (DCD):    1.473ns
    Source Clock Delay      (SCD):    0.000ns
    Clock Pessimism Removal (CPR):    0.000ns
  Clock Uncertainty:      0.025ns  ((TSJ^2 + TIJ^2)^1/2 + DJ) / 2 + PE
    Total System Jitter     (TSJ):    0.050ns
    Total Input Jitter      (TIJ):    0.000ns
    Discrete Jitter          (DJ):    0.000ns
    Phase Error              (PE):    0.000ns

    Location             Delay type                Incr(ns)  Path(ns)    Netlist Resource(s)
  -------------------------------------------------------------------    -------------------
                                                      0.000     0.000 r  s_axis_tdata[129] (IN)
                         net (fo=4, unset)            0.787     0.787    core_inst_gen[3].u_engine_core/u_iv_top/u_arb_fsm/s_axis_tdata[1]
    SLICE_X72Y194        LUT4 (Prop_lut4_I3_O)        0.105     0.892 r  core_inst_gen[3].u_engine_core/u_iv_top/u_arb_fsm/pipe_tid[5]_i_10/O
                         net (fo=1, routed)           1.772     2.664    core_inst_gen[3].u_engine_core/u_iv_top/u_arb_fsm/pipe_tid[5]_i_10_n_0
    SLICE_X59Y194        LUT5 (Prop_lut5_I4_O)        0.105     2.769 r  core_inst_gen[3].u_engine_core/u_iv_top/u_arb_fsm/pipe_tid[5]_i_6/O
                         net (fo=6, routed)           0.701     3.470    core_inst_gen[3].u_engine_core/u_iv_top/u_arb_fsm/s_axis_tdata[135]
    SLICE_X60Y195        LUT4 (Prop_lut4_I2_O)        0.122     3.592 r  core_inst_gen[3].u_engine_core/u_iv_top/u_arb_fsm/pipe_tid[5]_i_3/O
                         net (fo=160, routed)        11.349    14.941    core_inst_gen[1].u_engine_core/u_iv_top/u_arb_fsm/pipe_tid_reg[0]_0
    SLICE_X145Y214       LUT3 (Prop_lut3_I1_O)        0.300    15.241 r  core_inst_gen[1].u_engine_core/u_iv_top/u_arb_fsm/fifo_mem[255][27]_i_1__0/O
                         net (fo=64, routed)          3.549    18.790    core_inst_gen[1].u_engine_core/iv_done_sigma[27]
    SLICE_X135Y246       FDRE                                         r  core_inst_gen[1].u_engine_core/fifo_mem_reg[236][27]/D
  -------------------------------------------------------------------    -------------------

                         (clock aclk rise edge)       0.000     0.000 r  
                                                      0.000     0.000 r  aclk (IN)
                         net (fo=144018, unset)       1.473     1.473    core_inst_gen[1].u_engine_core/aclk
    SLICE_X135Y246       FDRE                                         r  core_inst_gen[1].u_engine_core/fifo_mem_reg[236][27]/C

Slack:                    inf
  Source:                 s_axis_tdata[129]
                            (input port)
  Destination:            core_inst_gen[1].u_engine_core/fifo_mem_reg[236][0]/D
                            (rising edge-triggered cell FDRE clocked by aclk  {rise@0.000ns fall@5.000ns period=10.000ns})
  Path Group:             (none)
  Path Type:              Setup (Max at Slow Process Corner)
  Data Path Delay:        18.786ns  (logic 0.618ns (3.290%)  route 18.168ns (96.710%))
  Logic Levels:           4  (LUT3=1 LUT4=2 LUT5=1)
  Clock Path Skew:        1.473ns (DCD - SCD + CPR)
    Destination Clock Delay (DCD):    1.473ns
    Source Clock Delay      (SCD):    0.000ns
    Clock Pessimism Removal (CPR):    0.000ns
  Clock Uncertainty:      0.025ns  ((TSJ^2 + TIJ^2)^1/2 + DJ) / 2 + PE
    Total System Jitter     (TSJ):    0.050ns
    Total Input Jitter      (TIJ):    0.000ns
    Discrete Jitter          (DJ):    0.000ns
    Phase Error              (PE):    0.000ns

    Location             Delay type                Incr(ns)  Path(ns)    Netlist Resource(s)
  -------------------------------------------------------------------    -------------------
                                                      0.000     0.000 r  s_axis_tdata[129] (IN)
                         net (fo=4, unset)            0.787     0.787    core_inst_gen[3].u_engine_core/u_iv_top/u_arb_fsm/s_axis_tdata[1]
    SLICE_X72Y194        LUT4 (Prop_lut4_I3_O)        0.105     0.892 r  core_inst_gen[3].u_engine_core/u_iv_top/u_arb_fsm/pipe_tid[5]_i_10/O
                         net (fo=1, routed)           1.772     2.664    core_inst_gen[3].u_engine_core/u_iv_top/u_arb_fsm/pipe_tid[5]_i_10_n_0
    SLICE_X59Y194        LUT5 (Prop_lut5_I4_O)        0.105     2.769 r  core_inst_gen[3].u_engine_core/u_iv_top/u_arb_fsm/pipe_tid[5]_i_6/O
                         net (fo=6, routed)           0.701     3.470    core_inst_gen[3].u_engine_core/u_iv_top/u_arb_fsm/s_axis_tdata[135]
    SLICE_X60Y195        LUT4 (Prop_lut4_I2_O)        0.122     3.592 r  core_inst_gen[3].u_engine_core/u_iv_top/u_arb_fsm/pipe_tid[5]_i_3/O
                         net (fo=160, routed)         9.321    12.913    core_inst_gen[1].u_engine_core/u_iv_top/u_arb_fsm/pipe_tid_reg[0]_0
    SLICE_X150Y170       LUT3 (Prop_lut3_I1_O)        0.286    13.199 r  core_inst_gen[1].u_engine_core/u_iv_top/u_arb_fsm/fifo_mem[255][0]_i_1__0/O
                         net (fo=64, routed)          5.587    18.786    core_inst_gen[1].u_engine_core/iv_done_sigma[0]
    SLICE_X135Y246       FDRE                                         r  core_inst_gen[1].u_engine_core/fifo_mem_reg[236][0]/D
  -------------------------------------------------------------------    -------------------

                         (clock aclk rise edge)       0.000     0.000 r  
                                                      0.000     0.000 r  aclk (IN)
                         net (fo=144018, unset)       1.473     1.473    core_inst_gen[1].u_engine_core/aclk
    SLICE_X135Y246       FDRE                                         r  core_inst_gen[1].u_engine_core/fifo_mem_reg[236][0]/C

Slack:                    inf
  Source:                 s_axis_tdata[129]
                            (input port)
  Destination:            core_inst_gen[1].u_engine_core/fifo_mem_reg[248][26]/D
                            (rising edge-triggered cell FDRE clocked by aclk  {rise@0.000ns fall@5.000ns period=10.000ns})
  Path Group:             (none)
  Path Type:              Setup (Max at Slow Process Corner)
  Data Path Delay:        18.713ns  (logic 0.618ns (3.303%)  route 18.095ns (96.697%))
  Logic Levels:           4  (LUT3=1 LUT4=2 LUT5=1)
  Clock Path Skew:        1.529ns (DCD - SCD + CPR)
    Destination Clock Delay (DCD):    1.529ns
    Source Clock Delay      (SCD):    0.000ns
    Clock Pessimism Removal (CPR):    0.000ns
  Clock Uncertainty:      0.025ns  ((TSJ^2 + TIJ^2)^1/2 + DJ) / 2 + PE
    Total System Jitter     (TSJ):    0.050ns
    Total Input Jitter      (TIJ):    0.000ns
    Discrete Jitter          (DJ):    0.000ns
    Phase Error              (PE):    0.000ns

    Location             Delay type                Incr(ns)  Path(ns)    Netlist Resource(s)
  -------------------------------------------------------------------    -------------------
                                                      0.000     0.000 r  s_axis_tdata[129] (IN)
                         net (fo=4, unset)            0.787     0.787    core_inst_gen[3].u_engine_core/u_iv_top/u_arb_fsm/s_axis_tdata[1]
    SLICE_X72Y194        LUT4 (Prop_lut4_I3_O)        0.105     0.892 r  core_inst_gen[3].u_engine_core/u_iv_top/u_arb_fsm/pipe_tid[5]_i_10/O
                         net (fo=1, routed)           1.772     2.664    core_inst_gen[3].u_engine_core/u_iv_top/u_arb_fsm/pipe_tid[5]_i_10_n_0
    SLICE_X59Y194        LUT5 (Prop_lut5_I4_O)        0.105     2.769 r  core_inst_gen[3].u_engine_core/u_iv_top/u_arb_fsm/pipe_tid[5]_i_6/O
                         net (fo=6, routed)           0.701     3.470    core_inst_gen[3].u_engine_core/u_iv_top/u_arb_fsm/s_axis_tdata[135]
    SLICE_X60Y195        LUT4 (Prop_lut4_I2_O)        0.122     3.592 r  core_inst_gen[3].u_engine_core/u_iv_top/u_arb_fsm/pipe_tid[5]_i_3/O
                         net (fo=160, routed)        11.349    14.941    core_inst_gen[1].u_engine_core/u_iv_top/u_arb_fsm/pipe_tid_reg[0]_0
    SLICE_X145Y214       LUT3 (Prop_lut3_I1_O)        0.286    15.227 r  core_inst_gen[1].u_engine_core/u_iv_top/u_arb_fsm/fifo_mem[255][26]_i_1__0/O
                         net (fo=64, routed)          3.486    18.713    core_inst_gen[1].u_engine_core/iv_done_sigma[26]
    SLICE_X150Y248       FDRE                                         r  core_inst_gen[1].u_engine_core/fifo_mem_reg[248][26]/D
  -------------------------------------------------------------------    -------------------

                         (clock aclk rise edge)       0.000     0.000 r  
                                                      0.000     0.000 r  aclk (IN)
                         net (fo=144018, unset)       1.529     1.529    core_inst_gen[1].u_engine_core/aclk
    SLICE_X150Y248       FDRE                                         r  core_inst_gen[1].u_engine_core/fifo_mem_reg[248][26]/C

Slack:                    inf
  Source:                 s_axis_tdata[129]
                            (input port)
  Destination:            core_inst_gen[1].u_engine_core/fifo_mem_reg[255][26]/D
                            (rising edge-triggered cell FDRE clocked by aclk  {rise@0.000ns fall@5.000ns period=10.000ns})
  Path Group:             (none)
  Path Type:              Setup (Max at Slow Process Corner)
  Data Path Delay:        18.710ns  (logic 0.618ns (3.303%)  route 18.092ns (96.697%))
  Logic Levels:           4  (LUT3=1 LUT4=2 LUT5=1)
  Clock Path Skew:        1.529ns (DCD - SCD + CPR)
    Destination Clock Delay (DCD):    1.529ns
    Source Clock Delay      (SCD):    0.000ns
    Clock Pessimism Removal (CPR):    0.000ns
  Clock Uncertainty:      0.025ns  ((TSJ^2 + TIJ^2)^1/2 + DJ) / 2 + PE
    Total System Jitter     (TSJ):    0.050ns
    Total Input Jitter      (TIJ):    0.000ns
    Discrete Jitter          (DJ):    0.000ns
    Phase Error              (PE):    0.000ns

    Location             Delay type                Incr(ns)  Path(ns)    Netlist Resource(s)
  -------------------------------------------------------------------    -------------------
                                                      0.000     0.000 r  s_axis_tdata[129] (IN)
                         net (fo=4, unset)            0.787     0.787    core_inst_gen[3].u_engine_core/u_iv_top/u_arb_fsm/s_axis_tdata[1]
    SLICE_X72Y194        LUT4 (Prop_lut4_I3_O)        0.105     0.892 r  core_inst_gen[3].u_engine_core/u_iv_top/u_arb_fsm/pipe_tid[5]_i_10/O
                         net (fo=1, routed)           1.772     2.664    core_inst_gen[3].u_engine_core/u_iv_top/u_arb_fsm/pipe_tid[5]_i_10_n_0
    SLICE_X59Y194        LUT5 (Prop_lut5_I4_O)        0.105     2.769 r  core_inst_gen[3].u_engine_core/u_iv_top/u_arb_fsm/pipe_tid[5]_i_6/O
                         net (fo=6, routed)           0.701     3.470    core_inst_gen[3].u_engine_core/u_iv_top/u_arb_fsm/s_axis_tdata[135]
    SLICE_X60Y195        LUT4 (Prop_lut4_I2_O)        0.122     3.592 r  core_inst_gen[3].u_engine_core/u_iv_top/u_arb_fsm/pipe_tid[5]_i_3/O
                         net (fo=160, routed)        11.349    14.941    core_inst_gen[1].u_engine_core/u_iv_top/u_arb_fsm/pipe_tid_reg[0]_0
    SLICE_X145Y214       LUT3 (Prop_lut3_I1_O)        0.286    15.227 r  core_inst_gen[1].u_engine_core/u_iv_top/u_arb_fsm/fifo_mem[255][26]_i_1__0/O
                         net (fo=64, routed)          3.483    18.710    core_inst_gen[1].u_engine_core/iv_done_sigma[26]
    SLICE_X148Y247       FDRE                                         r  core_inst_gen[1].u_engine_core/fifo_mem_reg[255][26]/D
  -------------------------------------------------------------------    -------------------

                         (clock aclk rise edge)       0.000     0.000 r  
                                                      0.000     0.000 r  aclk (IN)
                         net (fo=144018, unset)       1.529     1.529    core_inst_gen[1].u_engine_core/aclk
    SLICE_X148Y247       FDRE                                         r  core_inst_gen[1].u_engine_core/fifo_mem_reg[255][26]/C

Slack:                    inf
  Source:                 s_axis_tdata[129]
                            (input port)
  Destination:            core_inst_gen[1].u_engine_core/fifo_mem_reg[246][26]/D
                            (rising edge-triggered cell FDRE clocked by aclk  {rise@0.000ns fall@5.000ns period=10.000ns})
  Path Group:             (none)
  Path Type:              Setup (Max at Slow Process Corner)
  Data Path Delay:        18.654ns  (logic 0.618ns (3.313%)  route 18.036ns (96.687%))
  Logic Levels:           4  (LUT3=1 LUT4=2 LUT5=1)
  Clock Path Skew:        1.529ns (DCD - SCD + CPR)
    Destination Clock Delay (DCD):    1.529ns
    Source Clock Delay      (SCD):    0.000ns
    Clock Pessimism Removal (CPR):    0.000ns
  Clock Uncertainty:      0.025ns  ((TSJ^2 + TIJ^2)^1/2 + DJ) / 2 + PE
    Total System Jitter     (TSJ):    0.050ns
    Total Input Jitter      (TIJ):    0.000ns
    Discrete Jitter          (DJ):    0.000ns
    Phase Error              (PE):    0.000ns

    Location             Delay type                Incr(ns)  Path(ns)    Netlist Resource(s)
  -------------------------------------------------------------------    -------------------
                                                      0.000     0.000 r  s_axis_tdata[129] (IN)
                         net (fo=4, unset)            0.787     0.787    core_inst_gen[3].u_engine_core/u_iv_top/u_arb_fsm/s_axis_tdata[1]
    SLICE_X72Y194        LUT4 (Prop_lut4_I3_O)        0.105     0.892 r  core_inst_gen[3].u_engine_core/u_iv_top/u_arb_fsm/pipe_tid[5]_i_10/O
                         net (fo=1, routed)           1.772     2.664    core_inst_gen[3].u_engine_core/u_iv_top/u_arb_fsm/pipe_tid[5]_i_10_n_0
    SLICE_X59Y194        LUT5 (Prop_lut5_I4_O)        0.105     2.769 r  core_inst_gen[3].u_engine_core/u_iv_top/u_arb_fsm/pipe_tid[5]_i_6/O
                         net (fo=6, routed)           0.701     3.470    core_inst_gen[3].u_engine_core/u_iv_top/u_arb_fsm/s_axis_tdata[135]
    SLICE_X60Y195        LUT4 (Prop_lut4_I2_O)        0.122     3.592 r  core_inst_gen[3].u_engine_core/u_iv_top/u_arb_fsm/pipe_tid[5]_i_3/O
                         net (fo=160, routed)        11.349    14.941    core_inst_gen[1].u_engine_core/u_iv_top/u_arb_fsm/pipe_tid_reg[0]_0
    SLICE_X145Y214       LUT3 (Prop_lut3_I1_O)        0.286    15.227 r  core_inst_gen[1].u_engine_core/u_iv_top/u_arb_fsm/fifo_mem[255][26]_i_1__0/O
                         net (fo=64, routed)          3.428    18.654    core_inst_gen[1].u_engine_core/iv_done_sigma[26]
    SLICE_X151Y247       FDRE                                         r  core_inst_gen[1].u_engine_core/fifo_mem_reg[246][26]/D
  -------------------------------------------------------------------    -------------------

                         (clock aclk rise edge)       0.000     0.000 r  
                                                      0.000     0.000 r  aclk (IN)
                         net (fo=144018, unset)       1.529     1.529    core_inst_gen[1].u_engine_core/aclk
    SLICE_X151Y247       FDRE                                         r  core_inst_gen[1].u_engine_core/fifo_mem_reg[246][26]/C

Slack:                    inf
  Source:                 s_axis_tdata[129]
                            (input port)
  Destination:            core_inst_gen[1].u_engine_core/fifo_mem_reg[194][2]/D
                            (rising edge-triggered cell FDRE clocked by aclk  {rise@0.000ns fall@5.000ns period=10.000ns})
  Path Group:             (none)
  Path Type:              Setup (Max at Slow Process Corner)
  Data Path Delay:        18.650ns  (logic 0.618ns (3.314%)  route 18.032ns (96.686%))
  Logic Levels:           4  (LUT3=1 LUT4=2 LUT5=1)
  Clock Path Skew:        1.594ns (DCD - SCD + CPR)
    Destination Clock Delay (DCD):    1.594ns
    Source Clock Delay      (SCD):    0.000ns
    Clock Pessimism Removal (CPR):    0.000ns
  Clock Uncertainty:      0.025ns  ((TSJ^2 + TIJ^2)^1/2 + DJ) / 2 + PE
    Total System Jitter     (TSJ):    0.050ns
    Total Input Jitter      (TIJ):    0.000ns
    Discrete Jitter          (DJ):    0.000ns
    Phase Error              (PE):    0.000ns

    Location             Delay type                Incr(ns)  Path(ns)    Netlist Resource(s)
  -------------------------------------------------------------------    -------------------
                                                      0.000     0.000 r  s_axis_tdata[129] (IN)
                         net (fo=4, unset)            0.787     0.787    core_inst_gen[3].u_engine_core/u_iv_top/u_arb_fsm/s_axis_tdata[1]
    SLICE_X72Y194        LUT4 (Prop_lut4_I3_O)        0.105     0.892 r  core_inst_gen[3].u_engine_core/u_iv_top/u_arb_fsm/pipe_tid[5]_i_10/O
                         net (fo=1, routed)           1.772     2.664    core_inst_gen[3].u_engine_core/u_iv_top/u_arb_fsm/pipe_tid[5]_i_10_n_0
    SLICE_X59Y194        LUT5 (Prop_lut5_I4_O)        0.105     2.769 r  core_inst_gen[3].u_engine_core/u_iv_top/u_arb_fsm/pipe_tid[5]_i_6/O
                         net (fo=6, routed)           0.701     3.470    core_inst_gen[3].u_engine_core/u_iv_top/u_arb_fsm/s_axis_tdata[135]
    SLICE_X60Y195        LUT4 (Prop_lut4_I2_O)        0.122     3.592 r  core_inst_gen[3].u_engine_core/u_iv_top/u_arb_fsm/pipe_tid[5]_i_3/O
                         net (fo=160, routed)        10.938    14.530    core_inst_gen[1].u_engine_core/u_iv_top/u_arb_fsm/pipe_tid_reg[0]_0
    SLICE_X148Y210       LUT3 (Prop_lut3_I1_O)        0.286    14.816 r  core_inst_gen[1].u_engine_core/u_iv_top/u_arb_fsm/fifo_mem[255][2]_i_1__0/O
                         net (fo=64, routed)          3.834    18.650    core_inst_gen[1].u_engine_core/iv_done_sigma[2]
    SLICE_X156Y241       FDRE                                         r  core_inst_gen[1].u_engine_core/fifo_mem_reg[194][2]/D
  -------------------------------------------------------------------    -------------------

                         (clock aclk rise edge)       0.000     0.000 r  
                                                      0.000     0.000 r  aclk (IN)
                         net (fo=144018, unset)       1.594     1.594    core_inst_gen[1].u_engine_core/aclk
    SLICE_X156Y241       FDRE                                         r  core_inst_gen[1].u_engine_core/fifo_mem_reg[194][2]/C

Slack:                    inf
  Source:                 s_axis_tdata[129]
                            (input port)
  Destination:            core_inst_gen[1].u_engine_core/fifo_mem_reg[240][26]/D
                            (rising edge-triggered cell FDRE clocked by aclk  {rise@0.000ns fall@5.000ns period=10.000ns})
  Path Group:             (none)
  Path Type:              Setup (Max at Slow Process Corner)
  Data Path Delay:        18.618ns  (logic 0.618ns (3.319%)  route 18.000ns (96.681%))
  Logic Levels:           4  (LUT3=1 LUT4=2 LUT5=1)
  Clock Path Skew:        1.529ns (DCD - SCD + CPR)
    Destination Clock Delay (DCD):    1.529ns
    Source Clock Delay      (SCD):    0.000ns
    Clock Pessimism Removal (CPR):    0.000ns
  Clock Uncertainty:      0.025ns  ((TSJ^2 + TIJ^2)^1/2 + DJ) / 2 + PE
    Total System Jitter     (TSJ):    0.050ns
    Total Input Jitter      (TIJ):    0.000ns
    Discrete Jitter          (DJ):    0.000ns
    Phase Error              (PE):    0.000ns

    Location             Delay type                Incr(ns)  Path(ns)    Netlist Resource(s)
  -------------------------------------------------------------------    -------------------
                                                      0.000     0.000 r  s_axis_tdata[129] (IN)
                         net (fo=4, unset)            0.787     0.787    core_inst_gen[3].u_engine_core/u_iv_top/u_arb_fsm/s_axis_tdata[1]
    SLICE_X72Y194        LUT4 (Prop_lut4_I3_O)        0.105     0.892 r  core_inst_gen[3].u_engine_core/u_iv_top/u_arb_fsm/pipe_tid[5]_i_10/O
                         net (fo=1, routed)           1.772     2.664    core_inst_gen[3].u_engine_core/u_iv_top/u_arb_fsm/pipe_tid[5]_i_10_n_0
    SLICE_X59Y194        LUT5 (Prop_lut5_I4_O)        0.105     2.769 r  core_inst_gen[3].u_engine_core/u_iv_top/u_arb_fsm/pipe_tid[5]_i_6/O
                         net (fo=6, routed)           0.701     3.470    core_inst_gen[3].u_engine_core/u_iv_top/u_arb_fsm/s_axis_tdata[135]
    SLICE_X60Y195        LUT4 (Prop_lut4_I2_O)        0.122     3.592 r  core_inst_gen[3].u_engine_core/u_iv_top/u_arb_fsm/pipe_tid[5]_i_3/O
                         net (fo=160, routed)        11.349    14.941    core_inst_gen[1].u_engine_core/u_iv_top/u_arb_fsm/pipe_tid_reg[0]_0
    SLICE_X145Y214       LUT3 (Prop_lut3_I1_O)        0.286    15.227 r  core_inst_gen[1].u_engine_core/u_iv_top/u_arb_fsm/fifo_mem[255][26]_i_1__0/O
                         net (fo=64, routed)          3.391    18.618    core_inst_gen[1].u_engine_core/iv_done_sigma[26]
    SLICE_X150Y246       FDRE                                         r  core_inst_gen[1].u_engine_core/fifo_mem_reg[240][26]/D
  -------------------------------------------------------------------    -------------------

                         (clock aclk rise edge)       0.000     0.000 r  
                                                      0.000     0.000 r  aclk (IN)
                         net (fo=144018, unset)       1.529     1.529    core_inst_gen[1].u_engine_core/aclk
    SLICE_X150Y246       FDRE                                         r  core_inst_gen[1].u_engine_core/fifo_mem_reg[240][26]/C

Slack:                    inf
  Source:                 s_axis_tdata[129]
                            (input port)
  Destination:            core_inst_gen[1].u_engine_core/fifo_mem_reg[245][26]/D
                            (rising edge-triggered cell FDRE clocked by aclk  {rise@0.000ns fall@5.000ns period=10.000ns})
  Path Group:             (none)
  Path Type:              Setup (Max at Slow Process Corner)
  Data Path Delay:        18.602ns  (logic 0.618ns (3.322%)  route 17.984ns (96.678%))
  Logic Levels:           4  (LUT3=1 LUT4=2 LUT5=1)
  Clock Path Skew:        1.529ns (DCD - SCD + CPR)
    Destination Clock Delay (DCD):    1.529ns
    Source Clock Delay      (SCD):    0.000ns
    Clock Pessimism Removal (CPR):    0.000ns
  Clock Uncertainty:      0.025ns  ((TSJ^2 + TIJ^2)^1/2 + DJ) / 2 + PE
    Total System Jitter     (TSJ):    0.050ns
    Total Input Jitter      (TIJ):    0.000ns
    Discrete Jitter          (DJ):    0.000ns
    Phase Error              (PE):    0.000ns

    Location             Delay type                Incr(ns)  Path(ns)    Netlist Resource(s)
  -------------------------------------------------------------------    -------------------
                                                      0.000     0.000 r  s_axis_tdata[129] (IN)
                         net (fo=4, unset)            0.787     0.787    core_inst_gen[3].u_engine_core/u_iv_top/u_arb_fsm/s_axis_tdata[1]
    SLICE_X72Y194        LUT4 (Prop_lut4_I3_O)        0.105     0.892 r  core_inst_gen[3].u_engine_core/u_iv_top/u_arb_fsm/pipe_tid[5]_i_10/O
                         net (fo=1, routed)           1.772     2.664    core_inst_gen[3].u_engine_core/u_iv_top/u_arb_fsm/pipe_tid[5]_i_10_n_0
    SLICE_X59Y194        LUT5 (Prop_lut5_I4_O)        0.105     2.769 r  core_inst_gen[3].u_engine_core/u_iv_top/u_arb_fsm/pipe_tid[5]_i_6/O
                         net (fo=6, routed)           0.701     3.470    core_inst_gen[3].u_engine_core/u_iv_top/u_arb_fsm/s_axis_tdata[135]
    SLICE_X60Y195        LUT4 (Prop_lut4_I2_O)        0.122     3.592 r  core_inst_gen[3].u_engine_core/u_iv_top/u_arb_fsm/pipe_tid[5]_i_3/O
                         net (fo=160, routed)        11.349    14.941    core_inst_gen[1].u_engine_core/u_iv_top/u_arb_fsm/pipe_tid_reg[0]_0
    SLICE_X145Y214       LUT3 (Prop_lut3_I1_O)        0.286    15.227 r  core_inst_gen[1].u_engine_core/u_iv_top/u_arb_fsm/fifo_mem[255][26]_i_1__0/O
                         net (fo=64, routed)          3.375    18.602    core_inst_gen[1].u_engine_core/iv_done_sigma[26]
    SLICE_X150Y247       FDRE                                         r  core_inst_gen[1].u_engine_core/fifo_mem_reg[245][26]/D
  -------------------------------------------------------------------    -------------------

                         (clock aclk rise edge)       0.000     0.000 r  
                                                      0.000     0.000 r  aclk (IN)
                         net (fo=144018, unset)       1.529     1.529    core_inst_gen[1].u_engine_core/aclk
    SLICE_X150Y247       FDRE                                         r  core_inst_gen[1].u_engine_core/fifo_mem_reg[245][26]/C

Slack:                    inf
  Source:                 s_axis_tdata[129]
                            (input port)
  Destination:            core_inst_gen[1].u_engine_core/fifo_mem_reg[249][26]/D
                            (rising edge-triggered cell FDRE clocked by aclk  {rise@0.000ns fall@5.000ns period=10.000ns})
  Path Group:             (none)
  Path Type:              Setup (Max at Slow Process Corner)
  Data Path Delay:        18.593ns  (logic 0.618ns (3.324%)  route 17.975ns (96.676%))
  Logic Levels:           4  (LUT3=1 LUT4=2 LUT5=1)
  Clock Path Skew:        1.529ns (DCD - SCD + CPR)
    Destination Clock Delay (DCD):    1.529ns
    Source Clock Delay      (SCD):    0.000ns
    Clock Pessimism Removal (CPR):    0.000ns
  Clock Uncertainty:      0.025ns  ((TSJ^2 + TIJ^2)^1/2 + DJ) / 2 + PE
    Total System Jitter     (TSJ):    0.050ns
    Total Input Jitter      (TIJ):    0.000ns
    Discrete Jitter          (DJ):    0.000ns
    Phase Error              (PE):    0.000ns

    Location             Delay type                Incr(ns)  Path(ns)    Netlist Resource(s)
  -------------------------------------------------------------------    -------------------
                                                      0.000     0.000 r  s_axis_tdata[129] (IN)
                         net (fo=4, unset)            0.787     0.787    core_inst_gen[3].u_engine_core/u_iv_top/u_arb_fsm/s_axis_tdata[1]
    SLICE_X72Y194        LUT4 (Prop_lut4_I3_O)        0.105     0.892 r  core_inst_gen[3].u_engine_core/u_iv_top/u_arb_fsm/pipe_tid[5]_i_10/O
                         net (fo=1, routed)           1.772     2.664    core_inst_gen[3].u_engine_core/u_iv_top/u_arb_fsm/pipe_tid[5]_i_10_n_0
    SLICE_X59Y194        LUT5 (Prop_lut5_I4_O)        0.105     2.769 r  core_inst_gen[3].u_engine_core/u_iv_top/u_arb_fsm/pipe_tid[5]_i_6/O
                         net (fo=6, routed)           0.701     3.470    core_inst_gen[3].u_engine_core/u_iv_top/u_arb_fsm/s_axis_tdata[135]
    SLICE_X60Y195        LUT4 (Prop_lut4_I2_O)        0.122     3.592 r  core_inst_gen[3].u_engine_core/u_iv_top/u_arb_fsm/pipe_tid[5]_i_3/O
                         net (fo=160, routed)        11.349    14.941    core_inst_gen[1].u_engine_core/u_iv_top/u_arb_fsm/pipe_tid_reg[0]_0
    SLICE_X145Y214       LUT3 (Prop_lut3_I1_O)        0.286    15.227 r  core_inst_gen[1].u_engine_core/u_iv_top/u_arb_fsm/fifo_mem[255][26]_i_1__0/O
                         net (fo=64, routed)          3.367    18.593    core_inst_gen[1].u_engine_core/iv_done_sigma[26]
    SLICE_X149Y246       FDRE                                         r  core_inst_gen[1].u_engine_core/fifo_mem_reg[249][26]/D
  -------------------------------------------------------------------    -------------------

                         (clock aclk rise edge)       0.000     0.000 r  
                                                      0.000     0.000 r  aclk (IN)
                         net (fo=144018, unset)       1.529     1.529    core_inst_gen[1].u_engine_core/aclk
    SLICE_X149Y246       FDRE                                         r  core_inst_gen[1].u_engine_core/fifo_mem_reg[249][26]/C





Min Delay Paths
--------------------------------------------------------------------------------------
Slack:                    inf
  Source:                 s_axis_tdata[64]
                            (input port)
  Destination:            core_inst_gen[0].u_engine_core/u_iv_top/ctx_C_reg_0_63_0_2/RAMA/I
                            (rising edge-triggered cell RAMD64E clocked by aclk  {rise@0.000ns fall@5.000ns period=10.000ns})
  Path Group:             (none)
  Path Type:              Hold (Min at Fast Process Corner)
  Data Path Delay:        0.390ns  (logic 0.000ns (0.000%)  route 0.390ns (100.000%))
  Logic Levels:           0  
  Clock Path Skew:        0.855ns (DCD - SCD - CPR)
    Destination Clock Delay (DCD):    0.855ns
    Source Clock Delay      (SCD):    0.000ns
    Clock Pessimism Removal (CPR):    -0.000ns

    Location             Delay type                Incr(ns)  Path(ns)    Netlist Resource(s)
  -------------------------------------------------------------------    -------------------
                                                      0.000     0.000 r  s_axis_tdata[64] (IN)
                         net (fo=8, unset)            0.390     0.390    core_inst_gen[0].u_engine_core/u_iv_top/ctx_C_reg_0_63_0_2/DIA
    SLICE_X136Y128       RAMD64E                                      r  core_inst_gen[0].u_engine_core/u_iv_top/ctx_C_reg_0_63_0_2/RAMA/I
  -------------------------------------------------------------------    -------------------

                         (clock aclk rise edge)       0.000     0.000 r  
                                                      0.000     0.000 r  aclk (IN)
                         net (fo=144018, unset)       0.855     0.855    core_inst_gen[0].u_engine_core/u_iv_top/ctx_C_reg_0_63_0_2/WCLK
    SLICE_X136Y128       RAMD64E                                      r  core_inst_gen[0].u_engine_core/u_iv_top/ctx_C_reg_0_63_0_2/RAMA/CLK

Slack:                    inf
  Source:                 s_axis_tdata[160]
                            (input port)
  Destination:            core_inst_gen[0].u_engine_core/u_iv_top/ctx_C_reg_0_63_0_2/RAMA/WADR0
                            (rising edge-triggered cell RAMD64E clocked by aclk  {rise@0.000ns fall@5.000ns period=10.000ns})
  Path Group:             (none)
  Path Type:              Hold (Min at Fast Process Corner)
  Data Path Delay:        0.390ns  (logic 0.000ns (0.000%)  route 0.390ns (100.000%))
  Logic Levels:           0  
  Clock Path Skew:        0.855ns (DCD - SCD - CPR)
    Destination Clock Delay (DCD):    0.855ns
    Source Clock Delay      (SCD):    0.000ns
    Clock Pessimism Removal (CPR):    -0.000ns

    Location             Delay type                Incr(ns)  Path(ns)    Netlist Resource(s)
  -------------------------------------------------------------------    -------------------
                                                      0.000     0.000 r  s_axis_tdata[160] (IN)
                         net (fo=1108, unset)         0.390     0.390    core_inst_gen[0].u_engine_core/u_iv_top/ctx_C_reg_0_63_0_2/ADDRD0
    SLICE_X136Y128       RAMD64E                                      r  core_inst_gen[0].u_engine_core/u_iv_top/ctx_C_reg_0_63_0_2/RAMA/WADR0
  -------------------------------------------------------------------    -------------------

                         (clock aclk rise edge)       0.000     0.000 r  
                                                      0.000     0.000 r  aclk (IN)
                         net (fo=144018, unset)       0.855     0.855    core_inst_gen[0].u_engine_core/u_iv_top/ctx_C_reg_0_63_0_2/WCLK
    SLICE_X136Y128       RAMD64E                                      r  core_inst_gen[0].u_engine_core/u_iv_top/ctx_C_reg_0_63_0_2/RAMA/CLK

Slack:                    inf
  Source:                 s_axis_tdata[161]
                            (input port)
  Destination:            core_inst_gen[0].u_engine_core/u_iv_top/ctx_C_reg_0_63_0_2/RAMA/WADR1
                            (rising edge-triggered cell RAMD64E clocked by aclk  {rise@0.000ns fall@5.000ns period=10.000ns})
  Path Group:             (none)
  Path Type:              Hold (Min at Fast Process Corner)
  Data Path Delay:        0.390ns  (logic 0.000ns (0.000%)  route 0.390ns (100.000%))
  Logic Levels:           0  
  Clock Path Skew:        0.855ns (DCD - SCD - CPR)
    Destination Clock Delay (DCD):    0.855ns
    Source Clock Delay      (SCD):    0.000ns
    Clock Pessimism Removal (CPR):    -0.000ns

    Location             Delay type                Incr(ns)  Path(ns)    Netlist Resource(s)
  -------------------------------------------------------------------    -------------------
                                                      0.000     0.000 r  s_axis_tdata[161] (IN)
                         net (fo=1108, unset)         0.390     0.390    core_inst_gen[0].u_engine_core/u_iv_top/ctx_C_reg_0_63_0_2/ADDRD1
    SLICE_X136Y128       RAMD64E                                      r  core_inst_gen[0].u_engine_core/u_iv_top/ctx_C_reg_0_63_0_2/RAMA/WADR1
  -------------------------------------------------------------------    -------------------

                         (clock aclk rise edge)       0.000     0.000 r  
                                                      0.000     0.000 r  aclk (IN)
                         net (fo=144018, unset)       0.855     0.855    core_inst_gen[0].u_engine_core/u_iv_top/ctx_C_reg_0_63_0_2/WCLK
    SLICE_X136Y128       RAMD64E                                      r  core_inst_gen[0].u_engine_core/u_iv_top/ctx_C_reg_0_63_0_2/RAMA/CLK

Slack:                    inf
  Source:                 s_axis_tdata[162]
                            (input port)
  Destination:            core_inst_gen[0].u_engine_core/u_iv_top/ctx_C_reg_0_63_0_2/RAMA/WADR2
                            (rising edge-triggered cell RAMD64E clocked by aclk  {rise@0.000ns fall@5.000ns period=10.000ns})
  Path Group:             (none)
  Path Type:              Hold (Min at Fast Process Corner)
  Data Path Delay:        0.390ns  (logic 0.000ns (0.000%)  route 0.390ns (100.000%))
  Logic Levels:           0  
  Clock Path Skew:        0.855ns (DCD - SCD - CPR)
    Destination Clock Delay (DCD):    0.855ns
    Source Clock Delay      (SCD):    0.000ns
    Clock Pessimism Removal (CPR):    -0.000ns

    Location             Delay type                Incr(ns)  Path(ns)    Netlist Resource(s)
  -------------------------------------------------------------------    -------------------
                                                      0.000     0.000 r  s_axis_tdata[162] (IN)
                         net (fo=1108, unset)         0.390     0.390    core_inst_gen[0].u_engine_core/u_iv_top/ctx_C_reg_0_63_0_2/ADDRD2
    SLICE_X136Y128       RAMD64E                                      r  core_inst_gen[0].u_engine_core/u_iv_top/ctx_C_reg_0_63_0_2/RAMA/WADR2
  -------------------------------------------------------------------    -------------------

                         (clock aclk rise edge)       0.000     0.000 r  
                                                      0.000     0.000 r  aclk (IN)
                         net (fo=144018, unset)       0.855     0.855    core_inst_gen[0].u_engine_core/u_iv_top/ctx_C_reg_0_63_0_2/WCLK
    SLICE_X136Y128       RAMD64E                                      r  core_inst_gen[0].u_engine_core/u_iv_top/ctx_C_reg_0_63_0_2/RAMA/CLK

Slack:                    inf
  Source:                 s_axis_tdata[163]
                            (input port)
  Destination:            core_inst_gen[0].u_engine_core/u_iv_top/ctx_C_reg_0_63_0_2/RAMA/WADR3
                            (rising edge-triggered cell RAMD64E clocked by aclk  {rise@0.000ns fall@5.000ns period=10.000ns})
  Path Group:             (none)
  Path Type:              Hold (Min at Fast Process Corner)
  Data Path Delay:        0.390ns  (logic 0.000ns (0.000%)  route 0.390ns (100.000%))
  Logic Levels:           0  
  Clock Path Skew:        0.855ns (DCD - SCD - CPR)
    Destination Clock Delay (DCD):    0.855ns
    Source Clock Delay      (SCD):    0.000ns
    Clock Pessimism Removal (CPR):    -0.000ns

    Location             Delay type                Incr(ns)  Path(ns)    Netlist Resource(s)
  -------------------------------------------------------------------    -------------------
                                                      0.000     0.000 r  s_axis_tdata[163] (IN)
                         net (fo=1108, unset)         0.390     0.390    core_inst_gen[0].u_engine_core/u_iv_top/ctx_C_reg_0_63_0_2/ADDRD3
    SLICE_X136Y128       RAMD64E                                      r  core_inst_gen[0].u_engine_core/u_iv_top/ctx_C_reg_0_63_0_2/RAMA/WADR3
  -------------------------------------------------------------------    -------------------

                         (clock aclk rise edge)       0.000     0.000 r  
                                                      0.000     0.000 r  aclk (IN)
                         net (fo=144018, unset)       0.855     0.855    core_inst_gen[0].u_engine_core/u_iv_top/ctx_C_reg_0_63_0_2/WCLK
    SLICE_X136Y128       RAMD64E                                      r  core_inst_gen[0].u_engine_core/u_iv_top/ctx_C_reg_0_63_0_2/RAMA/CLK

Slack:                    inf
  Source:                 s_axis_tdata[164]
                            (input port)
  Destination:            core_inst_gen[0].u_engine_core/u_iv_top/ctx_C_reg_0_63_0_2/RAMA/WADR4
                            (rising edge-triggered cell RAMD64E clocked by aclk  {rise@0.000ns fall@5.000ns period=10.000ns})
  Path Group:             (none)
  Path Type:              Hold (Min at Fast Process Corner)
  Data Path Delay:        0.390ns  (logic 0.000ns (0.000%)  route 0.390ns (100.000%))
  Logic Levels:           0  
  Clock Path Skew:        0.855ns (DCD - SCD - CPR)
    Destination Clock Delay (DCD):    0.855ns
    Source Clock Delay      (SCD):    0.000ns
    Clock Pessimism Removal (CPR):    -0.000ns

    Location             Delay type                Incr(ns)  Path(ns)    Netlist Resource(s)
  -------------------------------------------------------------------    -------------------
                                                      0.000     0.000 r  s_axis_tdata[164] (IN)
                         net (fo=1108, unset)         0.390     0.390    core_inst_gen[0].u_engine_core/u_iv_top/ctx_C_reg_0_63_0_2/ADDRD4
    SLICE_X136Y128       RAMD64E                                      r  core_inst_gen[0].u_engine_core/u_iv_top/ctx_C_reg_0_63_0_2/RAMA/WADR4
  -------------------------------------------------------------------    -------------------

                         (clock aclk rise edge)       0.000     0.000 r  
                                                      0.000     0.000 r  aclk (IN)
                         net (fo=144018, unset)       0.855     0.855    core_inst_gen[0].u_engine_core/u_iv_top/ctx_C_reg_0_63_0_2/WCLK
    SLICE_X136Y128       RAMD64E                                      r  core_inst_gen[0].u_engine_core/u_iv_top/ctx_C_reg_0_63_0_2/RAMA/CLK

Slack:                    inf
  Source:                 s_axis_tdata[165]
                            (input port)
  Destination:            core_inst_gen[0].u_engine_core/u_iv_top/ctx_C_reg_0_63_0_2/RAMA/WADR5
                            (rising edge-triggered cell RAMD64E clocked by aclk  {rise@0.000ns fall@5.000ns period=10.000ns})
  Path Group:             (none)
  Path Type:              Hold (Min at Fast Process Corner)
  Data Path Delay:        0.390ns  (logic 0.000ns (0.000%)  route 0.390ns (100.000%))
  Logic Levels:           0  
  Clock Path Skew:        0.855ns (DCD - SCD - CPR)
    Destination Clock Delay (DCD):    0.855ns
    Source Clock Delay      (SCD):    0.000ns
    Clock Pessimism Removal (CPR):    -0.000ns

    Location             Delay type                Incr(ns)  Path(ns)    Netlist Resource(s)
  -------------------------------------------------------------------    -------------------
                                                      0.000     0.000 r  s_axis_tdata[165] (IN)
                         net (fo=1108, unset)         0.390     0.390    core_inst_gen[0].u_engine_core/u_iv_top/ctx_C_reg_0_63_0_2/ADDRD5
    SLICE_X136Y128       RAMD64E                                      r  core_inst_gen[0].u_engine_core/u_iv_top/ctx_C_reg_0_63_0_2/RAMA/WADR5
  -------------------------------------------------------------------    -------------------

                         (clock aclk rise edge)       0.000     0.000 r  
                                                      0.000     0.000 r  aclk (IN)
                         net (fo=144018, unset)       0.855     0.855    core_inst_gen[0].u_engine_core/u_iv_top/ctx_C_reg_0_63_0_2/WCLK
    SLICE_X136Y128       RAMD64E                                      r  core_inst_gen[0].u_engine_core/u_iv_top/ctx_C_reg_0_63_0_2/RAMA/CLK

Slack:                    inf
  Source:                 s_axis_tdata[65]
                            (input port)
  Destination:            core_inst_gen[0].u_engine_core/u_iv_top/ctx_C_reg_0_63_0_2/RAMB/I
                            (rising edge-triggered cell RAMD64E clocked by aclk  {rise@0.000ns fall@5.000ns period=10.000ns})
  Path Group:             (none)
  Path Type:              Hold (Min at Fast Process Corner)
  Data Path Delay:        0.390ns  (logic 0.000ns (0.000%)  route 0.390ns (100.000%))
  Logic Levels:           0  
  Clock Path Skew:        0.855ns (DCD - SCD - CPR)
    Destination Clock Delay (DCD):    0.855ns
    Source Clock Delay      (SCD):    0.000ns
    Clock Pessimism Removal (CPR):    -0.000ns

    Location             Delay type                Incr(ns)  Path(ns)    Netlist Resource(s)
  -------------------------------------------------------------------    -------------------
                                                      0.000     0.000 r  s_axis_tdata[65] (IN)
                         net (fo=19, unset)           0.390     0.390    core_inst_gen[0].u_engine_core/u_iv_top/ctx_C_reg_0_63_0_2/DIB
    SLICE_X136Y128       RAMD64E                                      r  core_inst_gen[0].u_engine_core/u_iv_top/ctx_C_reg_0_63_0_2/RAMB/I
  -------------------------------------------------------------------    -------------------

                         (clock aclk rise edge)       0.000     0.000 r  
                                                      0.000     0.000 r  aclk (IN)
                         net (fo=144018, unset)       0.855     0.855    core_inst_gen[0].u_engine_core/u_iv_top/ctx_C_reg_0_63_0_2/WCLK
    SLICE_X136Y128       RAMD64E                                      r  core_inst_gen[0].u_engine_core/u_iv_top/ctx_C_reg_0_63_0_2/RAMB/CLK

Slack:                    inf
  Source:                 s_axis_tdata[160]
                            (input port)
  Destination:            core_inst_gen[0].u_engine_core/u_iv_top/ctx_C_reg_0_63_0_2/RAMB/WADR0
                            (rising edge-triggered cell RAMD64E clocked by aclk  {rise@0.000ns fall@5.000ns period=10.000ns})
  Path Group:             (none)
  Path Type:              Hold (Min at Fast Process Corner)
  Data Path Delay:        0.390ns  (logic 0.000ns (0.000%)  route 0.390ns (100.000%))
  Logic Levels:           0  
  Clock Path Skew:        0.855ns (DCD - SCD - CPR)
    Destination Clock Delay (DCD):    0.855ns
    Source Clock Delay      (SCD):    0.000ns
    Clock Pessimism Removal (CPR):    -0.000ns

    Location             Delay type                Incr(ns)  Path(ns)    Netlist Resource(s)
  -------------------------------------------------------------------    -------------------
                                                      0.000     0.000 r  s_axis_tdata[160] (IN)
                         net (fo=1108, unset)         0.390     0.390    core_inst_gen[0].u_engine_core/u_iv_top/ctx_C_reg_0_63_0_2/ADDRD0
    SLICE_X136Y128       RAMD64E                                      r  core_inst_gen[0].u_engine_core/u_iv_top/ctx_C_reg_0_63_0_2/RAMB/WADR0
  -------------------------------------------------------------------    -------------------

                         (clock aclk rise edge)       0.000     0.000 r  
                                                      0.000     0.000 r  aclk (IN)
                         net (fo=144018, unset)       0.855     0.855    core_inst_gen[0].u_engine_core/u_iv_top/ctx_C_reg_0_63_0_2/WCLK
    SLICE_X136Y128       RAMD64E                                      r  core_inst_gen[0].u_engine_core/u_iv_top/ctx_C_reg_0_63_0_2/RAMB/CLK

Slack:                    inf
  Source:                 s_axis_tdata[161]
                            (input port)
  Destination:            core_inst_gen[0].u_engine_core/u_iv_top/ctx_C_reg_0_63_0_2/RAMB/WADR1
                            (rising edge-triggered cell RAMD64E clocked by aclk  {rise@0.000ns fall@5.000ns period=10.000ns})
  Path Group:             (none)
  Path Type:              Hold (Min at Fast Process Corner)
  Data Path Delay:        0.390ns  (logic 0.000ns (0.000%)  route 0.390ns (100.000%))
  Logic Levels:           0  
  Clock Path Skew:        0.855ns (DCD - SCD - CPR)
    Destination Clock Delay (DCD):    0.855ns
    Source Clock Delay      (SCD):    0.000ns
    Clock Pessimism Removal (CPR):    -0.000ns

    Location             Delay type                Incr(ns)  Path(ns)    Netlist Resource(s)
  -------------------------------------------------------------------    -------------------
                                                      0.000     0.000 r  s_axis_tdata[161] (IN)
                         net (fo=1108, unset)         0.390     0.390    core_inst_gen[0].u_engine_core/u_iv_top/ctx_C_reg_0_63_0_2/ADDRD1
    SLICE_X136Y128       RAMD64E                                      r  core_inst_gen[0].u_engine_core/u_iv_top/ctx_C_reg_0_63_0_2/RAMB/WADR1
  -------------------------------------------------------------------    -------------------

                         (clock aclk rise edge)       0.000     0.000 r  
                                                      0.000     0.000 r  aclk (IN)
                         net (fo=144018, unset)       0.855     0.855    core_inst_gen[0].u_engine_core/u_iv_top/ctx_C_reg_0_63_0_2/WCLK
    SLICE_X136Y128       RAMD64E                                      r  core_inst_gen[0].u_engine_core/u_iv_top/ctx_C_reg_0_63_0_2/RAMB/CLK





