Copyright 1986-2022 Xilinx, Inc. All Rights Reserved. Copyright 2022-2025 Advanced Micro Devices, Inc. All Rights Reserved.
---------------------------------------------------------------------------------------------------------------------------------------------
| Tool Version : Vivado v.2025.2 (win64) Build 6299465 Fri Nov 14 19:35:11 GMT 2025
| Date         : Wed Sep  2 15:24:59 2026
| Host         : LAPTOP-EPHGQB72 running 64-bit major release  (build 9200)
| Command      : report_timing_summary -file impl_results/artix7_speed3/artix7_timing_summary.rpt -max_paths 10 -report_unconstrained
| Design       : iv_axis_wrapper
| Device       : 7a200t-ffg1156
| Speed File   : -3  PRODUCTION 1.23 2018-06-13
| Design State : Routed
---------------------------------------------------------------------------------------------------------------------------------------------

Timing Summary Report

------------------------------------------------------------------------------------------------
| Timer Settings
| --------------
------------------------------------------------------------------------------------------------

  Enable Multi Corner Analysis               :  Yes
  Enable Pessimism Removal                   :  Yes
  Pessimism Removal Resolution               :  Nearest Common Node
  Enable Input Delay Default Clock           :  No
  Enable Preset / Clear Arcs                 :  No
  Disable Flight Delays                      :  No
  Ignore I/O Paths                           :  No
  Timing Early Launch at Borrowing Latches   :  No
  Borrow Time for Max Delay Exceptions       :  Yes
  Merge Timing Exceptions                    :  Yes
  Inter-SLR Compensation                     :  Conservative

  Corner  Analyze    Analyze    
  Name    Max Paths  Min Paths  
  ------  ---------  ---------  
  Slow    Yes        Yes        
  Fast    Yes        Yes        


------------------------------------------------------------------------------------------------
| Report Methodology
| ------------------
------------------------------------------------------------------------------------------------

No report available as report_methodology has not been run prior. Run report_methodology on the current design for the summary of methodology violations.



check_timing report

Table of Contents
-----------------
1. checking no_clock (0)
2. checking constant_clock (0)
3. checking pulse_width_clock (0)
4. checking unconstrained_internal_endpoints (0)
5. checking no_input_delay (169)
6. checking no_output_delay (40)
7. checking multiple_clock (0)
8. checking generated_clocks (0)
9. checking loops (0)
10. checking partial_input_delay (0)
11. checking partial_output_delay (0)
12. checking latch_loops (0)

1. checking no_clock (0)
------------------------
 There are 0 register/latch pins with no clock.


2. checking constant_clock (0)
------------------------------
 There are 0 register/latch pins with constant_clock.


3. checking pulse_width_clock (0)
---------------------------------
 There are 0 register/latch pins which need pulse_width check


4. checking unconstrained_internal_endpoints (0)
------------------------------------------------
 There are 0 pins that are not constrained for maximum delay.

 There are 0 pins that are not constrained for maximum delay due to constant clock.


5. checking no_input_delay (169)
--------------------------------
 There are 168 input ports with no input delay specified. (HIGH)

 There is 1 input port with no input delay but user has a false path constraint. (MEDIUM)


6. checking no_output_delay (40)
--------------------------------
 There are 40 ports with no output delay specified. (HIGH)

 There are 0 ports with no output delay but user has a false path constraint

 There are 0 ports with no output delay but with a timing clock defined on it or propagating through it


7. checking multiple_clock (0)
------------------------------
 There are 0 register/latch pins with multiple clocks.


8. checking generated_clocks (0)
--------------------------------
 There are 0 generated clocks that are not connected to a clock source.


9. checking loops (0)
---------------------
 There are 0 combinational loops in the design.


10. checking partial_input_delay (0)
------------------------------------
 There are 0 input ports with partial input delay specified.


11. checking partial_output_delay (0)
-------------------------------------
 There are 0 ports with partial output delay specified.


12. checking latch_loops (0)
----------------------------
 There are 0 combinational latch loops in the design through latch input



------------------------------------------------------------------------------------------------
| Design Timing Summary
| ---------------------
------------------------------------------------------------------------------------------------

    WNS(ns)      TNS(ns)  TNS Failing Endpoints  TNS Total Endpoints      WHS(ns)      THS(ns)  THS Failing Endpoints  THS Total Endpoints     WPWS(ns)     TPWS(ns)  TPWS Failing Endpoints  TPWS Total Endpoints  
    -------      -------  ---------------------  -------------------      -------      -------  ---------------------  -------------------     --------     --------  ----------------------  --------------------  
      0.144        0.000                      0                47867        0.063        0.000                      0                47867        2.950        0.000                       0                 36116  


All user specified timing constraints are met.


------------------------------------------------------------------------------------------------
| Clock Summary
| -------------
------------------------------------------------------------------------------------------------

Clock  Waveform(ns)         Period(ns)      Frequency(MHz)
-----  ------------         ----------      --------------
aclk   {0.000 4.000}        8.000           125.000         


------------------------------------------------------------------------------------------------
| Intra Clock Table
| -----------------
------------------------------------------------------------------------------------------------

Clock             WNS(ns)      TNS(ns)  TNS Failing Endpoints  TNS Total Endpoints      WHS(ns)      THS(ns)  THS Failing Endpoints  THS Total Endpoints     WPWS(ns)     TPWS(ns)  TPWS Failing Endpoints  TPWS Total Endpoints  
-----             -------      -------  ---------------------  -------------------      -------      -------  ---------------------  -------------------     --------     --------  ----------------------  --------------------  
aclk                0.144        0.000                      0                47867        0.063        0.000                      0                47867        2.950        0.000                       0                 36116  


------------------------------------------------------------------------------------------------
| Inter Clock Table
| -----------------
------------------------------------------------------------------------------------------------

From Clock    To Clock          WNS(ns)      TNS(ns)  TNS Failing Endpoints  TNS Total Endpoints      WHS(ns)      THS(ns)  THS Failing Endpoints  THS Total Endpoints  
----------    --------          -------      -------  ---------------------  -------------------      -------      -------  ---------------------  -------------------  


------------------------------------------------------------------------------------------------
| Other Path Groups Table
| -----------------------
------------------------------------------------------------------------------------------------

Path Group    From Clock    To Clock          WNS(ns)      TNS(ns)  TNS Failing Endpoints  TNS Total Endpoints      WHS(ns)      THS(ns)  THS Failing Endpoints  THS Total Endpoints  
----------    ----------    --------          -------      -------  ---------------------  -------------------      -------      -------  ---------------------  -------------------  


------------------------------------------------------------------------------------------------
| User Ignored Path Table
| -----------------------
------------------------------------------------------------------------------------------------

Path Group    From Clock    To Clock    
----------    ----------    --------    
(none)                      aclk          


------------------------------------------------------------------------------------------------
| Unconstrained Path Table
| ------------------------
------------------------------------------------------------------------------------------------

Path Group    From Clock    To Clock    
----------    ----------    --------    
(none)        aclk                        
(none)                      aclk          


------------------------------------------------------------------------------------------------
| Timing Details
| --------------
------------------------------------------------------------------------------------------------


---------------------------------------------------------------------------------------------------
From Clock:  aclk
  To Clock:  aclk

Setup :            0  Failing Endpoints,  Worst Slack        0.144ns,  Total Violation        0.000ns
Hold  :            0  Failing Endpoints,  Worst Slack        0.063ns,  Total Violation        0.000ns
PW    :            0  Failing Endpoints,  Worst Slack        2.950ns,  Total Violation        0.000ns
---------------------------------------------------------------------------------------------------


Max Delay Paths
--------------------------------------------------------------------------------------
Slack (MET) :             0.144ns  (required time - arrival time)
  Source:                 u_iv_top/bs_delay_gen[125].C_market_pipe_reg[126][1]/C
                            (rising edge-triggered cell FDCE clocked by aclk  {rise@0.000ns fall@4.000ns period=8.000ns})
  Destination:            u_iv_top/u_nr_divider/div_stage[0].num_pipe_reg[1][63]/D
                            (rising edge-triggered cell FDCE clocked by aclk  {rise@0.000ns fall@4.000ns period=8.000ns})
  Path Group:             aclk
  Path Type:              Setup (Max at Slow Process Corner)
  Requirement:            8.000ns  (aclk rise@8.000ns - aclk rise@0.000ns)
  Data Path Delay:        7.886ns  (logic 4.932ns (62.541%)  route 2.954ns (37.459%))
  Logic Levels:           26  (CARRY4=21 LUT1=1 LUT2=2 LUT6=2)
  Clock Path Skew:        -0.029ns (DCD - SCD + CPR)
    Destination Clock Delay (DCD):    1.282ns = ( 9.282 - 8.000 ) 
    Source Clock Delay      (SCD):    1.377ns
    Clock Pessimism Removal (CPR):    0.066ns
  Clock Uncertainty:      0.035ns  ((TSJ^2 + TIJ^2)^1/2 + DJ) / 2 + PE
    Total System Jitter     (TSJ):    0.071ns
    Total Input Jitter      (TIJ):    0.000ns
    Discrete Jitter          (DJ):    0.000ns
    Phase Error              (PE):    0.000ns

    Location             Delay type                Incr(ns)  Path(ns)    Netlist Resource(s)
  -------------------------------------------------------------------    -------------------
                         (clock aclk rise edge)       0.000     0.000 r  
                                                      0.000     0.000 r  aclk (IN)
                         net (fo=36115, unset)        1.377     1.377    u_iv_top/aclk
    SLICE_X65Y72         FDCE                                         r  u_iv_top/bs_delay_gen[125].C_market_pipe_reg[126][1]/C
  -------------------------------------------------------------------    -------------------
    SLICE_X65Y72         FDCE (Prop_fdce_C_Q)         0.313     1.690 r  u_iv_top/bs_delay_gen[125].C_market_pipe_reg[126][1]/Q
                         net (fo=2, routed)           0.319     2.009    u_iv_top/u_bs_datapath/bs_delay_gen[125].C_market_pipe_reg[126]_23[1]
    SLICE_X64Y73         LUT2 (Prop_lut2_I0_O)        0.215     2.224 r  u_iv_top/u_bs_datapath/div_delay_gen[30].price_err_pipe_reg[31][3]_srl31_u_iv_top_u_bs_datapath_u_ln_divider_div_stage_c_27_i_4/O
                         net (fo=1, routed)           0.000     2.224    u_iv_top/u_bs_datapath/div_delay_gen[30].price_err_pipe_reg[31][3]_srl31_u_iv_top_u_bs_datapath_u_ln_divider_div_stage_c_27_i_4_n_0
    SLICE_X64Y73         CARRY4 (Prop_carry4_S[1]_CO[3])
                                                      0.402     2.626 r  u_iv_top/u_bs_datapath/div_delay_gen[30].price_err_pipe_reg[31][3]_srl31_u_iv_top_u_bs_datapath_u_ln_divider_div_stage_c_27_i_1/CO[3]
                         net (fo=1, routed)           0.000     2.626    u_iv_top/u_bs_datapath/div_delay_gen[30].price_err_pipe_reg[31][3]_srl31_u_iv_top_u_bs_datapath_u_ln_divider_div_stage_c_27_i_1_n_0
    SLICE_X64Y74         CARRY4 (Prop_carry4_CI_CO[3])
                                                      0.092     2.718 r  u_iv_top/u_bs_datapath/div_delay_gen[30].price_err_pipe_reg[31][7]_srl31_u_iv_top_u_bs_datapath_u_ln_divider_div_stage_c_27_i_1/CO[3]
                         net (fo=1, routed)           0.007     2.725    u_iv_top/u_bs_datapath/div_delay_gen[30].price_err_pipe_reg[31][7]_srl31_u_iv_top_u_bs_datapath_u_ln_divider_div_stage_c_27_i_1_n_0
    SLICE_X64Y75         CARRY4 (Prop_carry4_CI_CO[3])
                                                      0.092     2.817 r  u_iv_top/u_bs_datapath/div_delay_gen[30].price_err_pipe_reg[31][11]_srl31_u_iv_top_u_bs_datapath_u_ln_divider_div_stage_c_27_i_1/CO[3]
                         net (fo=1, routed)           0.000     2.817    u_iv_top/u_bs_datapath/div_delay_gen[30].price_err_pipe_reg[31][11]_srl31_u_iv_top_u_bs_datapath_u_ln_divider_div_stage_c_27_i_1_n_0
    SLICE_X64Y76         CARRY4 (Prop_carry4_CI_CO[3])
                                                      0.092     2.909 r  u_iv_top/u_bs_datapath/div_delay_gen[30].price_err_pipe_reg[31][15]_srl31_u_iv_top_u_bs_datapath_u_ln_divider_div_stage_c_27_i_1/CO[3]
                         net (fo=1, routed)           0.000     2.909    u_iv_top/u_bs_datapath/div_delay_gen[30].price_err_pipe_reg[31][15]_srl31_u_iv_top_u_bs_datapath_u_ln_divider_div_stage_c_27_i_1_n_0
    SLICE_X64Y77         CARRY4 (Prop_carry4_CI_CO[3])
                                                      0.092     3.001 r  u_iv_top/u_bs_datapath/div_delay_gen[30].price_err_pipe_reg[31][19]_srl31_u_iv_top_u_bs_datapath_u_ln_divider_div_stage_c_27_i_1/CO[3]
                         net (fo=1, routed)           0.000     3.001    u_iv_top/u_bs_datapath/div_delay_gen[30].price_err_pipe_reg[31][19]_srl31_u_iv_top_u_bs_datapath_u_ln_divider_div_stage_c_27_i_1_n_0
    SLICE_X64Y78         CARRY4 (Prop_carry4_CI_CO[3])
                                                      0.092     3.093 r  u_iv_top/u_bs_datapath/div_delay_gen[30].price_err_pipe_reg[31][23]_srl31_u_iv_top_u_bs_datapath_u_ln_divider_div_stage_c_27_i_1/CO[3]
                         net (fo=1, routed)           0.000     3.093    u_iv_top/u_bs_datapath/div_delay_gen[30].price_err_pipe_reg[31][23]_srl31_u_iv_top_u_bs_datapath_u_ln_divider_div_stage_c_27_i_1_n_0
    SLICE_X64Y79         CARRY4 (Prop_carry4_CI_CO[3])
                                                      0.092     3.185 r  u_iv_top/u_bs_datapath/div_delay_gen[30].price_err_pipe_reg[31][27]_srl31_u_iv_top_u_bs_datapath_u_ln_divider_div_stage_c_27_i_1/CO[3]
                         net (fo=1, routed)           0.000     3.185    u_iv_top/u_bs_datapath/div_delay_gen[30].price_err_pipe_reg[31][27]_srl31_u_iv_top_u_bs_datapath_u_ln_divider_div_stage_c_27_i_1_n_0
    SLICE_X64Y80         CARRY4 (Prop_carry4_CI_O[0])
                                                      0.157     3.342 f  u_iv_top/u_bs_datapath/div_delay_gen[30].price_err_pipe_reg[31][31]_srl31_u_iv_top_u_bs_datapath_u_ln_divider_div_stage_c_27_i_1/O[0]
                         net (fo=3, routed)           0.453     3.795    u_iv_top/u_bs_datapath/price_err[28]
    SLICE_X66Y80         LUT1 (Prop_lut1_I0_O)        0.209     4.004 r  u_iv_top/u_bs_datapath/div_stage[0].num_pipe[1][54]_i_13__1/O
                         net (fo=1, routed)           0.000     4.004    u_iv_top/u_bs_datapath/div_stage[0].num_pipe[1][54]_i_13__1_n_0
    SLICE_X66Y80         CARRY4 (Prop_carry4_S[1]_CO[3])
                                                      0.402     4.406 r  u_iv_top/u_bs_datapath/div_stage[0].num_pipe_reg[1][54]_i_10__1/CO[3]
                         net (fo=1, routed)           0.000     4.406    u_iv_top/u_bs_datapath/div_stage[0].num_pipe_reg[1][54]_i_10__1_n_0
    SLICE_X66Y81         CARRY4 (Prop_carry4_CI_CO[1])
                                                      0.119     4.525 f  u_iv_top/u_bs_datapath/div_stage[0].num_pipe_reg[1][63]_i_4__1/CO[1]
                         net (fo=6, routed)           0.581     5.106    u_iv_top/u_bs_datapath/div_stage[0].num_pipe_reg[1][63]_i_4__1_n_2
    SLICE_X68Y86         LUT2 (Prop_lut2_I1_O)        0.258     5.364 r  u_iv_top/u_bs_datapath/div_stage[0].num_pipe[1][62]_i_3__3/O
                         net (fo=18, routed)          0.430     5.794    u_iv_top/u_bs_datapath/u_nr_divider/num_pipe[0]_449[63]
    SLICE_X67Y86         LUT6 (Prop_lut6_I0_O)        0.253     6.047 r  u_iv_top/u_bs_datapath/div_stage[29].quot_pipe_reg[30][29]_srl30_u_iv_top_u_bs_datapath_u_ln_divider_div_stage_c_26_i_6__3/O
                         net (fo=1, routed)           0.329     6.377    u_iv_top/u_bs_datapath/div_stage[29].quot_pipe_reg[30][29]_srl30_u_iv_top_u_bs_datapath_u_ln_divider_div_stage_c_26_i_6__3_n_0
    SLICE_X67Y84         CARRY4 (Prop_carry4_DI[0]_CO[3])
                                                      0.392     6.769 r  u_iv_top/u_bs_datapath/div_stage[29].quot_pipe_reg[30][29]_srl30_u_iv_top_u_bs_datapath_u_ln_divider_div_stage_c_26_i_1__3/CO[3]
                         net (fo=2, routed)           0.000     6.769    u_iv_top/u_bs_datapath/O32
    SLICE_X67Y85         CARRY4 (Prop_carry4_CI_O[0])
                                                      0.159     6.928 r  u_iv_top/u_bs_datapath/div_stage[0].num_pipe_reg[1][63]_i_3__3/O[0]
                         net (fo=34, routed)          0.289     7.217    u_iv_top/u_bs_datapath/div_stage[0].num_pipe_reg[1][63]_i_3__3_n_7
    SLICE_X71Y85         LUT6 (Prop_lut6_I0_O)        0.224     7.441 r  u_iv_top/u_bs_datapath/div_stage[0].num_pipe[1][34]_i_10__3/O
                         net (fo=1, routed)           0.545     7.986    u_iv_top/u_bs_datapath/div_stage[0].num_pipe[1][34]_i_10__3_n_0
    SLICE_X66Y82         CARRY4 (Prop_carry4_S[0]_CO[3])
                                                      0.476     8.462 r  u_iv_top/u_bs_datapath/div_stage[0].num_pipe_reg[1][34]_i_1__3/CO[3]
                         net (fo=1, routed)           0.000     8.462    u_iv_top/u_bs_datapath/div_stage[0].num_pipe_reg[1][34]_i_1__3_n_0
    SLICE_X66Y83         CARRY4 (Prop_carry4_CI_CO[3])
                                                      0.092     8.554 r  u_iv_top/u_bs_datapath/div_stage[0].num_pipe_reg[1][38]_i_1__3/CO[3]
                         net (fo=1, routed)           0.000     8.554    u_iv_top/u_bs_datapath/div_stage[0].num_pipe_reg[1][38]_i_1__3_n_0
    SLICE_X66Y84         CARRY4 (Prop_carry4_CI_CO[3])
                                                      0.092     8.646 r  u_iv_top/u_bs_datapath/div_stage[0].num_pipe_reg[1][42]_i_1__3/CO[3]
                         net (fo=1, routed)           0.000     8.646    u_iv_top/u_bs_datapath/div_stage[0].num_pipe_reg[1][42]_i_1__3_n_0
    SLICE_X66Y85         CARRY4 (Prop_carry4_CI_CO[3])
                                                      0.092     8.738 r  u_iv_top/u_bs_datapath/div_stage[0].num_pipe_reg[1][46]_i_1__3/CO[3]
                         net (fo=1, routed)           0.000     8.738    u_iv_top/u_bs_datapath/div_stage[0].num_pipe_reg[1][46]_i_1__3_n_0
    SLICE_X66Y86         CARRY4 (Prop_carry4_CI_CO[3])
                                                      0.092     8.830 r  u_iv_top/u_bs_datapath/div_stage[0].num_pipe_reg[1][50]_i_1__3/CO[3]
                         net (fo=1, routed)           0.000     8.830    u_iv_top/u_bs_datapath/div_stage[0].num_pipe_reg[1][50]_i_1__3_n_0
    SLICE_X66Y87         CARRY4 (Prop_carry4_CI_CO[3])
                                                      0.092     8.922 r  u_iv_top/u_bs_datapath/div_stage[0].num_pipe_reg[1][54]_i_1__3/CO[3]
                         net (fo=1, routed)           0.000     8.922    u_iv_top/u_bs_datapath/div_stage[0].num_pipe_reg[1][54]_i_1__3_n_0
    SLICE_X66Y88         CARRY4 (Prop_carry4_CI_CO[3])
                                                      0.092     9.014 r  u_iv_top/u_bs_datapath/div_stage[0].num_pipe_reg[1][58]_i_1__3/CO[3]
                         net (fo=1, routed)           0.000     9.014    u_iv_top/u_bs_datapath/div_stage[0].num_pipe_reg[1][58]_i_1__3_n_0
    SLICE_X66Y89         CARRY4 (Prop_carry4_CI_CO[3])
                                                      0.092     9.106 r  u_iv_top/u_bs_datapath/div_stage[0].num_pipe_reg[1][62]_i_1__3/CO[3]
                         net (fo=1, routed)           0.000     9.106    u_iv_top/u_bs_datapath/div_stage[0].num_pipe_reg[1][62]_i_1__3_n_0
    SLICE_X66Y90         CARRY4 (Prop_carry4_CI_O[0])
                                                      0.157     9.263 r  u_iv_top/u_bs_datapath/div_stage[0].num_pipe_reg[1][63]_i_1__3/O[0]
                         net (fo=1, routed)           0.000     9.263    u_iv_top/u_nr_divider/div_stage[0].num_pipe_reg[1][63]_0[39]
    SLICE_X66Y90         FDCE                                         r  u_iv_top/u_nr_divider/div_stage[0].num_pipe_reg[1][63]/D
  -------------------------------------------------------------------    -------------------

                         (clock aclk rise edge)       8.000     8.000 r  
                                                      0.000     8.000 r  aclk (IN)
                         net (fo=36115, unset)        1.282     9.282    u_iv_top/u_nr_divider/aclk
    SLICE_X66Y90         FDCE                                         r  u_iv_top/u_nr_divider/div_stage[0].num_pipe_reg[1][63]/C
                         clock pessimism              0.066     9.348    
                         clock uncertainty           -0.035     9.313    
    SLICE_X66Y90         FDCE (Setup_fdce_C_D)        0.094     9.407    u_iv_top/u_nr_divider/div_stage[0].num_pipe_reg[1][63]
  -------------------------------------------------------------------
                         required time                          9.407    
                         arrival time                          -9.263    
  -------------------------------------------------------------------
                         slack                                  0.144    

Slack (MET) :             0.155ns  (required time - arrival time)
  Source:                 u_iv_top/bs_delay_gen[125].C_market_pipe_reg[126][1]/C
                            (rising edge-triggered cell FDCE clocked by aclk  {rise@0.000ns fall@4.000ns period=8.000ns})
  Destination:            u_iv_top/u_nr_divider/div_stage[0].num_pipe_reg[1][62]/D
                            (rising edge-triggered cell FDCE clocked by aclk  {rise@0.000ns fall@4.000ns period=8.000ns})
  Path Group:             aclk
  Path Type:              Setup (Max at Slow Process Corner)
  Requirement:            8.000ns  (aclk rise@8.000ns - aclk rise@0.000ns)
  Data Path Delay:        7.874ns  (logic 4.920ns (62.484%)  route 2.954ns (37.516%))
  Logic Levels:           25  (CARRY4=20 LUT1=1 LUT2=2 LUT6=2)
  Clock Path Skew:        -0.030ns (DCD - SCD + CPR)
    Destination Clock Delay (DCD):    1.281ns = ( 9.281 - 8.000 ) 
    Source Clock Delay      (SCD):    1.377ns
    Clock Pessimism Removal (CPR):    0.066ns
  Clock Uncertainty:      0.035ns  ((TSJ^2 + TIJ^2)^1/2 + DJ) / 2 + PE
    Total System Jitter     (TSJ):    0.071ns
    Total Input Jitter      (TIJ):    0.000ns
    Discrete Jitter          (DJ):    0.000ns
    Phase Error              (PE):    0.000ns

    Location             Delay type                Incr(ns)  Path(ns)    Netlist Resource(s)
  -------------------------------------------------------------------    -------------------
                         (clock aclk rise edge)       0.000     0.000 r  
                                                      0.000     0.000 r  aclk (IN)
                         net (fo=36115, unset)        1.377     1.377    u_iv_top/aclk
    SLICE_X65Y72         FDCE                                         r  u_iv_top/bs_delay_gen[125].C_market_pipe_reg[126][1]/C
  -------------------------------------------------------------------    -------------------
    SLICE_X65Y72         FDCE (Prop_fdce_C_Q)         0.313     1.690 r  u_iv_top/bs_delay_gen[125].C_market_pipe_reg[126][1]/Q
                         net (fo=2, routed)           0.319     2.009    u_iv_top/u_bs_datapath/bs_delay_gen[125].C_market_pipe_reg[126]_23[1]
    SLICE_X64Y73         LUT2 (Prop_lut2_I0_O)        0.215     2.224 r  u_iv_top/u_bs_datapath/div_delay_gen[30].price_err_pipe_reg[31][3]_srl31_u_iv_top_u_bs_datapath_u_ln_divider_div_stage_c_27_i_4/O
                         net (fo=1, routed)           0.000     2.224    u_iv_top/u_bs_datapath/div_delay_gen[30].price_err_pipe_reg[31][3]_srl31_u_iv_top_u_bs_datapath_u_ln_divider_div_stage_c_27_i_4_n_0
    SLICE_X64Y73         CARRY4 (Prop_carry4_S[1]_CO[3])
                                                      0.402     2.626 r  u_iv_top/u_bs_datapath/div_delay_gen[30].price_err_pipe_reg[31][3]_srl31_u_iv_top_u_bs_datapath_u_ln_divider_div_stage_c_27_i_1/CO[3]
                         net (fo=1, routed)           0.000     2.626    u_iv_top/u_bs_datapath/div_delay_gen[30].price_err_pipe_reg[31][3]_srl31_u_iv_top_u_bs_datapath_u_ln_divider_div_stage_c_27_i_1_n_0
    SLICE_X64Y74         CARRY4 (Prop_carry4_CI_CO[3])
                                                      0.092     2.718 r  u_iv_top/u_bs_datapath/div_delay_gen[30].price_err_pipe_reg[31][7]_srl31_u_iv_top_u_bs_datapath_u_ln_divider_div_stage_c_27_i_1/CO[3]
                         net (fo=1, routed)           0.007     2.725    u_iv_top/u_bs_datapath/div_delay_gen[30].price_err_pipe_reg[31][7]_srl31_u_iv_top_u_bs_datapath_u_ln_divider_div_stage_c_27_i_1_n_0
    SLICE_X64Y75         CARRY4 (Prop_carry4_CI_CO[3])
                                                      0.092     2.817 r  u_iv_top/u_bs_datapath/div_delay_gen[30].price_err_pipe_reg[31][11]_srl31_u_iv_top_u_bs_datapath_u_ln_divider_div_stage_c_27_i_1/CO[3]
                         net (fo=1, routed)           0.000     2.817    u_iv_top/u_bs_datapath/div_delay_gen[30].price_err_pipe_reg[31][11]_srl31_u_iv_top_u_bs_datapath_u_ln_divider_div_stage_c_27_i_1_n_0
    SLICE_X64Y76         CARRY4 (Prop_carry4_CI_CO[3])
                                                      0.092     2.909 r  u_iv_top/u_bs_datapath/div_delay_gen[30].price_err_pipe_reg[31][15]_srl31_u_iv_top_u_bs_datapath_u_ln_divider_div_stage_c_27_i_1/CO[3]
                         net (fo=1, routed)           0.000     2.909    u_iv_top/u_bs_datapath/div_delay_gen[30].price_err_pipe_reg[31][15]_srl31_u_iv_top_u_bs_datapath_u_ln_divider_div_stage_c_27_i_1_n_0
    SLICE_X64Y77         CARRY4 (Prop_carry4_CI_CO[3])
                                                      0.092     3.001 r  u_iv_top/u_bs_datapath/div_delay_gen[30].price_err_pipe_reg[31][19]_srl31_u_iv_top_u_bs_datapath_u_ln_divider_div_stage_c_27_i_1/CO[3]
                         net (fo=1, routed)           0.000     3.001    u_iv_top/u_bs_datapath/div_delay_gen[30].price_err_pipe_reg[31][19]_srl31_u_iv_top_u_bs_datapath_u_ln_divider_div_stage_c_27_i_1_n_0
    SLICE_X64Y78         CARRY4 (Prop_carry4_CI_CO[3])
                                                      0.092     3.093 r  u_iv_top/u_bs_datapath/div_delay_gen[30].price_err_pipe_reg[31][23]_srl31_u_iv_top_u_bs_datapath_u_ln_divider_div_stage_c_27_i_1/CO[3]
                         net (fo=1, routed)           0.000     3.093    u_iv_top/u_bs_datapath/div_delay_gen[30].price_err_pipe_reg[31][23]_srl31_u_iv_top_u_bs_datapath_u_ln_divider_div_stage_c_27_i_1_n_0
    SLICE_X64Y79         CARRY4 (Prop_carry4_CI_CO[3])
                                                      0.092     3.185 r  u_iv_top/u_bs_datapath/div_delay_gen[30].price_err_pipe_reg[31][27]_srl31_u_iv_top_u_bs_datapath_u_ln_divider_div_stage_c_27_i_1/CO[3]
                         net (fo=1, routed)           0.000     3.185    u_iv_top/u_bs_datapath/div_delay_gen[30].price_err_pipe_reg[31][27]_srl31_u_iv_top_u_bs_datapath_u_ln_divider_div_stage_c_27_i_1_n_0
    SLICE_X64Y80         CARRY4 (Prop_carry4_CI_O[0])
                                                      0.157     3.342 f  u_iv_top/u_bs_datapath/div_delay_gen[30].price_err_pipe_reg[31][31]_srl31_u_iv_top_u_bs_datapath_u_ln_divider_div_stage_c_27_i_1/O[0]
                         net (fo=3, routed)           0.453     3.795    u_iv_top/u_bs_datapath/price_err[28]
    SLICE_X66Y80         LUT1 (Prop_lut1_I0_O)        0.209     4.004 r  u_iv_top/u_bs_datapath/div_stage[0].num_pipe[1][54]_i_13__1/O
                         net (fo=1, routed)           0.000     4.004    u_iv_top/u_bs_datapath/div_stage[0].num_pipe[1][54]_i_13__1_n_0
    SLICE_X66Y80         CARRY4 (Prop_carry4_S[1]_CO[3])
                                                      0.402     4.406 r  u_iv_top/u_bs_datapath/div_stage[0].num_pipe_reg[1][54]_i_10__1/CO[3]
                         net (fo=1, routed)           0.000     4.406    u_iv_top/u_bs_datapath/div_stage[0].num_pipe_reg[1][54]_i_10__1_n_0
    SLICE_X66Y81         CARRY4 (Prop_carry4_CI_CO[1])
                                                      0.119     4.525 f  u_iv_top/u_bs_datapath/div_stage[0].num_pipe_reg[1][63]_i_4__1/CO[1]
                         net (fo=6, routed)           0.581     5.106    u_iv_top/u_bs_datapath/div_stage[0].num_pipe_reg[1][63]_i_4__1_n_2
    SLICE_X68Y86         LUT2 (Prop_lut2_I1_O)        0.258     5.364 r  u_iv_top/u_bs_datapath/div_stage[0].num_pipe[1][62]_i_3__3/O
                         net (fo=18, routed)          0.430     5.794    u_iv_top/u_bs_datapath/u_nr_divider/num_pipe[0]_449[63]
    SLICE_X67Y86         LUT6 (Prop_lut6_I0_O)        0.253     6.047 r  u_iv_top/u_bs_datapath/div_stage[29].quot_pipe_reg[30][29]_srl30_u_iv_top_u_bs_datapath_u_ln_divider_div_stage_c_26_i_6__3/O
                         net (fo=1, routed)           0.329     6.377    u_iv_top/u_bs_datapath/div_stage[29].quot_pipe_reg[30][29]_srl30_u_iv_top_u_bs_datapath_u_ln_divider_div_stage_c_26_i_6__3_n_0
    SLICE_X67Y84         CARRY4 (Prop_carry4_DI[0]_CO[3])
                                                      0.392     6.769 r  u_iv_top/u_bs_datapath/div_stage[29].quot_pipe_reg[30][29]_srl30_u_iv_top_u_bs_datapath_u_ln_divider_div_stage_c_26_i_1__3/CO[3]
                         net (fo=2, routed)           0.000     6.769    u_iv_top/u_bs_datapath/O32
    SLICE_X67Y85         CARRY4 (Prop_carry4_CI_O[0])
                                                      0.159     6.928 r  u_iv_top/u_bs_datapath/div_stage[0].num_pipe_reg[1][63]_i_3__3/O[0]
                         net (fo=34, routed)          0.289     7.217    u_iv_top/u_bs_datapath/div_stage[0].num_pipe_reg[1][63]_i_3__3_n_7
    SLICE_X71Y85         LUT6 (Prop_lut6_I0_O)        0.224     7.441 r  u_iv_top/u_bs_datapath/div_stage[0].num_pipe[1][34]_i_10__3/O
                         net (fo=1, routed)           0.545     7.986    u_iv_top/u_bs_datapath/div_stage[0].num_pipe[1][34]_i_10__3_n_0
    SLICE_X66Y82         CARRY4 (Prop_carry4_S[0]_CO[3])
                                                      0.476     8.462 r  u_iv_top/u_bs_datapath/div_stage[0].num_pipe_reg[1][34]_i_1__3/CO[3]
                         net (fo=1, routed)           0.000     8.462    u_iv_top/u_bs_datapath/div_stage[0].num_pipe_reg[1][34]_i_1__3_n_0
    SLICE_X66Y83         CARRY4 (Prop_carry4_CI_CO[3])
                                                      0.092     8.554 r  u_iv_top/u_bs_datapath/div_stage[0].num_pipe_reg[1][38]_i_1__3/CO[3]
                         net (fo=1, routed)           0.000     8.554    u_iv_top/u_bs_datapath/div_stage[0].num_pipe_reg[1][38]_i_1__3_n_0
    SLICE_X66Y84         CARRY4 (Prop_carry4_CI_CO[3])
                                                      0.092     8.646 r  u_iv_top/u_bs_datapath/div_stage[0].num_pipe_reg[1][42]_i_1__3/CO[3]
                         net (fo=1, routed)           0.000     8.646    u_iv_top/u_bs_datapath/div_stage[0].num_pipe_reg[1][42]_i_1__3_n_0
    SLICE_X66Y85         CARRY4 (Prop_carry4_CI_CO[3])
                                                      0.092     8.738 r  u_iv_top/u_bs_datapath/div_stage[0].num_pipe_reg[1][46]_i_1__3/CO[3]
                         net (fo=1, routed)           0.000     8.738    u_iv_top/u_bs_datapath/div_stage[0].num_pipe_reg[1][46]_i_1__3_n_0
    SLICE_X66Y86         CARRY4 (Prop_carry4_CI_CO[3])
                                                      0.092     8.830 r  u_iv_top/u_bs_datapath/div_stage[0].num_pipe_reg[1][50]_i_1__3/CO[3]
                         net (fo=1, routed)           0.000     8.830    u_iv_top/u_bs_datapath/div_stage[0].num_pipe_reg[1][50]_i_1__3_n_0
    SLICE_X66Y87         CARRY4 (Prop_carry4_CI_CO[3])
                                                      0.092     8.922 r  u_iv_top/u_bs_datapath/div_stage[0].num_pipe_reg[1][54]_i_1__3/CO[3]
                         net (fo=1, routed)           0.000     8.922    u_iv_top/u_bs_datapath/div_stage[0].num_pipe_reg[1][54]_i_1__3_n_0
    SLICE_X66Y88         CARRY4 (Prop_carry4_CI_CO[3])
                                                      0.092     9.014 r  u_iv_top/u_bs_datapath/div_stage[0].num_pipe_reg[1][58]_i_1__3/CO[3]
                         net (fo=1, routed)           0.000     9.014    u_iv_top/u_bs_datapath/div_stage[0].num_pipe_reg[1][58]_i_1__3_n_0
    SLICE_X66Y89         CARRY4 (Prop_carry4_CI_O[3])
                                                      0.237     9.251 r  u_iv_top/u_bs_datapath/div_stage[0].num_pipe_reg[1][62]_i_1__3/O[3]
                         net (fo=1, routed)           0.000     9.251    u_iv_top/u_nr_divider/div_stage[0].num_pipe_reg[1][63]_0[38]
    SLICE_X66Y89         FDCE                                         r  u_iv_top/u_nr_divider/div_stage[0].num_pipe_reg[1][62]/D
  -------------------------------------------------------------------    -------------------

                         (clock aclk rise edge)       8.000     8.000 r  
                                                      0.000     8.000 r  aclk (IN)
                         net (fo=36115, unset)        1.281     9.281    u_iv_top/u_nr_divider/aclk
    SLICE_X66Y89         FDCE                                         r  u_iv_top/u_nr_divider/div_stage[0].num_pipe_reg[1][62]/C
                         clock pessimism              0.066     9.347    
                         clock uncertainty           -0.035     9.312    
    SLICE_X66Y89         FDCE (Setup_fdce_C_D)        0.094     9.406    u_iv_top/u_nr_divider/div_stage[0].num_pipe_reg[1][62]
  -------------------------------------------------------------------
                         required time                          9.406    
                         arrival time                          -9.251    
  -------------------------------------------------------------------
                         slack                                  0.155    

Slack (MET) :             0.169ns  (required time - arrival time)
  Source:                 u_iv_top/bs_delay_gen[125].C_market_pipe_reg[126][1]/C
                            (rising edge-triggered cell FDCE clocked by aclk  {rise@0.000ns fall@4.000ns period=8.000ns})
  Destination:            u_iv_top/u_nr_divider/div_stage[0].num_pipe_reg[1][60]/D
                            (rising edge-triggered cell FDCE clocked by aclk  {rise@0.000ns fall@4.000ns period=8.000ns})
  Path Group:             aclk
  Path Type:              Setup (Max at Slow Process Corner)
  Requirement:            8.000ns  (aclk rise@8.000ns - aclk rise@0.000ns)
  Data Path Delay:        7.860ns  (logic 4.906ns (62.417%)  route 2.954ns (37.583%))
  Logic Levels:           25  (CARRY4=20 LUT1=1 LUT2=2 LUT6=2)
  Clock Path Skew:        -0.030ns (DCD - SCD + CPR)
    Destination Clock Delay (DCD):    1.281ns = ( 9.281 - 8.000 ) 
    Source Clock Delay      (SCD):    1.377ns
    Clock Pessimism Removal (CPR):    0.066ns
  Clock Uncertainty:      0.035ns  ((TSJ^2 + TIJ^2)^1/2 + DJ) / 2 + PE
    Total System Jitter     (TSJ):    0.071ns
    Total Input Jitter      (TIJ):    0.000ns
    Discrete Jitter          (DJ):    0.000ns
    Phase Error              (PE):    0.000ns

    Location             Delay type                Incr(ns)  Path(ns)    Netlist Resource(s)
  -------------------------------------------------------------------    -------------------
                         (clock aclk rise edge)       0.000     0.000 r  
                                                      0.000     0.000 r  aclk (IN)
                         net (fo=36115, unset)        1.377     1.377    u_iv_top/aclk
    SLICE_X65Y72         FDCE                                         r  u_iv_top/bs_delay_gen[125].C_market_pipe_reg[126][1]/C
  -------------------------------------------------------------------    -------------------
    SLICE_X65Y72         FDCE (Prop_fdce_C_Q)         0.313     1.690 r  u_iv_top/bs_delay_gen[125].C_market_pipe_reg[126][1]/Q
                         net (fo=2, routed)           0.319     2.009    u_iv_top/u_bs_datapath/bs_delay_gen[125].C_market_pipe_reg[126]_23[1]
    SLICE_X64Y73         LUT2 (Prop_lut2_I0_O)        0.215     2.224 r  u_iv_top/u_bs_datapath/div_delay_gen[30].price_err_pipe_reg[31][3]_srl31_u_iv_top_u_bs_datapath_u_ln_divider_div_stage_c_27_i_4/O
                         net (fo=1, routed)           0.000     2.224    u_iv_top/u_bs_datapath/div_delay_gen[30].price_err_pipe_reg[31][3]_srl31_u_iv_top_u_bs_datapath_u_ln_divider_div_stage_c_27_i_4_n_0
    SLICE_X64Y73         CARRY4 (Prop_carry4_S[1]_CO[3])
                                                      0.402     2.626 r  u_iv_top/u_bs_datapath/div_delay_gen[30].price_err_pipe_reg[31][3]_srl31_u_iv_top_u_bs_datapath_u_ln_divider_div_stage_c_27_i_1/CO[3]
                         net (fo=1, routed)           0.000     2.626    u_iv_top/u_bs_datapath/div_delay_gen[30].price_err_pipe_reg[31][3]_srl31_u_iv_top_u_bs_datapath_u_ln_divider_div_stage_c_27_i_1_n_0
    SLICE_X64Y74         CARRY4 (Prop_carry4_CI_CO[3])
                                                      0.092     2.718 r  u_iv_top/u_bs_datapath/div_delay_gen[30].price_err_pipe_reg[31][7]_srl31_u_iv_top_u_bs_datapath_u_ln_divider_div_stage_c_27_i_1/CO[3]
                         net (fo=1, routed)           0.007     2.725    u_iv_top/u_bs_datapath/div_delay_gen[30].price_err_pipe_reg[31][7]_srl31_u_iv_top_u_bs_datapath_u_ln_divider_div_stage_c_27_i_1_n_0
    SLICE_X64Y75         CARRY4 (Prop_carry4_CI_CO[3])
                                                      0.092     2.817 r  u_iv_top/u_bs_datapath/div_delay_gen[30].price_err_pipe_reg[31][11]_srl31_u_iv_top_u_bs_datapath_u_ln_divider_div_stage_c_27_i_1/CO[3]
                         net (fo=1, routed)           0.000     2.817    u_iv_top/u_bs_datapath/div_delay_gen[30].price_err_pipe_reg[31][11]_srl31_u_iv_top_u_bs_datapath_u_ln_divider_div_stage_c_27_i_1_n_0
    SLICE_X64Y76         CARRY4 (Prop_carry4_CI_CO[3])
                                                      0.092     2.909 r  u_iv_top/u_bs_datapath/div_delay_gen[30].price_err_pipe_reg[31][15]_srl31_u_iv_top_u_bs_datapath_u_ln_divider_div_stage_c_27_i_1/CO[3]
                         net (fo=1, routed)           0.000     2.909    u_iv_top/u_bs_datapath/div_delay_gen[30].price_err_pipe_reg[31][15]_srl31_u_iv_top_u_bs_datapath_u_ln_divider_div_stage_c_27_i_1_n_0
    SLICE_X64Y77         CARRY4 (Prop_carry4_CI_CO[3])
                                                      0.092     3.001 r  u_iv_top/u_bs_datapath/div_delay_gen[30].price_err_pipe_reg[31][19]_srl31_u_iv_top_u_bs_datapath_u_ln_divider_div_stage_c_27_i_1/CO[3]
                         net (fo=1, routed)           0.000     3.001    u_iv_top/u_bs_datapath/div_delay_gen[30].price_err_pipe_reg[31][19]_srl31_u_iv_top_u_bs_datapath_u_ln_divider_div_stage_c_27_i_1_n_0
    SLICE_X64Y78         CARRY4 (Prop_carry4_CI_CO[3])
                                                      0.092     3.093 r  u_iv_top/u_bs_datapath/div_delay_gen[30].price_err_pipe_reg[31][23]_srl31_u_iv_top_u_bs_datapath_u_ln_divider_div_stage_c_27_i_1/CO[3]
                         net (fo=1, routed)           0.000     3.093    u_iv_top/u_bs_datapath/div_delay_gen[30].price_err_pipe_reg[31][23]_srl31_u_iv_top_u_bs_datapath_u_ln_divider_div_stage_c_27_i_1_n_0
    SLICE_X64Y79         CARRY4 (Prop_carry4_CI_CO[3])
                                                      0.092     3.185 r  u_iv_top/u_bs_datapath/div_delay_gen[30].price_err_pipe_reg[31][27]_srl31_u_iv_top_u_bs_datapath_u_ln_divider_div_stage_c_27_i_1/CO[3]
                         net (fo=1, routed)           0.000     3.185    u_iv_top/u_bs_datapath/div_delay_gen[30].price_err_pipe_reg[31][27]_srl31_u_iv_top_u_bs_datapath_u_ln_divider_div_stage_c_27_i_1_n_0
    SLICE_X64Y80         CARRY4 (Prop_carry4_CI_O[0])
                                                      0.157     3.342 f  u_iv_top/u_bs_datapath/div_delay_gen[30].price_err_pipe_reg[31][31]_srl31_u_iv_top_u_bs_datapath_u_ln_divider_div_stage_c_27_i_1/O[0]
                         net (fo=3, routed)           0.453     3.795    u_iv_top/u_bs_datapath/price_err[28]
    SLICE_X66Y80         LUT1 (Prop_lut1_I0_O)        0.209     4.004 r  u_iv_top/u_bs_datapath/div_stage[0].num_pipe[1][54]_i_13__1/O
                         net (fo=1, routed)           0.000     4.004    u_iv_top/u_bs_datapath/div_stage[0].num_pipe[1][54]_i_13__1_n_0
    SLICE_X66Y80         CARRY4 (Prop_carry4_S[1]_CO[3])
                                                      0.402     4.406 r  u_iv_top/u_bs_datapath/div_stage[0].num_pipe_reg[1][54]_i_10__1/CO[3]
                         net (fo=1, routed)           0.000     4.406    u_iv_top/u_bs_datapath/div_stage[0].num_pipe_reg[1][54]_i_10__1_n_0
    SLICE_X66Y81         CARRY4 (Prop_carry4_CI_CO[1])
                                                      0.119     4.525 f  u_iv_top/u_bs_datapath/div_stage[0].num_pipe_reg[1][63]_i_4__1/CO[1]
                         net (fo=6, routed)           0.581     5.106    u_iv_top/u_bs_datapath/div_stage[0].num_pipe_reg[1][63]_i_4__1_n_2
    SLICE_X68Y86         LUT2 (Prop_lut2_I1_O)        0.258     5.364 r  u_iv_top/u_bs_datapath/div_stage[0].num_pipe[1][62]_i_3__3/O
                         net (fo=18, routed)          0.430     5.794    u_iv_top/u_bs_datapath/u_nr_divider/num_pipe[0]_449[63]
    SLICE_X67Y86         LUT6 (Prop_lut6_I0_O)        0.253     6.047 r  u_iv_top/u_bs_datapath/div_stage[29].quot_pipe_reg[30][29]_srl30_u_iv_top_u_bs_datapath_u_ln_divider_div_stage_c_26_i_6__3/O
                         net (fo=1, routed)           0.329     6.377    u_iv_top/u_bs_datapath/div_stage[29].quot_pipe_reg[30][29]_srl30_u_iv_top_u_bs_datapath_u_ln_divider_div_stage_c_26_i_6__3_n_0
    SLICE_X67Y84         CARRY4 (Prop_carry4_DI[0]_CO[3])
                                                      0.392     6.769 r  u_iv_top/u_bs_datapath/div_stage[29].quot_pipe_reg[30][29]_srl30_u_iv_top_u_bs_datapath_u_ln_divider_div_stage_c_26_i_1__3/CO[3]
                         net (fo=2, routed)           0.000     6.769    u_iv_top/u_bs_datapath/O32
    SLICE_X67Y85         CARRY4 (Prop_carry4_CI_O[0])
                                                      0.159     6.928 r  u_iv_top/u_bs_datapath/div_stage[0].num_pipe_reg[1][63]_i_3__3/O[0]
                         net (fo=34, routed)          0.289     7.217    u_iv_top/u_bs_datapath/div_stage[0].num_pipe_reg[1][63]_i_3__3_n_7
    SLICE_X71Y85         LUT6 (Prop_lut6_I0_O)        0.224     7.441 r  u_iv_top/u_bs_datapath/div_stage[0].num_pipe[1][34]_i_10__3/O
                         net (fo=1, routed)           0.545     7.986    u_iv_top/u_bs_datapath/div_stage[0].num_pipe[1][34]_i_10__3_n_0
    SLICE_X66Y82         CARRY4 (Prop_carry4_S[0]_CO[3])
                                                      0.476     8.462 r  u_iv_top/u_bs_datapath/div_stage[0].num_pipe_reg[1][34]_i_1__3/CO[3]
                         net (fo=1, routed)           0.000     8.462    u_iv_top/u_bs_datapath/div_stage[0].num_pipe_reg[1][34]_i_1__3_n_0
    SLICE_X66Y83         CARRY4 (Prop_carry4_CI_CO[3])
                                                      0.092     8.554 r  u_iv_top/u_bs_datapath/div_stage[0].num_pipe_reg[1][38]_i_1__3/CO[3]
                         net (fo=1, routed)           0.000     8.554    u_iv_top/u_bs_datapath/div_stage[0].num_pipe_reg[1][38]_i_1__3_n_0
    SLICE_X66Y84         CARRY4 (Prop_carry4_CI_CO[3])
                                                      0.092     8.646 r  u_iv_top/u_bs_datapath/div_stage[0].num_pipe_reg[1][42]_i_1__3/CO[3]
                         net (fo=1, routed)           0.000     8.646    u_iv_top/u_bs_datapath/div_stage[0].num_pipe_reg[1][42]_i_1__3_n_0
    SLICE_X66Y85         CARRY4 (Prop_carry4_CI_CO[3])
                                                      0.092     8.738 r  u_iv_top/u_bs_datapath/div_stage[0].num_pipe_reg[1][46]_i_1__3/CO[3]
                         net (fo=1, routed)           0.000     8.738    u_iv_top/u_bs_datapath/div_stage[0].num_pipe_reg[1][46]_i_1__3_n_0
    SLICE_X66Y86         CARRY4 (Prop_carry4_CI_CO[3])
                                                      0.092     8.830 r  u_iv_top/u_bs_datapath/div_stage[0].num_pipe_reg[1][50]_i_1__3/CO[3]
                         net (fo=1, routed)           0.000     8.830    u_iv_top/u_bs_datapath/div_stage[0].num_pipe_reg[1][50]_i_1__3_n_0
    SLICE_X66Y87         CARRY4 (Prop_carry4_CI_CO[3])
                                                      0.092     8.922 r  u_iv_top/u_bs_datapath/div_stage[0].num_pipe_reg[1][54]_i_1__3/CO[3]
                         net (fo=1, routed)           0.000     8.922    u_iv_top/u_bs_datapath/div_stage[0].num_pipe_reg[1][54]_i_1__3_n_0
    SLICE_X66Y88         CARRY4 (Prop_carry4_CI_CO[3])
                                                      0.092     9.014 r  u_iv_top/u_bs_datapath/div_stage[0].num_pipe_reg[1][58]_i_1__3/CO[3]
                         net (fo=1, routed)           0.000     9.014    u_iv_top/u_bs_datapath/div_stage[0].num_pipe_reg[1][58]_i_1__3_n_0
    SLICE_X66Y89         CARRY4 (Prop_carry4_CI_O[1])
                                                      0.223     9.237 r  u_iv_top/u_bs_datapath/div_stage[0].num_pipe_reg[1][62]_i_1__3/O[1]
                         net (fo=1, routed)           0.000     9.237    u_iv_top/u_nr_divider/div_stage[0].num_pipe_reg[1][63]_0[36]
    SLICE_X66Y89         FDCE                                         r  u_iv_top/u_nr_divider/div_stage[0].num_pipe_reg[1][60]/D
  -------------------------------------------------------------------    -------------------

                         (clock aclk rise edge)       8.000     8.000 r  
                                                      0.000     8.000 r  aclk (IN)
                         net (fo=36115, unset)        1.281     9.281    u_iv_top/u_nr_divider/aclk
    SLICE_X66Y89         FDCE                                         r  u_iv_top/u_nr_divider/div_stage[0].num_pipe_reg[1][60]/C
                         clock pessimism              0.066     9.347    
                         clock uncertainty           -0.035     9.312    
    SLICE_X66Y89         FDCE (Setup_fdce_C_D)        0.094     9.406    u_iv_top/u_nr_divider/div_stage[0].num_pipe_reg[1][60]
  -------------------------------------------------------------------
                         required time                          9.406    
                         arrival time                          -9.237    
  -------------------------------------------------------------------
                         slack                                  0.169    

Slack (MET) :             0.212ns  (required time - arrival time)
  Source:                 u_iv_top/bs_delay_gen[125].C_market_pipe_reg[126][1]/C
                            (rising edge-triggered cell FDCE clocked by aclk  {rise@0.000ns fall@4.000ns period=8.000ns})
  Destination:            u_iv_top/u_nr_divider/div_stage[0].num_pipe_reg[1][61]/D
                            (rising edge-triggered cell FDCE clocked by aclk  {rise@0.000ns fall@4.000ns period=8.000ns})
  Path Group:             aclk
  Path Type:              Setup (Max at Slow Process Corner)
  Requirement:            8.000ns  (aclk rise@8.000ns - aclk rise@0.000ns)
  Data Path Delay:        7.817ns  (logic 4.863ns (62.211%)  route 2.954ns (37.789%))
  Logic Levels:           25  (CARRY4=20 LUT1=1 LUT2=2 LUT6=2)
  Clock Path Skew:        -0.030ns (DCD - SCD + CPR)
    Destination Clock Delay (DCD):    1.281ns = ( 9.281 - 8.000 ) 
    Source Clock Delay      (SCD):    1.377ns
    Clock Pessimism Removal (CPR):    0.066ns
  Clock Uncertainty:      0.035ns  ((TSJ^2 + TIJ^2)^1/2 + DJ) / 2 + PE
    Total System Jitter     (TSJ):    0.071ns
    Total Input Jitter      (TIJ):    0.000ns
    Discrete Jitter          (DJ):    0.000ns
    Phase Error              (PE):    0.000ns

    Location             Delay type                Incr(ns)  Path(ns)    Netlist Resource(s)
  -------------------------------------------------------------------    -------------------
                         (clock aclk rise edge)       0.000     0.000 r  
                                                      0.000     0.000 r  aclk (IN)
                         net (fo=36115, unset)        1.377     1.377    u_iv_top/aclk
    SLICE_X65Y72         FDCE                                         r  u_iv_top/bs_delay_gen[125].C_market_pipe_reg[126][1]/C
  -------------------------------------------------------------------    -------------------
    SLICE_X65Y72         FDCE (Prop_fdce_C_Q)         0.313     1.690 r  u_iv_top/bs_delay_gen[125].C_market_pipe_reg[126][1]/Q
                         net (fo=2, routed)           0.319     2.009    u_iv_top/u_bs_datapath/bs_delay_gen[125].C_market_pipe_reg[126]_23[1]
    SLICE_X64Y73         LUT2 (Prop_lut2_I0_O)        0.215     2.224 r  u_iv_top/u_bs_datapath/div_delay_gen[30].price_err_pipe_reg[31][3]_srl31_u_iv_top_u_bs_datapath_u_ln_divider_div_stage_c_27_i_4/O
                         net (fo=1, routed)           0.000     2.224    u_iv_top/u_bs_datapath/div_delay_gen[30].price_err_pipe_reg[31][3]_srl31_u_iv_top_u_bs_datapath_u_ln_divider_div_stage_c_27_i_4_n_0
    SLICE_X64Y73         CARRY4 (Prop_carry4_S[1]_CO[3])
                                                      0.402     2.626 r  u_iv_top/u_bs_datapath/div_delay_gen[30].price_err_pipe_reg[31][3]_srl31_u_iv_top_u_bs_datapath_u_ln_divider_div_stage_c_27_i_1/CO[3]
                         net (fo=1, routed)           0.000     2.626    u_iv_top/u_bs_datapath/div_delay_gen[30].price_err_pipe_reg[31][3]_srl31_u_iv_top_u_bs_datapath_u_ln_divider_div_stage_c_27_i_1_n_0
    SLICE_X64Y74         CARRY4 (Prop_carry4_CI_CO[3])
                                                      0.092     2.718 r  u_iv_top/u_bs_datapath/div_delay_gen[30].price_err_pipe_reg[31][7]_srl31_u_iv_top_u_bs_datapath_u_ln_divider_div_stage_c_27_i_1/CO[3]
                         net (fo=1, routed)           0.007     2.725    u_iv_top/u_bs_datapath/div_delay_gen[30].price_err_pipe_reg[31][7]_srl31_u_iv_top_u_bs_datapath_u_ln_divider_div_stage_c_27_i_1_n_0
    SLICE_X64Y75         CARRY4 (Prop_carry4_CI_CO[3])
                                                      0.092     2.817 r  u_iv_top/u_bs_datapath/div_delay_gen[30].price_err_pipe_reg[31][11]_srl31_u_iv_top_u_bs_datapath_u_ln_divider_div_stage_c_27_i_1/CO[3]
                         net (fo=1, routed)           0.000     2.817    u_iv_top/u_bs_datapath/div_delay_gen[30].price_err_pipe_reg[31][11]_srl31_u_iv_top_u_bs_datapath_u_ln_divider_div_stage_c_27_i_1_n_0
    SLICE_X64Y76         CARRY4 (Prop_carry4_CI_CO[3])
                                                      0.092     2.909 r  u_iv_top/u_bs_datapath/div_delay_gen[30].price_err_pipe_reg[31][15]_srl31_u_iv_top_u_bs_datapath_u_ln_divider_div_stage_c_27_i_1/CO[3]
                         net (fo=1, routed)           0.000     2.909    u_iv_top/u_bs_datapath/div_delay_gen[30].price_err_pipe_reg[31][15]_srl31_u_iv_top_u_bs_datapath_u_ln_divider_div_stage_c_27_i_1_n_0
    SLICE_X64Y77         CARRY4 (Prop_carry4_CI_CO[3])
                                                      0.092     3.001 r  u_iv_top/u_bs_datapath/div_delay_gen[30].price_err_pipe_reg[31][19]_srl31_u_iv_top_u_bs_datapath_u_ln_divider_div_stage_c_27_i_1/CO[3]
                         net (fo=1, routed)           0.000     3.001    u_iv_top/u_bs_datapath/div_delay_gen[30].price_err_pipe_reg[31][19]_srl31_u_iv_top_u_bs_datapath_u_ln_divider_div_stage_c_27_i_1_n_0
    SLICE_X64Y78         CARRY4 (Prop_carry4_CI_CO[3])
                                                      0.092     3.093 r  u_iv_top/u_bs_datapath/div_delay_gen[30].price_err_pipe_reg[31][23]_srl31_u_iv_top_u_bs_datapath_u_ln_divider_div_stage_c_27_i_1/CO[3]
                         net (fo=1, routed)           0.000     3.093    u_iv_top/u_bs_datapath/div_delay_gen[30].price_err_pipe_reg[31][23]_srl31_u_iv_top_u_bs_datapath_u_ln_divider_div_stage_c_27_i_1_n_0
    SLICE_X64Y79         CARRY4 (Prop_carry4_CI_CO[3])
                                                      0.092     3.185 r  u_iv_top/u_bs_datapath/div_delay_gen[30].price_err_pipe_reg[31][27]_srl31_u_iv_top_u_bs_datapath_u_ln_divider_div_stage_c_27_i_1/CO[3]
                         net (fo=1, routed)           0.000     3.185    u_iv_top/u_bs_datapath/div_delay_gen[30].price_err_pipe_reg[31][27]_srl31_u_iv_top_u_bs_datapath_u_ln_divider_div_stage_c_27_i_1_n_0
    SLICE_X64Y80         CARRY4 (Prop_carry4_CI_O[0])
                                                      0.157     3.342 f  u_iv_top/u_bs_datapath/div_delay_gen[30].price_err_pipe_reg[31][31]_srl31_u_iv_top_u_bs_datapath_u_ln_divider_div_stage_c_27_i_1/O[0]
                         net (fo=3, routed)           0.453     3.795    u_iv_top/u_bs_datapath/price_err[28]
    SLICE_X66Y80         LUT1 (Prop_lut1_I0_O)        0.209     4.004 r  u_iv_top/u_bs_datapath/div_stage[0].num_pipe[1][54]_i_13__1/O
                         net (fo=1, routed)           0.000     4.004    u_iv_top/u_bs_datapath/div_stage[0].num_pipe[1][54]_i_13__1_n_0
    SLICE_X66Y80         CARRY4 (Prop_carry4_S[1]_CO[3])
                                                      0.402     4.406 r  u_iv_top/u_bs_datapath/div_stage[0].num_pipe_reg[1][54]_i_10__1/CO[3]
                         net (fo=1, routed)           0.000     4.406    u_iv_top/u_bs_datapath/div_stage[0].num_pipe_reg[1][54]_i_10__1_n_0
    SLICE_X66Y81         CARRY4 (Prop_carry4_CI_CO[1])
                                                      0.119     4.525 f  u_iv_top/u_bs_datapath/div_stage[0].num_pipe_reg[1][63]_i_4__1/CO[1]
                         net (fo=6, routed)           0.581     5.106    u_iv_top/u_bs_datapath/div_stage[0].num_pipe_reg[1][63]_i_4__1_n_2
    SLICE_X68Y86         LUT2 (Prop_lut2_I1_O)        0.258     5.364 r  u_iv_top/u_bs_datapath/div_stage[0].num_pipe[1][62]_i_3__3/O
                         net (fo=18, routed)          0.430     5.794    u_iv_top/u_bs_datapath/u_nr_divider/num_pipe[0]_449[63]
    SLICE_X67Y86         LUT6 (Prop_lut6_I0_O)        0.253     6.047 r  u_iv_top/u_bs_datapath/div_stage[29].quot_pipe_reg[30][29]_srl30_u_iv_top_u_bs_datapath_u_ln_divider_div_stage_c_26_i_6__3/O
                         net (fo=1, routed)           0.329     6.377    u_iv_top/u_bs_datapath/div_stage[29].quot_pipe_reg[30][29]_srl30_u_iv_top_u_bs_datapath_u_ln_divider_div_stage_c_26_i_6__3_n_0
    SLICE_X67Y84         CARRY4 (Prop_carry4_DI[0]_CO[3])
                                                      0.392     6.769 r  u_iv_top/u_bs_datapath/div_stage[29].quot_pipe_reg[30][29]_srl30_u_iv_top_u_bs_datapath_u_ln_divider_div_stage_c_26_i_1__3/CO[3]
                         net (fo=2, routed)           0.000     6.769    u_iv_top/u_bs_datapath/O32
    SLICE_X67Y85         CARRY4 (Prop_carry4_CI_O[0])
                                                      0.159     6.928 r  u_iv_top/u_bs_datapath/div_stage[0].num_pipe_reg[1][63]_i_3__3/O[0]
                         net (fo=34, routed)          0.289     7.217    u_iv_top/u_bs_datapath/div_stage[0].num_pipe_reg[1][63]_i_3__3_n_7
    SLICE_X71Y85         LUT6 (Prop_lut6_I0_O)        0.224     7.441 r  u_iv_top/u_bs_datapath/div_stage[0].num_pipe[1][34]_i_10__3/O
                         net (fo=1, routed)           0.545     7.986    u_iv_top/u_bs_datapath/div_stage[0].num_pipe[1][34]_i_10__3_n_0
    SLICE_X66Y82         CARRY4 (Prop_carry4_S[0]_CO[3])
                                                      0.476     8.462 r  u_iv_top/u_bs_datapath/div_stage[0].num_pipe_reg[1][34]_i_1__3/CO[3]
                         net (fo=1, routed)           0.000     8.462    u_iv_top/u_bs_datapath/div_stage[0].num_pipe_reg[1][34]_i_1__3_n_0
    SLICE_X66Y83         CARRY4 (Prop_carry4_CI_CO[3])
                                                      0.092     8.554 r  u_iv_top/u_bs_datapath/div_stage[0].num_pipe_reg[1][38]_i_1__3/CO[3]
                         net (fo=1, routed)           0.000     8.554    u_iv_top/u_bs_datapath/div_stage[0].num_pipe_reg[1][38]_i_1__3_n_0
    SLICE_X66Y84         CARRY4 (Prop_carry4_CI_CO[3])
                                                      0.092     8.646 r  u_iv_top/u_bs_datapath/div_stage[0].num_pipe_reg[1][42]_i_1__3/CO[3]
                         net (fo=1, routed)           0.000     8.646    u_iv_top/u_bs_datapath/div_stage[0].num_pipe_reg[1][42]_i_1__3_n_0
    SLICE_X66Y85         CARRY4 (Prop_carry4_CI_CO[3])
                                                      0.092     8.738 r  u_iv_top/u_bs_datapath/div_stage[0].num_pipe_reg[1][46]_i_1__3/CO[3]
                         net (fo=1, routed)           0.000     8.738    u_iv_top/u_bs_datapath/div_stage[0].num_pipe_reg[1][46]_i_1__3_n_0
    SLICE_X66Y86         CARRY4 (Prop_carry4_CI_CO[3])
                                                      0.092     8.830 r  u_iv_top/u_bs_datapath/div_stage[0].num_pipe_reg[1][50]_i_1__3/CO[3]
                         net (fo=1, routed)           0.000     8.830    u_iv_top/u_bs_datapath/div_stage[0].num_pipe_reg[1][50]_i_1__3_n_0
    SLICE_X66Y87         CARRY4 (Prop_carry4_CI_CO[3])
                                                      0.092     8.922 r  u_iv_top/u_bs_datapath/div_stage[0].num_pipe_reg[1][54]_i_1__3/CO[3]
                         net (fo=1, routed)           0.000     8.922    u_iv_top/u_bs_datapath/div_stage[0].num_pipe_reg[1][54]_i_1__3_n_0
    SLICE_X66Y88         CARRY4 (Prop_carry4_CI_CO[3])
                                                      0.092     9.014 r  u_iv_top/u_bs_datapath/div_stage[0].num_pipe_reg[1][58]_i_1__3/CO[3]
                         net (fo=1, routed)           0.000     9.014    u_iv_top/u_bs_datapath/div_stage[0].num_pipe_reg[1][58]_i_1__3_n_0
    SLICE_X66Y89         CARRY4 (Prop_carry4_CI_O[2])
                                                      0.180     9.194 r  u_iv_top/u_bs_datapath/div_stage[0].num_pipe_reg[1][62]_i_1__3/O[2]
                         net (fo=1, routed)           0.000     9.194    u_iv_top/u_nr_divider/div_stage[0].num_pipe_reg[1][63]_0[37]
    SLICE_X66Y89         FDCE                                         r  u_iv_top/u_nr_divider/div_stage[0].num_pipe_reg[1][61]/D
  -------------------------------------------------------------------    -------------------

                         (clock aclk rise edge)       8.000     8.000 r  
                                                      0.000     8.000 r  aclk (IN)
                         net (fo=36115, unset)        1.281     9.281    u_iv_top/u_nr_divider/aclk
    SLICE_X66Y89         FDCE                                         r  u_iv_top/u_nr_divider/div_stage[0].num_pipe_reg[1][61]/C
                         clock pessimism              0.066     9.347    
                         clock uncertainty           -0.035     9.312    
    SLICE_X66Y89         FDCE (Setup_fdce_C_D)        0.094     9.406    u_iv_top/u_nr_divider/div_stage[0].num_pipe_reg[1][61]
  -------------------------------------------------------------------
                         required time                          9.406    
                         arrival time                          -9.194    
  -------------------------------------------------------------------
                         slack                                  0.212    

Slack (MET) :             0.233ns  (required time - arrival time)
  Source:                 u_iv_top/u_bs_datapath/cdf_delay_gen[48].S_cdf_pipe_reg[49][9]/C
                            (rising edge-triggered cell FDCE clocked by aclk  {rise@0.000ns fall@4.000ns period=8.000ns})
  Destination:            u_iv_top/u_bs_datapath/vega1_5a_reg[31]/D
                            (rising edge-triggered cell FDCE clocked by aclk  {rise@0.000ns fall@4.000ns period=8.000ns})
  Path Group:             aclk
  Path Type:              Setup (Max at Slow Process Corner)
  Requirement:            8.000ns  (aclk rise@8.000ns - aclk rise@0.000ns)
  Data Path Delay:        7.707ns  (logic 5.963ns (77.374%)  route 1.744ns (22.626%))
  Logic Levels:           13  (CARRY4=10 DSP48E1=2 LUT2=1)
  Clock Path Skew:        -0.081ns (DCD - SCD + CPR)
    Destination Clock Delay (DCD):    1.277ns = ( 9.277 - 8.000 ) 
    Source Clock Delay      (SCD):    1.370ns
    Clock Pessimism Removal (CPR):    0.012ns
  Clock Uncertainty:      0.035ns  ((TSJ^2 + TIJ^2)^1/2 + DJ) / 2 + PE
    Total System Jitter     (TSJ):    0.071ns
    Total Input Jitter      (TIJ):    0.000ns
    Discrete Jitter          (DJ):    0.000ns
    Phase Error              (PE):    0.000ns

    Location             Delay type                Incr(ns)  Path(ns)    Netlist Resource(s)
  -------------------------------------------------------------------    -------------------
                         (clock aclk rise edge)       0.000     0.000 r  
                                                      0.000     0.000 r  aclk (IN)
                         net (fo=36115, unset)        1.370     1.370    u_iv_top/u_bs_datapath/aclk
    SLICE_X73Y74         FDCE                                         r  u_iv_top/u_bs_datapath/cdf_delay_gen[48].S_cdf_pipe_reg[49][9]/C
  -------------------------------------------------------------------    -------------------
    SLICE_X73Y74         FDCE (Prop_fdce_C_Q)         0.313     1.683 r  u_iv_top/u_bs_datapath/cdf_delay_gen[48].S_cdf_pipe_reg[49][9]/Q
                         net (fo=4, routed)           0.743     2.426    u_iv_top/u_bs_datapath/cdf_delay_gen[48].S_cdf_pipe_reg[49]_20[9]
    DSP48_X4Y34          DSP48E1 (Prop_dsp48e1_A[9]_PCOUT[47])
                                                      3.088     5.514 r  u_iv_top/u_bs_datapath/vega1_5a1__1/PCOUT[47]
                         net (fo=1, routed)           0.002     5.516    u_iv_top/u_bs_datapath/vega1_5a1__1_n_106
    DSP48_X4Y35          DSP48E1 (Prop_dsp48e1_PCIN[47]_P[0])
                                                      1.107     6.623 r  u_iv_top/u_bs_datapath/vega1_5a1__2/P[0]
                         net (fo=2, routed)           0.999     7.622    u_iv_top/u_bs_datapath/vega1_5a1__2_n_105
    SLICE_X89Y80         LUT2 (Prop_lut2_I0_O)        0.097     7.719 r  u_iv_top/u_bs_datapath/vega1_5a[3]_i_14/O
                         net (fo=1, routed)           0.000     7.719    u_iv_top/u_bs_datapath/vega1_5a[3]_i_14_n_0
    SLICE_X89Y80         CARRY4 (Prop_carry4_S[1]_CO[3])
                                                      0.412     8.131 r  u_iv_top/u_bs_datapath/vega1_5a_reg[3]_i_7/CO[3]
                         net (fo=1, routed)           0.000     8.131    u_iv_top/u_bs_datapath/vega1_5a_reg[3]_i_7_n_0
    SLICE_X89Y81         CARRY4 (Prop_carry4_CI_CO[3])
                                                      0.089     8.220 r  u_iv_top/u_bs_datapath/vega1_5a_reg[3]_i_2/CO[3]
                         net (fo=1, routed)           0.000     8.220    u_iv_top/u_bs_datapath/vega1_5a_reg[3]_i_2_n_0
    SLICE_X89Y82         CARRY4 (Prop_carry4_CI_CO[3])
                                                      0.089     8.309 r  u_iv_top/u_bs_datapath/vega1_5a_reg[3]_i_1/CO[3]
                         net (fo=1, routed)           0.000     8.309    u_iv_top/u_bs_datapath/vega1_5a_reg[3]_i_1_n_0
    SLICE_X89Y83         CARRY4 (Prop_carry4_CI_CO[3])
                                                      0.089     8.398 r  u_iv_top/u_bs_datapath/vega1_5a_reg[7]_i_1/CO[3]
                         net (fo=1, routed)           0.000     8.398    u_iv_top/u_bs_datapath/vega1_5a_reg[7]_i_1_n_0
    SLICE_X89Y84         CARRY4 (Prop_carry4_CI_CO[3])
                                                      0.089     8.487 r  u_iv_top/u_bs_datapath/vega1_5a_reg[11]_i_1/CO[3]
                         net (fo=1, routed)           0.000     8.487    u_iv_top/u_bs_datapath/vega1_5a_reg[11]_i_1_n_0
    SLICE_X89Y85         CARRY4 (Prop_carry4_CI_CO[3])
                                                      0.089     8.576 r  u_iv_top/u_bs_datapath/vega1_5a_reg[15]_i_1/CO[3]
                         net (fo=1, routed)           0.000     8.576    u_iv_top/u_bs_datapath/vega1_5a_reg[15]_i_1_n_0
    SLICE_X89Y86         CARRY4 (Prop_carry4_CI_CO[3])
                                                      0.089     8.665 r  u_iv_top/u_bs_datapath/vega1_5a_reg[19]_i_1/CO[3]
                         net (fo=1, routed)           0.000     8.665    u_iv_top/u_bs_datapath/vega1_5a_reg[19]_i_1_n_0
    SLICE_X89Y87         CARRY4 (Prop_carry4_CI_CO[3])
                                                      0.089     8.754 r  u_iv_top/u_bs_datapath/vega1_5a_reg[23]_i_1/CO[3]
                         net (fo=1, routed)           0.000     8.754    u_iv_top/u_bs_datapath/vega1_5a_reg[23]_i_1_n_0
    SLICE_X89Y88         CARRY4 (Prop_carry4_CI_CO[3])
                                                      0.089     8.843 r  u_iv_top/u_bs_datapath/vega1_5a_reg[27]_i_1/CO[3]
                         net (fo=1, routed)           0.000     8.843    u_iv_top/u_bs_datapath/vega1_5a_reg[27]_i_1_n_0
    SLICE_X89Y89         CARRY4 (Prop_carry4_CI_O[3])
                                                      0.234     9.077 r  u_iv_top/u_bs_datapath/vega1_5a_reg[31]_i_1/O[3]
                         net (fo=1, routed)           0.000     9.077    u_iv_top/u_bs_datapath/vega1_5a_reg[31]_i_1_n_4
    SLICE_X89Y89         FDCE                                         r  u_iv_top/u_bs_datapath/vega1_5a_reg[31]/D
  -------------------------------------------------------------------    -------------------

                         (clock aclk rise edge)       8.000     8.000 r  
                                                      0.000     8.000 r  aclk (IN)
                         net (fo=36115, unset)        1.277     9.277    u_iv_top/u_bs_datapath/aclk
    SLICE_X89Y89         FDCE                                         r  u_iv_top/u_bs_datapath/vega1_5a_reg[31]/C
                         clock pessimism              0.012     9.289    
                         clock uncertainty           -0.035     9.254    
    SLICE_X89Y89         FDCE (Setup_fdce_C_D)        0.056     9.310    u_iv_top/u_bs_datapath/vega1_5a_reg[31]
  -------------------------------------------------------------------
                         required time                          9.310    
                         arrival time                          -9.077    
  -------------------------------------------------------------------
                         slack                                  0.233    

Slack (MET) :             0.235ns  (required time - arrival time)
  Source:                 u_iv_top/bs_delay_gen[125].C_market_pipe_reg[126][1]/C
                            (rising edge-triggered cell FDCE clocked by aclk  {rise@0.000ns fall@4.000ns period=8.000ns})
  Destination:            u_iv_top/u_nr_divider/div_stage[0].num_pipe_reg[1][59]/D
                            (rising edge-triggered cell FDCE clocked by aclk  {rise@0.000ns fall@4.000ns period=8.000ns})
  Path Group:             aclk
  Path Type:              Setup (Max at Slow Process Corner)
  Requirement:            8.000ns  (aclk rise@8.000ns - aclk rise@0.000ns)
  Data Path Delay:        7.794ns  (logic 4.840ns (62.099%)  route 2.954ns (37.901%))
  Logic Levels:           25  (CARRY4=20 LUT1=1 LUT2=2 LUT6=2)
  Clock Path Skew:        -0.030ns (DCD - SCD + CPR)
    Destination Clock Delay (DCD):    1.281ns = ( 9.281 - 8.000 ) 
    Source Clock Delay      (SCD):    1.377ns
    Clock Pessimism Removal (CPR):    0.066ns
  Clock Uncertainty:      0.035ns  ((TSJ^2 + TIJ^2)^1/2 + DJ) / 2 + PE
    Total System Jitter     (TSJ):    0.071ns
    Total Input Jitter      (TIJ):    0.000ns
    Discrete Jitter          (DJ):    0.000ns
    Phase Error              (PE):    0.000ns

    Location             Delay type                Incr(ns)  Path(ns)    Netlist Resource(s)
  -------------------------------------------------------------------    -------------------
                         (clock aclk rise edge)       0.000     0.000 r  
                                                      0.000     0.000 r  aclk (IN)
                         net (fo=36115, unset)        1.377     1.377    u_iv_top/aclk
    SLICE_X65Y72         FDCE                                         r  u_iv_top/bs_delay_gen[125].C_market_pipe_reg[126][1]/C
  -------------------------------------------------------------------    -------------------
    SLICE_X65Y72         FDCE (Prop_fdce_C_Q)         0.313     1.690 r  u_iv_top/bs_delay_gen[125].C_market_pipe_reg[126][1]/Q
                         net (fo=2, routed)           0.319     2.009    u_iv_top/u_bs_datapath/bs_delay_gen[125].C_market_pipe_reg[126]_23[1]
    SLICE_X64Y73         LUT2 (Prop_lut2_I0_O)        0.215     2.224 r  u_iv_top/u_bs_datapath/div_delay_gen[30].price_err_pipe_reg[31][3]_srl31_u_iv_top_u_bs_datapath_u_ln_divider_div_stage_c_27_i_4/O
                         net (fo=1, routed)           0.000     2.224    u_iv_top/u_bs_datapath/div_delay_gen[30].price_err_pipe_reg[31][3]_srl31_u_iv_top_u_bs_datapath_u_ln_divider_div_stage_c_27_i_4_n_0
    SLICE_X64Y73         CARRY4 (Prop_carry4_S[1]_CO[3])
                                                      0.402     2.626 r  u_iv_top/u_bs_datapath/div_delay_gen[30].price_err_pipe_reg[31][3]_srl31_u_iv_top_u_bs_datapath_u_ln_divider_div_stage_c_27_i_1/CO[3]
                         net (fo=1, routed)           0.000     2.626    u_iv_top/u_bs_datapath/div_delay_gen[30].price_err_pipe_reg[31][3]_srl31_u_iv_top_u_bs_datapath_u_ln_divider_div_stage_c_27_i_1_n_0
    SLICE_X64Y74         CARRY4 (Prop_carry4_CI_CO[3])
                                                      0.092     2.718 r  u_iv_top/u_bs_datapath/div_delay_gen[30].price_err_pipe_reg[31][7]_srl31_u_iv_top_u_bs_datapath_u_ln_divider_div_stage_c_27_i_1/CO[3]
                         net (fo=1, routed)           0.007     2.725    u_iv_top/u_bs_datapath/div_delay_gen[30].price_err_pipe_reg[31][7]_srl31_u_iv_top_u_bs_datapath_u_ln_divider_div_stage_c_27_i_1_n_0
    SLICE_X64Y75         CARRY4 (Prop_carry4_CI_CO[3])
                                                      0.092     2.817 r  u_iv_top/u_bs_datapath/div_delay_gen[30].price_err_pipe_reg[31][11]_srl31_u_iv_top_u_bs_datapath_u_ln_divider_div_stage_c_27_i_1/CO[3]
                         net (fo=1, routed)           0.000     2.817    u_iv_top/u_bs_datapath/div_delay_gen[30].price_err_pipe_reg[31][11]_srl31_u_iv_top_u_bs_datapath_u_ln_divider_div_stage_c_27_i_1_n_0
    SLICE_X64Y76         CARRY4 (Prop_carry4_CI_CO[3])
                                                      0.092     2.909 r  u_iv_top/u_bs_datapath/div_delay_gen[30].price_err_pipe_reg[31][15]_srl31_u_iv_top_u_bs_datapath_u_ln_divider_div_stage_c_27_i_1/CO[3]
                         net (fo=1, routed)           0.000     2.909    u_iv_top/u_bs_datapath/div_delay_gen[30].price_err_pipe_reg[31][15]_srl31_u_iv_top_u_bs_datapath_u_ln_divider_div_stage_c_27_i_1_n_0
    SLICE_X64Y77         CARRY4 (Prop_carry4_CI_CO[3])
                                                      0.092     3.001 r  u_iv_top/u_bs_datapath/div_delay_gen[30].price_err_pipe_reg[31][19]_srl31_u_iv_top_u_bs_datapath_u_ln_divider_div_stage_c_27_i_1/CO[3]
                         net (fo=1, routed)           0.000     3.001    u_iv_top/u_bs_datapath/div_delay_gen[30].price_err_pipe_reg[31][19]_srl31_u_iv_top_u_bs_datapath_u_ln_divider_div_stage_c_27_i_1_n_0
    SLICE_X64Y78         CARRY4 (Prop_carry4_CI_CO[3])
                                                      0.092     3.093 r  u_iv_top/u_bs_datapath/div_delay_gen[30].price_err_pipe_reg[31][23]_srl31_u_iv_top_u_bs_datapath_u_ln_divider_div_stage_c_27_i_1/CO[3]
                         net (fo=1, routed)           0.000     3.093    u_iv_top/u_bs_datapath/div_delay_gen[30].price_err_pipe_reg[31][23]_srl31_u_iv_top_u_bs_datapath_u_ln_divider_div_stage_c_27_i_1_n_0
    SLICE_X64Y79         CARRY4 (Prop_carry4_CI_CO[3])
                                                      0.092     3.185 r  u_iv_top/u_bs_datapath/div_delay_gen[30].price_err_pipe_reg[31][27]_srl31_u_iv_top_u_bs_datapath_u_ln_divider_div_stage_c_27_i_1/CO[3]
                         net (fo=1, routed)           0.000     3.185    u_iv_top/u_bs_datapath/div_delay_gen[30].price_err_pipe_reg[31][27]_srl31_u_iv_top_u_bs_datapath_u_ln_divider_div_stage_c_27_i_1_n_0
    SLICE_X64Y80         CARRY4 (Prop_carry4_CI_O[0])
                                                      0.157     3.342 f  u_iv_top/u_bs_datapath/div_delay_gen[30].price_err_pipe_reg[31][31]_srl31_u_iv_top_u_bs_datapath_u_ln_divider_div_stage_c_27_i_1/O[0]
                         net (fo=3, routed)           0.453     3.795    u_iv_top/u_bs_datapath/price_err[28]
    SLICE_X66Y80         LUT1 (Prop_lut1_I0_O)        0.209     4.004 r  u_iv_top/u_bs_datapath/div_stage[0].num_pipe[1][54]_i_13__1/O
                         net (fo=1, routed)           0.000     4.004    u_iv_top/u_bs_datapath/div_stage[0].num_pipe[1][54]_i_13__1_n_0
    SLICE_X66Y80         CARRY4 (Prop_carry4_S[1]_CO[3])
                                                      0.402     4.406 r  u_iv_top/u_bs_datapath/div_stage[0].num_pipe_reg[1][54]_i_10__1/CO[3]
                         net (fo=1, routed)           0.000     4.406    u_iv_top/u_bs_datapath/div_stage[0].num_pipe_reg[1][54]_i_10__1_n_0
    SLICE_X66Y81         CARRY4 (Prop_carry4_CI_CO[1])
                                                      0.119     4.525 f  u_iv_top/u_bs_datapath/div_stage[0].num_pipe_reg[1][63]_i_4__1/CO[1]
                         net (fo=6, routed)           0.581     5.106    u_iv_top/u_bs_datapath/div_stage[0].num_pipe_reg[1][63]_i_4__1_n_2
    SLICE_X68Y86         LUT2 (Prop_lut2_I1_O)        0.258     5.364 r  u_iv_top/u_bs_datapath/div_stage[0].num_pipe[1][62]_i_3__3/O
                         net (fo=18, routed)          0.430     5.794    u_iv_top/u_bs_datapath/u_nr_divider/num_pipe[0]_449[63]
    SLICE_X67Y86         LUT6 (Prop_lut6_I0_O)        0.253     6.047 r  u_iv_top/u_bs_datapath/div_stage[29].quot_pipe_reg[30][29]_srl30_u_iv_top_u_bs_datapath_u_ln_divider_div_stage_c_26_i_6__3/O
                         net (fo=1, routed)           0.329     6.377    u_iv_top/u_bs_datapath/div_stage[29].quot_pipe_reg[30][29]_srl30_u_iv_top_u_bs_datapath_u_ln_divider_div_stage_c_26_i_6__3_n_0
    SLICE_X67Y84         CARRY4 (Prop_carry4_DI[0]_CO[3])
                                                      0.392     6.769 r  u_iv_top/u_bs_datapath/div_stage[29].quot_pipe_reg[30][29]_srl30_u_iv_top_u_bs_datapath_u_ln_divider_div_stage_c_26_i_1__3/CO[3]
                         net (fo=2, routed)           0.000     6.769    u_iv_top/u_bs_datapath/O32
    SLICE_X67Y85         CARRY4 (Prop_carry4_CI_O[0])
                                                      0.159     6.928 r  u_iv_top/u_bs_datapath/div_stage[0].num_pipe_reg[1][63]_i_3__3/O[0]
                         net (fo=34, routed)          0.289     7.217    u_iv_top/u_bs_datapath/div_stage[0].num_pipe_reg[1][63]_i_3__3_n_7
    SLICE_X71Y85         LUT6 (Prop_lut6_I0_O)        0.224     7.441 r  u_iv_top/u_bs_datapath/div_stage[0].num_pipe[1][34]_i_10__3/O
                         net (fo=1, routed)           0.545     7.986    u_iv_top/u_bs_datapath/div_stage[0].num_pipe[1][34]_i_10__3_n_0
    SLICE_X66Y82         CARRY4 (Prop_carry4_S[0]_CO[3])
                                                      0.476     8.462 r  u_iv_top/u_bs_datapath/div_stage[0].num_pipe_reg[1][34]_i_1__3/CO[3]
                         net (fo=1, routed)           0.000     8.462    u_iv_top/u_bs_datapath/div_stage[0].num_pipe_reg[1][34]_i_1__3_n_0
    SLICE_X66Y83         CARRY4 (Prop_carry4_CI_CO[3])
                                                      0.092     8.554 r  u_iv_top/u_bs_datapath/div_stage[0].num_pipe_reg[1][38]_i_1__3/CO[3]
                         net (fo=1, routed)           0.000     8.554    u_iv_top/u_bs_datapath/div_stage[0].num_pipe_reg[1][38]_i_1__3_n_0
    SLICE_X66Y84         CARRY4 (Prop_carry4_CI_CO[3])
                                                      0.092     8.646 r  u_iv_top/u_bs_datapath/div_stage[0].num_pipe_reg[1][42]_i_1__3/CO[3]
                         net (fo=1, routed)           0.000     8.646    u_iv_top/u_bs_datapath/div_stage[0].num_pipe_reg[1][42]_i_1__3_n_0
    SLICE_X66Y85         CARRY4 (Prop_carry4_CI_CO[3])
                                                      0.092     8.738 r  u_iv_top/u_bs_datapath/div_stage[0].num_pipe_reg[1][46]_i_1__3/CO[3]
                         net (fo=1, routed)           0.000     8.738    u_iv_top/u_bs_datapath/div_stage[0].num_pipe_reg[1][46]_i_1__3_n_0
    SLICE_X66Y86         CARRY4 (Prop_carry4_CI_CO[3])
                                                      0.092     8.830 r  u_iv_top/u_bs_datapath/div_stage[0].num_pipe_reg[1][50]_i_1__3/CO[3]
                         net (fo=1, routed)           0.000     8.830    u_iv_top/u_bs_datapath/div_stage[0].num_pipe_reg[1][50]_i_1__3_n_0
    SLICE_X66Y87         CARRY4 (Prop_carry4_CI_CO[3])
                                                      0.092     8.922 r  u_iv_top/u_bs_datapath/div_stage[0].num_pipe_reg[1][54]_i_1__3/CO[3]
                         net (fo=1, routed)           0.000     8.922    u_iv_top/u_bs_datapath/div_stage[0].num_pipe_reg[1][54]_i_1__3_n_0
    SLICE_X66Y88         CARRY4 (Prop_carry4_CI_CO[3])
                                                      0.092     9.014 r  u_iv_top/u_bs_datapath/div_stage[0].num_pipe_reg[1][58]_i_1__3/CO[3]
                         net (fo=1, routed)           0.000     9.014    u_iv_top/u_bs_datapath/div_stage[0].num_pipe_reg[1][58]_i_1__3_n_0
    SLICE_X66Y89         CARRY4 (Prop_carry4_CI_O[0])
                                                      0.157     9.171 r  u_iv_top/u_bs_datapath/div_stage[0].num_pipe_reg[1][62]_i_1__3/O[0]
                         net (fo=1, routed)           0.000     9.171    u_iv_top/u_nr_divider/div_stage[0].num_pipe_reg[1][63]_0[35]
    SLICE_X66Y89         FDCE                                         r  u_iv_top/u_nr_divider/div_stage[0].num_pipe_reg[1][59]/D
  -------------------------------------------------------------------    -------------------

                         (clock aclk rise edge)       8.000     8.000 r  
                                                      0.000     8.000 r  aclk (IN)
                         net (fo=36115, unset)        1.281     9.281    u_iv_top/u_nr_divider/aclk
    SLICE_X66Y89         FDCE                                         r  u_iv_top/u_nr_divider/div_stage[0].num_pipe_reg[1][59]/C
                         clock pessimism              0.066     9.347    
                         clock uncertainty           -0.035     9.312    
    SLICE_X66Y89         FDCE (Setup_fdce_C_D)        0.094     9.406    u_iv_top/u_nr_divider/div_stage[0].num_pipe_reg[1][59]
  -------------------------------------------------------------------
                         required time                          9.406    
                         arrival time                          -9.171    
  -------------------------------------------------------------------
                         slack                                  0.235    

Slack (MET) :             0.237ns  (required time - arrival time)
  Source:                 u_iv_top/u_bs_datapath/cdf_delay_gen[48].S_cdf_pipe_reg[49][9]/C
                            (rising edge-triggered cell FDCE clocked by aclk  {rise@0.000ns fall@4.000ns period=8.000ns})
  Destination:            u_iv_top/u_bs_datapath/vega1_5a_reg[29]/D
                            (rising edge-triggered cell FDCE clocked by aclk  {rise@0.000ns fall@4.000ns period=8.000ns})
  Path Group:             aclk
  Path Type:              Setup (Max at Slow Process Corner)
  Requirement:            8.000ns  (aclk rise@8.000ns - aclk rise@0.000ns)
  Data Path Delay:        7.703ns  (logic 5.959ns (77.362%)  route 1.744ns (22.638%))
  Logic Levels:           13  (CARRY4=10 DSP48E1=2 LUT2=1)
  Clock Path Skew:        -0.081ns (DCD - SCD + CPR)
    Destination Clock Delay (DCD):    1.277ns = ( 9.277 - 8.000 ) 
    Source Clock Delay      (SCD):    1.370ns
    Clock Pessimism Removal (CPR):    0.012ns
  Clock Uncertainty:      0.035ns  ((TSJ^2 + TIJ^2)^1/2 + DJ) / 2 + PE
    Total System Jitter     (TSJ):    0.071ns
    Total Input Jitter      (TIJ):    0.000ns
    Discrete Jitter          (DJ):    0.000ns
    Phase Error              (PE):    0.000ns

    Location             Delay type                Incr(ns)  Path(ns)    Netlist Resource(s)
  -------------------------------------------------------------------    -------------------
                         (clock aclk rise edge)       0.000     0.000 r  
                                                      0.000     0.000 r  aclk (IN)
                         net (fo=36115, unset)        1.370     1.370    u_iv_top/u_bs_datapath/aclk
    SLICE_X73Y74         FDCE                                         r  u_iv_top/u_bs_datapath/cdf_delay_gen[48].S_cdf_pipe_reg[49][9]/C
  -------------------------------------------------------------------    -------------------
    SLICE_X73Y74         FDCE (Prop_fdce_C_Q)         0.313     1.683 r  u_iv_top/u_bs_datapath/cdf_delay_gen[48].S_cdf_pipe_reg[49][9]/Q
                         net (fo=4, routed)           0.743     2.426    u_iv_top/u_bs_datapath/cdf_delay_gen[48].S_cdf_pipe_reg[49]_20[9]
    DSP48_X4Y34          DSP48E1 (Prop_dsp48e1_A[9]_PCOUT[47])
                                                      3.088     5.514 r  u_iv_top/u_bs_datapath/vega1_5a1__1/PCOUT[47]
                         net (fo=1, routed)           0.002     5.516    u_iv_top/u_bs_datapath/vega1_5a1__1_n_106
    DSP48_X4Y35          DSP48E1 (Prop_dsp48e1_PCIN[47]_P[0])
                                                      1.107     6.623 r  u_iv_top/u_bs_datapath/vega1_5a1__2/P[0]
                         net (fo=2, routed)           0.999     7.622    u_iv_top/u_bs_datapath/vega1_5a1__2_n_105
    SLICE_X89Y80         LUT2 (Prop_lut2_I0_O)        0.097     7.719 r  u_iv_top/u_bs_datapath/vega1_5a[3]_i_14/O
                         net (fo=1, routed)           0.000     7.719    u_iv_top/u_bs_datapath/vega1_5a[3]_i_14_n_0
    SLICE_X89Y80         CARRY4 (Prop_carry4_S[1]_CO[3])
                                                      0.412     8.131 r  u_iv_top/u_bs_datapath/vega1_5a_reg[3]_i_7/CO[3]
                         net (fo=1, routed)           0.000     8.131    u_iv_top/u_bs_datapath/vega1_5a_reg[3]_i_7_n_0
    SLICE_X89Y81         CARRY4 (Prop_carry4_CI_CO[3])
                                                      0.089     8.220 r  u_iv_top/u_bs_datapath/vega1_5a_reg[3]_i_2/CO[3]
                         net (fo=1, routed)           0.000     8.220    u_iv_top/u_bs_datapath/vega1_5a_reg[3]_i_2_n_0
    SLICE_X89Y82         CARRY4 (Prop_carry4_CI_CO[3])
                                                      0.089     8.309 r  u_iv_top/u_bs_datapath/vega1_5a_reg[3]_i_1/CO[3]
                         net (fo=1, routed)           0.000     8.309    u_iv_top/u_bs_datapath/vega1_5a_reg[3]_i_1_n_0
    SLICE_X89Y83         CARRY4 (Prop_carry4_CI_CO[3])
                                                      0.089     8.398 r  u_iv_top/u_bs_datapath/vega1_5a_reg[7]_i_1/CO[3]
                         net (fo=1, routed)           0.000     8.398    u_iv_top/u_bs_datapath/vega1_5a_reg[7]_i_1_n_0
    SLICE_X89Y84         CARRY4 (Prop_carry4_CI_CO[3])
                                                      0.089     8.487 r  u_iv_top/u_bs_datapath/vega1_5a_reg[11]_i_1/CO[3]
                         net (fo=1, routed)           0.000     8.487    u_iv_top/u_bs_datapath/vega1_5a_reg[11]_i_1_n_0
    SLICE_X89Y85         CARRY4 (Prop_carry4_CI_CO[3])
                                                      0.089     8.576 r  u_iv_top/u_bs_datapath/vega1_5a_reg[15]_i_1/CO[3]
                         net (fo=1, routed)           0.000     8.576    u_iv_top/u_bs_datapath/vega1_5a_reg[15]_i_1_n_0
    SLICE_X89Y86         CARRY4 (Prop_carry4_CI_CO[3])
                                                      0.089     8.665 r  u_iv_top/u_bs_datapath/vega1_5a_reg[19]_i_1/CO[3]
                         net (fo=1, routed)           0.000     8.665    u_iv_top/u_bs_datapath/vega1_5a_reg[19]_i_1_n_0
    SLICE_X89Y87         CARRY4 (Prop_carry4_CI_CO[3])
                                                      0.089     8.754 r  u_iv_top/u_bs_datapath/vega1_5a_reg[23]_i_1/CO[3]
                         net (fo=1, routed)           0.000     8.754    u_iv_top/u_bs_datapath/vega1_5a_reg[23]_i_1_n_0
    SLICE_X89Y88         CARRY4 (Prop_carry4_CI_CO[3])
                                                      0.089     8.843 r  u_iv_top/u_bs_datapath/vega1_5a_reg[27]_i_1/CO[3]
                         net (fo=1, routed)           0.000     8.843    u_iv_top/u_bs_datapath/vega1_5a_reg[27]_i_1_n_0
    SLICE_X89Y89         CARRY4 (Prop_carry4_CI_O[1])
                                                      0.230     9.073 r  u_iv_top/u_bs_datapath/vega1_5a_reg[31]_i_1/O[1]
                         net (fo=1, routed)           0.000     9.073    u_iv_top/u_bs_datapath/vega1_5a_reg[31]_i_1_n_6
    SLICE_X89Y89         FDCE                                         r  u_iv_top/u_bs_datapath/vega1_5a_reg[29]/D
  -------------------------------------------------------------------    -------------------

                         (clock aclk rise edge)       8.000     8.000 r  
                                                      0.000     8.000 r  aclk (IN)
                         net (fo=36115, unset)        1.277     9.277    u_iv_top/u_bs_datapath/aclk
    SLICE_X89Y89         FDCE                                         r  u_iv_top/u_bs_datapath/vega1_5a_reg[29]/C
                         clock pessimism              0.012     9.289    
                         clock uncertainty           -0.035     9.254    
    SLICE_X89Y89         FDCE (Setup_fdce_C_D)        0.056     9.310    u_iv_top/u_bs_datapath/vega1_5a_reg[29]
  -------------------------------------------------------------------
                         required time                          9.310    
                         arrival time                          -9.073    
  -------------------------------------------------------------------
                         slack                                  0.237    

Slack (MET) :             0.246ns  (required time - arrival time)
  Source:                 u_iv_top/bs_delay_gen[125].C_market_pipe_reg[126][1]/C
                            (rising edge-triggered cell FDCE clocked by aclk  {rise@0.000ns fall@4.000ns period=8.000ns})
  Destination:            u_iv_top/u_nr_divider/div_stage[0].num_pipe_reg[1][58]/D
                            (rising edge-triggered cell FDCE clocked by aclk  {rise@0.000ns fall@4.000ns period=8.000ns})
  Path Group:             aclk
  Path Type:              Setup (Max at Slow Process Corner)
  Requirement:            8.000ns  (aclk rise@8.000ns - aclk rise@0.000ns)
  Data Path Delay:        7.782ns  (logic 4.828ns (62.041%)  route 2.954ns (37.959%))
  Logic Levels:           24  (CARRY4=19 LUT1=1 LUT2=2 LUT6=2)
  Clock Path Skew:        -0.031ns (DCD - SCD + CPR)
    Destination Clock Delay (DCD):    1.280ns = ( 9.280 - 8.000 ) 
    Source Clock Delay      (SCD):    1.377ns
    Clock Pessimism Removal (CPR):    0.066ns
  Clock Uncertainty:      0.035ns  ((TSJ^2 + TIJ^2)^1/2 + DJ) / 2 + PE
    Total System Jitter     (TSJ):    0.071ns
    Total Input Jitter      (TIJ):    0.000ns
    Discrete Jitter          (DJ):    0.000ns
    Phase Error              (PE):    0.000ns

    Location             Delay type                Incr(ns)  Path(ns)    Netlist Resource(s)
  -------------------------------------------------------------------    -------------------
                         (clock aclk rise edge)       0.000     0.000 r  
                                                      0.000     0.000 r  aclk (IN)
                         net (fo=36115, unset)        1.377     1.377    u_iv_top/aclk
    SLICE_X65Y72         FDCE                                         r  u_iv_top/bs_delay_gen[125].C_market_pipe_reg[126][1]/C
  -------------------------------------------------------------------    -------------------
    SLICE_X65Y72         FDCE (Prop_fdce_C_Q)         0.313     1.690 r  u_iv_top/bs_delay_gen[125].C_market_pipe_reg[126][1]/Q
                         net (fo=2, routed)           0.319     2.009    u_iv_top/u_bs_datapath/bs_delay_gen[125].C_market_pipe_reg[126]_23[1]
    SLICE_X64Y73         LUT2 (Prop_lut2_I0_O)        0.215     2.224 r  u_iv_top/u_bs_datapath/div_delay_gen[30].price_err_pipe_reg[31][3]_srl31_u_iv_top_u_bs_datapath_u_ln_divider_div_stage_c_27_i_4/O
                         net (fo=1, routed)           0.000     2.224    u_iv_top/u_bs_datapath/div_delay_gen[30].price_err_pipe_reg[31][3]_srl31_u_iv_top_u_bs_datapath_u_ln_divider_div_stage_c_27_i_4_n_0
    SLICE_X64Y73         CARRY4 (Prop_carry4_S[1]_CO[3])
                                                      0.402     2.626 r  u_iv_top/u_bs_datapath/div_delay_gen[30].price_err_pipe_reg[31][3]_srl31_u_iv_top_u_bs_datapath_u_ln_divider_div_stage_c_27_i_1/CO[3]
                         net (fo=1, routed)           0.000     2.626    u_iv_top/u_bs_datapath/div_delay_gen[30].price_err_pipe_reg[31][3]_srl31_u_iv_top_u_bs_datapath_u_ln_divider_div_stage_c_27_i_1_n_0
    SLICE_X64Y74         CARRY4 (Prop_carry4_CI_CO[3])
                                                      0.092     2.718 r  u_iv_top/u_bs_datapath/div_delay_gen[30].price_err_pipe_reg[31][7]_srl31_u_iv_top_u_bs_datapath_u_ln_divider_div_stage_c_27_i_1/CO[3]
                         net (fo=1, routed)           0.007     2.725    u_iv_top/u_bs_datapath/div_delay_gen[30].price_err_pipe_reg[31][7]_srl31_u_iv_top_u_bs_datapath_u_ln_divider_div_stage_c_27_i_1_n_0
    SLICE_X64Y75         CARRY4 (Prop_carry4_CI_CO[3])
                                                      0.092     2.817 r  u_iv_top/u_bs_datapath/div_delay_gen[30].price_err_pipe_reg[31][11]_srl31_u_iv_top_u_bs_datapath_u_ln_divider_div_stage_c_27_i_1/CO[3]
                         net (fo=1, routed)           0.000     2.817    u_iv_top/u_bs_datapath/div_delay_gen[30].price_err_pipe_reg[31][11]_srl31_u_iv_top_u_bs_datapath_u_ln_divider_div_stage_c_27_i_1_n_0
    SLICE_X64Y76         CARRY4 (Prop_carry4_CI_CO[3])
                                                      0.092     2.909 r  u_iv_top/u_bs_datapath/div_delay_gen[30].price_err_pipe_reg[31][15]_srl31_u_iv_top_u_bs_datapath_u_ln_divider_div_stage_c_27_i_1/CO[3]
                         net (fo=1, routed)           0.000     2.909    u_iv_top/u_bs_datapath/div_delay_gen[30].price_err_pipe_reg[31][15]_srl31_u_iv_top_u_bs_datapath_u_ln_divider_div_stage_c_27_i_1_n_0
    SLICE_X64Y77         CARRY4 (Prop_carry4_CI_CO[3])
                                                      0.092     3.001 r  u_iv_top/u_bs_datapath/div_delay_gen[30].price_err_pipe_reg[31][19]_srl31_u_iv_top_u_bs_datapath_u_ln_divider_div_stage_c_27_i_1/CO[3]
                         net (fo=1, routed)           0.000     3.001    u_iv_top/u_bs_datapath/div_delay_gen[30].price_err_pipe_reg[31][19]_srl31_u_iv_top_u_bs_datapath_u_ln_divider_div_stage_c_27_i_1_n_0
    SLICE_X64Y78         CARRY4 (Prop_carry4_CI_CO[3])
                                                      0.092     3.093 r  u_iv_top/u_bs_datapath/div_delay_gen[30].price_err_pipe_reg[31][23]_srl31_u_iv_top_u_bs_datapath_u_ln_divider_div_stage_c_27_i_1/CO[3]
                         net (fo=1, routed)           0.000     3.093    u_iv_top/u_bs_datapath/div_delay_gen[30].price_err_pipe_reg[31][23]_srl31_u_iv_top_u_bs_datapath_u_ln_divider_div_stage_c_27_i_1_n_0
    SLICE_X64Y79         CARRY4 (Prop_carry4_CI_CO[3])
                                                      0.092     3.185 r  u_iv_top/u_bs_datapath/div_delay_gen[30].price_err_pipe_reg[31][27]_srl31_u_iv_top_u_bs_datapath_u_ln_divider_div_stage_c_27_i_1/CO[3]
                         net (fo=1, routed)           0.000     3.185    u_iv_top/u_bs_datapath/div_delay_gen[30].price_err_pipe_reg[31][27]_srl31_u_iv_top_u_bs_datapath_u_ln_divider_div_stage_c_27_i_1_n_0
    SLICE_X64Y80         CARRY4 (Prop_carry4_CI_O[0])
                                                      0.157     3.342 f  u_iv_top/u_bs_datapath/div_delay_gen[30].price_err_pipe_reg[31][31]_srl31_u_iv_top_u_bs_datapath_u_ln_divider_div_stage_c_27_i_1/O[0]
                         net (fo=3, routed)           0.453     3.795    u_iv_top/u_bs_datapath/price_err[28]
    SLICE_X66Y80         LUT1 (Prop_lut1_I0_O)        0.209     4.004 r  u_iv_top/u_bs_datapath/div_stage[0].num_pipe[1][54]_i_13__1/O
                         net (fo=1, routed)           0.000     4.004    u_iv_top/u_bs_datapath/div_stage[0].num_pipe[1][54]_i_13__1_n_0
    SLICE_X66Y80         CARRY4 (Prop_carry4_S[1]_CO[3])
                                                      0.402     4.406 r  u_iv_top/u_bs_datapath/div_stage[0].num_pipe_reg[1][54]_i_10__1/CO[3]
                         net (fo=1, routed)           0.000     4.406    u_iv_top/u_bs_datapath/div_stage[0].num_pipe_reg[1][54]_i_10__1_n_0
    SLICE_X66Y81         CARRY4 (Prop_carry4_CI_CO[1])
                                                      0.119     4.525 f  u_iv_top/u_bs_datapath/div_stage[0].num_pipe_reg[1][63]_i_4__1/CO[1]
                         net (fo=6, routed)           0.581     5.106    u_iv_top/u_bs_datapath/div_stage[0].num_pipe_reg[1][63]_i_4__1_n_2
    SLICE_X68Y86         LUT2 (Prop_lut2_I1_O)        0.258     5.364 r  u_iv_top/u_bs_datapath/div_stage[0].num_pipe[1][62]_i_3__3/O
                         net (fo=18, routed)          0.430     5.794    u_iv_top/u_bs_datapath/u_nr_divider/num_pipe[0]_449[63]
    SLICE_X67Y86         LUT6 (Prop_lut6_I0_O)        0.253     6.047 r  u_iv_top/u_bs_datapath/div_stage[29].quot_pipe_reg[30][29]_srl30_u_iv_top_u_bs_datapath_u_ln_divider_div_stage_c_26_i_6__3/O
                         net (fo=1, routed)           0.329     6.377    u_iv_top/u_bs_datapath/div_stage[29].quot_pipe_reg[30][29]_srl30_u_iv_top_u_bs_datapath_u_ln_divider_div_stage_c_26_i_6__3_n_0
    SLICE_X67Y84         CARRY4 (Prop_carry4_DI[0]_CO[3])
                                                      0.392     6.769 r  u_iv_top/u_bs_datapath/div_stage[29].quot_pipe_reg[30][29]_srl30_u_iv_top_u_bs_datapath_u_ln_divider_div_stage_c_26_i_1__3/CO[3]
                         net (fo=2, routed)           0.000     6.769    u_iv_top/u_bs_datapath/O32
    SLICE_X67Y85         CARRY4 (Prop_carry4_CI_O[0])
                                                      0.159     6.928 r  u_iv_top/u_bs_datapath/div_stage[0].num_pipe_reg[1][63]_i_3__3/O[0]
                         net (fo=34, routed)          0.289     7.217    u_iv_top/u_bs_datapath/div_stage[0].num_pipe_reg[1][63]_i_3__3_n_7
    SLICE_X71Y85         LUT6 (Prop_lut6_I0_O)        0.224     7.441 r  u_iv_top/u_bs_datapath/div_stage[0].num_pipe[1][34]_i_10__3/O
                         net (fo=1, routed)           0.545     7.986    u_iv_top/u_bs_datapath/div_stage[0].num_pipe[1][34]_i_10__3_n_0
    SLICE_X66Y82         CARRY4 (Prop_carry4_S[0]_CO[3])
                                                      0.476     8.462 r  u_iv_top/u_bs_datapath/div_stage[0].num_pipe_reg[1][34]_i_1__3/CO[3]
                         net (fo=1, routed)           0.000     8.462    u_iv_top/u_bs_datapath/div_stage[0].num_pipe_reg[1][34]_i_1__3_n_0
    SLICE_X66Y83         CARRY4 (Prop_carry4_CI_CO[3])
                                                      0.092     8.554 r  u_iv_top/u_bs_datapath/div_stage[0].num_pipe_reg[1][38]_i_1__3/CO[3]
                         net (fo=1, routed)           0.000     8.554    u_iv_top/u_bs_datapath/div_stage[0].num_pipe_reg[1][38]_i_1__3_n_0
    SLICE_X66Y84         CARRY4 (Prop_carry4_CI_CO[3])
                                                      0.092     8.646 r  u_iv_top/u_bs_datapath/div_stage[0].num_pipe_reg[1][42]_i_1__3/CO[3]
                         net (fo=1, routed)           0.000     8.646    u_iv_top/u_bs_datapath/div_stage[0].num_pipe_reg[1][42]_i_1__3_n_0
    SLICE_X66Y85         CARRY4 (Prop_carry4_CI_CO[3])
                                                      0.092     8.738 r  u_iv_top/u_bs_datapath/div_stage[0].num_pipe_reg[1][46]_i_1__3/CO[3]
                         net (fo=1, routed)           0.000     8.738    u_iv_top/u_bs_datapath/div_stage[0].num_pipe_reg[1][46]_i_1__3_n_0
    SLICE_X66Y86         CARRY4 (Prop_carry4_CI_CO[3])
                                                      0.092     8.830 r  u_iv_top/u_bs_datapath/div_stage[0].num_pipe_reg[1][50]_i_1__3/CO[3]
                         net (fo=1, routed)           0.000     8.830    u_iv_top/u_bs_datapath/div_stage[0].num_pipe_reg[1][50]_i_1__3_n_0
    SLICE_X66Y87         CARRY4 (Prop_carry4_CI_CO[3])
                                                      0.092     8.922 r  u_iv_top/u_bs_datapath/div_stage[0].num_pipe_reg[1][54]_i_1__3/CO[3]
                         net (fo=1, routed)           0.000     8.922    u_iv_top/u_bs_datapath/div_stage[0].num_pipe_reg[1][54]_i_1__3_n_0
    SLICE_X66Y88         CARRY4 (Prop_carry4_CI_O[3])
                                                      0.237     9.159 r  u_iv_top/u_bs_datapath/div_stage[0].num_pipe_reg[1][58]_i_1__3/O[3]
                         net (fo=1, routed)           0.000     9.159    u_iv_top/u_nr_divider/div_stage[0].num_pipe_reg[1][63]_0[34]
    SLICE_X66Y88         FDCE                                         r  u_iv_top/u_nr_divider/div_stage[0].num_pipe_reg[1][58]/D
  -------------------------------------------------------------------    -------------------

                         (clock aclk rise edge)       8.000     8.000 r  
                                                      0.000     8.000 r  aclk (IN)
                         net (fo=36115, unset)        1.280     9.280    u_iv_top/u_nr_divider/aclk
    SLICE_X66Y88         FDCE                                         r  u_iv_top/u_nr_divider/div_stage[0].num_pipe_reg[1][58]/C
                         clock pessimism              0.066     9.346    
                         clock uncertainty           -0.035     9.311    
    SLICE_X66Y88         FDCE (Setup_fdce_C_D)        0.094     9.405    u_iv_top/u_nr_divider/div_stage[0].num_pipe_reg[1][58]
  -------------------------------------------------------------------
                         required time                          9.405    
                         arrival time                          -9.159    
  -------------------------------------------------------------------
                         slack                                  0.246    

Slack (MET) :             0.260ns  (required time - arrival time)
  Source:                 u_iv_top/bs_delay_gen[125].C_market_pipe_reg[126][1]/C
                            (rising edge-triggered cell FDCE clocked by aclk  {rise@0.000ns fall@4.000ns period=8.000ns})
  Destination:            u_iv_top/u_nr_divider/div_stage[0].num_pipe_reg[1][56]/D
                            (rising edge-triggered cell FDCE clocked by aclk  {rise@0.000ns fall@4.000ns period=8.000ns})
  Path Group:             aclk
  Path Type:              Setup (Max at Slow Process Corner)
  Requirement:            8.000ns  (aclk rise@8.000ns - aclk rise@0.000ns)
  Data Path Delay:        7.768ns  (logic 4.814ns (61.972%)  route 2.954ns (38.028%))
  Logic Levels:           24  (CARRY4=19 LUT1=1 LUT2=2 LUT6=2)
  Clock Path Skew:        -0.031ns (DCD - SCD + CPR)
    Destination Clock Delay (DCD):    1.280ns = ( 9.280 - 8.000 ) 
    Source Clock Delay      (SCD):    1.377ns
    Clock Pessimism Removal (CPR):    0.066ns
  Clock Uncertainty:      0.035ns  ((TSJ^2 + TIJ^2)^1/2 + DJ) / 2 + PE
    Total System Jitter     (TSJ):    0.071ns
    Total Input Jitter      (TIJ):    0.000ns
    Discrete Jitter          (DJ):    0.000ns
    Phase Error              (PE):    0.000ns

    Location             Delay type                Incr(ns)  Path(ns)    Netlist Resource(s)
  -------------------------------------------------------------------    -------------------
                         (clock aclk rise edge)       0.000     0.000 r  
                                                      0.000     0.000 r  aclk (IN)
                         net (fo=36115, unset)        1.377     1.377    u_iv_top/aclk
    SLICE_X65Y72         FDCE                                         r  u_iv_top/bs_delay_gen[125].C_market_pipe_reg[126][1]/C
  -------------------------------------------------------------------    -------------------
    SLICE_X65Y72         FDCE (Prop_fdce_C_Q)         0.313     1.690 r  u_iv_top/bs_delay_gen[125].C_market_pipe_reg[126][1]/Q
                         net (fo=2, routed)           0.319     2.009    u_iv_top/u_bs_datapath/bs_delay_gen[125].C_market_pipe_reg[126]_23[1]
    SLICE_X64Y73         LUT2 (Prop_lut2_I0_O)        0.215     2.224 r  u_iv_top/u_bs_datapath/div_delay_gen[30].price_err_pipe_reg[31][3]_srl31_u_iv_top_u_bs_datapath_u_ln_divider_div_stage_c_27_i_4/O
                         net (fo=1, routed)           0.000     2.224    u_iv_top/u_bs_datapath/div_delay_gen[30].price_err_pipe_reg[31][3]_srl31_u_iv_top_u_bs_datapath_u_ln_divider_div_stage_c_27_i_4_n_0
    SLICE_X64Y73         CARRY4 (Prop_carry4_S[1]_CO[3])
                                                      0.402     2.626 r  u_iv_top/u_bs_datapath/div_delay_gen[30].price_err_pipe_reg[31][3]_srl31_u_iv_top_u_bs_datapath_u_ln_divider_div_stage_c_27_i_1/CO[3]
                         net (fo=1, routed)           0.000     2.626    u_iv_top/u_bs_datapath/div_delay_gen[30].price_err_pipe_reg[31][3]_srl31_u_iv_top_u_bs_datapath_u_ln_divider_div_stage_c_27_i_1_n_0
    SLICE_X64Y74         CARRY4 (Prop_carry4_CI_CO[3])
                                                      0.092     2.718 r  u_iv_top/u_bs_datapath/div_delay_gen[30].price_err_pipe_reg[31][7]_srl31_u_iv_top_u_bs_datapath_u_ln_divider_div_stage_c_27_i_1/CO[3]
                         net (fo=1, routed)           0.007     2.725    u_iv_top/u_bs_datapath/div_delay_gen[30].price_err_pipe_reg[31][7]_srl31_u_iv_top_u_bs_datapath_u_ln_divider_div_stage_c_27_i_1_n_0
    SLICE_X64Y75         CARRY4 (Prop_carry4_CI_CO[3])
                                                      0.092     2.817 r  u_iv_top/u_bs_datapath/div_delay_gen[30].price_err_pipe_reg[31][11]_srl31_u_iv_top_u_bs_datapath_u_ln_divider_div_stage_c_27_i_1/CO[3]
                         net (fo=1, routed)           0.000     2.817    u_iv_top/u_bs_datapath/div_delay_gen[30].price_err_pipe_reg[31][11]_srl31_u_iv_top_u_bs_datapath_u_ln_divider_div_stage_c_27_i_1_n_0
    SLICE_X64Y76         CARRY4 (Prop_carry4_CI_CO[3])
                                                      0.092     2.909 r  u_iv_top/u_bs_datapath/div_delay_gen[30].price_err_pipe_reg[31][15]_srl31_u_iv_top_u_bs_datapath_u_ln_divider_div_stage_c_27_i_1/CO[3]
                         net (fo=1, routed)           0.000     2.909    u_iv_top/u_bs_datapath/div_delay_gen[30].price_err_pipe_reg[31][15]_srl31_u_iv_top_u_bs_datapath_u_ln_divider_div_stage_c_27_i_1_n_0
    SLICE_X64Y77         CARRY4 (Prop_carry4_CI_CO[3])
                                                      0.092     3.001 r  u_iv_top/u_bs_datapath/div_delay_gen[30].price_err_pipe_reg[31][19]_srl31_u_iv_top_u_bs_datapath_u_ln_divider_div_stage_c_27_i_1/CO[3]
                         net (fo=1, routed)           0.000     3.001    u_iv_top/u_bs_datapath/div_delay_gen[30].price_err_pipe_reg[31][19]_srl31_u_iv_top_u_bs_datapath_u_ln_divider_div_stage_c_27_i_1_n_0
    SLICE_X64Y78         CARRY4 (Prop_carry4_CI_CO[3])
                                                      0.092     3.093 r  u_iv_top/u_bs_datapath/div_delay_gen[30].price_err_pipe_reg[31][23]_srl31_u_iv_top_u_bs_datapath_u_ln_divider_div_stage_c_27_i_1/CO[3]
                         net (fo=1, routed)           0.000     3.093    u_iv_top/u_bs_datapath/div_delay_gen[30].price_err_pipe_reg[31][23]_srl31_u_iv_top_u_bs_datapath_u_ln_divider_div_stage_c_27_i_1_n_0
    SLICE_X64Y79         CARRY4 (Prop_carry4_CI_CO[3])
                                                      0.092     3.185 r  u_iv_top/u_bs_datapath/div_delay_gen[30].price_err_pipe_reg[31][27]_srl31_u_iv_top_u_bs_datapath_u_ln_divider_div_stage_c_27_i_1/CO[3]
                         net (fo=1, routed)           0.000     3.185    u_iv_top/u_bs_datapath/div_delay_gen[30].price_err_pipe_reg[31][27]_srl31_u_iv_top_u_bs_datapath_u_ln_divider_div_stage_c_27_i_1_n_0
    SLICE_X64Y80         CARRY4 (Prop_carry4_CI_O[0])
                                                      0.157     3.342 f  u_iv_top/u_bs_datapath/div_delay_gen[30].price_err_pipe_reg[31][31]_srl31_u_iv_top_u_bs_datapath_u_ln_divider_div_stage_c_27_i_1/O[0]
                         net (fo=3, routed)           0.453     3.795    u_iv_top/u_bs_datapath/price_err[28]
    SLICE_X66Y80         LUT1 (Prop_lut1_I0_O)        0.209     4.004 r  u_iv_top/u_bs_datapath/div_stage[0].num_pipe[1][54]_i_13__1/O
                         net (fo=1, routed)           0.000     4.004    u_iv_top/u_bs_datapath/div_stage[0].num_pipe[1][54]_i_13__1_n_0
    SLICE_X66Y80         CARRY4 (Prop_carry4_S[1]_CO[3])
                                                      0.402     4.406 r  u_iv_top/u_bs_datapath/div_stage[0].num_pipe_reg[1][54]_i_10__1/CO[3]
                         net (fo=1, routed)           0.000     4.406    u_iv_top/u_bs_datapath/div_stage[0].num_pipe_reg[1][54]_i_10__1_n_0
    SLICE_X66Y81         CARRY4 (Prop_carry4_CI_CO[1])
                                                      0.119     4.525 f  u_iv_top/u_bs_datapath/div_stage[0].num_pipe_reg[1][63]_i_4__1/CO[1]
                         net (fo=6, routed)           0.581     5.106    u_iv_top/u_bs_datapath/div_stage[0].num_pipe_reg[1][63]_i_4__1_n_2
    SLICE_X68Y86         LUT2 (Prop_lut2_I1_O)        0.258     5.364 r  u_iv_top/u_bs_datapath/div_stage[0].num_pipe[1][62]_i_3__3/O
                         net (fo=18, routed)          0.430     5.794    u_iv_top/u_bs_datapath/u_nr_divider/num_pipe[0]_449[63]
    SLICE_X67Y86         LUT6 (Prop_lut6_I0_O)        0.253     6.047 r  u_iv_top/u_bs_datapath/div_stage[29].quot_pipe_reg[30][29]_srl30_u_iv_top_u_bs_datapath_u_ln_divider_div_stage_c_26_i_6__3/O
                         net (fo=1, routed)           0.329     6.377    u_iv_top/u_bs_datapath/div_stage[29].quot_pipe_reg[30][29]_srl30_u_iv_top_u_bs_datapath_u_ln_divider_div_stage_c_26_i_6__3_n_0
    SLICE_X67Y84         CARRY4 (Prop_carry4_DI[0]_CO[3])
                                                      0.392     6.769 r  u_iv_top/u_bs_datapath/div_stage[29].quot_pipe_reg[30][29]_srl30_u_iv_top_u_bs_datapath_u_ln_divider_div_stage_c_26_i_1__3/CO[3]
                         net (fo=2, routed)           0.000     6.769    u_iv_top/u_bs_datapath/O32
    SLICE_X67Y85         CARRY4 (Prop_carry4_CI_O[0])
                                                      0.159     6.928 r  u_iv_top/u_bs_datapath/div_stage[0].num_pipe_reg[1][63]_i_3__3/O[0]
                         net (fo=34, routed)          0.289     7.217    u_iv_top/u_bs_datapath/div_stage[0].num_pipe_reg[1][63]_i_3__3_n_7
    SLICE_X71Y85         LUT6 (Prop_lut6_I0_O)        0.224     7.441 r  u_iv_top/u_bs_datapath/div_stage[0].num_pipe[1][34]_i_10__3/O
                         net (fo=1, routed)           0.545     7.986    u_iv_top/u_bs_datapath/div_stage[0].num_pipe[1][34]_i_10__3_n_0
    SLICE_X66Y82         CARRY4 (Prop_carry4_S[0]_CO[3])
                                                      0.476     8.462 r  u_iv_top/u_bs_datapath/div_stage[0].num_pipe_reg[1][34]_i_1__3/CO[3]
                         net (fo=1, routed)           0.000     8.462    u_iv_top/u_bs_datapath/div_stage[0].num_pipe_reg[1][34]_i_1__3_n_0
    SLICE_X66Y83         CARRY4 (Prop_carry4_CI_CO[3])
                                                      0.092     8.554 r  u_iv_top/u_bs_datapath/div_stage[0].num_pipe_reg[1][38]_i_1__3/CO[3]
                         net (fo=1, routed)           0.000     8.554    u_iv_top/u_bs_datapath/div_stage[0].num_pipe_reg[1][38]_i_1__3_n_0
    SLICE_X66Y84         CARRY4 (Prop_carry4_CI_CO[3])
                                                      0.092     8.646 r  u_iv_top/u_bs_datapath/div_stage[0].num_pipe_reg[1][42]_i_1__3/CO[3]
                         net (fo=1, routed)           0.000     8.646    u_iv_top/u_bs_datapath/div_stage[0].num_pipe_reg[1][42]_i_1__3_n_0
    SLICE_X66Y85         CARRY4 (Prop_carry4_CI_CO[3])
                                                      0.092     8.738 r  u_iv_top/u_bs_datapath/div_stage[0].num_pipe_reg[1][46]_i_1__3/CO[3]
                         net (fo=1, routed)           0.000     8.738    u_iv_top/u_bs_datapath/div_stage[0].num_pipe_reg[1][46]_i_1__3_n_0
    SLICE_X66Y86         CARRY4 (Prop_carry4_CI_CO[3])
                                                      0.092     8.830 r  u_iv_top/u_bs_datapath/div_stage[0].num_pipe_reg[1][50]_i_1__3/CO[3]
                         net (fo=1, routed)           0.000     8.830    u_iv_top/u_bs_datapath/div_stage[0].num_pipe_reg[1][50]_i_1__3_n_0
    SLICE_X66Y87         CARRY4 (Prop_carry4_CI_CO[3])
                                                      0.092     8.922 r  u_iv_top/u_bs_datapath/div_stage[0].num_pipe_reg[1][54]_i_1__3/CO[3]
                         net (fo=1, routed)           0.000     8.922    u_iv_top/u_bs_datapath/div_stage[0].num_pipe_reg[1][54]_i_1__3_n_0
    SLICE_X66Y88         CARRY4 (Prop_carry4_CI_O[1])
                                                      0.223     9.145 r  u_iv_top/u_bs_datapath/div_stage[0].num_pipe_reg[1][58]_i_1__3/O[1]
                         net (fo=1, routed)           0.000     9.145    u_iv_top/u_nr_divider/div_stage[0].num_pipe_reg[1][63]_0[32]
    SLICE_X66Y88         FDCE                                         r  u_iv_top/u_nr_divider/div_stage[0].num_pipe_reg[1][56]/D
  -------------------------------------------------------------------    -------------------

                         (clock aclk rise edge)       8.000     8.000 r  
                                                      0.000     8.000 r  aclk (IN)
                         net (fo=36115, unset)        1.280     9.280    u_iv_top/u_nr_divider/aclk
    SLICE_X66Y88         FDCE                                         r  u_iv_top/u_nr_divider/div_stage[0].num_pipe_reg[1][56]/C
                         clock pessimism              0.066     9.346    
                         clock uncertainty           -0.035     9.311    
    SLICE_X66Y88         FDCE (Setup_fdce_C_D)        0.094     9.405    u_iv_top/u_nr_divider/div_stage[0].num_pipe_reg[1][56]
  -------------------------------------------------------------------
                         required time                          9.405    
                         arrival time                          -9.145    
  -------------------------------------------------------------------
                         slack                                  0.260    

Slack (MET) :             0.262ns  (required time - arrival time)
  Source:                 u_iv_top/u_bs_datapath/u_norm_d1/u2_2b_reg[10]/C
                            (rising edge-triggered cell FDCE clocked by aclk  {rise@0.000ns fall@4.000ns period=8.000ns})
  Destination:            u_iv_top/u_bs_datapath/u_norm_d1/u4_2c_reg[31]/D
                            (rising edge-triggered cell FDCE clocked by aclk  {rise@0.000ns fall@4.000ns period=8.000ns})
  Path Group:             aclk
  Path Type:              Setup (Max at Slow Process Corner)
  Requirement:            8.000ns  (aclk rise@8.000ns - aclk rise@0.000ns)
  Data Path Delay:        7.561ns  (logic 5.942ns (78.588%)  route 1.619ns (21.412%))
  Logic Levels:           13  (CARRY4=10 DSP48E1=2 LUT2=1)
  Clock Path Skew:        -0.236ns (DCD - SCD + CPR)
    Destination Clock Delay (DCD):    1.354ns = ( 9.354 - 8.000 ) 
    Source Clock Delay      (SCD):    1.602ns
    Clock Pessimism Removal (CPR):    0.012ns
  Clock Uncertainty:      0.035ns  ((TSJ^2 + TIJ^2)^1/2 + DJ) / 2 + PE
    Total System Jitter     (TSJ):    0.071ns
    Total Input Jitter      (TIJ):    0.000ns
    Discrete Jitter          (DJ):    0.000ns
    Phase Error              (PE):    0.000ns

    Location             Delay type                Incr(ns)  Path(ns)    Netlist Resource(s)
  -------------------------------------------------------------------    -------------------
                         (clock aclk rise edge)       0.000     0.000 r  
                                                      0.000     0.000 r  aclk (IN)
                         net (fo=36115, unset)        1.602     1.602    u_iv_top/u_bs_datapath/u_norm_d1/aclk
    SLICE_X144Y45        FDCE                                         r  u_iv_top/u_bs_datapath/u_norm_d1/u2_2b_reg[10]/C
  -------------------------------------------------------------------    -------------------
    SLICE_X144Y45        FDCE (Prop_fdce_C_Q)         0.393     1.995 r  u_iv_top/u_bs_datapath/u_norm_d1/u2_2b_reg[10]/Q
                         net (fo=5, routed)           1.002     2.997    u_iv_top/u_bs_datapath/u_norm_d1/u2_2b[10]
    DSP48_X7Y24          DSP48E1 (Prop_dsp48e1_A[10]_PCOUT[47])
                                                      2.970     5.967 r  u_iv_top/u_bs_datapath/u_norm_d1/u4_2c1__1/PCOUT[47]
                         net (fo=1, routed)           0.002     5.969    u_iv_top/u_bs_datapath/u_norm_d1/u4_2c1__1_n_106
    DSP48_X7Y25          DSP48E1 (Prop_dsp48e1_PCIN[47]_P[0])
                                                      1.107     7.076 r  u_iv_top/u_bs_datapath/u_norm_d1/u4_2c1__2/P[0]
                         net (fo=2, routed)           0.615     7.691    u_iv_top/u_bs_datapath/u_norm_d1/u4_2c1__2_n_105
    SLICE_X144Y55        LUT2 (Prop_lut2_I0_O)        0.097     7.788 r  u_iv_top/u_bs_datapath/u_norm_d1/u4_2c[3]_i_14/O
                         net (fo=1, routed)           0.000     7.788    u_iv_top/u_bs_datapath/u_norm_d1/u4_2c[3]_i_14_n_0
    SLICE_X144Y55        CARRY4 (Prop_carry4_S[1]_CO[3])
                                                      0.402     8.190 r  u_iv_top/u_bs_datapath/u_norm_d1/u4_2c_reg[3]_i_7/CO[3]
                         net (fo=1, routed)           0.000     8.190    u_iv_top/u_bs_datapath/u_norm_d1/u4_2c_reg[3]_i_7_n_0
    SLICE_X144Y56        CARRY4 (Prop_carry4_CI_CO[3])
                                                      0.092     8.282 r  u_iv_top/u_bs_datapath/u_norm_d1/u4_2c_reg[3]_i_2/CO[3]
                         net (fo=1, routed)           0.000     8.282    u_iv_top/u_bs_datapath/u_norm_d1/u4_2c_reg[3]_i_2_n_0
    SLICE_X144Y57        CARRY4 (Prop_carry4_CI_CO[3])
                                                      0.092     8.374 r  u_iv_top/u_bs_datapath/u_norm_d1/u4_2c_reg[3]_i_1/CO[3]
                         net (fo=1, routed)           0.000     8.374    u_iv_top/u_bs_datapath/u_norm_d1/u4_2c_reg[3]_i_1_n_0
    SLICE_X144Y58        CARRY4 (Prop_carry4_CI_CO[3])
                                                      0.092     8.466 r  u_iv_top/u_bs_datapath/u_norm_d1/u4_2c_reg[7]_i_1/CO[3]
                         net (fo=1, routed)           0.000     8.466    u_iv_top/u_bs_datapath/u_norm_d1/u4_2c_reg[7]_i_1_n_0
    SLICE_X144Y59        CARRY4 (Prop_carry4_CI_CO[3])
                                                      0.092     8.558 r  u_iv_top/u_bs_datapath/u_norm_d1/u4_2c_reg[11]_i_1/CO[3]
                         net (fo=1, routed)           0.000     8.558    u_iv_top/u_bs_datapath/u_norm_d1/u4_2c_reg[11]_i_1_n_0
    SLICE_X144Y60        CARRY4 (Prop_carry4_CI_CO[3])
                                                      0.092     8.650 r  u_iv_top/u_bs_datapath/u_norm_d1/u4_2c_reg[15]_i_1/CO[3]
                         net (fo=1, routed)           0.000     8.650    u_iv_top/u_bs_datapath/u_norm_d1/u4_2c_reg[15]_i_1_n_0
    SLICE_X144Y61        CARRY4 (Prop_carry4_CI_CO[3])
                                                      0.092     8.742 r  u_iv_top/u_bs_datapath/u_norm_d1/u4_2c_reg[19]_i_1/CO[3]
                         net (fo=1, routed)           0.000     8.742    u_iv_top/u_bs_datapath/u_norm_d1/u4_2c_reg[19]_i_1_n_0
    SLICE_X144Y62        CARRY4 (Prop_carry4_CI_CO[3])
                                                      0.092     8.834 r  u_iv_top/u_bs_datapath/u_norm_d1/u4_2c_reg[23]_i_1/CO[3]
                         net (fo=1, routed)           0.000     8.834    u_iv_top/u_bs_datapath/u_norm_d1/u4_2c_reg[23]_i_1_n_0
    SLICE_X144Y63        CARRY4 (Prop_carry4_CI_CO[3])
                                                      0.092     8.926 r  u_iv_top/u_bs_datapath/u_norm_d1/u4_2c_reg[27]_i_1/CO[3]
                         net (fo=1, routed)           0.000     8.926    u_iv_top/u_bs_datapath/u_norm_d1/u4_2c_reg[27]_i_1_n_0
    SLICE_X144Y64        CARRY4 (Prop_carry4_CI_O[3])
                                                      0.237     9.163 r  u_iv_top/u_bs_datapath/u_norm_d1/u4_2c_reg[31]_i_1/O[3]
                         net (fo=1, routed)           0.000     9.163    u_iv_top/u_bs_datapath/u_norm_d1/u4_2c_reg[31]_i_1_n_4
    SLICE_X144Y64        FDCE                                         r  u_iv_top/u_bs_datapath/u_norm_d1/u4_2c_reg[31]/D
  -------------------------------------------------------------------    -------------------

                         (clock aclk rise edge)       8.000     8.000 r  
                                                      0.000     8.000 r  aclk (IN)
                         net (fo=36115, unset)        1.354     9.354    u_iv_top/u_bs_datapath/u_norm_d1/aclk
    SLICE_X144Y64        FDCE                                         r  u_iv_top/u_bs_datapath/u_norm_d1/u4_2c_reg[31]/C
                         clock pessimism              0.012     9.366    
                         clock uncertainty           -0.035     9.331    
    SLICE_X144Y64        FDCE (Setup_fdce_C_D)        0.094     9.425    u_iv_top/u_bs_datapath/u_norm_d1/u4_2c_reg[31]
  -------------------------------------------------------------------
                         required time                          9.425    
                         arrival time                          -9.163    
  -------------------------------------------------------------------
                         slack                                  0.262    





Min Delay Paths
--------------------------------------------------------------------------------------
Slack (MET) :             0.063ns  (arrival time - required time)
  Source:                 u_iv_top/u_bs_datapath/u_norm_d2/phi_delay_gen[27].phi_delay_reg[28][20]/C
                            (rising edge-triggered cell FDCE clocked by aclk  {rise@0.000ns fall@4.000ns period=8.000ns})
  Destination:            u_iv_top/u_bs_datapath/u_norm_d2/phi3e_m_reg[20]_srl8_u_iv_top_u_bs_datapath_u_ln_divider_div_stage_c_4/D
                            (rising edge-triggered cell SRL16E clocked by aclk  {rise@0.000ns fall@4.000ns period=8.000ns})
  Path Group:             aclk
  Path Type:              Hold (Min at Fast Process Corner)
  Requirement:            0.000ns  (aclk rise@0.000ns - aclk rise@0.000ns)
  Data Path Delay:        0.196ns  (logic 0.141ns (71.991%)  route 0.055ns (28.009%))
  Logic Levels:           0  
  Clock Path Skew:        0.016ns (DCD - SCD - CPR)
    Destination Clock Delay (DCD):    1.046ns
    Source Clock Delay      (SCD):    0.767ns
    Clock Pessimism Removal (CPR):    0.263ns

    Location             Delay type                Incr(ns)  Path(ns)    Netlist Resource(s)
  -------------------------------------------------------------------    -------------------
                         (clock aclk rise edge)       0.000     0.000 r  
                                                      0.000     0.000 r  aclk (IN)
                         net (fo=36115, unset)        0.767     0.767    u_iv_top/u_bs_datapath/u_norm_d2/aclk
    SLICE_X13Y45         FDCE                                         r  u_iv_top/u_bs_datapath/u_norm_d2/phi_delay_gen[27].phi_delay_reg[28][20]/C
  -------------------------------------------------------------------    -------------------
    SLICE_X13Y45         FDCE (Prop_fdce_C_Q)         0.141     0.908 r  u_iv_top/u_bs_datapath/u_norm_d2/phi_delay_gen[27].phi_delay_reg[28][20]/Q
                         net (fo=1, routed)           0.055     0.963    u_iv_top/u_bs_datapath/u_norm_d2/phi_delay_gen[27].phi_delay_reg[28]_360[20]
    SLICE_X12Y45         SRL16E                                       r  u_iv_top/u_bs_datapath/u_norm_d2/phi3e_m_reg[20]_srl8_u_iv_top_u_bs_datapath_u_ln_divider_div_stage_c_4/D
  -------------------------------------------------------------------    -------------------

                         (clock aclk rise edge)       0.000     0.000 r  
                                                      0.000     0.000 r  aclk (IN)
                         net (fo=36115, unset)        1.046     1.046    u_iv_top/u_bs_datapath/u_norm_d2/aclk
    SLICE_X12Y45         SRL16E                                       r  u_iv_top/u_bs_datapath/u_norm_d2/phi3e_m_reg[20]_srl8_u_iv_top_u_bs_datapath_u_ln_divider_div_stage_c_4/CLK
                         clock pessimism             -0.263     0.783    
    SLICE_X12Y45         SRL16E (Hold_srl16e_CLK_D)
                                                      0.117     0.900    u_iv_top/u_bs_datapath/u_norm_d2/phi3e_m_reg[20]_srl8_u_iv_top_u_bs_datapath_u_ln_divider_div_stage_c_4
  -------------------------------------------------------------------
                         required time                         -0.900    
                         arrival time                           0.963    
  -------------------------------------------------------------------
                         slack                                  0.063    

Slack (MET) :             0.063ns  (arrival time - required time)
  Source:                 u_iv_top/u_bs_datapath/u_norm_d2/phi_delay_gen[27].phi_delay_reg[28][10]/C
                            (rising edge-triggered cell FDCE clocked by aclk  {rise@0.000ns fall@4.000ns period=8.000ns})
  Destination:            u_iv_top/u_bs_datapath/u_norm_d2/phi3e_m_reg[10]_srl8_u_iv_top_u_bs_datapath_u_ln_divider_div_stage_c_4/D
                            (rising edge-triggered cell SRL16E clocked by aclk  {rise@0.000ns fall@4.000ns period=8.000ns})
  Path Group:             aclk
  Path Type:              Hold (Min at Fast Process Corner)
  Requirement:            0.000ns  (aclk rise@0.000ns - aclk rise@0.000ns)
  Data Path Delay:        0.196ns  (logic 0.141ns (71.991%)  route 0.055ns (28.009%))
  Logic Levels:           0  
  Clock Path Skew:        0.016ns (DCD - SCD - CPR)
    Destination Clock Delay (DCD):    1.076ns
    Source Clock Delay      (SCD):    0.795ns
    Clock Pessimism Removal (CPR):    0.265ns

    Location             Delay type                Incr(ns)  Path(ns)    Netlist Resource(s)
  -------------------------------------------------------------------    -------------------
                         (clock aclk rise edge)       0.000     0.000 r  
                                                      0.000     0.000 r  aclk (IN)
                         net (fo=36115, unset)        0.795     0.795    u_iv_top/u_bs_datapath/u_norm_d2/aclk
    SLICE_X7Y48          FDCE                                         r  u_iv_top/u_bs_datapath/u_norm_d2/phi_delay_gen[27].phi_delay_reg[28][10]/C
  -------------------------------------------------------------------    -------------------
    SLICE_X7Y48          FDCE (Prop_fdce_C_Q)         0.141     0.936 r  u_iv_top/u_bs_datapath/u_norm_d2/phi_delay_gen[27].phi_delay_reg[28][10]/Q
                         net (fo=1, routed)           0.055     0.991    u_iv_top/u_bs_datapath/u_norm_d2/phi_delay_gen[27].phi_delay_reg[28]_360[10]
    SLICE_X6Y48          SRL16E                                       r  u_iv_top/u_bs_datapath/u_norm_d2/phi3e_m_reg[10]_srl8_u_iv_top_u_bs_datapath_u_ln_divider_div_stage_c_4/D
  -------------------------------------------------------------------    -------------------

                         (clock aclk rise edge)       0.000     0.000 r  
                                                      0.000     0.000 r  aclk (IN)
                         net (fo=36115, unset)        1.076     1.076    u_iv_top/u_bs_datapath/u_norm_d2/aclk
    SLICE_X6Y48          SRL16E                                       r  u_iv_top/u_bs_datapath/u_norm_d2/phi3e_m_reg[10]_srl8_u_iv_top_u_bs_datapath_u_ln_divider_div_stage_c_4/CLK
                         clock pessimism             -0.265     0.811    
    SLICE_X6Y48          SRL16E (Hold_srl16e_CLK_D)
                                                      0.117     0.928    u_iv_top/u_bs_datapath/u_norm_d2/phi3e_m_reg[10]_srl8_u_iv_top_u_bs_datapath_u_ln_divider_div_stage_c_4
  -------------------------------------------------------------------
                         required time                         -0.928    
                         arrival time                           0.991    
  -------------------------------------------------------------------
                         slack                                  0.063    

Slack (MET) :             0.065ns  (arrival time - required time)
  Source:                 u_iv_top/u_bs_datapath/u_norm_d1/phi_delay_gen[27].phi_delay_reg[28][0]/C
                            (rising edge-triggered cell FDCE clocked by aclk  {rise@0.000ns fall@4.000ns period=8.000ns})
  Destination:            u_iv_top/u_bs_datapath/u_norm_d1/phi3e_m_reg[0]_srl8_u_iv_top_u_bs_datapath_u_ln_divider_div_stage_c_4/D
                            (rising edge-triggered cell SRL16E clocked by aclk  {rise@0.000ns fall@4.000ns period=8.000ns})
  Path Group:             aclk
  Path Type:              Hold (Min at Fast Process Corner)
  Requirement:            0.000ns  (aclk rise@0.000ns - aclk rise@0.000ns)
  Data Path Delay:        0.196ns  (logic 0.141ns (71.991%)  route 0.055ns (28.009%))
  Logic Levels:           0  
  Clock Path Skew:        0.014ns (DCD - SCD - CPR)
    Destination Clock Delay (DCD):    0.903ns
    Source Clock Delay      (SCD):    0.632ns
    Clock Pessimism Removal (CPR):    0.257ns

    Location             Delay type                Incr(ns)  Path(ns)    Netlist Resource(s)
  -------------------------------------------------------------------    -------------------
                         (clock aclk rise edge)       0.000     0.000 r  
                                                      0.000     0.000 r  aclk (IN)
                         net (fo=36115, unset)        0.632     0.632    u_iv_top/u_bs_datapath/u_norm_d1/aclk
    SLICE_X89Y71         FDCE                                         r  u_iv_top/u_bs_datapath/u_norm_d1/phi_delay_gen[27].phi_delay_reg[28][0]/C
  -------------------------------------------------------------------    -------------------
    SLICE_X89Y71         FDCE (Prop_fdce_C_Q)         0.141     0.773 r  u_iv_top/u_bs_datapath/u_norm_d1/phi_delay_gen[27].phi_delay_reg[28][0]/Q
                         net (fo=1, routed)           0.055     0.828    u_iv_top/u_bs_datapath/u_norm_d1/phi_delay_gen[27].phi_delay_reg[28]_243[0]
    SLICE_X88Y71         SRL16E                                       r  u_iv_top/u_bs_datapath/u_norm_d1/phi3e_m_reg[0]_srl8_u_iv_top_u_bs_datapath_u_ln_divider_div_stage_c_4/D
  -------------------------------------------------------------------    -------------------

                         (clock aclk rise edge)       0.000     0.000 r  
                                                      0.000     0.000 r  aclk (IN)
                         net (fo=36115, unset)        0.903     0.903    u_iv_top/u_bs_datapath/u_norm_d1/aclk
    SLICE_X88Y71         SRL16E                                       r  u_iv_top/u_bs_datapath/u_norm_d1/phi3e_m_reg[0]_srl8_u_iv_top_u_bs_datapath_u_ln_divider_div_stage_c_4/CLK
                         clock pessimism             -0.257     0.646    
    SLICE_X88Y71         SRL16E (Hold_srl16e_CLK_D)
                                                      0.117     0.763    u_iv_top/u_bs_datapath/u_norm_d1/phi3e_m_reg[0]_srl8_u_iv_top_u_bs_datapath_u_ln_divider_div_stage_c_4
  -------------------------------------------------------------------
                         required time                         -0.763    
                         arrival time                           0.828    
  -------------------------------------------------------------------
                         slack                                  0.065    

Slack (MET) :             0.076ns  (arrival time - required time)
  Source:                 u_iv_top/u_bs_datapath/u_sqrt_T/sqrt_stage[26].res_pipe_reg[27][18]/C
                            (rising edge-triggered cell FDCE clocked by aclk  {rise@0.000ns fall@4.000ns period=8.000ns})
  Destination:            u_iv_top/u_bs_datapath/sqrt_align_gen[1].sqrt_T_delay_reg[2][18]_srl4_u_iv_top_u_bs_datapath_u_ln_divider_div_stage_c_0/D
                            (rising edge-triggered cell SRL16E clocked by aclk  {rise@0.000ns fall@4.000ns period=8.000ns})
  Path Group:             aclk
  Path Type:              Hold (Min at Fast Process Corner)
  Requirement:            0.000ns  (aclk rise@0.000ns - aclk rise@0.000ns)
  Data Path Delay:        0.207ns  (logic 0.141ns (68.062%)  route 0.066ns (31.938%))
  Logic Levels:           0  
  Clock Path Skew:        0.014ns (DCD - SCD - CPR)
    Destination Clock Delay (DCD):    0.907ns
    Source Clock Delay      (SCD):    0.635ns
    Clock Pessimism Removal (CPR):    0.258ns

    Location             Delay type                Incr(ns)  Path(ns)    Netlist Resource(s)
  -------------------------------------------------------------------    -------------------
                         (clock aclk rise edge)       0.000     0.000 r  
                                                      0.000     0.000 r  aclk (IN)
                         net (fo=36115, unset)        0.635     0.635    u_iv_top/u_bs_datapath/u_sqrt_T/aclk
    SLICE_X73Y78         FDCE                                         r  u_iv_top/u_bs_datapath/u_sqrt_T/sqrt_stage[26].res_pipe_reg[27][18]/C
  -------------------------------------------------------------------    -------------------
    SLICE_X73Y78         FDCE (Prop_fdce_C_Q)         0.141     0.776 r  u_iv_top/u_bs_datapath/u_sqrt_T/sqrt_stage[26].res_pipe_reg[27][18]/Q
                         net (fo=3, routed)           0.066     0.842    u_iv_top/u_bs_datapath/sqrt_stage[26].res_pipe_reg[27]_11[18]
    SLICE_X72Y78         SRL16E                                       r  u_iv_top/u_bs_datapath/sqrt_align_gen[1].sqrt_T_delay_reg[2][18]_srl4_u_iv_top_u_bs_datapath_u_ln_divider_div_stage_c_0/D
  -------------------------------------------------------------------    -------------------

                         (clock aclk rise edge)       0.000     0.000 r  
                                                      0.000     0.000 r  aclk (IN)
                         net (fo=36115, unset)        0.907     0.907    u_iv_top/u_bs_datapath/aclk
    SLICE_X72Y78         SRL16E                                       r  u_iv_top/u_bs_datapath/sqrt_align_gen[1].sqrt_T_delay_reg[2][18]_srl4_u_iv_top_u_bs_datapath_u_ln_divider_div_stage_c_0/CLK
                         clock pessimism             -0.258     0.649    
    SLICE_X72Y78         SRL16E (Hold_srl16e_CLK_D)
                                                      0.117     0.766    u_iv_top/u_bs_datapath/sqrt_align_gen[1].sqrt_T_delay_reg[2][18]_srl4_u_iv_top_u_bs_datapath_u_ln_divider_div_stage_c_0
  -------------------------------------------------------------------
                         required time                         -0.766    
                         arrival time                           0.842    
  -------------------------------------------------------------------
                         slack                                  0.076    

Slack (MET) :             0.077ns  (arrival time - required time)
  Source:                 u_iv_top/u_bs_datapath/u_norm_d1/phi_delay_gen[27].phi_delay_reg[28][28]/C
                            (rising edge-triggered cell FDCE clocked by aclk  {rise@0.000ns fall@4.000ns period=8.000ns})
  Destination:            u_iv_top/u_bs_datapath/u_norm_d1/phi3e_m_reg[28]_srl8_u_iv_top_u_bs_datapath_u_ln_divider_div_stage_c_4/D
                            (rising edge-triggered cell SRL16E clocked by aclk  {rise@0.000ns fall@4.000ns period=8.000ns})
  Path Group:             aclk
  Path Type:              Hold (Min at Fast Process Corner)
  Requirement:            0.000ns  (aclk rise@0.000ns - aclk rise@0.000ns)
  Data Path Delay:        0.293ns  (logic 0.164ns (55.966%)  route 0.129ns (44.034%))
  Logic Levels:           0  
  Clock Path Skew:        0.033ns (DCD - SCD - CPR)
    Destination Clock Delay (DCD):    0.912ns
    Source Clock Delay      (SCD):    0.642ns
    Clock Pessimism Removal (CPR):    0.237ns

    Location             Delay type                Incr(ns)  Path(ns)    Netlist Resource(s)
  -------------------------------------------------------------------    -------------------
                         (clock aclk rise edge)       0.000     0.000 r  
                                                      0.000     0.000 r  aclk (IN)
                         net (fo=36115, unset)        0.642     0.642    u_iv_top/u_bs_datapath/u_norm_d1/aclk
    SLICE_X100Y79        FDCE                                         r  u_iv_top/u_bs_datapath/u_norm_d1/phi_delay_gen[27].phi_delay_reg[28][28]/C
  -------------------------------------------------------------------    -------------------
    SLICE_X100Y79        FDCE (Prop_fdce_C_Q)         0.164     0.806 r  u_iv_top/u_bs_datapath/u_norm_d1/phi_delay_gen[27].phi_delay_reg[28][28]/Q
                         net (fo=1, routed)           0.129     0.935    u_iv_top/u_bs_datapath/u_norm_d1/phi_delay_gen[27].phi_delay_reg[28]_243[28]
    SLICE_X98Y79         SRL16E                                       r  u_iv_top/u_bs_datapath/u_norm_d1/phi3e_m_reg[28]_srl8_u_iv_top_u_bs_datapath_u_ln_divider_div_stage_c_4/D
  -------------------------------------------------------------------    -------------------

                         (clock aclk rise edge)       0.000     0.000 r  
                                                      0.000     0.000 r  aclk (IN)
                         net (fo=36115, unset)        0.912     0.912    u_iv_top/u_bs_datapath/u_norm_d1/aclk
    SLICE_X98Y79         SRL16E                                       r  u_iv_top/u_bs_datapath/u_norm_d1/phi3e_m_reg[28]_srl8_u_iv_top_u_bs_datapath_u_ln_divider_div_stage_c_4/CLK
                         clock pessimism             -0.237     0.675    
    SLICE_X98Y79         SRL16E (Hold_srl16e_CLK_D)
                                                      0.183     0.858    u_iv_top/u_bs_datapath/u_norm_d1/phi3e_m_reg[28]_srl8_u_iv_top_u_bs_datapath_u_ln_divider_div_stage_c_4
  -------------------------------------------------------------------
                         required time                         -0.858    
                         arrival time                           0.935    
  -------------------------------------------------------------------
                         slack                                  0.077    

Slack (MET) :             0.077ns  (arrival time - required time)
  Source:                 u_iv_top/cordic_inst/cordic_pipeline[8].z_pipe_reg[9][3]/C
                            (rising edge-triggered cell FDCE clocked by aclk  {rise@0.000ns fall@4.000ns period=8.000ns})
  Destination:            u_iv_top/cordic_inst/cordic_pipeline[9].z_pipe_reg[10][3]/D
                            (rising edge-triggered cell FDCE clocked by aclk  {rise@0.000ns fall@4.000ns period=8.000ns})
  Path Group:             aclk
  Path Type:              Hold (Min at Fast Process Corner)
  Requirement:            0.000ns  (aclk rise@0.000ns - aclk rise@0.000ns)
  Data Path Delay:        0.519ns  (logic 0.274ns (52.787%)  route 0.245ns (47.213%))
  Logic Levels:           2  (CARRY4=1 LUT1=1)
  Clock Path Skew:        0.337ns (DCD - SCD - CPR)
    Destination Clock Delay (DCD):    0.960ns
    Source Clock Delay      (SCD):    0.618ns
    Clock Pessimism Removal (CPR):    0.005ns

    Location             Delay type                Incr(ns)  Path(ns)    Netlist Resource(s)
  -------------------------------------------------------------------    -------------------
                         (clock aclk rise edge)       0.000     0.000 r  
                                                      0.000     0.000 r  aclk (IN)
                         net (fo=36115, unset)        0.618     0.618    u_iv_top/cordic_inst/aclk
    SLICE_X36Y101        FDCE                                         r  u_iv_top/cordic_inst/cordic_pipeline[8].z_pipe_reg[9][3]/C
  -------------------------------------------------------------------    -------------------
    SLICE_X36Y101        FDCE (Prop_fdce_C_Q)         0.164     0.782 f  u_iv_top/cordic_inst/cordic_pipeline[8].z_pipe_reg[9][3]/Q
                         net (fo=2, routed)           0.245     1.027    u_iv_top/cordic_inst/cordic_pipeline[8].z_pipe_reg[9]_466[3]
    SLICE_X38Y99         LUT1 (Prop_lut1_I0_O)        0.045     1.072 r  u_iv_top/cordic_inst/i__carry_i_4__1/O
                         net (fo=1, routed)           0.000     1.072    u_iv_top/cordic_inst/i__carry_i_4__1_n_0
    SLICE_X38Y99         CARRY4 (Prop_carry4_S[1]_O[1])
                                                      0.065     1.137 r  u_iv_top/cordic_inst/p_0_out_inferred__8/i__carry/O[1]
                         net (fo=1, routed)           0.000     1.137    u_iv_top/cordic_inst/p_0_out_inferred__8/i__carry_n_6
    SLICE_X38Y99         FDCE                                         r  u_iv_top/cordic_inst/cordic_pipeline[9].z_pipe_reg[10][3]/D
  -------------------------------------------------------------------    -------------------

                         (clock aclk rise edge)       0.000     0.000 r  
                                                      0.000     0.000 r  aclk (IN)
                         net (fo=36115, unset)        0.960     0.960    u_iv_top/cordic_inst/aclk
    SLICE_X38Y99         FDCE                                         r  u_iv_top/cordic_inst/cordic_pipeline[9].z_pipe_reg[10][3]/C
                         clock pessimism             -0.005     0.955    
    SLICE_X38Y99         FDCE (Hold_fdce_C_D)         0.105     1.060    u_iv_top/cordic_inst/cordic_pipeline[9].z_pipe_reg[10][3]
  -------------------------------------------------------------------
                         required time                         -1.060    
                         arrival time                           1.137    
  -------------------------------------------------------------------
                         slack                                  0.077    

Slack (MET) :             0.077ns  (arrival time - required time)
  Source:                 u_iv_top/u_bs_datapath/u_sqrt_T/sqrt_stage[13].val_pipe_reg[14][37]/C
                            (rising edge-triggered cell FDCE clocked by aclk  {rise@0.000ns fall@4.000ns period=8.000ns})
  Destination:            u_iv_top/u_bs_datapath/u_sqrt_T/sqrt_stage[14].val_pipe_reg[15][38]/D
                            (rising edge-triggered cell FDCE clocked by aclk  {rise@0.000ns fall@4.000ns period=8.000ns})
  Path Group:             aclk
  Path Type:              Hold (Min at Fast Process Corner)
  Requirement:            0.000ns  (aclk rise@0.000ns - aclk rise@0.000ns)
  Data Path Delay:        0.477ns  (logic 0.311ns (65.136%)  route 0.166ns (34.864%))
  Logic Levels:           2  (CARRY4=2)
  Clock Path Skew:        0.266ns (DCD - SCD - CPR)
    Destination Clock Delay (DCD):    0.906ns
    Source Clock Delay      (SCD):    0.632ns
    Clock Pessimism Removal (CPR):    0.008ns

    Location             Delay type                Incr(ns)  Path(ns)    Netlist Resource(s)
  -------------------------------------------------------------------    -------------------
                         (clock aclk rise edge)       0.000     0.000 r  
                                                      0.000     0.000 r  aclk (IN)
                         net (fo=36115, unset)        0.632     0.632    u_iv_top/u_bs_datapath/u_sqrt_T/aclk
    SLICE_X82Y90         FDCE                                         r  u_iv_top/u_bs_datapath/u_sqrt_T/sqrt_stage[13].val_pipe_reg[14][37]/C
  -------------------------------------------------------------------    -------------------
    SLICE_X82Y90         FDCE (Prop_fdce_C_Q)         0.141     0.773 r  u_iv_top/u_bs_datapath/u_sqrt_T/sqrt_stage[13].val_pipe_reg[14][37]/Q
                         net (fo=4, routed)           0.166     0.939    u_iv_top/u_bs_datapath/u_sqrt_T/sqrt_stage[13].val_pipe_reg_n_0_[14][37]
    SLICE_X84Y90         CARRY4 (Prop_carry4_DI[3]_CO[3])
                                                      0.117     1.056 r  u_iv_top/u_bs_datapath/u_sqrt_T/sqrt_stage[14].val_pipe_reg[15][37]_i_1/CO[3]
                         net (fo=1, routed)           0.000     1.056    u_iv_top/u_bs_datapath/u_sqrt_T/sqrt_stage[14].val_pipe_reg[15][37]_i_1_n_0
    SLICE_X84Y91         CARRY4 (Prop_carry4_CI_O[0])
                                                      0.053     1.109 r  u_iv_top/u_bs_datapath/u_sqrt_T/sqrt_stage[14].val_pipe_reg[15][41]_i_1/O[0]
                         net (fo=1, routed)           0.000     1.109    u_iv_top/u_bs_datapath/u_sqrt_T/sqrt_stage[14].val_pipe_reg[15][41]_i_1_n_7
    SLICE_X84Y91         FDCE                                         r  u_iv_top/u_bs_datapath/u_sqrt_T/sqrt_stage[14].val_pipe_reg[15][38]/D
  -------------------------------------------------------------------    -------------------

                         (clock aclk rise edge)       0.000     0.000 r  
                                                      0.000     0.000 r  aclk (IN)
                         net (fo=36115, unset)        0.906     0.906    u_iv_top/u_bs_datapath/u_sqrt_T/aclk
    SLICE_X84Y91         FDCE                                         r  u_iv_top/u_bs_datapath/u_sqrt_T/sqrt_stage[14].val_pipe_reg[15][38]/C
                         clock pessimism             -0.008     0.898    
    SLICE_X84Y91         FDCE (Hold_fdce_C_D)         0.134     1.032    u_iv_top/u_bs_datapath/u_sqrt_T/sqrt_stage[14].val_pipe_reg[15][38]
  -------------------------------------------------------------------
                         required time                         -1.032    
                         arrival time                           1.109    
  -------------------------------------------------------------------
                         slack                                  0.077    

Slack (MET) :             0.078ns  (arrival time - required time)
  Source:                 u_iv_top/u_bs_datapath/u_sqrt_T/sqrt_stage[13].val_pipe_reg[14][29]/C
                            (rising edge-triggered cell FDCE clocked by aclk  {rise@0.000ns fall@4.000ns period=8.000ns})
  Destination:            u_iv_top/u_bs_datapath/u_sqrt_T/sqrt_stage[14].val_pipe_reg[15][30]/D
                            (rising edge-triggered cell FDCE clocked by aclk  {rise@0.000ns fall@4.000ns period=8.000ns})
  Path Group:             aclk
  Path Type:              Hold (Min at Fast Process Corner)
  Requirement:            0.000ns  (aclk rise@0.000ns - aclk rise@0.000ns)
  Data Path Delay:        0.478ns  (logic 0.311ns (65.123%)  route 0.167ns (34.877%))
  Logic Levels:           2  (CARRY4=2)
  Clock Path Skew:        0.266ns (DCD - SCD - CPR)
    Destination Clock Delay (DCD):    0.905ns
    Source Clock Delay      (SCD):    0.631ns
    Clock Pessimism Removal (CPR):    0.008ns

    Location             Delay type                Incr(ns)  Path(ns)    Netlist Resource(s)
  -------------------------------------------------------------------    -------------------
                         (clock aclk rise edge)       0.000     0.000 r  
                                                      0.000     0.000 r  aclk (IN)
                         net (fo=36115, unset)        0.631     0.631    u_iv_top/u_bs_datapath/u_sqrt_T/aclk
    SLICE_X82Y88         FDCE                                         r  u_iv_top/u_bs_datapath/u_sqrt_T/sqrt_stage[13].val_pipe_reg[14][29]/C
  -------------------------------------------------------------------    -------------------
    SLICE_X82Y88         FDCE (Prop_fdce_C_Q)         0.141     0.772 r  u_iv_top/u_bs_datapath/u_sqrt_T/sqrt_stage[13].val_pipe_reg[14][29]/Q
                         net (fo=4, routed)           0.167     0.939    u_iv_top/u_bs_datapath/u_sqrt_T/sqrt_stage[13].val_pipe_reg_n_0_[14][29]
    SLICE_X84Y88         CARRY4 (Prop_carry4_DI[3]_CO[3])
                                                      0.117     1.056 r  u_iv_top/u_bs_datapath/u_sqrt_T/sqrt_stage[14].val_pipe_reg[15][29]_i_1/CO[3]
                         net (fo=1, routed)           0.000     1.056    u_iv_top/u_bs_datapath/u_sqrt_T/sqrt_stage[14].val_pipe_reg[15][29]_i_1_n_0
    SLICE_X84Y89         CARRY4 (Prop_carry4_CI_O[0])
                                                      0.053     1.109 r  u_iv_top/u_bs_datapath/u_sqrt_T/sqrt_stage[14].val_pipe_reg[15][33]_i_1/O[0]
                         net (fo=1, routed)           0.000     1.109    u_iv_top/u_bs_datapath/u_sqrt_T/sqrt_stage[14].val_pipe_reg[15][33]_i_1_n_7
    SLICE_X84Y89         FDCE                                         r  u_iv_top/u_bs_datapath/u_sqrt_T/sqrt_stage[14].val_pipe_reg[15][30]/D
  -------------------------------------------------------------------    -------------------

                         (clock aclk rise edge)       0.000     0.000 r  
                                                      0.000     0.000 r  aclk (IN)
                         net (fo=36115, unset)        0.905     0.905    u_iv_top/u_bs_datapath/u_sqrt_T/aclk
    SLICE_X84Y89         FDCE                                         r  u_iv_top/u_bs_datapath/u_sqrt_T/sqrt_stage[14].val_pipe_reg[15][30]/C
                         clock pessimism             -0.008     0.897    
    SLICE_X84Y89         FDCE (Hold_fdce_C_D)         0.134     1.031    u_iv_top/u_bs_datapath/u_sqrt_T/sqrt_stage[14].val_pipe_reg[15][30]
  -------------------------------------------------------------------
                         required time                         -1.031    
                         arrival time                           1.109    
  -------------------------------------------------------------------
                         slack                                  0.078    

Slack (MET) :             0.079ns  (arrival time - required time)
  Source:                 u_iv_top/u_bs_datapath/u_sqrt_T/sqrt_stage[21].val_pipe_reg[22][40]/C
                            (rising edge-triggered cell FDCE clocked by aclk  {rise@0.000ns fall@4.000ns period=8.000ns})
  Destination:            u_iv_top/u_bs_datapath/u_sqrt_T/sqrt_stage[22].val_pipe_reg[23][41]/D
                            (rising edge-triggered cell FDCE clocked by aclk  {rise@0.000ns fall@4.000ns period=8.000ns})
  Path Group:             aclk
  Path Type:              Hold (Min at Fast Process Corner)
  Requirement:            0.000ns  (aclk rise@0.000ns - aclk rise@0.000ns)
  Data Path Delay:        0.446ns  (logic 0.288ns (64.598%)  route 0.158ns (35.402%))
  Logic Levels:           1  (CARRY4=1)
  Clock Path Skew:        0.262ns (DCD - SCD - CPR)
    Destination Clock Delay (DCD):    0.896ns
    Source Clock Delay      (SCD):    0.626ns
    Clock Pessimism Removal (CPR):    0.008ns

    Location             Delay type                Incr(ns)  Path(ns)    Netlist Resource(s)
  -------------------------------------------------------------------    -------------------
                         (clock aclk rise edge)       0.000     0.000 r  
                                                      0.000     0.000 r  aclk (IN)
                         net (fo=36115, unset)        0.626     0.626    u_iv_top/u_bs_datapath/u_sqrt_T/aclk
    SLICE_X84Y80         FDCE                                         r  u_iv_top/u_bs_datapath/u_sqrt_T/sqrt_stage[21].val_pipe_reg[22][40]/C
  -------------------------------------------------------------------    -------------------
    SLICE_X84Y80         FDCE (Prop_fdce_C_Q)         0.164     0.790 r  u_iv_top/u_bs_datapath/u_sqrt_T/sqrt_stage[21].val_pipe_reg[22][40]/Q
                         net (fo=4, routed)           0.158     0.948    u_iv_top/u_bs_datapath/u_sqrt_T/sqrt_stage[21].val_pipe_reg_n_0_[22][40]
    SLICE_X83Y80         CARRY4 (Prop_carry4_DI[0]_O[1])
                                                      0.124     1.072 r  u_iv_top/u_bs_datapath/u_sqrt_T/sqrt_stage[22].val_pipe_reg[23][43]_i_1/O[1]
                         net (fo=1, routed)           0.000     1.072    u_iv_top/u_bs_datapath/u_sqrt_T/sqrt_stage[22].val_pipe_reg[23][43]_i_1_n_6
    SLICE_X83Y80         FDCE                                         r  u_iv_top/u_bs_datapath/u_sqrt_T/sqrt_stage[22].val_pipe_reg[23][41]/D
  -------------------------------------------------------------------    -------------------

                         (clock aclk rise edge)       0.000     0.000 r  
                                                      0.000     0.000 r  aclk (IN)
                         net (fo=36115, unset)        0.896     0.896    u_iv_top/u_bs_datapath/u_sqrt_T/aclk
    SLICE_X83Y80         FDCE                                         r  u_iv_top/u_bs_datapath/u_sqrt_T/sqrt_stage[22].val_pipe_reg[23][41]/C
                         clock pessimism             -0.008     0.888    
    SLICE_X83Y80         FDCE (Hold_fdce_C_D)         0.105     0.993    u_iv_top/u_bs_datapath/u_sqrt_T/sqrt_stage[22].val_pipe_reg[23][41]
  -------------------------------------------------------------------
                         required time                         -0.993    
                         arrival time                           1.072    
  -------------------------------------------------------------------
                         slack                                  0.079    

Slack (MET) :             0.082ns  (arrival time - required time)
  Source:                 u_iv_top/u_bs_datapath/u_sqrt_T/sqrt_stage[13].res_pipe_reg[14][22]/C
                            (rising edge-triggered cell FDCE clocked by aclk  {rise@0.000ns fall@4.000ns period=8.000ns})
  Destination:            u_iv_top/u_bs_datapath/u_sqrt_T/sqrt_stage[14].val_pipe_reg[15][36]/D
                            (rising edge-triggered cell FDCE clocked by aclk  {rise@0.000ns fall@4.000ns period=8.000ns})
  Path Group:             aclk
  Path Type:              Hold (Min at Fast Process Corner)
  Requirement:            0.000ns  (aclk rise@0.000ns - aclk rise@0.000ns)
  Data Path Delay:        0.483ns  (logic 0.291ns (60.283%)  route 0.192ns (39.717%))
  Logic Levels:           2  (CARRY4=1 LUT3=1)
  Clock Path Skew:        0.267ns (DCD - SCD - CPR)
    Destination Clock Delay (DCD):    0.906ns
    Source Clock Delay      (SCD):    0.631ns
    Clock Pessimism Removal (CPR):    0.008ns

    Location             Delay type                Incr(ns)  Path(ns)    Netlist Resource(s)
  -------------------------------------------------------------------    -------------------
                         (clock aclk rise edge)       0.000     0.000 r  
                                                      0.000     0.000 r  aclk (IN)
                         net (fo=36115, unset)        0.631     0.631    u_iv_top/u_bs_datapath/u_sqrt_T/aclk
    SLICE_X82Y89         FDCE                                         r  u_iv_top/u_bs_datapath/u_sqrt_T/sqrt_stage[13].res_pipe_reg[14][22]/C
  -------------------------------------------------------------------    -------------------
    SLICE_X82Y89         FDCE (Prop_fdce_C_Q)         0.128     0.759 r  u_iv_top/u_bs_datapath/u_sqrt_T/sqrt_stage[13].res_pipe_reg[14][22]/Q
                         net (fo=4, routed)           0.192     0.951    u_iv_top/u_bs_datapath/u_sqrt_T/sqrt_stage[13].res_pipe_reg[14]_39[22]
    SLICE_X84Y90         LUT3 (Prop_lut3_I1_O)        0.098     1.049 r  u_iv_top/u_bs_datapath/u_sqrt_T/sqrt_stage[14].val_pipe[15][37]_i_3/O
                         net (fo=1, routed)           0.000     1.049    u_iv_top/u_bs_datapath/u_sqrt_T/sqrt_stage[14].val_pipe[15][37]_i_3_n_0
    SLICE_X84Y90         CARRY4 (Prop_carry4_S[2]_O[2])
                                                      0.065     1.114 r  u_iv_top/u_bs_datapath/u_sqrt_T/sqrt_stage[14].val_pipe_reg[15][37]_i_1/O[2]
                         net (fo=1, routed)           0.000     1.114    u_iv_top/u_bs_datapath/u_sqrt_T/sqrt_stage[14].val_pipe_reg[15][37]_i_1_n_5
    SLICE_X84Y90         FDCE                                         r  u_iv_top/u_bs_datapath/u_sqrt_T/sqrt_stage[14].val_pipe_reg[15][36]/D
  -------------------------------------------------------------------    -------------------

                         (clock aclk rise edge)       0.000     0.000 r  
                                                      0.000     0.000 r  aclk (IN)
                         net (fo=36115, unset)        0.906     0.906    u_iv_top/u_bs_datapath/u_sqrt_T/aclk
    SLICE_X84Y90         FDCE                                         r  u_iv_top/u_bs_datapath/u_sqrt_T/sqrt_stage[14].val_pipe_reg[15][36]/C
                         clock pessimism             -0.008     0.898    
    SLICE_X84Y90         FDCE (Hold_fdce_C_D)         0.134     1.032    u_iv_top/u_bs_datapath/u_sqrt_T/sqrt_stage[14].val_pipe_reg[15][36]
  -------------------------------------------------------------------
                         required time                         -1.032    
                         arrival time                           1.114    
  -------------------------------------------------------------------
                         slack                                  0.082    





Pulse Width Checks
--------------------------------------------------------------------------------------
Clock Name:         aclk
Waveform(ns):       { 0.000 4.000 }
Period(ns):         8.000
Sources:            { aclk }

Check Type        Corner  Lib Pin      Reference Pin  Required(ns)  Actual(ns)  Slack(ns)  Location      Pin
Min Period        n/a     DSP48E1/CLK  n/a            1.590         8.000       6.410      DSP48_X3Y35   u_iv_top/u_bs_datapath/d1_den_2a1__0/CLK
Min Period        n/a     DSP48E1/CLK  n/a            1.590         8.000       6.410      DSP48_X3Y33   u_iv_top/u_bs_datapath/d1_den_2a1__2/CLK
Min Period        n/a     DSP48E1/CLK  n/a            1.590         8.000       6.410      DSP48_X2Y23   u_iv_top/u_bs_datapath/knd2_5a1__0/CLK
Min Period        n/a     DSP48E1/CLK  n/a            1.590         8.000       6.410      DSP48_X2Y25   u_iv_top/u_bs_datapath/knd2_5a1__2/CLK
Min Period        n/a     DSP48E1/CLK  n/a            1.590         8.000       6.410      DSP48_X4Y29   u_iv_top/u_bs_datapath/term1_5a1__0/CLK
Min Period        n/a     DSP48E1/CLK  n/a            1.590         8.000       6.410      DSP48_X4Y31   u_iv_top/u_bs_datapath/term1_5a1__2/CLK
Min Period        n/a     DSP48E1/CLK  n/a            1.590         8.000       6.410      DSP48_X0Y29   u_iv_top/u_bs_datapath/term2_5d1__0/CLK
Min Period        n/a     DSP48E1/CLK  n/a            1.590         8.000       6.410      DSP48_X0Y31   u_iv_top/u_bs_datapath/term2_5d1__2/CLK
Min Period        n/a     DSP48E1/CLK  n/a            1.590         8.000       6.410      DSP48_X6Y23   u_iv_top/u_bs_datapath/u_norm_d1/phi_2f1__0/CLK
Min Period        n/a     DSP48E1/CLK  n/a            1.590         8.000       6.410      DSP48_X6Y31   u_iv_top/u_bs_datapath/u_norm_d1/phi_poly_4b1__0/CLK
Low Pulse Width   Slow    RAMD64E/CLK  n/a            1.050         4.000       2.950      SLICE_X62Y64  u_iv_top/ctx_C_reg_0_63_0_2/RAMA/CLK
Low Pulse Width   Fast    RAMD64E/CLK  n/a            1.050         4.000       2.950      SLICE_X62Y64  u_iv_top/ctx_C_reg_0_63_0_2/RAMA/CLK
Low Pulse Width   Slow    RAMD64E/CLK  n/a            1.050         4.000       2.950      SLICE_X62Y64  u_iv_top/ctx_C_reg_0_63_0_2/RAMB/CLK
Low Pulse Width   Fast    RAMD64E/CLK  n/a            1.050         4.000       2.950      SLICE_X62Y64  u_iv_top/ctx_C_reg_0_63_0_2/RAMB/CLK
Low Pulse Width   Slow    RAMD64E/CLK  n/a            1.050         4.000       2.950      SLICE_X62Y64  u_iv_top/ctx_C_reg_0_63_0_2/RAMC/CLK
Low Pulse Width   Fast    RAMD64E/CLK  n/a            1.050         4.000       2.950      SLICE_X62Y64  u_iv_top/ctx_C_reg_0_63_0_2/RAMC/CLK
Low Pulse Width   Slow    RAMD64E/CLK  n/a            1.050         4.000       2.950      SLICE_X62Y64  u_iv_top/ctx_C_reg_0_63_0_2/RAMD/CLK
Low Pulse Width   Fast    RAMD64E/CLK  n/a            1.050         4.000       2.950      SLICE_X62Y64  u_iv_top/ctx_C_reg_0_63_0_2/RAMD/CLK
Low Pulse Width   Slow    RAMD64E/CLK  n/a            1.050         4.000       2.950      SLICE_X60Y73  u_iv_top/ctx_C_reg_0_63_12_14/RAMA/CLK
Low Pulse Width   Fast    RAMD64E/CLK  n/a            1.050         4.000       2.950      SLICE_X60Y73  u_iv_top/ctx_C_reg_0_63_12_14/RAMA/CLK
High Pulse Width  Slow    RAMD64E/CLK  n/a            1.050         4.000       2.950      SLICE_X62Y64  u_iv_top/ctx_C_reg_0_63_0_2/RAMA/CLK
High Pulse Width  Fast    RAMD64E/CLK  n/a            1.050         4.000       2.950      SLICE_X62Y64  u_iv_top/ctx_C_reg_0_63_0_2/RAMA/CLK
High Pulse Width  Slow    RAMD64E/CLK  n/a            1.050         4.000       2.950      SLICE_X62Y64  u_iv_top/ctx_C_reg_0_63_0_2/RAMB/CLK
High Pulse Width  Fast    RAMD64E/CLK  n/a            1.050         4.000       2.950      SLICE_X62Y64  u_iv_top/ctx_C_reg_0_63_0_2/RAMB/CLK
High Pulse Width  Slow    RAMD64E/CLK  n/a            1.050         4.000       2.950      SLICE_X62Y64  u_iv_top/ctx_C_reg_0_63_0_2/RAMC/CLK
High Pulse Width  Fast    RAMD64E/CLK  n/a            1.050         4.000       2.950      SLICE_X62Y64  u_iv_top/ctx_C_reg_0_63_0_2/RAMC/CLK
High Pulse Width  Slow    RAMD64E/CLK  n/a            1.050         4.000       2.950      SLICE_X62Y64  u_iv_top/ctx_C_reg_0_63_0_2/RAMD/CLK
High Pulse Width  Fast    RAMD64E/CLK  n/a            1.050         4.000       2.950      SLICE_X62Y64  u_iv_top/ctx_C_reg_0_63_0_2/RAMD/CLK
High Pulse Width  Slow    RAMD64E/CLK  n/a            1.050         4.000       2.950      SLICE_X60Y73  u_iv_top/ctx_C_reg_0_63_12_14/RAMA/CLK
High Pulse Width  Fast    RAMD64E/CLK  n/a            1.050         4.000       2.950      SLICE_X60Y73  u_iv_top/ctx_C_reg_0_63_12_14/RAMA/CLK



--------------------------------------------------------------------------------------
Path Group:  (none)
From Clock:  
  To Clock:  aclk

Max Delay         33726 Endpoints
Min Delay         33726 Endpoints
--------------------------------------------------------------------------------------


Max Delay Paths
--------------------------------------------------------------------------------------
Slack:                    inf
  Source:                 aresetn
                            (input port)
  Destination:            u_iv_top/u_bs_datapath/u_norm_d1/x2_half1_reg[19]/CLR
                            (recovery check against rising-edge clock aclk  {rise@0.000ns fall@4.000ns period=8.000ns})
  Path Group:             (none)
  Path Type:              Recovery (Max at Slow Process Corner)
  Data Path Delay:        9.444ns  (logic 0.097ns (1.027%)  route 9.347ns (98.973%))
  Logic Levels:           1  (LUT1=1)
  Clock Path Skew:        1.476ns (DCD - SCD + CPR)
    Destination Clock Delay (DCD):    1.476ns
    Source Clock Delay      (SCD):    0.000ns
    Clock Pessimism Removal (CPR):    0.000ns
  Clock Uncertainty:      0.025ns  ((TSJ^2 + TIJ^2)^1/2 + DJ) / 2 + PE
    Total System Jitter     (TSJ):    0.050ns
    Total Input Jitter      (TIJ):    0.000ns
    Discrete Jitter          (DJ):    0.000ns
    Phase Error              (PE):    0.000ns
  Timing Exception:       False Path

    Location             Delay type                Incr(ns)  Path(ns)    Netlist Resource(s)
  -------------------------------------------------------------------    -------------------
                                                      0.000     0.000 r  aresetn (IN)
                         net (fo=4, unset)            0.704     0.704    u_iv_top/u_bs_datapath/u_norm_d1/u_t_divider/aresetn
    SLICE_X4Y158         LUT1 (Prop_lut1_I0_O)        0.097     0.801 f  u_iv_top/u_bs_datapath/u_norm_d1/u_t_divider/div_stage[6].den_pipe[7][31]_i_1/O
                         net (fo=23998, routed)       8.643     9.444    u_iv_top/u_bs_datapath/u_norm_d1/aresetn_0
    SLICE_X144Y27        FDCE                                         f  u_iv_top/u_bs_datapath/u_norm_d1/x2_half1_reg[19]/CLR
  -------------------------------------------------------------------    -------------------

                         (clock aclk rise edge)       0.000     0.000 r  
                                                      0.000     0.000 r  aclk (IN)
                         net (fo=36115, unset)        1.476     1.476    u_iv_top/u_bs_datapath/u_norm_d1/aclk
    SLICE_X144Y27        FDCE                                         r  u_iv_top/u_bs_datapath/u_norm_d1/x2_half1_reg[19]/C

Slack:                    inf
  Source:                 aresetn
                            (input port)
  Destination:            u_iv_top/u_bs_datapath/u_norm_d1/x2_half1_reg[20]/CLR
                            (recovery check against rising-edge clock aclk  {rise@0.000ns fall@4.000ns period=8.000ns})
  Path Group:             (none)
  Path Type:              Recovery (Max at Slow Process Corner)
  Data Path Delay:        9.444ns  (logic 0.097ns (1.027%)  route 9.347ns (98.973%))
  Logic Levels:           1  (LUT1=1)
  Clock Path Skew:        1.476ns (DCD - SCD + CPR)
    Destination Clock Delay (DCD):    1.476ns
    Source Clock Delay      (SCD):    0.000ns
    Clock Pessimism Removal (CPR):    0.000ns
  Clock Uncertainty:      0.025ns  ((TSJ^2 + TIJ^2)^1/2 + DJ) / 2 + PE
    Total System Jitter     (TSJ):    0.050ns
    Total Input Jitter      (TIJ):    0.000ns
    Discrete Jitter          (DJ):    0.000ns
    Phase Error              (PE):    0.000ns
  Timing Exception:       False Path

    Location             Delay type                Incr(ns)  Path(ns)    Netlist Resource(s)
  -------------------------------------------------------------------    -------------------
                                                      0.000     0.000 r  aresetn (IN)
                         net (fo=4, unset)            0.704     0.704    u_iv_top/u_bs_datapath/u_norm_d1/u_t_divider/aresetn
    SLICE_X4Y158         LUT1 (Prop_lut1_I0_O)        0.097     0.801 f  u_iv_top/u_bs_datapath/u_norm_d1/u_t_divider/div_stage[6].den_pipe[7][31]_i_1/O
                         net (fo=23998, routed)       8.643     9.444    u_iv_top/u_bs_datapath/u_norm_d1/aresetn_0
    SLICE_X144Y27        FDCE                                         f  u_iv_top/u_bs_datapath/u_norm_d1/x2_half1_reg[20]/CLR
  -------------------------------------------------------------------    -------------------

                         (clock aclk rise edge)       0.000     0.000 r  
                                                      0.000     0.000 r  aclk (IN)
                         net (fo=36115, unset)        1.476     1.476    u_iv_top/u_bs_datapath/u_norm_d1/aclk
    SLICE_X144Y27        FDCE                                         r  u_iv_top/u_bs_datapath/u_norm_d1/x2_half1_reg[20]/C

Slack:                    inf
  Source:                 aresetn
                            (input port)
  Destination:            u_iv_top/u_bs_datapath/u_norm_d1/x2_half1_reg[21]/CLR
                            (recovery check against rising-edge clock aclk  {rise@0.000ns fall@4.000ns period=8.000ns})
  Path Group:             (none)
  Path Type:              Recovery (Max at Slow Process Corner)
  Data Path Delay:        9.444ns  (logic 0.097ns (1.027%)  route 9.347ns (98.973%))
  Logic Levels:           1  (LUT1=1)
  Clock Path Skew:        1.476ns (DCD - SCD + CPR)
    Destination Clock Delay (DCD):    1.476ns
    Source Clock Delay      (SCD):    0.000ns
    Clock Pessimism Removal (CPR):    0.000ns
  Clock Uncertainty:      0.025ns  ((TSJ^2 + TIJ^2)^1/2 + DJ) / 2 + PE
    Total System Jitter     (TSJ):    0.050ns
    Total Input Jitter      (TIJ):    0.000ns
    Discrete Jitter          (DJ):    0.000ns
    Phase Error              (PE):    0.000ns
  Timing Exception:       False Path

    Location             Delay type                Incr(ns)  Path(ns)    Netlist Resource(s)
  -------------------------------------------------------------------    -------------------
                                                      0.000     0.000 r  aresetn (IN)
                         net (fo=4, unset)            0.704     0.704    u_iv_top/u_bs_datapath/u_norm_d1/u_t_divider/aresetn
    SLICE_X4Y158         LUT1 (Prop_lut1_I0_O)        0.097     0.801 f  u_iv_top/u_bs_datapath/u_norm_d1/u_t_divider/div_stage[6].den_pipe[7][31]_i_1/O
                         net (fo=23998, routed)       8.643     9.444    u_iv_top/u_bs_datapath/u_norm_d1/aresetn_0
    SLICE_X144Y27        FDCE                                         f  u_iv_top/u_bs_datapath/u_norm_d1/x2_half1_reg[21]/CLR
  -------------------------------------------------------------------    -------------------

                         (clock aclk rise edge)       0.000     0.000 r  
                                                      0.000     0.000 r  aclk (IN)
                         net (fo=36115, unset)        1.476     1.476    u_iv_top/u_bs_datapath/u_norm_d1/aclk
    SLICE_X144Y27        FDCE                                         r  u_iv_top/u_bs_datapath/u_norm_d1/x2_half1_reg[21]/C

Slack:                    inf
  Source:                 aresetn
                            (input port)
  Destination:            u_iv_top/u_bs_datapath/u_norm_d1/x2_half1_reg[22]/CLR
                            (recovery check against rising-edge clock aclk  {rise@0.000ns fall@4.000ns period=8.000ns})
  Path Group:             (none)
  Path Type:              Recovery (Max at Slow Process Corner)
  Data Path Delay:        9.444ns  (logic 0.097ns (1.027%)  route 9.347ns (98.973%))
  Logic Levels:           1  (LUT1=1)
  Clock Path Skew:        1.476ns (DCD - SCD + CPR)
    Destination Clock Delay (DCD):    1.476ns
    Source Clock Delay      (SCD):    0.000ns
    Clock Pessimism Removal (CPR):    0.000ns
  Clock Uncertainty:      0.025ns  ((TSJ^2 + TIJ^2)^1/2 + DJ) / 2 + PE
    Total System Jitter     (TSJ):    0.050ns
    Total Input Jitter      (TIJ):    0.000ns
    Discrete Jitter          (DJ):    0.000ns
    Phase Error              (PE):    0.000ns
  Timing Exception:       False Path

    Location             Delay type                Incr(ns)  Path(ns)    Netlist Resource(s)
  -------------------------------------------------------------------    -------------------
                                                      0.000     0.000 r  aresetn (IN)
                         net (fo=4, unset)            0.704     0.704    u_iv_top/u_bs_datapath/u_norm_d1/u_t_divider/aresetn
    SLICE_X4Y158         LUT1 (Prop_lut1_I0_O)        0.097     0.801 f  u_iv_top/u_bs_datapath/u_norm_d1/u_t_divider/div_stage[6].den_pipe[7][31]_i_1/O
                         net (fo=23998, routed)       8.643     9.444    u_iv_top/u_bs_datapath/u_norm_d1/aresetn_0
    SLICE_X144Y27        FDCE                                         f  u_iv_top/u_bs_datapath/u_norm_d1/x2_half1_reg[22]/CLR
  -------------------------------------------------------------------    -------------------

                         (clock aclk rise edge)       0.000     0.000 r  
                                                      0.000     0.000 r  aclk (IN)
                         net (fo=36115, unset)        1.476     1.476    u_iv_top/u_bs_datapath/u_norm_d1/aclk
    SLICE_X144Y27        FDCE                                         r  u_iv_top/u_bs_datapath/u_norm_d1/x2_half1_reg[22]/C

Slack:                    inf
  Source:                 aresetn
                            (input port)
  Destination:            u_iv_top/u_bs_datapath/u_norm_d1/meta_delay_gen[10].abs_x_delay_reg[11][1]/CLR
                            (recovery check against rising-edge clock aclk  {rise@0.000ns fall@4.000ns period=8.000ns})
  Path Group:             (none)
  Path Type:              Recovery (Max at Slow Process Corner)
  Data Path Delay:        9.437ns  (logic 0.097ns (1.028%)  route 9.340ns (98.972%))
  Logic Levels:           1  (LUT1=1)
  Clock Path Skew:        1.418ns (DCD - SCD + CPR)
    Destination Clock Delay (DCD):    1.418ns
    Source Clock Delay      (SCD):    0.000ns
    Clock Pessimism Removal (CPR):    0.000ns
  Clock Uncertainty:      0.025ns  ((TSJ^2 + TIJ^2)^1/2 + DJ) / 2 + PE
    Total System Jitter     (TSJ):    0.050ns
    Total Input Jitter      (TIJ):    0.000ns
    Discrete Jitter          (DJ):    0.000ns
    Phase Error              (PE):    0.000ns
  Timing Exception:       False Path

    Location             Delay type                Incr(ns)  Path(ns)    Netlist Resource(s)
  -------------------------------------------------------------------    -------------------
                                                      0.000     0.000 r  aresetn (IN)
                         net (fo=4, unset)            0.704     0.704    u_iv_top/u_bs_datapath/u_norm_d1/u_t_divider/aresetn
    SLICE_X4Y158         LUT1 (Prop_lut1_I0_O)        0.097     0.801 f  u_iv_top/u_bs_datapath/u_norm_d1/u_t_divider/div_stage[6].den_pipe[7][31]_i_1/O
                         net (fo=23998, routed)       8.636     9.437    u_iv_top/u_bs_datapath/u_norm_d1/aresetn_0
    SLICE_X118Y24        FDCE                                         f  u_iv_top/u_bs_datapath/u_norm_d1/meta_delay_gen[10].abs_x_delay_reg[11][1]/CLR
  -------------------------------------------------------------------    -------------------

                         (clock aclk rise edge)       0.000     0.000 r  
                                                      0.000     0.000 r  aclk (IN)
                         net (fo=36115, unset)        1.418     1.418    u_iv_top/u_bs_datapath/u_norm_d1/aclk
    SLICE_X118Y24        FDCE                                         r  u_iv_top/u_bs_datapath/u_norm_d1/meta_delay_gen[10].abs_x_delay_reg[11][1]/C

Slack:                    inf
  Source:                 aresetn
                            (input port)
  Destination:            u_iv_top/u_bs_datapath/u_norm_d1/meta_delay_gen[11].abs_x_delay_reg[12][1]/CLR
                            (recovery check against rising-edge clock aclk  {rise@0.000ns fall@4.000ns period=8.000ns})
  Path Group:             (none)
  Path Type:              Recovery (Max at Slow Process Corner)
  Data Path Delay:        9.437ns  (logic 0.097ns (1.028%)  route 9.340ns (98.972%))
  Logic Levels:           1  (LUT1=1)
  Clock Path Skew:        1.418ns (DCD - SCD + CPR)
    Destination Clock Delay (DCD):    1.418ns
    Source Clock Delay      (SCD):    0.000ns
    Clock Pessimism Removal (CPR):    0.000ns
  Clock Uncertainty:      0.025ns  ((TSJ^2 + TIJ^2)^1/2 + DJ) / 2 + PE
    Total System Jitter     (TSJ):    0.050ns
    Total Input Jitter      (TIJ):    0.000ns
    Discrete Jitter          (DJ):    0.000ns
    Phase Error              (PE):    0.000ns
  Timing Exception:       False Path

    Location             Delay type                Incr(ns)  Path(ns)    Netlist Resource(s)
  -------------------------------------------------------------------    -------------------
                                                      0.000     0.000 r  aresetn (IN)
                         net (fo=4, unset)            0.704     0.704    u_iv_top/u_bs_datapath/u_norm_d1/u_t_divider/aresetn
    SLICE_X4Y158         LUT1 (Prop_lut1_I0_O)        0.097     0.801 f  u_iv_top/u_bs_datapath/u_norm_d1/u_t_divider/div_stage[6].den_pipe[7][31]_i_1/O
                         net (fo=23998, routed)       8.636     9.437    u_iv_top/u_bs_datapath/u_norm_d1/aresetn_0
    SLICE_X118Y24        FDCE                                         f  u_iv_top/u_bs_datapath/u_norm_d1/meta_delay_gen[11].abs_x_delay_reg[12][1]/CLR
  -------------------------------------------------------------------    -------------------

                         (clock aclk rise edge)       0.000     0.000 r  
                                                      0.000     0.000 r  aclk (IN)
                         net (fo=36115, unset)        1.418     1.418    u_iv_top/u_bs_datapath/u_norm_d1/aclk
    SLICE_X118Y24        FDCE                                         r  u_iv_top/u_bs_datapath/u_norm_d1/meta_delay_gen[11].abs_x_delay_reg[12][1]/C

Slack:                    inf
  Source:                 aresetn
                            (input port)
  Destination:            u_iv_top/u_bs_datapath/u_norm_d1/meta_delay_gen[12].abs_x_delay_reg[13][1]/CLR
                            (recovery check against rising-edge clock aclk  {rise@0.000ns fall@4.000ns period=8.000ns})
  Path Group:             (none)
  Path Type:              Recovery (Max at Slow Process Corner)
  Data Path Delay:        9.437ns  (logic 0.097ns (1.028%)  route 9.340ns (98.972%))
  Logic Levels:           1  (LUT1=1)
  Clock Path Skew:        1.418ns (DCD - SCD + CPR)
    Destination Clock Delay (DCD):    1.418ns
    Source Clock Delay      (SCD):    0.000ns
    Clock Pessimism Removal (CPR):    0.000ns
  Clock Uncertainty:      0.025ns  ((TSJ^2 + TIJ^2)^1/2 + DJ) / 2 + PE
    Total System Jitter     (TSJ):    0.050ns
    Total Input Jitter      (TIJ):    0.000ns
    Discrete Jitter          (DJ):    0.000ns
    Phase Error              (PE):    0.000ns
  Timing Exception:       False Path

    Location             Delay type                Incr(ns)  Path(ns)    Netlist Resource(s)
  -------------------------------------------------------------------    -------------------
                                                      0.000     0.000 r  aresetn (IN)
                         net (fo=4, unset)            0.704     0.704    u_iv_top/u_bs_datapath/u_norm_d1/u_t_divider/aresetn
    SLICE_X4Y158         LUT1 (Prop_lut1_I0_O)        0.097     0.801 f  u_iv_top/u_bs_datapath/u_norm_d1/u_t_divider/div_stage[6].den_pipe[7][31]_i_1/O
                         net (fo=23998, routed)       8.636     9.437    u_iv_top/u_bs_datapath/u_norm_d1/aresetn_0
    SLICE_X118Y24        FDCE                                         f  u_iv_top/u_bs_datapath/u_norm_d1/meta_delay_gen[12].abs_x_delay_reg[13][1]/CLR
  -------------------------------------------------------------------    -------------------

                         (clock aclk rise edge)       0.000     0.000 r  
                                                      0.000     0.000 r  aclk (IN)
                         net (fo=36115, unset)        1.418     1.418    u_iv_top/u_bs_datapath/u_norm_d1/aclk
    SLICE_X118Y24        FDCE                                         r  u_iv_top/u_bs_datapath/u_norm_d1/meta_delay_gen[12].abs_x_delay_reg[13][1]/C

Slack:                    inf
  Source:                 aresetn
                            (input port)
  Destination:            u_iv_top/u_bs_datapath/u_norm_d1/meta_delay_gen[13].abs_x_delay_reg[14][1]/CLR
                            (recovery check against rising-edge clock aclk  {rise@0.000ns fall@4.000ns period=8.000ns})
  Path Group:             (none)
  Path Type:              Recovery (Max at Slow Process Corner)
  Data Path Delay:        9.437ns  (logic 0.097ns (1.028%)  route 9.340ns (98.972%))
  Logic Levels:           1  (LUT1=1)
  Clock Path Skew:        1.418ns (DCD - SCD + CPR)
    Destination Clock Delay (DCD):    1.418ns
    Source Clock Delay      (SCD):    0.000ns
    Clock Pessimism Removal (CPR):    0.000ns
  Clock Uncertainty:      0.025ns  ((TSJ^2 + TIJ^2)^1/2 + DJ) / 2 + PE
    Total System Jitter     (TSJ):    0.050ns
    Total Input Jitter      (TIJ):    0.000ns
    Discrete Jitter          (DJ):    0.000ns
    Phase Error              (PE):    0.000ns
  Timing Exception:       False Path

    Location             Delay type                Incr(ns)  Path(ns)    Netlist Resource(s)
  -------------------------------------------------------------------    -------------------
                                                      0.000     0.000 r  aresetn (IN)
                         net (fo=4, unset)            0.704     0.704    u_iv_top/u_bs_datapath/u_norm_d1/u_t_divider/aresetn
    SLICE_X4Y158         LUT1 (Prop_lut1_I0_O)        0.097     0.801 f  u_iv_top/u_bs_datapath/u_norm_d1/u_t_divider/div_stage[6].den_pipe[7][31]_i_1/O
                         net (fo=23998, routed)       8.636     9.437    u_iv_top/u_bs_datapath/u_norm_d1/aresetn_0
    SLICE_X118Y24        FDCE                                         f  u_iv_top/u_bs_datapath/u_norm_d1/meta_delay_gen[13].abs_x_delay_reg[14][1]/CLR
  -------------------------------------------------------------------    -------------------

                         (clock aclk rise edge)       0.000     0.000 r  
                                                      0.000     0.000 r  aclk (IN)
                         net (fo=36115, unset)        1.418     1.418    u_iv_top/u_bs_datapath/u_norm_d1/aclk
    SLICE_X118Y24        FDCE                                         r  u_iv_top/u_bs_datapath/u_norm_d1/meta_delay_gen[13].abs_x_delay_reg[14][1]/C

Slack:                    inf
  Source:                 aresetn
                            (input port)
  Destination:            u_iv_top/u_bs_datapath/u_norm_d1/meta_delay_gen[14].abs_x_delay_reg[15][1]/CLR
                            (recovery check against rising-edge clock aclk  {rise@0.000ns fall@4.000ns period=8.000ns})
  Path Group:             (none)
  Path Type:              Recovery (Max at Slow Process Corner)
  Data Path Delay:        9.437ns  (logic 0.097ns (1.028%)  route 9.340ns (98.972%))
  Logic Levels:           1  (LUT1=1)
  Clock Path Skew:        1.418ns (DCD - SCD + CPR)
    Destination Clock Delay (DCD):    1.418ns
    Source Clock Delay      (SCD):    0.000ns
    Clock Pessimism Removal (CPR):    0.000ns
  Clock Uncertainty:      0.025ns  ((TSJ^2 + TIJ^2)^1/2 + DJ) / 2 + PE
    Total System Jitter     (TSJ):    0.050ns
    Total Input Jitter      (TIJ):    0.000ns
    Discrete Jitter          (DJ):    0.000ns
    Phase Error              (PE):    0.000ns
  Timing Exception:       False Path

    Location             Delay type                Incr(ns)  Path(ns)    Netlist Resource(s)
  -------------------------------------------------------------------    -------------------
                                                      0.000     0.000 r  aresetn (IN)
                         net (fo=4, unset)            0.704     0.704    u_iv_top/u_bs_datapath/u_norm_d1/u_t_divider/aresetn
    SLICE_X4Y158         LUT1 (Prop_lut1_I0_O)        0.097     0.801 f  u_iv_top/u_bs_datapath/u_norm_d1/u_t_divider/div_stage[6].den_pipe[7][31]_i_1/O
                         net (fo=23998, routed)       8.636     9.437    u_iv_top/u_bs_datapath/u_norm_d1/aresetn_0
    SLICE_X118Y24        FDCE                                         f  u_iv_top/u_bs_datapath/u_norm_d1/meta_delay_gen[14].abs_x_delay_reg[15][1]/CLR
  -------------------------------------------------------------------    -------------------

                         (clock aclk rise edge)       0.000     0.000 r  
                                                      0.000     0.000 r  aclk (IN)
                         net (fo=36115, unset)        1.418     1.418    u_iv_top/u_bs_datapath/u_norm_d1/aclk
    SLICE_X118Y24        FDCE                                         r  u_iv_top/u_bs_datapath/u_norm_d1/meta_delay_gen[14].abs_x_delay_reg[15][1]/C

Slack:                    inf
  Source:                 aresetn
                            (input port)
  Destination:            u_iv_top/u_bs_datapath/u_norm_d1/meta_delay_gen[7].abs_x_delay_reg[8][1]/CLR
                            (recovery check against rising-edge clock aclk  {rise@0.000ns fall@4.000ns period=8.000ns})
  Path Group:             (none)
  Path Type:              Recovery (Max at Slow Process Corner)
  Data Path Delay:        9.437ns  (logic 0.097ns (1.028%)  route 9.340ns (98.972%))
  Logic Levels:           1  (LUT1=1)
  Clock Path Skew:        1.418ns (DCD - SCD + CPR)
    Destination Clock Delay (DCD):    1.418ns
    Source Clock Delay      (SCD):    0.000ns
    Clock Pessimism Removal (CPR):    0.000ns
  Clock Uncertainty:      0.025ns  ((TSJ^2 + TIJ^2)^1/2 + DJ) / 2 + PE
    Total System Jitter     (TSJ):    0.050ns
    Total Input Jitter      (TIJ):    0.000ns
    Discrete Jitter          (DJ):    0.000ns
    Phase Error              (PE):    0.000ns
  Timing Exception:       False Path

    Location             Delay type                Incr(ns)  Path(ns)    Netlist Resource(s)
  -------------------------------------------------------------------    -------------------
                                                      0.000     0.000 r  aresetn (IN)
                         net (fo=4, unset)            0.704     0.704    u_iv_top/u_bs_datapath/u_norm_d1/u_t_divider/aresetn
    SLICE_X4Y158         LUT1 (Prop_lut1_I0_O)        0.097     0.801 f  u_iv_top/u_bs_datapath/u_norm_d1/u_t_divider/div_stage[6].den_pipe[7][31]_i_1/O
                         net (fo=23998, routed)       8.636     9.437    u_iv_top/u_bs_datapath/u_norm_d1/aresetn_0
    SLICE_X118Y24        FDCE                                         f  u_iv_top/u_bs_datapath/u_norm_d1/meta_delay_gen[7].abs_x_delay_reg[8][1]/CLR
  -------------------------------------------------------------------    -------------------

                         (clock aclk rise edge)       0.000     0.000 r  
                                                      0.000     0.000 r  aclk (IN)
                         net (fo=36115, unset)        1.418     1.418    u_iv_top/u_bs_datapath/u_norm_d1/aclk
    SLICE_X118Y24        FDCE                                         r  u_iv_top/u_bs_datapath/u_norm_d1/meta_delay_gen[7].abs_x_delay_reg[8][1]/C





Min Delay Paths
--------------------------------------------------------------------------------------
Slack:                    inf
  Source:                 aresetn
                            (input port)
  Destination:            fifo_mem_reg[176][37]/CE
                            (rising edge-triggered cell FDRE clocked by aclk  {rise@0.000ns fall@4.000ns period=8.000ns})
  Path Group:             (none)
  Path Type:              Hold (Min at Fast Process Corner)
  Data Path Delay:        1.100ns  (logic 0.090ns (8.183%)  route 1.010ns (91.817%))
  Logic Levels:           2  (LUT5=1 LUT6=1)
  Clock Path Skew:        0.856ns (DCD - SCD - CPR)
    Destination Clock Delay (DCD):    0.856ns
    Source Clock Delay      (SCD):    0.000ns
    Clock Pessimism Removal (CPR):    -0.000ns
  Timing Exception:       False Path

    Location             Delay type                Incr(ns)  Path(ns)    Netlist Resource(s)
  -------------------------------------------------------------------    -------------------
                                                      0.000     0.000 r  aresetn (IN)
                         net (fo=4, unset)            0.411     0.411    u_iv_top/u_arb_fsm/aresetn
    SLICE_X57Y130        LUT5 (Prop_lut5_I4_O)        0.045     0.456 r  u_iv_top/u_arb_fsm/fifo_mem[191][37]_i_3/O
                         net (fo=64, routed)          0.321     0.777    u_iv_top/u_arb_fsm/fifo_mem[191][37]_i_3_n_0
    SLICE_X55Y135        LUT6 (Prop_lut6_I5_O)        0.045     0.822 r  u_iv_top/u_arb_fsm/fifo_mem[176][37]_i_1/O
                         net (fo=38, routed)          0.278     1.100    u_iv_top_n_208
    SLICE_X56Y141        FDRE                                         r  fifo_mem_reg[176][37]/CE
  -------------------------------------------------------------------    -------------------

                         (clock aclk rise edge)       0.000     0.000 r  
                                                      0.000     0.000 r  aclk (IN)
                         net (fo=36115, unset)        0.856     0.856    aclk
    SLICE_X56Y141        FDRE                                         r  fifo_mem_reg[176][37]/C

Slack:                    inf
  Source:                 aresetn
                            (input port)
  Destination:            fifo_mem_reg[7][20]/CE
                            (rising edge-triggered cell FDRE clocked by aclk  {rise@0.000ns fall@4.000ns period=8.000ns})
  Path Group:             (none)
  Path Type:              Hold (Min at Fast Process Corner)
  Data Path Delay:        1.106ns  (logic 0.155ns (14.015%)  route 0.951ns (85.985%))
  Logic Levels:           2  (LUT5=1 LUT6=1)
  Clock Path Skew:        0.855ns (DCD - SCD - CPR)
    Destination Clock Delay (DCD):    0.855ns
    Source Clock Delay      (SCD):    0.000ns
    Clock Pessimism Removal (CPR):    -0.000ns
  Timing Exception:       False Path

    Location             Delay type                Incr(ns)  Path(ns)    Netlist Resource(s)
  -------------------------------------------------------------------    -------------------
                                                      0.000     0.000 r  aresetn (IN)
                         net (fo=4, unset)            0.411     0.411    u_iv_top/u_arb_fsm/aresetn
    SLICE_X57Y130        LUT5 (Prop_lut5_I4_O)        0.048     0.459 r  u_iv_top/u_arb_fsm/fifo_mem[63][37]_i_3/O
                         net (fo=64, routed)          0.264     0.723    u_iv_top/u_arb_fsm/fifo_mem[63][37]_i_3_n_0
    SLICE_X50Y131        LUT6 (Prop_lut6_I5_O)        0.107     0.830 r  u_iv_top/u_arb_fsm/fifo_mem[7][37]_i_1/O
                         net (fo=38, routed)          0.276     1.106    u_iv_top_n_43
    SLICE_X46Y139        FDRE                                         r  fifo_mem_reg[7][20]/CE
  -------------------------------------------------------------------    -------------------

                         (clock aclk rise edge)       0.000     0.000 r  
                                                      0.000     0.000 r  aclk (IN)
                         net (fo=36115, unset)        0.855     0.855    aclk
    SLICE_X46Y139        FDRE                                         r  fifo_mem_reg[7][20]/C

Slack:                    inf
  Source:                 aresetn
                            (input port)
  Destination:            fifo_mem_reg[7][25]/CE
                            (rising edge-triggered cell FDRE clocked by aclk  {rise@0.000ns fall@4.000ns period=8.000ns})
  Path Group:             (none)
  Path Type:              Hold (Min at Fast Process Corner)
  Data Path Delay:        1.106ns  (logic 0.155ns (14.015%)  route 0.951ns (85.985%))
  Logic Levels:           2  (LUT5=1 LUT6=1)
  Clock Path Skew:        0.855ns (DCD - SCD - CPR)
    Destination Clock Delay (DCD):    0.855ns
    Source Clock Delay      (SCD):    0.000ns
    Clock Pessimism Removal (CPR):    -0.000ns
  Timing Exception:       False Path

    Location             Delay type                Incr(ns)  Path(ns)    Netlist Resource(s)
  -------------------------------------------------------------------    -------------------
                                                      0.000     0.000 r  aresetn (IN)
                         net (fo=4, unset)            0.411     0.411    u_iv_top/u_arb_fsm/aresetn
    SLICE_X57Y130        LUT5 (Prop_lut5_I4_O)        0.048     0.459 r  u_iv_top/u_arb_fsm/fifo_mem[63][37]_i_3/O
                         net (fo=64, routed)          0.264     0.723    u_iv_top/u_arb_fsm/fifo_mem[63][37]_i_3_n_0
    SLICE_X50Y131        LUT6 (Prop_lut6_I5_O)        0.107     0.830 r  u_iv_top/u_arb_fsm/fifo_mem[7][37]_i_1/O
                         net (fo=38, routed)          0.276     1.106    u_iv_top_n_43
    SLICE_X46Y139        FDRE                                         r  fifo_mem_reg[7][25]/CE
  -------------------------------------------------------------------    -------------------

                         (clock aclk rise edge)       0.000     0.000 r  
                                                      0.000     0.000 r  aclk (IN)
                         net (fo=36115, unset)        0.855     0.855    aclk
    SLICE_X46Y139        FDRE                                         r  fifo_mem_reg[7][25]/C

Slack:                    inf
  Source:                 aresetn
                            (input port)
  Destination:            fifo_mem_reg[246][22]/CE
                            (rising edge-triggered cell FDRE clocked by aclk  {rise@0.000ns fall@4.000ns period=8.000ns})
  Path Group:             (none)
  Path Type:              Hold (Min at Fast Process Corner)
  Data Path Delay:        1.107ns  (logic 0.161ns (14.538%)  route 0.946ns (85.462%))
  Logic Levels:           2  (LUT5=1 LUT6=1)
  Clock Path Skew:        0.854ns (DCD - SCD - CPR)
    Destination Clock Delay (DCD):    0.854ns
    Source Clock Delay      (SCD):    0.000ns
    Clock Pessimism Removal (CPR):    -0.000ns
  Timing Exception:       False Path

    Location             Delay type                Incr(ns)  Path(ns)    Netlist Resource(s)
  -------------------------------------------------------------------    -------------------
                                                      0.000     0.000 r  aresetn (IN)
                         net (fo=4, unset)            0.411     0.411    u_iv_top/u_arb_fsm/aresetn
    SLICE_X59Y130        LUT5 (Prop_lut5_I4_O)        0.049     0.460 r  u_iv_top/u_arb_fsm/fifo_mem[255][37]_i_4/O
                         net (fo=64, routed)          0.404     0.864    u_iv_top/u_arb_fsm/fifo_mem[255][37]_i_4_n_0
    SLICE_X59Y140        LUT6 (Prop_lut6_I5_O)        0.112     0.976 r  u_iv_top/u_arb_fsm/fifo_mem[246][37]_i_1/O
                         net (fo=38, routed)          0.132     1.107    u_iv_top_n_173
    SLICE_X59Y140        FDRE                                         r  fifo_mem_reg[246][22]/CE
  -------------------------------------------------------------------    -------------------

                         (clock aclk rise edge)       0.000     0.000 r  
                                                      0.000     0.000 r  aclk (IN)
                         net (fo=36115, unset)        0.854     0.854    aclk
    SLICE_X59Y140        FDRE                                         r  fifo_mem_reg[246][22]/C

Slack:                    inf
  Source:                 aresetn
                            (input port)
  Destination:            fifo_mem_reg[246][34]/CE
                            (rising edge-triggered cell FDRE clocked by aclk  {rise@0.000ns fall@4.000ns period=8.000ns})
  Path Group:             (none)
  Path Type:              Hold (Min at Fast Process Corner)
  Data Path Delay:        1.107ns  (logic 0.161ns (14.538%)  route 0.946ns (85.462%))
  Logic Levels:           2  (LUT5=1 LUT6=1)
  Clock Path Skew:        0.854ns (DCD - SCD - CPR)
    Destination Clock Delay (DCD):    0.854ns
    Source Clock Delay      (SCD):    0.000ns
    Clock Pessimism Removal (CPR):    -0.000ns
  Timing Exception:       False Path

    Location             Delay type                Incr(ns)  Path(ns)    Netlist Resource(s)
  -------------------------------------------------------------------    -------------------
                                                      0.000     0.000 r  aresetn (IN)
                         net (fo=4, unset)            0.411     0.411    u_iv_top/u_arb_fsm/aresetn
    SLICE_X59Y130        LUT5 (Prop_lut5_I4_O)        0.049     0.460 r  u_iv_top/u_arb_fsm/fifo_mem[255][37]_i_4/O
                         net (fo=64, routed)          0.404     0.864    u_iv_top/u_arb_fsm/fifo_mem[255][37]_i_4_n_0
    SLICE_X59Y140        LUT6 (Prop_lut6_I5_O)        0.112     0.976 r  u_iv_top/u_arb_fsm/fifo_mem[246][37]_i_1/O
                         net (fo=38, routed)          0.132     1.107    u_iv_top_n_173
    SLICE_X59Y140        FDRE                                         r  fifo_mem_reg[246][34]/CE
  -------------------------------------------------------------------    -------------------

                         (clock aclk rise edge)       0.000     0.000 r  
                                                      0.000     0.000 r  aclk (IN)
                         net (fo=36115, unset)        0.854     0.854    aclk
    SLICE_X59Y140        FDRE                                         r  fifo_mem_reg[246][34]/C

Slack:                    inf
  Source:                 aresetn
                            (input port)
  Destination:            fifo_mem_reg[246][4]/CE
                            (rising edge-triggered cell FDRE clocked by aclk  {rise@0.000ns fall@4.000ns period=8.000ns})
  Path Group:             (none)
  Path Type:              Hold (Min at Fast Process Corner)
  Data Path Delay:        1.107ns  (logic 0.161ns (14.538%)  route 0.946ns (85.462%))
  Logic Levels:           2  (LUT5=1 LUT6=1)
  Clock Path Skew:        0.854ns (DCD - SCD - CPR)
    Destination Clock Delay (DCD):    0.854ns
    Source Clock Delay      (SCD):    0.000ns
    Clock Pessimism Removal (CPR):    -0.000ns
  Timing Exception:       False Path

    Location             Delay type                Incr(ns)  Path(ns)    Netlist Resource(s)
  -------------------------------------------------------------------    -------------------
                                                      0.000     0.000 r  aresetn (IN)
                         net (fo=4, unset)            0.411     0.411    u_iv_top/u_arb_fsm/aresetn
    SLICE_X59Y130        LUT5 (Prop_lut5_I4_O)        0.049     0.460 r  u_iv_top/u_arb_fsm/fifo_mem[255][37]_i_4/O
                         net (fo=64, routed)          0.404     0.864    u_iv_top/u_arb_fsm/fifo_mem[255][37]_i_4_n_0
    SLICE_X59Y140        LUT6 (Prop_lut6_I5_O)        0.112     0.976 r  u_iv_top/u_arb_fsm/fifo_mem[246][37]_i_1/O
                         net (fo=38, routed)          0.132     1.107    u_iv_top_n_173
    SLICE_X59Y140        FDRE                                         r  fifo_mem_reg[246][4]/CE
  -------------------------------------------------------------------    -------------------

                         (clock aclk rise edge)       0.000     0.000 r  
                                                      0.000     0.000 r  aclk (IN)
                         net (fo=36115, unset)        0.854     0.854    aclk
    SLICE_X59Y140        FDRE                                         r  fifo_mem_reg[246][4]/C

Slack:                    inf
  Source:                 aresetn
                            (input port)
  Destination:            fifo_mem_reg[155][22]/CE
                            (rising edge-triggered cell FDRE clocked by aclk  {rise@0.000ns fall@4.000ns period=8.000ns})
  Path Group:             (none)
  Path Type:              Hold (Min at Fast Process Corner)
  Data Path Delay:        1.113ns  (logic 0.090ns (8.084%)  route 1.023ns (91.916%))
  Logic Levels:           2  (LUT5=1 LUT6=1)
  Clock Path Skew:        0.857ns (DCD - SCD - CPR)
    Destination Clock Delay (DCD):    0.857ns
    Source Clock Delay      (SCD):    0.000ns
    Clock Pessimism Removal (CPR):    -0.000ns
  Timing Exception:       False Path

    Location             Delay type                Incr(ns)  Path(ns)    Netlist Resource(s)
  -------------------------------------------------------------------    -------------------
                                                      0.000     0.000 r  aresetn (IN)
                         net (fo=4, unset)            0.411     0.411    u_iv_top/u_arb_fsm/aresetn
    SLICE_X57Y130        LUT5 (Prop_lut5_I4_O)        0.045     0.456 r  u_iv_top/u_arb_fsm/fifo_mem[191][37]_i_3/O
                         net (fo=64, routed)          0.402     0.858    u_iv_top/u_arb_fsm/fifo_mem[191][37]_i_3_n_0
    SLICE_X55Y137        LUT6 (Prop_lut6_I5_O)        0.045     0.903 r  u_iv_top/u_arb_fsm/fifo_mem[155][37]_i_1/O
                         net (fo=38, routed)          0.210     1.113    u_iv_top_n_118
    SLICE_X57Y144        FDRE                                         r  fifo_mem_reg[155][22]/CE
  -------------------------------------------------------------------    -------------------

                         (clock aclk rise edge)       0.000     0.000 r  
                                                      0.000     0.000 r  aclk (IN)
                         net (fo=36115, unset)        0.857     0.857    aclk
    SLICE_X57Y144        FDRE                                         r  fifo_mem_reg[155][22]/C

Slack:                    inf
  Source:                 aresetn
                            (input port)
  Destination:            fifo_mem_reg[245][34]/CE
                            (rising edge-triggered cell FDRE clocked by aclk  {rise@0.000ns fall@4.000ns period=8.000ns})
  Path Group:             (none)
  Path Type:              Hold (Min at Fast Process Corner)
  Data Path Delay:        1.129ns  (logic 0.161ns (14.254%)  route 0.968ns (85.746%))
  Logic Levels:           2  (LUT5=1 LUT6=1)
  Clock Path Skew:        0.855ns (DCD - SCD - CPR)
    Destination Clock Delay (DCD):    0.855ns
    Source Clock Delay      (SCD):    0.000ns
    Clock Pessimism Removal (CPR):    -0.000ns
  Timing Exception:       False Path

    Location             Delay type                Incr(ns)  Path(ns)    Netlist Resource(s)
  -------------------------------------------------------------------    -------------------
                                                      0.000     0.000 r  aresetn (IN)
                         net (fo=4, unset)            0.411     0.411    u_iv_top/u_arb_fsm/aresetn
    SLICE_X59Y130        LUT5 (Prop_lut5_I4_O)        0.049     0.460 r  u_iv_top/u_arb_fsm/fifo_mem[255][37]_i_4/O
                         net (fo=64, routed)          0.482     0.941    u_iv_top/u_arb_fsm/fifo_mem[255][37]_i_4_n_0
    SLICE_X54Y138        LUT6 (Prop_lut6_I5_O)        0.112     1.053 r  u_iv_top/u_arb_fsm/fifo_mem[245][37]_i_1/O
                         net (fo=38, routed)          0.076     1.129    u_iv_top_n_163
    SLICE_X54Y138        FDRE                                         r  fifo_mem_reg[245][34]/CE
  -------------------------------------------------------------------    -------------------

                         (clock aclk rise edge)       0.000     0.000 r  
                                                      0.000     0.000 r  aclk (IN)
                         net (fo=36115, unset)        0.855     0.855    aclk
    SLICE_X54Y138        FDRE                                         r  fifo_mem_reg[245][34]/C

Slack:                    inf
  Source:                 aresetn
                            (input port)
  Destination:            fifo_mem_reg[245][4]/CE
                            (rising edge-triggered cell FDRE clocked by aclk  {rise@0.000ns fall@4.000ns period=8.000ns})
  Path Group:             (none)
  Path Type:              Hold (Min at Fast Process Corner)
  Data Path Delay:        1.129ns  (logic 0.161ns (14.254%)  route 0.968ns (85.746%))
  Logic Levels:           2  (LUT5=1 LUT6=1)
  Clock Path Skew:        0.855ns (DCD - SCD - CPR)
    Destination Clock Delay (DCD):    0.855ns
    Source Clock Delay      (SCD):    0.000ns
    Clock Pessimism Removal (CPR):    -0.000ns
  Timing Exception:       False Path

    Location             Delay type                Incr(ns)  Path(ns)    Netlist Resource(s)
  -------------------------------------------------------------------    -------------------
                                                      0.000     0.000 r  aresetn (IN)
                         net (fo=4, unset)            0.411     0.411    u_iv_top/u_arb_fsm/aresetn
    SLICE_X59Y130        LUT5 (Prop_lut5_I4_O)        0.049     0.460 r  u_iv_top/u_arb_fsm/fifo_mem[255][37]_i_4/O
                         net (fo=64, routed)          0.482     0.941    u_iv_top/u_arb_fsm/fifo_mem[255][37]_i_4_n_0
    SLICE_X54Y138        LUT6 (Prop_lut6_I5_O)        0.112     1.053 r  u_iv_top/u_arb_fsm/fifo_mem[245][37]_i_1/O
                         net (fo=38, routed)          0.076     1.129    u_iv_top_n_163
    SLICE_X54Y138        FDRE                                         r  fifo_mem_reg[245][4]/CE
  -------------------------------------------------------------------    -------------------

                         (clock aclk rise edge)       0.000     0.000 r  
                                                      0.000     0.000 r  aclk (IN)
                         net (fo=36115, unset)        0.855     0.855    aclk
    SLICE_X54Y138        FDRE                                         r  fifo_mem_reg[245][4]/C

Slack:                    inf
  Source:                 aresetn
                            (input port)
  Destination:            fifo_mem_reg[4][20]/CE
                            (rising edge-triggered cell FDRE clocked by aclk  {rise@0.000ns fall@4.000ns period=8.000ns})
  Path Group:             (none)
  Path Type:              Hold (Min at Fast Process Corner)
  Data Path Delay:        1.138ns  (logic 0.155ns (13.615%)  route 0.983ns (86.385%))
  Logic Levels:           2  (LUT5=1 LUT6=1)
  Clock Path Skew:        0.855ns (DCD - SCD - CPR)
    Destination Clock Delay (DCD):    0.855ns
    Source Clock Delay      (SCD):    0.000ns
    Clock Pessimism Removal (CPR):    -0.000ns
  Timing Exception:       False Path

    Location             Delay type                Incr(ns)  Path(ns)    Netlist Resource(s)
  -------------------------------------------------------------------    -------------------
                                                      0.000     0.000 r  aresetn (IN)
                         net (fo=4, unset)            0.411     0.411    u_iv_top/u_arb_fsm/aresetn
    SLICE_X57Y130        LUT5 (Prop_lut5_I4_O)        0.048     0.459 r  u_iv_top/u_arb_fsm/fifo_mem[63][37]_i_3/O
                         net (fo=64, routed)          0.368     0.827    u_iv_top/u_arb_fsm/fifo_mem[63][37]_i_3_n_0
    SLICE_X48Y132        LUT6 (Prop_lut6_I5_O)        0.107     0.934 r  u_iv_top/u_arb_fsm/fifo_mem[4][37]_i_1/O
                         net (fo=38, routed)          0.205     1.138    u_iv_top_n_294
    SLICE_X47Y138        FDRE                                         r  fifo_mem_reg[4][20]/CE
  -------------------------------------------------------------------    -------------------

                         (clock aclk rise edge)       0.000     0.000 r  
                                                      0.000     0.000 r  aclk (IN)
                         net (fo=36115, unset)        0.855     0.855    aclk
    SLICE_X47Y138        FDRE                                         r  fifo_mem_reg[4][20]/C





--------------------------------------------------------------------------------------
Path Group:  (none)
From Clock:  aclk
  To Clock:  

Max Delay            40 Endpoints
Min Delay            40 Endpoints
--------------------------------------------------------------------------------------


Max Delay Paths
--------------------------------------------------------------------------------------
Slack:                    inf
  Source:                 rd_ptr_reg[3]_rep__0/C
                            (rising edge-triggered cell FDCE clocked by aclk  {rise@0.000ns fall@4.000ns period=8.000ns})
  Destination:            m_axis_tdata[17]
                            (output port)
  Path Group:             (none)
  Path Type:              Max at Slow Process Corner
  Data Path Delay:        10.743ns  (logic 1.034ns (9.625%)  route 9.709ns (90.375%))
  Logic Levels:           4  (LUT6=1 MUXF7=1 MUXF8=2)
  Clock Uncertainty:      0.025ns  ((TSJ^2 + TIJ^2)^1/2 + DJ) / 2 + PE
    Total System Jitter     (TSJ):    0.050ns
    Total Input Jitter      (TIJ):    0.000ns
    Discrete Jitter          (DJ):    0.000ns
    Phase Error              (PE):    0.000ns

    Location             Delay type                Incr(ns)  Path(ns)    Netlist Resource(s)
  -------------------------------------------------------------------    -------------------
                         (clock aclk rise edge)       0.000     0.000 r  
                                                      0.000     0.000 r  aclk (IN)
                         net (fo=36115, unset)        1.265     1.265    aclk
    SLICE_X59Y128        FDCE                                         r  rd_ptr_reg[3]_rep__0/C
  -------------------------------------------------------------------    -------------------
    SLICE_X59Y128        FDCE (Prop_fdce_C_Q)         0.341     1.606 r  rd_ptr_reg[3]_rep__0/Q
                         net (fo=128, routed)         8.023     9.629    rd_ptr_reg[3]_rep__0_n_0
    SLICE_X66Y151        MUXF8 (Prop_muxf8_S_O)       0.206     9.835 r  m_axis_tdata[17]_INST_0_i_8/O
                         net (fo=1, routed)           0.982    10.817    m_axis_tdata[17]_INST_0_i_8_n_0
    SLICE_X75Y157        LUT6 (Prop_lut6_I1_O)        0.230    11.047 r  m_axis_tdata[17]_INST_0_i_3/O
                         net (fo=1, routed)           0.000    11.047    m_axis_tdata[17]_INST_0_i_3_n_0
    SLICE_X75Y157        MUXF7 (Prop_muxf7_I0_O)      0.181    11.228 r  m_axis_tdata[17]_INST_0_i_1/O
                         net (fo=1, routed)           0.000    11.228    m_axis_tdata[17]_INST_0_i_1_n_0
    SLICE_X75Y157        MUXF8 (Prop_muxf8_I0_O)      0.076    11.304 r  m_axis_tdata[17]_INST_0/O
                         net (fo=0)                   0.704    12.008    m_axis_tdata[17]
                                                                      r  m_axis_tdata[17] (OUT)
  -------------------------------------------------------------------    -------------------

Slack:                    inf
  Source:                 rd_ptr_reg[3]/C
                            (rising edge-triggered cell FDCE clocked by aclk  {rise@0.000ns fall@4.000ns period=8.000ns})
  Destination:            m_axis_tdata[30]
                            (output port)
  Path Group:             (none)
  Path Type:              Max at Slow Process Corner
  Data Path Delay:        10.603ns  (logic 1.041ns (9.818%)  route 9.562ns (90.182%))
  Logic Levels:           4  (LUT6=1 MUXF7=1 MUXF8=2)
  Clock Uncertainty:      0.025ns  ((TSJ^2 + TIJ^2)^1/2 + DJ) / 2 + PE
    Total System Jitter     (TSJ):    0.050ns
    Total Input Jitter      (TIJ):    0.000ns
    Discrete Jitter          (DJ):    0.000ns
    Phase Error              (PE):    0.000ns

    Location             Delay type                Incr(ns)  Path(ns)    Netlist Resource(s)
  -------------------------------------------------------------------    -------------------
                         (clock aclk rise edge)       0.000     0.000 r  
                                                      0.000     0.000 r  aclk (IN)
                         net (fo=36115, unset)        1.262     1.262    aclk
    SLICE_X59Y126        FDCE                                         r  rd_ptr_reg[3]/C
  -------------------------------------------------------------------    -------------------
    SLICE_X59Y126        FDCE (Prop_fdce_C_Q)         0.341     1.603 r  rd_ptr_reg[3]/Q
                         net (fo=128, routed)         7.390     8.993    rd_ptr_reg[3]
    SLICE_X43Y200        MUXF8 (Prop_muxf8_S_O)       0.200     9.193 r  m_axis_tdata[30]_INST_0_i_13/O
                         net (fo=1, routed)           1.468    10.661    m_axis_tdata[30]_INST_0_i_13_n_0
    SLICE_X48Y167        LUT6 (Prop_lut6_I3_O)        0.239    10.900 r  m_axis_tdata[30]_INST_0_i_4/O
                         net (fo=1, routed)           0.000    10.900    m_axis_tdata[30]_INST_0_i_4_n_0
    SLICE_X48Y167        MUXF7 (Prop_muxf7_I1_O)      0.186    11.086 r  m_axis_tdata[30]_INST_0_i_1/O
                         net (fo=1, routed)           0.000    11.086    m_axis_tdata[30]_INST_0_i_1_n_0
    SLICE_X48Y167        MUXF8 (Prop_muxf8_I0_O)      0.075    11.161 r  m_axis_tdata[30]_INST_0/O
                         net (fo=0)                   0.704    11.865    m_axis_tdata[30]
                                                                      r  m_axis_tdata[30] (OUT)
  -------------------------------------------------------------------    -------------------

Slack:                    inf
  Source:                 rd_ptr_reg[3]/C
                            (rising edge-triggered cell FDCE clocked by aclk  {rise@0.000ns fall@4.000ns period=8.000ns})
  Destination:            m_axis_tdata[31]
                            (output port)
  Path Group:             (none)
  Path Type:              Max at Slow Process Corner
  Data Path Delay:        10.544ns  (logic 1.015ns (9.627%)  route 9.529ns (90.373%))
  Logic Levels:           4  (LUT6=1 MUXF7=1 MUXF8=2)
  Clock Uncertainty:      0.025ns  ((TSJ^2 + TIJ^2)^1/2 + DJ) / 2 + PE
    Total System Jitter     (TSJ):    0.050ns
    Total Input Jitter      (TIJ):    0.000ns
    Discrete Jitter          (DJ):    0.000ns
    Phase Error              (PE):    0.000ns

    Location             Delay type                Incr(ns)  Path(ns)    Netlist Resource(s)
  -------------------------------------------------------------------    -------------------
                         (clock aclk rise edge)       0.000     0.000 r  
                                                      0.000     0.000 r  aclk (IN)
                         net (fo=36115, unset)        1.262     1.262    aclk
    SLICE_X59Y126        FDCE                                         r  rd_ptr_reg[3]/C
  -------------------------------------------------------------------    -------------------
    SLICE_X59Y126        FDCE (Prop_fdce_C_Q)         0.341     1.603 r  rd_ptr_reg[3]/Q
                         net (fo=128, routed)         6.974     8.577    rd_ptr_reg[3]
    SLICE_X49Y201        MUXF8 (Prop_muxf8_S_O)       0.200     8.777 r  m_axis_tdata[31]_INST_0_i_18/O
                         net (fo=1, routed)           1.850    10.628    m_axis_tdata[31]_INST_0_i_18_n_0
    SLICE_X50Y149        LUT6 (Prop_lut6_I5_O)        0.239    10.867 r  m_axis_tdata[31]_INST_0_i_5/O
                         net (fo=1, routed)           0.000    10.867    m_axis_tdata[31]_INST_0_i_5_n_0
    SLICE_X50Y149        MUXF7 (Prop_muxf7_I0_O)      0.163    11.030 r  m_axis_tdata[31]_INST_0_i_2/O
                         net (fo=1, routed)           0.000    11.030    m_axis_tdata[31]_INST_0_i_2_n_0
    SLICE_X50Y149        MUXF8 (Prop_muxf8_I1_O)      0.072    11.102 r  m_axis_tdata[31]_INST_0/O
                         net (fo=0)                   0.704    11.806    m_axis_tdata[31]
                                                                      r  m_axis_tdata[31] (OUT)
  -------------------------------------------------------------------    -------------------

Slack:                    inf
  Source:                 rd_ptr_reg[3]/C
                            (rising edge-triggered cell FDCE clocked by aclk  {rise@0.000ns fall@4.000ns period=8.000ns})
  Destination:            m_axis_tdata[35]
                            (output port)
  Path Group:             (none)
  Path Type:              Max at Slow Process Corner
  Data Path Delay:        10.226ns  (logic 1.044ns (10.209%)  route 9.182ns (89.791%))
  Logic Levels:           4  (LUT6=1 MUXF7=1 MUXF8=2)
  Clock Uncertainty:      0.025ns  ((TSJ^2 + TIJ^2)^1/2 + DJ) / 2 + PE
    Total System Jitter     (TSJ):    0.050ns
    Total Input Jitter      (TIJ):    0.000ns
    Discrete Jitter          (DJ):    0.000ns
    Phase Error              (PE):    0.000ns

    Location             Delay type                Incr(ns)  Path(ns)    Netlist Resource(s)
  -------------------------------------------------------------------    -------------------
                         (clock aclk rise edge)       0.000     0.000 r  
                                                      0.000     0.000 r  aclk (IN)
                         net (fo=36115, unset)        1.262     1.262    aclk
    SLICE_X59Y126        FDCE                                         r  rd_ptr_reg[3]/C
  -------------------------------------------------------------------    -------------------
    SLICE_X59Y126        FDCE (Prop_fdce_C_Q)         0.341     1.603 r  rd_ptr_reg[3]/Q
                         net (fo=128, routed)         7.268     8.871    rd_ptr_reg[3]
    SLICE_X49Y204        MUXF8 (Prop_muxf8_S_O)       0.200     9.071 r  m_axis_tdata[35]_INST_0_i_14/O
                         net (fo=1, routed)           1.209    10.281    m_axis_tdata[35]_INST_0_i_14_n_0
    SLICE_X57Y180        LUT6 (Prop_lut6_I5_O)        0.239    10.520 r  m_axis_tdata[35]_INST_0_i_4/O
                         net (fo=1, routed)           0.000    10.520    m_axis_tdata[35]_INST_0_i_4_n_0
    SLICE_X57Y180        MUXF7 (Prop_muxf7_I1_O)      0.188    10.708 r  m_axis_tdata[35]_INST_0_i_1/O
                         net (fo=1, routed)           0.000    10.708    m_axis_tdata[35]_INST_0_i_1_n_0
    SLICE_X57Y180        MUXF8 (Prop_muxf8_I0_O)      0.076    10.784 r  m_axis_tdata[35]_INST_0/O
                         net (fo=0)                   0.704    11.488    m_axis_tdata[35]
                                                                      r  m_axis_tdata[35] (OUT)
  -------------------------------------------------------------------    -------------------

Slack:                    inf
  Source:                 rd_ptr_reg[3]_rep__0/C
                            (rising edge-triggered cell FDCE clocked by aclk  {rise@0.000ns fall@4.000ns period=8.000ns})
  Destination:            m_axis_tdata[15]
                            (output port)
  Path Group:             (none)
  Path Type:              Max at Slow Process Corner
  Data Path Delay:        9.984ns  (logic 1.041ns (10.426%)  route 8.943ns (89.574%))
  Logic Levels:           4  (LUT6=1 MUXF7=1 MUXF8=2)
  Clock Uncertainty:      0.025ns  ((TSJ^2 + TIJ^2)^1/2 + DJ) / 2 + PE
    Total System Jitter     (TSJ):    0.050ns
    Total Input Jitter      (TIJ):    0.000ns
    Discrete Jitter          (DJ):    0.000ns
    Phase Error              (PE):    0.000ns

    Location             Delay type                Incr(ns)  Path(ns)    Netlist Resource(s)
  -------------------------------------------------------------------    -------------------
                         (clock aclk rise edge)       0.000     0.000 r  
                                                      0.000     0.000 r  aclk (IN)
                         net (fo=36115, unset)        1.265     1.265    aclk
    SLICE_X59Y128        FDCE                                         r  rd_ptr_reg[3]_rep__0/C
  -------------------------------------------------------------------    -------------------
    SLICE_X59Y128        FDCE (Prop_fdce_C_Q)         0.341     1.606 r  rd_ptr_reg[3]_rep__0/Q
                         net (fo=128, routed)         7.458     9.064    rd_ptr_reg[3]_rep__0_n_0
    SLICE_X71Y159        MUXF8 (Prop_muxf8_S_O)       0.200     9.264 r  m_axis_tdata[15]_INST_0_i_13/O
                         net (fo=1, routed)           0.782    10.045    m_axis_tdata[15]_INST_0_i_13_n_0
    SLICE_X72Y164        LUT6 (Prop_lut6_I3_O)        0.239    10.284 r  m_axis_tdata[15]_INST_0_i_4/O
                         net (fo=1, routed)           0.000    10.284    m_axis_tdata[15]_INST_0_i_4_n_0
    SLICE_X72Y164        MUXF7 (Prop_muxf7_I1_O)      0.186    10.470 r  m_axis_tdata[15]_INST_0_i_1/O
                         net (fo=1, routed)           0.000    10.470    m_axis_tdata[15]_INST_0_i_1_n_0
    SLICE_X72Y164        MUXF8 (Prop_muxf8_I0_O)      0.075    10.545 r  m_axis_tdata[15]_INST_0/O
                         net (fo=0)                   0.704    11.249    m_axis_tdata[15]
                                                                      r  m_axis_tdata[15] (OUT)
  -------------------------------------------------------------------    -------------------

Slack:                    inf
  Source:                 rd_ptr_reg[3]/C
                            (rising edge-triggered cell FDCE clocked by aclk  {rise@0.000ns fall@4.000ns period=8.000ns})
  Destination:            m_axis_tdata[32]
                            (output port)
  Path Group:             (none)
  Path Type:              Max at Slow Process Corner
  Data Path Delay:        9.451ns  (logic 1.037ns (10.972%)  route 8.414ns (89.028%))
  Logic Levels:           4  (LUT6=1 MUXF7=1 MUXF8=2)
  Clock Uncertainty:      0.025ns  ((TSJ^2 + TIJ^2)^1/2 + DJ) / 2 + PE
    Total System Jitter     (TSJ):    0.050ns
    Total Input Jitter      (TIJ):    0.000ns
    Discrete Jitter          (DJ):    0.000ns
    Phase Error              (PE):    0.000ns

    Location             Delay type                Incr(ns)  Path(ns)    Netlist Resource(s)
  -------------------------------------------------------------------    -------------------
                         (clock aclk rise edge)       0.000     0.000 r  
                                                      0.000     0.000 r  aclk (IN)
                         net (fo=36115, unset)        1.262     1.262    aclk
    SLICE_X59Y126        FDCE                                         r  rd_ptr_reg[3]/C
  -------------------------------------------------------------------    -------------------
    SLICE_X59Y126        FDCE (Prop_fdce_C_Q)         0.341     1.603 r  rd_ptr_reg[3]/Q
                         net (fo=128, routed)         6.609     8.212    rd_ptr_reg[3]
    SLICE_X50Y197        MUXF8 (Prop_muxf8_S_O)       0.200     8.412 r  m_axis_tdata[32]_INST_0_i_8/O
                         net (fo=1, routed)           1.101     9.513    m_axis_tdata[32]_INST_0_i_8_n_0
    SLICE_X41Y180        LUT6 (Prop_lut6_I1_O)        0.239     9.752 r  m_axis_tdata[32]_INST_0_i_3/O
                         net (fo=1, routed)           0.000     9.752    m_axis_tdata[32]_INST_0_i_3_n_0
    SLICE_X41Y180        MUXF7 (Prop_muxf7_I0_O)      0.181     9.933 r  m_axis_tdata[32]_INST_0_i_1/O
                         net (fo=1, routed)           0.000     9.933    m_axis_tdata[32]_INST_0_i_1_n_0
    SLICE_X41Y180        MUXF8 (Prop_muxf8_I0_O)      0.076    10.009 r  m_axis_tdata[32]_INST_0/O
                         net (fo=0)                   0.704    10.713    m_axis_tdata[32]
                                                                      r  m_axis_tdata[32] (OUT)
  -------------------------------------------------------------------    -------------------

Slack:                    inf
  Source:                 rd_ptr_reg[3]_rep__0/C
                            (rising edge-triggered cell FDCE clocked by aclk  {rise@0.000ns fall@4.000ns period=8.000ns})
  Destination:            m_axis_tdata[14]
                            (output port)
  Path Group:             (none)
  Path Type:              Max at Slow Process Corner
  Data Path Delay:        9.339ns  (logic 1.037ns (11.104%)  route 8.302ns (88.896%))
  Logic Levels:           4  (LUT6=1 MUXF7=1 MUXF8=2)
  Clock Uncertainty:      0.025ns  ((TSJ^2 + TIJ^2)^1/2 + DJ) / 2 + PE
    Total System Jitter     (TSJ):    0.050ns
    Total Input Jitter      (TIJ):    0.000ns
    Discrete Jitter          (DJ):    0.000ns
    Phase Error              (PE):    0.000ns

    Location             Delay type                Incr(ns)  Path(ns)    Netlist Resource(s)
  -------------------------------------------------------------------    -------------------
                         (clock aclk rise edge)       0.000     0.000 r  
                                                      0.000     0.000 r  aclk (IN)
                         net (fo=36115, unset)        1.265     1.265    aclk
    SLICE_X59Y128        FDCE                                         r  rd_ptr_reg[3]_rep__0/C
  -------------------------------------------------------------------    -------------------
    SLICE_X59Y128        FDCE (Prop_fdce_C_Q)         0.341     1.606 r  rd_ptr_reg[3]_rep__0/Q
                         net (fo=128, routed)         6.685     8.291    rd_ptr_reg[3]_rep__0_n_0
    SLICE_X79Y164        MUXF8 (Prop_muxf8_S_O)       0.200     8.491 r  m_axis_tdata[14]_INST_0_i_8/O
                         net (fo=1, routed)           0.913     9.404    m_axis_tdata[14]_INST_0_i_8_n_0
    SLICE_X75Y174        LUT6 (Prop_lut6_I1_O)        0.239     9.643 r  m_axis_tdata[14]_INST_0_i_3/O
                         net (fo=1, routed)           0.000     9.643    m_axis_tdata[14]_INST_0_i_3_n_0
    SLICE_X75Y174        MUXF7 (Prop_muxf7_I0_O)      0.181     9.824 r  m_axis_tdata[14]_INST_0_i_1/O
                         net (fo=1, routed)           0.000     9.824    m_axis_tdata[14]_INST_0_i_1_n_0
    SLICE_X75Y174        MUXF8 (Prop_muxf8_I0_O)      0.076     9.900 r  m_axis_tdata[14]_INST_0/O
                         net (fo=0)                   0.704    10.604    m_axis_tdata[14]
                                                                      r  m_axis_tdata[14] (OUT)
  -------------------------------------------------------------------    -------------------

Slack:                    inf
  Source:                 rd_ptr_reg[3]_rep/C
                            (rising edge-triggered cell FDCE clocked by aclk  {rise@0.000ns fall@4.000ns period=8.000ns})
  Destination:            m_axis_tdata[26]
                            (output port)
  Path Group:             (none)
  Path Type:              Max at Slow Process Corner
  Data Path Delay:        9.221ns  (logic 1.007ns (10.921%)  route 8.214ns (89.079%))
  Logic Levels:           4  (LUT6=1 MUXF7=1 MUXF8=2)
  Clock Uncertainty:      0.025ns  ((TSJ^2 + TIJ^2)^1/2 + DJ) / 2 + PE
    Total System Jitter     (TSJ):    0.050ns
    Total Input Jitter      (TIJ):    0.000ns
    Discrete Jitter          (DJ):    0.000ns
    Phase Error              (PE):    0.000ns

    Location             Delay type                Incr(ns)  Path(ns)    Netlist Resource(s)
  -------------------------------------------------------------------    -------------------
                         (clock aclk rise edge)       0.000     0.000 r  
                                                      0.000     0.000 r  aclk (IN)
                         net (fo=36115, unset)        1.265     1.265    aclk
    SLICE_X59Y128        FDCE                                         r  rd_ptr_reg[3]_rep/C
  -------------------------------------------------------------------    -------------------
    SLICE_X59Y128        FDCE (Prop_fdce_C_Q)         0.341     1.606 r  rd_ptr_reg[3]_rep/Q
                         net (fo=128, routed)         5.949     7.555    rd_ptr_reg[3]_rep_n_0
    SLICE_X37Y190        MUXF8 (Prop_muxf8_S_O)       0.200     7.755 r  m_axis_tdata[26]_INST_0_i_19/O
                         net (fo=1, routed)           1.561     9.316    m_axis_tdata[26]_INST_0_i_19_n_0
    SLICE_X44Y167        LUT6 (Prop_lut6_I0_O)        0.239     9.555 r  m_axis_tdata[26]_INST_0_i_6/O
                         net (fo=1, routed)           0.000     9.555    m_axis_tdata[26]_INST_0_i_6_n_0
    SLICE_X44Y167        MUXF7 (Prop_muxf7_I1_O)      0.160     9.715 r  m_axis_tdata[26]_INST_0_i_2/O
                         net (fo=1, routed)           0.000     9.715    m_axis_tdata[26]_INST_0_i_2_n_0
    SLICE_X44Y167        MUXF8 (Prop_muxf8_I1_O)      0.067     9.782 r  m_axis_tdata[26]_INST_0/O
                         net (fo=0)                   0.704    10.486    m_axis_tdata[26]
                                                                      r  m_axis_tdata[26] (OUT)
  -------------------------------------------------------------------    -------------------

Slack:                    inf
  Source:                 rd_ptr_reg[3]_rep__0/C
                            (rising edge-triggered cell FDCE clocked by aclk  {rise@0.000ns fall@4.000ns period=8.000ns})
  Destination:            m_axis_tdata[21]
                            (output port)
  Path Group:             (none)
  Path Type:              Max at Slow Process Corner
  Data Path Delay:        9.114ns  (logic 1.016ns (11.148%)  route 8.098ns (88.852%))
  Logic Levels:           4  (LUT6=1 MUXF7=1 MUXF8=2)
  Clock Uncertainty:      0.025ns  ((TSJ^2 + TIJ^2)^1/2 + DJ) / 2 + PE
    Total System Jitter     (TSJ):    0.050ns
    Total Input Jitter      (TIJ):    0.000ns
    Discrete Jitter          (DJ):    0.000ns
    Phase Error              (PE):    0.000ns

    Location             Delay type                Incr(ns)  Path(ns)    Netlist Resource(s)
  -------------------------------------------------------------------    -------------------
                         (clock aclk rise edge)       0.000     0.000 r  
                                                      0.000     0.000 r  aclk (IN)
                         net (fo=36115, unset)        1.265     1.265    aclk
    SLICE_X59Y128        FDCE                                         r  rd_ptr_reg[3]_rep__0/C
  -------------------------------------------------------------------    -------------------
    SLICE_X59Y128        FDCE (Prop_fdce_C_Q)         0.341     1.606 r  rd_ptr_reg[3]_rep__0/Q
                         net (fo=128, routed)         6.342     7.948    rd_ptr_reg[3]_rep__0_n_0
    SLICE_X64Y167        MUXF8 (Prop_muxf8_S_O)       0.206     8.154 r  m_axis_tdata[21]_INST_0_i_22/O
                         net (fo=1, routed)           1.052     9.206    m_axis_tdata[21]_INST_0_i_22_n_0
    SLICE_X65Y178        LUT6 (Prop_lut6_I5_O)        0.230     9.436 r  m_axis_tdata[21]_INST_0_i_6/O
                         net (fo=1, routed)           0.000     9.436    m_axis_tdata[21]_INST_0_i_6_n_0
    SLICE_X65Y178        MUXF7 (Prop_muxf7_I1_O)      0.167     9.603 r  m_axis_tdata[21]_INST_0_i_2/O
                         net (fo=1, routed)           0.000     9.603    m_axis_tdata[21]_INST_0_i_2_n_0
    SLICE_X65Y178        MUXF8 (Prop_muxf8_I1_O)      0.072     9.675 r  m_axis_tdata[21]_INST_0/O
                         net (fo=0)                   0.704    10.379    m_axis_tdata[21]
                                                                      r  m_axis_tdata[21] (OUT)
  -------------------------------------------------------------------    -------------------

Slack:                    inf
  Source:                 rd_ptr_reg[3]_rep/C
                            (rising edge-triggered cell FDCE clocked by aclk  {rise@0.000ns fall@4.000ns period=8.000ns})
  Destination:            m_axis_tdata[27]
                            (output port)
  Path Group:             (none)
  Path Type:              Max at Slow Process Corner
  Data Path Delay:        9.018ns  (logic 1.019ns (11.300%)  route 7.999ns (88.700%))
  Logic Levels:           4  (LUT6=1 MUXF7=1 MUXF8=2)
  Clock Uncertainty:      0.025ns  ((TSJ^2 + TIJ^2)^1/2 + DJ) / 2 + PE
    Total System Jitter     (TSJ):    0.050ns
    Total Input Jitter      (TIJ):    0.000ns
    Discrete Jitter          (DJ):    0.000ns
    Phase Error              (PE):    0.000ns

    Location             Delay type                Incr(ns)  Path(ns)    Netlist Resource(s)
  -------------------------------------------------------------------    -------------------
                         (clock aclk rise edge)       0.000     0.000 r  
                                                      0.000     0.000 r  aclk (IN)
                         net (fo=36115, unset)        1.265     1.265    aclk
    SLICE_X59Y128        FDCE                                         r  rd_ptr_reg[3]_rep/C
  -------------------------------------------------------------------    -------------------
    SLICE_X59Y128        FDCE (Prop_fdce_C_Q)         0.341     1.606 r  rd_ptr_reg[3]_rep/Q
                         net (fo=128, routed)         5.472     7.078    rd_ptr_reg[3]_rep_n_0
    SLICE_X45Y199        MUXF8 (Prop_muxf8_S_O)       0.200     7.278 r  m_axis_tdata[27]_INST_0_i_20/O
                         net (fo=1, routed)           1.822     9.101    m_axis_tdata[27]_INST_0_i_20_n_0
    SLICE_X45Y150        LUT6 (Prop_lut6_I1_O)        0.239     9.340 r  m_axis_tdata[27]_INST_0_i_6/O
                         net (fo=1, routed)           0.000     9.340    m_axis_tdata[27]_INST_0_i_6_n_0
    SLICE_X45Y150        MUXF7 (Prop_muxf7_I1_O)      0.167     9.507 r  m_axis_tdata[27]_INST_0_i_2/O
                         net (fo=1, routed)           0.000     9.507    m_axis_tdata[27]_INST_0_i_2_n_0
    SLICE_X45Y150        MUXF8 (Prop_muxf8_I1_O)      0.072     9.579 r  m_axis_tdata[27]_INST_0/O
                         net (fo=0)                   0.704    10.283    m_axis_tdata[27]
                                                                      r  m_axis_tdata[27] (OUT)
  -------------------------------------------------------------------    -------------------





Min Delay Paths
--------------------------------------------------------------------------------------
Slack:                    inf
  Source:                 fifo_count_reg[1]/C
                            (rising edge-triggered cell FDCE clocked by aclk  {rise@0.000ns fall@4.000ns period=8.000ns})
  Destination:            m_axis_tvalid
                            (output port)
  Path Group:             (none)
  Path Type:              Min at Fast Process Corner
  Data Path Delay:        0.757ns  (logic 0.186ns (24.579%)  route 0.571ns (75.421%))
  Logic Levels:           1  (LUT6=1)
  Clock Uncertainty:      0.025ns  ((TSJ^2 + TIJ^2)^1/2 + DJ) / 2 + PE
    Total System Jitter     (TSJ):    0.050ns
    Total Input Jitter      (TIJ):    0.000ns
    Discrete Jitter          (DJ):    0.000ns
    Phase Error              (PE):    0.000ns

    Location             Delay type                Incr(ns)  Path(ns)    Netlist Resource(s)
  -------------------------------------------------------------------    -------------------
                         (clock aclk rise edge)       0.000     0.000 r  
                                                      0.000     0.000 r  aclk (IN)
                         net (fo=36115, unset)        0.574     0.574    aclk
    SLICE_X58Y128        FDCE                                         r  fifo_count_reg[1]/C
  -------------------------------------------------------------------    -------------------
    SLICE_X58Y128        FDCE (Prop_fdce_C_Q)         0.141     0.715 r  fifo_count_reg[1]/Q
                         net (fo=5, routed)           0.160     0.875    u_iv_top/u_arb_fsm/wr_ptr_reg[0]_31[1]
    SLICE_X59Y129        LUT6 (Prop_lut6_I0_O)        0.045     0.920 r  u_iv_top/u_arb_fsm/m_axis_tvalid_INST_0/O
                         net (fo=2, unset)            0.411     1.331    m_axis_tvalid
                                                                      r  m_axis_tvalid (OUT)
  -------------------------------------------------------------------    -------------------

Slack:                    inf
  Source:                 fifo_count_reg[8]/C
                            (rising edge-triggered cell FDCE clocked by aclk  {rise@0.000ns fall@4.000ns period=8.000ns})
  Destination:            s_axis_tready
                            (output port)
  Path Group:             (none)
  Path Type:              Min at Fast Process Corner
  Data Path Delay:        0.875ns  (logic 0.186ns (21.260%)  route 0.689ns (78.740%))
  Logic Levels:           1  (LUT5=1)
  Clock Uncertainty:      0.025ns  ((TSJ^2 + TIJ^2)^1/2 + DJ) / 2 + PE
    Total System Jitter     (TSJ):    0.050ns
    Total Input Jitter      (TIJ):    0.000ns
    Discrete Jitter          (DJ):    0.000ns
    Phase Error              (PE):    0.000ns

    Location             Delay type                Incr(ns)  Path(ns)    Netlist Resource(s)
  -------------------------------------------------------------------    -------------------
                         (clock aclk rise edge)       0.000     0.000 r  
                                                      0.000     0.000 r  aclk (IN)
                         net (fo=36115, unset)        0.575     0.575    aclk
    SLICE_X58Y129        FDCE                                         r  fifo_count_reg[8]/C
  -------------------------------------------------------------------    -------------------
    SLICE_X58Y129        FDCE (Prop_fdce_C_Q)         0.141     0.716 f  fifo_count_reg[8]/Q
                         net (fo=11, routed)          0.278     0.994    u_iv_top/wr_ptr_reg[0]_31[8]
    SLICE_X59Y130        LUT5 (Prop_lut5_I3_O)        0.045     1.039 r  u_iv_top/s_axis_tready_INST_0/O
                         net (fo=0)                   0.411     1.450    s_axis_tready
                                                                      r  s_axis_tready (OUT)
  -------------------------------------------------------------------    -------------------

Slack:                    inf
  Source:                 rd_ptr_reg[7]/C
                            (rising edge-triggered cell FDCE clocked by aclk  {rise@0.000ns fall@4.000ns period=8.000ns})
  Destination:            m_axis_tdata[0]
                            (output port)
  Path Group:             (none)
  Path Type:              Min at Fast Process Corner
  Data Path Delay:        0.909ns  (logic 0.281ns (30.922%)  route 0.628ns (69.078%))
  Logic Levels:           1  (MUXF8=1)
  Clock Uncertainty:      0.025ns  ((TSJ^2 + TIJ^2)^1/2 + DJ) / 2 + PE
    Total System Jitter     (TSJ):    0.050ns
    Total Input Jitter      (TIJ):    0.000ns
    Discrete Jitter          (DJ):    0.000ns
    Phase Error              (PE):    0.000ns

    Location             Delay type                Incr(ns)  Path(ns)    Netlist Resource(s)
  -------------------------------------------------------------------    -------------------
                         (clock aclk rise edge)       0.000     0.000 r  
                                                      0.000     0.000 r  aclk (IN)
                         net (fo=36115, unset)        0.581     0.581    aclk
    SLICE_X56Y116        FDCE                                         r  rd_ptr_reg[7]/C
  -------------------------------------------------------------------    -------------------
    SLICE_X56Y116        FDCE (Prop_fdce_C_Q)         0.148     0.729 r  rd_ptr_reg[7]/Q
                         net (fo=39, routed)          0.217     0.946    rd_ptr_reg[7]
    SLICE_X50Y112        MUXF8 (Prop_muxf8_S_O)       0.133     1.079 r  m_axis_tdata[0]_INST_0/O
                         net (fo=0)                   0.411     1.490    m_axis_tdata[0]
                                                                      r  m_axis_tdata[0] (OUT)
  -------------------------------------------------------------------    -------------------

Slack:                    inf
  Source:                 rd_ptr_reg[7]/C
                            (rising edge-triggered cell FDCE clocked by aclk  {rise@0.000ns fall@4.000ns period=8.000ns})
  Destination:            m_axis_tdata[6]
                            (output port)
  Path Group:             (none)
  Path Type:              Min at Fast Process Corner
  Data Path Delay:        0.913ns  (logic 0.281ns (30.769%)  route 0.632ns (69.231%))
  Logic Levels:           1  (MUXF8=1)
  Clock Uncertainty:      0.025ns  ((TSJ^2 + TIJ^2)^1/2 + DJ) / 2 + PE
    Total System Jitter     (TSJ):    0.050ns
    Total Input Jitter      (TIJ):    0.000ns
    Discrete Jitter          (DJ):    0.000ns
    Phase Error              (PE):    0.000ns

    Location             Delay type                Incr(ns)  Path(ns)    Netlist Resource(s)
  -------------------------------------------------------------------    -------------------
                         (clock aclk rise edge)       0.000     0.000 r  
                                                      0.000     0.000 r  aclk (IN)
                         net (fo=36115, unset)        0.581     0.581    aclk
    SLICE_X56Y116        FDCE                                         r  rd_ptr_reg[7]/C
  -------------------------------------------------------------------    -------------------
    SLICE_X56Y116        FDCE (Prop_fdce_C_Q)         0.148     0.729 r  rd_ptr_reg[7]/Q
                         net (fo=39, routed)          0.222     0.951    rd_ptr_reg[7]
    SLICE_X55Y121        MUXF8 (Prop_muxf8_S_O)       0.133     1.084 r  m_axis_tdata[6]_INST_0/O
                         net (fo=0)                   0.411     1.494    m_axis_tdata[6]
                                                                      r  m_axis_tdata[6] (OUT)
  -------------------------------------------------------------------    -------------------

Slack:                    inf
  Source:                 rd_ptr_reg[4]/C
                            (rising edge-triggered cell FDCE clocked by aclk  {rise@0.000ns fall@4.000ns period=8.000ns})
  Destination:            m_axis_tdata[37]
                            (output port)
  Path Group:             (none)
  Path Type:              Min at Fast Process Corner
  Data Path Delay:        1.009ns  (logic 0.280ns (27.761%)  route 0.729ns (72.239%))
  Logic Levels:           3  (LUT6=1 MUXF7=1 MUXF8=1)
  Clock Uncertainty:      0.025ns  ((TSJ^2 + TIJ^2)^1/2 + DJ) / 2 + PE
    Total System Jitter     (TSJ):    0.050ns
    Total Input Jitter      (TIJ):    0.000ns
    Discrete Jitter          (DJ):    0.000ns
    Phase Error              (PE):    0.000ns

    Location             Delay type                Incr(ns)  Path(ns)    Netlist Resource(s)
  -------------------------------------------------------------------    -------------------
                         (clock aclk rise edge)       0.000     0.000 r  
                                                      0.000     0.000 r  aclk (IN)
                         net (fo=36115, unset)        0.572     0.572    aclk
    SLICE_X59Y126        FDCE                                         r  rd_ptr_reg[4]/C
  -------------------------------------------------------------------    -------------------
    SLICE_X59Y126        FDCE (Prop_fdce_C_Q)         0.141     0.713 r  rd_ptr_reg[4]/Q
                         net (fo=155, routed)         0.318     1.031    rd_ptr_reg[4]
    SLICE_X57Y131        LUT6 (Prop_lut6_I4_O)        0.045     1.076 r  m_axis_tdata[37]_INST_0_i_3/O
                         net (fo=1, routed)           0.000     1.076    m_axis_tdata[37]_INST_0_i_3_n_0
    SLICE_X57Y131        MUXF7 (Prop_muxf7_I0_O)      0.071     1.147 r  m_axis_tdata[37]_INST_0_i_1/O
                         net (fo=1, routed)           0.000     1.147    m_axis_tdata[37]_INST_0_i_1_n_0
    SLICE_X57Y131        MUXF8 (Prop_muxf8_I0_O)      0.023     1.170 r  m_axis_tdata[37]_INST_0/O
                         net (fo=0)                   0.411     1.581    m_axis_tdata[37]
                                                                      r  m_axis_tdata[37] (OUT)
  -------------------------------------------------------------------    -------------------

Slack:                    inf
  Source:                 rd_ptr_reg[5]/C
                            (rising edge-triggered cell FDCE clocked by aclk  {rise@0.000ns fall@4.000ns period=8.000ns})
  Destination:            m_axis_tdata[3]
                            (output port)
  Path Group:             (none)
  Path Type:              Min at Fast Process Corner
  Data Path Delay:        1.029ns  (logic 0.308ns (29.944%)  route 0.721ns (70.056%))
  Logic Levels:           3  (LUT6=1 MUXF7=1 MUXF8=1)
  Clock Uncertainty:      0.025ns  ((TSJ^2 + TIJ^2)^1/2 + DJ) / 2 + PE
    Total System Jitter     (TSJ):    0.050ns
    Total Input Jitter      (TIJ):    0.000ns
    Discrete Jitter          (DJ):    0.000ns
    Phase Error              (PE):    0.000ns

    Location             Delay type                Incr(ns)  Path(ns)    Netlist Resource(s)
  -------------------------------------------------------------------    -------------------
                         (clock aclk rise edge)       0.000     0.000 r  
                                                      0.000     0.000 r  aclk (IN)
                         net (fo=36115, unset)        0.568     0.568    aclk
    SLICE_X75Y119        FDCE                                         r  rd_ptr_reg[5]/C
  -------------------------------------------------------------------    -------------------
    SLICE_X75Y119        FDCE (Prop_fdce_C_Q)         0.128     0.696 r  rd_ptr_reg[5]/Q
                         net (fo=154, routed)         0.310     1.006    rd_ptr_reg[5]
    SLICE_X76Y114        LUT6 (Prop_lut6_I2_O)        0.099     1.105 r  m_axis_tdata[3]_INST_0_i_5/O
                         net (fo=1, routed)           0.000     1.105    m_axis_tdata[3]_INST_0_i_5_n_0
    SLICE_X76Y114        MUXF7 (Prop_muxf7_I0_O)      0.062     1.167 r  m_axis_tdata[3]_INST_0_i_2/O
                         net (fo=1, routed)           0.000     1.167    m_axis_tdata[3]_INST_0_i_2_n_0
    SLICE_X76Y114        MUXF8 (Prop_muxf8_I1_O)      0.019     1.186 r  m_axis_tdata[3]_INST_0/O
                         net (fo=0)                   0.411     1.597    m_axis_tdata[3]
                                                                      r  m_axis_tdata[3] (OUT)
  -------------------------------------------------------------------    -------------------

Slack:                    inf
  Source:                 rd_ptr_reg[7]/C
                            (rising edge-triggered cell FDCE clocked by aclk  {rise@0.000ns fall@4.000ns period=8.000ns})
  Destination:            m_axis_tdata[36]
                            (output port)
  Path Group:             (none)
  Path Type:              Min at Fast Process Corner
  Data Path Delay:        1.059ns  (logic 0.282ns (26.630%)  route 0.777ns (73.370%))
  Logic Levels:           1  (MUXF8=1)
  Clock Uncertainty:      0.025ns  ((TSJ^2 + TIJ^2)^1/2 + DJ) / 2 + PE
    Total System Jitter     (TSJ):    0.050ns
    Total Input Jitter      (TIJ):    0.000ns
    Discrete Jitter          (DJ):    0.000ns
    Phase Error              (PE):    0.000ns

    Location             Delay type                Incr(ns)  Path(ns)    Netlist Resource(s)
  -------------------------------------------------------------------    -------------------
                         (clock aclk rise edge)       0.000     0.000 r  
                                                      0.000     0.000 r  aclk (IN)
                         net (fo=36115, unset)        0.581     0.581    aclk
    SLICE_X56Y116        FDCE                                         r  rd_ptr_reg[7]/C
  -------------------------------------------------------------------    -------------------
    SLICE_X56Y116        FDCE (Prop_fdce_C_Q)         0.148     0.729 r  rd_ptr_reg[7]/Q
                         net (fo=39, routed)          0.366     1.095    rd_ptr_reg[7]
    SLICE_X52Y107        MUXF8 (Prop_muxf8_S_O)       0.134     1.229 r  m_axis_tdata[36]_INST_0/O
                         net (fo=0)                   0.411     1.640    m_axis_tdata[36]
                                                                      r  m_axis_tdata[36] (OUT)
  -------------------------------------------------------------------    -------------------

Slack:                    inf
  Source:                 rd_ptr_reg[5]/C
                            (rising edge-triggered cell FDCE clocked by aclk  {rise@0.000ns fall@4.000ns period=8.000ns})
  Destination:            m_axis_tdata[1]
                            (output port)
  Path Group:             (none)
  Path Type:              Min at Fast Process Corner
  Data Path Delay:        1.076ns  (logic 0.308ns (28.623%)  route 0.768ns (71.377%))
  Logic Levels:           3  (LUT6=1 MUXF7=1 MUXF8=1)
  Clock Uncertainty:      0.025ns  ((TSJ^2 + TIJ^2)^1/2 + DJ) / 2 + PE
    Total System Jitter     (TSJ):    0.050ns
    Total Input Jitter      (TIJ):    0.000ns
    Discrete Jitter          (DJ):    0.000ns
    Phase Error              (PE):    0.000ns

    Location             Delay type                Incr(ns)  Path(ns)    Netlist Resource(s)
  -------------------------------------------------------------------    -------------------
                         (clock aclk rise edge)       0.000     0.000 r  
                                                      0.000     0.000 r  aclk (IN)
                         net (fo=36115, unset)        0.568     0.568    aclk
    SLICE_X75Y119        FDCE                                         r  rd_ptr_reg[5]/C
  -------------------------------------------------------------------    -------------------
    SLICE_X75Y119        FDCE (Prop_fdce_C_Q)         0.128     0.696 r  rd_ptr_reg[5]/Q
                         net (fo=154, routed)         0.357     1.053    rd_ptr_reg[5]
    SLICE_X83Y120        LUT6 (Prop_lut6_I2_O)        0.099     1.152 r  m_axis_tdata[1]_INST_0_i_5/O
                         net (fo=1, routed)           0.000     1.152    m_axis_tdata[1]_INST_0_i_5_n_0
    SLICE_X83Y120        MUXF7 (Prop_muxf7_I0_O)      0.062     1.214 r  m_axis_tdata[1]_INST_0_i_2/O
                         net (fo=1, routed)           0.000     1.214    m_axis_tdata[1]_INST_0_i_2_n_0
    SLICE_X83Y120        MUXF8 (Prop_muxf8_I1_O)      0.019     1.233 r  m_axis_tdata[1]_INST_0/O
                         net (fo=0)                   0.411     1.644    m_axis_tdata[1]
                                                                      r  m_axis_tdata[1] (OUT)
  -------------------------------------------------------------------    -------------------

Slack:                    inf
  Source:                 fifo_mem_reg[254][22]/C
                            (rising edge-triggered cell FDRE clocked by aclk  {rise@0.000ns fall@4.000ns period=8.000ns})
  Destination:            m_axis_tdata[22]
                            (output port)
  Path Group:             (none)
  Path Type:              Min at Fast Process Corner
  Data Path Delay:        1.070ns  (logic 0.465ns (43.446%)  route 0.605ns (56.554%))
  Logic Levels:           6  (LUT6=2 MUXF7=2 MUXF8=2)
  Clock Uncertainty:      0.025ns  ((TSJ^2 + TIJ^2)^1/2 + DJ) / 2 + PE
    Total System Jitter     (TSJ):    0.050ns
    Total Input Jitter      (TIJ):    0.000ns
    Discrete Jitter          (DJ):    0.000ns
    Phase Error              (PE):    0.000ns

    Location             Delay type                Incr(ns)  Path(ns)    Netlist Resource(s)
  -------------------------------------------------------------------    -------------------
                         (clock aclk rise edge)       0.000     0.000 r  
                                                      0.000     0.000 r  aclk (IN)
                         net (fo=36115, unset)        0.579     0.579    aclk
    SLICE_X67Y143        FDRE                                         r  fifo_mem_reg[254][22]/C
  -------------------------------------------------------------------    -------------------
    SLICE_X67Y143        FDRE (Prop_fdre_C_Q)         0.141     0.720 r  fifo_mem_reg[254][22]/Q
                         net (fo=1, routed)           0.086     0.806    fifo_mem_reg[254][22]
    SLICE_X66Y143        LUT6 (Prop_lut6_I1_O)        0.045     0.851 r  m_axis_tdata[22]_INST_0_i_106/O
                         net (fo=1, routed)           0.000     0.851    m_axis_tdata[22]_INST_0_i_106_n_0
    SLICE_X66Y143        MUXF7 (Prop_muxf7_I1_O)      0.064     0.915 r  m_axis_tdata[22]_INST_0_i_48/O
                         net (fo=1, routed)           0.000     0.915    m_axis_tdata[22]_INST_0_i_48_n_0
    SLICE_X66Y143        MUXF8 (Prop_muxf8_I1_O)      0.019     0.934 r  m_axis_tdata[22]_INST_0_i_19/O
                         net (fo=1, routed)           0.109     1.043    m_axis_tdata[22]_INST_0_i_19_n_0
    SLICE_X66Y144        LUT6 (Prop_lut6_I0_O)        0.113     1.156 r  m_axis_tdata[22]_INST_0_i_6/O
                         net (fo=1, routed)           0.000     1.156    m_axis_tdata[22]_INST_0_i_6_n_0
    SLICE_X66Y144        MUXF7 (Prop_muxf7_I1_O)      0.064     1.220 r  m_axis_tdata[22]_INST_0_i_2/O
                         net (fo=1, routed)           0.000     1.220    m_axis_tdata[22]_INST_0_i_2_n_0
    SLICE_X66Y144        MUXF8 (Prop_muxf8_I1_O)      0.019     1.239 r  m_axis_tdata[22]_INST_0/O
                         net (fo=0)                   0.411     1.649    m_axis_tdata[22]
                                                                      r  m_axis_tdata[22] (OUT)
  -------------------------------------------------------------------    -------------------

Slack:                    inf
  Source:                 fifo_mem_reg[219][23]/C
                            (rising edge-triggered cell FDRE clocked by aclk  {rise@0.000ns fall@4.000ns period=8.000ns})
  Destination:            m_axis_tdata[23]
                            (output port)
  Path Group:             (none)
  Path Type:              Min at Fast Process Corner
  Data Path Delay:        1.101ns  (logic 0.464ns (42.140%)  route 0.637ns (57.860%))
  Logic Levels:           6  (LUT6=2 MUXF7=2 MUXF8=2)
  Clock Uncertainty:      0.025ns  ((TSJ^2 + TIJ^2)^1/2 + DJ) / 2 + PE
    Total System Jitter     (TSJ):    0.050ns
    Total Input Jitter      (TIJ):    0.000ns
    Discrete Jitter          (DJ):    0.000ns
    Phase Error              (PE):    0.000ns

    Location             Delay type                Incr(ns)  Path(ns)    Netlist Resource(s)
  -------------------------------------------------------------------    -------------------
                         (clock aclk rise edge)       0.000     0.000 r  
                                                      0.000     0.000 r  aclk (IN)
                         net (fo=36115, unset)        0.573     0.573    aclk
    SLICE_X73Y150        FDRE                                         r  fifo_mem_reg[219][23]/C
  -------------------------------------------------------------------    -------------------
    SLICE_X73Y150        FDRE (Prop_fdre_C_Q)         0.141     0.714 r  fifo_mem_reg[219][23]/Q
                         net (fo=1, routed)           0.132     0.846    fifo_mem_reg[219][23]
    SLICE_X70Y151        LUT6 (Prop_lut6_I0_O)        0.045     0.891 r  m_axis_tdata[23]_INST_0_i_113/O
                         net (fo=1, routed)           0.000     0.891    m_axis_tdata[23]_INST_0_i_113_n_0
    SLICE_X70Y151        MUXF7 (Prop_muxf7_I0_O)      0.062     0.953 r  m_axis_tdata[23]_INST_0_i_52/O
                         net (fo=1, routed)           0.000     0.953    m_axis_tdata[23]_INST_0_i_52_n_0
    SLICE_X70Y151        MUXF8 (Prop_muxf8_I1_O)      0.019     0.972 r  m_axis_tdata[23]_INST_0_i_21/O
                         net (fo=1, routed)           0.095     1.066    m_axis_tdata[23]_INST_0_i_21_n_0
    SLICE_X73Y151        LUT6 (Prop_lut6_I3_O)        0.113     1.179 r  m_axis_tdata[23]_INST_0_i_6/O
                         net (fo=1, routed)           0.000     1.179    m_axis_tdata[23]_INST_0_i_6_n_0
    SLICE_X73Y151        MUXF7 (Prop_muxf7_I1_O)      0.065     1.244 r  m_axis_tdata[23]_INST_0_i_2/O
                         net (fo=1, routed)           0.000     1.244    m_axis_tdata[23]_INST_0_i_2_n_0
    SLICE_X73Y151        MUXF8 (Prop_muxf8_I1_O)      0.019     1.263 r  m_axis_tdata[23]_INST_0/O
                         net (fo=0)                   0.411     1.674    m_axis_tdata[23]
                                                                      r  m_axis_tdata[23] (OUT)
  -------------------------------------------------------------------    -------------------





--------------------------------------------------------------------------------------
Path Group:  (none)
From Clock:  
  To Clock:  aclk

Max Delay         21424 Endpoints
Min Delay         21424 Endpoints
--------------------------------------------------------------------------------------


Max Delay Paths
--------------------------------------------------------------------------------------
Slack:                    inf
  Source:                 s_axis_tdata[128]
                            (input port)
  Destination:            fifo_mem_reg[185][11]/CE
                            (rising edge-triggered cell FDRE clocked by aclk  {rise@0.000ns fall@4.000ns period=8.000ns})
  Path Group:             (none)
  Path Type:              Setup (Max at Slow Process Corner)
  Data Path Delay:        11.036ns  (logic 0.485ns (4.395%)  route 10.551ns (95.605%))
  Logic Levels:           5  (LUT4=2 LUT5=2 LUT6=1)
  Clock Path Skew:        1.266ns (DCD - SCD + CPR)
    Destination Clock Delay (DCD):    1.266ns
    Source Clock Delay      (SCD):    0.000ns
    Clock Pessimism Removal (CPR):    0.000ns
  Clock Uncertainty:      0.025ns  ((TSJ^2 + TIJ^2)^1/2 + DJ) / 2 + PE
    Total System Jitter     (TSJ):    0.050ns
    Total Input Jitter      (TIJ):    0.000ns
    Discrete Jitter          (DJ):    0.000ns
    Phase Error              (PE):    0.000ns

    Location             Delay type                Incr(ns)  Path(ns)    Netlist Resource(s)
  -------------------------------------------------------------------    -------------------
                                                      0.000     0.000 r  s_axis_tdata[128] (IN)
                         net (fo=1, unset)            0.704     0.704    u_iv_top/u_arb_fsm/s_axis_tdata[0]
    SLICE_X84Y86         LUT4 (Prop_lut4_I3_O)        0.097     0.801 r  u_iv_top/u_arb_fsm/pipe_tid[5]_i_9/O
                         net (fo=1, routed)           0.648     1.449    u_iv_top/u_arb_fsm/pipe_tid[5]_i_9_n_0
    SLICE_X84Y86         LUT5 (Prop_lut5_I4_O)        0.097     1.546 r  u_iv_top/u_arb_fsm/pipe_tid[5]_i_5/O
                         net (fo=1, routed)           0.655     2.201    u_iv_top/u_arb_fsm/pipe_tid[5]_i_5_n_0
    SLICE_X74Y90         LUT4 (Prop_lut4_I1_O)        0.097     2.298 r  u_iv_top/u_arb_fsm/pipe_tid[5]_i_3/O
                         net (fo=174, routed)         3.493     5.792    u_iv_top/u_arb_fsm/s_axis_tdata[130]
    SLICE_X57Y130        LUT5 (Prop_lut5_I1_O)        0.097     5.889 r  u_iv_top/u_arb_fsm/fifo_mem[191][37]_i_3/O
                         net (fo=64, routed)          1.628     7.517    u_iv_top/u_arb_fsm/fifo_mem[191][37]_i_3_n_0
    SLICE_X56Y139        LUT6 (Prop_lut6_I5_O)        0.097     7.614 r  u_iv_top/u_arb_fsm/fifo_mem[185][37]_i_1/O
                         net (fo=38, routed)          3.422    11.036    u_iv_top_n_133
    SLICE_X79Y98         FDRE                                         r  fifo_mem_reg[185][11]/CE
  -------------------------------------------------------------------    -------------------

                         (clock aclk rise edge)       0.000     0.000 r  
                                                      0.000     0.000 r  aclk (IN)
                         net (fo=36115, unset)        1.266     1.266    aclk
    SLICE_X79Y98         FDRE                                         r  fifo_mem_reg[185][11]/C

Slack:                    inf
  Source:                 s_axis_tdata[128]
                            (input port)
  Destination:            fifo_mem_reg[185][13]/CE
                            (rising edge-triggered cell FDRE clocked by aclk  {rise@0.000ns fall@4.000ns period=8.000ns})
  Path Group:             (none)
  Path Type:              Setup (Max at Slow Process Corner)
  Data Path Delay:        11.036ns  (logic 0.485ns (4.395%)  route 10.551ns (95.605%))
  Logic Levels:           5  (LUT4=2 LUT5=2 LUT6=1)
  Clock Path Skew:        1.266ns (DCD - SCD + CPR)
    Destination Clock Delay (DCD):    1.266ns
    Source Clock Delay      (SCD):    0.000ns
    Clock Pessimism Removal (CPR):    0.000ns
  Clock Uncertainty:      0.025ns  ((TSJ^2 + TIJ^2)^1/2 + DJ) / 2 + PE
    Total System Jitter     (TSJ):    0.050ns
    Total Input Jitter      (TIJ):    0.000ns
    Discrete Jitter          (DJ):    0.000ns
    Phase Error              (PE):    0.000ns

    Location             Delay type                Incr(ns)  Path(ns)    Netlist Resource(s)
  -------------------------------------------------------------------    -------------------
                                                      0.000     0.000 r  s_axis_tdata[128] (IN)
                         net (fo=1, unset)            0.704     0.704    u_iv_top/u_arb_fsm/s_axis_tdata[0]
    SLICE_X84Y86         LUT4 (Prop_lut4_I3_O)        0.097     0.801 r  u_iv_top/u_arb_fsm/pipe_tid[5]_i_9/O
                         net (fo=1, routed)           0.648     1.449    u_iv_top/u_arb_fsm/pipe_tid[5]_i_9_n_0
    SLICE_X84Y86         LUT5 (Prop_lut5_I4_O)        0.097     1.546 r  u_iv_top/u_arb_fsm/pipe_tid[5]_i_5/O
                         net (fo=1, routed)           0.655     2.201    u_iv_top/u_arb_fsm/pipe_tid[5]_i_5_n_0
    SLICE_X74Y90         LUT4 (Prop_lut4_I1_O)        0.097     2.298 r  u_iv_top/u_arb_fsm/pipe_tid[5]_i_3/O
                         net (fo=174, routed)         3.493     5.792    u_iv_top/u_arb_fsm/s_axis_tdata[130]
    SLICE_X57Y130        LUT5 (Prop_lut5_I1_O)        0.097     5.889 r  u_iv_top/u_arb_fsm/fifo_mem[191][37]_i_3/O
                         net (fo=64, routed)          1.628     7.517    u_iv_top/u_arb_fsm/fifo_mem[191][37]_i_3_n_0
    SLICE_X56Y139        LUT6 (Prop_lut6_I5_O)        0.097     7.614 r  u_iv_top/u_arb_fsm/fifo_mem[185][37]_i_1/O
                         net (fo=38, routed)          3.422    11.036    u_iv_top_n_133
    SLICE_X79Y98         FDRE                                         r  fifo_mem_reg[185][13]/CE
  -------------------------------------------------------------------    -------------------

                         (clock aclk rise edge)       0.000     0.000 r  
                                                      0.000     0.000 r  aclk (IN)
                         net (fo=36115, unset)        1.266     1.266    aclk
    SLICE_X79Y98         FDRE                                         r  fifo_mem_reg[185][13]/C

Slack:                    inf
  Source:                 s_axis_tdata[128]
                            (input port)
  Destination:            fifo_mem_reg[139][31]/CE
                            (rising edge-triggered cell FDRE clocked by aclk  {rise@0.000ns fall@4.000ns period=8.000ns})
  Path Group:             (none)
  Path Type:              Setup (Max at Slow Process Corner)
  Data Path Delay:        10.919ns  (logic 0.485ns (4.442%)  route 10.434ns (95.558%))
  Logic Levels:           5  (LUT4=2 LUT5=2 LUT6=1)
  Clock Path Skew:        1.312ns (DCD - SCD + CPR)
    Destination Clock Delay (DCD):    1.312ns
    Source Clock Delay      (SCD):    0.000ns
    Clock Pessimism Removal (CPR):    0.000ns
  Clock Uncertainty:      0.025ns  ((TSJ^2 + TIJ^2)^1/2 + DJ) / 2 + PE
    Total System Jitter     (TSJ):    0.050ns
    Total Input Jitter      (TIJ):    0.000ns
    Discrete Jitter          (DJ):    0.000ns
    Phase Error              (PE):    0.000ns

    Location             Delay type                Incr(ns)  Path(ns)    Netlist Resource(s)
  -------------------------------------------------------------------    -------------------
                                                      0.000     0.000 r  s_axis_tdata[128] (IN)
                         net (fo=1, unset)            0.704     0.704    u_iv_top/u_arb_fsm/s_axis_tdata[0]
    SLICE_X84Y86         LUT4 (Prop_lut4_I3_O)        0.097     0.801 r  u_iv_top/u_arb_fsm/pipe_tid[5]_i_9/O
                         net (fo=1, routed)           0.648     1.449    u_iv_top/u_arb_fsm/pipe_tid[5]_i_9_n_0
    SLICE_X84Y86         LUT5 (Prop_lut5_I4_O)        0.097     1.546 r  u_iv_top/u_arb_fsm/pipe_tid[5]_i_5/O
                         net (fo=1, routed)           0.655     2.201    u_iv_top/u_arb_fsm/pipe_tid[5]_i_5_n_0
    SLICE_X74Y90         LUT4 (Prop_lut4_I1_O)        0.097     2.298 r  u_iv_top/u_arb_fsm/pipe_tid[5]_i_3/O
                         net (fo=174, routed)         3.493     5.792    u_iv_top/u_arb_fsm/s_axis_tdata[130]
    SLICE_X57Y130        LUT5 (Prop_lut5_I1_O)        0.097     5.889 r  u_iv_top/u_arb_fsm/fifo_mem[191][37]_i_3/O
                         net (fo=64, routed)          1.188     7.077    u_iv_top/u_arb_fsm/fifo_mem[191][37]_i_3_n_0
    SLICE_X54Y136        LUT6 (Prop_lut6_I5_O)        0.097     7.174 r  u_iv_top/u_arb_fsm/fifo_mem[139][37]_i_1/O
                         net (fo=38, routed)          3.745    10.919    u_iv_top_n_110
    SLICE_X49Y203        FDRE                                         r  fifo_mem_reg[139][31]/CE
  -------------------------------------------------------------------    -------------------

                         (clock aclk rise edge)       0.000     0.000 r  
                                                      0.000     0.000 r  aclk (IN)
                         net (fo=36115, unset)        1.312     1.312    aclk
    SLICE_X49Y203        FDRE                                         r  fifo_mem_reg[139][31]/C

Slack:                    inf
  Source:                 s_axis_tdata[128]
                            (input port)
  Destination:            fifo_mem_reg[164][26]/CE
                            (rising edge-triggered cell FDRE clocked by aclk  {rise@0.000ns fall@4.000ns period=8.000ns})
  Path Group:             (none)
  Path Type:              Setup (Max at Slow Process Corner)
  Data Path Delay:        10.896ns  (logic 0.485ns (4.451%)  route 10.411ns (95.549%))
  Logic Levels:           5  (LUT4=2 LUT5=2 LUT6=1)
  Clock Path Skew:        1.220ns (DCD - SCD + CPR)
    Destination Clock Delay (DCD):    1.220ns
    Source Clock Delay      (SCD):    0.000ns
    Clock Pessimism Removal (CPR):    0.000ns
  Clock Uncertainty:      0.025ns  ((TSJ^2 + TIJ^2)^1/2 + DJ) / 2 + PE
    Total System Jitter     (TSJ):    0.050ns
    Total Input Jitter      (TIJ):    0.000ns
    Discrete Jitter          (DJ):    0.000ns
    Phase Error              (PE):    0.000ns

    Location             Delay type                Incr(ns)  Path(ns)    Netlist Resource(s)
  -------------------------------------------------------------------    -------------------
                                                      0.000     0.000 r  s_axis_tdata[128] (IN)
                         net (fo=1, unset)            0.704     0.704    u_iv_top/u_arb_fsm/s_axis_tdata[0]
    SLICE_X84Y86         LUT4 (Prop_lut4_I3_O)        0.097     0.801 r  u_iv_top/u_arb_fsm/pipe_tid[5]_i_9/O
                         net (fo=1, routed)           0.648     1.449    u_iv_top/u_arb_fsm/pipe_tid[5]_i_9_n_0
    SLICE_X84Y86         LUT5 (Prop_lut5_I4_O)        0.097     1.546 r  u_iv_top/u_arb_fsm/pipe_tid[5]_i_5/O
                         net (fo=1, routed)           0.655     2.201    u_iv_top/u_arb_fsm/pipe_tid[5]_i_5_n_0
    SLICE_X74Y90         LUT4 (Prop_lut4_I1_O)        0.097     2.298 r  u_iv_top/u_arb_fsm/pipe_tid[5]_i_3/O
                         net (fo=174, routed)         3.493     5.792    u_iv_top/u_arb_fsm/s_axis_tdata[130]
    SLICE_X57Y130        LUT5 (Prop_lut5_I1_O)        0.097     5.889 r  u_iv_top/u_arb_fsm/fifo_mem[191][37]_i_3/O
                         net (fo=64, routed)          1.972     7.860    u_iv_top/u_arb_fsm/fifo_mem[191][37]_i_3_n_0
    SLICE_X58Y144        LUT6 (Prop_lut6_I5_O)        0.097     7.957 r  u_iv_top/u_arb_fsm/fifo_mem[164][37]_i_1/O
                         net (fo=38, routed)          2.938    10.896    u_iv_top_n_214
    SLICE_X39Y188        FDRE                                         r  fifo_mem_reg[164][26]/CE
  -------------------------------------------------------------------    -------------------

                         (clock aclk rise edge)       0.000     0.000 r  
                                                      0.000     0.000 r  aclk (IN)
                         net (fo=36115, unset)        1.220     1.220    aclk
    SLICE_X39Y188        FDRE                                         r  fifo_mem_reg[164][26]/C

Slack:                    inf
  Source:                 s_axis_tdata[128]
                            (input port)
  Destination:            fifo_mem_reg[138][18]/D
                            (rising edge-triggered cell FDRE clocked by aclk  {rise@0.000ns fall@4.000ns period=8.000ns})
  Path Group:             (none)
  Path Type:              Setup (Max at Slow Process Corner)
  Data Path Delay:        10.869ns  (logic 0.388ns (3.570%)  route 10.481ns (96.430%))
  Logic Levels:           4  (LUT3=1 LUT4=2 LUT5=1)
  Clock Path Skew:        1.309ns (DCD - SCD + CPR)
    Destination Clock Delay (DCD):    1.309ns
    Source Clock Delay      (SCD):    0.000ns
    Clock Pessimism Removal (CPR):    0.000ns
  Clock Uncertainty:      0.025ns  ((TSJ^2 + TIJ^2)^1/2 + DJ) / 2 + PE
    Total System Jitter     (TSJ):    0.050ns
    Total Input Jitter      (TIJ):    0.000ns
    Discrete Jitter          (DJ):    0.000ns
    Phase Error              (PE):    0.000ns

    Location             Delay type                Incr(ns)  Path(ns)    Netlist Resource(s)
  -------------------------------------------------------------------    -------------------
                                                      0.000     0.000 r  s_axis_tdata[128] (IN)
                         net (fo=1, unset)            0.704     0.704    u_iv_top/u_arb_fsm/s_axis_tdata[0]
    SLICE_X84Y86         LUT4 (Prop_lut4_I3_O)        0.097     0.801 r  u_iv_top/u_arb_fsm/pipe_tid[5]_i_9/O
                         net (fo=1, routed)           0.648     1.449    u_iv_top/u_arb_fsm/pipe_tid[5]_i_9_n_0
    SLICE_X84Y86         LUT5 (Prop_lut5_I4_O)        0.097     1.546 r  u_iv_top/u_arb_fsm/pipe_tid[5]_i_5/O
                         net (fo=1, routed)           0.655     2.201    u_iv_top/u_arb_fsm/pipe_tid[5]_i_5_n_0
    SLICE_X74Y90         LUT4 (Prop_lut4_I1_O)        0.097     2.298 r  u_iv_top/u_arb_fsm/pipe_tid[5]_i_3/O
                         net (fo=174, routed)         5.761     8.059    u_iv_top/u_arb_fsm/s_axis_tdata[130]
    SLICE_X45Y160        LUT3 (Prop_lut3_I1_O)        0.097     8.156 r  u_iv_top/u_arb_fsm/fifo_mem[191][18]_i_1/O
                         net (fo=64, routed)          2.712    10.868    u_iv_top_n_398
    SLICE_X46Y212        FDRE                                         r  fifo_mem_reg[138][18]/D
  -------------------------------------------------------------------    -------------------

                         (clock aclk rise edge)       0.000     0.000 r  
                                                      0.000     0.000 r  aclk (IN)
                         net (fo=36115, unset)        1.309     1.309    aclk
    SLICE_X46Y212        FDRE                                         r  fifo_mem_reg[138][18]/C

Slack:                    inf
  Source:                 s_axis_tdata[128]
                            (input port)
  Destination:            fifo_mem_reg[190][11]/CE
                            (rising edge-triggered cell FDRE clocked by aclk  {rise@0.000ns fall@4.000ns period=8.000ns})
  Path Group:             (none)
  Path Type:              Setup (Max at Slow Process Corner)
  Data Path Delay:        10.861ns  (logic 0.485ns (4.466%)  route 10.376ns (95.534%))
  Logic Levels:           5  (LUT4=2 LUT5=2 LUT6=1)
  Clock Path Skew:        1.268ns (DCD - SCD + CPR)
    Destination Clock Delay (DCD):    1.268ns
    Source Clock Delay      (SCD):    0.000ns
    Clock Pessimism Removal (CPR):    0.000ns
  Clock Uncertainty:      0.025ns  ((TSJ^2 + TIJ^2)^1/2 + DJ) / 2 + PE
    Total System Jitter     (TSJ):    0.050ns
    Total Input Jitter      (TIJ):    0.000ns
    Discrete Jitter          (DJ):    0.000ns
    Phase Error              (PE):    0.000ns

    Location             Delay type                Incr(ns)  Path(ns)    Netlist Resource(s)
  -------------------------------------------------------------------    -------------------
                                                      0.000     0.000 r  s_axis_tdata[128] (IN)
                         net (fo=1, unset)            0.704     0.704    u_iv_top/u_arb_fsm/s_axis_tdata[0]
    SLICE_X84Y86         LUT4 (Prop_lut4_I3_O)        0.097     0.801 r  u_iv_top/u_arb_fsm/pipe_tid[5]_i_9/O
                         net (fo=1, routed)           0.648     1.449    u_iv_top/u_arb_fsm/pipe_tid[5]_i_9_n_0
    SLICE_X84Y86         LUT5 (Prop_lut5_I4_O)        0.097     1.546 r  u_iv_top/u_arb_fsm/pipe_tid[5]_i_5/O
                         net (fo=1, routed)           0.655     2.201    u_iv_top/u_arb_fsm/pipe_tid[5]_i_5_n_0
    SLICE_X74Y90         LUT4 (Prop_lut4_I1_O)        0.097     2.298 r  u_iv_top/u_arb_fsm/pipe_tid[5]_i_3/O
                         net (fo=174, routed)         3.493     5.792    u_iv_top/u_arb_fsm/s_axis_tdata[130]
    SLICE_X57Y130        LUT5 (Prop_lut5_I1_O)        0.097     5.889 r  u_iv_top/u_arb_fsm/fifo_mem[191][37]_i_3/O
                         net (fo=64, routed)          1.830     7.718    u_iv_top/u_arb_fsm/fifo_mem[191][37]_i_3_n_0
    SLICE_X44Y144        LUT6 (Prop_lut6_I5_O)        0.097     7.815 r  u_iv_top/u_arb_fsm/fifo_mem[190][37]_i_1/O
                         net (fo=38, routed)          3.046    10.861    u_iv_top_n_201
    SLICE_X84Y99         FDRE                                         r  fifo_mem_reg[190][11]/CE
  -------------------------------------------------------------------    -------------------

                         (clock aclk rise edge)       0.000     0.000 r  
                                                      0.000     0.000 r  aclk (IN)
                         net (fo=36115, unset)        1.268     1.268    aclk
    SLICE_X84Y99         FDRE                                         r  fifo_mem_reg[190][11]/C

Slack:                    inf
  Source:                 s_axis_tdata[128]
                            (input port)
  Destination:            fifo_mem_reg[174][11]/CE
                            (rising edge-triggered cell FDRE clocked by aclk  {rise@0.000ns fall@4.000ns period=8.000ns})
  Path Group:             (none)
  Path Type:              Setup (Max at Slow Process Corner)
  Data Path Delay:        10.859ns  (logic 0.485ns (4.467%)  route 10.374ns (95.533%))
  Logic Levels:           5  (LUT4=2 LUT5=2 LUT6=1)
  Clock Path Skew:        1.278ns (DCD - SCD + CPR)
    Destination Clock Delay (DCD):    1.278ns
    Source Clock Delay      (SCD):    0.000ns
    Clock Pessimism Removal (CPR):    0.000ns
  Clock Uncertainty:      0.025ns  ((TSJ^2 + TIJ^2)^1/2 + DJ) / 2 + PE
    Total System Jitter     (TSJ):    0.050ns
    Total Input Jitter      (TIJ):    0.000ns
    Discrete Jitter          (DJ):    0.000ns
    Phase Error              (PE):    0.000ns

    Location             Delay type                Incr(ns)  Path(ns)    Netlist Resource(s)
  -------------------------------------------------------------------    -------------------
                                                      0.000     0.000 r  s_axis_tdata[128] (IN)
                         net (fo=1, unset)            0.704     0.704    u_iv_top/u_arb_fsm/s_axis_tdata[0]
    SLICE_X84Y86         LUT4 (Prop_lut4_I3_O)        0.097     0.801 r  u_iv_top/u_arb_fsm/pipe_tid[5]_i_9/O
                         net (fo=1, routed)           0.648     1.449    u_iv_top/u_arb_fsm/pipe_tid[5]_i_9_n_0
    SLICE_X84Y86         LUT5 (Prop_lut5_I4_O)        0.097     1.546 r  u_iv_top/u_arb_fsm/pipe_tid[5]_i_5/O
                         net (fo=1, routed)           0.655     2.201    u_iv_top/u_arb_fsm/pipe_tid[5]_i_5_n_0
    SLICE_X74Y90         LUT4 (Prop_lut4_I1_O)        0.097     2.298 r  u_iv_top/u_arb_fsm/pipe_tid[5]_i_3/O
                         net (fo=174, routed)         3.493     5.792    u_iv_top/u_arb_fsm/s_axis_tdata[130]
    SLICE_X57Y130        LUT5 (Prop_lut5_I1_O)        0.097     5.889 r  u_iv_top/u_arb_fsm/fifo_mem[191][37]_i_3/O
                         net (fo=64, routed)          1.816     7.704    u_iv_top/u_arb_fsm/fifo_mem[191][37]_i_3_n_0
    SLICE_X44Y144        LUT6 (Prop_lut6_I5_O)        0.097     7.801 r  u_iv_top/u_arb_fsm/fifo_mem[174][37]_i_1/O
                         net (fo=38, routed)          3.057    10.859    u_iv_top_n_209
    SLICE_X74Y99         FDRE                                         r  fifo_mem_reg[174][11]/CE
  -------------------------------------------------------------------    -------------------

                         (clock aclk rise edge)       0.000     0.000 r  
                                                      0.000     0.000 r  aclk (IN)
                         net (fo=36115, unset)        1.278     1.278    aclk
    SLICE_X74Y99         FDRE                                         r  fifo_mem_reg[174][11]/C

Slack:                    inf
  Source:                 s_axis_tdata[128]
                            (input port)
  Destination:            fifo_mem_reg[174][13]/CE
                            (rising edge-triggered cell FDRE clocked by aclk  {rise@0.000ns fall@4.000ns period=8.000ns})
  Path Group:             (none)
  Path Type:              Setup (Max at Slow Process Corner)
  Data Path Delay:        10.859ns  (logic 0.485ns (4.467%)  route 10.374ns (95.533%))
  Logic Levels:           5  (LUT4=2 LUT5=2 LUT6=1)
  Clock Path Skew:        1.278ns (DCD - SCD + CPR)
    Destination Clock Delay (DCD):    1.278ns
    Source Clock Delay      (SCD):    0.000ns
    Clock Pessimism Removal (CPR):    0.000ns
  Clock Uncertainty:      0.025ns  ((TSJ^2 + TIJ^2)^1/2 + DJ) / 2 + PE
    Total System Jitter     (TSJ):    0.050ns
    Total Input Jitter      (TIJ):    0.000ns
    Discrete Jitter          (DJ):    0.000ns
    Phase Error              (PE):    0.000ns

    Location             Delay type                Incr(ns)  Path(ns)    Netlist Resource(s)
  -------------------------------------------------------------------    -------------------
                                                      0.000     0.000 r  s_axis_tdata[128] (IN)
                         net (fo=1, unset)            0.704     0.704    u_iv_top/u_arb_fsm/s_axis_tdata[0]
    SLICE_X84Y86         LUT4 (Prop_lut4_I3_O)        0.097     0.801 r  u_iv_top/u_arb_fsm/pipe_tid[5]_i_9/O
                         net (fo=1, routed)           0.648     1.449    u_iv_top/u_arb_fsm/pipe_tid[5]_i_9_n_0
    SLICE_X84Y86         LUT5 (Prop_lut5_I4_O)        0.097     1.546 r  u_iv_top/u_arb_fsm/pipe_tid[5]_i_5/O
                         net (fo=1, routed)           0.655     2.201    u_iv_top/u_arb_fsm/pipe_tid[5]_i_5_n_0
    SLICE_X74Y90         LUT4 (Prop_lut4_I1_O)        0.097     2.298 r  u_iv_top/u_arb_fsm/pipe_tid[5]_i_3/O
                         net (fo=174, routed)         3.493     5.792    u_iv_top/u_arb_fsm/s_axis_tdata[130]
    SLICE_X57Y130        LUT5 (Prop_lut5_I1_O)        0.097     5.889 r  u_iv_top/u_arb_fsm/fifo_mem[191][37]_i_3/O
                         net (fo=64, routed)          1.816     7.704    u_iv_top/u_arb_fsm/fifo_mem[191][37]_i_3_n_0
    SLICE_X44Y144        LUT6 (Prop_lut6_I5_O)        0.097     7.801 r  u_iv_top/u_arb_fsm/fifo_mem[174][37]_i_1/O
                         net (fo=38, routed)          3.057    10.859    u_iv_top_n_209
    SLICE_X74Y99         FDRE                                         r  fifo_mem_reg[174][13]/CE
  -------------------------------------------------------------------    -------------------

                         (clock aclk rise edge)       0.000     0.000 r  
                                                      0.000     0.000 r  aclk (IN)
                         net (fo=36115, unset)        1.278     1.278    aclk
    SLICE_X74Y99         FDRE                                         r  fifo_mem_reg[174][13]/C

Slack:                    inf
  Source:                 s_axis_tdata[128]
                            (input port)
  Destination:            fifo_mem_reg[189][11]/CE
                            (rising edge-triggered cell FDRE clocked by aclk  {rise@0.000ns fall@4.000ns period=8.000ns})
  Path Group:             (none)
  Path Type:              Setup (Max at Slow Process Corner)
  Data Path Delay:        10.847ns  (logic 0.485ns (4.471%)  route 10.362ns (95.529%))
  Logic Levels:           5  (LUT4=2 LUT5=2 LUT6=1)
  Clock Path Skew:        1.266ns (DCD - SCD + CPR)
    Destination Clock Delay (DCD):    1.266ns
    Source Clock Delay      (SCD):    0.000ns
    Clock Pessimism Removal (CPR):    0.000ns
  Clock Uncertainty:      0.025ns  ((TSJ^2 + TIJ^2)^1/2 + DJ) / 2 + PE
    Total System Jitter     (TSJ):    0.050ns
    Total Input Jitter      (TIJ):    0.000ns
    Discrete Jitter          (DJ):    0.000ns
    Phase Error              (PE):    0.000ns

    Location             Delay type                Incr(ns)  Path(ns)    Netlist Resource(s)
  -------------------------------------------------------------------    -------------------
                                                      0.000     0.000 r  s_axis_tdata[128] (IN)
                         net (fo=1, unset)            0.704     0.704    u_iv_top/u_arb_fsm/s_axis_tdata[0]
    SLICE_X84Y86         LUT4 (Prop_lut4_I3_O)        0.097     0.801 r  u_iv_top/u_arb_fsm/pipe_tid[5]_i_9/O
                         net (fo=1, routed)           0.648     1.449    u_iv_top/u_arb_fsm/pipe_tid[5]_i_9_n_0
    SLICE_X84Y86         LUT5 (Prop_lut5_I4_O)        0.097     1.546 r  u_iv_top/u_arb_fsm/pipe_tid[5]_i_5/O
                         net (fo=1, routed)           0.655     2.201    u_iv_top/u_arb_fsm/pipe_tid[5]_i_5_n_0
    SLICE_X74Y90         LUT4 (Prop_lut4_I1_O)        0.097     2.298 r  u_iv_top/u_arb_fsm/pipe_tid[5]_i_3/O
                         net (fo=174, routed)         3.493     5.792    u_iv_top/u_arb_fsm/s_axis_tdata[130]
    SLICE_X57Y130        LUT5 (Prop_lut5_I1_O)        0.097     5.889 r  u_iv_top/u_arb_fsm/fifo_mem[191][37]_i_3/O
                         net (fo=64, routed)          1.607     7.496    u_iv_top/u_arb_fsm/fifo_mem[191][37]_i_3_n_0
    SLICE_X50Y144        LUT6 (Prop_lut6_I5_O)        0.097     7.593 r  u_iv_top/u_arb_fsm/fifo_mem[189][37]_i_1/O
                         net (fo=38, routed)          3.254    10.847    u_iv_top_n_135
    SLICE_X81Y99         FDRE                                         r  fifo_mem_reg[189][11]/CE
  -------------------------------------------------------------------    -------------------

                         (clock aclk rise edge)       0.000     0.000 r  
                                                      0.000     0.000 r  aclk (IN)
                         net (fo=36115, unset)        1.266     1.266    aclk
    SLICE_X81Y99         FDRE                                         r  fifo_mem_reg[189][11]/C

Slack:                    inf
  Source:                 s_axis_tdata[128]
                            (input port)
  Destination:            fifo_mem_reg[189][13]/CE
                            (rising edge-triggered cell FDRE clocked by aclk  {rise@0.000ns fall@4.000ns period=8.000ns})
  Path Group:             (none)
  Path Type:              Setup (Max at Slow Process Corner)
  Data Path Delay:        10.847ns  (logic 0.485ns (4.471%)  route 10.362ns (95.529%))
  Logic Levels:           5  (LUT4=2 LUT5=2 LUT6=1)
  Clock Path Skew:        1.266ns (DCD - SCD + CPR)
    Destination Clock Delay (DCD):    1.266ns
    Source Clock Delay      (SCD):    0.000ns
    Clock Pessimism Removal (CPR):    0.000ns
  Clock Uncertainty:      0.025ns  ((TSJ^2 + TIJ^2)^1/2 + DJ) / 2 + PE
    Total System Jitter     (TSJ):    0.050ns
    Total Input Jitter      (TIJ):    0.000ns
    Discrete Jitter          (DJ):    0.000ns
    Phase Error              (PE):    0.000ns

    Location             Delay type                Incr(ns)  Path(ns)    Netlist Resource(s)
  -------------------------------------------------------------------    -------------------
                                                      0.000     0.000 r  s_axis_tdata[128] (IN)
                         net (fo=1, unset)            0.704     0.704    u_iv_top/u_arb_fsm/s_axis_tdata[0]
    SLICE_X84Y86         LUT4 (Prop_lut4_I3_O)        0.097     0.801 r  u_iv_top/u_arb_fsm/pipe_tid[5]_i_9/O
                         net (fo=1, routed)           0.648     1.449    u_iv_top/u_arb_fsm/pipe_tid[5]_i_9_n_0
    SLICE_X84Y86         LUT5 (Prop_lut5_I4_O)        0.097     1.546 r  u_iv_top/u_arb_fsm/pipe_tid[5]_i_5/O
                         net (fo=1, routed)           0.655     2.201    u_iv_top/u_arb_fsm/pipe_tid[5]_i_5_n_0
    SLICE_X74Y90         LUT4 (Prop_lut4_I1_O)        0.097     2.298 r  u_iv_top/u_arb_fsm/pipe_tid[5]_i_3/O
                         net (fo=174, routed)         3.493     5.792    u_iv_top/u_arb_fsm/s_axis_tdata[130]
    SLICE_X57Y130        LUT5 (Prop_lut5_I1_O)        0.097     5.889 r  u_iv_top/u_arb_fsm/fifo_mem[191][37]_i_3/O
                         net (fo=64, routed)          1.607     7.496    u_iv_top/u_arb_fsm/fifo_mem[191][37]_i_3_n_0
    SLICE_X50Y144        LUT6 (Prop_lut6_I5_O)        0.097     7.593 r  u_iv_top/u_arb_fsm/fifo_mem[189][37]_i_1/O
                         net (fo=38, routed)          3.254    10.847    u_iv_top_n_135
    SLICE_X81Y99         FDRE                                         r  fifo_mem_reg[189][13]/CE
  -------------------------------------------------------------------    -------------------

                         (clock aclk rise edge)       0.000     0.000 r  
                                                      0.000     0.000 r  aclk (IN)
                         net (fo=36115, unset)        1.266     1.266    aclk
    SLICE_X81Y99         FDRE                                         r  fifo_mem_reg[189][13]/C





Min Delay Paths
--------------------------------------------------------------------------------------
Slack:                    inf
  Source:                 s_axis_tdata[96]
                            (input port)
  Destination:            u_iv_top/cordic_inst/cordic_pipeline[0].m_pipe_reg[1]/D
                            (rising edge-triggered cell FDCE clocked by aclk  {rise@0.000ns fall@4.000ns period=8.000ns})
  Path Group:             (none)
  Path Type:              Hold (Min at Fast Process Corner)
  Data Path Delay:        0.411ns  (logic 0.000ns (0.000%)  route 0.411ns (100.000%))
  Logic Levels:           0  
  Clock Path Skew:        0.898ns (DCD - SCD - CPR)
    Destination Clock Delay (DCD):    0.898ns
    Source Clock Delay      (SCD):    0.000ns
    Clock Pessimism Removal (CPR):    -0.000ns

    Location             Delay type                Incr(ns)  Path(ns)    Netlist Resource(s)
  -------------------------------------------------------------------    -------------------
                                                      0.000     0.000 r  s_axis_tdata[96] (IN)
                         net (fo=85, unset)           0.411     0.411    u_iv_top/cordic_inst/s_axis_tdata[96]
    SLICE_X22Y102        FDCE                                         r  u_iv_top/cordic_inst/cordic_pipeline[0].m_pipe_reg[1]/D
  -------------------------------------------------------------------    -------------------

                         (clock aclk rise edge)       0.000     0.000 r  
                                                      0.000     0.000 r  aclk (IN)
                         net (fo=36115, unset)        0.898     0.898    u_iv_top/cordic_inst/aclk
    SLICE_X22Y102        FDCE                                         r  u_iv_top/cordic_inst/cordic_pipeline[0].m_pipe_reg[1]/C

Slack:                    inf
  Source:                 s_axis_tdata[160]
                            (input port)
  Destination:            u_iv_top/cordic_tid_gen[17].tid_pipe_cordic_reg[18][0]_srl18_u_iv_top_u_bs_datapath_u_ln_divider_div_stage_c_14/D
                            (rising edge-triggered cell SRLC32E clocked by aclk  {rise@0.000ns fall@4.000ns period=8.000ns})
  Path Group:             (none)
  Path Type:              Hold (Min at Fast Process Corner)
  Data Path Delay:        0.411ns  (logic 0.000ns (0.000%)  route 0.411ns (100.000%))
  Logic Levels:           0  
  Clock Path Skew:        0.850ns (DCD - SCD - CPR)
    Destination Clock Delay (DCD):    0.850ns
    Source Clock Delay      (SCD):    0.000ns
    Clock Pessimism Removal (CPR):    -0.000ns

    Location             Delay type                Incr(ns)  Path(ns)    Netlist Resource(s)
  -------------------------------------------------------------------    -------------------
                                                      0.000     0.000 r  s_axis_tdata[160] (IN)
                         net (fo=277, unset)          0.411     0.411    u_iv_top/s_axis_tdata[160]
    SLICE_X56Y133        SRLC32E                                      r  u_iv_top/cordic_tid_gen[17].tid_pipe_cordic_reg[18][0]_srl18_u_iv_top_u_bs_datapath_u_ln_divider_div_stage_c_14/D
  -------------------------------------------------------------------    -------------------

                         (clock aclk rise edge)       0.000     0.000 r  
                                                      0.000     0.000 r  aclk (IN)
                         net (fo=36115, unset)        0.850     0.850    u_iv_top/aclk
    SLICE_X56Y133        SRLC32E                                      r  u_iv_top/cordic_tid_gen[17].tid_pipe_cordic_reg[18][0]_srl18_u_iv_top_u_bs_datapath_u_ln_divider_div_stage_c_14/CLK

Slack:                    inf
  Source:                 s_axis_tdata[161]
                            (input port)
  Destination:            u_iv_top/cordic_tid_gen[17].tid_pipe_cordic_reg[18][1]_srl18_u_iv_top_u_bs_datapath_u_ln_divider_div_stage_c_14/D
                            (rising edge-triggered cell SRLC32E clocked by aclk  {rise@0.000ns fall@4.000ns period=8.000ns})
  Path Group:             (none)
  Path Type:              Hold (Min at Fast Process Corner)
  Data Path Delay:        0.411ns  (logic 0.000ns (0.000%)  route 0.411ns (100.000%))
  Logic Levels:           0  
  Clock Path Skew:        0.850ns (DCD - SCD - CPR)
    Destination Clock Delay (DCD):    0.850ns
    Source Clock Delay      (SCD):    0.000ns
    Clock Pessimism Removal (CPR):    -0.000ns

    Location             Delay type                Incr(ns)  Path(ns)    Netlist Resource(s)
  -------------------------------------------------------------------    -------------------
                                                      0.000     0.000 r  s_axis_tdata[161] (IN)
                         net (fo=277, unset)          0.411     0.411    u_iv_top/s_axis_tdata[161]
    SLICE_X56Y133        SRLC32E                                      r  u_iv_top/cordic_tid_gen[17].tid_pipe_cordic_reg[18][1]_srl18_u_iv_top_u_bs_datapath_u_ln_divider_div_stage_c_14/D
  -------------------------------------------------------------------    -------------------

                         (clock aclk rise edge)       0.000     0.000 r  
                                                      0.000     0.000 r  aclk (IN)
                         net (fo=36115, unset)        0.850     0.850    u_iv_top/aclk
    SLICE_X56Y133        SRLC32E                                      r  u_iv_top/cordic_tid_gen[17].tid_pipe_cordic_reg[18][1]_srl18_u_iv_top_u_bs_datapath_u_ln_divider_div_stage_c_14/CLK

Slack:                    inf
  Source:                 s_axis_tdata[162]
                            (input port)
  Destination:            u_iv_top/cordic_tid_gen[17].tid_pipe_cordic_reg[18][2]_srl18_u_iv_top_u_bs_datapath_u_ln_divider_div_stage_c_14/D
                            (rising edge-triggered cell SRLC32E clocked by aclk  {rise@0.000ns fall@4.000ns period=8.000ns})
  Path Group:             (none)
  Path Type:              Hold (Min at Fast Process Corner)
  Data Path Delay:        0.411ns  (logic 0.000ns (0.000%)  route 0.411ns (100.000%))
  Logic Levels:           0  
  Clock Path Skew:        0.850ns (DCD - SCD - CPR)
    Destination Clock Delay (DCD):    0.850ns
    Source Clock Delay      (SCD):    0.000ns
    Clock Pessimism Removal (CPR):    -0.000ns

    Location             Delay type                Incr(ns)  Path(ns)    Netlist Resource(s)
  -------------------------------------------------------------------    -------------------
                                                      0.000     0.000 r  s_axis_tdata[162] (IN)
                         net (fo=277, unset)          0.411     0.411    u_iv_top/s_axis_tdata[162]
    SLICE_X56Y133        SRLC32E                                      r  u_iv_top/cordic_tid_gen[17].tid_pipe_cordic_reg[18][2]_srl18_u_iv_top_u_bs_datapath_u_ln_divider_div_stage_c_14/D
  -------------------------------------------------------------------    -------------------

                         (clock aclk rise edge)       0.000     0.000 r  
                                                      0.000     0.000 r  aclk (IN)
                         net (fo=36115, unset)        0.850     0.850    u_iv_top/aclk
    SLICE_X56Y133        SRLC32E                                      r  u_iv_top/cordic_tid_gen[17].tid_pipe_cordic_reg[18][2]_srl18_u_iv_top_u_bs_datapath_u_ln_divider_div_stage_c_14/CLK

Slack:                    inf
  Source:                 s_axis_tdata[163]
                            (input port)
  Destination:            u_iv_top/cordic_tid_gen[17].tid_pipe_cordic_reg[18][3]_srl18_u_iv_top_u_bs_datapath_u_ln_divider_div_stage_c_14/D
                            (rising edge-triggered cell SRLC32E clocked by aclk  {rise@0.000ns fall@4.000ns period=8.000ns})
  Path Group:             (none)
  Path Type:              Hold (Min at Fast Process Corner)
  Data Path Delay:        0.411ns  (logic 0.000ns (0.000%)  route 0.411ns (100.000%))
  Logic Levels:           0  
  Clock Path Skew:        0.850ns (DCD - SCD - CPR)
    Destination Clock Delay (DCD):    0.850ns
    Source Clock Delay      (SCD):    0.000ns
    Clock Pessimism Removal (CPR):    -0.000ns

    Location             Delay type                Incr(ns)  Path(ns)    Netlist Resource(s)
  -------------------------------------------------------------------    -------------------
                                                      0.000     0.000 r  s_axis_tdata[163] (IN)
                         net (fo=277, unset)          0.411     0.411    u_iv_top/s_axis_tdata[163]
    SLICE_X56Y133        SRLC32E                                      r  u_iv_top/cordic_tid_gen[17].tid_pipe_cordic_reg[18][3]_srl18_u_iv_top_u_bs_datapath_u_ln_divider_div_stage_c_14/D
  -------------------------------------------------------------------    -------------------

                         (clock aclk rise edge)       0.000     0.000 r  
                                                      0.000     0.000 r  aclk (IN)
                         net (fo=36115, unset)        0.850     0.850    u_iv_top/aclk
    SLICE_X56Y133        SRLC32E                                      r  u_iv_top/cordic_tid_gen[17].tid_pipe_cordic_reg[18][3]_srl18_u_iv_top_u_bs_datapath_u_ln_divider_div_stage_c_14/CLK

Slack:                    inf
  Source:                 s_axis_tdata[164]
                            (input port)
  Destination:            u_iv_top/cordic_tid_gen[17].tid_pipe_cordic_reg[18][4]_srl18_u_iv_top_u_bs_datapath_u_ln_divider_div_stage_c_14/D
                            (rising edge-triggered cell SRLC32E clocked by aclk  {rise@0.000ns fall@4.000ns period=8.000ns})
  Path Group:             (none)
  Path Type:              Hold (Min at Fast Process Corner)
  Data Path Delay:        0.411ns  (logic 0.000ns (0.000%)  route 0.411ns (100.000%))
  Logic Levels:           0  
  Clock Path Skew:        0.853ns (DCD - SCD - CPR)
    Destination Clock Delay (DCD):    0.853ns
    Source Clock Delay      (SCD):    0.000ns
    Clock Pessimism Removal (CPR):    -0.000ns

    Location             Delay type                Incr(ns)  Path(ns)    Netlist Resource(s)
  -------------------------------------------------------------------    -------------------
                                                      0.000     0.000 r  s_axis_tdata[164] (IN)
                         net (fo=277, unset)          0.411     0.411    u_iv_top/s_axis_tdata[164]
    SLICE_X60Y110        SRLC32E                                      r  u_iv_top/cordic_tid_gen[17].tid_pipe_cordic_reg[18][4]_srl18_u_iv_top_u_bs_datapath_u_ln_divider_div_stage_c_14/D
  -------------------------------------------------------------------    -------------------

                         (clock aclk rise edge)       0.000     0.000 r  
                                                      0.000     0.000 r  aclk (IN)
                         net (fo=36115, unset)        0.853     0.853    u_iv_top/aclk
    SLICE_X60Y110        SRLC32E                                      r  u_iv_top/cordic_tid_gen[17].tid_pipe_cordic_reg[18][4]_srl18_u_iv_top_u_bs_datapath_u_ln_divider_div_stage_c_14/CLK

Slack:                    inf
  Source:                 s_axis_tdata[165]
                            (input port)
  Destination:            u_iv_top/cordic_tid_gen[17].tid_pipe_cordic_reg[18][5]_srl18_u_iv_top_u_bs_datapath_u_ln_divider_div_stage_c_14/D
                            (rising edge-triggered cell SRLC32E clocked by aclk  {rise@0.000ns fall@4.000ns period=8.000ns})
  Path Group:             (none)
  Path Type:              Hold (Min at Fast Process Corner)
  Data Path Delay:        0.411ns  (logic 0.000ns (0.000%)  route 0.411ns (100.000%))
  Logic Levels:           0  
  Clock Path Skew:        0.853ns (DCD - SCD - CPR)
    Destination Clock Delay (DCD):    0.853ns
    Source Clock Delay      (SCD):    0.000ns
    Clock Pessimism Removal (CPR):    -0.000ns

    Location             Delay type                Incr(ns)  Path(ns)    Netlist Resource(s)
  -------------------------------------------------------------------    -------------------
                                                      0.000     0.000 r  s_axis_tdata[165] (IN)
                         net (fo=277, unset)          0.411     0.411    u_iv_top/s_axis_tdata[165]
    SLICE_X60Y110        SRLC32E                                      r  u_iv_top/cordic_tid_gen[17].tid_pipe_cordic_reg[18][5]_srl18_u_iv_top_u_bs_datapath_u_ln_divider_div_stage_c_14/D
  -------------------------------------------------------------------    -------------------

                         (clock aclk rise edge)       0.000     0.000 r  
                                                      0.000     0.000 r  aclk (IN)
                         net (fo=36115, unset)        0.853     0.853    u_iv_top/aclk
    SLICE_X60Y110        SRLC32E                                      r  u_iv_top/cordic_tid_gen[17].tid_pipe_cordic_reg[18][5]_srl18_u_iv_top_u_bs_datapath_u_ln_divider_div_stage_c_14/CLK

Slack:                    inf
  Source:                 s_axis_tdata[64]
                            (input port)
  Destination:            u_iv_top/ctx_C_reg_0_63_0_2/RAMA/I
                            (rising edge-triggered cell RAMD64E clocked by aclk  {rise@0.000ns fall@4.000ns period=8.000ns})
  Path Group:             (none)
  Path Type:              Hold (Min at Fast Process Corner)
  Data Path Delay:        0.411ns  (logic 0.000ns (0.000%)  route 0.411ns (100.000%))
  Logic Levels:           0  
  Clock Path Skew:        0.918ns (DCD - SCD - CPR)
    Destination Clock Delay (DCD):    0.918ns
    Source Clock Delay      (SCD):    0.000ns
    Clock Pessimism Removal (CPR):    -0.000ns

    Location             Delay type                Incr(ns)  Path(ns)    Netlist Resource(s)
  -------------------------------------------------------------------    -------------------
                                                      0.000     0.000 r  s_axis_tdata[64] (IN)
                         net (fo=2, unset)            0.411     0.411    u_iv_top/ctx_C_reg_0_63_0_2/DIA
    SLICE_X62Y64         RAMD64E                                      r  u_iv_top/ctx_C_reg_0_63_0_2/RAMA/I
  -------------------------------------------------------------------    -------------------

                         (clock aclk rise edge)       0.000     0.000 r  
                                                      0.000     0.000 r  aclk (IN)
                         net (fo=36115, unset)        0.918     0.918    u_iv_top/ctx_C_reg_0_63_0_2/WCLK
    SLICE_X62Y64         RAMD64E                                      r  u_iv_top/ctx_C_reg_0_63_0_2/RAMA/CLK

Slack:                    inf
  Source:                 s_axis_tdata[160]
                            (input port)
  Destination:            u_iv_top/ctx_C_reg_0_63_0_2/RAMA/WADR0
                            (rising edge-triggered cell RAMD64E clocked by aclk  {rise@0.000ns fall@4.000ns period=8.000ns})
  Path Group:             (none)
  Path Type:              Hold (Min at Fast Process Corner)
  Data Path Delay:        0.411ns  (logic 0.000ns (0.000%)  route 0.411ns (100.000%))
  Logic Levels:           0  
  Clock Path Skew:        0.918ns (DCD - SCD - CPR)
    Destination Clock Delay (DCD):    0.918ns
    Source Clock Delay      (SCD):    0.000ns
    Clock Pessimism Removal (CPR):    -0.000ns

    Location             Delay type                Incr(ns)  Path(ns)    Netlist Resource(s)
  -------------------------------------------------------------------    -------------------
                                                      0.000     0.000 r  s_axis_tdata[160] (IN)
                         net (fo=277, unset)          0.411     0.411    u_iv_top/ctx_C_reg_0_63_0_2/ADDRD0
    SLICE_X62Y64         RAMD64E                                      r  u_iv_top/ctx_C_reg_0_63_0_2/RAMA/WADR0
  -------------------------------------------------------------------    -------------------

                         (clock aclk rise edge)       0.000     0.000 r  
                                                      0.000     0.000 r  aclk (IN)
                         net (fo=36115, unset)        0.918     0.918    u_iv_top/ctx_C_reg_0_63_0_2/WCLK
    SLICE_X62Y64         RAMD64E                                      r  u_iv_top/ctx_C_reg_0_63_0_2/RAMA/CLK

Slack:                    inf
  Source:                 s_axis_tdata[161]
                            (input port)
  Destination:            u_iv_top/ctx_C_reg_0_63_0_2/RAMA/WADR1
                            (rising edge-triggered cell RAMD64E clocked by aclk  {rise@0.000ns fall@4.000ns period=8.000ns})
  Path Group:             (none)
  Path Type:              Hold (Min at Fast Process Corner)
  Data Path Delay:        0.411ns  (logic 0.000ns (0.000%)  route 0.411ns (100.000%))
  Logic Levels:           0  
  Clock Path Skew:        0.918ns (DCD - SCD - CPR)
    Destination Clock Delay (DCD):    0.918ns
    Source Clock Delay      (SCD):    0.000ns
    Clock Pessimism Removal (CPR):    -0.000ns

    Location             Delay type                Incr(ns)  Path(ns)    Netlist Resource(s)
  -------------------------------------------------------------------    -------------------
                                                      0.000     0.000 r  s_axis_tdata[161] (IN)
                         net (fo=277, unset)          0.411     0.411    u_iv_top/ctx_C_reg_0_63_0_2/ADDRD1
    SLICE_X62Y64         RAMD64E                                      r  u_iv_top/ctx_C_reg_0_63_0_2/RAMA/WADR1
  -------------------------------------------------------------------    -------------------

                         (clock aclk rise edge)       0.000     0.000 r  
                                                      0.000     0.000 r  aclk (IN)
                         net (fo=36115, unset)        0.918     0.918    u_iv_top/ctx_C_reg_0_63_0_2/WCLK
    SLICE_X62Y64         RAMD64E                                      r  u_iv_top/ctx_C_reg_0_63_0_2/RAMA/CLK





